chr,k,period,mean_log_w,mean_power_over_null,frac_samples_w_gt3,w_mask,frac_w_gt3_GSE130970,frac_w_gt3_GSE135251,frac_w_gt3_GSE162694,universal
1,1,2066.0,-1.3356,0.4684,0.0023,0.6548,0.0,0.0,0.007,False
1,2,1033.0,0.9773,4.7329,0.5698,2.1582,0.4872,0.6157,0.5455,False
1,3,688.6667,0.0522,1.8766,0.0343,1.4949,0.0128,0.0417,0.035,False
1,4,516.5,0.2982,2.3999,0.0137,0.1017,0.0,0.0046,0.035,False
1,5,413.2,0.9132,4.439,0.27,0.4033,0.2692,0.2917,0.2378,False
1,6,344.3333,-0.2033,1.4534,0.0,0.5941,0.0,0.0,0.0,False
1,7,295.1429,0.0179,1.8133,0.0,1.5064,0.0,0.0,0.0,False
1,8,258.25,0.0075,1.7945,0.0,2.3107,0.0,0.0,0.0,False
1,9,229.5556,-3.1794,0.0741,0.0,0.2835,0.0,0.0,0.0,False
1,10,206.6,-0.4936,1.0872,0.0,5.3451,0.0,0.0,0.0,False
1,11,187.8182,0.6914,3.5559,0.2151,1.6828,0.0897,0.2639,0.2098,False
1,12,172.1667,-1.028,0.6371,0.0,3.1436,0.0,0.0,0.0,False
1,13,158.9231,-0.3596,1.2431,0.0,4.4479,0.0,0.0,0.0,False
1,14,147.5714,-1.2311,0.52,0.0137,0.928,0.0,0.0185,0.014,False
1,15,137.7333,-0.8366,0.7715,0.0,1.2682,0.0,0.0,0.0,False
1,16,129.125,-1.3166,0.4774,0.0,2.4485,0.0,0.0,0.0,False
1,17,121.5294,-0.5568,1.0206,0.0,0.1703,0.0,0.0,0.0,False
1,18,114.7778,-0.6837,0.899,0.0,1.7679,0.0,0.0,0.0,False
1,19,108.7368,0.0138,1.8058,0.0,0.4622,0.0,0.0,0.0,False
1,20,103.3,-3.1633,0.0753,0.0,2.3149,0.0,0.0,0.0,False
1,21,98.381,-1.0446,0.6266,0.0,1.4745,0.0,0.0,0.0,False
1,22,93.9091,-0.4805,1.1016,0.0,3.4132,0.0,0.0,0.0,False
1,23,89.8261,-1.9077,0.2643,0.0,3.9616,0.0,0.0,0.0,False
1,24,86.0833,0.1488,2.0669,0.0,0.9308,0.0,0.0,0.0,False
1,25,82.64,-0.5091,1.0705,0.0,1.5763,0.0,0.0,0.0,False
1,26,79.4615,-0.3944,1.2006,0.0,0.1496,0.0,0.0,0.0,False
1,27,76.5185,-0.9515,0.6878,0.0,0.0816,0.0,0.0,0.0,False
1,28,73.7857,-0.0179,1.7495,0.0,1.048,0.0,0.0,0.0,False
1,29,71.2414,0.1979,2.1709,0.0,0.6081,0.0,0.0,0.0,False
1,30,68.8667,-1.0527,0.6216,0.0,1.6732,0.0,0.0,0.0,False
1,31,66.6452,-1.946,0.2544,0.0,0.5604,0.0,0.0,0.0,False
1,32,64.5625,-0.8435,0.7663,0.0,0.9196,0.0,0.0,0.0,False
1,33,62.6061,1.0447,5.0626,0.4508,0.9705,0.5,0.4167,0.4755,False
1,34,60.7647,-1.41,0.4348,0.0,0.5532,0.0,0.0,0.0,False
1,35,59.0286,-1.9575,0.2515,0.0,0.2707,0.0,0.0,0.0,False
1,36,57.3889,-0.929,0.7034,0.0,0.6942,0.0,0.0,0.0,False
1,37,55.8378,-1.1322,0.5741,0.0,1.0674,0.0,0.0,0.0,False
1,38,54.3684,1.2927,6.4876,0.8787,0.3283,0.9487,0.8472,0.8881,False
1,39,52.9744,0.188,2.1495,0.0069,0.6219,0.0,0.0093,0.007,False
1,40,51.65,0.5059,2.954,0.0,1.3506,0.0,0.0,0.0,False
1,41,50.3902,-2.0048,0.2399,0.0,0.1468,0.0,0.0,0.0,False
1,42,49.1905,-0.6475,0.9321,0.0,0.0478,0.0,0.0,0.0,False
1,43,48.0465,-0.819,0.7852,0.0,0.087,0.0,0.0,0.0,False
1,44,46.9545,-2.1575,0.2059,0.0,1.5177,0.0,0.0,0.0,False
1,45,45.9111,0.1099,1.9879,0.0092,1.1043,0.0,0.0185,0.0,False
1,46,44.913,-2.2461,0.1885,0.0,0.2554,0.0,0.0,0.0,False
1,47,43.9574,0.2709,2.3352,0.0,0.1491,0.0,0.0,0.0,False
1,48,43.0417,-0.0208,1.7444,0.0,1.4494,0.0,0.0,0.0,False
1,49,42.1633,1.5114,8.0738,0.9634,0.4541,0.9872,0.9676,0.9441,True
1,50,41.32,0.2437,2.2725,0.0,0.0958,0.0,0.0,0.0,False
1,51,40.5098,0.5192,2.9933,0.0069,2.488,0.0128,0.0,0.014,False
1,52,39.7308,-0.3432,1.2637,0.0,0.1225,0.0,0.0,0.0,False
1,53,38.9811,-1.8649,0.2759,0.0,0.4451,0.0,0.0,0.0,False
1,54,38.2593,-1.9449,0.2547,0.0,1.0574,0.0,0.0,0.0,False
1,55,37.5636,-0.9414,0.6947,0.0,0.3632,0.0,0.0,0.0,False
1,56,36.8929,0.805,3.9839,0.0481,1.6462,0.0128,0.0741,0.028,False
1,57,36.2456,-0.5537,1.0238,0.0,0.2135,0.0,0.0,0.0,False
1,58,35.6207,-0.0902,1.6274,0.0,0.1265,0.0,0.0,0.0,False
1,59,35.0169,0.2449,2.2752,0.0092,0.1919,0.0,0.0139,0.007,False
1,60,34.4333,-0.1757,1.4941,0.0,0.4635,0.0,0.0,0.0,False
1,61,33.8689,-0.9818,0.6673,0.0,1.0304,0.0,0.0,0.0,False
1,62,33.3226,-0.6113,0.9665,0.0,0.7739,0.0,0.0,0.0,False
1,63,32.7937,-0.7658,0.8281,0.0,0.085,0.0,0.0,0.0,False
1,64,32.2812,-1.401,0.4387,0.0,0.9014,0.0,0.0,0.0,False
1,65,31.7846,-0.1232,1.5746,0.0,0.5925,0.0,0.0,0.0,False
1,66,31.303,-0.1566,1.5229,0.0,0.8786,0.0,0.0,0.0,False
1,67,30.8358,-1.6995,0.3255,0.0,0.8474,0.0,0.0,0.0,False
1,68,30.3824,-2.341,0.1714,0.0,2.1523,0.0,0.0,0.0,False
1,69,29.942,0.4038,2.6672,0.0297,1.1571,0.0,0.0093,0.0769,False
1,70,29.5143,1.4642,7.7012,0.9771,0.1833,1.0,0.9537,1.0,True
1,71,29.0986,0.975,4.7221,0.3272,3.5786,0.3462,0.2546,0.4266,False
1,72,28.6944,-2.0248,0.2351,0.0,0.9571,0.0,0.0,0.0,False
1,73,28.3014,0.4826,2.8859,0.0206,0.1487,0.0128,0.0278,0.014,False
1,74,27.9189,0.2895,2.379,0.0,1.3688,0.0,0.0,0.0,False
1,75,27.5467,-2.0243,0.2353,0.0,0.1794,0.0,0.0,0.0,False
1,76,27.1842,-0.7691,0.8254,0.0,0.474,0.0,0.0,0.0,False
1,77,26.8312,-2.4856,0.1483,0.0,0.1967,0.0,0.0,0.0,False
1,78,26.4872,0.6303,3.345,0.0412,0.2158,0.0128,0.0694,0.014,False
1,79,26.1519,-2.587,0.134,0.0,1.0088,0.0,0.0,0.0,False
1,80,25.825,-1.3043,0.4833,0.0,0.5001,0.0,0.0,0.0,False
1,81,25.5062,-1.454,0.4161,0.0,0.9814,0.0,0.0,0.0,False
1,82,25.1951,0.5654,3.135,0.0412,0.0929,0.0,0.0741,0.014,False
1,83,24.8916,-2.7965,0.1087,0.0,0.93,0.0,0.0,0.0,False
1,84,24.5952,-2.0831,0.2218,0.0,0.8513,0.0,0.0,0.0,False
1,85,24.3059,-1.3671,0.4539,0.0,0.2992,0.0,0.0,0.0,False
1,86,24.0233,0.4347,2.751,0.0092,1.2186,0.0,0.0,0.028,False
1,87,23.7471,0.1445,2.0579,0.0,0.3991,0.0,0.0,0.0,False
1,88,23.4773,-1.2741,0.4981,0.0,0.1907,0.0,0.0,0.0,False
1,89,23.2135,0.2826,2.3628,0.0,0.0839,0.0,0.0,0.0,False
1,90,22.9556,1.4443,7.5495,0.9588,0.0978,0.9872,0.9676,0.9301,True
1,91,22.7033,0.5053,2.952,0.0114,0.4852,0.0,0.0139,0.014,False
1,92,22.4565,1.0698,5.1916,0.4874,0.0764,0.5513,0.4213,0.5524,False
1,93,22.2151,-1.1363,0.5717,0.0023,0.0223,0.0,0.0046,0.0,False
1,94,21.9787,-1.1642,0.556,0.0,0.9953,0.0,0.0,0.0,False
1,95,21.7474,-0.5909,0.9864,0.0,1.5438,0.0,0.0,0.0,False
1,96,21.5208,0.672,3.4878,0.0458,1.1488,0.0128,0.0694,0.028,False
1,97,21.299,0.2388,2.2616,0.0,0.1802,0.0,0.0,0.0,False
1,98,21.0816,-0.6499,0.9299,0.0,1.3812,0.0,0.0,0.0,False
1,99,20.8687,-0.1126,1.5915,0.0,0.713,0.0,0.0,0.0,False
1,100,20.66,1.0233,4.9554,0.4691,0.2939,0.4744,0.4537,0.4895,False
1,101,20.4554,-1.851,0.2798,0.0,0.6894,0.0,0.0,0.0,False
1,102,20.2549,-2.4703,0.1506,0.0,1.7093,0.0,0.0,0.0,False
1,103,20.0583,-0.8123,0.7905,0.0,0.0179,0.0,0.0,0.0,False
1,104,19.8654,-0.2276,1.4185,0.0,0.3004,0.0,0.0,0.0,False
1,105,19.6762,1.0019,4.8505,0.3066,0.3188,0.3462,0.3056,0.2867,False
1,106,19.4906,0.0883,1.9455,0.0,0.3991,0.0,0.0,0.0,False
1,107,19.3084,-0.7528,0.839,0.0,0.2067,0.0,0.0,0.0,False
1,108,19.1296,-0.9888,0.6626,0.0,1.495,0.0,0.0,0.0,False
1,109,18.9541,-1.4165,0.432,0.0,0.1108,0.0,0.0,0.0,False
1,110,18.7818,-1.9403,0.2559,0.0,0.0328,0.0,0.0,0.0,False
1,111,18.6126,0.923,4.4826,0.2288,0.2189,0.2179,0.2546,0.1958,False
1,112,18.4464,0.4526,2.8005,0.0343,0.4968,0.0,0.0556,0.021,False
1,113,18.2832,-1.0551,0.6201,0.0,1.3047,0.0,0.0,0.0,False
1,114,18.1228,-0.5663,1.0109,0.0,0.1994,0.0,0.0,0.0,False
1,115,17.9652,-0.8973,0.7261,0.0,0.0182,0.0,0.0,0.0,False
1,116,17.8103,-0.893,0.7292,0.0,0.2461,0.0,0.0,0.0,False
1,117,17.6581,2.0562,13.9218,1.0,0.0443,1.0,1.0,1.0,True
1,118,17.5085,1.2132,5.9922,0.762,0.0345,0.8077,0.7269,0.7902,False
1,119,17.3613,-1.8495,0.2802,0.0,0.8359,0.0,0.0,0.0,False
1,120,17.2167,-0.8104,0.792,0.0,1.268,0.0,0.0,0.0,False
1,121,17.0744,-0.59,0.9873,0.0,0.4855,0.0,0.0,0.0,False
1,122,16.9344,1.4184,7.3569,0.8902,0.8465,0.9744,0.8611,0.8881,False
1,123,16.7967,0.8294,4.0821,0.1487,4.2856,0.0256,0.1991,0.1399,False
1,124,16.6613,-1.785,0.2989,0.0,1.3556,0.0,0.0,0.0,False
1,125,16.528,0.1952,2.1649,0.0046,0.4001,0.0,0.0046,0.007,False
1,126,16.3968,-2.5518,0.1388,0.0,3.2685,0.0,0.0,0.0,False
1,127,16.2677,-0.5627,1.0146,0.0,0.3508,0.0,0.0,0.0,False
1,128,16.1406,0.5405,3.058,0.0297,0.2894,0.0,0.0231,0.0559,False
1,129,16.0155,-0.0245,1.7379,0.0,0.5879,0.0,0.0,0.0,False
1,130,15.8923,0.0123,1.8032,0.0,0.2569,0.0,0.0,0.0,False
1,131,15.771,-1.9635,0.25,0.0,0.1239,0.0,0.0,0.0,False
1,132,15.6515,-1.2654,0.5025,0.0,1.0845,0.0,0.0,0.0,False
1,133,15.5338,-2.3163,0.1757,0.0,0.0876,0.0,0.0,0.0,False
1,134,15.4179,-0.9252,0.7061,0.0,0.2169,0.0,0.0,0.0,False
1,135,15.3037,-0.4571,1.1276,0.0023,0.7981,0.0,0.0046,0.0,False
1,136,15.1912,-0.5763,1.0009,0.0,1.1373,0.0,0.0,0.0,False
1,137,15.0803,-2.4554,0.1529,0.0,0.0831,0.0,0.0,0.0,False
1,138,14.971,-1.0099,0.6488,0.0,0.4678,0.0,0.0,0.0,False
1,139,14.8633,-2.0508,0.2291,0.0,0.0565,0.0,0.0,0.0,False
1,140,14.7571,-0.0164,1.7521,0.0023,0.4278,0.0,0.0046,0.0,False
1,141,14.6525,-2.7327,0.1158,0.0,3.4165,0.0,0.0,0.0,False
1,142,14.5493,-0.8695,0.7466,0.0,2.1681,0.0,0.0,0.0,False
1,143,14.4476,-1.7582,0.307,0.0,1.6331,0.0,0.0,0.0,False
1,144,14.3472,-1.1522,0.5627,0.0,0.7489,0.0,0.0,0.0,False
1,145,14.2483,0.3717,2.583,0.0023,0.1296,0.0,0.0046,0.0,False
1,146,14.1507,-0.6776,0.9045,0.0,0.306,0.0,0.0,0.0,False
1,147,14.0544,-1.0921,0.5976,0.0,0.2969,0.0,0.0,0.0,False
1,148,13.9595,-1.4844,0.4037,0.0,0.4092,0.0,0.0,0.0,False
1,149,13.8658,0.1367,2.042,0.0,0.6451,0.0,0.0,0.0,False
1,150,13.7733,1.1935,5.8751,0.6911,0.6433,0.7821,0.6528,0.6993,False
1,151,13.6821,-3.2065,0.0721,0.0,0.2277,0.0,0.0,0.0,False
1,152,13.5921,0.4723,2.8564,0.0046,0.6382,0.0,0.0093,0.0,False
1,153,13.5033,0.2709,2.3353,0.0092,0.3846,0.0,0.0185,0.0,False
1,154,13.4156,-0.7596,0.8333,0.0,0.5227,0.0,0.0,0.0,False
1,155,13.329,-0.1677,1.5061,0.0,1.0942,0.0,0.0,0.0,False
1,156,13.2436,1.663,9.3952,0.9863,0.5472,0.9872,0.9769,1.0,True
1,157,13.1592,-2.5873,0.134,0.0,0.9057,0.0,0.0,0.0,False
1,158,13.0759,-1.2807,0.4948,0.0,0.581,0.0,0.0,0.0,False
1,159,12.9937,0.1018,1.972,0.0,0.3019,0.0,0.0,0.0,False
1,160,12.9125,1.4714,7.757,0.9886,1.7131,1.0,0.9861,0.986,True
1,161,12.8323,0.2391,2.2621,0.0,0.4754,0.0,0.0,0.0,False
1,162,12.7531,-0.4513,1.1342,0.0,0.2066,0.0,0.0,0.0,False
1,163,12.6748,0.2875,2.3743,0.0046,0.129,0.0,0.0,0.014,False
1,164,12.5976,0.0303,1.8358,0.0,0.4112,0.0,0.0,0.0,False
1,165,12.5212,-0.16,1.5177,0.0,1.1714,0.0,0.0,0.0,False
1,166,12.4458,-0.1433,1.5433,0.0,1.2707,0.0,0.0,0.0,False
1,167,12.3713,0.234,2.2507,0.0,0.0187,0.0,0.0,0.0,False
1,168,12.2976,-1.0583,0.6181,0.0,0.4019,0.0,0.0,0.0,False
1,169,12.2249,-1.7058,0.3235,0.0,2.5148,0.0,0.0,0.0,False
1,170,12.1529,0.4135,2.6932,0.0069,1.4616,0.0,0.0139,0.0,False
1,171,12.0819,0.3049,2.4159,0.0046,0.2225,0.0,0.0046,0.007,False
1,172,12.0116,-2.7479,0.1141,0.0,1.6116,0.0,0.0,0.0,False
1,173,11.9422,-0.3704,1.2298,0.0,0.8074,0.0,0.0,0.0,False
1,174,11.8736,-0.4937,1.0871,0.0,0.6959,0.0,0.0,0.0,False
1,175,11.8057,-0.2189,1.4309,0.0,1.5092,0.0,0.0,0.0,False
1,176,11.7386,-2.6994,0.1198,0.0,0.4436,0.0,0.0,0.0,False
1,177,11.6723,1.1451,5.5974,0.5767,0.1856,0.7179,0.5324,0.5664,False
1,178,11.6067,-1.9296,0.2586,0.0,0.7744,0.0,0.0,0.0,False
1,179,11.5419,-2.1989,0.1976,0.0,0.1611,0.0,0.0,0.0,False
1,180,11.4778,-1.3011,0.4849,0.0,0.6329,0.0,0.0,0.0,False
1,181,11.4144,1.3941,7.1802,0.9268,0.0239,0.9872,0.8981,0.9371,True
1,182,11.3516,-1.0085,0.6496,0.0,3.7763,0.0,0.0,0.0,False
1,183,11.2896,-0.0585,1.6799,0.0,2.0937,0.0,0.0,0.0,False
1,184,11.2283,-1.9079,0.2643,0.0,0.2106,0.0,0.0,0.0,False
1,185,11.1676,-1.8598,0.2773,0.0,1.3874,0.0,0.0,0.0,False
1,186,11.1075,-1.0248,0.6392,0.0,0.6543,0.0,0.0,0.0,False
1,187,11.0481,-1.1958,0.5387,0.0,0.7455,0.0,0.0,0.0,False
1,188,10.9894,0.1878,2.1491,0.0,0.3628,0.0,0.0,0.0,False
1,189,10.9312,-0.9924,0.6602,0.0,2.0227,0.0,0.0,0.0,False
1,190,10.8737,-0.9684,0.6762,0.0,1.8195,0.0,0.0,0.0,False
1,191,10.8168,-0.7886,0.8095,0.0,5.5875,0.0,0.0,0.0,False
1,192,10.7604,-3.1973,0.0728,0.0,0.4335,0.0,0.0,0.0,False
1,193,10.7047,0.563,3.1276,0.0046,0.7824,0.0,0.0046,0.007,False
1,194,10.6495,0.2529,2.2935,0.0046,0.0144,0.0,0.0093,0.0,False
1,195,10.5949,-0.796,0.8035,0.0,0.0984,0.0,0.0,0.0,False
1,196,10.5408,-1.1663,0.5548,0.0,0.1667,0.0,0.0,0.0,False
1,197,10.4873,-2.3132,0.1762,0.0,0.8257,0.0,0.0,0.0,False
1,198,10.4343,0.5674,3.1412,0.0229,0.3864,0.0,0.0185,0.042,False
1,199,10.3819,-0.3339,1.2755,0.0,0.4167,0.0,0.0,0.0,False
1,200,10.33,1.0482,5.0805,0.4348,0.2923,0.4487,0.4398,0.4196,False
1,201,10.2786,0.5401,3.0567,0.016,5.3679,0.0,0.0324,0.0,False
1,202,10.2277,-2.213,0.1948,0.0,0.2225,0.0,0.0,0.0,False
1,203,10.1773,0.1032,1.9748,0.0,0.0182,0.0,0.0,0.0,False
1,204,10.1275,-1.603,0.3585,0.0,3.6335,0.0,0.0,0.0,False
1,205,10.078,-0.6132,0.9647,0.0,0.0894,0.0,0.0,0.0,False
1,206,10.0291,-1.5028,0.3963,0.0,1.2584,0.0,0.0,0.0,False
1,207,9.9807,1.4383,7.5047,0.9588,0.6977,0.9744,0.9583,0.951,True
1,208,9.9327,-0.1022,1.6081,0.0,1.5131,0.0,0.0,0.0,False
1,209,9.8852,-1.628,0.3497,0.0,3.2927,0.0,0.0,0.0,False
1,210,9.8381,-2.1591,0.2056,0.0,1.4524,0.0,0.0,0.0,False
1,211,9.7915,-1.8649,0.2759,0.0,1.074,0.0,0.0,0.0,False
1,212,9.7453,0.8166,4.0304,0.1007,1.5512,0.0513,0.1204,0.0979,False
1,213,9.6995,-0.5567,1.0207,0.0,1.4911,0.0,0.0,0.0,False
1,214,9.6542,0.964,4.6703,0.286,0.3,0.3205,0.2963,0.2517,False
1,215,9.6093,-0.9314,0.7018,0.0,0.2833,0.0,0.0,0.0,False
1,216,9.5648,0.3593,2.551,0.0069,0.0422,0.0,0.0139,0.0,False
1,217,9.5207,0.2065,2.1896,0.0,1.1518,0.0,0.0,0.0,False
1,218,9.4771,-1.1172,0.5828,0.0,2.3954,0.0,0.0,0.0,False
1,219,9.4338,-2.7755,0.111,0.0,0.2432,0.0,0.0,0.0,False
1,220,9.3909,-0.2442,1.3952,0.0,1.1309,0.0,0.0,0.0,False
1,221,9.3484,-1.5059,0.3951,0.0,0.2606,0.0,0.0,0.0,False
1,222,9.3063,-0.2201,1.4292,0.0,0.8265,0.0,0.0,0.0,False
1,223,9.2646,0.8134,4.0172,0.0709,0.3418,0.0385,0.0741,0.0839,False
1,224,9.2232,-1.9042,0.2653,0.0,0.2575,0.0,0.0,0.0,False
1,225,9.1822,0.2399,2.264,0.0069,0.2365,0.0,0.0046,0.014,False
1,226,9.1416,-1.9023,0.2658,0.0,1.7893,0.0,0.0,0.0,False
1,227,9.1013,-0.4754,1.1072,0.0,0.5029,0.0,0.0,0.0,False
1,228,9.0614,-0.193,1.4685,0.0,0.1189,0.0,0.0,0.0,False
1,229,9.0218,0.1115,1.9912,0.0,0.1575,0.0,0.0,0.0,False
1,230,8.9826,-0.1681,1.5055,0.0,0.6988,0.0,0.0,0.0,False
1,231,8.9437,-1.1102,0.5869,0.0,1.3542,0.0,0.0,0.0,False
1,232,8.9052,0.8789,4.2891,0.2197,1.0433,0.2179,0.2315,0.2028,False
1,233,8.867,-0.4402,1.1469,0.0,0.1454,0.0,0.0,0.0,False
1,234,8.8291,-1.1121,0.5857,0.0,0.0493,0.0,0.0,0.0,False
1,235,8.7915,-0.007,1.7687,0.0,0.177,0.0,0.0,0.0,False
1,236,8.7542,-2.7686,0.1118,0.0,2.0211,0.0,0.0,0.0,False
1,237,8.7173,0.0564,1.8845,0.0,0.4842,0.0,0.0,0.0,False
1,238,8.6807,0.2768,2.3492,0.0,0.9952,0.0,0.0,0.0,False
1,239,8.6444,-0.4863,1.0952,0.0,0.3232,0.0,0.0,0.0,False
1,240,8.6083,0.1812,2.135,0.0,1.0927,0.0,0.0,0.0,False
1,241,8.5726,-0.4184,1.1721,0.0,2.4247,0.0,0.0,0.0,False
1,242,8.5372,-0.1369,1.5532,0.0,0.7918,0.0,0.0,0.0,False
1,243,8.5021,-0.958,0.6833,0.0,0.0679,0.0,0.0,0.0,False
1,244,8.4672,-0.3943,1.2007,0.0,0.8685,0.0,0.0,0.0,False
1,245,8.4327,-0.4532,1.1321,0.0,0.6205,0.0,0.0,0.0,False
1,246,8.3984,0.3641,2.5633,0.0092,0.9674,0.0128,0.0046,0.014,False
1,247,8.3644,0.4663,2.839,0.0114,4.6072,0.0,0.0185,0.007,False
1,248,8.3306,-0.7149,0.8714,0.0,0.5402,0.0,0.0,0.0,False
1,249,8.2972,1.4451,7.5557,0.9703,0.3408,1.0,0.963,0.965,True
1,250,8.264,-0.1416,1.5459,0.0,0.5743,0.0,0.0,0.0,False
1,251,8.2311,-2.0995,0.2182,0.0023,0.8541,0.0,0.0046,0.0,False
1,252,8.1984,-2.6544,0.1253,0.0,0.4205,0.0,0.0,0.0,False
1,253,8.166,-0.8949,0.7279,0.0,1.1364,0.0,0.0,0.0,False
1,254,8.1339,0.4235,2.7203,0.0,0.5146,0.0,0.0,0.0,False
1,255,8.102,0.1508,2.0709,0.0,1.2567,0.0,0.0,0.0,False
1,256,8.0703,-0.136,1.5546,0.0,0.1508,0.0,0.0,0.0,False
1,257,8.0389,-0.516,1.0631,0.0,0.0555,0.0,0.0,0.0,False
1,258,8.0078,0.1987,2.1726,0.0046,1.3793,0.0,0.0093,0.0,False
1,259,7.9768,-0.1097,1.596,0.0,0.5818,0.0,0.0,0.0,False
1,260,7.9462,-1.4851,0.4034,0.0,2.7789,0.0,0.0,0.0,False
1,261,7.9157,-0.5511,1.0265,0.0069,0.1316,0.0,0.0139,0.0,False
1,262,7.8855,0.7251,3.6778,0.1144,0.1182,0.0513,0.162,0.0769,False
1,263,7.8555,0.1279,2.024,0.0,2.9662,0.0,0.0,0.0,False
1,264,7.8258,0.4608,2.8237,0.0137,1.17,0.0,0.0278,0.0,False
1,265,7.7962,-1.146,0.5662,0.0,1.0998,0.0,0.0,0.0,False
1,266,7.7669,-2.3989,0.1618,0.0,1.0128,0.0,0.0,0.0,False
1,267,7.7378,-0.3119,1.3039,0.0,1.3067,0.0,0.0,0.0,False
1,268,7.709,-0.2411,1.3996,0.0,0.5178,0.0,0.0,0.0,False
1,269,7.6803,-0.3338,1.2756,0.0,0.6781,0.0,0.0,0.0,False
1,270,7.6519,-1.4837,0.4039,0.0,0.5484,0.0,0.0,0.0,False
1,271,7.6236,-2.0014,0.2407,0.0,2.1772,0.0,0.0,0.0,False
1,272,7.5956,-1.3829,0.4468,0.0,0.5214,0.0,0.0,0.0,False
1,273,7.5678,-1.2246,0.5234,0.0,0.495,0.0,0.0,0.0,False
1,274,7.5401,-2.1272,0.2123,0.0,0.7823,0.0,0.0,0.0,False
1,275,7.5127,-0.1847,1.4806,0.0,0.0122,0.0,0.0,0.0,False
1,276,7.4855,-0.9874,0.6635,0.0,0.9509,0.0,0.0,0.0,False
1,277,7.4585,-0.4395,1.1477,0.0,0.4706,0.0,0.0,0.0,False
1,278,7.4317,-0.482,1.0999,0.0,0.2243,0.0,0.0,0.0,False
1,279,7.405,1.6216,9.0143,0.9954,0.8416,1.0,0.9954,0.993,True
1,280,7.3786,0.1178,2.0038,0.0023,0.3426,0.0,0.0,0.007,False
1,281,7.3523,-1.1724,0.5515,0.0023,0.8744,0.0,0.0046,0.0,False
1,282,7.3262,-0.1546,1.5259,0.0,1.1575,0.0,0.0,0.0,False
1,283,7.3004,-2.7138,0.1181,0.0,0.4237,0.0,0.0,0.0,False
1,284,7.2746,0.0831,1.9354,0.0,2.3389,0.0,0.0,0.0,False
1,285,7.2491,1.0375,5.0266,0.46,4.2831,0.5513,0.375,0.5385,False
1,286,7.2238,-0.4406,1.1464,0.0,0.8216,0.0,0.0,0.0,False
1,287,7.1986,-1.4337,0.4247,0.0,1.097,0.0,0.0,0.0,False
1,288,7.1736,0.0455,1.8639,0.0023,0.702,0.0,0.0,0.007,False
1,289,7.1488,0.1242,2.0167,0.0,0.3531,0.0,0.0,0.0,False
1,290,7.1241,0.0574,1.8864,0.0,0.4804,0.0,0.0,0.0,False
1,291,7.0997,-0.0965,1.6172,0.0,0.9536,0.0,0.0,0.0,False
1,292,7.0753,-1.6612,0.3382,0.0,0.1366,0.0,0.0,0.0,False
1,293,7.0512,-2.0626,0.2264,0.0,0.8078,0.0,0.0,0.0,False
1,294,7.0272,1.0228,4.9532,0.3936,2.5813,0.3718,0.4028,0.3916,False
1,295,7.0034,-1.68,0.3319,0.0,0.1875,0.0,0.0,0.0,False
1,296,6.9797,-1.3868,0.445,0.0,0.6319,0.0,0.0,0.0,False
1,297,6.9562,-0.2588,1.375,0.0,0.1327,0.0,0.0,0.0,False
1,298,6.9329,-1.583,0.3658,0.0,1.7388,0.0,0.0,0.0,False
1,299,6.9097,-0.088,1.631,0.0,1.3281,0.0,0.0,0.0,False
1,300,6.8867,-0.7081,0.8773,0.0,0.6556,0.0,0.0,0.0,False
1,301,6.8638,-0.527,1.0515,0.0,1.4921,0.0,0.0,0.0,False
1,302,6.8411,0.5905,3.2147,0.0252,1.8725,0.0256,0.0231,0.028,False
1,303,6.8185,-0.5502,1.0274,0.0,1.0097,0.0,0.0,0.0,False
1,304,6.7961,0.0922,1.953,0.0,3.1133,0.0,0.0,0.0,False
1,305,6.7738,-2.7755,0.111,0.0,0.5464,0.0,0.0,0.0,False
1,306,6.7516,0.1427,2.0542,0.0,0.1646,0.0,0.0,0.0,False
1,307,6.7296,-1.4023,0.4382,0.0,1.2479,0.0,0.0,0.0,False
1,308,6.7078,-1.4686,0.4101,0.0,2.4542,0.0,0.0,0.0,False
1,309,6.6861,0.5467,3.077,0.0275,0.7578,0.0256,0.0417,0.007,False
1,310,6.6645,-0.7908,0.8077,0.0,0.7664,0.0,0.0,0.0,False
1,311,6.6431,-0.647,0.9326,0.0,2.4204,0.0,0.0,0.0,False
1,312,6.6218,-0.2854,1.3389,0.0023,0.0961,0.0,0.0046,0.0,False
1,313,6.6006,-0.5322,1.0461,0.0,0.4044,0.0,0.0,0.0,False
1,314,6.5796,-0.1651,1.51,0.0,1.4381,0.0,0.0,0.0,False
1,315,6.5587,-2.4037,0.161,0.0,0.095,0.0,0.0,0.0,False
1,316,6.538,0.6868,3.5396,0.0389,0.2631,0.0256,0.0556,0.021,False
1,317,6.5174,-1.0217,0.6411,0.0,0.3846,0.0,0.0,0.0,False
1,318,6.4969,-2.0121,0.2382,0.0,1.1585,0.0,0.0,0.0,False
1,319,6.4765,-3.1151,0.079,0.0,0.2264,0.0,0.0,0.0,False
1,320,6.4562,-0.2595,1.374,0.0,1.7513,0.0,0.0,0.0,False
1,321,6.4361,-0.7988,0.8013,0.0,2.2323,0.0,0.0,0.0,False
1,322,6.4161,0.5345,3.0397,0.0343,1.093,0.0,0.0556,0.021,False
1,323,6.3963,-0.047,1.6993,0.0,0.2421,0.0,0.0,0.0,False
1,324,6.3765,-0.1187,1.5818,0.0,0.8132,0.0,0.0,0.0,False
1,325,6.3569,0.2358,2.2546,0.0,0.4408,0.0,0.0,0.0,False
1,326,6.3374,-1.2933,0.4887,0.0,2.2045,0.0,0.0,0.0,False
1,327,6.318,-1.6958,0.3267,0.0,0.6392,0.0,0.0,0.0,False
1,328,6.2988,0.2042,2.1845,0.0,1.2155,0.0,0.0,0.0,False
1,329,6.2796,-2.3295,0.1734,0.0,0.0206,0.0,0.0,0.0,False
1,330,6.2606,0.4061,2.6732,0.0092,2.9345,0.0128,0.0093,0.007,False
1,331,6.2417,-1.7245,0.3175,0.0,1.6802,0.0,0.0,0.0,False
1,332,6.2229,-1.4476,0.4188,0.0,0.7309,0.0,0.0,0.0,False
1,333,6.2042,-1.8531,0.2792,0.0,1.1491,0.0,0.0,0.0,False
1,334,6.1856,-1.4067,0.4363,0.0,0.8886,0.0,0.0,0.0,False
1,335,6.1672,-0.3328,1.2769,0.0,0.694,0.0,0.0,0.0,False
1,336,6.1488,-0.3547,1.2492,0.0,0.6705,0.0,0.0,0.0,False
1,337,6.1306,1.2763,6.3824,0.8444,1.5216,0.8974,0.8056,0.8741,False
1,338,6.1124,-1.0141,0.646,0.0,0.1579,0.0,0.0,0.0,False
1,339,6.0944,-0.8103,0.7921,0.0,0.7519,0.0,0.0,0.0,False
1,340,6.0765,-1.4923,0.4005,0.0,1.2221,0.0,0.0,0.0,False
1,341,6.0587,1.3547,6.9027,0.9108,0.1111,0.9487,0.9213,0.8741,True
1,342,6.0409,-2.5907,0.1335,0.0,0.8087,0.0,0.0,0.0,False
1,343,6.0233,-2.5869,0.134,0.0,0.716,0.0,0.0,0.0,False
1,344,6.0058,-2.8003,0.1083,0.0,0.0911,0.0,0.0,0.0,False
1,345,5.9884,1.1285,5.5055,0.5973,0.3552,0.6667,0.5972,0.5594,False
1,346,5.9711,-0.074,1.654,0.0,0.8407,0.0,0.0,0.0,False
1,347,5.9539,-1.0568,0.6191,0.0,1.1398,0.0,0.0,0.0,False
1,348,5.9368,-0.1768,1.4925,0.0,0.8826,0.0,0.0,0.0,False
1,349,5.9198,-0.9005,0.7238,0.0,1.082,0.0,0.0,0.0,False
1,350,5.9029,0.5071,2.9574,0.0023,0.9349,0.0,0.0,0.007,False
1,351,5.886,-0.3711,1.2288,0.0,0.3207,0.0,0.0,0.0,False
1,352,5.8693,-0.7112,0.8746,0.0,0.3601,0.0,0.0,0.0,False
1,353,5.8527,-2.9523,0.093,0.0,1.1925,0.0,0.0,0.0,False
1,354,5.8362,0.1892,2.152,0.0,0.6017,0.0,0.0,0.0,False
1,355,5.8197,-1.1632,0.5566,0.0,1.6288,0.0,0.0,0.0,False
1,356,5.8034,-0.3293,1.2813,0.0,2.266,0.0,0.0,0.0,False
1,357,5.7871,-1.0702,0.6108,0.0,0.9569,0.0,0.0,0.0,False
1,358,5.7709,-0.8636,0.751,0.0,1.7445,0.0,0.0,0.0,False
1,359,5.7549,0.1717,2.1147,0.0,1.3163,0.0,0.0,0.0,False
1,360,5.7389,-0.4283,1.1605,0.0,2.4333,0.0,0.0,0.0,False
1,361,5.723,-0.4231,1.1666,0.0,1.666,0.0,0.0,0.0,False
1,362,5.7072,0.8864,4.3214,0.1876,0.9337,0.2308,0.1574,0.2098,False
1,363,5.6915,-0.1584,1.5201,0.0,0.8017,0.0,0.0,0.0,False
1,364,5.6758,0.9763,4.7282,0.2471,1.1508,0.1795,0.2731,0.2448,False
1,365,5.6603,-2.4195,0.1584,0.0,1.2796,0.0,0.0,0.0,False
1,366,5.6448,0.017,1.8117,0.0,3.1643,0.0,0.0,0.0,False
1,367,5.6294,-0.1636,1.5123,0.0,1.7109,0.0,0.0,0.0,False
1,368,5.6141,-0.5629,1.0144,0.0,0.4483,0.0,0.0,0.0,False
1,369,5.5989,-0.2884,1.3349,0.0,0.1984,0.0,0.0,0.0,False
1,370,5.5838,-1.2372,0.5168,0.0,0.1424,0.0,0.0,0.0,False
1,371,5.5687,-1.4382,0.4228,0.0,0.5133,0.0,0.0,0.0,False
1,372,5.5538,0.9557,4.6315,0.2334,1.2826,0.1795,0.1852,0.3357,False
1,373,5.5389,-0.9687,0.676,0.0,0.1718,0.0,0.0,0.0,False
1,374,5.5241,-1.2385,0.5162,0.0,3.3794,0.0,0.0,0.0,False
1,375,5.5093,0.2349,2.2526,0.0,0.1781,0.0,0.0,0.0,False
1,376,5.4947,0.8331,4.0971,0.0824,1.2498,0.0769,0.1065,0.049,False
1,377,5.4801,-0.2363,1.4062,0.0,2.1336,0.0,0.0,0.0,False
1,378,5.4656,-0.9139,0.7142,0.0,0.4191,0.0,0.0,0.0,False
1,379,5.4512,-1.38,0.4481,0.0,0.5829,0.0,0.0,0.0,False
1,380,5.4368,-0.1225,1.5757,0.0,0.9145,0.0,0.0,0.0,False
1,381,5.4226,-3.1942,0.073,0.0,0.2039,0.0,0.0,0.0,False
1,382,5.4084,-0.174,1.4966,0.0,2.5465,0.0,0.0,0.0,False
1,383,5.3943,-0.0313,1.7261,0.0,0.7583,0.0,0.0,0.0,False
1,384,5.3802,-1.4697,0.4096,0.0,1.4267,0.0,0.0,0.0,False
1,385,5.3662,0.501,2.9394,0.0092,0.0392,0.0128,0.0046,0.014,False
1,386,5.3523,-0.9137,0.7143,0.0,2.9331,0.0,0.0,0.0,False
1,387,5.3385,-1.115,0.584,0.0,2.1608,0.0,0.0,0.0,False
1,388,5.3247,1.3542,6.8989,0.9222,1.6804,0.9744,0.9167,0.9021,True
1,389,5.3111,0.7375,3.7238,0.0549,0.3573,0.0128,0.0694,0.0559,False
1,390,5.2974,1.3408,6.8076,0.8993,0.7106,0.9744,0.8611,0.9161,False
1,391,5.2839,0.2418,2.2683,0.0023,0.3707,0.0,0.0046,0.0,False
1,392,5.2704,0.1504,2.0702,0.0,0.4238,0.0,0.0,0.0,False
1,393,5.257,0.7181,3.652,0.0389,0.7597,0.0256,0.0509,0.028,False
1,394,5.2437,1.0845,5.2682,0.4943,0.4611,0.5,0.4861,0.5035,False
1,395,5.2304,0.4387,2.7619,0.0412,1.1285,0.0,0.0741,0.014,False
1,396,5.2172,-2.3737,0.1659,0.0,0.1692,0.0,0.0,0.0,False
1,397,5.204,1.1092,5.3999,0.5698,0.078,0.7179,0.4815,0.6224,False
1,398,5.191,-0.4955,1.0851,0.0,0.2091,0.0,0.0,0.0,False
1,399,5.1779,-1.1913,0.5411,0.0,0.0839,0.0,0.0,0.0,False
1,400,5.165,-1.8587,0.2776,0.0,1.843,0.0,0.0,0.0,False
1,401,5.1521,0.4378,2.7595,0.0046,1.0461,0.0,0.0093,0.0,False
1,402,5.1393,1.736,10.1072,1.0,0.9923,1.0,1.0,1.0,True
1,403,5.1266,-0.4897,1.0915,0.0,0.7032,0.0,0.0,0.0,False
1,404,5.1139,-1.2444,0.5131,0.0,0.2745,0.0,0.0,0.0,False
1,405,5.1012,-0.6204,0.9577,0.0,5.687,0.0,0.0,0.0,False
1,406,5.0887,-0.8472,0.7634,0.0,1.9005,0.0,0.0,0.0,False
1,407,5.0762,0.1669,2.1045,0.0,0.341,0.0,0.0,0.0,False
1,408,5.0637,-0.8139,0.7892,0.0,0.0618,0.0,0.0,0.0,False
1,409,5.0513,-2.4044,0.1609,0.0,0.8947,0.0,0.0,0.0,False
1,410,5.039,0.0303,1.8358,0.0046,0.1199,0.0,0.0,0.014,False
1,411,5.0268,-1.0677,0.6123,0.0,0.2708,0.0,0.0,0.0,False
1,412,5.0146,-1.434,0.4245,0.0,0.9979,0.0,0.0,0.0,False
1,413,5.0024,-1.5516,0.3774,0.0,0.8926,0.0,0.0,0.0,False
1,414,4.9903,-0.156,1.5239,0.0,0.2442,0.0,0.0,0.0,False
1,415,4.9783,0.5523,3.0942,0.0092,0.0287,0.0,0.0093,0.014,False
1,416,4.9663,0.1909,2.1556,0.0023,1.7003,0.0,0.0046,0.0,False
1,417,4.9544,-2.5193,0.1434,0.0,0.068,0.0,0.0,0.0,False
1,418,4.9426,0.2385,2.2609,0.0,1.0004,0.0,0.0,0.0,False
1,419,4.9308,-0.6912,0.8923,0.0,0.8946,0.0,0.0,0.0,False
1,420,4.919,0.3351,2.4902,0.0,0.1978,0.0,0.0,0.0,False
1,421,4.9074,-0.781,0.8156,0.0,2.12,0.0,0.0,0.0,False
1,422,4.8957,1.0514,5.097,0.389,0.6674,0.3846,0.3889,0.3916,False
1,423,4.8842,-2.2912,0.1801,0.0,0.63,0.0,0.0,0.0,False
1,424,4.8726,-1.3522,0.4607,0.0,1.2272,0.0,0.0,0.0,False
1,425,4.8612,-0.1359,1.5548,0.0,0.1009,0.0,0.0,0.0,False
1,426,4.8498,-1.0351,0.6326,0.0,0.0832,0.0,0.0,0.0,False
1,427,4.8384,-0.8382,0.7703,0.0,1.3695,0.0,0.0,0.0,False
1,428,4.8271,0.6183,3.3053,0.0366,0.2278,0.0,0.0648,0.014,False
1,429,4.8159,-0.6363,0.9426,0.0,0.6581,0.0,0.0,0.0,False
1,430,4.8047,-1.207,0.5327,0.0,0.0324,0.0,0.0,0.0,False
1,431,4.7935,-0.8611,0.7529,0.0,0.1617,0.0,0.0,0.0,False
1,432,4.7824,-3.0782,0.082,0.0,0.6157,0.0,0.0,0.0,False
1,433,4.7714,-0.8023,0.7985,0.0,1.9165,0.0,0.0,0.0,False
1,434,4.7604,-0.6397,0.9395,0.0,0.9032,0.0,0.0,0.0,False
1,435,4.7494,-0.3232,1.2891,0.0,0.1621,0.0,0.0,0.0,False
1,436,4.7385,-0.0481,1.6974,0.0,0.9521,0.0,0.0,0.0,False
1,437,4.7277,-1.5215,0.3889,0.0,2.1402,0.0,0.0,0.0,False
1,438,4.7169,-0.8693,0.7467,0.0,2.3649,0.0,0.0,0.0,False
1,439,4.7062,-0.5176,1.0614,0.0,0.9212,0.0,0.0,0.0,False
1,440,4.6955,-2.3212,0.1748,0.0,0.6484,0.0,0.0,0.0,False
1,441,4.6848,1.045,5.0641,0.3867,1.0368,0.3718,0.3843,0.3986,False
1,442,4.6742,1.0203,4.9408,0.3684,0.3964,0.359,0.3611,0.3846,False
1,443,4.6637,-1.888,0.2696,0.0,0.3962,0.0,0.0,0.0,False
1,444,4.6532,-0.5598,1.0176,0.0,1.2406,0.0,0.0,0.0,False
1,445,4.6427,-0.8929,0.7293,0.0,1.6661,0.0,0.0,0.0,False
1,446,4.6323,-0.5882,0.989,0.0,0.5591,0.0,0.0,0.0,False
1,447,4.6219,-3.0375,0.0854,0.0,0.6612,0.0,0.0,0.0,False
1,448,4.6116,0.2104,2.1981,0.0023,1.0993,0.0,0.0046,0.0,False
1,449,4.6013,-0.9487,0.6897,0.0,0.1777,0.0,0.0,0.0,False
1,450,4.5911,-0.2053,1.4505,0.0,0.266,0.0,0.0,0.0,False
1,451,4.5809,0.1467,2.0626,0.0023,1.5694,0.0,0.0046,0.0,False
1,452,4.5708,0.4459,2.7819,0.0206,0.9884,0.0,0.0278,0.021,False
1,453,4.5607,-0.3773,1.2212,0.0,0.3342,0.0,0.0,0.0,False
1,454,4.5507,-2.9582,0.0925,0.0,0.2054,0.0,0.0,0.0,False
1,455,4.5407,-3.3708,0.0612,0.0,4.0612,0.0,0.0,0.0,False
1,456,4.5307,0.3435,2.5111,0.0023,0.0434,0.0,0.0046,0.0,False
1,457,4.5208,-1.8609,0.277,0.0,0.5459,0.0,0.0,0.0,False
1,458,4.5109,0.4177,2.7044,0.0,0.4144,0.0,0.0,0.0,False
1,459,4.5011,-2.2813,0.1819,0.0,0.1459,0.0,0.0,0.0,False
1,460,4.4913,1.2159,6.008,0.7643,0.2184,0.8205,0.7361,0.7762,False
1,461,4.4816,-2.5376,0.1408,0.0,2.3879,0.0,0.0,0.0,False
1,462,4.4719,-3.4451,0.0568,0.0,1.8443,0.0,0.0,0.0,False
1,463,4.4622,-0.4334,1.1547,0.0,0.6358,0.0,0.0,0.0,False
1,464,4.4526,0.2788,2.3537,0.0,1.5958,0.0,0.0,0.0,False
1,465,4.443,-1.92,0.2611,0.0,1.5281,0.0,0.0,0.0,False
1,466,4.4335,-0.5908,0.9866,0.0,1.9748,0.0,0.0,0.0,False
1,467,4.424,-2.6787,0.1223,0.0,0.2437,0.0,0.0,0.0,False
1,468,4.4145,-0.6608,0.9198,0.0,0.0956,0.0,0.0,0.0,False
1,469,4.4051,-0.2761,1.3514,0.0,1.7019,0.0,0.0,0.0,False
1,470,4.3957,-0.5878,0.9895,0.0,0.8985,0.0,0.0,0.0,False
1,471,4.3864,-2.5755,0.1356,0.0,0.843,0.0,0.0,0.0,False
1,472,4.3771,0.3537,2.5368,0.0023,2.3726,0.0,0.0,0.007,False
1,473,4.3679,-0.0441,1.7043,0.0183,0.6637,0.0128,0.0093,0.035,False
1,474,4.3586,-1.1834,0.5454,0.0,0.1001,0.0,0.0,0.0,False
1,475,4.3495,-2.3236,0.1744,0.0,0.6075,0.0,0.0,0.0,False
1,476,4.3403,0.2489,2.2844,0.0,3.5966,0.0,0.0,0.0,False
1,477,4.3312,0.3971,2.6492,0.0,1.1259,0.0,0.0,0.0,False
1,478,4.3222,-0.5701,1.0071,0.0,5.3351,0.0,0.0,0.0,False
1,479,4.3132,0.8881,4.3289,0.1098,1.847,0.0897,0.1111,0.1189,False
1,480,4.3042,0.6982,3.5803,0.032,0.3043,0.0,0.0463,0.028,False
1,481,4.2952,0.4413,2.769,0.0046,1.2367,0.0,0.0046,0.007,False
1,482,4.2863,-0.9668,0.6773,0.0,0.4296,0.0,0.0,0.0,False
1,483,4.2774,-2.2841,0.1814,0.0,0.9431,0.0,0.0,0.0,False
1,484,4.2686,-1.8761,0.2728,0.0,0.9397,0.0,0.0,0.0,False
1,485,4.2598,-2.1618,0.205,0.0,0.2702,0.0,0.0,0.0,False
1,486,4.251,-1.4461,0.4194,0.0,0.6395,0.0,0.0,0.0,False
1,487,4.2423,-1.5995,0.3598,0.0,0.1685,0.0,0.0,0.0,False
1,488,4.2336,0.227,2.235,0.0023,2.2117,0.0,0.0,0.007,False
1,489,4.2249,-2.7088,0.1187,0.0,0.5103,0.0,0.0,0.0,False
1,490,4.2163,-0.2457,1.3931,0.0,3.5348,0.0,0.0,0.0,False
1,491,4.2077,1.2627,6.2963,0.8284,1.4424,0.8974,0.7963,0.8392,False
1,492,4.1992,-0.0176,1.75,0.0,0.1933,0.0,0.0,0.0,False
1,493,4.1907,0.685,3.5331,0.0686,0.3821,0.0385,0.1019,0.035,False
1,494,4.1822,-1.6357,0.347,0.0,0.378,0.0,0.0,0.0,False
1,495,4.1737,1.3373,6.7838,0.9245,4.7907,0.9615,0.9074,0.9301,True
1,496,4.1653,-0.9173,0.7117,0.0,0.8995,0.0,0.0,0.0,False
1,497,4.1569,-0.0859,1.6345,0.0,0.0851,0.0,0.0,0.0,False
1,498,4.1486,-3.3299,0.0638,0.0,1.2711,0.0,0.0,0.0,False
1,499,4.1403,-0.2897,1.3331,0.0,0.1155,0.0,0.0,0.0,False
1,500,4.132,-1.5968,0.3607,0.0,0.6911,0.0,0.0,0.0,False
1,501,4.1238,-0.3436,1.2632,0.0,0.0713,0.0,0.0,0.0,False
1,502,4.1155,0.4686,2.8458,0.0046,0.1273,0.0,0.0093,0.0,False
1,503,4.1074,-2.4507,0.1536,0.0,2.7917,0.0,0.0,0.0,False
1,504,4.0992,1.377,7.0582,0.9542,0.2363,0.9744,0.9352,0.972,True
1,505,4.0911,-0.8678,0.7478,0.0,1.7495,0.0,0.0,0.0,False
1,506,4.083,0.2021,2.1801,0.0,1.0137,0.0,0.0,0.0,False
1,507,4.075,-1.141,0.569,0.0,3.5917,0.0,0.0,0.0,False
1,508,4.0669,0.7773,3.8748,0.0664,0.4001,0.0128,0.0926,0.0559,False
1,509,4.0589,-2.4815,0.1489,0.0,0.3041,0.0,0.0,0.0,False
1,510,4.051,1.0264,4.9711,0.4211,0.7447,0.3974,0.4444,0.3986,False
1,511,4.0431,0.2599,2.3097,0.0,1.2489,0.0,0.0,0.0,False
1,512,4.0352,0.6431,3.3882,0.0183,0.4136,0.0,0.0185,0.028,False
1,513,4.0273,-2.3195,0.1751,0.0,1.0553,0.0,0.0,0.0,False
1,514,4.0195,1.1109,5.409,0.5812,1.4013,0.7308,0.5185,0.5944,False
1,515,4.0117,-0.3749,1.2242,0.0,0.0323,0.0,0.0,0.0,False
1,516,4.0039,-1.017,0.6442,0.0,0.4059,0.0,0.0,0.0,False
1,517,3.9961,-0.6558,0.9244,0.0,0.2604,0.0,0.0,0.0,False
1,518,3.9884,0.219,2.2171,0.0023,0.0474,0.0,0.0046,0.0,False
1,519,3.9807,0.1707,2.1126,0.0,1.9064,0.0,0.0,0.0,False
1,520,3.9731,-0.2876,1.3358,0.0,0.7886,0.0,0.0,0.0,False
1,521,3.9655,-0.3389,1.2691,0.0,0.1691,0.0,0.0,0.0,False
1,522,3.9579,-0.769,0.8255,0.0023,0.1548,0.0,0.0046,0.0,False
1,523,3.9503,0.6853,3.5342,0.0069,0.1167,0.0128,0.0093,0.0,False
1,524,3.9427,-1.5867,0.3644,0.0,0.1327,0.0,0.0,0.0,False
1,525,3.9352,0.749,3.7667,0.0503,0.8226,0.0,0.0694,0.049,False
1,526,3.9278,-1.1625,0.557,0.0,0.0308,0.0,0.0,0.0,False
1,527,3.9203,-1.5146,0.3917,0.0,0.35,0.0,0.0,0.0,False
1,528,3.9129,-0.1843,1.4813,0.0,3.4539,0.0,0.0,0.0,False
1,529,3.9055,-2.4162,0.159,0.0,1.0664,0.0,0.0,0.0,False
1,530,3.8981,-2.1222,0.2133,0.0,0.4453,0.0,0.0,0.0,False
1,531,3.8908,-2.2944,0.1796,0.0,1.1658,0.0,0.0,0.0,False
1,532,3.8835,-0.9992,0.6558,0.0,0.9378,0.0,0.0,0.0,False
1,533,3.8762,-0.0636,1.6713,0.0,0.888,0.0,0.0,0.0,False
1,534,3.8689,-0.3598,1.2429,0.0,0.429,0.0,0.0,0.0,False
1,535,3.8617,0.2451,2.2758,0.0046,0.0669,0.0,0.0046,0.007,False
1,536,3.8545,-0.46,1.1243,0.0,0.0629,0.0,0.0,0.0,False
1,537,3.8473,0.1453,2.0595,0.0,0.0202,0.0,0.0,0.0,False
1,538,3.8401,0.3184,2.4488,0.0,0.2597,0.0,0.0,0.0,False
1,539,3.833,-0.598,0.9794,0.0,0.0385,0.0,0.0,0.0,False
1,540,3.8259,-0.3905,1.2052,0.0,0.5912,0.0,0.0,0.0,False
1,541,3.8189,1.1177,5.4464,0.5904,0.3564,0.641,0.5556,0.6154,False
1,542,3.8118,-1.189,0.5424,0.0,0.4191,0.0,0.0,0.0,False
1,543,3.8048,0.4629,2.8296,0.0069,3.5517,0.0,0.0,0.021,False
1,544,3.7978,-0.6631,0.9177,0.0,1.8912,0.0,0.0,0.0,False
1,545,3.7908,-1.735,0.3142,0.0,0.7612,0.0,0.0,0.0,False
1,546,3.7839,0.5708,3.152,0.0046,0.4059,0.0,0.0046,0.007,False
1,547,3.777,1.102,5.3611,0.5286,0.4797,0.5897,0.5694,0.4336,False
1,548,3.7701,0.0712,1.9126,0.0,0.2299,0.0,0.0,0.0,False
1,549,3.7632,-0.1048,1.6038,0.0,1.9988,0.0,0.0,0.0,False
1,550,3.7564,-0.0807,1.6429,0.0,0.0754,0.0,0.0,0.0,False
1,551,3.7495,-0.5868,0.9905,0.0,0.462,0.0,0.0,0.0,False
1,552,3.7428,-0.4292,1.1595,0.0023,0.652,0.0,0.0,0.007,False
1,553,3.736,-0.4185,1.172,0.0,0.2534,0.0,0.0,0.0,False
1,554,3.7292,-1.6285,0.3495,0.0,1.3158,0.0,0.0,0.0,False
1,555,3.7225,-0.1745,1.4959,0.0,1.031,0.0,0.0,0.0,False
1,556,3.7158,0.415,2.6972,0.0,0.0724,0.0,0.0,0.0,False
1,557,3.7092,0.3033,2.4121,0.0046,1.651,0.0,0.0093,0.0,False
1,558,3.7025,-1.8819,0.2712,0.0,0.8494,0.0,0.0,0.0,False
1,559,3.6959,1.2194,6.0295,0.7254,2.104,0.8333,0.7361,0.6503,False
1,560,3.6893,-1.2108,0.5307,0.0,0.5647,0.0,0.0,0.0,False
1,561,3.6827,0.1781,2.1283,0.0,0.9501,0.0,0.0,0.0,False
1,562,3.6762,0.3549,2.54,0.0,0.06,0.0,0.0,0.0,False
1,563,3.6696,-0.8949,0.7278,0.0,0.3625,0.0,0.0,0.0,False
1,564,3.6631,-0.5869,0.9904,0.0,1.059,0.0,0.0,0.0,False
1,565,3.6566,-2.2254,0.1924,0.0,1.1307,0.0,0.0,0.0,False
1,566,3.6502,0.7396,3.7316,0.0252,0.3062,0.0256,0.0324,0.014,False
1,567,3.6437,-1.3326,0.4698,0.0,0.4054,0.0,0.0,0.0,False
1,568,3.6373,0.9676,4.687,0.3066,0.7297,0.3462,0.2731,0.3357,False
1,569,3.6309,-1.3988,0.4397,0.0,0.6506,0.0,0.0,0.0,False
1,570,3.6246,-1.3969,0.4406,0.0,2.9082,0.0,0.0,0.0,False
1,571,3.6182,0.2016,2.1788,0.0,0.092,0.0,0.0,0.0,False
1,572,3.6119,1.5906,8.739,0.9886,0.9228,1.0,0.9815,0.993,True
1,573,3.6056,-0.3566,1.2469,0.0,1.5485,0.0,0.0,0.0,False
1,574,3.5993,0.9654,4.6768,0.2563,1.0192,0.1923,0.2593,0.2867,False
1,575,3.593,-0.7501,0.8413,0.0,0.2824,0.0,0.0,0.0,False
1,576,3.5868,-0.869,0.7469,0.0,0.1644,0.0,0.0,0.0,False
1,577,3.5806,-1.4427,0.4209,0.0,1.5258,0.0,0.0,0.0,False
1,578,3.5744,-0.7209,0.8662,0.0,1.2639,0.0,0.0,0.0,False
1,579,3.5682,-0.6062,0.9714,0.0,0.9176,0.0,0.0,0.0,False
1,580,3.5621,-2.4192,0.1585,0.0,0.1087,0.0,0.0,0.0,False
1,581,3.5559,-0.6423,0.937,0.0,2.0192,0.0,0.0,0.0,False
1,582,3.5498,0.8732,4.265,0.1053,1.0029,0.0897,0.1065,0.1119,False
1,583,3.5437,-1.5114,0.3929,0.0,1.4343,0.0,0.0,0.0,False
1,584,3.5377,-1.2326,0.5192,0.0,2.0613,0.0,0.0,0.0,False
1,585,3.5316,-1.1437,0.5675,0.0,0.2512,0.0,0.0,0.0,False
1,586,3.5256,-1.8582,0.2778,0.0,1.2339,0.0,0.0,0.0,False
1,587,3.5196,-1.2672,0.5016,0.0,2.6841,0.0,0.0,0.0,False
1,588,3.5136,0.3288,2.4745,0.0,3.3301,0.0,0.0,0.0,False
1,589,3.5076,-0.2854,1.3388,0.0,0.6961,0.0,0.0,0.0,False
1,590,3.5017,-1.7783,0.3009,0.0,0.2478,0.0,0.0,0.0,False
1,591,3.4958,-2.3339,0.1726,0.0,2.8362,0.0,0.0,0.0,False
1,592,3.4899,-1.9028,0.2657,0.0,0.0835,0.0,0.0,0.0,False
1,593,3.484,-0.2869,1.3369,0.0,0.2405,0.0,0.0,0.0,False
1,594,3.4781,-0.9081,0.7183,0.0,1.445,0.0,0.0,0.0,False
1,595,3.4723,-0.5006,1.0797,0.0,0.4693,0.0,0.0,0.0,False
1,596,3.4664,-0.4962,1.0844,0.0,0.5789,0.0,0.0,0.0,False
1,597,3.4606,-0.589,0.9883,0.0,0.4838,0.0,0.0,0.0,False
1,598,3.4548,0.4002,2.6574,0.0206,2.2384,0.0,0.0185,0.035,False
1,599,3.4491,-0.6733,0.9084,0.0,2.0701,0.0,0.0,0.0,False
1,600,3.4433,0.5555,3.1041,0.0069,2.2523,0.0,0.0046,0.014,False
1,601,3.4376,0.5295,3.0245,0.0252,0.028,0.0128,0.0185,0.042,False
1,602,3.4319,-2.0156,0.2373,0.0,1.0842,0.0,0.0,0.0,False
1,603,3.4262,-3.3384,0.0632,0.0,0.0479,0.0,0.0,0.0,False
1,604,3.4205,0.1457,2.0605,0.0,1.0298,0.0,0.0,0.0,False
1,605,3.4149,-2.1019,0.2177,0.0,0.0131,0.0,0.0,0.0,False
1,606,3.4092,1.0234,4.9561,0.3478,1.4417,0.359,0.3519,0.3357,False
1,607,3.4036,-2.904,0.0976,0.0,2.2595,0.0,0.0,0.0,False
1,608,3.398,0.045,1.863,0.0,0.217,0.0,0.0,0.0,False
1,609,3.3924,-2.0668,0.2255,0.0,2.8788,0.0,0.0,0.0,False
1,610,3.3869,-0.554,1.0235,0.0,2.3134,0.0,0.0,0.0,False
1,611,3.3813,1.1205,5.4612,0.595,0.9806,0.6923,0.6019,0.5315,False
1,612,3.3758,-2.4583,0.1524,0.0,1.1365,0.0,0.0,0.0,False
1,613,3.3703,-3.106,0.0798,0.0,0.1075,0.0,0.0,0.0,False
1,614,3.3648,-0.8242,0.7812,0.0,1.7197,0.0,0.0,0.0,False
1,615,3.3593,-0.2986,1.3213,0.0,0.0089,0.0,0.0,0.0,False
1,616,3.3539,-0.8248,0.7807,0.0,0.1023,0.0,0.0,0.0,False
1,617,3.3485,-1.4226,0.4294,0.0,0.6304,0.0,0.0,0.0,False
1,618,3.343,-2.0878,0.2208,0.0,0.1805,0.0,0.0,0.0,False
1,619,3.3376,-1.0858,0.6013,0.0,0.4712,0.0,0.0,0.0,False
1,620,3.3323,0.9454,4.5842,0.2586,1.9343,0.1923,0.3102,0.2168,False
1,621,3.3269,0.3567,2.5443,0.0,0.7588,0.0,0.0,0.0,False
1,622,3.3215,-1.1113,0.5862,0.0,1.4589,0.0,0.0,0.0,False
1,623,3.3162,0.7411,3.7372,0.0183,1.955,0.0128,0.0231,0.014,False
1,624,3.3109,0.135,2.0385,0.0,1.632,0.0,0.0,0.0,False
1,625,3.3056,-0.5589,1.0184,0.0,1.2927,0.0,0.0,0.0,False
1,626,3.3003,0.8701,4.2518,0.1396,0.4146,0.0897,0.1852,0.0979,False
1,627,3.2951,-1.5202,0.3895,0.0,0.3414,0.0,0.0,0.0,False
1,628,3.2898,-1.2708,0.4998,0.0,0.6225,0.0,0.0,0.0,False
1,629,3.2846,-0.7393,0.8504,0.0,0.0823,0.0,0.0,0.0,False
1,630,3.2794,-0.1838,1.4821,0.0,0.4472,0.0,0.0,0.0,False
1,631,3.2742,-1.6949,0.327,0.0,0.6577,0.0,0.0,0.0,False
1,632,3.269,-3.0076,0.088,0.0,1.438,0.0,0.0,0.0,False
1,633,3.2638,0.7725,3.8562,0.0686,0.9221,0.0256,0.0741,0.0839,False
1,634,3.2587,-1.7859,0.2986,0.0,0.932,0.0,0.0,0.0,False
1,635,3.2535,-0.155,1.5254,0.0,0.4911,0.0,0.0,0.0,False
1,636,3.2484,0.4167,2.7018,0.0,0.1472,0.0,0.0,0.0,False
1,637,3.2433,0.6154,3.2957,0.0229,0.0925,0.0,0.0463,0.0,False
1,638,3.2382,-1.2931,0.4887,0.0,0.067,0.0,0.0,0.0,False
1,639,3.2332,0.6175,3.3025,0.0023,0.9209,0.0,0.0046,0.0,False
1,640,3.2281,-1.8349,0.2843,0.0,0.8946,0.0,0.0,0.0,False
1,641,3.2231,-0.197,1.4626,0.0,0.6433,0.0,0.0,0.0,False
1,642,3.2181,-2.4315,0.1566,0.0,3.3128,0.0,0.0,0.0,False
1,643,3.2131,1.1203,5.4604,0.5698,0.7579,0.641,0.5694,0.5315,False
1,644,3.2081,-2.4,0.1616,0.0,0.4687,0.0,0.0,0.0,False
1,645,3.2031,-2.8902,0.099,0.0,2.0606,0.0,0.0,0.0,False
1,646,3.1981,-0.4476,1.1384,0.0,1.2241,0.0,0.0,0.0,False
1,647,3.1932,1.0081,4.8806,0.3524,0.6888,0.2564,0.338,0.4266,False
1,648,3.1883,0.4247,2.7236,0.0,1.3908,0.0,0.0,0.0,False
1,649,3.1834,-2.4357,0.1559,0.0,1.1711,0.0,0.0,0.0,False
1,650,3.1785,-1.1643,0.5559,0.0,0.1277,0.0,0.0,0.0,False
1,651,3.1736,-0.2176,1.4328,0.0,1.8768,0.0,0.0,0.0,False
1,652,3.1687,0.9325,4.5254,0.2014,3.7016,0.1923,0.213,0.1888,False
1,653,3.1639,-0.4815,1.1005,0.0,5.5033,0.0,0.0,0.0,False
1,654,3.159,-1.2225,0.5245,0.0,0.1449,0.0,0.0,0.0,False
1,655,3.1542,0.194,2.1623,0.0,2.5626,0.0,0.0,0.0,False
1,656,3.1494,-1.4417,0.4213,0.0,0.5076,0.0,0.0,0.0,False
1,657,3.1446,-0.5497,1.0279,0.0,1.4308,0.0,0.0,0.0,False
1,658,3.1398,-0.1299,1.5642,0.0,0.8285,0.0,0.0,0.0,False
1,659,3.1351,-1.032,0.6346,0.0,0.4915,0.0,0.0,0.0,False
1,660,3.1303,0.2109,2.1992,0.0,0.2734,0.0,0.0,0.0,False
1,661,3.1256,-1.4894,0.4016,0.0,1.6972,0.0,0.0,0.0,False
1,662,3.1208,-0.1305,1.5632,0.0,0.9517,0.0,0.0,0.0,False
1,663,3.1161,-0.6712,0.9103,0.0,1.9612,0.0,0.0,0.0,False
1,664,3.1114,-1.1199,0.5812,0.0,0.3488,0.0,0.0,0.0,False
1,665,3.1068,-2.857,0.1023,0.0,0.2919,0.0,0.0,0.0,False
1,666,3.1021,0.8124,4.0135,0.0892,1.2114,0.0513,0.1019,0.0909,False
1,667,3.0975,-0.9541,0.686,0.0,0.3977,0.0,0.0,0.0,False
1,668,3.0928,-3.0523,0.0842,0.0,0.5763,0.0,0.0,0.0,False
1,669,3.0882,-0.3417,1.2655,0.0,0.489,0.0,0.0,0.0,False
1,670,3.0836,0.9491,4.601,0.2883,0.0152,0.2436,0.338,0.2378,False
1,671,3.079,-0.3693,1.2311,0.0,0.8549,0.0,0.0,0.0,False
1,672,3.0744,-1.4671,0.4107,0.0,1.1412,0.0,0.0,0.0,False
1,673,3.0698,0.6858,3.5361,0.0709,0.4731,0.0128,0.0833,0.0839,False
1,674,3.0653,-1.3154,0.478,0.0,0.2479,0.0,0.0,0.0,False
1,675,3.0607,-0.1717,1.5001,0.0,0.1112,0.0,0.0,0.0,False
1,676,3.0562,-0.5191,1.0598,0.0,0.5001,0.0,0.0,0.0,False
1,677,3.0517,-2.7559,0.1132,0.0,0.9042,0.0,0.0,0.0,False
1,678,3.0472,0.6536,3.424,0.0709,0.8481,0.0385,0.0694,0.0909,False
1,679,3.0427,1.3985,7.212,0.9382,0.6114,0.9872,0.9074,0.958,True
1,680,3.0382,-0.0736,1.6547,0.0,1.8797,0.0,0.0,0.0,False
1,681,3.0338,-1.0938,0.5966,0.0,2.8056,0.0,0.0,0.0,False
1,682,3.0293,0.0055,1.791,0.0,0.2254,0.0,0.0,0.0,False
1,683,3.0249,-1.4791,0.4058,0.0,1.6931,0.0,0.0,0.0,False
1,684,3.0205,-1.3325,0.4699,0.0,2.5553,0.0,0.0,0.0,False
1,685,3.0161,-2.74,0.115,0.0,0.0618,0.0,0.0,0.0,False
1,686,3.0117,0.0397,1.8532,0.0,0.8316,0.0,0.0,0.0,False
1,687,3.0073,0.1414,2.0515,0.0,1.0308,0.0,0.0,0.0,False
1,688,3.0029,-0.6527,0.9273,0.0,2.5492,0.0,0.0,0.0,False
1,689,2.9985,-0.941,0.695,0.0,3.0614,0.0,0.0,0.0,False
1,690,2.9942,0.112,1.9922,0.0,1.3479,0.0,0.0,0.0,False
1,691,2.9899,-0.8496,0.7616,0.0,1.4037,0.0,0.0,0.0,False
1,692,2.9855,-0.882,0.7373,0.0,1.6006,0.0,0.0,0.0,False
1,693,2.9812,-0.0159,1.753,0.0,0.3804,0.0,0.0,0.0,False
1,694,2.9769,-0.2712,1.3581,0.0,0.7608,0.0,0.0,0.0,False
1,695,2.9727,0.7829,3.8967,0.1533,0.7583,0.0641,0.1759,0.1678,False
1,696,2.9684,0.1109,1.99,0.0,1.2974,0.0,0.0,0.0,False
1,697,2.9641,-1.7724,0.3027,0.0,0.383,0.0,0.0,0.0,False
1,698,2.9599,-0.2697,1.3601,0.0,1.5675,0.0,0.0,0.0,False
1,699,2.9557,0.7594,3.806,0.0389,0.4987,0.0513,0.0278,0.049,False
1,700,2.9514,-0.6856,0.8973,0.0,0.0123,0.0,0.0,0.0,False
1,701,2.9472,-0.4973,1.0832,0.0,0.3745,0.0,0.0,0.0,False
1,702,2.943,-1.7063,0.3233,0.0,2.6223,0.0,0.0,0.0,False
1,703,2.9388,-1.0086,0.6496,0.0,1.0722,0.0,0.0,0.0,False
1,704,2.9347,-0.3463,1.2598,0.0,1.9078,0.0,0.0,0.0,False
1,705,2.9305,-1.1937,0.5398,0.0,0.4858,0.0,0.0,0.0,False
1,706,2.9263,0.3472,2.5203,0.0046,0.0323,0.0,0.0046,0.007,False
1,707,2.9222,-1.6461,0.3434,0.0,0.6471,0.0,0.0,0.0,False
1,708,2.9181,-0.2306,1.4143,0.0,2.0348,0.0,0.0,0.0,False
1,709,2.914,0.3797,2.6037,0.0,1.1059,0.0,0.0,0.0,False
1,710,2.9099,-0.6969,0.8872,0.0,1.0576,0.0,0.0,0.0,False
1,711,2.9058,-0.0571,1.6823,0.0,0.5774,0.0,0.0,0.0,False
1,712,2.9017,-1.989,0.2437,0.0,1.0051,0.0,0.0,0.0,False
1,713,2.8976,-1.035,0.6327,0.0,0.5475,0.0,0.0,0.0,False
1,714,2.8936,-0.0042,1.7736,0.0,2.7429,0.0,0.0,0.0,False
1,715,2.8895,-0.1656,1.5092,0.0,0.8808,0.0,0.0,0.0,False
1,716,2.8855,0.1902,2.1541,0.0,1.8052,0.0,0.0,0.0,False
1,717,2.8815,-2.9402,0.0941,0.0,3.3828,0.0,0.0,0.0,False
1,718,2.8774,0.7607,3.8113,0.0435,1.6033,0.0256,0.0602,0.028,False
1,719,2.8734,-3.0376,0.0854,0.0,0.172,0.0,0.0,0.0,False
1,720,2.8694,-0.0691,1.6622,0.0,0.028,0.0,0.0,0.0,False
1,721,2.8655,0.9491,4.6012,0.2403,0.0611,0.2821,0.2176,0.2517,False
1,722,2.8615,0.2678,2.3279,0.0023,2.3883,0.0128,0.0,0.0,False
1,723,2.8575,-0.6966,0.8875,0.0,2.0182,0.0,0.0,0.0,False
1,724,2.8536,-0.3218,1.291,0.0,3.0594,0.0,0.0,0.0,False
1,725,2.8497,-0.3554,1.2484,0.0,0.214,0.0,0.0,0.0,False
1,726,2.8457,-2.8654,0.1015,0.0,0.1916,0.0,0.0,0.0,False
1,727,2.8418,-0.6418,0.9375,0.0,1.1307,0.0,0.0,0.0,False
1,728,2.8379,-1.6204,0.3523,0.0,0.23,0.0,0.0,0.0,False
1,729,2.834,-0.5388,1.0392,0.0,0.8606,0.0,0.0,0.0,False
1,730,2.8301,-0.3591,1.2438,0.0,0.2106,0.0,0.0,0.0,False
1,731,2.8263,0.3061,2.419,0.0069,0.6476,0.0,0.0139,0.0,False
1,732,2.8224,-1.4413,0.4214,0.0,1.4198,0.0,0.0,0.0,False
1,733,2.8186,0.3172,2.446,0.0046,0.8786,0.0,0.0046,0.007,False
1,734,2.8147,0.5255,3.0123,0.0046,0.6325,0.0,0.0,0.014,False
1,735,2.8109,0.3415,2.506,0.0,1.5059,0.0,0.0,0.0,False
1,736,2.8071,0.7879,3.9162,0.0686,1.1811,0.0128,0.0741,0.0909,False
1,737,2.8033,0.0292,1.8339,0.0,0.268,0.0,0.0,0.0,False
1,738,2.7995,0.3562,2.5431,0.0,0.8564,0.0,0.0,0.0,False
1,739,2.7957,-2.4572,0.1526,0.0,0.2574,0.0,0.0,0.0,False
1,740,2.7919,-2.7863,0.1098,0.0,1.1076,0.0,0.0,0.0,False
1,741,2.7881,0.1347,2.038,0.0,0.0531,0.0,0.0,0.0,False
1,742,2.7844,-0.4277,1.1613,0.0,0.0225,0.0,0.0,0.0,False
1,743,2.7806,0.8103,4.0049,0.103,0.7065,0.0641,0.1435,0.0629,False
1,744,2.7769,0.3964,2.6476,0.0,0.6913,0.0,0.0,0.0,False
1,745,2.7732,0.3351,2.4901,0.0046,0.1611,0.0,0.0093,0.0,False
1,746,2.7694,-1.1896,0.542,0.0,1.4061,0.0,0.0,0.0,False
1,747,2.7657,0.8761,4.2771,0.1327,2.0145,0.1282,0.1528,0.1049,False
1,748,2.762,1.0373,5.0256,0.4371,0.0007,0.3718,0.4074,0.5175,False
1,749,2.7583,0.2548,2.298,0.0,0.0019,0.0,0.0,0.0,False
1,750,2.7547,0.0756,1.9209,0.0,0.4329,0.0,0.0,0.0,False
1,751,2.751,0.7155,3.6427,0.0389,0.2358,0.0256,0.037,0.049,False
1,752,2.7473,-2.5811,0.1348,0.0,0.1701,0.0,0.0,0.0,False
1,753,2.7437,-0.5531,1.0244,0.0,0.8967,0.0,0.0,0.0,False
1,754,2.7401,0.1029,1.9741,0.0,0.5022,0.0,0.0,0.0,False
1,755,2.7364,0.0871,1.9432,0.0069,0.0446,0.0128,0.0046,0.007,False
1,756,2.7328,-0.7296,0.8587,0.0,2.5552,0.0,0.0,0.0,False
1,757,2.7292,-1.0759,0.6073,0.0,1.4089,0.0,0.0,0.0,False
1,758,2.7256,-0.3782,1.2202,0.0,1.8304,0.0,0.0,0.0,False
1,759,2.722,-2.5676,0.1366,0.0,0.1574,0.0,0.0,0.0,False
1,760,2.7184,0.2864,2.3717,0.0,0.5482,0.0,0.0,0.0,False
1,761,2.7148,1.0138,4.909,0.3455,0.1234,0.2949,0.3426,0.3776,False
1,762,2.7113,-0.5023,1.0778,0.0,0.0805,0.0,0.0,0.0,False
1,763,2.7077,-0.216,1.4351,0.0,0.0069,0.0,0.0,0.0,False
1,764,2.7042,-0.196,1.4641,0.0,0.0088,0.0,0.0,0.0,False
1,765,2.7007,-0.3623,1.2398,0.0,0.93,0.0,0.0,0.0,False
1,766,2.6971,0.2357,2.2545,0.0,0.4085,0.0,0.0,0.0,False
1,767,2.6936,-2.1608,0.2052,0.0,0.7065,0.0,0.0,0.0,False
1,768,2.6901,-1.766,0.3046,0.0,2.1793,0.0,0.0,0.0,False
1,769,2.6866,-0.0019,1.7777,0.0,0.0329,0.0,0.0,0.0,False
1,770,2.6831,0.4338,2.7485,0.0114,0.8435,0.0,0.0093,0.021,False
1,771,2.6796,0.5942,3.2266,0.0046,1.6376,0.0,0.0093,0.0,False
1,772,2.6762,-0.0747,1.6528,0.0,0.0177,0.0,0.0,0.0,False
1,773,2.6727,1.6042,8.8586,0.9771,0.23,1.0,0.9583,0.993,True
1,774,2.6693,1.0763,5.2251,0.4622,2.4672,0.4872,0.4537,0.4615,False
1,775,2.6658,0.2286,2.2386,0.0,1.2826,0.0,0.0,0.0,False
1,776,2.6624,0.8752,4.2735,0.1922,1.3158,0.1795,0.2083,0.1748,False
1,777,2.6589,-0.0038,1.7743,0.0,0.4596,0.0,0.0,0.0,False
1,778,2.6555,-1.6758,0.3333,0.0,0.0578,0.0,0.0,0.0,False
1,779,2.6521,0.2426,2.27,0.0023,4.0561,0.0128,0.0,0.0,False
1,780,2.6487,-1.7923,0.2967,0.0,0.9101,0.0,0.0,0.0,False
1,781,2.6453,-0.4571,1.1276,0.0,0.6694,0.0,0.0,0.0,False
1,782,2.6419,-2.3604,0.1681,0.0,0.2493,0.0,0.0,0.0,False
1,783,2.6386,0.74,3.7329,0.1533,0.0099,0.1026,0.2037,0.1049,False
1,784,2.6352,0.3806,2.606,0.0046,1.3865,0.0,0.0093,0.0,False
1,785,2.6318,-0.8255,0.7802,0.0,0.9682,0.0,0.0,0.0,False
1,786,2.6285,-1.371,0.4521,0.0,0.9854,0.0,0.0,0.0,False
1,787,2.6252,1.4859,7.8702,0.9657,3.0467,1.0,0.9537,0.965,True
1,788,2.6218,-2.8912,0.0989,0.0,0.1352,0.0,0.0,0.0,False
1,789,2.6185,-0.4007,1.193,0.0,3.0665,0.0,0.0,0.0,False
1,790,2.6152,0.8204,4.0457,0.0938,1.6014,0.0641,0.0926,0.1119,False
1,791,2.6119,0.5193,2.9937,0.0046,0.9203,0.0128,0.0046,0.0,False
1,792,2.6086,-1.7908,0.2971,0.0,0.2885,0.0,0.0,0.0,False
1,793,2.6053,-3.1714,0.0747,0.0,0.1994,0.0,0.0,0.0,False
1,794,2.602,-0.8093,0.7929,0.0,0.6583,0.0,0.0,0.0,False
1,795,2.5987,-0.4161,1.1749,0.0,1.2491,0.0,0.0,0.0,False
1,796,2.5955,0.3167,2.4446,0.0,0.4982,0.0,0.0,0.0,False
1,797,2.5922,-1.2145,0.5287,0.0,1.2153,0.0,0.0,0.0,False
1,798,2.589,-0.9664,0.6776,0.0,0.5533,0.0,0.0,0.0,False
1,799,2.5857,-2.2375,0.1901,0.0,3.9118,0.0,0.0,0.0,False
1,800,2.5825,0.3416,2.5064,0.0023,0.0495,0.0,0.0046,0.0,False
1,801,2.5793,-2.2242,0.1926,0.0,1.5574,0.0,0.0,0.0,False
1,802,2.5761,1.0149,4.9141,0.3021,2.9512,0.2821,0.2963,0.3217,False
1,803,2.5729,-1.0116,0.6477,0.0,2.8626,0.0,0.0,0.0,False
1,804,2.5697,-1.6946,0.3271,0.0,0.3886,0.0,0.0,0.0,False
1,805,2.5665,-1.2737,0.4983,0.0,1.8105,0.0,0.0,0.0,False
1,806,2.5633,-1.4047,0.4371,0.0,1.2608,0.0,0.0,0.0,False
1,807,2.5601,-0.9567,0.6842,0.0,0.6554,0.0,0.0,0.0,False
1,808,2.5569,-1.4148,0.4328,0.0,0.4168,0.0,0.0,0.0,False
1,809,2.5538,0.5856,3.199,0.0092,0.3678,0.0,0.0,0.028,False
1,810,2.5506,0.434,2.7488,0.0023,0.3773,0.0,0.0046,0.0,False
1,811,2.5475,-3.1054,0.0798,0.0,0.6852,0.0,0.0,0.0,False
1,812,2.5443,0.9804,4.7476,0.3089,0.0409,0.2821,0.3426,0.2727,False
1,813,2.5412,-1.1664,0.5548,0.0,1.5628,0.0,0.0,0.0,False
1,814,2.5381,-0.4027,1.1906,0.0,0.644,0.0,0.0,0.0,False
1,815,2.535,0.1523,2.074,0.0023,0.5845,0.0,0.0046,0.0,False
1,816,2.5319,-0.4007,1.193,0.0,1.4433,0.0,0.0,0.0,False
1,817,2.5288,-1.0258,0.6385,0.0,1.9233,0.0,0.0,0.0,False
1,818,2.5257,0.3757,2.5932,0.0252,1.8836,0.0,0.0324,0.028,False
1,819,2.5226,-1.4425,0.4209,0.0,0.0569,0.0,0.0,0.0,False
1,820,2.5195,1.7169,9.9161,0.984,0.6572,1.0,0.9722,0.993,True
1,821,2.5164,0.4999,2.9362,0.016,1.4773,0.0,0.0278,0.007,False
1,822,2.5134,0.0769,1.9234,0.0046,2.7476,0.0,0.0046,0.007,False
1,823,2.5103,1.2215,6.0418,0.7826,3.1931,0.8462,0.7454,0.8042,False
1,824,2.5073,-0.0517,1.6913,0.0,0.8226,0.0,0.0,0.0,False
1,825,2.5042,-0.4765,1.1059,0.0,0.7115,0.0,0.0,0.0,False
1,826,2.5012,-1.2158,0.528,0.0,1.9564,0.0,0.0,0.0,False
1,827,2.4982,-0.1248,1.5722,0.0,0.172,0.0,0.0,0.0,False
1,828,2.4952,-0.0501,1.6941,0.0,0.3014,0.0,0.0,0.0,False
1,829,2.4922,-0.0216,1.743,0.0,0.0042,0.0,0.0,0.0,False
1,830,2.4892,0.6003,3.2462,0.0137,0.0512,0.0,0.0139,0.021,False
1,831,2.4862,-1.3978,0.4402,0.0,0.6391,0.0,0.0,0.0,False
1,832,2.4832,0.098,1.9645,0.0,0.1392,0.0,0.0,0.0,False
1,833,2.4802,-0.1361,1.5544,0.0,0.6053,0.0,0.0,0.0,False
1,834,2.4772,-1.0929,0.5971,0.0,1.0297,0.0,0.0,0.0,False
1,835,2.4743,0.0456,1.8642,0.0,0.7252,0.0,0.0,0.0,False
1,836,2.4713,0.6498,3.4112,0.0137,0.349,0.0,0.0231,0.007,False
1,837,2.4683,-2.0482,0.2297,0.0,1.2492,0.0,0.0,0.0,False
1,838,2.4654,-0.4663,1.1173,0.0,0.3713,0.0,0.0,0.0,False
1,839,2.4625,-0.6915,0.892,0.0,1.7709,0.0,0.0,0.0,False
1,840,2.4595,-0.8558,0.7568,0.0,3.7804,0.0,0.0,0.0,False
1,841,2.4566,-1.5975,0.3605,0.0,1.6738,0.0,0.0,0.0,False
1,842,2.4537,0.0412,1.856,0.0,0.0696,0.0,0.0,0.0,False
1,843,2.4508,-0.0692,1.662,0.0,0.6424,0.0,0.0,0.0,False
1,844,2.4479,0.4809,2.8808,0.0023,0.284,0.0,0.0046,0.0,False
1,845,2.445,-2.6227,0.1293,0.0,1.7862,0.0,0.0,0.0,False
1,846,2.4421,1.3471,6.8504,0.9588,0.1239,0.9744,0.9676,0.9371,True
1,847,2.4392,-0.5328,1.0454,0.0,0.9448,0.0,0.0,0.0,False
1,848,2.4363,-1.7037,0.3242,0.0,1.9041,0.0,0.0,0.0,False
1,849,2.4335,-0.7758,0.8199,0.0,1.2508,0.0,0.0,0.0,False
1,850,2.4306,0.6769,3.5046,0.0595,0.1812,0.0256,0.0556,0.0839,False
1,851,2.4277,-1.9415,0.2556,0.0,0.3348,0.0,0.0,0.0,False
1,852,2.4249,-1.8268,0.2866,0.0,2.5752,0.0,0.0,0.0,False
1,853,2.422,-1.3931,0.4422,0.0,0.9944,0.0,0.0,0.0,False
1,854,2.4192,-2.2984,0.1789,0.0,2.7041,0.0,0.0,0.0,False
1,855,2.4164,0.7927,3.9349,0.0801,3.2497,0.0385,0.088,0.0909,False
1,856,2.4136,-0.9955,0.6582,0.0,3.548,0.0,0.0,0.0,False
1,857,2.4107,-0.131,1.5624,0.0,1.071,0.0,0.0,0.0,False
1,858,2.4079,-2.9728,0.0911,0.0,3.0128,0.0,0.0,0.0,False
1,859,2.4051,-2.0076,0.2392,0.0,0.8385,0.0,0.0,0.0,False
1,860,2.4023,-0.3094,1.3071,0.0,0.7272,0.0,0.0,0.0,False
1,861,2.3995,0.5456,3.0734,0.0092,0.6459,0.0128,0.0,0.021,False
1,862,2.3968,0.0234,1.8233,0.0,0.841,0.0,0.0,0.0,False
1,863,2.394,0.0995,1.9674,0.0,0.0786,0.0,0.0,0.0,False
1,864,2.3912,0.0931,1.9549,0.0,0.0029,0.0,0.0,0.0,False
1,865,2.3884,-0.1897,1.4733,0.0,2.4832,0.0,0.0,0.0,False
1,866,2.3857,0.2314,2.2449,0.0,0.7846,0.0,0.0,0.0,False
1,867,2.3829,1.1773,5.7806,0.6911,0.6086,0.7692,0.6759,0.6713,False
1,868,2.3802,0.5131,2.9754,0.0023,4.4117,0.0,0.0046,0.0,False
1,869,2.3774,1.0043,4.8623,0.3295,2.7905,0.3462,0.3056,0.3566,False
1,870,2.3747,0.0774,1.9245,0.0,0.0146,0.0,0.0,0.0,False
1,871,2.372,0.3253,2.4659,0.0,0.4448,0.0,0.0,0.0,False
1,872,2.3693,1.2278,6.0801,0.7872,1.8887,0.859,0.7361,0.8252,False
1,873,2.3666,-2.8486,0.1032,0.0,0.891,0.0,0.0,0.0,False
1,874,2.3638,-2.1719,0.203,0.0,3.487,0.0,0.0,0.0,False
1,875,2.3611,-0.0677,1.6644,0.0,1.493,0.0,0.0,0.0,False
1,876,2.3584,-2.0639,0.2261,0.0,0.3452,0.0,0.0,0.0,False
1,877,2.3558,0.0133,1.805,0.0046,1.1854,0.0,0.0,0.014,False
1,878,2.3531,-0.5682,1.009,0.0,0.7155,0.0,0.0,0.0,False
1,879,2.3504,-1.1453,0.5666,0.0,0.9339,0.0,0.0,0.0,False
1,880,2.3477,0.7565,3.7952,0.0572,0.1901,0.0256,0.0556,0.0769,False
1,881,2.3451,0.1489,2.0669,0.0023,2.2755,0.0128,0.0,0.0,False
1,882,2.3424,0.3797,2.6035,0.0069,0.6443,0.0,0.0139,0.0,False
1,883,2.3398,-0.1559,1.5239,0.0,1.004,0.0,0.0,0.0,False
1,884,2.3371,1.1324,5.5269,0.611,2.876,0.6538,0.6111,0.5874,False
1,885,2.3345,1.2058,5.948,0.7483,1.6642,0.8205,0.713,0.7622,False
1,886,2.3318,0.185,2.1429,0.0,0.6059,0.0,0.0,0.0,False
1,887,2.3292,-0.7541,0.8379,0.0,2.7177,0.0,0.0,0.0,False
1,888,2.3266,0.8109,4.0075,0.1648,0.4601,0.1154,0.2176,0.1119,False
1,889,2.324,0.2305,2.2429,0.0046,0.2346,0.0,0.0093,0.0,False
1,890,2.3213,-1.9223,0.2605,0.0,0.972,0.0,0.0,0.0,False
1,891,2.3187,0.9857,4.7725,0.3822,0.2769,0.3974,0.3981,0.3497,False
1,892,2.3161,0.628,3.3374,0.0046,2.0663,0.0,0.0046,0.007,False
1,893,2.3135,-0.3908,1.2049,0.0,0.1685,0.0,0.0,0.0,False
1,894,2.311,-3.2522,0.0689,0.0,0.1485,0.0,0.0,0.0,False
1,895,2.3084,1.0982,5.3408,0.5355,0.1602,0.5128,0.537,0.5455,False
1,896,2.3058,-1.8367,0.2838,0.0,1.1328,0.0,0.0,0.0,False
1,897,2.3032,-2.3863,0.1638,0.0,0.9498,0.0,0.0,0.0,False
1,898,2.3007,-2.3063,0.1774,0.0,0.6871,0.0,0.0,0.0,False
1,899,2.2981,-1.8539,0.279,0.0,1.3,0.0,0.0,0.0,False
1,900,2.2956,-1.4204,0.4303,0.0,1.5716,0.0,0.0,0.0,False
1,901,2.293,-0.4705,1.1126,0.0,0.0235,0.0,0.0,0.0,False
1,902,2.2905,-1.8792,0.272,0.0,1.3415,0.0,0.0,0.0,False
1,903,2.2879,-0.7661,0.8279,0.0,2.3254,0.0,0.0,0.0,False
1,904,2.2854,-3.0108,0.0877,0.0,0.7885,0.0,0.0,0.0,False
1,905,2.2829,-2.1377,0.21,0.0,1.5255,0.0,0.0,0.0,False
1,906,2.2804,0.6618,3.4522,0.0297,2.5321,0.0,0.037,0.035,False
1,907,2.2778,-1.404,0.4375,0.0,0.8522,0.0,0.0,0.0,False
1,908,2.2753,-1.2325,0.5193,0.0,0.1291,0.0,0.0,0.0,False
1,909,2.2728,-1.7511,0.3092,0.0,1.1868,0.0,0.0,0.0,False
1,910,2.2703,0.3023,2.4098,0.0,0.4942,0.0,0.0,0.0,False
1,911,2.2678,1.0512,5.096,0.4828,3.7961,0.4872,0.4954,0.4615,False
1,912,2.2654,-2.6533,0.1254,0.0,0.0211,0.0,0.0,0.0,False
1,913,2.2629,-1.4792,0.4058,0.0,3.1706,0.0,0.0,0.0,False
1,914,2.2604,0.248,2.2825,0.0023,2.5262,0.0,0.0,0.007,False
1,915,2.2579,-1.1426,0.5681,0.0,0.5569,0.0,0.0,0.0,False
1,916,2.2555,0.006,1.7917,0.0,1.8852,0.0,0.0,0.0,False
1,917,2.253,-0.5635,1.0138,0.0,1.5889,0.0,0.0,0.0,False
1,918,2.2505,-0.4696,1.1136,0.0,0.0595,0.0,0.0,0.0,False
1,919,2.2481,-1.3813,0.4475,0.0,1.7453,0.0,0.0,0.0,False
1,920,2.2457,-1.0359,0.6321,0.0,0.3977,0.0,0.0,0.0,False
1,921,2.2432,-0.3098,1.3066,0.0,0.214,0.0,0.0,0.0,False
1,922,2.2408,0.165,2.1005,0.0023,3.7848,0.0,0.0046,0.0,False
1,923,2.2384,-1.5555,0.376,0.0,0.7663,0.0,0.0,0.0,False
1,924,2.2359,-0.4137,1.1777,0.0,1.7235,0.0,0.0,0.0,False
1,925,2.2335,-1.4477,0.4188,0.0,0.0792,0.0,0.0,0.0,False
1,926,2.2311,0.0447,1.8626,0.0,0.3725,0.0,0.0,0.0,False
1,927,2.2287,-1.1985,0.5373,0.0,1.0351,0.0,0.0,0.0,False
1,928,2.2263,1.0336,5.0068,0.3707,0.3649,0.4231,0.3981,0.3007,False
1,929,2.2239,-0.2818,1.3436,0.0,1.0853,0.0,0.0,0.0,False
1,930,2.2215,-0.5069,1.0729,0.0,0.0536,0.0,0.0,0.0,False
1,931,2.2191,0.7454,3.7533,0.0503,0.0644,0.0385,0.0556,0.049,False
1,932,2.2167,0.3294,2.4759,0.0046,0.5685,0.0,0.0046,0.007,False
1,933,2.2144,-1.3971,0.4405,0.0,3.8765,0.0,0.0,0.0,False
1,934,2.212,-0.1124,1.5917,0.0,1.2414,0.0,0.0,0.0,False
1,935,2.2096,0.0991,1.9666,0.0,0.3826,0.0,0.0,0.0,False
1,936,2.2073,-0.6368,0.9421,0.0,0.1703,0.0,0.0,0.0,False
1,937,2.2049,0.6575,3.4374,0.0275,1.768,0.0,0.037,0.028,False
1,938,2.2026,-3.0622,0.0833,0.0,0.3455,0.0,0.0,0.0,False
1,939,2.2002,0.2471,2.2803,0.0023,0.0063,0.0,0.0046,0.0,False
1,940,2.1979,-0.0559,1.6843,0.0,0.2534,0.0,0.0,0.0,False
1,941,2.1955,-1.4417,0.4213,0.0,0.0263,0.0,0.0,0.0,False
1,942,2.1932,-1.3657,0.4545,0.0,0.0823,0.0,0.0,0.0,False
1,943,2.1909,-0.9507,0.6883,0.0,1.9003,0.0,0.0,0.0,False
1,944,2.1886,0.5832,3.1913,0.0023,1.6514,0.0,0.0046,0.0,False
1,945,2.1862,-1.9421,0.2554,0.0,1.0685,0.0,0.0,0.0,False
1,946,2.1839,-0.5859,0.9913,0.0,0.2933,0.0,0.0,0.0,False
1,947,2.1816,0.6235,3.3225,0.0412,2.1558,0.0,0.0741,0.014,False
1,948,2.1793,-0.3572,1.2461,0.0,0.1644,0.0,0.0,0.0,False
1,949,2.177,0.3614,2.5566,0.0,0.5261,0.0,0.0,0.0,False
1,950,2.1747,-0.3288,1.282,0.0023,0.1852,0.0,0.0046,0.0,False
1,951,2.1725,0.3298,2.4769,0.0,0.4943,0.0,0.0,0.0,False
1,952,2.1702,0.7193,3.6567,0.0275,0.1863,0.0,0.0324,0.035,False
1,953,2.1679,-2.2132,0.1948,0.0,1.3748,0.0,0.0,0.0,False
1,954,2.1656,-2.4951,0.1469,0.0,1.3325,0.0,0.0,0.0,False
1,955,2.1634,0.5204,2.9969,0.0046,1.0451,0.0,0.0093,0.0,False
1,956,2.1611,-1.494,0.3998,0.0,0.2169,0.0,0.0,0.0,False
1,957,2.1588,-0.4512,1.1343,0.0,1.4791,0.0,0.0,0.0,False
1,958,2.1566,-0.6912,0.8923,0.0,1.426,0.0,0.0,0.0,False
1,959,2.1543,-0.1217,1.577,0.0,0.4142,0.0,0.0,0.0,False
1,960,2.1521,-1.4506,0.4175,0.0,1.2314,0.0,0.0,0.0,False
1,961,2.1498,-3.1756,0.0744,0.0,1.1443,0.0,0.0,0.0,False
1,962,2.1476,-0.3309,1.2793,0.0,0.0413,0.0,0.0,0.0,False
1,963,2.1454,-0.2543,1.3811,0.0,1.1345,0.0,0.0,0.0,False
1,964,2.1432,0.3809,2.6069,0.016,0.1576,0.0,0.0231,0.014,False
1,965,2.1409,-0.737,0.8523,0.0,0.2785,0.0,0.0,0.0,False
1,966,2.1387,-2.1632,0.2047,0.0,1.2766,0.0,0.0,0.0,False
1,967,2.1365,-1.3055,0.4827,0.0,0.6431,0.0,0.0,0.0,False
1,968,2.1343,-0.3292,1.2815,0.0,0.6098,0.0,0.0,0.0,False
1,969,2.1321,-1.0608,0.6166,0.0,2.0585,0.0,0.0,0.0,False
1,970,2.1299,0.5458,3.0742,0.0069,2.8474,0.0,0.0046,0.014,False
1,971,2.1277,-0.2176,1.4328,0.0023,2.7527,0.0,0.0,0.007,False
1,972,2.1255,-0.0959,1.6182,0.0,0.6476,0.0,0.0,0.0,False
1,973,2.1233,-1.9624,0.2503,0.0,0.8004,0.0,0.0,0.0,False
1,974,2.1211,1.0833,5.2619,0.5355,1.2016,0.5641,0.5417,0.5105,False
1,975,2.119,0.8485,4.1606,0.1076,0.2173,0.0897,0.1157,0.1049,False
1,976,2.1168,0.6832,3.527,0.0343,0.2349,0.0128,0.0463,0.028,False
1,977,2.1146,-0.508,1.0716,0.0,0.8325,0.0,0.0,0.0,False
1,978,2.1125,1.1902,5.8554,0.7071,0.1383,0.7821,0.6667,0.7273,False
1,979,2.1103,-1.6019,0.3589,0.0,0.4857,0.0,0.0,0.0,False
1,980,2.1082,-0.8974,0.726,0.0,0.675,0.0,0.0,0.0,False
1,981,2.106,-1.5433,0.3806,0.0,1.3999,0.0,0.0,0.0,False
1,982,2.1039,0.365,2.5657,0.0,0.5735,0.0,0.0,0.0,False
1,983,2.1017,0.9319,4.5226,0.2174,0.392,0.1667,0.2083,0.2587,False
1,984,2.0996,-0.1926,1.469,0.0023,1.2661,0.0,0.0,0.007,False
1,985,2.0975,0.5313,3.0297,0.0092,0.0104,0.0128,0.0093,0.007,False
1,986,2.0953,-0.4938,1.087,0.0,1.5248,0.0,0.0,0.0,False
1,987,2.0932,0.205,2.1863,0.0023,0.0139,0.0,0.0046,0.0,False
1,988,2.0911,-1.7845,0.299,0.0,1.1552,0.0,0.0,0.0,False
1,989,2.089,-0.529,1.0494,0.0,0.2413,0.0,0.0,0.0,False
1,990,2.0869,-2.4272,0.1572,0.0,1.9589,0.0,0.0,0.0,False
1,991,2.0848,0.0892,1.9472,0.0,0.6896,0.0,0.0,0.0,False
1,992,2.0827,-0.1115,1.5931,0.0,0.0526,0.0,0.0,0.0,False
1,993,2.0806,0.7482,3.7636,0.0847,0.506,0.0769,0.0972,0.0699,False
1,994,2.0785,0.4428,2.7732,0.0229,1.3139,0.0,0.0,0.0699,False
1,995,2.0764,-0.9699,0.6752,0.0,2.2185,0.0,0.0,0.0,False
1,996,2.0743,0.7318,3.7024,0.032,2.2177,0.0,0.0509,0.021,False
1,997,2.0722,-0.6504,0.9294,0.0,1.0148,0.0,0.0,0.0,False
1,998,2.0701,0.3841,2.6153,0.0,0.261,0.0,0.0,0.0,False
1,999,2.0681,-0.6799,0.9024,0.0,1.5264,0.0,0.0,0.0,False
1,1000,2.066,1.1986,5.9051,0.7529,0.8129,0.859,0.7315,0.7273,False
1,1001,2.0639,-0.8624,0.7519,0.0,2.0182,0.0,0.0,0.0,False
1,1002,2.0619,0.119,2.0061,0.0,0.5818,0.0,0.0,0.0,False
1,1003,2.0598,-0.8818,0.7375,0.0,0.1396,0.0,0.0,0.0,False
1,1004,2.0578,-2.3388,0.1718,0.0,0.8286,0.0,0.0,0.0,False
1,1005,2.0557,-0.8402,0.7688,0.0,2.4363,0.0,0.0,0.0,False
1,1006,2.0537,0.6585,3.4409,0.0229,0.977,0.0128,0.0278,0.021,False
1,1007,2.0516,-0.251,1.3857,0.0,0.8005,0.0,0.0,0.0,False
1,1008,2.0496,-1.6361,0.3469,0.0,2.6748,0.0,0.0,0.0,False
1,1009,2.0476,-1.2826,0.4939,0.0,0.7202,0.0,0.0,0.0,False
1,1010,2.0455,-0.9126,0.7151,0.0,1.0743,0.0,0.0,0.0,False
1,1011,2.0435,-1.0001,0.6552,0.0,3.2086,0.0,0.0,0.0,False
1,1012,2.0415,1.0249,4.9635,0.3982,0.9769,0.4359,0.3704,0.4196,False
1,1013,2.0395,-0.0131,1.7579,0.0,2.0566,0.0,0.0,0.0,False
1,1014,2.0375,-1.4949,0.3995,0.0,0.396,0.0,0.0,0.0,False
1,1015,2.0355,-1.4484,0.4185,0.0,0.449,0.0,0.0,0.0,False
1,1016,2.0335,0.1554,2.0805,0.0,1.2597,0.0,0.0,0.0,False
1,1017,2.0315,-0.9823,0.667,0.0,0.4357,0.0,0.0,0.0,False
1,1018,2.0295,-2.8949,0.0985,0.0,0.2847,0.0,0.0,0.0,False
1,1019,2.0275,-1.6863,0.3299,0.0,1.021,0.0,0.0,0.0,False
1,1020,2.0255,-0.1975,1.4619,0.0,0.1567,0.0,0.0,0.0,False
1,1021,2.0235,-2.3059,0.1775,0.0,0.3239,0.0,0.0,0.0,False
1,1022,2.0215,-2.1066,0.2167,0.0,0.8775,0.0,0.0,0.0,False
1,1023,2.0196,0.4457,2.7812,0.0,0.4729,0.0,0.0,0.0,False
1,1024,2.0176,0.2319,2.2458,0.0,1.0739,0.0,0.0,0.0,False
1,1025,2.0156,0.1668,2.1043,0.0,1.5223,0.0,0.0,0.0,False
1,1026,2.0136,-0.9647,0.6788,0.0,1.1426,0.0,0.0,0.0,False
1,1027,2.0117,-0.5876,0.9897,0.0,1.1127,0.0,0.0,0.0,False
1,1028,2.0097,-0.6237,0.9546,0.0,1.3246,0.0,0.0,0.0,False
1,1029,2.0078,-1.2051,0.5337,0.0,0.3941,0.0,0.0,0.0,False
1,1030,2.0058,-1.551,0.3777,0.0,2.1892,0.0,0.0,0.0,False
1,1031,2.0039,-0.9365,0.6981,0.0,0.0289,0.0,0.0,0.0,False
1,1032,2.0019,-2.2457,0.1885,0.0,4.8079,0.0,0.0,0.0,False
1,1033,2.0,-2.2867,0.181,0.0,0.1317,0.0,0.0,0.0,False
2,1,1252.0,0.9945,4.8148,0.3455,0.782,0.3846,0.3333,0.3427,False
2,2,626.0,1.4124,7.313,0.7963,0.7867,0.9487,0.7361,0.8042,False
2,3,417.3333,-1.1238,0.5789,0.0,1.3338,0.0,0.0,0.0,False
2,4,313.0,0.4383,2.7607,0.0046,0.7663,0.0,0.0093,0.0,False
2,5,250.4,0.7623,3.8172,0.0984,0.3068,0.0897,0.0833,0.1259,False
2,6,208.6667,-0.7982,0.8018,0.0,0.0144,0.0,0.0,0.0,False
2,7,178.8571,0.2411,2.2667,0.0092,0.166,0.0,0.0046,0.021,False
2,8,156.5,-1.5095,0.3937,0.0,0.2664,0.0,0.0,0.0,False
2,9,139.1111,-0.2533,1.3825,0.0366,1.7222,0.0,0.0602,0.021,False
2,10,125.2,-2.3639,0.1675,0.0,1.4968,0.0,0.0,0.0,False
2,11,113.8182,-0.6941,0.8897,0.0,0.0401,0.0,0.0,0.0,False
2,12,104.3333,-2.8215,0.106,0.0,0.2489,0.0,0.0,0.0,False
2,13,96.3077,-0.6953,0.8886,0.0,0.1033,0.0,0.0,0.0,False
2,14,89.4286,0.796,3.9481,0.1304,0.1985,0.0897,0.1667,0.0979,False
2,15,83.4667,-1.253,0.5088,0.0,0.2439,0.0,0.0,0.0,False
2,16,78.25,0.027,1.8299,0.0023,0.1897,0.0,0.0046,0.0,False
2,17,73.6471,-1.8556,0.2785,0.0,4.1642,0.0,0.0,0.0,False
2,18,69.5556,-0.5269,1.0516,0.0,1.3764,0.0,0.0,0.0,False
2,19,65.8947,-0.4791,1.1031,0.0,0.7169,0.0,0.0,0.0,False
2,20,62.6,-0.2976,1.3226,0.0,0.6823,0.0,0.0,0.0,False
2,21,59.619,0.9304,4.5158,0.2426,0.4914,0.2692,0.213,0.2727,False
2,22,56.9091,-0.8118,0.7909,0.0,0.7869,0.0,0.0,0.0,False
2,23,54.4348,0.4304,2.7391,0.0,0.9831,0.0,0.0,0.0,False
2,24,52.1667,-0.0464,1.7004,0.0,4.1679,0.0,0.0,0.0,False
2,25,50.08,0.772,3.8544,0.0343,1.1636,0.0128,0.0509,0.021,False
2,26,48.1538,-1.0809,0.6043,0.0,0.439,0.0,0.0,0.0,False
2,27,46.3704,-3.771,0.041,0.0,1.551,0.0,0.0,0.0,False
2,28,44.7143,-2.3302,0.1733,0.0,0.422,0.0,0.0,0.0,False
2,29,43.1724,-0.556,1.0215,0.0,1.78,0.0,0.0,0.0,False
2,30,41.7333,-0.7568,0.8356,0.0,0.0952,0.0,0.0,0.0,False
2,31,40.3871,-1.2529,0.5088,0.0,0.522,0.0,0.0,0.0,False
2,32,39.125,0.6052,3.2624,0.0549,1.3833,0.0128,0.037,0.1049,False
2,33,37.9394,-0.7031,0.8817,0.0,0.8536,0.0,0.0,0.0,False
2,34,36.8235,-3.2655,0.068,0.0,0.3155,0.0,0.0,0.0,False
2,35,35.7714,-2.7245,0.1168,0.0,1.5724,0.0,0.0,0.0,False
2,36,34.7778,-0.3888,1.2073,0.0,1.5593,0.0,0.0,0.0,False
2,37,33.8378,-0.8286,0.7777,0.0,3.0399,0.0,0.0,0.0,False
2,38,32.9474,-1.2488,0.5109,0.0,1.3709,0.0,0.0,0.0,False
2,39,32.1026,0.9837,4.7632,0.3249,3.7861,0.2949,0.3102,0.3636,False
2,40,31.3,-0.2544,1.381,0.0,0.3571,0.0,0.0,0.0,False
2,41,30.5366,-1.7878,0.298,0.0,0.2104,0.0,0.0,0.0,False
2,42,29.8095,0.8256,4.0667,0.1465,0.3847,0.1154,0.1667,0.1329,False
2,43,29.1163,1.1536,5.6452,0.6682,0.4013,0.7436,0.625,0.6923,False
2,44,28.4545,-1.0269,0.6378,0.0,0.5674,0.0,0.0,0.0,False
2,45,27.8222,-0.7298,0.8585,0.0,0.1527,0.0,0.0,0.0,False
2,46,27.2174,-1.3247,0.4736,0.0,1.0071,0.0,0.0,0.0,False
2,47,26.6383,1.6191,8.9918,0.9931,0.4782,1.0,0.9907,0.993,True
2,48,26.0833,0.7691,3.8433,0.0915,1.2146,0.0256,0.125,0.0769,False
2,49,25.551,-1.3442,0.4644,0.0,1.1222,0.0,0.0,0.0,False
2,50,25.04,-0.2342,1.4092,0.0,0.0003,0.0,0.0,0.0,False
2,51,24.549,-2.7797,0.1105,0.0,0.0896,0.0,0.0,0.0,False
2,52,24.0769,-0.5249,1.0537,0.0,3.5244,0.0,0.0,0.0,False
2,53,23.6226,-3.1572,0.0758,0.0,1.5914,0.0,0.0,0.0,False
2,54,23.1852,-3.2924,0.0662,0.0,1.3827,0.0,0.0,0.0,False
2,55,22.7636,-1.5062,0.395,0.0,0.2989,0.0,0.0,0.0,False
2,56,22.3571,-2.4546,0.153,0.0,0.9975,0.0,0.0,0.0,False
2,57,21.9649,0.5593,3.116,0.0252,1.7032,0.0256,0.0278,0.021,False
2,58,21.5862,-1.3032,0.4838,0.0,0.7088,0.0,0.0,0.0,False
2,59,21.2203,-2.2385,0.1899,0.0,3.6448,0.0,0.0,0.0,False
2,60,20.8667,0.5439,3.0684,0.0023,0.4951,0.0,0.0,0.007,False
2,61,20.5246,-1.2646,0.5029,0.0,0.1251,0.0,0.0,0.0,False
2,62,20.1935,-1.893,0.2683,0.0,2.1803,0.0,0.0,0.0,False
2,63,19.873,-0.9276,0.7044,0.0,0.6052,0.0,0.0,0.0,False
2,64,19.5625,-3.1301,0.0779,0.0,0.7061,0.0,0.0,0.0,False
2,65,19.2615,0.8135,4.0175,0.0664,4.7455,0.0513,0.0972,0.028,False
2,66,18.9697,0.6219,3.3173,0.016,0.5433,0.0,0.0278,0.007,False
2,67,18.6866,-0.7549,0.8372,0.0,1.4129,0.0,0.0,0.0,False
2,68,18.4118,0.1591,2.0883,0.0,0.1784,0.0,0.0,0.0,False
2,69,18.1449,0.0408,1.8552,0.0,0.5678,0.0,0.0,0.0,False
2,70,17.8857,-0.6998,0.8847,0.0,0.2584,0.0,0.0,0.0,False
2,71,17.6338,-0.046,1.7009,0.0,0.8736,0.0,0.0,0.0,False
2,72,17.3889,-2.7024,0.1194,0.0,3.1079,0.0,0.0,0.0,False
2,73,17.1507,-0.5223,1.0565,0.0,1.527,0.0,0.0,0.0,False
2,74,16.9189,1.0087,4.8836,0.3638,0.1601,0.3462,0.3102,0.4545,False
2,75,16.6933,-0.559,1.0184,0.0,0.476,0.0,0.0,0.0,False
2,76,16.4737,-2.3936,0.1626,0.0,0.0287,0.0,0.0,0.0,False
2,77,16.2597,0.0571,1.8857,0.0,1.5774,0.0,0.0,0.0,False
2,78,16.0513,-0.4417,1.1452,0.0,0.6837,0.0,0.0,0.0,False
2,79,15.8481,-1.4841,0.4038,0.0,1.2334,0.0,0.0,0.0,False
2,80,15.65,-0.2385,1.4031,0.0,0.0341,0.0,0.0,0.0,False
2,81,15.4568,-0.6769,0.9051,0.0,0.3749,0.0,0.0,0.0,False
2,82,15.2683,0.2621,2.3149,0.0,0.5907,0.0,0.0,0.0,False
2,83,15.0843,-2.4017,0.1613,0.0,0.0118,0.0,0.0,0.0,False
2,84,14.9048,-0.8147,0.7886,0.0,0.2874,0.0,0.0,0.0,False
2,85,14.7294,-0.0389,1.7132,0.0,0.2818,0.0,0.0,0.0,False
2,86,14.5581,0.4208,2.713,0.0,0.295,0.0,0.0,0.0,False
2,87,14.3908,1.456,7.6384,0.9725,1.692,0.9872,0.9722,0.965,True
2,88,14.2273,-1.7799,0.3004,0.0,1.1989,0.0,0.0,0.0,False
2,89,14.0674,0.3923,2.6367,0.0,0.4195,0.0,0.0,0.0,False
2,90,13.9111,-0.9742,0.6723,0.0,1.1909,0.0,0.0,0.0,False
2,91,13.7582,-2.6548,0.1252,0.0,0.6487,0.0,0.0,0.0,False
2,92,13.6087,-0.4043,1.1888,0.0,3.1368,0.0,0.0,0.0,False
2,93,13.4624,-2.4784,0.1494,0.0,1.2135,0.0,0.0,0.0,False
2,94,13.3191,0.426,2.7271,0.0114,1.9121,0.0,0.0093,0.021,False
2,95,13.1789,-0.71,0.8757,0.0,1.1454,0.0,0.0,0.0,False
2,96,13.0417,-3.3625,0.0617,0.0,0.2691,0.0,0.0,0.0,False
2,97,12.9072,-0.1977,1.4615,0.0,1.7764,0.0,0.0,0.0,False
2,98,12.7755,-0.8936,0.7287,0.0,0.4328,0.0,0.0,0.0,False
2,99,12.6465,0.7303,3.6971,0.0503,0.3649,0.0513,0.037,0.0699,False
2,100,12.52,-0.0986,1.6139,0.0,0.1049,0.0,0.0,0.0,False
2,101,12.396,-0.1765,1.4928,0.0,0.9514,0.0,0.0,0.0,False
2,102,12.2745,-0.0398,1.7116,0.0,0.2466,0.0,0.0,0.0,False
2,103,12.1553,-0.9492,0.6894,0.0,0.1618,0.0,0.0,0.0,False
2,104,12.0385,-0.1885,1.4751,0.0,0.3208,0.0,0.0,0.0,False
2,105,11.9238,-3.2998,0.0657,0.0,0.4442,0.0,0.0,0.0,False
2,106,11.8113,-0.8311,0.7758,0.0,0.3779,0.0,0.0,0.0,False
2,107,11.7009,0.9549,4.6281,0.2494,0.4861,0.2692,0.2361,0.2587,False
2,108,11.5926,-0.9647,0.6787,0.0,1.2857,0.0,0.0,0.0,False
2,109,11.4862,-2.6894,0.121,0.0,3.4746,0.0,0.0,0.0,False
2,110,11.3818,-1.2749,0.4977,0.0,0.5582,0.0,0.0,0.0,False
2,111,11.2793,-0.0943,1.6208,0.0,0.2988,0.0,0.0,0.0,False
2,112,11.1786,-1.747,0.3104,0.0,0.5461,0.0,0.0,0.0,False
2,113,11.0796,-1.5175,0.3905,0.0,0.9509,0.0,0.0,0.0,False
2,114,10.9825,-0.286,1.3381,0.0,4.6647,0.0,0.0,0.0,False
2,115,10.887,-1.5573,0.3753,0.0,0.1173,0.0,0.0,0.0,False
2,116,10.7931,-1.8565,0.2782,0.0,0.6893,0.0,0.0,0.0,False
2,117,10.7009,-1.8549,0.2787,0.0,0.9209,0.0,0.0,0.0,False
2,118,10.6102,-1.6169,0.3536,0.0,0.2638,0.0,0.0,0.0,False
2,119,10.521,-1.4509,0.4174,0.0,0.5897,0.0,0.0,0.0,False
2,120,10.4333,-0.0887,1.6299,0.0,0.3354,0.0,0.0,0.0,False
2,121,10.3471,-1.294,0.4883,0.0,3.0848,0.0,0.0,0.0,False
2,122,10.2623,0.7101,3.623,0.0297,0.7213,0.0128,0.037,0.028,False
2,123,10.1789,-0.0662,1.6669,0.0,7.6938,0.0,0.0,0.0,False
2,124,10.0968,0.3648,2.5652,0.0046,1.2095,0.0,0.0093,0.0,False
2,125,10.016,-0.5115,1.0679,0.0,0.0853,0.0,0.0,0.0,False
2,126,9.9365,-1.4365,0.4235,0.0,1.2866,0.0,0.0,0.0,False
2,127,9.8583,0.2799,2.3564,0.0,0.3482,0.0,0.0,0.0,False
2,128,9.7812,0.7054,3.6061,0.0686,0.7598,0.0,0.1157,0.035,False
2,129,9.7054,-0.6616,0.9191,0.0,0.8748,0.0,0.0,0.0,False
2,130,9.6308,-1.2419,0.5144,0.0,0.6134,0.0,0.0,0.0,False
2,131,9.5573,-2.4787,0.1493,0.0,0.0636,0.0,0.0,0.0,False
2,132,9.4848,-0.0722,1.657,0.0,1.2982,0.0,0.0,0.0,False
2,133,9.4135,1.6722,9.4822,0.9977,0.239,1.0,1.0,0.993,True
2,134,9.3433,-2.9503,0.0932,0.0,2.0162,0.0,0.0,0.0,False
2,135,9.2741,0.5958,3.2319,0.0389,0.9388,0.0,0.0648,0.021,False
2,136,9.2059,0.1965,2.1678,0.0,0.2663,0.0,0.0,0.0,False
2,137,9.1387,-2.5048,0.1455,0.0,0.7558,0.0,0.0,0.0,False
2,138,9.0725,0.0067,1.793,0.0,0.1613,0.0,0.0,0.0,False
2,139,9.0072,-1.8872,0.2698,0.0,0.0126,0.0,0.0,0.0,False
2,140,8.9429,0.4736,2.86,0.0023,1.4778,0.0128,0.0,0.0,False
2,141,8.8794,-3.064,0.0832,0.0,0.0758,0.0,0.0,0.0,False
2,142,8.8169,-0.2455,1.3934,0.0,0.0694,0.0,0.0,0.0,False
2,143,8.7552,0.2529,2.2937,0.0,1.1668,0.0,0.0,0.0,False
2,144,8.6944,-0.7451,0.8455,0.0,1.7396,0.0,0.0,0.0,False
2,145,8.6345,0.0075,1.7945,0.0,1.77,0.0,0.0,0.0,False
2,146,8.5753,1.2348,6.1226,0.7872,0.0476,0.8974,0.7176,0.8322,False
2,147,8.517,0.6821,3.5231,0.0389,2.9106,0.0128,0.0278,0.0699,False
2,148,8.4595,0.607,3.2682,0.0183,2.4858,0.0128,0.0231,0.014,False
2,149,8.4027,-0.5204,1.0584,0.0,0.6181,0.0,0.0,0.0,False
2,150,8.3467,-1.0282,0.637,0.0,0.3771,0.0,0.0,0.0,False
2,151,8.2914,-0.5234,1.0553,0.0,0.16,0.0,0.0,0.0,False
2,152,8.2368,1.0877,5.2854,0.4989,0.2886,0.5385,0.4491,0.5524,False
2,153,8.183,0.3841,2.6152,0.0,0.9429,0.0,0.0,0.0,False
2,154,8.1299,-1.443,0.4207,0.0,0.5234,0.0,0.0,0.0,False
2,155,8.0774,0.3059,2.4185,0.0,0.6814,0.0,0.0,0.0,False
2,156,8.0256,-0.0568,1.6827,0.0,0.0011,0.0,0.0,0.0,False
2,157,7.9745,-2.4003,0.1615,0.0,0.1933,0.0,0.0,0.0,False
2,158,7.9241,0.701,3.5901,0.0114,0.8385,0.0,0.0231,0.0,False
2,159,7.8742,-1.4877,0.4023,0.0,3.5268,0.0,0.0,0.0,False
2,160,7.825,1.1282,5.5034,0.5835,0.0694,0.6282,0.5833,0.5594,False
2,161,7.7764,0.2074,2.1915,0.0,0.9802,0.0,0.0,0.0,False
2,162,7.7284,-0.2136,1.4386,0.0,0.2943,0.0,0.0,0.0,False
2,163,7.681,-0.0657,1.6679,0.0,2.6229,0.0,0.0,0.0,False
2,164,7.6341,-0.6359,0.943,0.0,1.4192,0.0,0.0,0.0,False
2,165,7.5879,-0.097,1.6164,0.0,0.8505,0.0,0.0,0.0,False
2,166,7.5422,-1.1826,0.5458,0.0,0.1214,0.0,0.0,0.0,False
2,167,7.497,-2.8614,0.1019,0.0,0.099,0.0,0.0,0.0,False
2,168,7.4524,2.0586,13.9554,1.0,0.6052,1.0,1.0,1.0,True
2,169,7.4083,-0.917,0.7119,0.0,1.6701,0.0,0.0,0.0,False
2,170,7.3647,-0.1431,1.5437,0.0,1.4901,0.0,0.0,0.0,False
2,171,7.3216,-0.0162,1.7524,0.0,2.0464,0.0,0.0,0.0,False
2,172,7.2791,-0.1872,1.477,0.0,0.6212,0.0,0.0,0.0,False
2,173,7.237,-1.2238,0.5238,0.0,1.5519,0.0,0.0,0.0,False
2,174,7.1954,0.1985,2.172,0.0,0.0331,0.0,0.0,0.0,False
2,175,7.1543,1.2965,6.5127,0.8741,0.5816,0.9103,0.8426,0.9021,False
2,176,7.1136,0.5493,3.0849,0.0137,0.6577,0.0,0.0278,0.0,False
2,177,7.0734,0.7337,3.7095,0.0572,0.0153,0.0256,0.0556,0.0769,False
2,178,7.0337,-0.3619,1.2403,0.0023,4.0999,0.0,0.0,0.007,False
2,179,6.9944,-0.4784,1.1039,0.0,0.1898,0.0,0.0,0.0,False
2,180,6.9556,0.185,2.143,0.0,0.0412,0.0,0.0,0.0,False
2,181,6.9171,0.3481,2.5227,0.0,0.9585,0.0,0.0,0.0,False
2,182,6.8791,-0.2752,1.3526,0.0,0.13,0.0,0.0,0.0,False
2,183,6.8415,-0.3367,1.2719,0.0,0.284,0.0,0.0,0.0,False
2,184,6.8043,0.404,2.6676,0.0069,1.1504,0.0,0.0046,0.014,False
2,185,6.7676,-2.6737,0.1229,0.0,1.2452,0.0,0.0,0.0,False
2,186,6.7312,-0.0708,1.6593,0.0,1.7528,0.0,0.0,0.0,False
2,187,6.6952,-0.0901,1.6276,0.0,0.8502,0.0,0.0,0.0,False
2,188,6.6596,0.2717,2.3371,0.0183,0.9124,0.0128,0.0139,0.028,False
2,189,6.6243,-1.4901,0.4014,0.0,0.3032,0.0,0.0,0.0,False
2,190,6.5895,-1.9403,0.2559,0.0,0.0949,0.0,0.0,0.0,False
2,191,6.555,0.5156,2.9827,0.0092,0.1364,0.0,0.0139,0.007,False
2,192,6.5208,-0.3623,1.2398,0.0023,0.7689,0.0128,0.0,0.0,False
2,193,6.487,0.3886,2.6268,0.0046,0.6012,0.0128,0.0046,0.0,False
2,194,6.4536,-1.9963,0.2419,0.0,0.4902,0.0,0.0,0.0,False
2,195,6.4205,-1.1099,0.587,0.0,0.0939,0.0,0.0,0.0,False
2,196,6.3878,-1.5055,0.3952,0.0,0.6906,0.0,0.0,0.0,False
2,197,6.3553,1.007,4.8755,0.4462,0.2115,0.4487,0.4028,0.5105,False
2,198,6.3232,0.6504,3.4129,0.0343,0.3929,0.0,0.0417,0.042,False
2,199,6.2915,-1.6429,0.3445,0.0,0.5658,0.0,0.0,0.0,False
2,200,6.26,-3.2564,0.0686,0.0,1.3751,0.0,0.0,0.0,False
2,201,6.2289,0.7142,3.6379,0.0481,0.8098,0.0256,0.0463,0.0629,False
2,202,6.198,-0.4542,1.1309,0.0,0.3079,0.0,0.0,0.0,False
2,203,6.1675,-0.8841,0.7357,0.0,0.7126,0.0,0.0,0.0,False
2,204,6.1373,0.2093,2.1958,0.0,0.9597,0.0,0.0,0.0,False
2,205,6.1073,-1.6545,0.3405,0.0,2.9513,0.0,0.0,0.0,False
2,206,6.0777,-1.7859,0.2986,0.0,4.3836,0.0,0.0,0.0,False
2,207,6.0483,0.7299,3.6956,0.0618,1.8078,0.0385,0.0648,0.0699,False
2,208,6.0192,1.4239,7.3971,0.984,1.3573,0.9872,0.9815,0.986,True
2,209,5.9904,-1.6493,0.3423,0.0,0.2991,0.0,0.0,0.0,False
2,210,5.9619,0.8132,4.0164,0.0526,1.6942,0.0513,0.0694,0.028,False
2,211,5.9336,-0.1246,1.5724,0.0,0.1119,0.0,0.0,0.0,False
2,212,5.9057,-0.1687,1.5046,0.0,1.127,0.0,0.0,0.0,False
2,213,5.8779,1.2779,6.3921,0.9016,0.2367,0.9615,0.8657,0.9231,True
2,214,5.8505,0.0861,1.9412,0.0,0.6215,0.0,0.0,0.0,False
2,215,5.8233,-1.2846,0.4929,0.0,0.1332,0.0,0.0,0.0,False
2,216,5.7963,0.0637,1.8983,0.0,0.8846,0.0,0.0,0.0,False
2,217,5.7696,-0.5155,1.0637,0.0,1.3061,0.0,0.0,0.0,False
2,218,5.7431,-0.6423,0.937,0.0,0.7638,0.0,0.0,0.0,False
2,219,5.7169,-1.3364,0.4681,0.0,2.0471,0.0,0.0,0.0,False
2,220,5.6909,0.2789,2.3539,0.0023,0.8895,0.0,0.0046,0.0,False
2,221,5.6652,0.5993,3.2432,0.0114,0.3341,0.0128,0.0093,0.014,False
2,222,5.6396,0.8827,4.3055,0.1762,1.3222,0.141,0.1528,0.2308,False
2,223,5.6143,0.7007,3.589,0.0114,1.5119,0.0,0.0231,0.0,False
2,224,5.5893,-1.732,0.3151,0.0,5.086,0.0,0.0,0.0,False
2,225,5.5644,0.6795,3.5138,0.0435,0.6262,0.0,0.0833,0.007,False
2,226,5.5398,-0.5131,1.0662,0.0,2.6437,0.0,0.0,0.0,False
2,227,5.5154,0.0184,1.8142,0.0,0.6783,0.0,0.0,0.0,False
2,228,5.4912,-1.1998,0.5365,0.0,0.5142,0.0,0.0,0.0,False
2,229,5.4672,-1.5535,0.3767,0.0,0.1985,0.0,0.0,0.0,False
2,230,5.4435,0.2327,2.2477,0.0,1.6955,0.0,0.0,0.0,False
2,231,5.4199,-2.5781,0.1352,0.0,0.7783,0.0,0.0,0.0,False
2,232,5.3966,-2.0986,0.2184,0.0,1.8265,0.0,0.0,0.0,False
2,233,5.3734,-0.5541,1.0234,0.0,0.499,0.0,0.0,0.0,False
2,234,5.3504,0.3047,2.4155,0.0023,0.252,0.0,0.0,0.007,False
2,235,5.3277,0.7883,3.9179,0.0252,0.4931,0.0256,0.0185,0.035,False
2,236,5.3051,-1.9361,0.2569,0.0,3.058,0.0,0.0,0.0,False
2,237,5.2827,0.4001,2.6573,0.0,0.2715,0.0,0.0,0.0,False
2,238,5.2605,-1.1127,0.5854,0.0,0.7527,0.0,0.0,0.0,False
2,239,5.2385,-0.8924,0.7296,0.0,0.4193,0.0,0.0,0.0,False
2,240,5.2167,-0.0517,1.6914,0.0,0.5541,0.0,0.0,0.0,False
2,241,5.195,-0.0108,1.7619,0.0,0.9228,0.0,0.0,0.0,False
2,242,5.1736,-1.104,0.5905,0.0,0.6975,0.0,0.0,0.0,False
2,243,5.1523,0.1713,2.1139,0.0,2.0571,0.0,0.0,0.0,False
2,244,5.1311,1.3303,6.7362,0.8856,0.238,0.9615,0.875,0.8601,False
2,245,5.1102,-1.472,0.4087,0.0,0.205,0.0,0.0,0.0,False
2,246,5.0894,0.8355,4.1072,0.1419,1.249,0.1282,0.1111,0.1958,False
2,247,5.0688,-0.3398,1.268,0.0,0.0441,0.0,0.0,0.0,False
2,248,5.0484,-0.0807,1.643,0.0,0.0033,0.0,0.0,0.0,False
2,249,5.0281,-1.7937,0.2963,0.0,0.6819,0.0,0.0,0.0,False
2,250,5.008,0.3087,2.4252,0.0,0.2937,0.0,0.0,0.0,False
2,251,4.988,1.0508,5.0939,0.3936,2.7668,0.3974,0.3843,0.4056,False
2,252,4.9683,0.8832,4.3078,0.1396,3.1552,0.0513,0.1898,0.1119,False
2,253,4.9486,-2.8608,0.1019,0.0,0.1218,0.0,0.0,0.0,False
2,254,4.9291,-1.4674,0.4106,0.0,0.7344,0.0,0.0,0.0,False
2,255,4.9098,-2.0812,0.2222,0.0,0.2129,0.0,0.0,0.0,False
2,256,4.8906,-0.0782,1.647,0.0,2.2123,0.0,0.0,0.0,False
2,257,4.8716,-2.217,0.194,0.0,0.0776,0.0,0.0,0.0,False
2,258,4.8527,-0.6417,0.9375,0.0,0.6228,0.0,0.0,0.0,False
2,259,4.834,-1.4291,0.4266,0.0,0.7839,0.0,0.0,0.0,False
2,260,4.8154,-0.4139,1.1774,0.0,0.6573,0.0,0.0,0.0,False
2,261,4.7969,-0.19,1.4729,0.0,2.1608,0.0,0.0,0.0,False
2,262,4.7786,-1.087,0.6006,0.0,0.0618,0.0,0.0,0.0,False
2,263,4.7605,0.722,3.6663,0.0206,0.8667,0.0,0.0139,0.042,False
2,264,4.7424,0.396,2.6465,0.0023,1.8083,0.0,0.0,0.007,False
2,265,4.7245,-1.0229,0.6404,0.0,2.1277,0.0,0.0,0.0,False
2,266,4.7068,-0.5901,0.9872,0.0,1.6002,0.0,0.0,0.0,False
2,267,4.6891,-1.8032,0.2935,0.0,1.2937,0.0,0.0,0.0,False
2,268,4.6716,-1.423,0.4292,0.0,0.0435,0.0,0.0,0.0,False
2,269,4.6543,0.1543,2.0781,0.0,0.243,0.0,0.0,0.0,False
2,270,4.637,-0.3933,1.2019,0.0,2.5445,0.0,0.0,0.0,False
2,271,4.6199,0.9592,4.6479,0.2197,1.0084,0.2051,0.2361,0.2028,False
2,272,4.6029,0.2705,2.3343,0.0,1.3641,0.0,0.0,0.0,False
2,273,4.5861,0.8153,4.0249,0.1167,1.6149,0.0256,0.1574,0.1049,False
2,274,4.5693,-1.0545,0.6204,0.0,0.579,0.0,0.0,0.0,False
2,275,4.5527,0.7085,3.6173,0.0229,0.4718,0.0,0.0278,0.028,False
2,276,4.5362,-1.7486,0.3099,0.0,0.1947,0.0,0.0,0.0,False
2,277,4.5199,-0.8349,0.7729,0.0,0.7828,0.0,0.0,0.0,False
2,278,4.5036,0.3532,2.5356,0.0,0.0445,0.0,0.0,0.0,False
2,279,4.4875,1.2853,6.4402,0.8696,0.383,0.9231,0.8472,0.8741,False
2,280,4.4714,-0.4811,1.1009,0.0,0.9726,0.0,0.0,0.0,False
2,281,4.4555,-0.1956,1.4646,0.0,0.431,0.0,0.0,0.0,False
2,282,4.4397,-1.6099,0.356,0.0,0.9898,0.0,0.0,0.0,False
2,283,4.424,-0.1002,1.6113,0.0,2.1153,0.0,0.0,0.0,False
2,284,4.4085,1.0475,5.0768,0.476,0.7673,0.4615,0.4352,0.5455,False
2,285,4.393,-2.7628,0.1124,0.0,1.162,0.0,0.0,0.0,False
2,286,4.3776,-0.0358,1.7184,0.0,2.4877,0.0,0.0,0.0,False
2,287,4.3624,1.2646,6.3083,0.8192,1.8426,0.8718,0.8241,0.7832,False
2,288,4.3472,-2.7635,0.1123,0.0,1.2228,0.0,0.0,0.0,False
2,289,4.3322,-0.2627,1.3696,0.0,1.0102,0.0,0.0,0.0,False
2,290,4.3172,0.8122,4.0123,0.0709,0.6854,0.0385,0.0741,0.0839,False
2,291,4.3024,0.1116,1.9913,0.0023,0.8643,0.0,0.0046,0.0,False
2,292,4.2877,0.1272,2.0228,0.0,1.2516,0.0,0.0,0.0,False
2,293,4.273,-2.3573,0.1686,0.0,2.8195,0.0,0.0,0.0,False
2,294,4.2585,-0.0946,1.6203,0.0,1.7686,0.0,0.0,0.0,False
2,295,4.2441,-1.4811,0.405,0.0,2.239,0.0,0.0,0.0,False
2,296,4.2297,0.1105,1.9892,0.0,3.2017,0.0,0.0,0.0,False
2,297,4.2155,0.0204,1.8177,0.0,0.0353,0.0,0.0,0.0,False
2,298,4.2013,-1.3595,0.4574,0.0,0.8619,0.0,0.0,0.0,False
2,299,4.1873,0.5308,3.0282,0.0275,0.6727,0.0,0.0278,0.042,False
2,300,4.1733,0.275,2.3447,0.0046,0.4253,0.0,0.0046,0.007,False
2,301,4.1595,-0.1466,1.5381,0.0,0.4155,0.0,0.0,0.0,False
2,302,4.1457,-1.1632,0.5566,0.0,1.7389,0.0,0.0,0.0,False
2,303,4.132,0.0366,1.8474,0.0,0.405,0.0,0.0,0.0,False
2,304,4.1184,-0.5291,1.0493,0.0,1.1032,0.0,0.0,0.0,False
2,305,4.1049,0.4375,2.7586,0.0206,3.1086,0.0128,0.0093,0.042,False
2,306,4.0915,-0.7401,0.8497,0.0,0.7537,0.0,0.0,0.0,False
2,307,4.0782,-0.4898,1.0913,0.0,0.341,0.0,0.0,0.0,False
2,308,4.0649,-0.2834,1.3415,0.0,0.6559,0.0,0.0,0.0,False
2,309,4.0518,-3.4425,0.057,0.0,0.8403,0.0,0.0,0.0,False
2,310,4.0387,0.0997,1.9678,0.0,0.851,0.0,0.0,0.0,False
2,311,4.0257,0.4549,2.807,0.0023,0.3008,0.0,0.0046,0.0,False
2,312,4.0128,1.5073,8.0409,0.9931,3.2106,1.0,0.9907,0.993,True
2,313,4.0,-0.6798,0.9025,0.0,0.1884,0.0,0.0,0.0,False
2,314,3.9873,0.7151,3.6411,0.0092,0.685,0.0,0.0185,0.0,False
2,315,3.9746,0.0246,1.8255,0.0,1.2063,0.0,0.0,0.0,False
2,316,3.962,-0.993,0.6598,0.0,0.1169,0.0,0.0,0.0,False
2,317,3.9495,-0.9237,0.7072,0.0,0.6255,0.0,0.0,0.0,False
2,318,3.9371,-0.6707,0.9108,0.0,0.8739,0.0,0.0,0.0,False
2,319,3.9248,-0.8339,0.7736,0.0,0.1861,0.0,0.0,0.0,False
2,320,3.9125,-0.2472,1.391,0.0,0.9432,0.0,0.0,0.0,False
2,321,3.9003,-0.0737,1.6545,0.0,0.0156,0.0,0.0,0.0,False
2,322,3.8882,0.882,4.3024,0.1579,0.7821,0.0513,0.2083,0.1399,False
2,323,3.8762,-0.9736,0.6728,0.0,0.1098,0.0,0.0,0.0,False
2,324,3.8642,0.2456,2.2769,0.0,1.1131,0.0,0.0,0.0,False
2,325,3.8523,-0.4953,1.0853,0.0,1.5337,0.0,0.0,0.0,False
2,326,3.8405,0.2495,2.2859,0.0,0.11,0.0,0.0,0.0,False
2,327,3.8287,0.3342,2.4879,0.0023,1.5631,0.0,0.0046,0.0,False
2,328,3.8171,-3.4193,0.0583,0.0,0.4281,0.0,0.0,0.0,False
2,329,3.8055,-0.2811,1.3446,0.0,0.4761,0.0,0.0,0.0,False
2,330,3.7939,-2.9134,0.0967,0.0,0.0119,0.0,0.0,0.0,False
2,331,3.7825,0.9655,4.6772,0.2334,0.5763,0.2564,0.287,0.1399,False
2,332,3.7711,-2.5288,0.1421,0.0,0.5822,0.0,0.0,0.0,False
2,333,3.7598,-0.4694,1.1138,0.0,1.0929,0.0,0.0,0.0,False
2,334,3.7485,-0.3698,1.2304,0.0,0.7569,0.0,0.0,0.0,False
2,335,3.7373,1.0144,4.9115,0.3432,0.9722,0.3718,0.3472,0.3217,False
2,336,3.7262,0.5321,3.0324,0.0412,0.0357,0.0128,0.0741,0.007,False
2,337,3.7151,-0.4265,1.1627,0.0,0.0047,0.0,0.0,0.0,False
2,338,3.7041,0.8008,3.9672,0.0824,0.2945,0.0256,0.1065,0.0769,False
2,339,3.6932,-0.3029,1.3157,0.0,1.0475,0.0,0.0,0.0,False
2,340,3.6824,-0.9694,0.6756,0.0,0.2272,0.0,0.0,0.0,False
2,341,3.6716,-0.2194,1.4302,0.0,0.673,0.0,0.0,0.0,False
2,342,3.6608,-1.0144,0.6458,0.0,1.8215,0.0,0.0,0.0,False
2,343,3.6501,-1.1608,0.5579,0.0,0.117,0.0,0.0,0.0,False
2,344,3.6395,-0.9219,0.7085,0.0,0.332,0.0,0.0,0.0,False
2,345,3.629,-0.2994,1.3202,0.0,0.9758,0.0,0.0,0.0,False
2,346,3.6185,-0.9435,0.6933,0.0,0.0985,0.0,0.0,0.0,False
2,347,3.6081,-2.1969,0.198,0.0,2.549,0.0,0.0,0.0,False
2,348,3.5977,-1.8669,0.2753,0.0,0.038,0.0,0.0,0.0,False
2,349,3.5874,-1.3059,0.4825,0.0,0.243,0.0,0.0,0.0,False
2,350,3.5771,-0.2595,1.374,0.0,0.5814,0.0,0.0,0.0,False
2,351,3.567,0.0572,1.8859,0.0,0.2635,0.0,0.0,0.0,False
2,352,3.5568,1.2232,6.052,0.7529,2.2676,0.8462,0.7454,0.7133,False
2,353,3.5467,-0.1914,1.4708,0.0,0.2844,0.0,0.0,0.0,False
2,354,3.5367,-0.4522,1.1332,0.0,0.8604,0.0,0.0,0.0,False
2,355,3.5268,-2.0821,0.222,0.0,0.9077,0.0,0.0,0.0,False
2,356,3.5169,0.7193,3.6567,0.0572,0.3817,0.0256,0.0556,0.0769,False
2,357,3.507,-1.3991,0.4396,0.0,3.2663,0.0,0.0,0.0,False
2,358,3.4972,0.353,2.535,0.0,3.4433,0.0,0.0,0.0,False
2,359,3.4875,0.3714,2.5822,0.0,0.245,0.0,0.0,0.0,False
2,360,3.4778,0.5317,3.0311,0.0023,2.5623,0.0,0.0,0.007,False
2,361,3.4681,-0.2875,1.336,0.0,0.3434,0.0,0.0,0.0,False
2,362,3.4586,-1.7296,0.3159,0.0,0.3779,0.0,0.0,0.0,False
2,363,3.449,-0.2373,1.4048,0.0,0.0538,0.0,0.0,0.0,False
2,364,3.4396,-2.3878,0.1636,0.0,2.0247,0.0,0.0,0.0,False
2,365,3.4301,0.581,3.1843,0.0229,0.7193,0.0256,0.0185,0.028,False
2,366,3.4208,-0.8428,0.7668,0.0,0.1216,0.0,0.0,0.0,False
2,367,3.4114,0.6728,3.4902,0.016,0.6449,0.0,0.0185,0.021,False
2,368,3.4022,-2.0369,0.2323,0.0,1.6515,0.0,0.0,0.0,False
2,369,3.393,0.0264,1.8286,0.0023,2.5378,0.0,0.0046,0.0,False
2,370,3.3838,0.2807,2.3582,0.0,2.8995,0.0,0.0,0.0,False
2,371,3.3747,-2.0872,0.2209,0.0,1.2409,0.0,0.0,0.0,False
2,372,3.3656,-1.7111,0.3218,0.0,0.5757,0.0,0.0,0.0,False
2,373,3.3566,0.0001,1.7812,0.0,0.423,0.0,0.0,0.0,False
2,374,3.3476,-2.0616,0.2267,0.0,1.722,0.0,0.0,0.0,False
2,375,3.3387,0.0468,1.8664,0.0,1.8318,0.0,0.0,0.0,False
2,376,3.3298,-3.0352,0.0856,0.0,0.3757,0.0,0.0,0.0,False
2,377,3.321,-0.4046,1.1885,0.0,0.2648,0.0,0.0,0.0,False
2,378,3.3122,-1.5409,0.3815,0.0,0.4575,0.0,0.0,0.0,False
2,379,3.3034,0.0713,1.9128,0.0,0.1499,0.0,0.0,0.0,False
2,380,3.2947,0.1313,2.0309,0.016,1.8056,0.0128,0.0046,0.035,False
2,381,3.2861,-0.9323,0.7011,0.0,0.7563,0.0,0.0,0.0,False
2,382,3.2775,-0.9706,0.6748,0.0,0.726,0.0,0.0,0.0,False
2,383,3.2689,-2.5074,0.1451,0.0,2.7197,0.0,0.0,0.0,False
2,384,3.2604,0.0788,1.9271,0.0,0.2799,0.0,0.0,0.0,False
2,385,3.2519,-0.0523,1.6903,0.0,0.0876,0.0,0.0,0.0,False
2,386,3.2435,0.8893,4.3343,0.1716,1.2922,0.1282,0.2037,0.1469,False
2,387,3.2351,-0.3707,1.2294,0.0,0.4748,0.0,0.0,0.0,False
2,388,3.2268,-1.9014,0.266,0.0,4.0213,0.0,0.0,0.0,False
2,389,3.2185,-0.3385,1.2696,0.0,1.2143,0.0,0.0,0.0,False
2,390,3.2103,-0.1393,1.5495,0.0,0.7655,0.0,0.0,0.0,False
2,391,3.202,-1.5976,0.3605,0.0,0.8897,0.0,0.0,0.0,False
2,392,3.1939,-1.3742,0.4507,0.0,0.7101,0.0,0.0,0.0,False
2,393,3.1858,-2.6394,0.1272,0.0,2.1018,0.0,0.0,0.0,False
2,394,3.1777,-0.9354,0.6989,0.0,1.1514,0.0,0.0,0.0,False
2,395,3.1696,-1.3805,0.4479,0.0,0.7847,0.0,0.0,0.0,False
2,396,3.1616,-0.0681,1.6637,0.0,0.4276,0.0,0.0,0.0,False
2,397,3.1537,-0.8674,0.7481,0.0,0.6564,0.0,0.0,0.0,False
2,398,3.1457,1.3548,6.9036,0.9153,0.0876,0.9744,0.8981,0.9091,True
2,399,3.1378,-1.0349,0.6327,0.0,0.0971,0.0,0.0,0.0,False
2,400,3.13,-0.5296,1.0488,0.0,3.3037,0.0,0.0,0.0,False
2,401,3.1222,0.6089,3.2744,0.0114,0.8936,0.0128,0.0139,0.007,False
2,402,3.1144,-1.3916,0.4429,0.0,0.0572,0.0,0.0,0.0,False
2,403,3.1067,-0.3675,1.2333,0.0,2.7479,0.0,0.0,0.0,False
2,404,3.099,0.9895,4.7911,0.2929,0.7961,0.2692,0.2917,0.3077,False
2,405,3.0914,-2.5204,0.1432,0.0,0.4618,0.0,0.0,0.0,False
2,406,3.0837,-0.9702,0.675,0.0,0.1817,0.0,0.0,0.0,False
2,407,3.0762,-2.5688,0.1365,0.0,3.4462,0.0,0.0,0.0,False
2,408,3.0686,-0.2701,1.3595,0.0,1.6756,0.0,0.0,0.0,False
2,409,3.0611,-3.0723,0.0825,0.0,0.861,0.0,0.0,0.0,False
2,410,3.0537,0.5035,2.9468,0.016,0.1787,0.0128,0.0139,0.021,False
2,411,3.0462,-2.2842,0.1814,0.0,0.0478,0.0,0.0,0.0,False
2,412,3.0388,0.5936,3.2247,0.0023,0.7063,0.0,0.0046,0.0,False
2,413,3.0315,0.6699,3.4803,0.0664,0.034,0.0256,0.1065,0.028,False
2,414,3.0242,-1.6135,0.3548,0.0,1.4409,0.0,0.0,0.0,False
2,415,3.0169,0.2893,2.3787,0.0069,2.018,0.0,0.0139,0.0,False
2,416,3.0096,-1.2066,0.5329,0.0,2.8051,0.0,0.0,0.0,False
2,417,3.0024,-2.6573,0.1249,0.0,0.0562,0.0,0.0,0.0,False
2,418,2.9952,0.7931,3.9367,0.0229,0.7774,0.0256,0.0278,0.014,False
2,419,2.9881,-0.5978,0.9796,0.0,0.7062,0.0,0.0,0.0,False
2,420,2.981,-0.7367,0.8526,0.0,1.0866,0.0,0.0,0.0,False
2,421,2.9739,-0.9073,0.7189,0.0,0.1525,0.0,0.0,0.0,False
2,422,2.9668,0.2141,2.2062,0.0,1.4305,0.0,0.0,0.0,False
2,423,2.9598,-0.1613,1.5157,0.0,1.482,0.0,0.0,0.0,False
2,424,2.9528,0.2515,2.2904,0.0023,1.1014,0.0,0.0046,0.0,False
2,425,2.9459,-1.5806,0.3666,0.0,0.1654,0.0,0.0,0.0,False
2,426,2.939,-0.9575,0.6837,0.0,2.0713,0.0,0.0,0.0,False
2,427,2.9321,-0.0332,1.7229,0.0,0.3465,0.0,0.0,0.0,False
2,428,2.9252,0.4536,2.8032,0.0,1.0609,0.0,0.0,0.0,False
2,429,2.9184,-0.7984,0.8015,0.0,2.5373,0.0,0.0,0.0,False
2,430,2.9116,-1.2621,0.5042,0.0,1.6009,0.0,0.0,0.0,False
2,431,2.9049,-0.5539,1.0236,0.0,0.2708,0.0,0.0,0.0,False
2,432,2.8981,0.728,3.6884,0.0435,0.9084,0.0256,0.0787,0.0,False
2,433,2.8915,-0.6428,0.9365,0.0,0.1335,0.0,0.0,0.0,False
2,434,2.8848,-1.0501,0.6232,0.0,0.4506,0.0,0.0,0.0,False
2,435,2.8782,-0.4282,1.1607,0.0,0.6533,0.0,0.0,0.0,False
2,436,2.8716,0.5909,3.2158,0.0092,0.4794,0.0,0.0046,0.021,False
2,437,2.865,-0.4927,1.0882,0.0,1.8891,0.0,0.0,0.0,False
2,438,2.8584,0.683,3.5262,0.0618,0.1865,0.0,0.1019,0.035,False
2,439,2.8519,0.5475,3.0792,0.0023,0.4452,0.0,0.0046,0.0,False
2,440,2.8455,0.1038,1.976,0.0046,0.5602,0.0128,0.0,0.007,False
2,441,2.839,-2.4492,0.1538,0.0,0.2901,0.0,0.0,0.0,False
2,442,2.8326,-1.4489,0.4182,0.0,0.018,0.0,0.0,0.0,False
2,443,2.8262,-1.3929,0.4424,0.0,2.5301,0.0,0.0,0.0,False
2,444,2.8198,-1.5102,0.3934,0.0,0.2758,0.0,0.0,0.0,False
2,445,2.8135,-0.894,0.7285,0.0,0.1874,0.0,0.0,0.0,False
2,446,2.8072,0.1893,2.1523,0.0,0.0531,0.0,0.0,0.0,False
2,447,2.8009,-2.2506,0.1876,0.0,0.8012,0.0,0.0,0.0,False
2,448,2.7946,0.3649,2.5655,0.0023,0.0964,0.0,0.0046,0.0,False
2,449,2.7884,0.5998,3.2447,0.0069,0.045,0.0,0.0093,0.007,False
2,450,2.7822,-0.3626,1.2394,0.0,0.9446,0.0,0.0,0.0,False
2,451,2.7761,-2.0754,0.2235,0.0,0.0459,0.0,0.0,0.0,False
2,452,2.7699,0.6027,3.2542,0.0114,0.492,0.0,0.0185,0.007,False
2,453,2.7638,-0.208,1.4466,0.0,2.3677,0.0,0.0,0.0,False
2,454,2.7577,-3.1597,0.0756,0.0,13.0197,0.0,0.0,0.0,False
2,455,2.7516,0.3268,2.4694,0.0069,1.1988,0.0,0.0139,0.0,False
2,456,2.7456,-0.006,1.7704,0.0023,3.3054,0.0,0.0046,0.0,False
2,457,2.7396,-1.6471,0.343,0.0,0.1011,0.0,0.0,0.0,False
2,458,2.7336,-1.8739,0.2734,0.0,0.2817,0.0,0.0,0.0,False
2,459,2.7277,-1.7302,0.3157,0.0,0.0626,0.0,0.0,0.0,False
2,460,2.7217,-0.9258,0.7057,0.0,1.6958,0.0,0.0,0.0,False
2,461,2.7158,-0.3894,1.2066,0.0,0.4979,0.0,0.0,0.0,False
2,462,2.71,-2.6647,0.124,0.0,2.7645,0.0,0.0,0.0,False
2,463,2.7041,-0.2411,1.3995,0.0069,0.3111,0.0,0.0139,0.0,False
2,464,2.6983,-1.467,0.4108,0.0,0.5064,0.0,0.0,0.0,False
2,465,2.6925,-0.7994,0.8008,0.0,1.7318,0.0,0.0,0.0,False
2,466,2.6867,-0.8638,0.7508,0.0,0.0302,0.0,0.0,0.0,False
2,467,2.6809,-2.2686,0.1843,0.0,0.1504,0.0,0.0,0.0,False
2,468,2.6752,-0.1295,1.5647,0.0,2.8756,0.0,0.0,0.0,False
2,469,2.6695,-0.5232,1.0555,0.0,1.2991,0.0,0.0,0.0,False
2,470,2.6638,0.5158,2.9834,0.0183,0.9367,0.0,0.0278,0.014,False
2,471,2.6582,-0.2581,1.3759,0.0,2.5781,0.0,0.0,0.0,False
2,472,2.6525,-0.6505,0.9293,0.0,3.3569,0.0,0.0,0.0,False
2,473,2.6469,0.4169,2.7024,0.0023,0.1245,0.0128,0.0,0.0,False
2,474,2.6414,0.9221,4.4786,0.2426,0.6088,0.2692,0.1898,0.3077,False
2,475,2.6358,0.7649,3.8271,0.0435,0.0433,0.0385,0.0556,0.028,False
2,476,2.6303,0.6538,3.4248,0.0366,0.0669,0.0,0.0278,0.0699,False
2,477,2.6247,0.019,1.8152,0.0,0.0324,0.0,0.0,0.0,False
2,478,2.6192,0.444,2.7766,0.0023,0.3508,0.0,0.0046,0.0,False
2,479,2.6138,-3.2153,0.0715,0.0,1.9028,0.0,0.0,0.0,False
2,480,2.6083,-1.8424,0.2822,0.0,0.5155,0.0,0.0,0.0,False
2,481,2.6029,1.7086,9.834,1.0,0.0342,1.0,1.0,1.0,True
2,482,2.5975,-0.8965,0.7267,0.0,0.7597,0.0,0.0,0.0,False
2,483,2.5921,-0.3087,1.308,0.0,0.4542,0.0,0.0,0.0,False
2,484,2.5868,-1.5733,0.3693,0.0,0.6218,0.0,0.0,0.0,False
2,485,2.5814,0.4684,2.845,0.0,1.4742,0.0,0.0,0.0,False
2,486,2.5761,0.1509,2.0711,0.0,0.2007,0.0,0.0,0.0,False
2,487,2.5708,-0.1297,1.5644,0.0,0.9224,0.0,0.0,0.0,False
2,488,2.5656,-1.6429,0.3445,0.0,1.4462,0.0,0.0,0.0,False
2,489,2.5603,-0.5923,0.985,0.0,1.8971,0.0,0.0,0.0,False
2,490,2.5551,-0.7176,0.869,0.0,0.4175,0.0,0.0,0.0,False
2,491,2.5499,-0.2522,1.384,0.0,1.3885,0.0,0.0,0.0,False
2,492,2.5447,-0.9013,0.7232,0.0,0.1683,0.0,0.0,0.0,False
2,493,2.5396,-0.2102,1.4434,0.0,0.5343,0.0,0.0,0.0,False
2,494,2.5344,-1.1684,0.5537,0.0,2.291,0.0,0.0,0.0,False
2,495,2.5293,1.0423,5.0504,0.4371,2.1852,0.4744,0.5046,0.3147,False
2,496,2.5242,-0.2421,1.3981,0.0,3.0943,0.0,0.0,0.0,False
2,497,2.5191,0.0031,1.7866,0.0,0.4013,0.0,0.0,0.0,False
2,498,2.5141,1.2416,6.1642,0.8238,0.702,0.8974,0.7778,0.8531,False
2,499,2.509,0.3181,2.448,0.0,1.0606,0.0,0.0,0.0,False
2,500,2.504,-0.8548,0.7576,0.0,0.0835,0.0,0.0,0.0,False
2,501,2.499,0.299,2.4018,0.0,0.6574,0.0,0.0,0.0,False
2,502,2.494,-1.0432,0.6275,0.0,0.2006,0.0,0.0,0.0,False
2,503,2.4891,0.363,2.5605,0.0,2.7655,0.0,0.0,0.0,False
2,504,2.4841,-0.7921,0.8066,0.0,0.26,0.0,0.0,0.0,False
2,505,2.4792,-1.6542,0.3406,0.0,0.1091,0.0,0.0,0.0,False
2,506,2.4743,0.2276,2.2363,0.0,5.0582,0.0,0.0,0.0,False
2,507,2.4694,-1.5187,0.39,0.0023,0.2407,0.0,0.0046,0.0,False
2,508,2.4646,-1.596,0.361,0.0,1.334,0.0,0.0,0.0,False
2,509,2.4597,-1.2449,0.5129,0.0,2.3905,0.0,0.0,0.0,False
2,510,2.4549,-3.4247,0.058,0.0,1.1517,0.0,0.0,0.0,False
2,511,2.4501,-0.569,1.0082,0.0,0.6611,0.0,0.0,0.0,False
2,512,2.4453,-0.5724,1.0049,0.0,1.544,0.0,0.0,0.0,False
2,513,2.4405,-1.0535,0.6211,0.0,0.0454,0.0,0.0,0.0,False
2,514,2.4358,-0.5473,1.0303,0.0,0.662,0.0,0.0,0.0,False
2,515,2.4311,-0.5705,1.0067,0.0,1.9008,0.0,0.0,0.0,False
2,516,2.4264,-0.9802,0.6683,0.0,1.6968,0.0,0.0,0.0,False
2,517,2.4217,-1.3906,0.4434,0.0,0.5396,0.0,0.0,0.0,False
2,518,2.417,-0.9892,0.6623,0.0,0.1332,0.0,0.0,0.0,False
2,519,2.4123,-2.7738,0.1112,0.0,0.2247,0.0,0.0,0.0,False
2,520,2.4077,-2.5238,0.1428,0.0,0.0795,0.0,0.0,0.0,False
2,521,2.4031,0.3108,2.4304,0.0,0.6681,0.0,0.0,0.0,False
2,522,2.3985,-3.2075,0.0721,0.0,0.5073,0.0,0.0,0.0,False
2,523,2.3939,0.0353,1.8451,0.0,1.3063,0.0,0.0,0.0,False
2,524,2.3893,0.6503,3.4127,0.0092,0.4004,0.0,0.0185,0.0,False
2,525,2.3848,-1.9948,0.2423,0.0,0.2048,0.0,0.0,0.0,False
2,526,2.3802,0.9301,4.5147,0.1899,0.0348,0.1667,0.1991,0.1888,False
2,527,2.3757,-3.1837,0.0738,0.0,0.011,0.0,0.0,0.0,False
2,528,2.3712,-0.9826,0.6667,0.0,0.0229,0.0,0.0,0.0,False
2,529,2.3667,-0.3125,1.303,0.0,1.418,0.0,0.0,0.0,False
2,530,2.3623,0.0547,1.8812,0.0,1.1612,0.0,0.0,0.0,False
2,531,2.3578,-1.9802,0.2459,0.0,0.3084,0.0,0.0,0.0,False
2,532,2.3534,1.2871,6.4513,0.8741,0.7003,0.9487,0.8056,0.9371,False
2,533,2.349,-0.6119,0.9659,0.0,0.7331,0.0,0.0,0.0,False
2,534,2.3446,1.0134,4.9066,0.3455,0.149,0.2949,0.3935,0.3007,False
2,535,2.3402,-0.89,0.7314,0.0,0.3432,0.0,0.0,0.0,False
2,536,2.3358,-0.9874,0.6635,0.0,3.1807,0.0,0.0,0.0,False
2,537,2.3315,0.6935,3.5634,0.0252,1.5288,0.0256,0.037,0.007,False
2,538,2.3271,-0.679,0.9032,0.0,0.0454,0.0,0.0,0.0,False
2,539,2.3228,-2.295,0.1795,0.0,0.2498,0.0,0.0,0.0,False
2,540,2.3185,-0.2972,1.3231,0.0,1.8176,0.0,0.0,0.0,False
2,541,2.3142,-1.2921,0.4892,0.0,2.1166,0.0,0.0,0.0,False
2,542,2.31,-0.1194,1.5806,0.0,2.6597,0.0,0.0,0.0,False
2,543,2.3057,-2.2015,0.1971,0.0,1.9335,0.0,0.0,0.0,False
2,544,2.3015,-0.5536,1.0239,0.0,0.5656,0.0,0.0,0.0,False
2,545,2.2972,-0.1139,1.5893,0.0023,0.3821,0.0,0.0046,0.0,False
2,546,2.293,0.6494,3.4097,0.0137,0.6001,0.0256,0.0093,0.014,False
2,547,2.2888,0.8115,4.0095,0.0778,0.1923,0.0256,0.1065,0.0629,False
2,548,2.2847,-1.0373,0.6312,0.0,0.7661,0.0,0.0,0.0,False
2,549,2.2805,-0.6752,0.9067,0.0,0.0509,0.0,0.0,0.0,False
2,550,2.2764,-0.0054,1.7716,0.0,1.0927,0.0,0.0,0.0,False
2,551,2.2722,-1.3488,0.4623,0.0,0.2073,0.0,0.0,0.0,False
2,552,2.2681,-0.581,0.9962,0.0,0.4424,0.0,0.0,0.0,False
2,553,2.264,-1.1473,0.5655,0.0,0.346,0.0,0.0,0.0,False
2,554,2.2599,-0.5719,1.0053,0.0,0.0381,0.0,0.0,0.0,False
2,555,2.2559,-1.0706,0.6106,0.0,0.047,0.0,0.0,0.0,False
2,556,2.2518,-0.0365,1.7172,0.0,0.3147,0.0,0.0,0.0,False
2,557,2.2478,-0.3942,1.2009,0.0,1.2785,0.0,0.0,0.0,False
2,558,2.2437,-0.2551,1.3801,0.0,0.854,0.0,0.0,0.0,False
2,559,2.2397,-0.5303,1.0481,0.0,0.7899,0.0,0.0,0.0,False
2,560,2.2357,-0.0068,1.7691,0.0,0.4011,0.0,0.0,0.0,False
2,561,2.2317,0.1844,2.1417,0.0,0.1462,0.0,0.0,0.0,False
2,562,2.2278,-0.1136,1.5897,0.0,0.0916,0.0,0.0,0.0,False
2,563,2.2238,0.2864,2.3717,0.0046,3.2743,0.0,0.0093,0.0,False
2,564,2.2199,-3.4301,0.0577,0.0,4.0816,0.0,0.0,0.0,False
2,565,2.2159,-0.2634,1.3686,0.0,0.2085,0.0,0.0,0.0,False
2,566,2.212,-2.9779,0.0907,0.0,0.5762,0.0,0.0,0.0,False
2,567,2.2081,0.1723,2.1161,0.0023,0.9487,0.0,0.0,0.007,False
2,568,2.2042,-0.1945,1.4663,0.0,0.5299,0.0,0.0,0.0,False
2,569,2.2004,-1.3044,0.4833,0.0,1.1611,0.0,0.0,0.0,False
2,570,2.1965,1.1641,5.7047,0.6499,0.2496,0.7179,0.6759,0.5734,False
2,571,2.1926,-0.9851,0.6651,0.0,0.1386,0.0,0.0,0.0,False
2,572,2.1888,-1.8988,0.2667,0.0,0.1188,0.0,0.0,0.0,False
2,573,2.185,-1.6709,0.335,0.0,0.3852,0.0,0.0,0.0,False
2,574,2.1812,-0.354,1.2501,0.0,0.5256,0.0,0.0,0.0,False
2,575,2.1774,-1.747,0.3104,0.0,0.0463,0.0,0.0,0.0,False
2,576,2.1736,-1.5378,0.3827,0.0,0.3652,0.0,0.0,0.0,False
2,577,2.1698,-2.3733,0.1659,0.0,1.3215,0.0,0.0,0.0,False
2,578,2.1661,-0.5512,1.0264,0.0,1.3808,0.0,0.0,0.0,False
2,579,2.1623,0.6214,3.3154,0.0069,0.7665,0.0,0.0046,0.014,False
2,580,2.1586,-0.4987,1.0817,0.0,3.2257,0.0,0.0,0.0,False
2,581,2.1549,0.4782,2.873,0.0,1.8955,0.0,0.0,0.0,False
2,582,2.1512,-0.6041,0.9735,0.0,0.5636,0.0,0.0,0.0,False
2,583,2.1475,-0.3725,1.2272,0.0,0.0527,0.0,0.0,0.0,False
2,584,2.1438,-0.3414,1.2659,0.0,1.4442,0.0,0.0,0.0,False
2,585,2.1402,-2.6095,0.131,0.0,2.7946,0.0,0.0,0.0,False
2,586,2.1365,-0.2116,1.4414,0.0,0.2163,0.0,0.0,0.0,False
2,587,2.1329,1.2179,6.0202,0.778,3.1362,0.8205,0.7731,0.7622,False
2,588,2.1293,-1.0434,0.6274,0.0,1.6623,0.0,0.0,0.0,False
2,589,2.1256,0.9312,4.5197,0.27,0.185,0.1667,0.3796,0.1608,False
2,590,2.122,-3.0469,0.0846,0.0,1.0126,0.0,0.0,0.0,False
2,591,2.1184,0.4396,2.7643,0.0,0.291,0.0,0.0,0.0,False
2,592,2.1149,-0.32,1.2934,0.0,0.9707,0.0,0.0,0.0,False
2,593,2.1113,-0.137,1.5531,0.0,0.4055,0.0,0.0,0.0,False
2,594,2.1077,0.8423,4.1352,0.0618,0.5381,0.0,0.0648,0.0909,False
2,595,2.1042,-1.8235,0.2876,0.0,0.3456,0.0,0.0,0.0,False
2,596,2.1007,0.1954,2.1654,0.0,0.6641,0.0,0.0,0.0,False
2,597,2.0972,-0.6359,0.9431,0.0,0.2843,0.0,0.0,0.0,False
2,598,2.0936,0.2977,2.3988,0.0,0.0944,0.0,0.0,0.0,False
2,599,2.0902,-1.3543,0.4597,0.0,0.2068,0.0,0.0,0.0,False
2,600,2.0867,-2.5443,0.1399,0.0,0.7881,0.0,0.0,0.0,False
2,601,2.0832,0.3354,2.4908,0.0,1.1552,0.0,0.0,0.0,False
2,602,2.0797,-0.2104,1.4431,0.0,0.3402,0.0,0.0,0.0,False
2,603,2.0763,0.4235,2.7203,0.0069,0.4795,0.0,0.0093,0.007,False
2,604,2.0728,0.0552,1.8821,0.0,0.8929,0.0,0.0,0.0,False
2,605,2.0694,0.9236,4.4852,0.1762,0.8389,0.1282,0.2315,0.1189,False
2,606,2.066,-0.8127,0.7902,0.0,0.6141,0.0,0.0,0.0,False
2,607,2.0626,0.9972,4.8282,0.3204,0.7379,0.2564,0.3565,0.3007,False
2,608,2.0592,-0.3606,1.2419,0.0,1.8071,0.0,0.0,0.0,False
2,609,2.0558,0.1186,2.0054,0.0,0.266,0.0,0.0,0.0,False
2,610,2.0525,1.1019,5.3607,0.5309,1.1847,0.5897,0.5,0.5455,False
2,611,2.0491,-2.0745,0.2237,0.0,1.3557,0.0,0.0,0.0,False
2,612,2.0458,-1.1645,0.5558,0.0,1.1951,0.0,0.0,0.0,False
2,613,2.0424,0.8968,4.3666,0.1602,0.8669,0.1795,0.1944,0.0979,False
2,614,2.0391,0.6699,3.4803,0.0389,0.5687,0.0128,0.0509,0.035,False
2,615,2.0358,-1.8278,0.2863,0.0,2.1146,0.0,0.0,0.0,False
2,616,2.0325,-1.9246,0.2599,0.0,0.4852,0.0,0.0,0.0,False
2,617,2.0292,-0.4791,1.103,0.0,0.2236,0.0,0.0,0.0,False
2,618,2.0259,-0.0619,1.6742,0.0023,0.7257,0.0128,0.0,0.0,False
2,619,2.0226,-2.3983,0.1618,0.0,0.0134,0.0,0.0,0.0,False
2,620,2.0194,-1.9389,0.2562,0.0,2.5811,0.0,0.0,0.0,False
2,621,2.0161,-0.7261,0.8616,0.0,0.7895,0.0,0.0,0.0,False
2,622,2.0129,-3.1019,0.0801,0.0,1.1493,0.0,0.0,0.0,False
2,623,2.0096,-1.4751,0.4074,0.0,1.6341,0.0,0.0,0.0,False
2,624,2.0064,-1.0772,0.6066,0.0,0.2985,0.0,0.0,0.0,False
2,625,2.0032,-1.7401,0.3126,0.0,0.6712,0.0,0.0,0.0,False
2,626,2.0,2.0116,13.3141,1.0,6.5442,1.0,1.0,1.0,True
3,1,1084.0,-0.255,1.3802,0.0023,0.8505,0.0,0.0046,0.0,False
3,2,542.0,-0.5442,1.0336,0.0,1.276,0.0,0.0,0.0,False
3,3,361.3333,0.0173,1.8121,0.0412,1.9519,0.0,0.0694,0.021,False
3,4,271.0,0.4702,2.8502,0.0046,1.642,0.0128,0.0046,0.0,False
3,5,216.8,-0.2474,1.3908,0.0,0.0343,0.0,0.0,0.0,False
3,6,180.6667,-0.8278,0.7784,0.0,1.0288,0.0,0.0,0.0,False
3,7,154.8571,-2.7207,0.1172,0.0,0.0169,0.0,0.0,0.0,False
3,8,135.5,-0.5554,1.0221,0.0023,1.1253,0.0,0.0046,0.0,False
3,9,120.4444,-0.5012,1.079,0.0,0.4302,0.0,0.0,0.0,False
3,10,108.4,0.1804,2.1331,0.0046,0.7511,0.0,0.0093,0.0,False
3,11,98.5455,-0.884,0.7358,0.0,0.0703,0.0,0.0,0.0,False
3,12,90.3333,1.0068,4.8746,0.4737,0.3379,0.4103,0.5093,0.4545,False
3,13,83.3846,-0.1466,1.5382,0.0,1.6216,0.0,0.0,0.0,False
3,14,77.4286,-0.5539,1.0236,0.0,0.2645,0.0,0.0,0.0,False
3,15,72.2667,-1.449,0.4182,0.0,0.0419,0.0,0.0,0.0,False
3,16,67.75,0.4506,2.7951,0.0,1.0724,0.0,0.0,0.0,False
3,17,63.7647,0.1176,2.0034,0.0,2.1132,0.0,0.0,0.0,False
3,18,60.2222,-0.931,0.702,0.0,0.7501,0.0,0.0,0.0,False
3,19,57.0526,-0.5745,1.0027,0.0,0.1264,0.0,0.0,0.0,False
3,20,54.2,-2.0305,0.2338,0.0,1.6513,0.0,0.0,0.0,False
3,21,51.619,-0.6212,0.9569,0.0,4.6647,0.0,0.0,0.0,False
3,22,49.2727,-0.1801,1.4876,0.0,1.7542,0.0,0.0,0.0,False
3,23,47.1304,-1.1597,0.5585,0.0,0.0894,0.0,0.0,0.0,False
3,24,45.1667,0.0483,1.8693,0.0,0.619,0.0,0.0,0.0,False
3,25,43.36,0.0537,1.8794,0.0,1.2268,0.0,0.0,0.0,False
3,26,41.6923,-3.3823,0.0605,0.0,0.3094,0.0,0.0,0.0,False
3,27,40.1481,-0.5678,1.0094,0.0,5.45,0.0,0.0,0.0,False
3,28,38.7143,0.3712,2.5816,0.0,0.0445,0.0,0.0,0.0,False
3,29,37.3793,0.1577,2.0853,0.0046,0.1473,0.0,0.0093,0.0,False
3,30,36.1333,-3.403,0.0593,0.0,0.2257,0.0,0.0,0.0,False
3,31,34.9677,0.8512,4.172,0.0732,0.3577,0.0769,0.0833,0.0559,False
3,32,33.875,-0.0837,1.6381,0.0,0.2265,0.0,0.0,0.0,False
3,33,32.8485,-0.524,1.0546,0.0,0.4337,0.0,0.0,0.0,False
3,34,31.8824,-1.2519,0.5093,0.0,4.3292,0.0,0.0,0.0,False
3,35,30.9714,-0.4232,1.1666,0.0,1.3413,0.0,0.0,0.0,False
3,36,30.1111,-0.4556,1.1293,0.0,0.7949,0.0,0.0,0.0,False
3,37,29.2973,-0.093,1.623,0.0,1.1232,0.0,0.0,0.0,False
3,38,28.5263,0.4263,2.7279,0.0275,0.2466,0.0,0.037,0.028,False
3,39,27.7949,0.7138,3.6366,0.0229,3.8285,0.0128,0.0278,0.021,False
3,40,27.1,-1.6701,0.3353,0.0,1.4503,0.0,0.0,0.0,False
3,41,26.439,0.1839,2.1406,0.0,0.6339,0.0,0.0,0.0,False
3,42,25.8095,-2.31,0.1768,0.0,1.1888,0.0,0.0,0.0,False
3,43,25.2093,-3.6289,0.0473,0.0,0.4667,0.0,0.0,0.0,False
3,44,24.6364,1.1751,5.7682,0.7002,0.3733,0.8462,0.6481,0.6993,False
3,45,24.0889,-3.3174,0.0646,0.0,2.2676,0.0,0.0,0.0,False
3,46,23.5652,0.3601,2.553,0.0,0.0034,0.0,0.0,0.0,False
3,47,23.0638,-2.0393,0.2317,0.0,0.3762,0.0,0.0,0.0,False
3,48,22.5833,-2.3795,0.1649,0.0,1.1915,0.0,0.0,0.0,False
3,49,22.1224,-1.2172,0.5273,0.0,5.395,0.0,0.0,0.0,False
3,50,21.68,-2.3699,0.1665,0.0,0.0283,0.0,0.0,0.0,False
3,51,21.2549,0.1628,2.0961,0.0,1.6691,0.0,0.0,0.0,False
3,52,20.8462,0.4456,2.781,0.0023,0.1311,0.0,0.0046,0.0,False
3,53,20.4528,-0.2521,1.3842,0.0,0.3398,0.0,0.0,0.0,False
3,54,20.0741,-0.0138,1.7567,0.0,0.7347,0.0,0.0,0.0,False
3,55,19.7091,0.0754,1.9206,0.0,0.2424,0.0,0.0,0.0,False
3,56,19.3571,-0.1343,1.5572,0.0,2.2582,0.0,0.0,0.0,False
3,57,19.0175,-2.4872,0.1481,0.0,0.1464,0.0,0.0,0.0,False
3,58,18.6897,0.6985,3.5813,0.0343,5.4044,0.0128,0.0417,0.035,False
3,59,18.3729,-0.6051,0.9725,0.0,0.0486,0.0,0.0,0.0,False
3,60,18.0667,0.2501,2.2872,0.0,0.715,0.0,0.0,0.0,False
3,61,17.7705,-0.4556,1.1294,0.0,0.2084,0.0,0.0,0.0,False
3,62,17.4839,0.7588,3.804,0.0297,0.1691,0.0,0.0231,0.0559,False
3,63,17.2063,-0.0078,1.7673,0.0,0.4839,0.0,0.0,0.0,False
3,64,16.9375,-2.109,0.2161,0.0,1.5289,0.0,0.0,0.0,False
3,65,16.6769,-0.8515,0.7601,0.0,0.2351,0.0,0.0,0.0,False
3,66,16.4242,-1.1116,0.586,0.0,1.2848,0.0,0.0,0.0,False
3,67,16.1791,0.3559,2.5425,0.0023,1.0739,0.0,0.0,0.007,False
3,68,15.9412,-0.139,1.55,0.0,0.0293,0.0,0.0,0.0,False
3,69,15.7101,-2.8999,0.098,0.0,0.1926,0.0,0.0,0.0,False
3,70,15.4857,-0.1363,1.5541,0.0,0.3321,0.0,0.0,0.0,False
3,71,15.2676,-0.3923,1.2031,0.0,2.1559,0.0,0.0,0.0,False
3,72,15.0556,-0.1752,1.4948,0.0,1.6299,0.0,0.0,0.0,False
3,73,14.8493,-0.5728,1.0044,0.0,0.644,0.0,0.0,0.0,False
3,74,14.6486,-1.8117,0.291,0.0,1.2113,0.0,0.0,0.0,False
3,75,14.4533,-0.1602,1.5174,0.0,0.2559,0.0,0.0,0.0,False
3,76,14.2632,-0.0364,1.7173,0.0,4.6335,0.0,0.0,0.0,False
3,77,14.0779,-0.6945,0.8894,0.0,0.9424,0.0,0.0,0.0,False
3,78,13.8974,1.4946,7.9396,0.9588,0.3746,0.9615,0.9583,0.958,True
3,79,13.7215,-0.182,1.4847,0.0,0.9425,0.0,0.0,0.0,False
3,80,13.55,-1.2489,0.5108,0.0,0.8955,0.0,0.0,0.0,False
3,81,13.3827,-0.6636,0.9172,0.0,0.3743,0.0,0.0,0.0,False
3,82,13.2195,-0.0393,1.7125,0.0,1.1959,0.0,0.0,0.0,False
3,83,13.0602,-0.2612,1.3717,0.0,0.177,0.0,0.0,0.0,False
3,84,12.9048,0.4724,2.8564,0.0092,0.4978,0.0128,0.0093,0.007,False
3,85,12.7529,0.7254,3.6791,0.0183,2.6962,0.0128,0.0278,0.007,False
3,86,12.6047,0.7439,3.7476,0.0275,0.3474,0.0128,0.037,0.021,False
3,87,12.4598,-0.2084,1.446,0.0,0.108,0.0,0.0,0.0,False
3,88,12.3182,0.1046,1.9775,0.0,0.4535,0.0,0.0,0.0,False
3,89,12.1798,-2.2102,0.1953,0.0,0.0688,0.0,0.0,0.0,False
3,90,12.0444,-0.9872,0.6637,0.0,1.1852,0.0,0.0,0.0,False
3,91,11.9121,0.3844,2.6159,0.0069,0.7592,0.0,0.0139,0.0,False
3,92,11.7826,-0.6504,0.9294,0.0,1.7727,0.0,0.0,0.0,False
3,93,11.6559,-2.7772,0.1108,0.0,1.93,0.0,0.0,0.0,False
3,94,11.5319,1.0374,5.0259,0.3936,1.6047,0.3846,0.4259,0.3497,False
3,95,11.4105,1.4393,7.5125,0.9565,0.4083,1.0,0.9444,0.951,True
3,96,11.2917,-0.1283,1.5666,0.0,0.0038,0.0,0.0,0.0,False
3,97,11.1753,0.247,2.28,0.0,0.5508,0.0,0.0,0.0,False
3,98,11.0612,1.1613,5.6889,0.6911,0.1289,0.7179,0.6667,0.7133,False
3,99,10.9495,-0.1478,1.5364,0.0,0.0437,0.0,0.0,0.0,False
3,100,10.84,-0.7138,0.8723,0.0,0.7907,0.0,0.0,0.0,False
3,101,10.7327,-0.1063,1.6014,0.0,0.3762,0.0,0.0,0.0,False
3,102,10.6275,0.0336,1.8419,0.0023,3.8549,0.0,0.0046,0.0,False
3,103,10.5243,-2.3274,0.1737,0.0,2.3086,0.0,0.0,0.0,False
3,104,10.4231,-0.1777,1.4911,0.0,1.775,0.0,0.0,0.0,False
3,105,10.3238,0.25,2.287,0.0,1.4152,0.0,0.0,0.0,False
3,106,10.2264,-0.0116,1.7605,0.0,0.3534,0.0,0.0,0.0,False
3,107,10.1308,-0.3741,1.2252,0.0,1.5565,0.0,0.0,0.0,False
3,108,10.037,-0.6015,0.976,0.0,0.0377,0.0,0.0,0.0,False
3,109,9.945,-2.1638,0.2046,0.0,0.5081,0.0,0.0,0.0,False
3,110,9.8545,-0.5169,1.0621,0.0,0.7333,0.0,0.0,0.0,False
3,111,9.7658,-1.8643,0.2761,0.0,0.0334,0.0,0.0,0.0,False
3,112,9.6786,-0.1318,1.5611,0.0,0.0467,0.0,0.0,0.0,False
3,113,9.5929,-0.7315,0.857,0.0,0.3358,0.0,0.0,0.0,False
3,114,9.5088,-0.636,0.9429,0.0,2.1094,0.0,0.0,0.0,False
3,115,9.4261,-2.0366,0.2324,0.0,2.3355,0.0,0.0,0.0,False
3,116,9.3448,-1.4135,0.4333,0.0,0.3127,0.0,0.0,0.0,False
3,117,9.265,-1.9575,0.2515,0.0,0.172,0.0,0.0,0.0,False
3,118,9.1864,-1.2279,0.5217,0.0,1.5325,0.0,0.0,0.0,False
3,119,9.1092,-0.6568,0.9235,0.0,0.2283,0.0,0.0,0.0,False
3,120,9.0333,0.4969,2.9275,0.0023,0.0911,0.0,0.0046,0.0,False
3,121,8.9587,0.6352,3.3615,0.0092,0.7906,0.0128,0.0139,0.0,False
3,122,8.8852,0.1163,2.0008,0.0023,0.0931,0.0,0.0046,0.0,False
3,123,8.813,-0.1907,1.4718,0.0,0.9378,0.0,0.0,0.0,False
3,124,8.7419,-0.019,1.7475,0.0,0.5438,0.0,0.0,0.0,False
3,125,8.672,-1.0179,0.6436,0.0,0.0107,0.0,0.0,0.0,False
3,126,8.6032,-1.1694,0.5531,0.0,3.5445,0.0,0.0,0.0,False
3,127,8.5354,0.1501,2.0696,0.0,3.4358,0.0,0.0,0.0,False
3,128,8.4688,0.8688,4.2463,0.1144,4.2285,0.0769,0.1065,0.1469,False
3,129,8.4031,0.5289,3.0226,0.0069,0.3447,0.0128,0.0046,0.007,False
3,130,8.3385,-1.653,0.341,0.0,0.0724,0.0,0.0,0.0,False
3,131,8.2748,-0.1659,1.5087,0.0,3.6035,0.0,0.0,0.0,False
3,132,8.2121,0.9524,4.6164,0.254,2.4419,0.2692,0.2361,0.2727,False
3,133,8.1504,0.7057,3.6072,0.0114,0.6173,0.0,0.0231,0.0,False
3,134,8.0896,-0.0628,1.6726,0.0,0.2388,0.0,0.0,0.0,False
3,135,8.0296,-0.4628,1.1212,0.0,0.3631,0.0,0.0,0.0,False
3,136,7.9706,-1.4738,0.408,0.0,0.6517,0.0,0.0,0.0,False
3,137,7.9124,1.2451,6.1859,0.8375,0.1712,0.9103,0.8241,0.8182,False
3,138,7.8551,0.3517,2.5318,0.0,0.2743,0.0,0.0,0.0,False
3,139,7.7986,0.6812,3.5199,0.0137,0.227,0.0,0.0278,0.0,False
3,140,7.7429,-0.0757,1.6512,0.0,1.1938,0.0,0.0,0.0,False
3,141,7.6879,0.3771,2.5969,0.0023,0.7184,0.0128,0.0,0.0,False
3,142,7.6338,-1.9379,0.2565,0.0,0.2486,0.0,0.0,0.0,False
3,143,7.5804,-0.4734,1.1094,0.0,0.3607,0.0,0.0,0.0,False
3,144,7.5278,0.4552,2.8079,0.0,2.3678,0.0,0.0,0.0,False
3,145,7.4759,-1.2902,0.4902,0.0,0.9354,0.0,0.0,0.0,False
3,146,7.4247,-2.277,0.1827,0.0,0.3953,0.0,0.0,0.0,False
3,147,7.3741,0.4817,2.8831,0.0,0.487,0.0,0.0,0.0,False
3,148,7.3243,-2.5767,0.1354,0.0,0.2261,0.0,0.0,0.0,False
3,149,7.2752,-0.1301,1.5637,0.0,0.592,0.0,0.0,0.0,False
3,150,7.2267,-1.606,0.3574,0.0,1.6606,0.0,0.0,0.0,False
3,151,7.1788,-1.6056,0.3576,0.0,0.4555,0.0,0.0,0.0,False
3,152,7.1316,-0.7993,0.8008,0.0,1.906,0.0,0.0,0.0,False
3,153,7.085,-2.7099,0.1185,0.0,0.0608,0.0,0.0,0.0,False
3,154,7.039,1.1237,5.4789,0.6133,0.3402,0.7436,0.5231,0.6783,False
3,155,6.9935,0.4484,2.7889,0.0046,0.0923,0.0,0.0046,0.007,False
3,156,6.9487,-1.1995,0.5367,0.0,1.9951,0.0,0.0,0.0,False
3,157,6.9045,-2.3543,0.1691,0.0,0.4376,0.0,0.0,0.0,False
3,158,6.8608,0.1951,2.1648,0.0,0.4352,0.0,0.0,0.0,False
3,159,6.8176,1.5264,8.1961,0.9725,0.8881,1.0,0.9769,0.951,True
3,160,6.775,-0.3961,1.1986,0.0,0.5567,0.0,0.0,0.0,False
3,161,6.7329,-0.8172,0.7866,0.0,0.0467,0.0,0.0,0.0,False
3,162,6.6914,-2.7965,0.1087,0.0,0.0198,0.0,0.0,0.0,False
3,163,6.6503,-1.1627,0.5568,0.0,0.1278,0.0,0.0,0.0,False
3,164,6.6098,-1.1199,0.5812,0.0,0.1949,0.0,0.0,0.0,False
3,165,6.5697,-2.5429,0.1401,0.0,0.4824,0.0,0.0,0.0,False
3,166,6.5301,-0.3545,1.2494,0.0,0.1132,0.0,0.0,0.0,False
3,167,6.491,-0.8443,0.7656,0.0,0.3261,0.0,0.0,0.0,False
3,168,6.4524,0.0566,1.8847,0.0,0.2341,0.0,0.0,0.0,False
3,169,6.4142,1.3166,6.6444,0.9382,0.497,0.9487,0.9398,0.9301,True
3,170,6.3765,0.4338,2.7483,0.0023,4.7093,0.0,0.0046,0.0,False
3,171,6.3392,-2.1946,0.1984,0.0,2.3963,0.0,0.0,0.0,False
3,172,6.3023,-3.0642,0.0832,0.0,0.7296,0.0,0.0,0.0,False
3,173,6.2659,-1.7459,0.3108,0.0,0.1323,0.0,0.0,0.0,False
3,174,6.2299,0.5728,3.1582,0.0252,0.6525,0.0,0.0509,0.0,False
3,175,6.1943,-0.3786,1.2197,0.0,0.5169,0.0,0.0,0.0,False
3,176,6.1591,-3.1673,0.075,0.0,0.4869,0.0,0.0,0.0,False
3,177,6.1243,-0.5459,1.0318,0.0,1.0148,0.0,0.0,0.0,False
3,178,6.0899,-2.2201,0.1934,0.0,1.7095,0.0,0.0,0.0,False
3,179,6.0559,0.7185,3.6537,0.0252,1.2112,0.0256,0.0093,0.049,False
3,180,6.0222,-2.9244,0.0956,0.0,0.8275,0.0,0.0,0.0,False
3,181,5.989,-0.9689,0.6759,0.0,0.6759,0.0,0.0,0.0,False
3,182,5.956,0.2884,2.3765,0.0046,0.6888,0.0,0.0,0.014,False
3,183,5.9235,-0.6935,0.8902,0.0,0.5054,0.0,0.0,0.0,False
3,184,5.8913,-0.9661,0.6778,0.0,0.0514,0.0,0.0,0.0,False
3,185,5.8595,1.1211,5.465,0.6156,0.7001,0.6154,0.6065,0.6294,False
3,186,5.828,-1.0888,0.5995,0.0,0.437,0.0,0.0,0.0,False
3,187,5.7968,-1.7678,0.304,0.0,0.5632,0.0,0.0,0.0,False
3,188,5.766,0.399,2.6544,0.0,3.2819,0.0,0.0,0.0,False
3,189,5.7354,2.0086,13.2744,1.0,2.9822,1.0,1.0,1.0,True
3,190,5.7053,-2.0622,0.2265,0.0,1.6646,0.0,0.0,0.0,False
3,191,5.6754,-0.1553,1.525,0.0,1.5569,0.0,0.0,0.0,False
3,192,5.6458,-0.6822,0.9003,0.0,0.1017,0.0,0.0,0.0,False
3,193,5.6166,-0.6671,0.9141,0.0,0.3794,0.0,0.0,0.0,False
3,194,5.5876,1.4732,7.7709,0.9771,2.2683,0.9872,0.9815,0.965,True
3,195,5.559,-1.1848,0.5447,0.0,1.9025,0.0,0.0,0.0,False
3,196,5.5306,0.0581,1.8876,0.0,0.7076,0.0,0.0,0.0,False
3,197,5.5025,-0.1318,1.5611,0.0,0.3324,0.0,0.0,0.0,False
3,198,5.4747,-3.2206,0.0711,0.0,0.6081,0.0,0.0,0.0,False
3,199,5.4472,-0.5927,0.9846,0.0,0.4117,0.0,0.0,0.0,False
3,200,5.42,-2.351,0.1697,0.0,1.3172,0.0,0.0,0.0,False
3,201,5.393,1.3284,6.7234,0.8787,0.0666,1.0,0.7917,0.9441,False
3,202,5.3663,-1.2031,0.5348,0.0,0.4092,0.0,0.0,0.0,False
3,203,5.3399,0.7042,3.6016,0.0183,0.4949,0.0,0.037,0.0,False
3,204,5.3137,0.1065,1.9812,0.0,3.7561,0.0,0.0,0.0,False
3,205,5.2878,-0.0382,1.7143,0.0,0.3916,0.0,0.0,0.0,False
3,206,5.2621,-2.6711,0.1232,0.0,5.6067,0.0,0.0,0.0,False
3,207,5.2367,-0.6448,0.9346,0.0,1.2193,0.0,0.0,0.0,False
3,208,5.2115,-1.0532,0.6213,0.0,0.4005,0.0,0.0,0.0,False
3,209,5.1866,-0.4786,1.1037,0.0,2.132,0.0,0.0,0.0,False
3,210,5.1619,0.4658,2.8378,0.0,3.1177,0.0,0.0,0.0,False
3,211,5.1374,-1.2174,0.5272,0.0,0.5795,0.0,0.0,0.0,False
3,212,5.1132,0.3857,2.6192,0.0046,0.7458,0.0,0.0093,0.0,False
3,213,5.0892,0.3647,2.5649,0.0,6.6015,0.0,0.0,0.0,False
3,214,5.0654,-0.1443,1.5418,0.0,0.4709,0.0,0.0,0.0,False
3,215,5.0419,-2.0811,0.2223,0.0,1.5191,0.0,0.0,0.0,False
3,216,5.0185,0.6392,3.3751,0.0458,0.8269,0.0,0.0787,0.021,False
3,217,4.9954,-0.2995,1.3201,0.0,2.0062,0.0,0.0,0.0,False
3,218,4.9725,-0.8635,0.7511,0.0,1.5221,0.0,0.0,0.0,False
3,219,4.9498,-3.0992,0.0803,0.0,0.3096,0.0,0.0,0.0,False
3,220,4.9273,-1.2936,0.4885,0.0,0.3854,0.0,0.0,0.0,False
3,221,4.905,-0.0912,1.6258,0.0,2.2606,0.0,0.0,0.0,False
3,222,4.8829,-0.3806,1.2173,0.0,0.4179,0.0,0.0,0.0,False
3,223,4.861,-2.1064,0.2167,0.0,1.0617,0.0,0.0,0.0,False
3,224,4.8393,-0.6325,0.9462,0.0,1.0499,0.0,0.0,0.0,False
3,225,4.8178,-1.6063,0.3573,0.0,0.806,0.0,0.0,0.0,False
3,226,4.7965,-0.2746,1.3533,0.0,0.3835,0.0,0.0,0.0,False
3,227,4.7753,0.3859,2.6198,0.0,2.4622,0.0,0.0,0.0,False
3,228,4.7544,0.4782,2.8733,0.0023,0.0519,0.0,0.0,0.007,False
3,229,4.7336,0.2568,2.3025,0.0,2.4079,0.0,0.0,0.0,False
3,230,4.713,0.1727,2.1169,0.0,1.0789,0.0,0.0,0.0,False
3,231,4.6926,0.1022,1.9728,0.0,1.0945,0.0,0.0,0.0,False
3,232,4.6724,-0.5774,0.9998,0.0,1.2941,0.0,0.0,0.0,False
3,233,4.6524,0.5238,3.0071,0.0,0.5115,0.0,0.0,0.0,False
3,234,4.6325,-0.2365,1.4059,0.0,2.8687,0.0,0.0,0.0,False
3,235,4.6128,0.1336,2.0357,0.0,0.2554,0.0,0.0,0.0,False
3,236,4.5932,0.7148,3.64,0.0069,3.1821,0.0,0.0093,0.007,False
3,237,4.5738,-0.6696,0.9117,0.0,0.0563,0.0,0.0,0.0,False
3,238,4.5546,-2.8788,0.1001,0.0,0.0066,0.0,0.0,0.0,False
3,239,4.5356,-1.7023,0.3246,0.0,0.7327,0.0,0.0,0.0,False
3,240,4.5167,0.3289,2.4747,0.0,2.3024,0.0,0.0,0.0,False
3,241,4.4979,-0.3952,1.1996,0.0,2.2815,0.0,0.0,0.0,False
3,242,4.4793,0.2761,2.3475,0.0,2.0129,0.0,0.0,0.0,False
3,243,4.4609,-3.2,0.0726,0.0,0.1607,0.0,0.0,0.0,False
3,244,4.4426,0.429,2.7353,0.0023,3.3974,0.0,0.0046,0.0,False
3,245,4.4245,-0.0926,1.6236,0.0,0.1643,0.0,0.0,0.0,False
3,246,4.4065,0.7758,3.8692,0.0503,0.0681,0.0128,0.0787,0.028,False
3,247,4.3887,-0.3023,1.3165,0.0,0.4133,0.0,0.0,0.0,False
3,248,4.371,1.6228,9.0249,0.9931,0.0673,0.9872,0.9907,1.0,True
3,249,4.3534,-1.9776,0.2465,0.0,0.22,0.0,0.0,0.0,False
3,250,4.336,-0.6486,0.9311,0.0,1.0758,0.0,0.0,0.0,False
3,251,4.3187,0.6226,3.3195,0.0046,2.9732,0.0,0.0093,0.0,False
3,252,4.3016,0.9882,4.7849,0.2975,0.4951,0.2436,0.3009,0.3217,False
3,253,4.2846,0.0054,1.7908,0.0,0.2153,0.0,0.0,0.0,False
3,254,4.2677,-0.3136,1.3016,0.0,2.3938,0.0,0.0,0.0,False
3,255,4.251,-0.0785,1.6466,0.0,0.2168,0.0,0.0,0.0,False
3,256,4.2344,-1.0111,0.648,0.0,1.5191,0.0,0.0,0.0,False
3,257,4.2179,-0.0855,1.6351,0.0,3.0548,0.0,0.0,0.0,False
3,258,4.2016,-0.1937,1.4675,0.0,1.3155,0.0,0.0,0.0,False
3,259,4.1853,-0.9106,0.7165,0.0,2.0497,0.0,0.0,0.0,False
3,260,4.1692,-1.3411,0.4658,0.0,0.1001,0.0,0.0,0.0,False
3,261,4.1533,-1.6774,0.3328,0.0,0.4581,0.0,0.0,0.0,False
3,262,4.1374,0.0145,1.8071,0.0,0.7608,0.0,0.0,0.0,False
3,263,4.1217,0.3556,2.5418,0.0,1.7371,0.0,0.0,0.0,False
3,264,4.1061,0.5573,3.1097,0.0183,0.0768,0.0,0.0278,0.014,False
3,265,4.0906,-1.1169,0.5829,0.0,0.0917,0.0,0.0,0.0,False
3,266,4.0752,1.7451,10.1993,0.9931,0.0017,1.0,0.9861,1.0,True
3,267,4.0599,-0.6655,0.9155,0.0,0.2834,0.0,0.0,0.0,False
3,268,4.0448,0.0601,1.8915,0.0,1.8622,0.0,0.0,0.0,False
3,269,4.0297,0.8417,4.1326,0.1076,0.3154,0.0513,0.1389,0.0909,False
3,270,4.0148,-1.4243,0.4287,0.0,3.2619,0.0,0.0,0.0,False
3,271,4.0,-1.33,0.471,0.0,0.4089,0.0,0.0,0.0,False
3,272,3.9853,-0.2057,1.4499,0.0,0.6156,0.0,0.0,0.0,False
3,273,3.9707,-1.8762,0.2728,0.0,0.4697,0.0,0.0,0.0,False
3,274,3.9562,-0.0495,1.6951,0.0,0.541,0.0,0.0,0.0,False
3,275,3.9418,-1.1131,0.5852,0.0,1.7256,0.0,0.0,0.0,False
3,276,3.9275,-0.2845,1.3401,0.0,0.0836,0.0,0.0,0.0,False
3,277,3.9134,-0.5553,1.0222,0.0,1.3025,0.0,0.0,0.0,False
3,278,3.8993,0.8989,4.376,0.103,0.943,0.1026,0.125,0.0699,False
3,279,3.8853,-0.3968,1.1977,0.0,0.6628,0.0,0.0,0.0,False
3,280,3.8714,0.2368,2.2569,0.0,0.7862,0.0,0.0,0.0,False
3,281,3.8577,-2.3832,0.1643,0.0,0.6144,0.0,0.0,0.0,False
3,282,3.844,-0.3875,1.2089,0.0,0.0147,0.0,0.0,0.0,False
3,283,3.8304,0.7639,3.8234,0.0572,0.0128,0.0,0.0556,0.0909,False
3,284,3.8169,0.4999,2.9362,0.0046,0.0025,0.0,0.0046,0.007,False
3,285,3.8035,-1.6905,0.3285,0.0,0.7828,0.0,0.0,0.0,False
3,286,3.7902,-2.887,0.0993,0.0,2.81,0.0,0.0,0.0,False
3,287,3.777,0.3079,2.4233,0.0046,1.0901,0.0,0.0093,0.0,False
3,288,3.7639,0.2562,2.3011,0.0,0.4482,0.0,0.0,0.0,False
3,289,3.7509,-1.5847,0.3651,0.0,0.366,0.0,0.0,0.0,False
3,290,3.7379,0.4021,2.6626,0.0,0.9652,0.0,0.0,0.0,False
3,291,3.7251,-1.4659,0.4112,0.0,0.5821,0.0,0.0,0.0,False
3,292,3.7123,-3.4159,0.0585,0.0,1.5821,0.0,0.0,0.0,False
3,293,3.6997,0.0988,1.966,0.0,2.8223,0.0,0.0,0.0,False
3,294,3.6871,-0.4575,1.1272,0.0,0.5385,0.0,0.0,0.0,False
3,295,3.6746,-1.0961,0.5952,0.0,0.8894,0.0,0.0,0.0,False
3,296,3.6622,0.1777,2.1275,0.0023,0.8749,0.0,0.0046,0.0,False
3,297,3.6498,0.8982,4.3729,0.167,1.7737,0.1282,0.1898,0.1538,False
3,298,3.6376,-3.2238,0.0709,0.0,2.759,0.0,0.0,0.0,False
3,299,3.6254,-0.8765,0.7414,0.0,0.0999,0.0,0.0,0.0,False
3,300,3.6133,-0.5181,1.0609,0.0,0.677,0.0,0.0,0.0,False
3,301,3.6013,-0.4047,1.1883,0.0,0.0188,0.0,0.0,0.0,False
3,302,3.5894,-0.6365,0.9425,0.0,1.5811,0.0,0.0,0.0,False
3,303,3.5776,-0.1406,1.5474,0.0,0.7228,0.0,0.0,0.0,False
3,304,3.5658,-1.5605,0.3741,0.0,0.0441,0.0,0.0,0.0,False
3,305,3.5541,-0.1642,1.5114,0.0,0.9206,0.0,0.0,0.0,False
3,306,3.5425,0.1018,1.9719,0.0,0.7374,0.0,0.0,0.0,False
3,307,3.5309,-0.3435,1.2633,0.0,1.3464,0.0,0.0,0.0,False
3,308,3.5195,-0.3945,1.2004,0.0,0.4062,0.0,0.0,0.0,False
3,309,3.5081,-0.5531,1.0244,0.0,2.4457,0.0,0.0,0.0,False
3,310,3.4968,0.1669,2.1047,0.0,1.4342,0.0,0.0,0.0,False
3,311,3.4855,-0.0211,1.7439,0.0,1.0251,0.0,0.0,0.0,False
3,312,3.4744,-3.0974,0.0804,0.0,0.114,0.0,0.0,0.0,False
3,313,3.4633,-0.5126,1.0668,0.0,0.3745,0.0,0.0,0.0,False
3,314,3.4522,-1.6554,0.3402,0.0,0.2994,0.0,0.0,0.0,False
3,315,3.4413,-1.4673,0.4106,0.0,1.1766,0.0,0.0,0.0,False
3,316,3.4304,0.6343,3.3584,0.0092,0.1015,0.0128,0.0046,0.014,False
3,317,3.4196,0.9453,4.5836,0.167,0.7141,0.1154,0.213,0.1259,False
3,318,3.4088,-0.7463,0.8444,0.0,1.4023,0.0,0.0,0.0,False
3,319,3.3981,1.3701,7.0099,0.9428,0.3183,1.0,0.9306,0.9301,True
3,320,3.3875,0.7666,3.8335,0.0297,0.6051,0.0128,0.037,0.028,False
3,321,3.3769,-3.1726,0.0746,0.0,4.0651,0.0,0.0,0.0,False
3,322,3.3665,-2.979,0.0906,0.0,0.8053,0.0,0.0,0.0,False
3,323,3.356,-2.2647,0.185,0.0,0.362,0.0,0.0,0.0,False
3,324,3.3457,0.3293,2.4757,0.0046,0.2193,0.0,0.0,0.014,False
3,325,3.3354,-1.0498,0.6234,0.0,0.7313,0.0,0.0,0.0,False
3,326,3.3252,0.7717,3.8533,0.0206,0.2072,0.0256,0.0231,0.014,False
3,327,3.315,-2.7556,0.1132,0.0,0.9285,0.0,0.0,0.0,False
3,328,3.3049,0.7437,3.7467,0.0641,0.7956,0.0385,0.0417,0.1119,False
3,329,3.2948,-0.2167,1.4341,0.0,0.6212,0.0,0.0,0.0,False
3,330,3.2848,-0.5493,1.0283,0.0,3.26,0.0,0.0,0.0,False
3,331,3.2749,0.853,4.1796,0.0778,0.7775,0.0256,0.0787,0.1049,False
3,332,3.2651,0.2247,2.2298,0.0,1.3815,0.0,0.0,0.0,False
3,333,3.2553,-1.3818,0.4473,0.0,0.0499,0.0,0.0,0.0,False
3,334,3.2455,0.165,2.1006,0.0,0.1488,0.0,0.0,0.0,False
3,335,3.2358,-3.2536,0.0688,0.0,1.0735,0.0,0.0,0.0,False
3,336,3.2262,-1.9685,0.2488,0.0,0.8804,0.0,0.0,0.0,False
3,337,3.2166,-1.4226,0.4294,0.0,1.02,0.0,0.0,0.0,False
3,338,3.2071,-1.7229,0.318,0.0,0.5147,0.0,0.0,0.0,False
3,339,3.1976,0.016,1.8098,0.0,0.4009,0.0,0.0,0.0,False
3,340,3.1882,-2.33,0.1733,0.0,1.2157,0.0,0.0,0.0,False
3,341,3.1789,0.2089,2.1948,0.0,1.2383,0.0,0.0,0.0,False
3,342,3.1696,0.4337,2.7481,0.0023,0.1562,0.0,0.0,0.007,False
3,343,3.1603,-0.0928,1.6232,0.0,0.802,0.0,0.0,0.0,False
3,344,3.1512,1.4081,7.2815,0.968,0.2499,0.9872,0.9676,0.958,True
3,345,3.142,-0.077,1.6491,0.0,2.328,0.0,0.0,0.0,False
3,346,3.1329,-2.471,0.1505,0.0,2.5224,0.0,0.0,0.0,False
3,347,3.1239,0.307,2.421,0.0,1.0387,0.0,0.0,0.0,False
3,348,3.1149,-0.3721,1.2277,0.0,2.265,0.0,0.0,0.0,False
3,349,3.106,0.042,1.8574,0.0,0.236,0.0,0.0,0.0,False
3,350,3.0971,-1.0882,0.5999,0.0,0.9835,0.0,0.0,0.0,False
3,351,3.0883,0.5388,3.0527,0.0137,0.2164,0.0,0.0231,0.007,False
3,352,3.0795,-2.1147,0.2149,0.0,1.3439,0.0,0.0,0.0,False
3,353,3.0708,-1.3902,0.4435,0.0,0.888,0.0,0.0,0.0,False
3,354,3.0621,-1.8238,0.2875,0.0,3.7974,0.0,0.0,0.0,False
3,355,3.0535,0.3405,2.5035,0.0069,0.9707,0.0,0.0139,0.0,False
3,356,3.0449,-0.45,1.1357,0.0,2.3672,0.0,0.0,0.0,False
3,357,3.0364,-0.4615,1.1227,0.0,0.9197,0.0,0.0,0.0,False
3,358,3.0279,0.6271,3.3345,0.0137,0.0681,0.0,0.0278,0.0,False
3,359,3.0195,-2.1641,0.2046,0.0,0.6529,0.0,0.0,0.0,False
3,360,3.0111,-3.0306,0.086,0.0,2.1892,0.0,0.0,0.0,False
3,361,3.0028,-0.2051,1.4509,0.0,1.8674,0.0,0.0,0.0,False
3,362,2.9945,-1.5208,0.3892,0.0,1.5809,0.0,0.0,0.0,False
3,363,2.9862,0.5671,3.1402,0.0046,0.5212,0.0,0.0093,0.0,False
3,364,2.978,-1.1511,0.5633,0.0,0.5239,0.0,0.0,0.0,False
3,365,2.9699,0.6696,3.4793,0.0092,0.5735,0.0128,0.0,0.021,False
3,366,2.9617,-1.5049,0.3955,0.0,0.0131,0.0,0.0,0.0,False
3,367,2.9537,-2.3436,0.1709,0.0,0.58,0.0,0.0,0.0,False
3,368,2.9457,0.5419,3.0621,0.0046,3.4614,0.0,0.0093,0.0,False
3,369,2.9377,-1.269,0.5007,0.0,1.2232,0.0,0.0,0.0,False
3,370,2.9297,0.1974,2.1698,0.0,0.5322,0.0,0.0,0.0,False
3,371,2.9218,-0.4091,1.183,0.0,0.2962,0.0,0.0,0.0,False
3,372,2.914,-0.2487,1.3889,0.0,5.4828,0.0,0.0,0.0,False
3,373,2.9062,0.5449,3.0712,0.0,0.4353,0.0,0.0,0.0,False
3,374,2.8984,-0.5089,1.0707,0.0,0.3269,0.0,0.0,0.0,False
3,375,2.8907,-3.5598,0.0507,0.0,1.8766,0.0,0.0,0.0,False
3,376,2.883,-2.8958,0.0984,0.0,0.4889,0.0,0.0,0.0,False
3,377,2.8753,-0.0678,1.6642,0.0,0.9033,0.0,0.0,0.0,False
3,378,2.8677,-2.3981,0.1619,0.0,0.1431,0.0,0.0,0.0,False
3,379,2.8602,-0.0949,1.6199,0.0,0.5862,0.0,0.0,0.0,False
3,380,2.8526,1.3044,6.5644,0.8833,3.2694,0.9359,0.8657,0.8811,False
3,381,2.8451,-0.1558,1.5242,0.0,0.4729,0.0,0.0,0.0,False
3,382,2.8377,0.4818,2.8836,0.0137,0.3521,0.0,0.0278,0.0,False
3,383,2.8303,1.4742,7.7786,0.9977,3.379,1.0,0.9954,1.0,True
3,384,2.8229,0.0645,1.8998,0.0,0.6403,0.0,0.0,0.0,False
3,385,2.8156,-0.7696,0.825,0.0,0.9505,0.0,0.0,0.0,False
3,386,2.8083,0.0476,1.868,0.0,1.3005,0.0,0.0,0.0,False
3,387,2.801,-0.5345,1.0437,0.0,2.185,0.0,0.0,0.0,False
3,388,2.7938,-0.113,1.5908,0.0,0.5172,0.0,0.0,0.0,False
3,389,2.7866,-1.0337,0.6335,0.0,1.1392,0.0,0.0,0.0,False
3,390,2.7795,0.6992,3.5839,0.0435,0.0138,0.0513,0.0417,0.042,False
3,391,2.7724,-0.9471,0.6908,0.0,0.1563,0.0,0.0,0.0,False
3,392,2.7653,-0.5346,1.0436,0.0,2.0203,0.0,0.0,0.0,False
3,393,2.7583,-1.2869,0.4918,0.0,0.0437,0.0,0.0,0.0,False
3,394,2.7513,0.8174,4.0334,0.0755,0.484,0.0641,0.088,0.0629,False
3,395,2.7443,0.6647,3.4622,0.0114,0.8192,0.0128,0.0139,0.007,False
3,396,2.7374,-1.7113,0.3217,0.0,1.0223,0.0,0.0,0.0,False
3,397,2.7305,-1.0046,0.6522,0.0,0.1711,0.0,0.0,0.0,False
3,398,2.7236,-2.6847,0.1215,0.0,0.2695,0.0,0.0,0.0,False
3,399,2.7168,-2.5884,0.1338,0.0,0.1301,0.0,0.0,0.0,False
3,400,2.71,-1.308,0.4815,0.0,0.4338,0.0,0.0,0.0,False
3,401,2.7032,-3.5913,0.0491,0.0,0.1741,0.0,0.0,0.0,False
3,402,2.6965,-1.1726,0.5514,0.0,0.3059,0.0,0.0,0.0,False
3,403,2.6898,-0.8154,0.7881,0.0,2.0931,0.0,0.0,0.0,False
3,404,2.6832,-2.4085,0.1602,0.0,0.1831,0.0,0.0,0.0,False
3,405,2.6765,-1.9995,0.2412,0.0,0.1997,0.0,0.0,0.0,False
3,406,2.67,-1.1482,0.565,0.0,1.0079,0.0,0.0,0.0,False
3,407,2.6634,0.2858,2.3704,0.0,0.7644,0.0,0.0,0.0,False
3,408,2.6569,-0.385,1.2119,0.0,0.1439,0.0,0.0,0.0,False
3,409,2.6504,0.5083,2.961,0.0092,0.076,0.0128,0.0093,0.007,False
3,410,2.6439,0.0535,1.8789,0.0023,1.2602,0.0,0.0046,0.0,False
3,411,2.6375,-1.5741,0.369,0.0,0.2474,0.0,0.0,0.0,False
3,412,2.6311,0.0638,1.8985,0.0,0.4848,0.0,0.0,0.0,False
3,413,2.6247,-2.1818,0.201,0.0,0.6117,0.0,0.0,0.0,False
3,414,2.6184,-1.0742,0.6084,0.0,1.0023,0.0,0.0,0.0,False
3,415,2.612,-2.0667,0.2255,0.0,1.4809,0.0,0.0,0.0,False
3,416,2.6058,-1.1301,0.5753,0.0,0.1246,0.0,0.0,0.0,False
3,417,2.5995,-2.3378,0.1719,0.0,0.5235,0.0,0.0,0.0,False
3,418,2.5933,-0.1897,1.4734,0.0,1.0053,0.0,0.0,0.0,False
3,419,2.5871,-1.1937,0.5398,0.0,0.0795,0.0,0.0,0.0,False
3,420,2.581,-2.4649,0.1514,0.0,3.219,0.0,0.0,0.0,False
3,421,2.5748,0.7073,3.613,0.032,3.0935,0.0,0.0556,0.014,False
3,422,2.5687,-1.584,0.3654,0.0,0.2591,0.0,0.0,0.0,False
3,423,2.5626,-1.389,0.4441,0.0,0.1363,0.0,0.0,0.0,False
3,424,2.5566,0.0428,1.859,0.0023,0.1594,0.0,0.0,0.007,False
3,425,2.5506,-0.7649,0.8289,0.0,0.1839,0.0,0.0,0.0,False
3,426,2.5446,0.6753,3.499,0.0069,0.0447,0.0,0.0093,0.007,False
3,427,2.5386,-1.5283,0.3863,0.0,0.3631,0.0,0.0,0.0,False
3,428,2.5327,-1.3219,0.4749,0.0,0.0613,0.0,0.0,0.0,False
3,429,2.5268,-1.8182,0.2891,0.0,2.8739,0.0,0.0,0.0,False
3,430,2.5209,-0.7817,0.8151,0.0,1.9555,0.0,0.0,0.0,False
3,431,2.5151,0.93,4.5143,0.1739,2.437,0.1667,0.1343,0.2378,False
3,432,2.5093,1.0784,5.2361,0.4874,1.1256,0.4615,0.4815,0.5105,False
3,433,2.5035,-0.7224,0.8648,0.0,0.532,0.0,0.0,0.0,False
3,434,2.4977,0.0907,1.9502,0.0,1.8922,0.0,0.0,0.0,False
3,435,2.492,-2.4787,0.1493,0.0,0.1202,0.0,0.0,0.0,False
3,436,2.4862,0.1346,2.0376,0.0069,0.1922,0.0,0.0139,0.0,False
3,437,2.4805,0.6014,3.2498,0.0069,0.0384,0.0128,0.0046,0.007,False
3,438,2.4749,-0.6424,0.9369,0.0,0.9841,0.0,0.0,0.0,False
3,439,2.4692,-2.3564,0.1688,0.0,1.6816,0.0,0.0,0.0,False
3,440,2.4636,0.2902,2.3808,0.0,0.3772,0.0,0.0,0.0,False
3,441,2.458,-0.7135,0.8726,0.0,0.0851,0.0,0.0,0.0,False
3,442,2.4525,-0.5855,0.9918,0.0,0.0637,0.0,0.0,0.0,False
3,443,2.447,-0.0128,1.7584,0.0,1.108,0.0,0.0,0.0,False
3,444,2.4414,0.4473,2.7858,0.0,1.5565,0.0,0.0,0.0,False
3,445,2.436,-1.279,0.4957,0.0,0.525,0.0,0.0,0.0,False
3,446,2.4305,0.0076,1.7946,0.0,0.5143,0.0,0.0,0.0,False
3,447,2.4251,0.7269,3.6846,0.0229,0.3856,0.0128,0.0231,0.028,False
3,448,2.4196,-1.1499,0.564,0.0,0.3015,0.0,0.0,0.0,False
3,449,2.4143,-0.1334,1.5587,0.0,2.485,0.0,0.0,0.0,False
3,450,2.4089,-0.5801,0.9971,0.0,0.1615,0.0,0.0,0.0,False
3,451,2.4035,0.278,2.3519,0.0023,0.8325,0.0,0.0,0.007,False
3,452,2.3982,-1.5436,0.3805,0.0,0.4751,0.0,0.0,0.0,False
3,453,2.3929,-1.7418,0.3121,0.0,0.6353,0.0,0.0,0.0,False
3,454,2.3877,1.135,5.5411,0.6316,0.2539,0.7308,0.5833,0.6503,False
3,455,2.3824,0.7866,3.9111,0.016,2.008,0.0,0.0231,0.014,False
3,456,2.3772,-0.7295,0.8587,0.0,0.0975,0.0,0.0,0.0,False
3,457,2.372,-0.2469,1.3914,0.0,1.6405,0.0,0.0,0.0,False
3,458,2.3668,1.3278,6.7192,0.9542,0.0449,0.9872,0.9444,0.951,True
3,459,2.3617,-0.6452,0.9343,0.0,0.6109,0.0,0.0,0.0,False
3,460,2.3565,-1.386,0.4454,0.0,1.4307,0.0,0.0,0.0,False
3,461,2.3514,-0.0538,1.6877,0.0,1.5365,0.0,0.0,0.0,False
3,462,2.3463,0.6349,3.3604,0.0069,0.9418,0.0,0.0093,0.007,False
3,463,2.3413,0.7734,3.8597,0.032,0.0632,0.0,0.0556,0.014,False
3,464,2.3362,0.3449,2.5147,0.0046,0.6078,0.0,0.0093,0.0,False
3,465,2.3312,0.4884,2.9025,0.0,1.3054,0.0,0.0,0.0,False
3,466,2.3262,0.4998,2.9359,0.0023,0.0892,0.0128,0.0,0.0,False
3,467,2.3212,-0.0973,1.6159,0.0,0.0969,0.0,0.0,0.0,False
3,468,2.3162,1.2279,6.0806,0.8009,1.2041,0.8974,0.75,0.8252,False
3,469,2.3113,-0.0998,1.612,0.0,1.6279,0.0,0.0,0.0,False
3,470,2.3064,-0.7551,0.837,0.0,0.4878,0.0,0.0,0.0,False
3,471,2.3015,0.7179,3.6515,0.0389,1.3588,0.0128,0.0556,0.028,False
3,472,2.2966,-0.8376,0.7707,0.0,1.0542,0.0,0.0,0.0,False
3,473,2.2918,-1.7534,0.3084,0.0,0.3884,0.0,0.0,0.0,False
3,474,2.2869,-0.3061,1.3115,0.0,1.7456,0.0,0.0,0.0,False
3,475,2.2821,-0.567,1.0102,0.0,0.4671,0.0,0.0,0.0,False
3,476,2.2773,0.706,3.6083,0.0481,0.328,0.0128,0.0648,0.042,False
3,477,2.2725,0.1147,1.9975,0.0,0.7123,0.0,0.0,0.0,False
3,478,2.2678,-1.2332,0.5189,0.0,3.281,0.0,0.0,0.0,False
3,479,2.263,-1.134,0.573,0.0,0.9242,0.0,0.0,0.0,False
3,480,2.2583,0.5481,3.0812,0.0,0.3136,0.0,0.0,0.0,False
3,481,2.2536,0.3746,2.5904,0.0023,0.1757,0.0,0.0046,0.0,False
3,482,2.249,-1.166,0.555,0.0,0.4414,0.0,0.0,0.0,False
3,483,2.2443,-1.0739,0.6086,0.0,0.1247,0.0,0.0,0.0,False
3,484,2.2397,0.2649,2.3213,0.0023,0.2483,0.0,0.0046,0.0,False
3,485,2.2351,-2.982,0.0903,0.0,1.5938,0.0,0.0,0.0,False
3,486,2.2305,-0.379,1.2192,0.0,0.0117,0.0,0.0,0.0,False
3,487,2.2259,0.5976,3.2375,0.0,0.3269,0.0,0.0,0.0,False
3,488,2.2213,-0.7179,0.8687,0.0,0.0597,0.0,0.0,0.0,False
3,489,2.2168,-0.5728,1.0044,0.0,0.0007,0.0,0.0,0.0,False
3,490,2.2122,-0.8809,0.7381,0.0,3.419,0.0,0.0,0.0,False
3,491,2.2077,0.6086,3.2733,0.0092,4.078,0.0,0.0185,0.0,False
3,492,2.2033,-0.5995,0.978,0.0,1.0921,0.0,0.0,0.0,False
3,493,2.1988,-1.7069,0.3232,0.0,0.3122,0.0,0.0,0.0,False
3,494,2.1943,-0.2308,1.414,0.0,0.7698,0.0,0.0,0.0,False
3,495,2.1899,-2.4973,0.1466,0.0,1.3127,0.0,0.0,0.0,False
3,496,2.1855,-1.0284,0.6369,0.0,0.4696,0.0,0.0,0.0,False
3,497,2.1811,-0.9882,0.663,0.0,1.5338,0.0,0.0,0.0,False
3,498,2.1767,1.1748,5.7661,0.7048,1.8757,0.7692,0.6759,0.7133,False
3,499,2.1723,-0.7076,0.8778,0.0,2.1775,0.0,0.0,0.0,False
3,500,2.168,-0.4888,1.0924,0.0,0.1158,0.0,0.0,0.0,False
3,501,2.1637,-3.2512,0.069,0.0,0.9523,0.0,0.0,0.0,False
3,502,2.1594,-0.3194,1.294,0.0,1.2802,0.0,0.0,0.0,False
3,503,2.1551,-0.2542,1.3813,0.0,0.1566,0.0,0.0,0.0,False
3,504,2.1508,0.0984,1.9652,0.0,0.357,0.0,0.0,0.0,False
3,505,2.1465,-0.2732,1.3552,0.0,0.4109,0.0,0.0,0.0,False
3,506,2.1423,1.0213,4.9458,0.3638,1.2204,0.359,0.3935,0.3217,False
3,507,2.1381,0.65,3.4116,0.0595,5.046,0.0,0.0972,0.035,False
3,508,2.1339,0.2736,2.3416,0.0,0.3763,0.0,0.0,0.0,False
3,509,2.1297,-0.0305,1.7277,0.0,0.4854,0.0,0.0,0.0,False
3,510,2.1255,-0.8167,0.787,0.0,0.728,0.0,0.0,0.0,False
3,511,2.1213,-1.7114,0.3217,0.0,1.1853,0.0,0.0,0.0,False
3,512,2.1172,0.1805,2.1334,0.0,0.4089,0.0,0.0,0.0,False
3,513,2.1131,-2.4752,0.1499,0.0,0.2674,0.0,0.0,0.0,False
3,514,2.1089,-2.1293,0.2118,0.0,1.1524,0.0,0.0,0.0,False
3,515,2.1049,0.0572,1.886,0.0,1.9008,0.0,0.0,0.0,False
3,516,2.1008,-1.5124,0.3925,0.0,1.544,0.0,0.0,0.0,False
3,517,2.0967,1.0413,5.0457,0.3776,0.5844,0.3846,0.3426,0.4266,False
3,518,2.0927,-0.6026,0.9749,0.0,2.1717,0.0,0.0,0.0,False
3,519,2.0886,-0.0368,1.7167,0.0,1.5685,0.0,0.0,0.0,False
3,520,2.0846,0.5207,2.998,0.0023,0.5732,0.0,0.0,0.007,False
3,521,2.0806,0.0141,1.8063,0.0,0.4783,0.0,0.0,0.0,False
3,522,2.0766,0.5999,3.2449,0.0046,0.1744,0.0,0.0093,0.0,False
3,523,2.0727,-1.106,0.5893,0.0,1.0159,0.0,0.0,0.0,False
3,524,2.0687,-0.958,0.6833,0.0,0.8709,0.0,0.0,0.0,False
3,525,2.0648,0.1515,2.0724,0.0,0.0123,0.0,0.0,0.0,False
3,526,2.0608,-1.6378,0.3463,0.0,0.2559,0.0,0.0,0.0,False
3,527,2.0569,-0.9961,0.6578,0.0,0.6862,0.0,0.0,0.0,False
3,528,2.053,-1.7771,0.3012,0.0,0.2551,0.0,0.0,0.0,False
3,529,2.0491,-1.0187,0.6431,0.0,0.3034,0.0,0.0,0.0,False
3,530,2.0453,-0.5981,0.9793,0.0,1.2232,0.0,0.0,0.0,False
3,531,2.0414,-0.6363,0.9427,0.0,0.0624,0.0,0.0,0.0,False
3,532,2.0376,1.0679,5.1818,0.4897,0.038,0.5,0.4907,0.4825,False
3,533,2.0338,-0.6893,0.8939,0.0,0.6155,0.0,0.0,0.0,False
3,534,2.03,1.2286,6.0849,0.7757,0.4082,0.8974,0.7176,0.7972,False
3,535,2.0262,1.4248,7.4043,0.9519,0.5504,0.9615,0.9491,0.951,True
3,536,2.0224,-0.3784,1.22,0.0,0.3097,0.0,0.0,0.0,False
3,537,2.0186,-0.3464,1.2596,0.0,0.0606,0.0,0.0,0.0,False
3,538,2.0149,-0.7753,0.8203,0.0,0.4082,0.0,0.0,0.0,False
3,539,2.0111,0.4809,2.8809,0.0092,2.6919,0.0,0.0046,0.021,False
3,540,2.0074,-1.0187,0.6431,0.0,0.5487,0.0,0.0,0.0,False
3,541,2.0037,-1.2543,0.5081,0.0,0.0917,0.0,0.0,0.0,False
3,542,2.0,-0.3576,1.2455,0.0,2.0019,0.0,0.0,0.0,False
4,1,759.0,-0.6755,0.9064,0.0,0.3994,0.0,0.0,0.0,False
4,2,379.5,0.284,2.366,0.0069,0.2929,0.0,0.0093,0.007,False
4,3,253.0,-0.9731,0.6731,0.0,1.436,0.0,0.0,0.0,False
4,4,189.75,-0.4362,1.1515,0.0,1.5109,0.0,0.0,0.0,False
4,5,151.8,0.6864,3.5382,0.0915,0.6076,0.0,0.1111,0.1119,False
4,6,126.5,-2.6544,0.1253,0.0,0.4334,0.0,0.0,0.0,False
4,7,108.4286,-1.4887,0.4019,0.0,3.0179,0.0,0.0,0.0,False
4,8,94.875,0.0548,1.8814,0.0,0.6253,0.0,0.0,0.0,False
4,9,84.3333,-1.2443,0.5132,0.0,0.5351,0.0,0.0,0.0,False
4,10,75.9,-0.7626,0.8308,0.0,0.0341,0.0,0.0,0.0,False
4,11,69.0,-0.8058,0.7956,0.0,0.3825,0.0,0.0,0.0,False
4,12,63.25,-0.3595,1.2432,0.0,0.4536,0.0,0.0,0.0,False
4,13,58.3846,0.4665,2.8396,0.0,0.614,0.0,0.0,0.0,False
4,14,54.2143,-0.2541,1.3815,0.0,2.7319,0.0,0.0,0.0,False
4,15,50.6,-0.6891,0.8941,0.0,1.2656,0.0,0.0,0.0,False
4,16,47.4375,0.1765,2.125,0.0,1.4056,0.0,0.0,0.0,False
4,17,44.6471,1.353,6.891,0.9085,0.6744,0.9744,0.8611,0.9441,True
4,18,42.1667,0.6062,3.2655,0.0,1.3278,0.0,0.0,0.0,False
4,19,39.9474,-1.4516,0.4171,0.0,1.8037,0.0,0.0,0.0,False
4,20,37.95,0.3048,2.4157,0.0,3.985,0.0,0.0,0.0,False
4,21,36.1429,0.6651,3.4636,0.0137,3.8154,0.0,0.0278,0.0,False
4,22,34.5,0.4059,2.6728,0.0229,4.5093,0.0,0.0231,0.035,False
4,23,33.0,0.6099,3.2776,0.0229,4.2172,0.0,0.0324,0.021,False
4,24,31.625,-0.8207,0.7839,0.0,0.0079,0.0,0.0,0.0,False
4,25,30.36,-1.0382,0.6307,0.0,1.0069,0.0,0.0,0.0,False
4,26,29.1923,-2.7797,0.1105,0.0,0.3895,0.0,0.0,0.0,False
4,27,28.1111,-0.4023,1.1912,0.0,0.8491,0.0,0.0,0.0,False
4,28,27.1071,-0.4917,1.0893,0.0,3.1351,0.0,0.0,0.0,False
4,29,26.1724,-3.2007,0.0725,0.0,1.4374,0.0,0.0,0.0,False
4,30,25.3,-1.7211,0.3186,0.0,0.26,0.0,0.0,0.0,False
4,31,24.4839,-2.0564,0.2278,0.0,0.3555,0.0,0.0,0.0,False
4,32,23.7188,0.231,2.2439,0.0,0.791,0.0,0.0,0.0,False
4,33,23.0,-0.6226,0.9556,0.0,0.0661,0.0,0.0,0.0,False
4,34,22.3235,0.1779,2.1278,0.0,1.0954,0.0,0.0,0.0,False
4,35,21.6857,0.1907,2.1552,0.0,0.0994,0.0,0.0,0.0,False
4,36,21.0833,1.697,9.7202,1.0,0.9233,1.0,1.0,1.0,True
4,37,20.5135,-0.2736,1.3548,0.0,2.1571,0.0,0.0,0.0,False
4,38,19.9737,-0.808,0.7939,0.0,1.3092,0.0,0.0,0.0,False
4,39,19.4615,-3.744,0.0421,0.0,0.1783,0.0,0.0,0.0,False
4,40,18.975,1.2582,6.2674,0.8513,0.1579,0.9103,0.8241,0.8601,False
4,41,18.5122,0.5443,3.0695,0.0229,0.135,0.0,0.0324,0.021,False
4,42,18.0714,-0.4345,1.1535,0.0,0.2218,0.0,0.0,0.0,False
4,43,17.6512,-3.323,0.0642,0.0,0.4071,0.0,0.0,0.0,False
4,44,17.25,-1.766,0.3046,0.0,0.0376,0.0,0.0,0.0,False
4,45,16.8667,0.6717,3.4865,0.0297,0.2775,0.0128,0.0509,0.007,False
4,46,16.5,0.4267,2.7291,0.0,0.3176,0.0,0.0,0.0,False
4,47,16.1489,-0.0608,1.676,0.0,0.0624,0.0,0.0,0.0,False
4,48,15.8125,-1.6589,0.339,0.0,0.2274,0.0,0.0,0.0,False
4,49,15.4898,-0.8215,0.7833,0.0,0.604,0.0,0.0,0.0,False
4,50,15.18,0.898,4.3722,0.1327,0.4636,0.1154,0.1111,0.1748,False
4,51,14.8824,0.0298,1.8349,0.0,0.6044,0.0,0.0,0.0,False
4,52,14.5962,-0.4655,1.1182,0.0,0.0137,0.0,0.0,0.0,False
4,53,14.3208,0.2818,2.3608,0.0,2.9584,0.0,0.0,0.0,False
4,54,14.0556,0.4877,2.9007,0.0069,0.6371,0.0,0.0139,0.0,False
4,55,13.8,-1.8488,0.2804,0.0,1.2951,0.0,0.0,0.0,False
4,56,13.5536,-0.3093,1.3073,0.0,0.1034,0.0,0.0,0.0,False
4,57,13.3158,-0.1297,1.5645,0.0,0.2645,0.0,0.0,0.0,False
4,58,13.0862,0.5914,3.2174,0.0229,0.2066,0.0128,0.0278,0.021,False
4,59,12.8644,-1.3609,0.4567,0.0,2.0038,0.0,0.0,0.0,False
4,60,12.65,1.0455,5.0667,0.4416,1.8887,0.5128,0.3565,0.5315,False
4,61,12.4426,-1.0255,0.6387,0.0,0.31,0.0,0.0,0.0,False
4,62,12.2419,1.0316,4.9971,0.3478,0.1266,0.3462,0.3657,0.3217,False
4,63,12.0476,-2.3764,0.1654,0.0,2.7132,0.0,0.0,0.0,False
4,64,11.8594,-2.6895,0.121,0.0,2.1337,0.0,0.0,0.0,False
4,65,11.6769,-0.5647,1.0126,0.0,0.1412,0.0,0.0,0.0,False
4,66,11.5,-2.6674,0.1237,0.0,1.1475,0.0,0.0,0.0,False
4,67,11.3284,-1.653,0.341,0.0,1.3687,0.0,0.0,0.0,False
4,68,11.1618,1.0787,5.2381,0.4439,0.4056,0.5256,0.4444,0.3986,False
4,69,11.0,-0.9711,0.6744,0.0,0.5097,0.0,0.0,0.0,False
4,70,10.8429,-0.5535,1.024,0.0,0.1254,0.0,0.0,0.0,False
4,71,10.6901,-1.7315,0.3153,0.0,0.6221,0.0,0.0,0.0,False
4,72,10.5417,1.4553,7.6333,0.9886,0.558,1.0,0.9907,0.979,True
4,73,10.3973,-0.0124,1.7592,0.0,1.0982,0.0,0.0,0.0,False
4,74,10.2568,-2.7785,0.1107,0.0,0.8115,0.0,0.0,0.0,False
4,75,10.12,0.1482,2.0656,0.0,0.498,0.0,0.0,0.0,False
4,76,9.9868,0.1325,2.0334,0.0,0.6173,0.0,0.0,0.0,False
4,77,9.8571,1.2908,6.4758,0.8673,3.7722,0.9487,0.8472,0.8531,False
4,78,9.7308,-0.9536,0.6863,0.0,0.6592,0.0,0.0,0.0,False
4,79,9.6076,0.1682,2.1072,0.0,1.3686,0.0,0.0,0.0,False
4,80,9.4875,-0.3934,1.2018,0.0,1.3147,0.0,0.0,0.0,False
4,81,9.3704,0.67,3.4807,0.0183,0.6733,0.0,0.0324,0.007,False
4,82,9.2561,-1.1777,0.5485,0.0,1.6827,0.0,0.0,0.0,False
4,83,9.1446,-0.6885,0.8947,0.0,1.277,0.0,0.0,0.0,False
4,84,9.0357,0.5937,3.2249,0.0206,0.3435,0.0256,0.0185,0.021,False
4,85,8.9294,-0.3643,1.2372,0.0,0.6072,0.0,0.0,0.0,False
4,86,8.8256,-2.0732,0.224,0.0,1.7861,0.0,0.0,0.0,False
4,87,8.7241,0.1295,2.0274,0.0,2.8653,0.0,0.0,0.0,False
4,88,8.625,0.2294,2.2402,0.0,0.1222,0.0,0.0,0.0,False
4,89,8.5281,1.2977,6.5202,0.8375,0.2739,0.9103,0.7778,0.8881,False
4,90,8.4333,-1.7482,0.3101,0.0,0.0234,0.0,0.0,0.0,False
4,91,8.3407,-0.6442,0.9352,0.0,1.7711,0.0,0.0,0.0,False
4,92,8.25,-2.4765,0.1497,0.0,0.7767,0.0,0.0,0.0,False
4,93,8.1613,-0.4215,1.1684,0.0,0.7373,0.0,0.0,0.0,False
4,94,8.0745,0.4986,2.9325,0.0,0.1981,0.0,0.0,0.0,False
4,95,7.9895,0.8738,4.2675,0.1648,0.8493,0.1026,0.1806,0.1748,False
4,96,7.9062,-1.3551,0.4594,0.0,0.7158,0.0,0.0,0.0,False
4,97,7.8247,-0.1456,1.5398,0.0,0.0207,0.0,0.0,0.0,False
4,98,7.7449,-0.3113,1.3046,0.0,0.994,0.0,0.0,0.0,False
4,99,7.6667,-0.0226,1.7412,0.0023,2.3137,0.0,0.0046,0.0,False
4,100,7.59,-0.2024,1.4547,0.0,1.1058,0.0,0.0,0.0,False
4,101,7.5149,-0.2967,1.3238,0.0,1.5054,0.0,0.0,0.0,False
4,102,7.4412,-0.1137,1.5896,0.0,0.3913,0.0,0.0,0.0,False
4,103,7.3689,0.9862,4.7751,0.238,1.0934,0.2179,0.2222,0.2727,False
4,104,7.2981,0.7211,3.6632,0.0183,0.8614,0.0256,0.0185,0.014,False
4,105,7.2286,0.7791,3.8818,0.0435,3.2899,0.0,0.0417,0.0699,False
4,106,7.1604,-0.2788,1.3478,0.0,1.3685,0.0,0.0,0.0,False
4,107,7.0935,0.6052,3.2622,0.0114,0.5735,0.0,0.0185,0.007,False
4,108,7.0278,-0.716,0.8705,0.0,0.5964,0.0,0.0,0.0,False
4,109,6.9633,-1.6877,0.3294,0.0,1.6885,0.0,0.0,0.0,False
4,110,6.9,-1.1191,0.5816,0.0,0.5688,0.0,0.0,0.0,False
4,111,6.8378,-0.8923,0.7297,0.0,0.1353,0.0,0.0,0.0,False
4,112,6.7768,-0.2884,1.3349,0.0,0.5662,0.0,0.0,0.0,False
4,113,6.7168,-1.1653,0.5554,0.0,2.6658,0.0,0.0,0.0,False
4,114,6.6579,-1.1528,0.5624,0.0,0.405,0.0,0.0,0.0,False
4,115,6.6,0.8903,4.3384,0.1899,0.473,0.2051,0.1343,0.2657,False
4,116,6.5431,-0.1015,1.6092,0.0,1.9732,0.0,0.0,0.0,False
4,117,6.4872,0.0743,1.9185,0.0,1.3837,0.0,0.0,0.0,False
4,118,6.4322,-3.2026,0.0724,0.0,1.2005,0.0,0.0,0.0,False
4,119,6.3782,-2.2988,0.1788,0.0,1.4014,0.0,0.0,0.0,False
4,120,6.325,0.5383,3.0512,0.0046,1.5941,0.0,0.0093,0.0,False
4,121,6.2727,-0.3314,1.2787,0.0,0.2229,0.0,0.0,0.0,False
4,122,6.2213,-0.1805,1.487,0.0,1.1686,0.0,0.0,0.0,False
4,123,6.1707,-1.3015,0.4847,0.0,0.9659,0.0,0.0,0.0,False
4,124,6.121,-1.7098,0.3222,0.0,0.9145,0.0,0.0,0.0,False
4,125,6.072,-1.1088,0.5877,0.0,0.3346,0.0,0.0,0.0,False
4,126,6.0238,-3.0859,0.0814,0.0,0.1795,0.0,0.0,0.0,False
4,127,5.9764,-0.2303,1.4147,0.0,0.8009,0.0,0.0,0.0,False
4,128,5.9297,0.3414,2.5057,0.0,0.8122,0.0,0.0,0.0,False
4,129,5.8837,-1.7709,0.3031,0.0,0.0426,0.0,0.0,0.0,False
4,130,5.8385,0.722,3.6666,0.0092,1.1771,0.0,0.0093,0.014,False
4,131,5.7939,-0.2074,1.4475,0.0,0.0711,0.0,0.0,0.0,False
4,132,5.75,-3.3656,0.0615,0.0,2.1495,0.0,0.0,0.0,False
4,133,5.7068,-1.3034,0.4838,0.0,0.7103,0.0,0.0,0.0,False
4,134,5.6642,-0.7087,0.8768,0.0,1.1009,0.0,0.0,0.0,False
4,135,5.6222,0.2042,2.1846,0.0,1.5029,0.0,0.0,0.0,False
4,136,5.5809,-1.6793,0.3322,0.0,0.3623,0.0,0.0,0.0,False
4,137,5.5401,0.5961,3.2326,0.0069,0.5231,0.0,0.0046,0.014,False
4,138,5.5,-0.6843,0.8985,0.0,2.1575,0.0,0.0,0.0,False
4,139,5.4604,0.4238,2.721,0.0,0.0536,0.0,0.0,0.0,False
4,140,5.4214,-0.3618,1.2404,0.0,0.4093,0.0,0.0,0.0,False
4,141,5.383,-0.0363,1.7175,0.0,1.2814,0.0,0.0,0.0,False
4,142,5.3451,-0.4289,1.1598,0.0,0.2458,0.0,0.0,0.0,False
4,143,5.3077,-2.3853,0.164,0.0,0.1471,0.0,0.0,0.0,False
4,144,5.2708,-1.4422,0.4211,0.0,1.0483,0.0,0.0,0.0,False
4,145,5.2345,-3.5566,0.0508,0.0,1.3502,0.0,0.0,0.0,False
4,146,5.1986,0.2866,2.3721,0.0023,0.7429,0.0,0.0,0.007,False
4,147,5.1633,-0.6579,0.9225,0.0,0.3653,0.0,0.0,0.0,False
4,148,5.1284,-0.4163,1.1746,0.0,0.128,0.0,0.0,0.0,False
4,149,5.094,-1.0857,0.6014,0.0,1.9759,0.0,0.0,0.0,False
4,150,5.06,0.1995,2.1744,0.0,1.1015,0.0,0.0,0.0,False
4,151,5.0265,0.9851,4.7699,0.286,1.0754,0.2436,0.3241,0.2517,False
4,152,4.9934,0.3265,2.4688,0.0023,1.4571,0.0,0.0046,0.0,False
4,153,4.9608,-0.9075,0.7188,0.0,4.3325,0.0,0.0,0.0,False
4,154,4.9286,-1.288,0.4913,0.0,0.3793,0.0,0.0,0.0,False
4,155,4.8968,-0.2589,1.3748,0.0,1.2371,0.0,0.0,0.0,False
4,156,4.8654,0.3713,2.5819,0.0,0.3199,0.0,0.0,0.0,False
4,157,4.8344,-1.1386,0.5704,0.0,0.8395,0.0,0.0,0.0,False
4,158,4.8038,-0.5063,1.0735,0.0,0.0946,0.0,0.0,0.0,False
4,159,4.7736,-0.235,1.408,0.0,0.4745,0.0,0.0,0.0,False
4,160,4.7438,0.1189,2.0059,0.0,0.1017,0.0,0.0,0.0,False
4,161,4.7143,-0.2634,1.3687,0.0,0.0142,0.0,0.0,0.0,False
4,162,4.6852,-0.4303,1.1583,0.0,0.2874,0.0,0.0,0.0,False
4,163,4.6564,0.0013,1.7834,0.0,0.3582,0.0,0.0,0.0,False
4,164,4.628,-0.4211,1.169,0.0,1.6401,0.0,0.0,0.0,False
4,165,4.6,0.1094,1.987,0.0,0.3222,0.0,0.0,0.0,False
4,166,4.5723,-0.0388,1.7134,0.0,0.0123,0.0,0.0,0.0,False
4,167,4.5449,0.3806,2.606,0.0,0.3925,0.0,0.0,0.0,False
4,168,4.5179,-0.3148,1.3001,0.0,0.6986,0.0,0.0,0.0,False
4,169,4.4911,-2.0193,0.2364,0.0,0.5811,0.0,0.0,0.0,False
4,170,4.4647,-0.5705,1.0067,0.0,2.7918,0.0,0.0,0.0,False
4,171,4.4386,-1.5524,0.3771,0.0,0.373,0.0,0.0,0.0,False
4,172,4.4128,-0.9083,0.7182,0.0,1.3416,0.0,0.0,0.0,False
4,173,4.3873,0.0256,1.8273,0.0,0.2275,0.0,0.0,0.0,False
4,174,4.3621,0.6373,3.3686,0.0297,2.1421,0.0256,0.0278,0.035,False
4,175,4.3371,0.6623,3.454,0.0114,0.7706,0.0,0.0185,0.007,False
4,176,4.3125,-3.5982,0.0488,0.0,0.1087,0.0,0.0,0.0,False
4,177,4.2881,-2.1269,0.2123,0.0,0.2334,0.0,0.0,0.0,False
4,178,4.264,1.0862,5.2773,0.5149,0.8903,0.6282,0.4815,0.5035,False
4,179,4.2402,-0.9972,0.657,0.0,1.7357,0.0,0.0,0.0,False
4,180,4.2167,-1.6215,0.3519,0.0,0.5961,0.0,0.0,0.0,False
4,181,4.1934,0.9632,4.6666,0.2357,2.222,0.2308,0.1991,0.2937,False
4,182,4.1703,-1.3258,0.4731,0.0,3.1943,0.0,0.0,0.0,False
4,183,4.1475,-1.5724,0.3697,0.0,0.0903,0.0,0.0,0.0,False
4,184,4.125,-0.8258,0.7799,0.0,0.5279,0.0,0.0,0.0,False
4,185,4.1027,-2.1756,0.2022,0.0,0.734,0.0,0.0,0.0,False
4,186,4.0806,0.2943,2.3904,0.0,2.6832,0.0,0.0,0.0,False
4,187,4.0588,-0.0359,1.7183,0.0,0.5789,0.0,0.0,0.0,False
4,188,4.0372,-0.0238,1.7392,0.0,0.0622,0.0,0.0,0.0,False
4,189,4.0159,-1.1006,0.5925,0.0,2.47,0.0,0.0,0.0,False
4,190,3.9947,-2.6531,0.1254,0.0,0.0414,0.0,0.0,0.0,False
4,191,3.9738,-2.5892,0.1337,0.0,0.1735,0.0,0.0,0.0,False
4,192,3.9531,-3.8134,0.0393,0.0,0.6619,0.0,0.0,0.0,False
4,193,3.9326,-2.4018,0.1613,0.0,0.6368,0.0,0.0,0.0,False
4,194,3.9124,-1.9451,0.2546,0.0,1.0966,0.0,0.0,0.0,False
4,195,3.8923,-0.9006,0.7237,0.0,0.4006,0.0,0.0,0.0,False
4,196,3.8724,-3.3368,0.0633,0.0,0.3102,0.0,0.0,0.0,False
4,197,3.8528,0.8644,4.2274,0.2037,0.0014,0.1026,0.2593,0.1748,False
4,198,3.8333,0.6505,3.4133,0.0275,0.4494,0.0128,0.0278,0.035,False
4,199,3.8141,-2.0805,0.2224,0.0,0.6491,0.0,0.0,0.0,False
4,200,3.795,-1.9439,0.255,0.0,0.5953,0.0,0.0,0.0,False
4,201,3.7761,-0.3412,1.2662,0.0,2.3988,0.0,0.0,0.0,False
4,202,3.7574,-1.54,0.3818,0.0,0.7746,0.0,0.0,0.0,False
4,203,3.7389,-3.0038,0.0883,0.0,0.5344,0.0,0.0,0.0,False
4,204,3.7206,-1.4285,0.4269,0.0,1.6859,0.0,0.0,0.0,False
4,205,3.7024,-3.9722,0.0335,0.0,0.4289,0.0,0.0,0.0,False
4,206,3.6845,-1.8084,0.2919,0.0,1.8648,0.0,0.0,0.0,False
4,207,3.6667,-3.7193,0.0432,0.0,3.5815,0.0,0.0,0.0,False
4,208,3.649,1.0647,5.1648,0.4508,3.1334,0.4872,0.4167,0.4825,False
4,209,3.6316,-0.9094,0.7173,0.0,0.2619,0.0,0.0,0.0,False
4,210,3.6143,-2.4722,0.1503,0.0,1.1348,0.0,0.0,0.0,False
4,211,3.5972,-0.3438,1.2629,0.0,0.2174,0.0,0.0,0.0,False
4,212,3.5802,-1.4366,0.4234,0.0,2.0204,0.0,0.0,0.0,False
4,213,3.5634,-0.7816,0.8151,0.0,1.6202,0.0,0.0,0.0,False
4,214,3.5467,-2.0378,0.2321,0.0,2.8937,0.0,0.0,0.0,False
4,215,3.5302,-0.9813,0.6676,0.0,0.6638,0.0,0.0,0.0,False
4,216,3.5139,0.6011,3.2489,0.0,0.3967,0.0,0.0,0.0,False
4,217,3.4977,-0.3056,1.3121,0.0,0.5036,0.0,0.0,0.0,False
4,218,3.4817,-2.2326,0.191,0.0,0.6512,0.0,0.0,0.0,False
4,219,3.4658,-1.0389,0.6302,0.0,0.0091,0.0,0.0,0.0,False
4,220,3.45,1.0785,5.2367,0.4668,3.3578,0.5641,0.4491,0.4406,False
4,221,3.4344,-1.547,0.3792,0.0,1.0395,0.0,0.0,0.0,False
4,222,3.4189,-3.6321,0.0471,0.0,0.0601,0.0,0.0,0.0,False
4,223,3.4036,0.2447,2.2748,0.0,0.0387,0.0,0.0,0.0,False
4,224,3.3884,-2.5059,0.1453,0.0,0.4107,0.0,0.0,0.0,False
4,225,3.3733,-0.6396,0.9395,0.0,0.328,0.0,0.0,0.0,False
4,226,3.3584,-0.7968,0.8028,0.0,0.1989,0.0,0.0,0.0,False
4,227,3.3436,-0.2091,1.445,0.0,1.543,0.0,0.0,0.0,False
4,228,3.3289,-0.3665,1.2346,0.0,0.5925,0.0,0.0,0.0,False
4,229,3.3144,-0.3289,1.2819,0.0,1.6188,0.0,0.0,0.0,False
4,230,3.3,-1.2099,0.5311,0.0,2.0766,0.0,0.0,0.0,False
4,231,3.2857,-1.1002,0.5927,0.0,1.1911,0.0,0.0,0.0,False
4,232,3.2716,-1.63,0.349,0.0,0.2416,0.0,0.0,0.0,False
4,233,3.2575,0.1339,2.0363,0.0,0.8767,0.0,0.0,0.0,False
4,234,3.2436,0.3106,2.4297,0.0023,0.6975,0.0,0.0046,0.0,False
4,235,3.2298,1.1798,5.7954,0.7597,2.5531,0.8333,0.6898,0.8252,False
4,236,3.2161,-0.6044,0.9732,0.0,5.4298,0.0,0.0,0.0,False
4,237,3.2025,-1.9259,0.2596,0.0,0.4272,0.0,0.0,0.0,False
4,238,3.1891,0.0534,1.8787,0.0,0.0911,0.0,0.0,0.0,False
4,239,3.1757,-1.3094,0.4808,0.0,0.2117,0.0,0.0,0.0,False
4,240,3.1625,-1.0765,0.607,0.0,0.5068,0.0,0.0,0.0,False
4,241,3.1494,-1.4252,0.4283,0.0,1.1493,0.0,0.0,0.0,False
4,242,3.1364,-0.6704,0.911,0.0,1.9441,0.0,0.0,0.0,False
4,243,3.1235,0.1117,1.9916,0.0,0.0993,0.0,0.0,0.0,False
4,244,3.1107,0.3462,2.5179,0.0023,0.0641,0.0,0.0046,0.0,False
4,245,3.098,0.1946,2.1636,0.0023,0.8464,0.0,0.0046,0.0,False
4,246,3.0854,0.4471,2.7853,0.0,2.1667,0.0,0.0,0.0,False
4,247,3.0729,-0.6107,0.9671,0.0,2.5339,0.0,0.0,0.0,False
4,248,3.0605,0.4419,2.7708,0.0023,0.0916,0.0,0.0046,0.0,False
4,249,3.0482,-0.9799,0.6685,0.0,0.4317,0.0,0.0,0.0,False
4,250,3.036,-1.0958,0.5954,0.0,0.9229,0.0,0.0,0.0,False
4,251,3.0239,-2.5664,0.1368,0.0,1.2032,0.0,0.0,0.0,False
4,252,3.0119,-0.3251,1.2868,0.0,1.1372,0.0,0.0,0.0,False
4,253,3.0,1.074,5.2132,0.4851,1.2987,0.4872,0.4861,0.4825,False
4,254,2.9882,-0.6713,0.9102,0.0,0.7797,0.0,0.0,0.0,False
4,255,2.9765,-1.1093,0.5874,0.0,0.1862,0.0,0.0,0.0,False
4,256,2.9648,-1.9681,0.2489,0.0,0.1084,0.0,0.0,0.0,False
4,257,2.9533,-0.5964,0.981,0.0,1.2703,0.0,0.0,0.0,False
4,258,2.9419,-0.0868,1.6331,0.0,0.0299,0.0,0.0,0.0,False
4,259,2.9305,-0.5622,1.0151,0.0,0.4491,0.0,0.0,0.0,False
4,260,2.9192,-0.5759,1.0013,0.0,1.1291,0.0,0.0,0.0,False
4,261,2.908,-3.3056,0.0653,0.0,0.1316,0.0,0.0,0.0,False
4,262,2.8969,-0.1402,1.5481,0.0,0.1543,0.0,0.0,0.0,False
4,263,2.8859,-2.97,0.0914,0.0,1.4659,0.0,0.0,0.0,False
4,264,2.875,-0.6372,0.9418,0.0,1.8778,0.0,0.0,0.0,False
4,265,2.8642,0.2141,2.2063,0.0,3.5711,0.0,0.0,0.0,False
4,266,2.8534,-0.1438,1.5425,0.0,0.7613,0.0,0.0,0.0,False
4,267,2.8427,0.0201,1.8172,0.0,1.2268,0.0,0.0,0.0,False
4,268,2.8321,-2.1978,0.1978,0.0,0.4887,0.0,0.0,0.0,False
4,269,2.8216,-0.5863,0.991,0.0,0.0205,0.0,0.0,0.0,False
4,270,2.8111,0.3476,2.5214,0.0023,0.6329,0.0,0.0,0.007,False
4,271,2.8007,-0.521,1.0578,0.0,0.0946,0.0,0.0,0.0,False
4,272,2.7904,0.2746,2.3439,0.0,2.9026,0.0,0.0,0.0,False
4,273,2.7802,0.0799,1.9292,0.0,0.1841,0.0,0.0,0.0,False
4,274,2.7701,0.0424,1.8583,0.0,2.9236,0.0,0.0,0.0,False
4,275,2.76,-1.0441,0.6269,0.0,1.6744,0.0,0.0,0.0,False
4,276,2.75,0.5005,2.938,0.0,0.6023,0.0,0.0,0.0,False
4,277,2.7401,-2.1474,0.208,0.0,0.5529,0.0,0.0,0.0,False
4,278,2.7302,0.6573,3.4368,0.0183,0.1292,0.0,0.0278,0.014,False
4,279,2.7204,-0.3528,1.2516,0.0,0.1632,0.0,0.0,0.0,False
4,280,2.7107,0.5786,3.1767,0.0023,2.52,0.0,0.0046,0.0,False
4,281,2.7011,-1.2025,0.5351,0.0,1.7648,0.0,0.0,0.0,False
4,282,2.6915,0.6393,3.3756,0.0092,1.3061,0.0,0.0139,0.007,False
4,283,2.682,-1.4369,0.4233,0.0,1.2159,0.0,0.0,0.0,False
4,284,2.6725,0.2271,2.2351,0.0,1.4235,0.0,0.0,0.0,False
4,285,2.6632,-0.7471,0.8437,0.0,0.7106,0.0,0.0,0.0,False
4,286,2.6538,0.9034,4.3956,0.1739,0.7067,0.0769,0.2037,0.1818,False
4,287,2.6446,-1.8987,0.2667,0.0,1.7109,0.0,0.0,0.0,False
4,288,2.6354,-0.6752,0.9067,0.0,0.1247,0.0,0.0,0.0,False
4,289,2.6263,-0.0505,1.6934,0.0,0.3977,0.0,0.0,0.0,False
4,290,2.6172,0.5179,2.9894,0.0,0.0419,0.0,0.0,0.0,False
4,291,2.6082,0.4557,2.8092,0.0,0.0494,0.0,0.0,0.0,False
4,292,2.5993,0.6762,3.5024,0.0092,1.1007,0.0,0.0185,0.0,False
4,293,2.5904,0.2956,2.3937,0.0046,0.9799,0.0,0.0046,0.007,False
4,294,2.5816,-2.8953,0.0985,0.0,3.6416,0.0,0.0,0.0,False
4,295,2.5729,-0.3217,1.2911,0.0,0.1285,0.0,0.0,0.0,False
4,296,2.5642,-0.8616,0.7525,0.0,0.2993,0.0,0.0,0.0,False
4,297,2.5556,-0.2384,1.4033,0.0,0.5212,0.0,0.0,0.0,False
4,298,2.547,-1.8583,0.2777,0.0,0.2282,0.0,0.0,0.0,False
4,299,2.5385,0.1704,2.112,0.0,0.5345,0.0,0.0,0.0,False
4,300,2.53,-2.8767,0.1003,0.0,0.7571,0.0,0.0,0.0,False
4,301,2.5216,-1.7251,0.3173,0.0,0.5481,0.0,0.0,0.0,False
4,302,2.5132,-0.0609,1.6758,0.0,0.0186,0.0,0.0,0.0,False
4,303,2.505,0.3901,2.6309,0.0069,0.8079,0.0,0.0046,0.014,False
4,304,2.4967,0.6623,3.454,0.0366,2.2203,0.0128,0.0509,0.028,False
4,305,2.4885,0.7949,3.9437,0.0229,0.0715,0.0128,0.0139,0.042,False
4,306,2.4804,-1.1108,0.5865,0.0,0.0928,0.0,0.0,0.0,False
4,307,2.4723,-0.6489,0.9308,0.0,0.8484,0.0,0.0,0.0,False
4,308,2.4643,0.3442,2.5127,0.0,1.4731,0.0,0.0,0.0,False
4,309,2.4563,-0.2326,1.4114,0.0,1.1998,0.0,0.0,0.0,False
4,310,2.4484,1.0113,4.8965,0.3181,0.1643,0.3077,0.3287,0.3077,False
4,311,2.4405,-1.1428,0.568,0.0,0.0832,0.0,0.0,0.0,False
4,312,2.4327,0.2974,2.3979,0.0023,1.227,0.0,0.0046,0.0,False
4,313,2.4249,0.6505,3.4135,0.0343,1.5511,0.0,0.037,0.049,False
4,314,2.4172,-0.5987,0.9787,0.0,2.643,0.0,0.0,0.0,False
4,315,2.4095,-1.2259,0.5228,0.0,0.8519,0.0,0.0,0.0,False
4,316,2.4019,-0.128,1.5671,0.0,0.8279,0.0,0.0,0.0,False
4,317,2.3943,-0.0029,1.7759,0.0,0.4498,0.0,0.0,0.0,False
4,318,2.3868,0.7131,3.634,0.0137,0.1417,0.0,0.0139,0.021,False
4,319,2.3793,1.003,4.8562,0.2998,1.5077,0.2821,0.2917,0.3217,False
4,320,2.3719,-3.2672,0.0679,0.0,1.3909,0.0,0.0,0.0,False
4,321,2.3645,-1.2007,0.5361,0.0,0.3961,0.0,0.0,0.0,False
4,322,2.3571,-0.0287,1.7307,0.0,2.2298,0.0,0.0,0.0,False
4,323,2.3498,0.0386,1.8511,0.0,1.2475,0.0,0.0,0.0,False
4,324,2.3426,1.6331,9.1183,1.0,0.9511,1.0,1.0,1.0,True
4,325,2.3354,-1.0393,0.63,0.0,0.3422,0.0,0.0,0.0,False
4,326,2.3282,-0.8919,0.73,0.0023,0.1225,0.0,0.0046,0.0,False
4,327,2.3211,-1.8084,0.2919,0.0,2.0341,0.0,0.0,0.0,False
4,328,2.314,0.4399,2.7653,0.0,3.1285,0.0,0.0,0.0,False
4,329,2.307,1.4485,7.5815,0.9817,1.1568,0.9872,0.9769,0.986,True
4,330,2.3,-2.2279,0.1919,0.0,0.192,0.0,0.0,0.0,False
4,331,2.2931,0.5721,3.1559,0.0023,0.0625,0.0,0.0046,0.0,False
4,332,2.2861,-0.2306,1.4142,0.0,1.0851,0.0,0.0,0.0,False
4,333,2.2793,-0.6039,0.9737,0.0,1.2663,0.0,0.0,0.0,False
4,334,2.2725,-3.6451,0.0465,0.0,1.8952,0.0,0.0,0.0,False
4,335,2.2657,-0.1785,1.4899,0.0,0.9482,0.0,0.0,0.0,False
4,336,2.2589,0.8967,4.3665,0.119,0.7623,0.1026,0.1343,0.1049,False
4,337,2.2522,0.154,2.0777,0.0,0.2901,0.0,0.0,0.0,False
4,338,2.2456,0.2357,2.2545,0.0,0.2748,0.0,0.0,0.0,False
4,339,2.2389,0.23,2.2417,0.0,0.7635,0.0,0.0,0.0,False
4,340,2.2324,-0.6527,0.9273,0.0,0.5327,0.0,0.0,0.0,False
4,341,2.2258,-0.0305,1.7276,0.0,0.5354,0.0,0.0,0.0,False
4,342,2.2193,0.5502,3.0877,0.016,0.4851,0.0,0.0278,0.007,False
4,343,2.2128,-0.3322,1.2777,0.0,0.6971,0.0,0.0,0.0,False
4,344,2.2064,-0.1541,1.5267,0.0023,0.4382,0.0,0.0046,0.0,False
4,345,2.2,1.0239,4.9585,0.3455,0.3878,0.3846,0.3287,0.3497,False
4,346,2.1936,0.9585,4.6448,0.2426,0.2467,0.2308,0.2639,0.2168,False
4,347,2.1873,-2.4118,0.1597,0.0,0.8559,0.0,0.0,0.0,False
4,348,2.181,-0.7746,0.8209,0.0,2.0777,0.0,0.0,0.0,False
4,349,2.1748,0.731,3.6994,0.0137,2.2051,0.0128,0.0185,0.007,False
4,350,2.1686,-0.4449,1.1414,0.0,1.77,0.0,0.0,0.0,False
4,351,2.1624,0.9187,4.4633,0.1922,0.2356,0.1667,0.1898,0.2098,False
4,352,2.1562,0.9536,4.622,0.27,0.3609,0.1538,0.3009,0.2867,False
4,353,2.1501,-0.2782,1.3485,0.0,1.075,0.0,0.0,0.0,False
4,354,2.1441,0.8194,4.0415,0.0892,0.1331,0.0128,0.1065,0.1049,False
4,355,2.138,0.1436,2.0562,0.0,0.4236,0.0,0.0,0.0,False
4,356,2.132,-0.2475,1.3906,0.0,1.017,0.0,0.0,0.0,False
4,357,2.1261,-1.0051,0.6519,0.0,3.8769,0.0,0.0,0.0,False
4,358,2.1201,-1.1282,0.5764,0.0,2.419,0.0,0.0,0.0,False
4,359,2.1142,1.3346,6.7653,0.9428,0.8315,0.9744,0.9167,0.965,True
4,360,2.1083,1.1247,5.4846,0.611,1.1539,0.7436,0.5556,0.6224,False
4,361,2.1025,-2.3081,0.1771,0.0,1.2796,0.0,0.0,0.0,False
4,362,2.0967,-3.0014,0.0886,0.0,0.3217,0.0,0.0,0.0,False
4,363,2.0909,0.0622,1.8954,0.0,1.4194,0.0,0.0,0.0,False
4,364,2.0852,-3.0634,0.0832,0.0,1.5868,0.0,0.0,0.0,False
4,365,2.0795,-0.3449,1.2615,0.0,0.5938,0.0,0.0,0.0,False
4,366,2.0738,0.8733,4.2654,0.0847,0.7368,0.0641,0.0787,0.1049,False
4,367,2.0681,-2.0259,0.2349,0.0,0.7187,0.0,0.0,0.0,False
4,368,2.0625,0.6963,3.5735,0.0206,0.3915,0.0,0.0417,0.0,False
4,369,2.0569,-0.1336,1.5583,0.0023,0.2303,0.0,0.0046,0.0,False
4,370,2.0514,0.6353,3.3618,0.016,0.1136,0.0128,0.0139,0.021,False
4,371,2.0458,-0.6078,0.9699,0.0,2.0294,0.0,0.0,0.0,False
4,372,2.0403,0.2927,2.3868,0.0023,0.8681,0.0,0.0046,0.0,False
4,373,2.0349,0.4805,2.8799,0.0046,1.396,0.0256,0.0,0.0,False
4,374,2.0294,-0.919,0.7105,0.0,3.7226,0.0,0.0,0.0,False
4,375,2.024,-0.0135,1.7571,0.0,0.4943,0.0,0.0,0.0,False
4,376,2.0186,0.5797,3.18,0.0137,0.9088,0.0,0.0278,0.0,False
4,377,2.0133,-0.8989,0.7249,0.0,1.8651,0.0,0.0,0.0,False
4,378,2.0079,0.0539,1.8797,0.0,0.9618,0.0,0.0,0.0,False
4,379,2.0026,-1.1425,0.5682,0.0,0.8519,0.0,0.0,0.0,False
5,1,895.0,0.9151,4.4472,0.5149,2.2187,0.4487,0.5463,0.5035,False
5,2,447.5,-0.8915,0.7303,0.0,1.4448,0.0,0.0,0.0,False
5,3,298.3333,0.7291,3.6925,0.2929,0.1176,0.1026,0.3935,0.2448,False
5,4,223.75,0.3734,2.5872,0.0,0.835,0.0,0.0,0.0,False
5,5,179.0,1.3889,7.1426,0.9634,0.537,1.0,0.9722,0.9301,True
5,6,149.1667,0.071,1.9122,0.0,0.0549,0.0,0.0,0.0,False
5,7,127.8571,0.0617,1.8945,0.0,1.2846,0.0,0.0,0.0,False
5,8,111.875,-0.6926,0.891,0.0,0.3895,0.0,0.0,0.0,False
5,9,99.4444,-0.2305,1.4144,0.0,4.6489,0.0,0.0,0.0,False
5,10,89.5,-1.1717,0.5518,0.0,0.2782,0.0,0.0,0.0,False
5,11,81.3636,0.6091,3.2751,0.0,5.7917,0.0,0.0,0.0,False
5,12,74.5833,0.2024,2.1806,0.0023,4.383,0.0,0.0046,0.0,False
5,13,68.8462,-0.7518,0.8398,0.0,2.6031,0.0,0.0,0.0,False
5,14,63.9286,0.4316,2.7422,0.0,3.6576,0.0,0.0,0.0,False
5,15,59.6667,0.1519,2.0733,0.0,0.0951,0.0,0.0,0.0,False
5,16,55.9375,-0.4319,1.1565,0.0,2.6006,0.0,0.0,0.0,False
5,17,52.6471,-2.8238,0.1058,0.0,0.876,0.0,0.0,0.0,False
5,18,49.7222,0.0946,1.9578,0.0,0.0784,0.0,0.0,0.0,False
5,19,47.1053,-2.081,0.2223,0.0,0.8896,0.0,0.0,0.0,False
5,20,44.75,-1.3748,0.4504,0.0,0.4004,0.0,0.0,0.0,False
5,21,42.619,-3.4502,0.0565,0.0,2.8238,0.0,0.0,0.0,False
5,22,40.6818,-0.3008,1.3184,0.0,1.4056,0.0,0.0,0.0,False
5,23,38.913,-1.1051,0.5898,0.0,2.7956,0.0,0.0,0.0,False
5,24,37.2917,-0.5184,1.0606,0.0,0.8002,0.0,0.0,0.0,False
5,25,35.8,-0.182,1.4847,0.0,0.8026,0.0,0.0,0.0,False
5,26,34.4231,-1.8135,0.2905,0.0,1.9337,0.0,0.0,0.0,False
5,27,33.1481,-2.4058,0.1606,0.0,0.5456,0.0,0.0,0.0,False
5,28,31.9643,-1.3643,0.4552,0.0,0.0067,0.0,0.0,0.0,False
5,29,30.8621,-0.4351,1.1527,0.0,0.1381,0.0,0.0,0.0,False
5,30,29.8333,-2.0385,0.2319,0.0,0.0376,0.0,0.0,0.0,False
5,31,28.871,-0.1906,1.4719,0.0,0.2067,0.0,0.0,0.0,False
5,32,27.9688,-0.9895,0.6622,0.0,0.7537,0.0,0.0,0.0,False
5,33,27.1212,0.3526,2.534,0.0046,0.6463,0.0128,0.0,0.007,False
5,34,26.3235,0.7733,3.8594,0.0572,1.5092,0.0385,0.0556,0.0699,False
5,35,25.5714,-1.3826,0.4469,0.0,0.6311,0.0,0.0,0.0,False
5,36,24.8611,-0.057,1.6824,0.0,0.1747,0.0,0.0,0.0,False
5,37,24.1892,-0.7376,0.8519,0.0,0.4593,0.0,0.0,0.0,False
5,38,23.5526,-0.175,1.4951,0.0,3.4695,0.0,0.0,0.0,False
5,39,22.9487,0.6437,3.3905,0.0137,5.198,0.0128,0.0185,0.007,False
5,40,22.375,0.0437,1.8606,0.0,1.2871,0.0,0.0,0.0,False
5,41,21.8293,0.2458,2.2773,0.0,0.5205,0.0,0.0,0.0,False
5,42,21.3095,0.8941,4.3549,0.1442,0.3527,0.1026,0.1157,0.2098,False
5,43,20.814,-1.5454,0.3798,0.0,0.3241,0.0,0.0,0.0,False
5,44,20.3409,-0.0979,1.615,0.0,0.1458,0.0,0.0,0.0,False
5,45,19.8889,-0.9571,0.6839,0.0,1.4663,0.0,0.0,0.0,False
5,46,19.4565,-2.6788,0.1223,0.0,0.1736,0.0,0.0,0.0,False
5,47,19.0426,-0.6967,0.8874,0.0,0.3236,0.0,0.0,0.0,False
5,48,18.6458,-0.2016,1.456,0.0,0.642,0.0,0.0,0.0,False
5,49,18.2653,-1.5943,0.3617,0.0,0.754,0.0,0.0,0.0,False
5,50,17.9,1.08,5.2449,0.5034,0.2817,0.5897,0.463,0.5175,False
5,51,17.549,-1.1514,0.5631,0.0,1.2369,0.0,0.0,0.0,False
5,52,17.2115,1.165,5.71,0.7437,0.0667,0.7949,0.7083,0.7692,False
5,53,16.8868,-0.842,0.7673,0.0,0.083,0.0,0.0,0.0,False
5,54,16.5741,-3.2124,0.0717,0.0,0.9142,0.0,0.0,0.0,False
5,55,16.2727,-1.3197,0.4759,0.0,0.0512,0.0,0.0,0.0,False
5,56,15.9821,-1.8621,0.2767,0.0,3.4149,0.0,0.0,0.0,False
5,57,15.7018,-1.4598,0.4137,0.0,1.7689,0.0,0.0,0.0,False
5,58,15.431,-2.7013,0.1195,0.0,0.2693,0.0,0.0,0.0,False
5,59,15.1695,-0.4417,1.1451,0.0,0.3454,0.0,0.0,0.0,False
5,60,14.9167,-0.808,0.7939,0.0,0.1257,0.0,0.0,0.0,False
5,61,14.6721,1.338,6.7883,0.9497,0.4706,0.9872,0.9213,0.972,True
5,62,14.4355,-0.1394,1.5493,0.0046,0.1454,0.0,0.0,0.014,False
5,63,14.2063,0.5601,3.1183,0.0069,0.1001,0.0128,0.0093,0.0,False
5,64,13.9844,-1.4553,0.4156,0.0,0.0921,0.0,0.0,0.0,False
5,65,13.7692,-0.4121,1.1796,0.0,0.0471,0.0,0.0,0.0,False
5,66,13.5606,-1.0418,0.6284,0.0,0.2501,0.0,0.0,0.0,False
5,67,13.3582,0.5433,3.0663,0.0114,0.4438,0.0128,0.0185,0.0,False
5,68,13.1618,-0.68,0.9023,0.0,1.4251,0.0,0.0,0.0,False
5,69,12.971,-3.7161,0.0433,0.0,0.1073,0.0,0.0,0.0,False
5,70,12.7857,1.0664,5.1739,0.4691,2.2185,0.5128,0.4167,0.5245,False
5,71,12.6056,0.0853,1.9396,0.0,0.595,0.0,0.0,0.0,False
5,72,12.4306,-1.38,0.4481,0.0,2.8118,0.0,0.0,0.0,False
5,73,12.2603,-2.8032,0.108,0.0,0.3557,0.0,0.0,0.0,False
5,74,12.0946,0.4846,2.8916,0.0046,0.3299,0.0,0.0093,0.0,False
5,75,11.9333,-0.6886,0.8946,0.0,3.789,0.0,0.0,0.0,False
5,76,11.7763,-0.6,0.9775,0.0,0.0636,0.0,0.0,0.0,False
5,77,11.6234,-0.039,1.713,0.0,2.7913,0.0,0.0,0.0,False
5,78,11.4744,-1.8599,0.2773,0.0,0.7462,0.0,0.0,0.0,False
5,79,11.3291,-0.5581,1.0193,0.0,0.1348,0.0,0.0,0.0,False
5,80,11.1875,-2.4625,0.1518,0.0,0.0651,0.0,0.0,0.0,False
5,81,11.0494,-0.3662,1.2349,0.0,1.9193,0.0,0.0,0.0,False
5,82,10.9146,0.2013,2.1783,0.0,1.009,0.0,0.0,0.0,False
5,83,10.7831,-0.9078,0.7185,0.0,0.1023,0.0,0.0,0.0,False
5,84,10.6548,-1.7011,0.325,0.0,0.3001,0.0,0.0,0.0,False
5,85,10.5294,-0.719,0.8678,0.0,0.7213,0.0,0.0,0.0,False
5,86,10.407,0.1404,2.0496,0.0,1.2046,0.0,0.0,0.0,False
5,87,10.2874,-0.7996,0.8006,0.0023,0.5214,0.0,0.0046,0.0,False
5,88,10.1705,0.6142,3.2917,0.0137,0.7351,0.0,0.0139,0.021,False
5,89,10.0562,0.2185,2.2161,0.0,0.0805,0.0,0.0,0.0,False
5,90,9.9444,-3.3506,0.0625,0.0,1.3483,0.0,0.0,0.0,False
5,91,9.8352,0.1501,2.0695,0.0,0.3901,0.0,0.0,0.0,False
5,92,9.7283,-1.4951,0.3994,0.0,0.2506,0.0,0.0,0.0,False
5,93,9.6237,-2.2553,0.1867,0.0,0.5553,0.0,0.0,0.0,False
5,94,9.5213,-2.1145,0.215,0.0,0.6779,0.0,0.0,0.0,False
5,95,9.4211,-3.2577,0.0685,0.0,0.1325,0.0,0.0,0.0,False
5,96,9.3229,-0.1343,1.5573,0.0,0.1918,0.0,0.0,0.0,False
5,97,9.2268,1.334,6.7613,0.9176,1.5337,0.9744,0.8981,0.9161,True
5,98,9.1327,-2.6408,0.127,0.0,0.2175,0.0,0.0,0.0,False
5,99,9.0404,-1.0929,0.5971,0.0,2.9996,0.0,0.0,0.0,False
5,100,8.95,1.5872,8.7098,0.9817,2.0011,1.0,0.9676,0.993,True
5,101,8.8614,-0.3455,1.2608,0.0,2.172,0.0,0.0,0.0,False
5,102,8.7745,-0.1843,1.4812,0.0,0.1332,0.0,0.0,0.0,False
5,103,8.6893,-0.6293,0.9492,0.0,0.6383,0.0,0.0,0.0,False
5,104,8.6058,-2.7618,0.1125,0.0,0.5127,0.0,0.0,0.0,False
5,105,8.5238,1.4459,7.5619,0.984,0.125,0.9872,0.9815,0.986,True
5,106,8.4434,-0.6003,0.9772,0.0,0.5293,0.0,0.0,0.0,False
5,107,8.3645,1.3971,7.2016,0.9565,0.9479,0.9872,0.9491,0.951,True
5,108,8.287,-1.3121,0.4796,0.0,0.3617,0.0,0.0,0.0,False
5,109,8.211,-2.1413,0.2093,0.0,0.0652,0.0,0.0,0.0,False
5,110,8.1364,0.517,2.9869,0.0023,0.6782,0.0,0.0046,0.0,False
5,111,8.0631,-1.1346,0.5727,0.0,0.5061,0.0,0.0,0.0,False
5,112,7.9911,-0.0291,1.7301,0.0,1.5305,0.0,0.0,0.0,False
5,113,7.9204,0.4338,2.7485,0.0,2.629,0.0,0.0,0.0,False
5,114,7.8509,-0.8624,0.7519,0.0,0.9902,0.0,0.0,0.0,False
5,115,7.7826,1.1703,5.7404,0.7002,0.3942,0.8205,0.6389,0.7273,False
5,116,7.7155,-0.4321,1.1561,0.0,0.1744,0.0,0.0,0.0,False
5,117,7.6496,0.5216,3.0006,0.0023,0.5569,0.0,0.0046,0.0,False
5,118,7.5847,0.3345,2.4885,0.0046,0.0552,0.0,0.0093,0.0,False
5,119,7.521,-0.2356,1.4073,0.0,0.9284,0.0,0.0,0.0,False
5,120,7.4583,-1.4022,0.4382,0.0,0.655,0.0,0.0,0.0,False
5,121,7.3967,-3.2194,0.0712,0.0,1.4103,0.0,0.0,0.0,False
5,122,7.3361,-2.7452,0.1144,0.0,0.4986,0.0,0.0,0.0,False
5,123,7.2764,-0.2081,1.4464,0.0,1.0824,0.0,0.0,0.0,False
5,124,7.2177,-3.3314,0.0637,0.0,0.1672,0.0,0.0,0.0,False
5,125,7.16,-1.4779,0.4063,0.0,0.116,0.0,0.0,0.0,False
5,126,7.1032,-0.5426,1.0352,0.0,1.2819,0.0,0.0,0.0,False
5,127,7.0472,-1.1435,0.5676,0.0,0.0614,0.0,0.0,0.0,False
5,128,6.9922,-0.2164,1.4345,0.0,1.377,0.0,0.0,0.0,False
5,129,6.938,-0.1641,1.5114,0.0,3.6731,0.0,0.0,0.0,False
5,130,6.8846,-0.7313,0.8572,0.0,0.7104,0.0,0.0,0.0,False
5,131,6.8321,-0.8684,0.7474,0.0,0.312,0.0,0.0,0.0,False
5,132,6.7803,-0.5847,0.9925,0.0,0.3587,0.0,0.0,0.0,False
5,133,6.7293,0.1884,2.1502,0.0,1.5051,0.0,0.0,0.0,False
5,134,6.6791,0.0795,1.9285,0.0,1.2383,0.0,0.0,0.0,False
5,135,6.6296,-0.9087,0.7179,0.0,1.3921,0.0,0.0,0.0,False
5,136,6.5809,0.058,1.8874,0.0,4.4731,0.0,0.0,0.0,False
5,137,6.5328,-0.3397,1.268,0.0,0.2352,0.0,0.0,0.0,False
5,138,6.4855,-1.4284,0.4269,0.0,0.7898,0.0,0.0,0.0,False
5,139,6.4388,0.2644,2.32,0.0046,3.0774,0.0,0.0093,0.0,False
5,140,6.3929,-0.3507,1.2542,0.0,0.4163,0.0,0.0,0.0,False
5,141,6.3475,-0.3342,1.2751,0.0,0.329,0.0,0.0,0.0,False
5,142,6.3028,0.306,2.4186,0.0,0.3897,0.0,0.0,0.0,False
5,143,6.2587,-0.8321,0.775,0.0,1.1092,0.0,0.0,0.0,False
5,144,6.2153,0.1762,2.1243,0.0,1.0962,0.0,0.0,0.0,False
5,145,6.1724,-0.5157,1.0634,0.0,0.0334,0.0,0.0,0.0,False
5,146,6.1301,-1.5614,0.3737,0.0,3.2168,0.0,0.0,0.0,False
5,147,6.0884,-0.7572,0.8353,0.0,0.1031,0.0,0.0,0.0,False
5,148,6.0473,0.7979,3.9554,0.1396,0.1654,0.0897,0.1806,0.1049,False
5,149,6.0067,-1.2159,0.528,0.0,0.1906,0.0,0.0,0.0,False
5,150,5.9667,0.784,3.901,0.0641,0.2693,0.0513,0.0556,0.0839,False
5,151,5.9272,-0.8168,0.787,0.0,0.2224,0.0,0.0,0.0,False
5,152,5.8882,-1.9928,0.2428,0.0,2.7908,0.0,0.0,0.0,False
5,153,5.8497,-1.9383,0.2564,0.0,0.6768,0.0,0.0,0.0,False
5,154,5.8117,-1.466,0.4111,0.0,0.4553,0.0,0.0,0.0,False
5,155,5.7742,1.5047,8.0195,0.9954,0.3104,1.0,0.9907,1.0,True
5,156,5.7372,0.181,2.1346,0.0,0.3027,0.0,0.0,0.0,False
5,157,5.7006,-0.3757,1.2233,0.0,0.9067,0.0,0.0,0.0,False
5,158,5.6646,0.0013,1.7833,0.0,0.7984,0.0,0.0,0.0,False
5,159,5.6289,-1.0726,0.6094,0.0,0.2869,0.0,0.0,0.0,False
5,160,5.5938,-1.1797,0.5475,0.0,1.5562,0.0,0.0,0.0,False
5,161,5.559,-1.1313,0.5746,0.0,0.5309,0.0,0.0,0.0,False
5,162,5.5247,0.3114,2.4318,0.0,0.1858,0.0,0.0,0.0,False
5,163,5.4908,0.2276,2.2363,0.0,0.4327,0.0,0.0,0.0,False
5,164,5.4573,-0.9957,0.658,0.0,0.2596,0.0,0.0,0.0,False
5,165,5.4242,0.5693,3.1472,0.0046,0.1051,0.0,0.0093,0.0,False
5,166,5.3916,1.0151,4.9151,0.3364,2.2717,0.3846,0.287,0.3846,False
5,167,5.3593,-1.7415,0.3122,0.0,0.4146,0.0,0.0,0.0,False
5,168,5.3274,-3.4498,0.0566,0.0,0.8836,0.0,0.0,0.0,False
5,169,5.2959,-2.4242,0.1577,0.0,0.6407,0.0,0.0,0.0,False
5,170,5.2647,0.7201,3.6594,0.0206,0.0157,0.0128,0.0231,0.021,False
5,171,5.2339,-1.1391,0.5701,0.0,2.6718,0.0,0.0,0.0,False
5,172,5.2035,-2.3205,0.1749,0.0,0.458,0.0,0.0,0.0,False
5,173,5.1734,-0.529,1.0494,0.0,0.0052,0.0,0.0,0.0,False
5,174,5.1437,0.6736,3.4932,0.0092,1.7998,0.0,0.0185,0.0,False
5,175,5.1143,-1.2065,0.533,0.0,1.036,0.0,0.0,0.0,False
5,176,5.0852,1.7377,10.1237,1.0,1.4426,1.0,1.0,1.0,True
5,177,5.0565,0.0193,1.8158,0.0,1.4488,0.0,0.0,0.0,False
5,178,5.0281,0.9956,4.8203,0.2952,1.6198,0.3205,0.2824,0.3007,False
5,179,5.0,0.9952,4.8183,0.3501,0.7033,0.3205,0.338,0.3846,False
5,180,4.9722,-0.8286,0.7777,0.0,2.328,0.0,0.0,0.0,False
5,181,4.9448,-0.0131,1.7579,0.0,1.8063,0.0,0.0,0.0,False
5,182,4.9176,0.9411,4.5645,0.1808,0.5967,0.0897,0.2222,0.1678,False
5,183,4.8907,-0.906,0.7198,0.0,0.1833,0.0,0.0,0.0,False
5,184,4.8641,-3.3655,0.0615,0.0,0.8116,0.0,0.0,0.0,False
5,185,4.8378,-2.5378,0.1408,0.0,0.0269,0.0,0.0,0.0,False
5,186,4.8118,-0.2269,1.4196,0.0,0.1197,0.0,0.0,0.0,False
5,187,4.7861,-0.1962,1.4637,0.0,0.0346,0.0,0.0,0.0,False
5,188,4.7606,1.5807,8.6528,0.9908,0.7057,1.0,0.9907,0.986,True
5,189,4.7354,-0.0176,1.7499,0.0,0.8151,0.0,0.0,0.0,False
5,190,4.7105,0.2813,2.3597,0.0,0.0778,0.0,0.0,0.0,False
5,191,4.6859,1.055,5.1153,0.4783,3.386,0.5513,0.4028,0.5524,False
5,192,4.6615,0.5908,3.2157,0.0023,1.4528,0.0,0.0046,0.0,False
5,193,4.6373,-1.6064,0.3573,0.0,2.459,0.0,0.0,0.0,False
5,194,4.6134,-0.7414,0.8486,0.0,3.6973,0.0,0.0,0.0,False
5,195,4.5897,-1.758,0.307,0.0,0.6174,0.0,0.0,0.0,False
5,196,4.5663,-0.1547,1.5258,0.0,1.5738,0.0,0.0,0.0,False
5,197,4.5431,-0.1643,1.5113,0.0,0.9519,0.0,0.0,0.0,False
5,198,4.5202,-0.5913,0.986,0.0,0.2226,0.0,0.0,0.0,False
5,199,4.4975,-0.8588,0.7546,0.0,1.0038,0.0,0.0,0.0,False
5,200,4.475,1.0964,5.3314,0.5332,0.0753,0.5897,0.4907,0.5664,False
5,201,4.4527,1.6037,8.8546,0.9931,1.015,0.9872,1.0,0.986,True
5,202,4.4307,0.7491,3.7671,0.0275,0.1018,0.0128,0.037,0.021,False
5,203,4.4089,0.3994,2.6554,0.0,1.4556,0.0,0.0,0.0,False
5,204,4.3873,0.029,1.8335,0.0023,0.6699,0.0,0.0046,0.0,False
5,205,4.3659,-1.0844,0.6022,0.0,1.8681,0.0,0.0,0.0,False
5,206,4.3447,-1.3099,0.4806,0.0,1.0898,0.0,0.0,0.0,False
5,207,4.3237,-1.5959,0.3611,0.0,0.1437,0.0,0.0,0.0,False
5,208,4.3029,0.2777,2.3511,0.0023,2.3109,0.0,0.0046,0.0,False
5,209,4.2823,-1.3594,0.4574,0.0,0.6539,0.0,0.0,0.0,False
5,210,4.2619,-1.5827,0.3659,0.0,2.6082,0.0,0.0,0.0,False
5,211,4.2417,-0.0139,1.7564,0.0,0.652,0.0,0.0,0.0,False
5,212,4.2217,-1.8303,0.2856,0.0,1.4062,0.0,0.0,0.0,False
5,213,4.2019,-0.7442,0.8462,0.0,1.5184,0.0,0.0,0.0,False
5,214,4.1822,0.3965,2.6477,0.0046,0.0651,0.0128,0.0046,0.0,False
5,215,4.1628,-1.5483,0.3787,0.0,0.2312,0.0,0.0,0.0,False
5,216,4.1435,0.7644,3.8254,0.0938,1.4029,0.0513,0.1296,0.0629,False
5,217,4.1244,-1.0121,0.6474,0.0,1.2313,0.0,0.0,0.0,False
5,218,4.1055,-0.2464,1.3921,0.0,1.4367,0.0,0.0,0.0,False
5,219,4.0868,0.5433,3.0665,0.0297,1.409,0.0,0.037,0.035,False
5,220,4.0682,-1.5299,0.3857,0.0,1.6079,0.0,0.0,0.0,False
5,221,4.0498,0.5104,2.9671,0.0092,0.2659,0.0,0.0185,0.0,False
5,222,4.0315,-0.1721,1.4994,0.0,0.369,0.0,0.0,0.0,False
5,223,4.0135,-1.5233,0.3882,0.0,2.1051,0.0,0.0,0.0,False
5,224,3.9955,-1.4104,0.4347,0.0,0.8527,0.0,0.0,0.0,False
5,225,3.9778,0.8352,4.106,0.0984,0.135,0.0641,0.1343,0.0629,False
5,226,3.9602,0.7144,3.6386,0.032,0.1399,0.0256,0.0278,0.042,False
5,227,3.9427,-1.1211,0.5805,0.0,1.1162,0.0,0.0,0.0,False
5,228,3.9254,-0.1744,1.4961,0.0,1.1286,0.0,0.0,0.0,False
5,229,3.9083,-0.7939,0.8052,0.0,0.9996,0.0,0.0,0.0,False
5,230,3.8913,-0.5528,1.0247,0.0,1.953,0.0,0.0,0.0,False
5,231,3.8745,-0.5041,1.0759,0.0,1.1378,0.0,0.0,0.0,False
5,232,3.8578,-0.5879,0.9894,0.0,0.3425,0.0,0.0,0.0,False
5,233,3.8412,-1.5471,0.3791,0.0,1.3668,0.0,0.0,0.0,False
5,234,3.8248,-0.3602,1.2424,0.0,0.0571,0.0,0.0,0.0,False
5,235,3.8085,-2.7043,0.1192,0.0,0.369,0.0,0.0,0.0,False
5,236,3.7924,-0.1577,1.5213,0.0,0.3003,0.0,0.0,0.0,False
5,237,3.7764,-1.4547,0.4158,0.0,0.0092,0.0,0.0,0.0,False
5,238,3.7605,-0.2051,1.4508,0.0,1.2859,0.0,0.0,0.0,False
5,239,3.7448,-2.4407,0.1551,0.0,1.6136,0.0,0.0,0.0,False
5,240,3.7292,0.1896,2.1529,0.0023,0.006,0.0,0.0046,0.0,False
5,241,3.7137,0.8999,4.3803,0.0892,1.432,0.0513,0.088,0.1119,False
5,242,3.6983,-2.2093,0.1955,0.0,0.1346,0.0,0.0,0.0,False
5,243,3.6831,-0.8091,0.793,0.0,0.8547,0.0,0.0,0.0,False
5,244,3.668,-1.7076,0.3229,0.0,0.3937,0.0,0.0,0.0,False
5,245,3.6531,-1.948,0.2539,0.0,0.6,0.0,0.0,0.0,False
5,246,3.6382,0.6355,3.3627,0.0114,1.632,0.0,0.0185,0.007,False
5,247,3.6235,-0.3955,1.1992,0.0,2.9656,0.0,0.0,0.0,False
5,248,3.6089,-0.4844,1.0973,0.0,0.2322,0.0,0.0,0.0,False
5,249,3.5944,0.5557,3.1046,0.0275,0.0723,0.0,0.0463,0.014,False
5,250,3.58,-1.3048,0.4831,0.0,1.3465,0.0,0.0,0.0,False
5,251,3.5657,-0.0802,1.6439,0.0,0.1078,0.0,0.0,0.0,False
5,252,3.5516,-0.7495,0.8417,0.0,0.2204,0.0,0.0,0.0,False
5,253,3.5375,0.6302,3.345,0.0046,2.2542,0.0,0.0046,0.007,False
5,254,3.5236,-0.4173,1.1734,0.0,0.8641,0.0,0.0,0.0,False
5,255,3.5098,-1.7663,0.3045,0.0,0.0676,0.0,0.0,0.0,False
5,256,3.4961,-0.6636,0.9172,0.0,1.1724,0.0,0.0,0.0,False
5,257,3.4825,-3.3121,0.0649,0.0,0.1084,0.0,0.0,0.0,False
5,258,3.469,-0.9251,0.7062,0.0,1.8288,0.0,0.0,0.0,False
5,259,3.4556,-2.1224,0.2133,0.0,1.957,0.0,0.0,0.0,False
5,260,3.4423,-0.0713,1.6585,0.0,4.2611,0.0,0.0,0.0,False
5,261,3.4291,-0.5157,1.0635,0.0,1.7206,0.0,0.0,0.0,False
5,262,3.416,-0.409,1.1832,0.0,0.1929,0.0,0.0,0.0,False
5,263,3.403,0.8205,4.0458,0.0709,0.5432,0.0513,0.0787,0.0699,False
5,264,3.3902,-1.4129,0.4336,0.0,0.343,0.0,0.0,0.0,False
5,265,3.3774,0.1902,2.1542,0.0046,0.0643,0.0,0.0093,0.0,False
5,266,3.3647,0.8964,4.365,0.1213,0.1464,0.1026,0.0926,0.1748,False
5,267,3.3521,0.329,2.4751,0.0,0.4642,0.0,0.0,0.0,False
5,268,3.3396,-3.3492,0.0625,0.0,0.806,0.0,0.0,0.0,False
5,269,3.3271,-2.7244,0.1168,0.0,1.2883,0.0,0.0,0.0,False
5,270,3.3148,-0.6395,0.9397,0.0,1.2513,0.0,0.0,0.0,False
5,271,3.3026,-2.604,0.1318,0.0,0.763,0.0,0.0,0.0,False
5,272,3.2904,-0.9838,0.6659,0.0,0.0504,0.0,0.0,0.0,False
5,273,3.2784,-1.7282,0.3163,0.0,0.6164,0.0,0.0,0.0,False
5,274,3.2664,1.0005,4.844,0.3181,0.2154,0.4103,0.2685,0.3427,False
5,275,3.2545,0.3716,2.5826,0.0137,0.0469,0.0,0.0278,0.0,False
5,276,3.2428,0.0531,1.8783,0.0,0.594,0.0,0.0,0.0,False
5,277,3.231,-0.0873,1.6322,0.0,2.1184,0.0,0.0,0.0,False
5,278,3.2194,-0.3324,1.2774,0.0,0.5824,0.0,0.0,0.0,False
5,279,3.2079,-0.5456,1.0321,0.0,1.9351,0.0,0.0,0.0,False
5,280,3.1964,-1.4847,0.4035,0.0,0.2842,0.0,0.0,0.0,False
5,281,3.1851,-2.8426,0.1038,0.0,2.3316,0.0,0.0,0.0,False
5,282,3.1738,0.1978,2.1706,0.0046,1.7405,0.0,0.0046,0.007,False
5,283,3.1625,0.2115,2.2005,0.0,0.8176,0.0,0.0,0.0,False
5,284,3.1514,-2.6392,0.1272,0.0,1.2142,0.0,0.0,0.0,False
5,285,3.1404,0.0367,1.8477,0.0046,2.7941,0.0,0.0093,0.0,False
5,286,3.1294,-0.5482,1.0295,0.0,0.1601,0.0,0.0,0.0,False
5,287,3.1185,-1.7471,0.3104,0.0,5.8493,0.0,0.0,0.0,False
5,288,3.1076,-1.1684,0.5537,0.0,0.5933,0.0,0.0,0.0,False
5,289,3.0969,-0.2855,1.3388,0.0,1.6171,0.0,0.0,0.0,False
5,290,3.0862,0.4475,2.7864,0.0229,0.8101,0.0,0.0417,0.007,False
5,291,3.0756,-0.2699,1.3598,0.0,0.3355,0.0,0.0,0.0,False
5,292,3.0651,-1.5513,0.3775,0.0,0.1149,0.0,0.0,0.0,False
5,293,3.0546,-2.0358,0.2326,0.0,0.3962,0.0,0.0,0.0,False
5,294,3.0442,0.3461,2.5177,0.0023,0.4931,0.0,0.0046,0.0,False
5,295,3.0339,0.1021,1.9725,0.0,1.0924,0.0,0.0,0.0,False
5,296,3.0236,-1.9594,0.251,0.0,0.3625,0.0,0.0,0.0,False
5,297,3.0135,-0.5309,1.0474,0.0,0.3521,0.0,0.0,0.0,False
5,298,3.0034,1.0496,5.0875,0.4188,1.3399,0.4744,0.4259,0.3776,False
5,299,2.9933,-1.8483,0.2805,0.0,0.819,0.0,0.0,0.0,False
5,300,2.9833,0.2436,2.2724,0.0023,0.1534,0.0,0.0046,0.0,False
5,301,2.9734,0.0903,1.9493,0.0,2.0978,0.0,0.0,0.0,False
5,302,2.9636,-0.7197,0.8672,0.0,1.1618,0.0,0.0,0.0,False
5,303,2.9538,-1.5411,0.3814,0.0,0.7063,0.0,0.0,0.0,False
5,304,2.9441,-1.4152,0.4326,0.0,0.2168,0.0,0.0,0.0,False
5,305,2.9344,-1.0552,0.6201,0.0,0.0831,0.0,0.0,0.0,False
5,306,2.9248,-2.1362,0.2104,0.0,0.1124,0.0,0.0,0.0,False
5,307,2.9153,-1.1898,0.542,0.0,0.4672,0.0,0.0,0.0,False
5,308,2.9058,-2.0481,0.2297,0.0,0.3027,0.0,0.0,0.0,False
5,309,2.8964,0.0742,1.9182,0.0,0.1193,0.0,0.0,0.0,False
5,310,2.8871,0.6734,3.4923,0.0435,0.3334,0.0256,0.0417,0.0559,False
5,311,2.8778,-0.403,1.1903,0.0,1.0176,0.0,0.0,0.0,False
5,312,2.8686,-0.5327,1.0455,0.0,0.1914,0.0,0.0,0.0,False
5,313,2.8594,-1.7987,0.2948,0.0,2.9534,0.0,0.0,0.0,False
5,314,2.8503,-2.4168,0.1589,0.0,1.3654,0.0,0.0,0.0,False
5,315,2.8413,-0.3177,1.2963,0.0,0.0448,0.0,0.0,0.0,False
5,316,2.8323,0.6703,3.4817,0.0618,1.7966,0.0256,0.0787,0.0559,False
5,317,2.8233,-2.1327,0.2111,0.0,0.1972,0.0,0.0,0.0,False
5,318,2.8145,-0.1924,1.4694,0.0,0.0603,0.0,0.0,0.0,False
5,319,2.8056,-0.8372,0.771,0.0,0.7114,0.0,0.0,0.0,False
5,320,2.7969,-2.9003,0.098,0.0,0.9905,0.0,0.0,0.0,False
5,321,2.7882,-0.7139,0.8723,0.0,0.2544,0.0,0.0,0.0,False
5,322,2.7795,-1.9646,0.2497,0.0,2.2574,0.0,0.0,0.0,False
5,323,2.7709,-0.3231,1.2893,0.0,0.1164,0.0,0.0,0.0,False
5,324,2.7623,-0.0447,1.7032,0.0,1.2408,0.0,0.0,0.0,False
5,325,2.7538,-3.2544,0.0688,0.0,0.5586,0.0,0.0,0.0,False
5,326,2.7454,-1.8035,0.2934,0.0,1.4915,0.0,0.0,0.0,False
5,327,2.737,-3.1797,0.0741,0.0,0.9528,0.0,0.0,0.0,False
5,328,2.7287,-0.5212,1.0576,0.0,0.4938,0.0,0.0,0.0,False
5,329,2.7204,-0.6403,0.9389,0.0,0.1259,0.0,0.0,0.0,False
5,330,2.7121,-1.6427,0.3445,0.0,4.5039,0.0,0.0,0.0,False
5,331,2.7039,-2.1544,0.2066,0.0,0.953,0.0,0.0,0.0,False
5,332,2.6958,0.1858,2.1447,0.0,0.1218,0.0,0.0,0.0,False
5,333,2.6877,1.4768,7.7988,0.968,0.1434,0.9872,0.963,0.965,True
5,334,2.6796,1.2544,6.2438,0.778,0.5636,0.859,0.7315,0.8042,False
5,335,2.6716,0.1519,2.0731,0.0,2.7954,0.0,0.0,0.0,False
5,336,2.6637,-0.928,0.7041,0.0,0.4953,0.0,0.0,0.0,False
5,337,2.6558,-0.684,0.8988,0.0,2.5828,0.0,0.0,0.0,False
5,338,2.6479,-2.3413,0.1713,0.0,0.9933,0.0,0.0,0.0,False
5,339,2.6401,-0.5604,1.017,0.0,1.1949,0.0,0.0,0.0,False
5,340,2.6324,-1.551,0.3776,0.0,0.796,0.0,0.0,0.0,False
5,341,2.6246,0.7787,3.8802,0.0503,0.0885,0.0897,0.0602,0.014,False
5,342,2.617,0.1029,1.9741,0.0023,0.9996,0.0,0.0046,0.0,False
5,343,2.6093,-0.2964,1.3242,0.0,0.9633,0.0,0.0,0.0,False
5,344,2.6017,-0.2726,1.3561,0.0,0.7516,0.0,0.0,0.0,False
5,345,2.5942,0.0388,1.8515,0.0,2.8744,0.0,0.0,0.0,False
5,346,2.5867,0.934,4.5323,0.1854,0.346,0.1923,0.1343,0.2587,False
5,347,2.5793,-0.3183,1.2955,0.0,2.7662,0.0,0.0,0.0,False
5,348,2.5718,1.2455,6.1885,0.833,0.2463,0.8974,0.7731,0.8881,False
5,349,2.5645,-1.2483,0.5112,0.0,0.2009,0.0,0.0,0.0,False
5,350,2.5571,0.5178,2.9891,0.0114,0.42,0.0,0.0139,0.014,False
5,351,2.5499,1.4868,7.8777,0.9771,1.1556,0.9872,0.9769,0.972,True
5,352,2.5426,0.1632,2.0968,0.0,1.682,0.0,0.0,0.0,False
5,353,2.5354,-0.6688,0.9124,0.0,0.1142,0.0,0.0,0.0,False
5,354,2.5282,0.2322,2.2466,0.0023,1.0705,0.0128,0.0,0.0,False
5,355,2.5211,-2.7691,0.1117,0.0,0.2284,0.0,0.0,0.0,False
5,356,2.514,-0.7713,0.8236,0.0,4.5833,0.0,0.0,0.0,False
5,357,2.507,-0.0055,1.7712,0.0,0.4831,0.0,0.0,0.0,False
5,358,2.5,-1.9989,0.2413,0.0,1.2096,0.0,0.0,0.0,False
5,359,2.493,-0.1305,1.5632,0.0,0.1794,0.0,0.0,0.0,False
5,360,2.4861,-2.9074,0.0973,0.0,0.1128,0.0,0.0,0.0,False
5,361,2.4792,-0.4032,1.19,0.0,0.175,0.0,0.0,0.0,False
5,362,2.4724,-0.069,1.6623,0.0,2.3754,0.0,0.0,0.0,False
5,363,2.4656,-0.315,1.2998,0.0,0.6107,0.0,0.0,0.0,False
5,364,2.4588,-0.5767,1.0005,0.0,0.2514,0.0,0.0,0.0,False
5,365,2.4521,0.5653,3.1346,0.016,2.5216,0.0,0.0278,0.007,False
5,366,2.4454,-2.7985,0.1085,0.0,1.1552,0.0,0.0,0.0,False
5,367,2.4387,0.4056,2.6721,0.0,2.3439,0.0,0.0,0.0,False
5,368,2.4321,0.5353,3.0421,0.0,0.0408,0.0,0.0,0.0,False
5,369,2.4255,-1.6326,0.3481,0.0,2.088,0.0,0.0,0.0,False
5,370,2.4189,-0.1723,1.4992,0.0,0.241,0.0,0.0,0.0,False
5,371,2.4124,0.7406,3.7354,0.1167,0.2787,0.0385,0.1389,0.1259,False
5,372,2.4059,0.1549,2.0795,0.0,0.1859,0.0,0.0,0.0,False
5,373,2.3995,-3.1085,0.0796,0.0,0.0368,0.0,0.0,0.0,False
5,374,2.393,1.0857,5.2746,0.4966,0.6599,0.4872,0.5231,0.4615,False
5,375,2.3867,-1.9342,0.2574,0.0,0.2143,0.0,0.0,0.0,False
5,376,2.3803,-0.2363,1.4063,0.0,0.3941,0.0,0.0,0.0,False
5,377,2.374,-2.8614,0.1019,0.0,4.6759,0.0,0.0,0.0,False
5,378,2.3677,-3.0126,0.0876,0.0,1.2728,0.0,0.0,0.0,False
5,379,2.3615,0.5266,3.0158,0.0,1.0802,0.0,0.0,0.0,False
5,380,2.3553,-0.5165,1.0626,0.0,0.4291,0.0,0.0,0.0,False
5,381,2.3491,0.761,3.8122,0.0892,0.9174,0.0256,0.1019,0.1049,False
5,382,2.3429,-1.1771,0.5489,0.0,1.3612,0.0,0.0,0.0,False
5,383,2.3368,-0.7562,0.8361,0.0,2.1099,0.0,0.0,0.0,False
5,384,2.3307,-1.4064,0.4364,0.0,0.0691,0.0,0.0,0.0,False
5,385,2.3247,0.2454,2.2764,0.0,0.3856,0.0,0.0,0.0,False
5,386,2.3187,-0.1651,1.5101,0.0,1.4331,0.0,0.0,0.0,False
5,387,2.3127,-0.8064,0.7951,0.0,4.0492,0.0,0.0,0.0,False
5,388,2.3067,0.3211,2.4555,0.0,0.8338,0.0,0.0,0.0,False
5,389,2.3008,0.7732,3.859,0.0732,0.4231,0.0385,0.0509,0.1259,False
5,390,2.2949,-1.1466,0.5659,0.0,0.3228,0.0,0.0,0.0,False
5,391,2.289,-1.675,0.3336,0.0,0.6923,0.0,0.0,0.0,False
5,392,2.2832,-0.4888,1.0925,0.0,2.0609,0.0,0.0,0.0,False
5,393,2.2774,-0.2089,1.4454,0.0,0.0377,0.0,0.0,0.0,False
5,394,2.2716,-1.7977,0.2951,0.0,1.0631,0.0,0.0,0.0,False
5,395,2.2658,0.0051,1.7901,0.0,0.4479,0.0,0.0,0.0,False
5,396,2.2601,-1.9071,0.2645,0.0,1.0358,0.0,0.0,0.0,False
5,397,2.2544,0.1204,2.009,0.0,0.3847,0.0,0.0,0.0,False
5,398,2.2487,0.2986,2.4008,0.0023,1.5105,0.0,0.0046,0.0,False
5,399,2.2431,0.5824,3.1887,0.0664,0.1603,0.0256,0.0741,0.0769,False
5,400,2.2375,-1.7207,0.3187,0.0,1.3674,0.0,0.0,0.0,False
5,401,2.2319,1.3944,7.1822,0.9565,0.7014,1.0,0.9537,0.9371,True
5,402,2.2264,-0.6964,0.8876,0.0,2.8828,0.0,0.0,0.0,False
5,403,2.2208,0.5166,2.9857,0.0092,0.6761,0.0,0.0185,0.0,False
5,404,2.2153,0.7734,3.8596,0.0686,0.0788,0.0385,0.0602,0.0979,False
5,405,2.2099,-0.3981,1.1961,0.0,3.5427,0.0,0.0,0.0,False
5,406,2.2044,1.3898,7.149,0.9222,0.1291,1.0,0.8704,0.958,True
5,407,2.199,0.0475,1.8676,0.0,1.3782,0.0,0.0,0.0,False
5,408,2.1936,-0.2444,1.3949,0.0,3.0074,0.0,0.0,0.0,False
5,409,2.1883,0.6937,3.5641,0.135,1.0785,0.0128,0.2361,0.049,False
5,410,2.1829,0.1419,2.0525,0.0,1.6202,0.0,0.0,0.0,False
5,411,2.1776,0.7283,3.6896,0.0618,0.2579,0.0897,0.0694,0.035,False
5,412,2.1723,-1.5937,0.3619,0.0,0.2664,0.0,0.0,0.0,False
5,413,2.1671,-0.378,1.2204,0.0,1.7626,0.0,0.0,0.0,False
5,414,2.1618,0.3306,2.4789,0.0,1.4642,0.0,0.0,0.0,False
5,415,2.1566,0.5438,3.0679,0.0114,1.5032,0.0128,0.0093,0.014,False
5,416,2.1514,1.0805,5.2471,0.4714,0.3259,0.5128,0.4398,0.4965,False
5,417,2.1463,0.3403,2.503,0.0,0.0965,0.0,0.0,0.0,False
5,418,2.1411,0.1954,2.1654,0.0,0.3635,0.0,0.0,0.0,False
5,419,2.136,-0.308,1.3089,0.0,0.1277,0.0,0.0,0.0,False
5,420,2.131,-0.8794,0.7392,0.0,1.2166,0.0,0.0,0.0,False
5,421,2.1259,0.0926,1.9539,0.0023,0.4377,0.0,0.0046,0.0,False
5,422,2.1209,0.5199,2.9956,0.0023,0.0971,0.0,0.0046,0.0,False
5,423,2.1158,0.0674,1.9052,0.0,0.0899,0.0,0.0,0.0,False
5,424,2.1108,-1.137,0.5713,0.0,0.5054,0.0,0.0,0.0,False
5,425,2.1059,-0.1973,1.4622,0.0,1.3436,0.0,0.0,0.0,False
5,426,2.1009,0.365,2.5658,0.0023,1.7825,0.0,0.0046,0.0,False
5,427,2.096,-0.1799,1.4878,0.0,2.391,0.0,0.0,0.0,False
5,428,2.0911,-0.0652,1.6687,0.0,1.2807,0.0,0.0,0.0,False
5,429,2.0862,1.0603,5.1422,0.4531,0.1992,0.4872,0.4444,0.4476,False
5,430,2.0814,0.1879,2.1493,0.0,2.1952,0.0,0.0,0.0,False
5,431,2.0766,-1.2032,0.5348,0.0,0.2729,0.0,0.0,0.0,False
5,432,2.0718,-0.9224,0.7081,0.0,0.2896,0.0,0.0,0.0,False
5,433,2.067,0.0384,1.8508,0.0,0.9143,0.0,0.0,0.0,False
5,434,2.0622,-1.3539,0.4599,0.0,0.82,0.0,0.0,0.0,False
5,435,2.0575,-1.5289,0.3861,0.0,1.9666,0.0,0.0,0.0,False
5,436,2.0528,-1.0917,0.5978,0.0,0.4735,0.0,0.0,0.0,False
5,437,2.0481,-0.2949,1.3262,0.0,0.1649,0.0,0.0,0.0,False
5,438,2.0434,-0.1879,1.476,0.0,0.8592,0.0,0.0,0.0,False
5,439,2.0387,0.5159,2.9837,0.0,1.4468,0.0,0.0,0.0,False
5,440,2.0341,0.6262,3.3314,0.0458,0.4631,0.0513,0.0556,0.028,False
5,441,2.0295,0.4113,2.6873,0.0137,0.2101,0.0,0.0093,0.028,False
5,442,2.0249,-2.1303,0.2116,0.0,2.9213,0.0,0.0,0.0,False
5,443,2.0203,-2.5091,0.1449,0.0,1.9936,0.0,0.0,0.0,False
5,444,2.0158,-2.2058,0.1962,0.0,0.3195,0.0,0.0,0.0,False
5,445,2.0112,-0.0145,1.7554,0.0,2.89,0.0,0.0,0.0,False
5,446,2.0067,0.2906,2.3816,0.0069,0.1422,0.0,0.0093,0.007,False
5,447,2.0022,-0.7231,0.8643,0.0,0.1794,0.0,0.0,0.0,False
6,1,1052.0,1.1024,5.3637,0.7254,0.1786,0.8718,0.6852,0.7063,False
6,2,526.0,-0.4348,1.153,0.0,1.4725,0.0,0.0,0.0,False
6,3,350.6667,-0.466,1.1176,0.0,1.6229,0.0,0.0,0.0,False
6,4,263.0,0.3963,2.6472,0.0412,1.0455,0.0256,0.0602,0.021,False
6,5,210.4,-1.3533,0.4602,0.0,0.3092,0.0,0.0,0.0,False
6,6,175.3333,-1.106,0.5893,0.0,0.1211,0.0,0.0,0.0,False
6,7,150.2857,-0.8507,0.7607,0.0,0.7057,0.0,0.0,0.0,False
6,8,131.5,-0.886,0.7343,0.0,0.8079,0.0,0.0,0.0,False
6,9,116.8889,-2.2565,0.1865,0.0,0.1321,0.0,0.0,0.0,False
6,10,105.2,-2.3949,0.1624,0.0,0.3799,0.0,0.0,0.0,False
6,11,95.6364,0.7594,3.8061,0.1785,0.1498,0.1538,0.1759,0.1958,False
6,12,87.6667,-3.3791,0.0607,0.0,0.5522,0.0,0.0,0.0,False
6,13,80.9231,0.4843,2.8907,0.0,0.7296,0.0,0.0,0.0,False
6,14,75.1429,-2.6468,0.1262,0.0,2.0596,0.0,0.0,0.0,False
6,15,70.1333,0.2346,2.2521,0.0046,0.6402,0.0,0.0,0.014,False
6,16,65.75,-1.7575,0.3072,0.0,0.173,0.0,0.0,0.0,False
6,17,61.8824,-2.7473,0.1142,0.0,0.197,0.0,0.0,0.0,False
6,18,58.4444,-2.0203,0.2362,0.0,0.6874,0.0,0.0,0.0,False
6,19,55.3684,-0.8068,0.7948,0.0,0.2612,0.0,0.0,0.0,False
6,20,52.6,0.3969,2.6489,0.0206,1.689,0.0,0.037,0.007,False
6,21,50.0952,-1.7146,0.3207,0.0,0.8116,0.0,0.0,0.0,False
6,22,47.8182,-1.1711,0.5522,0.0,0.0777,0.0,0.0,0.0,False
6,23,45.7391,0.5467,3.0767,0.0069,1.165,0.0,0.0139,0.0,False
6,24,43.8333,-0.4003,1.1935,0.0,0.7912,0.0,0.0,0.0,False
6,25,42.08,0.069,1.9084,0.0,2.9076,0.0,0.0,0.0,False
6,26,40.4615,-0.7594,0.8334,0.0,1.1703,0.0,0.0,0.0,False
6,27,38.963,-2.134,0.2108,0.0,2.4001,0.0,0.0,0.0,False
6,28,37.5714,-0.2216,1.4271,0.0,0.2852,0.0,0.0,0.0,False
6,29,36.2759,0.3946,2.6426,0.0046,0.7136,0.0,0.0,0.014,False
6,30,35.0667,0.4197,2.71,0.0023,0.9729,0.0,0.0,0.007,False
6,31,33.9355,-0.2244,1.4231,0.0,0.1491,0.0,0.0,0.0,False
6,32,32.875,0.1387,2.0461,0.0,0.922,0.0,0.0,0.0,False
6,33,31.8788,0.569,3.1464,0.016,0.0531,0.0,0.0139,0.028,False
6,34,30.9412,-2.8888,0.0991,0.0,0.5353,0.0,0.0,0.0,False
6,35,30.0571,0.1286,2.0254,0.0,0.7349,0.0,0.0,0.0,False
6,36,29.2222,-0.0457,1.7015,0.0,0.177,0.0,0.0,0.0,False
6,37,28.4324,-1.952,0.2529,0.0,0.7924,0.0,0.0,0.0,False
6,38,27.6842,1.0772,5.2303,0.4851,0.5275,0.5385,0.5,0.4336,False
6,39,26.9744,0.4274,2.7308,0.0069,0.2954,0.0,0.0046,0.014,False
6,40,26.3,0.2352,2.2534,0.0,1.4858,0.0,0.0,0.0,False
6,41,25.6585,-0.0952,1.6194,0.0,1.0586,0.0,0.0,0.0,False
6,42,25.0476,-1.9289,0.2588,0.0,0.415,0.0,0.0,0.0,False
6,43,24.4651,0.9072,4.4124,0.1762,2.0173,0.1667,0.2037,0.1399,False
6,44,23.9091,0.5026,2.9442,0.0183,1.2839,0.0128,0.0231,0.014,False
6,45,23.3778,-0.5,1.0802,0.0,0.327,0.0,0.0,0.0,False
6,46,22.8696,-1.4299,0.4263,0.0,1.0107,0.0,0.0,0.0,False
6,47,22.383,-2.2382,0.19,0.0,0.2195,0.0,0.0,0.0,False
6,48,21.9167,-0.4618,1.1224,0.0,0.1672,0.0,0.0,0.0,False
6,49,21.4694,-0.4245,1.165,0.0,0.6988,0.0,0.0,0.0,False
6,50,21.04,1.2637,6.3022,0.7918,1.8823,0.8718,0.7222,0.8531,False
6,51,20.6275,0.1663,2.1034,0.0,0.7104,0.0,0.0,0.0,False
6,52,20.2308,-0.3086,1.3081,0.0,0.5016,0.0,0.0,0.0,False
6,53,19.8491,-0.0051,1.7719,0.0,3.777,0.0,0.0,0.0,False
6,54,19.4815,0.5393,3.0542,0.016,1.064,0.0,0.0139,0.028,False
6,55,19.1273,-1.5996,0.3597,0.0,0.7358,0.0,0.0,0.0,False
6,56,18.7857,-1.7607,0.3062,0.0,3.9465,0.0,0.0,0.0,False
6,57,18.4561,-1.3404,0.4662,0.0,0.455,0.0,0.0,0.0,False
6,58,18.1379,0.2818,2.3607,0.0,0.4251,0.0,0.0,0.0,False
6,59,17.8305,0.4895,2.9058,0.0114,0.897,0.0256,0.0,0.021,False
6,60,17.5333,0.1375,2.0435,0.0046,0.0619,0.0,0.0093,0.0,False
6,61,17.2459,-1.239,0.5159,0.0,3.5605,0.0,0.0,0.0,False
6,62,16.9677,-0.704,0.881,0.0023,0.1275,0.0,0.0046,0.0,False
6,63,16.6984,0.0837,1.9365,0.0,1.655,0.0,0.0,0.0,False
6,64,16.4375,0.5638,3.1299,0.0114,2.3021,0.0,0.0185,0.007,False
6,65,16.1846,0.1958,2.1663,0.0023,0.8021,0.0,0.0046,0.0,False
6,66,15.9394,-1.4026,0.4381,0.0,0.1941,0.0,0.0,0.0,False
6,67,15.7015,1.407,7.2732,0.9291,3.173,0.9872,0.9167,0.9161,True
6,68,15.4706,1.0183,4.9309,0.3227,0.0455,0.3462,0.3611,0.2517,False
6,69,15.2464,-1.6741,0.3339,0.0,0.4677,0.0,0.0,0.0,False
6,70,15.0286,-0.0209,1.7442,0.0,0.6483,0.0,0.0,0.0,False
6,71,14.8169,-0.0762,1.6504,0.0023,0.4025,0.0,0.0046,0.0,False
6,72,14.6111,1.1762,5.7745,0.6728,0.3168,0.7949,0.6481,0.6434,False
6,73,14.411,0.7159,3.6442,0.0412,0.2013,0.0385,0.0278,0.0629,False
6,74,14.2162,-0.4743,1.1084,0.0,1.4059,0.0,0.0,0.0,False
6,75,14.0267,-1.9329,0.2578,0.0,0.3292,0.0,0.0,0.0,False
6,76,13.8421,-2.688,0.1211,0.0,2.0181,0.0,0.0,0.0,False
6,77,13.6623,-0.1652,1.5098,0.0,0.9141,0.0,0.0,0.0,False
6,78,13.4872,-1.5011,0.397,0.0,0.243,0.0,0.0,0.0,False
6,79,13.3165,-0.103,1.6068,0.0,0.1926,0.0,0.0,0.0,False
6,80,13.15,-0.5991,0.9783,0.0,1.8805,0.0,0.0,0.0,False
6,81,12.9877,-1.65,0.3421,0.0,3.1342,0.0,0.0,0.0,False
6,82,12.8293,0.4861,2.8958,0.0023,0.6912,0.0,0.0,0.007,False
6,83,12.6747,-0.4598,1.1246,0.0,0.4553,0.0,0.0,0.0,False
6,84,12.5238,-1.3047,0.4831,0.0,0.2684,0.0,0.0,0.0,False
6,85,12.3765,-0.1135,1.5899,0.0,0.3377,0.0,0.0,0.0,False
6,86,12.2326,-0.8934,0.729,0.0023,0.2638,0.0128,0.0,0.0,False
6,87,12.092,-0.2449,1.3943,0.0,1.1662,0.0,0.0,0.0,False
6,88,11.9545,-0.8365,0.7716,0.0,2.4748,0.0,0.0,0.0,False
6,89,11.8202,0.1456,2.0601,0.0,4.3589,0.0,0.0,0.0,False
6,90,11.6889,0.7487,3.7655,0.0755,1.2495,0.0385,0.0694,0.1049,False
6,91,11.5604,0.0435,1.8603,0.0,1.0417,0.0,0.0,0.0,False
6,92,11.4348,-0.5916,0.9857,0.0,0.6819,0.0,0.0,0.0,False
6,93,11.3118,-0.8786,0.7398,0.0,1.1899,0.0,0.0,0.0,False
6,94,11.1915,-2.1088,0.2162,0.0,0.4611,0.0,0.0,0.0,False
6,95,11.0737,-1.2281,0.5216,0.0,0.7761,0.0,0.0,0.0,False
6,96,10.9583,-3.4882,0.0544,0.0,0.4444,0.0,0.0,0.0,False
6,97,10.8454,-0.7815,0.8152,0.0,0.2871,0.0,0.0,0.0,False
6,98,10.7347,0.3636,2.5622,0.0,0.1059,0.0,0.0,0.0,False
6,99,10.6263,-1.2084,0.532,0.0,1.7247,0.0,0.0,0.0,False
6,100,10.52,0.6588,3.4419,0.0389,0.4423,0.0128,0.0324,0.0629,False
6,101,10.4158,-1.9215,0.2607,0.0,0.3713,0.0,0.0,0.0,False
6,102,10.3137,-1.9416,0.2555,0.0,1.0339,0.0,0.0,0.0,False
6,103,10.2136,-0.5438,1.0339,0.0,0.8849,0.0,0.0,0.0,False
6,104,10.1154,-1.3606,0.4569,0.0,0.472,0.0,0.0,0.0,False
6,105,10.019,-1.3155,0.4779,0.0,0.2154,0.0,0.0,0.0,False
6,106,9.9245,-0.5526,1.0249,0.0,0.8352,0.0,0.0,0.0,False
6,107,9.8318,-3.1478,0.0765,0.0,0.7122,0.0,0.0,0.0,False
6,108,9.7407,-2.2864,0.181,0.0,0.8876,0.0,0.0,0.0,False
6,109,9.6514,-3.2637,0.0681,0.0,0.1653,0.0,0.0,0.0,False
6,110,9.5636,0.1536,2.0768,0.0046,1.1235,0.0,0.0093,0.0,False
6,111,9.4775,-0.2322,1.412,0.0,0.6373,0.0,0.0,0.0,False
6,112,9.3929,-0.2575,1.3768,0.0,0.0594,0.0,0.0,0.0,False
6,113,9.3097,0.5956,3.231,0.0092,0.0712,0.0256,0.0093,0.0,False
6,114,9.2281,-0.2689,1.3611,0.0,3.0866,0.0,0.0,0.0,False
6,115,9.1478,-1.5661,0.372,0.0,1.6187,0.0,0.0,0.0,False
6,116,9.069,-0.4576,1.1271,0.0,1.191,0.0,0.0,0.0,False
6,117,8.9915,-0.4556,1.1293,0.0,1.2894,0.0,0.0,0.0,False
6,118,8.9153,-0.448,1.1379,0.0,4.0479,0.0,0.0,0.0,False
6,119,8.8403,-2.0027,0.2404,0.0,0.1561,0.0,0.0,0.0,False
6,120,8.7667,-0.3019,1.3169,0.0,0.258,0.0,0.0,0.0,False
6,121,8.6942,0.3196,2.4517,0.0,0.969,0.0,0.0,0.0,False
6,122,8.623,0.1749,2.1215,0.0,1.4191,0.0,0.0,0.0,False
6,123,8.5528,-1.6729,0.3343,0.0,0.9736,0.0,0.0,0.0,False
6,124,8.4839,-1.6118,0.3554,0.0,0.2207,0.0,0.0,0.0,False
6,125,8.416,0.4443,2.7773,0.0,0.108,0.0,0.0,0.0,False
6,126,8.3492,1.0482,5.0807,0.3936,1.0844,0.4103,0.4352,0.3217,False
6,127,8.2835,1.1203,5.4605,0.5881,0.9494,0.5769,0.588,0.5944,False
6,128,8.2188,-0.7864,0.8113,0.0,1.0078,0.0,0.0,0.0,False
6,129,8.155,1.0119,4.8993,0.3524,0.3478,0.359,0.3657,0.3287,False
6,130,8.0923,-0.1809,1.4864,0.0,0.1615,0.0,0.0,0.0,False
6,131,8.0305,0.5015,2.941,0.0069,2.4616,0.0,0.0093,0.007,False
6,132,7.9697,-0.2228,1.4254,0.0,0.096,0.0,0.0,0.0,False
6,133,7.9098,1.1113,5.4117,0.5492,0.1336,0.5769,0.5231,0.5734,False
6,134,7.8507,0.5084,2.9614,0.0,1.9996,0.0,0.0,0.0,False
6,135,7.7926,0.0119,1.8023,0.0,1.4503,0.0,0.0,0.0,False
6,136,7.7353,0.3348,2.4894,0.0023,2.7359,0.0,0.0046,0.0,False
6,137,7.6788,-0.4928,1.0881,0.0,1.3003,0.0,0.0,0.0,False
6,138,7.6232,-1.4347,0.4242,0.0,0.3388,0.0,0.0,0.0,False
6,139,7.5683,-1.5588,0.3747,0.0,0.7598,0.0,0.0,0.0,False
6,140,7.5143,-3.002,0.0885,0.0,0.0248,0.0,0.0,0.0,False
6,141,7.461,0.0218,1.8203,0.0,1.2066,0.0,0.0,0.0,False
6,142,7.4085,-0.1495,1.5337,0.0,0.4713,0.0,0.0,0.0,False
6,143,7.3566,0.9731,4.7128,0.3547,0.9258,0.4615,0.2639,0.4336,False
6,144,7.3056,-1.0615,0.6162,0.0,0.065,0.0,0.0,0.0,False
6,145,7.2552,-0.0819,1.641,0.0,0.4282,0.0,0.0,0.0,False
6,146,7.2055,-1.6215,0.352,0.0,1.7601,0.0,0.0,0.0,False
6,147,7.1565,-0.2485,1.3892,0.0,0.2582,0.0,0.0,0.0,False
6,148,7.1081,-3.0686,0.0828,0.0,1.5441,0.0,0.0,0.0,False
6,149,7.0604,-0.2094,1.4446,0.0,2.1813,0.0,0.0,0.0,False
6,150,7.0133,-1.2061,0.5332,0.0,0.6073,0.0,0.0,0.0,False
6,151,6.9669,0.9837,4.7633,0.3181,2.4105,0.1667,0.3565,0.3427,False
6,152,6.9211,-0.272,1.357,0.0,0.658,0.0,0.0,0.0,False
6,153,6.8758,0.5852,3.1975,0.016,2.2059,0.0256,0.0139,0.014,False
6,154,6.8312,-2.3442,0.1709,0.0,2.8391,0.0,0.0,0.0,False
6,155,6.7871,0.9619,4.6604,0.2746,1.1842,0.2051,0.3056,0.2657,False
6,156,6.7436,-1.9737,0.2475,0.0,2.8021,0.0,0.0,0.0,False
6,157,6.7006,-1.2213,0.5252,0.0,0.2679,0.0,0.0,0.0,False
6,158,6.6582,0.3311,2.4802,0.0023,1.2485,0.0128,0.0,0.0,False
6,159,6.6164,-0.9234,0.7074,0.0,1.1298,0.0,0.0,0.0,False
6,160,6.575,-1.824,0.2874,0.0,0.7814,0.0,0.0,0.0,False
6,161,6.5342,-0.3477,1.258,0.0,1.3067,0.0,0.0,0.0,False
6,162,6.4938,-0.4209,1.1692,0.0,1.4228,0.0,0.0,0.0,False
6,163,6.454,-1.8159,0.2898,0.0,1.5241,0.0,0.0,0.0,False
6,164,6.4146,-0.23,1.4151,0.0,0.856,0.0,0.0,0.0,False
6,165,6.3758,-0.6107,0.967,0.0,0.5028,0.0,0.0,0.0,False
6,166,6.3373,-0.3783,1.2201,0.0,0.2854,0.0,0.0,0.0,False
6,167,6.2994,-1.4722,0.4086,0.0,2.0099,0.0,0.0,0.0,False
6,168,6.2619,-0.4397,1.1474,0.0,0.3393,0.0,0.0,0.0,False
6,169,6.2249,-0.4962,1.0844,0.0,0.2641,0.0,0.0,0.0,False
6,170,6.1882,-0.1265,1.5694,0.0,0.6879,0.0,0.0,0.0,False
6,171,6.152,0.0531,1.8782,0.0,0.2652,0.0,0.0,0.0,False
6,172,6.1163,-1.6611,0.3383,0.0,3.2318,0.0,0.0,0.0,False
6,173,6.0809,0.5559,3.1052,0.0092,3.3146,0.0128,0.0139,0.0,False
6,174,6.046,0.4397,2.7645,0.0023,0.5008,0.0,0.0,0.007,False
6,175,6.0114,0.0549,1.8816,0.0,0.2329,0.0,0.0,0.0,False
6,176,5.9773,-1.448,0.4186,0.0,1.0131,0.0,0.0,0.0,False
6,177,5.9435,0.9613,4.6576,0.3638,2.119,0.3077,0.4074,0.3287,False
6,178,5.9101,-0.673,0.9086,0.0,0.4667,0.0,0.0,0.0,False
6,179,5.8771,-0.7174,0.8692,0.0,0.4501,0.0,0.0,0.0,False
6,180,5.8444,0.5167,2.9859,0.0023,0.1255,0.0,0.0,0.007,False
6,181,5.8122,-0.8855,0.7347,0.0,2.0275,0.0,0.0,0.0,False
6,182,5.7802,-0.4688,1.1145,0.0,0.2815,0.0,0.0,0.0,False
6,183,5.7486,-0.7656,0.8283,0.0,1.32,0.0,0.0,0.0,False
6,184,5.7174,-2.4579,0.1525,0.0,0.2835,0.0,0.0,0.0,False
6,185,5.6865,0.9091,4.421,0.1465,5.05,0.1538,0.1389,0.1538,False
6,186,5.6559,0.3314,2.481,0.0023,0.8903,0.0,0.0046,0.0,False
6,187,5.6257,-0.0202,1.7455,0.0,0.0813,0.0,0.0,0.0,False
6,188,5.5957,0.4385,2.7613,0.0046,0.4548,0.0,0.0093,0.0,False
6,189,5.5661,1.0316,4.9968,0.4005,0.2005,0.4231,0.3843,0.4126,False
6,190,5.5368,-1.4867,0.4027,0.0,4.2548,0.0,0.0,0.0,False
6,191,5.5079,-1.3911,0.4431,0.0,0.0902,0.0,0.0,0.0,False
6,192,5.4792,-0.4738,1.109,0.0,0.1017,0.0,0.0,0.0,False
6,193,5.4508,-3.2973,0.0659,0.0,1.1704,0.0,0.0,0.0,False
6,194,5.4227,-0.8931,0.7291,0.0,0.3515,0.0,0.0,0.0,False
6,195,5.3949,-2.4454,0.1544,0.0,1.3352,0.0,0.0,0.0,False
6,196,5.3673,0.6645,3.4617,0.0183,1.8415,0.0128,0.0324,0.0,False
6,197,5.3401,1.2469,6.1974,0.8238,1.0212,0.9744,0.7593,0.8392,False
6,198,5.3131,-0.6008,0.9767,0.0,0.5788,0.0,0.0,0.0,False
6,199,5.2864,-0.6118,0.966,0.0,1.007,0.0,0.0,0.0,False
6,200,5.26,-0.2776,1.3493,0.0,1.3424,0.0,0.0,0.0,False
6,201,5.2338,-1.3768,0.4495,0.0,0.6448,0.0,0.0,0.0,False
6,202,5.2079,0.015,1.808,0.0,0.2142,0.0,0.0,0.0,False
6,203,5.1823,0.8478,4.1581,0.167,3.7107,0.2308,0.1296,0.1888,False
6,204,5.1569,-1.1614,0.5576,0.0,0.2953,0.0,0.0,0.0,False
6,205,5.1317,-1.1957,0.5388,0.0,0.5455,0.0,0.0,0.0,False
6,206,5.1068,-1.4698,0.4096,0.0,0.6727,0.0,0.0,0.0,False
6,207,5.0821,-1.6865,0.3298,0.0,0.2384,0.0,0.0,0.0,False
6,208,5.0577,-0.0474,1.6987,0.0,0.0537,0.0,0.0,0.0,False
6,209,5.0335,-3.3241,0.0641,0.0,0.0343,0.0,0.0,0.0,False
6,210,5.0095,-1.5906,0.363,0.0,2.7965,0.0,0.0,0.0,False
6,211,4.9858,-0.9237,0.7071,0.0,1.2405,0.0,0.0,0.0,False
6,212,4.9623,-2.6176,0.13,0.0,0.4853,0.0,0.0,0.0,False
6,213,4.939,-1.4288,0.4267,0.0,0.1958,0.0,0.0,0.0,False
6,214,4.9159,-0.0812,1.6422,0.0,1.3447,0.0,0.0,0.0,False
6,215,4.893,-2.674,0.1229,0.0,1.9566,0.0,0.0,0.0,False
6,216,4.8704,-0.3494,1.2559,0.0,1.1838,0.0,0.0,0.0,False
6,217,4.8479,0.3336,2.4862,0.0,0.0099,0.0,0.0,0.0,False
6,218,4.8257,0.4115,2.6878,0.0023,1.1181,0.0,0.0,0.007,False
6,219,4.8037,-0.7305,0.8579,0.0,0.5753,0.0,0.0,0.0,False
6,220,4.7818,-0.6438,0.9356,0.0,0.2656,0.0,0.0,0.0,False
6,221,4.7602,-0.3964,1.1982,0.0,0.1522,0.0,0.0,0.0,False
6,222,4.7387,-0.0756,1.6514,0.0,0.7562,0.0,0.0,0.0,False
6,223,4.7175,0.6077,3.2704,0.0343,0.1952,0.0256,0.0463,0.021,False
6,224,4.6964,-0.0202,1.7455,0.0,0.7475,0.0,0.0,0.0,False
6,225,4.6756,0.0841,1.9373,0.0,0.7105,0.0,0.0,0.0,False
6,226,4.6549,-2.6708,0.1232,0.0,1.1161,0.0,0.0,0.0,False
6,227,4.6344,-2.1555,0.2063,0.0,1.2361,0.0,0.0,0.0,False
6,228,4.614,-0.9654,0.6783,0.0,0.1821,0.0,0.0,0.0,False
6,229,4.5939,0.3064,2.4197,0.0,1.3777,0.0,0.0,0.0,False
6,230,4.5739,0.758,3.8008,0.0343,0.4721,0.0128,0.0324,0.049,False
6,231,4.5541,0.6144,3.2925,0.0023,0.2014,0.0,0.0046,0.0,False
6,232,4.5345,0.4334,2.7474,0.0,0.2142,0.0,0.0,0.0,False
6,233,4.515,1.5523,8.4106,0.9954,0.9707,1.0,0.9907,1.0,True
6,234,4.4957,-2.6596,0.1246,0.0,1.5208,0.0,0.0,0.0,False
6,235,4.4766,0.6017,3.2507,0.0046,1.3021,0.0,0.0093,0.0,False
6,236,4.4576,0.0002,1.7814,0.0,0.0045,0.0,0.0,0.0,False
6,237,4.4388,-0.3922,1.2033,0.0,0.2891,0.0,0.0,0.0,False
6,238,4.4202,-1.2693,0.5005,0.0,0.0675,0.0,0.0,0.0,False
6,239,4.4017,-0.6663,0.9148,0.0,1.3288,0.0,0.0,0.0,False
6,240,4.3833,-1.3943,0.4417,0.0,1.1197,0.0,0.0,0.0,False
6,241,4.3651,-1.4109,0.4344,0.0,0.0602,0.0,0.0,0.0,False
6,242,4.3471,1.3184,6.6569,0.9085,2.488,0.9615,0.8889,0.9091,True
6,243,4.3292,-0.1859,1.479,0.0,0.1299,0.0,0.0,0.0,False
6,244,4.3115,-1.6949,0.327,0.0,1.3019,0.0,0.0,0.0,False
6,245,4.2939,-0.7187,0.8681,0.0,0.3986,0.0,0.0,0.0,False
6,246,4.2764,-2.02,0.2363,0.0,1.082,0.0,0.0,0.0,False
6,247,4.2591,0.8977,4.3707,0.2059,4.3632,0.2308,0.1991,0.2028,False
6,248,4.2419,0.2026,2.181,0.0023,2.062,0.0,0.0046,0.0,False
6,249,4.2249,0.187,2.1473,0.0,0.8318,0.0,0.0,0.0,False
6,250,4.208,-0.4002,1.1937,0.0,2.2513,0.0,0.0,0.0,False
6,251,4.1912,-1.7708,0.3031,0.0,0.8071,0.0,0.0,0.0,False
6,252,4.1746,1.3383,6.7907,0.9268,0.4306,0.9744,0.9259,0.9021,True
6,253,4.1581,0.445,2.7793,0.0,0.0212,0.0,0.0,0.0,False
6,254,4.1417,0.9954,4.8193,0.3021,1.2515,0.3333,0.3056,0.2797,False
6,255,4.1255,0.6621,3.4532,0.0618,0.1864,0.0513,0.0648,0.0629,False
6,256,4.1094,-2.2059,0.1962,0.0,0.3931,0.0,0.0,0.0,False
6,257,4.0934,-1.1714,0.552,0.0,0.4086,0.0,0.0,0.0,False
6,258,4.0775,1.269,6.3355,0.881,0.446,0.9744,0.8565,0.8671,False
6,259,4.0618,1.6539,9.3105,0.9977,1.3408,1.0,0.9954,1.0,True
6,260,4.0462,0.8317,4.0917,0.1053,2.7245,0.0641,0.1019,0.1329,False
6,261,4.0307,-0.2376,1.4044,0.0,0.3126,0.0,0.0,0.0,False
6,262,4.0153,0.5372,3.0477,0.0297,0.0149,0.0,0.0509,0.014,False
6,263,4.0,1.2112,5.9801,0.8009,0.3605,0.859,0.7593,0.8322,False
6,264,3.9848,-2.2172,0.194,0.0,1.2524,0.0,0.0,0.0,False
6,265,3.9698,0.7034,3.5989,0.0572,0.1314,0.0385,0.0694,0.049,False
6,266,3.9549,-1.1002,0.5928,0.0,0.7631,0.0,0.0,0.0,False
6,267,3.9401,-0.0109,1.7618,0.0,1.4298,0.0,0.0,0.0,False
6,268,3.9254,-2.5751,0.1356,0.0,0.4863,0.0,0.0,0.0,False
6,269,3.9108,-0.4389,1.1484,0.0,0.3808,0.0,0.0,0.0,False
6,270,3.8963,1.2279,6.0809,0.8169,0.7551,0.8974,0.7731,0.8392,False
6,271,3.8819,0.33,2.4774,0.0,2.0895,0.0,0.0,0.0,False
6,272,3.8676,-0.2126,1.44,0.0,1.0702,0.0,0.0,0.0,False
6,273,3.8535,-2.8151,0.1067,0.0,2.5422,0.0,0.0,0.0,False
6,274,3.8394,0.5082,2.9606,0.0046,0.1519,0.0,0.0,0.014,False
6,275,3.8255,0.3426,2.5088,0.0023,1.5887,0.0,0.0046,0.0,False
6,276,3.8116,-0.2212,1.4277,0.0,2.296,0.0,0.0,0.0,False
6,277,3.7978,1.7529,10.2786,1.0,0.0201,1.0,1.0,1.0,True
6,278,3.7842,0.6528,3.4213,0.0069,2.1271,0.0,0.0093,0.007,False
6,279,3.7706,-0.4303,1.1582,0.0,0.2389,0.0,0.0,0.0,False
6,280,3.7571,-0.4573,1.1275,0.0,0.4185,0.0,0.0,0.0,False
6,281,3.7438,-0.3315,1.2786,0.0,0.6727,0.0,0.0,0.0,False
6,282,3.7305,-1.1153,0.5839,0.0,1.3614,0.0,0.0,0.0,False
6,283,3.7173,0.2581,2.3055,0.0,1.5408,0.0,0.0,0.0,False
6,284,3.7042,-1.68,0.3319,0.0,0.0322,0.0,0.0,0.0,False
6,285,3.6912,0.0711,1.9123,0.0,1.9077,0.0,0.0,0.0,False
6,286,3.6783,-0.8154,0.788,0.0,0.0588,0.0,0.0,0.0,False
6,287,3.6655,0.0692,1.9088,0.0,0.3655,0.0,0.0,0.0,False
6,288,3.6528,0.8635,4.2239,0.135,0.6373,0.0897,0.1296,0.1678,False
6,289,3.6401,-0.5775,0.9997,0.0,0.5393,0.0,0.0,0.0,False
6,290,3.6276,-0.1215,1.5772,0.0,0.2534,0.0,0.0,0.0,False
6,291,3.6151,-3.0402,0.0852,0.0,1.5917,0.0,0.0,0.0,False
6,292,3.6027,-0.7232,0.8642,0.0,0.9947,0.0,0.0,0.0,False
6,293,3.5904,-1.0025,0.6536,0.0,0.5303,0.0,0.0,0.0,False
6,294,3.5782,0.5757,3.1675,0.0275,0.177,0.0,0.0278,0.042,False
6,295,3.5661,-0.4202,1.17,0.0,0.6995,0.0,0.0,0.0,False
6,296,3.5541,0.888,4.3286,0.167,0.3378,0.1026,0.1806,0.1818,False
6,297,3.5421,0.8689,4.2465,0.0824,0.7526,0.0385,0.0833,0.1049,False
6,298,3.5302,-1.0469,0.6252,0.0,0.382,0.0,0.0,0.0,False
6,299,3.5184,-0.0946,1.6203,0.0,1.2743,0.0,0.0,0.0,False
6,300,3.5067,0.1252,2.0186,0.0,0.047,0.0,0.0,0.0,False
6,301,3.495,-2.2973,0.1791,0.0,0.1564,0.0,0.0,0.0,False
6,302,3.4834,0.0718,1.9136,0.0,2.1683,0.0,0.0,0.0,False
6,303,3.4719,-0.5105,1.069,0.0,1.9197,0.0,0.0,0.0,False
6,304,3.4605,-0.2719,1.3571,0.0,0.7819,0.0,0.0,0.0,False
6,305,3.4492,-0.1588,1.5195,0.0,0.9439,0.0,0.0,0.0,False
6,306,3.4379,-1.0363,0.6319,0.0,2.6659,0.0,0.0,0.0,False
6,307,3.4267,0.6022,3.2525,0.0252,0.3686,0.0,0.0509,0.0,False
6,308,3.4156,-0.2624,1.3699,0.0,0.2716,0.0,0.0,0.0,False
6,309,3.4045,-1.9308,0.2583,0.0,0.5399,0.0,0.0,0.0,False
6,310,3.3935,-0.7516,0.84,0.0,0.3008,0.0,0.0,0.0,False
6,311,3.3826,0.141,2.0508,0.0,0.777,0.0,0.0,0.0,False
6,312,3.3718,1.7493,10.2421,1.0,2.9294,1.0,1.0,1.0,True
6,313,3.361,-2.1001,0.2181,0.0,0.5916,0.0,0.0,0.0,False
6,314,3.3503,-0.392,1.2034,0.0,0.1259,0.0,0.0,0.0,False
6,315,3.3397,-1.379,0.4485,0.0,0.1891,0.0,0.0,0.0,False
6,316,3.3291,0.3758,2.5934,0.0046,0.9211,0.0,0.0046,0.007,False
6,317,3.3186,-2.8104,0.1072,0.0,1.008,0.0,0.0,0.0,False
6,318,3.3082,-0.7649,0.8289,0.0,0.3397,0.0,0.0,0.0,False
6,319,3.2978,-0.6082,0.9695,0.0,1.1366,0.0,0.0,0.0,False
6,320,3.2875,0.159,2.0879,0.0,0.1509,0.0,0.0,0.0,False
6,321,3.2773,0.5759,3.1679,0.016,0.3781,0.0128,0.0231,0.007,False
6,322,3.2671,-0.2634,1.3687,0.0,2.1264,0.0,0.0,0.0,False
6,323,3.257,0.0878,1.9444,0.0,1.6583,0.0,0.0,0.0,False
6,324,3.2469,-0.8706,0.7457,0.0,0.1764,0.0,0.0,0.0,False
6,325,3.2369,0.6758,3.5009,0.0549,1.6511,0.0,0.1019,0.014,False
6,326,3.227,-0.5437,1.0341,0.0,0.1167,0.0,0.0,0.0,False
6,327,3.2171,-0.4854,1.0961,0.0,1.164,0.0,0.0,0.0,False
6,328,3.2073,-0.6864,0.8966,0.0,0.6007,0.0,0.0,0.0,False
6,329,3.1976,0.7729,3.8578,0.0595,1.9773,0.0256,0.0926,0.028,False
6,330,3.1879,-1.4973,0.3985,0.0,0.2668,0.0,0.0,0.0,False
6,331,3.1782,-2.6097,0.131,0.0,0.8257,0.0,0.0,0.0,False
6,332,3.1687,-0.3617,1.2406,0.0,0.1699,0.0,0.0,0.0,False
6,333,3.1592,-2.0774,0.2231,0.0,0.8903,0.0,0.0,0.0,False
6,334,3.1497,0.0894,1.9477,0.0,1.3418,0.0,0.0,0.0,False
6,335,3.1403,-0.1039,1.6053,0.0,0.5607,0.0,0.0,0.0,False
6,336,3.131,-0.5909,0.9864,0.0,1.9788,0.0,0.0,0.0,False
6,337,3.1217,0.1128,1.9938,0.0,0.4544,0.0,0.0,0.0,False
6,338,3.1124,0.7347,3.7133,0.0206,0.0608,0.0,0.0324,0.014,False
6,339,3.1032,-0.2269,1.4195,0.0,0.9864,0.0,0.0,0.0,False
6,340,3.0941,0.4098,2.6833,0.0092,0.2731,0.0,0.0185,0.0,False
6,341,3.085,0.2235,2.2271,0.0,1.5803,0.0,0.0,0.0,False
6,342,3.076,-2.4886,0.1479,0.0,2.1793,0.0,0.0,0.0,False
6,343,3.0671,-2.4135,0.1594,0.0,2.6192,0.0,0.0,0.0,False
6,344,3.0581,0.2595,2.3088,0.0,0.8403,0.0,0.0,0.0,False
6,345,3.0493,1.2955,6.5063,0.8993,0.0903,0.9487,0.8657,0.9231,False
6,346,3.0405,-0.7575,0.835,0.0,0.1349,0.0,0.0,0.0,False
6,347,3.0317,-0.7356,0.8536,0.0,1.2977,0.0,0.0,0.0,False
6,348,3.023,0.5434,3.0669,0.0069,0.1101,0.0,0.0139,0.0,False
6,349,3.0143,0.0405,1.8547,0.0023,0.8,0.0,0.0046,0.0,False
6,350,3.0057,-2.6414,0.1269,0.0,0.195,0.0,0.0,0.0,False
6,351,2.9972,0.5412,3.06,0.0092,0.0316,0.0128,0.0139,0.0,False
6,352,2.9886,-2.0322,0.2334,0.0,0.5638,0.0,0.0,0.0,False
6,353,2.9802,0.1713,2.1139,0.0023,5.536,0.0,0.0046,0.0,False
6,354,2.9718,-1.1236,0.5791,0.0,0.0587,0.0,0.0,0.0,False
6,355,2.9634,-0.4627,1.1213,0.0,1.188,0.0,0.0,0.0,False
6,356,2.9551,0.6442,3.392,0.0137,0.3806,0.0,0.0093,0.028,False
6,357,2.9468,-0.607,0.9707,0.0,2.0952,0.0,0.0,0.0,False
6,358,2.9385,-2.7789,0.1106,0.0,0.1052,0.0,0.0,0.0,False
6,359,2.9304,-0.25,1.3871,0.0,1.4561,0.0,0.0,0.0,False
6,360,2.9222,-2.9853,0.09,0.0,2.3996,0.0,0.0,0.0,False
6,361,2.9141,-0.234,1.4095,0.0,0.1178,0.0,0.0,0.0,False
6,362,2.9061,-2.1351,0.2106,0.0,0.0147,0.0,0.0,0.0,False
6,363,2.8981,-1.0551,0.6201,0.0,0.1987,0.0,0.0,0.0,False
6,364,2.8901,0.2013,2.1783,0.0,1.0805,0.0,0.0,0.0,False
6,365,2.8822,-2.8571,0.1023,0.0,0.4931,0.0,0.0,0.0,False
6,366,2.8743,-0.3911,1.2046,0.0,2.4521,0.0,0.0,0.0,False
6,367,2.8665,-0.0861,1.6341,0.0,1.4027,0.0,0.0,0.0,False
6,368,2.8587,-2.4141,0.1593,0.0,1.3187,0.0,0.0,0.0,False
6,369,2.8509,-3.5226,0.0526,0.0,1.8355,0.0,0.0,0.0,False
6,370,2.8432,-0.9984,0.6562,0.0,0.3851,0.0,0.0,0.0,False
6,371,2.8356,1.5339,8.2572,0.9931,0.7159,1.0,0.9861,1.0,True
6,372,2.828,-1.1734,0.5509,0.0,0.4232,0.0,0.0,0.0,False
6,373,2.8204,1.8966,11.8674,1.0,1.0962,1.0,1.0,1.0,True
6,374,2.8128,-1.7568,0.3074,0.0,3.3801,0.0,0.0,0.0,False
6,375,2.8053,-3.1618,0.0754,0.0,2.6756,0.0,0.0,0.0,False
6,376,2.7979,-0.9956,0.6581,0.0,0.2297,0.0,0.0,0.0,False
6,377,2.7905,-2.4208,0.1582,0.0,0.2993,0.0,0.0,0.0,False
6,378,2.7831,-0.3937,1.2014,0.0,0.7357,0.0,0.0,0.0,False
6,379,2.7757,-1.3919,0.4428,0.0,0.2848,0.0,0.0,0.0,False
6,380,2.7684,-1.5957,0.3611,0.0,0.952,0.0,0.0,0.0,False
6,381,2.7612,-0.5151,1.0641,0.0,0.4984,0.0,0.0,0.0,False
6,382,2.7539,0.049,1.8706,0.0,0.115,0.0,0.0,0.0,False
6,383,2.7467,0.7682,3.8398,0.0618,0.1051,0.0256,0.088,0.042,False
6,384,2.7396,-1.0342,0.6332,0.0,0.619,0.0,0.0,0.0,False
6,385,2.7325,0.8268,4.0713,0.087,0.0689,0.0513,0.0972,0.0909,False
6,386,2.7254,-3.0375,0.0854,0.0,0.1205,0.0,0.0,0.0,False
6,387,2.7183,0.3982,2.6523,0.0,1.206,0.0,0.0,0.0,False
6,388,2.7113,0.9939,4.812,0.2952,0.5272,0.3077,0.3102,0.2657,False
6,389,2.7044,-0.5729,1.0043,0.0,0.6659,0.0,0.0,0.0,False
6,390,2.6974,-0.7476,0.8433,0.0,0.2172,0.0,0.0,0.0,False
6,391,2.6905,0.4241,2.7219,0.0,0.715,0.0,0.0,0.0,False
6,392,2.6837,-1.4422,0.4211,0.0,0.7797,0.0,0.0,0.0,False
6,393,2.6768,-0.3521,1.2524,0.0,0.6668,0.0,0.0,0.0,False
6,394,2.6701,-0.4696,1.1136,0.0,0.1223,0.0,0.0,0.0,False
6,395,2.6633,1.2174,6.0174,0.7689,0.474,0.8462,0.7222,0.7972,False
6,396,2.6566,0.0332,1.8412,0.0,0.003,0.0,0.0,0.0,False
6,397,2.6499,-0.2944,1.3269,0.0,0.0285,0.0,0.0,0.0,False
6,398,2.6432,-0.1322,1.5605,0.0023,3.4272,0.0,0.0046,0.0,False
6,399,2.6366,-0.3128,1.3026,0.0,3.0829,0.0,0.0,0.0,False
6,400,2.63,-0.0025,1.7766,0.0,1.881,0.0,0.0,0.0,False
6,401,2.6234,0.6346,3.3596,0.016,0.2573,0.0,0.0324,0.0,False
6,402,2.6169,-1.9481,0.2539,0.0,0.3158,0.0,0.0,0.0,False
6,403,2.6104,-1.7331,0.3148,0.0,0.2302,0.0,0.0,0.0,False
6,404,2.604,0.457,2.8128,0.0229,0.0999,0.0128,0.0231,0.028,False
6,405,2.5975,0.5768,3.1709,0.0092,2.1075,0.0,0.0185,0.0,False
6,406,2.5911,-0.6807,0.9017,0.0,1.8579,0.0,0.0,0.0,False
6,407,2.5848,0.2722,2.3382,0.0,2.1012,0.0,0.0,0.0,False
6,408,2.5784,-0.4831,1.0987,0.0,0.2291,0.0,0.0,0.0,False
6,409,2.5721,-0.2575,1.3768,0.0,0.8091,0.0,0.0,0.0,False
6,410,2.5659,-2.2996,0.1786,0.0,0.6259,0.0,0.0,0.0,False
6,411,2.5596,-0.2264,1.4203,0.0,2.8912,0.0,0.0,0.0,False
6,412,2.5534,0.067,1.9044,0.0,0.1657,0.0,0.0,0.0,False
6,413,2.5472,-1.6144,0.3544,0.0,0.1562,0.0,0.0,0.0,False
6,414,2.5411,-2.757,0.1131,0.0,0.8322,0.0,0.0,0.0,False
6,415,2.5349,-0.2235,1.4244,0.0,1.6475,0.0,0.0,0.0,False
6,416,2.5288,0.0917,1.9522,0.0,0.4593,0.0,0.0,0.0,False
6,417,2.5228,-0.9584,0.683,0.0,2.5939,0.0,0.0,0.0,False
6,418,2.5167,-0.5923,0.985,0.0,0.3675,0.0,0.0,0.0,False
6,419,2.5107,0.5986,3.2406,0.0137,4.1193,0.0256,0.0139,0.007,False
6,420,2.5048,-0.2836,1.3413,0.0,0.0176,0.0,0.0,0.0,False
6,421,2.4988,-1.7132,0.3211,0.0,0.8365,0.0,0.0,0.0,False
6,422,2.4929,-1.1709,0.5523,0.0,0.249,0.0,0.0,0.0,False
6,423,2.487,0.126,2.0203,0.0,3.3417,0.0,0.0,0.0,False
6,424,2.4811,-0.593,0.9844,0.0,0.6385,0.0,0.0,0.0,False
6,425,2.4753,-0.5082,1.0715,0.0,3.4517,0.0,0.0,0.0,False
6,426,2.4695,-1.5158,0.3912,0.0,1.0882,0.0,0.0,0.0,False
6,427,2.4637,-1.3009,0.485,0.0,0.3931,0.0,0.0,0.0,False
6,428,2.4579,-0.517,1.0621,0.0,0.1358,0.0,0.0,0.0,False
6,429,2.4522,-1.1501,0.5639,0.0,0.2144,0.0,0.0,0.0,False
6,430,2.4465,-1.7663,0.3045,0.0,1.672,0.0,0.0,0.0,False
6,431,2.4408,-0.5288,1.0496,0.0,0.557,0.0,0.0,0.0,False
6,432,2.4352,-0.4847,1.097,0.0,0.7612,0.0,0.0,0.0,False
6,433,2.4296,0.6178,3.3036,0.0069,0.6532,0.0,0.0093,0.007,False
6,434,2.424,0.465,2.8355,0.0,1.5532,0.0,0.0,0.0,False
6,435,2.4184,-2.7277,0.1164,0.0,0.1094,0.0,0.0,0.0,False
6,436,2.4128,-1.7798,0.3004,0.0,2.4216,0.0,0.0,0.0,False
6,437,2.4073,-0.9519,0.6875,0.0,0.0052,0.0,0.0,0.0,False
6,438,2.4018,-3.3203,0.0644,0.0,2.1967,0.0,0.0,0.0,False
6,439,2.3964,0.8168,4.0312,0.0572,0.4393,0.0385,0.0556,0.0699,False
6,440,2.3909,-0.6848,0.898,0.0,0.1309,0.0,0.0,0.0,False
6,441,2.3855,0.6755,3.4997,0.0572,0.0704,0.0128,0.088,0.035,False
6,442,2.3801,0.5877,3.2056,0.0275,0.0018,0.0,0.0417,0.021,False
6,443,2.3747,0.4865,2.8971,0.0,0.8292,0.0,0.0,0.0,False
6,444,2.3694,-2.3601,0.1682,0.0,1.7869,0.0,0.0,0.0,False
6,445,2.364,-0.0069,1.7688,0.0,1.3878,0.0,0.0,0.0,False
6,446,2.3587,0.7549,3.7892,0.0824,0.3327,0.0897,0.0787,0.0839,False
6,447,2.3535,-0.4247,1.1648,0.0,0.6782,0.0,0.0,0.0,False
6,448,2.3482,0.3727,2.5855,0.0069,1.2369,0.0128,0.0046,0.007,False
6,449,2.343,-0.1967,1.4631,0.0,1.182,0.0,0.0,0.0,False
6,450,2.3378,-0.9583,0.6832,0.0,2.1616,0.0,0.0,0.0,False
6,451,2.3326,-0.3694,1.2309,0.0,0.7522,0.0,0.0,0.0,False
6,452,2.3274,-0.0964,1.6174,0.0,1.5112,0.0,0.0,0.0,False
6,453,2.3223,-2.0053,0.2398,0.0,1.0249,0.0,0.0,0.0,False
6,454,2.3172,-0.128,1.567,0.0,1.3586,0.0,0.0,0.0,False
6,455,2.3121,-0.9479,0.6903,0.0,1.1273,0.0,0.0,0.0,False
6,456,2.307,-1.8209,0.2883,0.0,0.2786,0.0,0.0,0.0,False
6,457,2.302,-2.2783,0.1825,0.0,0.7059,0.0,0.0,0.0,False
6,458,2.2969,-1.281,0.4947,0.0,1.434,0.0,0.0,0.0,False
6,459,2.2919,-0.7758,0.8199,0.0,1.5408,0.0,0.0,0.0,False
6,460,2.287,-0.9903,0.6616,0.0,1.4988,0.0,0.0,0.0,False
6,461,2.282,-1.0545,0.6205,0.0,0.2694,0.0,0.0,0.0,False
6,462,2.2771,0.8247,4.063,0.0686,0.5187,0.0385,0.0694,0.0839,False
6,463,2.2721,-0.4431,1.1436,0.0,1.7673,0.0,0.0,0.0,False
6,464,2.2672,0.1598,2.0896,0.0,1.0551,0.0,0.0,0.0,False
6,465,2.2624,-0.1411,1.5467,0.0,1.8701,0.0,0.0,0.0,False
6,466,2.2575,-1.6683,0.3359,0.0,2.0366,0.0,0.0,0.0,False
6,467,2.2527,-1.4524,0.4168,0.0,0.0371,0.0,0.0,0.0,False
6,468,2.2479,-0.4633,1.1206,0.0,0.348,0.0,0.0,0.0,False
6,469,2.2431,-0.1267,1.5691,0.0,3.1749,0.0,0.0,0.0,False
6,470,2.2383,-2.5203,0.1433,0.0,1.3232,0.0,0.0,0.0,False
6,471,2.2335,-0.0087,1.7657,0.0,2.4477,0.0,0.0,0.0,False
6,472,2.2288,-1.3992,0.4396,0.0,2.2175,0.0,0.0,0.0,False
6,473,2.2241,0.2427,2.2702,0.0,1.1789,0.0,0.0,0.0,False
6,474,2.2194,0.5411,3.0596,0.0092,0.2744,0.0,0.0185,0.0,False
6,475,2.2147,0.3199,2.4526,0.0046,1.3995,0.0128,0.0046,0.0,False
6,476,2.2101,0.4042,2.6683,0.0023,2.6291,0.0,0.0046,0.0,False
6,477,2.2055,-0.1788,1.4895,0.0,2.0558,0.0,0.0,0.0,False
6,478,2.2008,-1.6596,0.3388,0.0,0.2909,0.0,0.0,0.0,False
6,479,2.1962,-1.6912,0.3283,0.0,0.6612,0.0,0.0,0.0,False
6,480,2.1917,-1.5354,0.3836,0.0,0.2039,0.0,0.0,0.0,False
6,481,2.1871,-0.5481,1.0295,0.0,0.0893,0.0,0.0,0.0,False
6,482,2.1826,-0.4987,1.0816,0.0,3.5389,0.0,0.0,0.0,False
6,483,2.1781,-0.0236,1.7395,0.0,0.5071,0.0,0.0,0.0,False
6,484,2.1736,-2.9104,0.097,0.0,0.4005,0.0,0.0,0.0,False
6,485,2.1691,0.9064,4.4089,0.1693,1.0447,0.1538,0.1991,0.1329,False
6,486,2.1646,-0.5782,0.999,0.0,0.2251,0.0,0.0,0.0,False
6,487,2.1602,-1.0271,0.6377,0.0,1.1707,0.0,0.0,0.0,False
6,488,2.1557,0.1297,2.0277,0.0,0.0779,0.0,0.0,0.0,False
6,489,2.1513,0.3501,2.5278,0.0,0.1495,0.0,0.0,0.0,False
6,490,2.1469,-1.5016,0.3968,0.0,4.3839,0.0,0.0,0.0,False
6,491,2.1426,-1.5512,0.3776,0.0,0.9334,0.0,0.0,0.0,False
6,492,2.1382,-0.1061,1.6018,0.0,2.055,0.0,0.0,0.0,False
6,493,2.1339,-0.8474,0.7632,0.0,0.2846,0.0,0.0,0.0,False
6,494,2.1296,-2.6661,0.1238,0.0,1.0417,0.0,0.0,0.0,False
6,495,2.1253,-2.2312,0.1913,0.0,0.6064,0.0,0.0,0.0,False
6,496,2.121,-2.4247,0.1576,0.0,1.6865,0.0,0.0,0.0,False
6,497,2.1167,0.5281,3.0202,0.0069,2.4956,0.0,0.0093,0.007,False
6,498,2.1124,-0.259,1.3746,0.0,0.9474,0.0,0.0,0.0,False
6,499,2.1082,-0.5756,1.0016,0.0,1.1226,0.0,0.0,0.0,False
6,500,2.104,-1.0872,0.6005,0.0,1.0118,0.0,0.0,0.0,False
6,501,2.0998,-1.0839,0.6025,0.0,0.0738,0.0,0.0,0.0,False
6,502,2.0956,-0.0425,1.7069,0.0,0.7154,0.0,0.0,0.0,False
6,503,2.0915,0.7556,3.7917,0.0389,1.1706,0.0256,0.0509,0.028,False
6,504,2.0873,-3.1137,0.0791,0.0,2.0486,0.0,0.0,0.0,False
6,505,2.0832,-0.3736,1.2258,0.0,1.7385,0.0,0.0,0.0,False
6,506,2.0791,-0.6859,0.897,0.0,0.6206,0.0,0.0,0.0,False
6,507,2.075,-2.4267,0.1573,0.0,0.7716,0.0,0.0,0.0,False
6,508,2.0709,-1.1287,0.5761,0.0,0.1551,0.0,0.0,0.0,False
6,509,2.0668,-0.4269,1.1623,0.0,7.1841,0.0,0.0,0.0,False
6,510,2.0627,-0.0423,1.7073,0.0,1.1927,0.0,0.0,0.0,False
6,511,2.0587,0.4079,2.6782,0.0137,1.4358,0.0,0.0278,0.0,False
6,512,2.0547,-0.5393,1.0386,0.0,0.0921,0.0,0.0,0.0,False
6,513,2.0507,-2.8207,0.1061,0.0,0.5286,0.0,0.0,0.0,False
6,514,2.0467,-0.105,1.6036,0.0,2.3128,0.0,0.0,0.0,False
6,515,2.0427,1.3934,7.1747,0.968,0.5917,0.9744,0.963,0.972,True
6,516,2.0388,-0.1675,1.5064,0.0,0.9573,0.0,0.0,0.0,False
6,517,2.0348,0.9258,4.4951,0.1739,1.0761,0.1154,0.1991,0.1678,False
6,518,2.0309,-0.0146,1.7553,0.0,0.2389,0.0,0.0,0.0,False
6,519,2.027,0.0265,1.8289,0.0046,0.3099,0.0,0.0046,0.007,False
6,520,2.0231,0.4768,2.8691,0.0,0.4716,0.0,0.0,0.0,False
6,521,2.0192,-3.1318,0.0777,0.0,1.9111,0.0,0.0,0.0,False
6,522,2.0153,0.235,2.2529,0.0,0.0836,0.0,0.0,0.0,False
6,523,2.0115,-0.8245,0.7809,0.0,0.819,0.0,0.0,0.0,False
6,524,2.0076,-1.6398,0.3456,0.0,0.1082,0.0,0.0,0.0,False
6,525,2.0038,-0.5403,1.0376,0.0,1.5118,0.0,0.0,0.0,False
6,526,2.0,0.6732,3.4919,0.0526,0.3757,0.0128,0.0509,0.0769,False
7,1,934.0,-1.0195,0.6426,0.0,0.4797,0.0,0.0,0.0,False
7,2,467.0,-1.0113,0.6479,0.0,0.5351,0.0,0.0,0.0,False
7,3,311.3333,-0.2146,1.437,0.0137,0.7431,0.0128,0.0185,0.007,False
7,4,233.5,0.5888,3.209,0.1304,0.6281,0.0128,0.1713,0.1329,False
7,5,186.8,1.0396,5.0369,0.6911,0.4746,0.7949,0.662,0.6783,False
7,6,155.6667,0.7479,3.7626,0.2723,0.717,0.1795,0.3333,0.2308,False
7,7,133.4286,-0.292,1.3301,0.0,2.2895,0.0,0.0,0.0,False
7,8,116.75,-1.0269,0.6378,0.0,1.8491,0.0,0.0,0.0,False
7,9,103.7778,-0.6564,0.9239,0.0046,1.2157,0.0,0.0093,0.0,False
7,10,93.4,-1.9898,0.2435,0.0,0.9899,0.0,0.0,0.0,False
7,11,84.9091,-0.1051,1.6034,0.0,0.2561,0.0,0.0,0.0,False
7,12,77.8333,-2.2522,0.1873,0.0,0.8318,0.0,0.0,0.0,False
7,13,71.8462,-1.9075,0.2644,0.0,0.3769,0.0,0.0,0.0,False
7,14,66.7143,-1.3299,0.4711,0.0,0.6385,0.0,0.0,0.0,False
7,15,62.2667,0.5049,2.9509,0.0526,0.5286,0.0256,0.0648,0.049,False
7,16,58.375,0.9034,4.3955,0.27,1.2462,0.2821,0.2639,0.2727,False
7,17,54.9412,-2.5856,0.1342,0.0,0.6981,0.0,0.0,0.0,False
7,18,51.8889,0.4717,2.8545,0.016,0.465,0.0,0.0324,0.0,False
7,19,49.1579,-1.2997,0.4855,0.0,0.3598,0.0,0.0,0.0,False
7,20,46.7,0.5037,2.9472,0.0046,1.3234,0.0,0.0093,0.0,False
7,21,44.4762,0.3495,2.5262,0.016,0.7389,0.0,0.0278,0.007,False
7,22,42.4545,-2.1513,0.2072,0.0,0.1555,0.0,0.0,0.0,False
7,23,40.6087,-0.3718,1.2281,0.0,2.0328,0.0,0.0,0.0,False
7,24,38.9167,-0.8283,0.778,0.0,1.6777,0.0,0.0,0.0,False
7,25,37.36,-1.4771,0.4066,0.0,0.3231,0.0,0.0,0.0,False
7,26,35.9231,-0.3187,1.295,0.0,1.6025,0.0,0.0,0.0,False
7,27,34.5926,0.7561,3.7937,0.0595,0.9779,0.0385,0.0231,0.1259,False
7,28,33.3571,-0.6983,0.8859,0.0023,1.0203,0.0,0.0,0.007,False
7,29,32.2069,0.3292,2.4753,0.0069,0.3063,0.0,0.0,0.021,False
7,30,31.1333,0.6101,3.2782,0.0092,1.2317,0.0128,0.0093,0.007,False
7,31,30.129,-2.3881,0.1635,0.0,0.5366,0.0,0.0,0.0,False
7,32,29.1875,-0.436,1.1517,0.0,2.0587,0.0,0.0,0.0,False
7,33,28.303,-0.314,1.3011,0.0,0.3926,0.0,0.0,0.0,False
7,34,27.4706,-1.9532,0.2526,0.0,1.6817,0.0,0.0,0.0,False
7,35,26.6857,-3.0012,0.0886,0.0,0.0898,0.0,0.0,0.0,False
7,36,25.9444,0.329,2.475,0.0069,0.6661,0.0,0.0093,0.007,False
7,37,25.2432,-2.9939,0.0892,0.0,0.4008,0.0,0.0,0.0,False
7,38,24.5789,-2.1526,0.2069,0.0,0.3601,0.0,0.0,0.0,False
7,39,23.9487,-0.1764,1.493,0.0,1.4347,0.0,0.0,0.0,False
7,40,23.35,-0.4235,1.1662,0.0,0.0038,0.0,0.0,0.0,False
7,41,22.7805,0.0475,1.8677,0.0023,0.2944,0.0,0.0046,0.0,False
7,42,22.2381,-0.9674,0.6769,0.0,0.0287,0.0,0.0,0.0,False
7,43,21.7209,-0.1751,1.495,0.0,0.5793,0.0,0.0,0.0,False
7,44,21.2273,0.7824,3.8948,0.1236,0.3631,0.0769,0.1343,0.1329,False
7,45,20.7556,-0.3032,1.3152,0.0,0.8002,0.0,0.0,0.0,False
7,46,20.3043,-0.7735,0.8218,0.0,0.771,0.0,0.0,0.0,False
7,47,19.8723,0.5484,3.082,0.0183,0.8801,0.0,0.0231,0.021,False
7,48,19.4583,-0.8152,0.7882,0.0,0.3678,0.0,0.0,0.0,False
7,49,19.0612,0.2399,2.264,0.0046,0.4369,0.0,0.0,0.014,False
7,50,18.68,-0.6552,0.925,0.0,0.5607,0.0,0.0,0.0,False
7,51,18.3137,1.0701,5.1933,0.524,1.1172,0.5769,0.5231,0.4965,False
7,52,17.9615,0.422,2.7161,0.0389,0.3988,0.0,0.0602,0.028,False
7,53,17.6226,-2.0087,0.239,0.0,0.5537,0.0,0.0,0.0,False
7,54,17.2963,0.6498,3.4112,0.0343,3.5345,0.0256,0.0231,0.0559,False
7,55,16.9818,-0.0832,1.6389,0.0023,2.9627,0.0,0.0046,0.0,False
7,56,16.6786,-1.7585,0.3069,0.0,0.0394,0.0,0.0,0.0,False
7,57,16.386,-2.4202,0.1584,0.0,0.5533,0.0,0.0,0.0,False
7,58,16.1034,-0.4595,1.1249,0.0,0.3284,0.0,0.0,0.0,False
7,59,15.8305,-0.5154,1.0637,0.0,0.402,0.0,0.0,0.0,False
7,60,15.5667,0.8469,4.1543,0.1373,0.2643,0.1282,0.1667,0.0979,False
7,61,15.3115,-3.1105,0.0794,0.0,4.0126,0.0,0.0,0.0,False
7,62,15.0645,1.0191,4.9349,0.3982,1.465,0.359,0.4213,0.3846,False
7,63,14.8254,-0.3504,1.2545,0.0,0.1771,0.0,0.0,0.0,False
7,64,14.5938,-1.0609,0.6165,0.0,0.7257,0.0,0.0,0.0,False
7,65,14.3692,0.3761,2.5944,0.0,0.9362,0.0,0.0,0.0,False
7,66,14.1515,-1.8864,0.27,0.0,0.769,0.0,0.0,0.0,False
7,67,13.9403,0.5522,3.0939,0.0275,0.49,0.0128,0.0417,0.014,False
7,68,13.7353,-1.1425,0.5682,0.0,0.4662,0.0,0.0,0.0,False
7,69,13.5362,0.0886,1.946,0.0023,0.4718,0.0,0.0046,0.0,False
7,70,13.3429,0.4151,2.6975,0.0023,0.5318,0.0,0.0046,0.0,False
7,71,13.1549,0.8186,4.0381,0.1762,0.3399,0.1667,0.2176,0.1189,False
7,72,12.9722,0.3408,2.5044,0.016,0.6602,0.0256,0.0185,0.007,False
7,73,12.7945,-1.8013,0.294,0.0,0.8379,0.0,0.0,0.0,False
7,74,12.6216,-0.2327,1.4113,0.0,2.6212,0.0,0.0,0.0,False
7,75,12.4533,-1.038,0.6308,0.0,2.243,0.0,0.0,0.0,False
7,76,12.2895,-2.1874,0.1999,0.0,0.3442,0.0,0.0,0.0,False
7,77,12.1299,-0.3908,1.205,0.0046,0.7091,0.0,0.0093,0.0,False
7,78,11.9744,-2.4527,0.1533,0.0,0.6064,0.0,0.0,0.0,False
7,79,11.8228,-0.7576,0.8349,0.0,0.2287,0.0,0.0,0.0,False
7,80,11.675,-1.501,0.397,0.0,3.1849,0.0,0.0,0.0,False
7,81,11.5309,-0.9131,0.7147,0.0023,0.32,0.0,0.0,0.007,False
7,82,11.3902,0.167,2.1048,0.0,2.4018,0.0,0.0,0.0,False
7,83,11.253,-1.0933,0.5969,0.0,0.3127,0.0,0.0,0.0,False
7,84,11.119,0.2692,2.3314,0.0,2.1149,0.0,0.0,0.0,False
7,85,10.9882,0.0894,1.9475,0.0,0.8148,0.0,0.0,0.0,False
7,86,10.8605,0.0186,1.8146,0.0,0.7703,0.0,0.0,0.0,False
7,87,10.7356,-1.0329,0.634,0.0023,0.3797,0.0128,0.0,0.0,False
7,88,10.6136,-0.37,1.2302,0.0,0.147,0.0,0.0,0.0,False
7,89,10.4944,-0.2938,1.3277,0.0,0.5578,0.0,0.0,0.0,False
7,90,10.3778,-1.3707,0.4523,0.0,0.3235,0.0,0.0,0.0,False
7,91,10.2637,0.4516,2.7977,0.0,0.616,0.0,0.0,0.0,False
7,92,10.1522,-1.1543,0.5615,0.0,1.3103,0.0,0.0,0.0,False
7,93,10.043,0.0692,1.9086,0.0,1.5042,0.0,0.0,0.0,False
7,94,9.9362,-2.359,0.1683,0.0,1.921,0.0,0.0,0.0,False
7,95,9.8316,0.2551,2.2987,0.0023,0.1894,0.0,0.0046,0.0,False
7,96,9.7292,-1.2475,0.5116,0.0,0.321,0.0,0.0,0.0,False
7,97,9.6289,-0.0288,1.7305,0.0,0.1327,0.0,0.0,0.0,False
7,98,9.5306,-0.0572,1.6821,0.0023,1.2698,0.0,0.0046,0.0,False
7,99,9.4343,0.2303,2.2424,0.0,0.3341,0.0,0.0,0.0,False
7,100,9.34,-0.2126,1.4399,0.0,0.2652,0.0,0.0,0.0,False
7,101,9.2475,-3.0723,0.0825,0.0,1.1483,0.0,0.0,0.0,False
7,102,9.1569,0.0079,1.7953,0.0069,0.2339,0.0,0.0139,0.0,False
7,103,9.068,0.6063,3.2658,0.016,0.0255,0.0256,0.0185,0.007,False
7,104,8.9808,-0.016,1.7529,0.0092,1.1297,0.0,0.0185,0.0,False
7,105,8.8952,-0.4161,1.1748,0.0,0.0841,0.0,0.0,0.0,False
7,106,8.8113,-0.1732,1.4978,0.0,0.5168,0.0,0.0,0.0,False
7,107,8.729,-0.2812,1.3445,0.0,0.6118,0.0,0.0,0.0,False
7,108,8.6481,-0.4411,1.1458,0.0,0.216,0.0,0.0,0.0,False
7,109,8.5688,-1.7631,0.3055,0.0,1.7048,0.0,0.0,0.0,False
7,110,8.4909,-1.2114,0.5304,0.0,0.1355,0.0,0.0,0.0,False
7,111,8.4144,1.2607,6.2832,0.8375,1.0307,0.9103,0.7778,0.8881,False
7,112,8.3393,-0.295,1.326,0.0,0.0168,0.0,0.0,0.0,False
7,113,8.2655,-0.4722,1.1107,0.0,0.9593,0.0,0.0,0.0,False
7,114,8.193,-0.0321,1.7249,0.0023,0.0761,0.0,0.0046,0.0,False
7,115,8.1217,-0.5876,0.9897,0.0,1.9302,0.0,0.0,0.0,False
7,116,8.0517,0.7114,3.6278,0.032,0.8459,0.0256,0.0417,0.021,False
7,117,7.9829,-0.1068,1.6007,0.0,1.7755,0.0,0.0,0.0,False
7,118,7.9153,-0.1998,1.4585,0.0,0.8991,0.0,0.0,0.0,False
7,119,7.8487,-1.4282,0.427,0.0,0.628,0.0,0.0,0.0,False
7,120,7.7833,0.2749,2.3447,0.0069,0.33,0.0,0.0046,0.014,False
7,121,7.719,-0.3877,1.2086,0.0,0.2787,0.0,0.0,0.0,False
7,122,7.6557,0.3091,2.4262,0.0023,0.6845,0.0128,0.0,0.0,False
7,123,7.5935,-2.1119,0.2155,0.0,0.1589,0.0,0.0,0.0,False
7,124,7.5323,-0.4063,1.1864,0.0,0.8188,0.0,0.0,0.0,False
7,125,7.472,-1.2361,0.5174,0.0,0.7329,0.0,0.0,0.0,False
7,126,7.4127,0.3739,2.5887,0.0092,3.2733,0.0,0.0093,0.014,False
7,127,7.3543,-3.317,0.0646,0.0,1.1669,0.0,0.0,0.0,False
7,128,7.2969,0.3317,2.4817,0.0023,1.2891,0.0,0.0046,0.0,False
7,129,7.2403,-1.1992,0.5369,0.0,0.3644,0.0,0.0,0.0,False
7,130,7.1846,0.4039,2.6673,0.016,1.3756,0.0,0.0278,0.007,False
7,131,7.1298,2.0293,13.5512,1.0,2.107,1.0,1.0,1.0,True
7,132,7.0758,-2.8178,0.1064,0.0,0.9809,0.0,0.0,0.0,False
7,133,7.0226,0.3733,2.5872,0.0114,0.0385,0.0,0.0185,0.007,False
7,134,6.9701,1.8733,11.5942,1.0,0.4181,1.0,1.0,1.0,True
7,135,6.9185,-0.9931,0.6597,0.0,1.0233,0.0,0.0,0.0,False
7,136,6.8676,-0.171,1.5011,0.0,0.8645,0.0,0.0,0.0,False
7,137,6.8175,-2.7303,0.1161,0.0,1.0764,0.0,0.0,0.0,False
7,138,6.7681,-1.0184,0.6432,0.0,1.2042,0.0,0.0,0.0,False
7,139,6.7194,0.808,3.9956,0.1785,1.4007,0.0769,0.213,0.1818,False
7,140,6.6714,0.134,2.0365,0.0023,2.5455,0.0,0.0046,0.0,False
7,141,6.6241,-0.8416,0.7677,0.0,0.1002,0.0,0.0,0.0,False
7,142,6.5775,-2.0097,0.2387,0.0,0.0645,0.0,0.0,0.0,False
7,143,6.5315,0.4669,2.8408,0.0046,1.317,0.0,0.0046,0.007,False
7,144,6.4861,-0.0863,1.6338,0.0,0.4776,0.0,0.0,0.0,False
7,145,6.4414,-1.3348,0.4688,0.0,1.0594,0.0,0.0,0.0,False
7,146,6.3973,-0.7736,0.8217,0.0,3.1204,0.0,0.0,0.0,False
7,147,6.3537,-0.126,1.5702,0.0,1.4374,0.0,0.0,0.0,False
7,148,6.3108,-0.5757,1.0015,0.0,2.0053,0.0,0.0,0.0,False
7,149,6.2685,-0.8587,0.7546,0.0,1.4474,0.0,0.0,0.0,False
7,150,6.2267,0.4012,2.6603,0.0114,1.7316,0.0,0.0231,0.0,False
7,151,6.1854,-2.6552,0.1252,0.0,2.0852,0.0,0.0,0.0,False
7,152,6.1447,0.6193,3.3086,0.0595,1.8318,0.0641,0.037,0.0909,False
7,153,6.1046,-1.9781,0.2464,0.0,0.0014,0.0,0.0,0.0,False
7,154,6.0649,-0.8174,0.7865,0.0,0.5833,0.0,0.0,0.0,False
7,155,6.0258,-0.2088,1.4455,0.0023,0.4403,0.0,0.0046,0.0,False
7,156,5.9872,-1.5782,0.3675,0.0,0.2991,0.0,0.0,0.0,False
7,157,5.949,-0.2572,1.3772,0.0,0.9124,0.0,0.0,0.0,False
7,158,5.9114,0.5057,2.9533,0.0092,0.5089,0.0,0.0093,0.014,False
7,159,5.8742,0.7729,3.8577,0.0389,0.9225,0.0256,0.0324,0.0559,False
7,160,5.8375,-0.9793,0.6689,0.0,1.1287,0.0,0.0,0.0,False
7,161,5.8012,-1.0784,0.6058,0.0,1.7471,0.0,0.0,0.0,False
7,162,5.7654,-1.2781,0.4962,0.0,1.1116,0.0,0.0,0.0,False
7,163,5.7301,0.6466,3.4001,0.0275,0.1568,0.0,0.0417,0.021,False
7,164,5.6951,-0.4838,1.098,0.0092,0.0104,0.0,0.0093,0.014,False
7,165,5.6606,0.7221,3.6668,0.0664,1.437,0.0,0.0648,0.1049,False
7,166,5.6265,0.6003,3.2463,0.0458,0.3602,0.0,0.0417,0.0769,False
7,167,5.5928,-2.815,0.1067,0.0,3.1505,0.0,0.0,0.0,False
7,168,5.5595,-0.944,0.6929,0.0,0.2803,0.0,0.0,0.0,False
7,169,5.5266,1.0914,5.3048,0.4966,0.8311,0.5256,0.5185,0.4476,False
7,170,5.4941,-1.7528,0.3087,0.0,1.138,0.0,0.0,0.0,False
7,171,5.462,0.424,2.7215,0.0023,2.0777,0.0,0.0046,0.0,False
7,172,5.4302,-0.4945,1.0862,0.0,0.0476,0.0,0.0,0.0,False
7,173,5.3988,-0.3705,1.2297,0.0,2.3519,0.0,0.0,0.0,False
7,174,5.3678,0.1977,2.1703,0.0023,0.5986,0.0,0.0,0.007,False
7,175,5.3371,0.3476,2.5215,0.0,0.1971,0.0,0.0,0.0,False
7,176,5.3068,-2.5217,0.1431,0.0,1.63,0.0,0.0,0.0,False
7,177,5.2768,-0.0068,1.769,0.0,0.5531,0.0,0.0,0.0,False
7,178,5.2472,-1.1057,0.5895,0.0,0.743,0.0,0.0,0.0,False
7,179,5.2179,-0.5206,1.0583,0.0,1.0375,0.0,0.0,0.0,False
7,180,5.1889,0.3772,2.5973,0.0,0.4145,0.0,0.0,0.0,False
7,181,5.1602,-0.2464,1.3921,0.0,0.1743,0.0,0.0,0.0,False
7,182,5.1319,-0.6757,0.9062,0.0,2.5077,0.0,0.0,0.0,False
7,183,5.1038,-0.2749,1.3529,0.0,1.3002,0.0,0.0,0.0,False
7,184,5.0761,-1.1121,0.5857,0.0,0.398,0.0,0.0,0.0,False
7,185,5.0486,-2.9998,0.0887,0.0,0.6823,0.0,0.0,0.0,False
7,186,5.0215,0.1301,2.0285,0.0023,0.1597,0.0,0.0046,0.0,False
7,187,4.9947,0.6531,3.4224,0.0137,4.8911,0.0,0.0139,0.021,False
7,188,4.9681,-1.6845,0.3305,0.0,1.0228,0.0,0.0,0.0,False
7,189,4.9418,0.3166,2.4444,0.0,0.1968,0.0,0.0,0.0,False
7,190,4.9158,-1.0666,0.613,0.0,0.009,0.0,0.0,0.0,False
7,191,4.8901,-0.4748,1.1079,0.0,1.1451,0.0,0.0,0.0,False
7,192,4.8646,0.7531,3.7824,0.1396,1.2589,0.0641,0.1389,0.1818,False
7,193,4.8394,-0.8523,0.7595,0.0,0.5622,0.0,0.0,0.0,False
7,194,4.8144,-2.3117,0.1765,0.0,0.2492,0.0,0.0,0.0,False
7,195,4.7897,-1.2692,0.5006,0.0,0.5304,0.0,0.0,0.0,False
7,196,4.7653,0.9411,4.5646,0.2723,2.8666,0.2821,0.287,0.2448,False
7,197,4.7411,0.0156,1.809,0.0,0.9841,0.0,0.0,0.0,False
7,198,4.7172,-0.1823,1.4843,0.0,1.6049,0.0,0.0,0.0,False
7,199,4.6935,0.3904,2.6315,0.0114,0.9379,0.0,0.0185,0.007,False
7,200,4.67,-0.0716,1.658,0.0,0.3091,0.0,0.0,0.0,False
7,201,4.6468,-1.2908,0.4899,0.0,0.2505,0.0,0.0,0.0,False
7,202,4.6238,-1.9078,0.2643,0.0,2.2393,0.0,0.0,0.0,False
7,203,4.601,-0.2187,1.4313,0.0,0.7737,0.0,0.0,0.0,False
7,204,4.5784,0.7018,3.5929,0.0572,0.0529,0.0385,0.0509,0.0769,False
7,205,4.5561,0.1084,1.9851,0.0,0.5999,0.0,0.0,0.0,False
7,206,4.534,0.5736,3.1609,0.0412,0.2052,0.0385,0.0556,0.021,False
7,207,4.5121,-0.0887,1.6299,0.0,0.4773,0.0,0.0,0.0,False
7,208,4.4904,-0.9539,0.6861,0.0,1.5446,0.0,0.0,0.0,False
7,209,4.4689,-2.7813,0.1104,0.0,0.2097,0.0,0.0,0.0,False
7,210,4.4476,-1.9111,0.2635,0.0,0.4731,0.0,0.0,0.0,False
7,211,4.4265,-0.737,0.8524,0.0,1.073,0.0,0.0,0.0,False
7,212,4.4057,-0.2118,1.4411,0.0,0.2092,0.0,0.0,0.0,False
7,213,4.385,1.2108,5.9773,0.7117,0.1827,0.8333,0.6111,0.7972,False
7,214,4.3645,-0.0175,1.7502,0.0,0.747,0.0,0.0,0.0,False
7,215,4.3442,-0.5362,1.0419,0.0,5.0871,0.0,0.0,0.0,False
7,216,4.3241,-1.0948,0.596,0.0,0.0737,0.0,0.0,0.0,False
7,217,4.3041,-2.8412,0.1039,0.0,0.5508,0.0,0.0,0.0,False
7,218,4.2844,-0.0733,1.6552,0.0,0.3644,0.0,0.0,0.0,False
7,219,4.2648,-1.2391,0.5159,0.0,0.1394,0.0,0.0,0.0,False
7,220,4.2455,-1.9487,0.2537,0.0,0.2052,0.0,0.0,0.0,False
7,221,4.2262,-2.8927,0.0987,0.0,0.665,0.0,0.0,0.0,False
7,222,4.2072,0.1431,2.0551,0.0,1.2541,0.0,0.0,0.0,False
7,223,4.1883,-2.5211,0.1432,0.0,0.3595,0.0,0.0,0.0,False
7,224,4.1696,0.3264,2.4686,0.0092,1.2958,0.0,0.0139,0.007,False
7,225,4.1511,-1.2065,0.533,0.0,0.1113,0.0,0.0,0.0,False
7,226,4.1327,-2.6899,0.1209,0.0,1.5687,0.0,0.0,0.0,False
7,227,4.1145,0.2864,2.3718,0.0,0.437,0.0,0.0,0.0,False
7,228,4.0965,0.1525,2.0745,0.0046,0.4978,0.0,0.0093,0.0,False
7,229,4.0786,0.1376,2.0439,0.0,0.1807,0.0,0.0,0.0,False
7,230,4.0609,-2.372,0.1662,0.0,0.2276,0.0,0.0,0.0,False
7,231,4.0433,-0.6897,0.8936,0.0,1.4133,0.0,0.0,0.0,False
7,232,4.0259,-0.6254,0.9529,0.0,0.4392,0.0,0.0,0.0,False
7,233,4.0086,-0.628,0.9505,0.0,0.4881,0.0,0.0,0.0,False
7,234,3.9915,0.6515,3.4168,0.0206,0.3864,0.0256,0.0278,0.007,False
7,235,3.9745,-2.5794,0.135,0.0,0.038,0.0,0.0,0.0,False
7,236,3.9576,0.0484,1.8694,0.0,0.3025,0.0,0.0,0.0,False
7,237,3.9409,-1.8746,0.2732,0.0,1.0423,0.0,0.0,0.0,False
7,238,3.9244,-0.1054,1.6028,0.0,2.0643,0.0,0.0,0.0,False
7,239,3.9079,-3.1021,0.0801,0.0,0.5552,0.0,0.0,0.0,False
7,240,3.8917,-0.0452,1.7023,0.0,0.1376,0.0,0.0,0.0,False
7,241,3.8755,-0.771,0.8239,0.0,2.1549,0.0,0.0,0.0,False
7,242,3.8595,0.4501,2.7936,0.0069,0.1024,0.0,0.0139,0.0,False
7,243,3.8436,-0.6444,0.935,0.0,0.1746,0.0,0.0,0.0,False
7,244,3.8279,-2.2964,0.1792,0.0,2.0803,0.0,0.0,0.0,False
7,245,3.8122,-1.5177,0.3905,0.0,0.7697,0.0,0.0,0.0,False
7,246,3.7967,-3.1216,0.0785,0.0,0.3758,0.0,0.0,0.0,False
7,247,3.7814,-2.6324,0.1281,0.0,0.4974,0.0,0.0,0.0,False
7,248,3.7661,0.649,3.4084,0.0275,0.6325,0.0128,0.0231,0.042,False
7,249,3.751,1.4675,7.7268,0.9703,1.1196,1.0,0.9676,0.958,True
7,250,3.736,-2.1672,0.2039,0.0,0.4398,0.0,0.0,0.0,False
7,251,3.7211,0.8034,3.9773,0.1396,0.7799,0.0385,0.1713,0.1469,False
7,252,3.7063,-0.2983,1.3217,0.0,0.4804,0.0,0.0,0.0,False
7,253,3.6917,-2.6729,0.123,0.0,2.287,0.0,0.0,0.0,False
7,254,3.6772,-0.2673,1.3633,0.0,1.1428,0.0,0.0,0.0,False
7,255,3.6627,-1.1269,0.5771,0.0,0.646,0.0,0.0,0.0,False
7,256,3.6484,-0.3679,1.2329,0.0,0.491,0.0,0.0,0.0,False
7,257,3.6342,0.4977,2.9297,0.0069,0.5089,0.0,0.0046,0.014,False
7,258,3.6202,0.1092,1.9866,0.0069,4.553,0.0,0.0046,0.014,False
7,259,3.6062,-0.7663,0.8277,0.0,0.6853,0.0,0.0,0.0,False
7,260,3.5923,-2.7341,0.1157,0.0,0.2573,0.0,0.0,0.0,False
7,261,3.5785,-0.4711,1.1119,0.0,0.6762,0.0,0.0,0.0,False
7,262,3.5649,0.4984,2.9317,0.0069,2.5541,0.0,0.0093,0.007,False
7,263,3.5513,-1.5916,0.3626,0.0,0.9273,0.0,0.0,0.0,False
7,264,3.5379,-3.0355,0.0856,0.0,0.5188,0.0,0.0,0.0,False
7,265,3.5245,-1.0849,0.6019,0.0,0.1482,0.0,0.0,0.0,False
7,266,3.5113,-2.3978,0.1619,0.0,2.2943,0.0,0.0,0.0,False
7,267,3.4981,1.4618,7.6828,0.9428,0.1112,0.9872,0.9074,0.972,True
7,268,3.4851,0.0433,1.8598,0.0,1.7651,0.0,0.0,0.0,False
7,269,3.4721,1.2874,6.4537,0.8032,0.7534,0.8974,0.7824,0.7832,False
7,270,3.4593,-0.0934,1.6223,0.0,2.7091,0.0,0.0,0.0,False
7,271,3.4465,-0.786,0.8116,0.0,0.8986,0.0,0.0,0.0,False
7,272,3.4338,-0.964,0.6793,0.0,4.0111,0.0,0.0,0.0,False
7,273,3.4212,-0.4468,1.1393,0.0,0.3488,0.0,0.0,0.0,False
7,274,3.4088,0.1754,2.1225,0.0,0.0353,0.0,0.0,0.0,False
7,275,3.3964,-0.3575,1.2457,0.0,0.8258,0.0,0.0,0.0,False
7,276,3.3841,-1.2121,0.53,0.0,0.0213,0.0,0.0,0.0,False
7,277,3.3718,-0.1651,1.51,0.0,3.7152,0.0,0.0,0.0,False
7,278,3.3597,-0.7396,0.8501,0.0,0.6627,0.0,0.0,0.0,False
7,279,3.3477,0.3288,2.4745,0.0,0.4994,0.0,0.0,0.0,False
7,280,3.3357,0.0754,1.9205,0.0,0.9854,0.0,0.0,0.0,False
7,281,3.3238,-0.6643,0.9166,0.0,2.3665,0.0,0.0,0.0,False
7,282,3.3121,-1.109,0.5876,0.0,0.024,0.0,0.0,0.0,False
7,283,3.3004,-0.8565,0.7563,0.0,0.0453,0.0,0.0,0.0,False
7,284,3.2887,1.5172,8.1203,0.9657,1.4203,0.9744,0.9676,0.958,True
7,285,3.2772,-0.2909,1.3315,0.0,0.7772,0.0,0.0,0.0,False
7,286,3.2657,-1.6225,0.3516,0.0,0.6201,0.0,0.0,0.0,False
7,287,3.2544,-0.0591,1.6789,0.0,0.5778,0.0,0.0,0.0,False
7,288,3.2431,-0.0014,1.7786,0.0,0.1438,0.0,0.0,0.0,False
7,289,3.2318,-1.8364,0.2839,0.0,0.0933,0.0,0.0,0.0,False
7,290,3.2207,0.2683,2.3292,0.0023,2.1292,0.0,0.0046,0.0,False
7,291,3.2096,0.6489,3.408,0.0778,1.3993,0.0256,0.1157,0.049,False
7,292,3.1986,-3.0079,0.088,0.0,0.5833,0.0,0.0,0.0,False
7,293,3.1877,-0.7151,0.8712,0.0,0.5118,0.0,0.0,0.0,False
7,294,3.1769,-1.002,0.6539,0.0,1.4654,0.0,0.0,0.0,False
7,295,3.1661,-2.1003,0.218,0.0,1.1523,0.0,0.0,0.0,False
7,296,3.1554,-1.6611,0.3383,0.0,0.1627,0.0,0.0,0.0,False
7,297,3.1448,-2.1664,0.2041,0.0,1.6655,0.0,0.0,0.0,False
7,298,3.1342,-1.1673,0.5543,0.0,1.5493,0.0,0.0,0.0,False
7,299,3.1237,0.0514,1.875,0.0,0.4332,0.0,0.0,0.0,False
7,300,3.1133,0.3348,2.4895,0.0435,0.2848,0.0,0.0694,0.028,False
7,301,3.103,-1.2177,0.527,0.0,0.6672,0.0,0.0,0.0,False
7,302,3.0927,-0.0956,1.6187,0.0,0.0164,0.0,0.0,0.0,False
7,303,3.0825,-0.9826,0.6667,0.0,0.0603,0.0,0.0,0.0,False
7,304,3.0724,-1.2064,0.533,0.0,0.5225,0.0,0.0,0.0,False
7,305,3.0623,0.7678,3.8382,0.0778,0.0289,0.0513,0.0926,0.0699,False
7,306,3.0523,-0.2476,1.3904,0.0046,0.0027,0.0,0.0093,0.0,False
7,307,3.0423,-0.9182,0.711,0.0,0.5163,0.0,0.0,0.0,False
7,308,3.0325,-0.4949,1.0857,0.0,2.6958,0.0,0.0,0.0,False
7,309,3.0227,-1.0866,0.6009,0.0,0.2808,0.0,0.0,0.0,False
7,310,3.0129,-2.3635,0.1676,0.0,2.6739,0.0,0.0,0.0,False
7,311,3.0032,-2.7751,0.111,0.0,2.1789,0.0,0.0,0.0,False
7,312,2.9936,-0.1798,1.4879,0.0,4.574,0.0,0.0,0.0,False
7,313,2.984,-0.1045,1.6044,0.0023,1.0918,0.0,0.0046,0.0,False
7,314,2.9745,1.2927,6.4875,0.8924,1.7671,0.9744,0.8565,0.9021,False
7,315,2.9651,0.2578,2.3049,0.016,0.6323,0.0,0.0185,0.021,False
7,316,2.9557,0.6317,3.3499,0.0366,1.2478,0.0128,0.037,0.049,False
7,317,2.9464,-2.1947,0.1984,0.0,0.8616,0.0,0.0,0.0,False
7,318,2.9371,-2.1624,0.2049,0.0,1.2482,0.0,0.0,0.0,False
7,319,2.9279,0.5853,3.1979,0.103,0.6574,0.0,0.1852,0.035,False
7,320,2.9188,-0.8208,0.7838,0.0,0.2929,0.0,0.0,0.0,False
7,321,2.9097,-0.9995,0.6556,0.0,0.6616,0.0,0.0,0.0,False
7,322,2.9006,-0.2721,1.3568,0.0,0.0971,0.0,0.0,0.0,False
7,323,2.8916,0.8452,4.1472,0.1991,0.0492,0.1795,0.2222,0.1748,False
7,324,2.8827,-1.9396,0.256,0.0,0.5748,0.0,0.0,0.0,False
7,325,2.8738,-0.3097,1.3067,0.0,0.5133,0.0,0.0,0.0,False
7,326,2.865,1.444,7.5471,0.9497,0.0655,1.0,0.9491,0.9231,True
7,327,2.8563,0.1618,2.0938,0.0,0.6053,0.0,0.0,0.0,False
7,328,2.8476,-0.483,1.0988,0.0,0.5096,0.0,0.0,0.0,False
7,329,2.8389,0.0841,1.9374,0.0023,0.427,0.0,0.0046,0.0,False
7,330,2.8303,-0.1896,1.4735,0.0,0.8583,0.0,0.0,0.0,False
7,331,2.8218,-1.2505,0.5101,0.0,1.4768,0.0,0.0,0.0,False
7,332,2.8133,0.5696,3.1483,0.016,0.217,0.0,0.0278,0.007,False
7,333,2.8048,-1.9975,0.2416,0.0,0.398,0.0,0.0,0.0,False
7,334,2.7964,-0.3257,1.2859,0.0,0.2368,0.0,0.0,0.0,False
7,335,2.7881,-0.557,1.0204,0.0,0.8352,0.0,0.0,0.0,False
7,336,2.7798,-0.0006,1.7801,0.0,0.2079,0.0,0.0,0.0,False
7,337,2.7715,0.4586,2.8175,0.0412,0.5183,0.0,0.0509,0.049,False
7,338,2.7633,1.5205,8.1475,0.9657,1.3246,0.9872,0.9398,0.993,True
7,339,2.7552,0.5405,3.0579,0.016,0.3103,0.0256,0.0093,0.021,False
7,340,2.7471,-1.8186,0.289,0.0,1.5256,0.0,0.0,0.0,False
7,341,2.739,-2.6043,0.1317,0.0,1.6349,0.0,0.0,0.0,False
7,342,2.731,-0.8387,0.7699,0.0,0.0526,0.0,0.0,0.0,False
7,343,2.723,0.4669,2.8408,0.016,0.3514,0.0,0.0324,0.0,False
7,344,2.7151,-0.1985,1.4604,0.0,0.8582,0.0,0.0,0.0,False
7,345,2.7072,0.4484,2.7887,0.0046,2.0956,0.0,0.0093,0.0,False
7,346,2.6994,-0.9512,0.688,0.0,1.7689,0.0,0.0,0.0,False
7,347,2.6916,-1.7492,0.3098,0.0,0.2304,0.0,0.0,0.0,False
7,348,2.6839,-1.6866,0.3298,0.0,2.4484,0.0,0.0,0.0,False
7,349,2.6762,1.0204,4.9411,0.4371,0.3522,0.4103,0.463,0.4126,False
7,350,2.6686,-0.3653,1.236,0.0,0.1802,0.0,0.0,0.0,False
7,351,2.661,0.1569,2.0837,0.0,4.9162,0.0,0.0,0.0,False
7,352,2.6534,-1.8532,0.2792,0.0,0.2254,0.0,0.0,0.0,False
7,353,2.6459,-1.2108,0.5307,0.0,2.2332,0.0,0.0,0.0,False
7,354,2.6384,-0.4354,1.1523,0.0,0.0759,0.0,0.0,0.0,False
7,355,2.631,0.3328,2.4842,0.0023,0.8169,0.0,0.0,0.007,False
7,356,2.6236,-0.623,0.9553,0.0,0.1971,0.0,0.0,0.0,False
7,357,2.6162,-0.6769,0.9051,0.0,0.1717,0.0,0.0,0.0,False
7,358,2.6089,-0.5842,0.993,0.0,1.4576,0.0,0.0,0.0,False
7,359,2.6017,-0.4851,1.0965,0.0,0.9284,0.0,0.0,0.0,False
7,360,2.5944,-0.7381,0.8514,0.0,1.9579,0.0,0.0,0.0,False
7,361,2.5873,-1.818,0.2892,0.0,0.2607,0.0,0.0,0.0,False
7,362,2.5801,-1.4912,0.4009,0.0,0.2904,0.0,0.0,0.0,False
7,363,2.573,0.1745,2.1207,0.0069,1.6084,0.0,0.0139,0.0,False
7,364,2.5659,-0.5622,1.0152,0.0,1.8403,0.0,0.0,0.0,False
7,365,2.5589,-0.1516,1.5305,0.0,4.3286,0.0,0.0,0.0,False
7,366,2.5519,0.0613,1.8937,0.0,0.7008,0.0,0.0,0.0,False
7,367,2.545,-1.1107,0.5865,0.0,0.2154,0.0,0.0,0.0,False
7,368,2.538,-1.2042,0.5342,0.0,0.0941,0.0,0.0,0.0,False
7,369,2.5312,-0.8235,0.7817,0.0,1.328,0.0,0.0,0.0,False
7,370,2.5243,0.9797,4.744,0.3112,0.1095,0.2436,0.3611,0.2727,False
7,371,2.5175,-0.1869,1.4775,0.0,1.258,0.0,0.0,0.0,False
7,372,2.5108,0.7916,3.9306,0.1007,0.3026,0.0897,0.0972,0.1119,False
7,373,2.504,-2.3922,0.1628,0.0,0.3817,0.0,0.0,0.0,False
7,374,2.4973,0.3984,2.6528,0.0183,0.0614,0.0128,0.0324,0.0,False
7,375,2.4907,-0.0251,1.7369,0.0,0.2711,0.0,0.0,0.0,False
7,376,2.484,0.1562,2.0823,0.0023,0.8142,0.0,0.0046,0.0,False
7,377,2.4775,-1.7918,0.2968,0.0,1.6742,0.0,0.0,0.0,False
7,378,2.4709,-3.3691,0.0613,0.0,0.8688,0.0,0.0,0.0,False
7,379,2.4644,0.9473,4.5931,0.3661,3.5518,0.2436,0.3889,0.3986,False
7,380,2.4579,-2.0175,0.2369,0.0,0.4184,0.0,0.0,0.0,False
7,381,2.4514,-0.8466,0.7638,0.0,3.5492,0.0,0.0,0.0,False
7,382,2.445,-0.4684,1.1149,0.0,1.6175,0.0,0.0,0.0,False
7,383,2.4386,0.2947,2.3914,0.0046,2.7151,0.0,0.0093,0.0,False
7,384,2.4323,-0.314,1.3011,0.0,0.5325,0.0,0.0,0.0,False
7,385,2.426,-0.8026,0.7982,0.0,0.5434,0.0,0.0,0.0,False
7,386,2.4197,0.2721,2.3381,0.0,0.7078,0.0,0.0,0.0,False
7,387,2.4134,0.5078,2.9596,0.0275,2.4513,0.0128,0.0417,0.014,False
7,388,2.4072,-0.4402,1.1469,0.0,0.0995,0.0,0.0,0.0,False
7,389,2.401,-0.8983,0.7253,0.0,0.1636,0.0,0.0,0.0,False
7,390,2.3949,-0.0382,1.7143,0.0,2.5393,0.0,0.0,0.0,False
7,391,2.3887,-1.7172,0.3198,0.0,0.0743,0.0,0.0,0.0,False
7,392,2.3827,-0.0338,1.7219,0.0,1.0354,0.0,0.0,0.0,False
7,393,2.3766,-0.8087,0.7933,0.0,0.9146,0.0,0.0,0.0,False
7,394,2.3706,0.1711,2.1135,0.0,1.2054,0.0,0.0,0.0,False
7,395,2.3646,-0.5645,1.0128,0.0,1.1189,0.0,0.0,0.0,False
7,396,2.3586,0.2443,2.2739,0.0,0.5216,0.0,0.0,0.0,False
7,397,2.3526,-0.7118,0.8741,0.0,0.0529,0.0,0.0,0.0,False
7,398,2.3467,-0.903,0.722,0.0,2.2401,0.0,0.0,0.0,False
7,399,2.3409,0.0576,1.8866,0.0,0.4765,0.0,0.0,0.0,False
7,400,2.335,-1.883,0.271,0.0,0.0727,0.0,0.0,0.0,False
7,401,2.3292,-0.1786,1.4898,0.0,0.9624,0.0,0.0,0.0,False
7,402,2.3234,0.1122,1.9925,0.0,1.648,0.0,0.0,0.0,False
7,403,2.3176,-2.2768,0.1828,0.0,0.58,0.0,0.0,0.0,False
7,404,2.3119,-3.0912,0.0809,0.0,0.2573,0.0,0.0,0.0,False
7,405,2.3062,1.1716,5.7477,0.6842,1.4868,0.859,0.6157,0.6923,False
7,406,2.3005,-1.6127,0.3551,0.0,1.4897,0.0,0.0,0.0,False
7,407,2.2948,-2.8002,0.1083,0.0,0.3588,0.0,0.0,0.0,False
7,408,2.2892,-0.6243,0.954,0.0,0.0119,0.0,0.0,0.0,False
7,409,2.2836,0.0814,1.9321,0.0069,1.1539,0.0128,0.0093,0.0,False
7,410,2.278,0.3199,2.4526,0.0023,0.6306,0.0,0.0046,0.0,False
7,411,2.2725,-0.5742,1.003,0.0,1.1654,0.0,0.0,0.0,False
7,412,2.267,0.7394,3.7306,0.0595,8.862,0.0256,0.0602,0.0769,False
7,413,2.2615,0.7459,3.7551,0.0801,0.3635,0.0897,0.0741,0.0839,False
7,414,2.256,-2.3838,0.1642,0.0,0.4888,0.0,0.0,0.0,False
7,415,2.2506,0.9218,4.4773,0.2105,1.0867,0.2692,0.1852,0.2168,False
7,416,2.2452,-2.0037,0.2402,0.0,1.597,0.0,0.0,0.0,False
7,417,2.2398,-1.5705,0.3704,0.0,0.5971,0.0,0.0,0.0,False
7,418,2.2344,-2.9171,0.0963,0.0,0.5319,0.0,0.0,0.0,False
7,419,2.2291,0.5374,3.0483,0.0229,0.2079,0.0,0.0417,0.007,False
7,420,2.2238,-1.0111,0.648,0.0,3.7964,0.0,0.0,0.0,False
7,421,2.2185,-0.6546,0.9255,0.0,1.54,0.0,0.0,0.0,False
7,422,2.2133,-0.5935,0.9839,0.0,0.0727,0.0,0.0,0.0,False
7,423,2.208,0.5797,3.1802,0.0092,0.5308,0.0,0.0093,0.014,False
7,424,2.2028,-0.0274,1.7329,0.0,2.4771,0.0,0.0,0.0,False
7,425,2.1976,-1.6212,0.352,0.0,3.4954,0.0,0.0,0.0,False
7,426,2.1925,-1.422,0.4296,0.0,0.7596,0.0,0.0,0.0,False
7,427,2.1874,-0.922,0.7084,0.0,0.0429,0.0,0.0,0.0,False
7,428,2.1822,0.765,3.8273,0.0847,1.066,0.0385,0.0787,0.1189,False
7,429,2.1772,-0.6097,0.968,0.0,1.3251,0.0,0.0,0.0,False
7,430,2.1721,-0.8577,0.7554,0.0,0.366,0.0,0.0,0.0,False
7,431,2.1671,-0.5965,0.9809,0.0,0.5832,0.0,0.0,0.0,False
7,432,2.162,-1.0302,0.6357,0.0,1.9587,0.0,0.0,0.0,False
7,433,2.157,-0.1431,1.5435,0.0,0.8449,0.0,0.0,0.0,False
7,434,2.1521,-2.4168,0.1589,0.0,0.718,0.0,0.0,0.0,False
7,435,2.1471,0.1665,2.1037,0.0,0.8191,0.0,0.0,0.0,False
7,436,2.1422,-0.5936,0.9838,0.0,0.8013,0.0,0.0,0.0,False
7,437,2.1373,-0.0992,1.6129,0.0,1.5522,0.0,0.0,0.0,False
7,438,2.1324,-0.8629,0.7515,0.0,0.0513,0.0,0.0,0.0,False
7,439,2.1276,1.2484,6.2066,0.7643,0.4055,0.859,0.7176,0.7832,False
7,440,2.1227,-2.6111,0.1308,0.0,0.1236,0.0,0.0,0.0,False
7,441,2.1179,0.3522,2.5331,0.0069,2.9537,0.0,0.0139,0.0,False
7,442,2.1131,1.1577,5.6687,0.6339,1.4484,0.6923,0.6111,0.6364,False
7,443,2.1084,0.1413,2.0513,0.0046,0.4499,0.0,0.0046,0.007,False
7,444,2.1036,-0.8081,0.7938,0.0,0.2526,0.0,0.0,0.0,False
7,445,2.0989,-0.5181,1.0609,0.0,0.7172,0.0,0.0,0.0,False
7,446,2.0942,0.9287,4.5085,0.2197,2.8773,0.2051,0.2315,0.2098,False
7,447,2.0895,1.1436,5.5891,0.5995,1.9377,0.7436,0.5278,0.6294,False
7,448,2.0848,-2.0009,0.2408,0.0,1.8295,0.0,0.0,0.0,False
7,449,2.0802,-1.0961,0.5952,0.0,0.7662,0.0,0.0,0.0,False
7,450,2.0756,-1.4277,0.4272,0.0,0.787,0.0,0.0,0.0,False
7,451,2.071,1.3163,6.6428,0.8375,0.0161,0.9359,0.787,0.8601,False
7,452,2.0664,-1.6083,0.3566,0.0,1.1236,0.0,0.0,0.0,False
7,453,2.0618,-0.2037,1.4529,0.0,1.7057,0.0,0.0,0.0,False
7,454,2.0573,0.0927,1.9541,0.0,0.3314,0.0,0.0,0.0,False
7,455,2.0527,0.0809,1.9311,0.0046,3.4732,0.0,0.0046,0.007,False
7,456,2.0482,1.2463,6.1935,0.7963,1.6152,0.8462,0.75,0.8392,False
7,457,2.0438,-1.8009,0.2942,0.0,0.0994,0.0,0.0,0.0,False
7,458,2.0393,-0.3878,1.2086,0.0,1.8876,0.0,0.0,0.0,False
7,459,2.0349,-0.3033,1.3151,0.0,0.4054,0.0,0.0,0.0,False
7,460,2.0304,-1.0518,0.6222,0.0,4.0559,0.0,0.0,0.0,False
7,461,2.026,1.0843,5.267,0.5103,0.4257,0.5128,0.4583,0.5874,False
7,462,2.0216,0.025,1.8262,0.0,1.4938,0.0,0.0,0.0,False
7,463,2.0173,0.3657,2.5675,0.0183,0.0221,0.0,0.037,0.0,False
7,464,2.0129,-0.481,1.101,0.0,3.4487,0.0,0.0,0.0,False
7,465,2.0086,-0.4472,1.1388,0.0,1.4117,0.0,0.0,0.0,False
7,466,2.0043,-2.1731,0.2027,0.0,3.5066,0.0,0.0,0.0,False
7,467,2.0,1.0419,5.0485,0.5446,4.1492,0.5256,0.5463,0.5524,False
8,1,706.0,0.7411,3.737,0.4439,2.0745,0.2692,0.4861,0.4755,False
8,2,353.0,-0.1387,1.5504,0.0114,2.171,0.0128,0.0093,0.014,False
8,3,235.3333,0.5527,3.0954,0.2151,1.689,0.0256,0.2269,0.3007,False
8,4,176.5,-1.7028,0.3245,0.0137,3.7681,0.0,0.0046,0.035,False
8,5,141.2,0.3411,2.5051,0.0,3.1336,0.0,0.0,0.0,False
8,6,117.6667,-0.1515,1.5307,0.0,3.8206,0.0,0.0,0.0,False
8,7,100.8571,-2.4478,0.154,0.0,0.5849,0.0,0.0,0.0,False
8,8,88.25,0.6427,3.3871,0.0023,0.3888,0.0,0.0046,0.0,False
8,9,78.4444,0.9158,4.4505,0.1693,0.6065,0.141,0.1898,0.1538,False
8,10,70.6,-0.1709,1.5013,0.0,0.7925,0.0,0.0,0.0,False
8,11,64.1818,-2.5026,0.1458,0.0,2.8156,0.0,0.0,0.0,False
8,12,58.8333,0.1078,1.9838,0.0,0.5136,0.0,0.0,0.0,False
8,13,54.3077,-0.7272,0.8607,0.0,0.7806,0.0,0.0,0.0,False
8,14,50.4286,-0.3282,1.2827,0.0,0.341,0.0,0.0,0.0,False
8,15,47.0667,0.0401,1.8539,0.0,0.2836,0.0,0.0,0.0,False
8,16,44.125,0.091,1.9508,0.0,1.069,0.0,0.0,0.0,False
8,17,41.5294,-0.0118,1.7602,0.0,1.2611,0.0,0.0,0.0,False
8,18,39.2222,-0.2971,1.3233,0.0,0.5352,0.0,0.0,0.0,False
8,19,37.1579,-2.9426,0.0939,0.0,0.9506,0.0,0.0,0.0,False
8,20,35.3,0.7621,3.8164,0.0297,0.7546,0.0128,0.0417,0.021,False
8,21,33.619,-0.1674,1.5066,0.0,0.0132,0.0,0.0,0.0,False
8,22,32.0909,0.9159,4.4511,0.2243,0.0913,0.1923,0.2407,0.2168,False
8,23,30.6957,0.7578,3.8,0.0412,0.5473,0.0641,0.0278,0.049,False
8,24,29.4167,-0.1664,1.508,0.0,0.2909,0.0,0.0,0.0,False
8,25,28.24,-0.5627,1.0146,0.0,0.7368,0.0,0.0,0.0,False
8,26,27.1538,-0.6095,0.9682,0.0,0.1402,0.0,0.0,0.0,False
8,27,26.1481,-0.7309,0.8575,0.0,0.2005,0.0,0.0,0.0,False
8,28,25.2143,-0.0163,1.7523,0.0,1.4116,0.0,0.0,0.0,False
8,29,24.3448,0.0272,1.8302,0.0,0.3858,0.0,0.0,0.0,False
8,30,23.5333,0.5427,3.0646,0.0114,0.2209,0.0,0.0139,0.014,False
8,31,22.7742,-2.1005,0.218,0.0,0.0209,0.0,0.0,0.0,False
8,32,22.0625,-0.3176,1.2964,0.0,0.0544,0.0,0.0,0.0,False
8,33,21.3939,-0.2936,1.328,0.0,0.0652,0.0,0.0,0.0,False
8,34,20.7647,-1.0201,0.6422,0.0,0.2802,0.0,0.0,0.0,False
8,35,20.1714,-0.5387,1.0393,0.0,2.3837,0.0,0.0,0.0,False
8,36,19.6111,-0.9009,0.7235,0.0,0.8545,0.0,0.0,0.0,False
8,37,19.0811,-1.4733,0.4082,0.0,1.4018,0.0,0.0,0.0,False
8,38,18.5789,-0.7774,0.8186,0.0,0.3354,0.0,0.0,0.0,False
8,39,18.1026,-2.1549,0.2065,0.0,0.5676,0.0,0.0,0.0,False
8,40,17.65,-0.4096,1.1825,0.0,0.0684,0.0,0.0,0.0,False
8,41,17.2195,-2.9494,0.0933,0.0,0.2115,0.0,0.0,0.0,False
8,42,16.8095,-0.8795,0.7391,0.0,1.1969,0.0,0.0,0.0,False
8,43,16.4186,-1.7167,0.32,0.0,0.4763,0.0,0.0,0.0,False
8,44,16.0455,-1.9532,0.2526,0.0,0.8173,0.0,0.0,0.0,False
8,45,15.6889,-1.5179,0.3903,0.0,2.8437,0.0,0.0,0.0,False
8,46,15.3478,-0.3538,1.2504,0.0,1.3271,0.0,0.0,0.0,False
8,47,15.0213,-1.7048,0.3238,0.0,0.101,0.0,0.0,0.0,False
8,48,14.7083,-0.4705,1.1127,0.0,0.8469,0.0,0.0,0.0,False
8,49,14.4082,1.1758,5.7719,0.6568,0.0217,0.8077,0.6111,0.6434,False
8,50,14.12,-1.9843,0.2449,0.0,0.3987,0.0,0.0,0.0,False
8,51,13.8431,-1.0569,0.619,0.0,0.141,0.0,0.0,0.0,False
8,52,13.5769,-2.3695,0.1666,0.0,0.8224,0.0,0.0,0.0,False
8,53,13.3208,-2.5529,0.1387,0.0,1.7484,0.0,0.0,0.0,False
8,54,13.0741,-1.404,0.4375,0.0,0.5463,0.0,0.0,0.0,False
8,55,12.8364,-1.7558,0.3077,0.0,0.1224,0.0,0.0,0.0,False
8,56,12.6071,-3.2412,0.0697,0.0,1.1883,0.0,0.0,0.0,False
8,57,12.386,-2.7195,0.1174,0.0,0.7738,0.0,0.0,0.0,False
8,58,12.1724,-2.6566,0.125,0.0,1.1387,0.0,0.0,0.0,False
8,59,11.9661,-0.7797,0.8167,0.0,0.9534,0.0,0.0,0.0,False
8,60,11.7667,-0.4456,1.1407,0.0,0.0491,0.0,0.0,0.0,False
8,61,11.5738,-2.4804,0.1491,0.0,0.3459,0.0,0.0,0.0,False
8,62,11.3871,0.4556,2.8089,0.0023,0.3402,0.0,0.0,0.007,False
8,63,11.2063,0.6647,3.4623,0.016,0.0239,0.0,0.0278,0.007,False
8,64,11.0312,-0.1951,1.4654,0.0,3.3618,0.0,0.0,0.0,False
8,65,10.8615,0.7375,3.7238,0.0252,0.2897,0.0128,0.0231,0.035,False
8,66,10.697,0.6662,3.4673,0.0183,1.3609,0.0256,0.0139,0.021,False
8,67,10.5373,0.7626,3.8184,0.0686,0.0526,0.0641,0.0509,0.0979,False
8,68,10.3824,-2.6031,0.1319,0.0,0.2635,0.0,0.0,0.0,False
8,69,10.2319,-0.9225,0.708,0.0,0.3009,0.0,0.0,0.0,False
8,70,10.0857,-3.2538,0.0688,0.0,0.003,0.0,0.0,0.0,False
8,71,9.9437,-0.5395,1.0385,0.0,0.8776,0.0,0.0,0.0,False
8,72,9.8056,-0.0493,1.6954,0.0,0.0582,0.0,0.0,0.0,False
8,73,9.6712,-0.5211,1.0577,0.0,2.5148,0.0,0.0,0.0,False
8,74,9.5405,0.2045,2.1852,0.0,1.8318,0.0,0.0,0.0,False
8,75,9.4133,-3.3148,0.0647,0.0,0.2207,0.0,0.0,0.0,False
8,76,9.2895,0.1202,2.0086,0.0,0.117,0.0,0.0,0.0,False
8,77,9.1688,-0.804,0.7971,0.0,1.4335,0.0,0.0,0.0,False
8,78,9.0513,-0.5001,1.0801,0.0,0.2941,0.0,0.0,0.0,False
8,79,8.9367,-1.1119,0.5859,0.0,0.9839,0.0,0.0,0.0,False
8,80,8.825,0.2989,2.4016,0.0114,0.4551,0.0128,0.0139,0.007,False
8,81,8.716,1.1087,5.3976,0.5172,0.9309,0.5513,0.463,0.5804,False
8,82,8.6098,1.1927,5.8705,0.7346,1.7978,0.8718,0.6852,0.7343,False
8,83,8.506,-2.8836,0.0996,0.0,1.6248,0.0,0.0,0.0,False
8,84,8.4048,-0.9967,0.6574,0.0,0.9491,0.0,0.0,0.0,False
8,85,8.3059,1.4563,7.6408,0.9817,0.0717,1.0,0.9815,0.972,True
8,86,8.2093,-0.2772,1.3499,0.0,2.3976,0.0,0.0,0.0,False
8,87,8.1149,-2.0677,0.2253,0.0,0.2535,0.0,0.0,0.0,False
8,88,8.0227,0.9536,4.6222,0.2494,1.8365,0.2179,0.2824,0.2168,False
8,89,7.9326,-3.6002,0.0487,0.0,0.2589,0.0,0.0,0.0,False
8,90,7.8444,-1.3439,0.4646,0.0,0.6422,0.0,0.0,0.0,False
8,91,7.7582,-0.1589,1.5195,0.0,0.0711,0.0,0.0,0.0,False
8,92,7.6739,-1.6428,0.3445,0.0,0.1357,0.0,0.0,0.0,False
8,93,7.5914,0.8882,4.3293,0.1304,0.8736,0.1538,0.1111,0.1469,False
8,94,7.5106,0.3846,2.6165,0.0,0.4213,0.0,0.0,0.0,False
8,95,7.4316,-0.5187,1.0603,0.0,1.0207,0.0,0.0,0.0,False
8,96,7.3542,-0.7596,0.8333,0.0,2.5401,0.0,0.0,0.0,False
8,97,7.2784,-0.6686,0.9126,0.0,0.1404,0.0,0.0,0.0,False
8,98,7.2041,-1.3402,0.4663,0.0,0.99,0.0,0.0,0.0,False
8,99,7.1313,-0.5925,0.9849,0.0,1.2186,0.0,0.0,0.0,False
8,100,7.06,-0.4926,1.0883,0.0,0.8583,0.0,0.0,0.0,False
8,101,6.9901,-1.0746,0.6081,0.0,1.4395,0.0,0.0,0.0,False
8,102,6.9216,0.1706,2.1125,0.0,0.1696,0.0,0.0,0.0,False
8,103,6.8544,0.6419,3.3843,0.0481,0.119,0.0,0.0833,0.021,False
8,104,6.7885,-2.618,0.1299,0.0,0.7666,0.0,0.0,0.0,False
8,105,6.7238,-0.2573,1.377,0.0,0.0238,0.0,0.0,0.0,False
8,106,6.6604,-1.3128,0.4792,0.0,0.2614,0.0,0.0,0.0,False
8,107,6.5981,-0.145,1.5406,0.0,0.5324,0.0,0.0,0.0,False
8,108,6.537,-0.6771,0.905,0.0,0.1821,0.0,0.0,0.0,False
8,109,6.4771,0.075,1.9198,0.0,2.0819,0.0,0.0,0.0,False
8,110,6.4182,-0.5362,1.0419,0.0,2.5654,0.0,0.0,0.0,False
8,111,6.3604,0.1804,2.1332,0.0023,0.2823,0.0,0.0,0.007,False
8,112,6.3036,-1.6125,0.3551,0.0,0.2286,0.0,0.0,0.0,False
8,113,6.2478,-3.3412,0.063,0.0,0.6918,0.0,0.0,0.0,False
8,114,6.193,-0.2433,1.3965,0.0,1.2543,0.0,0.0,0.0,False
8,115,6.1391,0.7281,3.689,0.0503,2.0703,0.0769,0.0556,0.028,False
8,116,6.0862,-3.2421,0.0696,0.0,0.0228,0.0,0.0,0.0,False
8,117,6.0342,-0.3985,1.1956,0.0,1.6195,0.0,0.0,0.0,False
8,118,5.9831,0.2672,2.3266,0.0069,0.6155,0.0,0.0139,0.0,False
8,119,5.9328,-1.425,0.4284,0.0,0.0814,0.0,0.0,0.0,False
8,120,5.8833,-1.5778,0.3677,0.0,0.0681,0.0,0.0,0.0,False
8,121,5.8347,-1.3373,0.4676,0.0,1.1645,0.0,0.0,0.0,False
8,122,5.7869,0.5578,3.1113,0.0,0.2144,0.0,0.0,0.0,False
8,123,5.7398,-0.0476,1.6983,0.0,0.505,0.0,0.0,0.0,False
8,124,5.6935,-0.3824,1.2151,0.0,0.0166,0.0,0.0,0.0,False
8,125,5.648,-1.0344,0.6331,0.0,0.0138,0.0,0.0,0.0,False
8,126,5.6032,-1.9793,0.2461,0.0,0.3514,0.0,0.0,0.0,False
8,127,5.5591,-0.7392,0.8504,0.0,0.4525,0.0,0.0,0.0,False
8,128,5.5156,-2.3818,0.1645,0.0,0.7829,0.0,0.0,0.0,False
8,129,5.4729,-0.9369,0.6979,0.0,0.1674,0.0,0.0,0.0,False
8,130,5.4308,0.1389,2.0465,0.0,0.9481,0.0,0.0,0.0,False
8,131,5.3893,-1.1025,0.5914,0.0,2.7358,0.0,0.0,0.0,False
8,132,5.3485,0.0655,1.9016,0.016,0.8639,0.0,0.0278,0.007,False
8,133,5.3083,0.485,2.8927,0.0023,0.7542,0.0,0.0046,0.0,False
8,134,5.2687,0.4871,2.899,0.0069,0.0756,0.0,0.0093,0.007,False
8,135,5.2296,-1.21,0.5311,0.0,0.7437,0.0,0.0,0.0,False
8,136,5.1912,-0.6492,0.9306,0.0,0.0551,0.0,0.0,0.0,False
8,137,5.1533,-0.8327,0.7745,0.0023,1.0172,0.0,0.0,0.007,False
8,138,5.1159,-1.2471,0.5118,0.0,2.9221,0.0,0.0,0.0,False
8,139,5.0791,-0.9095,0.7173,0.0,1.7501,0.0,0.0,0.0,False
8,140,5.0429,-2.5242,0.1427,0.0,1.0505,0.0,0.0,0.0,False
8,141,5.0071,-0.4265,1.1627,0.0,1.7952,0.0,0.0,0.0,False
8,142,4.9718,-0.6769,0.9051,0.0,1.3078,0.0,0.0,0.0,False
8,143,4.9371,-0.2989,1.321,0.0,0.0164,0.0,0.0,0.0,False
8,144,4.9028,-2.8677,0.1012,0.0,0.5495,0.0,0.0,0.0,False
8,145,4.869,-0.3073,1.3098,0.0,0.5434,0.0,0.0,0.0,False
8,146,4.8356,0.3989,2.6542,0.0046,1.9939,0.0,0.0,0.014,False
8,147,4.8027,0.742,3.7405,0.0618,2.8947,0.0641,0.0648,0.0559,False
8,148,4.7703,-2.9072,0.0973,0.0,0.2065,0.0,0.0,0.0,False
8,149,4.7383,0.9798,4.7445,0.357,3.0284,0.3333,0.3102,0.4406,False
8,150,4.7067,0.4681,2.8443,0.0,2.9494,0.0,0.0,0.0,False
8,151,4.6755,-1.4175,0.4316,0.0,2.1089,0.0,0.0,0.0,False
8,152,4.6447,-2.9599,0.0923,0.0,0.3996,0.0,0.0,0.0,False
8,153,4.6144,-0.0621,1.6738,0.0,0.0165,0.0,0.0,0.0,False
8,154,4.5844,1.1505,5.628,0.5973,0.0143,0.6795,0.6296,0.5035,False
8,155,4.5548,0.8605,4.2111,0.1487,0.9665,0.1154,0.162,0.1469,False
8,156,4.5256,0.2977,2.3986,0.0,3.5587,0.0,0.0,0.0,False
8,157,4.4968,-0.0972,1.616,0.0,2.207,0.0,0.0,0.0,False
8,158,4.4684,0.47,2.8498,0.0,2.7705,0.0,0.0,0.0,False
8,159,4.4403,-0.3647,1.2368,0.0,1.0253,0.0,0.0,0.0,False
8,160,4.4125,-1.6002,0.3595,0.0,0.7804,0.0,0.0,0.0,False
8,161,4.3851,-2.0853,0.2213,0.0,1.5924,0.0,0.0,0.0,False
8,162,4.358,0.9486,4.599,0.2815,2.4012,0.1923,0.3056,0.2937,False
8,163,4.3313,1.1351,5.542,0.6156,0.3761,0.6923,0.5648,0.6503,False
8,164,4.3049,-1.0075,0.6504,0.0,0.6505,0.0,0.0,0.0,False
8,165,4.2788,-1.1213,0.5804,0.0,1.8906,0.0,0.0,0.0,False
8,166,4.253,-0.4711,1.1119,0.0,0.4958,0.0,0.0,0.0,False
8,167,4.2275,-0.3343,1.275,0.0,0.203,0.0,0.0,0.0,False
8,168,4.2024,-0.6098,0.968,0.0,1.3441,0.0,0.0,0.0,False
8,169,4.1775,-0.3257,1.286,0.0,0.2642,0.0,0.0,0.0,False
8,170,4.1529,-0.5309,1.0474,0.0,3.1099,0.0,0.0,0.0,False
8,171,4.1287,1.1942,5.8795,0.6659,1.2629,0.7051,0.6806,0.6224,False
8,172,4.1047,-0.778,0.8181,0.0,2.5071,0.0,0.0,0.0,False
8,173,4.0809,0.5297,3.025,0.0206,2.5863,0.0,0.037,0.007,False
8,174,4.0575,-0.9465,0.6912,0.0023,1.855,0.0,0.0046,0.0,False
8,175,4.0343,0.0533,1.8786,0.0,0.5362,0.0,0.0,0.0,False
8,176,4.0114,0.4525,2.8004,0.0023,1.3596,0.0,0.0,0.007,False
8,177,3.9887,-0.1761,1.4935,0.0,0.9021,0.0,0.0,0.0,False
8,178,3.9663,-1.6483,0.3426,0.0,0.3494,0.0,0.0,0.0,False
8,179,3.9441,0.0261,1.8281,0.0,0.1391,0.0,0.0,0.0,False
8,180,3.9222,-0.2495,1.3878,0.0,0.7716,0.0,0.0,0.0,False
8,181,3.9006,-0.943,0.6936,0.0,0.2064,0.0,0.0,0.0,False
8,182,3.8791,0.5735,3.1604,0.0435,2.2649,0.0,0.0648,0.035,False
8,183,3.8579,0.0576,1.8866,0.0,0.3012,0.0,0.0,0.0,False
8,184,3.837,0.3689,2.5757,0.0,0.4237,0.0,0.0,0.0,False
8,185,3.8162,1.1139,5.4257,0.5744,2.0505,0.6282,0.5602,0.5664,False
8,186,3.7957,-2.6414,0.1269,0.0,0.3764,0.0,0.0,0.0,False
8,187,3.7754,-1.9387,0.2563,0.0,0.0112,0.0,0.0,0.0,False
8,188,3.7553,-0.4552,1.1297,0.0,0.6826,0.0,0.0,0.0,False
8,189,3.7354,1.1587,5.6742,0.6705,0.116,0.8205,0.6713,0.5874,False
8,190,3.7158,0.4529,2.8015,0.0183,1.1591,0.0,0.0231,0.021,False
8,191,3.6963,-2.6745,0.1228,0.0,1.6435,0.0,0.0,0.0,False
8,192,3.6771,0.34,2.5024,0.0114,0.2116,0.0,0.0139,0.014,False
8,193,3.658,-1.3468,0.4632,0.0,3.2533,0.0,0.0,0.0,False
8,194,3.6392,-2.8543,0.1026,0.0,0.4231,0.0,0.0,0.0,False
8,195,3.6205,0.0303,1.8359,0.0,0.8726,0.0,0.0,0.0,False
8,196,3.602,-0.4574,1.1273,0.0,0.8362,0.0,0.0,0.0,False
8,197,3.5838,1.2206,6.0364,0.7826,0.1132,0.8718,0.7222,0.8252,False
8,198,3.5657,-0.7918,0.8069,0.0,0.2343,0.0,0.0,0.0,False
8,199,3.5477,-0.9667,0.6774,0.0,0.3276,0.0,0.0,0.0,False
8,200,3.53,0.0549,1.8815,0.0,0.7201,0.0,0.0,0.0,False
8,201,3.5124,0.6067,3.2672,0.0046,0.7034,0.0,0.0093,0.0,False
8,202,3.495,-0.4296,1.159,0.0,0.1104,0.0,0.0,0.0,False
8,203,3.4778,-2.4449,0.1545,0.0,0.3829,0.0,0.0,0.0,False
8,204,3.4608,0.3099,2.4282,0.0,1.6194,0.0,0.0,0.0,False
8,205,3.4439,1.0356,5.017,0.3982,1.1438,0.4231,0.3611,0.4406,False
8,206,3.4272,-0.7139,0.8722,0.0,1.1508,0.0,0.0,0.0,False
8,207,3.4106,-0.1927,1.4689,0.0,2.4265,0.0,0.0,0.0,False
8,208,3.3942,-2.7484,0.114,0.0,1.4922,0.0,0.0,0.0,False
8,209,3.378,0.1431,2.055,0.0023,3.2783,0.0,0.0,0.007,False
8,210,3.3619,-1.6132,0.3549,0.0,0.2019,0.0,0.0,0.0,False
8,211,3.346,0.9288,4.5089,0.1739,0.4199,0.1667,0.1991,0.1399,False
8,212,3.3302,-0.2571,1.3773,0.0,0.3665,0.0,0.0,0.0,False
8,213,3.3146,-0.0701,1.6605,0.0,2.7664,0.0,0.0,0.0,False
8,214,3.2991,-0.8065,0.7951,0.0,2.2101,0.0,0.0,0.0,False
8,215,3.2837,-0.367,1.234,0.0,1.9776,0.0,0.0,0.0,False
8,216,3.2685,-0.6171,0.9609,0.0,0.016,0.0,0.0,0.0,False
8,217,3.2535,-2.9765,0.0908,0.0,0.0781,0.0,0.0,0.0,False
8,218,3.2385,-0.1706,1.5017,0.0,0.9686,0.0,0.0,0.0,False
8,219,3.2237,-0.515,1.0641,0.0,0.0718,0.0,0.0,0.0,False
8,220,3.2091,-0.614,0.9639,0.0,0.2443,0.0,0.0,0.0,False
8,221,3.1946,-0.4046,1.1885,0.0,0.5948,0.0,0.0,0.0,False
8,222,3.1802,-1.274,0.4982,0.0,0.923,0.0,0.0,0.0,False
8,223,3.1659,-0.285,1.3393,0.0,1.0275,0.0,0.0,0.0,False
8,224,3.1518,-0.4526,1.1327,0.0,0.3789,0.0,0.0,0.0,False
8,225,3.1378,-3.0331,0.0858,0.0,1.0153,0.0,0.0,0.0,False
8,226,3.1239,-0.8514,0.7602,0.0,1.8718,0.0,0.0,0.0,False
8,227,3.1101,0.1485,2.0662,0.0,0.4775,0.0,0.0,0.0,False
8,228,3.0965,0.1753,2.1223,0.0023,4.0246,0.0,0.0046,0.0,False
8,229,3.083,0.9691,4.694,0.3707,0.0101,0.2692,0.3704,0.4266,False
8,230,3.0696,0.1365,2.0416,0.0,0.6358,0.0,0.0,0.0,False
8,231,3.0563,1.2459,6.1912,0.7941,0.0176,0.8462,0.75,0.8322,False
8,232,3.0431,-0.1229,1.5751,0.0,2.4466,0.0,0.0,0.0,False
8,233,3.03,0.8093,4.001,0.1281,1.0914,0.0769,0.1574,0.1119,False
8,234,3.0171,-1.7681,0.304,0.0,0.2842,0.0,0.0,0.0,False
8,235,3.0043,-2.8694,0.101,0.0,1.9685,0.0,0.0,0.0,False
8,236,2.9915,-1.0161,0.6447,0.0,0.1635,0.0,0.0,0.0,False
8,237,2.9789,-0.2559,1.3789,0.0,0.3843,0.0,0.0,0.0,False
8,238,2.9664,-1.0617,0.616,0.0,0.2306,0.0,0.0,0.0,False
8,239,2.954,0.7168,3.6472,0.0412,0.141,0.0256,0.0417,0.049,False
8,240,2.9417,0.5221,3.0021,0.0252,0.6271,0.0,0.0463,0.007,False
8,241,2.9295,1.3306,6.738,0.9222,0.2769,0.9872,0.875,0.958,True
8,242,2.9174,0.1924,2.159,0.0,0.0955,0.0,0.0,0.0,False
8,243,2.9053,0.9798,4.7446,0.3089,1.9771,0.3718,0.2361,0.3846,False
8,244,2.8934,-1.0347,0.6328,0.0,0.1207,0.0,0.0,0.0,False
8,245,2.8816,-3.3574,0.062,0.0,0.4369,0.0,0.0,0.0,False
8,246,2.8699,0.5718,3.1551,0.0206,0.9056,0.0128,0.0231,0.021,False
8,247,2.8583,-0.167,1.5072,0.0,0.2227,0.0,0.0,0.0,False
8,248,2.8468,1.0888,5.2911,0.5149,0.8784,0.5128,0.5417,0.4755,False
8,249,2.8353,0.6025,3.2536,0.0069,4.0666,0.0128,0.0046,0.007,False
8,250,2.824,0.618,3.3041,0.0137,0.225,0.0,0.0093,0.028,False
8,251,2.8127,0.5192,2.9933,0.0092,3.8103,0.0256,0.0093,0.0,False
8,252,2.8016,-0.0035,1.7749,0.0,1.9661,0.0,0.0,0.0,False
8,253,2.7905,-0.3631,1.2387,0.0,1.0607,0.0,0.0,0.0,False
8,254,2.7795,-1.9539,0.2524,0.0,0.4186,0.0,0.0,0.0,False
8,255,2.7686,-1.5409,0.3815,0.0,1.2977,0.0,0.0,0.0,False
8,256,2.7578,-1.3439,0.4646,0.0,0.7103,0.0,0.0,0.0,False
8,257,2.7471,-0.0457,1.7015,0.0,1.6622,0.0,0.0,0.0,False
8,258,2.7364,-0.6321,0.9465,0.0,1.6759,0.0,0.0,0.0,False
8,259,2.7259,-1.3325,0.4699,0.0,1.9444,0.0,0.0,0.0,False
8,260,2.7154,-1.5526,0.3771,0.0,0.5715,0.0,0.0,0.0,False
8,261,2.705,0.2535,2.2949,0.0,1.2422,0.0,0.0,0.0,False
8,262,2.6947,-0.8828,0.7367,0.0,1.2425,0.0,0.0,0.0,False
8,263,2.6844,-0.2402,1.4008,0.0,1.0563,0.0,0.0,0.0,False
8,264,2.6742,-1.9351,0.2572,0.0,0.5163,0.0,0.0,0.0,False
8,265,2.6642,1.177,5.779,0.6888,0.0761,0.7564,0.6343,0.7343,False
8,266,2.6541,0.2706,2.3346,0.0,0.2958,0.0,0.0,0.0,False
8,267,2.6442,-0.8118,0.7909,0.0,0.2321,0.0,0.0,0.0,False
8,268,2.6343,1.4174,7.3497,0.9565,0.4041,1.0,0.9444,0.951,True
8,269,2.6245,-0.8868,0.7338,0.0,0.2271,0.0,0.0,0.0,False
8,270,2.6148,-0.9834,0.6662,0.0,0.9697,0.0,0.0,0.0,False
8,271,2.6052,-0.1522,1.5295,0.0,0.1261,0.0,0.0,0.0,False
8,272,2.5956,0.5034,2.9465,0.0069,1.0499,0.0,0.0093,0.007,False
8,273,2.5861,-1.9965,0.2419,0.0,0.7673,0.0,0.0,0.0,False
8,274,2.5766,-0.8226,0.7824,0.0,1.8455,0.0,0.0,0.0,False
8,275,2.5673,1.042,5.0491,0.4256,1.6683,0.4872,0.3889,0.4476,False
8,276,2.558,0.6274,3.3356,0.0252,0.9971,0.0256,0.0139,0.042,False
8,277,2.5487,-1.2359,0.5175,0.0,0.4198,0.0,0.0,0.0,False
8,278,2.5396,0.5111,2.9694,0.0092,1.5472,0.0,0.0093,0.014,False
8,279,2.5305,-1.2958,0.4874,0.0,0.5216,0.0,0.0,0.0,False
8,280,2.5214,-0.8001,0.8002,0.0,0.2607,0.0,0.0,0.0,False
8,281,2.5125,-1.1788,0.5479,0.0,3.6589,0.0,0.0,0.0,False
8,282,2.5035,0.6304,3.3455,0.0458,0.438,0.0256,0.0694,0.021,False
8,283,2.4947,0.8183,4.037,0.1579,1.4435,0.1154,0.1944,0.1259,False
8,284,2.4859,-0.4293,1.1594,0.0,2.6778,0.0,0.0,0.0,False
8,285,2.4772,-2.6814,0.1219,0.0,0.8828,0.0,0.0,0.0,False
8,286,2.4685,0.3214,2.4563,0.0,2.3165,0.0,0.0,0.0,False
8,287,2.4599,0.4342,2.7494,0.016,0.2585,0.0,0.0278,0.007,False
8,288,2.4514,-0.7769,0.819,0.0,0.1151,0.0,0.0,0.0,False
8,289,2.4429,-1.3364,0.4681,0.0,2.8052,0.0,0.0,0.0,False
8,290,2.4345,-0.6011,0.9764,0.0,1.1404,0.0,0.0,0.0,False
8,291,2.4261,-1.5519,0.3773,0.0,0.0216,0.0,0.0,0.0,False
8,292,2.4178,-1.2305,0.5203,0.0,1.5234,0.0,0.0,0.0,False
8,293,2.4096,-1.2022,0.5353,0.0,0.3538,0.0,0.0,0.0,False
8,294,2.4014,0.7741,3.8626,0.1007,0.6944,0.0769,0.1157,0.0909,False
8,295,2.3932,-1.8121,0.2909,0.0,0.9395,0.0,0.0,0.0,False
8,296,2.3851,-0.2277,1.4184,0.0,0.069,0.0,0.0,0.0,False
8,297,2.3771,-1.4239,0.4288,0.0,0.189,0.0,0.0,0.0,False
8,298,2.3691,-0.6861,0.8968,0.0,1.0385,0.0,0.0,0.0,False
8,299,2.3612,0.5605,3.1195,0.0549,1.2671,0.0256,0.0556,0.0699,False
8,300,2.3533,-3.0175,0.0871,0.0,0.0132,0.0,0.0,0.0,False
8,301,2.3455,0.0655,1.9016,0.0,0.3731,0.0,0.0,0.0,False
8,302,2.3377,-0.0997,1.612,0.0,2.0725,0.0,0.0,0.0,False
8,303,2.33,0.1104,1.989,0.0,0.1319,0.0,0.0,0.0,False
8,304,2.3224,-0.7604,0.8326,0.0,4.0396,0.0,0.0,0.0,False
8,305,2.3148,0.0245,1.8252,0.0023,0.045,0.0,0.0046,0.0,False
8,306,2.3072,-1.4565,0.4151,0.0,1.8321,0.0,0.0,0.0,False
8,307,2.2997,-0.4164,1.1745,0.0,1.1839,0.0,0.0,0.0,False
8,308,2.2922,0.0596,1.8904,0.0023,0.0933,0.0,0.0046,0.0,False
8,309,2.2848,-1.6316,0.3484,0.0,0.6196,0.0,0.0,0.0,False
8,310,2.2774,-1.1288,0.576,0.0,4.1399,0.0,0.0,0.0,False
8,311,2.2701,0.7731,3.8588,0.0824,1.635,0.0897,0.0926,0.0629,False
8,312,2.2628,-2.4233,0.1579,0.0,0.5918,0.0,0.0,0.0,False
8,313,2.2556,0.3601,2.553,0.0,3.5918,0.0,0.0,0.0,False
8,314,2.2484,-2.5277,0.1422,0.0,0.159,0.0,0.0,0.0,False
8,315,2.2413,-2.8143,0.1068,0.0,0.2188,0.0,0.0,0.0,False
8,316,2.2342,-1.8518,0.2795,0.0,0.5275,0.0,0.0,0.0,False
8,317,2.2271,-2.2455,0.1886,0.0,0.8957,0.0,0.0,0.0,False
8,318,2.2201,0.2632,2.3173,0.0,0.8525,0.0,0.0,0.0,False
8,319,2.2132,0.4853,2.8937,0.0023,0.0573,0.0,0.0,0.007,False
8,320,2.2062,0.7508,3.7736,0.0412,0.0423,0.0385,0.0463,0.035,False
8,321,2.1994,-2.3809,0.1647,0.0,1.4994,0.0,0.0,0.0,False
8,322,2.1925,-1.9149,0.2625,0.0,1.0669,0.0,0.0,0.0,False
8,323,2.1858,-1.7131,0.3211,0.0,0.4645,0.0,0.0,0.0,False
8,324,2.179,-1.9187,0.2615,0.0,0.7932,0.0,0.0,0.0,False
8,325,2.1723,0.0445,1.8622,0.0,0.748,0.0,0.0,0.0,False
8,326,2.1656,1.4486,7.5824,0.9908,1.5468,1.0,0.9861,0.993,True
8,327,2.159,-0.0171,1.7508,0.0,0.6582,0.0,0.0,0.0,False
8,328,2.1524,-1.8676,0.2752,0.0,1.0003,0.0,0.0,0.0,False
8,329,2.1459,0.1513,2.0719,0.0,1.4137,0.0,0.0,0.0,False
8,330,2.1394,-0.6517,0.9282,0.0,0.1719,0.0,0.0,0.0,False
8,331,2.1329,-1.9731,0.2476,0.0,0.5326,0.0,0.0,0.0,False
8,332,2.1265,1.2198,6.0317,0.7254,0.221,0.8205,0.6852,0.7343,False
8,333,2.1201,-1.2651,0.5026,0.0046,1.8206,0.0,0.0093,0.0,False
8,334,2.1138,1.278,6.3933,0.849,1.148,0.9359,0.8056,0.8671,False
8,335,2.1075,0.6356,3.3628,0.0092,0.2704,0.0128,0.0093,0.007,False
8,336,2.1012,0.514,2.9778,0.0137,0.0109,0.0,0.0231,0.007,False
8,337,2.095,-1.2665,0.502,0.0,4.5497,0.0,0.0,0.0,False
8,338,2.0888,-0.562,1.0154,0.0,0.4751,0.0,0.0,0.0,False
8,339,2.0826,-0.7575,0.835,0.0,2.0951,0.0,0.0,0.0,False
8,340,2.0765,-0.15,1.533,0.0,1.4107,0.0,0.0,0.0,False
8,341,2.0704,0.083,1.9351,0.0023,0.2598,0.0,0.0046,0.0,False
8,342,2.0643,-0.4901,1.0911,0.0,2.0628,0.0,0.0,0.0,False
8,343,2.0583,-0.9489,0.6896,0.0,0.5331,0.0,0.0,0.0,False
8,344,2.0523,1.6208,9.0071,0.984,0.3203,0.9872,0.9722,1.0,True
8,345,2.0464,-2.6429,0.1267,0.0,1.5845,0.0,0.0,0.0,False
8,346,2.0405,-1.7503,0.3094,0.0,0.5355,0.0,0.0,0.0,False
8,347,2.0346,0.5296,3.0246,0.0046,7.3822,0.0,0.0046,0.007,False
8,348,2.0287,-3.0473,0.0846,0.0,0.1194,0.0,0.0,0.0,False
8,349,2.0229,0.8283,4.0775,0.1167,1.1822,0.0513,0.1528,0.0979,False
8,350,2.0171,-2.7279,0.1164,0.0,0.1738,0.0,0.0,0.0,False
8,351,2.0114,-3.0121,0.0876,0.0,1.6003,0.0,0.0,0.0,False
8,352,2.0057,-0.9246,0.7065,0.0,0.7486,0.0,0.0,0.0,False
8,353,2.0,-0.9378,0.6973,0.0,0.0091,0.0,0.0,0.0,False
9,1,775.0,0.2855,2.3696,0.0297,0.4988,0.0,0.0231,0.0559,False
9,2,387.5,0.8121,4.0119,0.1785,0.1705,0.141,0.2407,0.1049,False
9,3,258.3333,-2.459,0.1523,0.0,0.598,0.0,0.0,0.0,False
9,4,193.75,1.422,7.3833,0.8627,0.1602,0.9872,0.8056,0.8811,False
9,5,155.0,-1.2457,0.5125,0.0,1.4516,0.0,0.0,0.0,False
9,6,129.1667,-1.8046,0.2931,0.0,1.2545,0.0,0.0,0.0,False
9,7,110.7143,-0.4563,1.1285,0.0,3.1742,0.0,0.0,0.0,False
9,8,96.875,-0.336,1.2727,0.0,0.188,0.0,0.0,0.0,False
9,9,86.1111,-0.5366,1.0415,0.0,0.4071,0.0,0.0,0.0,False
9,10,77.5,-1.4797,0.4056,0.0,0.2376,0.0,0.0,0.0,False
9,11,70.4545,0.4165,2.7013,0.0,1.5035,0.0,0.0,0.0,False
9,12,64.5833,-2.3875,0.1636,0.0,0.0271,0.0,0.0,0.0,False
9,13,59.6154,-0.5597,1.0177,0.0,1.2168,0.0,0.0,0.0,False
9,14,55.3571,-1.7178,0.3196,0.0,1.1711,0.0,0.0,0.0,False
9,15,51.6667,-0.6055,0.9721,0.0,1.4833,0.0,0.0,0.0,False
9,16,48.4375,0.3636,2.562,0.0,1.8626,0.0,0.0,0.0,False
9,17,45.5882,0.0563,1.8842,0.0,0.583,0.0,0.0,0.0,False
9,18,43.0556,-0.5672,1.01,0.0,1.0506,0.0,0.0,0.0,False
9,19,40.7895,-1.0307,0.6354,0.0,0.8766,0.0,0.0,0.0,False
9,20,38.75,0.1672,2.1051,0.0,0.735,0.0,0.0,0.0,False
9,21,36.9048,-0.224,1.4236,0.0,1.8794,0.0,0.0,0.0,False
9,22,35.2273,-0.6501,0.9297,0.0,2.765,0.0,0.0,0.0,False
9,23,33.6957,-0.6895,0.8938,0.0,0.259,0.0,0.0,0.0,False
9,24,32.2917,-1.6591,0.339,0.0,1.6437,0.0,0.0,0.0,False
9,25,31.0,-1.5775,0.3678,0.0,1.0236,0.0,0.0,0.0,False
9,26,29.8077,-0.8666,0.7488,0.0,1.5579,0.0,0.0,0.0,False
9,27,28.7037,-1.2506,0.51,0.0,0.599,0.0,0.0,0.0,False
9,28,27.6786,-0.912,0.7155,0.0,0.5781,0.0,0.0,0.0,False
9,29,26.7241,0.514,2.9778,0.0069,1.8937,0.0,0.0,0.021,False
9,30,25.8333,-0.4692,1.1141,0.0,0.1678,0.0,0.0,0.0,False
9,31,25.0,1.0741,5.2139,0.4668,0.5568,0.5513,0.4583,0.4336,False
9,32,24.2188,-0.0283,1.7314,0.0,0.6392,0.0,0.0,0.0,False
9,33,23.4848,-1.2157,0.5281,0.0,0.327,0.0,0.0,0.0,False
9,34,22.7941,-0.5041,1.0759,0.0,1.2707,0.0,0.0,0.0,False
9,35,22.1429,0.3784,2.6004,0.016,0.8766,0.0,0.0231,0.014,False
9,36,21.5278,-2.6262,0.1289,0.0,2.2303,0.0,0.0,0.0,False
9,37,20.9459,0.9819,4.7548,0.3318,1.6933,0.2308,0.4259,0.2448,False
9,38,20.3947,-0.9663,0.6777,0.0,0.9618,0.0,0.0,0.0,False
9,39,19.8718,-0.2747,1.3532,0.0,0.3612,0.0,0.0,0.0,False
9,40,19.375,1.1149,5.4311,0.5698,1.02,0.6667,0.4907,0.6364,False
9,41,18.9024,-0.9115,0.7158,0.0,0.0225,0.0,0.0,0.0,False
9,42,18.4524,-1.8634,0.2763,0.0,0.0924,0.0,0.0,0.0,False
9,43,18.0233,0.546,3.0748,0.0114,2.1047,0.0128,0.0046,0.021,False
9,44,17.6136,-1.5029,0.3962,0.0,0.3749,0.0,0.0,0.0,False
9,45,17.2222,-3.5747,0.0499,0.0,0.2036,0.0,0.0,0.0,False
9,46,16.8478,-1.1038,0.5906,0.0,0.1008,0.0,0.0,0.0,False
9,47,16.4894,0.3101,2.4286,0.0,2.9046,0.0,0.0,0.0,False
9,48,16.1458,-1.339,0.4668,0.0,1.5021,0.0,0.0,0.0,False
9,49,15.8163,-1.2849,0.4928,0.0,1.3307,0.0,0.0,0.0,False
9,50,15.5,1.0743,5.215,0.492,5.1951,0.5897,0.4306,0.5315,False
9,51,15.1961,0.702,3.5939,0.0114,0.2051,0.0,0.0231,0.0,False
9,52,14.9038,-0.1081,1.5986,0.0046,0.0331,0.0,0.0093,0.0,False
9,53,14.6226,-0.4186,1.1719,0.0,1.3784,0.0,0.0,0.0,False
9,54,14.3519,0.3142,2.4385,0.0,0.4282,0.0,0.0,0.0,False
9,55,14.0909,-1.9877,0.244,0.0,0.7899,0.0,0.0,0.0,False
9,56,13.8393,-1.6418,0.3449,0.0,0.9134,0.0,0.0,0.0,False
9,57,13.5965,-0.3692,1.2312,0.0,1.497,0.0,0.0,0.0,False
9,58,13.3621,0.2225,2.2248,0.016,0.1616,0.0,0.0093,0.035,False
9,59,13.1356,-0.6249,0.9535,0.0,0.1561,0.0,0.0,0.0,False
9,60,12.9167,0.9888,4.7877,0.2449,0.7602,0.2692,0.2731,0.1888,False
9,61,12.7049,-1.5082,0.3941,0.0,0.244,0.0,0.0,0.0,False
9,62,12.5,0.4763,2.8676,0.0,0.9129,0.0,0.0,0.0,False
9,63,12.3016,0.1428,2.0544,0.0,0.3951,0.0,0.0,0.0,False
9,64,12.1094,0.4194,2.7092,0.0,0.4394,0.0,0.0,0.0,False
9,65,11.9231,-0.2068,1.4484,0.0,0.3565,0.0,0.0,0.0,False
9,66,11.7424,0.348,2.5223,0.0046,2.2982,0.0,0.0,0.014,False
9,67,11.5672,-1.2756,0.4974,0.0,0.2885,0.0,0.0,0.0,False
9,68,11.3971,-0.3008,1.3184,0.0,0.9383,0.0,0.0,0.0,False
9,69,11.2319,-0.451,1.1345,0.0,0.342,0.0,0.0,0.0,False
9,70,11.0714,-0.0256,1.7361,0.0,0.5326,0.0,0.0,0.0,False
9,71,10.9155,-1.2975,0.4866,0.0,0.063,0.0,0.0,0.0,False
9,72,10.7639,0.7459,3.7549,0.151,2.6737,0.1538,0.1019,0.2238,False
9,73,10.6164,-0.5744,1.0028,0.0,0.5796,0.0,0.0,0.0,False
9,74,10.473,-0.4985,1.0819,0.0,0.2815,0.0,0.0,0.0,False
9,75,10.3333,-1.0365,0.6317,0.0,0.8007,0.0,0.0,0.0,False
9,76,10.1974,-0.6683,0.9129,0.0,1.5232,0.0,0.0,0.0,False
9,77,10.0649,-0.2322,1.412,0.0,0.0299,0.0,0.0,0.0,False
9,78,9.9359,-1.0656,0.6136,0.0,1.3624,0.0,0.0,0.0,False
9,79,9.8101,-0.7009,0.8837,0.0,0.5892,0.0,0.0,0.0,False
9,80,9.6875,1.4642,7.7013,0.9931,1.0037,1.0,0.9861,1.0,True
9,81,9.5679,0.6654,3.4648,0.0206,0.784,0.0256,0.0093,0.035,False
9,82,9.4512,-0.2197,1.4298,0.0,0.5722,0.0,0.0,0.0,False
9,83,9.3373,1.383,7.1006,0.9451,0.0194,0.9744,0.9259,0.958,True
9,84,9.2262,-0.5146,1.0646,0.0,0.9333,0.0,0.0,0.0,False
9,85,9.1176,-1.2243,0.5235,0.0,0.9139,0.0,0.0,0.0,False
9,86,9.0116,0.7038,3.6002,0.0275,2.2258,0.0128,0.0139,0.0559,False
9,87,8.908,1.1977,5.8998,0.7689,0.8919,0.8846,0.7593,0.7203,False
9,88,8.8068,-0.764,0.8296,0.0,0.3722,0.0,0.0,0.0,False
9,89,8.7079,0.2748,2.3445,0.0,1.6846,0.0,0.0,0.0,False
9,90,8.6111,0.3993,2.6551,0.0,1.1531,0.0,0.0,0.0,False
9,91,8.5165,-1.5353,0.3836,0.0,0.2657,0.0,0.0,0.0,False
9,92,8.4239,-2.7698,0.1116,0.0,0.4884,0.0,0.0,0.0,False
9,93,8.3333,1.0264,4.971,0.4096,0.9257,0.4872,0.3935,0.3916,False
9,94,8.2447,-0.7276,0.8604,0.0,3.4159,0.0,0.0,0.0,False
9,95,8.1579,0.2925,2.3863,0.0046,1.6217,0.0,0.0046,0.007,False
9,96,8.0729,-0.2852,1.3391,0.0,1.4721,0.0,0.0,0.0,False
9,97,7.9897,-0.3446,1.2618,0.0,1.5273,0.0,0.0,0.0,False
9,98,7.9082,-0.0093,1.7646,0.0,0.4411,0.0,0.0,0.0,False
9,99,7.8283,0.0851,1.9393,0.0,0.1379,0.0,0.0,0.0,False
9,100,7.75,-0.3174,1.2967,0.0,2.6372,0.0,0.0,0.0,False
9,101,7.6733,-0.3347,1.2744,0.0,1.5234,0.0,0.0,0.0,False
9,102,7.598,-0.5369,1.0412,0.0,0.9696,0.0,0.0,0.0,False
9,103,7.5243,-2.9645,0.0919,0.0,0.2955,0.0,0.0,0.0,False
9,104,7.4519,-3.1912,0.0732,0.0,0.3194,0.0,0.0,0.0,False
9,105,7.381,-0.8298,0.7768,0.0,0.3108,0.0,0.0,0.0,False
9,106,7.3113,-0.5057,1.0741,0.0,0.0528,0.0,0.0,0.0,False
9,107,7.243,0.2319,2.2459,0.0046,0.5054,0.0,0.0093,0.0,False
9,108,7.1759,0.8967,4.3662,0.1213,1.9142,0.0513,0.0926,0.2028,False
9,109,7.1101,-1.7686,0.3038,0.0,0.7688,0.0,0.0,0.0,False
9,110,7.0455,-0.6283,0.9502,0.0,0.7316,0.0,0.0,0.0,False
9,111,6.982,-0.5044,1.0755,0.0,1.112,0.0,0.0,0.0,False
9,112,6.9196,-1.8485,0.2805,0.0,0.2024,0.0,0.0,0.0,False
9,113,6.8584,-1.1294,0.5757,0.0,0.1198,0.0,0.0,0.0,False
9,114,6.7982,-1.6155,0.3541,0.0,0.6138,0.0,0.0,0.0,False
9,115,6.7391,-1.4418,0.4212,0.0,1.0202,0.0,0.0,0.0,False
9,116,6.681,-2.0269,0.2346,0.0,0.4836,0.0,0.0,0.0,False
9,117,6.6239,-0.3638,1.2379,0.0,0.162,0.0,0.0,0.0,False
9,118,6.5678,-0.2353,1.4077,0.0023,0.5118,0.0,0.0,0.007,False
9,119,6.5126,-0.0583,1.6803,0.0,0.6115,0.0,0.0,0.0,False
9,120,6.4583,0.6756,3.5002,0.0137,0.9465,0.0,0.0046,0.035,False
9,121,6.405,-0.1989,1.4598,0.0023,0.6461,0.0,0.0046,0.0,False
9,122,6.3525,-2.0122,0.2381,0.0,1.8846,0.0,0.0,0.0,False
9,123,6.3008,-0.409,1.1832,0.0,1.1597,0.0,0.0,0.0,False
9,124,6.25,-0.5394,1.0385,0.0,0.1609,0.0,0.0,0.0,False
9,125,6.2,-0.0748,1.6528,0.0,0.3143,0.0,0.0,0.0,False
9,126,6.1508,-0.0939,1.6214,0.0,0.258,0.0,0.0,0.0,False
9,127,6.1024,-1.145,0.5668,0.0,0.6949,0.0,0.0,0.0,False
9,128,6.0547,-0.9122,0.7153,0.0,0.4531,0.0,0.0,0.0,False
9,129,6.0078,-0.3683,1.2324,0.0,1.6988,0.0,0.0,0.0,False
9,130,5.9615,0.8944,4.3564,0.1854,1.3071,0.1282,0.1852,0.2168,False
9,131,5.916,-1.1298,0.5754,0.0,2.3474,0.0,0.0,0.0,False
9,132,5.8712,-0.274,1.3542,0.0,0.2527,0.0,0.0,0.0,False
9,133,5.8271,-2.8641,0.1016,0.0,2.4087,0.0,0.0,0.0,False
9,134,5.7836,-0.0611,1.6755,0.0,0.047,0.0,0.0,0.0,False
9,135,5.7407,0.0294,1.8342,0.0,0.0519,0.0,0.0,0.0,False
9,136,5.6985,-0.4313,1.1572,0.0,1.8669,0.0,0.0,0.0,False
9,137,5.6569,0.0468,1.8664,0.0,0.0604,0.0,0.0,0.0,False
9,138,5.6159,-1.3563,0.4588,0.0,1.8927,0.0,0.0,0.0,False
9,139,5.5755,0.689,3.5474,0.0297,1.8845,0.0,0.0278,0.049,False
9,140,5.5357,-1.1934,0.54,0.0,1.4351,0.0,0.0,0.0,False
9,141,5.4965,-1.0928,0.5971,0.0,0.0836,0.0,0.0,0.0,False
9,142,5.4577,-0.8542,0.7581,0.0,0.6347,0.0,0.0,0.0,False
9,143,5.4196,-1.424,0.4288,0.0,0.8798,0.0,0.0,0.0,False
9,144,5.3819,-2.9672,0.0916,0.0,1.6085,0.0,0.0,0.0,False
9,145,5.3448,0.7875,3.9148,0.0641,0.3377,0.0256,0.1019,0.028,False
9,146,5.3082,-1.4257,0.4281,0.0,0.0027,0.0,0.0,0.0,False
9,147,5.2721,-1.3361,0.4682,0.0,1.9226,0.0,0.0,0.0,False
9,148,5.2365,0.7797,3.8842,0.0435,0.5371,0.0256,0.037,0.0629,False
9,149,5.2013,-0.251,1.3857,0.0,0.5269,0.0,0.0,0.0,False
9,150,5.1667,-1.2956,0.4875,0.0,0.7109,0.0,0.0,0.0,False
9,151,5.1325,-1.6016,0.359,0.0,1.0039,0.0,0.0,0.0,False
9,152,5.0987,-0.6402,0.9389,0.0,0.3602,0.0,0.0,0.0,False
9,153,5.0654,-1.5087,0.394,0.0,0.5707,0.0,0.0,0.0,False
9,154,5.0325,0.198,2.1711,0.0,0.3156,0.0,0.0,0.0,False
9,155,5.0,0.2675,2.3274,0.0023,0.0509,0.0128,0.0,0.0,False
9,156,4.9679,-0.7551,0.8371,0.0,0.0473,0.0,0.0,0.0,False
9,157,4.9363,0.2307,2.2432,0.0,1.4675,0.0,0.0,0.0,False
9,158,4.9051,0.3398,2.5017,0.0046,0.1553,0.0,0.0093,0.0,False
9,159,4.8742,0.4474,2.7859,0.0023,1.7852,0.0,0.0046,0.0,False
9,160,4.8438,0.337,2.4948,0.0046,0.0589,0.0,0.0093,0.0,False
9,161,4.8137,-1.9475,0.254,0.0,2.1648,0.0,0.0,0.0,False
9,162,4.784,-0.063,1.6723,0.0,0.7346,0.0,0.0,0.0,False
9,163,4.7546,-1.0362,0.632,0.0,1.2323,0.0,0.0,0.0,False
9,164,4.7256,-0.8307,0.7761,0.0,0.4087,0.0,0.0,0.0,False
9,165,4.697,0.762,3.8159,0.0503,0.5676,0.0256,0.0556,0.0559,False
9,166,4.6687,-0.4485,1.1374,0.0,1.1378,0.0,0.0,0.0,False
9,167,4.6407,-2.4768,0.1496,0.0,0.4297,0.0,0.0,0.0,False
9,168,4.6131,0.4879,2.9011,0.0114,0.2571,0.0,0.0139,0.014,False
9,169,4.5858,-0.5694,1.0078,0.0,0.0938,0.0,0.0,0.0,False
9,170,4.5588,-0.0462,1.7007,0.0,0.1225,0.0,0.0,0.0,False
9,171,4.5322,0.014,1.8061,0.0,0.0585,0.0,0.0,0.0,False
9,172,4.5058,-0.0398,1.7116,0.0,0.7564,0.0,0.0,0.0,False
9,173,4.4798,-1.7101,0.3221,0.0,0.5024,0.0,0.0,0.0,False
9,174,4.454,0.3494,2.526,0.0023,0.7178,0.0,0.0,0.007,False
9,175,4.4286,0.0905,1.9497,0.0,1.6781,0.0,0.0,0.0,False
9,176,4.4034,0.7978,3.9552,0.1098,2.8513,0.1282,0.1019,0.1119,False
9,177,4.3785,0.1984,2.172,0.0,0.2355,0.0,0.0,0.0,False
9,178,4.3539,-0.8476,0.7631,0.0,0.2235,0.0,0.0,0.0,False
9,179,4.3296,-2.8413,0.1039,0.0,0.858,0.0,0.0,0.0,False
9,180,4.3056,-0.4022,1.1913,0.0,0.5423,0.0,0.0,0.0,False
9,181,4.2818,0.2014,2.1785,0.0,0.4525,0.0,0.0,0.0,False
9,182,4.2582,0.0232,1.8228,0.0,0.4767,0.0,0.0,0.0,False
9,183,4.235,-0.3047,1.3132,0.0,0.2164,0.0,0.0,0.0,False
9,184,4.212,-0.1973,1.4622,0.0,1.3206,0.0,0.0,0.0,False
9,185,4.1892,0.2603,2.3107,0.0023,0.1089,0.0,0.0,0.007,False
9,186,4.1667,-0.6807,0.9017,0.0,0.7823,0.0,0.0,0.0,False
9,187,4.1444,0.8063,3.9887,0.0503,0.0684,0.0256,0.0417,0.0769,False
9,188,4.1223,-1.2007,0.5361,0.0,0.5952,0.0,0.0,0.0,False
9,189,4.1005,-0.6401,0.9391,0.0,0.0584,0.0,0.0,0.0,False
9,190,4.0789,0.7906,3.9267,0.0526,0.638,0.0385,0.0602,0.049,False
9,191,4.0576,0.6963,3.5732,0.0847,0.9102,0.0128,0.0972,0.1049,False
9,192,4.0365,-0.8632,0.7513,0.0,0.0744,0.0,0.0,0.0,False
9,193,4.0155,0.3299,2.4771,0.0,3.8572,0.0,0.0,0.0,False
9,194,3.9948,-0.0082,1.7665,0.0,0.2521,0.0,0.0,0.0,False
9,195,3.9744,-0.2049,1.4511,0.0,0.7366,0.0,0.0,0.0,False
9,196,3.9541,-2.7367,0.1154,0.0,0.6001,0.0,0.0,0.0,False
9,197,3.934,-0.6614,0.9192,0.0,0.2058,0.0,0.0,0.0,False
9,198,3.9141,-1.5764,0.3682,0.0,0.0303,0.0,0.0,0.0,False
9,199,3.8945,0.6477,3.4039,0.0137,0.4956,0.0385,0.0093,0.007,False
9,200,3.875,-0.5532,1.0243,0.0,2.2255,0.0,0.0,0.0,False
9,201,3.8557,0.9905,4.7955,0.3204,0.0777,0.2308,0.3241,0.3636,False
9,202,3.8366,0.233,2.2485,0.0092,0.2108,0.0,0.0,0.028,False
9,203,3.8177,-3.2231,0.0709,0.0,0.9053,0.0,0.0,0.0,False
9,204,3.799,0.1028,1.974,0.0,0.9774,0.0,0.0,0.0,False
9,205,3.7805,0.0929,1.9545,0.0,0.2274,0.0,0.0,0.0,False
9,206,3.7621,-1.3751,0.4503,0.0,1.1973,0.0,0.0,0.0,False
9,207,3.744,-0.5606,1.0167,0.0,3.1542,0.0,0.0,0.0,False
9,208,3.726,-1.2199,0.5259,0.0,0.226,0.0,0.0,0.0,False
9,209,3.7081,0.3778,2.5988,0.0069,1.2244,0.0128,0.0,0.014,False
9,210,3.6905,-2.7321,0.1159,0.0,0.0345,0.0,0.0,0.0,False
9,211,3.673,-0.6721,0.9095,0.0,0.9544,0.0,0.0,0.0,False
9,212,3.6557,-1.6414,0.345,0.0,0.5511,0.0,0.0,0.0,False
9,213,3.6385,-0.4039,1.1893,0.0,0.0535,0.0,0.0,0.0,False
9,214,3.6215,-0.7043,0.8806,0.0,0.0663,0.0,0.0,0.0,False
9,215,3.6047,0.0064,1.7926,0.0,1.9066,0.0,0.0,0.0,False
9,216,3.588,-0.016,1.7528,0.0,1.5835,0.0,0.0,0.0,False
9,217,3.5714,-3.4232,0.0581,0.0,0.3056,0.0,0.0,0.0,False
9,218,3.555,-1.0862,0.6011,0.0,1.1263,0.0,0.0,0.0,False
9,219,3.5388,-0.1408,1.5472,0.0,0.8911,0.0,0.0,0.0,False
9,220,3.5227,-2.2358,0.1904,0.0,1.7243,0.0,0.0,0.0,False
9,221,3.5068,0.0469,1.8667,0.0,0.9503,0.0,0.0,0.0,False
9,222,3.491,0.816,4.0277,0.0801,0.2478,0.0513,0.1065,0.0559,False
9,223,3.4753,-0.1001,1.6115,0.0,0.4254,0.0,0.0,0.0,False
9,224,3.4598,-0.305,1.3128,0.0,1.5723,0.0,0.0,0.0,False
9,225,3.4444,-2.4332,0.1563,0.0,0.4891,0.0,0.0,0.0,False
9,226,3.4292,0.5436,3.0672,0.0023,0.5236,0.0,0.0,0.007,False
9,227,3.4141,1.2922,6.4842,0.8673,0.6013,0.9487,0.8426,0.8601,False
9,228,3.3991,-1.4066,0.4363,0.0,2.5128,0.0,0.0,0.0,False
9,229,3.3843,0.9023,4.3908,0.1602,0.2374,0.0897,0.1991,0.1399,False
9,230,3.3696,0.5347,3.0401,0.0206,1.507,0.0,0.037,0.007,False
9,231,3.355,1.5841,8.6828,1.0,0.7079,1.0,1.0,1.0,True
9,232,3.3405,-1.0181,0.6435,0.0,2.9427,0.0,0.0,0.0,False
9,233,3.3262,0.4321,2.7436,0.0092,0.5504,0.0,0.0139,0.007,False
9,234,3.312,-0.741,0.8489,0.0,2.4389,0.0,0.0,0.0,False
9,235,3.2979,-0.3768,1.222,0.0,0.2452,0.0,0.0,0.0,False
9,236,3.2839,-1.6965,0.3265,0.0,0.9789,0.0,0.0,0.0,False
9,237,3.27,0.0749,1.9196,0.0,0.5719,0.0,0.0,0.0,False
9,238,3.2563,0.5426,3.0642,0.0023,0.7216,0.0,0.0,0.007,False
9,239,3.2427,1.0368,5.0231,0.4165,0.8952,0.5513,0.3889,0.3846,False
9,240,3.2292,-0.2868,1.337,0.0,0.531,0.0,0.0,0.0,False
9,241,3.2158,0.0988,1.966,0.0,0.5258,0.0,0.0,0.0,False
9,242,3.2025,1.2175,6.0178,0.7414,1.5082,0.859,0.713,0.7203,False
9,243,3.1893,0.074,1.9179,0.0,1.1775,0.0,0.0,0.0,False
9,244,3.1762,-0.6918,0.8917,0.0,3.3185,0.0,0.0,0.0,False
9,245,3.1633,-2.2085,0.1957,0.0,1.2171,0.0,0.0,0.0,False
9,246,3.1504,1.1307,5.5177,0.5835,0.4074,0.6667,0.5648,0.5664,False
9,247,3.1377,1.1965,5.8928,0.7346,0.7597,0.859,0.6759,0.7552,False
9,248,3.125,0.1763,2.1244,0.0,1.4582,0.0,0.0,0.0,False
9,249,3.1124,1.4809,7.8311,0.9886,0.0561,1.0,0.9815,0.993,True
9,250,3.1,-0.1373,1.5525,0.0,0.5524,0.0,0.0,0.0,False
9,251,3.0876,-1.2026,0.535,0.0,0.7319,0.0,0.0,0.0,False
9,252,3.0754,0.5722,3.1565,0.0046,2.048,0.0,0.0,0.014,False
9,253,3.0632,-1.9483,0.2538,0.0,0.044,0.0,0.0,0.0,False
9,254,3.0512,0.3625,2.5593,0.0046,0.478,0.0,0.0093,0.0,False
9,255,3.0392,1.0994,5.3474,0.5332,1.399,0.6282,0.537,0.4755,False
9,256,3.0273,-1.4412,0.4215,0.0,0.6332,0.0,0.0,0.0,False
9,257,3.0156,-0.4819,1.1,0.0,0.2054,0.0,0.0,0.0,False
9,258,3.0039,-0.0528,1.6894,0.0,0.3892,0.0,0.0,0.0,False
9,259,2.9923,-0.1013,1.6095,0.0,0.866,0.0,0.0,0.0,False
9,260,2.9808,0.26,2.3099,0.0,0.351,0.0,0.0,0.0,False
9,261,2.9693,0.0968,1.962,0.0,1.5556,0.0,0.0,0.0,False
9,262,2.958,0.3836,2.6138,0.0,1.6389,0.0,0.0,0.0,False
9,263,2.9468,-1.0378,0.6309,0.0,0.0889,0.0,0.0,0.0,False
9,264,2.9356,-1.7085,0.3226,0.0,0.0555,0.0,0.0,0.0,False
9,265,2.9245,-0.7839,0.8133,0.0,0.6304,0.0,0.0,0.0,False
9,266,2.9135,-0.638,0.941,0.0,1.9872,0.0,0.0,0.0,False
9,267,2.9026,-0.0997,1.6121,0.0023,1.3621,0.0,0.0046,0.0,False
9,268,2.8918,0.2232,2.2265,0.0,1.5691,0.0,0.0,0.0,False
9,269,2.881,-0.4242,1.1653,0.0,0.3503,0.0,0.0,0.0,False
9,270,2.8704,-3.3773,0.0608,0.0,0.9265,0.0,0.0,0.0,False
9,271,2.8598,1.0607,5.1445,0.4943,0.5754,0.5513,0.4352,0.5524,False
9,272,2.8493,-1.1072,0.5886,0.0,1.4625,0.0,0.0,0.0,False
9,273,2.8388,0.6698,3.4799,0.0275,0.6904,0.0256,0.0185,0.042,False
9,274,2.8285,-0.3711,1.2289,0.0,1.9187,0.0,0.0,0.0,False
9,275,2.8182,-0.1694,1.5035,0.0,0.2838,0.0,0.0,0.0,False
9,276,2.808,-0.2384,1.4033,0.0,0.2569,0.0,0.0,0.0,False
9,277,2.7978,-0.0307,1.7272,0.0,0.097,0.0,0.0,0.0,False
9,278,2.7878,0.4932,2.9165,0.0023,0.7501,0.0,0.0,0.007,False
9,279,2.7778,-1.9936,0.2426,0.0,4.1766,0.0,0.0,0.0,False
9,280,2.7679,0.3151,2.4408,0.0069,2.5065,0.0128,0.0046,0.007,False
9,281,2.758,-2.5766,0.1354,0.0,0.0247,0.0,0.0,0.0,False
9,282,2.7482,0.6585,3.4409,0.0183,0.8718,0.0128,0.0093,0.035,False
9,283,2.7385,-3.0011,0.0886,0.0,1.4768,0.0,0.0,0.0,False
9,284,2.7289,0.4133,2.6927,0.0206,0.1526,0.0,0.0324,0.014,False
9,285,2.7193,-1.0807,0.6044,0.0,0.5422,0.0,0.0,0.0,False
9,286,2.7098,-1.9386,0.2563,0.0,0.2884,0.0,0.0,0.0,False
9,287,2.7003,-2.0954,0.2191,0.0,0.5036,0.0,0.0,0.0,False
9,288,2.691,-0.5581,1.0193,0.0,0.2605,0.0,0.0,0.0,False
9,289,2.6817,-1.2354,0.5178,0.0,0.1075,0.0,0.0,0.0,False
9,290,2.6724,-0.4385,1.1488,0.0,0.8035,0.0,0.0,0.0,False
9,291,2.6632,0.424,2.7215,0.0,1.095,0.0,0.0,0.0,False
9,292,2.6541,0.2694,2.3318,0.0023,1.6292,0.0,0.0046,0.0,False
9,293,2.6451,-0.7989,0.8012,0.0,0.51,0.0,0.0,0.0,False
9,294,2.6361,0.2724,2.3388,0.0023,0.093,0.0,0.0046,0.0,False
9,295,2.6271,-0.9601,0.6819,0.0,0.0329,0.0,0.0,0.0,False
9,296,2.6182,-2.1548,0.2065,0.0,0.0035,0.0,0.0,0.0,False
9,297,2.6094,-2.3934,0.1626,0.0,0.7456,0.0,0.0,0.0,False
9,298,2.6007,0.2707,2.3348,0.0,0.3868,0.0,0.0,0.0,False
9,299,2.592,-0.3682,1.2324,0.0,0.0739,0.0,0.0,0.0,False
9,300,2.5833,-2.1884,0.1997,0.0,2.2754,0.0,0.0,0.0,False
9,301,2.5748,-0.6895,0.8938,0.0,0.0637,0.0,0.0,0.0,False
9,302,2.5662,-1.2149,0.5285,0.0,3.3802,0.0,0.0,0.0,False
9,303,2.5578,-1.2223,0.5246,0.0,0.5892,0.0,0.0,0.0,False
9,304,2.5493,-2.6987,0.1199,0.0,0.0015,0.0,0.0,0.0,False
9,305,2.541,0.0509,1.874,0.0023,0.1382,0.0,0.0046,0.0,False
9,306,2.5327,-0.0118,1.7602,0.0,4.1552,0.0,0.0,0.0,False
9,307,2.5244,-0.6967,0.8874,0.0,6.252,0.0,0.0,0.0,False
9,308,2.5162,-1.6846,0.3304,0.0,0.0844,0.0,0.0,0.0,False
9,309,2.5081,0.8536,4.1823,0.0915,0.9239,0.0641,0.0926,0.1049,False
9,310,2.5,0.1541,2.0779,0.0,0.4043,0.0,0.0,0.0,False
9,311,2.492,0.1833,2.1394,0.0,0.8223,0.0,0.0,0.0,False
9,312,2.484,-2.9777,0.0907,0.0,0.1811,0.0,0.0,0.0,False
9,313,2.476,0.0179,1.8133,0.0,0.8202,0.0,0.0,0.0,False
9,314,2.4682,-1.5922,0.3624,0.0,0.012,0.0,0.0,0.0,False
9,315,2.4603,-0.3551,1.2487,0.0,1.1524,0.0,0.0,0.0,False
9,316,2.4525,-0.6022,0.9753,0.0,0.6765,0.0,0.0,0.0,False
9,317,2.4448,-1.023,0.6403,0.0,1.5607,0.0,0.0,0.0,False
9,318,2.4371,-0.1332,1.5589,0.0023,4.5082,0.0,0.0046,0.0,False
9,319,2.4295,-0.4071,1.1855,0.0,4.6224,0.0,0.0,0.0,False
9,320,2.4219,-0.6026,0.975,0.0,1.3254,0.0,0.0,0.0,False
9,321,2.4143,1.5536,8.422,1.0,4.9823,1.0,1.0,1.0,True
9,322,2.4068,-1.6211,0.3521,0.0,2.2246,0.0,0.0,0.0,False
9,323,2.3994,-0.0896,1.6284,0.0,0.5369,0.0,0.0,0.0,False
9,324,2.392,-1.099,0.5934,0.0,0.9392,0.0,0.0,0.0,False
9,325,2.3846,-0.5302,1.0482,0.0,2.3735,0.0,0.0,0.0,False
9,326,2.3773,0.7057,3.607,0.0526,0.0754,0.0,0.0741,0.049,False
9,327,2.37,-0.0892,1.6291,0.0,4.4794,0.0,0.0,0.0,False
9,328,2.3628,-1.2908,0.4899,0.0046,1.0415,0.0,0.0093,0.0,False
9,329,2.3556,-0.7003,0.8842,0.0,0.7001,0.0,0.0,0.0,False
9,330,2.3485,0.3334,2.4857,0.0,0.2045,0.0,0.0,0.0,False
9,331,2.3414,-0.3444,1.2622,0.0,1.1518,0.0,0.0,0.0,False
9,332,2.3343,0.6502,3.4123,0.0183,0.7011,0.0,0.037,0.0,False
9,333,2.3273,-1.4266,0.4277,0.0,0.1998,0.0,0.0,0.0,False
9,334,2.3204,-0.4703,1.1128,0.0,2.2771,0.0,0.0,0.0,False
9,335,2.3134,-2.125,0.2127,0.0,1.9343,0.0,0.0,0.0,False
9,336,2.3065,-0.9903,0.6616,0.0,0.6673,0.0,0.0,0.0,False
9,337,2.2997,0.0599,1.8911,0.0,0.1916,0.0,0.0,0.0,False
9,338,2.2929,-0.6619,0.9188,0.0,1.4387,0.0,0.0,0.0,False
9,339,2.2861,0.1165,2.0012,0.0,1.1095,0.0,0.0,0.0,False
9,340,2.2794,-1.5154,0.3913,0.0,1.3679,0.0,0.0,0.0,False
9,341,2.2727,-0.9171,0.7118,0.0,1.5228,0.0,0.0,0.0,False
9,342,2.2661,0.2473,2.2808,0.0023,1.2451,0.0,0.0046,0.0,False
9,343,2.2595,0.329,2.4749,0.0,0.9631,0.0,0.0,0.0,False
9,344,2.2529,-0.4278,1.1612,0.0,0.1127,0.0,0.0,0.0,False
9,345,2.2464,-0.5063,1.0735,0.0,0.0429,0.0,0.0,0.0,False
9,346,2.2399,0.5238,3.0073,0.0206,0.1367,0.0128,0.0093,0.042,False
9,347,2.2334,0.0156,1.8091,0.0,1.5263,0.0,0.0,0.0,False
9,348,2.227,-0.0074,1.7679,0.0,0.1241,0.0,0.0,0.0,False
9,349,2.2206,-0.5574,1.02,0.0,4.0894,0.0,0.0,0.0,False
9,350,2.2143,0.0031,1.7866,0.0,2.7444,0.0,0.0,0.0,False
9,351,2.208,-0.0622,1.6736,0.0,2.3894,0.0,0.0,0.0,False
9,352,2.2017,1.0843,5.2671,0.492,2.4873,0.4744,0.5463,0.4196,False
9,353,2.1955,-0.0929,1.623,0.0,0.0542,0.0,0.0,0.0,False
9,354,2.1893,0.7238,3.6731,0.087,2.5853,0.0385,0.1343,0.042,False
9,355,2.1831,-0.8899,0.7315,0.0,1.3721,0.0,0.0,0.0,False
9,356,2.177,-1.7467,0.3105,0.0,1.3432,0.0,0.0,0.0,False
9,357,2.1709,1.6556,9.3259,0.9954,0.632,1.0,0.9907,1.0,True
9,358,2.1648,-1.0233,0.6401,0.0,0.3436,0.0,0.0,0.0,False
9,359,2.1588,-0.6929,0.8908,0.0,0.6458,0.0,0.0,0.0,False
9,360,2.1528,1.1063,5.3842,0.5858,1.1945,0.6538,0.588,0.5455,False
9,361,2.1468,0.191,2.1558,0.0023,0.0588,0.0,0.0,0.007,False
9,362,2.1409,-2.0364,0.2324,0.0,2.0814,0.0,0.0,0.0,False
9,363,2.135,0.0455,1.864,0.0,0.6959,0.0,0.0,0.0,False
9,364,2.1291,0.9136,4.4407,0.2197,0.682,0.1795,0.1898,0.2867,False
9,365,2.1233,-0.836,0.772,0.0,1.0491,0.0,0.0,0.0,False
9,366,2.1175,-1.3364,0.4681,0.0,3.0888,0.0,0.0,0.0,False
9,367,2.1117,-2.4636,0.1516,0.0,1.9209,0.0,0.0,0.0,False
9,368,2.106,-0.2737,1.3546,0.0,0.0956,0.0,0.0,0.0,False
9,369,2.1003,0.0136,1.8055,0.0,1.3049,0.0,0.0,0.0,False
9,370,2.0946,-0.1611,1.5161,0.0,2.0545,0.0,0.0,0.0,False
9,371,2.0889,-0.9018,0.7228,0.0,0.2016,0.0,0.0,0.0,False
9,372,2.0833,-2.7762,0.1109,0.0,2.4115,0.0,0.0,0.0,False
9,373,2.0777,-0.4918,1.0892,0.0,1.1308,0.0,0.0,0.0,False
9,374,2.0722,0.4672,2.8417,0.0046,1.0463,0.0128,0.0,0.007,False
9,375,2.0667,-0.4412,1.1458,0.0,2.8429,0.0,0.0,0.0,False
9,376,2.0612,0.601,3.2485,0.0069,0.2337,0.0,0.0139,0.0,False
9,377,2.0557,-1.1192,0.5816,0.0,1.3798,0.0,0.0,0.0,False
9,378,2.0503,-0.5417,1.0362,0.0,4.7875,0.0,0.0,0.0,False
9,379,2.0449,-3.1365,0.0774,0.0,1.9282,0.0,0.0,0.0,False
9,380,2.0395,-0.8596,0.754,0.0,0.3456,0.0,0.0,0.0,False
9,381,2.0341,-1.9367,0.2568,0.0,0.981,0.0,0.0,0.0,False
9,382,2.0288,-2.8567,0.1023,0.0,0.0779,0.0,0.0,0.0,False
9,383,2.0235,0.2717,2.337,0.0,0.1584,0.0,0.0,0.0,False
9,384,2.0182,0.4254,2.7253,0.0,0.1594,0.0,0.0,0.0,False
9,385,2.013,-0.5394,1.0386,0.0,1.956,0.0,0.0,0.0,False
9,386,2.0078,-0.7899,0.8084,0.0,1.5025,0.0,0.0,0.0,False
9,387,2.0026,-2.8606,0.1019,0.0,1.0807,0.0,0.0,0.0,False
10,1,731.0,-0.9656,0.6781,0.0,0.1477,0.0,0.0,0.0,False
10,2,365.5,0.5326,3.0338,0.0595,0.288,0.0,0.0741,0.0699,False
10,3,243.6667,-0.1189,1.5814,0.0023,1.8208,0.0,0.0,0.007,False
10,4,182.75,0.7132,3.6342,0.4394,0.132,0.2564,0.5046,0.4406,False
10,5,146.2,0.3642,2.5637,0.0709,1.1463,0.0,0.1389,0.007,False
10,6,121.8333,0.0332,1.8413,0.0023,0.4677,0.0,0.0046,0.0,False
10,7,104.4286,-0.8307,0.7761,0.0,1.8033,0.0,0.0,0.0,False
10,8,91.375,-0.6485,0.9312,0.0,0.8444,0.0,0.0,0.0,False
10,9,81.2222,-0.3921,1.2034,0.0,0.303,0.0,0.0,0.0,False
10,10,73.1,0.7061,3.6087,0.0343,0.2661,0.0385,0.037,0.028,False
10,11,66.4545,-2.9443,0.0938,0.0,0.1165,0.0,0.0,0.0,False
10,12,60.9167,0.5817,3.1864,0.0412,0.4886,0.0,0.0139,0.1049,False
10,13,56.2308,0.0232,1.8228,0.0,0.2106,0.0,0.0,0.0,False
10,14,52.2143,-0.4112,1.1806,0.0,0.2197,0.0,0.0,0.0,False
10,15,48.7333,1.03,4.989,0.4233,0.6826,0.4359,0.375,0.4895,False
10,16,45.6875,0.4955,2.9233,0.0366,2.2097,0.0385,0.0417,0.028,False
10,17,43.0,-0.4833,1.0985,0.0,6.7898,0.0,0.0,0.0,False
10,18,40.6111,0.9524,4.6165,0.2037,0.91,0.2436,0.2222,0.1538,False
10,19,38.4737,-0.4557,1.1292,0.0,0.0972,0.0,0.0,0.0,False
10,20,36.55,-1.4516,0.4171,0.0,0.421,0.0,0.0,0.0,False
10,21,34.8095,-2.5435,0.14,0.0,0.4051,0.0,0.0,0.0,False
10,22,33.2273,-1.1986,0.5372,0.0,0.7417,0.0,0.0,0.0,False
10,23,31.7826,0.5321,3.0323,0.0092,2.3533,0.0,0.0139,0.007,False
10,24,30.4583,0.5295,3.0244,0.0252,0.2373,0.0,0.037,0.021,False
10,25,29.24,-2.6342,0.1278,0.0,1.6285,0.0,0.0,0.0,False
10,26,28.1154,0.4668,2.8405,0.0,0.8605,0.0,0.0,0.0,False
10,27,27.0741,-0.5215,1.0573,0.0,0.1612,0.0,0.0,0.0,False
10,28,26.1071,-0.9108,0.7163,0.0,0.0303,0.0,0.0,0.0,False
10,29,25.2069,-0.0454,1.702,0.0,0.1647,0.0,0.0,0.0,False
10,30,24.3667,0.2335,2.2495,0.0,0.4081,0.0,0.0,0.0,False
10,31,23.5806,-0.4248,1.1646,0.0,0.1512,0.0,0.0,0.0,False
10,32,22.8438,0.0752,1.9202,0.0069,0.1471,0.0,0.0,0.021,False
10,33,22.1515,-3.0396,0.0852,0.0,0.1938,0.0,0.0,0.0,False
10,34,21.5,-1.5879,0.364,0.0,0.077,0.0,0.0,0.0,False
10,35,20.8857,0.9715,4.7056,0.3272,0.6425,0.3462,0.375,0.2448,False
10,36,20.3056,-1.0219,0.641,0.0,0.6761,0.0,0.0,0.0,False
10,37,19.7568,-2.3985,0.1618,0.0,1.9741,0.0,0.0,0.0,False
10,38,19.2368,0.3802,2.605,0.0,0.5923,0.0,0.0,0.0,False
10,39,18.7436,-0.0275,1.7328,0.0,0.5633,0.0,0.0,0.0,False
10,40,18.275,-0.6432,0.9362,0.0,0.5519,0.0,0.0,0.0,False
10,41,17.8293,-0.5823,0.995,0.0,0.3407,0.0,0.0,0.0,False
10,42,17.4048,-2.6232,0.1293,0.0,0.6065,0.0,0.0,0.0,False
10,43,17.0,1.1022,5.3625,0.5584,1.6766,0.6538,0.5,0.5944,False
10,44,16.6136,0.1137,1.9955,0.0,0.0027,0.0,0.0,0.0,False
10,45,16.2444,0.9977,4.8305,0.3112,3.0015,0.3333,0.3333,0.2657,False
10,46,15.8913,-0.7278,0.8602,0.0,8.3337,0.0,0.0,0.0,False
10,47,15.5532,-2.6645,0.124,0.0,1.441,0.0,0.0,0.0,False
10,48,15.2292,-1.1921,0.5407,0.0,0.9815,0.0,0.0,0.0,False
10,49,14.9184,-1.1992,0.5369,0.0,0.5572,0.0,0.0,0.0,False
10,50,14.62,-3.3748,0.061,0.0,0.3644,0.0,0.0,0.0,False
10,51,14.3333,1.2423,6.1691,0.8535,0.1947,0.9487,0.8287,0.8392,False
10,52,14.0577,0.8905,4.3392,0.1373,1.0343,0.1154,0.1481,0.1329,False
10,53,13.7925,1.0676,5.18,0.4554,0.6642,0.5256,0.3981,0.5035,False
10,54,13.537,-0.5811,0.9961,0.0,0.3362,0.0,0.0,0.0,False
10,55,13.2909,-1.9396,0.2561,0.0,1.7513,0.0,0.0,0.0,False
10,56,13.0536,-1.748,0.3101,0.0,0.4755,0.0,0.0,0.0,False
10,57,12.8246,0.0007,1.7823,0.0,0.5268,0.0,0.0,0.0,False
10,58,12.6034,-2.2753,0.183,0.0,0.6324,0.0,0.0,0.0,False
10,59,12.3898,-1.9205,0.261,0.0,0.4863,0.0,0.0,0.0,False
10,60,12.1833,-0.7428,0.8474,0.0,1.2792,0.0,0.0,0.0,False
10,61,11.9836,0.4615,2.8255,0.0,0.2737,0.0,0.0,0.0,False
10,62,11.7903,-0.8186,0.7855,0.0,5.5352,0.0,0.0,0.0,False
10,63,11.6032,-0.1979,1.4613,0.0,1.8363,0.0,0.0,0.0,False
10,64,11.4219,-0.1656,1.5093,0.0,1.7465,0.0,0.0,0.0,False
10,65,11.2462,-3.2102,0.0719,0.0,1.0463,0.0,0.0,0.0,False
10,66,11.0758,0.6303,3.345,0.0114,0.3216,0.0,0.0231,0.0,False
10,67,10.9104,0.2952,2.3928,0.0,1.6887,0.0,0.0,0.0,False
10,68,10.75,1.1662,5.7166,0.6911,0.8799,0.7051,0.6481,0.7483,False
10,69,10.5942,-1.6352,0.3472,0.0,0.8426,0.0,0.0,0.0,False
10,70,10.4429,-2.0329,0.2332,0.0,0.7236,0.0,0.0,0.0,False
10,71,10.2958,-0.527,1.0515,0.0,0.5097,0.0,0.0,0.0,False
10,72,10.1528,0.5442,3.0691,0.0069,1.1551,0.0,0.0,0.021,False
10,73,10.0137,-0.6248,0.9535,0.0,0.2157,0.0,0.0,0.0,False
10,74,9.8784,-2.6908,0.1208,0.0,0.5247,0.0,0.0,0.0,False
10,75,9.7467,-1.2075,0.5324,0.0,0.0834,0.0,0.0,0.0,False
10,76,9.6184,-1.5868,0.3644,0.0,0.5826,0.0,0.0,0.0,False
10,77,9.4935,0.542,3.0623,0.0069,0.8996,0.0,0.0046,0.014,False
10,78,9.3718,-0.5017,1.0785,0.0,2.8584,0.0,0.0,0.0,False
10,79,9.2532,0.7449,3.7515,0.1098,1.4902,0.0641,0.0741,0.1888,False
10,80,9.1375,-1.7631,0.3055,0.0,2.1487,0.0,0.0,0.0,False
10,81,9.0247,-2.7445,0.1145,0.0,0.1132,0.0,0.0,0.0,False
10,82,8.9146,0.1931,2.1605,0.0,0.9381,0.0,0.0,0.0,False
10,83,8.8072,-0.2643,1.3673,0.0,2.9715,0.0,0.0,0.0,False
10,84,8.7024,-1.1425,0.5682,0.0,2.2923,0.0,0.0,0.0,False
10,85,8.6,-0.9681,0.6765,0.0,0.7692,0.0,0.0,0.0,False
10,86,8.5,-2.2323,0.1911,0.0,1.352,0.0,0.0,0.0,False
10,87,8.4023,-3.212,0.0717,0.0,0.3384,0.0,0.0,0.0,False
10,88,8.3068,0.5917,3.2183,0.0023,1.4478,0.0,0.0046,0.0,False
10,89,8.2135,-1.3805,0.4478,0.0,0.4592,0.0,0.0,0.0,False
10,90,8.1222,0.111,1.9902,0.0,0.085,0.0,0.0,0.0,False
10,91,8.033,-1.445,0.4199,0.0,1.2257,0.0,0.0,0.0,False
10,92,7.9457,-0.3859,1.2108,0.0,0.3803,0.0,0.0,0.0,False
10,93,7.8602,0.674,3.4944,0.0092,6.0675,0.0,0.0046,0.021,False
10,94,7.7766,-0.5345,1.0436,0.0,0.4418,0.0,0.0,0.0,False
10,95,7.6947,-3.1463,0.0766,0.0,0.9912,0.0,0.0,0.0,False
10,96,7.6146,-3.1278,0.078,0.0,0.1492,0.0,0.0,0.0,False
10,97,7.5361,-0.2354,1.4075,0.0,1.0815,0.0,0.0,0.0,False
10,98,7.4592,0.1541,2.0777,0.0,0.0217,0.0,0.0,0.0,False
10,99,7.3838,-1.338,0.4673,0.0,0.1858,0.0,0.0,0.0,False
10,100,7.31,-2.801,0.1082,0.0,1.114,0.0,0.0,0.0,False
10,101,7.2376,-0.0127,1.7587,0.0,2.0159,0.0,0.0,0.0,False
10,102,7.1667,-0.6921,0.8914,0.0,1.3853,0.0,0.0,0.0,False
10,103,7.0971,1.0187,4.9328,0.3776,2.3037,0.4359,0.375,0.3497,False
10,104,7.0288,0.0116,1.8019,0.0,1.2524,0.0,0.0,0.0,False
10,105,6.9619,-2.9485,0.0934,0.0,1.1887,0.0,0.0,0.0,False
10,106,6.8962,-0.002,1.7775,0.0,0.9474,0.0,0.0,0.0,False
10,107,6.8318,-0.2371,1.4051,0.0,3.0552,0.0,0.0,0.0,False
10,108,6.7685,0.2707,2.3348,0.0,2.157,0.0,0.0,0.0,False
10,109,6.7064,-0.601,0.9765,0.0,0.3836,0.0,0.0,0.0,False
10,110,6.6455,-0.3798,1.2183,0.0,1.2666,0.0,0.0,0.0,False
10,111,6.5856,-2.38,0.1648,0.0,1.0065,0.0,0.0,0.0,False
10,112,6.5268,-0.4721,1.1108,0.0,1.6665,0.0,0.0,0.0,False
10,113,6.469,-2.4746,0.15,0.0,0.388,0.0,0.0,0.0,False
10,114,6.4123,-2.6156,0.1302,0.0,0.2007,0.0,0.0,0.0,False
10,115,6.3565,0.0617,1.8945,0.0,3.8293,0.0,0.0,0.0,False
10,116,6.3017,-0.3493,1.256,0.0,1.3663,0.0,0.0,0.0,False
10,117,6.2479,0.6653,3.4642,0.0458,0.6083,0.0,0.0741,0.028,False
10,118,6.1949,1.3574,6.9214,0.9268,0.742,0.9615,0.912,0.9301,True
10,119,6.1429,-2.2757,0.183,0.0,0.6593,0.0,0.0,0.0,False
10,120,6.0917,-1.2371,0.5169,0.0,0.0566,0.0,0.0,0.0,False
10,121,6.0413,-0.9635,0.6795,0.0,0.2954,0.0,0.0,0.0,False
10,122,5.9918,0.63,3.3441,0.0,0.1405,0.0,0.0,0.0,False
10,123,5.9431,0.2715,2.3367,0.0,0.2383,0.0,0.0,0.0,False
10,124,5.8952,-1.8087,0.2918,0.0,0.3506,0.0,0.0,0.0,False
10,125,5.848,-0.8289,0.7775,0.0,1.8015,0.0,0.0,0.0,False
10,126,5.8016,0.8999,4.3803,0.1053,1.3592,0.0641,0.1343,0.0839,False
10,127,5.7559,0.9081,4.4163,0.1762,0.5517,0.1282,0.1759,0.2028,False
10,128,5.7109,-0.7337,0.8551,0.0,1.9662,0.0,0.0,0.0,False
10,129,5.6667,0.6776,3.5074,0.032,1.2608,0.0,0.0556,0.014,False
10,130,5.6231,-2.1544,0.2066,0.0,0.2024,0.0,0.0,0.0,False
10,131,5.5802,-0.4572,1.1276,0.0,0.903,0.0,0.0,0.0,False
10,132,5.5379,-2.0838,0.2217,0.0,3.3629,0.0,0.0,0.0,False
10,133,5.4962,-0.846,0.7643,0.0,1.9766,0.0,0.0,0.0,False
10,134,5.4552,0.1488,2.0668,0.0,1.764,0.0,0.0,0.0,False
10,135,5.4148,-0.7868,0.8109,0.0,0.539,0.0,0.0,0.0,False
10,136,5.375,0.5981,3.2393,0.0114,0.641,0.0,0.0231,0.0,False
10,137,5.3358,0.9235,4.485,0.1281,0.0243,0.0513,0.1806,0.0909,False
10,138,5.2971,-1.7339,0.3145,0.0,1.6951,0.0,0.0,0.0,False
10,139,5.259,-1.6585,0.3392,0.0,1.1384,0.0,0.0,0.0,False
10,140,5.2214,-0.5389,1.039,0.0,0.0007,0.0,0.0,0.0,False
10,141,5.1844,-1.181,0.5467,0.0,0.5536,0.0,0.0,0.0,False
10,142,5.1479,-1.2183,0.5267,0.0,1.6969,0.0,0.0,0.0,False
10,143,5.1119,-1.0317,0.6348,0.0,3.2346,0.0,0.0,0.0,False
10,144,5.0764,-0.736,0.8532,0.0,1.0996,0.0,0.0,0.0,False
10,145,5.0414,-0.4092,1.183,0.0,0.1809,0.0,0.0,0.0,False
10,146,5.0068,0.0289,1.8333,0.0,0.1338,0.0,0.0,0.0,False
10,147,4.9728,-1.0297,0.636,0.0,1.3233,0.0,0.0,0.0,False
10,148,4.9392,-0.5085,1.0711,0.0,0.4736,0.0,0.0,0.0,False
10,149,4.906,0.0731,1.9161,0.0023,0.1843,0.0,0.0046,0.0,False
10,150,4.8733,0.7086,3.6175,0.0114,1.4675,0.0256,0.0139,0.0,False
10,151,4.8411,-0.6841,0.8986,0.0,1.4275,0.0,0.0,0.0,False
10,152,4.8092,-2.1548,0.2065,0.0,0.4634,0.0,0.0,0.0,False
10,153,4.7778,0.0352,1.8448,0.0,0.4544,0.0,0.0,0.0,False
10,154,4.7468,0.1117,1.9915,0.0,2.1419,0.0,0.0,0.0,False
10,155,4.7161,0.544,3.0685,0.0137,0.1727,0.0,0.0046,0.035,False
10,156,4.6859,0.3703,2.5793,0.0,0.9811,0.0,0.0,0.0,False
10,157,4.6561,-0.74,0.8498,0.0,0.8926,0.0,0.0,0.0,False
10,158,4.6266,-2.1108,0.2158,0.0,0.1598,0.0,0.0,0.0,False
10,159,4.5975,-1.2384,0.5162,0.0,0.0708,0.0,0.0,0.0,False
10,160,4.5688,-0.6718,0.9097,0.0,2.2888,0.0,0.0,0.0,False
10,161,4.5404,-2.7291,0.1163,0.0,3.6227,0.0,0.0,0.0,False
10,162,4.5123,-0.4864,1.0951,0.0,0.5304,0.0,0.0,0.0,False
10,163,4.4847,0.5972,3.2361,0.0114,0.0719,0.0128,0.0185,0.0,False
10,164,4.4573,-1.8112,0.2911,0.0,1.9286,0.0,0.0,0.0,False
10,165,4.4303,-1.3459,0.4636,0.0,0.2033,0.0,0.0,0.0,False
10,166,4.4036,-1.5446,0.3801,0.0,0.2248,0.0,0.0,0.0,False
10,167,4.3772,0.3105,2.4296,0.0023,2.395,0.0,0.0,0.007,False
10,168,4.3512,0.0899,1.9486,0.0,1.5953,0.0,0.0,0.0,False
10,169,4.3254,-0.6685,0.9128,0.0,0.004,0.0,0.0,0.0,False
10,170,4.3,-0.8291,0.7773,0.0,0.9968,0.0,0.0,0.0,False
10,171,4.2749,0.4577,2.8148,0.0046,0.0225,0.0,0.0093,0.0,False
10,172,4.25,-0.7512,0.8403,0.0,1.5848,0.0,0.0,0.0,False
10,173,4.2254,-0.7228,0.8645,0.0,1.052,0.0,0.0,0.0,False
10,174,4.2011,-2.0606,0.2269,0.0,0.4079,0.0,0.0,0.0,False
10,175,4.1771,0.1869,2.1471,0.0,0.338,0.0,0.0,0.0,False
10,176,4.1534,-0.3388,1.2693,0.0,0.5606,0.0,0.0,0.0,False
10,177,4.1299,0.2168,2.2123,0.0,0.4203,0.0,0.0,0.0,False
10,178,4.1067,-2.1508,0.2073,0.0,2.0968,0.0,0.0,0.0,False
10,179,4.0838,0.7999,3.9636,0.0481,0.7442,0.0256,0.0556,0.049,False
10,180,4.0611,0.8967,4.3661,0.2151,0.6875,0.1795,0.2685,0.1538,False
10,181,4.0387,-0.556,1.0215,0.0,0.6969,0.0,0.0,0.0,False
10,182,4.0165,-1.7712,0.303,0.0,3.0589,0.0,0.0,0.0,False
10,183,3.9945,-0.2227,1.4255,0.0,1.8147,0.0,0.0,0.0,False
10,184,3.9728,-0.0698,1.661,0.0,0.2815,0.0,0.0,0.0,False
10,185,3.9514,1.0861,5.2766,0.4691,2.1234,0.5128,0.4491,0.4755,False
10,186,3.9301,1.1692,5.7339,0.6934,0.6478,0.7821,0.662,0.6923,False
10,187,3.9091,-3.4174,0.0584,0.0,0.9424,0.0,0.0,0.0,False
10,188,3.8883,0.437,2.7571,0.0023,0.0224,0.0128,0.0,0.0,False
10,189,3.8677,-2.9059,0.0974,0.0,0.0675,0.0,0.0,0.0,False
10,190,3.8474,0.7801,3.8857,0.0755,0.711,0.0513,0.0556,0.1189,False
10,191,3.8272,0.4557,2.8092,0.0023,0.3623,0.0,0.0046,0.0,False
10,192,3.8073,-1.2866,0.492,0.0,0.1337,0.0,0.0,0.0,False
10,193,3.7876,-0.0076,1.7677,0.0,0.3969,0.0,0.0,0.0,False
10,194,3.768,-0.2221,1.4264,0.0023,1.676,0.0,0.0046,0.0,False
10,195,3.7487,-1.1223,0.5798,0.0,0.2028,0.0,0.0,0.0,False
10,196,3.7296,-1.307,0.482,0.0,0.0019,0.0,0.0,0.0,False
10,197,3.7107,-2.8002,0.1083,0.0,0.387,0.0,0.0,0.0,False
10,198,3.6919,-0.0838,1.6379,0.0,0.6372,0.0,0.0,0.0,False
10,199,3.6734,-0.1818,1.485,0.0,1.409,0.0,0.0,0.0,False
10,200,3.655,-0.3525,1.252,0.0,0.8448,0.0,0.0,0.0,False
10,201,3.6368,0.2262,2.2331,0.0,0.705,0.0,0.0,0.0,False
10,202,3.6188,-0.1124,1.5918,0.0,0.2148,0.0,0.0,0.0,False
10,203,3.601,0.6826,3.5249,0.0114,0.418,0.0128,0.0093,0.014,False
10,204,3.5833,-1.3011,0.4849,0.0,1.5288,0.0,0.0,0.0,False
10,205,3.5659,-1.4258,0.428,0.0,1.0873,0.0,0.0,0.0,False
10,206,3.5485,0.3509,2.5297,0.0,0.8815,0.0,0.0,0.0,False
10,207,3.5314,-0.9385,0.6968,0.0,0.3838,0.0,0.0,0.0,False
10,208,3.5144,-2.0383,0.232,0.0,0.0456,0.0,0.0,0.0,False
10,209,3.4976,-2.4291,0.1569,0.0,2.1609,0.0,0.0,0.0,False
10,210,3.481,-1.1723,0.5515,0.0,0.1033,0.0,0.0,0.0,False
10,211,3.4645,1.0433,5.0557,0.4302,1.0391,0.4231,0.412,0.4615,False
10,212,3.4481,0.3502,2.5281,0.0,1.3602,0.0,0.0,0.0,False
10,213,3.4319,1.2952,6.5042,0.8924,5.2537,0.9359,0.8472,0.9371,False
10,214,3.4159,-1.8091,0.2917,0.0,0.1518,0.0,0.0,0.0,False
10,215,3.4,0.7616,3.8146,0.0778,0.1517,0.0256,0.1111,0.0559,False
10,216,3.3843,0.6033,3.256,0.016,0.3597,0.0,0.0139,0.028,False
10,217,3.3687,1.255,6.2476,0.8947,0.0859,0.9487,0.875,0.8951,False
10,218,3.3532,-1.383,0.4467,0.0,0.6264,0.0,0.0,0.0,False
10,219,3.3379,-0.3265,1.2849,0.0,0.2232,0.0,0.0,0.0,False
10,220,3.3227,-1.4511,0.4173,0.0,0.1878,0.0,0.0,0.0,False
10,221,3.3077,-2.3537,0.1692,0.0,0.0896,0.0,0.0,0.0,False
10,222,3.2928,-0.5587,1.0187,0.0,0.5612,0.0,0.0,0.0,False
10,223,3.278,0.3318,2.4819,0.0,0.3257,0.0,0.0,0.0,False
10,224,3.2634,-0.0926,1.6235,0.0,0.5963,0.0,0.0,0.0,False
10,225,3.2489,-0.6572,0.9231,0.0,0.6226,0.0,0.0,0.0,False
10,226,3.2345,-2.8918,0.0988,0.0,1.4156,0.0,0.0,0.0,False
10,227,3.2203,-1.0998,0.593,0.0,2.4689,0.0,0.0,0.0,False
10,228,3.2061,0.3553,2.5408,0.0023,0.5055,0.0,0.0,0.007,False
10,229,3.1921,0.2261,2.2328,0.0046,0.7201,0.0,0.0093,0.0,False
10,230,3.1783,1.635,9.1358,1.0,4.6216,1.0,1.0,1.0,True
10,231,3.1645,-1.031,0.6352,0.0,1.1034,0.0,0.0,0.0,False
10,232,3.1509,-0.0212,1.7437,0.0,0.6517,0.0,0.0,0.0,False
10,233,3.1373,-1.8914,0.2687,0.0,1.4275,0.0,0.0,0.0,False
10,234,3.1239,-0.6353,0.9436,0.0,0.1229,0.0,0.0,0.0,False
10,235,3.1106,0.6445,3.3928,0.0069,0.6405,0.0128,0.0093,0.0,False
10,236,3.0975,-1.5534,0.3768,0.0,0.9072,0.0,0.0,0.0,False
10,237,3.0844,0.8031,3.9763,0.0481,0.3405,0.0128,0.0463,0.0699,False
10,238,3.0714,-1.2427,0.514,0.0,1.4516,0.0,0.0,0.0,False
10,239,3.0586,-0.1882,1.4755,0.0,1.33,0.0,0.0,0.0,False
10,240,3.0458,0.7249,3.6772,0.0092,0.8475,0.0,0.0185,0.0,False
10,241,3.0332,-0.9492,0.6894,0.0,0.8837,0.0,0.0,0.0,False
10,242,3.0207,-1.3129,0.4792,0.0,1.2849,0.0,0.0,0.0,False
10,243,3.0082,-1.2307,0.5202,0.0,1.2632,0.0,0.0,0.0,False
10,244,2.9959,-3.4987,0.0539,0.0,0.6986,0.0,0.0,0.0,False
10,245,2.9837,-1.0674,0.6125,0.0,0.1727,0.0,0.0,0.0,False
10,246,2.9715,-0.8247,0.7808,0.0,0.2738,0.0,0.0,0.0,False
10,247,2.9595,0.5259,3.0136,0.0069,0.7726,0.0,0.0093,0.007,False
10,248,2.9476,0.2941,2.3901,0.0,1.4105,0.0,0.0,0.0,False
10,249,2.9357,0.301,2.4067,0.0,1.9992,0.0,0.0,0.0,False
10,250,2.924,-0.8225,0.7825,0.0,0.711,0.0,0.0,0.0,False
10,251,2.9124,-0.6481,0.9315,0.0,1.1788,0.0,0.0,0.0,False
10,252,2.9008,0.1691,2.1093,0.0,0.6832,0.0,0.0,0.0,False
10,253,2.8893,0.0159,1.8096,0.0,2.324,0.0,0.0,0.0,False
10,254,2.878,1.3846,7.1119,0.9725,0.0114,0.9744,0.9815,0.958,True
10,255,2.8667,-1.2034,0.5346,0.0,3.0284,0.0,0.0,0.0,False
10,256,2.8555,-0.5969,0.9806,0.0,0.3156,0.0,0.0,0.0,False
10,257,2.8444,1.0493,5.0864,0.4142,0.8761,0.5,0.3565,0.4545,False
10,258,2.8333,-0.9447,0.6925,0.0,0.5109,0.0,0.0,0.0,False
10,259,2.8224,-0.1273,1.5682,0.0,1.836,0.0,0.0,0.0,False
10,260,2.8115,-1.0261,0.6383,0.0,1.4155,0.0,0.0,0.0,False
10,261,2.8008,-0.1201,1.5795,0.0,0.3837,0.0,0.0,0.0,False
10,262,2.7901,-0.8592,0.7543,0.0,0.7545,0.0,0.0,0.0,False
10,263,2.7795,1.1521,5.637,0.6156,2.0268,0.6667,0.6667,0.5105,False
10,264,2.7689,0.9955,4.8198,0.27,0.6586,0.2179,0.2963,0.2587,False
10,265,2.7585,-2.3214,0.1748,0.0,0.4431,0.0,0.0,0.0,False
10,266,2.7481,-2.2014,0.1971,0.0,2.485,0.0,0.0,0.0,False
10,267,2.7378,-0.1145,1.5884,0.0,0.2628,0.0,0.0,0.0,False
10,268,2.7276,-3.1088,0.0795,0.0,0.5776,0.0,0.0,0.0,False
10,269,2.7175,-0.3942,1.2008,0.0,2.6207,0.0,0.0,0.0,False
10,270,2.7074,-1.6467,0.3432,0.0,0.379,0.0,0.0,0.0,False
10,271,2.6974,0.2659,2.3236,0.0,1.0902,0.0,0.0,0.0,False
10,272,2.6875,-3.1509,0.0763,0.0,0.1414,0.0,0.0,0.0,False
10,273,2.6777,-0.783,0.814,0.0,1.0385,0.0,0.0,0.0,False
10,274,2.6679,0.4242,2.722,0.0069,0.7635,0.0,0.0139,0.0,False
10,275,2.6582,-0.1973,1.4621,0.0,0.15,0.0,0.0,0.0,False
10,276,2.6486,0.1475,2.0642,0.0023,0.052,0.0,0.0,0.007,False
10,277,2.639,-0.0827,1.6398,0.0,1.4261,0.0,0.0,0.0,False
10,278,2.6295,0.2092,2.1955,0.0,1.3245,0.0,0.0,0.0,False
10,279,2.6201,-0.6854,0.8975,0.0,0.1756,0.0,0.0,0.0,False
10,280,2.6107,-0.6903,0.8931,0.0,0.408,0.0,0.0,0.0,False
10,281,2.6014,-0.0345,1.7206,0.0,0.2799,0.0,0.0,0.0,False
10,282,2.5922,-0.2132,1.4391,0.0,0.1968,0.0,0.0,0.0,False
10,283,2.583,-0.2167,1.434,0.0,0.6003,0.0,0.0,0.0,False
10,284,2.5739,0.0822,1.9336,0.0,0.0531,0.0,0.0,0.0,False
10,285,2.5649,-2.0254,0.235,0.0,0.5398,0.0,0.0,0.0,False
10,286,2.5559,0.7778,3.8769,0.0572,1.5811,0.0385,0.0509,0.0769,False
10,287,2.547,-0.535,1.0431,0.0,0.6729,0.0,0.0,0.0,False
10,288,2.5382,-0.6096,0.9681,0.0,0.6411,0.0,0.0,0.0,False
10,289,2.5294,-1.8075,0.2922,0.0,1.3778,0.0,0.0,0.0,False
10,290,2.5207,-0.2436,1.3961,0.0,1.0209,0.0,0.0,0.0,False
10,291,2.512,-1.0383,0.6306,0.0,0.1204,0.0,0.0,0.0,False
10,292,2.5034,-0.2607,1.3724,0.0,5.4834,0.0,0.0,0.0,False
10,293,2.4949,-1.5395,0.382,0.0,0.3015,0.0,0.0,0.0,False
10,294,2.4864,1.0086,4.8835,0.3638,1.4822,0.3462,0.3889,0.3357,False
10,295,2.478,-0.0304,1.7277,0.0,0.7567,0.0,0.0,0.0,False
10,296,2.4696,0.0272,1.8302,0.0,0.0683,0.0,0.0,0.0,False
10,297,2.4613,0.7432,3.745,0.0252,0.2745,0.0385,0.0093,0.042,False
10,298,2.453,-0.6207,0.9574,0.0,0.4819,0.0,0.0,0.0,False
10,299,2.4448,0.0708,1.9117,0.0,0.7677,0.0,0.0,0.0,False
10,300,2.4367,0.0906,1.9499,0.0,1.6607,0.0,0.0,0.0,False
10,301,2.4286,0.2129,2.2038,0.0,0.0832,0.0,0.0,0.0,False
10,302,2.4205,-0.0033,1.7751,0.0,1.4111,0.0,0.0,0.0,False
10,303,2.4125,-2.8223,0.1059,0.0,0.7105,0.0,0.0,0.0,False
10,304,2.4046,0.0507,1.8738,0.0,0.1921,0.0,0.0,0.0,False
10,305,2.3967,0.6014,3.2497,0.0275,0.4288,0.0,0.0509,0.007,False
10,306,2.3889,-3.5831,0.0495,0.0,0.9043,0.0,0.0,0.0,False
10,307,2.3811,0.0107,1.8002,0.0,0.8603,0.0,0.0,0.0,False
10,308,2.3734,-1.2269,0.5222,0.0,0.3059,0.0,0.0,0.0,False
10,309,2.3657,0.7201,3.6594,0.0137,0.0641,0.0,0.0185,0.014,False
10,310,2.3581,-0.3677,1.2331,0.0,0.1415,0.0,0.0,0.0,False
10,311,2.3505,-0.2834,1.3415,0.0,0.5734,0.0,0.0,0.0,False
10,312,2.3429,0.6284,3.3387,0.0092,0.5498,0.0,0.0185,0.0,False
10,313,2.3355,-0.927,0.7048,0.0,0.4261,0.0,0.0,0.0,False
10,314,2.328,-0.7181,0.8686,0.0,0.7448,0.0,0.0,0.0,False
10,315,2.3206,-0.3896,1.2064,0.0,0.6491,0.0,0.0,0.0,False
10,316,2.3133,-1.2254,0.523,0.0,0.066,0.0,0.0,0.0,False
10,317,2.306,-2.1484,0.2078,0.0,1.0265,0.0,0.0,0.0,False
10,318,2.2987,-0.1537,1.5273,0.0,0.0485,0.0,0.0,0.0,False
10,319,2.2915,-0.178,1.4906,0.0,0.1179,0.0,0.0,0.0,False
10,320,2.2844,-0.781,0.8156,0.0,0.0953,0.0,0.0,0.0,False
10,321,2.2773,0.2892,2.3784,0.0,0.1959,0.0,0.0,0.0,False
10,322,2.2702,-1.5408,0.3815,0.0,0.0054,0.0,0.0,0.0,False
10,323,2.2632,-2.1831,0.2007,0.0,0.4471,0.0,0.0,0.0,False
10,324,2.2562,1.088,5.287,0.492,3.1435,0.5641,0.4722,0.4825,False
10,325,2.2492,-0.5705,1.0067,0.0,0.0346,0.0,0.0,0.0,False
10,326,2.2423,0.4113,2.6873,0.0,1.2604,0.0,0.0,0.0,False
10,327,2.2355,-2.885,0.0995,0.0,0.2434,0.0,0.0,0.0,False
10,328,2.2287,-1.5653,0.3723,0.0,3.9125,0.0,0.0,0.0,False
10,329,2.2219,-0.2295,1.4159,0.0,2.165,0.0,0.0,0.0,False
10,330,2.2152,-0.8141,0.7891,0.0,2.542,0.0,0.0,0.0,False
10,331,2.2085,-1.3126,0.4793,0.0,0.1185,0.0,0.0,0.0,False
10,332,2.2018,-1.6634,0.3375,0.0,0.7287,0.0,0.0,0.0,False
10,333,2.1952,-0.346,1.2601,0.0,0.295,0.0,0.0,0.0,False
10,334,2.1886,0.3452,2.5154,0.0,1.9079,0.0,0.0,0.0,False
10,335,2.1821,1.0092,4.8861,0.3204,0.5817,0.3462,0.3194,0.3077,False
10,336,2.1756,1.0037,4.8593,0.3547,0.3403,0.3333,0.3843,0.3217,False
10,337,2.1691,-0.3592,1.2436,0.0,2.4841,0.0,0.0,0.0,False
10,338,2.1627,0.708,3.6156,0.0572,2.2007,0.0513,0.0694,0.042,False
10,339,2.1563,-3.2154,0.0715,0.0,0.096,0.0,0.0,0.0,False
10,340,2.15,0.0134,1.8051,0.0023,0.6225,0.0,0.0046,0.0,False
10,341,2.1437,-1.5666,0.3718,0.0,0.2807,0.0,0.0,0.0,False
10,342,2.1374,-1.0654,0.6137,0.0,0.5044,0.0,0.0,0.0,False
10,343,2.1312,-0.9428,0.6938,0.0,0.4165,0.0,0.0,0.0,False
10,344,2.125,0.103,1.9743,0.0,1.9385,0.0,0.0,0.0,False
10,345,2.1188,-1.5018,0.3967,0.0,0.1314,0.0,0.0,0.0,False
10,346,2.1127,-0.4877,1.0936,0.0,0.6198,0.0,0.0,0.0,False
10,347,2.1066,1.3504,6.873,0.8833,3.127,0.9744,0.8148,0.9371,False
10,348,2.1006,0.7132,3.6342,0.0435,1.3657,0.0128,0.0787,0.007,False
10,349,2.0946,-0.1185,1.582,0.0,0.0272,0.0,0.0,0.0,False
10,350,2.0886,0.8327,4.0958,0.0458,3.6425,0.0256,0.0509,0.049,False
10,351,2.0826,-3.3514,0.0624,0.0,0.5258,0.0,0.0,0.0,False
10,352,2.0767,-0.5698,1.0074,0.0,0.928,0.0,0.0,0.0,False
10,353,2.0708,0.7771,3.874,0.0275,0.4727,0.0,0.0463,0.014,False
10,354,2.065,-1.1297,0.5755,0.0,0.2008,0.0,0.0,0.0,False
10,355,2.0592,-0.7001,0.8844,0.0,0.2617,0.0,0.0,0.0,False
10,356,2.0534,-0.117,1.5844,0.0,0.5313,0.0,0.0,0.0,False
10,357,2.0476,0.7279,3.6882,0.0572,1.9894,0.0128,0.0694,0.0629,False
10,358,2.0419,1.3013,6.544,0.9382,0.024,0.9487,0.9213,0.958,True
10,359,2.0362,-0.6777,0.9044,0.0,0.622,0.0,0.0,0.0,False
10,360,2.0306,0.8904,4.3389,0.1854,3.345,0.1154,0.2593,0.1119,False
10,361,2.0249,0.2671,2.3263,0.0,1.4715,0.0,0.0,0.0,False
10,362,2.0193,-1.0543,0.6206,0.0,0.7973,0.0,0.0,0.0,False
10,363,2.0138,0.3201,2.4529,0.0,2.1036,0.0,0.0,0.0,False
10,364,2.0082,-1.4695,0.4097,0.0,0.1204,0.0,0.0,0.0,False
10,365,2.0027,-1.844,0.2817,0.0,5.5397,0.0,0.0,0.0,False
11,1,1319.0,-1.0868,0.6008,0.0,1.2544,0.0,0.0,0.0,False
11,2,659.5,0.5676,3.1418,0.3753,0.2671,0.0897,0.4769,0.3776,False
11,3,439.6667,-1.0783,0.6059,0.0,2.975,0.0,0.0,0.0,False
11,4,329.75,-1.026,0.6384,0.0,2.2153,0.0,0.0,0.0,False
11,5,263.8,-0.8815,0.7377,0.0,0.9041,0.0,0.0,0.0,False
11,6,219.8333,-1.6572,0.3396,0.0,0.8951,0.0,0.0,0.0,False
11,7,188.4286,-1.9301,0.2585,0.0,4.2874,0.0,0.0,0.0,False
11,8,164.875,-0.2659,1.3652,0.0,0.7892,0.0,0.0,0.0,False
11,9,146.5556,0.0622,1.8954,0.0,0.8072,0.0,0.0,0.0,False
11,10,131.9,-1.4249,0.4284,0.0,1.8003,0.0,0.0,0.0,False
11,11,119.9091,-1.9602,0.2508,0.0,0.1081,0.0,0.0,0.0,False
11,12,109.9167,-0.2965,1.3241,0.0,2.0079,0.0,0.0,0.0,False
11,13,101.4615,0.7828,3.8963,0.1419,0.329,0.0641,0.1481,0.1748,False
11,14,94.2143,-0.1588,1.5195,0.0,1.2096,0.0,0.0,0.0,False
11,15,87.9333,0.7569,3.7965,0.0549,0.491,0.0385,0.0602,0.0559,False
11,16,82.4375,-0.9551,0.6853,0.0,1.4279,0.0,0.0,0.0,False
11,17,77.5882,-0.5353,1.0428,0.0,0.5736,0.0,0.0,0.0,False
11,18,73.2778,0.6982,3.58,0.0092,1.1043,0.0,0.0093,0.014,False
11,19,69.4211,-2.0655,0.2258,0.0,0.0617,0.0,0.0,0.0,False
11,20,65.95,0.0832,1.9356,0.0,1.2691,0.0,0.0,0.0,False
11,21,62.8095,0.8062,3.9886,0.0366,1.1675,0.0128,0.0556,0.021,False
11,22,59.9545,-1.9331,0.2577,0.0,1.5343,0.0,0.0,0.0,False
11,23,57.3478,-2.0155,0.2373,0.0,0.3991,0.0,0.0,0.0,False
11,24,54.9583,-0.2799,1.3462,0.0,1.6732,0.0,0.0,0.0,False
11,25,52.76,-0.8168,0.787,0.0,0.3077,0.0,0.0,0.0,False
11,26,50.7308,0.2217,2.2232,0.0,0.7507,0.0,0.0,0.0,False
11,27,48.8519,-0.7593,0.8336,0.0,0.5438,0.0,0.0,0.0,False
11,28,47.1071,1.0871,5.2821,0.5217,2.5349,0.5897,0.4954,0.5245,False
11,29,45.4828,-0.439,1.1482,0.0,0.5774,0.0,0.0,0.0,False
11,30,43.9667,-0.7796,0.8168,0.0,0.9057,0.0,0.0,0.0,False
11,31,42.5484,-1.3299,0.4711,0.0,0.2046,0.0,0.0,0.0,False
11,32,41.2188,-0.8064,0.7952,0.0,1.0792,0.0,0.0,0.0,False
11,33,39.9697,-0.4807,1.1013,0.0,0.1245,0.0,0.0,0.0,False
11,34,38.7941,-1.6895,0.3288,0.0,0.2509,0.0,0.0,0.0,False
11,35,37.6857,-1.328,0.472,0.0,0.1988,0.0,0.0,0.0,False
11,36,36.6389,0.1763,2.1244,0.0,0.816,0.0,0.0,0.0,False
11,37,35.6486,-0.5848,0.9924,0.0,2.7247,0.0,0.0,0.0,False
11,38,34.7105,0.1476,2.0643,0.0,0.3394,0.0,0.0,0.0,False
11,39,33.8205,1.2059,5.9483,0.7529,0.5103,0.8718,0.7037,0.7622,False
11,40,32.975,0.167,2.1049,0.0,0.7734,0.0,0.0,0.0,False
11,41,32.1707,-1.265,0.5027,0.0,0.7077,0.0,0.0,0.0,False
11,42,31.4048,0.6463,3.399,0.0183,0.161,0.0128,0.0046,0.042,False
11,43,30.6744,0.5488,3.0834,0.0664,0.5245,0.0,0.1111,0.035,False
11,44,29.9773,-1.0401,0.6294,0.0,0.6012,0.0,0.0,0.0,False
11,45,29.3111,-1.5027,0.3963,0.0,0.1438,0.0,0.0,0.0,False
11,46,28.6739,0.3636,2.5621,0.0023,0.8101,0.0,0.0046,0.0,False
11,47,28.0638,-1.8164,0.2896,0.0,0.9788,0.0,0.0,0.0,False
11,48,27.4792,-2.0574,0.2276,0.0,2.2502,0.0,0.0,0.0,False
11,49,26.9184,1.065,5.1665,0.4348,0.2673,0.4744,0.4306,0.4196,False
11,50,26.38,0.4132,2.6924,0.0023,0.6582,0.0,0.0046,0.0,False
11,51,25.8627,-0.8584,0.7549,0.0,0.3394,0.0,0.0,0.0,False
11,52,25.3654,-0.829,0.7774,0.0,0.1836,0.0,0.0,0.0,False
11,53,24.8868,-0.8217,0.7831,0.0,0.1751,0.0,0.0,0.0,False
11,54,24.4259,-0.8975,0.726,0.0,0.0724,0.0,0.0,0.0,False
11,55,23.9818,-1.7395,0.3128,0.0,0.7533,0.0,0.0,0.0,False
11,56,23.5536,-0.387,1.2096,0.0,0.7553,0.0,0.0,0.0,False
11,57,23.1404,0.5729,3.1585,0.0023,1.3079,0.0,0.0046,0.0,False
11,58,22.7414,-0.3494,1.2558,0.0,0.5246,0.0,0.0,0.0,False
11,59,22.3559,0.2189,2.2168,0.0,0.0415,0.0,0.0,0.0,False
11,60,21.9833,0.0476,1.8679,0.0,0.0847,0.0,0.0,0.0,False
11,61,21.623,-0.5611,1.0163,0.0,0.4734,0.0,0.0,0.0,False
11,62,21.2742,0.4294,2.7362,0.0,0.7336,0.0,0.0,0.0,False
11,63,20.9365,-1.572,0.3698,0.0,0.0949,0.0,0.0,0.0,False
11,64,20.6094,-2.9591,0.0924,0.0,0.359,0.0,0.0,0.0,False
11,65,20.2923,-0.929,0.7034,0.0,1.1617,0.0,0.0,0.0,False
11,66,19.9848,0.963,4.6654,0.2723,0.8432,0.2179,0.2731,0.3007,False
11,67,19.6866,-0.8882,0.7327,0.0,0.2711,0.0,0.0,0.0,False
11,68,19.3971,-2.3492,0.17,0.0,3.0103,0.0,0.0,0.0,False
11,69,19.1159,0.3756,2.593,0.0,0.0745,0.0,0.0,0.0,False
11,70,18.8429,0.5212,2.9995,0.0137,2.0996,0.0,0.0139,0.021,False
11,71,18.5775,0.36,2.5529,0.0,1.1813,0.0,0.0,0.0,False
11,72,18.3194,-2.5708,0.1362,0.0,0.3244,0.0,0.0,0.0,False
11,73,18.0685,-0.3467,1.2593,0.0,0.0047,0.0,0.0,0.0,False
11,74,17.8243,-2.521,0.1432,0.0,1.218,0.0,0.0,0.0,False
11,75,17.5867,-1.0354,0.6324,0.0,0.3859,0.0,0.0,0.0,False
11,76,17.3553,-1.6312,0.3486,0.0,0.982,0.0,0.0,0.0,False
11,77,17.1299,0.5103,2.967,0.0023,0.1792,0.0,0.0,0.007,False
11,78,16.9103,-0.1413,1.5463,0.0,2.469,0.0,0.0,0.0,False
11,79,16.6962,-1.2717,0.4994,0.0,0.0836,0.0,0.0,0.0,False
11,80,16.4875,-0.0909,1.6263,0.0069,0.4272,0.0,0.0093,0.007,False
11,81,16.284,0.2161,2.2107,0.0092,0.2026,0.0,0.0046,0.021,False
11,82,16.0854,-0.0932,1.6225,0.0,1.8481,0.0,0.0,0.0,False
11,83,15.8916,0.1167,2.0016,0.0,0.8681,0.0,0.0,0.0,False
11,84,15.7024,-0.2628,1.3695,0.0,0.6049,0.0,0.0,0.0,False
11,85,15.5176,-0.1672,1.5068,0.0,0.2891,0.0,0.0,0.0,False
11,86,15.3372,0.3034,2.4125,0.0,0.1398,0.0,0.0,0.0,False
11,87,15.1609,-1.0963,0.595,0.0,0.1595,0.0,0.0,0.0,False
11,88,14.9886,-1.4754,0.4073,0.0,0.7584,0.0,0.0,0.0,False
11,89,14.8202,-0.574,1.0032,0.0,0.3539,0.0,0.0,0.0,False
11,90,14.6556,-0.1926,1.4691,0.0,0.7958,0.0,0.0,0.0,False
11,91,14.4945,1.6568,9.3373,0.9931,0.4644,1.0,0.9907,0.993,True
11,92,14.337,-0.874,0.7432,0.0,1.7992,0.0,0.0,0.0,False
11,93,14.1828,0.5562,3.1062,0.0069,1.9567,0.0,0.0,0.021,False
11,94,14.0319,0.6988,3.5824,0.016,0.1667,0.0128,0.0185,0.014,False
11,95,13.8842,-2.0524,0.2287,0.0,1.5568,0.0,0.0,0.0,False
11,96,13.7396,0.0495,1.8715,0.0,1.7326,0.0,0.0,0.0,False
11,97,13.5979,-0.3572,1.2461,0.0,0.3226,0.0,0.0,0.0,False
11,98,13.4592,-0.3838,1.2134,0.0,1.2296,0.0,0.0,0.0,False
11,99,13.3232,-1.7951,0.2959,0.0,3.224,0.0,0.0,0.0,False
11,100,13.19,0.2171,2.213,0.0,0.5917,0.0,0.0,0.0,False
11,101,13.0594,-2.422,0.1581,0.0,0.0414,0.0,0.0,0.0,False
11,102,12.9314,0.2603,2.3107,0.0046,2.0967,0.0,0.0093,0.0,False
11,103,12.8058,-1.6185,0.353,0.0,0.2783,0.0,0.0,0.0,False
11,104,12.6827,-1.3994,0.4395,0.0,4.0127,0.0,0.0,0.0,False
11,105,12.5619,0.3612,2.5559,0.0,0.8384,0.0,0.0,0.0,False
11,106,12.4434,0.8954,4.3607,0.1808,1.7935,0.1923,0.1713,0.1888,False
11,107,12.3271,-0.1465,1.5384,0.0,0.4996,0.0,0.0,0.0,False
11,108,12.213,-0.5247,1.0539,0.0,2.3758,0.0,0.0,0.0,False
11,109,12.1009,-2.1457,0.2084,0.0,0.5649,0.0,0.0,0.0,False
11,110,11.9909,-1.0043,0.6524,0.0,1.5582,0.0,0.0,0.0,False
11,111,11.8829,-2.3934,0.1626,0.0,0.4613,0.0,0.0,0.0,False
11,112,11.7768,-1.6498,0.3421,0.0,1.114,0.0,0.0,0.0,False
11,113,11.6726,-1.8478,0.2807,0.0,1.5469,0.0,0.0,0.0,False
11,114,11.5702,-0.308,1.3089,0.0,0.0353,0.0,0.0,0.0,False
11,115,11.4696,-2.3774,0.1653,0.0,0.367,0.0,0.0,0.0,False
11,116,11.3707,-0.7922,0.8065,0.0,0.9043,0.0,0.0,0.0,False
11,117,11.2735,0.3559,2.5424,0.0,0.802,0.0,0.0,0.0,False
11,118,11.178,-1.6188,0.3529,0.0,0.0361,0.0,0.0,0.0,False
11,119,11.084,-0.3935,1.2017,0.0,0.712,0.0,0.0,0.0,False
11,120,10.9917,-0.968,0.6765,0.0,0.1369,0.0,0.0,0.0,False
11,121,10.9008,-0.4621,1.122,0.0,2.2577,0.0,0.0,0.0,False
11,122,10.8115,-0.488,1.0933,0.0,0.8671,0.0,0.0,0.0,False
11,123,10.7236,0.4559,2.8097,0.0046,1.2727,0.0,0.0046,0.007,False
11,124,10.6371,-2.3434,0.171,0.0,0.2856,0.0,0.0,0.0,False
11,125,10.552,-0.3598,1.2429,0.0,1.2306,0.0,0.0,0.0,False
11,126,10.4683,-1.1546,0.5614,0.0,0.1335,0.0,0.0,0.0,False
11,127,10.3858,-2.0565,0.2278,0.0,0.0114,0.0,0.0,0.0,False
11,128,10.3047,-2.5212,0.1431,0.0,0.2523,0.0,0.0,0.0,False
11,129,10.2248,-1.6804,0.3318,0.0,1.033,0.0,0.0,0.0,False
11,130,10.1462,0.3346,2.4887,0.0,0.2348,0.0,0.0,0.0,False
11,131,10.0687,-0.4613,1.1229,0.0,1.1685,0.0,0.0,0.0,False
11,132,9.9924,-0.5013,1.0788,0.0,0.2108,0.0,0.0,0.0,False
11,133,9.9173,-2.1303,0.2116,0.0,0.6261,0.0,0.0,0.0,False
11,134,9.8433,0.7363,3.7191,0.0549,1.877,0.0128,0.088,0.028,False
11,135,9.7704,-0.547,1.0306,0.0,0.8655,0.0,0.0,0.0,False
11,136,9.6985,0.1829,2.1385,0.0046,1.6919,0.0,0.0093,0.0,False
11,137,9.6277,0.7287,3.6911,0.0709,0.1707,0.0256,0.088,0.0699,False
11,138,9.558,0.3245,2.4637,0.0,1.5315,0.0,0.0,0.0,False
11,139,9.4892,-0.0015,1.7785,0.0,1.1276,0.0,0.0,0.0,False
11,140,9.4214,-1.4763,0.407,0.0,0.3854,0.0,0.0,0.0,False
11,141,9.3546,-3.186,0.0736,0.0,0.1192,0.0,0.0,0.0,False
11,142,9.2887,-0.9973,0.657,0.0,0.964,0.0,0.0,0.0,False
11,143,9.2238,-1.1112,0.5862,0.0,0.4668,0.0,0.0,0.0,False
11,144,9.1597,0.0712,1.9126,0.0,0.3609,0.0,0.0,0.0,False
11,145,9.0966,1.3907,7.1555,0.9359,1.7677,0.9744,0.9398,0.9091,True
11,146,9.0342,0.7685,3.8409,0.0801,3.3254,0.0769,0.1111,0.035,False
11,147,8.9728,-0.1358,1.555,0.0,0.9184,0.0,0.0,0.0,False
11,148,8.9122,-0.9924,0.6602,0.0,1.0402,0.0,0.0,0.0,False
11,149,8.8523,-0.1556,1.5244,0.0,0.363,0.0,0.0,0.0,False
11,150,8.7933,-0.4463,1.1399,0.0,1.7411,0.0,0.0,0.0,False
11,151,8.7351,-1.3137,0.4788,0.0,0.4402,0.0,0.0,0.0,False
11,152,8.6776,0.0429,1.8591,0.0023,0.0551,0.0,0.0046,0.0,False
11,153,8.6209,-0.5147,1.0645,0.0,1.2126,0.0,0.0,0.0,False
11,154,8.5649,-1.1993,0.5368,0.0,0.3487,0.0,0.0,0.0,False
11,155,8.5097,-0.882,0.7373,0.0,0.8182,0.0,0.0,0.0,False
11,156,8.4551,0.1286,2.0254,0.0,0.0591,0.0,0.0,0.0,False
11,157,8.4013,-2.8127,0.1069,0.0,0.0571,0.0,0.0,0.0,False
11,158,8.3481,0.6451,3.3951,0.016,0.4616,0.0128,0.0231,0.007,False
11,159,8.2956,-3.0028,0.0884,0.0,3.7408,0.0,0.0,0.0,False
11,160,8.2438,-1.4009,0.4388,0.0,0.838,0.0,0.0,0.0,False
11,161,8.1925,-1.2809,0.4948,0.0,0.5632,0.0,0.0,0.0,False
11,162,8.142,0.0421,1.8576,0.0,1.4988,0.0,0.0,0.0,False
11,163,8.092,-0.5386,1.0394,0.0,0.0942,0.0,0.0,0.0,False
11,164,8.0427,-0.0991,1.6131,0.0,0.4897,0.0,0.0,0.0,False
11,165,7.9939,-2.3506,0.1698,0.0,0.0521,0.0,0.0,0.0,False
11,166,7.9458,0.3185,2.4492,0.0023,0.0401,0.0,0.0,0.007,False
11,167,7.8982,-0.9622,0.6805,0.0,0.323,0.0,0.0,0.0,False
11,168,7.8512,-0.5591,1.0183,0.0,0.4834,0.0,0.0,0.0,False
11,169,7.8047,-1.6546,0.3405,0.0,3.0871,0.0,0.0,0.0,False
11,170,7.7588,0.6083,3.2725,0.0641,1.0238,0.0128,0.0556,0.1049,False
11,171,7.7135,1.126,5.4917,0.5469,0.6239,0.6026,0.5509,0.5105,False
11,172,7.6686,-0.5017,1.0785,0.0,1.847,0.0,0.0,0.0,False
11,173,7.6243,-0.965,0.6785,0.0,0.0572,0.0,0.0,0.0,False
11,174,7.5805,0.3814,2.6082,0.0092,0.209,0.0,0.0185,0.0,False
11,175,7.5371,1.213,5.9909,0.7414,0.3277,0.859,0.7454,0.6713,False
11,176,7.4943,-0.1732,1.4978,0.0,1.089,0.0,0.0,0.0,False
11,177,7.452,0.8848,4.3147,0.1419,0.503,0.1154,0.125,0.1818,False
11,178,7.4101,0.2175,2.2138,0.0046,0.2717,0.0,0.0093,0.0,False
11,179,7.3687,-1.3074,0.4818,0.0,0.612,0.0,0.0,0.0,False
11,180,7.3278,0.3506,2.529,0.0,1.2024,0.0,0.0,0.0,False
11,181,7.2873,1.0012,4.8473,0.4073,1.7742,0.3462,0.3796,0.4825,False
11,182,7.2473,-0.7004,0.8841,0.0,0.4488,0.0,0.0,0.0,False
11,183,7.2077,-0.1993,1.4593,0.0,0.2405,0.0,0.0,0.0,False
11,184,7.1685,-0.321,1.2921,0.0,0.8764,0.0,0.0,0.0,False
11,185,7.1297,0.4526,2.8007,0.0,0.7851,0.0,0.0,0.0,False
11,186,7.0914,-2.0869,0.221,0.0,0.044,0.0,0.0,0.0,False
11,187,7.0535,1.1614,5.6893,0.6888,0.3338,0.7949,0.625,0.7273,False
11,188,7.016,-2.8171,0.1065,0.0,0.3337,0.0,0.0,0.0,False
11,189,6.9788,-0.6619,0.9188,0.0,0.2439,0.0,0.0,0.0,False
11,190,6.9421,-3.1225,0.0785,0.0,0.0721,0.0,0.0,0.0,False
11,191,6.9058,0.3218,2.4572,0.0,0.1904,0.0,0.0,0.0,False
11,192,6.8698,-1.6089,0.3564,0.0,0.257,0.0,0.0,0.0,False
11,193,6.8342,-0.3278,1.2833,0.0,1.7623,0.0,0.0,0.0,False
11,194,6.799,-1.5141,0.3918,0.0,0.2751,0.0,0.0,0.0,False
11,195,6.7641,-0.6867,0.8963,0.0,2.9467,0.0,0.0,0.0,False
11,196,6.7296,-1.0951,0.5958,0.0,1.0532,0.0,0.0,0.0,False
11,197,6.6954,0.529,3.0229,0.0023,3.2767,0.0,0.0,0.007,False
11,198,6.6616,-0.1855,1.4796,0.0,1.8165,0.0,0.0,0.0,False
11,199,6.6281,1.4477,7.5757,0.984,0.2075,0.9872,0.9769,0.993,True
11,200,6.595,-2.7107,0.1184,0.0,0.7297,0.0,0.0,0.0,False
11,201,6.5622,-2.1167,0.2145,0.0,0.9846,0.0,0.0,0.0,False
11,202,6.5297,0.543,3.0655,0.0183,0.6819,0.0,0.0278,0.014,False
11,203,6.4975,-3.6752,0.0451,0.0,2.9309,0.0,0.0,0.0,False
11,204,6.4657,0.8569,4.1959,0.1007,0.2872,0.0513,0.088,0.1469,False
11,205,6.4341,-0.8246,0.7809,0.0,0.0435,0.0,0.0,0.0,False
11,206,6.4029,-0.5719,1.0053,0.0,0.2129,0.0,0.0,0.0,False
11,207,6.372,-0.1784,1.4901,0.0,1.0908,0.0,0.0,0.0,False
11,208,6.3413,0.111,1.9902,0.0,0.4147,0.0,0.0,0.0,False
11,209,6.311,-0.0015,1.7784,0.0,0.6985,0.0,0.0,0.0,False
11,210,6.281,-0.1197,1.5801,0.0,0.3974,0.0,0.0,0.0,False
11,211,6.2512,-2.3112,0.1766,0.0,0.6124,0.0,0.0,0.0,False
11,212,6.2217,-1.8001,0.2944,0.0,0.1132,0.0,0.0,0.0,False
11,213,6.1925,-0.3219,1.2909,0.0,0.546,0.0,0.0,0.0,False
11,214,6.1636,-2.0758,0.2234,0.0,0.7145,0.0,0.0,0.0,False
11,215,6.1349,-2.732,0.1159,0.0,0.0483,0.0,0.0,0.0,False
11,216,6.1065,1.525,8.184,0.9794,1.9431,1.0,0.9815,0.965,True
11,217,6.0783,-1.6891,0.3289,0.0,0.5497,0.0,0.0,0.0,False
11,218,6.0505,0.2079,2.1927,0.0,1.5383,0.0,0.0,0.0,False
11,219,6.0228,0.2764,2.3482,0.0,0.1794,0.0,0.0,0.0,False
11,220,5.9955,0.2286,2.2385,0.0023,0.0668,0.0,0.0046,0.0,False
11,221,5.9683,-1.3434,0.4648,0.0,0.2703,0.0,0.0,0.0,False
11,222,5.9414,-1.1078,0.5883,0.0,0.648,0.0,0.0,0.0,False
11,223,5.9148,-0.874,0.7432,0.0,0.1256,0.0,0.0,0.0,False
11,224,5.8884,-0.1578,1.5211,0.0,0.8763,0.0,0.0,0.0,False
11,225,5.8622,-0.6464,0.9332,0.0,0.0671,0.0,0.0,0.0,False
11,226,5.8363,0.8561,4.1928,0.1098,1.6721,0.1282,0.1157,0.0909,False
11,227,5.8106,-0.8069,0.7947,0.0,1.0857,0.0,0.0,0.0,False
11,228,5.7851,-0.4724,1.1105,0.0,2.392,0.0,0.0,0.0,False
11,229,5.7598,0.1457,2.0604,0.0023,1.3042,0.0128,0.0,0.0,False
11,230,5.7348,0.1396,2.048,0.0,0.7119,0.0,0.0,0.0,False
11,231,5.71,-0.5377,1.0403,0.0,0.8698,0.0,0.0,0.0,False
11,232,5.6853,-0.0668,1.6659,0.0,0.0492,0.0,0.0,0.0,False
11,233,5.6609,-0.8534,0.7587,0.0,1.9301,0.0,0.0,0.0,False
11,234,5.6368,-1.4535,0.4163,0.0,0.1955,0.0,0.0,0.0,False
11,235,5.6128,-0.7131,0.873,0.0,0.2054,0.0,0.0,0.0,False
11,236,5.589,-0.7098,0.8758,0.0,0.1227,0.0,0.0,0.0,False
11,237,5.5654,-0.3791,1.2192,0.0023,2.4227,0.0,0.0,0.007,False
11,238,5.542,-1.6548,0.3404,0.0,0.1806,0.0,0.0,0.0,False
11,239,5.5188,0.1848,2.1426,0.0,1.6301,0.0,0.0,0.0,False
11,240,5.4958,0.3963,2.6472,0.0023,0.2841,0.0,0.0,0.007,False
11,241,5.473,0.1191,2.0063,0.0,0.117,0.0,0.0,0.0,False
11,242,5.4504,-1.5454,0.3798,0.0,0.0852,0.0,0.0,0.0,False
11,243,5.428,-0.7545,0.8375,0.0,0.2188,0.0,0.0,0.0,False
11,244,5.4057,0.5324,3.0332,0.0092,0.2624,0.0,0.0185,0.0,False
11,245,5.3837,-1.3702,0.4525,0.0,0.8031,0.0,0.0,0.0,False
11,246,5.3618,-0.0678,1.6644,0.0,0.0941,0.0,0.0,0.0,False
11,247,5.3401,0.3713,2.5818,0.0,0.6945,0.0,0.0,0.0,False
11,248,5.3185,-0.0878,1.6313,0.0,0.0948,0.0,0.0,0.0,False
11,249,5.2972,-0.5248,1.0539,0.0,0.0229,0.0,0.0,0.0,False
11,250,5.276,0.124,2.0163,0.0,0.3122,0.0,0.0,0.0,False
11,251,5.255,-0.724,0.8635,0.0,0.4818,0.0,0.0,0.0,False
11,252,5.2341,-0.1375,1.5522,0.0,0.1753,0.0,0.0,0.0,False
11,253,5.2134,-0.7593,0.8335,0.0,1.7532,0.0,0.0,0.0,False
11,254,5.1929,-2.3443,0.1708,0.0,0.0381,0.0,0.0,0.0,False
11,255,5.1725,1.0414,5.0459,0.3867,0.4555,0.3846,0.3704,0.4126,False
11,256,5.1523,-2.3877,0.1636,0.0,0.1582,0.0,0.0,0.0,False
11,257,5.1323,-3.0992,0.0803,0.0,2.2323,0.0,0.0,0.0,False
11,258,5.1124,-1.5567,0.3755,0.0,1.3252,0.0,0.0,0.0,False
11,259,5.0927,0.0912,1.9512,0.0,0.3676,0.0,0.0,0.0,False
11,260,5.0731,0.6537,3.4245,0.0709,0.4236,0.0,0.1111,0.049,False
11,261,5.0536,-1.5684,0.3711,0.0,0.6514,0.0,0.0,0.0,False
11,262,5.0344,0.1826,2.1379,0.0,0.8579,0.0,0.0,0.0,False
11,263,5.0152,1.0696,5.1902,0.5011,2.7124,0.5897,0.4815,0.4825,False
11,264,4.9962,-1.8276,0.2864,0.0,0.1042,0.0,0.0,0.0,False
11,265,4.9774,1.4196,7.3656,0.9703,0.6805,1.0,0.9722,0.951,True
11,266,4.9586,-0.3075,1.3097,0.0,0.0884,0.0,0.0,0.0,False
11,267,4.9401,0.0769,1.9234,0.0,0.3527,0.0,0.0,0.0,False
11,268,4.9216,0.5691,3.1465,0.0343,0.6256,0.0,0.0509,0.028,False
11,269,4.9033,-0.7809,0.8157,0.0,1.085,0.0,0.0,0.0,False
11,270,4.8852,1.2127,5.9889,0.7574,2.0628,0.8205,0.713,0.7902,False
11,271,4.8672,0.2455,2.2767,0.0,0.7171,0.0,0.0,0.0,False
11,272,4.8493,-0.6625,0.9182,0.0,2.4272,0.0,0.0,0.0,False
11,273,4.8315,-0.0678,1.6644,0.0,0.4351,0.0,0.0,0.0,False
11,274,4.8139,-1.2856,0.4924,0.0,4.4243,0.0,0.0,0.0,False
11,275,4.7964,-0.1301,1.5639,0.0,0.7077,0.0,0.0,0.0,False
11,276,4.779,0.8468,4.1538,0.1007,0.3682,0.0897,0.0787,0.1399,False
11,277,4.7617,-2.5455,0.1397,0.0,0.6275,0.0,0.0,0.0,False
11,278,4.7446,-1.7303,0.3157,0.0,0.4425,0.0,0.0,0.0,False
11,279,4.7276,1.2432,6.1742,0.7872,0.6047,0.9103,0.7593,0.7622,False
11,280,4.7107,-1.6628,0.3377,0.0,1.9225,0.0,0.0,0.0,False
11,281,4.694,-0.3058,1.3118,0.0,0.2898,0.0,0.0,0.0,False
11,282,4.6773,-0.2771,1.35,0.0,2.482,0.0,0.0,0.0,False
11,283,4.6608,-0.8382,0.7703,0.0,0.1173,0.0,0.0,0.0,False
11,284,4.6444,-0.9626,0.6802,0.0,1.0123,0.0,0.0,0.0,False
11,285,4.6281,1.4667,7.721,0.9886,1.3505,0.9872,0.9907,0.986,True
11,286,4.6119,-1.5362,0.3833,0.0,0.3401,0.0,0.0,0.0,False
11,287,4.5958,-1.0413,0.6287,0.0,2.2339,0.0,0.0,0.0,False
11,288,4.5799,-0.3864,1.2103,0.0,1.4173,0.0,0.0,0.0,False
11,289,4.564,-0.4877,1.0936,0.0,0.0971,0.0,0.0,0.0,False
11,290,4.5483,0.5994,3.2433,0.0389,3.2887,0.0128,0.0509,0.035,False
11,291,4.5326,-1.1183,0.5821,0.0023,0.5679,0.0,0.0046,0.0,False
11,292,4.5171,-2.5583,0.1379,0.0,1.642,0.0,0.0,0.0,False
11,293,4.5017,0.818,4.036,0.1465,0.4239,0.1026,0.1343,0.1888,False
11,294,4.4864,-0.9069,0.7191,0.0,0.0232,0.0,0.0,0.0,False
11,295,4.4712,-0.5149,1.0642,0.0,1.0363,0.0,0.0,0.0,False
11,296,4.4561,1.1034,5.3691,0.5355,0.0632,0.5897,0.5787,0.4406,False
11,297,4.4411,-3.4586,0.0561,0.0,1.4409,0.0,0.0,0.0,False
11,298,4.4262,0.3373,2.4955,0.0023,0.3324,0.0,0.0046,0.0,False
11,299,4.4114,0.3916,2.6349,0.0,0.0582,0.0,0.0,0.0,False
11,300,4.3967,-0.3329,1.2767,0.0,0.0616,0.0,0.0,0.0,False
11,301,4.3821,0.023,1.8226,0.0,1.4605,0.0,0.0,0.0,False
11,302,4.3675,0.3253,2.4657,0.0023,0.5318,0.0,0.0,0.007,False
11,303,4.3531,-3.7789,0.0407,0.0,3.0445,0.0,0.0,0.0,False
11,304,4.3388,-0.5829,0.9943,0.0,0.116,0.0,0.0,0.0,False
11,305,4.3246,0.5354,3.0422,0.0114,0.4752,0.0,0.0139,0.014,False
11,306,4.3105,-0.0677,1.6644,0.0,0.8988,0.0,0.0,0.0,False
11,307,4.2964,-0.0425,1.707,0.0,0.5003,0.0,0.0,0.0,False
11,308,4.2825,0.7461,3.756,0.0503,1.3173,0.0385,0.0417,0.0699,False
11,309,4.2686,-1.0039,0.6527,0.0,2.0899,0.0,0.0,0.0,False
11,310,4.2548,-0.8771,0.7409,0.0,0.6602,0.0,0.0,0.0,False
11,311,4.2412,-0.7556,0.8366,0.0,0.7833,0.0,0.0,0.0,False
11,312,4.2276,-0.6567,0.9236,0.0,0.1677,0.0,0.0,0.0,False
11,313,4.2141,-0.3933,1.2019,0.0,0.532,0.0,0.0,0.0,False
11,314,4.2006,-0.3753,1.2238,0.0,0.2018,0.0,0.0,0.0,False
11,315,4.1873,-2.0516,0.2289,0.0,0.3422,0.0,0.0,0.0,False
11,316,4.1741,0.0413,1.8561,0.0,2.6882,0.0,0.0,0.0,False
11,317,4.1609,-0.6665,0.9146,0.0,0.2056,0.0,0.0,0.0,False
11,318,4.1478,-1.1199,0.5812,0.0,0.4005,0.0,0.0,0.0,False
11,319,4.1348,-1.5951,0.3614,0.0,0.689,0.0,0.0,0.0,False
11,320,4.1219,-0.9272,0.7047,0.0,0.9743,0.0,0.0,0.0,False
11,321,4.109,-2.2113,0.1951,0.0,0.0985,0.0,0.0,0.0,False
11,322,4.0963,0.3972,2.6495,0.0,0.2591,0.0,0.0,0.0,False
11,323,4.0836,-0.1149,1.5878,0.0,0.8888,0.0,0.0,0.0,False
11,324,4.071,-1.8374,0.2836,0.0,1.3912,0.0,0.0,0.0,False
11,325,4.0585,0.0327,1.8402,0.0,1.8429,0.0,0.0,0.0,False
11,326,4.046,0.6361,3.3647,0.0114,1.0115,0.0,0.0093,0.021,False
11,327,4.0336,-0.0898,1.6281,0.0,2.318,0.0,0.0,0.0,False
11,328,4.0213,-0.7326,0.8561,0.0,3.9078,0.0,0.0,0.0,False
11,329,4.0091,0.6946,3.5674,0.0389,1.0063,0.0,0.0556,0.035,False
11,330,3.997,-0.0197,1.7463,0.0,1.5591,0.0,0.0,0.0,False
11,331,3.9849,-0.2877,1.3358,0.0,1.0125,0.0,0.0,0.0,False
11,332,3.9729,-0.7426,0.8476,0.0,0.4108,0.0,0.0,0.0,False
11,333,3.961,0.2953,2.393,0.0,0.7595,0.0,0.0,0.0,False
11,334,3.9491,0.4919,2.9129,0.0069,1.0156,0.0,0.0139,0.0,False
11,335,3.9373,-1.3088,0.4811,0.0,0.1411,0.0,0.0,0.0,False
11,336,3.9256,0.8103,4.0049,0.0618,0.4958,0.0256,0.0833,0.049,False
11,337,3.9139,0.3139,2.4379,0.0,2.4076,0.0,0.0,0.0,False
11,338,3.9024,-0.2001,1.4581,0.0,0.5477,0.0,0.0,0.0,False
11,339,3.8909,0.9042,4.3992,0.1648,0.663,0.141,0.1806,0.1538,False
11,340,3.8794,-3.4216,0.0582,0.0,0.0514,0.0,0.0,0.0,False
11,341,3.868,-0.1695,1.5033,0.0,2.0929,0.0,0.0,0.0,False
11,342,3.8567,-0.805,0.7963,0.0,0.104,0.0,0.0,0.0,False
11,343,3.8455,-1.0793,0.6053,0.0,1.3252,0.0,0.0,0.0,False
11,344,3.8343,-1.7958,0.2956,0.0,1.0226,0.0,0.0,0.0,False
11,345,3.8232,-1.5328,0.3846,0.0,0.1311,0.0,0.0,0.0,False
11,346,3.8121,0.359,2.5504,0.0,0.3456,0.0,0.0,0.0,False
11,347,3.8012,-0.8754,0.7421,0.0,1.5124,0.0,0.0,0.0,False
11,348,3.7902,0.2795,2.3554,0.0,0.238,0.0,0.0,0.0,False
11,349,3.7794,-0.5089,1.0707,0.0,1.2988,0.0,0.0,0.0,False
11,350,3.7686,-0.6383,0.9408,0.0,0.2769,0.0,0.0,0.0,False
11,351,3.7578,0.3998,2.6564,0.0,1.2785,0.0,0.0,0.0,False
11,352,3.7472,-0.2151,1.4363,0.0023,0.2162,0.0,0.0046,0.0,False
11,353,3.7365,0.6601,3.4462,0.0137,1.3678,0.0128,0.0093,0.021,False
11,354,3.726,-1.4639,0.412,0.0,0.8354,0.0,0.0,0.0,False
11,355,3.7155,0.4288,2.7347,0.0114,0.3463,0.0,0.0046,0.028,False
11,356,3.7051,-2.8185,0.1063,0.0,0.4359,0.0,0.0,0.0,False
11,357,3.6947,0.1231,2.0143,0.0,0.1301,0.0,0.0,0.0,False
11,358,3.6844,-2.9233,0.0957,0.0,0.1973,0.0,0.0,0.0,False
11,359,3.6741,-1.7932,0.2964,0.0,0.1042,0.0,0.0,0.0,False
11,360,3.6639,-2.8603,0.102,0.0,0.2391,0.0,0.0,0.0,False
11,361,3.6537,-0.0005,1.7802,0.0,0.0883,0.0,0.0,0.0,False
11,362,3.6436,-1.2838,0.4933,0.0,0.1947,0.0,0.0,0.0,False
11,363,3.6336,-0.2371,1.4052,0.0,1.4466,0.0,0.0,0.0,False
11,364,3.6236,0.2426,2.2702,0.0,2.4397,0.0,0.0,0.0,False
11,365,3.6137,-0.4218,1.1682,0.0,2.3736,0.0,0.0,0.0,False
11,366,3.6038,0.3073,2.4218,0.0092,0.1751,0.0,0.0139,0.007,False
11,367,3.594,-2.0416,0.2312,0.0,1.0033,0.0,0.0,0.0,False
11,368,3.5842,-0.8182,0.7859,0.0,0.3099,0.0,0.0,0.0,False
11,369,3.5745,-1.96,0.2509,0.0,0.8413,0.0,0.0,0.0,False
11,370,3.5649,0.2986,2.4009,0.0023,2.6982,0.0,0.0,0.007,False
11,371,3.5553,-2.4045,0.1608,0.0,2.5281,0.0,0.0,0.0,False
11,372,3.5457,-1.7259,0.3171,0.0,1.8815,0.0,0.0,0.0,False
11,373,3.5362,0.5904,3.2145,0.0069,1.0184,0.0,0.0093,0.007,False
11,374,3.5267,-1.1518,0.5629,0.0,0.14,0.0,0.0,0.0,False
11,375,3.5173,-0.3948,1.2002,0.0,2.376,0.0,0.0,0.0,False
11,376,3.508,-0.455,1.13,0.0,0.1156,0.0,0.0,0.0,False
11,377,3.4987,0.1485,2.0662,0.0,0.0569,0.0,0.0,0.0,False
11,378,3.4894,-0.2637,1.3683,0.0,0.4099,0.0,0.0,0.0,False
11,379,3.4802,0.1024,1.9732,0.0114,0.9297,0.0,0.0231,0.0,False
11,380,3.4711,-2.2119,0.195,0.0,0.1346,0.0,0.0,0.0,False
11,381,3.4619,-1.327,0.4725,0.0,2.073,0.0,0.0,0.0,False
11,382,3.4529,1.0358,5.0177,0.4256,0.3899,0.4744,0.463,0.3427,False
11,383,3.4439,0.6482,3.4055,0.016,0.3475,0.0,0.0231,0.014,False
11,384,3.4349,-1.2062,0.5331,0.0,0.6354,0.0,0.0,0.0,False
11,385,3.426,-1.951,0.2531,0.0,1.319,0.0,0.0,0.0,False
11,386,3.4171,-0.9557,0.6849,0.0,0.3766,0.0,0.0,0.0,False
11,387,3.4083,0.1156,1.9993,0.0023,0.249,0.0,0.0046,0.0,False
11,388,3.3995,0.7745,3.864,0.0343,2.8972,0.0128,0.0231,0.0629,False
11,389,3.3907,1.2174,6.0174,0.746,1.0516,0.8846,0.7176,0.7133,False
11,390,3.3821,-0.2313,1.4133,0.0,5.8138,0.0,0.0,0.0,False
11,391,3.3734,1.4726,7.7661,0.9634,2.8838,1.0,0.9398,0.979,True
11,392,3.3648,-1.3315,0.4703,0.0,0.8876,0.0,0.0,0.0,False
11,393,3.3562,-0.9027,0.7222,0.0,0.7033,0.0,0.0,0.0,False
11,394,3.3477,-0.1351,1.556,0.0,0.751,0.0,0.0,0.0,False
11,395,3.3392,0.1233,2.0147,0.0,0.7105,0.0,0.0,0.0,False
11,396,3.3308,0.9973,4.8285,0.341,2.5838,0.3718,0.375,0.2727,False
11,397,3.3224,-0.5909,0.9864,0.0,0.4383,0.0,0.0,0.0,False
11,398,3.3141,-0.5452,1.0326,0.0,4.0071,0.0,0.0,0.0,False
11,399,3.3058,0.4132,2.6923,0.0,1.6975,0.0,0.0,0.0,False
11,400,3.2975,-0.9251,0.7062,0.0,0.2903,0.0,0.0,0.0,False
11,401,3.2893,-1.8678,0.2751,0.0,0.4385,0.0,0.0,0.0,False
11,402,3.2811,0.9313,4.5201,0.1854,1.3872,0.141,0.2083,0.1748,False
11,403,3.273,-1.7781,0.3009,0.0023,3.3215,0.0,0.0046,0.0,False
11,404,3.2649,0.7288,3.6914,0.0572,0.7543,0.0256,0.0694,0.0559,False
11,405,3.2568,0.1642,2.0989,0.0,0.6804,0.0,0.0,0.0,False
11,406,3.2488,-3.2578,0.0685,0.0,0.348,0.0,0.0,0.0,False
11,407,3.2408,0.3869,2.6226,0.0,1.738,0.0,0.0,0.0,False
11,408,3.2328,-1.707,0.3231,0.0,0.3124,0.0,0.0,0.0,False
11,409,3.2249,0.4095,2.6825,0.0,0.5503,0.0,0.0,0.0,False
11,410,3.2171,-0.2026,1.4544,0.0,0.1619,0.0,0.0,0.0,False
11,411,3.2092,-0.3606,1.2418,0.0,0.1156,0.0,0.0,0.0,False
11,412,3.2015,-1.9401,0.2559,0.0,1.0614,0.0,0.0,0.0,False
11,413,3.1937,0.8679,4.2424,0.1876,0.1557,0.1282,0.1991,0.2028,False
11,414,3.186,-0.8079,0.794,0.0,0.0796,0.0,0.0,0.0,False
11,415,3.1783,-2.3938,0.1626,0.0,0.4926,0.0,0.0,0.0,False
11,416,3.1707,0.0524,1.8768,0.0,0.464,0.0,0.0,0.0,False
11,417,3.1631,1.1548,5.652,0.6522,2.1742,0.7564,0.5833,0.6993,False
11,418,3.1555,-2.2416,0.1893,0.0,0.4334,0.0,0.0,0.0,False
11,419,3.148,0.8635,4.2235,0.1739,0.7563,0.0385,0.1944,0.2168,False
11,420,3.1405,0.4373,2.758,0.0,0.2851,0.0,0.0,0.0,False
11,421,3.133,0.7368,3.7209,0.0252,1.1053,0.0256,0.0231,0.028,False
11,422,3.1256,-0.9367,0.698,0.0,0.7925,0.0,0.0,0.0,False
11,423,3.1182,0.6824,3.524,0.0069,2.3608,0.0,0.0046,0.014,False
11,424,3.1108,-0.8045,0.7967,0.0,0.5311,0.0,0.0,0.0,False
11,425,3.1035,1.1735,5.7589,0.6545,0.0511,0.7692,0.5741,0.7133,False
11,426,3.0962,0.4196,2.7097,0.0343,0.6202,0.0,0.0093,0.0909,False
11,427,3.089,-0.7485,0.8426,0.0,0.0131,0.0,0.0,0.0,False
11,428,3.0818,-0.3287,1.2821,0.0,2.3738,0.0,0.0,0.0,False
11,429,3.0746,0.0134,1.8051,0.0069,1.3657,0.0,0.0046,0.014,False
11,430,3.0674,-0.5362,1.0419,0.0,2.7347,0.0,0.0,0.0,False
11,431,3.0603,0.0903,1.9494,0.0,0.7267,0.0,0.0,0.0,False
11,432,3.0532,1.3786,7.07,0.9588,0.2389,0.9744,0.9676,0.9371,True
11,433,3.0462,-0.1593,1.5188,0.0,0.3515,0.0,0.0,0.0,False
11,434,3.0392,0.6483,3.406,0.0092,1.8583,0.0,0.0046,0.021,False
11,435,3.0322,-1.4939,0.3999,0.0,0.0505,0.0,0.0,0.0,False
11,436,3.0252,0.1399,2.0486,0.0,0.0795,0.0,0.0,0.0,False
11,437,3.0183,0.2799,2.3564,0.0,1.8568,0.0,0.0,0.0,False
11,438,3.0114,-1.6045,0.358,0.0,0.1662,0.0,0.0,0.0,False
11,439,3.0046,-0.6251,0.9533,0.0,1.2321,0.0,0.0,0.0,False
11,440,2.9977,-0.0353,1.7194,0.0,0.3164,0.0,0.0,0.0,False
11,441,2.9909,-0.0617,1.6745,0.0,0.9865,0.0,0.0,0.0,False
11,442,2.9842,-1.2245,0.5234,0.0,1.6404,0.0,0.0,0.0,False
11,443,2.9774,-2.1223,0.2133,0.0,0.2693,0.0,0.0,0.0,False
11,444,2.9707,0.0581,1.8875,0.0,0.3139,0.0,0.0,0.0,False
11,445,2.964,-2.7454,0.1144,0.0,0.1433,0.0,0.0,0.0,False
11,446,2.9574,0.6271,3.3344,0.016,4.0065,0.0,0.0185,0.021,False
11,447,2.9508,0.5416,3.0612,0.0252,1.0842,0.0128,0.0463,0.0,False
11,448,2.9442,-1.0765,0.6069,0.0,0.24,0.0,0.0,0.0,False
11,449,2.9376,1.1151,5.432,0.5767,0.0713,0.7179,0.5417,0.5524,False
11,450,2.9311,0.1479,2.065,0.0023,0.1161,0.0128,0.0,0.0,False
11,451,2.9246,-1.1769,0.549,0.0,1.9028,0.0,0.0,0.0,False
11,452,2.9181,0.6182,3.305,0.0206,5.1601,0.0128,0.0324,0.007,False
11,453,2.9117,-1.3307,0.4707,0.0,1.5234,0.0,0.0,0.0,False
11,454,2.9053,-2.6822,0.1219,0.0,0.1267,0.0,0.0,0.0,False
11,455,2.8989,0.7679,3.8387,0.0801,1.7487,0.1026,0.0741,0.0769,False
11,456,2.8925,0.4465,2.7835,0.0,2.1819,0.0,0.0,0.0,False
11,457,2.8862,-1.6471,0.3431,0.0,4.0766,0.0,0.0,0.0,False
11,458,2.8799,-1.7345,0.3143,0.0,0.0051,0.0,0.0,0.0,False
11,459,2.8736,1.35,6.8705,0.9428,2.7321,0.9744,0.9074,0.979,True
11,460,2.8674,-2.8261,0.1055,0.0,0.3485,0.0,0.0,0.0,False
11,461,2.8612,1.0583,5.1323,0.4439,2.314,0.5256,0.3981,0.4685,False
11,462,2.855,-1.5729,0.3695,0.0,1.5013,0.0,0.0,0.0,False
11,463,2.8488,-0.1181,1.5826,0.0,0.2416,0.0,0.0,0.0,False
11,464,2.8427,1.1742,5.7626,0.6705,0.1351,0.7821,0.6435,0.6503,False
11,465,2.8366,-2.3779,0.1652,0.0,0.3652,0.0,0.0,0.0,False
11,466,2.8305,-2.3666,0.1671,0.0,1.0553,0.0,0.0,0.0,False
11,467,2.8244,-0.4971,1.0834,0.0,0.4317,0.0,0.0,0.0,False
11,468,2.8184,-0.9457,0.6918,0.0,4.4193,0.0,0.0,0.0,False
11,469,2.8124,0.2249,2.2303,0.0023,0.672,0.0,0.0046,0.0,False
11,470,2.8064,-0.7392,0.8505,0.0,1.2429,0.0,0.0,0.0,False
11,471,2.8004,-0.327,1.2842,0.0023,0.1558,0.0128,0.0,0.0,False
11,472,2.7945,-1.0523,0.6218,0.0,0.3918,0.0,0.0,0.0,False
11,473,2.7886,-0.6668,0.9143,0.0,1.2123,0.0,0.0,0.0,False
11,474,2.7827,1.2205,6.0357,0.7597,0.629,0.8205,0.7546,0.7343,False
11,475,2.7768,-0.9959,0.6579,0.0,1.1016,0.0,0.0,0.0,False
11,476,2.771,0.3806,2.6061,0.0,1.8272,0.0,0.0,0.0,False
11,477,2.7652,-2.0479,0.2298,0.0,2.8215,0.0,0.0,0.0,False
11,478,2.7594,0.0177,1.8129,0.0,0.1147,0.0,0.0,0.0,False
11,479,2.7537,-1.1292,0.5758,0.0,0.8763,0.0,0.0,0.0,False
11,480,2.7479,-1.5765,0.3681,0.0,3.8078,0.0,0.0,0.0,False
11,481,2.7422,0.4713,2.8533,0.0069,0.4277,0.0,0.0046,0.014,False
11,482,2.7365,-1.1339,0.5731,0.0,3.0601,0.0,0.0,0.0,False
11,483,2.7308,1.4382,7.5036,0.9497,0.0667,0.9872,0.9306,0.958,True
11,484,2.7252,1.2429,6.1729,0.8146,1.5996,0.9487,0.7778,0.7972,False
11,485,2.7196,0.1307,2.0297,0.0023,0.014,0.0,0.0,0.007,False
11,486,2.714,-1.3199,0.4759,0.0,0.0881,0.0,0.0,0.0,False
11,487,2.7084,-0.4026,1.1908,0.0,0.2577,0.0,0.0,0.0,False
11,488,2.7029,-2.6628,0.1242,0.0,2.18,0.0,0.0,0.0,False
11,489,2.6973,1.0792,5.2407,0.476,0.6165,0.5513,0.4259,0.5105,False
11,490,2.6918,-0.0571,1.6823,0.0,0.8041,0.0,0.0,0.0,False
11,491,2.6864,-0.2966,1.324,0.0,1.344,0.0,0.0,0.0,False
11,492,2.6809,0.3994,2.6555,0.0023,0.4337,0.0,0.0046,0.0,False
11,493,2.6755,-0.1287,1.566,0.0,0.1587,0.0,0.0,0.0,False
11,494,2.67,0.3667,2.5701,0.0092,0.0863,0.0,0.0093,0.014,False
11,495,2.6646,0.5166,2.9856,0.016,0.9131,0.0128,0.0093,0.028,False
11,496,2.6593,0.883,4.3067,0.1716,1.2298,0.1026,0.1898,0.1818,False
11,497,2.6539,-1.1531,0.5622,0.0,1.3934,0.0,0.0,0.0,False
11,498,2.6486,-0.5566,1.0208,0.0,0.8762,0.0,0.0,0.0,False
11,499,2.6433,-0.3907,1.205,0.0,1.4691,0.0,0.0,0.0,False
11,500,2.638,-0.062,1.6739,0.0,3.5036,0.0,0.0,0.0,False
11,501,2.6327,-3.1363,0.0774,0.0,2.7318,0.0,0.0,0.0,False
11,502,2.6275,-1.1057,0.5895,0.0,0.9319,0.0,0.0,0.0,False
11,503,2.6223,-3.007,0.0881,0.0,1.4895,0.0,0.0,0.0,False
11,504,2.6171,-0.3681,1.2326,0.0,0.1868,0.0,0.0,0.0,False
11,505,2.6119,-0.5716,1.0056,0.0,0.3892,0.0,0.0,0.0,False
11,506,2.6067,0.0528,1.8777,0.0023,10.9125,0.0,0.0046,0.0,False
11,507,2.6016,-2.8377,0.1043,0.0,0.0997,0.0,0.0,0.0,False
11,508,2.5965,1.6038,8.8557,1.0,0.0903,1.0,1.0,1.0,True
11,509,2.5914,-2.2007,0.1972,0.0,0.7928,0.0,0.0,0.0,False
11,510,2.5863,-1.9278,0.2591,0.0,1.7642,0.0,0.0,0.0,False
11,511,2.5812,-0.3737,1.2257,0.0,1.5683,0.0,0.0,0.0,False
11,512,2.5762,-1.7972,0.2952,0.0,2.1099,0.0,0.0,0.0,False
11,513,2.5712,-0.9155,0.713,0.0,0.1614,0.0,0.0,0.0,False
11,514,2.5661,0.8297,4.0835,0.087,0.5236,0.0256,0.0833,0.1259,False
11,515,2.5612,1.4354,7.4825,0.9794,0.4841,1.0,0.963,0.993,True
11,516,2.5562,-0.9081,0.7183,0.0,2.9067,0.0,0.0,0.0,False
11,517,2.5513,-1.2902,0.4902,0.0,0.0297,0.0,0.0,0.0,False
11,518,2.5463,-2.3554,0.1689,0.0,0.4346,0.0,0.0,0.0,False
11,519,2.5414,-1.3465,0.4633,0.0,0.2394,0.0,0.0,0.0,False
11,520,2.5365,-2.4893,0.1478,0.0,0.2433,0.0,0.0,0.0,False
11,521,2.5317,0.1985,2.1722,0.0,0.275,0.0,0.0,0.0,False
11,522,2.5268,-0.349,1.2564,0.0,0.171,0.0,0.0,0.0,False
11,523,2.522,-1.53,0.3857,0.0,0.1593,0.0,0.0,0.0,False
11,524,2.5172,-2.0426,0.231,0.0,1.2209,0.0,0.0,0.0,False
11,525,2.5124,-1.7705,0.3032,0.0,4.3741,0.0,0.0,0.0,False
11,526,2.5076,1.2595,6.2758,0.8581,1.4987,0.9487,0.8472,0.8252,False
11,527,2.5028,0.3265,2.4688,0.0092,2.0072,0.0,0.0185,0.0,False
11,528,2.4981,-0.1016,1.609,0.0,0.6256,0.0,0.0,0.0,False
11,529,2.4934,-0.2123,1.4404,0.0,0.0943,0.0,0.0,0.0,False
11,530,2.4887,-1.8453,0.2814,0.0,2.1293,0.0,0.0,0.0,False
11,531,2.484,-0.743,0.8472,0.0,2.0077,0.0,0.0,0.0,False
11,532,2.4793,1.3162,6.6417,0.9108,0.8235,0.9744,0.8796,0.9231,True
11,533,2.4747,-0.6721,0.9095,0.0,1.2151,0.0,0.0,0.0,False
11,534,2.47,0.5709,3.1522,0.0069,0.9902,0.0128,0.0093,0.0,False
11,535,2.4654,-2.6241,0.1291,0.0,0.4317,0.0,0.0,0.0,False
11,536,2.4608,-2.5328,0.1415,0.0,1.91,0.0,0.0,0.0,False
11,537,2.4562,0.1284,2.0252,0.0,0.2649,0.0,0.0,0.0,False
11,538,2.4517,0.7381,3.7259,0.0069,0.0995,0.0,0.0046,0.014,False
11,539,2.4471,-1.0714,0.6101,0.0,1.1637,0.0,0.0,0.0,False
11,540,2.4426,-2.6588,0.1247,0.0,1.1281,0.0,0.0,0.0,False
11,541,2.4381,0.8494,4.1644,0.1533,0.5974,0.0513,0.1806,0.1678,False
11,542,2.4336,0.0921,1.9529,0.0,0.4314,0.0,0.0,0.0,False
11,543,2.4291,-0.4289,1.1599,0.0,0.5744,0.0,0.0,0.0,False
11,544,2.4246,-0.8674,0.7481,0.0,2.6202,0.0,0.0,0.0,False
11,545,2.4202,-2.2242,0.1926,0.0,0.1125,0.0,0.0,0.0,False
11,546,2.4158,-1.3495,0.462,0.0,0.2102,0.0,0.0,0.0,False
11,547,2.4113,0.7666,3.8336,0.1007,0.1034,0.0641,0.1019,0.1189,False
11,548,2.4069,1.2979,6.5218,0.8375,2.9178,0.9231,0.8148,0.8252,False
11,549,2.4026,-0.901,0.7234,0.0,1.0789,0.0,0.0,0.0,False
11,550,2.3982,-1.9303,0.2584,0.0,3.5413,0.0,0.0,0.0,False
11,551,2.3938,-1.5411,0.3814,0.0,0.2429,0.0,0.0,0.0,False
11,552,2.3895,0.2565,2.302,0.0023,0.0406,0.0,0.0046,0.0,False
11,553,2.3852,0.0477,1.8681,0.0,1.3994,0.0,0.0,0.0,False
11,554,2.3809,-1.3024,0.4842,0.0,0.1201,0.0,0.0,0.0,False
11,555,2.3766,-0.3621,1.24,0.0,0.7053,0.0,0.0,0.0,False
11,556,2.3723,-1.4967,0.3987,0.0,0.0891,0.0,0.0,0.0,False
11,557,2.368,-0.0451,1.7025,0.0,1.1637,0.0,0.0,0.0,False
11,558,2.3638,-0.4618,1.1223,0.0,0.5506,0.0,0.0,0.0,False
11,559,2.3596,-1.0293,0.6363,0.0,2.0312,0.0,0.0,0.0,False
11,560,2.3554,1.152,5.636,0.627,1.1228,0.7436,0.5417,0.6923,False
11,561,2.3512,-1.7202,0.3189,0.0,0.2452,0.0,0.0,0.0,False
11,562,2.347,0.7225,3.6681,0.0481,0.2989,0.0513,0.0602,0.028,False
11,563,2.3428,0.5999,3.2451,0.0137,0.3324,0.0128,0.0093,0.021,False
11,564,2.3387,-2.1711,0.2031,0.0,0.7077,0.0,0.0,0.0,False
11,565,2.3345,-0.6638,0.917,0.0,0.8703,0.0,0.0,0.0,False
11,566,2.3304,-0.5998,0.9777,0.0,0.1014,0.0,0.0,0.0,False
11,567,2.3263,-0.7683,0.8261,0.0,0.8398,0.0,0.0,0.0,False
11,568,2.3222,1.5938,8.7676,0.9863,1.8468,1.0,0.9815,0.986,True
11,569,2.3181,-1.8922,0.2685,0.0,0.9118,0.0,0.0,0.0,False
11,570,2.314,0.4206,2.7123,0.0046,0.2379,0.0,0.0,0.014,False
11,571,2.31,-1.5474,0.379,0.0,0.862,0.0,0.0,0.0,False
11,572,2.3059,0.0833,1.9359,0.0,0.3179,0.0,0.0,0.0,False
11,573,2.3019,-2.8584,0.1022,0.0,0.5485,0.0,0.0,0.0,False
11,574,2.2979,0.656,3.4322,0.0435,0.4465,0.0128,0.0509,0.049,False
11,575,2.2939,1.001,4.8464,0.3455,0.5723,0.2949,0.3843,0.3147,False
11,576,2.2899,0.151,2.0714,0.0,0.1016,0.0,0.0,0.0,False
11,577,2.286,-2.1317,0.2113,0.0,3.2715,0.0,0.0,0.0,False
11,578,2.282,0.7948,3.9432,0.0709,4.849,0.0256,0.1019,0.049,False
11,579,2.2781,-2.4117,0.1597,0.0,3.2215,0.0,0.0,0.0,False
11,580,2.2741,-0.9391,0.6963,0.0,0.5118,0.0,0.0,0.0,False
11,581,2.2702,0.0507,1.8737,0.0,1.6283,0.0,0.0,0.0,False
11,582,2.2663,-1.5124,0.3925,0.0,1.303,0.0,0.0,0.0,False
11,583,2.2624,-0.8954,0.7275,0.0,0.9387,0.0,0.0,0.0,False
11,584,2.2586,-0.3776,1.2209,0.0,1.1449,0.0,0.0,0.0,False
11,585,2.2547,-0.4915,1.0895,0.0,0.3868,0.0,0.0,0.0,False
11,586,2.2509,0.4528,2.801,0.0069,1.9251,0.0,0.0139,0.0,False
11,587,2.247,-0.2749,1.3529,0.0,0.9929,0.0,0.0,0.0,False
11,588,2.2432,-1.1912,0.5412,0.0,0.1904,0.0,0.0,0.0,False
11,589,2.2394,-0.4823,1.0995,0.0,0.7281,0.0,0.0,0.0,False
11,590,2.2356,-0.5512,1.0264,0.0,0.5998,0.0,0.0,0.0,False
11,591,2.2318,-3.4241,0.058,0.0,4.3566,0.0,0.0,0.0,False
11,592,2.228,-2.3304,0.1732,0.0,2.363,0.0,0.0,0.0,False
11,593,2.2243,-0.2458,1.3929,0.0,0.2067,0.0,0.0,0.0,False
11,594,2.2205,-0.8883,0.7326,0.0,0.6769,0.0,0.0,0.0,False
11,595,2.2168,-1.272,0.4992,0.0,3.4389,0.0,0.0,0.0,False
11,596,2.2131,-0.4781,1.1042,0.0,0.5945,0.0,0.0,0.0,False
11,597,2.2094,-0.5988,0.9787,0.0,0.7685,0.0,0.0,0.0,False
11,598,2.2057,-1.4274,0.4273,0.0,0.2249,0.0,0.0,0.0,False
11,599,2.202,-0.3348,1.2744,0.0,1.0049,0.0,0.0,0.0,False
11,600,2.1983,-1.5437,0.3804,0.0,1.9815,0.0,0.0,0.0,False
11,601,2.1947,-1.0773,0.6065,0.0,1.0059,0.0,0.0,0.0,False
11,602,2.191,-1.5989,0.36,0.0,0.281,0.0,0.0,0.0,False
11,603,2.1874,0.0988,1.966,0.0046,0.0987,0.0,0.0046,0.007,False
11,604,2.1838,-1.3309,0.4706,0.0,2.6341,0.0,0.0,0.0,False
11,605,2.1802,-0.337,1.2715,0.0,0.566,0.0,0.0,0.0,False
11,606,2.1766,-1.7215,0.3184,0.0,0.0521,0.0,0.0,0.0,False
11,607,2.173,-0.9751,0.6718,0.0,0.0546,0.0,0.0,0.0,False
11,608,2.1694,0.5356,3.043,0.0023,0.0974,0.0,0.0046,0.0,False
11,609,2.1658,-0.1293,1.5651,0.0,1.2459,0.0,0.0,0.0,False
11,610,2.1623,-0.6995,0.8849,0.0,0.6928,0.0,0.0,0.0,False
11,611,2.1588,-1.6406,0.3453,0.0,0.1077,0.0,0.0,0.0,False
11,612,2.1552,0.9424,4.5705,0.222,1.9465,0.2051,0.2639,0.1678,False
11,613,2.1517,-3.2741,0.0674,0.0,5.5599,0.0,0.0,0.0,False
11,614,2.1482,0.6345,3.3592,0.0206,3.9355,0.0256,0.0093,0.035,False
11,615,2.1447,-0.5324,1.0459,0.0,2.4695,0.0,0.0,0.0,False
11,616,2.1412,-0.2281,1.4178,0.0,0.7548,0.0,0.0,0.0,False
11,617,2.1378,0.2329,2.2481,0.0023,4.8103,0.0,0.0046,0.0,False
11,618,2.1343,-2.8678,0.1012,0.0,0.1942,0.0,0.0,0.0,False
11,619,2.1309,-2.3506,0.1698,0.0,8.6648,0.0,0.0,0.0,False
11,620,2.1274,0.8055,3.9856,0.1373,0.2584,0.0513,0.1157,0.2168,False
11,621,2.124,-1.37,0.4526,0.0,0.0691,0.0,0.0,0.0,False
11,622,2.1206,1.1248,5.4847,0.6201,0.7982,0.7436,0.5324,0.6853,False
11,623,2.1172,-1.5232,0.3883,0.0,0.0821,0.0,0.0,0.0,False
11,624,2.1138,0.1799,2.1321,0.0,4.0399,0.0,0.0,0.0,False
11,625,2.1104,0.0746,1.9191,0.0,0.4879,0.0,0.0,0.0,False
11,626,2.107,0.0065,1.7928,0.0,0.2219,0.0,0.0,0.0,False
11,627,2.1037,-3.064,0.0832,0.0,1.2684,0.0,0.0,0.0,False
11,628,2.1003,0.3026,2.4104,0.0,2.2645,0.0,0.0,0.0,False
11,629,2.097,0.0694,1.9091,0.0,0.0478,0.0,0.0,0.0,False
11,630,2.0937,0.5916,3.2181,0.0435,0.2843,0.0,0.0648,0.035,False
11,631,2.0903,-0.3505,1.2545,0.0,0.0034,0.0,0.0,0.0,False
11,632,2.087,0.8877,4.3272,0.119,0.4142,0.0769,0.1389,0.1119,False
11,633,2.0837,-1.9699,0.2484,0.0,1.2774,0.0,0.0,0.0,False
11,634,2.0804,-3.0814,0.0817,0.0,1.0169,0.0,0.0,0.0,False
11,635,2.0772,-0.9107,0.7164,0.0,0.314,0.0,0.0,0.0,False
11,636,2.0739,-1.9109,0.2635,0.0,4.45,0.0,0.0,0.0,False
11,637,2.0706,-0.8007,0.7997,0.0,1.6065,0.0,0.0,0.0,False
11,638,2.0674,-0.2317,1.4127,0.0,1.384,0.0,0.0,0.0,False
11,639,2.0642,-0.2544,1.381,0.0,0.634,0.0,0.0,0.0,False
11,640,2.0609,-1.0566,0.6191,0.0,0.1748,0.0,0.0,0.0,False
11,641,2.0577,-1.2331,0.519,0.0,0.0584,0.0,0.0,0.0,False
11,642,2.0545,0.0352,1.8448,0.0,0.7122,0.0,0.0,0.0,False
11,643,2.0513,-0.0357,1.7186,0.0,1.1939,0.0,0.0,0.0,False
11,644,2.0481,-1.1207,0.5807,0.0,0.9652,0.0,0.0,0.0,False
11,645,2.045,0.0138,1.8059,0.0,0.986,0.0,0.0,0.0,False
11,646,2.0418,-2.9578,0.0925,0.0,1.6049,0.0,0.0,0.0,False
11,647,2.0386,-2.7895,0.1094,0.0,1.4809,0.0,0.0,0.0,False
11,648,2.0355,-1.0024,0.6536,0.0,0.5172,0.0,0.0,0.0,False
11,649,2.0324,0.1836,2.14,0.0046,0.27,0.0,0.0046,0.007,False
11,650,2.0292,1.4686,7.7351,0.9634,0.3486,1.0,0.9491,0.965,True
11,651,2.0261,-2.7187,0.1175,0.0,0.2533,0.0,0.0,0.0,False
11,652,2.023,0.6319,3.3505,0.0229,0.0744,0.0,0.0417,0.007,False
11,653,2.0199,0.2376,2.2588,0.0,0.8338,0.0,0.0,0.0,False
11,654,2.0168,1.0271,4.9743,0.3547,1.7853,0.3333,0.3287,0.4056,False
11,655,2.0137,-1.4571,0.4148,0.0,0.5367,0.0,0.0,0.0,False
11,656,2.0107,-0.0665,1.6665,0.0,0.4746,0.0,0.0,0.0,False
11,657,2.0076,-0.1981,1.4611,0.0,0.2357,0.0,0.0,0.0,False
11,658,2.0046,-1.4591,0.414,0.0,0.7949,0.0,0.0,0.0,False
11,659,2.0015,-0.5673,1.01,0.0,0.0999,0.0,0.0,0.0,False
12,1,1040.0,0.2009,2.1774,0.0,1.6954,0.0,0.0,0.0,False
12,2,520.0,0.218,2.215,0.151,0.3224,0.0,0.25,0.0839,False
12,3,346.6667,0.2389,2.2616,0.0023,1.127,0.0,0.0,0.007,False
12,4,260.0,-1.5534,0.3767,0.0,2.9229,0.0,0.0,0.0,False
12,5,208.0,-1.0889,0.5995,0.0,0.0475,0.0,0.0,0.0,False
12,6,173.3333,-0.3014,1.3176,0.0,0.6234,0.0,0.0,0.0,False
12,7,148.5714,-0.0149,1.7547,0.0,0.4798,0.0,0.0,0.0,False
12,8,130.0,0.1593,2.0887,0.0,0.1499,0.0,0.0,0.0,False
12,9,115.5556,0.4703,2.8505,0.0046,0.1506,0.0,0.0046,0.007,False
12,10,104.0,-2.1626,0.2049,0.0,0.1435,0.0,0.0,0.0,False
12,11,94.5455,0.5454,3.0727,0.103,1.1016,0.0256,0.1296,0.1049,False
12,12,86.6667,-1.0659,0.6134,0.0,0.6083,0.0,0.0,0.0,False
12,13,80.0,0.1724,2.1162,0.0,1.9878,0.0,0.0,0.0,False
12,14,74.2857,-0.6928,0.8909,0.0,2.8172,0.0,0.0,0.0,False
12,15,69.3333,0.8839,4.3107,0.1098,2.1302,0.141,0.1065,0.0979,False
12,16,65.0,-1.4688,0.41,0.0,3.2741,0.0,0.0,0.0,False
12,17,61.1765,-0.4356,1.1522,0.0,0.637,0.0,0.0,0.0,False
12,18,57.7778,-0.7051,0.88,0.0,0.8341,0.0,0.0,0.0,False
12,19,54.7368,-1.6705,0.3351,0.0,0.7545,0.0,0.0,0.0,False
12,20,52.0,-3.4185,0.0583,0.0,0.3844,0.0,0.0,0.0,False
12,21,49.5238,-0.4601,1.1243,0.0,0.3235,0.0,0.0,0.0,False
12,22,47.2727,-2.1192,0.2139,0.0,0.962,0.0,0.0,0.0,False
12,23,45.2174,-1.378,0.449,0.0,0.6874,0.0,0.0,0.0,False
12,24,43.3333,1.5105,8.0666,0.984,0.8209,0.9744,0.9907,0.979,True
12,25,41.6,-3.4873,0.0545,0.0,0.7942,0.0,0.0,0.0,False
12,26,40.0,-2.2458,0.1885,0.0,0.8617,0.0,0.0,0.0,False
12,27,38.5185,-0.2179,1.4324,0.0,0.8808,0.0,0.0,0.0,False
12,28,37.1429,0.2777,2.3511,0.0023,1.3129,0.0,0.0046,0.0,False
12,29,35.8621,-0.1353,1.5556,0.0,0.7867,0.0,0.0,0.0,False
12,30,34.6667,-0.0544,1.6868,0.0,0.1892,0.0,0.0,0.0,False
12,31,33.5484,0.2108,2.1991,0.0,2.062,0.0,0.0,0.0,False
12,32,32.5,-0.3711,1.2289,0.0,0.7594,0.0,0.0,0.0,False
12,33,31.5152,-0.5568,1.0207,0.0,0.7503,0.0,0.0,0.0,False
12,34,30.5882,-1.5975,0.3605,0.0,0.2487,0.0,0.0,0.0,False
12,35,29.7143,0.5793,3.1789,0.0092,0.4972,0.0,0.0046,0.021,False
12,36,28.8889,-0.1586,1.5199,0.0,0.3228,0.0,0.0,0.0,False
12,37,28.1081,0.4811,2.8816,0.0114,0.3566,0.0,0.0185,0.007,False
12,38,27.3684,0.4496,2.7921,0.0,0.0563,0.0,0.0,0.0,False
12,39,26.6667,-0.3862,1.2105,0.0,0.2895,0.0,0.0,0.0,False
12,40,26.0,-2.1295,0.2118,0.0,0.8882,0.0,0.0,0.0,False
12,41,25.3659,1.2034,5.9334,0.7437,0.3273,0.859,0.6944,0.7552,False
12,42,24.7619,1.1614,5.6893,0.6819,1.2664,0.7949,0.6296,0.6993,False
12,43,24.186,-2.616,0.1302,0.0,1.9775,0.0,0.0,0.0,False
12,44,23.6364,-1.2599,0.5053,0.0,1.3263,0.0,0.0,0.0,False
12,45,23.1111,-1.5963,0.3609,0.0,0.3363,0.0,0.0,0.0,False
12,46,22.6087,-1.8022,0.2938,0.0,0.0287,0.0,0.0,0.0,False
12,47,22.1277,-0.6548,0.9253,0.0,0.4951,0.0,0.0,0.0,False
12,48,21.6667,-2.6202,0.1296,0.0,0.0766,0.0,0.0,0.0,False
12,49,21.2245,-2.3378,0.1719,0.0,0.2329,0.0,0.0,0.0,False
12,50,20.8,-0.0998,1.612,0.0,0.3658,0.0,0.0,0.0,False
12,51,20.3922,0.3916,2.6348,0.0,1.5726,0.0,0.0,0.0,False
12,52,20.0,-2.1097,0.216,0.0,0.8338,0.0,0.0,0.0,False
12,53,19.6226,-1.4295,0.4264,0.0,0.0751,0.0,0.0,0.0,False
12,54,19.2593,-1.9008,0.2662,0.0,0.4012,0.0,0.0,0.0,False
12,55,18.9091,0.6759,3.5011,0.0435,1.5488,0.0256,0.0509,0.042,False
12,56,18.5714,-1.0022,0.6538,0.0,0.568,0.0,0.0,0.0,False
12,57,18.2456,-0.1065,1.6012,0.0,1.2588,0.0,0.0,0.0,False
12,58,17.931,-0.4463,1.1399,0.0,1.5926,0.0,0.0,0.0,False
12,59,17.6271,-0.1621,1.5145,0.0,0.7465,0.0,0.0,0.0,False
12,60,17.3333,-2.461,0.152,0.0,0.0814,0.0,0.0,0.0,False
12,61,17.0492,0.0137,1.8056,0.0,0.9295,0.0,0.0,0.0,False
12,62,16.7742,-1.211,0.5306,0.0,0.4622,0.0,0.0,0.0,False
12,63,16.5079,-1.011,0.6481,0.0,1.9712,0.0,0.0,0.0,False
12,64,16.25,-0.3432,1.2637,0.0023,0.0393,0.0,0.0,0.007,False
12,65,16.0,-0.1354,1.5556,0.0,0.643,0.0,0.0,0.0,False
12,66,15.7576,0.3142,2.4386,0.0,1.3686,0.0,0.0,0.0,False
12,67,15.5224,0.0074,1.7942,0.0,0.718,0.0,0.0,0.0,False
12,68,15.2941,1.3068,6.5802,0.9176,0.6631,0.9744,0.8889,0.9301,True
12,69,15.0725,0.2179,2.2146,0.0023,1.5414,0.0,0.0046,0.0,False
12,70,14.8571,0.0131,1.8046,0.0,4.6133,0.0,0.0,0.0,False
12,71,14.6479,0.3013,2.4073,0.0,0.944,0.0,0.0,0.0,False
12,72,14.4444,-1.6632,0.3376,0.0,0.1962,0.0,0.0,0.0,False
12,73,14.2466,-1.3431,0.4649,0.0,3.0158,0.0,0.0,0.0,False
12,74,14.0541,-0.9575,0.6837,0.0,2.5252,0.0,0.0,0.0,False
12,75,13.8667,0.1972,2.1692,0.0092,0.871,0.0,0.0,0.028,False
12,76,13.6842,-0.2957,1.3252,0.0,0.8076,0.0,0.0,0.0,False
12,77,13.5065,-0.1797,1.4881,0.0,0.9245,0.0,0.0,0.0,False
12,78,13.3333,-0.7953,0.804,0.0023,0.9922,0.0128,0.0,0.0,False
12,79,13.1646,-1.2173,0.5273,0.0,1.0765,0.0,0.0,0.0,False
12,80,13.0,-2.313,0.1763,0.0,1.3635,0.0,0.0,0.0,False
12,81,12.8395,0.3209,2.455,0.0023,0.3327,0.0,0.0046,0.0,False
12,82,12.6829,-0.6043,0.9733,0.0,0.3655,0.0,0.0,0.0,False
12,83,12.5301,-2.327,0.1738,0.0,1.5243,0.0,0.0,0.0,False
12,84,12.381,-0.8819,0.7374,0.0,0.8357,0.0,0.0,0.0,False
12,85,12.2353,-0.2298,1.4155,0.0,0.0787,0.0,0.0,0.0,False
12,86,12.093,-0.1264,1.5695,0.0,4.4477,0.0,0.0,0.0,False
12,87,11.954,-1.2253,0.523,0.0,1.3896,0.0,0.0,0.0,False
12,88,11.8182,-1.5771,0.3679,0.0,1.2865,0.0,0.0,0.0,False
12,89,11.6854,0.5805,3.1825,0.0023,1.0541,0.0,0.0046,0.0,False
12,90,11.5556,0.4572,2.8134,0.0,0.6072,0.0,0.0,0.0,False
12,91,11.4286,-0.2035,1.4531,0.0,1.3383,0.0,0.0,0.0,False
12,92,11.3043,-0.8676,0.748,0.0,0.4318,0.0,0.0,0.0,False
12,93,11.1828,-0.417,1.1738,0.0,0.2689,0.0,0.0,0.0,False
12,94,11.0638,1.0555,5.1178,0.4508,0.2425,0.4872,0.463,0.4126,False
12,95,10.9474,-2.3863,0.1638,0.0,0.5414,0.0,0.0,0.0,False
12,96,10.8333,-0.2417,1.3986,0.0,0.7357,0.0,0.0,0.0,False
12,97,10.7216,-1.3151,0.4781,0.0,0.1402,0.0,0.0,0.0,False
12,98,10.6122,0.0347,1.8439,0.0,2.1394,0.0,0.0,0.0,False
12,99,10.5051,-1.0418,0.6284,0.0,0.3491,0.0,0.0,0.0,False
12,100,10.4,0.9218,4.4774,0.2403,0.2894,0.2308,0.3056,0.1469,False
12,101,10.297,0.4734,2.8594,0.0,0.6949,0.0,0.0,0.0,False
12,102,10.1961,-0.7855,0.812,0.0,1.2573,0.0,0.0,0.0,False
12,103,10.0971,-0.2567,1.3779,0.0,0.4198,0.0,0.0,0.0,False
12,104,10.0,-1.3891,0.444,0.0,0.2683,0.0,0.0,0.0,False
12,105,9.9048,0.2545,2.2973,0.0,0.2336,0.0,0.0,0.0,False
12,106,9.8113,-0.6018,0.9757,0.0,0.8577,0.0,0.0,0.0,False
12,107,9.7196,0.1567,2.0832,0.0,0.0754,0.0,0.0,0.0,False
12,108,9.6296,-0.9165,0.7123,0.0,0.2438,0.0,0.0,0.0,False
12,109,9.5413,-0.7441,0.8463,0.0,0.3303,0.0,0.0,0.0,False
12,110,9.4545,-0.2395,1.4018,0.0,1.0839,0.0,0.0,0.0,False
12,111,9.3694,-1.6692,0.3356,0.0,0.4121,0.0,0.0,0.0,False
12,112,9.2857,-2.894,0.0986,0.0,0.5671,0.0,0.0,0.0,False
12,113,9.2035,0.6238,3.3236,0.0092,0.2129,0.0128,0.0139,0.0,False
12,114,9.1228,-0.1606,1.5168,0.0,0.0174,0.0,0.0,0.0,False
12,115,9.0435,-0.5326,1.0456,0.0,1.1079,0.0,0.0,0.0,False
12,116,8.9655,-0.9288,0.7035,0.0,1.0445,0.0,0.0,0.0,False
12,117,8.8889,-0.6838,0.8989,0.0,2.7037,0.0,0.0,0.0,False
12,118,8.8136,-1.3712,0.452,0.0,0.1257,0.0,0.0,0.0,False
12,119,8.7395,0.2035,2.1831,0.0,1.1154,0.0,0.0,0.0,False
12,120,8.6667,-1.3866,0.4451,0.0,0.1215,0.0,0.0,0.0,False
12,121,8.595,0.5672,3.1407,0.0183,1.0034,0.0385,0.0139,0.014,False
12,122,8.5246,-2.9083,0.0972,0.0,0.1938,0.0,0.0,0.0,False
12,123,8.4553,-2.4745,0.15,0.0,0.4278,0.0,0.0,0.0,False
12,124,8.3871,-0.6978,0.8864,0.0,0.2853,0.0,0.0,0.0,False
12,125,8.32,-3.0151,0.0873,0.0,1.2069,0.0,0.0,0.0,False
12,126,8.254,1.1873,5.8388,0.6796,0.5077,0.7179,0.6435,0.7133,False
12,127,8.189,-1.4196,0.4307,0.0,1.1492,0.0,0.0,0.0,False
12,128,8.125,1.2519,6.2281,0.7895,0.1052,0.8718,0.7593,0.7902,False
12,129,8.062,-2.2207,0.1933,0.0,1.0177,0.0,0.0,0.0,False
12,130,8.0,-0.9152,0.7132,0.0,0.3757,0.0,0.0,0.0,False
12,131,7.9389,-1.606,0.3574,0.0,0.8732,0.0,0.0,0.0,False
12,132,7.8788,0.5909,3.2161,0.0046,0.0222,0.0,0.0046,0.007,False
12,133,7.8195,-0.7415,0.8485,0.0,0.1636,0.0,0.0,0.0,False
12,134,7.7612,-0.6185,0.9596,0.0,1.4304,0.0,0.0,0.0,False
12,135,7.7037,0.1485,2.0663,0.0,0.7789,0.0,0.0,0.0,False
12,136,7.6471,-2.246,0.1885,0.0,1.8256,0.0,0.0,0.0,False
12,137,7.5912,1.2628,6.2964,0.8467,0.1071,0.9359,0.8472,0.7972,False
12,138,7.5362,0.5227,3.004,0.0023,1.016,0.0,0.0046,0.0,False
12,139,7.482,0.1205,2.0092,0.0,0.0572,0.0,0.0,0.0,False
12,140,7.4286,-0.625,0.9534,0.0,1.1724,0.0,0.0,0.0,False
12,141,7.3759,-1.3966,0.4407,0.0,0.5264,0.0,0.0,0.0,False
12,142,7.3239,-1.899,0.2667,0.0,0.6418,0.0,0.0,0.0,False
12,143,7.2727,-0.5932,0.9841,0.0,0.0156,0.0,0.0,0.0,False
12,144,7.2222,-1.8334,0.2847,0.0,0.7063,0.0,0.0,0.0,False
12,145,7.1724,-0.0145,1.7554,0.0,0.0344,0.0,0.0,0.0,False
12,146,7.1233,-2.2315,0.1912,0.0,1.4855,0.0,0.0,0.0,False
12,147,7.0748,-0.956,0.6847,0.0,0.0935,0.0,0.0,0.0,False
12,148,7.027,-0.6301,0.9485,0.0,2.6283,0.0,0.0,0.0,False
12,149,6.9799,-0.2368,1.4056,0.0,1.1414,0.0,0.0,0.0,False
12,150,6.9333,-0.8778,0.7404,0.0,0.313,0.0,0.0,0.0,False
12,151,6.8874,0.1451,2.0592,0.0,1.6249,0.0,0.0,0.0,False
12,152,6.8421,1.2944,6.4986,0.8719,0.6744,0.9744,0.787,0.9441,False
12,153,6.7974,-1.4028,0.438,0.0,1.4224,0.0,0.0,0.0,False
12,154,6.7532,-0.433,1.1551,0.0,1.8811,0.0,0.0,0.0,False
12,155,6.7097,0.1445,2.0579,0.0,1.6448,0.0,0.0,0.0,False
12,156,6.6667,0.1434,2.0557,0.0,0.5693,0.0,0.0,0.0,False
12,157,6.6242,-0.8354,0.7724,0.0,1.0635,0.0,0.0,0.0,False
12,158,6.5823,0.3552,2.5407,0.0,0.4325,0.0,0.0,0.0,False
12,159,6.5409,-1.93,0.2585,0.0,0.2451,0.0,0.0,0.0,False
12,160,6.5,0.1119,1.992,0.0,0.2791,0.0,0.0,0.0,False
12,161,6.4596,-1.2276,0.5218,0.0,0.6081,0.0,0.0,0.0,False
12,162,6.4198,-0.2067,1.4485,0.0023,2.0253,0.0128,0.0,0.0,False
12,163,6.3804,0.5759,3.1682,0.0023,0.9106,0.0,0.0,0.007,False
12,164,6.3415,0.2762,2.3476,0.0,1.2294,0.0,0.0,0.0,False
12,165,6.303,-1.5944,0.3616,0.0,1.2394,0.0,0.0,0.0,False
12,166,6.2651,-0.8181,0.7859,0.0,0.3863,0.0,0.0,0.0,False
12,167,6.2275,-0.3658,1.2354,0.0,2.1007,0.0,0.0,0.0,False
12,168,6.1905,-3.6156,0.0479,0.0,0.5159,0.0,0.0,0.0,False
12,169,6.1538,0.2662,2.3242,0.0,0.3825,0.0,0.0,0.0,False
12,170,6.1176,-1.8457,0.2813,0.0,0.1187,0.0,0.0,0.0,False
12,171,6.0819,0.008,1.7953,0.0,0.2381,0.0,0.0,0.0,False
12,172,6.0465,-0.3135,1.3018,0.0,0.0968,0.0,0.0,0.0,False
12,173,6.0116,0.7823,3.8942,0.0252,0.5907,0.0128,0.0278,0.028,False
12,174,5.977,-3.0368,0.0855,0.0,0.4607,0.0,0.0,0.0,False
12,175,5.9429,0.981,4.7503,0.3638,0.6332,0.3462,0.3472,0.3986,False
12,176,5.9091,-0.3754,1.2237,0.0,0.0222,0.0,0.0,0.0,False
12,177,5.8757,-0.4666,1.1169,0.0,1.6524,0.0,0.0,0.0,False
12,178,5.8427,-0.0087,1.7656,0.0,0.1298,0.0,0.0,0.0,False
12,179,5.8101,-0.0616,1.6747,0.0,0.2455,0.0,0.0,0.0,False
12,180,5.7778,-0.2506,1.3863,0.0,0.0324,0.0,0.0,0.0,False
12,181,5.7459,-2.4933,0.1472,0.0,0.9847,0.0,0.0,0.0,False
12,182,5.7143,-1.1026,0.5913,0.0,0.8199,0.0,0.0,0.0,False
12,183,5.6831,-0.5967,0.9807,0.0,0.7521,0.0,0.0,0.0,False
12,184,5.6522,-2.9328,0.0948,0.0,1.3625,0.0,0.0,0.0,False
12,185,5.6216,-2.1405,0.2094,0.0,2.8541,0.0,0.0,0.0,False
12,186,5.5914,0.416,2.6999,0.0046,0.203,0.0,0.0046,0.007,False
12,187,5.5615,-1.8015,0.294,0.0,0.4188,0.0,0.0,0.0,False
12,188,5.5319,0.0075,1.7945,0.0,2.4953,0.0,0.0,0.0,False
12,189,5.5026,0.2926,2.3864,0.0,0.5124,0.0,0.0,0.0,False
12,190,5.4737,1.7533,10.2832,0.9977,0.34,1.0,1.0,0.993,True
12,191,5.445,-1.0654,0.6138,0.0,1.777,0.0,0.0,0.0,False
12,192,5.4167,-0.3357,1.2731,0.0023,0.4532,0.0,0.0046,0.0,False
12,193,5.3886,0.9213,4.4751,0.1968,1.3065,0.1538,0.2407,0.1538,False
12,194,5.3608,0.9622,4.6617,0.2494,0.3491,0.2821,0.25,0.2308,False
12,195,5.3333,0.3322,2.483,0.0,0.2425,0.0,0.0,0.0,False
12,196,5.3061,0.2764,2.3481,0.0,0.5443,0.0,0.0,0.0,False
12,197,5.2792,-2.9072,0.0973,0.0,2.2947,0.0,0.0,0.0,False
12,198,5.2525,-0.1199,1.5799,0.0,0.1253,0.0,0.0,0.0,False
12,199,5.2261,-1.0271,0.6377,0.0,1.9184,0.0,0.0,0.0,False
12,200,5.2,0.3216,2.4568,0.0,0.488,0.0,0.0,0.0,False
12,201,5.1741,2.0707,14.1251,1.0,0.6033,1.0,1.0,1.0,True
12,202,5.1485,-2.6202,0.1296,0.0,2.42,0.0,0.0,0.0,False
12,203,5.1232,-0.9365,0.6982,0.0,3.1709,0.0,0.0,0.0,False
12,204,5.098,0.8118,4.0108,0.0686,5.6811,0.0385,0.0694,0.0839,False
12,205,5.0732,-1.6736,0.3341,0.0,0.287,0.0,0.0,0.0,False
12,206,5.0485,-0.3525,1.252,0.0,1.4036,0.0,0.0,0.0,False
12,207,5.0242,0.436,2.7545,0.0,0.2764,0.0,0.0,0.0,False
12,208,5.0,0.2371,2.2577,0.0,1.2886,0.0,0.0,0.0,False
12,209,4.9761,1.1997,5.9118,0.7941,0.5973,0.8333,0.7778,0.7972,False
12,210,4.9524,-0.4955,1.0851,0.0,0.3822,0.0,0.0,0.0,False
12,211,4.9289,-0.6606,0.92,0.0,0.2229,0.0,0.0,0.0,False
12,212,4.9057,-0.1838,1.482,0.0,0.8567,0.0,0.0,0.0,False
12,213,4.8826,0.9527,4.6176,0.2517,0.4844,0.2308,0.2963,0.1958,False
12,214,4.8598,0.2265,2.2339,0.0,0.0722,0.0,0.0,0.0,False
12,215,4.8372,-0.9603,0.6818,0.0,0.3449,0.0,0.0,0.0,False
12,216,4.8148,-1.1145,0.5843,0.0,0.4522,0.0,0.0,0.0,False
12,217,4.7926,-2.8357,0.1045,0.0,0.0237,0.0,0.0,0.0,False
12,218,4.7706,-2.0828,0.2219,0.0,0.3169,0.0,0.0,0.0,False
12,219,4.7489,-0.6543,0.9258,0.0,0.0887,0.0,0.0,0.0,False
12,220,4.7273,1.6719,9.4793,0.9954,2.1026,1.0,1.0,0.986,True
12,221,4.7059,0.568,3.143,0.016,0.2761,0.0128,0.0185,0.014,False
12,222,4.6847,-0.8694,0.7466,0.0,0.6021,0.0,0.0,0.0,False
12,223,4.6637,-0.9809,0.6679,0.0,0.6708,0.0,0.0,0.0,False
12,224,4.6429,0.5222,3.0025,0.0046,2.3439,0.0,0.0093,0.0,False
12,225,4.6222,-0.9384,0.6968,0.0,2.1798,0.0,0.0,0.0,False
12,226,4.6018,-0.0873,1.6323,0.0069,0.2636,0.0,0.0,0.021,False
12,227,4.5815,0.3373,2.4956,0.0,0.0758,0.0,0.0,0.0,False
12,228,4.5614,-0.1825,1.4839,0.0,0.8791,0.0,0.0,0.0,False
12,229,4.5415,-0.4228,1.167,0.0,0.152,0.0,0.0,0.0,False
12,230,4.5217,-0.7537,0.8382,0.0,0.0552,0.0,0.0,0.0,False
12,231,4.5022,0.1855,2.144,0.0,0.3048,0.0,0.0,0.0,False
12,232,4.4828,-0.267,1.3637,0.0,2.3276,0.0,0.0,0.0,False
12,233,4.4635,-0.0377,1.7152,0.0023,1.0588,0.0,0.0,0.007,False
12,234,4.4444,0.3838,2.6144,0.0023,0.6766,0.0,0.0,0.007,False
12,235,4.4255,-1.4024,0.4382,0.0,0.9983,0.0,0.0,0.0,False
12,236,4.4068,-0.2686,1.3615,0.0,0.4165,0.0,0.0,0.0,False
12,237,4.3882,-2.1954,0.1983,0.0,0.604,0.0,0.0,0.0,False
12,238,4.3697,-0.3812,1.2165,0.0,0.5861,0.0,0.0,0.0,False
12,239,4.3515,0.9292,4.5107,0.1419,2.9129,0.1026,0.1481,0.1538,False
12,240,4.3333,0.5055,2.9528,0.0023,0.1592,0.0,0.0,0.007,False
12,241,4.3154,-2.4343,0.1561,0.0,0.5732,0.0,0.0,0.0,False
12,242,4.2975,0.8294,4.082,0.1121,0.8825,0.0769,0.1019,0.1469,False
12,243,4.2798,0.2367,2.2568,0.0,0.8344,0.0,0.0,0.0,False
12,244,4.2623,-0.5955,0.9819,0.0,0.9778,0.0,0.0,0.0,False
12,245,4.2449,-1.0751,0.6078,0.0,2.5044,0.0,0.0,0.0,False
12,246,4.2276,-2.5992,0.1324,0.0,0.2449,0.0,0.0,0.0,False
12,247,4.2105,-0.9045,0.7209,0.0,3.1219,0.0,0.0,0.0,False
12,248,4.1935,0.0005,1.7819,0.0,1.0139,0.0,0.0,0.0,False
12,249,4.1767,-2.1929,0.1987,0.0,0.7344,0.0,0.0,0.0,False
12,250,4.16,0.2231,2.2262,0.0,1.3085,0.0,0.0,0.0,False
12,251,4.1434,-0.2919,1.3302,0.0,1.2517,0.0,0.0,0.0,False
12,252,4.127,-1.5673,0.3715,0.0,1.4273,0.0,0.0,0.0,False
12,253,4.1107,0.2988,2.4012,0.0,4.7228,0.0,0.0,0.0,False
12,254,4.0945,0.1161,2.0004,0.0,0.17,0.0,0.0,0.0,False
12,255,4.0784,-1.6872,0.3296,0.0,3.307,0.0,0.0,0.0,False
12,256,4.0625,0.2506,2.2883,0.0,0.4314,0.0,0.0,0.0,False
12,257,4.0467,0.66,3.4461,0.0229,3.6142,0.0,0.0046,0.0629,False
12,258,4.031,-0.0191,1.7474,0.0,1.1574,0.0,0.0,0.0,False
12,259,4.0154,-0.4133,1.1781,0.0,0.6855,0.0,0.0,0.0,False
12,260,4.0,-0.2945,1.3268,0.0,2.305,0.0,0.0,0.0,False
12,261,3.9847,-0.5348,1.0433,0.0,2.4891,0.0,0.0,0.0,False
12,262,3.9695,0.8139,4.0193,0.0892,0.0093,0.0641,0.1019,0.0839,False
12,263,3.9544,0.5015,2.941,0.0,1.5336,0.0,0.0,0.0,False
12,264,3.9394,-2.9084,0.0972,0.0,0.3807,0.0,0.0,0.0,False
12,265,3.9245,-0.2108,1.4425,0.0,0.9634,0.0,0.0,0.0,False
12,266,3.9098,-2.5307,0.1418,0.0,1.1646,0.0,0.0,0.0,False
12,267,3.8951,0.5686,3.145,0.0092,0.6515,0.0,0.0093,0.014,False
12,268,3.8806,-0.2633,1.3687,0.0,0.3629,0.0,0.0,0.0,False
12,269,3.8662,-0.985,0.6651,0.0,0.1166,0.0,0.0,0.0,False
12,270,3.8519,-0.2765,1.3509,0.0023,0.6215,0.0,0.0,0.007,False
12,271,3.8376,-0.613,0.9648,0.0,1.0318,0.0,0.0,0.0,False
12,272,3.8235,-0.1366,1.5537,0.0,1.6466,0.0,0.0,0.0,False
12,273,3.8095,-0.6796,0.9026,0.0,2.4563,0.0,0.0,0.0,False
12,274,3.7956,0.0745,1.9189,0.0,1.0572,0.0,0.0,0.0,False
12,275,3.7818,1.0867,5.2801,0.4554,0.0522,0.4487,0.5,0.3916,False
12,276,3.7681,-3.351,0.0624,0.0,2.8565,0.0,0.0,0.0,False
12,277,3.7545,-1.7535,0.3084,0.0,0.3845,0.0,0.0,0.0,False
12,278,3.741,0.4661,2.8386,0.0,1.7378,0.0,0.0,0.0,False
12,279,3.7276,-0.7164,0.8701,0.0,0.4714,0.0,0.0,0.0,False
12,280,3.7143,-0.7257,0.862,0.0,0.926,0.0,0.0,0.0,False
12,281,3.7011,0.8591,4.2052,0.119,0.7464,0.0641,0.125,0.1399,False
12,282,3.6879,-0.9487,0.6897,0.0,0.1174,0.0,0.0,0.0,False
12,283,3.6749,-1.5325,0.3847,0.0,1.2303,0.0,0.0,0.0,False
12,284,3.662,-2.6469,0.1262,0.0,2.131,0.0,0.0,0.0,False
12,285,3.6491,0.8043,3.9811,0.0595,0.556,0.0256,0.0833,0.042,False
12,286,3.6364,0.317,2.4453,0.0023,0.2917,0.0,0.0046,0.0,False
12,287,3.6237,-1.5894,0.3634,0.0,2.5158,0.0,0.0,0.0,False
12,288,3.6111,-1.8937,0.2681,0.0,0.2318,0.0,0.0,0.0,False
12,289,3.5986,0.3694,2.5769,0.0046,0.5485,0.0128,0.0,0.007,False
12,290,3.5862,1.2963,6.5113,0.8947,0.2575,0.9231,0.8796,0.9021,False
12,291,3.5739,-0.8422,0.7672,0.0,0.193,0.0,0.0,0.0,False
12,292,3.5616,-0.8358,0.7722,0.0,2.1745,0.0,0.0,0.0,False
12,293,3.5495,-1.2681,0.5011,0.0,0.8696,0.0,0.0,0.0,False
12,294,3.5374,-2.1482,0.2078,0.0,0.4399,0.0,0.0,0.0,False
12,295,3.5254,-0.2201,1.4292,0.0,1.4273,0.0,0.0,0.0,False
12,296,3.5135,-0.0692,1.662,0.0,0.7188,0.0,0.0,0.0,False
12,297,3.5017,-0.1215,1.5773,0.0,0.847,0.0,0.0,0.0,False
12,298,3.4899,-0.7238,0.8637,0.0,1.6458,0.0,0.0,0.0,False
12,299,3.4783,-1.8796,0.2719,0.0,1.6844,0.0,0.0,0.0,False
12,300,3.4667,0.7809,3.8888,0.0801,2.7556,0.0513,0.1111,0.049,False
12,301,3.4551,-0.5566,1.0208,0.0,1.5117,0.0,0.0,0.0,False
12,302,3.4437,-1.4764,0.4069,0.0,0.7913,0.0,0.0,0.0,False
12,303,3.4323,1.5464,8.3609,0.9977,0.367,1.0,0.9954,1.0,True
12,304,3.4211,-1.8862,0.2701,0.0,0.0595,0.0,0.0,0.0,False
12,305,3.4098,0.7943,3.9415,0.0572,0.0109,0.0256,0.0324,0.1119,False
12,306,3.3987,-2.4033,0.161,0.0,2.5635,0.0,0.0,0.0,False
12,307,3.3876,-1.2108,0.5307,0.0,0.6193,0.0,0.0,0.0,False
12,308,3.3766,-0.2917,1.3304,0.0,1.0661,0.0,0.0,0.0,False
12,309,3.3657,-2.7684,0.1118,0.0,1.5461,0.0,0.0,0.0,False
12,310,3.3548,-1.3212,0.4752,0.0,1.2111,0.0,0.0,0.0,False
12,311,3.3441,-2.2754,0.183,0.0,0.1237,0.0,0.0,0.0,False
12,312,3.3333,0.3067,2.4203,0.0023,1.4921,0.0,0.0046,0.0,False
12,313,3.3227,-2.1473,0.208,0.0,0.2969,0.0,0.0,0.0,False
12,314,3.3121,-1.3976,0.4403,0.0,0.2305,0.0,0.0,0.0,False
12,315,3.3016,-1.4498,0.4179,0.0,0.7101,0.0,0.0,0.0,False
12,316,3.2911,0.5593,3.1159,0.0,2.2766,0.0,0.0,0.0,False
12,317,3.2808,0.6709,3.4838,0.0275,0.2356,0.0128,0.0324,0.028,False
12,318,3.2704,0.5677,3.1423,0.0183,0.156,0.0,0.0231,0.021,False
12,319,3.2602,-2.5008,0.1461,0.0,2.0874,0.0,0.0,0.0,False
12,320,3.25,-0.5031,1.0769,0.0,1.8799,0.0,0.0,0.0,False
12,321,3.2399,-0.2812,1.3445,0.0,0.5746,0.0,0.0,0.0,False
12,322,3.2298,-1.642,0.3448,0.0,0.4904,0.0,0.0,0.0,False
12,323,3.2198,-0.4474,1.1386,0.0,0.266,0.0,0.0,0.0,False
12,324,3.2099,0.0894,1.9476,0.0023,0.2303,0.0,0.0046,0.0,False
12,325,3.2,0.5958,3.2318,0.0092,2.7445,0.0,0.0185,0.0,False
12,326,3.1902,-0.6179,0.9601,0.0,2.4055,0.0,0.0,0.0,False
12,327,3.1804,-0.1818,1.485,0.0,1.5305,0.0,0.0,0.0,False
12,328,3.1707,-0.2795,1.3468,0.0,0.5643,0.0,0.0,0.0,False
12,329,3.1611,-1.1326,0.5739,0.0,0.6212,0.0,0.0,0.0,False
12,330,3.1515,-1.2881,0.4912,0.0,0.7515,0.0,0.0,0.0,False
12,331,3.142,0.0137,1.8056,0.0,0.9124,0.0,0.0,0.0,False
12,332,3.1325,-0.3176,1.2965,0.0,2.0458,0.0,0.0,0.0,False
12,333,3.1231,-1.8417,0.2824,0.0,0.816,0.0,0.0,0.0,False
12,334,3.1138,0.6216,3.3163,0.0046,2.1326,0.0,0.0093,0.0,False
12,335,3.1045,-0.0139,1.7565,0.0,0.3512,0.0,0.0,0.0,False
12,336,3.0952,-1.0175,0.6439,0.0,0.1094,0.0,0.0,0.0,False
12,337,3.0861,0.137,2.0427,0.0,0.5,0.0,0.0,0.0,False
12,338,3.0769,-1.595,0.3614,0.0,0.8181,0.0,0.0,0.0,False
12,339,3.0678,-1.5246,0.3877,0.0,0.8724,0.0,0.0,0.0,False
12,340,3.0588,-1.8011,0.2941,0.0,1.3173,0.0,0.0,0.0,False
12,341,3.0499,1.4395,7.5136,0.9794,0.9334,1.0,0.9907,0.951,True
12,342,3.0409,1.2893,6.4656,0.8833,2.4293,0.9103,0.8611,0.9021,False
12,343,3.0321,0.1869,2.1471,0.0,1.2619,0.0,0.0,0.0,False
12,344,3.0233,0.6351,3.3613,0.0092,0.0101,0.0128,0.0139,0.0,False
12,345,3.0145,-0.475,1.1077,0.0,0.8208,0.0,0.0,0.0,False
12,346,3.0058,-2.2682,0.1843,0.0,1.4109,0.0,0.0,0.0,False
12,347,2.9971,-1.9687,0.2487,0.0,0.584,0.0,0.0,0.0,False
12,348,2.9885,-0.5244,1.0543,0.0,0.5092,0.0,0.0,0.0,False
12,349,2.9799,-3.635,0.047,0.0,0.9706,0.0,0.0,0.0,False
12,350,2.9714,-2.101,0.2179,0.0,0.435,0.0,0.0,0.0,False
12,351,2.963,-0.3083,1.3086,0.0,1.7874,0.0,0.0,0.0,False
12,352,2.9545,-1.394,0.4418,0.0,0.4435,0.0,0.0,0.0,False
12,353,2.9462,-2.8235,0.1058,0.0,0.1373,0.0,0.0,0.0,False
12,354,2.9379,0.109,1.9862,0.0,1.2138,0.0,0.0,0.0,False
12,355,2.9296,0.8303,4.0859,0.0572,1.773,0.0256,0.0648,0.0629,False
12,356,2.9213,-0.7517,0.8399,0.0,0.3991,0.0,0.0,0.0,False
12,357,2.9132,0.3383,2.498,0.0,1.7838,0.0,0.0,0.0,False
12,358,2.905,-1.7145,0.3207,0.0,0.0042,0.0,0.0,0.0,False
12,359,2.8969,0.5955,3.2306,0.0046,2.8012,0.0,0.0093,0.0,False
12,360,2.8889,0.4198,2.71,0.0,2.2763,0.0,0.0,0.0,False
12,361,2.8809,-2.9064,0.0974,0.0,0.012,0.0,0.0,0.0,False
12,362,2.8729,-2.0105,0.2385,0.0,1.4361,0.0,0.0,0.0,False
12,363,2.865,0.3327,2.4842,0.0,0.2195,0.0,0.0,0.0,False
12,364,2.8571,0.9527,4.6179,0.2037,1.0093,0.1795,0.2222,0.1888,False
12,365,2.8493,-0.0563,1.6836,0.0,1.1181,0.0,0.0,0.0,False
12,366,2.8415,-1.3506,0.4615,0.0,4.7795,0.0,0.0,0.0,False
12,367,2.8338,0.3717,2.5829,0.0069,0.5688,0.0,0.0139,0.0,False
12,368,2.8261,1.4175,7.3498,0.9634,0.4142,0.9872,0.9676,0.9441,True
12,369,2.8184,-0.8484,0.7625,0.0,0.1014,0.0,0.0,0.0,False
12,370,2.8108,0.6867,3.5393,0.0114,0.373,0.0128,0.0046,0.021,False
12,371,2.8032,0.4216,2.7149,0.0023,1.713,0.0,0.0046,0.0,False
12,372,2.7957,-2.6402,0.1271,0.0,1.8119,0.0,0.0,0.0,False
12,373,2.7882,0.6387,3.3735,0.0686,0.3009,0.0,0.1296,0.014,False
12,374,2.7807,0.0295,1.8344,0.0,1.8598,0.0,0.0,0.0,False
12,375,2.7733,0.9924,4.8049,0.3249,5.4392,0.2692,0.3843,0.2657,False
12,376,2.766,-0.2935,1.328,0.0,0.4966,0.0,0.0,0.0,False
12,377,2.7586,1.096,5.3291,0.5332,0.2256,0.5769,0.5185,0.5315,False
12,378,2.7513,0.8617,4.2163,0.2334,1.8749,0.1026,0.2824,0.2308,False
12,379,2.7441,1.4827,7.845,0.9634,2.647,0.9872,0.9444,0.979,True
12,380,2.7368,-1.1855,0.5443,0.0,0.8518,0.0,0.0,0.0,False
12,381,2.7297,-0.6974,0.8868,0.0,0.8347,0.0,0.0,0.0,False
12,382,2.7225,0.0307,1.8366,0.0046,0.6062,0.0,0.0093,0.0,False
12,383,2.7154,0.2387,2.2612,0.0,1.5149,0.0,0.0,0.0,False
12,384,2.7083,-0.9624,0.6804,0.0,0.8683,0.0,0.0,0.0,False
12,385,2.7013,0.8634,4.2231,0.1076,0.4272,0.0385,0.1574,0.0699,False
12,386,2.6943,0.2691,2.331,0.0,0.0227,0.0,0.0,0.0,False
12,387,2.6873,-0.4545,1.1305,0.0,1.856,0.0,0.0,0.0,False
12,388,2.6804,-1.3976,0.4402,0.0,0.7565,0.0,0.0,0.0,False
12,389,2.6735,-2.8613,0.1019,0.0,1.0984,0.0,0.0,0.0,False
12,390,2.6667,-0.8513,0.7603,0.0,0.9634,0.0,0.0,0.0,False
12,391,2.6598,0.1747,2.121,0.0,0.5426,0.0,0.0,0.0,False
12,392,2.6531,1.0534,5.1073,0.4622,0.3483,0.5385,0.4167,0.4895,False
12,393,2.6463,0.1029,1.9741,0.0,0.1576,0.0,0.0,0.0,False
12,394,2.6396,-1.7337,0.3146,0.0,0.1547,0.0,0.0,0.0,False
12,395,2.6329,-1.6842,0.3306,0.0,1.4245,0.0,0.0,0.0,False
12,396,2.6263,-0.2542,1.3813,0.0,0.4536,0.0,0.0,0.0,False
12,397,2.6196,0.5746,3.1638,0.0137,2.1568,0.0128,0.0231,0.0,False
12,398,2.6131,-1.4257,0.4281,0.0,1.3028,0.0,0.0,0.0,False
12,399,2.6065,0.4273,2.7305,0.0,0.3087,0.0,0.0,0.0,False
12,400,2.6,-0.844,0.7658,0.0,0.1537,0.0,0.0,0.0,False
12,401,2.5935,-0.1755,1.4944,0.0,0.8789,0.0,0.0,0.0,False
12,402,2.5871,0.3703,2.5793,0.0,0.1577,0.0,0.0,0.0,False
12,403,2.5806,-0.744,0.8464,0.0,0.1813,0.0,0.0,0.0,False
12,404,2.5743,0.6613,3.4505,0.0275,1.6004,0.0,0.0278,0.042,False
12,405,2.5679,-0.7997,0.8005,0.0,0.2784,0.0,0.0,0.0,False
12,406,2.5616,0.1474,2.064,0.0,0.9483,0.0,0.0,0.0,False
12,407,2.5553,0.5985,3.2405,0.0069,0.8668,0.0,0.0093,0.007,False
12,408,2.549,0.3634,2.5615,0.0,0.154,0.0,0.0,0.0,False
12,409,2.5428,-0.6315,0.9472,0.0,0.6788,0.0,0.0,0.0,False
12,410,2.5366,-0.4091,1.1831,0.0,0.0041,0.0,0.0,0.0,False
12,411,2.5304,0.8325,4.0949,0.0755,1.4389,0.0513,0.0833,0.0769,False
12,412,2.5243,-0.8318,0.7752,0.0,0.0382,0.0,0.0,0.0,False
12,413,2.5182,0.5721,3.1559,0.0275,0.0643,0.0,0.0185,0.0559,False
12,414,2.5121,-1.8695,0.2746,0.0,2.2261,0.0,0.0,0.0,False
12,415,2.506,0.3751,2.5916,0.0023,0.224,0.0,0.0046,0.0,False
12,416,2.5,-0.7455,0.8451,0.0,1.6736,0.0,0.0,0.0,False
12,417,2.494,-1.8418,0.2823,0.0,2.3143,0.0,0.0,0.0,False
12,418,2.488,-0.0085,1.766,0.0,0.2319,0.0,0.0,0.0,False
12,419,2.4821,1.265,6.3104,0.8879,2.474,0.9359,0.8935,0.8531,False
12,420,2.4762,0.4588,2.8179,0.0,0.5444,0.0,0.0,0.0,False
12,421,2.4703,0.5466,3.0767,0.0023,0.844,0.0,0.0046,0.0,False
12,422,2.4645,-0.4316,1.1567,0.0,1.4511,0.0,0.0,0.0,False
12,423,2.4586,0.0525,1.8772,0.0,1.0647,0.0,0.0,0.0,False
12,424,2.4528,-3.6579,0.0459,0.0,2.4334,0.0,0.0,0.0,False
12,425,2.4471,0.6521,3.4188,0.0092,0.2814,0.0,0.0139,0.007,False
12,426,2.4413,-0.1158,1.5863,0.0,0.0247,0.0,0.0,0.0,False
12,427,2.4356,-2.2449,0.1887,0.0,1.2571,0.0,0.0,0.0,False
12,428,2.4299,0.1901,2.154,0.0023,0.5354,0.0,0.0046,0.0,False
12,429,2.4242,-0.3299,1.2806,0.0,0.1143,0.0,0.0,0.0,False
12,430,2.4186,0.0685,1.9073,0.0,0.3989,0.0,0.0,0.0,False
12,431,2.413,-0.6167,0.9612,0.0,0.6839,0.0,0.0,0.0,False
12,432,2.4074,-2.2481,0.1881,0.0,1.0021,0.0,0.0,0.0,False
12,433,2.4018,-0.5875,0.9898,0.0,2.8784,0.0,0.0,0.0,False
12,434,2.3963,1.1695,5.7358,0.6911,0.3577,0.7949,0.6528,0.6923,False
12,435,2.3908,-0.1946,1.4661,0.0,0.1638,0.0,0.0,0.0,False
12,436,2.3853,-0.284,1.3407,0.0,0.0371,0.0,0.0,0.0,False
12,437,2.3799,-1.9233,0.2602,0.0,0.7721,0.0,0.0,0.0,False
12,438,2.3744,-1.1251,0.5782,0.0,0.1989,0.0,0.0,0.0,False
12,439,2.369,-1.2365,0.5172,0.0,0.6144,0.0,0.0,0.0,False
12,440,2.3636,1.1082,5.3949,0.5721,1.0002,0.641,0.5046,0.6364,False
12,441,2.3583,-1.963,0.2501,0.0,1.4727,0.0,0.0,0.0,False
12,442,2.3529,-3.0288,0.0862,0.0,4.0177,0.0,0.0,0.0,False
12,443,2.3476,-0.6505,0.9293,0.0,0.076,0.0,0.0,0.0,False
12,444,2.3423,0.7172,3.6489,0.0275,0.0719,0.0,0.0324,0.035,False
12,445,2.3371,-0.5418,1.036,0.0,0.0515,0.0,0.0,0.0,False
12,446,2.3318,-1.2983,0.4862,0.0,0.8443,0.0,0.0,0.0,False
12,447,2.3266,-0.7249,0.8627,0.0,0.258,0.0,0.0,0.0,False
12,448,2.3214,-0.0617,1.6746,0.0,2.9578,0.0,0.0,0.0,False
12,449,2.3163,-0.1003,1.6111,0.0,0.5227,0.0,0.0,0.0,False
12,450,2.3111,-0.6479,0.9318,0.0,2.5258,0.0,0.0,0.0,False
12,451,2.306,-2.2593,0.186,0.0,2.115,0.0,0.0,0.0,False
12,452,2.3009,-1.0768,0.6068,0.0,0.7202,0.0,0.0,0.0,False
12,453,2.2958,1.1267,5.4955,0.6041,3.521,0.7051,0.6065,0.5455,False
12,454,2.2907,0.3851,2.6178,0.0,0.3137,0.0,0.0,0.0,False
12,455,2.2857,-1.6611,0.3383,0.0,0.0267,0.0,0.0,0.0,False
12,456,2.2807,0.4269,2.7294,0.0046,0.6737,0.0,0.0046,0.007,False
12,457,2.2757,-2.3025,0.1781,0.0,1.1917,0.0,0.0,0.0,False
12,458,2.2707,-0.1263,1.5698,0.0,0.6345,0.0,0.0,0.0,False
12,459,2.2658,0.8509,4.171,0.2426,0.4164,0.0897,0.2407,0.3287,False
12,460,2.2609,-1.517,0.3907,0.0,1.0201,0.0,0.0,0.0,False
12,461,2.256,-0.9809,0.6679,0.0,1.0847,0.0,0.0,0.0,False
12,462,2.2511,-0.6358,0.9431,0.0,0.5315,0.0,0.0,0.0,False
12,463,2.2462,-3.2899,0.0664,0.0,0.7143,0.0,0.0,0.0,False
12,464,2.2414,-0.3848,1.2122,0.0,1.2105,0.0,0.0,0.0,False
12,465,2.2366,-0.6444,0.935,0.0,0.0261,0.0,0.0,0.0,False
12,466,2.2318,-0.6327,0.9461,0.0,0.6156,0.0,0.0,0.0,False
12,467,2.227,-0.9152,0.7132,0.0,0.0491,0.0,0.0,0.0,False
12,468,2.2222,-3.036,0.0855,0.0,0.7398,0.0,0.0,0.0,False
12,469,2.2175,-0.5454,1.0324,0.0,0.9913,0.0,0.0,0.0,False
12,470,2.2128,0.9878,4.7827,0.2838,1.2002,0.2821,0.2917,0.2727,False
12,471,2.2081,-0.939,0.6964,0.0,1.1576,0.0,0.0,0.0,False
12,472,2.2034,-2.8442,0.1036,0.0,0.3035,0.0,0.0,0.0,False
12,473,2.1987,-0.929,0.7034,0.0,0.3764,0.0,0.0,0.0,False
12,474,2.1941,-0.7383,0.8512,0.0,0.2443,0.0,0.0,0.0,False
12,475,2.1895,0.6396,3.3764,0.0709,0.2962,0.0,0.1157,0.042,False
12,476,2.1849,-1.8745,0.2733,0.0,0.703,0.0,0.0,0.0,False
12,477,2.1803,-2.6399,0.1271,0.0,0.2963,0.0,0.0,0.0,False
12,478,2.1757,0.248,2.2823,0.0,2.3178,0.0,0.0,0.0,False
12,479,2.1712,-0.3368,1.2718,0.0,0.8306,0.0,0.0,0.0,False
12,480,2.1667,-2.811,0.1071,0.0,0.0355,0.0,0.0,0.0,False
12,481,2.1622,0.2864,2.3718,0.0023,2.2359,0.0,0.0,0.007,False
12,482,2.1577,-0.606,0.9717,0.0,0.1298,0.0,0.0,0.0,False
12,483,2.1532,0.7557,3.7922,0.0664,0.5629,0.0513,0.0926,0.035,False
12,484,2.1488,0.0054,1.7908,0.0,2.9892,0.0,0.0,0.0,False
12,485,2.1443,-2.1008,0.2179,0.0,0.7549,0.0,0.0,0.0,False
12,486,2.1399,-3.437,0.0573,0.0,2.4102,0.0,0.0,0.0,False
12,487,2.1355,1.1966,5.8936,0.7803,0.0363,0.8718,0.7269,0.8112,False
12,488,2.1311,-2.7982,0.1085,0.0,0.1036,0.0,0.0,0.0,False
12,489,2.1268,-0.2965,1.3241,0.0,0.5853,0.0,0.0,0.0,False
12,490,2.1224,0.4035,2.6663,0.0137,1.1237,0.0128,0.0139,0.014,False
12,491,2.1181,-2.5016,0.146,0.0,0.0844,0.0,0.0,0.0,False
12,492,2.1138,-1.1345,0.5728,0.0,1.8019,0.0,0.0,0.0,False
12,493,2.1095,-0.423,1.1667,0.0,1.6015,0.0,0.0,0.0,False
12,494,2.1053,-3.4893,0.0544,0.0,0.4885,0.0,0.0,0.0,False
12,495,2.101,1.0725,5.2055,0.4325,1.6167,0.4359,0.4167,0.4545,False
12,496,2.0968,-2.3409,0.1714,0.0,0.4254,0.0,0.0,0.0,False
12,497,2.0926,0.1268,2.0219,0.0,2.1995,0.0,0.0,0.0,False
12,498,2.0884,-1.6716,0.3348,0.0,1.6341,0.0,0.0,0.0,False
12,499,2.0842,-0.122,1.5765,0.0,0.005,0.0,0.0,0.0,False
12,500,2.08,-0.5265,1.052,0.0,0.2288,0.0,0.0,0.0,False
12,501,2.0758,-0.7084,0.8771,0.0,0.2251,0.0,0.0,0.0,False
12,502,2.0717,-0.1091,1.5969,0.0,0.0936,0.0,0.0,0.0,False
12,503,2.0676,-2.7261,0.1166,0.0,0.5546,0.0,0.0,0.0,False
12,504,2.0635,-0.1496,1.5337,0.0,0.3528,0.0,0.0,0.0,False
12,505,2.0594,-1.4128,0.4336,0.0,9.2462,0.0,0.0,0.0,False
12,506,2.0553,-1.3371,0.4677,0.0,0.5864,0.0,0.0,0.0,False
12,507,2.0513,0.2383,2.2603,0.0,0.0507,0.0,0.0,0.0,False
12,508,2.0472,0.2575,2.3041,0.0046,1.3566,0.0128,0.0046,0.0,False
12,509,2.0432,0.6043,3.2593,0.0,0.0904,0.0,0.0,0.0,False
12,510,2.0392,-0.714,0.8722,0.0,3.1473,0.0,0.0,0.0,False
12,511,2.0352,0.9176,4.4584,0.1396,2.2111,0.1026,0.1157,0.1958,False
12,512,2.0312,-1.2262,0.5226,0.0,2.4082,0.0,0.0,0.0,False
12,513,2.0273,-2.1092,0.2161,0.0,3.8057,0.0,0.0,0.0,False
12,514,2.0233,-0.1853,1.4799,0.0,1.4514,0.0,0.0,0.0,False
12,515,2.0194,0.4666,2.84,0.016,0.5641,0.0128,0.0278,0.0,False
12,516,2.0155,-1.6482,0.3427,0.0,4.9992,0.0,0.0,0.0,False
12,517,2.0116,-1.7529,0.3086,0.0,1.3731,0.0,0.0,0.0,False
12,518,2.0077,-0.2771,1.35,0.0,2.4917,0.0,0.0,0.0,False
12,519,2.0039,1.4051,7.2593,0.9771,2.1525,1.0,0.9815,0.958,True
12,520,2.0,-0.7286,0.8595,0.0,1.7988,0.0,0.0,0.0,False
13,1,322.0,-1.5907,0.3629,0.0,0.0605,0.0,0.0,0.0,False
13,2,161.0,0.0967,1.962,0.0046,1.7828,0.0,0.0093,0.0,False
13,3,107.3333,-1.5875,0.3641,0.0,0.3102,0.0,0.0,0.0,False
13,4,80.5,0.2876,2.3746,0.0,0.2814,0.0,0.0,0.0,False
13,5,64.4,-0.0518,1.6911,0.0183,1.3242,0.0,0.0278,0.014,False
13,6,53.6667,-0.0747,1.6528,0.0023,2.1088,0.0,0.0046,0.0,False
13,7,46.0,-1.6111,0.3556,0.0,1.3268,0.0,0.0,0.0,False
13,8,40.25,0.8561,4.1926,0.167,0.9371,0.1154,0.1713,0.1888,False
13,9,35.7778,1.013,4.9049,0.3936,0.6723,0.4103,0.3981,0.3776,False
13,10,32.2,-1.9983,0.2414,0.0,1.3004,0.0,0.0,0.0,False
13,11,29.2727,0.9666,4.6824,0.2929,1.4037,0.2564,0.2963,0.3077,False
13,12,26.8333,0.6117,3.2837,0.0229,1.7547,0.0,0.0231,0.035,False
13,13,24.7692,0.2259,2.2324,0.0,1.7361,0.0,0.0,0.0,False
13,14,23.0,-2.2544,0.1869,0.0,0.0183,0.0,0.0,0.0,False
13,15,21.4667,-0.7015,0.8831,0.0,0.2645,0.0,0.0,0.0,False
13,16,20.125,-2.3224,0.1746,0.0,0.5046,0.0,0.0,0.0,False
13,17,18.9412,-0.016,1.7527,0.0,0.9371,0.0,0.0,0.0,False
13,18,17.8889,-2.4085,0.1602,0.0,2.6193,0.0,0.0,0.0,False
13,19,16.9474,-2.1,0.2181,0.0,1.0833,0.0,0.0,0.0,False
13,20,16.1,-1.2582,0.5061,0.0,2.0191,0.0,0.0,0.0,False
13,21,15.3333,0.3449,2.5145,0.0046,1.7785,0.0,0.0093,0.0,False
13,22,14.6364,-0.7333,0.8555,0.0,0.3242,0.0,0.0,0.0,False
13,23,14.0,-0.1437,1.5427,0.0,0.9975,0.0,0.0,0.0,False
13,24,13.4167,-2.0488,0.2296,0.0,1.0395,0.0,0.0,0.0,False
13,25,12.88,-0.3757,1.2233,0.0,0.0576,0.0,0.0,0.0,False
13,26,12.3846,-0.4161,1.1748,0.0,0.072,0.0,0.0,0.0,False
13,27,11.9259,-3.0096,0.0878,0.0,0.5545,0.0,0.0,0.0,False
13,28,11.5,1.4232,7.3922,0.9085,4.1069,0.9487,0.8843,0.9231,True
13,29,11.1034,-0.2605,1.3726,0.0,0.1146,0.0,0.0,0.0,False
13,30,10.7333,-1.5682,0.3712,0.0,1.345,0.0,0.0,0.0,False
13,31,10.3871,-1.5059,0.3951,0.0,0.525,0.0,0.0,0.0,False
13,32,10.0625,0.0141,1.8064,0.0,0.1414,0.0,0.0,0.0,False
13,33,9.7576,-0.0664,1.6667,0.0,0.0732,0.0,0.0,0.0,False
13,34,9.4706,-0.0609,1.6758,0.0023,0.7651,0.0,0.0046,0.0,False
13,35,9.2,-0.2424,1.3977,0.0,0.2877,0.0,0.0,0.0,False
13,36,8.9444,-1.5152,0.3914,0.0,0.6241,0.0,0.0,0.0,False
13,37,8.7027,-0.8148,0.7886,0.0,2.0163,0.0,0.0,0.0,False
13,38,8.4737,-2.501,0.1461,0.0,0.8819,0.0,0.0,0.0,False
13,39,8.2564,0.2942,2.3903,0.0,0.3237,0.0,0.0,0.0,False
13,40,8.05,0.312,2.4332,0.0114,0.2746,0.0128,0.0046,0.021,False
13,41,7.8537,-0.0183,1.7488,0.0023,1.048,0.0128,0.0,0.0,False
13,42,7.6667,-1.5259,0.3873,0.0,0.929,0.0,0.0,0.0,False
13,43,7.4884,-0.549,1.0286,0.0,1.2814,0.0,0.0,0.0,False
13,44,7.3182,-0.7875,0.8104,0.0,0.4226,0.0,0.0,0.0,False
13,45,7.1556,0.3159,2.4427,0.0,0.9007,0.0,0.0,0.0,False
13,46,7.0,-1.2114,0.5304,0.0,1.559,0.0,0.0,0.0,False
13,47,6.8511,0.827,4.0723,0.087,0.0422,0.0769,0.0926,0.0839,False
13,48,6.7083,-1.5349,0.3838,0.0,0.4593,0.0,0.0,0.0,False
13,49,6.5714,-1.4165,0.432,0.0,0.0048,0.0,0.0,0.0,False
13,50,6.44,0.9141,4.4429,0.2082,2.3304,0.1795,0.2361,0.1818,False
13,51,6.3137,-1.9672,0.2491,0.0,0.6208,0.0,0.0,0.0,False
13,52,6.1923,0.3997,2.6562,0.0389,0.4859,0.0128,0.0741,0.0,False
13,53,6.0755,0.7061,3.6084,0.0137,0.901,0.0,0.0185,0.014,False
13,54,5.963,0.4478,2.7871,0.0114,0.3753,0.0128,0.0093,0.014,False
13,55,5.8545,0.0118,1.8022,0.0,1.9608,0.0,0.0,0.0,False
13,56,5.75,1.2215,6.0421,0.7277,1.0687,0.7949,0.7315,0.6853,False
13,57,5.6491,0.41,2.6838,0.0,0.4652,0.0,0.0,0.0,False
13,58,5.5517,-0.8056,0.7958,0.0,1.7085,0.0,0.0,0.0,False
13,59,5.4576,0.353,2.5352,0.0,0.1162,0.0,0.0,0.0,False
13,60,5.3667,-0.2658,1.3653,0.0,0.4273,0.0,0.0,0.0,False
13,61,5.2787,-0.2346,1.4086,0.0,0.8931,0.0,0.0,0.0,False
13,62,5.1935,-0.1103,1.595,0.0,7.3794,0.0,0.0,0.0,False
13,63,5.1111,-0.4796,1.1025,0.0,1.9077,0.0,0.0,0.0,False
13,64,5.0312,0.6472,3.4022,0.032,0.6187,0.0,0.0509,0.021,False
13,65,4.9538,0.0508,1.8739,0.0,0.3806,0.0,0.0,0.0,False
13,66,4.8788,0.5053,2.9521,0.0092,0.345,0.0,0.0139,0.007,False
13,67,4.806,0.3204,2.4538,0.0,3.0299,0.0,0.0,0.0,False
13,68,4.7353,1.0018,4.8504,0.3043,0.2486,0.3974,0.2778,0.2937,False
13,69,4.6667,-0.6123,0.9655,0.0,0.2204,0.0,0.0,0.0,False
13,70,4.6,-1.4491,0.4182,0.0,0.6679,0.0,0.0,0.0,False
13,71,4.5352,0.4073,2.6766,0.0,1.6993,0.0,0.0,0.0,False
13,72,4.4722,-1.1428,0.568,0.0,0.2148,0.0,0.0,0.0,False
13,73,4.411,0.115,1.9981,0.0,0.6554,0.0,0.0,0.0,False
13,74,4.3514,-0.7578,0.8348,0.0,0.4719,0.0,0.0,0.0,False
13,75,4.2933,-0.3973,1.1971,0.0,3.302,0.0,0.0,0.0,False
13,76,4.2368,1.2704,6.3448,0.8558,0.1623,0.9359,0.8148,0.8741,False
13,77,4.1818,-2.2344,0.1907,0.0,1.2978,0.0,0.0,0.0,False
13,78,4.1282,0.124,2.0161,0.0,0.2614,0.0,0.0,0.0,False
13,79,4.0759,-0.1511,1.5313,0.0,0.2061,0.0,0.0,0.0,False
13,80,4.025,-2.6451,0.1264,0.0,0.0119,0.0,0.0,0.0,False
13,81,3.9753,1.1917,5.8647,0.7712,0.0496,0.8974,0.7176,0.7832,False
13,82,3.9268,-1.198,0.5375,0.0,0.1658,0.0,0.0,0.0,False
13,83,3.8795,-0.4839,1.0978,0.0,0.5297,0.0,0.0,0.0,False
13,84,3.8333,-0.3029,1.3157,0.0,1.1905,0.0,0.0,0.0,False
13,85,3.7882,-1.2952,0.4878,0.0,0.3809,0.0,0.0,0.0,False
13,86,3.7442,-1.2401,0.5154,0.0,0.0093,0.0,0.0,0.0,False
13,87,3.7011,1.171,5.7445,0.6957,2.7538,0.7436,0.6898,0.6783,False
13,88,3.6591,-0.3772,1.2214,0.0,1.8841,0.0,0.0,0.0,False
13,89,3.618,-2.2651,0.1849,0.0,2.6573,0.0,0.0,0.0,False
13,90,3.5778,0.041,1.8556,0.0,0.7239,0.0,0.0,0.0,False
13,91,3.5385,-2.1153,0.2148,0.0,0.1223,0.0,0.0,0.0,False
13,92,3.5,0.1595,2.0891,0.0,0.4782,0.0,0.0,0.0,False
13,93,3.4624,-2.9052,0.0975,0.0,0.7731,0.0,0.0,0.0,False
13,94,3.4255,-0.6202,0.9579,0.0,0.9764,0.0,0.0,0.0,False
13,95,3.3895,-1.5762,0.3683,0.0,0.8327,0.0,0.0,0.0,False
13,96,3.3542,-0.7962,0.8033,0.0,1.7935,0.0,0.0,0.0,False
13,97,3.3196,0.914,4.4425,0.1922,0.0996,0.1923,0.1343,0.2797,False
13,98,3.2857,-2.346,0.1705,0.0,0.9158,0.0,0.0,0.0,False
13,99,3.2525,-0.1134,1.5901,0.0,1.2088,0.0,0.0,0.0,False
13,100,3.22,-0.5285,1.0499,0.0,0.3223,0.0,0.0,0.0,False
13,101,3.1881,-0.816,0.7876,0.0,0.9212,0.0,0.0,0.0,False
13,102,3.1569,-0.9524,0.6872,0.0,2.7408,0.0,0.0,0.0,False
13,103,3.1262,0.2797,2.3558,0.0,0.9158,0.0,0.0,0.0,False
13,104,3.0962,-0.3768,1.2219,0.0,0.2649,0.0,0.0,0.0,False
13,105,3.0667,0.6837,3.5285,0.032,1.6676,0.0,0.0185,0.0699,False
13,106,3.0377,-0.094,1.6213,0.0,1.4766,0.0,0.0,0.0,False
13,107,3.0093,-0.3164,1.2979,0.0,0.9841,0.0,0.0,0.0,False
13,108,2.9815,0.3331,2.4852,0.0,0.0249,0.0,0.0,0.0,False
13,109,2.9541,-1.0575,0.6186,0.0,1.3125,0.0,0.0,0.0,False
13,110,2.9273,-0.7723,0.8228,0.0,0.5587,0.0,0.0,0.0,False
13,111,2.9009,0.7295,3.6942,0.0092,0.522,0.0,0.0046,0.021,False
13,112,2.875,-2.3082,0.1771,0.0,1.25,0.0,0.0,0.0,False
13,113,2.8496,0.1848,2.1427,0.0023,1.4013,0.0,0.0046,0.0,False
13,114,2.8246,0.2564,2.3016,0.0,0.7822,0.0,0.0,0.0,False
13,115,2.8,-0.8937,0.7287,0.0,1.1313,0.0,0.0,0.0,False
13,116,2.7759,0.0984,1.9653,0.0,2.9061,0.0,0.0,0.0,False
13,117,2.7521,-1.5142,0.3918,0.0,1.1302,0.0,0.0,0.0,False
13,118,2.7288,1.3867,7.1269,0.9382,0.4269,0.9744,0.9074,0.965,True
13,119,2.7059,-2.2734,0.1834,0.0,0.0409,0.0,0.0,0.0,False
13,120,2.6833,-1.3209,0.4753,0.0,0.3106,0.0,0.0,0.0,False
13,121,2.6612,-1.2376,0.5167,0.0,1.5207,0.0,0.0,0.0,False
13,122,2.6393,-1.5576,0.3752,0.0,0.1479,0.0,0.0,0.0,False
13,123,2.6179,-0.5825,0.9947,0.0,0.7219,0.0,0.0,0.0,False
13,124,2.5968,-1.1419,0.5685,0.0,0.5812,0.0,0.0,0.0,False
13,125,2.576,-0.1796,1.4883,0.0,0.8038,0.0,0.0,0.0,False
13,126,2.5556,-2.1286,0.212,0.0,0.0861,0.0,0.0,0.0,False
13,127,2.5354,0.1404,2.0494,0.0,0.3366,0.0,0.0,0.0,False
13,128,2.5156,1.1358,5.5455,0.5973,0.0917,0.6667,0.6065,0.5455,False
13,129,2.4961,-0.652,0.9279,0.0,0.4784,0.0,0.0,0.0,False
13,130,2.4769,0.1174,2.0029,0.0,6.3601,0.0,0.0,0.0,False
13,131,2.458,0.6788,3.5112,0.0389,0.7878,0.0256,0.0556,0.021,False
13,132,2.4394,-1.9923,0.2429,0.0,0.4796,0.0,0.0,0.0,False
13,133,2.4211,0.2792,2.3547,0.0,2.8429,0.0,0.0,0.0,False
13,134,2.403,0.8097,4.0025,0.0503,1.7344,0.0641,0.0509,0.042,False
13,135,2.3852,1.054,5.11,0.4645,0.5781,0.5,0.4537,0.4615,False
13,136,2.3676,-0.4503,1.1354,0.0,0.7661,0.0,0.0,0.0,False
13,137,2.3504,-0.6772,0.9049,0.0,0.1498,0.0,0.0,0.0,False
13,138,2.3333,-2.2841,0.1814,0.0,0.6901,0.0,0.0,0.0,False
13,139,2.3165,-1.8249,0.2872,0.0,0.0065,0.0,0.0,0.0,False
13,140,2.3,-0.6457,0.9338,0.0,0.273,0.0,0.0,0.0,False
13,141,2.2837,-1.784,0.2992,0.0,0.4044,0.0,0.0,0.0,False
13,142,2.2676,-3.6493,0.0463,0.0,0.6037,0.0,0.0,0.0,False
13,143,2.2517,-1.0733,0.6089,0.0,1.3463,0.0,0.0,0.0,False
13,144,2.2361,-3.3509,0.0624,0.0,0.5998,0.0,0.0,0.0,False
13,145,2.2207,0.1963,2.1673,0.0046,1.1169,0.0,0.0093,0.0,False
13,146,2.2055,-0.7396,0.8501,0.0,2.8191,0.0,0.0,0.0,False
13,147,2.1905,-0.0081,1.7666,0.0,1.0592,0.0,0.0,0.0,False
13,148,2.1757,-0.6515,0.9284,0.0,0.9926,0.0,0.0,0.0,False
13,149,2.1611,0.5646,3.1324,0.0092,0.2867,0.0256,0.0046,0.007,False
13,150,2.1467,-0.4106,1.1813,0.0,0.1223,0.0,0.0,0.0,False
13,151,2.1325,-0.2253,1.4218,0.0,0.4388,0.0,0.0,0.0,False
13,152,2.1184,-2.1129,0.2153,0.0,1.5689,0.0,0.0,0.0,False
13,153,2.1046,-0.8664,0.7488,0.0,1.0501,0.0,0.0,0.0,False
13,154,2.0909,-1.265,0.5027,0.0,0.306,0.0,0.0,0.0,False
13,155,2.0774,0.5302,3.0265,0.0046,1.3703,0.0256,0.0,0.0,False
13,156,2.0641,0.1748,2.1213,0.0,0.3068,0.0,0.0,0.0,False
13,157,2.051,-0.0443,1.7039,0.0,0.7703,0.0,0.0,0.0,False
13,158,2.038,1.0288,4.9828,0.389,0.8243,0.3974,0.3796,0.3986,False
13,159,2.0252,-0.7617,0.8316,0.0,0.1317,0.0,0.0,0.0,False
13,160,2.0125,-1.6344,0.3474,0.0,4.9649,0.0,0.0,0.0,False
13,161,2.0,0.1305,2.0294,0.0046,2.0146,0.0,0.0093,0.0,False
14,1,619.0,-0.0158,1.7531,0.0046,1.9015,0.0,0.0093,0.0,False
14,2,309.5,-0.3105,1.3056,0.0,0.8809,0.0,0.0,0.0,False
14,3,206.3333,-1.1792,0.5477,0.0,0.5057,0.0,0.0,0.0,False
14,4,154.75,0.9171,4.4564,0.2517,2.1157,0.1923,0.2963,0.2168,False
14,5,123.8,-0.4367,1.1509,0.0,1.1267,0.0,0.0,0.0,False
14,6,103.1667,-3.2809,0.067,0.0,1.5745,0.0,0.0,0.0,False
14,7,88.4286,0.2142,2.2066,0.0,1.965,0.0,0.0,0.0,False
14,8,77.375,-0.463,1.121,0.0,0.012,0.0,0.0,0.0,False
14,9,68.7778,-0.4954,1.0852,0.0,1.1842,0.0,0.0,0.0,False
14,10,61.9,-0.3593,1.2434,0.0,0.928,0.0,0.0,0.0,False
14,11,56.2727,0.8003,3.9649,0.0503,0.0489,0.0769,0.0648,0.014,False
14,12,51.5833,1.1038,5.3713,0.5286,0.8704,0.6026,0.537,0.4755,False
14,13,47.6154,-0.8726,0.7442,0.0,1.1066,0.0,0.0,0.0,False
14,14,44.2143,0.6789,3.5118,0.0114,1.6622,0.0,0.0046,0.028,False
14,15,41.2667,-0.1684,1.505,0.0023,0.053,0.0,0.0,0.007,False
14,16,38.6875,-0.0798,1.6445,0.0,1.3306,0.0,0.0,0.0,False
14,17,36.4118,-1.0697,0.6111,0.0,1.5979,0.0,0.0,0.0,False
14,18,34.3889,-0.5193,1.0596,0.0,0.0997,0.0,0.0,0.0,False
14,19,32.5789,0.6859,3.5363,0.0046,2.9299,0.0,0.0093,0.0,False
14,20,30.95,0.0861,1.9412,0.0,4.4291,0.0,0.0,0.0,False
14,21,29.4762,-0.7003,0.8841,0.0,1.6997,0.0,0.0,0.0,False
14,22,28.1364,-1.8358,0.2841,0.0,0.0512,0.0,0.0,0.0,False
14,23,26.913,-1.0679,0.6122,0.0,0.6447,0.0,0.0,0.0,False
14,24,25.7917,-0.948,0.6902,0.0,0.8774,0.0,0.0,0.0,False
14,25,24.76,-1.9058,0.2649,0.0,1.1243,0.0,0.0,0.0,False
14,26,23.8077,-0.2962,1.3245,0.0,0.3135,0.0,0.0,0.0,False
14,27,22.9259,-0.3849,1.2121,0.0,0.0084,0.0,0.0,0.0,False
14,28,22.1071,0.0093,1.7977,0.0,0.4083,0.0,0.0,0.0,False
14,29,21.3448,0.1955,2.1657,0.0023,0.8532,0.0,0.0046,0.0,False
14,30,20.6333,-3.2301,0.0704,0.0,0.3729,0.0,0.0,0.0,False
14,31,19.9677,0.9207,4.4722,0.1831,0.2867,0.141,0.213,0.1608,False
14,32,19.3438,-1.1124,0.5855,0.0,1.8286,0.0,0.0,0.0,False
14,33,18.7576,-1.1249,0.5783,0.0,0.3026,0.0,0.0,0.0,False
14,34,18.2059,-2.0252,0.235,0.0,0.4936,0.0,0.0,0.0,False
14,35,17.6857,-0.6838,0.8989,0.0,1.4794,0.0,0.0,0.0,False
14,36,17.1944,-0.1695,1.5033,0.0,0.3871,0.0,0.0,0.0,False
14,37,16.7297,-3.4233,0.0581,0.0,2.5783,0.0,0.0,0.0,False
14,38,16.2895,-0.259,1.3746,0.0,1.8829,0.0,0.0,0.0,False
14,39,15.8718,-3.195,0.073,0.0,0.0025,0.0,0.0,0.0,False
14,40,15.475,-0.7942,0.8049,0.0,2.4766,0.0,0.0,0.0,False
14,41,15.0976,-1.2325,0.5193,0.0,0.1344,0.0,0.0,0.0,False
14,42,14.7381,-1.2687,0.5009,0.0,1.0763,0.0,0.0,0.0,False
14,43,14.3953,-0.9724,0.6735,0.0,0.3864,0.0,0.0,0.0,False
14,44,14.0682,-0.5417,1.0361,0.0,1.1452,0.0,0.0,0.0,False
14,45,13.7556,-1.052,0.622,0.0,0.184,0.0,0.0,0.0,False
14,46,13.4565,-2.3456,0.1706,0.0,0.2424,0.0,0.0,0.0,False
14,47,13.1702,-1.9684,0.2488,0.0,2.6145,0.0,0.0,0.0,False
14,48,12.8958,-0.2292,1.4162,0.0,1.1475,0.0,0.0,0.0,False
14,49,12.6327,-1.227,0.5222,0.0,2.1139,0.0,0.0,0.0,False
14,50,12.38,-0.9376,0.6974,0.0,0.2901,0.0,0.0,0.0,False
14,51,12.1373,-0.4367,1.1509,0.0,1.1368,0.0,0.0,0.0,False
14,52,11.9038,-1.5036,0.396,0.0,0.0555,0.0,0.0,0.0,False
14,53,11.6792,1.1244,5.483,0.5995,4.626,0.6282,0.5556,0.6503,False
14,54,11.463,0.6662,3.4675,0.0046,1.3984,0.0,0.0046,0.007,False
14,55,11.2545,1.7673,10.4282,1.0,1.732,1.0,1.0,1.0,True
14,56,11.0536,-0.7141,0.8721,0.0,0.4083,0.0,0.0,0.0,False
14,57,10.8596,-2.2581,0.1862,0.0,0.0579,0.0,0.0,0.0,False
14,58,10.6724,-0.6629,0.9179,0.0,0.8022,0.0,0.0,0.0,False
14,59,10.4915,-0.2598,1.3736,0.0,1.566,0.0,0.0,0.0,False
14,60,10.3167,-1.9937,0.2426,0.0,1.6554,0.0,0.0,0.0,False
14,61,10.1475,-2.8022,0.1081,0.0,0.1737,0.0,0.0,0.0,False
14,62,9.9839,-0.2684,1.3618,0.0,0.2343,0.0,0.0,0.0,False
14,63,9.8254,-0.4707,1.1124,0.0,1.3033,0.0,0.0,0.0,False
14,64,9.6719,-0.012,1.7599,0.0,0.4173,0.0,0.0,0.0,False
14,65,9.5231,0.7674,3.8368,0.0435,0.4268,0.0256,0.0509,0.042,False
14,66,9.3788,1.2087,5.9653,0.7826,0.1897,0.8333,0.7315,0.8322,False
14,67,9.2388,-1.2404,0.5152,0.0,0.0342,0.0,0.0,0.0,False
14,68,9.1029,-2.1262,0.2125,0.0,0.6713,0.0,0.0,0.0,False
14,69,8.971,0.1197,2.0075,0.0,0.3551,0.0,0.0,0.0,False
14,70,8.8429,-1.1414,0.5688,0.0,0.5687,0.0,0.0,0.0,False
14,71,8.7183,-0.8159,0.7877,0.0,1.2505,0.0,0.0,0.0,False
14,72,8.5972,0.8548,4.187,0.1373,3.6526,0.0641,0.1991,0.0839,False
14,73,8.4795,-1.9166,0.262,0.0,1.5321,0.0,0.0,0.0,False
14,74,8.3649,0.7066,3.6103,0.0114,1.383,0.0128,0.0185,0.0,False
14,75,8.2533,-0.7116,0.8742,0.0,1.5259,0.0,0.0,0.0,False
14,76,8.1447,0.11,1.9882,0.0,0.5169,0.0,0.0,0.0,False
14,77,8.039,-1.0548,0.6203,0.0,0.3786,0.0,0.0,0.0,False
14,78,7.9359,0.3094,2.4269,0.0023,0.8341,0.0,0.0046,0.0,False
14,79,7.8354,1.5096,8.0589,0.9931,0.7061,1.0,0.9861,1.0,True
14,80,7.7375,-1.6354,0.3471,0.0,0.9297,0.0,0.0,0.0,False
14,81,7.642,-1.4193,0.4308,0.0,0.6291,0.0,0.0,0.0,False
14,82,7.5488,-2.5883,0.1338,0.0,0.814,0.0,0.0,0.0,False
14,83,7.4578,-0.0629,1.6725,0.0,0.6153,0.0,0.0,0.0,False
14,84,7.369,1.4736,7.7742,0.9794,0.2685,0.9744,0.9769,0.986,True
14,85,7.2824,0.0263,1.8285,0.0,0.1798,0.0,0.0,0.0,False
14,86,7.1977,-1.2159,0.528,0.0,0.1019,0.0,0.0,0.0,False
14,87,7.1149,-1.3001,0.4853,0.0,0.2559,0.0,0.0,0.0,False
14,88,7.0341,0.207,2.1907,0.0023,3.0554,0.0,0.0046,0.0,False
14,89,6.9551,-0.2456,1.3932,0.0,0.9624,0.0,0.0,0.0,False
14,90,6.8778,-1.1756,0.5497,0.0,0.0348,0.0,0.0,0.0,False
14,91,6.8022,1.2898,6.4689,0.8879,0.9494,0.9487,0.8704,0.8811,False
14,92,6.7283,-3.1863,0.0736,0.0,0.7372,0.0,0.0,0.0,False
14,93,6.6559,-0.527,1.0515,0.0,4.195,0.0,0.0,0.0,False
14,94,6.5851,0.6612,3.45,0.0046,0.0244,0.0,0.0093,0.0,False
14,95,6.5158,-0.1509,1.5317,0.0023,1.6153,0.0,0.0046,0.0,False
14,96,6.4479,1.0383,5.0307,0.4279,0.0837,0.4359,0.3657,0.5175,False
14,97,6.3814,0.1553,2.0804,0.0,0.4056,0.0,0.0,0.0,False
14,98,6.3163,-0.42,1.1703,0.0,1.5762,0.0,0.0,0.0,False
14,99,6.2525,-2.5007,0.1461,0.0,0.0342,0.0,0.0,0.0,False
14,100,6.19,1.3144,6.63,0.8924,0.3739,0.9487,0.8565,0.9161,False
14,101,6.1287,-1.1757,0.5497,0.0,1.0877,0.0,0.0,0.0,False
14,102,6.0686,0.1976,2.1702,0.0,0.1104,0.0,0.0,0.0,False
14,103,6.0097,-0.0369,1.7166,0.0,0.1356,0.0,0.0,0.0,False
14,104,5.9519,-1.224,0.5237,0.0,0.5625,0.0,0.0,0.0,False
14,105,5.8952,0.9643,4.6717,0.2334,0.3536,0.1795,0.3009,0.1608,False
14,106,5.8396,0.2715,2.3367,0.0,0.4752,0.0,0.0,0.0,False
14,107,5.785,-3.075,0.0823,0.0,0.8428,0.0,0.0,0.0,False
14,108,5.7315,0.5217,3.0008,0.0137,1.8497,0.0,0.0278,0.0,False
14,109,5.6789,-0.5849,0.9924,0.0,0.2783,0.0,0.0,0.0,False
14,110,5.6273,0.7123,3.631,0.0046,1.7785,0.0,0.0046,0.007,False
14,111,5.5766,0.6174,3.3022,0.016,0.8103,0.0,0.0139,0.028,False
14,112,5.5268,-2.3591,0.1683,0.0,2.49,0.0,0.0,0.0,False
14,113,5.4779,-1.3081,0.4815,0.0,1.0197,0.0,0.0,0.0,False
14,114,5.4298,0.1873,2.148,0.0023,1.1416,0.0,0.0,0.007,False
14,115,5.3826,-1.0308,0.6353,0.0,1.2966,0.0,0.0,0.0,False
14,116,5.3362,0.3361,2.4925,0.0023,1.6563,0.0,0.0046,0.0,False
14,117,5.2906,-1.1007,0.5925,0.0,1.9886,0.0,0.0,0.0,False
14,118,5.2458,-1.1576,0.5597,0.0,0.8437,0.0,0.0,0.0,False
14,119,5.2017,-0.5585,1.0189,0.0,0.0366,0.0,0.0,0.0,False
14,120,5.1583,-1.9867,0.2443,0.0,1.1477,0.0,0.0,0.0,False
14,121,5.1157,-0.2126,1.44,0.0,0.3922,0.0,0.0,0.0,False
14,122,5.0738,-2.1784,0.2017,0.0,1.268,0.0,0.0,0.0,False
14,123,5.0325,0.1804,2.1333,0.0,3.7726,0.0,0.0,0.0,False
14,124,4.9919,-3.379,0.0607,0.0,0.8244,0.0,0.0,0.0,False
14,125,4.952,0.6594,3.444,0.0069,2.2617,0.0,0.0046,0.014,False
14,126,4.9127,0.4243,2.7223,0.0046,0.781,0.0128,0.0,0.007,False
14,127,4.874,0.2597,2.3092,0.0,2.5865,0.0,0.0,0.0,False
14,128,4.8359,-0.2756,1.352,0.0,2.3539,0.0,0.0,0.0,False
14,129,4.7984,-1.3029,0.484,0.0,1.798,0.0,0.0,0.0,False
14,130,4.7615,-0.1659,1.5088,0.0,0.2434,0.0,0.0,0.0,False
14,131,4.7252,-0.7245,0.863,0.0,0.1619,0.0,0.0,0.0,False
14,132,4.6894,-1.6077,0.3568,0.0,0.8695,0.0,0.0,0.0,False
14,133,4.6541,-2.7245,0.1168,0.0,1.4034,0.0,0.0,0.0,False
14,134,4.6194,-0.4276,1.1614,0.0,0.3007,0.0,0.0,0.0,False
14,135,4.5852,0.2279,2.2369,0.0,1.5714,0.0,0.0,0.0,False
14,136,4.5515,0.1677,2.1062,0.0,0.0704,0.0,0.0,0.0,False
14,137,4.5182,-1.7493,0.3097,0.0,3.1162,0.0,0.0,0.0,False
14,138,4.4855,1.2221,6.0453,0.7895,0.624,0.859,0.75,0.8112,False
14,139,4.4532,-0.0188,1.7479,0.0,0.1761,0.0,0.0,0.0,False
14,140,4.4214,-0.3672,1.2337,0.0,0.4304,0.0,0.0,0.0,False
14,141,4.3901,-1.5857,0.3648,0.0,0.0554,0.0,0.0,0.0,False
14,142,4.3592,-0.466,1.1176,0.0,0.9094,0.0,0.0,0.0,False
14,143,4.3287,-0.3712,1.2288,0.0,0.7802,0.0,0.0,0.0,False
14,144,4.2986,-0.3896,1.2064,0.0,1.0566,0.0,0.0,0.0,False
14,145,4.269,1.0125,4.9021,0.3684,0.17,0.3718,0.2963,0.4755,False
14,146,4.2397,0.1849,2.1429,0.0,0.3181,0.0,0.0,0.0,False
14,147,4.2109,-1.4084,0.4355,0.0,1.202,0.0,0.0,0.0,False
14,148,4.1824,0.553,3.0963,0.0389,5.0073,0.0,0.0417,0.0559,False
14,149,4.1544,-0.8161,0.7875,0.0,0.3156,0.0,0.0,0.0,False
14,150,4.1267,-0.5021,1.078,0.0,0.2866,0.0,0.0,0.0,False
14,151,4.0993,-1.6636,0.3374,0.0,2.3771,0.0,0.0,0.0,False
14,152,4.0724,-0.3654,1.2359,0.0,1.7972,0.0,0.0,0.0,False
14,153,4.0458,-3.3008,0.0656,0.0,1.5004,0.0,0.0,0.0,False
14,154,4.0195,0.5991,3.2426,0.0229,0.3809,0.0128,0.0231,0.028,False
14,155,3.9935,1.2565,6.2573,0.8284,1.0394,0.9359,0.8333,0.7622,False
14,156,3.9679,0.5983,3.24,0.0114,1.2394,0.0,0.0185,0.007,False
14,157,3.9427,0.6135,3.2893,0.0183,1.0892,0.0128,0.0093,0.035,False
14,158,3.9177,0.9569,4.6371,0.2197,0.1916,0.2692,0.1944,0.2308,False
14,159,3.8931,-1.1741,0.5505,0.0,0.2566,0.0,0.0,0.0,False
14,160,3.8688,-0.5743,1.0029,0.0,2.1816,0.0,0.0,0.0,False
14,161,3.8447,-0.4162,1.1747,0.0,0.5434,0.0,0.0,0.0,False
14,162,3.821,-1.3207,0.4755,0.0,1.662,0.0,0.0,0.0,False
14,163,3.7975,-1.0332,0.6338,0.0,0.8456,0.0,0.0,0.0,False
14,164,3.7744,0.6176,3.3028,0.0023,1.3057,0.0,0.0,0.007,False
14,165,3.7515,-0.8037,0.7973,0.0,2.1261,0.0,0.0,0.0,False
14,166,3.7289,-1.0127,0.6469,0.0,1.2688,0.0,0.0,0.0,False
14,167,3.7066,-0.4844,1.0973,0.0,0.0094,0.0,0.0,0.0,False
14,168,3.6845,-1.8037,0.2933,0.0,0.6233,0.0,0.0,0.0,False
14,169,3.6627,-0.2654,1.3659,0.0,0.7475,0.0,0.0,0.0,False
14,170,3.6412,1.244,6.1793,0.8124,1.8633,0.8974,0.7731,0.8252,False
14,171,3.6199,-1.6803,0.3318,0.0,0.4409,0.0,0.0,0.0,False
14,172,3.5988,-1.1856,0.5443,0.0,2.0327,0.0,0.0,0.0,False
14,173,3.578,-0.3465,1.2595,0.0,0.5863,0.0,0.0,0.0,False
14,174,3.5575,-1.6975,0.3262,0.0,0.1957,0.0,0.0,0.0,False
14,175,3.5371,-0.3161,1.2984,0.0,0.0767,0.0,0.0,0.0,False
14,176,3.517,0.7437,3.7469,0.1007,1.3849,0.0,0.1574,0.0699,False
14,177,3.4972,0.7435,3.746,0.0412,0.4731,0.0256,0.0509,0.035,False
14,178,3.4775,0.4195,2.7093,0.0,0.6095,0.0,0.0,0.0,False
14,179,3.4581,-0.229,1.4166,0.0,0.7675,0.0,0.0,0.0,False
14,180,3.4389,-1.3904,0.4434,0.0,1.0041,0.0,0.0,0.0,False
14,181,3.4199,-0.7922,0.8066,0.0,2.3172,0.0,0.0,0.0,False
14,182,3.4011,0.0558,1.8833,0.0,0.608,0.0,0.0,0.0,False
14,183,3.3825,-0.778,0.8181,0.0,0.0464,0.0,0.0,0.0,False
14,184,3.3641,0.5164,2.9849,0.0023,0.3566,0.0,0.0046,0.0,False
14,185,3.3459,-2.2047,0.1964,0.0,1.111,0.0,0.0,0.0,False
14,186,3.328,0.9933,4.809,0.3135,0.609,0.2949,0.3102,0.3287,False
14,187,3.3102,-2.7386,0.1152,0.0,0.9798,0.0,0.0,0.0,False
14,188,3.2926,0.9118,4.4329,0.1945,0.0745,0.1667,0.2083,0.1888,False
14,189,3.2751,1.2931,6.4903,0.8284,1.7682,0.9359,0.7731,0.8531,False
14,190,3.2579,-0.6684,0.9128,0.0046,1.1889,0.0,0.0046,0.007,False
14,191,3.2408,0.0898,1.9484,0.0,2.0075,0.0,0.0,0.0,False
14,192,3.224,-3.1641,0.0753,0.0,0.1781,0.0,0.0,0.0,False
14,193,3.2073,0.4858,2.8951,0.0137,1.9939,0.0,0.0185,0.014,False
14,194,3.1907,0.6137,3.2902,0.0435,0.2733,0.0128,0.0602,0.035,False
14,195,3.1744,-0.0464,1.7003,0.0023,0.9711,0.0,0.0046,0.0,False
14,196,3.1582,-1.6464,0.3433,0.0,1.9322,0.0,0.0,0.0,False
14,197,3.1421,0.6517,3.4175,0.0252,1.3711,0.0128,0.037,0.014,False
14,198,3.1263,-0.1351,1.556,0.0,0.1731,0.0,0.0,0.0,False
14,199,3.1106,0.9682,4.6898,0.3204,0.0414,0.3205,0.3056,0.3427,False
14,200,3.095,-0.6304,0.9482,0.0,3.719,0.0,0.0,0.0,False
14,201,3.0796,0.6542,3.426,0.0183,2.2134,0.0128,0.0185,0.021,False
14,202,3.0644,-0.5153,1.0639,0.0,0.0523,0.0,0.0,0.0,False
14,203,3.0493,-0.1988,1.46,0.0,1.8172,0.0,0.0,0.0,False
14,204,3.0343,0.0614,1.8939,0.0,0.2329,0.0,0.0,0.0,False
14,205,3.0195,0.223,2.226,0.0,1.5895,0.0,0.0,0.0,False
14,206,3.0049,-1.4964,0.3989,0.0,0.2243,0.0,0.0,0.0,False
14,207,2.9903,0.4294,2.7363,0.0023,0.2671,0.0,0.0046,0.0,False
14,208,2.976,-2.362,0.1678,0.0,0.3904,0.0,0.0,0.0,False
14,209,2.9617,-0.8001,0.8002,0.0,0.2161,0.0,0.0,0.0,False
14,210,2.9476,-0.6863,0.8967,0.0,0.766,0.0,0.0,0.0,False
14,211,2.9336,-0.2163,1.4347,0.0,0.4102,0.0,0.0,0.0,False
14,212,2.9198,-0.8636,0.751,0.0,0.0853,0.0,0.0,0.0,False
14,213,2.9061,-2.4651,0.1514,0.0,1.233,0.0,0.0,0.0,False
14,214,2.8925,-2.9038,0.0976,0.0,0.3285,0.0,0.0,0.0,False
14,215,2.8791,0.3843,2.6156,0.0,2.3273,0.0,0.0,0.0,False
14,216,2.8657,-0.2719,1.357,0.0,0.0948,0.0,0.0,0.0,False
14,217,2.8525,-0.3142,1.3008,0.0,0.933,0.0,0.0,0.0,False
14,218,2.8394,-1.7072,0.323,0.0,0.1608,0.0,0.0,0.0,False
14,219,2.8265,-2.0808,0.2223,0.0,0.7853,0.0,0.0,0.0,False
14,220,2.8136,0.4793,2.8762,0.0023,1.4002,0.0128,0.0,0.0,False
14,221,2.8009,-1.3081,0.4815,0.0,0.4311,0.0,0.0,0.0,False
14,222,2.7883,-0.7844,0.8128,0.0,1.0574,0.0,0.0,0.0,False
14,223,2.7758,-1.8716,0.2741,0.0,0.036,0.0,0.0,0.0,False
14,224,2.7634,0.9617,4.6597,0.238,0.0159,0.2051,0.25,0.2378,False
14,225,2.7511,-0.1636,1.5123,0.0,0.1591,0.0,0.0,0.0,False
14,226,2.7389,-0.6797,0.9026,0.0,2.2027,0.0,0.0,0.0,False
14,227,2.7269,0.0622,1.8953,0.0,0.0009,0.0,0.0,0.0,False
14,228,2.7149,-2.4695,0.1507,0.0,0.5686,0.0,0.0,0.0,False
14,229,2.7031,0.5204,2.9971,0.0114,0.5361,0.0,0.0093,0.021,False
14,230,2.6913,0.2524,2.2925,0.0,0.8672,0.0,0.0,0.0,False
14,231,2.6797,-0.7241,0.8634,0.0,0.8195,0.0,0.0,0.0,False
14,232,2.6681,0.773,3.8582,0.0641,1.1516,0.0,0.088,0.0629,False
14,233,2.6567,0.4049,2.67,0.0023,1.0292,0.0,0.0046,0.0,False
14,234,2.6453,-1.4672,0.4107,0.0,2.3751,0.0,0.0,0.0,False
14,235,2.634,0.6268,3.3336,0.0069,0.6394,0.0,0.0139,0.0,False
14,236,2.6229,0.5988,3.2415,0.0023,0.826,0.0,0.0046,0.0,False
14,237,2.6118,0.7205,3.6609,0.0595,0.8403,0.0256,0.0417,0.1049,False
14,238,2.6008,-0.9136,0.7144,0.0,0.197,0.0,0.0,0.0,False
14,239,2.59,-0.1365,1.5539,0.0,0.2031,0.0,0.0,0.0,False
14,240,2.5792,-0.8102,0.7922,0.0,1.0254,0.0,0.0,0.0,False
14,241,2.5685,0.1283,2.0249,0.0,1.4616,0.0,0.0,0.0,False
14,242,2.5579,0.1959,2.1665,0.0,0.8822,0.0,0.0,0.0,False
14,243,2.5473,-0.6003,0.9771,0.0,0.9797,0.0,0.0,0.0,False
14,244,2.5369,-2.3849,0.164,0.0,0.0809,0.0,0.0,0.0,False
14,245,2.5265,1.0892,5.2933,0.5149,0.2323,0.5769,0.4815,0.5315,False
14,246,2.5163,0.1072,1.9826,0.0,0.7595,0.0,0.0,0.0,False
14,247,2.5061,0.1877,2.1489,0.0023,0.9528,0.0,0.0046,0.0,False
14,248,2.496,-2.9242,0.0957,0.0,0.1594,0.0,0.0,0.0,False
14,249,2.4859,0.5106,2.9677,0.0,1.3245,0.0,0.0,0.0,False
14,250,2.476,-0.6837,0.899,0.0,0.8853,0.0,0.0,0.0,False
14,251,2.4661,0.5281,3.0202,0.0023,0.5837,0.0,0.0046,0.0,False
14,252,2.4563,-3.1366,0.0773,0.0,0.8171,0.0,0.0,0.0,False
14,253,2.4466,0.4814,2.8823,0.0206,0.236,0.0,0.0417,0.0,False
14,254,2.437,0.9843,4.7661,0.3021,1.4279,0.2949,0.287,0.3287,False
14,255,2.4275,-0.3436,1.2632,0.0,0.06,0.0,0.0,0.0,False
14,256,2.418,-0.7826,0.8144,0.0,0.132,0.0,0.0,0.0,False
14,257,2.4086,-0.352,1.2526,0.0,0.0573,0.0,0.0,0.0,False
14,258,2.3992,0.9637,4.669,0.3204,0.4281,0.3077,0.2778,0.3916,False
14,259,2.39,-0.3175,1.2965,0.0,0.9018,0.0,0.0,0.0,False
14,260,2.3808,-1.1288,0.576,0.0,1.1012,0.0,0.0,0.0,False
14,261,2.3716,-0.0124,1.7591,0.0,1.0475,0.0,0.0,0.0,False
14,262,2.3626,-1.2436,0.5135,0.0,0.6852,0.0,0.0,0.0,False
14,263,2.3536,0.0993,1.967,0.0,0.1513,0.0,0.0,0.0,False
14,264,2.3447,-1.0241,0.6396,0.0,1.7903,0.0,0.0,0.0,False
14,265,2.3358,-1.0538,0.6209,0.0,0.5933,0.0,0.0,0.0,False
14,266,2.3271,-0.3735,1.2259,0.0023,0.6117,0.0,0.0046,0.0,False
14,267,2.3184,-0.6169,0.9611,0.0,0.9435,0.0,0.0,0.0,False
14,268,2.3097,-2.2475,0.1882,0.0,1.4047,0.0,0.0,0.0,False
14,269,2.3011,0.6755,3.4997,0.0252,0.6855,0.0,0.0093,0.0629,False
14,270,2.2926,-0.8244,0.781,0.0,1.1837,0.0,0.0,0.0,False
14,271,2.2841,-3.2532,0.0688,0.0,1.8686,0.0,0.0,0.0,False
14,272,2.2757,-1.5463,0.3794,0.0,0.1009,0.0,0.0,0.0,False
14,273,2.2674,-0.5217,1.057,0.0,2.6983,0.0,0.0,0.0,False
14,274,2.2591,-3.1953,0.0729,0.0,1.2032,0.0,0.0,0.0,False
14,275,2.2509,-1.1204,0.5809,0.0,1.591,0.0,0.0,0.0,False
14,276,2.2428,-0.1456,1.5397,0.0,2.6965,0.0,0.0,0.0,False
14,277,2.2347,-1.7874,0.2982,0.0,0.7897,0.0,0.0,0.0,False
14,278,2.2266,-1.7499,0.3095,0.0,0.8912,0.0,0.0,0.0,False
14,279,2.2186,0.3678,2.5729,0.0069,0.6137,0.0128,0.0093,0.0,False
14,280,2.2107,-1.7517,0.309,0.0,2.0792,0.0,0.0,0.0,False
14,281,2.2028,-0.9137,0.7143,0.0,1.1981,0.0,0.0,0.0,False
14,282,2.195,-1.9136,0.2628,0.0,2.0471,0.0,0.0,0.0,False
14,283,2.1873,-3.387,0.0602,0.0,1.2105,0.0,0.0,0.0,False
14,284,2.1796,1.1837,5.8179,0.7162,1.1689,0.8077,0.662,0.7483,False
14,285,2.1719,-1.0197,0.6424,0.0,0.5518,0.0,0.0,0.0,False
14,286,2.1643,-0.5484,1.0292,0.0,0.5231,0.0,0.0,0.0,False
14,287,2.1568,0.1229,2.014,0.0,2.63,0.0,0.0,0.0,False
14,288,2.1493,-0.5134,1.0659,0.0,0.8099,0.0,0.0,0.0,False
14,289,2.1419,-0.7216,0.8656,0.0,1.4573,0.0,0.0,0.0,False
14,290,2.1345,-0.2267,1.4199,0.0,0.183,0.0,0.0,0.0,False
14,291,2.1271,0.2607,2.3115,0.0,0.3185,0.0,0.0,0.0,False
14,292,2.1199,-0.1165,1.5852,0.0,1.1644,0.0,0.0,0.0,False
14,293,2.1126,-0.0373,1.7158,0.0,0.5588,0.0,0.0,0.0,False
14,294,2.1054,1.0836,5.2634,0.508,0.6536,0.6282,0.4491,0.5315,False
14,295,2.0983,-0.8489,0.7621,0.0,3.1683,0.0,0.0,0.0,False
14,296,2.0912,-2.2135,0.1947,0.0,1.494,0.0,0.0,0.0,False
14,297,2.0842,0.0336,1.8419,0.0,0.4576,0.0,0.0,0.0,False
14,298,2.0772,0.1353,2.0392,0.0,0.538,0.0,0.0,0.0,False
14,299,2.0702,-0.2648,1.3667,0.0,0.4959,0.0,0.0,0.0,False
14,300,2.0633,-2.2153,0.1943,0.0,1.6787,0.0,0.0,0.0,False
14,301,2.0565,0.2477,2.2816,0.0,2.5528,0.0,0.0,0.0,False
14,302,2.0497,-1.0871,0.6006,0.0,0.0391,0.0,0.0,0.0,False
14,303,2.0429,0.1765,2.1248,0.0,0.0239,0.0,0.0,0.0,False
14,304,2.0362,-2.4561,0.1528,0.0,1.2863,0.0,0.0,0.0,False
14,305,2.0295,-1.7419,0.312,0.0,0.6133,0.0,0.0,0.0,False
14,306,2.0229,-0.1303,1.5635,0.0,1.316,0.0,0.0,0.0,False
14,307,2.0163,-1.3426,0.4651,0.0,2.8196,0.0,0.0,0.0,False
14,308,2.0097,-0.7194,0.8675,0.0,0.0904,0.0,0.0,0.0,False
14,309,2.0032,0.8178,4.0351,0.0572,1.8332,0.0128,0.0694,0.0629,False
15,1,602.0,0.9154,4.4489,0.3478,1.0715,0.3205,0.4259,0.2448,False
15,2,301.0,1.6643,9.4079,0.9199,0.1303,1.0,0.8981,0.9091,True
15,3,200.6667,-1.7898,0.2974,0.0,1.3964,0.0,0.0,0.0,False
15,4,150.5,-0.3223,1.2904,0.0023,0.909,0.0,0.0,0.007,False
15,5,120.4,-1.0578,0.6184,0.0,1.4573,0.0,0.0,0.0,False
15,6,100.3333,-0.918,0.7112,0.0,0.31,0.0,0.0,0.0,False
15,7,86.0,-0.2374,1.4046,0.0,1.9117,0.0,0.0,0.0,False
15,8,75.25,0.8975,4.3696,0.3181,3.478,0.2564,0.375,0.2657,False
15,9,66.8889,-1.4921,0.4006,0.0,0.496,0.0,0.0,0.0,False
15,10,60.2,-0.1382,1.5512,0.0,0.3748,0.0,0.0,0.0,False
15,11,54.7273,-2.59,0.1336,0.0,0.1249,0.0,0.0,0.0,False
15,12,50.1667,0.6325,3.3524,0.0526,0.0049,0.0128,0.0787,0.035,False
15,13,46.3077,-2.8739,0.1006,0.0,0.3013,0.0,0.0,0.0,False
15,14,43.0,1.0111,4.8953,0.3387,0.2243,0.4487,0.3333,0.2867,False
15,15,40.1333,-1.9239,0.2601,0.0,3.5469,0.0,0.0,0.0,False
15,16,37.625,-2.6604,0.1245,0.0,0.2034,0.0,0.0,0.0,False
15,17,35.4118,0.2077,2.1922,0.0069,1.5497,0.0,0.0139,0.0,False
15,18,33.4444,0.8094,4.0013,0.0915,0.479,0.0769,0.0926,0.0979,False
15,19,31.6842,-1.9673,0.2491,0.0,0.6178,0.0,0.0,0.0,False
15,20,30.1,-0.844,0.7659,0.0,0.8937,0.0,0.0,0.0,False
15,21,28.6667,-0.2855,1.3388,0.0,3.269,0.0,0.0,0.0,False
15,22,27.3636,-0.611,0.9668,0.0,0.0008,0.0,0.0,0.0,False
15,23,26.1739,0.6302,3.3447,0.0229,1.5265,0.0,0.0463,0.0,False
15,24,25.0833,-2.9681,0.0915,0.0,0.3161,0.0,0.0,0.0,False
15,25,24.08,0.356,2.5427,0.0,2.7795,0.0,0.0,0.0,False
15,26,23.1538,-0.7508,0.8407,0.0,3.7964,0.0,0.0,0.0,False
15,27,22.2963,-0.7351,0.8539,0.0,0.3222,0.0,0.0,0.0,False
15,28,21.5,-2.6299,0.1284,0.0,0.2475,0.0,0.0,0.0,False
15,29,20.7586,0.3232,2.4605,0.0092,0.1144,0.0128,0.0093,0.007,False
15,30,20.0667,0.429,2.7352,0.0046,0.6212,0.0,0.0093,0.0,False
15,31,19.4194,-0.897,0.7263,0.0,0.0136,0.0,0.0,0.0,False
15,32,18.8125,-0.0786,1.6464,0.0,0.0432,0.0,0.0,0.0,False
15,33,18.2424,0.1891,2.1518,0.0,0.8126,0.0,0.0,0.0,False
15,34,17.7059,-1.6897,0.3288,0.0,0.1997,0.0,0.0,0.0,False
15,35,17.2,0.172,2.1154,0.0,2.1232,0.0,0.0,0.0,False
15,36,16.7222,-0.377,1.2216,0.0,1.03,0.0,0.0,0.0,False
15,37,16.2703,0.1635,2.0974,0.0,3.6281,0.0,0.0,0.0,False
15,38,15.8421,-0.1464,1.5385,0.0046,2.2119,0.0,0.0,0.014,False
15,39,15.4359,-0.9061,0.7197,0.0,0.7834,0.0,0.0,0.0,False
15,40,15.05,1.1619,5.6925,0.6796,0.4659,0.7564,0.6667,0.6573,False
15,41,14.6829,-0.5162,1.0629,0.0,0.3816,0.0,0.0,0.0,False
15,42,14.3333,-1.1341,0.573,0.0,0.016,0.0,0.0,0.0,False
15,43,14.0,0.4653,2.8364,0.0023,0.7029,0.0,0.0046,0.0,False
15,44,13.6818,0.0906,1.9499,0.0,0.8635,0.0,0.0,0.0,False
15,45,13.3778,-1.3983,0.44,0.0,0.0881,0.0,0.0,0.0,False
15,46,13.087,-2.268,0.1844,0.0,0.2195,0.0,0.0,0.0,False
15,47,12.8085,-0.6795,0.9028,0.0,1.5832,0.0,0.0,0.0,False
15,48,12.5417,-0.7485,0.8425,0.0,0.108,0.0,0.0,0.0,False
15,49,12.2857,-1.311,0.4801,0.0,1.6002,0.0,0.0,0.0,False
15,50,12.04,-1.9312,0.2582,0.0,0.978,0.0,0.0,0.0,False
15,51,11.8039,-0.8386,0.77,0.0,1.0138,0.0,0.0,0.0,False
15,52,11.5769,0.664,3.4597,0.0252,1.164,0.0,0.0463,0.007,False
15,53,11.3585,-1.2682,0.5011,0.0,0.7092,0.0,0.0,0.0,False
15,54,11.1481,-0.9567,0.6842,0.0,5.0737,0.0,0.0,0.0,False
15,55,10.9455,-0.3126,1.3029,0.0,0.2334,0.0,0.0,0.0,False
15,56,10.75,-1.2043,0.5342,0.0,0.3686,0.0,0.0,0.0,False
15,57,10.5614,-0.8678,0.7478,0.0,1.1487,0.0,0.0,0.0,False
15,58,10.3793,-0.2283,1.4175,0.0,0.0207,0.0,0.0,0.0,False
15,59,10.2034,0.1069,1.982,0.0069,1.8357,0.0,0.0139,0.0,False
15,60,10.0333,-2.0708,0.2246,0.0,1.8525,0.0,0.0,0.0,False
15,61,9.8689,0.359,2.5504,0.0069,1.6955,0.0,0.0,0.021,False
15,62,9.7097,-1.9602,0.2508,0.0,1.032,0.0,0.0,0.0,False
15,63,9.5556,1.2989,6.5279,0.8787,0.3276,0.9103,0.8472,0.9091,False
15,64,9.4062,-1.8963,0.2674,0.0,0.1278,0.0,0.0,0.0,False
15,65,9.2615,0.8305,4.0866,0.103,0.2636,0.0769,0.1065,0.1119,False
15,66,9.1212,0.6272,3.3347,0.016,2.3937,0.0256,0.0185,0.007,False
15,67,8.9851,0.1434,2.0556,0.0,0.2691,0.0,0.0,0.0,False
15,68,8.8529,-1.9108,0.2635,0.0,0.8173,0.0,0.0,0.0,False
15,69,8.7246,-2.4216,0.1581,0.0,0.5886,0.0,0.0,0.0,False
15,70,8.6,-3.5629,0.0505,0.0,0.9026,0.0,0.0,0.0,False
15,71,8.4789,-1.7909,0.2971,0.0,0.4036,0.0,0.0,0.0,False
15,72,8.3611,-0.2856,1.3385,0.0,2.0219,0.0,0.0,0.0,False
15,73,8.2466,-0.8712,0.7453,0.0,0.401,0.0,0.0,0.0,False
15,74,8.1351,-2.8839,0.0996,0.0,2.639,0.0,0.0,0.0,False
15,75,8.0267,0.9122,4.4343,0.2952,2.5777,0.3462,0.2731,0.3007,False
15,76,7.9211,0.2824,2.3624,0.0,3.1882,0.0,0.0,0.0,False
15,77,7.8182,-1.6542,0.3406,0.0,0.5807,0.0,0.0,0.0,False
15,78,7.7179,-2.665,0.124,0.0,0.4938,0.0,0.0,0.0,False
15,79,7.6203,-0.9982,0.6564,0.0,0.7065,0.0,0.0,0.0,False
15,80,7.525,-0.5584,1.019,0.0,0.8537,0.0,0.0,0.0,False
15,81,7.4321,-0.1792,1.4889,0.0,1.4591,0.0,0.0,0.0,False
15,82,7.3415,-0.0973,1.6159,0.0,0.0387,0.0,0.0,0.0,False
15,83,7.253,-0.8073,0.7945,0.0,1.7398,0.0,0.0,0.0,False
15,84,7.1667,-0.3762,1.2226,0.0,1.3125,0.0,0.0,0.0,False
15,85,7.0824,-2.1392,0.2097,0.0,1.0166,0.0,0.0,0.0,False
15,86,7.0,-1.3588,0.4577,0.0,0.7736,0.0,0.0,0.0,False
15,87,6.9195,0.1907,2.1553,0.0,1.5548,0.0,0.0,0.0,False
15,88,6.8409,-0.2299,1.4153,0.0,1.9826,0.0,0.0,0.0,False
15,89,6.764,-2.1721,0.2029,0.0,0.5048,0.0,0.0,0.0,False
15,90,6.6889,-0.0424,1.7071,0.0046,1.1223,0.0,0.0093,0.0,False
15,91,6.6154,1.1236,5.4784,0.5515,1.9755,0.6282,0.5093,0.5734,False
15,92,6.5435,-2.8417,0.1039,0.0,3.0926,0.0,0.0,0.0,False
15,93,6.4731,-0.4747,1.1079,0.0,0.8875,0.0,0.0,0.0,False
15,94,6.4043,-0.8912,0.7305,0.0,0.2444,0.0,0.0,0.0,False
15,95,6.3368,0.2233,2.2267,0.0023,2.4565,0.0,0.0046,0.0,False
15,96,6.2708,0.5166,2.9856,0.0229,0.8189,0.0,0.0231,0.035,False
15,97,6.2062,-0.4665,1.117,0.0,0.1664,0.0,0.0,0.0,False
15,98,6.1429,-3.355,0.0622,0.0,0.1603,0.0,0.0,0.0,False
15,99,6.0808,0.2652,2.322,0.0,1.4292,0.0,0.0,0.0,False
15,100,6.02,-0.7849,0.8125,0.0,1.1915,0.0,0.0,0.0,False
15,101,5.9604,0.9314,4.5206,0.2105,1.2318,0.1282,0.2685,0.1678,False
15,102,5.902,-1.4837,0.4039,0.0,0.0385,0.0,0.0,0.0,False
15,103,5.8447,-1.6278,0.3497,0.0,2.7942,0.0,0.0,0.0,False
15,104,5.7885,-2.8896,0.099,0.0,0.7356,0.0,0.0,0.0,False
15,105,5.7333,1.6041,8.8584,0.9817,2.6713,0.9872,0.9954,0.958,True
15,106,5.6792,-1.3517,0.4609,0.0,0.5751,0.0,0.0,0.0,False
15,107,5.6262,1.159,5.6758,0.7025,0.1268,0.8205,0.6713,0.6853,False
15,108,5.5741,1.1083,5.3952,0.54,0.3357,0.6923,0.4815,0.5455,False
15,109,5.5229,-2.5215,0.1431,0.0,0.2033,0.0,0.0,0.0,False
15,110,5.4727,-0.5977,0.9797,0.0,1.0427,0.0,0.0,0.0,False
15,111,5.4234,-1.0128,0.6469,0.0,1.0422,0.0,0.0,0.0,False
15,112,5.375,-1.433,0.425,0.0,1.1908,0.0,0.0,0.0,False
15,113,5.3274,-0.2246,1.4228,0.0,0.2423,0.0,0.0,0.0,False
15,114,5.2807,-3.3626,0.0617,0.0,1.38,0.0,0.0,0.0,False
15,115,5.2348,0.752,3.778,0.0549,4.2748,0.0128,0.0648,0.0629,False
15,116,5.1897,-1.331,0.4706,0.0,1.999,0.0,0.0,0.0,False
15,117,5.1453,-0.2213,1.4275,0.0,0.65,0.0,0.0,0.0,False
15,118,5.1017,1.7492,10.2416,1.0,0.3585,1.0,1.0,1.0,True
15,119,5.0588,-1.4055,0.4368,0.0,0.0847,0.0,0.0,0.0,False
15,120,5.0167,-2.1717,0.203,0.0,0.5269,0.0,0.0,0.0,False
15,121,4.9752,0.2832,2.3641,0.0023,0.3024,0.0,0.0046,0.0,False
15,122,4.9344,-3.1454,0.0767,0.0,4.8033,0.0,0.0,0.0,False
15,123,4.8943,-1.2308,0.5202,0.0,0.4561,0.0,0.0,0.0,False
15,124,4.8548,-0.1476,1.5367,0.0,1.0546,0.0,0.0,0.0,False
15,125,4.816,-1.2837,0.4934,0.0,0.6059,0.0,0.0,0.0,False
15,126,4.7778,1.0072,4.8765,0.3112,1.3165,0.3462,0.2593,0.3706,False
15,127,4.7402,-1.4884,0.402,0.0,1.197,0.0,0.0,0.0,False
15,128,4.7031,-1.9338,0.2575,0.0,0.2759,0.0,0.0,0.0,False
15,129,4.6667,0.1763,2.1244,0.0,0.1231,0.0,0.0,0.0,False
15,130,4.6308,-2.6975,0.12,0.0,0.2598,0.0,0.0,0.0,False
15,131,4.5954,0.6267,3.3332,0.0458,0.1964,0.0256,0.0463,0.0559,False
15,132,4.5606,-0.1324,1.5602,0.0,0.07,0.0,0.0,0.0,False
15,133,4.5263,0.5902,3.2137,0.0046,0.411,0.0,0.0093,0.0,False
15,134,4.4925,0.5672,3.1405,0.0069,0.6277,0.0128,0.0,0.014,False
15,135,4.4593,0.286,2.3707,0.0,0.0319,0.0,0.0,0.0,False
15,136,4.4265,0.6078,3.2707,0.0,1.2426,0.0,0.0,0.0,False
15,137,4.3942,-1.6506,0.3418,0.0,0.5763,0.0,0.0,0.0,False
15,138,4.3623,-0.0996,1.6121,0.0,1.5961,0.0,0.0,0.0,False
15,139,4.3309,-1.0792,0.6053,0.0,5.9331,0.0,0.0,0.0,False
15,140,4.3,-1.6696,0.3354,0.0,0.246,0.0,0.0,0.0,False
15,141,4.2695,1.1878,5.8419,0.6705,0.1107,0.8974,0.5694,0.6993,False
15,142,4.2394,-0.7086,0.8769,0.0,0.0933,0.0,0.0,0.0,False
15,143,4.2098,-1.6411,0.3451,0.0,1.6686,0.0,0.0,0.0,False
15,144,4.1806,0.5218,3.0011,0.0023,1.1647,0.0,0.0046,0.0,False
15,145,4.1517,-2.3002,0.1785,0.0,1.2047,0.0,0.0,0.0,False
15,146,4.1233,0.1308,2.03,0.0,0.1436,0.0,0.0,0.0,False
15,147,4.0952,-0.8117,0.791,0.0023,3.7713,0.0,0.0,0.007,False
15,148,4.0676,-0.6594,0.9211,0.0,0.7811,0.0,0.0,0.0,False
15,149,4.0403,-2.8261,0.1055,0.0,0.368,0.0,0.0,0.0,False
15,150,4.0133,-0.694,0.8897,0.0,1.2048,0.0,0.0,0.0,False
15,151,3.9868,-0.4003,1.1935,0.0,1.596,0.0,0.0,0.0,False
15,152,3.9605,-0.228,1.418,0.0,0.7075,0.0,0.0,0.0,False
15,153,3.9346,-0.6733,0.9084,0.0,0.4559,0.0,0.0,0.0,False
15,154,3.9091,-0.9181,0.7112,0.0,0.1848,0.0,0.0,0.0,False
15,155,3.8839,-0.0201,1.7456,0.0,0.5718,0.0,0.0,0.0,False
15,156,3.859,-1.4401,0.4219,0.0,0.5953,0.0,0.0,0.0,False
15,157,3.8344,-1.144,0.5674,0.0,2.0672,0.0,0.0,0.0,False
15,158,3.8101,0.3984,2.6528,0.0,1.723,0.0,0.0,0.0,False
15,159,3.7862,0.7828,3.8964,0.0275,0.1722,0.0256,0.0231,0.035,False
15,160,3.7625,0.8021,3.9722,0.0686,0.9184,0.0385,0.088,0.0559,False
15,161,3.7391,0.2778,2.3514,0.0,0.1442,0.0,0.0,0.0,False
15,162,3.716,0.4504,2.7945,0.0046,1.5851,0.0,0.0,0.014,False
15,163,3.6933,-2.911,0.0969,0.0,1.3899,0.0,0.0,0.0,False
15,164,3.6707,-1.8803,0.2717,0.0,0.6628,0.0,0.0,0.0,False
15,165,3.6485,-1.5853,0.3649,0.0,1.4716,0.0,0.0,0.0,False
15,166,3.6265,-0.0507,1.693,0.0,0.1275,0.0,0.0,0.0,False
15,167,3.6048,-2.7609,0.1126,0.0,1.1638,0.0,0.0,0.0,False
15,168,3.5833,0.0745,1.9189,0.0,0.26,0.0,0.0,0.0,False
15,169,3.5621,-1.2719,0.4992,0.0,0.0163,0.0,0.0,0.0,False
15,170,3.5412,-0.43,1.1586,0.0,0.4914,0.0,0.0,0.0,False
15,171,3.5205,-1.0755,0.6076,0.0,0.6904,0.0,0.0,0.0,False
15,172,3.5,-1.2286,0.5213,0.0,0.5918,0.0,0.0,0.0,False
15,173,3.4798,-3.8413,0.0382,0.0,0.9835,0.0,0.0,0.0,False
15,174,3.4598,-1.3836,0.4465,0.0,0.2519,0.0,0.0,0.0,False
15,175,3.44,0.8134,4.0172,0.0458,1.4802,0.0513,0.0509,0.035,False
15,176,3.4205,0.5596,3.1168,0.0046,0.2704,0.0,0.0,0.014,False
15,177,3.4011,0.6595,3.4444,0.016,0.3637,0.0,0.0324,0.0,False
15,178,3.382,0.2506,2.2884,0.0,3.6773,0.0,0.0,0.0,False
15,179,3.3631,-0.8402,0.7687,0.0,0.24,0.0,0.0,0.0,False
15,180,3.3444,-0.1214,1.5774,0.0,0.4053,0.0,0.0,0.0,False
15,181,3.326,-0.6606,0.92,0.0,0.4834,0.0,0.0,0.0,False
15,182,3.3077,-0.0001,1.7809,0.0,0.4312,0.0,0.0,0.0,False
15,183,3.2896,0.1988,2.1729,0.0,0.242,0.0,0.0,0.0,False
15,184,3.2717,-0.9353,0.699,0.0,0.3262,0.0,0.0,0.0,False
15,185,3.2541,-0.3638,1.238,0.0,0.5755,0.0,0.0,0.0,False
15,186,3.2366,1.3677,6.9933,0.9291,0.1125,0.9744,0.9306,0.9021,True
15,187,3.2193,0.1494,2.068,0.0,0.1505,0.0,0.0,0.0,False
15,188,3.2021,-2.8304,0.1051,0.0,0.0419,0.0,0.0,0.0,False
15,189,3.1852,-0.6846,0.8981,0.0,0.3212,0.0,0.0,0.0,False
15,190,3.1684,1.2178,6.0193,0.8032,0.0931,0.8718,0.7917,0.7832,False
15,191,3.1518,-0.2502,1.3868,0.0,2.0507,0.0,0.0,0.0,False
15,192,3.1354,0.6177,3.3033,0.016,0.5127,0.0,0.0185,0.021,False
15,193,3.1192,-3.6891,0.0445,0.0,6.1579,0.0,0.0,0.0,False
15,194,3.1031,-0.8163,0.7873,0.0,0.7834,0.0,0.0,0.0,False
15,195,3.0872,-1.0398,0.6297,0.0,0.3524,0.0,0.0,0.0,False
15,196,3.0714,0.5571,3.1091,0.0023,1.142,0.0,0.0,0.007,False
15,197,3.0558,-0.1917,1.4703,0.0,0.0384,0.0,0.0,0.0,False
15,198,3.0404,0.1931,2.1604,0.0,0.0896,0.0,0.0,0.0,False
15,199,3.0251,-0.1403,1.548,0.0,2.1685,0.0,0.0,0.0,False
15,200,3.01,0.2462,2.2783,0.0,0.0725,0.0,0.0,0.0,False
15,201,2.995,0.2922,2.3854,0.0,0.1863,0.0,0.0,0.0,False
15,202,2.9802,-2.6243,0.1291,0.0,1.2772,0.0,0.0,0.0,False
15,203,2.9655,-1.6313,0.3485,0.0,0.1958,0.0,0.0,0.0,False
15,204,2.951,-2.6943,0.1204,0.0,0.2055,0.0,0.0,0.0,False
15,205,2.9366,-1.1446,0.567,0.0,0.1523,0.0,0.0,0.0,False
15,206,2.9223,0.0089,1.7971,0.0,4.8202,0.0,0.0,0.0,False
15,207,2.9082,0.0347,1.8439,0.0,3.2067,0.0,0.0,0.0,False
15,208,2.8942,-0.9617,0.6808,0.0,1.9094,0.0,0.0,0.0,False
15,209,2.8804,-1.9796,0.246,0.0,0.2093,0.0,0.0,0.0,False
15,210,2.8667,0.1612,2.0927,0.0,0.9808,0.0,0.0,0.0,False
15,211,2.8531,-0.7045,0.8805,0.0,0.3324,0.0,0.0,0.0,False
15,212,2.8396,-0.0988,1.6135,0.0,0.2036,0.0,0.0,0.0,False
15,213,2.8263,0.8375,4.1152,0.0984,2.1227,0.0641,0.1481,0.042,False
15,214,2.8131,-3.0429,0.0849,0.0,0.1271,0.0,0.0,0.0,False
15,215,2.8,0.0017,1.784,0.0,0.104,0.0,0.0,0.0,False
15,216,2.787,-0.0146,1.7553,0.0,1.1302,0.0,0.0,0.0,False
15,217,2.7742,-0.9158,0.7128,0.0,2.573,0.0,0.0,0.0,False
15,218,2.7615,-1.0928,0.5972,0.0,0.6398,0.0,0.0,0.0,False
15,219,2.7489,-0.8914,0.7304,0.0,0.1419,0.0,0.0,0.0,False
15,220,2.7364,0.3818,2.6091,0.0,1.215,0.0,0.0,0.0,False
15,221,2.724,-1.6177,0.3533,0.0,0.5967,0.0,0.0,0.0,False
15,222,2.7117,-0.8733,0.7437,0.0,0.3169,0.0,0.0,0.0,False
15,223,2.6996,0.3119,2.4329,0.0,0.2906,0.0,0.0,0.0,False
15,224,2.6875,-0.6124,0.9654,0.0,0.2808,0.0,0.0,0.0,False
15,225,2.6756,-0.3119,1.3038,0.0,0.9101,0.0,0.0,0.0,False
15,226,2.6637,0.0616,1.8942,0.0023,0.552,0.0,0.0046,0.0,False
15,227,2.652,-0.0927,1.6233,0.0,0.5596,0.0,0.0,0.0,False
15,228,2.6404,0.8991,4.3768,0.1396,0.6391,0.1538,0.1481,0.1189,False
15,229,2.6288,0.2816,2.3604,0.0,1.1386,0.0,0.0,0.0,False
15,230,2.6174,-3.1121,0.0793,0.0,0.4925,0.0,0.0,0.0,False
15,231,2.6061,1.93,12.2708,1.0,0.1596,1.0,1.0,1.0,True
15,232,2.5948,-2.1602,0.2054,0.0,0.1859,0.0,0.0,0.0,False
15,233,2.5837,1.4806,7.8285,0.9931,0.2774,0.9872,0.9907,1.0,True
15,234,2.5726,0.5292,3.0236,0.016,3.4092,0.0,0.0139,0.028,False
15,235,2.5617,-0.4072,1.1854,0.0,0.0767,0.0,0.0,0.0,False
15,236,2.5508,-0.2112,1.442,0.0,0.4648,0.0,0.0,0.0,False
15,237,2.5401,-1.2195,0.5261,0.0,0.3938,0.0,0.0,0.0,False
15,238,2.5294,0.2419,2.2686,0.0,3.1995,0.0,0.0,0.0,False
15,239,2.5188,-1.8968,0.2673,0.0,0.4578,0.0,0.0,0.0,False
15,240,2.5083,-0.1876,1.4764,0.0,0.1353,0.0,0.0,0.0,False
15,241,2.4979,-0.7188,0.868,0.0,4.1137,0.0,0.0,0.0,False
15,242,2.4876,-0.6373,0.9417,0.0,0.2251,0.0,0.0,0.0,False
15,243,2.4774,0.5245,3.0092,0.0114,0.0057,0.0128,0.0093,0.014,False
15,244,2.4672,0.9154,4.4486,0.1625,0.5135,0.0897,0.1759,0.1818,False
15,245,2.4571,0.7259,3.6808,0.0229,0.3333,0.0128,0.0185,0.035,False
15,246,2.4472,0.1736,2.1188,0.0,1.2285,0.0,0.0,0.0,False
15,247,2.4372,0.0667,1.9038,0.0,0.145,0.0,0.0,0.0,False
15,248,2.4274,-2.3533,0.1693,0.0,0.9693,0.0,0.0,0.0,False
15,249,2.4177,-0.6115,0.9663,0.0,0.5403,0.0,0.0,0.0,False
15,250,2.408,-0.2636,1.3684,0.0,4.0558,0.0,0.0,0.0,False
15,251,2.3984,0.2884,2.3764,0.0114,1.038,0.0128,0.0046,0.021,False
15,252,2.3889,0.9562,4.6339,0.2082,2.1984,0.2051,0.2037,0.2168,False
15,253,2.3794,0.7687,3.8417,0.0343,0.1531,0.0256,0.0509,0.014,False
15,254,2.3701,-0.834,0.7735,0.0,0.0533,0.0,0.0,0.0,False
15,255,2.3608,-1.5721,0.3698,0.0,1.1342,0.0,0.0,0.0,False
15,256,2.3516,-1.3944,0.4417,0.0,0.6585,0.0,0.0,0.0,False
15,257,2.3424,-0.9285,0.7037,0.0,1.4683,0.0,0.0,0.0,False
15,258,2.3333,-0.2413,1.3992,0.0,0.2163,0.0,0.0,0.0,False
15,259,2.3243,-0.1422,1.545,0.0,0.9611,0.0,0.0,0.0,False
15,260,2.3154,-2.0418,0.2312,0.0,2.4508,0.0,0.0,0.0,False
15,261,2.3065,-0.2193,1.4304,0.0,2.262,0.0,0.0,0.0,False
15,262,2.2977,-2.244,0.1888,0.0,0.4835,0.0,0.0,0.0,False
15,263,2.289,0.6977,3.5783,0.0297,1.0118,0.0,0.0417,0.028,False
15,264,2.2803,-0.0131,1.758,0.0,1.6286,0.0,0.0,0.0,False
15,265,2.2717,-0.5929,0.9845,0.0,0.7993,0.0,0.0,0.0,False
15,266,2.2632,-1.3846,0.446,0.0,0.6879,0.0,0.0,0.0,False
15,267,2.2547,1.5375,8.2875,0.9886,0.3395,1.0,0.9769,1.0,True
15,268,2.2463,-0.3818,1.2158,0.0,0.2033,0.0,0.0,0.0,False
15,269,2.2379,-1.2296,0.5208,0.0,0.7927,0.0,0.0,0.0,False
15,270,2.2296,-0.5911,0.9862,0.0,1.3093,0.0,0.0,0.0,False
15,271,2.2214,-1.4695,0.4097,0.0,0.9942,0.0,0.0,0.0,False
15,272,2.2132,-0.7511,0.8404,0.0,3.2196,0.0,0.0,0.0,False
15,273,2.2051,-0.3665,1.2345,0.0023,0.1835,0.0,0.0046,0.0,False
15,274,2.1971,0.4095,2.6825,0.0023,0.1889,0.0,0.0046,0.0,False
15,275,2.1891,0.4349,2.7513,0.0092,0.5111,0.0,0.0185,0.0,False
15,276,2.1812,-1.8041,0.2932,0.0,0.1572,0.0,0.0,0.0,False
15,277,2.1733,0.4634,2.8308,0.0137,1.5834,0.0,0.0231,0.007,False
15,278,2.1655,-2.2403,0.1895,0.0,0.526,0.0,0.0,0.0,False
15,279,2.1577,-1.2737,0.4983,0.0,0.4872,0.0,0.0,0.0,False
15,280,2.15,-0.497,1.0835,0.0,0.3615,0.0,0.0,0.0,False
15,281,2.1423,-0.4221,1.1678,0.0,3.3812,0.0,0.0,0.0,False
15,282,2.1348,-0.1082,1.5984,0.0,3.0541,0.0,0.0,0.0,False
15,283,2.1272,-0.0331,1.7231,0.0,0.6837,0.0,0.0,0.0,False
15,284,2.1197,-0.5756,1.0016,0.0,0.3709,0.0,0.0,0.0,False
15,285,2.1123,-3.4599,0.056,0.0,0.4796,0.0,0.0,0.0,False
15,286,2.1049,0.8581,4.201,0.0824,1.0166,0.0513,0.0694,0.1189,False
15,287,2.0976,-1.2578,0.5063,0.0,0.1269,0.0,0.0,0.0,False
15,288,2.0903,-0.1124,1.5918,0.0,0.1119,0.0,0.0,0.0,False
15,289,2.083,-0.0713,1.6585,0.0,0.0916,0.0,0.0,0.0,False
15,290,2.0759,-0.8891,0.7321,0.0,1.1868,0.0,0.0,0.0,False
15,291,2.0687,-0.5798,0.9974,0.0,0.542,0.0,0.0,0.0,False
15,292,2.0616,-2.3219,0.1747,0.0,0.5717,0.0,0.0,0.0,False
15,293,2.0546,-1.1212,0.5804,0.0,0.4653,0.0,0.0,0.0,False
15,294,2.0476,-0.1624,1.5141,0.0,1.5137,0.0,0.0,0.0,False
15,295,2.0407,0.5974,3.2369,0.0046,0.0537,0.0,0.0093,0.0,False
15,296,2.0338,0.5146,2.9798,0.0114,0.7133,0.0,0.0231,0.0,False
15,297,2.0269,-3.3704,0.0612,0.0,1.1338,0.0,0.0,0.0,False
15,298,2.0201,-1.3981,0.44,0.0,0.99,0.0,0.0,0.0,False
15,299,2.0134,1.3329,6.7537,0.9016,0.6041,0.9359,0.8704,0.9301,True
15,300,2.0067,-3.0095,0.0878,0.0,2.7,0.0,0.0,0.0,False
15,301,2.0,-1.4251,0.4283,0.0,0.0418,0.0,0.0,0.0,False
16,1,855.0,-1.3179,0.4768,0.0,0.5413,0.0,0.0,0.0,False
16,2,427.5,0.7977,3.9547,0.3616,0.6152,0.1795,0.3565,0.4685,False
16,3,285.0,0.3386,2.4987,0.0938,0.066,0.0256,0.1389,0.0629,False
16,4,213.75,1.9958,13.1052,0.9863,0.7237,1.0,0.9815,0.986,True
16,5,171.0,-0.2397,1.4015,0.0,0.0979,0.0,0.0,0.0,False
16,6,142.5,-0.2519,1.3844,0.0,1.9075,0.0,0.0,0.0,False
16,7,122.1429,-0.5615,1.0159,0.0,1.1748,0.0,0.0,0.0,False
16,8,106.875,-0.9696,0.6754,0.0,0.1507,0.0,0.0,0.0,False
16,9,95.0,-0.9471,0.6908,0.0,0.2152,0.0,0.0,0.0,False
16,10,85.5,-2.2234,0.1928,0.0046,3.4953,0.0,0.0,0.014,False
16,11,77.7273,-1.9439,0.255,0.0,1.8511,0.0,0.0,0.0,False
16,12,71.25,-0.1929,1.4686,0.0,1.1633,0.0,0.0,0.0,False
16,13,65.7692,-0.6112,0.9666,0.0,1.8248,0.0,0.0,0.0,False
16,14,61.0714,0.6668,3.4695,0.0412,0.3457,0.0256,0.0556,0.028,False
16,15,57.0,0.6043,3.2593,0.0343,0.272,0.0128,0.0417,0.035,False
16,16,53.4375,-0.2077,1.447,0.0,0.5665,0.0,0.0,0.0,False
16,17,50.2941,-0.0564,1.6835,0.0023,0.4195,0.0,0.0,0.007,False
16,18,47.5,-0.9863,0.6643,0.0,1.5066,0.0,0.0,0.0,False
16,19,45.0,-0.2633,1.3687,0.0,0.3338,0.0,0.0,0.0,False
16,20,42.75,-1.0551,0.6201,0.0,0.9177,0.0,0.0,0.0,False
16,21,40.7143,-1.6593,0.3389,0.0,1.9739,0.0,0.0,0.0,False
16,22,38.8636,0.1174,2.003,0.0023,0.596,0.0,0.0046,0.0,False
16,23,37.1739,0.15,2.0692,0.0,0.1426,0.0,0.0,0.0,False
16,24,35.625,-0.6118,0.966,0.0,0.8295,0.0,0.0,0.0,False
16,25,34.2,-1.1051,0.5898,0.0,0.1295,0.0,0.0,0.0,False
16,26,32.8846,0.1216,2.0114,0.0023,0.4135,0.0,0.0046,0.0,False
16,27,31.6667,-2.2981,0.1789,0.0,0.0031,0.0,0.0,0.0,False
16,28,30.5357,0.3851,2.6178,0.0137,0.1695,0.0,0.0278,0.0,False
16,29,29.4828,0.3383,2.4981,0.0023,0.6528,0.0128,0.0,0.0,False
16,30,28.5,-1.5546,0.3763,0.0,2.3949,0.0,0.0,0.0,False
16,31,27.5806,-1.0354,0.6324,0.0,1.4968,0.0,0.0,0.0,False
16,32,26.7188,-0.2919,1.3302,0.0,0.7493,0.0,0.0,0.0,False
16,33,25.9091,-2.2565,0.1865,0.0,0.3524,0.0,0.0,0.0,False
16,34,25.1471,-0.6779,0.9042,0.0,0.2026,0.0,0.0,0.0,False
16,35,24.4286,-1.1732,0.551,0.0,0.5057,0.0,0.0,0.0,False
16,36,23.75,-1.2845,0.493,0.0,0.463,0.0,0.0,0.0,False
16,37,23.1081,-1.6498,0.3421,0.0,0.1533,0.0,0.0,0.0,False
16,38,22.5,-0.0585,1.6799,0.0206,0.1612,0.0,0.0,0.0629,False
16,39,21.9231,0.4536,2.8034,0.0069,0.3338,0.0,0.0046,0.014,False
16,40,21.375,-0.6331,0.9457,0.0,1.1405,0.0,0.0,0.0,False
16,41,20.8537,-0.9778,0.6699,0.0,1.0566,0.0,0.0,0.0,False
16,42,20.3571,1.0283,4.9806,0.3913,0.0766,0.4103,0.375,0.4056,False
16,43,19.8837,0.0523,1.8768,0.0,0.2293,0.0,0.0,0.0,False
16,44,19.4318,-0.032,1.725,0.0,0.5343,0.0,0.0,0.0,False
16,45,19.0,-0.5725,1.0047,0.0,0.5699,0.0,0.0,0.0,False
16,46,18.587,-0.5831,0.9941,0.0,0.0065,0.0,0.0,0.0,False
16,47,18.1915,0.6779,3.5081,0.0137,2.6058,0.0,0.0093,0.028,False
16,48,17.8125,-2.6943,0.1204,0.0,0.4268,0.0,0.0,0.0,False
16,49,17.449,-2.8031,0.108,0.0,2.3071,0.0,0.0,0.0,False
16,50,17.1,-1.2671,0.5016,0.0,0.7115,0.0,0.0,0.0,False
16,51,16.7647,-1.1564,0.5604,0.0,0.7435,0.0,0.0,0.0,False
16,52,16.4423,0.244,2.2732,0.0023,0.109,0.0,0.0046,0.0,False
16,53,16.1321,-3.4678,0.0555,0.0,1.4811,0.0,0.0,0.0,False
16,54,15.8333,-0.7248,0.8628,0.0,0.3012,0.0,0.0,0.0,False
16,55,15.5455,-0.9745,0.6721,0.0,0.9961,0.0,0.0,0.0,False
16,56,15.2679,-0.8245,0.7809,0.0,0.7143,0.0,0.0,0.0,False
16,57,15.0,-0.5699,1.0074,0.0,1.1915,0.0,0.0,0.0,False
16,58,14.7414,0.1706,2.1124,0.0069,0.8487,0.0,0.0139,0.0,False
16,59,14.4915,-1.0921,0.5976,0.0,0.1362,0.0,0.0,0.0,False
16,60,14.25,-2.3597,0.1682,0.0,0.9872,0.0,0.0,0.0,False
16,61,14.0164,-1.7485,0.31,0.0,1.0781,0.0,0.0,0.0,False
16,62,13.7903,0.7024,3.5953,0.0297,0.023,0.0128,0.0463,0.014,False
16,63,13.5714,-1.8611,0.277,0.0,0.2829,0.0,0.0,0.0,False
16,64,13.3594,-1.9346,0.2573,0.0,1.19,0.0,0.0,0.0,False
16,65,13.1538,-1.9885,0.2438,0.0,1.9823,0.0,0.0,0.0,False
16,66,12.9545,-1.3395,0.4666,0.0,0.5121,0.0,0.0,0.0,False
16,67,12.7612,0.8992,4.3772,0.1579,2.8626,0.1923,0.1806,0.1049,False
16,68,12.5735,0.2801,2.3569,0.0046,0.5797,0.0,0.0,0.014,False
16,69,12.3913,-1.7693,0.3036,0.0,0.3566,0.0,0.0,0.0,False
16,70,12.2143,-3.67,0.0454,0.0,0.9822,0.0,0.0,0.0,False
16,71,12.0423,0.0713,1.9128,0.0,0.0666,0.0,0.0,0.0,False
16,72,11.875,-2.2118,0.195,0.0,0.981,0.0,0.0,0.0,False
16,73,11.7123,-0.2052,1.4506,0.0,2.4314,0.0,0.0,0.0,False
16,74,11.5541,-0.9162,0.7125,0.0,0.2576,0.0,0.0,0.0,False
16,75,11.4,0.4503,2.794,0.0023,0.64,0.0,0.0046,0.0,False
16,76,11.25,-1.8147,0.2901,0.0,0.9233,0.0,0.0,0.0,False
16,77,11.1039,0.2663,2.3245,0.0,2.0383,0.0,0.0,0.0,False
16,78,10.9615,0.4285,2.7338,0.016,3.6913,0.0,0.0093,0.035,False
16,79,10.8228,-1.3607,0.4568,0.0,1.5621,0.0,0.0,0.0,False
16,80,10.6875,0.2264,2.2336,0.0,2.7748,0.0,0.0,0.0,False
16,81,10.5556,-1.1915,0.541,0.0,2.1214,0.0,0.0,0.0,False
16,82,10.4268,-3.0317,0.0859,0.0,2.8731,0.0,0.0,0.0,False
16,83,10.3012,-1.1099,0.587,0.0,1.2661,0.0,0.0,0.0,False
16,84,10.1786,1.2399,6.1539,0.8169,2.7843,0.9231,0.7963,0.7902,False
16,85,10.0588,0.9283,4.5066,0.2586,0.4503,0.1795,0.287,0.2587,False
16,86,9.9419,0.2315,2.245,0.0137,1.1227,0.0256,0.0046,0.021,False
16,87,9.8276,-0.4132,1.1782,0.0023,0.4787,0.0,0.0046,0.0,False
16,88,9.7159,0.8434,4.1395,0.0915,0.7211,0.1026,0.1157,0.049,False
16,89,9.6067,1.0243,4.9603,0.3707,0.9567,0.3333,0.4259,0.3077,False
16,90,9.5,-0.928,0.7041,0.0,0.0675,0.0,0.0,0.0,False
16,91,9.3956,-0.6804,0.9019,0.0,0.409,0.0,0.0,0.0,False
16,92,9.2935,-1.0496,0.6235,0.0,1.8919,0.0,0.0,0.0,False
16,93,9.1935,1.1644,5.7067,0.6796,0.7002,0.7821,0.6852,0.6154,False
16,94,9.0957,-0.6508,0.9291,0.0,0.4469,0.0,0.0,0.0,False
16,95,9.0,0.0896,1.948,0.0023,0.0827,0.0,0.0046,0.0,False
16,96,8.9062,1.5409,8.3155,0.9931,0.8287,1.0,1.0,0.979,True
16,97,8.8144,-3.3994,0.0595,0.0,0.0216,0.0,0.0,0.0,False
16,98,8.7245,-1.2468,0.5119,0.0,0.8595,0.0,0.0,0.0,False
16,99,8.6364,-0.3791,1.2191,0.0,1.9088,0.0,0.0,0.0,False
16,100,8.55,-2.7574,0.113,0.0,2.3084,0.0,0.0,0.0,False
16,101,8.4653,-0.4162,1.1747,0.0,2.0117,0.0,0.0,0.0,False
16,102,8.3824,-0.7277,0.8603,0.0,0.4562,0.0,0.0,0.0,False
16,103,8.301,0.1295,2.0274,0.0,1.9353,0.0,0.0,0.0,False
16,104,8.2212,-2.1488,0.2077,0.0,0.3259,0.0,0.0,0.0,False
16,105,8.1429,-1.4132,0.4334,0.0,0.0355,0.0,0.0,0.0,False
16,106,8.066,0.3006,2.4056,0.0046,1.0028,0.0,0.0093,0.0,False
16,107,7.9907,1.0673,5.1783,0.5309,0.2576,0.6538,0.4769,0.5455,False
16,108,7.9167,-1.1042,0.5904,0.0,1.0382,0.0,0.0,0.0,False
16,109,7.844,0.1788,2.1298,0.0,0.9749,0.0,0.0,0.0,False
16,110,7.7727,0.612,3.2846,0.0389,0.3902,0.0,0.0417,0.0559,False
16,111,7.7027,1.0122,4.9011,0.4416,0.412,0.4487,0.4583,0.4126,False
16,112,7.6339,0.7939,3.9398,0.1167,0.38,0.0385,0.162,0.0909,False
16,113,7.5664,0.9707,4.7017,0.2677,1.1134,0.2179,0.2731,0.2867,False
16,114,7.5,-1.2642,0.5031,0.0,0.3416,0.0,0.0,0.0,False
16,115,7.4348,0.2795,2.3555,0.0,0.0275,0.0,0.0,0.0,False
16,116,7.3707,1.4299,7.4417,0.9336,0.4286,1.0,0.9491,0.8741,True
16,117,7.3077,-1.8581,0.2778,0.0,2.8751,0.0,0.0,0.0,False
16,118,7.2458,0.3774,2.5977,0.0,2.0948,0.0,0.0,0.0,False
16,119,7.1849,0.6468,3.4008,0.0481,0.5695,0.0128,0.0556,0.0559,False
16,120,7.125,0.6875,3.5421,0.0206,0.8081,0.0128,0.0231,0.021,False
16,121,7.0661,0.5802,3.1816,0.0252,0.3337,0.0,0.0185,0.049,False
16,122,7.0082,1.1439,5.5907,0.6064,1.8219,0.7051,0.6435,0.4965,False
16,123,6.9512,-1.3795,0.4483,0.0,1.8569,0.0,0.0,0.0,False
16,124,6.8952,-0.9575,0.6837,0.0,0.325,0.0,0.0,0.0,False
16,125,6.84,-1.3938,0.4419,0.0,3.3549,0.0,0.0,0.0,False
16,126,6.7857,0.385,2.6176,0.032,0.7603,0.0,0.0139,0.0769,False
16,127,6.7323,-0.1112,1.5937,0.0,0.9864,0.0,0.0,0.0,False
16,128,6.6797,0.8684,4.2443,0.1716,0.1767,0.141,0.162,0.2028,False
16,129,6.6279,-0.1362,1.5542,0.0,0.0757,0.0,0.0,0.0,False
16,130,6.5769,-1.0895,0.5992,0.0,0.8078,0.0,0.0,0.0,False
16,131,6.5267,-1.8979,0.267,0.0,0.2748,0.0,0.0,0.0,False
16,132,6.4773,-2.875,0.1005,0.0,0.7994,0.0,0.0,0.0,False
16,133,6.4286,0.3371,2.4951,0.0,0.4073,0.0,0.0,0.0,False
16,134,6.3806,0.7912,3.9292,0.1602,0.7863,0.0128,0.2315,0.1329,False
16,135,6.3333,-1.0194,0.6426,0.0,1.2976,0.0,0.0,0.0,False
16,136,6.2868,-2.4213,0.1582,0.0,0.2976,0.0,0.0,0.0,False
16,137,6.2409,-1.2819,0.4943,0.0,0.1504,0.0,0.0,0.0,False
16,138,6.1957,-1.0658,0.6135,0.0,0.0245,0.0,0.0,0.0,False
16,139,6.1511,-0.1393,1.5494,0.0,0.8011,0.0,0.0,0.0,False
16,140,6.1071,-0.4277,1.1613,0.0,1.4114,0.0,0.0,0.0,False
16,141,6.0638,0.2332,2.2488,0.0,0.6707,0.0,0.0,0.0,False
16,142,6.0211,0.8955,4.3612,0.1739,0.0209,0.2179,0.1898,0.1259,False
16,143,5.979,-0.5103,1.0692,0.0,2.4509,0.0,0.0,0.0,False
16,144,5.9375,0.2654,2.3224,0.0206,2.3335,0.0,0.0093,0.049,False
16,145,5.8966,-0.3276,1.2835,0.0,0.2143,0.0,0.0,0.0,False
16,146,5.8562,0.0854,1.9399,0.0,0.6784,0.0,0.0,0.0,False
16,147,5.8163,-1.9571,0.2516,0.0,2.9432,0.0,0.0,0.0,False
16,148,5.777,-0.9947,0.6587,0.0,0.1362,0.0,0.0,0.0,False
16,149,5.7383,-0.6005,0.9769,0.0,0.4017,0.0,0.0,0.0,False
16,150,5.7,0.5698,3.1488,0.0023,0.275,0.0,0.0,0.007,False
16,151,5.6623,-0.8525,0.7593,0.0,0.0386,0.0,0.0,0.0,False
16,152,5.625,-1.0934,0.5968,0.0,0.2079,0.0,0.0,0.0,False
16,153,5.5882,-0.0364,1.7175,0.0,0.0106,0.0,0.0,0.0,False
16,154,5.5519,-2.7759,0.1109,0.0,0.7111,0.0,0.0,0.0,False
16,155,5.5161,-0.2861,1.3379,0.0,0.7597,0.0,0.0,0.0,False
16,156,5.4808,-1.6059,0.3575,0.0,2.775,0.0,0.0,0.0,False
16,157,5.4459,-1.6159,0.3539,0.0,0.1673,0.0,0.0,0.0,False
16,158,5.4114,-0.1632,1.5128,0.0,0.9411,0.0,0.0,0.0,False
16,159,5.3774,0.0326,1.8402,0.0,0.2149,0.0,0.0,0.0,False
16,160,5.3438,0.3929,2.6382,0.0023,0.2187,0.0128,0.0,0.0,False
16,161,5.3106,-1.2222,0.5247,0.0,0.2819,0.0,0.0,0.0,False
16,162,5.2778,-0.0167,1.7515,0.0,0.4306,0.0,0.0,0.0,False
16,163,5.2454,0.6726,3.4897,0.0137,1.3039,0.0,0.0278,0.0,False
16,164,5.2134,-2.5735,0.1358,0.0,0.15,0.0,0.0,0.0,False
16,165,5.1818,-0.2834,1.3415,0.0,2.4194,0.0,0.0,0.0,False
16,166,5.1506,-0.8124,0.7904,0.0046,0.3918,0.0,0.0093,0.0,False
16,167,5.1198,0.1637,2.0979,0.0046,1.2886,0.0,0.0046,0.007,False
16,168,5.0893,-3.2019,0.0725,0.0,1.4473,0.0,0.0,0.0,False
16,169,5.0592,-0.4401,1.147,0.0,0.9096,0.0,0.0,0.0,False
16,170,5.0294,-0.9516,0.6877,0.0,0.5561,0.0,0.0,0.0,False
16,171,5.0,0.8022,3.9725,0.151,1.6006,0.0897,0.1204,0.2308,False
16,172,4.9709,0.315,2.4405,0.0343,0.2495,0.0128,0.0139,0.0769,False
16,173,4.9422,-0.8362,0.7719,0.0,0.7505,0.0,0.0,0.0,False
16,174,4.9138,0.2987,2.4011,0.0,0.3071,0.0,0.0,0.0,False
16,175,4.8857,0.5698,3.1487,0.0069,0.0052,0.0,0.0046,0.014,False
16,176,4.858,0.0851,1.9392,0.0,0.1616,0.0,0.0,0.0,False
16,177,4.8305,0.1616,2.0934,0.0,0.977,0.0,0.0,0.0,False
16,178,4.8034,-1.159,0.5589,0.0,2.715,0.0,0.0,0.0,False
16,179,4.7765,-0.3186,1.2951,0.0,0.0081,0.0,0.0,0.0,False
16,180,4.75,0.3713,2.5818,0.0229,0.1846,0.0,0.0417,0.007,False
16,181,4.7238,-0.7876,0.8103,0.0,0.9962,0.0,0.0,0.0,False
16,182,4.6978,-1.222,0.5248,0.0,0.1476,0.0,0.0,0.0,False
16,183,4.6721,0.2297,2.241,0.0,1.9921,0.0,0.0,0.0,False
16,184,4.6467,-0.9574,0.6838,0.0,0.3402,0.0,0.0,0.0,False
16,185,4.6216,-0.7568,0.8356,0.0,3.353,0.0,0.0,0.0,False
16,186,4.5968,-1.0418,0.6284,0.0,0.4234,0.0,0.0,0.0,False
16,187,4.5722,1.3254,6.7032,0.8696,0.6822,0.9487,0.8565,0.8462,False
16,188,4.5479,-0.3297,1.2809,0.0,0.4506,0.0,0.0,0.0,False
16,189,4.5238,0.076,1.9216,0.0,0.5836,0.0,0.0,0.0,False
16,190,4.5,0.1997,2.1747,0.0,2.8696,0.0,0.0,0.0,False
16,191,4.4764,-0.7617,0.8315,0.0,5.309,0.0,0.0,0.0,False
16,192,4.4531,0.0417,1.857,0.0114,0.1332,0.0,0.0231,0.0,False
16,193,4.4301,-1.8402,0.2828,0.0,1.0306,0.0,0.0,0.0,False
16,194,4.4072,-1.7001,0.3253,0.0,0.5306,0.0,0.0,0.0,False
16,195,4.3846,-0.897,0.7263,0.0,0.6802,0.0,0.0,0.0,False
16,196,4.3622,-1.2475,0.5115,0.0,0.269,0.0,0.0,0.0,False
16,197,4.3401,-0.3431,1.2638,0.0,1.5777,0.0,0.0,0.0,False
16,198,4.3182,-1.769,0.3037,0.0,1.3803,0.0,0.0,0.0,False
16,199,4.2965,0.0586,1.8886,0.0,1.2085,0.0,0.0,0.0,False
16,200,4.275,0.236,2.2552,0.0,0.9007,0.0,0.0,0.0,False
16,201,4.2537,-3.0828,0.0816,0.0,4.3005,0.0,0.0,0.0,False
16,202,4.2327,-0.1613,1.5158,0.0,0.3334,0.0,0.0,0.0,False
16,203,4.2118,0.344,2.5124,0.0023,3.0753,0.0,0.0046,0.0,False
16,204,4.1912,-0.8519,0.7598,0.0,0.4116,0.0,0.0,0.0,False
16,205,4.1707,-0.8164,0.7872,0.0,0.2022,0.0,0.0,0.0,False
16,206,4.1505,-0.5816,0.9956,0.0,0.6344,0.0,0.0,0.0,False
16,207,4.1304,-0.8089,0.7932,0.0,0.0725,0.0,0.0,0.0,False
16,208,4.1106,0.858,4.2007,0.151,0.5474,0.1667,0.1296,0.1748,False
16,209,4.0909,0.5095,2.9645,0.0137,0.4861,0.0,0.0139,0.021,False
16,210,4.0714,-0.1155,1.5867,0.0,0.6626,0.0,0.0,0.0,False
16,211,4.0521,-2.5392,0.1406,0.0,1.1583,0.0,0.0,0.0,False
16,212,4.033,0.1474,2.0639,0.0,0.6581,0.0,0.0,0.0,False
16,213,4.0141,-0.5013,1.0789,0.0023,0.0274,0.0,0.0,0.007,False
16,214,3.9953,0.6193,3.3087,0.0137,0.6072,0.0,0.0231,0.007,False
16,215,3.9767,0.1094,1.9869,0.0,1.5787,0.0,0.0,0.0,False
16,216,3.9583,0.6521,3.419,0.0275,0.851,0.0128,0.0463,0.007,False
16,217,3.9401,-0.752,0.8396,0.0,0.2743,0.0,0.0,0.0,False
16,218,3.922,-0.6778,0.9043,0.0,0.3852,0.0,0.0,0.0,False
16,219,3.9041,0.5142,2.9784,0.0023,0.1312,0.0,0.0046,0.0,False
16,220,3.8864,-0.9159,0.7127,0.0,0.1049,0.0,0.0,0.0,False
16,221,3.8688,-0.6173,0.9607,0.0,0.9083,0.0,0.0,0.0,False
16,222,3.8514,-3.3895,0.0601,0.0,5.078,0.0,0.0,0.0,False
16,223,3.8341,-0.6263,0.9521,0.0,2.7162,0.0,0.0,0.0,False
16,224,3.817,0.0088,1.7968,0.0,0.3431,0.0,0.0,0.0,False
16,225,3.8,0.3168,2.445,0.0,0.937,0.0,0.0,0.0,False
16,226,3.7832,-2.3253,0.1741,0.0,0.2336,0.0,0.0,0.0,False
16,227,3.7665,1.7746,10.505,1.0,1.1046,1.0,1.0,1.0,True
16,228,3.75,1.0525,5.1024,0.4188,3.8046,0.4615,0.3981,0.4266,False
16,229,3.7336,-1.0338,0.6334,0.0,0.0052,0.0,0.0,0.0,False
16,230,3.7174,-1.8437,0.2818,0.0,0.2364,0.0,0.0,0.0,False
16,231,3.7013,0.5465,3.0762,0.0023,0.0279,0.0,0.0,0.007,False
16,232,3.6853,-2.2116,0.1951,0.0,1.9429,0.0,0.0,0.0,False
16,233,3.6695,-0.7821,0.8147,0.0,0.0963,0.0,0.0,0.0,False
16,234,3.6538,-2.8335,0.1047,0.0,3.0244,0.0,0.0,0.0,False
16,235,3.6383,0.3497,2.5267,0.0069,1.4224,0.0128,0.0093,0.0,False
16,236,3.6229,-2.3832,0.1643,0.0,2.5854,0.0,0.0,0.0,False
16,237,3.6076,-1.3069,0.482,0.0,0.0972,0.0,0.0,0.0,False
16,238,3.5924,-1.1773,0.5488,0.0,0.7552,0.0,0.0,0.0,False
16,239,3.5774,-1.1151,0.584,0.0,0.1948,0.0,0.0,0.0,False
16,240,3.5625,-0.761,0.8321,0.0,2.3538,0.0,0.0,0.0,False
16,241,3.5477,0.0279,1.8314,0.0114,2.9489,0.0,0.0093,0.021,False
16,242,3.5331,0.6687,3.476,0.0526,0.602,0.0256,0.0787,0.028,False
16,243,3.5185,-2.1323,0.2112,0.0,0.0103,0.0,0.0,0.0,False
16,244,3.5041,-0.9838,0.6659,0.0,2.3432,0.0,0.0,0.0,False
16,245,3.4898,-0.4606,1.1237,0.0,2.7414,0.0,0.0,0.0,False
16,246,3.4756,-0.1534,1.5277,0.0,0.9838,0.0,0.0,0.0,False
16,247,3.4615,0.1408,2.0503,0.0,1.3459,0.0,0.0,0.0,False
16,248,3.4476,-0.2529,1.3831,0.0,0.469,0.0,0.0,0.0,False
16,249,3.4337,-3.2333,0.0702,0.0,0.0823,0.0,0.0,0.0,False
16,250,3.42,-1.22,0.5258,0.0,0.1583,0.0,0.0,0.0,False
16,251,3.4064,-0.1494,1.5339,0.0,0.1419,0.0,0.0,0.0,False
16,252,3.3929,0.4255,2.7258,0.0046,0.5901,0.0,0.0093,0.0,False
16,253,3.3794,-0.0911,1.626,0.0,0.2369,0.0,0.0,0.0,False
16,254,3.3661,0.4411,2.7685,0.0023,0.1822,0.0,0.0046,0.0,False
16,255,3.3529,-0.7562,0.8361,0.0,1.0763,0.0,0.0,0.0,False
16,256,3.3398,-0.3197,1.2937,0.0,2.8948,0.0,0.0,0.0,False
16,257,3.3268,-1.932,0.258,0.0,1.095,0.0,0.0,0.0,False
16,258,3.314,-0.1645,1.5109,0.0,0.1406,0.0,0.0,0.0,False
16,259,3.3012,1.0723,5.2045,0.5103,1.4353,0.5128,0.4954,0.5315,False
16,260,3.2885,0.2036,2.1833,0.0,0.257,0.0,0.0,0.0,False
16,261,3.2759,-2.5797,0.135,0.0,0.2675,0.0,0.0,0.0,False
16,262,3.2634,-1.8955,0.2676,0.0,1.8356,0.0,0.0,0.0,False
16,263,3.251,-0.2112,1.4419,0.0,5.0774,0.0,0.0,0.0,False
16,264,3.2386,-1.1731,0.5511,0.0,3.8739,0.0,0.0,0.0,False
16,265,3.2264,-0.5468,1.0308,0.0,3.1452,0.0,0.0,0.0,False
16,266,3.2143,-2.2242,0.1926,0.0,0.2835,0.0,0.0,0.0,False
16,267,3.2022,0.8249,4.0638,0.1144,0.1491,0.1026,0.1157,0.1189,False
16,268,3.1903,0.6945,3.567,0.016,1.076,0.0,0.0185,0.021,False
16,269,3.1784,1.4836,7.8527,0.9588,0.8827,0.9872,0.9444,0.965,True
16,270,3.1667,0.3339,2.487,0.0,0.2134,0.0,0.0,0.0,False
16,271,3.155,-0.558,1.0194,0.0,1.4235,0.0,0.0,0.0,False
16,272,3.1434,-0.1204,1.579,0.0,2.249,0.0,0.0,0.0,False
16,273,3.1319,-1.4507,0.4175,0.0,1.7562,0.0,0.0,0.0,False
16,274,3.1204,1.1676,5.7251,0.659,0.3519,0.7179,0.6944,0.5734,False
16,275,3.1091,-1.5366,0.3831,0.0,0.5366,0.0,0.0,0.0,False
16,276,3.0978,0.2754,2.3457,0.0,1.7393,0.0,0.0,0.0,False
16,277,3.0866,-0.4763,1.1061,0.0,0.5982,0.0,0.0,0.0,False
16,278,3.0755,0.3022,2.4096,0.0,0.0237,0.0,0.0,0.0,False
16,279,3.0645,-0.2328,1.4112,0.0,0.1696,0.0,0.0,0.0,False
16,280,3.0536,-1.908,0.2643,0.0,0.0418,0.0,0.0,0.0,False
16,281,3.0427,-2.3628,0.1677,0.0,0.0787,0.0,0.0,0.0,False
16,282,3.0319,-0.0333,1.7228,0.0023,0.3295,0.0,0.0046,0.0,False
16,283,3.0212,-0.7532,0.8386,0.0,0.8253,0.0,0.0,0.0,False
16,284,3.0106,0.7703,3.8479,0.1968,1.962,0.1667,0.2454,0.1399,False
16,285,3.0,-0.1888,1.4746,0.0,0.7733,0.0,0.0,0.0,False
16,286,2.9895,-0.3868,1.2097,0.0,0.1232,0.0,0.0,0.0,False
16,287,2.9791,-0.3503,1.2548,0.0,1.7399,0.0,0.0,0.0,False
16,288,2.9688,-1.8797,0.2719,0.0,0.7566,0.0,0.0,0.0,False
16,289,2.9585,-1.4333,0.4248,0.0,0.3378,0.0,0.0,0.0,False
16,290,2.9483,0.0059,1.7917,0.0023,6.8324,0.0,0.0,0.007,False
16,291,2.9381,0.2922,2.3855,0.0,2.2852,0.0,0.0,0.0,False
16,292,2.9281,-1.364,0.4553,0.0,2.6172,0.0,0.0,0.0,False
16,293,2.9181,-1.746,0.3108,0.0,1.3686,0.0,0.0,0.0,False
16,294,2.9082,0.5659,3.1364,0.0137,0.7107,0.0,0.0046,0.035,False
16,295,2.8983,0.6592,3.4432,0.0526,0.6469,0.0128,0.0694,0.049,False
16,296,2.8885,-2.3709,0.1663,0.0,1.0025,0.0,0.0,0.0,False
16,297,2.8788,0.5695,3.1479,0.0389,2.3832,0.0128,0.0463,0.042,False
16,298,2.8691,-0.0676,1.6646,0.0,1.4754,0.0,0.0,0.0,False
16,299,2.8595,-0.3165,1.2979,0.0,2.0914,0.0,0.0,0.0,False
16,300,2.85,0.1463,2.0618,0.0,0.0304,0.0,0.0,0.0,False
16,301,2.8405,0.99,4.7934,0.46,0.4967,0.4103,0.4074,0.5664,False
16,302,2.8311,-1.1478,0.5652,0.0,0.0401,0.0,0.0,0.0,False
16,303,2.8218,-0.1108,1.5942,0.0,1.2354,0.0,0.0,0.0,False
16,304,2.8125,0.7442,3.7488,0.0526,1.0455,0.0128,0.0833,0.028,False
16,305,2.8033,-0.7658,0.8282,0.0,0.4742,0.0,0.0,0.0,False
16,306,2.7941,0.6542,3.4261,0.0114,0.314,0.0,0.0093,0.021,False
16,307,2.785,0.2452,2.2761,0.0023,5.1238,0.0,0.0,0.007,False
16,308,2.776,-0.3141,1.3009,0.0,0.0165,0.0,0.0,0.0,False
16,309,2.767,0.3035,2.4126,0.0,0.0511,0.0,0.0,0.0,False
16,310,2.7581,-0.0823,1.6403,0.0,0.1986,0.0,0.0,0.0,False
16,311,2.7492,-2.7054,0.119,0.0,0.4996,0.0,0.0,0.0,False
16,312,2.7404,-0.0342,1.7212,0.0,0.2983,0.0,0.0,0.0,False
16,313,2.7316,-3.449,0.0566,0.0,1.1979,0.0,0.0,0.0,False
16,314,2.7229,-0.9338,0.7,0.0,0.1523,0.0,0.0,0.0,False
16,315,2.7143,0.3319,2.4821,0.0,1.1181,0.0,0.0,0.0,False
16,316,2.7057,0.949,4.6008,0.2723,0.803,0.2179,0.3056,0.2517,False
16,317,2.6972,-1.3014,0.4847,0.0,1.7145,0.0,0.0,0.0,False
16,318,2.6887,-2.4015,0.1613,0.0,2.6301,0.0,0.0,0.0,False
16,319,2.6803,-0.7805,0.816,0.0,0.128,0.0,0.0,0.0,False
16,320,2.6719,-1.3211,0.4753,0.0,1.4017,0.0,0.0,0.0,False
16,321,2.6636,0.1333,2.0351,0.0,0.9114,0.0,0.0,0.0,False
16,322,2.6553,0.5097,2.9652,0.0069,1.1392,0.0,0.0093,0.007,False
16,323,2.6471,0.0761,1.9219,0.0,1.8577,0.0,0.0,0.0,False
16,324,2.6389,-1.8987,0.2667,0.0,0.1831,0.0,0.0,0.0,False
16,325,2.6308,-0.9086,0.7179,0.0,1.7507,0.0,0.0,0.0,False
16,326,2.6227,0.5719,3.1553,0.0092,0.8426,0.0,0.0185,0.0,False
16,327,2.6147,-0.2197,1.4298,0.0,0.418,0.0,0.0,0.0,False
16,328,2.6067,-2.6099,0.131,0.0,0.0328,0.0,0.0,0.0,False
16,329,2.5988,0.8265,4.0703,0.1213,1.9081,0.0641,0.1389,0.1259,False
16,330,2.5909,-0.4135,1.1779,0.0,0.5403,0.0,0.0,0.0,False
16,331,2.5831,-1.5455,0.3797,0.0,0.2648,0.0,0.0,0.0,False
16,332,2.5753,-1.4691,0.4099,0.0,4.1301,0.0,0.0,0.0,False
16,333,2.5676,-0.3799,1.2181,0.0023,0.8679,0.0,0.0046,0.0,False
16,334,2.5599,-0.3157,1.2989,0.0,0.229,0.0,0.0,0.0,False
16,335,2.5522,0.118,2.0042,0.0114,1.4321,0.0,0.0185,0.007,False
16,336,2.5446,-0.692,0.8916,0.0,0.7552,0.0,0.0,0.0,False
16,337,2.5371,0.9293,4.5111,0.2723,0.409,0.3205,0.2269,0.3147,False
16,338,2.5296,-0.9446,0.6926,0.0,0.8969,0.0,0.0,0.0,False
16,339,2.5221,0.2061,2.1888,0.0,0.4232,0.0,0.0,0.0,False
16,340,2.5147,-2.0627,0.2264,0.0,1.1286,0.0,0.0,0.0,False
16,341,2.5073,0.7764,3.8715,0.0778,5.0522,0.0256,0.0741,0.1119,False
16,342,2.5,1.54,8.308,0.9817,0.0679,1.0,0.9907,0.958,True
16,343,2.4927,0.6774,3.5064,0.016,1.2255,0.0256,0.0139,0.014,False
16,344,2.4855,1.2189,6.0261,0.7941,1.0656,0.8718,0.7315,0.8462,False
16,345,2.4783,-0.1144,1.5886,0.0,0.0822,0.0,0.0,0.0,False
16,346,2.4711,-0.6187,0.9594,0.0,0.1249,0.0,0.0,0.0,False
16,347,2.464,-1.5504,0.3779,0.0,3.5319,0.0,0.0,0.0,False
16,348,2.4569,0.4752,2.8645,0.0092,0.2504,0.0,0.0046,0.021,False
16,349,2.4499,-1.7131,0.3211,0.0,0.0193,0.0,0.0,0.0,False
16,350,2.4429,-0.3684,1.2322,0.0,0.8692,0.0,0.0,0.0,False
16,351,2.4359,-0.0891,1.6293,0.0,0.5522,0.0,0.0,0.0,False
16,352,2.429,-2.8392,0.1041,0.0,1.114,0.0,0.0,0.0,False
16,353,2.4221,0.8436,4.1406,0.1442,0.3159,0.0769,0.1343,0.1958,False
16,354,2.4153,-1.6564,0.3399,0.0,1.3116,0.0,0.0,0.0,False
16,355,2.4085,0.649,3.4083,0.0732,0.37,0.0256,0.1204,0.028,False
16,356,2.4017,-0.9989,0.6559,0.0,1.458,0.0,0.0,0.0,False
16,357,2.395,-1.9082,0.2642,0.0,2.087,0.0,0.0,0.0,False
16,358,2.3883,-2.1737,0.2026,0.0,0.7288,0.0,0.0,0.0,False
16,359,2.3816,-0.8448,0.7652,0.0,1.7999,0.0,0.0,0.0,False
16,360,2.375,-1.8803,0.2717,0.0,1.9816,0.0,0.0,0.0,False
16,361,2.3684,0.0485,1.8696,0.0,1.1941,0.0,0.0,0.0,False
16,362,2.3619,-1.1008,0.5924,0.0,0.5486,0.0,0.0,0.0,False
16,363,2.3554,-0.8948,0.7279,0.0,0.0801,0.0,0.0,0.0,False
16,364,2.3489,-0.0262,1.7351,0.0,0.175,0.0,0.0,0.0,False
16,365,2.3425,-1.3574,0.4583,0.0,0.3733,0.0,0.0,0.0,False
16,366,2.3361,0.5672,3.1407,0.016,0.0301,0.0256,0.0139,0.014,False
16,367,2.3297,-0.9055,0.7202,0.0,0.4122,0.0,0.0,0.0,False
16,368,2.3234,-0.1625,1.514,0.0,0.0243,0.0,0.0,0.0,False
16,369,2.3171,-0.4894,1.0917,0.0,0.2947,0.0,0.0,0.0,False
16,370,2.3108,-0.0015,1.7784,0.0,0.1562,0.0,0.0,0.0,False
16,371,2.3046,-0.9685,0.6762,0.0,0.6011,0.0,0.0,0.0,False
16,372,2.2984,-0.7964,0.8031,0.0,0.5108,0.0,0.0,0.0,False
16,373,2.2922,-0.9299,0.7028,0.0,0.1572,0.0,0.0,0.0,False
16,374,2.2861,0.605,3.2617,0.0252,1.4141,0.0,0.0324,0.028,False
16,375,2.28,-0.5574,1.02,0.0,2.6268,0.0,0.0,0.0,False
16,376,2.2739,-0.7101,0.8756,0.0,1.5062,0.0,0.0,0.0,False
16,377,2.2679,-1.504,0.3958,0.0,0.5261,0.0,0.0,0.0,False
16,378,2.2619,1.3123,6.6158,0.8696,0.5752,0.9359,0.875,0.8252,False
16,379,2.2559,-2.5528,0.1387,0.0,1.8666,0.0,0.0,0.0,False
16,380,2.25,-0.6767,0.9053,0.0,1.329,0.0,0.0,0.0,False
16,381,2.2441,0.4343,2.7498,0.0023,0.0616,0.0,0.0046,0.0,False
16,382,2.2382,-1.0949,0.5959,0.0,0.5823,0.0,0.0,0.0,False
16,383,2.2324,0.9837,4.7634,0.3158,0.3071,0.2692,0.3287,0.3217,False
16,384,2.2266,0.3313,2.4806,0.0023,2.8079,0.0,0.0046,0.0,False
16,385,2.2208,0.9783,4.7375,0.3158,0.1797,0.4359,0.2593,0.3357,False
16,386,2.215,0.4224,2.7172,0.0,2.2226,0.0,0.0,0.0,False
16,387,2.2093,-1.794,0.2962,0.0,1.1559,0.0,0.0,0.0,False
16,388,2.2036,-0.6151,0.9628,0.0,1.4252,0.0,0.0,0.0,False
16,389,2.1979,-1.2282,0.5215,0.0,0.0287,0.0,0.0,0.0,False
16,390,2.1923,-1.212,0.53,0.0,5.5812,0.0,0.0,0.0,False
16,391,2.1867,0.1091,1.9863,0.0,1.6407,0.0,0.0,0.0,False
16,392,2.1811,-1.9936,0.2426,0.0,0.1373,0.0,0.0,0.0,False
16,393,2.1756,-0.9644,0.679,0.0,0.0206,0.0,0.0,0.0,False
16,394,2.1701,-0.6593,0.9212,0.0,0.4116,0.0,0.0,0.0,False
16,395,2.1646,-1.3861,0.4453,0.0,0.2078,0.0,0.0,0.0,False
16,396,2.1591,-1.1743,0.5504,0.0,0.0192,0.0,0.0,0.0,False
16,397,2.1537,-1.6162,0.3538,0.0,0.8614,0.0,0.0,0.0,False
16,398,2.1482,0.3937,2.6403,0.0069,0.0105,0.0,0.0046,0.014,False
16,399,2.1429,1.143,5.5855,0.6247,1.1646,0.6795,0.6065,0.6224,False
16,400,2.1375,0.2821,2.3616,0.0,1.4671,0.0,0.0,0.0,False
16,401,2.1322,-0.9839,0.6659,0.0,2.603,0.0,0.0,0.0,False
16,402,2.1269,-2.411,0.1598,0.0,0.9878,0.0,0.0,0.0,False
16,403,2.1216,-1.2679,0.5012,0.0,0.1918,0.0,0.0,0.0,False
16,404,2.1163,0.003,1.7864,0.0,0.6323,0.0,0.0,0.0,False
16,405,2.1111,-0.6248,0.9535,0.0,0.5426,0.0,0.0,0.0,False
16,406,2.1059,0.5439,3.0683,0.0366,2.3962,0.0128,0.0509,0.028,False
16,407,2.1007,-1.7611,0.3061,0.0,0.0401,0.0,0.0,0.0,False
16,408,2.0956,-0.746,0.8447,0.0,2.5225,0.0,0.0,0.0,False
16,409,2.0905,0.2958,2.3942,0.0023,1.2063,0.0,0.0,0.007,False
16,410,2.0854,-0.5157,1.0635,0.0,2.3093,0.0,0.0,0.0,False
16,411,2.0803,-0.2504,1.3865,0.0,0.2759,0.0,0.0,0.0,False
16,412,2.0752,-1.92,0.2611,0.0,1.29,0.0,0.0,0.0,False
16,413,2.0702,-0.8169,0.7869,0.0,0.1863,0.0,0.0,0.0,False
16,414,2.0652,0.1059,1.98,0.0,0.0047,0.0,0.0,0.0,False
16,415,2.0602,-0.6319,0.9468,0.0,0.6547,0.0,0.0,0.0,False
16,416,2.0553,0.4854,2.8938,0.0092,0.8853,0.0,0.0185,0.0,False
16,417,2.0504,0.4624,2.8282,0.0,2.6139,0.0,0.0,0.0,False
16,418,2.0455,0.3177,2.4472,0.0,0.0594,0.0,0.0,0.0,False
16,419,2.0406,0.1427,2.0542,0.0,1.4215,0.0,0.0,0.0,False
16,420,2.0357,-1.5556,0.3759,0.0,0.1877,0.0,0.0,0.0,False
16,421,2.0309,-1.6596,0.3388,0.0,0.1089,0.0,0.0,0.0,False
16,422,2.0261,-2.3132,0.1762,0.0,0.649,0.0,0.0,0.0,False
16,423,2.0213,-1.572,0.3698,0.0,1.7927,0.0,0.0,0.0,False
16,424,2.0165,-1.171,0.5522,0.0,0.5756,0.0,0.0,0.0,False
16,425,2.0118,-0.3872,1.2093,0.0,0.279,0.0,0.0,0.0,False
16,426,2.007,0.0762,1.9221,0.0,0.5219,0.0,0.0,0.0,False
16,427,2.0023,-1.1886,0.5426,0.0,0.1334,0.0,0.0,0.0,False
17,1,1187.0,-0.0426,1.7068,0.0023,2.8806,0.0,0.0,0.007,False
17,2,593.5,-0.4195,1.1709,0.0,1.0436,0.0,0.0,0.0,False
17,3,395.6667,0.0932,1.955,0.0,1.3322,0.0,0.0,0.0,False
17,4,296.75,1.2337,6.1161,0.8124,1.622,0.9487,0.75,0.8322,False
17,5,237.4,-0.2498,1.3874,0.0046,0.7242,0.0,0.0,0.014,False
17,6,197.8333,-0.3228,1.2897,0.0,3.0047,0.0,0.0,0.0,False
17,7,169.5714,-2.0701,0.2247,0.0,7.2889,0.0,0.0,0.0,False
17,8,148.375,0.4879,2.9012,0.0,0.9843,0.0,0.0,0.0,False
17,9,131.8889,0.4676,2.8428,0.0069,2.8613,0.0,0.0046,0.014,False
17,10,118.7,-0.3394,1.2685,0.0,1.4004,0.0,0.0,0.0,False
17,11,107.9091,0.053,1.878,0.0,2.4186,0.0,0.0,0.0,False
17,12,98.9167,0.1397,2.0481,0.0,0.195,0.0,0.0,0.0,False
17,13,91.3077,-1.0857,0.6014,0.0,3.1814,0.0,0.0,0.0,False
17,14,84.7857,-0.7281,0.8599,0.0,0.6337,0.0,0.0,0.0,False
17,15,79.1333,0.1508,2.0711,0.0,1.3346,0.0,0.0,0.0,False
17,16,74.1875,-0.7193,0.8676,0.0,0.8306,0.0,0.0,0.0,False
17,17,69.8235,-1.4174,0.4316,0.0,2.387,0.0,0.0,0.0,False
17,18,65.9444,-0.2661,1.3649,0.0,1.7097,0.0,0.0,0.0,False
17,19,62.4737,0.8542,4.1844,0.1259,0.1923,0.141,0.1204,0.1259,False
17,20,59.35,-0.1483,1.5355,0.0,1.2738,0.0,0.0,0.0,False
17,21,56.5238,-0.0468,1.6996,0.0069,1.7184,0.0,0.0,0.021,False
17,22,53.9545,-1.895,0.2677,0.0,0.139,0.0,0.0,0.0,False
17,23,51.6087,-1.8836,0.2708,0.0,0.2118,0.0,0.0,0.0,False
17,24,49.4583,-2.6165,0.1301,0.0,0.1081,0.0,0.0,0.0,False
17,25,47.48,-1.3348,0.4688,0.0,0.1724,0.0,0.0,0.0,False
17,26,45.6538,-3.281,0.0669,0.0,0.0887,0.0,0.0,0.0,False
17,27,43.963,-0.8978,0.7258,0.0,4.2981,0.0,0.0,0.0,False
17,28,42.3929,0.1428,2.0545,0.0,0.1384,0.0,0.0,0.0,False
17,29,40.931,-0.3211,1.292,0.0,0.6747,0.0,0.0,0.0,False
17,30,39.5667,-0.7006,0.884,0.0,1.9495,0.0,0.0,0.0,False
17,31,38.2903,0.187,2.1472,0.0,0.1674,0.0,0.0,0.0,False
17,32,37.0938,-0.8166,0.7871,0.0,3.6394,0.0,0.0,0.0,False
17,33,35.9697,-0.5057,1.0742,0.0,0.4954,0.0,0.0,0.0,False
17,34,34.9118,-1.6954,0.3269,0.0,0.728,0.0,0.0,0.0,False
17,35,33.9143,0.9412,4.565,0.1876,0.7982,0.1795,0.1991,0.1748,False
17,36,32.9722,-0.2206,1.4284,0.0,0.2068,0.0,0.0,0.0,False
17,37,32.0811,-1.8568,0.2782,0.0,1.7618,0.0,0.0,0.0,False
17,38,31.2368,0.9958,4.8213,0.2494,1.1778,0.3333,0.2269,0.2378,False
17,39,30.4359,-1.2467,0.512,0.0,0.455,0.0,0.0,0.0,False
17,40,29.675,-1.0784,0.6058,0.0,1.9547,0.0,0.0,0.0,False
17,41,28.9512,0.4056,2.6719,0.0,0.6809,0.0,0.0,0.0,False
17,42,28.2619,-3.3506,0.0625,0.0,0.0201,0.0,0.0,0.0,False
17,43,27.6047,-1.2133,0.5294,0.0,0.7414,0.0,0.0,0.0,False
17,44,26.9773,-0.8291,0.7773,0.0,1.8438,0.0,0.0,0.0,False
17,45,26.3778,0.3446,2.5138,0.0,0.2172,0.0,0.0,0.0,False
17,46,25.8043,0.8105,4.0058,0.1098,0.0866,0.0641,0.0741,0.1888,False
17,47,25.2553,-3.1905,0.0733,0.0,0.3463,0.0,0.0,0.0,False
17,48,24.7292,-0.0961,1.6178,0.0,1.4732,0.0,0.0,0.0,False
17,49,24.2245,-1.1796,0.5475,0.0,0.4177,0.0,0.0,0.0,False
17,50,23.74,-0.9678,0.6767,0.0,0.2446,0.0,0.0,0.0,False
17,51,23.2745,0.1703,2.1117,0.0,0.8988,0.0,0.0,0.0,False
17,52,22.8269,-1.7262,0.317,0.0,1.1788,0.0,0.0,0.0,False
17,53,22.3962,-1.7199,0.319,0.0,0.6636,0.0,0.0,0.0,False
17,54,21.9815,-0.0891,1.6292,0.0,0.4638,0.0,0.0,0.0,False
17,55,21.5818,-1.0012,0.6544,0.0,0.8425,0.0,0.0,0.0,False
17,56,21.1964,-0.0638,1.671,0.0,0.6016,0.0,0.0,0.0,False
17,57,20.8246,0.1647,2.0999,0.0206,2.0647,0.0,0.0417,0.0,False
17,58,20.4655,0.3373,2.4956,0.0046,0.9281,0.0,0.0046,0.007,False
17,59,20.1186,0.3554,2.5412,0.0,0.9649,0.0,0.0,0.0,False
17,60,19.7833,0.3048,2.4156,0.0,1.7701,0.0,0.0,0.0,False
17,61,19.459,-2.7639,0.1123,0.0,0.3611,0.0,0.0,0.0,False
17,62,19.1452,-2.7562,0.1132,0.0,0.4366,0.0,0.0,0.0,False
17,63,18.8413,0.3904,2.6317,0.0,2.1217,0.0,0.0,0.0,False
17,64,18.5469,0.0844,1.9378,0.0,0.1143,0.0,0.0,0.0,False
17,65,18.2615,-0.2964,1.3243,0.0,0.7628,0.0,0.0,0.0,False
17,66,17.9848,-2.1083,0.2163,0.0,0.2272,0.0,0.0,0.0,False
17,67,17.7164,-0.8234,0.7818,0.0,0.1356,0.0,0.0,0.0,False
17,68,17.4559,-0.1651,1.5101,0.0,1.4242,0.0,0.0,0.0,False
17,69,17.2029,0.8144,4.0213,0.0664,0.929,0.0513,0.0741,0.0629,False
17,70,16.9571,1.3946,7.1838,0.984,0.2827,1.0,0.9907,0.965,True
17,71,16.7183,1.2414,6.1634,0.7666,0.7688,0.8974,0.7361,0.7413,False
17,72,16.4861,-0.5988,0.9787,0.0,0.6413,0.0,0.0,0.0,False
17,73,16.2603,-2.8543,0.1026,0.0,0.9506,0.0,0.0,0.0,False
17,74,16.0405,-1.0264,0.6382,0.0,2.4596,0.0,0.0,0.0,False
17,75,15.8267,1.0967,5.3332,0.524,0.1193,0.5513,0.5231,0.5105,False
17,76,15.6184,1.2934,6.4925,0.8947,0.0769,0.9615,0.875,0.8881,False
17,77,15.4156,0.8198,4.0433,0.1533,3.9226,0.1282,0.1389,0.1888,False
17,78,15.2179,1.1603,5.6834,0.6476,0.1937,0.7051,0.6806,0.5664,False
17,79,15.0253,-0.7997,0.8005,0.0,2.1132,0.0,0.0,0.0,False
17,80,14.8375,-0.7322,0.8564,0.0,0.0004,0.0,0.0,0.0,False
17,81,14.6543,0.6315,3.3493,0.0458,2.7973,0.0,0.0324,0.0909,False
17,82,14.4756,-1.4773,0.4065,0.0,1.6689,0.0,0.0,0.0,False
17,83,14.3012,0.2051,2.1866,0.0,0.3872,0.0,0.0,0.0,False
17,84,14.131,0.4475,2.7864,0.0023,0.8295,0.0,0.0046,0.0,False
17,85,13.9647,-0.619,0.9591,0.0,3.6931,0.0,0.0,0.0,False
17,86,13.8023,-0.8936,0.7288,0.0,0.2296,0.0,0.0,0.0,False
17,87,13.6437,0.6555,3.4305,0.0366,0.0962,0.0256,0.0185,0.0699,False
17,88,13.4886,0.0768,1.9232,0.0,0.6775,0.0,0.0,0.0,False
17,89,13.3371,0.6107,3.2804,0.0,1.2377,0.0,0.0,0.0,False
17,90,13.1889,-0.2703,1.3592,0.0,1.9704,0.0,0.0,0.0,False
17,91,13.044,-3.7168,0.0433,0.0,0.1182,0.0,0.0,0.0,False
17,92,12.9022,-2.1347,0.2107,0.0,0.0513,0.0,0.0,0.0,False
17,93,12.7634,-1.3344,0.469,0.0,1.1397,0.0,0.0,0.0,False
17,94,12.6277,-0.9841,0.6657,0.0,0.0486,0.0,0.0,0.0,False
17,95,12.4947,-1.003,0.6532,0.0,0.6247,0.0,0.0,0.0,False
17,96,12.3646,-0.1182,1.5825,0.0,0.3859,0.0,0.0,0.0,False
17,97,12.2371,-1.0872,0.6005,0.0,0.5689,0.0,0.0,0.0,False
17,98,12.1122,-0.0262,1.735,0.0,0.7686,0.0,0.0,0.0,False
17,99,11.9899,0.4116,2.688,0.0229,0.7526,0.0,0.037,0.014,False
17,100,11.87,-0.5038,1.0762,0.0,1.2034,0.0,0.0,0.0,False
17,101,11.7525,-1.062,0.6159,0.0,1.8083,0.0,0.0,0.0,False
17,102,11.6373,-0.1965,1.4633,0.0,0.3386,0.0,0.0,0.0,False
17,103,11.5243,-0.9746,0.6721,0.0,0.501,0.0,0.0,0.0,False
17,104,11.4135,-1.5948,0.3615,0.0,1.2762,0.0,0.0,0.0,False
17,105,11.3048,-1.8519,0.2795,0.0,0.2088,0.0,0.0,0.0,False
17,106,11.1981,-0.6305,0.9481,0.0,0.1854,0.0,0.0,0.0,False
17,107,11.0935,1.5187,8.1329,0.9634,0.3918,0.9744,0.9676,0.951,True
17,108,10.9907,-2.5306,0.1418,0.0,2.4752,0.0,0.0,0.0,False
17,109,10.8899,-2.5809,0.1348,0.0,1.4865,0.0,0.0,0.0,False
17,110,10.7909,0.7813,3.8904,0.0618,0.6485,0.0641,0.0741,0.042,False
17,111,10.6937,-3.2131,0.0717,0.0,0.7036,0.0,0.0,0.0,False
17,112,10.5982,0.7132,3.6343,0.0458,0.5608,0.0256,0.0324,0.0769,False
17,113,10.5044,0.0977,1.9638,0.0,0.1409,0.0,0.0,0.0,False
17,114,10.4123,0.7603,3.8098,0.1602,0.8829,0.0897,0.1852,0.1608,False
17,115,10.3217,-0.2517,1.3848,0.0,0.1709,0.0,0.0,0.0,False
17,116,10.2328,0.5822,3.1882,0.0046,1.4244,0.0,0.0046,0.007,False
17,117,10.1453,0.2333,2.249,0.0,0.2688,0.0,0.0,0.0,False
17,118,10.0593,-0.9312,0.7019,0.0,0.0273,0.0,0.0,0.0,False
17,119,9.9748,-0.721,0.866,0.0,0.4222,0.0,0.0,0.0,False
17,120,9.8917,-0.7231,0.8643,0.0,0.015,0.0,0.0,0.0,False
17,121,9.8099,-2.3171,0.1755,0.0,0.58,0.0,0.0,0.0,False
17,122,9.7295,-0.4806,1.1014,0.0,0.3944,0.0,0.0,0.0,False
17,123,9.6504,0.1344,2.0372,0.0023,0.1344,0.0,0.0046,0.0,False
17,124,9.5726,-1.0688,0.6117,0.0,0.436,0.0,0.0,0.0,False
17,125,9.496,-0.3906,1.2052,0.0,1.3177,0.0,0.0,0.0,False
17,126,9.4206,1.1726,5.7533,0.6041,0.3524,0.7179,0.5926,0.5594,False
17,127,9.3465,0.0177,1.8128,0.0,0.8802,0.0,0.0,0.0,False
17,128,9.2734,0.6149,3.294,0.0137,0.1196,0.0,0.0139,0.021,False
17,129,9.2016,-0.7667,0.8274,0.0,2.2667,0.0,0.0,0.0,False
17,130,9.1308,0.6216,3.3163,0.0092,0.1132,0.0,0.0046,0.021,False
17,131,9.0611,0.0942,1.9571,0.0,2.1002,0.0,0.0,0.0,False
17,132,8.9924,-0.4441,1.1423,0.0,0.0449,0.0,0.0,0.0,False
17,133,8.9248,-2.3472,0.1703,0.0,0.003,0.0,0.0,0.0,False
17,134,8.8582,-1.4062,0.4365,0.0,0.0653,0.0,0.0,0.0,False
17,135,8.7926,-3.0233,0.0866,0.0,1.2627,0.0,0.0,0.0,False
17,136,8.7279,-0.8143,0.7889,0.0,1.4491,0.0,0.0,0.0,False
17,137,8.6642,-1.4453,0.4197,0.0,1.3567,0.0,0.0,0.0,False
17,138,8.6014,0.5226,3.0037,0.0023,0.2697,0.0,0.0046,0.0,False
17,139,8.5396,0.0752,1.9201,0.0,1.0231,0.0,0.0,0.0,False
17,140,8.4786,-1.1468,0.5658,0.0,1.1092,0.0,0.0,0.0,False
17,141,8.4184,1.3457,6.8406,0.9542,0.7751,0.9872,0.9444,0.951,True
17,142,8.3592,-0.254,1.3816,0.0,0.078,0.0,0.0,0.0,False
17,143,8.3007,-0.0259,1.7355,0.0,1.5403,0.0,0.0,0.0,False
17,144,8.2431,-1.7856,0.2987,0.0,0.8462,0.0,0.0,0.0,False
17,145,8.1862,0.0922,1.9532,0.0,0.0668,0.0,0.0,0.0,False
17,146,8.1301,-0.6346,0.9443,0.0023,0.0344,0.0,0.0046,0.0,False
17,147,8.0748,-0.8752,0.7423,0.0,0.3348,0.0,0.0,0.0,False
17,148,8.0203,0.0653,1.9013,0.0,0.4152,0.0,0.0,0.0,False
17,149,7.9664,0.3073,2.4217,0.0,0.8633,0.0,0.0,0.0,False
17,150,7.9133,0.0318,1.8386,0.0,0.7027,0.0,0.0,0.0,False
17,151,7.8609,-0.6705,0.9109,0.0,0.3078,0.0,0.0,0.0,False
17,152,7.8092,-2.9169,0.0964,0.0,0.4254,0.0,0.0,0.0,False
17,153,7.7582,0.1998,2.1749,0.0,0.2295,0.0,0.0,0.0,False
17,154,7.7078,-1.2878,0.4913,0.0,0.2357,0.0,0.0,0.0,False
17,155,7.6581,-0.3571,1.2462,0.0,1.7579,0.0,0.0,0.0,False
17,156,7.609,0.0878,1.9445,0.0,1.7947,0.0,0.0,0.0,False
17,157,7.5605,-0.8621,0.7521,0.0,0.3703,0.0,0.0,0.0,False
17,158,7.5127,0.0847,1.9384,0.0,3.8986,0.0,0.0,0.0,False
17,159,7.4654,-1.4162,0.4321,0.0,0.1621,0.0,0.0,0.0,False
17,160,7.4188,-0.9578,0.6834,0.0,1.1066,0.0,0.0,0.0,False
17,161,7.3727,-2.3288,0.1735,0.0,0.5081,0.0,0.0,0.0,False
17,162,7.3272,-1.2397,0.5155,0.0,0.0327,0.0,0.0,0.0,False
17,163,7.2822,-0.8684,0.7474,0.0,2.1487,0.0,0.0,0.0,False
17,164,7.2378,0.5016,2.9413,0.0,1.3932,0.0,0.0,0.0,False
17,165,7.1939,-0.082,1.6409,0.0,0.4932,0.0,0.0,0.0,False
17,166,7.1506,-1.2129,0.5296,0.0,1.7675,0.0,0.0,0.0,False
17,167,7.1078,0.5157,2.983,0.0,0.2263,0.0,0.0,0.0,False
17,168,7.0655,-0.1415,1.5461,0.0,1.3981,0.0,0.0,0.0,False
17,169,7.0237,-0.8111,0.7915,0.0,0.7885,0.0,0.0,0.0,False
17,170,6.9824,0.4652,2.8361,0.0046,0.6693,0.0,0.0046,0.007,False
17,171,6.9415,-1.2176,0.5271,0.0,0.429,0.0,0.0,0.0,False
17,172,6.9012,0.3475,2.5212,0.0023,1.0081,0.0,0.0,0.007,False
17,173,6.8613,0.8852,4.3164,0.087,0.0201,0.1026,0.0602,0.1189,False
17,174,6.8218,-1.3801,0.448,0.0,0.5344,0.0,0.0,0.0,False
17,175,6.7829,0.0467,1.8663,0.0,2.7578,0.0,0.0,0.0,False
17,176,6.7443,0.0469,1.8665,0.0023,0.007,0.0,0.0046,0.0,False
17,177,6.7062,-0.9532,0.6866,0.0,0.4586,0.0,0.0,0.0,False
17,178,6.6685,0.368,2.5733,0.0023,1.0756,0.0,0.0046,0.0,False
17,179,6.6313,-0.5233,1.0554,0.0,1.9052,0.0,0.0,0.0,False
17,180,6.5944,1.4053,7.2607,0.9565,0.2333,1.0,0.9444,0.951,True
17,181,6.558,-0.983,0.6665,0.0,0.0544,0.0,0.0,0.0,False
17,182,6.522,-0.6083,0.9694,0.0,0.1096,0.0,0.0,0.0,False
17,183,6.4863,1.7133,9.8802,0.9931,0.2618,1.0,0.9907,0.993,True
17,184,6.4511,0.3354,2.4909,0.0046,1.4936,0.0,0.0093,0.0,False
17,185,6.4162,-0.2699,1.3598,0.0,1.328,0.0,0.0,0.0,False
17,186,6.3817,-0.7165,0.87,0.0,0.0289,0.0,0.0,0.0,False
17,187,6.3476,-0.9662,0.6777,0.0,1.1424,0.0,0.0,0.0,False
17,188,6.3138,-2.9399,0.0942,0.0,2.9815,0.0,0.0,0.0,False
17,189,6.2804,0.1696,2.1103,0.0,0.1361,0.0,0.0,0.0,False
17,190,6.2474,-2.5557,0.1383,0.0,1.7326,0.0,0.0,0.0,False
17,191,6.2147,-0.4649,1.1189,0.0,0.5791,0.0,0.0,0.0,False
17,192,6.1823,0.3934,2.6397,0.0137,0.2321,0.0,0.0231,0.007,False
17,193,6.1503,-1.0536,0.621,0.0,0.5313,0.0,0.0,0.0,False
17,194,6.1186,0.1239,2.016,0.0069,1.0795,0.0,0.0093,0.007,False
17,195,6.0872,1.3497,6.8683,0.9405,0.0349,0.9744,0.9398,0.9231,True
17,196,6.0561,-1.2333,0.5189,0.0,0.6614,0.0,0.0,0.0,False
17,197,6.0254,-0.3487,1.2567,0.0,2.1731,0.0,0.0,0.0,False
17,198,5.9949,-0.1929,1.4686,0.0,0.3482,0.0,0.0,0.0,False
17,199,5.9648,-0.4345,1.1534,0.0,0.8469,0.0,0.0,0.0,False
17,200,5.935,-0.349,1.2563,0.0,0.1744,0.0,0.0,0.0,False
17,201,5.9055,-0.1675,1.5064,0.0,1.1879,0.0,0.0,0.0,False
17,202,5.8762,-0.5122,1.0672,0.0,0.1047,0.0,0.0,0.0,False
17,203,5.8473,-1.3392,0.4667,0.0,0.4972,0.0,0.0,0.0,False
17,204,5.8186,1.2909,6.4763,0.8467,1.4426,0.9615,0.8009,0.8531,False
17,205,5.7902,-0.6304,0.9482,0.0,0.9639,0.0,0.0,0.0,False
17,206,5.7621,-0.4571,1.1276,0.0,0.1868,0.0,0.0,0.0,False
17,207,5.7343,-0.579,0.9982,0.0,1.5888,0.0,0.0,0.0,False
17,208,5.7067,0.7702,3.8475,0.0481,1.3259,0.0,0.037,0.0909,False
17,209,5.6794,0.7158,3.6439,0.0275,1.3892,0.0256,0.0185,0.042,False
17,210,5.6524,-0.1049,1.6037,0.0,1.5433,0.0,0.0,0.0,False
17,211,5.6256,0.7726,3.8566,0.0229,0.2668,0.0128,0.0417,0.0,False
17,212,5.5991,-0.2137,1.4383,0.0,0.2993,0.0,0.0,0.0,False
17,213,5.5728,-1.5447,0.3801,0.0,0.1912,0.0,0.0,0.0,False
17,214,5.5467,0.2272,2.2354,0.0023,0.305,0.0,0.0046,0.0,False
17,215,5.5209,-2.1467,0.2082,0.0,0.6559,0.0,0.0,0.0,False
17,216,5.4954,-3.0341,0.0857,0.0,0.823,0.0,0.0,0.0,False
17,217,5.47,-0.5475,1.0301,0.0,2.436,0.0,0.0,0.0,False
17,218,5.445,0.3381,2.4975,0.0,0.6404,0.0,0.0,0.0,False
17,219,5.4201,-0.1319,1.561,0.0,2.8949,0.0,0.0,0.0,False
17,220,5.3955,0.7646,3.8262,0.032,1.0403,0.0,0.037,0.042,False
17,221,5.371,-2.3262,0.1739,0.0,1.0449,0.0,0.0,0.0,False
17,222,5.3468,0.0766,1.9228,0.0,0.5043,0.0,0.0,0.0,False
17,223,5.3229,-1.6869,0.3297,0.0,0.5663,0.0,0.0,0.0,False
17,224,5.2991,-1.1477,0.5652,0.0,2.6948,0.0,0.0,0.0,False
17,225,5.2756,-1.1365,0.5716,0.0,2.7166,0.0,0.0,0.0,False
17,226,5.2522,-1.4419,0.4212,0.0,0.3217,0.0,0.0,0.0,False
17,227,5.2291,0.2634,2.3177,0.0,0.2175,0.0,0.0,0.0,False
17,228,5.2061,-0.2047,1.4514,0.0,0.2512,0.0,0.0,0.0,False
17,229,5.1834,-1.8511,0.2798,0.0,0.1982,0.0,0.0,0.0,False
17,230,5.1609,-3.2843,0.0667,0.0,3.0768,0.0,0.0,0.0,False
17,231,5.1385,-0.3651,1.2363,0.0,0.1274,0.0,0.0,0.0,False
17,232,5.1164,-1.7537,0.3083,0.0,0.3682,0.0,0.0,0.0,False
17,233,5.0944,-0.8103,0.7921,0.0,1.4212,0.0,0.0,0.0,False
17,234,5.0726,-0.0615,1.6748,0.0,1.0396,0.0,0.0,0.0,False
17,235,5.0511,-2.5577,0.138,0.0,0.3227,0.0,0.0,0.0,False
17,236,5.0297,0.1844,2.1417,0.0023,1.1203,0.0,0.0046,0.0,False
17,237,5.0084,-0.5566,1.0208,0.0,0.1992,0.0,0.0,0.0,False
17,238,4.9874,-2.0489,0.2295,0.0,1.213,0.0,0.0,0.0,False
17,239,4.9665,0.1328,2.0341,0.0,1.9617,0.0,0.0,0.0,False
17,240,4.9458,-1.5434,0.3805,0.0,0.7939,0.0,0.0,0.0,False
17,241,4.9253,-1.9051,0.265,0.0,1.0887,0.0,0.0,0.0,False
17,242,4.905,-2.93,0.0951,0.0,0.553,0.0,0.0,0.0,False
17,243,4.8848,-0.6087,0.969,0.0,0.085,0.0,0.0,0.0,False
17,244,4.8648,-0.1125,1.5916,0.0,2.3636,0.0,0.0,0.0,False
17,245,4.8449,-2.2422,0.1892,0.0,0.6305,0.0,0.0,0.0,False
17,246,4.8252,-1.3446,0.4642,0.0,0.6054,0.0,0.0,0.0,False
17,247,4.8057,1.0794,5.2414,0.476,0.0916,0.5256,0.4722,0.4545,False
17,248,4.7863,-0.7834,0.8137,0.0,0.5628,0.0,0.0,0.0,False
17,249,4.7671,-3.4393,0.0571,0.0,0.1866,0.0,0.0,0.0,False
17,250,4.748,1.1477,5.612,0.6613,0.424,0.7564,0.6204,0.6713,False
17,251,4.7291,0.2174,2.2137,0.0,0.388,0.0,0.0,0.0,False
17,252,4.7103,-0.2684,1.3618,0.0,0.3956,0.0,0.0,0.0,False
17,253,4.6917,0.4269,2.7294,0.0,0.1025,0.0,0.0,0.0,False
17,254,4.6732,0.757,3.797,0.0801,1.2569,0.0,0.125,0.0559,False
17,255,4.6549,-0.1397,1.5488,0.0,0.0403,0.0,0.0,0.0,False
17,256,4.6367,-2.5303,0.1418,0.0,0.5812,0.0,0.0,0.0,False
17,257,4.6187,-1.9657,0.2495,0.0,2.5754,0.0,0.0,0.0,False
17,258,4.6008,0.6669,3.47,0.032,1.2723,0.0385,0.037,0.021,False
17,259,4.583,-0.228,1.4179,0.0,1.3974,0.0,0.0,0.0,False
17,260,4.5654,-0.6509,0.929,0.0,0.5471,0.0,0.0,0.0,False
17,261,4.5479,-0.2358,1.4069,0.0,0.5887,0.0,0.0,0.0,False
17,262,4.5305,-1.1636,0.5563,0.0,0.533,0.0,0.0,0.0,False
17,263,4.5133,0.6609,3.4491,0.0435,2.1035,0.0,0.037,0.0769,False
17,264,4.4962,-0.0249,1.7372,0.0,1.383,0.0,0.0,0.0,False
17,265,4.4792,0.472,2.8553,0.0069,0.7991,0.0,0.0,0.021,False
17,266,4.4624,-2.6562,0.1251,0.0,0.6965,0.0,0.0,0.0,False
17,267,4.4457,-1.4191,0.4309,0.0,0.8928,0.0,0.0,0.0,False
17,268,4.4291,-2.2377,0.1901,0.0,1.1761,0.0,0.0,0.0,False
17,269,4.4126,0.9226,4.4808,0.1579,0.3202,0.0897,0.1898,0.1469,False
17,270,4.3963,1.1774,5.7812,0.7208,0.7893,0.8077,0.6898,0.7203,False
17,271,4.3801,-0.2321,1.4121,0.0,0.8183,0.0,0.0,0.0,False
17,272,4.364,0.7681,3.8394,0.1007,1.1522,0.0256,0.1157,0.1189,False
17,273,4.348,0.431,2.7407,0.0,0.6735,0.0,0.0,0.0,False
17,274,4.3321,1.2789,6.3987,0.8627,0.557,0.9359,0.8565,0.8322,False
17,275,4.3164,-0.364,1.2376,0.0,0.6764,0.0,0.0,0.0,False
17,276,4.3007,0.4764,2.8679,0.0114,1.9389,0.0128,0.0139,0.007,False
17,277,4.2852,-0.3444,1.2622,0.0,1.1468,0.0,0.0,0.0,False
17,278,4.2698,-1.7777,0.301,0.0,0.1155,0.0,0.0,0.0,False
17,279,4.2545,-2.6728,0.123,0.0,0.0007,0.0,0.0,0.0,False
17,280,4.2393,-2.2227,0.1929,0.0,0.2403,0.0,0.0,0.0,False
17,281,4.2242,-2.324,0.1743,0.0,0.0989,0.0,0.0,0.0,False
17,282,4.2092,-0.461,1.1232,0.0,2.243,0.0,0.0,0.0,False
17,283,4.1943,0.4556,2.809,0.0023,0.6829,0.0,0.0046,0.0,False
17,284,4.1796,-2.4936,0.1471,0.0,1.4102,0.0,0.0,0.0,False
17,285,4.1649,-0.0149,1.7547,0.0,0.0762,0.0,0.0,0.0,False
17,286,4.1503,0.4391,2.763,0.0,1.4451,0.0,0.0,0.0,False
17,287,4.1359,1.1364,5.549,0.6201,0.6317,0.7051,0.5463,0.6853,False
17,288,4.1215,-0.5099,1.0696,0.0,0.1488,0.0,0.0,0.0,False
17,289,4.1073,-1.3126,0.4793,0.0,0.1213,0.0,0.0,0.0,False
17,290,4.0931,-1.5434,0.3806,0.0,0.1436,0.0,0.0,0.0,False
17,291,4.079,1.248,6.2043,0.8558,0.1229,0.9231,0.8565,0.8182,False
17,292,4.0651,-3.0539,0.084,0.0,1.0296,0.0,0.0,0.0,False
17,293,4.0512,-0.9051,0.7204,0.0,0.6625,0.0,0.0,0.0,False
17,294,4.0374,0.1682,2.1072,0.0,0.3337,0.0,0.0,0.0,False
17,295,4.0237,-2.9099,0.097,0.0,0.0016,0.0,0.0,0.0,False
17,296,4.0101,-3.1362,0.0774,0.0,2.8204,0.0,0.0,0.0,False
17,297,3.9966,-1.5121,0.3926,0.0,2.4001,0.0,0.0,0.0,False
17,298,3.9832,-0.1294,1.5649,0.0,0.2418,0.0,0.0,0.0,False
17,299,3.9699,-1.0312,0.6351,0.0,0.2758,0.0,0.0,0.0,False
17,300,3.9567,-0.4402,1.1469,0.0,0.1254,0.0,0.0,0.0,False
17,301,3.9435,0.4654,2.8367,0.0,3.5878,0.0,0.0,0.0,False
17,302,3.9305,-1.1741,0.5505,0.0,1.9393,0.0,0.0,0.0,False
17,303,3.9175,-1.1452,0.5667,0.0,0.4074,0.0,0.0,0.0,False
17,304,3.9046,-0.1716,1.5003,0.0,1.4765,0.0,0.0,0.0,False
17,305,3.8918,-2.8498,0.103,0.0,0.7771,0.0,0.0,0.0,False
17,306,3.8791,-0.577,1.0002,0.0,0.3891,0.0,0.0,0.0,False
17,307,3.8664,-0.5718,1.0055,0.0,0.2268,0.0,0.0,0.0,False
17,308,3.8539,-1.3723,0.4515,0.0,0.8992,0.0,0.0,0.0,False
17,309,3.8414,0.2642,2.3196,0.0,0.4826,0.0,0.0,0.0,False
17,310,3.829,-1.6977,0.3261,0.0,1.2505,0.0,0.0,0.0,False
17,311,3.8167,-0.7118,0.874,0.0,1.5076,0.0,0.0,0.0,False
17,312,3.8045,-0.5748,1.0024,0.0,1.827,0.0,0.0,0.0,False
17,313,3.7923,-2.4385,0.1555,0.0,0.3537,0.0,0.0,0.0,False
17,314,3.7803,-0.5854,0.9919,0.0,2.4598,0.0,0.0,0.0,False
17,315,3.7683,-1.709,0.3225,0.0,0.0242,0.0,0.0,0.0,False
17,316,3.7563,0.2355,2.2541,0.0,0.8829,0.0,0.0,0.0,False
17,317,3.7445,1.6007,8.8277,0.9908,0.1233,1.0,0.9815,1.0,True
17,318,3.7327,-0.2508,1.3859,0.0,1.0734,0.0,0.0,0.0,False
17,319,3.721,-0.9322,0.7012,0.0,0.2888,0.0,0.0,0.0,False
17,320,3.7094,0.421,2.7135,0.0,0.9186,0.0,0.0,0.0,False
17,321,3.6978,0.981,4.7504,0.2563,0.3846,0.2564,0.2315,0.2937,False
17,322,3.6863,-1.5149,0.3915,0.0,0.2785,0.0,0.0,0.0,False
17,323,3.6749,0.9569,4.637,0.2586,0.7189,0.1923,0.2454,0.3147,False
17,324,3.6636,-1.3713,0.452,0.0,0.812,0.0,0.0,0.0,False
17,325,3.6523,-1.677,0.3329,0.0,0.1797,0.0,0.0,0.0,False
17,326,3.6411,-0.0024,1.7767,0.0,0.4462,0.0,0.0,0.0,False
17,327,3.63,-0.4272,1.1618,0.0,1.6106,0.0,0.0,0.0,False
17,328,3.6189,1.1216,5.4672,0.5584,0.1291,0.6538,0.5231,0.5594,False
17,329,3.6079,0.0404,1.8546,0.0,0.8267,0.0,0.0,0.0,False
17,330,3.597,-1.1203,0.581,0.0,0.2224,0.0,0.0,0.0,False
17,331,3.5861,-3.3119,0.0649,0.0,0.9256,0.0,0.0,0.0,False
17,332,3.5753,-0.5063,1.0735,0.0,1.2678,0.0,0.0,0.0,False
17,333,3.5646,-1.324,0.4739,0.0,0.2066,0.0,0.0,0.0,False
17,334,3.5539,0.3932,2.639,0.0,2.219,0.0,0.0,0.0,False
17,335,3.5433,-0.694,0.8898,0.0,0.265,0.0,0.0,0.0,False
17,336,3.5327,-1.3274,0.4723,0.0,1.6167,0.0,0.0,0.0,False
17,337,3.5223,0.1685,2.1079,0.0,1.7866,0.0,0.0,0.0,False
17,338,3.5118,-1.6082,0.3567,0.0,3.8124,0.0,0.0,0.0,False
17,339,3.5015,-0.5931,0.9842,0.0,0.2007,0.0,0.0,0.0,False
17,340,3.4912,-0.3643,1.2372,0.0,0.1654,0.0,0.0,0.0,False
17,341,3.4809,-0.1257,1.5707,0.0,0.2541,0.0,0.0,0.0,False
17,342,3.4708,-0.175,1.4952,0.0,1.6768,0.0,0.0,0.0,False
17,343,3.4606,-0.5724,1.0048,0.0,0.0706,0.0,0.0,0.0,False
17,344,3.4506,-2.476,0.1498,0.0,0.715,0.0,0.0,0.0,False
17,345,3.4406,-2.8965,0.0983,0.0,1.6234,0.0,0.0,0.0,False
17,346,3.4306,-1.0565,0.6193,0.0,0.9032,0.0,0.0,0.0,False
17,347,3.4207,-0.077,1.6491,0.0,1.0245,0.0,0.0,0.0,False
17,348,3.4109,-0.6354,0.9434,0.0,0.125,0.0,0.0,0.0,False
17,349,3.4011,-0.8457,0.7645,0.0,0.9431,0.0,0.0,0.0,False
17,350,3.3914,-0.2868,1.337,0.0,0.7507,0.0,0.0,0.0,False
17,351,3.3818,-0.1435,1.543,0.0,0.7405,0.0,0.0,0.0,False
17,352,3.3722,-2.7403,0.115,0.0,0.0634,0.0,0.0,0.0,False
17,353,3.3626,-0.0045,1.7731,0.0023,1.0087,0.0,0.0,0.007,False
17,354,3.3531,0.7978,3.955,0.0755,0.0965,0.0256,0.0926,0.0769,False
17,355,3.3437,0.0658,1.9023,0.0,4.6305,0.0,0.0,0.0,False
17,356,3.3343,-1.417,0.4318,0.0,0.2186,0.0,0.0,0.0,False
17,357,3.3249,-0.1375,1.5523,0.0,0.6763,0.0,0.0,0.0,False
17,358,3.3156,-0.0961,1.6178,0.0,0.5443,0.0,0.0,0.0,False
17,359,3.3064,-0.0765,1.6499,0.0,2.8479,0.0,0.0,0.0,False
17,360,3.2972,0.775,3.866,0.0915,1.666,0.0256,0.0972,0.1189,False
17,361,3.2881,-1.1071,0.5887,0.0,0.9232,0.0,0.0,0.0,False
17,362,3.279,-0.9147,0.7136,0.0,1.6543,0.0,0.0,0.0,False
17,363,3.27,-0.8411,0.7681,0.0,1.7198,0.0,0.0,0.0,False
17,364,3.261,0.8557,4.1909,0.1304,2.9408,0.1538,0.1343,0.1119,False
17,365,3.2521,-2.0271,0.2346,0.0,2.0739,0.0,0.0,0.0,False
17,366,3.2432,-1.2104,0.5309,0.0,0.3065,0.0,0.0,0.0,False
17,367,3.2343,0.6795,3.5139,0.0549,0.0507,0.0,0.0741,0.0559,False
17,368,3.2255,0.0485,1.8695,0.0,0.0939,0.0,0.0,0.0,False
17,369,3.2168,-2.0438,0.2307,0.0,0.142,0.0,0.0,0.0,False
17,370,3.2081,-1.834,0.2846,0.0,1.0225,0.0,0.0,0.0,False
17,371,3.1995,-0.1362,1.5543,0.0,0.5964,0.0,0.0,0.0,False
17,372,3.1909,-1.6093,0.3563,0.0,1.0777,0.0,0.0,0.0,False
17,373,3.1823,0.3081,2.4237,0.0,0.1458,0.0,0.0,0.0,False
17,374,3.1738,-0.2911,1.3312,0.0,1.775,0.0,0.0,0.0,False
17,375,3.1653,-0.9806,0.6681,0.0,1.0417,0.0,0.0,0.0,False
17,376,3.1569,-1.5742,0.369,0.0,1.2246,0.0,0.0,0.0,False
17,377,3.1485,0.6829,3.5259,0.016,2.1536,0.0128,0.0231,0.007,False
17,378,3.1402,-1.1364,0.5717,0.0,0.4606,0.0,0.0,0.0,False
17,379,3.1319,-0.3435,1.2632,0.0,2.0211,0.0,0.0,0.0,False
17,380,3.1237,0.5796,3.1799,0.0092,0.2138,0.0128,0.0046,0.014,False
17,381,3.1155,0.3145,2.4393,0.0,2.6969,0.0,0.0,0.0,False
17,382,3.1073,-0.7569,0.8355,0.0,0.38,0.0,0.0,0.0,False
17,383,3.0992,0.5761,3.1686,0.0046,1.1048,0.0128,0.0046,0.0,False
17,384,3.0911,-0.6705,0.9109,0.0,0.0402,0.0,0.0,0.0,False
17,385,3.0831,-0.9899,0.6619,0.0,1.7695,0.0,0.0,0.0,False
17,386,3.0751,0.5035,2.9469,0.0137,0.6592,0.0,0.0185,0.014,False
17,387,3.0672,-0.7373,0.852,0.0,0.1594,0.0,0.0,0.0,False
17,388,3.0593,-2.4096,0.16,0.0,0.2113,0.0,0.0,0.0,False
17,389,3.0514,-3.3193,0.0644,0.0,1.2407,0.0,0.0,0.0,False
17,390,3.0436,-1.3164,0.4775,0.0,1.5266,0.0,0.0,0.0,False
17,391,3.0358,0.4613,2.825,0.0,0.5066,0.0,0.0,0.0,False
17,392,3.0281,-0.3258,1.2858,0.0,1.1619,0.0,0.0,0.0,False
17,393,3.0204,-0.5953,0.982,0.0,0.6642,0.0,0.0,0.0,False
17,394,3.0127,-0.2626,1.3698,0.0,0.0861,0.0,0.0,0.0,False
17,395,3.0051,-2.3357,0.1723,0.0,4.2077,0.0,0.0,0.0,False
17,396,2.9975,-0.7351,0.8539,0.0,0.353,0.0,0.0,0.0,False
17,397,2.9899,-0.8871,0.7335,0.0,3.3438,0.0,0.0,0.0,False
17,398,2.9824,-3.0693,0.0827,0.0,0.4324,0.0,0.0,0.0,False
17,399,2.9749,-1.7346,0.3143,0.0,0.1841,0.0,0.0,0.0,False
17,400,2.9675,-0.5071,1.0727,0.0,0.0705,0.0,0.0,0.0,False
17,401,2.9601,1.5164,8.1139,0.9977,0.3118,1.0,0.9954,1.0,True
17,402,2.9527,0.8333,4.0981,0.0778,3.1229,0.0513,0.0926,0.0699,False
17,403,2.9454,0.737,3.7219,0.0412,0.5775,0.0128,0.0648,0.021,False
17,404,2.9381,0.593,3.2227,0.0297,0.5595,0.0,0.0509,0.014,False
17,405,2.9309,0.6872,3.5411,0.0252,1.0527,0.0,0.0231,0.042,False
17,406,2.9236,0.8808,4.2973,0.0847,2.3,0.0769,0.0833,0.0909,False
17,407,2.9165,-1.6286,0.3495,0.0,0.5185,0.0,0.0,0.0,False
17,408,2.9093,0.1888,2.1512,0.0,0.5395,0.0,0.0,0.0,False
17,409,2.9022,-1.0125,0.6471,0.0,0.4156,0.0,0.0,0.0,False
17,410,2.8951,0.4084,2.6796,0.0023,0.2695,0.0,0.0046,0.0,False
17,411,2.8881,-0.3556,1.2481,0.0,0.196,0.0,0.0,0.0,False
17,412,2.8811,-0.865,0.7499,0.0,1.8678,0.0,0.0,0.0,False
17,413,2.8741,-0.416,1.1749,0.0,1.1468,0.0,0.0,0.0,False
17,414,2.8671,0.9457,4.5857,0.2014,2.0293,0.1923,0.2269,0.1678,False
17,415,2.8602,0.2668,2.3257,0.0023,0.6607,0.0,0.0046,0.0,False
17,416,2.8534,0.3666,2.5698,0.0,0.4729,0.0,0.0,0.0,False
17,417,2.8465,-2.1455,0.2084,0.0,0.4941,0.0,0.0,0.0,False
17,418,2.8397,0.1438,2.0564,0.0,0.7114,0.0,0.0,0.0,False
17,419,2.8329,-1.8976,0.267,0.0,4.9284,0.0,0.0,0.0,False
17,420,2.8262,-1.5191,0.3899,0.0,0.4473,0.0,0.0,0.0,False
17,421,2.8195,-0.2734,1.355,0.0,1.2429,0.0,0.0,0.0,False
17,422,2.8128,-1.7638,0.3053,0.0,2.0495,0.0,0.0,0.0,False
17,423,2.8061,-3.4376,0.0572,0.0,0.398,0.0,0.0,0.0,False
17,424,2.7995,0.0681,1.9066,0.0,0.9397,0.0,0.0,0.0,False
17,425,2.7929,0.8398,4.1248,0.0801,4.8924,0.0256,0.1019,0.0769,False
17,426,2.7864,0.1035,1.9752,0.0,0.666,0.0,0.0,0.0,False
17,427,2.7799,-0.1168,1.5847,0.0,1.1517,0.0,0.0,0.0,False
17,428,2.7734,-1.818,0.2892,0.0,0.991,0.0,0.0,0.0,False
17,429,2.7669,0.544,3.0686,0.0275,1.8475,0.0,0.0509,0.007,False
17,430,2.7605,0.2577,2.3046,0.0046,0.7643,0.0,0.0046,0.007,False
17,431,2.7541,-1.7584,0.3069,0.0,0.3229,0.0,0.0,0.0,False
17,432,2.7477,-0.21,1.4437,0.0,1.9276,0.0,0.0,0.0,False
17,433,2.7413,-0.7762,0.8195,0.0,1.1435,0.0,0.0,0.0,False
17,434,2.735,-1.0529,0.6215,0.0,0.4156,0.0,0.0,0.0,False
17,435,2.7287,0.0701,1.9104,0.0,0.9893,0.0,0.0,0.0,False
17,436,2.7225,0.937,4.546,0.2334,0.4309,0.1538,0.2454,0.2587,False
17,437,2.7162,0.769,3.8428,0.0641,0.3994,0.0256,0.0694,0.0769,False
17,438,2.71,-1.4105,0.4346,0.0,0.2464,0.0,0.0,0.0,False
17,439,2.7039,-0.2338,1.4097,0.0,0.0327,0.0,0.0,0.0,False
17,440,2.6977,-1.2283,0.5215,0.0,0.0619,0.0,0.0,0.0,False
17,441,2.6916,-0.4133,1.1781,0.0,2.2,0.0,0.0,0.0,False
17,442,2.6855,-0.2583,1.3757,0.0,0.9154,0.0,0.0,0.0,False
17,443,2.6795,0.3661,2.5686,0.0,0.3245,0.0,0.0,0.0,False
17,444,2.6734,-0.5619,1.0155,0.0,1.2618,0.0,0.0,0.0,False
17,445,2.6674,0.414,2.6945,0.0,0.4637,0.0,0.0,0.0,False
17,446,2.6614,-2.1567,0.2061,0.0,1.6805,0.0,0.0,0.0,False
17,447,2.6555,-1.6757,0.3334,0.0,0.7437,0.0,0.0,0.0,False
17,448,2.6496,1.0212,4.9454,0.3867,0.0504,0.3974,0.4074,0.3497,False
17,449,2.6437,-2.1281,0.2121,0.0,0.4724,0.0,0.0,0.0,False
17,450,2.6378,0.1374,2.0434,0.0023,0.7788,0.0,0.0,0.007,False
17,451,2.6319,-0.0945,1.6204,0.0,0.1098,0.0,0.0,0.0,False
17,452,2.6261,0.0879,1.9448,0.0,1.3517,0.0,0.0,0.0,False
17,453,2.6203,-1.178,0.5484,0.0,3.7178,0.0,0.0,0.0,False
17,454,2.6145,-0.1576,1.5214,0.0,1.3789,0.0,0.0,0.0,False
17,455,2.6088,-0.5622,1.0151,0.0,0.4863,0.0,0.0,0.0,False
17,456,2.6031,0.6372,3.3685,0.0206,0.6416,0.0128,0.0231,0.021,False
17,457,2.5974,-0.1552,1.525,0.0,1.0005,0.0,0.0,0.0,False
17,458,2.5917,0.4829,2.8868,0.0229,0.3211,0.0128,0.0324,0.014,False
17,459,2.5861,-1.6726,0.3344,0.0,1.6478,0.0,0.0,0.0,False
17,460,2.5804,-1.9833,0.2451,0.0,4.302,0.0,0.0,0.0,False
17,461,2.5748,0.4732,2.8587,0.0046,1.6689,0.0,0.0046,0.007,False
17,462,2.5693,-1.3786,0.4487,0.0,0.3103,0.0,0.0,0.0,False
17,463,2.5637,-1.4931,0.4002,0.0,1.4137,0.0,0.0,0.0,False
17,464,2.5582,-0.2377,1.4042,0.0023,0.4751,0.0,0.0046,0.0,False
17,465,2.5527,0.8374,4.1148,0.1144,0.3486,0.0897,0.0972,0.1538,False
17,466,2.5472,-0.5044,1.0755,0.0,0.1985,0.0,0.0,0.0,False
17,467,2.5418,-1.0456,0.626,0.0,2.0864,0.0,0.0,0.0,False
17,468,2.5363,-0.1533,1.5279,0.0,0.6326,0.0,0.0,0.0,False
17,469,2.5309,-1.4539,0.4162,0.0,0.7627,0.0,0.0,0.0,False
17,470,2.5255,-2.1778,0.2018,0.0,0.8057,0.0,0.0,0.0,False
17,471,2.5202,1.2507,6.2209,0.8055,1.7504,0.8846,0.7685,0.8182,False
17,472,2.5148,-2.5956,0.1329,0.0,0.788,0.0,0.0,0.0,False
17,473,2.5095,-1.3344,0.469,0.0,0.1851,0.0,0.0,0.0,False
17,474,2.5042,-0.142,1.5453,0.0,0.0106,0.0,0.0,0.0,False
17,475,2.4989,0.3771,2.597,0.0,0.1949,0.0,0.0,0.0,False
17,476,2.4937,0.1279,2.0241,0.0,1.3079,0.0,0.0,0.0,False
17,477,2.4885,-3.0835,0.0816,0.0,0.2385,0.0,0.0,0.0,False
17,478,2.4833,0.1805,2.1333,0.0,0.4538,0.0,0.0,0.0,False
17,479,2.4781,-0.1107,1.5945,0.0,0.1274,0.0,0.0,0.0,False
17,480,2.4729,0.4402,2.766,0.0,0.0583,0.0,0.0,0.0,False
17,481,2.4678,0.7906,3.9269,0.0458,1.1355,0.0513,0.0278,0.0699,False
17,482,2.4627,-1.318,0.4767,0.0,0.4622,0.0,0.0,0.0,False
17,483,2.4576,-1.5074,0.3945,0.0,1.7975,0.0,0.0,0.0,False
17,484,2.4525,0.5394,3.0545,0.0092,0.8636,0.0,0.0185,0.0,False
17,485,2.4474,-0.8046,0.7966,0.0,1.2383,0.0,0.0,0.0,False
17,486,2.4424,-0.0836,1.6383,0.0,0.5025,0.0,0.0,0.0,False
17,487,2.4374,-1.8587,0.2776,0.0,2.8602,0.0,0.0,0.0,False
17,488,2.4324,0.3713,2.5819,0.0023,1.8359,0.0,0.0046,0.0,False
17,489,2.4274,-2.6173,0.13,0.0,0.2652,0.0,0.0,0.0,False
17,490,2.4224,0.7338,3.7101,0.0366,0.7144,0.0256,0.037,0.042,False
17,491,2.4175,-2.2795,0.1823,0.0,0.4068,0.0,0.0,0.0,False
17,492,2.4126,-0.1729,1.4983,0.0,1.3771,0.0,0.0,0.0,False
17,493,2.4077,-0.5767,1.0005,0.0,4.2076,0.0,0.0,0.0,False
17,494,2.4028,-0.1374,1.5525,0.0,0.6096,0.0,0.0,0.0,False
17,495,2.398,0.2129,2.2036,0.0023,0.0051,0.0128,0.0,0.0,False
17,496,2.3931,-2.9866,0.0899,0.0,0.9867,0.0,0.0,0.0,False
17,497,2.3883,0.4828,2.8864,0.0,0.0448,0.0,0.0,0.0,False
17,498,2.3835,-2.2057,0.1962,0.0,0.8998,0.0,0.0,0.0,False
17,499,2.3788,-0.4896,1.0915,0.0,1.1681,0.0,0.0,0.0,False
17,500,2.374,-1.6604,0.3385,0.0,0.1337,0.0,0.0,0.0,False
17,501,2.3693,0.6675,3.4721,0.0526,1.8308,0.0256,0.0509,0.0699,False
17,502,2.3645,-0.4875,1.0939,0.0,0.2818,0.0,0.0,0.0,False
17,503,2.3598,-1.0618,0.616,0.0,0.7984,0.0,0.0,0.0,False
17,504,2.3552,-1.4509,0.4174,0.0,2.1833,0.0,0.0,0.0,False
17,505,2.3505,-2.2467,0.1883,0.0,0.8716,0.0,0.0,0.0,False
17,506,2.3458,-0.0409,1.7097,0.0,1.922,0.0,0.0,0.0,False
17,507,2.3412,0.3561,2.5428,0.0023,0.8249,0.0,0.0,0.007,False
17,508,2.3366,-1.0571,0.6189,0.0,1.9189,0.0,0.0,0.0,False
17,509,2.332,-2.8218,0.106,0.0,0.0834,0.0,0.0,0.0,False
17,510,2.3275,-1.0302,0.6357,0.0,1.9286,0.0,0.0,0.0,False
17,511,2.3229,0.6256,3.3296,0.0069,1.8221,0.0,0.0093,0.007,False
17,512,2.3184,-0.2068,1.4483,0.0,0.7566,0.0,0.0,0.0,False
17,513,2.3138,-0.6873,0.8958,0.0,0.6877,0.0,0.0,0.0,False
17,514,2.3093,-1.8988,0.2667,0.0,1.0087,0.0,0.0,0.0,False
17,515,2.3049,0.0889,1.9467,0.0046,0.6645,0.0,0.0093,0.0,False
17,516,2.3004,-0.2335,1.4102,0.0,1.3158,0.0,0.0,0.0,False
17,517,2.2959,-0.3691,1.2314,0.0,0.4381,0.0,0.0,0.0,False
17,518,2.2915,-0.2753,1.3524,0.0,0.8029,0.0,0.0,0.0,False
17,519,2.2871,-1.1326,0.5739,0.0,0.5894,0.0,0.0,0.0,False
17,520,2.2827,-0.6867,0.8963,0.0,0.4385,0.0,0.0,0.0,False
17,521,2.2783,0.3408,2.5042,0.0046,1.9061,0.0128,0.0046,0.0,False
17,522,2.2739,0.7114,3.6279,0.0183,2.1025,0.0,0.0093,0.042,False
17,523,2.2696,-0.5161,1.0631,0.0,1.0608,0.0,0.0,0.0,False
17,524,2.2653,-0.1444,1.5416,0.0,0.4916,0.0,0.0,0.0,False
17,525,2.261,-1.8679,0.2751,0.0,3.3924,0.0,0.0,0.0,False
17,526,2.2567,0.0242,1.8247,0.0,1.5208,0.0,0.0,0.0,False
17,527,2.2524,-0.4842,1.0975,0.0,0.3521,0.0,0.0,0.0,False
17,528,2.2481,0.3212,2.4557,0.0023,5.6776,0.0,0.0046,0.0,False
17,529,2.2439,-1.8278,0.2863,0.0,0.1439,0.0,0.0,0.0,False
17,530,2.2396,-0.3895,1.2065,0.0,0.6673,0.0,0.0,0.0,False
17,531,2.2354,0.2375,2.2585,0.0046,0.8873,0.0,0.0046,0.007,False
17,532,2.2312,-2.0076,0.2392,0.0,0.2417,0.0,0.0,0.0,False
17,533,2.227,-0.1534,1.5278,0.0,0.5797,0.0,0.0,0.0,False
17,534,2.2228,0.1083,1.9848,0.0,1.456,0.0,0.0,0.0,False
17,535,2.2187,-0.4513,1.1342,0.0,2.6009,0.0,0.0,0.0,False
17,536,2.2146,0.6891,3.5477,0.0458,0.6151,0.0256,0.0602,0.035,False
17,537,2.2104,-2.6513,0.1257,0.0,1.4215,0.0,0.0,0.0,False
17,538,2.2063,-0.1685,1.5048,0.0,0.942,0.0,0.0,0.0,False
17,539,2.2022,0.3776,2.5981,0.0,1.9869,0.0,0.0,0.0,False
17,540,2.1981,-1.7564,0.3075,0.0,1.0439,0.0,0.0,0.0,False
17,541,2.1941,0.5107,2.9682,0.0,0.1712,0.0,0.0,0.0,False
17,542,2.19,-0.1904,1.4723,0.0,0.234,0.0,0.0,0.0,False
17,543,2.186,0.4861,2.8961,0.032,0.626,0.0,0.0509,0.021,False
17,544,2.182,-0.3293,1.2814,0.0,0.9313,0.0,0.0,0.0,False
17,545,2.178,0.2647,2.3208,0.0,0.2205,0.0,0.0,0.0,False
17,546,2.174,-0.4649,1.1188,0.0,2.7088,0.0,0.0,0.0,False
17,547,2.17,-0.2131,1.4392,0.0,0.1899,0.0,0.0,0.0,False
17,548,2.1661,1.5852,8.6922,0.9931,0.4474,1.0,1.0,0.979,True
17,549,2.1621,0.2519,2.2912,0.0,1.0638,0.0,0.0,0.0,False
17,550,2.1582,0.8013,3.9692,0.0481,0.8636,0.0128,0.0509,0.0629,False
17,551,2.1543,-3.0999,0.0802,0.0,0.6054,0.0,0.0,0.0,False
17,552,2.1504,0.2274,2.2359,0.0,0.9935,0.0,0.0,0.0,False
17,553,2.1465,0.2413,2.2671,0.0,0.1441,0.0,0.0,0.0,False
17,554,2.1426,-0.4386,1.1486,0.0,0.6816,0.0,0.0,0.0,False
17,555,2.1387,0.1509,2.0711,0.0,0.6362,0.0,0.0,0.0,False
17,556,2.1349,-0.282,1.3434,0.0023,2.0895,0.0,0.0046,0.0,False
17,557,2.1311,1.5232,8.1699,0.9863,1.3105,1.0,0.9769,0.993,True
17,558,2.1272,0.0332,1.8412,0.0023,3.7087,0.0,0.0046,0.0,False
17,559,2.1234,-1.7482,0.3101,0.0,0.719,0.0,0.0,0.0,False
17,560,2.1196,1.2725,6.3582,0.849,2.6169,0.9744,0.7731,0.8951,False
17,561,2.1159,-0.1909,1.4715,0.0,0.1849,0.0,0.0,0.0,False
17,562,2.1121,-1.1434,0.5677,0.0,1.2254,0.0,0.0,0.0,False
17,563,2.1083,0.8066,3.99,0.0938,0.3748,0.0641,0.088,0.1189,False
17,564,2.1046,-0.2927,1.3292,0.0,4.4085,0.0,0.0,0.0,False
17,565,2.1009,-0.1155,1.5868,0.0,1.4216,0.0,0.0,0.0,False
17,566,2.0972,-0.103,1.6067,0.0,0.2095,0.0,0.0,0.0,False
17,567,2.0935,-0.4021,1.1913,0.0,2.7723,0.0,0.0,0.0,False
17,568,2.0898,1.8011,10.7864,0.9954,0.0814,1.0,0.9907,1.0,True
17,569,2.0861,0.6167,3.3001,0.0252,2.8775,0.0128,0.0185,0.042,False
17,570,2.0825,0.7259,3.6806,0.0366,0.8112,0.0128,0.0278,0.0629,False
17,571,2.0788,-1.6755,0.3334,0.0,2.1804,0.0,0.0,0.0,False
17,572,2.0752,-1.2165,0.5277,0.0,1.2995,0.0,0.0,0.0,False
17,573,2.0716,0.5719,3.1553,0.0183,2.0985,0.0,0.0139,0.035,False
17,574,2.0679,-2.1915,0.199,0.0,1.7476,0.0,0.0,0.0,False
17,575,2.0643,-0.0497,1.6948,0.0,0.9714,0.0,0.0,0.0,False
17,576,2.0608,0.9508,4.6088,0.2357,0.8274,0.1538,0.2639,0.2378,False
17,577,2.0572,0.5608,3.1206,0.0206,1.508,0.0,0.0139,0.042,False
17,578,2.0536,-1.3873,0.4448,0.0,1.1891,0.0,0.0,0.0,False
17,579,2.0501,-1.4455,0.4197,0.0,0.8766,0.0,0.0,0.0,False
17,580,2.0466,-0.0061,1.7703,0.0,2.4197,0.0,0.0,0.0,False
17,581,2.043,-0.722,0.8652,0.0,0.4064,0.0,0.0,0.0,False
17,582,2.0395,-1.0969,0.5947,0.0,1.0923,0.0,0.0,0.0,False
17,583,2.036,-1.0644,0.6144,0.0,1.9317,0.0,0.0,0.0,False
17,584,2.0325,-0.5831,0.9942,0.0,0.5148,0.0,0.0,0.0,False
17,585,2.0291,-1.4705,0.4093,0.0,0.111,0.0,0.0,0.0,False
17,586,2.0256,-1.301,0.4849,0.0,0.5336,0.0,0.0,0.0,False
17,587,2.0221,0.9196,4.4676,0.1396,1.2004,0.0769,0.1528,0.1538,False
17,588,2.0187,-0.3523,1.2522,0.0,2.1438,0.0,0.0,0.0,False
17,589,2.0153,-1.1746,0.5503,0.0,1.2169,0.0,0.0,0.0,False
17,590,2.0119,0.3138,2.4375,0.0,0.1876,0.0,0.0,0.0,False
17,591,2.0085,0.1967,2.1682,0.0,0.1979,0.0,0.0,0.0,False
17,592,2.0051,1.4914,7.9139,0.9291,0.3918,1.0,0.912,0.9161,True
17,593,2.0017,-1.1077,0.5883,0.0,0.0876,0.0,0.0,0.0,False
18,1,267.0,-0.2185,1.4314,0.0,0.7882,0.0,0.0,0.0,False
18,2,133.5,-0.2597,1.3737,0.0023,0.5512,0.0,0.0,0.007,False
18,3,89.0,-1.2038,0.5344,0.0,0.282,0.0,0.0,0.0,False
18,4,66.75,-2.5881,0.1339,0.0,0.5634,0.0,0.0,0.0,False
18,5,53.4,-0.2056,1.4501,0.0069,0.5365,0.0,0.0046,0.014,False
18,6,44.5,1.3171,6.6478,0.8101,0.9905,0.8974,0.7639,0.8322,False
18,7,38.1429,-0.2647,1.3668,0.0023,1.3752,0.0,0.0046,0.0,False
18,8,33.375,-0.1006,1.6106,0.0,0.2686,0.0,0.0,0.0,False
18,9,29.6667,1.2473,6.1998,0.8009,0.0677,0.8846,0.75,0.8322,False
18,10,26.7,0.2223,2.2245,0.0023,0.6109,0.0,0.0,0.007,False
18,11,24.2727,-0.3291,1.2816,0.0,1.08,0.0,0.0,0.0,False
18,12,22.25,-0.8545,0.7578,0.0,5.2219,0.0,0.0,0.0,False
18,13,20.5385,-0.2466,1.3918,0.0,0.7681,0.0,0.0,0.0,False
18,14,19.0714,-1.4579,0.4145,0.0,0.4092,0.0,0.0,0.0,False
18,15,17.8,-0.4412,1.1456,0.0,5.915,0.0,0.0,0.0,False
18,16,16.6875,-0.1285,1.5662,0.0,1.8163,0.0,0.0,0.0,False
18,17,15.7059,-1.3222,0.4748,0.0,0.4561,0.0,0.0,0.0,False
18,18,14.8333,1.1236,5.4782,0.5721,1.444,0.6026,0.5046,0.6573,False
18,19,14.0526,-0.7169,0.8697,0.0,0.8255,0.0,0.0,0.0,False
18,20,13.35,1.0037,4.8596,0.3776,0.0539,0.359,0.3472,0.4336,False
18,21,12.7143,-1.3472,0.463,0.0,2.2825,0.0,0.0,0.0,False
18,22,12.1364,0.7484,3.7646,0.0755,1.0337,0.0769,0.0648,0.0909,False
18,23,11.6087,-1.1232,0.5793,0.0,2.4382,0.0,0.0,0.0,False
18,24,11.125,-2.5168,0.1438,0.0,0.3001,0.0,0.0,0.0,False
18,25,10.68,-0.0775,1.6482,0.0069,1.1456,0.0,0.0139,0.0,False
18,26,10.2692,-2.4031,0.1611,0.0,0.0861,0.0,0.0,0.0,False
18,27,9.8889,1.0245,4.9613,0.4165,0.0039,0.4103,0.4167,0.4196,False
18,28,9.5357,-2.5909,0.1335,0.0,0.5687,0.0,0.0,0.0,False
18,29,9.2069,0.5613,3.1221,0.0092,0.7202,0.0,0.0046,0.021,False
18,30,8.9,-2.381,0.1647,0.0,0.8166,0.0,0.0,0.0,False
18,31,8.6129,-0.4427,1.144,0.0,0.5067,0.0,0.0,0.0,False
18,32,8.3438,-0.4786,1.1036,0.0,0.0998,0.0,0.0,0.0,False
18,33,8.0909,-1.3821,0.4471,0.0,0.1928,0.0,0.0,0.0,False
18,34,7.8529,0.2663,2.3246,0.0,3.0516,0.0,0.0,0.0,False
18,35,7.6286,0.1319,2.0323,0.0,0.2556,0.0,0.0,0.0,False
18,36,7.4167,0.7873,3.914,0.1304,0.393,0.0769,0.1343,0.1538,False
18,37,7.2162,-0.584,0.9932,0.0,1.1412,0.0,0.0,0.0,False
18,38,7.0263,-2.7328,0.1158,0.0,0.7845,0.0,0.0,0.0,False
18,39,6.8462,-2.5061,0.1453,0.0,0.1762,0.0,0.0,0.0,False
18,40,6.675,-0.885,0.7351,0.0,0.2358,0.0,0.0,0.0,False
18,41,6.5122,-1.3375,0.4675,0.0,0.1614,0.0,0.0,0.0,False
18,42,6.3571,0.4656,2.8371,0.0046,0.3752,0.0128,0.0046,0.0,False
18,43,6.2093,-1.5823,0.366,0.0,0.6679,0.0,0.0,0.0,False
18,44,6.0682,-2.183,0.2007,0.0,4.6279,0.0,0.0,0.0,False
18,45,5.9333,-0.0014,1.7787,0.0023,0.4294,0.0,0.0046,0.0,False
18,46,5.8043,-1.9782,0.2464,0.0,0.737,0.0,0.0,0.0,False
18,47,5.6809,0.5775,3.173,0.0252,0.1407,0.0256,0.037,0.007,False
18,48,5.5625,0.5873,3.2043,0.0023,0.6088,0.0,0.0,0.007,False
18,49,5.449,0.1456,2.0603,0.0,4.159,0.0,0.0,0.0,False
18,50,5.34,-0.1921,1.4697,0.0,6.1556,0.0,0.0,0.0,False
18,51,5.2353,-0.9724,0.6735,0.0,0.0231,0.0,0.0,0.0,False
18,52,5.1346,-2.7874,0.1097,0.0,0.0791,0.0,0.0,0.0,False
18,53,5.0377,-0.1125,1.5915,0.0,1.0013,0.0,0.0,0.0,False
18,54,4.9444,-1.2328,0.5191,0.0,2.7479,0.0,0.0,0.0,False
18,55,4.8545,-1.4368,0.4234,0.0,0.248,0.0,0.0,0.0,False
18,56,4.7679,0.5705,3.151,0.0114,0.7334,0.0,0.0093,0.021,False
18,57,4.6842,-2.4576,0.1525,0.0,1.166,0.0,0.0,0.0,False
18,58,4.6034,-0.594,0.9833,0.0,1.7263,0.0,0.0,0.0,False
18,59,4.5254,-1.9893,0.2436,0.0,0.5589,0.0,0.0,0.0,False
18,60,4.45,-3.0351,0.0856,0.0,0.0608,0.0,0.0,0.0,False
18,61,4.377,-0.5061,1.0737,0.0,0.8041,0.0,0.0,0.0,False
18,62,4.3065,-0.413,1.1785,0.0,1.0758,0.0,0.0,0.0,False
18,63,4.2381,-0.9995,0.6555,0.0,0.494,0.0,0.0,0.0,False
18,64,4.1719,0.5175,2.9884,0.0092,1.8739,0.0,0.0185,0.0,False
18,65,4.1077,1.0922,5.3091,0.5606,1.1255,0.6923,0.5417,0.5175,False
18,66,4.0455,0.5998,3.2447,0.0229,1.974,0.0256,0.0324,0.007,False
18,67,3.9851,-0.225,1.4223,0.0,1.4108,0.0,0.0,0.0,False
18,68,3.9265,0.3288,2.4744,0.0,0.1251,0.0,0.0,0.0,False
18,69,3.8696,-1.041,0.6289,0.0,1.7965,0.0,0.0,0.0,False
18,70,3.8143,-1.4472,0.419,0.0,0.37,0.0,0.0,0.0,False
18,71,3.7606,-0.9218,0.7085,0.0,0.1615,0.0,0.0,0.0,False
18,72,3.7083,0.4267,2.7289,0.0069,0.2302,0.0,0.0139,0.0,False
18,73,3.6575,-2.018,0.2367,0.0,0.1212,0.0,0.0,0.0,False
18,74,3.6081,-0.4562,1.1287,0.0,0.4062,0.0,0.0,0.0,False
18,75,3.56,-1.6077,0.3568,0.0,1.876,0.0,0.0,0.0,False
18,76,3.5132,-3.3291,0.0638,0.0,0.8358,0.0,0.0,0.0,False
18,77,3.4675,0.5592,3.1156,0.0183,0.0485,0.0128,0.0231,0.014,False
18,78,3.4231,0.0221,1.8208,0.0,0.4786,0.0,0.0,0.0,False
18,79,3.3797,0.0732,1.9164,0.0,1.8137,0.0,0.0,0.0,False
18,80,3.3375,0.5504,3.0882,0.0046,1.3407,0.0256,0.0,0.0,False
18,81,3.2963,0.5653,3.1348,0.0114,1.2928,0.0,0.0185,0.007,False
18,82,3.2561,1.1369,5.5517,0.5973,0.3756,0.6538,0.537,0.6573,False
18,83,3.2169,-0.3913,1.2043,0.0,1.3738,0.0,0.0,0.0,False
18,84,3.1786,-0.5387,1.0393,0.0,1.2943,0.0,0.0,0.0,False
18,85,3.1412,-0.3589,1.244,0.0,0.4285,0.0,0.0,0.0,False
18,86,3.1047,-2.5533,0.1386,0.0,0.528,0.0,0.0,0.0,False
18,87,3.069,0.6044,3.2597,0.0252,0.5383,0.0128,0.0417,0.007,False
18,88,3.0341,-0.1923,1.4695,0.0,0.3926,0.0,0.0,0.0,False
18,89,3.0,1.1234,5.4774,0.5812,0.0842,0.6667,0.5741,0.5455,False
18,90,2.9667,-1.4205,0.4303,0.0,0.2581,0.0,0.0,0.0,False
18,91,2.9341,-0.7732,0.8221,0.0,0.8124,0.0,0.0,0.0,False
18,92,2.9022,-3.4372,0.0573,0.0,0.5164,0.0,0.0,0.0,False
18,93,2.871,-0.3852,1.2117,0.0,1.0805,0.0,0.0,0.0,False
18,94,2.8404,0.0488,1.8701,0.0,2.7059,0.0,0.0,0.0,False
18,95,2.8105,0.5431,3.0658,0.0,0.8339,0.0,0.0,0.0,False
18,96,2.7812,1.1296,5.5115,0.6064,1.213,0.6154,0.625,0.5734,False
18,97,2.7526,-0.0179,1.7495,0.0023,0.4936,0.0,0.0046,0.0,False
18,98,2.7245,-0.9931,0.6598,0.0,1.9151,0.0,0.0,0.0,False
18,99,2.697,-1.0794,0.6052,0.0,0.4819,0.0,0.0,0.0,False
18,100,2.67,-0.1446,1.5413,0.0,0.6814,0.0,0.0,0.0,False
18,101,2.6436,-1.1341,0.573,0.0,1.4144,0.0,0.0,0.0,False
18,102,2.6176,-0.1583,1.5202,0.0,1.1059,0.0,0.0,0.0,False
18,103,2.5922,-0.2482,1.3896,0.0,1.7419,0.0,0.0,0.0,False
18,104,2.5673,0.0096,1.7982,0.0,2.4656,0.0,0.0,0.0,False
18,105,2.5429,-0.2062,1.4492,0.0,0.5059,0.0,0.0,0.0,False
18,106,2.5189,-1.0573,0.6187,0.0,0.7726,0.0,0.0,0.0,False
18,107,2.4953,-3.7427,0.0422,0.0,1.4605,0.0,0.0,0.0,False
18,108,2.4722,-1.1305,0.575,0.0,0.5756,0.0,0.0,0.0,False
18,109,2.4495,0.1719,2.115,0.0069,0.4226,0.0,0.0139,0.0,False
18,110,2.4273,-0.9249,0.7063,0.0,1.8253,0.0,0.0,0.0,False
18,111,2.4054,-0.1403,1.548,0.0,0.701,0.0,0.0,0.0,False
18,112,2.3839,0.1726,2.1165,0.0,0.3876,0.0,0.0,0.0,False
18,113,2.3628,0.8765,4.2791,0.2174,0.0249,0.2308,0.2083,0.2238,False
18,114,2.3421,-0.5636,1.0137,0.0,0.9557,0.0,0.0,0.0,False
18,115,2.3217,-2.2355,0.1905,0.0,0.747,0.0,0.0,0.0,False
18,116,2.3017,-0.7341,0.8548,0.0,0.2185,0.0,0.0,0.0,False
18,117,2.2821,0.8922,4.3467,0.1945,0.6721,0.1282,0.2593,0.1329,False
18,118,2.2627,0.8171,4.032,0.1304,1.4527,0.0769,0.1898,0.0699,False
18,119,2.2437,0.8472,4.1553,0.1465,1.1431,0.0897,0.1713,0.1399,False
18,120,2.225,0.3155,2.4419,0.0,3.8542,0.0,0.0,0.0,False
18,121,2.2066,-0.2723,1.3565,0.0,0.3654,0.0,0.0,0.0,False
18,122,2.1885,-1.2181,0.5268,0.0,0.4425,0.0,0.0,0.0,False
18,123,2.1707,-0.245,1.3941,0.0,2.9688,0.0,0.0,0.0,False
18,124,2.1532,-2.9639,0.0919,0.0,0.3505,0.0,0.0,0.0,False
18,125,2.136,0.5471,3.0781,0.0046,0.4703,0.0,0.0093,0.0,False
18,126,2.119,0.2397,2.2634,0.0,0.0552,0.0,0.0,0.0,False
18,127,2.1024,-1.3484,0.4625,0.0,0.524,0.0,0.0,0.0,False
18,128,2.0859,-0.2452,1.3938,0.0,1.3239,0.0,0.0,0.0,False
18,129,2.0698,-1.3242,0.4738,0.0,0.5628,0.0,0.0,0.0,False
18,130,2.0538,-0.9229,0.7077,0.0,0.2505,0.0,0.0,0.0,False
18,131,2.0382,0.0402,1.8541,0.0,0.0898,0.0,0.0,0.0,False
18,132,2.0227,0.27,2.3332,0.0,0.6958,0.0,0.0,0.0,False
18,133,2.0075,-0.1059,1.6021,0.0,0.126,0.0,0.0,0.0,False
19,1,1479.0,0.6453,3.3958,0.0229,1.1421,0.0,0.0231,0.035,False
19,2,739.5,-0.3268,1.2846,0.0046,0.6329,0.0,0.0046,0.007,False
19,3,493.0,-1.154,0.5617,0.0,0.1718,0.0,0.0,0.0,False
19,4,369.75,-0.7334,0.8554,0.0023,0.8117,0.0,0.0,0.007,False
19,5,295.8,-0.893,0.7292,0.0,0.3834,0.0,0.0,0.0,False
19,6,246.5,-1.2707,0.4998,0.0,0.8632,0.0,0.0,0.0,False
19,7,211.2857,0.1618,2.0939,0.0137,0.9214,0.0,0.0185,0.014,False
19,8,184.875,-2.9499,0.0932,0.0,0.1416,0.0,0.0,0.0,False
19,9,164.3333,1.5539,8.4242,1.0,0.7783,1.0,1.0,1.0,True
19,10,147.9,-0.324,1.2881,0.0046,0.8295,0.0,0.0,0.014,False
19,11,134.4545,-1.8699,0.2745,0.0,1.7013,0.0,0.0,0.0,False
19,12,123.25,-1.1354,0.5722,0.0,0.3448,0.0,0.0,0.0,False
19,13,113.7692,-1.5213,0.389,0.0,0.2772,0.0,0.0,0.0,False
19,14,105.6429,0.3761,2.5942,0.0,2.0826,0.0,0.0,0.0,False
19,15,98.6,0.7462,3.7563,0.2815,2.8509,0.1538,0.2315,0.4266,False
19,16,92.4375,-0.7407,0.8492,0.0,4.3484,0.0,0.0,0.0,False
19,17,87.0,1.277,6.3867,0.8856,0.8845,0.9744,0.875,0.8531,False
19,18,82.1667,-1.4937,0.3999,0.0023,1.4485,0.0,0.0046,0.0,False
19,19,77.8421,-0.9491,0.6894,0.0,0.9228,0.0,0.0,0.0,False
19,20,73.95,-1.2115,0.5303,0.0,1.8334,0.0,0.0,0.0,False
19,21,70.4286,1.2239,6.0566,0.7483,3.6461,0.859,0.7176,0.7343,False
19,22,67.2273,-1.6469,0.3431,0.0,0.8214,0.0,0.0,0.0,False
19,23,64.3043,-0.2691,1.3609,0.0,1.8498,0.0,0.0,0.0,False
19,24,61.625,-0.9522,0.6873,0.0,1.5836,0.0,0.0,0.0,False
19,25,59.16,1.034,5.0089,0.4096,0.1038,0.5128,0.4028,0.3636,False
19,26,56.8846,-0.3688,1.2317,0.0,0.6382,0.0,0.0,0.0,False
19,27,54.7778,-0.3841,1.2131,0.0,0.1018,0.0,0.0,0.0,False
19,28,52.8214,-0.8744,0.7429,0.0,0.2422,0.0,0.0,0.0,False
19,29,51.0,-2.5348,0.1412,0.0,3.2497,0.0,0.0,0.0,False
19,30,49.3,-2.3569,0.1687,0.0,0.3475,0.0,0.0,0.0,False
19,31,47.7097,-1.8629,0.2765,0.0,0.3017,0.0,0.0,0.0,False
19,32,46.2188,0.2001,2.1757,0.0023,0.4485,0.0,0.0,0.007,False
19,33,44.8182,0.2806,2.3579,0.0,1.3148,0.0,0.0,0.0,False
19,34,43.5,0.0764,1.9226,0.0,0.1975,0.0,0.0,0.0,False
19,35,42.2571,-1.5972,0.3606,0.0,0.5159,0.0,0.0,0.0,False
19,36,41.0833,-0.703,0.8818,0.0,0.5199,0.0,0.0,0.0,False
19,37,39.973,0.2531,2.294,0.0206,0.2,0.0,0.0278,0.021,False
19,38,38.9211,0.0845,1.938,0.0,1.7514,0.0,0.0,0.0,False
19,39,37.9231,-0.625,0.9533,0.0,0.3787,0.0,0.0,0.0,False
19,40,36.975,-2.0446,0.2305,0.0,1.2192,0.0,0.0,0.0,False
19,41,36.0732,-0.2484,1.3893,0.0,1.077,0.0,0.0,0.0,False
19,42,35.2143,-2.2099,0.1954,0.0,0.1063,0.0,0.0,0.0,False
19,43,34.3953,-2.5179,0.1436,0.0,0.4637,0.0,0.0,0.0,False
19,44,33.6136,0.307,2.421,0.0023,0.7369,0.0,0.0,0.007,False
19,45,32.8667,-1.1482,0.565,0.0,3.728,0.0,0.0,0.0,False
19,46,32.1522,0.2602,2.3103,0.0,1.5591,0.0,0.0,0.0,False
19,47,31.4681,-0.0765,1.6499,0.0,0.1528,0.0,0.0,0.0,False
19,48,30.8125,-0.1194,1.5806,0.0,0.1733,0.0,0.0,0.0,False
19,49,30.1837,0.1806,2.1337,0.0,2.1683,0.0,0.0,0.0,False
19,50,29.58,-0.9933,0.6596,0.0,0.306,0.0,0.0,0.0,False
19,51,29.0,-2.8999,0.098,0.0,2.347,0.0,0.0,0.0,False
19,52,28.4423,0.6899,3.5506,0.0275,1.0209,0.0,0.0417,0.021,False
19,53,27.9057,-0.6892,0.8941,0.0,1.5666,0.0,0.0,0.0,False
19,54,27.3889,-0.3995,1.1945,0.0,1.7493,0.0,0.0,0.0,False
19,55,26.8909,1.2902,6.4714,0.8627,0.5689,0.9872,0.8148,0.8671,False
19,56,26.4107,1.0784,5.2363,0.508,0.0956,0.5641,0.5324,0.4406,False
19,57,25.9474,-2.7953,0.1088,0.0,1.1702,0.0,0.0,0.0,False
19,58,25.5,0.1984,2.172,0.0069,0.0731,0.0,0.0139,0.0,False
19,59,25.0678,0.2041,2.1844,0.0,0.9081,0.0,0.0,0.0,False
19,60,24.65,0.4002,2.6577,0.0297,0.1622,0.0128,0.0417,0.021,False
19,61,24.2459,-2.9577,0.0925,0.0,0.1642,0.0,0.0,0.0,False
19,62,23.8548,-2.4513,0.1535,0.0,0.5065,0.0,0.0,0.0,False
19,63,23.4762,-1.0802,0.6047,0.0,1.336,0.0,0.0,0.0,False
19,64,23.1094,1.3352,6.7697,0.8398,1.7326,0.9231,0.8194,0.8252,False
19,65,22.7538,0.867,4.2384,0.2334,0.3302,0.1923,0.2407,0.2448,False
19,66,22.4091,0.418,2.7052,0.0183,0.6395,0.0,0.0324,0.007,False
19,67,22.0746,-0.0989,1.6134,0.0,2.3344,0.0,0.0,0.0,False
19,68,21.75,-1.2398,0.5155,0.0,0.6454,0.0,0.0,0.0,False
19,69,21.4348,-0.4652,1.1185,0.0,3.1731,0.0,0.0,0.0,False
19,70,21.1286,-1.4949,0.3994,0.0,0.7421,0.0,0.0,0.0,False
19,71,20.831,0.5408,3.0587,0.0458,2.2673,0.0256,0.0694,0.021,False
19,72,20.5417,0.0982,1.9648,0.0,0.247,0.0,0.0,0.0,False
19,73,20.2603,-1.9368,0.2568,0.0,3.6153,0.0,0.0,0.0,False
19,74,19.9865,0.8377,4.116,0.1419,0.1184,0.1538,0.1528,0.1189,False
19,75,19.72,-2.1395,0.2097,0.0,0.2775,0.0,0.0,0.0,False
19,76,19.4605,-2.4523,0.1533,0.0,0.4579,0.0,0.0,0.0,False
19,77,19.2078,-0.4263,1.1629,0.0023,0.2363,0.0128,0.0,0.0,False
19,78,18.9615,-1.7645,0.3051,0.0,8.0193,0.0,0.0,0.0,False
19,79,18.7215,1.0072,4.8762,0.4165,1.0719,0.359,0.4676,0.3706,False
19,80,18.4875,0.3729,2.5859,0.0046,1.935,0.0,0.0093,0.0,False
19,81,18.2593,0.6976,3.578,0.0618,3.0226,0.0256,0.0694,0.0699,False
19,82,18.0366,-1.7832,0.2994,0.0,0.1488,0.0,0.0,0.0,False
19,83,17.8193,-0.9739,0.6725,0.0,0.7405,0.0,0.0,0.0,False
19,84,17.6071,-0.3043,1.3138,0.0,0.2616,0.0,0.0,0.0,False
19,85,17.4,-0.9194,0.7102,0.0,1.0405,0.0,0.0,0.0,False
19,86,17.1977,0.1761,2.1241,0.0,6.6306,0.0,0.0,0.0,False
19,87,17.0,0.7316,3.7017,0.0297,1.2081,0.0256,0.0278,0.035,False
19,88,16.8068,-0.1448,1.541,0.0,0.4628,0.0,0.0,0.0,False
19,89,16.618,-1.723,0.318,0.0,0.2882,0.0,0.0,0.0,False
19,90,16.4333,-1.8127,0.2907,0.0,0.6884,0.0,0.0,0.0,False
19,91,16.2527,-0.3358,1.273,0.0,0.5955,0.0,0.0,0.0,False
19,92,16.0761,1.2168,6.0137,0.7597,0.0377,0.8462,0.7407,0.7413,False
19,93,15.9032,1.2402,6.1558,0.7757,0.9625,0.9103,0.75,0.7413,False
19,94,15.734,0.1678,2.1064,0.0,1.6289,0.0,0.0,0.0,False
19,95,15.5684,-1.732,0.3151,0.0,0.1507,0.0,0.0,0.0,False
19,96,15.4062,-0.2818,1.3437,0.0,1.3651,0.0,0.0,0.0,False
19,97,15.2474,-1.1929,0.5403,0.0,1.7908,0.0,0.0,0.0,False
19,98,15.0918,-0.8566,0.7562,0.0,0.1208,0.0,0.0,0.0,False
19,99,14.9394,0.2921,2.3854,0.0,0.1699,0.0,0.0,0.0,False
19,100,14.79,-2.2902,0.1803,0.0,2.5404,0.0,0.0,0.0,False
19,101,14.6436,-0.6183,0.9597,0.0,1.563,0.0,0.0,0.0,False
19,102,14.5,-1.8441,0.2817,0.0,0.3191,0.0,0.0,0.0,False
19,103,14.3592,0.4656,2.8371,0.0,0.1297,0.0,0.0,0.0,False
19,104,14.2212,-0.4783,1.1039,0.0,0.6268,0.0,0.0,0.0,False
19,105,14.0857,-1.0134,0.6465,0.0,0.5453,0.0,0.0,0.0,False
19,106,13.9528,0.2352,2.2533,0.0,1.7487,0.0,0.0,0.0,False
19,107,13.8224,-1.6311,0.3486,0.0,0.7282,0.0,0.0,0.0,False
19,108,13.6944,-3.2685,0.0678,0.0,0.5079,0.0,0.0,0.0,False
19,109,13.5688,-1.2379,0.5165,0.0,0.3439,0.0,0.0,0.0,False
19,110,13.4455,-1.6433,0.3444,0.0,0.6571,0.0,0.0,0.0,False
19,111,13.3243,-1.4493,0.4181,0.0,0.1086,0.0,0.0,0.0,False
19,112,13.2054,-0.8149,0.7884,0.0,0.1941,0.0,0.0,0.0,False
19,113,13.0885,-2.8764,0.1003,0.0,0.6598,0.0,0.0,0.0,False
19,114,12.9737,0.5157,2.9829,0.016,0.0219,0.0,0.0139,0.028,False
19,115,12.8609,-0.0367,1.7168,0.0,0.7675,0.0,0.0,0.0,False
19,116,12.75,0.8669,4.2379,0.2082,0.8073,0.1026,0.2685,0.1748,False
19,117,12.641,-0.6468,0.9327,0.0,0.172,0.0,0.0,0.0,False
19,118,12.5339,1.0363,5.0204,0.3593,0.5858,0.4103,0.3565,0.3357,False
19,119,12.4286,-0.7187,0.868,0.0,0.2168,0.0,0.0,0.0,False
19,120,12.325,-0.1089,1.5973,0.0023,0.0948,0.0,0.0,0.007,False
19,121,12.2231,0.4,2.6571,0.0023,0.1094,0.0,0.0,0.007,False
19,122,12.123,0.2836,2.365,0.0023,0.8948,0.0,0.0,0.007,False
19,123,12.0244,0.1951,2.1648,0.0023,4.5316,0.0128,0.0,0.0,False
19,124,11.9274,-0.3915,1.2041,0.0,1.2565,0.0,0.0,0.0,False
19,125,11.832,-1.7554,0.3078,0.0,3.7379,0.0,0.0,0.0,False
19,126,11.7381,1.5483,8.3774,0.9977,0.831,1.0,1.0,0.993,True
19,127,11.6457,-0.992,0.6605,0.0,1.7558,0.0,0.0,0.0,False
19,128,11.5547,-2.3801,0.1648,0.0,0.457,0.0,0.0,0.0,False
19,129,11.4651,-2.0781,0.2229,0.0,2.0558,0.0,0.0,0.0,False
19,130,11.3769,-1.4951,0.3994,0.0,0.1959,0.0,0.0,0.0,False
19,131,11.2901,-2.5155,0.144,0.0,0.4085,0.0,0.0,0.0,False
19,132,11.2045,-0.0108,1.7619,0.0,0.4548,0.0,0.0,0.0,False
19,133,11.1203,-0.5169,1.0622,0.0,0.2692,0.0,0.0,0.0,False
19,134,11.0373,0.9066,4.4096,0.1625,0.0448,0.1795,0.1296,0.2028,False
19,135,10.9556,-0.4568,1.1279,0.0,0.7431,0.0,0.0,0.0,False
19,136,10.875,0.3778,2.5988,0.0,1.1943,0.0,0.0,0.0,False
19,137,10.7956,0.8584,4.2024,0.1625,0.6143,0.1538,0.162,0.1678,False
19,138,10.7174,0.1263,2.0209,0.0,0.5027,0.0,0.0,0.0,False
19,139,10.6403,-1.4984,0.398,0.0,1.0097,0.0,0.0,0.0,False
19,140,10.5643,-0.3332,1.2764,0.0,0.1168,0.0,0.0,0.0,False
19,141,10.4894,-1.6234,0.3513,0.0,0.1891,0.0,0.0,0.0,False
19,142,10.4155,-0.0381,1.7144,0.0,0.8723,0.0,0.0,0.0,False
19,143,10.3427,-0.7248,0.8628,0.0,0.4913,0.0,0.0,0.0,False
19,144,10.2708,-0.4516,1.1339,0.0,2.6509,0.0,0.0,0.0,False
19,145,10.2,0.8898,4.3363,0.1602,0.5473,0.1538,0.1435,0.1888,False
19,146,10.1301,0.0794,1.9283,0.0,2.1214,0.0,0.0,0.0,False
19,147,10.0612,-1.097,0.5946,0.0,1.6331,0.0,0.0,0.0,False
19,148,9.9932,-0.1298,1.5642,0.0,0.0331,0.0,0.0,0.0,False
19,149,9.9262,0.4285,2.7339,0.0183,2.798,0.0,0.0324,0.007,False
19,150,9.86,-0.6977,0.8865,0.0,2.033,0.0,0.0,0.0,False
19,151,9.7947,-0.6248,0.9535,0.0,1.1528,0.0,0.0,0.0,False
19,152,9.7303,-0.5238,1.0548,0.0,0.366,0.0,0.0,0.0,False
19,153,9.6667,0.8723,4.2611,0.1808,0.8463,0.1154,0.162,0.2448,False
19,154,9.6039,-0.3312,1.279,0.0,0.7337,0.0,0.0,0.0,False
19,155,9.5419,-2.6972,0.12,0.0,1.6988,0.0,0.0,0.0,False
19,156,9.4808,0.5929,3.2222,0.0458,0.9182,0.0,0.0741,0.028,False
19,157,9.4204,-2.1298,0.2117,0.0,1.2411,0.0,0.0,0.0,False
19,158,9.3608,-0.843,0.7666,0.0,0.2187,0.0,0.0,0.0,False
19,159,9.3019,-1.4475,0.4188,0.0,1.6444,0.0,0.0,0.0,False
19,160,9.2438,-1.2299,0.5207,0.0,0.365,0.0,0.0,0.0,False
19,161,9.1863,-0.5584,1.019,0.0023,0.0247,0.0,0.0,0.007,False
19,162,9.1296,0.4212,2.7139,0.0137,1.2309,0.0,0.0185,0.014,False
19,163,9.0736,0.6889,3.5471,0.0709,0.9868,0.0385,0.0833,0.0699,False
19,164,9.0183,1.4967,7.956,0.9657,0.3131,0.9872,0.963,0.958,True
19,165,8.9636,-0.7008,0.8838,0.0,1.3569,0.0,0.0,0.0,False
19,166,8.9096,-1.6547,0.3405,0.0,0.4883,0.0,0.0,0.0,False
19,167,8.8563,-0.8405,0.7685,0.0,0.3424,0.0,0.0,0.0,False
19,168,8.8036,-0.4415,1.1454,0.0,0.1461,0.0,0.0,0.0,False
19,169,8.7515,-1.0962,0.5951,0.0,0.1389,0.0,0.0,0.0,False
19,170,8.7,-0.7698,0.8248,0.0,0.6251,0.0,0.0,0.0,False
19,171,8.6491,0.4601,2.8215,0.0046,0.0371,0.0,0.0093,0.0,False
19,172,8.5988,-1.6739,0.334,0.0,0.3098,0.0,0.0,0.0,False
19,173,8.5491,-1.3809,0.4477,0.0,0.0527,0.0,0.0,0.0,False
19,174,8.5,-2.3847,0.1641,0.0,2.4663,0.0,0.0,0.0,False
19,175,8.4514,-2.1913,0.1991,0.0,2.974,0.0,0.0,0.0,False
19,176,8.4034,-2.1218,0.2134,0.0,0.5709,0.0,0.0,0.0,False
19,177,8.3559,-0.9273,0.7046,0.0,0.3537,0.0,0.0,0.0,False
19,178,8.309,1.0291,4.9846,0.4096,0.0474,0.5128,0.3565,0.4336,False
19,179,8.2626,-1.1458,0.5663,0.0,0.1805,0.0,0.0,0.0,False
19,180,8.2167,-1.385,0.4458,0.0,0.0075,0.0,0.0,0.0,False
19,181,8.1713,-0.5768,1.0004,0.0,0.796,0.0,0.0,0.0,False
19,182,8.1264,0.7431,3.7447,0.0458,0.1632,0.0385,0.0463,0.049,False
19,183,8.082,-2.6307,0.1283,0.0,0.3652,0.0,0.0,0.0,False
19,184,8.038,-1.2587,0.5059,0.0,1.0312,0.0,0.0,0.0,False
19,185,7.9946,0.8753,4.2737,0.1556,0.0219,0.1154,0.1667,0.1608,False
19,186,7.9516,-1.8149,0.2901,0.0,0.7861,0.0,0.0,0.0,False
19,187,7.9091,-3.0017,0.0885,0.0,0.2154,0.0,0.0,0.0,False
19,188,7.867,0.6614,3.451,0.0366,1.4282,0.0128,0.0417,0.042,False
19,189,7.8254,0.871,4.2553,0.1899,0.5023,0.141,0.1806,0.2308,False
19,190,7.7842,0.5277,3.0189,0.0069,0.7859,0.0,0.0139,0.0,False
19,191,7.7435,0.6654,3.4645,0.0183,0.0,0.0128,0.0093,0.035,False
19,192,7.7031,0.2134,2.2048,0.0,1.7802,0.0,0.0,0.0,False
19,193,7.6632,-1.3597,0.4573,0.0,0.4892,0.0,0.0,0.0,False
19,194,7.6237,0.9166,4.4542,0.2334,0.3449,0.2564,0.2639,0.1748,False
19,195,7.5846,-1.8583,0.2777,0.0,0.6023,0.0,0.0,0.0,False
19,196,7.5459,-0.6096,0.9681,0.0,1.3465,0.0,0.0,0.0,False
19,197,7.5076,-2.3905,0.1631,0.0,0.0645,0.0,0.0,0.0,False
19,198,7.4697,0.3791,2.6022,0.0,1.0473,0.0,0.0,0.0,False
19,199,7.4322,-1.9924,0.2429,0.0,0.5636,0.0,0.0,0.0,False
19,200,7.395,-2.6741,0.1228,0.0,2.0818,0.0,0.0,0.0,False
19,201,7.3582,-0.1584,1.5201,0.0023,3.5032,0.0,0.0,0.007,False
19,202,7.3218,-2.3722,0.1661,0.0,0.1233,0.0,0.0,0.0,False
19,203,7.2857,-0.1771,1.492,0.0,0.4707,0.0,0.0,0.0,False
19,204,7.25,0.0562,1.8841,0.0,0.3428,0.0,0.0,0.0,False
19,205,7.2146,0.6482,3.4056,0.0114,0.2254,0.0,0.0093,0.021,False
19,206,7.1796,0.7397,3.7318,0.0229,0.4055,0.0128,0.0324,0.014,False
19,207,7.1449,1.4426,7.5366,0.9725,0.2405,0.9872,0.9815,0.951,True
19,208,7.1106,-0.9738,0.6726,0.0,0.82,0.0,0.0,0.0,False
19,209,7.0766,-1.6511,0.3417,0.0,0.1311,0.0,0.0,0.0,False
19,210,7.0429,-1.3536,0.4601,0.0,1.6621,0.0,0.0,0.0,False
19,211,7.0095,0.0998,1.9681,0.0,0.5771,0.0,0.0,0.0,False
19,212,6.9764,0.1294,2.0271,0.0,0.1462,0.0,0.0,0.0,False
19,213,6.9437,-1.3682,0.4534,0.0,0.3936,0.0,0.0,0.0,False
19,214,6.9112,-2.9167,0.0964,0.0,0.1217,0.0,0.0,0.0,False
19,215,6.8791,-0.7947,0.8046,0.0,0.3348,0.0,0.0,0.0,False
19,216,6.8472,1.4267,7.4181,0.8993,0.4582,0.9872,0.8935,0.8601,False
19,217,6.8157,1.6976,9.7258,0.9771,0.5893,0.9872,0.9815,0.965,True
19,218,6.7844,-0.9783,0.6696,0.0,0.8099,0.0,0.0,0.0,False
19,219,6.7534,-1.9672,0.2491,0.0,0.2373,0.0,0.0,0.0,False
19,220,6.7227,-0.8495,0.7616,0.0,0.7179,0.0,0.0,0.0,False
19,221,6.6923,-1.1488,0.5646,0.0,1.6363,0.0,0.0,0.0,False
19,222,6.6622,-0.1542,1.5265,0.0,0.3402,0.0,0.0,0.0,False
19,223,6.6323,-0.4113,1.1805,0.0,1.8995,0.0,0.0,0.0,False
19,224,6.6027,0.8843,4.3126,0.2311,1.4657,0.1538,0.1898,0.3357,False
19,225,6.5733,0.6929,3.5614,0.0458,1.4956,0.0256,0.0185,0.0979,False
19,226,6.5442,-2.5526,0.1387,0.0,1.4393,0.0,0.0,0.0,False
19,227,6.5154,-3.2298,0.0705,0.0,0.9616,0.0,0.0,0.0,False
19,228,6.4868,-1.0682,0.612,0.0,0.0614,0.0,0.0,0.0,False
19,229,6.4585,-1.1031,0.591,0.0,0.0605,0.0,0.0,0.0,False
19,230,6.4304,-0.5126,1.0667,0.0,1.2818,0.0,0.0,0.0,False
19,231,6.4026,0.2143,2.2068,0.0,0.3284,0.0,0.0,0.0,False
19,232,6.375,-1.2775,0.4965,0.0,0.8968,0.0,0.0,0.0,False
19,233,6.3476,-1.1845,0.5449,0.0,0.0252,0.0,0.0,0.0,False
19,234,6.3205,-0.7569,0.8355,0.0,0.2044,0.0,0.0,0.0,False
19,235,6.2936,-0.1305,1.5632,0.0,0.229,0.0,0.0,0.0,False
19,236,6.2669,0.4463,2.783,0.0069,1.0317,0.0,0.0093,0.007,False
19,237,6.2405,-3.3868,0.0602,0.0,0.0293,0.0,0.0,0.0,False
19,238,6.2143,-3.663,0.0457,0.0,0.6224,0.0,0.0,0.0,False
19,239,6.1883,0.6241,3.3243,0.0389,0.4741,0.0128,0.0278,0.0699,False
19,240,6.1625,0.0447,1.8625,0.0,1.7458,0.0,0.0,0.0,False
19,241,6.1369,-1.475,0.4075,0.0,0.4077,0.0,0.0,0.0,False
19,242,6.1116,0.4442,2.7771,0.0,0.9515,0.0,0.0,0.0,False
19,243,6.0864,-0.3017,1.3173,0.0,0.824,0.0,0.0,0.0,False
19,244,6.0615,-2.8215,0.106,0.0,0.0233,0.0,0.0,0.0,False
19,245,6.0367,-1.4916,0.4008,0.0,0.556,0.0,0.0,0.0,False
19,246,6.0122,-1.0653,0.6138,0.0,0.7586,0.0,0.0,0.0,False
19,247,5.9879,-1.8847,0.2705,0.0,0.056,0.0,0.0,0.0,False
19,248,5.9637,-0.1819,1.4848,0.0,0.467,0.0,0.0,0.0,False
19,249,5.9398,-0.7296,0.8587,0.0,4.5725,0.0,0.0,0.0,False
19,250,5.916,-0.8545,0.7578,0.0,0.4886,0.0,0.0,0.0,False
19,251,5.8924,0.3697,2.5776,0.0,0.5859,0.0,0.0,0.0,False
19,252,5.869,0.4323,2.7442,0.0137,1.047,0.0,0.0278,0.0,False
19,253,5.8458,-2.2932,0.1798,0.0,0.477,0.0,0.0,0.0,False
19,254,5.8228,0.2113,2.2002,0.0,3.214,0.0,0.0,0.0,False
19,255,5.8,-1.2224,0.5246,0.0,2.5866,0.0,0.0,0.0,False
19,256,5.7773,0.0957,1.9599,0.0,0.4699,0.0,0.0,0.0,False
19,257,5.7549,0.6953,3.5696,0.0114,2.7294,0.0128,0.0139,0.007,False
19,258,5.7326,-1.1424,0.5683,0.0,1.9327,0.0,0.0,0.0,False
19,259,5.7104,-0.2429,1.3969,0.0,1.0395,0.0,0.0,0.0,False
19,260,5.6885,0.5207,2.9979,0.0183,2.249,0.0128,0.0278,0.007,False
19,261,5.6667,-0.0306,1.7274,0.0,0.6403,0.0,0.0,0.0,False
19,262,5.645,-0.432,1.1563,0.0,0.4046,0.0,0.0,0.0,False
19,263,5.6236,0.3514,2.531,0.0092,1.0861,0.0,0.0046,0.021,False
19,264,5.6023,-1.906,0.2648,0.0,0.5157,0.0,0.0,0.0,False
19,265,5.5811,0.0694,1.9092,0.0,0.1047,0.0,0.0,0.0,False
19,266,5.5602,-2.0926,0.2197,0.0,0.4324,0.0,0.0,0.0,False
19,267,5.5393,0.8596,4.2072,0.1121,2.4308,0.0513,0.1157,0.1399,False
19,268,5.5187,0.0718,1.9136,0.0,0.0363,0.0,0.0,0.0,False
19,269,5.4981,1.6125,8.9324,0.9886,0.324,1.0,1.0,0.965,True
19,270,5.4778,-1.8245,0.2873,0.0,0.9225,0.0,0.0,0.0,False
19,271,5.4576,-3.2705,0.0677,0.0,0.3525,0.0,0.0,0.0,False
19,272,5.4375,-1.3649,0.4549,0.0,0.0885,0.0,0.0,0.0,False
19,273,5.4176,-1.1586,0.5591,0.0,0.145,0.0,0.0,0.0,False
19,274,5.3978,-0.4303,1.1583,0.0,0.4303,0.0,0.0,0.0,False
19,275,5.3782,-1.7673,0.3042,0.0,0.5436,0.0,0.0,0.0,False
19,276,5.3587,0.8797,4.2926,0.1556,2.4759,0.1795,0.1713,0.1189,False
19,277,5.3394,-0.0967,1.6168,0.0,0.1998,0.0,0.0,0.0,False
19,278,5.3201,-0.2004,1.4576,0.0,0.6616,0.0,0.0,0.0,False
19,279,5.3011,-1.0468,0.6253,0.0,0.1327,0.0,0.0,0.0,False
19,280,5.2821,-0.0223,1.7417,0.0,1.2723,0.0,0.0,0.0,False
19,281,5.2633,-0.2623,1.3702,0.0,3.4902,0.0,0.0,0.0,False
19,282,5.2447,0.6697,3.4797,0.0435,1.0598,0.0513,0.0463,0.035,False
19,283,5.2261,1.2541,6.2419,0.7872,1.9488,0.8846,0.838,0.6573,False
19,284,5.2077,-0.6933,0.8904,0.0,1.1489,0.0,0.0,0.0,False
19,285,5.1895,-2.6692,0.1234,0.0,0.1359,0.0,0.0,0.0,False
19,286,5.1713,-0.3338,1.2756,0.0,0.5747,0.0,0.0,0.0,False
19,287,5.1533,-2.5366,0.1409,0.0,0.4921,0.0,0.0,0.0,False
19,288,5.1354,-1.3153,0.478,0.0,0.1391,0.0,0.0,0.0,False
19,289,5.1176,-2.5524,0.1387,0.0,0.1003,0.0,0.0,0.0,False
19,290,5.1,-0.1363,1.5541,0.0,1.3583,0.0,0.0,0.0,False
19,291,5.0825,0.6349,3.3605,0.0183,0.578,0.0,0.0231,0.021,False
19,292,5.0651,0.4309,2.7405,0.0,0.1072,0.0,0.0,0.0,False
19,293,5.0478,-0.6015,0.976,0.0,1.8268,0.0,0.0,0.0,False
19,294,5.0306,0.6447,3.3937,0.0252,2.0757,0.0,0.0231,0.042,False
19,295,5.0136,-2.6456,0.1264,0.0,0.4996,0.0,0.0,0.0,False
19,296,4.9966,-0.1493,1.5341,0.0,0.4264,0.0,0.0,0.0,False
19,297,4.9798,-2.3752,0.1656,0.0,0.9926,0.0,0.0,0.0,False
19,298,4.9631,-0.3337,1.2758,0.0,1.9032,0.0,0.0,0.0,False
19,299,4.9465,-0.8934,0.7289,0.0,0.3375,0.0,0.0,0.0,False
19,300,4.93,0.8948,4.3581,0.1808,1.0331,0.1667,0.2037,0.1538,False
19,301,4.9136,-0.0716,1.658,0.0,0.4041,0.0,0.0,0.0,False
19,302,4.8974,0.3562,2.5431,0.0023,0.3426,0.0,0.0,0.007,False
19,303,4.8812,-2.4642,0.1515,0.0,0.7981,0.0,0.0,0.0,False
19,304,4.8651,-2.8543,0.1026,0.0,0.4049,0.0,0.0,0.0,False
19,305,4.8492,1.4211,7.3767,0.9748,0.1687,0.9872,0.9769,0.965,True
19,306,4.8333,0.0323,1.8396,0.0,0.4901,0.0,0.0,0.0,False
19,307,4.8176,-0.3438,1.2629,0.0,0.1516,0.0,0.0,0.0,False
19,308,4.8019,0.4119,2.6887,0.0,0.3717,0.0,0.0,0.0,False
19,309,4.7864,0.1716,2.1146,0.0,0.1509,0.0,0.0,0.0,False
19,310,4.771,0.13,2.0283,0.0,0.4967,0.0,0.0,0.0,False
19,311,4.7556,-0.4797,1.1024,0.0,4.5644,0.0,0.0,0.0,False
19,312,4.7404,-2.6851,0.1215,0.0,0.1464,0.0,0.0,0.0,False
19,313,4.7252,-2.1338,0.2109,0.0,1.4489,0.0,0.0,0.0,False
19,314,4.7102,-2.7373,0.1153,0.0,0.5453,0.0,0.0,0.0,False
19,315,4.6952,0.6945,3.5669,0.0503,4.162,0.0513,0.0231,0.0909,False
19,316,4.6804,-0.0059,1.7706,0.0,2.3739,0.0,0.0,0.0,False
19,317,4.6656,-0.6168,0.9612,0.0,0.3894,0.0,0.0,0.0,False
19,318,4.6509,1.9419,12.4176,1.0,0.3178,1.0,1.0,1.0,True
19,319,4.6364,-2.6504,0.1258,0.0,0.2341,0.0,0.0,0.0,False
19,320,4.6219,-0.4613,1.1229,0.0,0.1508,0.0,0.0,0.0,False
19,321,4.6075,-1.0787,0.6056,0.0,0.1643,0.0,0.0,0.0,False
19,322,4.5932,0.929,4.5095,0.27,0.3692,0.2564,0.338,0.1748,False
19,323,4.5789,-2.859,0.1021,0.0,0.6742,0.0,0.0,0.0,False
19,324,4.5648,0.4301,2.7381,0.0,2.4034,0.0,0.0,0.0,False
19,325,4.5508,-0.2053,1.4505,0.0,0.0673,0.0,0.0,0.0,False
19,326,4.5368,0.4326,2.7452,0.0023,0.7253,0.0,0.0046,0.0,False
19,327,4.5229,1.1313,5.5207,0.6362,1.5189,0.7436,0.6065,0.6224,False
19,328,4.5091,-0.6798,0.9025,0.0023,0.3357,0.0,0.0046,0.0,False
19,329,4.4954,-1.0967,0.5948,0.0,0.9892,0.0,0.0,0.0,False
19,330,4.4818,-0.4064,1.1863,0.0,2.8679,0.0,0.0,0.0,False
19,331,4.4683,-2.5861,0.1341,0.0,0.856,0.0,0.0,0.0,False
19,332,4.4548,-0.0785,1.6466,0.0023,0.9765,0.0,0.0046,0.0,False
19,333,4.4414,-0.1571,1.5221,0.0,3.2015,0.0,0.0,0.0,False
19,334,4.4281,-0.1409,1.547,0.0,1.7773,0.0,0.0,0.0,False
19,335,4.4149,-1.2952,0.4878,0.0,0.678,0.0,0.0,0.0,False
19,336,4.4018,-2.5551,0.1384,0.0,1.9043,0.0,0.0,0.0,False
19,337,4.3887,0.324,2.4625,0.0,1.3846,0.0,0.0,0.0,False
19,338,4.3757,-1.6608,0.3384,0.0,2.8574,0.0,0.0,0.0,False
19,339,4.3628,-0.2927,1.3291,0.0,5.0291,0.0,0.0,0.0,False
19,340,4.35,-1.5846,0.3652,0.0,1.0487,0.0,0.0,0.0,False
19,341,4.3372,-2.8007,0.1082,0.0,0.1212,0.0,0.0,0.0,False
19,342,4.3246,-1.0186,0.6432,0.0,0.2758,0.0,0.0,0.0,False
19,343,4.312,-1.1904,0.5416,0.0,0.6605,0.0,0.0,0.0,False
19,344,4.2994,0.5024,2.9436,0.0023,0.3571,0.0,0.0,0.007,False
19,345,4.287,-0.3222,1.2905,0.0,3.089,0.0,0.0,0.0,False
19,346,4.2746,-0.1399,1.5486,0.0,0.9843,0.0,0.0,0.0,False
19,347,4.2622,0.5468,3.077,0.0595,1.8089,0.0128,0.0556,0.0909,False
19,348,4.25,-1.3958,0.4411,0.0,1.0912,0.0,0.0,0.0,False
19,349,4.2378,-1.6062,0.3574,0.0,1.2931,0.0,0.0,0.0,False
19,350,4.2257,-0.3014,1.3176,0.0,0.8088,0.0,0.0,0.0,False
19,351,4.2137,-0.4073,1.1852,0.0,0.8652,0.0,0.0,0.0,False
19,352,4.2017,0.0684,1.9072,0.0,0.7402,0.0,0.0,0.0,False
19,353,4.1898,-0.4096,1.1825,0.0,0.7709,0.0,0.0,0.0,False
19,354,4.178,-2.2436,0.1889,0.0,0.1014,0.0,0.0,0.0,False
19,355,4.1662,-0.5716,1.0057,0.0,0.1417,0.0,0.0,0.0,False
19,356,4.1545,-1.1387,0.5704,0.0,0.3728,0.0,0.0,0.0,False
19,357,4.1429,-0.4901,1.091,0.0,0.0072,0.0,0.0,0.0,False
19,358,4.1313,0.7716,3.8527,0.0961,0.0441,0.0769,0.1019,0.0979,False
19,359,4.1198,-0.3056,1.3121,0.0,0.7815,0.0,0.0,0.0,False
19,360,4.1083,-1.8365,0.2839,0.0,1.5721,0.0,0.0,0.0,False
19,361,4.097,-0.7654,0.8285,0.0,0.0013,0.0,0.0,0.0,False
19,362,4.0856,0.4576,2.8145,0.0092,0.9004,0.0,0.0,0.028,False
19,363,4.0744,-2.49,0.1477,0.0,0.3948,0.0,0.0,0.0,False
19,364,4.0632,-1.3173,0.4771,0.0,0.0459,0.0,0.0,0.0,False
19,365,4.0521,0.521,2.9988,0.0526,0.0681,0.0256,0.0787,0.028,False
19,366,4.041,-2.1908,0.1992,0.0,0.2309,0.0,0.0,0.0,False
19,367,4.03,-1.6701,0.3353,0.0,1.169,0.0,0.0,0.0,False
19,368,4.019,-0.2712,1.358,0.0,0.4641,0.0,0.0,0.0,False
19,369,4.0081,0.0254,1.8268,0.0,1.5016,0.0,0.0,0.0,False
19,370,3.9973,0.2186,2.2162,0.0,1.5581,0.0,0.0,0.0,False
19,371,3.9865,0.5219,3.0015,0.0046,2.851,0.0128,0.0046,0.0,False
19,372,3.9758,-0.3627,1.2392,0.0,0.1202,0.0,0.0,0.0,False
19,373,3.9651,-0.4406,1.1464,0.0,0.8585,0.0,0.0,0.0,False
19,374,3.9545,0.2861,2.3709,0.0,1.1225,0.0,0.0,0.0,False
19,375,3.944,-0.8207,0.7839,0.0,0.3986,0.0,0.0,0.0,False
19,376,3.9335,-0.5285,1.05,0.0,0.2771,0.0,0.0,0.0,False
19,377,3.9231,-1.1326,0.5738,0.0,0.1663,0.0,0.0,0.0,False
19,378,3.9127,0.7492,3.7675,0.032,0.041,0.0385,0.0231,0.042,False
19,379,3.9024,0.007,1.7936,0.0,0.9861,0.0,0.0,0.0,False
19,380,3.8921,-3.4732,0.0552,0.0,0.4634,0.0,0.0,0.0,False
19,381,3.8819,-0.1962,1.4637,0.0,1.9062,0.0,0.0,0.0,False
19,382,3.8717,-1.2522,0.5092,0.0,1.0049,0.0,0.0,0.0,False
19,383,3.8616,-0.4286,1.1602,0.0,0.6646,0.0,0.0,0.0,False
19,384,3.8516,-1.0469,0.6252,0.0,1.2129,0.0,0.0,0.0,False
19,385,3.8416,0.3578,2.5474,0.0,0.9371,0.0,0.0,0.0,False
19,386,3.8316,-2.6453,0.1264,0.0,4.1119,0.0,0.0,0.0,False
19,387,3.8217,0.1006,1.9695,0.0,1.9764,0.0,0.0,0.0,False
19,388,3.8119,1.0139,4.9092,0.3799,0.1352,0.3462,0.3843,0.3916,False
19,389,3.8021,-0.4998,1.0805,0.0,0.9146,0.0,0.0,0.0,False
19,390,3.7923,-0.7931,0.8058,0.0,0.3531,0.0,0.0,0.0,False
19,391,3.7826,-0.3775,1.2211,0.0,1.4207,0.0,0.0,0.0,False
19,392,3.773,-1.7786,0.3008,0.0,0.6249,0.0,0.0,0.0,False
19,393,3.7634,0.9724,4.7097,0.2586,3.5295,0.2692,0.2731,0.2308,False
19,394,3.7538,-0.1893,1.474,0.0,2.5325,0.0,0.0,0.0,False
19,395,3.7443,-0.056,1.6841,0.0,2.7059,0.0,0.0,0.0,False
19,396,3.7348,-1.788,0.298,0.0,0.2842,0.0,0.0,0.0,False
19,397,3.7254,0.1685,2.1079,0.0,2.3904,0.0,0.0,0.0,False
19,398,3.7161,-1.0746,0.6081,0.0,0.0661,0.0,0.0,0.0,False
19,399,3.7068,-1.098,0.5941,0.0,0.5314,0.0,0.0,0.0,False
19,400,3.6975,-1.5345,0.3839,0.0,0.2768,0.0,0.0,0.0,False
19,401,3.6883,-0.5626,1.0147,0.0,0.8939,0.0,0.0,0.0,False
19,402,3.6791,-0.0237,1.7394,0.0,3.2634,0.0,0.0,0.0,False
19,403,3.67,0.9208,4.4727,0.2105,0.0544,0.2436,0.2176,0.1818,False
19,404,3.6609,0.5197,2.9949,0.0137,0.1782,0.0,0.0093,0.028,False
19,405,3.6519,-2.4208,0.1583,0.0,0.6542,0.0,0.0,0.0,False
19,406,3.6429,-0.2213,1.4275,0.0,1.8952,0.0,0.0,0.0,False
19,407,3.6339,-2.4881,0.1479,0.0,0.2925,0.0,0.0,0.0,False
19,408,3.625,-1.0477,0.6247,0.0,0.38,0.0,0.0,0.0,False
19,409,3.6161,0.929,4.5096,0.1945,1.9379,0.1538,0.2083,0.1958,False
19,410,3.6073,-0.7695,0.8251,0.0,3.462,0.0,0.0,0.0,False
19,411,3.5985,0.3545,2.5389,0.0641,0.2097,0.0,0.0648,0.0979,False
19,412,3.5898,0.7692,3.8435,0.0778,0.1493,0.0513,0.0833,0.0839,False
19,413,3.5811,-1.6489,0.3424,0.0,1.0873,0.0,0.0,0.0,False
19,414,3.5725,0.148,2.0653,0.0,0.1998,0.0,0.0,0.0,False
19,415,3.5639,-0.0345,1.7207,0.0023,0.2978,0.0,0.0046,0.0,False
19,416,3.5553,-1.319,0.4763,0.0,0.6818,0.0,0.0,0.0,False
19,417,3.5468,-1.3693,0.4529,0.0,0.7197,0.0,0.0,0.0,False
19,418,3.5383,0.6738,3.4939,0.0481,0.0761,0.0256,0.0741,0.021,False
19,419,3.5298,-1.6967,0.3264,0.0,0.2269,0.0,0.0,0.0,False
19,420,3.5214,0.0525,1.8771,0.0,1.7194,0.0,0.0,0.0,False
19,421,3.5131,-0.4451,1.1412,0.0,0.2885,0.0,0.0,0.0,False
19,422,3.5047,-0.2385,1.4031,0.0069,2.0111,0.0128,0.0,0.014,False
19,423,3.4965,-0.1499,1.5332,0.0,0.6254,0.0,0.0,0.0,False
19,424,3.4882,1.0288,4.9827,0.3982,1.2985,0.4359,0.4213,0.3427,False
19,425,3.48,1.0531,5.1055,0.4005,0.3554,0.5,0.3472,0.4266,False
19,426,3.4718,0.1509,2.0712,0.0,0.1942,0.0,0.0,0.0,False
19,427,3.4637,-0.7165,0.87,0.0,0.7332,0.0,0.0,0.0,False
19,428,3.4556,-1.9617,0.2505,0.0,0.2808,0.0,0.0,0.0,False
19,429,3.4476,0.0282,1.832,0.0,2.1594,0.0,0.0,0.0,False
19,430,3.4395,-0.35,1.2551,0.0,0.2642,0.0,0.0,0.0,False
19,431,3.4316,-1.6197,0.3526,0.0,1.3799,0.0,0.0,0.0,False
19,432,3.4236,-1.9224,0.2605,0.0,0.2959,0.0,0.0,0.0,False
19,433,3.4157,0.2527,2.2932,0.0,2.3598,0.0,0.0,0.0,False
19,434,3.4078,-2.1517,0.2071,0.0,3.084,0.0,0.0,0.0,False
19,435,3.4,0.6514,3.4163,0.0366,0.394,0.0128,0.0231,0.0699,False
19,436,3.3922,1.3293,6.7295,0.8741,2.117,0.9359,0.8519,0.8741,False
19,437,3.3844,-0.3053,1.3125,0.0,0.2541,0.0,0.0,0.0,False
19,438,3.3767,0.0579,1.8873,0.0023,0.2535,0.0,0.0,0.007,False
19,439,3.369,0.0827,1.9346,0.0,2.4726,0.0,0.0,0.0,False
19,440,3.3614,-0.4429,1.1438,0.0,0.4661,0.0,0.0,0.0,False
19,441,3.3537,0.3856,2.6191,0.0069,1.1966,0.0,0.0139,0.0,False
19,442,3.3462,1.3288,6.7262,0.9359,0.9929,0.9744,0.9167,0.9441,True
19,443,3.3386,-1.5819,0.3662,0.0,0.2401,0.0,0.0,0.0,False
19,444,3.3311,-0.4213,1.1687,0.0,0.0833,0.0,0.0,0.0,False
19,445,3.3236,-1.0781,0.606,0.0,1.1172,0.0,0.0,0.0,False
19,446,3.3161,0.2704,2.334,0.0,2.5307,0.0,0.0,0.0,False
19,447,3.3087,-2.3367,0.1721,0.0,0.5178,0.0,0.0,0.0,False
19,448,3.3013,-1.5115,0.3929,0.0,0.7496,0.0,0.0,0.0,False
19,449,3.294,-1.9258,0.2596,0.0,0.5489,0.0,0.0,0.0,False
19,450,3.2867,1.0859,5.2757,0.5149,0.3114,0.6282,0.4907,0.4895,False
19,451,3.2794,-0.9343,0.6997,0.0,0.1087,0.0,0.0,0.0,False
19,452,3.2721,0.396,2.6465,0.0023,1.2706,0.0128,0.0,0.0,False
19,453,3.2649,-2.0978,0.2186,0.0,1.473,0.0,0.0,0.0,False
19,454,3.2577,0.6477,3.4039,0.0114,0.4215,0.0,0.0093,0.021,False
19,455,3.2505,-0.1254,1.5711,0.0,1.7319,0.0,0.0,0.0,False
19,456,3.2434,0.4145,2.6957,0.0,0.8952,0.0,0.0,0.0,False
19,457,3.2363,-1.1522,0.5627,0.0,1.6697,0.0,0.0,0.0,False
19,458,3.2293,-0.7529,0.8389,0.0,2.0316,0.0,0.0,0.0,False
19,459,3.2222,-0.8051,0.7962,0.0,0.4525,0.0,0.0,0.0,False
19,460,3.2152,-2.3941,0.1625,0.0,0.684,0.0,0.0,0.0,False
19,461,3.2082,-0.2603,1.3728,0.0,6.1059,0.0,0.0,0.0,False
19,462,3.2013,1.1137,5.4247,0.5721,0.2297,0.6923,0.537,0.5594,False
19,463,3.1944,-0.802,0.7987,0.0,0.0956,0.0,0.0,0.0,False
19,464,3.1875,-1.781,0.3001,0.0,0.8773,0.0,0.0,0.0,False
19,465,3.1806,-2.0075,0.2392,0.0,0.1443,0.0,0.0,0.0,False
19,466,3.1738,-1.8692,0.2747,0.0,0.8582,0.0,0.0,0.0,False
19,467,3.167,0.953,4.619,0.2586,1.7573,0.1923,0.3148,0.2098,False
19,468,3.1603,-0.4143,1.1769,0.0,0.2737,0.0,0.0,0.0,False
19,469,3.1535,-1.1078,0.5883,0.0,0.211,0.0,0.0,0.0,False
19,470,3.1468,0.6448,3.3941,0.0412,0.2376,0.0,0.0417,0.0629,False
19,471,3.1401,-1.5954,0.3613,0.0,2.2596,0.0,0.0,0.0,False
19,472,3.1335,-1.1759,0.5496,0.0,0.1284,0.0,0.0,0.0,False
19,473,3.1268,-0.0532,1.6889,0.0,0.7356,0.0,0.0,0.0,False
19,474,3.1203,0.7376,3.7241,0.0412,0.5947,0.0513,0.037,0.042,False
19,475,3.1137,-1.1255,0.578,0.0,1.0446,0.0,0.0,0.0,False
19,476,3.1071,-0.6597,0.9208,0.0,1.9143,0.0,0.0,0.0,False
19,477,3.1006,-0.0039,1.7741,0.0,1.1156,0.0,0.0,0.0,False
19,478,3.0941,0.5021,2.9427,0.0183,2.3883,0.0128,0.0324,0.0,False
19,479,3.0877,-1.4966,0.3988,0.0,0.2125,0.0,0.0,0.0,False
19,480,3.0812,1.8049,10.8283,1.0,0.2237,1.0,1.0,1.0,True
19,481,3.0748,-2.3351,0.1724,0.0,0.7868,0.0,0.0,0.0,False
19,482,3.0685,0.2191,2.2174,0.0046,0.2285,0.0,0.0046,0.007,False
19,483,3.0621,-1.8907,0.2689,0.0,0.4962,0.0,0.0,0.0,False
19,484,3.0558,-0.3768,1.2219,0.0,0.6773,0.0,0.0,0.0,False
19,485,3.0495,-1.7059,0.3235,0.0,0.2564,0.0,0.0,0.0,False
19,486,3.0432,-0.4891,1.0921,0.0,2.6514,0.0,0.0,0.0,False
19,487,3.037,0.0677,1.9058,0.0,0.6198,0.0,0.0,0.0,False
19,488,3.0307,-1.3801,0.4481,0.0,0.4036,0.0,0.0,0.0,False
19,489,3.0245,0.5209,2.9985,0.0023,1.1088,0.0,0.0046,0.0,False
19,490,3.0184,-2.5641,0.1371,0.0,1.3145,0.0,0.0,0.0,False
19,491,3.0122,-1.1989,0.537,0.0,0.2547,0.0,0.0,0.0,False
19,492,3.0061,-1.2718,0.4993,0.0,1.3139,0.0,0.0,0.0,False
19,493,3.0,-2.8607,0.1019,0.0,0.1996,0.0,0.0,0.0,False
19,494,2.9939,0.4805,2.8797,0.0114,0.9504,0.0,0.0093,0.021,False
19,495,2.9879,-2.3066,0.1774,0.0,0.9576,0.0,0.0,0.0,False
19,496,2.9819,0.4705,2.851,0.0023,0.8509,0.0,0.0,0.007,False
19,497,2.9759,-1.1989,0.5371,0.0,1.1593,0.0,0.0,0.0,False
19,498,2.9699,-1.0796,0.6051,0.0,0.8271,0.0,0.0,0.0,False
19,499,2.9639,-2.1578,0.2059,0.0,0.9128,0.0,0.0,0.0,False
19,500,2.958,-0.5722,1.005,0.0,0.5417,0.0,0.0,0.0,False
19,501,2.9521,-1.4069,0.4362,0.0,3.5488,0.0,0.0,0.0,False
19,502,2.9462,0.8112,4.0086,0.0984,1.1992,0.0897,0.1019,0.0979,False
19,503,2.9404,-0.2422,1.3979,0.0,0.8063,0.0,0.0,0.0,False
19,504,2.9345,0.719,3.6556,0.0343,1.0158,0.0,0.0602,0.014,False
19,505,2.9287,-0.1613,1.5157,0.0,2.3122,0.0,0.0,0.0,False
19,506,2.9229,0.7376,3.7242,0.032,1.2074,0.0,0.0417,0.035,False
19,507,2.9172,-1.9068,0.2646,0.0,0.6718,0.0,0.0,0.0,False
19,508,2.9114,1.4777,7.8059,0.9703,0.0118,1.0,0.9583,0.972,True
19,509,2.9057,0.3035,2.4126,0.0023,0.4417,0.0,0.0,0.007,False
19,510,2.9,-0.5593,1.0181,0.0,0.4349,0.0,0.0,0.0,False
19,511,2.8943,0.3824,2.6108,0.0,0.4098,0.0,0.0,0.0,False
19,512,2.8887,-1.3743,0.4506,0.0,0.8376,0.0,0.0,0.0,False
19,513,2.883,-0.289,1.334,0.0023,1.4219,0.0,0.0046,0.0,False
19,514,2.8774,-0.7757,0.82,0.0,1.3123,0.0,0.0,0.0,False
19,515,2.8718,-0.7043,0.8806,0.0,0.0029,0.0,0.0,0.0,False
19,516,2.8663,0.1732,2.1179,0.0,1.4656,0.0,0.0,0.0,False
19,517,2.8607,-1.5489,0.3785,0.0,0.9486,0.0,0.0,0.0,False
19,518,2.8552,-1.6348,0.3473,0.0,1.0943,0.0,0.0,0.0,False
19,519,2.8497,-2.5744,0.1357,0.0,0.9687,0.0,0.0,0.0,False
19,520,2.8442,-0.6896,0.8937,0.0,0.2761,0.0,0.0,0.0,False
19,521,2.8388,-0.1916,1.4706,0.0,1.9544,0.0,0.0,0.0,False
19,522,2.8333,-2.2182,0.1938,0.0,0.2308,0.0,0.0,0.0,False
19,523,2.8279,0.2138,2.2056,0.0023,0.147,0.0,0.0046,0.0,False
19,524,2.8225,0.0071,1.7939,0.0,1.2606,0.0,0.0,0.0,False
19,525,2.8171,-0.5429,1.0349,0.0,0.4201,0.0,0.0,0.0,False
19,526,2.8118,-0.0814,1.6418,0.0,0.1989,0.0,0.0,0.0,False
19,527,2.8065,-0.0378,1.715,0.0,0.0202,0.0,0.0,0.0,False
19,528,2.8011,-2.0087,0.239,0.0,0.3389,0.0,0.0,0.0,False
19,529,2.7958,-0.8063,0.7953,0.0,0.008,0.0,0.0,0.0,False
19,530,2.7906,-0.3516,1.2531,0.0,0.1149,0.0,0.0,0.0,False
19,531,2.7853,-0.9644,0.679,0.0,1.0925,0.0,0.0,0.0,False
19,532,2.7801,-2.1676,0.2038,0.0,0.0501,0.0,0.0,0.0,False
19,533,2.7749,-0.5941,0.9832,0.0,0.8143,0.0,0.0,0.0,False
19,534,2.7697,-0.4449,1.1415,0.0,0.5181,0.0,0.0,0.0,False
19,535,2.7645,-0.6349,0.9439,0.0,0.014,0.0,0.0,0.0,False
19,536,2.7593,-1.6429,0.3445,0.0,1.1305,0.0,0.0,0.0,False
19,537,2.7542,1.0927,5.3118,0.508,1.7025,0.6026,0.5,0.4685,False
19,538,2.7491,0.4264,2.728,0.0069,2.4296,0.0,0.0139,0.0,False
19,539,2.744,-1.1321,0.5742,0.0,0.2174,0.0,0.0,0.0,False
19,540,2.7389,-0.3655,1.2358,0.0,0.2807,0.0,0.0,0.0,False
19,541,2.7338,0.7985,3.9577,0.0664,1.0623,0.0513,0.0833,0.049,False
19,542,2.7288,-0.2628,1.3694,0.0,0.3602,0.0,0.0,0.0,False
19,543,2.7238,-2.5952,0.1329,0.0,0.0717,0.0,0.0,0.0,False
19,544,2.7188,-3.0235,0.0866,0.0,1.7057,0.0,0.0,0.0,False
19,545,2.7138,-0.2745,1.3536,0.0,1.1543,0.0,0.0,0.0,False
19,546,2.7088,0.0582,1.8877,0.0,0.8038,0.0,0.0,0.0,False
19,547,2.7038,0.0504,1.8732,0.0,1.8546,0.0,0.0,0.0,False
19,548,2.6989,-1.1831,0.5456,0.0,0.2574,0.0,0.0,0.0,False
19,549,2.694,-1.7548,0.308,0.0,1.4527,0.0,0.0,0.0,False
19,550,2.6891,-0.1947,1.4659,0.0,0.7498,0.0,0.0,0.0,False
19,551,2.6842,-0.9174,0.7116,0.0,1.9131,0.0,0.0,0.0,False
19,552,2.6793,-2.4092,0.1601,0.0,2.2611,0.0,0.0,0.0,False
19,553,2.6745,0.6615,3.451,0.0435,1.1957,0.0128,0.0463,0.0559,False
19,554,2.6697,-0.9962,0.6577,0.0,1.638,0.0,0.0,0.0,False
19,555,2.6649,-2.2573,0.1864,0.0,2.1828,0.0,0.0,0.0,False
19,556,2.6601,0.2445,2.2745,0.0023,1.5527,0.0,0.0046,0.0,False
19,557,2.6553,0.3305,2.4788,0.0343,1.5867,0.0513,0.0139,0.0559,False
19,558,2.6505,0.1914,2.1569,0.0,1.9929,0.0,0.0,0.0,False
19,559,2.6458,-1.2319,0.5196,0.0,2.7139,0.0,0.0,0.0,False
19,560,2.6411,-3.0599,0.0835,0.0,0.3683,0.0,0.0,0.0,False
19,561,2.6364,-1.1817,0.5464,0.0,0.4277,0.0,0.0,0.0,False
19,562,2.6317,0.0891,1.947,0.0,2.6577,0.0,0.0,0.0,False
19,563,2.627,-1.6986,0.3258,0.0,1.4915,0.0,0.0,0.0,False
19,564,2.6223,-0.8476,0.7631,0.0,0.3316,0.0,0.0,0.0,False
19,565,2.6177,2.2771,17.3618,1.0,0.1551,1.0,1.0,1.0,True
19,566,2.6131,-2.5899,0.1336,0.0,1.3255,0.0,0.0,0.0,False
19,567,2.6085,-0.4949,1.0858,0.0,0.5565,0.0,0.0,0.0,False
19,568,2.6039,-2.7757,0.111,0.0,1.2113,0.0,0.0,0.0,False
19,569,2.5993,-2.101,0.2179,0.0,0.2968,0.0,0.0,0.0,False
19,570,2.5947,-0.4275,1.1615,0.0,2.4226,0.0,0.0,0.0,False
19,571,2.5902,0.0535,1.879,0.0,1.1632,0.0,0.0,0.0,False
19,572,2.5857,0.1572,2.0843,0.0297,0.2672,0.0,0.0,0.0909,False
19,573,2.5812,-0.2853,1.339,0.0,0.3215,0.0,0.0,0.0,False
19,574,2.5767,0.2374,2.2584,0.0,0.7982,0.0,0.0,0.0,False
19,575,2.5722,-2.9349,0.0946,0.0,0.8219,0.0,0.0,0.0,False
19,576,2.5677,-1.9363,0.2569,0.0,2.1603,0.0,0.0,0.0,False
19,577,2.5633,0.4472,2.7855,0.0069,3.2147,0.0,0.0139,0.0,False
19,578,2.5588,0.1016,1.9716,0.0,0.3739,0.0,0.0,0.0,False
19,579,2.5544,0.7438,3.7472,0.0686,1.7376,0.0385,0.0463,0.1189,False
19,580,2.55,-0.4961,1.0845,0.0,0.0808,0.0,0.0,0.0,False
19,581,2.5456,-0.6305,0.9481,0.0,0.585,0.0,0.0,0.0,False
19,582,2.5412,0.4331,2.7466,0.0,4.1481,0.0,0.0,0.0,False
19,583,2.5369,-1.2289,0.5212,0.0,2.6408,0.0,0.0,0.0,False
19,584,2.5325,0.7975,3.9541,0.0481,0.989,0.0256,0.0509,0.0559,False
19,585,2.5282,-0.2504,1.3866,0.0,1.1763,0.0,0.0,0.0,False
19,586,2.5239,-0.1445,1.5415,0.0023,0.2133,0.0,0.0,0.007,False
19,587,2.5196,1.1992,5.9083,0.7208,0.1685,0.8846,0.7315,0.6154,False
19,588,2.5153,-0.0356,1.7189,0.0,0.7602,0.0,0.0,0.0,False
19,589,2.511,0.2466,2.2792,0.0,0.2521,0.0,0.0,0.0,False
19,590,2.5068,-0.3867,1.2098,0.0,0.7194,0.0,0.0,0.0,False
19,591,2.5025,0.5887,3.2089,0.0069,1.1118,0.0,0.0046,0.014,False
19,592,2.4983,-1.1631,0.5566,0.0,0.4307,0.0,0.0,0.0,False
19,593,2.4941,-0.5573,1.0202,0.0,1.2181,0.0,0.0,0.0,False
19,594,2.4899,-1.1411,0.569,0.0,0.9574,0.0,0.0,0.0,False
19,595,2.4857,-0.2769,1.3503,0.0,0.7108,0.0,0.0,0.0,False
19,596,2.4815,-0.2816,1.344,0.0,2.6119,0.0,0.0,0.0,False
19,597,2.4774,0.3724,2.5847,0.0046,0.7176,0.0,0.0046,0.007,False
19,598,2.4732,-0.242,1.3983,0.0,0.1081,0.0,0.0,0.0,False
19,599,2.4691,-0.5667,1.0105,0.0,0.1635,0.0,0.0,0.0,False
19,600,2.465,1.3829,7.1002,0.9153,0.2259,0.9615,0.9444,0.8462,True
19,601,2.4609,-0.0201,1.7457,0.0023,0.6481,0.0128,0.0,0.0,False
19,602,2.4568,-0.2336,1.4101,0.0,0.0997,0.0,0.0,0.0,False
19,603,2.4527,1.0849,5.2704,0.5103,1.4544,0.5641,0.4398,0.5874,False
19,604,2.4487,-0.1776,1.4912,0.0,0.6382,0.0,0.0,0.0,False
19,605,2.4446,-3.3579,0.062,0.0,0.6129,0.0,0.0,0.0,False
19,606,2.4406,-0.3146,1.3003,0.0,0.4744,0.0,0.0,0.0,False
19,607,2.4366,-2.4432,0.1547,0.0,1.1998,0.0,0.0,0.0,False
19,608,2.4326,-0.2794,1.347,0.0,1.0624,0.0,0.0,0.0,False
19,609,2.4286,0.3361,2.4925,0.0023,2.9478,0.0,0.0,0.007,False
19,610,2.4246,-0.2442,1.3952,0.0,0.1489,0.0,0.0,0.0,False
19,611,2.4206,-0.7898,0.8085,0.0,0.6709,0.0,0.0,0.0,False
19,612,2.4167,-0.4071,1.1854,0.0,1.0117,0.0,0.0,0.0,False
19,613,2.4127,0.2706,2.3347,0.0,0.6053,0.0,0.0,0.0,False
19,614,2.4088,-0.9022,0.7225,0.0,0.3708,0.0,0.0,0.0,False
19,615,2.4049,-2.5377,0.1408,0.0,0.104,0.0,0.0,0.0,False
19,616,2.401,-1.0931,0.597,0.0,0.9782,0.0,0.0,0.0,False
19,617,2.3971,-0.6789,0.9033,0.0,0.1062,0.0,0.0,0.0,False
19,618,2.3932,0.1083,1.9848,0.0023,0.6907,0.0,0.0046,0.0,False
19,619,2.3893,0.0435,1.8603,0.0,0.1153,0.0,0.0,0.0,False
19,620,2.3855,-1.6666,0.3364,0.0,3.4495,0.0,0.0,0.0,False
19,621,2.3816,-1.8758,0.2729,0.0,2.87,0.0,0.0,0.0,False
19,622,2.3778,0.3005,2.4055,0.0,0.4798,0.0,0.0,0.0,False
19,623,2.374,-0.6719,0.9097,0.0,0.2246,0.0,0.0,0.0,False
19,624,2.3702,-1.1502,0.5638,0.0,0.235,0.0,0.0,0.0,False
19,625,2.3664,0.2052,2.1867,0.0,0.1035,0.0,0.0,0.0,False
19,626,2.3626,-0.6652,0.9158,0.0,0.8265,0.0,0.0,0.0,False
19,627,2.3589,-1.4347,0.4242,0.0,0.8221,0.0,0.0,0.0,False
19,628,2.3551,-0.6222,0.956,0.0,0.9768,0.0,0.0,0.0,False
19,629,2.3514,-1.1213,0.5804,0.0,1.1675,0.0,0.0,0.0,False
19,630,2.3476,0.6253,3.3284,0.0183,0.1194,0.0,0.0046,0.049,False
19,631,2.3439,-0.6962,0.8878,0.0,1.283,0.0,0.0,0.0,False
19,632,2.3402,1.348,6.8566,0.913,1.885,0.9744,0.9352,0.8462,True
19,633,2.3365,-1.7883,0.2979,0.0,2.6109,0.0,0.0,0.0,False
19,634,2.3328,0.6087,3.2738,0.0229,1.0651,0.0,0.037,0.014,False
19,635,2.3291,0.2603,2.3106,0.0,3.7841,0.0,0.0,0.0,False
19,636,2.3255,-2.5723,0.136,0.0,0.563,0.0,0.0,0.0,False
19,637,2.3218,-0.0216,1.743,0.0,0.7798,0.0,0.0,0.0,False
19,638,2.3182,-0.2121,1.4407,0.0,0.1804,0.0,0.0,0.0,False
19,639,2.3146,0.4046,2.6694,0.0023,2.5036,0.0,0.0,0.007,False
19,640,2.3109,-1.3602,0.457,0.0,1.1034,0.0,0.0,0.0,False
19,641,2.3073,-0.6545,0.9256,0.0,0.5792,0.0,0.0,0.0,False
19,642,2.3037,-1.7871,0.2982,0.0,0.2209,0.0,0.0,0.0,False
19,643,2.3002,0.2453,2.2763,0.0069,2.2791,0.0,0.0139,0.0,False
19,644,2.2966,-1.2872,0.4917,0.0,0.1915,0.0,0.0,0.0,False
19,645,2.293,-1.5961,0.361,0.0,3.7411,0.0,0.0,0.0,False
19,646,2.2895,-0.3964,1.1982,0.0,0.0133,0.0,0.0,0.0,False
19,647,2.2859,-1.4121,0.4339,0.0,3.1646,0.0,0.0,0.0,False
19,648,2.2824,0.8876,4.3268,0.2243,0.1887,0.1667,0.3148,0.1189,False
19,649,2.2789,-1.8341,0.2845,0.0,0.3625,0.0,0.0,0.0,False
19,650,2.2754,0.194,2.1624,0.0,1.2952,0.0,0.0,0.0,False
19,651,2.2719,-0.9161,0.7126,0.0,0.5569,0.0,0.0,0.0,False
19,652,2.2684,-0.7651,0.8287,0.0,1.4817,0.0,0.0,0.0,False
19,653,2.2649,-1.5377,0.3827,0.0,0.3925,0.0,0.0,0.0,False
19,654,2.2615,0.3069,2.4208,0.0,0.904,0.0,0.0,0.0,False
19,655,2.258,-0.6764,0.9056,0.0,0.7457,0.0,0.0,0.0,False
19,656,2.2546,-0.7053,0.8798,0.0,0.8659,0.0,0.0,0.0,False
19,657,2.2511,-1.8439,0.2818,0.0,1.0668,0.0,0.0,0.0,False
19,658,2.2477,-1.6403,0.3454,0.0,0.2599,0.0,0.0,0.0,False
19,659,2.2443,0.524,3.0078,0.0069,1.6785,0.0,0.0139,0.0,False
19,660,2.2409,-1.1894,0.5422,0.0,0.9883,0.0,0.0,0.0,False
19,661,2.2375,0.4483,2.7885,0.0,4.3889,0.0,0.0,0.0,False
19,662,2.2341,-1.0807,0.6044,0.0,0.4303,0.0,0.0,0.0,False
19,663,2.2308,0.0197,1.8165,0.0,1.1009,0.0,0.0,0.0,False
19,664,2.2274,-1.5264,0.3871,0.0,0.2152,0.0,0.0,0.0,False
19,665,2.2241,-2.9948,0.0891,0.0,0.0834,0.0,0.0,0.0,False
19,666,2.2207,0.938,4.5502,0.2174,1.3138,0.2436,0.2037,0.2238,False
19,667,2.2174,-0.0387,1.7135,0.0,2.2789,0.0,0.0,0.0,False
19,668,2.2141,-0.4549,1.1301,0.0,1.3204,0.0,0.0,0.0,False
19,669,2.2108,-0.5352,1.0429,0.0,0.5707,0.0,0.0,0.0,False
19,670,2.2075,-1.6816,0.3314,0.0,0.8434,0.0,0.0,0.0,False
19,671,2.2042,-0.098,1.6149,0.0023,0.2959,0.0,0.0046,0.0,False
19,672,2.2009,1.4164,7.3422,0.9542,0.1535,0.9872,0.9861,0.8881,True
19,673,2.1976,-1.3661,0.4543,0.0,4.3413,0.0,0.0,0.0,False
19,674,2.1944,-0.7637,0.8299,0.0,0.3143,0.0,0.0,0.0,False
19,675,2.1911,-0.6575,0.9228,0.0,0.2962,0.0,0.0,0.0,False
19,676,2.1879,0.9603,4.6532,0.2952,1.8799,0.2949,0.3056,0.2797,False
19,677,2.1846,-1.5637,0.3729,0.0,0.4768,0.0,0.0,0.0,False
19,678,2.1814,-1.3416,0.4656,0.0,3.1591,0.0,0.0,0.0,False
19,679,2.1782,-0.8255,0.7802,0.0,6.4382,0.0,0.0,0.0,False
19,680,2.175,-3.2578,0.0685,0.0,0.0585,0.0,0.0,0.0,False
19,681,2.1718,-1.4885,0.402,0.0,0.8502,0.0,0.0,0.0,False
19,682,2.1686,-0.2694,1.3604,0.0,3.7627,0.0,0.0,0.0,False
19,683,2.1654,0.1967,2.1682,0.0,0.2481,0.0,0.0,0.0,False
19,684,2.1623,-0.8447,0.7653,0.0,0.482,0.0,0.0,0.0,False
19,685,2.1591,-0.7808,0.8158,0.0,0.8119,0.0,0.0,0.0,False
19,686,2.156,-2.3228,0.1745,0.0,0.8002,0.0,0.0,0.0,False
19,687,2.1528,-0.4245,1.165,0.0,1.6057,0.0,0.0,0.0,False
19,688,2.1497,-0.8614,0.7526,0.0,0.82,0.0,0.0,0.0,False
19,689,2.1466,-1.3166,0.4774,0.0,0.0315,0.0,0.0,0.0,False
19,690,2.1435,-1.7019,0.3247,0.0,0.4011,0.0,0.0,0.0,False
19,691,2.1404,-1.2234,0.5241,0.0,1.7741,0.0,0.0,0.0,False
19,692,2.1373,0.647,3.4014,0.0252,1.6148,0.0,0.0417,0.014,False
19,693,2.1342,0.5399,3.056,0.0275,1.0411,0.0,0.0463,0.014,False
19,694,2.1311,-0.0398,1.7116,0.0,0.6534,0.0,0.0,0.0,False
19,695,2.1281,-1.9405,0.2558,0.0,0.1312,0.0,0.0,0.0,False
19,696,2.125,-1.9429,0.2552,0.0,0.599,0.0,0.0,0.0,False
19,697,2.122,-1.2965,0.4871,0.0,0.4972,0.0,0.0,0.0,False
19,698,2.1189,-2.2216,0.1931,0.0,0.7615,0.0,0.0,0.0,False
19,699,2.1159,0.4668,2.8407,0.0252,0.2853,0.0256,0.0231,0.028,False
19,700,2.1129,0.8041,3.9803,0.103,0.967,0.0256,0.1667,0.049,False
19,701,2.1098,-1.8988,0.2667,0.0,2.8757,0.0,0.0,0.0,False
19,702,2.1068,0.1582,2.0864,0.0,0.4518,0.0,0.0,0.0,False
19,703,2.1038,-0.4628,1.1212,0.0,1.7061,0.0,0.0,0.0,False
19,704,2.1009,1.6236,9.0321,0.9886,0.0108,1.0,0.9907,0.979,True
19,705,2.0979,0.6383,3.372,0.0503,1.1701,0.0256,0.0324,0.0909,False
19,706,2.0949,-1.1562,0.5605,0.0,1.5614,0.0,0.0,0.0,False
19,707,2.0919,1.2115,5.9821,0.7529,0.2129,0.8974,0.75,0.6783,False
19,708,2.089,-0.7921,0.8066,0.0,0.4906,0.0,0.0,0.0,False
19,709,2.086,-1.0311,0.6351,0.0,0.1148,0.0,0.0,0.0,False
19,710,2.0831,-0.7085,0.8769,0.0,0.0444,0.0,0.0,0.0,False
19,711,2.0802,0.0871,1.9432,0.0,1.2245,0.0,0.0,0.0,False
19,712,2.0772,-0.4614,1.1228,0.0,0.1597,0.0,0.0,0.0,False
19,713,2.0743,-2.4908,0.1476,0.0,0.382,0.0,0.0,0.0,False
19,714,2.0714,0.1502,2.0698,0.0023,0.3936,0.0,0.0,0.007,False
19,715,2.0685,-1.8128,0.2907,0.0,0.4051,0.0,0.0,0.0,False
19,716,2.0656,-0.223,1.425,0.0023,0.3958,0.0,0.0046,0.0,False
19,717,2.0628,-1.4962,0.3989,0.0,0.3193,0.0,0.0,0.0,False
19,718,2.0599,1.0942,5.3198,0.5057,1.7841,0.5128,0.4583,0.5734,False
19,719,2.057,-0.1008,1.6103,0.0,1.9077,0.0,0.0,0.0,False
19,720,2.0542,0.8943,4.3559,0.1465,0.3733,0.0769,0.1806,0.1329,False
19,721,2.0513,0.1806,2.1336,0.0,3.7266,0.0,0.0,0.0,False
19,722,2.0485,-0.215,1.4365,0.0,0.5271,0.0,0.0,0.0,False
19,723,2.0456,-1.0054,0.6517,0.0,1.6937,0.0,0.0,0.0,False
19,724,2.0428,-1.4193,0.4308,0.0,0.301,0.0,0.0,0.0,False
19,725,2.04,-3.166,0.0751,0.0,0.1141,0.0,0.0,0.0,False
19,726,2.0372,-2.7787,0.1106,0.0,0.1244,0.0,0.0,0.0,False
19,727,2.0344,1.2095,5.97,0.6842,0.3205,0.7308,0.7315,0.5874,False
19,728,2.0316,0.9018,4.3886,0.2471,0.6658,0.1923,0.25,0.2727,False
19,729,2.0288,-1.9404,0.2559,0.0,1.1493,0.0,0.0,0.0,False
19,730,2.026,0.1712,2.1137,0.0,0.1778,0.0,0.0,0.0,False
19,731,2.0233,-0.9981,0.6565,0.0,3.6772,0.0,0.0,0.0,False
19,732,2.0205,0.0444,1.8619,0.0023,0.5121,0.0,0.0,0.007,False
19,733,2.0177,-0.0231,1.7403,0.0,2.4499,0.0,0.0,0.0,False
19,734,2.015,-0.3926,1.2028,0.0,1.0281,0.0,0.0,0.0,False
19,735,2.0122,0.3961,2.6467,0.0046,4.0762,0.0128,0.0046,0.0,False
19,736,2.0095,-0.4217,1.1683,0.0,0.6464,0.0,0.0,0.0,False
19,737,2.0068,-0.0406,1.7102,0.0,1.2213,0.0,0.0,0.0,False
19,738,2.0041,1.0767,5.2276,0.5172,0.7824,0.5641,0.5093,0.5035,False
19,739,2.0014,0.341,2.5048,0.0023,0.5554,0.0,0.0046,0.0,False
20,1,548.0,-0.0307,1.7273,0.0,0.2371,0.0,0.0,0.0,False
20,2,274.0,-0.5988,0.9786,0.0023,0.026,0.0,0.0,0.007,False
20,3,182.6667,0.0096,1.7983,0.016,4.4148,0.0,0.0185,0.021,False
20,4,137.0,-1.8252,0.2871,0.0,1.966,0.0,0.0,0.0,False
20,5,109.6,-1.9382,0.2564,0.0,1.5246,0.0,0.0,0.0,False
20,6,91.3333,-0.7488,0.8423,0.0,0.8251,0.0,0.0,0.0,False
20,7,78.2857,-0.026,1.7353,0.0,0.4663,0.0,0.0,0.0,False
20,8,68.5,0.1102,1.9886,0.0,1.0887,0.0,0.0,0.0,False
20,9,60.8889,-0.5639,1.0134,0.0,0.0147,0.0,0.0,0.0,False
20,10,54.8,-0.5594,1.018,0.0,0.6293,0.0,0.0,0.0,False
20,11,49.8182,-0.2603,1.3729,0.0,0.4273,0.0,0.0,0.0,False
20,12,45.6667,-0.7894,0.8088,0.0,0.9805,0.0,0.0,0.0,False
20,13,42.1538,-1.2767,0.4969,0.0,0.0671,0.0,0.0,0.0,False
20,14,39.1429,-2.5366,0.141,0.0,0.2068,0.0,0.0,0.0,False
20,15,36.5333,-1.509,0.3939,0.0,1.5507,0.0,0.0,0.0,False
20,16,34.25,-0.9878,0.6632,0.0,2.0767,0.0,0.0,0.0,False
20,17,32.2353,0.9656,4.6776,0.2998,1.3694,0.2821,0.2685,0.3566,False
20,18,30.4444,-0.5101,1.0694,0.0,0.214,0.0,0.0,0.0,False
20,19,28.8421,-1.5621,0.3735,0.0,2.6245,0.0,0.0,0.0,False
20,20,27.4,-0.493,1.0879,0.0,0.2028,0.0,0.0,0.0,False
20,21,26.0952,-1.0158,0.6449,0.0,0.1969,0.0,0.0,0.0,False
20,22,24.9091,-1.79,0.2974,0.0,2.193,0.0,0.0,0.0,False
20,23,23.8261,-0.0475,1.6985,0.0,0.2148,0.0,0.0,0.0,False
20,24,22.8333,-1.0647,0.6142,0.0,0.5325,0.0,0.0,0.0,False
20,25,21.92,-0.3802,1.2177,0.0,4.5022,0.0,0.0,0.0,False
20,26,21.0769,0.6933,3.5627,0.1556,1.039,0.1154,0.1898,0.1259,False
20,27,20.2963,1.0061,4.8713,0.3455,3.847,0.3718,0.338,0.3427,False
20,28,19.5714,0.389,2.6279,0.0023,0.027,0.0,0.0046,0.0,False
20,29,18.8966,1.1016,5.3594,0.5332,1.7786,0.6026,0.4722,0.5874,False
20,30,18.2667,0.5865,3.2019,0.0206,1.2137,0.0256,0.0231,0.014,False
20,31,17.6774,-1.2677,0.5013,0.0,1.0024,0.0,0.0,0.0,False
20,32,17.125,0.3216,2.4566,0.0,2.2212,0.0,0.0,0.0,False
20,33,16.6061,-2.024,0.2353,0.0,0.0961,0.0,0.0,0.0,False
20,34,16.1176,0.7324,3.7047,0.0458,0.3184,0.0513,0.0509,0.035,False
20,35,15.6571,-0.1018,1.6086,0.0,0.9783,0.0,0.0,0.0,False
20,36,15.2222,0.5199,2.9956,0.0114,0.7148,0.0,0.0046,0.028,False
20,37,14.8108,-0.1289,1.5657,0.0,0.9706,0.0,0.0,0.0,False
20,38,14.4211,-0.8025,0.7983,0.0,0.7746,0.0,0.0,0.0,False
20,39,14.0513,1.055,5.115,0.4439,0.6216,0.4872,0.463,0.3916,False
20,40,13.7,-1.9847,0.2448,0.0,0.2776,0.0,0.0,0.0,False
20,41,13.3659,-1.7997,0.2945,0.0,0.3322,0.0,0.0,0.0,False
20,42,13.0476,-0.8432,0.7664,0.0,0.1474,0.0,0.0,0.0,False
20,43,12.7442,0.4644,2.8338,0.0366,0.0553,0.0,0.0556,0.028,False
20,44,12.4545,0.9239,4.4865,0.2288,2.8188,0.2179,0.1944,0.2867,False
20,45,12.1778,-1.0014,0.6543,0.0,0.4325,0.0,0.0,0.0,False
20,46,11.913,-0.1992,1.4594,0.0,2.1639,0.0,0.0,0.0,False
20,47,11.6596,-0.8746,0.7427,0.0,1.5184,0.0,0.0,0.0,False
20,48,11.4167,-2.6,0.1323,0.0,0.3136,0.0,0.0,0.0,False
20,49,11.1837,-2.0362,0.2325,0.0,0.6718,0.0,0.0,0.0,False
20,50,10.96,-0.0336,1.7223,0.0,3.617,0.0,0.0,0.0,False
20,51,10.7451,-0.5164,1.0627,0.0,0.1806,0.0,0.0,0.0,False
20,52,10.5385,1.5718,8.5767,0.9863,0.0513,0.9872,0.9815,0.993,True
20,53,10.3396,1.0484,5.0814,0.4508,0.4387,0.4744,0.4306,0.4685,False
20,54,10.1481,0.1787,2.1295,0.0,0.7071,0.0,0.0,0.0,False
20,55,9.9636,-0.3454,1.2609,0.0,0.1641,0.0,0.0,0.0,False
20,56,9.7857,-0.5067,1.0731,0.0,0.9994,0.0,0.0,0.0,False
20,57,9.614,-0.1434,1.5431,0.0,0.1745,0.0,0.0,0.0,False
20,58,9.4483,-0.0638,1.671,0.0,0.2483,0.0,0.0,0.0,False
20,59,9.2881,0.9933,4.8092,0.2769,0.2672,0.2179,0.2685,0.3217,False
20,60,9.1333,-1.4389,0.4224,0.0,1.1642,0.0,0.0,0.0,False
20,61,8.9836,1.0006,4.8444,0.3616,1.1198,0.3333,0.3148,0.4476,False
20,62,8.8387,-0.5812,0.996,0.0,1.2529,0.0,0.0,0.0,False
20,63,8.6984,-0.8361,0.7719,0.0,0.3832,0.0,0.0,0.0,False
20,64,8.5625,-2.1457,0.2084,0.0,0.22,0.0,0.0,0.0,False
20,65,8.4308,-2.8505,0.103,0.0,0.4999,0.0,0.0,0.0,False
20,66,8.303,-1.0774,0.6064,0.0,1.0943,0.0,0.0,0.0,False
20,67,8.1791,0.6259,3.3304,0.0069,2.1109,0.0128,0.0046,0.007,False
20,68,8.0588,-0.4217,1.1683,0.0,1.8711,0.0,0.0,0.0,False
20,69,7.942,-0.33,1.2804,0.0,0.0009,0.0,0.0,0.0,False
20,70,7.8286,-2.4516,0.1535,0.0,0.0012,0.0,0.0,0.0,False
20,71,7.7183,-1.1811,0.5467,0.0,2.6061,0.0,0.0,0.0,False
20,72,7.6111,-1.6862,0.3299,0.0,2.9544,0.0,0.0,0.0,False
20,73,7.5068,-0.6815,0.9009,0.0,0.9187,0.0,0.0,0.0,False
20,74,7.4054,-1.0834,0.6028,0.0,1.0595,0.0,0.0,0.0,False
20,75,7.3067,-0.1705,1.5019,0.0,0.8373,0.0,0.0,0.0,False
20,76,7.2105,-0.4463,1.1399,0.0,0.9117,0.0,0.0,0.0,False
20,77,7.1169,0.8664,4.2358,0.1716,0.5785,0.1282,0.2176,0.1259,False
20,78,7.0256,-0.4417,1.1451,0.0,2.4503,0.0,0.0,0.0,False
20,79,6.9367,0.178,2.1281,0.0,0.4777,0.0,0.0,0.0,False
20,80,6.85,0.1157,1.9996,0.0,0.3446,0.0,0.0,0.0,False
20,81,6.7654,0.6621,3.4533,0.0046,2.1061,0.0128,0.0046,0.0,False
20,82,6.6829,-0.2214,1.4274,0.0,3.5431,0.0,0.0,0.0,False
20,83,6.6024,0.6165,3.2992,0.0412,0.0603,0.0128,0.0694,0.014,False
20,84,6.5238,-2.5132,0.1443,0.0,2.3551,0.0,0.0,0.0,False
20,85,6.4471,-0.9407,0.6953,0.0,0.7494,0.0,0.0,0.0,False
20,86,6.3721,0.5756,3.167,0.0046,1.6482,0.0,0.0093,0.0,False
20,87,6.2989,-1.6506,0.3418,0.0,0.6509,0.0,0.0,0.0,False
20,88,6.2273,-1.3347,0.4689,0.0,0.4185,0.0,0.0,0.0,False
20,89,6.1573,-3.4525,0.0564,0.0,0.6911,0.0,0.0,0.0,False
20,90,6.0889,-0.9325,0.701,0.0,5.6028,0.0,0.0,0.0,False
20,91,6.022,-2.2272,0.1921,0.0,0.3235,0.0,0.0,0.0,False
20,92,5.9565,-0.8571,0.7559,0.0,0.8408,0.0,0.0,0.0,False
20,93,5.8925,-1.0755,0.6076,0.0,0.1502,0.0,0.0,0.0,False
20,94,5.8298,-1.5275,0.3866,0.0,0.0455,0.0,0.0,0.0,False
20,95,5.7684,-3.3354,0.0634,0.0,2.3787,0.0,0.0,0.0,False
20,96,5.7083,0.3769,2.5963,0.0,0.7042,0.0,0.0,0.0,False
20,97,5.6495,-1.3251,0.4734,0.0,0.0099,0.0,0.0,0.0,False
20,98,5.5918,0.1087,1.9856,0.0,2.658,0.0,0.0,0.0,False
20,99,5.5354,0.4731,2.8585,0.0,0.267,0.0,0.0,0.0,False
20,100,5.48,-0.1915,1.4707,0.0,0.0107,0.0,0.0,0.0,False
20,101,5.4257,0.2628,2.3163,0.0,0.8325,0.0,0.0,0.0,False
20,102,5.3725,0.0907,1.9502,0.0,1.6252,0.0,0.0,0.0,False
20,103,5.3204,-0.2955,1.3254,0.0,0.121,0.0,0.0,0.0,False
20,104,5.2692,0.8849,4.315,0.1648,0.2998,0.1154,0.2176,0.1119,False
20,105,5.219,-0.573,1.0042,0.0,0.306,0.0,0.0,0.0,False
20,106,5.1698,0.388,2.6253,0.0046,0.5329,0.0,0.0,0.014,False
20,107,5.1215,-0.673,0.9087,0.0,2.4252,0.0,0.0,0.0,False
20,108,5.0741,-1.1204,0.5809,0.0,0.7809,0.0,0.0,0.0,False
20,109,5.0275,0.7358,3.7173,0.0595,0.4903,0.0256,0.0556,0.0839,False
20,110,4.9818,-1.0661,0.6133,0.0,2.837,0.0,0.0,0.0,False
20,111,4.9369,-3.536,0.0519,0.0,1.4495,0.0,0.0,0.0,False
20,112,4.8929,-2.9375,0.0944,0.0,1.5957,0.0,0.0,0.0,False
20,113,4.8496,0.0462,1.8653,0.0,1.0439,0.0,0.0,0.0,False
20,114,4.807,-0.6667,0.9144,0.0,0.932,0.0,0.0,0.0,False
20,115,4.7652,-0.504,1.076,0.0,1.3329,0.0,0.0,0.0,False
20,116,4.7241,0.1436,2.0561,0.0023,0.6093,0.0,0.0,0.007,False
20,117,4.6838,0.0159,1.8095,0.0,0.6489,0.0,0.0,0.0,False
20,118,4.6441,-0.9413,0.6948,0.0,0.7461,0.0,0.0,0.0,False
20,119,4.605,-0.1867,1.4777,0.0,0.3464,0.0,0.0,0.0,False
20,120,4.5667,-0.8408,0.7683,0.0,1.4168,0.0,0.0,0.0,False
20,121,4.5289,-2.7558,0.1132,0.0,1.2032,0.0,0.0,0.0,False
20,122,4.4918,1.2138,5.9957,0.7689,0.1354,0.7692,0.787,0.7413,False
20,123,4.4553,0.3489,2.5248,0.0023,0.684,0.0128,0.0,0.0,False
20,124,4.4194,-2.9813,0.0904,0.0,0.7324,0.0,0.0,0.0,False
20,125,4.384,-0.2931,1.3285,0.0,0.0999,0.0,0.0,0.0,False
20,126,4.3492,-2.552,0.1388,0.0,2.3084,0.0,0.0,0.0,False
20,127,4.315,0.3545,2.5388,0.0,0.1357,0.0,0.0,0.0,False
20,128,4.2812,-0.9927,0.66,0.0,0.2981,0.0,0.0,0.0,False
20,129,4.2481,-0.2202,1.4291,0.0,0.8523,0.0,0.0,0.0,False
20,130,4.2154,1.1562,5.66,0.6773,0.0559,0.7564,0.6296,0.7063,False
20,131,4.1832,-2.4277,0.1572,0.0,0.0054,0.0,0.0,0.0,False
20,132,4.1515,-0.8611,0.7529,0.0,1.0854,0.0,0.0,0.0,False
20,133,4.1203,-0.4588,1.1257,0.0,0.4164,0.0,0.0,0.0,False
20,134,4.0896,0.7069,3.6114,0.0435,0.124,0.0128,0.0417,0.0629,False
20,135,4.0593,-0.1855,1.4796,0.0,1.5365,0.0,0.0,0.0,False
20,136,4.0294,-1.8754,0.273,0.0,1.3925,0.0,0.0,0.0,False
20,137,4.0,-2.4075,0.1604,0.0,3.2138,0.0,0.0,0.0,False
20,138,3.971,-0.1825,1.4839,0.0,1.4944,0.0,0.0,0.0,False
20,139,3.9424,1.0621,5.1515,0.4714,4.3722,0.5256,0.4537,0.4685,False
20,140,3.9143,0.6439,3.3909,0.0114,1.5528,0.0,0.0093,0.021,False
20,141,3.8865,-2.8632,0.1017,0.0,0.2889,0.0,0.0,0.0,False
20,142,3.8592,0.91,4.4247,0.3295,0.2206,0.1795,0.4259,0.2657,False
20,143,3.8322,-1.2075,0.5325,0.0,0.41,0.0,0.0,0.0,False
20,144,3.8056,1.2029,5.9304,0.7597,0.3798,0.859,0.6852,0.8182,False
20,145,3.7793,1.4366,7.4916,0.9428,0.8624,0.9872,0.9444,0.9161,True
20,146,3.7534,-0.2346,1.4086,0.0,0.1579,0.0,0.0,0.0,False
20,147,3.7279,0.4239,2.7213,0.0,4.6109,0.0,0.0,0.0,False
20,148,3.7027,0.6274,3.3354,0.0023,0.8795,0.0,0.0046,0.0,False
20,149,3.6779,-0.5196,1.0593,0.0,0.2023,0.0,0.0,0.0,False
20,150,3.6533,0.1539,2.0774,0.0,1.234,0.0,0.0,0.0,False
20,151,3.6291,-0.6957,0.8882,0.0,0.1293,0.0,0.0,0.0,False
20,152,3.6053,-0.3462,1.2598,0.0,0.1468,0.0,0.0,0.0,False
20,153,3.5817,0.0197,1.8166,0.0,0.4381,0.0,0.0,0.0,False
20,154,3.5584,-2.8149,0.1067,0.0,0.1638,0.0,0.0,0.0,False
20,155,3.5355,0.0982,1.9649,0.0046,1.155,0.0,0.0093,0.0,False
20,156,3.5128,0.9671,4.6847,0.3021,0.5966,0.2308,0.375,0.2308,False
20,157,3.4904,-2.0752,0.2236,0.0,0.4197,0.0,0.0,0.0,False
20,158,3.4684,-1.6917,0.3281,0.0,0.906,0.0,0.0,0.0,False
20,159,3.4465,-1.1885,0.5426,0.0,0.6779,0.0,0.0,0.0,False
20,160,3.425,-1.1818,0.5463,0.0,1.1969,0.0,0.0,0.0,False
20,161,3.4037,-2.451,0.1535,0.0,0.9778,0.0,0.0,0.0,False
20,162,3.3827,0.4011,2.6601,0.0,0.6371,0.0,0.0,0.0,False
20,163,3.362,-2.4453,0.1544,0.0,0.4296,0.0,0.0,0.0,False
20,164,3.3415,-1.2855,0.4925,0.0,1.2523,0.0,0.0,0.0,False
20,165,3.3212,-0.7158,0.8706,0.0,0.1271,0.0,0.0,0.0,False
20,166,3.3012,-0.5724,1.0048,0.0,0.1791,0.0,0.0,0.0,False
20,167,3.2814,-0.181,1.4861,0.0,0.0162,0.0,0.0,0.0,False
20,168,3.2619,-3.2257,0.0708,0.0,1.2477,0.0,0.0,0.0,False
20,169,3.2426,-0.1218,1.5768,0.0,2.1238,0.0,0.0,0.0,False
20,170,3.2235,-1.5518,0.3773,0.0,0.0562,0.0,0.0,0.0,False
20,171,3.2047,-1.4332,0.4249,0.0,1.2203,0.0,0.0,0.0,False
20,172,3.186,0.2895,2.3791,0.0,2.5856,0.0,0.0,0.0,False
20,173,3.1676,-1.1168,0.583,0.0,1.6739,0.0,0.0,0.0,False
20,174,3.1494,-1.8689,0.2748,0.0,0.2082,0.0,0.0,0.0,False
20,175,3.1314,1.2081,5.9614,0.7208,0.0544,0.7949,0.7037,0.7063,False
20,176,3.1136,0.2521,2.2917,0.0,0.2749,0.0,0.0,0.0,False
20,177,3.096,-0.5694,1.0078,0.0,0.2288,0.0,0.0,0.0,False
20,178,3.0787,-0.23,1.4151,0.0,1.829,0.0,0.0,0.0,False
20,179,3.0615,0.809,3.9996,0.0824,0.7679,0.0256,0.1111,0.0699,False
20,180,3.0444,-3.1992,0.0727,0.0,0.8076,0.0,0.0,0.0,False
20,181,3.0276,-1.544,0.3803,0.0,0.8867,0.0,0.0,0.0,False
20,182,3.011,0.2208,2.2212,0.0023,1.8225,0.0,0.0,0.007,False
20,183,2.9945,1.0105,4.8925,0.3959,1.2537,0.4231,0.4167,0.3497,False
20,184,2.9783,-0.4298,1.1588,0.0,0.1358,0.0,0.0,0.0,False
20,185,2.9622,-1.8914,0.2687,0.0,0.5606,0.0,0.0,0.0,False
20,186,2.9462,0.3728,2.5857,0.0,0.0304,0.0,0.0,0.0,False
20,187,2.9305,-1.3618,0.4563,0.0,0.5453,0.0,0.0,0.0,False
20,188,2.9149,-0.9371,0.6977,0.0,2.2985,0.0,0.0,0.0,False
20,189,2.8995,-2.2821,0.1818,0.0,1.4175,0.0,0.0,0.0,False
20,190,2.8842,-0.1754,1.4945,0.0,0.5371,0.0,0.0,0.0,False
20,191,2.8691,-0.4854,1.0962,0.0,0.2969,0.0,0.0,0.0,False
20,192,2.8542,-0.4116,1.1801,0.0,2.0993,0.0,0.0,0.0,False
20,193,2.8394,-0.5713,1.006,0.0,0.7032,0.0,0.0,0.0,False
20,194,2.8247,-0.7405,0.8493,0.0,0.6428,0.0,0.0,0.0,False
20,195,2.8103,0.0551,1.8819,0.0,0.5812,0.0,0.0,0.0,False
20,196,2.7959,-1.729,0.3161,0.0,0.1586,0.0,0.0,0.0,False
20,197,2.7817,0.3698,2.5781,0.0,0.2061,0.0,0.0,0.0,False
20,198,2.7677,-0.8249,0.7806,0.0,1.1042,0.0,0.0,0.0,False
20,199,2.7538,0.1309,2.0302,0.0,0.0178,0.0,0.0,0.0,False
20,200,2.74,-2.9874,0.0898,0.0,0.1486,0.0,0.0,0.0,False
20,201,2.7264,0.9024,4.3914,0.1602,1.2813,0.1538,0.2037,0.0979,False
20,202,2.7129,-0.4103,1.1817,0.0,0.2617,0.0,0.0,0.0,False
20,203,2.6995,-0.8046,0.7966,0.0,2.1065,0.0,0.0,0.0,False
20,204,2.6863,0.4125,2.6905,0.0046,1.5733,0.0,0.0046,0.007,False
20,205,2.6732,-0.749,0.8421,0.0,0.952,0.0,0.0,0.0,False
20,206,2.6602,-1.5438,0.3804,0.0,0.9675,0.0,0.0,0.0,False
20,207,2.6473,-0.2221,1.4264,0.0,0.0598,0.0,0.0,0.0,False
20,208,2.6346,-2.2477,0.1882,0.0,2.2048,0.0,0.0,0.0,False
20,209,2.622,0.8153,4.025,0.0732,0.8412,0.0769,0.0741,0.0699,False
20,210,2.6095,0.5974,3.237,0.0114,2.1126,0.0,0.0185,0.007,False
20,211,2.5972,1.6322,9.1106,0.984,0.372,1.0,0.9676,1.0,True
20,212,2.5849,-0.0944,1.6207,0.0,0.8104,0.0,0.0,0.0,False
20,213,2.5728,0.2675,2.3274,0.0,1.0926,0.0,0.0,0.0,False
20,214,2.5607,0.3118,2.4327,0.0069,0.3279,0.0,0.0093,0.007,False
20,215,2.5488,-0.0116,1.7605,0.0,0.5324,0.0,0.0,0.0,False
20,216,2.537,0.2349,2.2528,0.0,0.2036,0.0,0.0,0.0,False
20,217,2.5253,-0.1521,1.5298,0.0,0.5352,0.0,0.0,0.0,False
20,218,2.5138,-0.9188,0.7107,0.0,0.2339,0.0,0.0,0.0,False
20,219,2.5023,-0.2136,1.4385,0.0,0.8131,0.0,0.0,0.0,False
20,220,2.4909,-1.0731,0.609,0.0,1.4765,0.0,0.0,0.0,False
20,221,2.4796,-1.599,0.36,0.0,1.6645,0.0,0.0,0.0,False
20,222,2.4685,-0.9024,0.7224,0.0,1.2963,0.0,0.0,0.0,False
20,223,2.4574,-1.8945,0.2679,0.0,0.2585,0.0,0.0,0.0,False
20,224,2.4464,-0.0712,1.6587,0.0,0.3845,0.0,0.0,0.0,False
20,225,2.4356,-2.015,0.2375,0.0,1.2494,0.0,0.0,0.0,False
20,226,2.4248,-1.0964,0.595,0.0,0.6816,0.0,0.0,0.0,False
20,227,2.4141,-0.0993,1.6127,0.0,1.3353,0.0,0.0,0.0,False
20,228,2.4035,0.9441,4.5784,0.2128,0.2847,0.2179,0.2315,0.1818,False
20,229,2.393,-1.5072,0.3946,0.0,2.0893,0.0,0.0,0.0,False
20,230,2.3826,0.2127,2.2033,0.0023,1.5556,0.0,0.0,0.007,False
20,231,2.3723,-0.8865,0.734,0.0,1.0438,0.0,0.0,0.0,False
20,232,2.3621,-1.9167,0.262,0.0,0.0389,0.0,0.0,0.0,False
20,233,2.3519,0.4063,2.6737,0.0069,2.3582,0.0,0.0093,0.007,False
20,234,2.3419,0.2497,2.2862,0.0,2.0677,0.0,0.0,0.0,False
20,235,2.3319,0.6834,3.5276,0.0458,1.7346,0.0256,0.0602,0.035,False
20,236,2.322,-1.421,0.4301,0.0,0.6097,0.0,0.0,0.0,False
20,237,2.3122,-0.9713,0.6743,0.0,0.2687,0.0,0.0,0.0,False
20,238,2.3025,-3.745,0.0421,0.0,0.0034,0.0,0.0,0.0,False
20,239,2.2929,-0.4605,1.1237,0.0,1.106,0.0,0.0,0.0,False
20,240,2.2833,-0.8661,0.7491,0.0,0.2314,0.0,0.0,0.0,False
20,241,2.2739,-1.5387,0.3823,0.0,0.1922,0.0,0.0,0.0,False
20,242,2.2645,0.2385,2.2607,0.0023,0.3142,0.0128,0.0,0.0,False
20,243,2.2551,-2.255,0.1868,0.0,0.1356,0.0,0.0,0.0,False
20,244,2.2459,-0.6638,0.9171,0.0,0.0123,0.0,0.0,0.0,False
20,245,2.2367,-1.5773,0.3679,0.0,1.7764,0.0,0.0,0.0,False
20,246,2.2276,1.5776,8.626,0.9863,0.4357,1.0,0.9722,1.0,True
20,247,2.2186,0.1765,2.1248,0.0092,0.8868,0.0,0.0185,0.0,False
20,248,2.2097,-0.3545,1.2494,0.0,1.3608,0.0,0.0,0.0,False
20,249,2.2008,-0.9569,0.6841,0.0,0.2171,0.0,0.0,0.0,False
20,250,2.192,1.173,5.7557,0.6888,0.0467,0.7564,0.7037,0.6294,False
20,251,2.1833,-0.946,0.6916,0.0,1.2055,0.0,0.0,0.0,False
20,252,2.1746,0.4855,2.8941,0.0,0.0116,0.0,0.0,0.0,False
20,253,2.166,-0.8418,0.7675,0.0,1.0611,0.0,0.0,0.0,False
20,254,2.1575,1.303,6.5548,0.8833,0.3956,0.9744,0.8565,0.8741,False
20,255,2.149,-2.6872,0.1212,0.0,1.4808,0.0,0.0,0.0,False
20,256,2.1406,0.2036,2.1833,0.0023,2.8767,0.0,0.0046,0.0,False
20,257,2.1323,0.7632,3.8205,0.0641,0.0398,0.0,0.0509,0.1189,False
20,258,2.124,-0.3181,1.2957,0.0,1.8727,0.0,0.0,0.0,False
20,259,2.1158,-1.2424,0.5142,0.0,0.0318,0.0,0.0,0.0,False
20,260,2.1077,-1.9276,0.2591,0.0,4.2972,0.0,0.0,0.0,False
20,261,2.0996,-1.1163,0.5833,0.0,0.876,0.0,0.0,0.0,False
20,262,2.0916,-0.9003,0.7239,0.0,0.6794,0.0,0.0,0.0,False
20,263,2.0837,0.3117,2.4324,0.0,1.6897,0.0,0.0,0.0,False
20,264,2.0758,0.2323,2.2469,0.0,1.579,0.0,0.0,0.0,False
20,265,2.0679,0.3633,2.5612,0.0069,0.2674,0.0,0.0139,0.0,False
20,266,2.0602,-0.9375,0.6975,0.0,0.6067,0.0,0.0,0.0,False
20,267,2.0524,0.9556,4.6313,0.2952,3.1568,0.2179,0.3102,0.3147,False
20,268,2.0448,-1.5808,0.3666,0.0,0.1812,0.0,0.0,0.0,False
20,269,2.0372,-1.2506,0.51,0.0,0.9363,0.0,0.0,0.0,False
20,270,2.0296,-0.1945,1.4662,0.0,0.104,0.0,0.0,0.0,False
20,271,2.0221,-0.6485,0.9312,0.0,0.3536,0.0,0.0,0.0,False
20,272,2.0147,0.0409,1.8554,0.0,4.0419,0.0,0.0,0.0,False
20,273,2.0073,0.8599,4.2087,0.1281,4.3257,0.1538,0.1204,0.1259,False
20,274,2.0,-1.213,0.5295,0.0,0.4329,0.0,0.0,0.0,False
21,1,221.0,0.2369,2.2572,0.0023,0.5276,0.0,0.0046,0.0,False
21,2,110.5,0.6147,3.2933,0.0412,0.8768,0.0256,0.0509,0.035,False
21,3,73.6667,-1.629,0.3493,0.0,2.155,0.0,0.0,0.0,False
21,4,55.25,-2.5656,0.1369,0.0,0.6452,0.0,0.0,0.0,False
21,5,44.2,-1.1068,0.5889,0.0,1.863,0.0,0.0,0.0,False
21,6,36.8333,0.169,2.1091,0.0,1.667,0.0,0.0,0.0,False
21,7,31.5714,0.2714,2.3365,0.0,1.1393,0.0,0.0,0.0,False
21,8,27.625,0.4076,2.6774,0.0023,0.7148,0.0,0.0046,0.0,False
21,9,24.5556,-0.3896,1.2064,0.0,0.1041,0.0,0.0,0.0,False
21,10,22.1,-0.6844,0.8984,0.0,2.0536,0.0,0.0,0.0,False
21,11,20.0909,-0.108,1.5987,0.0046,0.3302,0.0128,0.0,0.007,False
21,12,18.4167,-1.3757,0.45,0.0,1.3515,0.0,0.0,0.0,False
21,13,17.0,-0.8938,0.7286,0.0,1.5086,0.0,0.0,0.0,False
21,14,15.7857,0.2016,2.179,0.0,0.5125,0.0,0.0,0.0,False
21,15,14.7333,0.1581,2.0862,0.0046,1.4821,0.0,0.0093,0.0,False
21,16,13.8125,-3.0818,0.0817,0.0,0.033,0.0,0.0,0.0,False
21,17,13.0,0.2179,2.2148,0.0,0.4785,0.0,0.0,0.0,False
21,18,12.2778,-2.0559,0.2279,0.0,1.7963,0.0,0.0,0.0,False
21,19,11.6316,-1.1103,0.5868,0.0,1.2661,0.0,0.0,0.0,False
21,20,11.05,-2.485,0.1484,0.0,0.6032,0.0,0.0,0.0,False
21,21,10.5238,-0.0121,1.7597,0.0,0.3508,0.0,0.0,0.0,False
21,22,10.0455,1.2903,6.4722,0.8375,0.85,0.8974,0.8426,0.7972,False
21,23,9.6087,-3.0996,0.0803,0.0,2.1218,0.0,0.0,0.0,False
21,24,9.2083,-0.5649,1.0124,0.0,0.009,0.0,0.0,0.0,False
21,25,8.84,-3.5651,0.0504,0.0,0.9616,0.0,0.0,0.0,False
21,26,8.5,0.8448,4.1453,0.0824,0.5195,0.1026,0.1111,0.028,False
21,27,8.1852,-1.5116,0.3928,0.0,0.0277,0.0,0.0,0.0,False
21,28,7.8929,0.3055,2.4175,0.0092,0.0458,0.0,0.0046,0.021,False
21,29,7.6207,-0.7104,0.8753,0.0,0.4815,0.0,0.0,0.0,False
21,30,7.3667,0.3502,2.5279,0.0,0.064,0.0,0.0,0.0,False
21,31,7.129,-0.5395,1.0384,0.0,0.3989,0.0,0.0,0.0,False
21,32,6.9062,-1.5613,0.3738,0.0,2.0411,0.0,0.0,0.0,False
21,33,6.697,0.2213,2.2222,0.0,0.8423,0.0,0.0,0.0,False
21,34,6.5,-0.1597,1.5181,0.0,0.0974,0.0,0.0,0.0,False
21,35,6.3143,0.4691,2.847,0.0046,0.463,0.0,0.0093,0.0,False
21,36,6.1389,0.7265,3.6831,0.0481,3.0412,0.0385,0.0741,0.014,False
21,37,5.973,-1.1402,0.5695,0.0,2.185,0.0,0.0,0.0,False
21,38,5.8158,1.0485,5.0823,0.4279,0.0785,0.5,0.338,0.5245,False
21,39,5.6667,-1.1608,0.5579,0.0,0.7901,0.0,0.0,0.0,False
21,40,5.525,0.4142,2.6951,0.0092,0.7937,0.0128,0.0139,0.0,False
21,41,5.3902,0.6654,3.4646,0.0023,0.5474,0.0,0.0,0.007,False
21,42,5.2619,-0.297,1.3234,0.0,0.4001,0.0,0.0,0.0,False
21,43,5.1395,-1.3543,0.4597,0.0,0.753,0.0,0.0,0.0,False
21,44,5.0227,-0.8836,0.7361,0.0,0.4467,0.0,0.0,0.0,False
21,45,4.9111,-0.0602,1.677,0.0,0.8812,0.0,0.0,0.0,False
21,46,4.8043,0.9451,4.5827,0.222,0.3438,0.2564,0.2176,0.2098,False
21,47,4.7021,-1.2415,0.5146,0.0,1.5025,0.0,0.0,0.0,False
21,48,4.6042,0.0872,1.9433,0.0023,0.2888,0.0,0.0046,0.0,False
21,49,4.5102,0.2757,2.3465,0.0023,0.503,0.0,0.0046,0.0,False
21,50,4.42,-0.6322,0.9465,0.0,1.8274,0.0,0.0,0.0,False
21,51,4.3333,0.1581,2.0861,0.0,0.0842,0.0,0.0,0.0,False
21,52,4.25,0.4321,2.7437,0.0069,0.5508,0.0128,0.0,0.014,False
21,53,4.1698,-1.1993,0.5368,0.0,0.2579,0.0,0.0,0.0,False
21,54,4.0926,-0.7458,0.8449,0.0,0.2681,0.0,0.0,0.0,False
21,55,4.0182,-0.1723,1.4992,0.0,0.0189,0.0,0.0,0.0,False
21,56,3.9464,-3.0687,0.0828,0.0,0.6184,0.0,0.0,0.0,False
21,57,3.8772,0.4363,2.7554,0.0229,1.1857,0.0,0.037,0.014,False
21,58,3.8103,-2.0632,0.2263,0.0,0.4586,0.0,0.0,0.0,False
21,59,3.7458,0.6747,3.4969,0.0114,0.1476,0.0,0.0185,0.007,False
21,60,3.6833,0.1413,2.0515,0.0,1.6314,0.0,0.0,0.0,False
21,61,3.623,0.7267,3.6838,0.0412,1.0628,0.0128,0.0694,0.014,False
21,62,3.5645,-1.0915,0.5979,0.0,0.091,0.0,0.0,0.0,False
21,63,3.5079,0.5584,3.1131,0.032,1.1455,0.0,0.0556,0.014,False
21,64,3.4531,0.9986,4.8348,0.341,1.168,0.2821,0.3657,0.3357,False
21,65,3.4,-0.559,1.0184,0.0,0.7259,0.0,0.0,0.0,False
21,66,3.3485,0.241,2.2664,0.0023,0.2273,0.0,0.0,0.007,False
21,67,3.2985,0.5771,3.1719,0.0137,0.6164,0.0,0.0278,0.0,False
21,68,3.25,-0.0452,1.7024,0.0,0.1043,0.0,0.0,0.0,False
21,69,3.2029,-0.3998,1.1941,0.0,0.0018,0.0,0.0,0.0,False
21,70,3.1571,-0.7242,0.8633,0.0,2.5369,0.0,0.0,0.0,False
21,71,3.1127,-2.9822,0.0903,0.0,1.4413,0.0,0.0,0.0,False
21,72,3.0694,-1.2084,0.5319,0.0,1.2147,0.0,0.0,0.0,False
21,73,3.0274,-1.9558,0.2519,0.0,3.0196,0.0,0.0,0.0,False
21,74,2.9865,-1.2105,0.5308,0.0,1.9744,0.0,0.0,0.0,False
21,75,2.9467,-0.2731,1.3554,0.0046,0.6786,0.0,0.0046,0.007,False
21,76,2.9079,0.135,2.0386,0.0023,0.3506,0.0,0.0,0.007,False
21,77,2.8701,-0.956,0.6847,0.0,0.1259,0.0,0.0,0.0,False
21,78,2.8333,-0.6517,0.9283,0.0,1.317,0.0,0.0,0.0,False
21,79,2.7975,-0.7347,0.8542,0.0,0.2376,0.0,0.0,0.0,False
21,80,2.7625,-0.6602,0.9204,0.0,0.3775,0.0,0.0,0.0,False
21,81,2.7284,-2.5818,0.1347,0.0,0.2875,0.0,0.0,0.0,False
21,82,2.6951,-1.2171,0.5273,0.0,1.7859,0.0,0.0,0.0,False
21,83,2.6627,-2.5628,0.1373,0.0,0.4615,0.0,0.0,0.0,False
21,84,2.631,-0.7921,0.8066,0.0,0.9209,0.0,0.0,0.0,False
21,85,2.6,-1.3213,0.4752,0.0,1.7677,0.0,0.0,0.0,False
21,86,2.5698,0.2906,2.3816,0.0046,3.3603,0.0,0.0093,0.0,False
21,87,2.5402,-0.5714,1.0058,0.0,0.0341,0.0,0.0,0.0,False
21,88,2.5114,1.0108,4.8942,0.4211,0.4954,0.4615,0.4352,0.3776,False
21,89,2.4831,1.3989,7.2147,0.9497,0.3272,0.9872,0.9537,0.9231,True
21,90,2.4556,0.16,2.0901,0.0,1.9101,0.0,0.0,0.0,False
21,91,2.4286,1.3505,6.8737,0.897,0.2497,0.9487,0.8796,0.8951,False
21,92,2.4022,-2.7823,0.1102,0.0,1.8847,0.0,0.0,0.0,False
21,93,2.3763,-0.0989,1.6134,0.0,2.2498,0.0,0.0,0.0,False
21,94,2.3511,-1.2781,0.4961,0.0,0.5493,0.0,0.0,0.0,False
21,95,2.3263,-0.0866,1.6334,0.0,2.8899,0.0,0.0,0.0,False
21,96,2.3021,0.2303,2.2423,0.0023,0.7439,0.0128,0.0,0.0,False
21,97,2.2784,-1.3038,0.4836,0.0,1.3592,0.0,0.0,0.0,False
21,98,2.2551,-1.4539,0.4162,0.0,2.9025,0.0,0.0,0.0,False
21,99,2.2323,0.728,3.6887,0.0755,2.7352,0.0385,0.0509,0.1329,False
21,100,2.21,-2.7723,0.1114,0.0,0.1107,0.0,0.0,0.0,False
21,101,2.1881,-0.4674,1.1161,0.0,0.7226,0.0,0.0,0.0,False
21,102,2.1667,-0.5312,1.0471,0.0,0.5685,0.0,0.0,0.0,False
21,103,2.1456,0.6337,3.3565,0.0664,1.8504,0.0385,0.088,0.049,False
21,104,2.125,-0.1895,1.4736,0.0023,0.3999,0.0,0.0046,0.0,False
21,105,2.1048,-0.2869,1.3369,0.0,0.7115,0.0,0.0,0.0,False
21,106,2.0849,-2.2439,0.1889,0.0,1.8768,0.0,0.0,0.0,False
21,107,2.0654,-1.2359,0.5175,0.0,3.3437,0.0,0.0,0.0,False
21,108,2.0463,0.9596,4.6496,0.3066,3.3651,0.2692,0.3333,0.2867,False
21,109,2.0275,-1.471,0.4091,0.0,0.0642,0.0,0.0,0.0,False
21,110,2.0091,-0.9874,0.6636,0.0,1.6679,0.0,0.0,0.0,False
22,1,447.0,-1.2116,0.5303,0.0,0.8405,0.0,0.0,0.0,False
22,2,223.5,-2.0193,0.2364,0.0,0.5684,0.0,0.0,0.0,False
22,3,149.0,-0.99,0.6618,0.0,0.1962,0.0,0.0,0.0,False
22,4,111.75,1.012,4.8997,0.3753,0.0628,0.4487,0.3565,0.3636,False
22,5,89.4,1.0937,5.3168,0.5286,0.5605,0.6667,0.4954,0.5035,False
22,6,74.5,-0.8864,0.7341,0.0,1.5087,0.0,0.0,0.0,False
22,7,63.8571,0.7057,3.6072,0.1716,0.849,0.1154,0.1667,0.2098,False
22,8,55.875,0.4956,2.9237,0.0023,0.1896,0.0,0.0,0.007,False
22,9,49.6667,-0.8023,0.7985,0.0,0.0687,0.0,0.0,0.0,False
22,10,44.7,-1.3331,0.4696,0.0,1.5016,0.0,0.0,0.0,False
22,11,40.6364,-1.2204,0.5256,0.0,0.145,0.0,0.0,0.0,False
22,12,37.25,-1.1864,0.5438,0.0,0.9026,0.0,0.0,0.0,False
22,13,34.3846,-0.2033,1.4535,0.0,1.7523,0.0,0.0,0.0,False
22,14,31.9286,-2.2454,0.1886,0.0,1.262,0.0,0.0,0.0,False
22,15,29.8,-1.1333,0.5735,0.0,0.2024,0.0,0.0,0.0,False
22,16,27.9375,0.1044,1.977,0.0,0.538,0.0,0.0,0.0,False
22,17,26.2941,-2.3722,0.1661,0.0,1.9184,0.0,0.0,0.0,False
22,18,24.8333,0.046,1.865,0.0,1.6369,0.0,0.0,0.0,False
22,19,23.5263,0.7514,3.7758,0.103,0.393,0.0897,0.1065,0.1049,False
22,20,22.35,-0.9204,0.7095,0.0,0.0967,0.0,0.0,0.0,False
22,21,21.2857,-0.3975,1.1969,0.0,0.5708,0.0,0.0,0.0,False
22,22,20.3182,-0.6477,0.932,0.0,0.6766,0.0,0.0,0.0,False
22,23,19.4348,-1.8423,0.2822,0.0,1.2137,0.0,0.0,0.0,False
22,24,18.625,0.8684,4.2443,0.1899,1.7325,0.2436,0.1759,0.1818,False
22,25,17.88,0.3925,2.6372,0.0023,0.7179,0.0128,0.0,0.0,False
22,26,17.1923,0.6486,3.4068,0.0023,5.5798,0.0,0.0046,0.0,False
22,27,16.5556,0.7951,3.9444,0.1007,0.352,0.0769,0.125,0.0769,False
22,28,15.9643,-1.2857,0.4924,0.0,0.053,0.0,0.0,0.0,False
22,29,15.4138,-0.9745,0.6722,0.0,1.3438,0.0,0.0,0.0,False
22,30,14.9,-2.4894,0.1478,0.0,0.1265,0.0,0.0,0.0,False
22,31,14.4194,0.6391,3.3748,0.0275,0.0877,0.0385,0.0231,0.028,False
22,32,13.9688,0.0511,1.8744,0.0046,2.7253,0.0,0.0093,0.0,False
22,33,13.5455,-0.2401,1.4009,0.0,0.0436,0.0,0.0,0.0,False
22,34,13.1471,-0.094,1.6213,0.0,0.2259,0.0,0.0,0.0,False
22,35,12.7714,-0.9135,0.7144,0.0,1.8975,0.0,0.0,0.0,False
22,36,12.4167,-0.1112,1.5937,0.0,1.0217,0.0,0.0,0.0,False
22,37,12.0811,-2.3584,0.1684,0.0,0.6384,0.0,0.0,0.0,False
22,38,11.7632,-0.4132,1.1783,0.0,0.8304,0.0,0.0,0.0,False
22,39,11.4615,-3.054,0.084,0.0,0.3485,0.0,0.0,0.0,False
22,40,11.175,-1.2389,0.516,0.0,0.9636,0.0,0.0,0.0,False
22,41,10.9024,-0.6298,0.9488,0.0,0.9415,0.0,0.0,0.0,False
22,42,10.6429,-0.5639,1.0134,0.0,0.5013,0.0,0.0,0.0,False
22,43,10.3953,-0.3381,1.2701,0.0,0.2561,0.0,0.0,0.0,False
22,44,10.1591,-0.8523,0.7595,0.0,0.7244,0.0,0.0,0.0,False
22,45,9.9333,-1.1218,0.5801,0.0,0.7611,0.0,0.0,0.0,False
22,46,9.7174,-1.3685,0.4533,0.0,1.2584,0.0,0.0,0.0,False
22,47,9.5106,0.3947,2.6429,0.0023,0.7212,0.0,0.0,0.007,False
22,48,9.3125,-0.2569,1.3776,0.0,0.8935,0.0,0.0,0.0,False
22,49,9.1224,-2.8177,0.1064,0.0,0.9871,0.0,0.0,0.0,False
22,50,8.94,-0.2167,1.4341,0.0,0.7581,0.0,0.0,0.0,False
22,51,8.7647,-2.0113,0.2383,0.0,0.3371,0.0,0.0,0.0,False
22,52,8.5962,-0.6068,0.9709,0.0,0.6,0.0,0.0,0.0,False
22,53,8.434,-0.2609,1.372,0.0,0.1018,0.0,0.0,0.0,False
22,54,8.2778,-1.4076,0.4359,0.0,0.2791,0.0,0.0,0.0,False
22,55,8.1273,-1.5138,0.392,0.0,0.8021,0.0,0.0,0.0,False
22,56,7.9821,0.1124,1.993,0.0023,0.0093,0.0,0.0,0.007,False
22,57,7.8421,0.3436,2.5113,0.0069,0.2633,0.0128,0.0,0.014,False
22,58,7.7069,0.2504,2.2878,0.0023,1.8333,0.0,0.0046,0.0,False
22,59,7.5763,-0.0805,1.6433,0.0,1.5619,0.0,0.0,0.0,False
22,60,7.45,0.5774,3.1727,0.016,2.2763,0.0,0.0324,0.0,False
22,61,7.3279,0.1205,2.0092,0.0,1.4095,0.0,0.0,0.0,False
22,62,7.2097,0.5645,3.1321,0.0229,1.0382,0.0,0.0324,0.021,False
22,63,7.0952,-1.4642,0.4119,0.0,1.1845,0.0,0.0,0.0,False
22,64,6.9844,-1.6674,0.3362,0.0,0.8679,0.0,0.0,0.0,False
22,65,6.8769,-0.6997,0.8847,0.0,0.9972,0.0,0.0,0.0,False
22,66,6.7727,0.3303,2.4781,0.0,0.0227,0.0,0.0,0.0,False
22,67,6.6716,-1.2434,0.5137,0.0,0.6771,0.0,0.0,0.0,False
22,68,6.5735,-1.0927,0.5972,0.0,1.7218,0.0,0.0,0.0,False
22,69,6.4783,-0.754,0.8379,0.0,0.6539,0.0,0.0,0.0,False
22,70,6.3857,-0.0346,1.7205,0.0,2.1967,0.0,0.0,0.0,False
22,71,6.2958,-2.2745,0.1832,0.0,0.0096,0.0,0.0,0.0,False
22,72,6.2083,0.034,1.8426,0.0,0.3218,0.0,0.0,0.0,False
22,73,6.1233,-2.8669,0.1013,0.0,0.5175,0.0,0.0,0.0,False
22,74,6.0405,0.23,2.2417,0.0,0.1984,0.0,0.0,0.0,False
22,75,5.96,-1.3925,0.4425,0.0,1.6049,0.0,0.0,0.0,False
22,76,5.8816,0.8116,4.01,0.135,0.4974,0.0897,0.1759,0.0979,False
22,77,5.8052,1.1802,5.7976,0.6705,1.2033,0.7821,0.6204,0.6853,False
22,78,5.7308,0.6275,3.3357,0.0114,0.0447,0.0,0.0093,0.021,False
22,79,5.6582,0.3191,2.4505,0.0023,1.9498,0.0,0.0046,0.0,False
22,80,5.5875,-0.175,1.4952,0.0,1.0839,0.0,0.0,0.0,False
22,81,5.5185,-0.7656,0.8283,0.0,0.9801,0.0,0.0,0.0,False
22,82,5.4512,0.8732,4.2647,0.1487,0.4326,0.1538,0.1389,0.1608,False
22,83,5.3855,-0.3107,1.3054,0.0,2.5189,0.0,0.0,0.0,False
22,84,5.3214,0.1895,2.1527,0.0,0.1324,0.0,0.0,0.0,False
22,85,5.2588,-0.0688,1.6627,0.0,2.2445,0.0,0.0,0.0,False
22,86,5.1977,0.9477,4.5948,0.2059,1.1656,0.141,0.2407,0.1888,False
22,87,5.1379,0.6941,3.5656,0.0275,0.8586,0.0128,0.0324,0.028,False
22,88,5.0795,-0.4094,1.1827,0.0,0.3475,0.0,0.0,0.0,False
22,89,5.0225,-3.0429,0.0849,0.0,0.4121,0.0,0.0,0.0,False
22,90,4.9667,-0.743,0.8472,0.0,0.7025,0.0,0.0,0.0,False
22,91,4.9121,-0.4715,1.1116,0.0,1.0287,0.0,0.0,0.0,False
22,92,4.8587,-2.5483,0.1393,0.0,3.4668,0.0,0.0,0.0,False
22,93,4.8065,-2.5969,0.1327,0.0,1.2247,0.0,0.0,0.0,False
22,94,4.7553,-2.1493,0.2076,0.0,0.2897,0.0,0.0,0.0,False
22,95,4.7053,0.7882,3.9175,0.1373,0.0199,0.1282,0.1343,0.1469,False
22,96,4.6562,-1.0271,0.6377,0.0,2.1386,0.0,0.0,0.0,False
22,97,4.6082,0.9679,4.6886,0.3089,0.5067,0.3205,0.2963,0.3217,False
22,98,4.5612,0.5391,3.0536,0.0252,0.1868,0.0,0.0417,0.014,False
22,99,4.5152,0.8388,4.1206,0.0915,0.0642,0.0641,0.0926,0.1049,False
22,100,4.47,0.2197,2.2186,0.0,1.5249,0.0,0.0,0.0,False
22,101,4.4257,-2.3563,0.1688,0.0,0.5495,0.0,0.0,0.0,False
22,102,4.3824,-0.4653,1.1184,0.0,0.2947,0.0,0.0,0.0,False
22,103,4.3398,-0.2993,1.3204,0.0,2.3612,0.0,0.0,0.0,False
22,104,4.2981,1.5426,8.3297,0.9794,0.123,1.0,0.963,0.993,True
22,105,4.2571,-1.7646,0.305,0.0,0.9528,0.0,0.0,0.0,False
22,106,4.217,-0.9478,0.6903,0.0,0.5321,0.0,0.0,0.0,False
22,107,4.1776,-0.675,0.9069,0.0,0.9907,0.0,0.0,0.0,False
22,108,4.1389,-2.6403,0.1271,0.0,0.6912,0.0,0.0,0.0,False
22,109,4.1009,-0.5699,1.0074,0.0,0.192,0.0,0.0,0.0,False
22,110,4.0636,0.2339,2.2504,0.0,0.0817,0.0,0.0,0.0,False
22,111,4.027,-3.1228,0.0784,0.0,1.1945,0.0,0.0,0.0,False
22,112,3.9911,1.1632,5.6996,0.6636,0.1905,0.6795,0.7037,0.5944,False
22,113,3.9558,-1.2009,0.536,0.0,2.9286,0.0,0.0,0.0,False
22,114,3.9211,-2.5072,0.1451,0.0,2.4173,0.0,0.0,0.0,False
22,115,3.887,0.3474,2.5208,0.0023,1.1804,0.0,0.0046,0.0,False
22,116,3.8534,-0.046,1.701,0.0,0.1311,0.0,0.0,0.0,False
22,117,3.8205,-0.8136,0.7895,0.0,2.036,0.0,0.0,0.0,False
22,118,3.7881,0.9357,4.54,0.2403,0.357,0.2179,0.2361,0.2587,False
22,119,3.7563,-1.9217,0.2607,0.0,0.5443,0.0,0.0,0.0,False
22,120,3.725,-0.3516,1.253,0.0,0.3159,0.0,0.0,0.0,False
22,121,3.6942,1.0076,4.8782,0.3478,1.8047,0.2949,0.3889,0.3147,False
22,122,3.6639,0.7125,3.6316,0.0229,1.4025,0.0,0.0231,0.035,False
22,123,3.6341,0.0812,1.9317,0.0,0.1107,0.0,0.0,0.0,False
22,124,3.6048,-1.3486,0.4624,0.0,0.9157,0.0,0.0,0.0,False
22,125,3.576,0.08,1.9293,0.0023,1.775,0.0,0.0046,0.0,False
22,126,3.5476,0.359,2.5503,0.0023,5.141,0.0128,0.0,0.0,False
22,127,3.5197,-1.4565,0.4151,0.0,1.5176,0.0,0.0,0.0,False
22,128,3.4922,-0.8985,0.7252,0.0,0.4009,0.0,0.0,0.0,False
22,129,3.4651,0.4095,2.6824,0.0,1.0317,0.0,0.0,0.0,False
22,130,3.4385,0.9905,4.7956,0.3364,0.0758,0.3205,0.3704,0.2937,False
22,131,3.4122,0.247,2.2802,0.0,2.4602,0.0,0.0,0.0,False
22,132,3.3864,0.6054,3.263,0.0023,3.1393,0.0,0.0,0.007,False
22,133,3.3609,-0.6217,0.9565,0.0,1.9491,0.0,0.0,0.0,False
22,134,3.3358,1.7155,9.9021,0.9977,0.8935,1.0,0.9954,1.0,True
22,135,3.3111,-1.5295,0.3859,0.0,2.91,0.0,0.0,0.0,False
22,136,3.2868,-1.5093,0.3937,0.0,1.1679,0.0,0.0,0.0,False
22,137,3.2628,-0.5255,1.0531,0.0,0.5397,0.0,0.0,0.0,False
22,138,3.2391,-1.217,0.5274,0.0,0.2426,0.0,0.0,0.0,False
22,139,3.2158,-0.0886,1.63,0.0,0.0997,0.0,0.0,0.0,False
22,140,3.1929,-2.8357,0.1045,0.0,1.1017,0.0,0.0,0.0,False
22,141,3.1702,0.1054,1.9791,0.0,0.2751,0.0,0.0,0.0,False
22,142,3.1479,-0.6468,0.9328,0.0,0.1217,0.0,0.0,0.0,False
22,143,3.1259,-1.65,0.342,0.0,3.7341,0.0,0.0,0.0,False
22,144,3.1042,-1.7396,0.3127,0.0,0.3547,0.0,0.0,0.0,False
22,145,3.0828,0.3965,2.6478,0.0,3.5033,0.0,0.0,0.0,False
22,146,3.0616,-0.1864,1.4781,0.0,2.5537,0.0,0.0,0.0,False
22,147,3.0408,-0.3721,1.2277,0.0,0.1508,0.0,0.0,0.0,False
22,148,3.0203,0.887,4.3242,0.1739,0.6146,0.1154,0.1528,0.2378,False
22,149,3.0,0.1866,2.1465,0.0,0.1622,0.0,0.0,0.0,False
22,150,2.98,-0.5987,0.9788,0.0,0.4738,0.0,0.0,0.0,False
22,151,2.9603,-0.4397,1.1474,0.0,1.0452,0.0,0.0,0.0,False
22,152,2.9408,-1.9643,0.2498,0.0,1.5551,0.0,0.0,0.0,False
22,153,2.9216,-2.4093,0.1601,0.0,2.0282,0.0,0.0,0.0,False
22,154,2.9026,0.2325,2.2473,0.0023,0.4115,0.0,0.0,0.007,False
22,155,2.8839,-1.5745,0.3689,0.0,0.1985,0.0,0.0,0.0,False
22,156,2.8654,-2.5286,0.1421,0.0,0.128,0.0,0.0,0.0,False
22,157,2.8471,0.9426,4.5712,0.2288,0.8881,0.2692,0.213,0.2308,False
22,158,2.8291,-1.814,0.2903,0.0,0.7952,0.0,0.0,0.0,False
22,159,2.8113,-2.0591,0.2272,0.0,0.6502,0.0,0.0,0.0,False
22,160,2.7938,-0.4777,1.1046,0.0,2.4612,0.0,0.0,0.0,False
22,161,2.7764,0.6578,3.4385,0.0206,0.707,0.0,0.0185,0.035,False
22,162,2.7593,0.0636,1.8981,0.0,0.4042,0.0,0.0,0.0,False
22,163,2.7423,0.0764,1.9225,0.0,1.0467,0.0,0.0,0.0,False
22,164,2.7256,-0.7342,0.8547,0.0,0.1617,0.0,0.0,0.0,False
22,165,2.7091,0.4279,2.7322,0.0023,1.6906,0.0,0.0,0.007,False
22,166,2.6928,-1.6299,0.349,0.0,1.0446,0.0,0.0,0.0,False
22,167,2.6766,0.3133,2.4365,0.0,0.8903,0.0,0.0,0.0,False
22,168,2.6607,-0.8469,0.7637,0.0,0.0114,0.0,0.0,0.0,False
22,169,2.645,-0.0848,1.6363,0.0,0.9226,0.0,0.0,0.0,False
22,170,2.6294,0.1769,2.1257,0.0,4.4951,0.0,0.0,0.0,False
22,171,2.614,-0.2385,1.4032,0.0,1.0623,0.0,0.0,0.0,False
22,172,2.5988,0.6411,3.3816,0.016,0.0383,0.0256,0.0139,0.014,False
22,173,2.5838,-1.8111,0.2912,0.0,0.1645,0.0,0.0,0.0,False
22,174,2.569,-2.2643,0.1851,0.0,3.5108,0.0,0.0,0.0,False
22,175,2.5543,0.3357,2.4916,0.0,2.7104,0.0,0.0,0.0,False
22,176,2.5398,1.4107,7.3006,0.9703,4.4484,0.9872,0.9676,0.965,True
22,177,2.5254,-0.6002,0.9772,0.0,2.0951,0.0,0.0,0.0,False
22,178,2.5112,-0.6846,0.8981,0.0,0.6149,0.0,0.0,0.0,False
22,179,2.4972,-0.6952,0.8888,0.0,1.4659,0.0,0.0,0.0,False
22,180,2.4833,-1.6215,0.3519,0.0,0.3709,0.0,0.0,0.0,False
22,181,2.4696,-1.7978,0.2951,0.0,0.0427,0.0,0.0,0.0,False
22,182,2.456,-1.1828,0.5457,0.0,0.2102,0.0,0.0,0.0,False
22,183,2.4426,-1.2336,0.5187,0.0,1.554,0.0,0.0,0.0,False
22,184,2.4293,-1.0773,0.6065,0.0,0.0079,0.0,0.0,0.0,False
22,185,2.4162,0.5815,3.1857,0.0297,0.2463,0.0,0.037,0.035,False
22,186,2.4032,0.261,2.3123,0.0046,0.081,0.0,0.0093,0.0,False
22,187,2.3904,-1.5306,0.3854,0.0,0.2993,0.0,0.0,0.0,False
22,188,2.3777,0.2106,2.1987,0.0,0.4043,0.0,0.0,0.0,False
22,189,2.3651,0.8087,3.9986,0.0847,0.36,0.0897,0.0741,0.0979,False
22,190,2.3526,-1.886,0.2701,0.0,2.5861,0.0,0.0,0.0,False
22,191,2.3403,-2.3204,0.175,0.0,0.4748,0.0,0.0,0.0,False
22,192,2.3281,-1.1596,0.5586,0.0,0.235,0.0,0.0,0.0,False
22,193,2.3161,0.016,1.8099,0.0,0.0719,0.0,0.0,0.0,False
22,194,2.3041,-1.9461,0.2544,0.0,1.4614,0.0,0.0,0.0,False
22,195,2.2923,0.692,3.5581,0.016,0.0406,0.0128,0.0139,0.021,False
22,196,2.2806,-0.8702,0.7461,0.0,0.5177,0.0,0.0,0.0,False
22,197,2.269,1.0486,5.0825,0.3822,1.3051,0.3718,0.3843,0.3846,False
22,198,2.2576,0.739,3.7293,0.0458,0.5682,0.0256,0.0278,0.0839,False
22,199,2.2462,0.9302,4.515,0.2082,0.0759,0.1154,0.1944,0.2797,False
22,200,2.235,-2.0481,0.2297,0.0,0.7026,0.0,0.0,0.0,False
22,201,2.2239,0.4692,2.8473,0.0092,1.5115,0.0,0.0139,0.007,False
22,202,2.2129,-0.2727,1.356,0.0,0.1703,0.0,0.0,0.0,False
22,203,2.202,-0.5942,0.9831,0.0,0.0623,0.0,0.0,0.0,False
22,204,2.1912,1.4808,7.8307,0.9771,0.7594,1.0,0.9815,0.958,True
22,205,2.1805,-1.155,0.5611,0.0,0.0736,0.0,0.0,0.0,False
22,206,2.1699,0.4904,2.9083,0.0069,1.3068,0.0,0.0139,0.0,False
22,207,2.1594,-0.3948,1.2001,0.0,0.9976,0.0,0.0,0.0,False
22,208,2.149,-0.7913,0.8073,0.0,2.2202,0.0,0.0,0.0,False
22,209,2.1388,-0.0753,1.6519,0.0,0.0073,0.0,0.0,0.0,False
22,210,2.1286,-0.9669,0.6773,0.0,0.1966,0.0,0.0,0.0,False
22,211,2.1185,-0.9384,0.6969,0.0,1.7553,0.0,0.0,0.0,False
22,212,2.1085,-3.3884,0.0601,0.0,1.0619,0.0,0.0,0.0,False
22,213,2.0986,-0.5883,0.989,0.0,0.0263,0.0,0.0,0.0,False
22,214,2.0888,0.986,4.7743,0.27,1.5128,0.2564,0.2731,0.2727,False
22,215,2.0791,0.3368,2.4943,0.0,0.0559,0.0,0.0,0.0,False
22,216,2.0694,-1.8599,0.2773,0.0,1.2266,0.0,0.0,0.0,False
22,217,2.0599,-2.2017,0.197,0.0,0.5823,0.0,0.0,0.0,False
22,218,2.0505,-0.0343,1.7211,0.0023,2.3703,0.0,0.0046,0.0,False
22,219,2.0411,-1.799,0.2947,0.0,4.8291,0.0,0.0,0.0,False
22,220,2.0318,-1.1497,0.5641,0.0,0.117,0.0,0.0,0.0,False
22,221,2.0226,-2.0516,0.2289,0.0,1.0667,0.0,0.0,0.0,False
22,222,2.0135,-1.1767,0.5491,0.0,2.3441,0.0,0.0,0.0,False
22,223,2.0045,-2.2617,0.1855,0.0,0.1402,0.0,0.0,0.0,False
X,1,867.0,-0.6339,0.9449,0.0069,0.3342,0.0,0.0093,0.007,False
X,2,433.5,0.8848,4.3144,0.3867,1.0237,0.2436,0.4722,0.3357,False
X,3,289.0,0.1406,2.05,0.0961,0.6945,0.0,0.1065,0.1329,False
X,4,216.75,1.8306,11.1093,1.0,1.0177,1.0,1.0,1.0,True
X,5,173.4,-2.5546,0.1384,0.0,1.0406,0.0,0.0,0.0,False
X,6,144.5,0.4662,2.839,0.0389,1.4911,0.0,0.0324,0.0699,False
X,7,123.8571,-2.5953,0.1329,0.0,2.1431,0.0,0.0,0.0,False
X,8,108.375,1.3219,6.6802,0.9039,1.3778,0.9872,0.8611,0.9231,True
X,9,96.3333,-1.3226,0.4745,0.0046,0.0211,0.0,0.0093,0.0,False
X,10,86.7,0.3415,2.506,0.0069,0.9251,0.0,0.0139,0.0,False
X,11,78.8182,-2.2999,0.1786,0.0,0.6603,0.0,0.0,0.0,False
X,12,72.25,-2.8384,0.1042,0.0,1.813,0.0,0.0,0.0,False
X,13,66.6923,-0.3785,1.2198,0.0,0.1689,0.0,0.0,0.0,False
X,14,61.9286,0.5888,3.2092,0.0252,0.1635,0.0,0.037,0.021,False
X,15,57.8,0.282,2.3613,0.0572,1.9117,0.0,0.0972,0.028,False
X,16,54.1875,-1.1545,0.5614,0.0,0.9376,0.0,0.0,0.0,False
X,17,51.0,-0.2451,1.3939,0.0,0.6272,0.0,0.0,0.0,False
X,18,48.1667,-1.5285,0.3862,0.0,0.4434,0.0,0.0,0.0,False
X,19,45.6316,-1.1124,0.5855,0.0,2.4371,0.0,0.0,0.0,False
X,20,43.35,-2.4018,0.1613,0.0,0.5207,0.0,0.0,0.0,False
X,21,41.2857,-0.4668,1.1167,0.0,1.8333,0.0,0.0,0.0,False
X,22,39.4091,0.3362,2.4929,0.0,3.3002,0.0,0.0,0.0,False
X,23,37.6957,-0.2171,1.4335,0.0183,3.139,0.0,0.0231,0.021,False
X,24,36.125,0.5316,3.0308,0.0023,2.1283,0.0,0.0046,0.0,False
X,25,34.68,-1.0546,0.6204,0.0,0.2713,0.0,0.0,0.0,False
X,26,33.3462,-0.8847,0.7353,0.0,0.5419,0.0,0.0,0.0,False
X,27,32.1111,-2.62,0.1297,0.0,0.2337,0.0,0.0,0.0,False
X,28,30.9643,0.7892,3.9212,0.1167,0.4164,0.1154,0.125,0.1049,False
X,29,29.8966,-0.3021,1.3167,0.0,1.0892,0.0,0.0,0.0,False
X,30,28.9,0.3428,2.5093,0.0137,1.7925,0.0128,0.0046,0.028,False
X,31,27.9677,-0.6675,0.9137,0.0,2.0936,0.0,0.0,0.0,False
X,32,27.0938,0.7864,3.9105,0.1007,0.4395,0.0513,0.0833,0.1538,False
X,33,26.2727,0.1455,2.06,0.0,0.8391,0.0,0.0,0.0,False
X,34,25.5,0.6167,3.3,0.0366,3.754,0.0256,0.0602,0.007,False
X,35,24.7714,0.1739,2.1193,0.0,0.4065,0.0,0.0,0.0,False
X,36,24.0833,-3.4042,0.0592,0.0,0.7185,0.0,0.0,0.0,False
X,37,23.4324,-0.2341,1.4093,0.0,0.0033,0.0,0.0,0.0,False
X,38,22.8158,0.5952,3.2298,0.016,0.4483,0.0,0.0185,0.021,False
X,39,22.2308,-1.1874,0.5433,0.0,0.5557,0.0,0.0,0.0,False
X,40,21.675,-0.7785,0.8177,0.0,1.9813,0.0,0.0,0.0,False
X,41,21.1463,-0.0301,1.7282,0.0,2.9586,0.0,0.0,0.0,False
X,42,20.6429,0.0538,1.8796,0.0,0.07,0.0,0.0,0.0,False
X,43,20.1628,0.7304,3.6974,0.0481,0.8241,0.0256,0.0463,0.0629,False
X,44,19.7045,-0.2441,1.3954,0.0,0.6103,0.0,0.0,0.0,False
X,45,19.2667,-1.9021,0.2658,0.0,0.2057,0.0,0.0,0.0,False
X,46,18.8478,0.7773,3.875,0.0458,1.6997,0.0513,0.0509,0.035,False
X,47,18.4468,-1.1228,0.5795,0.0,1.5119,0.0,0.0,0.0,False
X,48,18.0625,-1.1586,0.5591,0.0,0.062,0.0,0.0,0.0,False
X,49,17.6939,-0.8027,0.7981,0.0,0.4292,0.0,0.0,0.0,False
X,50,17.34,-0.4277,1.1613,0.0,0.2623,0.0,0.0,0.0,False
X,51,17.0,-1.9848,0.2447,0.0,2.3583,0.0,0.0,0.0,False
X,52,16.6731,0.8639,4.2253,0.1076,2.7546,0.1026,0.1343,0.0699,False
X,53,16.3585,-1.5617,0.3736,0.0,1.5776,0.0,0.0,0.0,False
X,54,16.0556,-0.8856,0.7346,0.0,1.5275,0.0,0.0,0.0,False
X,55,15.7636,0.3176,2.4469,0.0,1.4607,0.0,0.0,0.0,False
X,56,15.4821,-1.0584,0.618,0.0,2.3953,0.0,0.0,0.0,False
X,57,15.2105,0.2556,2.2997,0.0,2.1837,0.0,0.0,0.0,False
X,58,14.9483,-2.4674,0.151,0.0,0.1555,0.0,0.0,0.0,False
X,59,14.6949,-0.0369,1.7166,0.0,0.5014,0.0,0.0,0.0,False
X,60,14.45,-0.3669,1.234,0.0,1.0767,0.0,0.0,0.0,False
X,61,14.2131,-2.2431,0.189,0.0,0.318,0.0,0.0,0.0,False
X,62,13.9839,-1.0944,0.5962,0.0,1.0161,0.0,0.0,0.0,False
X,63,13.7619,0.1606,2.0913,0.0,1.8398,0.0,0.0,0.0,False
X,64,13.5469,-0.572,1.0053,0.0023,0.2699,0.0,0.0046,0.0,False
X,65,13.3385,0.0799,1.9292,0.0,0.7156,0.0,0.0,0.0,False
X,66,13.1364,-0.66,0.9206,0.0,0.1891,0.0,0.0,0.0,False
X,67,12.9403,0.2602,2.3103,0.0023,0.0318,0.0,0.0046,0.0,False
X,68,12.75,0.5258,3.0132,0.0092,0.1276,0.0,0.0139,0.007,False
X,69,12.5652,-0.7962,0.8034,0.0,1.2464,0.0,0.0,0.0,False
X,70,12.3857,-2.4836,0.1486,0.0,1.113,0.0,0.0,0.0,False
X,71,12.2113,0.8334,4.0986,0.0664,1.2262,0.0641,0.0694,0.0629,False
X,72,12.0417,-0.3707,1.2293,0.0,0.0525,0.0,0.0,0.0,False
X,73,11.8767,0.2936,2.3888,0.0,2.503,0.0,0.0,0.0,False
X,74,11.7162,0.4032,2.6656,0.0,0.3813,0.0,0.0,0.0,False
X,75,11.56,-2.1833,0.2007,0.0,0.0517,0.0,0.0,0.0,False
X,76,11.4079,-1.0082,0.6499,0.0,1.3637,0.0,0.0,0.0,False
X,77,11.2597,-0.059,1.6791,0.0,2.2142,0.0,0.0,0.0,False
X,78,11.1154,-0.1461,1.539,0.0,0.9321,0.0,0.0,0.0,False
X,79,10.9747,-0.2347,1.4085,0.0,0.0549,0.0,0.0,0.0,False
X,80,10.8375,0.7673,3.8364,0.0732,3.3661,0.0385,0.0417,0.1399,False
X,81,10.7037,-0.3683,1.2324,0.0,0.0921,0.0,0.0,0.0,False
X,82,10.5732,-2.0254,0.235,0.0,0.0743,0.0,0.0,0.0,False
X,83,10.4458,0.1517,2.0728,0.0,0.0316,0.0,0.0,0.0,False
X,84,10.3214,-1.141,0.5691,0.0,1.1493,0.0,0.0,0.0,False
X,85,10.2,0.5901,3.2134,0.0046,0.4747,0.0,0.0,0.014,False
X,86,10.0814,0.2656,2.323,0.0,0.1562,0.0,0.0,0.0,False
X,87,9.9655,-0.2921,1.3299,0.0,2.0129,0.0,0.0,0.0,False
X,88,9.8523,-0.4343,1.1536,0.0,0.9035,0.0,0.0,0.0,False
X,89,9.7416,-0.6386,0.9404,0.0,0.8682,0.0,0.0,0.0,False
X,90,9.6333,-0.9776,0.6701,0.0,0.2384,0.0,0.0,0.0,False
X,91,9.5275,-2.7766,0.1109,0.0,0.2786,0.0,0.0,0.0,False
X,92,9.4239,0.2765,2.3484,0.0046,0.0192,0.0,0.0046,0.007,False
X,93,9.3226,-0.8469,0.7636,0.0,0.1582,0.0,0.0,0.0,False
X,94,9.2234,0.1749,2.1215,0.0,1.9912,0.0,0.0,0.0,False
X,95,9.1263,-2.2344,0.1907,0.0,0.7325,0.0,0.0,0.0,False
X,96,9.0312,0.1413,2.0514,0.0023,1.0374,0.0,0.0046,0.0,False
X,97,8.9381,0.7814,3.8908,0.0709,0.2213,0.0513,0.0833,0.0629,False
X,98,8.8469,-1.2879,0.4913,0.0,0.3828,0.0,0.0,0.0,False
X,99,8.7576,-1.2113,0.5304,0.0,0.8729,0.0,0.0,0.0,False
X,100,8.67,-0.1596,1.5183,0.0,0.6062,0.0,0.0,0.0,False
X,101,8.5842,-1.3027,0.4841,0.0,0.1833,0.0,0.0,0.0,False
X,102,8.5,-1.2683,0.501,0.0,0.0586,0.0,0.0,0.0,False
X,103,8.4175,-1.7775,0.3011,0.0,0.2322,0.0,0.0,0.0,False
X,104,8.3365,0.2988,2.4014,0.0,0.0873,0.0,0.0,0.0,False
X,105,8.2571,-1.5353,0.3836,0.0,0.737,0.0,0.0,0.0,False
X,106,8.1792,-0.3219,1.2908,0.0,0.6837,0.0,0.0,0.0,False
X,107,8.1028,-1.3772,0.4494,0.0,0.4844,0.0,0.0,0.0,False
X,108,8.0278,-1.2279,0.5217,0.0,0.5308,0.0,0.0,0.0,False
X,109,7.9541,-0.7194,0.8675,0.0,0.8902,0.0,0.0,0.0,False
X,110,7.8818,-1.0229,0.6404,0.0,0.5603,0.0,0.0,0.0,False
X,111,7.8108,-0.7153,0.871,0.0,1.3178,0.0,0.0,0.0,False
X,112,7.7411,-1.0485,0.6242,0.0,0.1195,0.0,0.0,0.0,False
X,113,7.6726,-1.5662,0.3719,0.0,1.1714,0.0,0.0,0.0,False
X,114,7.6053,-0.6216,0.9565,0.0,0.4729,0.0,0.0,0.0,False
X,115,7.5391,-0.5921,0.9852,0.0,0.5346,0.0,0.0,0.0,False
X,116,7.4741,0.3155,2.4418,0.0,0.1312,0.0,0.0,0.0,False
X,117,7.4103,-0.7763,0.8194,0.0,0.7456,0.0,0.0,0.0,False
X,118,7.3475,0.7719,3.854,0.0366,0.7334,0.0128,0.037,0.049,False
X,119,7.2857,-0.4083,1.184,0.0,0.7779,0.0,0.0,0.0,False
X,120,7.225,0.6161,3.2981,0.0275,0.0085,0.0128,0.0324,0.028,False
X,121,7.1653,-0.1509,1.5316,0.0,0.561,0.0,0.0,0.0,False
X,122,7.1066,0.3738,2.5883,0.0023,1.5077,0.0,0.0046,0.0,False
X,123,7.0488,-1.9487,0.2537,0.0,2.2463,0.0,0.0,0.0,False
X,124,6.9919,-1.3199,0.4759,0.0,0.1718,0.0,0.0,0.0,False
X,125,6.936,0.2144,2.2069,0.0023,0.804,0.0,0.0,0.007,False
X,126,6.881,-0.0304,1.7278,0.0046,1.297,0.0,0.0046,0.007,False
X,127,6.8268,-2.6145,0.1304,0.0,0.4178,0.0,0.0,0.0,False
X,128,6.7734,-0.7292,0.859,0.0,0.4323,0.0,0.0,0.0,False
X,129,6.7209,0.5371,3.0474,0.0297,0.2772,0.0128,0.0278,0.042,False
X,130,6.6692,-0.688,0.8951,0.0,0.5995,0.0,0.0,0.0,False
X,131,6.6183,-0.6996,0.8848,0.0,0.2314,0.0,0.0,0.0,False
X,132,6.5682,-0.8864,0.734,0.0,1.0243,0.0,0.0,0.0,False
X,133,6.5188,-0.7835,0.8136,0.0,1.7868,0.0,0.0,0.0,False
X,134,6.4701,-0.2065,1.4488,0.0,0.248,0.0,0.0,0.0,False
X,135,6.4222,0.6771,3.5053,0.016,0.6697,0.0128,0.0093,0.028,False
X,136,6.375,-0.4196,1.1707,0.0,3.6936,0.0,0.0,0.0,False
X,137,6.3285,-1.2491,0.5107,0.0,0.1767,0.0,0.0,0.0,False
X,138,6.2826,-2.5645,0.1371,0.0,0.3007,0.0,0.0,0.0,False
X,139,6.2374,-2.0983,0.2185,0.0,0.2245,0.0,0.0,0.0,False
X,140,6.1929,0.0585,1.8884,0.0,0.3475,0.0,0.0,0.0,False
X,141,6.1489,-3.1246,0.0783,0.0,2.8575,0.0,0.0,0.0,False
X,142,6.1056,-0.1787,1.4896,0.0,4.1954,0.0,0.0,0.0,False
X,143,6.0629,-2.6135,0.1305,0.0,1.64,0.0,0.0,0.0,False
X,144,6.0208,-0.3021,1.3167,0.0,0.6633,0.0,0.0,0.0,False
X,145,5.9793,-1.8969,0.2672,0.0,0.4046,0.0,0.0,0.0,False
X,146,5.9384,-1.407,0.4361,0.0,1.7779,0.0,0.0,0.0,False
X,147,5.898,0.1797,2.1317,0.0,0.1941,0.0,0.0,0.0,False
X,148,5.8581,-1.0412,0.6288,0.0,1.2691,0.0,0.0,0.0,False
X,149,5.8188,-2.7821,0.1103,0.0,1.3622,0.0,0.0,0.0,False
X,150,5.78,-0.646,0.9335,0.0,1.3849,0.0,0.0,0.0,False
X,151,5.7417,-0.8678,0.7478,0.0,1.596,0.0,0.0,0.0,False
X,152,5.7039,-0.1864,1.4782,0.0,1.2567,0.0,0.0,0.0,False
X,153,5.6667,-1.4718,0.4088,0.0,1.2585,0.0,0.0,0.0,False
X,154,5.6299,-1.5068,0.3947,0.0,1.5723,0.0,0.0,0.0,False
X,155,5.5935,-1.9918,0.243,0.0,0.2373,0.0,0.0,0.0,False
X,156,5.5577,1.3469,6.8489,0.9085,3.051,1.0,0.8611,0.9301,True
X,157,5.5223,-1.1403,0.5694,0.0,0.1019,0.0,0.0,0.0,False
X,158,5.4873,-2.0639,0.2261,0.0,0.041,0.0,0.0,0.0,False
X,159,5.4528,-0.5684,1.0089,0.0,0.1331,0.0,0.0,0.0,False
X,160,5.4188,-0.3968,1.1977,0.0,0.019,0.0,0.0,0.0,False
X,161,5.3851,0.3401,2.5025,0.0183,1.2381,0.0,0.0278,0.014,False
X,162,5.3519,-1.0477,0.6247,0.0,0.1901,0.0,0.0,0.0,False
X,163,5.319,-1.0129,0.6468,0.0,0.2129,0.0,0.0,0.0,False
X,164,5.2866,-1.0618,0.616,0.0,0.3928,0.0,0.0,0.0,False
X,165,5.2545,-2.741,0.1149,0.0,0.5118,0.0,0.0,0.0,False
X,166,5.2229,-3.1675,0.075,0.0,0.0206,0.0,0.0,0.0,False
X,167,5.1916,-1.1277,0.5766,0.0,0.6003,0.0,0.0,0.0,False
X,168,5.1607,0.7112,3.6271,0.087,1.6462,0.0256,0.1065,0.0909,False
X,169,5.1302,1.2028,5.9298,0.6979,1.5971,0.7692,0.6481,0.7343,False
X,170,5.1,0.4231,2.7191,0.0046,0.0825,0.0128,0.0046,0.0,False
X,171,5.0702,0.3893,2.6288,0.0297,0.9377,0.0,0.0509,0.014,False
X,172,5.0407,-0.9734,0.6729,0.0,0.1692,0.0,0.0,0.0,False
X,173,5.0116,-2.0755,0.2235,0.0,1.396,0.0,0.0,0.0,False
X,174,4.9828,-0.2038,1.4527,0.0,0.8947,0.0,0.0,0.0,False
X,175,4.9543,0.0306,1.8364,0.0,1.7954,0.0,0.0,0.0,False
X,176,4.9261,-0.2264,1.4203,0.0,1.3064,0.0,0.0,0.0,False
X,177,4.8983,0.77,3.8469,0.0824,0.6129,0.0385,0.1204,0.049,False
X,178,4.8708,0.8651,4.2307,0.0984,1.9762,0.0769,0.1204,0.0769,False
X,179,4.8436,-1.7411,0.3123,0.0,1.2035,0.0,0.0,0.0,False
X,180,4.8167,0.7363,3.7194,0.0435,4.0471,0.0385,0.0602,0.021,False
X,181,4.7901,-0.0291,1.7299,0.0,0.343,0.0,0.0,0.0,False
X,182,4.7637,1.0343,5.0102,0.4783,1.2781,0.4231,0.5139,0.4545,False
X,183,4.7377,-0.0094,1.7643,0.0,1.3745,0.0,0.0,0.0,False
X,184,4.712,0.1196,2.0074,0.0,1.3272,0.0,0.0,0.0,False
X,185,4.6865,0.0103,1.7994,0.0,2.069,0.0,0.0,0.0,False
X,186,4.6613,-1.2706,0.4999,0.0,0.1446,0.0,0.0,0.0,False
X,187,4.6364,0.4859,2.8954,0.0,0.1027,0.0,0.0,0.0,False
X,188,4.6117,-0.6657,0.9153,0.0,1.2548,0.0,0.0,0.0,False
X,189,4.5873,-1.2822,0.4941,0.0,0.6711,0.0,0.0,0.0,False
X,190,4.5632,1.0357,5.0175,0.3936,1.5727,0.4487,0.3704,0.3986,False
X,191,4.5393,-0.5902,0.9871,0.0,0.4732,0.0,0.0,0.0,False
X,192,4.5156,-0.003,1.7757,0.0,0.5815,0.0,0.0,0.0,False
X,193,4.4922,-0.8119,0.7908,0.0,1.5036,0.0,0.0,0.0,False
X,194,4.4691,-1.5517,0.3774,0.0,0.0546,0.0,0.0,0.0,False
X,195,4.4462,0.1412,2.0511,0.0,0.1785,0.0,0.0,0.0,False
X,196,4.4235,-1.3396,0.4665,0.0,0.0928,0.0,0.0,0.0,False
X,197,4.401,0.1564,2.0827,0.0,0.2139,0.0,0.0,0.0,False
X,198,4.3788,-1.3603,0.457,0.0,1.183,0.0,0.0,0.0,False
X,199,4.3568,0.5804,3.1823,0.0046,1.4274,0.0,0.0046,0.007,False
X,200,4.335,-0.9153,0.7132,0.0,0.5467,0.0,0.0,0.0,False
X,201,4.3134,-2.3947,0.1624,0.0,0.6414,0.0,0.0,0.0,False
X,202,4.2921,-0.788,0.81,0.0,0.7263,0.0,0.0,0.0,False
X,203,4.2709,0.2224,2.2247,0.0,1.6516,0.0,0.0,0.0,False
X,204,4.25,-0.992,0.6605,0.0,0.6428,0.0,0.0,0.0,False
X,205,4.2293,-0.9418,0.6945,0.0,0.5508,0.0,0.0,0.0,False
X,206,4.2087,0.8243,4.0613,0.1556,2.0118,0.1795,0.1528,0.1469,False
X,207,4.1884,1.1651,5.7104,0.6979,1.0588,0.7308,0.7083,0.6643,False
X,208,4.1683,1.1826,5.8115,0.7529,0.4081,0.859,0.713,0.7552,False
X,209,4.1483,-0.5913,0.986,0.0,1.447,0.0,0.0,0.0,False
X,210,4.1286,-1.4983,0.3981,0.0,1.1598,0.0,0.0,0.0,False
X,211,4.109,-0.9378,0.6973,0.0,0.3738,0.0,0.0,0.0,False
X,212,4.0896,-0.081,1.6425,0.0,0.963,0.0,0.0,0.0,False
X,213,4.0704,-0.2389,1.4025,0.0,0.1247,0.0,0.0,0.0,False
X,214,4.0514,-1.363,0.4558,0.0,0.1861,0.0,0.0,0.0,False
X,215,4.0326,-1.7327,0.3149,0.0,0.7945,0.0,0.0,0.0,False
X,216,4.0139,-2.9273,0.0954,0.0,0.0652,0.0,0.0,0.0,False
X,217,3.9954,-0.3044,1.3136,0.0,1.2771,0.0,0.0,0.0,False
X,218,3.9771,-0.8365,0.7716,0.0,0.741,0.0,0.0,0.0,False
X,219,3.9589,-1.0198,0.6424,0.0,0.1041,0.0,0.0,0.0,False
X,220,3.9409,0.8021,3.9721,0.0686,0.4963,0.0641,0.0648,0.0769,False
X,221,3.9231,-1.7165,0.3201,0.0,0.0553,0.0,0.0,0.0,False
X,222,3.9054,0.0187,1.8147,0.0,0.2976,0.0,0.0,0.0,False
X,223,3.8879,0.1329,2.0343,0.0,0.3301,0.0,0.0,0.0,False
X,224,3.8705,-1.0587,0.6178,0.0,0.5406,0.0,0.0,0.0,False
X,225,3.8533,-2.7455,0.1144,0.0,0.2802,0.0,0.0,0.0,False
X,226,3.8363,-0.5952,0.9822,0.0,0.7684,0.0,0.0,0.0,False
X,227,3.8194,-1.5414,0.3813,0.0,0.2294,0.0,0.0,0.0,False
X,228,3.8026,-0.2666,1.3643,0.0,2.2659,0.0,0.0,0.0,False
X,229,3.786,0.6338,3.3569,0.0137,0.4438,0.0128,0.0093,0.021,False
X,230,3.7696,-1.1561,0.5605,0.0,0.018,0.0,0.0,0.0,False
X,231,3.7532,-0.0283,1.7314,0.0,4.7325,0.0,0.0,0.0,False
X,232,3.7371,-1.1419,0.5686,0.0,0.4981,0.0,0.0,0.0,False
X,233,3.721,-0.5186,1.0603,0.0,0.0756,0.0,0.0,0.0,False
X,234,3.7051,-0.7673,0.8268,0.0,0.0249,0.0,0.0,0.0,False
X,235,3.6894,-2.467,0.1511,0.0,0.347,0.0,0.0,0.0,False
X,236,3.6737,-1.9501,0.2534,0.0,0.0324,0.0,0.0,0.0,False
X,237,3.6582,-1.8277,0.2864,0.0,0.4555,0.0,0.0,0.0,False
X,238,3.6429,-1.1892,0.5422,0.0,1.1689,0.0,0.0,0.0,False
X,239,3.6276,-0.6047,0.9729,0.0,0.2853,0.0,0.0,0.0,False
X,240,3.6125,-1.8101,0.2915,0.0,1.2729,0.0,0.0,0.0,False
X,241,3.5975,-1.2086,0.5319,0.0,1.5543,0.0,0.0,0.0,False
X,242,3.5826,0.2554,2.2993,0.0,1.5713,0.0,0.0,0.0,False
X,243,3.5679,-0.5159,1.0633,0.0,0.7863,0.0,0.0,0.0,False
X,244,3.5533,-0.6914,0.8921,0.0,0.6896,0.0,0.0,0.0,False
X,245,3.5388,-1.6227,0.3515,0.0,2.8967,0.0,0.0,0.0,False
X,246,3.5244,0.526,3.0137,0.0023,5.0534,0.0,0.0046,0.0,False
X,247,3.5101,-0.0747,1.6528,0.0,0.3063,0.0,0.0,0.0,False
X,248,3.496,0.7333,3.7079,0.0709,1.0527,0.0769,0.0972,0.028,False
X,249,3.4819,-0.6031,0.9744,0.0,1.453,0.0,0.0,0.0,False
X,250,3.468,1.2916,6.4804,0.8764,0.0871,0.9487,0.8426,0.8881,False
X,251,3.4542,0.9382,4.5514,0.238,0.4584,0.2436,0.2454,0.2238,False
X,252,3.4405,-1.7235,0.3178,0.0,1.0531,0.0,0.0,0.0,False
X,253,3.4269,0.4627,2.8291,0.0046,0.6338,0.0,0.0093,0.0,False
X,254,3.4134,0.0301,1.8355,0.0,1.1161,0.0,0.0,0.0,False
X,255,3.4,-0.1238,1.5737,0.0,0.0029,0.0,0.0,0.0,False
X,256,3.3867,-0.1995,1.459,0.0,1.4235,0.0,0.0,0.0,False
X,257,3.3735,-0.11,1.5955,0.0,2.004,0.0,0.0,0.0,False
X,258,3.3605,-2.7933,0.109,0.0,0.6077,0.0,0.0,0.0,False
X,259,3.3475,0.2283,2.2379,0.0,0.2143,0.0,0.0,0.0,False
X,260,3.3346,-2.0147,0.2375,0.0,0.0012,0.0,0.0,0.0,False
X,261,3.3218,-0.0295,1.7292,0.0,0.5878,0.0,0.0,0.0,False
X,262,3.3092,0.0234,1.8232,0.0,1.1211,0.0,0.0,0.0,False
X,263,3.2966,0.067,1.9046,0.0,0.0398,0.0,0.0,0.0,False
X,264,3.2841,0.0967,1.9619,0.0,0.3877,0.0,0.0,0.0,False
X,265,3.2717,-0.7061,0.8791,0.0,1.244,0.0,0.0,0.0,False
X,266,3.2594,-0.8636,0.751,0.0,0.1168,0.0,0.0,0.0,False
X,267,3.2472,-2.4709,0.1505,0.0,2.9603,0.0,0.0,0.0,False
X,268,3.2351,-0.5864,0.9909,0.0,1.9412,0.0,0.0,0.0,False
X,269,3.223,-2.6468,0.1262,0.0,1.2645,0.0,0.0,0.0,False
X,270,3.2111,-1.0167,0.6444,0.0,1.139,0.0,0.0,0.0,False
X,271,3.1993,0.8172,4.0326,0.151,1.9461,0.0641,0.2037,0.1189,False
X,272,3.1875,0.1817,2.1359,0.0,0.1641,0.0,0.0,0.0,False
X,273,3.1758,0.4055,2.6718,0.0023,0.4905,0.0,0.0046,0.0,False
X,274,3.1642,0.4793,2.8763,0.0114,1.3539,0.0,0.0231,0.0,False
X,275,3.1527,-2.0418,0.2312,0.0,1.7097,0.0,0.0,0.0,False
X,276,3.1413,-0.3274,1.2838,0.0,1.1749,0.0,0.0,0.0,False
X,277,3.13,0.9347,4.5356,0.2929,0.2528,0.2308,0.3472,0.2448,False
X,278,3.1187,1.1627,5.6967,0.6384,0.8028,0.7051,0.5833,0.6853,False
X,279,3.1075,0.219,2.2171,0.0023,0.0592,0.0,0.0046,0.0,False
X,280,3.0964,-2.2273,0.192,0.0,0.2221,0.0,0.0,0.0,False
X,281,3.0854,0.2369,2.2572,0.0,2.1975,0.0,0.0,0.0,False
X,282,3.0745,-1.5946,0.3616,0.0,1.6819,0.0,0.0,0.0,False
X,283,3.0636,-0.5158,1.0633,0.0,0.0617,0.0,0.0,0.0,False
X,284,3.0528,-0.8651,0.7499,0.0,0.9656,0.0,0.0,0.0,False
X,285,3.0421,-0.7159,0.8705,0.0,2.9487,0.0,0.0,0.0,False
X,286,3.0315,-0.1732,1.4979,0.0,1.1989,0.0,0.0,0.0,False
X,287,3.0209,0.1764,2.1247,0.0,0.2739,0.0,0.0,0.0,False
X,288,3.0104,-1.3744,0.4506,0.0,1.682,0.0,0.0,0.0,False
X,289,3.0,-0.9301,0.7027,0.0,1.3263,0.0,0.0,0.0,False
X,290,2.9897,-0.1601,1.5176,0.0,0.4062,0.0,0.0,0.0,False
X,291,2.9794,-0.8189,0.7853,0.0,0.3878,0.0,0.0,0.0,False
X,292,2.9692,0.4982,2.9313,0.0046,1.3627,0.0,0.0,0.014,False
X,293,2.959,-0.3155,1.2992,0.0,2.4019,0.0,0.0,0.0,False
X,294,2.949,-0.0721,1.6571,0.0,1.1365,0.0,0.0,0.0,False
X,295,2.939,0.2166,2.2118,0.0183,0.5629,0.0,0.037,0.0,False
X,296,2.9291,-0.917,0.7119,0.0,0.1086,0.0,0.0,0.0,False
X,297,2.9192,-3.1997,0.0726,0.0,0.5865,0.0,0.0,0.0,False
X,298,2.9094,-0.0697,1.6612,0.0,0.9119,0.0,0.0,0.0,False
X,299,2.8997,-0.8425,0.767,0.0,1.3008,0.0,0.0,0.0,False
X,300,2.89,0.1749,2.1215,0.0,1.7703,0.0,0.0,0.0,False
X,301,2.8804,-0.7669,0.8273,0.0,0.6408,0.0,0.0,0.0,False
X,302,2.8709,-1.6516,0.3415,0.0,0.9032,0.0,0.0,0.0,False
X,303,2.8614,-0.9018,0.7229,0.0,4.9992,0.0,0.0,0.0,False
X,304,2.852,-0.4909,1.0901,0.0,1.0003,0.0,0.0,0.0,False
X,305,2.8426,-2.0277,0.2345,0.0,0.1749,0.0,0.0,0.0,False
X,306,2.8333,0.6046,3.2604,0.0114,0.1324,0.0,0.0231,0.0,False
X,307,2.8241,-0.4737,1.109,0.0,0.7142,0.0,0.0,0.0,False
X,308,2.8149,-0.3797,1.2184,0.0,0.0508,0.0,0.0,0.0,False
X,309,2.8058,-0.7395,0.8502,0.0,1.7051,0.0,0.0,0.0,False
X,310,2.7968,-0.7124,0.8736,0.0,1.2163,0.0,0.0,0.0,False
X,311,2.7878,0.8727,4.2628,0.1693,0.5121,0.0641,0.2037,0.1748,False
X,312,2.7788,-0.8971,0.7262,0.0,2.3457,0.0,0.0,0.0,False
X,313,2.77,0.7714,3.8521,0.0572,1.2099,0.0256,0.0694,0.0559,False
X,314,2.7611,-0.3114,1.3045,0.0,0.6246,0.0,0.0,0.0,False
X,315,2.7524,0.205,2.1864,0.0,0.0357,0.0,0.0,0.0,False
X,316,2.7437,0.0328,1.8404,0.0,1.3191,0.0,0.0,0.0,False
X,317,2.735,-1.3429,0.465,0.0,0.4546,0.0,0.0,0.0,False
X,318,2.7264,-1.2413,0.5148,0.0,0.2865,0.0,0.0,0.0,False
X,319,2.7179,-0.6603,0.9203,0.0,0.8666,0.0,0.0,0.0,False
X,320,2.7094,-0.9507,0.6883,0.0,1.6459,0.0,0.0,0.0,False
X,321,2.7009,-0.942,0.6944,0.0,0.1325,0.0,0.0,0.0,False
X,322,2.6925,0.6686,3.4758,0.0481,0.0113,0.0,0.088,0.014,False
X,323,2.6842,-1.9734,0.2476,0.0,0.5888,0.0,0.0,0.0,False
X,324,2.6759,-2.2667,0.1846,0.0,0.2293,0.0,0.0,0.0,False
X,325,2.6677,0.4599,2.821,0.0,3.0997,0.0,0.0,0.0,False
X,326,2.6595,-2.0339,0.233,0.0,0.975,0.0,0.0,0.0,False
X,327,2.6514,1.1156,5.4349,0.5744,2.166,0.6538,0.5833,0.5175,False
X,328,2.6433,-2.2513,0.1875,0.0,0.2825,0.0,0.0,0.0,False
X,329,2.6353,0.2465,2.2789,0.0,4.7607,0.0,0.0,0.0,False
X,330,2.6273,1.5613,8.4872,0.9886,0.9012,1.0,0.9769,1.0,True
X,331,2.6193,1.0139,4.9093,0.3478,3.102,0.2179,0.4491,0.2657,False
X,332,2.6114,-0.5723,1.0049,0.0,0.1638,0.0,0.0,0.0,False
X,333,2.6036,-1.4158,0.4323,0.0,0.6516,0.0,0.0,0.0,False
X,334,2.5958,0.11,1.9881,0.0092,0.3279,0.0,0.0185,0.0,False
X,335,2.5881,-0.8768,0.7411,0.0,0.4596,0.0,0.0,0.0,False
X,336,2.5804,-1.5469,0.3792,0.0,1.2128,0.0,0.0,0.0,False
X,337,2.5727,-1.1184,0.582,0.0,1.382,0.0,0.0,0.0,False
X,338,2.5651,-2.0245,0.2352,0.0,0.3416,0.0,0.0,0.0,False
X,339,2.5575,0.8541,4.1841,0.0892,0.0821,0.0641,0.0787,0.1189,False
X,340,2.55,-0.3572,1.2461,0.0,2.4477,0.0,0.0,0.0,False
X,341,2.5425,0.9201,4.4699,0.1922,4.6005,0.1667,0.2269,0.1538,False
X,342,2.5351,-0.5912,0.9861,0.0,0.4513,0.0,0.0,0.0,False
X,343,2.5277,0.5847,3.1961,0.0046,1.1496,0.0,0.0046,0.007,False
X,344,2.5203,-2.6462,0.1263,0.0,0.5335,0.0,0.0,0.0,False
X,345,2.513,0.0776,1.9247,0.0,0.8936,0.0,0.0,0.0,False
X,346,2.5058,0.2155,2.2093,0.0023,0.2322,0.0,0.0046,0.0,False
X,347,2.4986,-0.4934,1.0874,0.0,1.2223,0.0,0.0,0.0,False
X,348,2.4914,1.1899,5.8538,0.7208,0.1214,0.7564,0.6759,0.7692,False
X,349,2.4842,-1.9977,0.2416,0.0,2.3176,0.0,0.0,0.0,False
X,350,2.4771,-0.0853,1.6354,0.0,0.3596,0.0,0.0,0.0,False
X,351,2.4701,-1.4731,0.4082,0.0,0.9336,0.0,0.0,0.0,False
X,352,2.4631,0.4992,2.9341,0.0069,0.9449,0.0128,0.0046,0.007,False
X,353,2.4561,0.6991,3.5833,0.0229,1.4846,0.0128,0.0231,0.028,False
X,354,2.4492,-0.2715,1.3575,0.0,0.7022,0.0,0.0,0.0,False
X,355,2.4423,1.3863,7.1243,0.9611,2.0875,1.0,0.9444,0.965,True
X,356,2.4354,0.1567,2.0832,0.0,0.2335,0.0,0.0,0.0,False
X,357,2.4286,-1.1942,0.5396,0.0,0.9215,0.0,0.0,0.0,False
X,358,2.4218,1.2977,6.5203,0.897,1.4582,0.9359,0.8657,0.9231,False
X,359,2.415,-2.6313,0.1282,0.0,0.2905,0.0,0.0,0.0,False
X,360,2.4083,-2.7363,0.1154,0.0,0.0799,0.0,0.0,0.0,False
X,361,2.4017,1.6156,8.9606,0.9977,0.3611,1.0,0.9954,1.0,True
X,362,2.395,-2.8813,0.0999,0.0,0.9348,0.0,0.0,0.0,False
X,363,2.3884,0.3689,2.5756,0.0412,0.0845,0.0,0.0694,0.021,False
X,364,2.3819,0.0444,1.8619,0.0,1.5626,0.0,0.0,0.0,False
X,365,2.3753,-0.1694,1.5035,0.0,2.6196,0.0,0.0,0.0,False
X,366,2.3689,-1.081,0.6042,0.0,0.2792,0.0,0.0,0.0,False
X,367,2.3624,0.728,3.6886,0.1053,2.5781,0.0769,0.125,0.0909,False
X,368,2.356,-3.188,0.0735,0.0,1.1572,0.0,0.0,0.0,False
X,369,2.3496,0.6476,3.4035,0.0664,0.0956,0.0513,0.0463,0.1049,False
X,370,2.3432,-0.3418,1.2655,0.0,0.859,0.0,0.0,0.0,False
X,371,2.3369,-1.7806,0.3002,0.0,0.8197,0.0,0.0,0.0,False
X,372,2.3306,-0.0272,1.7332,0.0,1.3267,0.0,0.0,0.0,False
X,373,2.3244,-2.3625,0.1678,0.0,1.6364,0.0,0.0,0.0,False
X,374,2.3182,-0.3468,1.2591,0.0,0.3148,0.0,0.0,0.0,False
X,375,2.312,-1.7102,0.3221,0.0,1.286,0.0,0.0,0.0,False
X,376,2.3059,-1.3303,0.4709,0.0,1.4033,0.0,0.0,0.0,False
X,377,2.2997,1.5125,8.0828,0.9931,1.0953,1.0,0.9861,1.0,True
X,378,2.2937,-1.2609,0.5048,0.0,0.5843,0.0,0.0,0.0,False
X,379,2.2876,0.9495,4.6029,0.2449,0.0323,0.2179,0.2269,0.2867,False
X,380,2.2816,-2.2387,0.1899,0.0,0.5504,0.0,0.0,0.0,False
X,381,2.2756,-0.0645,1.6699,0.0,0.7095,0.0,0.0,0.0,False
X,382,2.2696,0.4106,2.6855,0.0092,1.432,0.0128,0.0139,0.0,False
X,383,2.2637,-2.6577,0.1249,0.0,1.2937,0.0,0.0,0.0,False
X,384,2.2578,-1.4072,0.436,0.0,0.4955,0.0,0.0,0.0,False
X,385,2.2519,-1.8105,0.2913,0.0,2.3331,0.0,0.0,0.0,False
X,386,2.2461,-0.9703,0.675,0.0,0.3076,0.0,0.0,0.0,False
X,387,2.2403,-0.3679,1.2329,0.0,1.2681,0.0,0.0,0.0,False
X,388,2.2345,-2.0126,0.238,0.0,0.278,0.0,0.0,0.0,False
X,389,2.2288,0.1832,2.1391,0.0,0.483,0.0,0.0,0.0,False
X,390,2.2231,-2.8605,0.1019,0.0,3.2672,0.0,0.0,0.0,False
X,391,2.2174,-0.0382,1.7144,0.0,3.191,0.0,0.0,0.0,False
X,392,2.2117,-1.394,0.4419,0.0,0.1428,0.0,0.0,0.0,False
X,393,2.2061,-1.2444,0.5132,0.0,2.3867,0.0,0.0,0.0,False
X,394,2.2005,2.0162,13.375,1.0,0.786,1.0,1.0,1.0,True
X,395,2.1949,-1.1623,0.557,0.0,2.4244,0.0,0.0,0.0,False
X,396,2.1894,0.6202,3.3116,0.0114,1.145,0.0,0.0185,0.007,False
X,397,2.1839,0.681,3.5192,0.0297,0.7316,0.0,0.0463,0.021,False
X,398,2.1784,-1.4732,0.4082,0.0,0.5635,0.0,0.0,0.0,False
X,399,2.1729,1.4836,7.8522,0.9794,0.2843,1.0,0.9583,1.0,True
X,400,2.1675,-2.001,0.2408,0.0,0.5334,0.0,0.0,0.0,False
X,401,2.1621,0.0335,1.8418,0.0,0.58,0.0,0.0,0.0,False
X,402,2.1567,0.7657,3.83,0.0275,0.6703,0.0385,0.0278,0.021,False
X,403,2.1514,0.6989,3.5825,0.0137,0.7634,0.0256,0.0139,0.007,False
X,404,2.146,-0.5827,0.9945,0.0,0.59,0.0,0.0,0.0,False
X,405,2.1407,0.6396,3.3765,0.0549,2.1868,0.0256,0.0833,0.028,False
X,406,2.1355,1.117,5.4423,0.5973,1.0324,0.6795,0.5278,0.6573,False
X,407,2.1302,-2.6083,0.1312,0.0,1.7767,0.0,0.0,0.0,False
X,408,2.125,0.3157,2.4422,0.0,0.1312,0.0,0.0,0.0,False
X,409,2.1198,-0.6308,0.9478,0.0,0.3372,0.0,0.0,0.0,False
X,410,2.1146,-0.2844,1.3402,0.0,0.9387,0.0,0.0,0.0,False
X,411,2.1095,-1.4129,0.4336,0.0,0.7667,0.0,0.0,0.0,False
X,412,2.1044,-1.8702,0.2745,0.0,0.5341,0.0,0.0,0.0,False
X,413,2.0993,-0.5573,1.0201,0.0,0.2946,0.0,0.0,0.0,False
X,414,2.0942,-0.3549,1.249,0.0,0.4448,0.0,0.0,0.0,False
X,415,2.0892,-0.4777,1.1047,0.0,0.0219,0.0,0.0,0.0,False
X,416,2.0841,-2.7695,0.1117,0.0,0.6096,0.0,0.0,0.0,False
X,417,2.0791,1.1792,5.7917,0.643,2.0157,0.7179,0.6111,0.6503,False
X,418,2.0742,0.5373,3.0481,0.0046,1.4113,0.0,0.0093,0.0,False
X,419,2.0692,1.1805,5.7993,0.7048,0.0781,0.7949,0.6759,0.6993,False
X,420,2.0643,-1.342,0.4654,0.0,0.8797,0.0,0.0,0.0,False
X,421,2.0594,-0.7954,0.804,0.0,1.2184,0.0,0.0,0.0,False
X,422,2.0545,-0.3769,1.2218,0.0,1.2772,0.0,0.0,0.0,False
X,423,2.0496,0.8384,4.1192,0.1167,4.2338,0.0513,0.1389,0.1189,False
X,424,2.0448,0.8136,4.0183,0.1121,0.2097,0.0641,0.125,0.1189,False
X,425,2.04,-1.4564,0.4151,0.0,3.0072,0.0,0.0,0.0,False
X,426,2.0352,0.4913,2.911,0.0046,1.5407,0.0,0.0093,0.0,False
X,427,2.0304,-0.0484,1.6969,0.0,0.0545,0.0,0.0,0.0,False
X,428,2.0257,-0.8226,0.7824,0.0,2.2865,0.0,0.0,0.0,False
X,429,2.021,-1.5441,0.3803,0.0,2.9005,0.0,0.0,0.0,False
X,430,2.0163,-0.7282,0.8598,0.0,0.0659,0.0,0.0,0.0,False
X,431,2.0116,-1.2573,0.5066,0.0,0.3531,0.0,0.0,0.0,False
X,432,2.0069,0.4067,2.675,0.0023,4.0962,0.0,0.0,0.007,False
X,433,2.0023,-0.7091,0.8764,0.0,0.7217,0.0,0.0,0.0,False
