sample,chr,k,period,height_log10
GSM4957366,1,2,1033.0,0.5921955292873937
GSM3998172,1,4,516.5,0.5311327890075788
GSM3998175,1,4,516.5,0.5245354488067013
GSM3998179,1,4,516.5,0.5347932767888235
GSM3998183,1,4,516.5,0.5502398904591432
GSM3998185,1,4,516.5,0.5836141488535134
GSM3998187,1,4,516.5,0.5536943374553536
GSM3998189,1,4,516.5,0.5693739365378363
GSM3998191,1,4,516.5,0.5933207859261893
GSM3998192,1,4,516.5,0.5478284700947924
GSM3998193,1,4,516.5,0.5630893229560714
GSM3998194,1,4,516.5,0.5238495834431012
GSM3998209,1,4,516.5,0.5103685052710283
GSM3998216,1,4,516.5,0.5454097532520761
GSM3998217,1,4,516.5,0.5812065591484137
GSM3998220,1,4,516.5,0.5804373525954976
GSM3998224,1,4,516.5,0.5655802663512155
GSM3998287,1,4,516.5,0.5545234142405029
GSM3998301,1,4,516.5,0.5683886917379999
GSM3998324,1,4,516.5,0.5267699456070778
GSM3998327,1,4,516.5,0.5867414649878544
GSM3998330,1,4,516.5,0.5650303976099602
GSM4957326,1,4,516.5,0.5124064649267845
GSM4957327,1,4,516.5,0.5735223086053791
GSM4957340,1,4,516.5,0.5238731938358798
GSM4957361,1,4,516.5,0.5869689219098495
GSM4957393,1,4,516.5,0.5696041363720461
GSM4957406,1,4,516.5,0.5291473424023616
GSM4957428,1,4,516.5,0.529112681794154
GSM4957365,1,71,29.098591549295776,0.5294251082763886
GSM3998344,1,91,22.703296703296704,0.508657510379336
GSM3998348,1,91,22.703296703296704,0.48654971175820405
GSM4957379,1,91,22.703296703296704,0.4903591937407379
GSM4957382,1,91,22.703296703296704,0.4995704481937846
GSM3758005,1,116,17.810344827586206,0.5554261360487658
GSM3758021,1,116,17.810344827586206,0.5161510210052276
GSM3758025,1,116,17.810344827586206,0.5210893087945339
GSM3758027,1,116,17.810344827586206,0.5251793609895308
GSM3758040,1,116,17.810344827586206,0.5260451662158139
GSM3758041,1,116,17.810344827586206,0.5246527581866403
GSM3758048,1,116,17.810344827586206,0.49850545731283624
GSM3758049,1,116,17.810344827586206,0.5273751424300381
GSM3758050,1,116,17.810344827586206,0.49848869386147543
GSM3758054,1,116,17.810344827586206,0.503742123458482
GSM3758055,1,116,17.810344827586206,0.5358919604632524
GSM3758065,1,116,17.810344827586206,0.4979755323415773
GSM3758074,1,116,17.810344827586206,0.5151051132203666
GSM3758078,1,116,17.810344827586206,0.5222447490902788
GSM3998201,1,116,17.810344827586206,0.5248534402337475
GSM3998211,1,116,17.810344827586206,0.5199780434917556
GSM3998214,1,116,17.810344827586206,0.5353230612485596
GSM3998238,1,116,17.810344827586206,0.5114012144458644
GSM3998240,1,116,17.810344827586206,0.5190920134687733
GSM3998244,1,116,17.810344827586206,0.5028601830894983
GSM3998245,1,116,17.810344827586206,0.512403981173112
GSM3998253,1,116,17.810344827586206,0.5700476595163013
GSM3998256,1,116,17.810344827586206,0.5075629072709646
GSM3998272,1,116,17.810344827586206,0.5275459767207304
GSM3998273,1,116,17.810344827586206,0.5568963730894438
GSM3998276,1,116,17.810344827586206,0.5318231736742041
GSM3998292,1,116,17.810344827586206,0.4955412590677799
GSM3998305,1,116,17.810344827586206,0.5065892811078614
GSM3998312,1,116,17.810344827586206,0.514974786792338
GSM3998346,1,116,17.810344827586206,0.5055695569255847
GSM3998347,1,116,17.810344827586206,0.5081871549104306
GSM3998349,1,116,17.810344827586206,0.514566944763069
GSM3998350,1,116,17.810344827586206,0.5727253954658944
GSM3998351,1,116,17.810344827586206,0.5507804500181654
GSM3998352,1,116,17.810344827586206,0.48206658087312837
GSM3998359,1,116,17.810344827586206,0.5150334238014924
GSM3998361,1,116,17.810344827586206,0.5216093355899769
GSM3998363,1,116,17.810344827586206,0.5753586339858341
GSM3998365,1,116,17.810344827586206,0.5097330046856992
GSM3998366,1,116,17.810344827586206,0.5177213645479259
GSM3998374,1,116,17.810344827586206,0.5519400895241886
GSM3998381,1,116,17.810344827586206,0.5053486327170167
GSM4957322,1,116,17.810344827586206,0.4818601277688215
GSM4957353,1,116,17.810344827586206,0.5471187467686272
GSM4957354,1,116,17.810344827586206,0.508113312974392
GSM4957365,1,116,17.810344827586206,0.5424644246846317
GSM4957367,1,116,17.810344827586206,0.5495544173612688
GSM4957369,1,116,17.810344827586206,0.5396774554612547
GSM4957370,1,116,17.810344827586206,0.5260711661817252
GSM4957372,1,116,17.810344827586206,0.5049952732949365
GSM4957373,1,116,17.810344827586206,0.5385034417120895
GSM4957374,1,116,17.810344827586206,0.5503908865672242
GSM4957375,1,116,17.810344827586206,0.49144569698854657
GSM4957376,1,116,17.810344827586206,0.5390362840019565
GSM4957379,1,116,17.810344827586206,0.4954077442782343
GSM4957380,1,116,17.810344827586206,0.5149741041986338
GSM4957383,1,116,17.810344827586206,0.5412581514000521
GSM4957390,1,116,17.810344827586206,0.49486626525865285
GSM4957400,1,116,17.810344827586206,0.506019002249567
GSM4957409,1,116,17.810344827586206,0.5176377740303155
GSM4957418,1,116,17.810344827586206,0.5005663913611489
GSM4957422,1,116,17.810344827586206,0.5059904900380516
GSM4957424,1,116,17.810344827586206,0.5242387659191468
GSM4957425,1,116,17.810344827586206,0.5122521888985463
GSM4957434,1,116,17.810344827586206,0.49295277377618474
GSM4957442,1,116,17.810344827586206,0.5314425396231508
GSM4957443,1,116,17.810344827586206,0.49115772308704253
GSM4957450,1,116,17.810344827586206,0.49632629746368284
GSM4957451,1,116,17.810344827586206,0.5063490168782252
GSM4957455,1,116,17.810344827586206,0.493765563772377
GSM4957458,1,116,17.810344827586206,0.526200331437034
GSM3758045,1,117,17.65811965811966,0.5265249819846245
GSM3758073,1,117,17.65811965811966,0.5094743560490747
GSM3998354,1,117,17.65811965811966,0.5290740301767975
GSM3998272,1,118,17.508474576271187,0.5275702829356317
GSM4957368,1,118,17.508474576271187,0.578793607106014
GSM4957373,1,118,17.508474576271187,0.5234455314753936
GSM4957409,1,118,17.508474576271187,0.5139002562658548
GSM4957458,1,118,17.508474576271187,0.5161430400849931
GSM3758005,1,119,17.361344537815125,0.539280496453717
GSM3758040,1,119,17.361344537815125,0.5126910610281867
GSM3758045,1,119,17.361344537815125,0.5251972210734355
GSM3758047,1,119,17.361344537815125,0.5488484268733038
GSM3758048,1,119,17.361344537815125,0.4949664891500767
GSM3758050,1,119,17.361344537815125,0.5031685106616228
GSM3758055,1,119,17.361344537815125,0.534399905973725
GSM3758073,1,119,17.361344537815125,0.5006961550868527
GSM3998201,1,119,17.361344537815125,0.5260404087009753
GSM3998214,1,119,17.361344537815125,0.5386015249113174
GSM3998227,1,119,17.361344537815125,0.5647965489973754
GSM3998238,1,119,17.361344537815125,0.5361722930750221
GSM3998253,1,119,17.361344537815125,0.570345468753684
GSM3998273,1,119,17.361344537815125,0.5588948650623098
GSM3998276,1,119,17.361344537815125,0.5323145327795218
GSM3998312,1,119,17.361344537815125,0.5099357248825944
GSM3998332,1,119,17.361344537815125,0.5038600481294617
GSM3998335,1,119,17.361344537815125,0.5201191520890478
GSM3998338,1,119,17.361344537815125,0.5258280892106448
GSM3998345,1,119,17.361344537815125,0.49697683912208523
GSM3998347,1,119,17.361344537815125,0.5197818692174776
GSM3998349,1,119,17.361344537815125,0.5087262416750882
GSM3998350,1,119,17.361344537815125,0.5823196323410187
GSM3998351,1,119,17.361344537815125,0.5294931015246411
GSM3998354,1,119,17.361344537815125,0.5198488041158718
GSM3998355,1,119,17.361344537815125,0.5128687464424697
GSM3998359,1,119,17.361344537815125,0.5137341673197118
GSM3998363,1,119,17.361344537815125,0.5848486652088773
GSM3998365,1,119,17.361344537815125,0.5113434728410384
GSM3998381,1,119,17.361344537815125,0.4992215685519197
GSM4957329,1,119,17.361344537815125,0.501492810284077
GSM4957354,1,119,17.361344537815125,0.5078167966864089
GSM4957365,1,119,17.361344537815125,0.5602202039874546
GSM4957367,1,119,17.361344537815125,0.5701162077109347
GSM4957369,1,119,17.361344537815125,0.538957643832636
GSM4957370,1,119,17.361344537815125,0.5350770399196252
GSM4957372,1,119,17.361344537815125,0.5078860310793445
GSM4957374,1,119,17.361344537815125,0.5520959001784429
GSM4957375,1,119,17.361344537815125,0.49995278181053626
GSM4957376,1,119,17.361344537815125,0.552093962578617
GSM4957378,1,119,17.361344537815125,0.5352628915982218
GSM4957379,1,119,17.361344537815125,0.4979671764257918
GSM4957380,1,119,17.361344537815125,0.5145571582163186
GSM4957383,1,119,17.361344537815125,0.5216282681048603
GSM4957384,1,119,17.361344537815125,0.5253985039817164
GSM4957400,1,119,17.361344537815125,0.5129261536415366
GSM4957418,1,119,17.361344537815125,0.4890832791541171
GSM4957424,1,119,17.361344537815125,0.5197666247659627
GSM4957425,1,119,17.361344537815125,0.5127400864029754
GSM3758013,1,158,13.075949367088608,0.5051017411692929
GSM3998216,1,158,13.075949367088608,0.5237635218405043
GSM3998258,1,158,13.075949367088608,0.5227225467880037
GSM3998379,1,158,13.075949367088608,0.5102829588394102
GSM4957333,1,158,13.075949367088608,0.5115275435385169
GSM3758045,1,389,5.311053984575835,0.49844959730094196
GSM3998303,1,389,5.311053984575835,0.5555685633437326
GSM3758020,1,390,5.297435897435897,0.5209518863039837
GSM3758040,1,390,5.297435897435897,0.5182944035081376
GSM3758042,1,390,5.297435897435897,0.5407029103347458
GSM3758043,1,390,5.297435897435897,0.4975098737421506
GSM3758051,1,390,5.297435897435897,0.5109108439365624
GSM3758057,1,390,5.297435897435897,0.5203116852579139
GSM3758073,1,390,5.297435897435897,0.49330423488419317
GSM3758075,1,390,5.297435897435897,0.5091948759212634
GSM3998183,1,390,5.297435897435897,0.5061116159523213
GSM3998223,1,390,5.297435897435897,0.5433578508874986
GSM3998224,1,390,5.297435897435897,0.5419121478387052
GSM3998247,1,390,5.297435897435897,0.5263065958044684
GSM3998256,1,390,5.297435897435897,0.5452098371731409
GSM3998270,1,390,5.297435897435897,0.5091810399434604
GSM3998272,1,390,5.297435897435897,0.552650133314053
GSM3998276,1,390,5.297435897435897,0.5104310142825232
GSM3998286,1,390,5.297435897435897,0.5157955437656776
GSM3998289,1,390,5.297435897435897,0.5085414089926505
GSM3998292,1,390,5.297435897435897,0.49593385446083627
GSM3998304,1,390,5.297435897435897,0.5415360526349855
GSM3998305,1,390,5.297435897435897,0.521596683368827
GSM3998306,1,390,5.297435897435897,0.5445180972892896
GSM3998307,1,390,5.297435897435897,0.5129759632177215
GSM3998345,1,390,5.297435897435897,0.546884356367781
GSM3998346,1,390,5.297435897435897,0.5723494660845692
GSM3998351,1,390,5.297435897435897,0.509694747738628
GSM3998353,1,390,5.297435897435897,0.5384080559962614
GSM3998357,1,390,5.297435897435897,0.5239019374454745
GSM3998360,1,390,5.297435897435897,0.5102806884205289
GSM3998361,1,390,5.297435897435897,0.5753434482910422
GSM3998363,1,390,5.297435897435897,0.5010093129270405
GSM3998374,1,390,5.297435897435897,0.486180993064139
GSM3998377,1,390,5.297435897435897,0.5110395345333849
GSM3998381,1,390,5.297435897435897,0.5112362347711734
GSM4957321,1,390,5.297435897435897,0.5096080278435249
GSM4957322,1,390,5.297435897435897,0.5223823199167978
GSM4957353,1,390,5.297435897435897,0.5071394833063363
GSM4957365,1,390,5.297435897435897,0.5297548133376693
GSM4957372,1,390,5.297435897435897,0.5047202717851595
GSM4957373,1,390,5.297435897435897,0.5035494789322383
GSM4957375,1,390,5.297435897435897,0.4932847115352512
GSM4957379,1,390,5.297435897435897,0.5054174896954442
GSM4957386,1,390,5.297435897435897,0.5020136176966763
GSM4957409,1,390,5.297435897435897,0.5194514349368515
GSM4957414,1,390,5.297435897435897,0.5133534847143295
GSM4957417,1,390,5.297435897435897,0.4875275105618675
GSM4957418,1,390,5.297435897435897,0.47615731344683665
GSM4957423,1,390,5.297435897435897,0.5298755185970978
GSM4957427,1,390,5.297435897435897,0.508513969503738
GSM4957430,1,390,5.297435897435897,0.5316911228527301
GSM4957436,1,390,5.297435897435897,0.5104869416580042
GSM4957444,1,390,5.297435897435897,0.5095413981704318
GSM4957449,1,390,5.297435897435897,0.48911182121931773
GSM4957450,1,390,5.297435897435897,0.5321148763393988
GSM4957459,1,390,5.297435897435897,0.5222781194030048
GSM4957462,1,390,5.297435897435897,0.50761200151925
GSM3758020,1,392,5.270408163265306,0.49636177223563704
GSM3758073,1,392,5.270408163265306,0.4985789102206488
GSM3758075,1,392,5.270408163265306,0.5114156447393343
GSM3758076,1,392,5.270408163265306,0.5135537837085695
GSM3998223,1,392,5.270408163265306,0.5601267766624924
GSM3998224,1,392,5.270408163265306,0.5217142265660177
GSM3998272,1,392,5.270408163265306,0.5683097736376981
GSM3998276,1,392,5.270408163265306,0.49949041414759066
GSM3998293,1,392,5.270408163265306,0.5017660458353297
GSM4957331,1,392,5.270408163265306,0.5018941772857937
GSM4957439,1,392,5.270408163265306,0.509368389953194
GSM3998368,1,395,5.230379746835443,0.5085507009579913
GSM3998361,1,493,4.190669371196755,0.4975925253929221
GSM3998368,1,493,4.190669371196755,0.5094026370158575
GSM3758024,1,772,2.6761658031088085,0.5022706836944262
GSM3758028,1,772,2.6761658031088085,0.5016712148536779
GSM3758029,1,772,2.6761658031088085,0.5190252003721056
GSM3758037,1,772,2.6761658031088085,0.49472275920787645
GSM3758042,1,772,2.6761658031088085,0.5223222405485997
GSM3758045,1,772,2.6761658031088085,0.5062455668535426
GSM3758054,1,772,2.6761658031088085,0.505245862927894
GSM3758060,1,772,2.6761658031088085,0.5050423162504143
GSM3758067,1,772,2.6761658031088085,0.4954896162638045
GSM3758068,1,772,2.6761658031088085,0.5327866851463985
GSM3758075,1,772,2.6761658031088085,0.5074623620913612
GSM3998172,1,772,2.6761658031088085,0.5067704415738237
GSM3998175,1,772,2.6761658031088085,0.5130172221944806
GSM3998177,1,772,2.6761658031088085,0.5070528086262427
GSM3998189,1,772,2.6761658031088085,0.5128392299288045
GSM3998221,1,772,2.6761658031088085,0.5217974777252894
GSM3998226,1,772,2.6761658031088085,0.5294986735045311
GSM3998235,1,772,2.6761658031088085,0.5120172942758461
GSM3998241,1,772,2.6761658031088085,0.529942452742378
GSM3998247,1,772,2.6761658031088085,0.5286012083620095
GSM3998258,1,772,2.6761658031088085,0.508867525653304
GSM3998262,1,772,2.6761658031088085,0.531129839428151
GSM3998270,1,772,2.6761658031088085,0.5322749496537442
GSM3998271,1,772,2.6761658031088085,0.5060437059636849
GSM3998282,1,772,2.6761658031088085,0.509281695356147
GSM3998290,1,772,2.6761658031088085,0.5320122444030395
GSM3998294,1,772,2.6761658031088085,0.559168890913798
GSM3998298,1,772,2.6761658031088085,0.5300822396533356
GSM3998305,1,772,2.6761658031088085,0.5033925944652324
GSM3998308,1,772,2.6761658031088085,0.5130494372240282
GSM3998315,1,772,2.6761658031088085,0.5241336656244453
GSM3998342,1,772,2.6761658031088085,0.4976500387066163
GSM4957326,1,772,2.6761658031088085,0.51984435212202
GSM4957328,1,772,2.6761658031088085,0.5239465048947465
GSM4957334,1,772,2.6761658031088085,0.5360618483116162
GSM4957347,1,772,2.6761658031088085,0.5227561524603885
GSM4957352,1,772,2.6761658031088085,0.5374394620290079
GSM4957355,1,772,2.6761658031088085,0.5236730600269421
GSM4957361,1,772,2.6761658031088085,0.5314727838999715
GSM4957389,1,772,2.6761658031088085,0.5235456188219767
GSM4957392,1,772,2.6761658031088085,0.5145640424507638
GSM4957403,1,772,2.6761658031088085,0.5414547637874638
GSM4957406,1,772,2.6761658031088085,0.5298344212357629
GSM4957414,1,772,2.6761658031088085,0.5015471088138317
GSM4957417,1,772,2.6761658031088085,0.4936722302195258
GSM4957426,1,772,2.6761658031088085,0.5110986296873921
GSM4957428,1,772,2.6761658031088085,0.5154079536358172
GSM4957438,1,772,2.6761658031088085,0.4972042730152042
GSM4957439,1,772,2.6761658031088085,0.5653901740952936
GSM4957440,1,772,2.6761658031088085,0.5246374002041216
GSM4957441,1,772,2.6761658031088085,0.54342890358304
GSM4957443,1,772,2.6761658031088085,0.4979640459360235
GSM4957445,1,772,2.6761658031088085,0.5348977564527662
GSM4957446,1,772,2.6761658031088085,0.5173473580397445
GSM4957448,1,772,2.6761658031088085,0.49993293602395106
GSM4957449,1,772,2.6761658031088085,0.49447034586026417
GSM4957453,1,772,2.6761658031088085,0.5021728908582506
GSM4957456,1,772,2.6761658031088085,0.5165580022662284
GSM4957459,1,772,2.6761658031088085,0.5576559751553622
GSM3758019,1,774,2.669250645994832,0.5108655105672728
GSM3758029,1,774,2.669250645994832,0.5170668847746209
GSM3758043,1,774,2.669250645994832,0.48639560320834185
GSM3758048,1,774,2.669250645994832,0.5519865191074409
GSM3758068,1,774,2.669250645994832,0.5095599738856476
GSM3758077,1,774,2.669250645994832,0.4934084634783704
GSM3998188,1,774,2.669250645994832,0.5355619860724765
GSM3998234,1,774,2.669250645994832,0.5229650587179404
GSM3998235,1,774,2.669250645994832,0.5246339919081073
GSM3998248,1,774,2.669250645994832,0.5152553825330641
GSM3998251,1,774,2.669250645994832,0.5075152483534202
GSM3998262,1,774,2.669250645994832,0.5465045179901447
GSM3998270,1,774,2.669250645994832,0.5173852102215228
GSM3998282,1,774,2.669250645994832,0.5227269907601331
GSM3998290,1,774,2.669250645994832,0.5047743630589712
GSM3998298,1,774,2.669250645994832,0.5265153754959657
GSM3998308,1,774,2.669250645994832,0.5223684903206829
GSM3998322,1,774,2.669250645994832,0.539582246496471
GSM3998328,1,774,2.669250645994832,0.5169957974257855
GSM4957334,1,774,2.669250645994832,0.522377860788878
GSM4957339,1,774,2.669250645994832,0.5172882681427375
GSM4957347,1,774,2.669250645994832,0.5275357671205527
GSM4957355,1,774,2.669250645994832,0.5399070574317077
GSM4957385,1,774,2.669250645994832,0.5051377551328096
GSM4957416,1,774,2.669250645994832,0.5108419273622009
GSM4957426,1,774,2.669250645994832,0.5139127573430193
GSM4957439,1,774,2.669250645994832,0.5273066536564337
GSM4957456,1,774,2.669250645994832,0.5213484899468761
GSM3758017,1,775,2.6658064516129034,0.5267216600187932
GSM3758024,1,775,2.6658064516129034,0.5191003727446781
GSM3758028,1,775,2.6658064516129034,0.5146932362402978
GSM3758031,1,775,2.6658064516129034,0.5540913643582726
GSM3758059,1,775,2.6658064516129034,0.5197498658148056
GSM3758064,1,775,2.6658064516129034,0.5230804210539719
GSM3758075,1,775,2.6658064516129034,0.5093114906795417
GSM3758081,1,775,2.6658064516129034,0.5199539787572691
GSM3998169,1,775,2.6658064516129034,0.5145570265839146
GSM3998170,1,775,2.6658064516129034,0.49532191332808884
GSM3998175,1,775,2.6658064516129034,0.5065063353202621
GSM3998177,1,775,2.6658064516129034,0.5129879667648716
GSM3998178,1,775,2.6658064516129034,0.5203443018861726
GSM3998184,1,775,2.6658064516129034,0.5117434728441945
GSM3998189,1,775,2.6658064516129034,0.5250573809878278
GSM3998193,1,775,2.6658064516129034,0.5480311096043962
GSM3998194,1,775,2.6658064516129034,0.5463087014414598
GSM3998213,1,775,2.6658064516129034,0.5395577935966962
GSM3998215,1,775,2.6658064516129034,0.5333226065873746
GSM3998239,1,775,2.6658064516129034,0.5207690762822161
GSM3998245,1,775,2.6658064516129034,0.5122319612338115
GSM3998246,1,775,2.6658064516129034,0.527045513524683
GSM3998247,1,775,2.6658064516129034,0.522866769970991
GSM3998249,1,775,2.6658064516129034,0.5174093761743235
GSM3998261,1,775,2.6658064516129034,0.5435293263131116
GSM3998265,1,775,2.6658064516129034,0.5260902671949013
GSM3998271,1,775,2.6658064516129034,0.5255675515525566
GSM3998294,1,775,2.6658064516129034,0.5493109817053936
GSM3998295,1,775,2.6658064516129034,0.5159832005166805
GSM3998296,1,775,2.6658064516129034,0.5680691612294719
GSM3998305,1,775,2.6658064516129034,0.49508054630368736
GSM3998311,1,775,2.6658064516129034,0.5274877386857004
GSM3998315,1,775,2.6658064516129034,0.5465692396453092
GSM3998320,1,775,2.6658064516129034,0.5380871179284634
GSM3998323,1,775,2.6658064516129034,0.5210130317112389
GSM3998325,1,775,2.6658064516129034,0.5205764593237778
GSM3998358,1,775,2.6658064516129034,0.5001330303880875
GSM4957326,1,775,2.6658064516129034,0.5041634160934905
GSM4957328,1,775,2.6658064516129034,0.514089639664312
GSM4957331,1,775,2.6658064516129034,0.5155854189019964
GSM4957352,1,775,2.6658064516129034,0.5462627177790362
GSM4957362,1,775,2.6658064516129034,0.5181151675391291
GSM4957363,1,775,2.6658064516129034,0.5037192848668726
GSM4957389,1,775,2.6658064516129034,0.5171379751669436
GSM4957391,1,775,2.6658064516129034,0.5429776476793102
GSM4957398,1,775,2.6658064516129034,0.5306028204640318
GSM4957401,1,775,2.6658064516129034,0.523958029232825
GSM4957403,1,775,2.6658064516129034,0.5638614177957928
GSM4957413,1,775,2.6658064516129034,0.4926541011967771
GSM4957419,1,775,2.6658064516129034,0.5278869289223787
GSM4957428,1,775,2.6658064516129034,0.519403760616227
GSM4957431,1,775,2.6658064516129034,0.4990124210123277
GSM4957435,1,775,2.6658064516129034,0.5083434952674666
GSM4957438,1,775,2.6658064516129034,0.5087560998921945
GSM4957446,1,775,2.6658064516129034,0.5064024797012205
GSM4957447,1,775,2.6658064516129034,0.5067315816283111
GSM4957453,1,775,2.6658064516129034,0.5084182890047684
GSM4957461,1,775,2.6658064516129034,0.5244482554817353
GSM3998170,1,821,2.5164433617539586,0.5250007144335851
GSM3758013,1,822,2.51338199513382,0.5224080784470106
GSM3758014,1,822,2.51338199513382,0.5319122607682654
GSM3758015,1,822,2.51338199513382,0.5112172726980813
GSM3758022,1,822,2.51338199513382,0.5248755278333248
GSM3758043,1,822,2.51338199513382,0.49802948827875015
GSM3758045,1,822,2.51338199513382,0.5150923792698943
GSM3758047,1,822,2.51338199513382,0.5451407644499628
GSM3758050,1,822,2.51338199513382,0.5280570178668991
GSM3758052,1,822,2.51338199513382,0.5102310539161548
GSM3758053,1,822,2.51338199513382,0.49707076191944255
GSM3758056,1,822,2.51338199513382,0.5138417073042092
GSM3758057,1,822,2.51338199513382,0.5052806393266334
GSM3758058,1,822,2.51338199513382,0.507333214008352
GSM3758061,1,822,2.51338199513382,0.5370347393486679
GSM3758062,1,822,2.51338199513382,0.5232621580771442
GSM3758063,1,822,2.51338199513382,0.49984024499059165
GSM3758065,1,822,2.51338199513382,0.5154629007774458
GSM3758067,1,822,2.51338199513382,0.5303719851956421
GSM3758071,1,822,2.51338199513382,0.5165821547069318
GSM3758075,1,822,2.51338199513382,0.5229400732062364
GSM3758077,1,822,2.51338199513382,0.5147961904043385
GSM3758080,1,822,2.51338199513382,0.5282412156325749
GSM3758081,1,822,2.51338199513382,0.5181716100821854
GSM3998168,1,822,2.51338199513382,0.5501949655317788
GSM3998169,1,822,2.51338199513382,0.5111435417356773
GSM3998171,1,822,2.51338199513382,0.5544971079592131
GSM3998172,1,822,2.51338199513382,0.5188225701122406
GSM3998173,1,822,2.51338199513382,0.558528912928351
GSM3998176,1,822,2.51338199513382,0.5198358685104849
GSM3998178,1,822,2.51338199513382,0.524601088854761
GSM3998180,1,822,2.51338199513382,0.5411808224786632
GSM3998182,1,822,2.51338199513382,0.5194316488215498
GSM3998183,1,822,2.51338199513382,0.5115126811691542
GSM3998184,1,822,2.51338199513382,0.5357758618412571
GSM3998195,1,822,2.51338199513382,0.5590537994871569
GSM3998197,1,822,2.51338199513382,0.5413200849702009
GSM3998198,1,822,2.51338199513382,0.5168660982882205
GSM3998200,1,822,2.51338199513382,0.5117571170452484
GSM3998203,1,822,2.51338199513382,0.518371547712408
GSM3998206,1,822,2.51338199513382,0.5718938477324382
GSM3998207,1,822,2.51338199513382,0.5358465297135586
GSM3998208,1,822,2.51338199513382,0.5541854564202535
GSM3998209,1,822,2.51338199513382,0.5339618815808023
GSM3998212,1,822,2.51338199513382,0.5207424380481429
GSM3998215,1,822,2.51338199513382,0.5427075137598578
GSM3998217,1,822,2.51338199513382,0.5210669724249111
GSM3998219,1,822,2.51338199513382,0.5225583764763884
GSM3998221,1,822,2.51338199513382,0.5981425119666488
GSM3998222,1,822,2.51338199513382,0.5537943468424924
GSM3998231,1,822,2.51338199513382,0.5448311335760163
GSM3998246,1,822,2.51338199513382,0.5023060501760872
GSM3998247,1,822,2.51338199513382,0.5317331531220204
GSM3998249,1,822,2.51338199513382,0.5355030443226769
GSM3998250,1,822,2.51338199513382,0.532163665864386
GSM3998254,1,822,2.51338199513382,0.5066775336373803
GSM3998270,1,822,2.51338199513382,0.5071181924453136
GSM3998282,1,822,2.51338199513382,0.5268539679736617
GSM3998283,1,822,2.51338199513382,0.5789121442418979
GSM3998288,1,822,2.51338199513382,0.5080534479721219
GSM3998291,1,822,2.51338199513382,0.5113711848008182
GSM3998297,1,822,2.51338199513382,0.5146172694947628
GSM3998299,1,822,2.51338199513382,0.4982685324136882
GSM3998308,1,822,2.51338199513382,0.5322864355532744
GSM3998309,1,822,2.51338199513382,0.5516449654127329
GSM3998316,1,822,2.51338199513382,0.53615291726407
GSM3998317,1,822,2.51338199513382,0.5262449423625544
GSM3998318,1,822,2.51338199513382,0.5336958725962271
GSM3998321,1,822,2.51338199513382,0.5746108761140158
GSM3998325,1,822,2.51338199513382,0.5298778154958712
GSM3998331,1,822,2.51338199513382,0.5578609747917418
GSM3998334,1,822,2.51338199513382,0.5039629530603889
GSM3998339,1,822,2.51338199513382,0.5229614189697327
GSM3998342,1,822,2.51338199513382,0.5112314524292363
GSM3998372,1,822,2.51338199513382,0.522547303024516
GSM4957326,1,822,2.51338199513382,0.5572379994017038
GSM4957328,1,822,2.51338199513382,0.5457526996619584
GSM4957331,1,822,2.51338199513382,0.5267342522309333
GSM4957332,1,822,2.51338199513382,0.5395675317842481
GSM4957333,1,822,2.51338199513382,0.4885466006773478
GSM4957334,1,822,2.51338199513382,0.5266010702166835
GSM4957336,1,822,2.51338199513382,0.5420461457337469
GSM4957345,1,822,2.51338199513382,0.5407864470138666
GSM4957350,1,822,2.51338199513382,0.5684612123799209
GSM4957352,1,822,2.51338199513382,0.5171098176704962
GSM4957357,1,822,2.51338199513382,0.5387959614425246
GSM4957358,1,822,2.51338199513382,0.5172437466589321
GSM4957361,1,822,2.51338199513382,0.5955305988113326
GSM4957362,1,822,2.51338199513382,0.5191871497859712
GSM4957363,1,822,2.51338199513382,0.510424786862643
GSM4957364,1,822,2.51338199513382,0.531348523069052
GSM4957371,1,822,2.51338199513382,0.5327508413715218
GSM4957381,1,822,2.51338199513382,0.5035512496817058
GSM4957384,1,822,2.51338199513382,0.5399282469378828
GSM4957385,1,822,2.51338199513382,0.5377683417452483
GSM4957386,1,822,2.51338199513382,0.506287807944044
GSM4957387,1,822,2.51338199513382,0.522492709428005
GSM4957389,1,822,2.51338199513382,0.5428515084787899
GSM4957391,1,822,2.51338199513382,0.6148022258240426
GSM4957392,1,822,2.51338199513382,0.5252112046857045
GSM4957393,1,822,2.51338199513382,0.5277804175050722
GSM4957396,1,822,2.51338199513382,0.5237916222364052
GSM4957398,1,822,2.51338199513382,0.5627608593643401
GSM4957403,1,822,2.51338199513382,0.5656357257156657
GSM4957405,1,822,2.51338199513382,0.5324356985233294
GSM4957406,1,822,2.51338199513382,0.5747712702243319
GSM4957408,1,822,2.51338199513382,0.6015911000007965
GSM4957410,1,822,2.51338199513382,0.5815947286536627
GSM4957411,1,822,2.51338199513382,0.5360050477396405
GSM4957412,1,822,2.51338199513382,0.5480328177549292
GSM4957413,1,822,2.51338199513382,0.5049037437967936
GSM4957415,1,822,2.51338199513382,0.5254666651625115
GSM4957418,1,822,2.51338199513382,0.479863198158895
GSM4957419,1,822,2.51338199513382,0.5586742292102151
GSM4957421,1,822,2.51338199513382,0.5220320826740208
GSM4957427,1,822,2.51338199513382,0.497422457180297
GSM4957430,1,822,2.51338199513382,0.4980237559139269
GSM4957431,1,822,2.51338199513382,0.5112757937580032
GSM4957435,1,822,2.51338199513382,0.5370440502724301
GSM4957438,1,822,2.51338199513382,0.5549736138172099
GSM4957439,1,822,2.51338199513382,0.5473505207050322
GSM4957446,1,822,2.51338199513382,0.5208256964352271
GSM4957447,1,822,2.51338199513382,0.5115564715462408
GSM4957449,1,822,2.51338199513382,0.5054423086083122
GSM4957453,1,822,2.51338199513382,0.573735763289851
GSM4957457,1,822,2.51338199513382,0.5585426723988252
GSM4957462,1,822,2.51338199513382,0.49746933268368165
GSM4957463,1,822,2.51338199513382,0.5803009118931919
GSM3758076,1,883,2.3397508493771233,0.5033961433615968
GSM3998188,1,976,2.1168032786885247,0.550779696176332
GSM3998224,1,976,2.1168032786885247,0.5193166804773823
GSM3998235,1,976,2.1168032786885247,0.5098339366220155
GSM3998255,1,976,2.1168032786885247,0.5004810002041125
GSM3998261,1,976,2.1168032786885247,0.5417383972503913
GSM3998264,1,976,2.1168032786885247,0.5316682818453962
GSM3998270,1,976,2.1168032786885247,0.5106259253902388
GSM3998288,1,976,2.1168032786885247,0.4872942334935453
GSM3998292,1,976,2.1168032786885247,0.5089627281657161
GSM3998295,1,976,2.1168032786885247,0.5439065985112128
GSM3998296,1,976,2.1168032786885247,0.5414351235298076
GSM3998298,1,976,2.1168032786885247,0.5148525822861716
GSM3998299,1,976,2.1168032786885247,0.5256619285457349
GSM3998300,1,976,2.1168032786885247,0.5261712685394726
GSM3998217,2,2,626.0,0.5637577659201658
GSM3998218,2,2,626.0,0.5668318580960574
GSM4957352,2,2,626.0,0.5528460592061735
GSM4957406,2,2,626.0,0.548662762154251
GSM3998223,2,3,417.3333333333333,0.5195471041770281
GSM4957366,2,41,30.536585365853657,0.49194572650524915
GSM3998232,2,166,7.542168674698795,0.5520698912868909
GSM3998280,2,166,7.542168674698795,0.5415961984685786
GSM4957366,2,168,7.4523809523809526,0.4997479060043415
GSM3758005,3,96,11.291666666666666,0.5027813324196102
GSM3758013,3,96,11.291666666666666,0.5142320013868149
GSM3758018,3,96,11.291666666666666,0.527054568010759
GSM3758021,3,96,11.291666666666666,0.5184673353720557
GSM3758028,3,96,11.291666666666666,0.5021409391217562
GSM3758055,3,96,11.291666666666666,0.4996129239368363
GSM3758063,3,96,11.291666666666666,0.51682317308688
GSM3998186,3,96,11.291666666666666,0.5635592630937762
GSM3998187,3,96,11.291666666666666,0.5158157024197112
GSM3998228,3,96,11.291666666666666,0.5289357127194352
GSM3998238,3,96,11.291666666666666,0.5540763561515298
GSM3998240,3,96,11.291666666666666,0.5255904438141594
GSM3998253,3,96,11.291666666666666,0.5206683429022045
GSM3998262,3,96,11.291666666666666,0.5214974023650663
GSM3998271,3,96,11.291666666666666,0.5138161208406062
GSM3998275,3,96,11.291666666666666,0.514033607467844
GSM3998277,3,96,11.291666666666666,0.5360520225653835
GSM3998282,3,96,11.291666666666666,0.5344407909112818
GSM3998295,3,96,11.291666666666666,0.5220926525022276
GSM3998298,3,96,11.291666666666666,0.5244440228601484
GSM3998324,3,96,11.291666666666666,0.5254514456859023
GSM3998355,3,96,11.291666666666666,0.5675150174103152
GSM3998370,3,96,11.291666666666666,0.5128665063281015
GSM3998372,3,96,11.291666666666666,0.5067857228945454
GSM3998378,3,96,11.291666666666666,0.5119450209472953
GSM3998382,3,96,11.291666666666666,0.5241087713389017
GSM4957325,3,96,11.291666666666666,0.5093475956827933
GSM4957337,3,96,11.291666666666666,0.5245665128060253
GSM4957338,3,96,11.291666666666666,0.5204911120588247
GSM4957349,3,96,11.291666666666666,0.52075230259753
GSM4957360,3,96,11.291666666666666,0.5004759480932819
GSM4957388,3,96,11.291666666666666,0.5077420233431886
GSM4957395,3,96,11.291666666666666,0.5188583782258083
GSM4957401,3,96,11.291666666666666,0.5363455293977379
GSM4957403,3,96,11.291666666666666,0.5010279507086186
GSM4957441,3,96,11.291666666666666,0.5138064097438919
GSM4957445,3,96,11.291666666666666,0.5265630364421563
GSM3758071,3,187,5.7967914438502675,0.5199589725551168
GSM3758075,3,187,5.7967914438502675,0.49569359828873427
GSM3998167,3,187,5.7967914438502675,0.5390961421879923
GSM3998170,3,187,5.7967914438502675,0.5087618168128176
GSM3998171,3,187,5.7967914438502675,0.5145159015323766
GSM3998173,3,187,5.7967914438502675,0.5136683870381775
GSM3998194,3,187,5.7967914438502675,0.5404157159777032
GSM3998206,3,187,5.7967914438502675,0.5268632901328503
GSM3998208,3,187,5.7967914438502675,0.5596455536603688
GSM3998212,3,187,5.7967914438502675,0.5403349684571008
GSM3998215,3,187,5.7967914438502675,0.5297052190757023
GSM3998217,3,187,5.7967914438502675,0.52727873612436
GSM3998218,3,187,5.7967914438502675,0.4948919256926967
GSM3998219,3,187,5.7967914438502675,0.5121116511713817
GSM3998221,3,187,5.7967914438502675,0.5407026787508591
GSM3998222,3,187,5.7967914438502675,0.5525288771936037
GSM3998247,3,187,5.7967914438502675,0.5267787296967312
GSM3998268,3,187,5.7967914438502675,0.49921792504853313
GSM3998309,3,187,5.7967914438502675,0.5257614332038516
GSM3998317,3,187,5.7967914438502675,0.564956886576383
GSM3998331,3,187,5.7967914438502675,0.5330520530578351
GSM3998333,3,187,5.7967914438502675,0.5069882701475392
GSM3998339,3,187,5.7967914438502675,0.532283474456154
GSM3998379,3,187,5.7967914438502675,0.48631015334577077
GSM4957325,3,187,5.7967914438502675,0.5116898341613032
GSM4957332,3,187,5.7967914438502675,0.5050843593060086
GSM4957334,3,187,5.7967914438502675,0.541950259049806
GSM4957336,3,187,5.7967914438502675,0.5291281467841222
GSM4957347,3,187,5.7967914438502675,0.5467187912945004
GSM4957352,3,187,5.7967914438502675,0.5315201397440537
GSM4957371,3,187,5.7967914438502675,0.5120755435068096
GSM4957391,3,187,5.7967914438502675,0.5795349322285128
GSM4957392,3,187,5.7967914438502675,0.5033594841655318
GSM4957398,3,187,5.7967914438502675,0.5211797355327406
GSM4957404,3,187,5.7967914438502675,0.5139024608512051
GSM4957405,3,187,5.7967914438502675,0.5099777103823588
GSM4957406,3,187,5.7967914438502675,0.5280060929740826
GSM4957425,3,187,5.7967914438502675,0.5073281394524014
GSM4957438,3,187,5.7967914438502675,0.5161781467478366
GSM4957439,3,187,5.7967914438502675,0.5419532598040533
GSM4957449,3,187,5.7967914438502675,0.4962451325656607
GSM4957453,3,187,5.7967914438502675,0.5445893600435685
GSM4957457,3,187,5.7967914438502675,0.5111045073593519
GSM4957462,3,187,5.7967914438502675,0.5145044116183857
GSM4957463,3,187,5.7967914438502675,0.5517209242227437
GSM3998187,3,268,4.044776119402985,0.5085139994860608
GSM4957440,3,318,3.408805031446541,0.4995644058987181
GSM3998331,3,381,2.8451443569553807,0.5190371462022214
GSM3998202,3,382,2.837696335078534,0.5031661144334758
GSM3998218,3,382,2.837696335078534,0.4898803323086276
GSM3998230,3,382,2.837696335078534,0.5942959914314123
GSM3998186,3,534,2.0299625468164795,0.5399659639468721
GSM3998212,3,534,2.0299625468164795,0.519937111772518
GSM3998267,3,534,2.0299625468164795,0.5314699756667687
GSM3998296,3,534,2.0299625468164795,0.5301719105384084
GSM3998300,3,534,2.0299625468164795,0.5134458330995542
GSM3998309,3,534,2.0299625468164795,0.5058917294427672
GSM4957325,3,534,2.0299625468164795,0.5429299851394962
GSM4957329,3,534,2.0299625468164795,0.5381108639374017
GSM4957332,3,534,2.0299625468164795,0.5115671116901299
GSM4957406,3,534,2.0299625468164795,0.5617885663761677
GSM4957437,3,534,2.0299625468164795,0.5495817948929491
GSM3758047,5,3,298.3333333333333,0.5818891013456131
GSM3998168,5,3,298.3333333333333,0.6438534743535289
GSM3998172,5,3,298.3333333333333,0.6040419065556364
GSM3998174,5,3,298.3333333333333,0.6290069623961929
GSM3998175,5,3,298.3333333333333,0.597398942413609
GSM3998178,5,3,298.3333333333333,0.6467983182447732
GSM3998179,5,3,298.3333333333333,0.6498030830438046
GSM3998180,5,3,298.3333333333333,0.5964479836580501
GSM3998181,5,3,298.3333333333333,0.6216583159886775
GSM3998182,5,3,298.3333333333333,0.6287570412935173
GSM3998183,5,3,298.3333333333333,0.6169873172718079
GSM3998184,5,3,298.3333333333333,0.6450133977882766
GSM3998185,5,3,298.3333333333333,0.6639756987412495
GSM3998187,5,3,298.3333333333333,0.609262731144975
GSM3998188,5,3,298.3333333333333,0.6733824291549739
GSM3998189,5,3,298.3333333333333,0.6669780014842943
GSM3998190,5,3,298.3333333333333,0.6100086491239916
GSM3998191,5,3,298.3333333333333,0.6795604753498288
GSM3998193,5,3,298.3333333333333,0.7183577806955812
GSM3998194,5,3,298.3333333333333,0.6359893873482241
GSM3998195,5,3,298.3333333333333,0.5733153865977023
GSM3998208,5,3,298.3333333333333,0.5965320679642812
GSM3998209,5,3,298.3333333333333,0.6382420280665673
GSM3998215,5,3,298.3333333333333,0.5791908672242272
GSM3998216,5,3,298.3333333333333,0.7176078257709495
GSM3998217,5,3,298.3333333333333,0.7222256000878642
GSM3998219,5,3,298.3333333333333,0.5837305187422297
GSM3998220,5,3,298.3333333333333,0.6080425909456735
GSM3998221,5,3,298.3333333333333,0.6400171310764544
GSM3998226,5,3,298.3333333333333,0.5867610984655749
GSM3998250,5,3,298.3333333333333,0.5764669380254732
GSM3998258,5,3,298.3333333333333,0.6218730174139306
GSM3998261,5,3,298.3333333333333,0.6029092509765785
GSM3998265,5,3,298.3333333333333,0.6581889264198262
GSM3998267,5,3,298.3333333333333,0.5976374634330774
GSM3998269,5,3,298.3333333333333,0.5814350082210868
GSM3998270,5,3,298.3333333333333,0.638567018809642
GSM3998287,5,3,298.3333333333333,0.5988473586992691
GSM3998298,5,3,298.3333333333333,0.5944603983762238
GSM3998299,5,3,298.3333333333333,0.6036531928923692
GSM3998301,5,3,298.3333333333333,0.6234704325679252
GSM3998306,5,3,298.3333333333333,0.6096855159759413
GSM3998309,5,3,298.3333333333333,0.5885552696916401
GSM3998311,5,3,298.3333333333333,0.5899034998393882
GSM3998315,5,3,298.3333333333333,0.6776854076860297
GSM3998321,5,3,298.3333333333333,0.5925448112103457
GSM3998324,5,3,298.3333333333333,0.5666585042007086
GSM3998327,5,3,298.3333333333333,0.6370014076635115
GSM3998329,5,3,298.3333333333333,0.6488925895671414
GSM3998330,5,3,298.3333333333333,0.7103433881328738
GSM3998372,5,3,298.3333333333333,0.5900606113592946
GSM4957326,5,3,298.3333333333333,0.5897406655464046
GSM4957327,5,3,298.3333333333333,0.7552653927304038
GSM4957328,5,3,298.3333333333333,0.668051743163494
GSM4957331,5,3,298.3333333333333,0.6203107032728106
GSM4957334,5,3,298.3333333333333,0.5945514068911786
GSM4957336,5,3,298.3333333333333,0.574663385034829
GSM4957352,5,3,298.3333333333333,0.6537975669422029
GSM4957361,5,3,298.3333333333333,0.6629379410403407
GSM4957391,5,3,298.3333333333333,0.5881792940956272
GSM4957392,5,3,298.3333333333333,0.6001204853997293
GSM4957398,5,3,298.3333333333333,0.6148823136175872
GSM4957404,5,3,298.3333333333333,0.602706382256176
GSM4957406,5,3,298.3333333333333,0.5997566929730236
GSM4957428,5,3,298.3333333333333,0.630268283687522
GSM4957441,5,3,298.3333333333333,0.6783185468571307
GSM4957444,5,3,298.3333333333333,0.611177056681333
GSM4957445,5,3,298.3333333333333,0.5662914267324397
GSM4957446,5,3,298.3333333333333,0.6365463444308044
GSM4957457,5,3,298.3333333333333,0.6148499498070983
GSM4957459,5,3,298.3333333333333,0.5891354438459637
GSM4957460,5,3,298.3333333333333,0.5927459171349607
GSM4957462,5,3,298.3333333333333,0.5901530838528979
GSM3758047,5,5,179.0,0.5816009225268401
GSM3998168,5,5,179.0,0.5573924748663819
GSM3998329,5,5,179.0,0.5839967634982823
GSM3998280,5,6,149.16666666666666,0.5205480616905014
GSM3998343,5,98,9.13265306122449,0.5583791034922259
GSM3998289,5,177,5.056497175141243,0.5764958428736611
GSM3998334,5,178,5.02808988764045,0.5618019190699348
GSM3998361,5,201,4.45273631840796,0.5661215795338346
GSM3998256,5,202,4.430693069306931,0.5398227094044219
GSM3998341,5,202,4.430693069306931,0.548142327554614
GSM3998357,5,202,4.430693069306931,0.544533318015092
GSM3998363,5,202,4.430693069306931,0.5426139866973272
GSM3998368,5,202,4.430693069306931,0.565144480661206
GSM4957321,5,202,4.430693069306931,0.5516840433572692
GSM4957322,5,202,4.430693069306931,0.5713667362480699
GSM4957369,5,202,4.430693069306931,0.5304285459325926
GSM4957372,5,202,4.430693069306931,0.5715030551118532
GSM4957379,5,202,4.430693069306931,0.5459347383019053
GSM4957380,5,202,4.430693069306931,0.5584846539187795
GSM3998333,5,349,2.5644699140401146,0.5900416872214618
GSM3998201,5,350,2.557142857142857,0.5726196766488059
GSM3998203,5,350,2.557142857142857,0.5774170090942405
GSM3998332,5,350,2.557142857142857,0.5796267724355921
GSM3998177,6,2,526.0,0.6021914444484606
GSM3998180,6,2,526.0,0.5983169633195651
GSM3998181,6,2,526.0,0.5538784195111242
GSM3998185,6,2,526.0,0.6584004120379108
GSM3998186,6,2,526.0,0.5716416691902682
GSM3998188,6,2,526.0,0.6806845793155683
GSM3998219,6,2,526.0,0.5509315560250378
GSM3998223,6,2,526.0,0.5920182903400013
GSM3998228,6,2,526.0,0.6020437952593651
GSM3998235,6,2,526.0,0.5525727966784291
GSM3998266,6,2,526.0,0.5553394617418657
GSM3998270,6,2,526.0,0.5517328803386645
GSM3998286,6,2,526.0,0.6314769292768343
GSM3998287,6,2,526.0,0.5815388707192355
GSM3998289,6,2,526.0,0.5725120127754999
GSM3998327,6,2,526.0,0.6538677264541883
GSM3998372,6,2,526.0,0.6396873799956446
GSM3998259,6,66,15.93939393939394,0.5139294593373651
GSM3998303,6,66,15.93939393939394,0.5080538444961538
GSM3998339,6,66,15.93939393939394,0.5406913214224085
GSM3998233,6,231,4.554112554112554,0.5595160121099969
GSM3998321,6,231,4.554112554112554,0.5492371972921837
GSM3998334,6,231,4.554112554112554,0.4811562342046609
GSM3998341,6,231,4.554112554112554,0.5105578307685072
GSM3998342,6,231,4.554112554112554,0.5140766968514665
GSM4957397,6,231,4.554112554112554,0.5342136047440271
GSM4957407,6,231,4.554112554112554,0.5313547303636161
GSM3998354,6,257,4.093385214007782,0.5373212838182164
GSM4957366,6,257,4.093385214007782,0.555117169445297
GSM3758007,6,260,4.046153846153846,0.54477463992828
GSM3758013,6,260,4.046153846153846,0.546392118861244
GSM3758015,6,260,4.046153846153846,0.5353023641476842
GSM3758032,6,260,4.046153846153846,0.5416316091476268
GSM3758039,6,260,4.046153846153846,0.5364294691264355
GSM3758046,6,260,4.046153846153846,0.5396815803138817
GSM3758050,6,260,4.046153846153846,0.5136269877728483
GSM3758057,6,260,4.046153846153846,0.5466980752023036
GSM3758062,6,260,4.046153846153846,0.5458068208541409
GSM3758064,6,260,4.046153846153846,0.5320283007119775
GSM3758065,6,260,4.046153846153846,0.550795775173968
GSM3758068,6,260,4.046153846153846,0.5382141311604633
GSM3758073,6,260,4.046153846153846,0.5459275286346408
GSM3758074,6,260,4.046153846153846,0.5463053232037036
GSM3758075,6,260,4.046153846153846,0.5416899944976805
GSM3758076,6,260,4.046153846153846,0.5343219918466771
GSM3758077,6,260,4.046153846153846,0.5477436726324609
GSM3758078,6,260,4.046153846153846,0.5481013185145311
GSM3758080,6,260,4.046153846153846,0.5523535100231314
GSM3758082,6,260,4.046153846153846,0.5241732798222198
GSM3998171,6,260,4.046153846153846,0.5288991086025412
GSM3998203,6,260,4.046153846153846,0.5141080964123454
GSM3998205,6,260,4.046153846153846,0.5209521941053779
GSM3998208,6,260,4.046153846153846,0.540071685116001
GSM3998243,6,260,4.046153846153846,0.5286945235979461
GSM3998244,6,260,4.046153846153846,0.5040123585615839
GSM3998251,6,260,4.046153846153846,0.5648620452748983
GSM3998252,6,260,4.046153846153846,0.5455380200768394
GSM3998254,6,260,4.046153846153846,0.5481499530799376
GSM3998259,6,260,4.046153846153846,0.5334876123092855
GSM3998271,6,260,4.046153846153846,0.5582398166573208
GSM3998272,6,260,4.046153846153846,0.5520547524322197
GSM3998277,6,260,4.046153846153846,0.584887984663959
GSM3998288,6,260,4.046153846153846,0.5379713457106461
GSM3998302,6,260,4.046153846153846,0.5447700024894857
GSM3998303,6,260,4.046153846153846,0.5211736893212944
GSM3998304,6,260,4.046153846153846,0.49494842953506746
GSM3998310,6,260,4.046153846153846,0.5580731752101027
GSM3998319,6,260,4.046153846153846,0.5569103456576054
GSM3998320,6,260,4.046153846153846,0.5492896635356419
GSM3998331,6,260,4.046153846153846,0.5247884981452762
GSM3998333,6,260,4.046153846153846,0.5010825714943787
GSM3998342,6,260,4.046153846153846,0.5425740307565854
GSM3998345,6,260,4.046153846153846,0.5800684410744852
GSM3998349,6,260,4.046153846153846,0.5311990345231306
GSM3998352,6,260,4.046153846153846,0.569894779555256
GSM3998354,6,260,4.046153846153846,0.6218707050032171
GSM3998361,6,260,4.046153846153846,0.5674933713369126
GSM3998368,6,260,4.046153846153846,0.583305648195453
GSM4957332,6,260,4.046153846153846,0.5152105554887605
GSM4957337,6,260,4.046153846153846,0.5249016181225392
GSM4957361,6,260,4.046153846153846,0.5387132085650315
GSM4957362,6,260,4.046153846153846,0.5401731430962577
GSM4957364,6,260,4.046153846153846,0.5451984764798299
GSM4957366,6,260,4.046153846153846,0.5410196104902028
GSM4957367,6,260,4.046153846153846,0.5454170712197972
GSM4957368,6,260,4.046153846153846,0.5885116485191615
GSM4957372,6,260,4.046153846153846,0.5767341406832807
GSM4957373,6,260,4.046153846153846,0.5526408188214003
GSM4957374,6,260,4.046153846153846,0.49860493697396757
GSM4957375,6,260,4.046153846153846,0.5424820941705311
GSM4957379,6,260,4.046153846153846,0.5062934291990868
GSM4957380,6,260,4.046153846153846,0.5286191161651037
GSM4957381,6,260,4.046153846153846,0.5417065332357152
GSM4957384,6,260,4.046153846153846,0.5502540399317963
GSM4957390,6,260,4.046153846153846,0.5398150254701912
GSM4957391,6,260,4.046153846153846,0.5322635479783826
GSM4957397,6,260,4.046153846153846,0.5486594609160309
GSM4957401,6,260,4.046153846153846,0.5370484214985054
GSM4957407,6,260,4.046153846153846,0.5423714580392915
GSM4957411,6,260,4.046153846153846,0.5622708011272293
GSM4957416,6,260,4.046153846153846,0.5071959822426679
GSM4957451,6,260,4.046153846153846,0.535851804920946
GSM4957456,6,260,4.046153846153846,0.50896061401165
GSM3758019,6,261,4.030651340996169,0.5651488528518702
GSM3758022,6,261,4.030651340996169,0.5719720876555434
GSM3758024,6,261,4.030651340996169,0.5293692029076698
GSM3758025,6,261,4.030651340996169,0.5532285567589139
GSM3758027,6,261,4.030651340996169,0.5301445420251554
GSM3758033,6,261,4.030651340996169,0.5313806382840465
GSM3758036,6,261,4.030651340996169,0.5450574540912716
GSM3758043,6,261,4.030651340996169,0.5763162646704809
GSM3758044,6,261,4.030651340996169,0.5358750920243485
GSM3998213,6,261,4.030651340996169,0.5437486007363961
GSM3998227,6,261,4.030651340996169,0.5149481041599224
GSM3998237,6,261,4.030651340996169,0.5551398705357995
GSM3998248,6,261,4.030651340996169,0.5666598977757995
GSM3998273,6,261,4.030651340996169,0.5986739513540695
GSM3998295,6,261,4.030651340996169,0.5534886408795994
GSM3998297,6,261,4.030651340996169,0.5869282420978537
GSM3998306,6,261,4.030651340996169,0.5266536904632582
GSM3998347,6,261,4.030651340996169,0.5759826311959007
GSM3998350,6,261,4.030651340996169,0.5283083147520005
GSM3998355,6,261,4.030651340996169,0.5749919976744922
GSM3998358,6,261,4.030651340996169,0.559403560740722
GSM3998363,6,261,4.030651340996169,0.5478656842014313
GSM3998364,6,261,4.030651340996169,0.525682146716635
GSM4957323,6,261,4.030651340996169,0.544852067239145
GSM4957329,6,261,4.030651340996169,0.5423077656590038
GSM4957351,6,261,4.030651340996169,0.5280561772587418
GSM4957356,6,261,4.030651340996169,0.5679785564311728
GSM4957358,6,261,4.030651340996169,0.5435818346064005
GSM4957378,6,261,4.030651340996169,0.5205770189795729
GSM4957382,6,261,4.030651340996169,0.5561309992360344
GSM4957383,6,261,4.030651340996169,0.5491432702151617
GSM4957394,6,261,4.030651340996169,0.5531272094472559
GSM4957396,6,261,4.030651340996169,0.5382568722488901
GSM4957399,6,261,4.030651340996169,0.5460253257078351
GSM4957421,6,261,4.030651340996169,0.5346135448981277
GSM4957435,6,261,4.030651340996169,0.5319211506600041
GSM4957449,6,261,4.030651340996169,0.54907739945219
GSM4957452,6,261,4.030651340996169,0.6000343904184526
GSM4957454,6,261,4.030651340996169,0.5531078313115865
GSM3758015,6,276,3.8115942028985508,0.5472915295163769
GSM3998254,6,276,3.8115942028985508,0.5461126019205165
GSM3998258,6,276,3.8115942028985508,0.5247366543863055
GSM3998285,6,276,3.8115942028985508,0.4992938452611604
GSM4957349,6,276,3.8115942028985508,0.5493967322373341
GSM4957445,6,276,3.8115942028985508,0.5300572190387163
GSM3998220,6,372,2.827956989247312,0.5465689492253705
GSM3998249,6,372,2.827956989247312,0.5610122490803153
GSM3758009,7,4,233.5,0.5252268445964869
GSM3998169,7,4,233.5,0.5323869480742336
GSM3998176,7,4,233.5,0.5555490435306876
GSM3998186,7,4,233.5,0.6137274032668425
GSM3998187,7,4,233.5,0.6170692726618485
GSM3998188,7,4,233.5,0.5627684218824505
GSM3998194,7,4,233.5,0.6262516397281921
GSM3998209,7,4,233.5,0.5127832668824053
GSM3998215,7,4,233.5,0.5456308569585975
GSM3998226,7,4,233.5,0.5246142180292876
GSM3998269,7,4,233.5,0.4820943827419697
GSM3998324,7,4,233.5,0.576529278104704
GSM3998330,7,4,233.5,0.5877839028099316
GSM4957324,7,4,233.5,0.5327166673286059
GSM3758018,7,5,186.8,0.4874150171841638
GSM3758033,7,5,186.8,0.5334902862381723
GSM3758034,7,5,186.8,0.495930390005745
GSM3758052,7,5,186.8,0.5044719889500966
GSM3758069,7,5,186.8,0.47934371600204395
GSM3758080,7,5,186.8,0.4491411204448821
GSM3998178,7,5,186.8,0.49718716493221393
GSM3998179,7,5,186.8,0.5157890598631973
GSM3998180,7,5,186.8,0.5566109759537614
GSM3998182,7,5,186.8,0.4861805567747184
GSM3998183,7,5,186.8,0.5333554224110992
GSM3998185,7,5,186.8,0.5169619997821071
GSM3998189,7,5,186.8,0.6158791312754395
GSM3998190,7,5,186.8,0.49744787558225223
GSM3998191,7,5,186.8,0.6023907033285401
GSM3998193,7,5,186.8,0.6630158538671886
GSM3998199,7,5,186.8,0.4815780746678313
GSM3998206,7,5,186.8,0.48442670505661267
GSM3998207,7,5,186.8,0.4729827756085956
GSM3998213,7,5,186.8,0.4943509373829005
GSM3998216,7,5,186.8,0.554040611751824
GSM3998217,7,5,186.8,0.5175638664294482
GSM3998219,7,5,186.8,0.48827015176113253
GSM3998220,7,5,186.8,0.5011491999233595
GSM3998221,7,5,186.8,0.5319511268711938
GSM3998223,7,5,186.8,0.5125932803875308
GSM3998224,7,5,186.8,0.4900008067762478
GSM3998228,7,5,186.8,0.5314448868237673
GSM3998249,7,5,186.8,0.5647134860897292
GSM3998261,7,5,186.8,0.5421929132381784
GSM3998263,7,5,186.8,0.4879923611683745
GSM3998270,7,5,186.8,0.5645663917630093
GSM3998271,7,5,186.8,0.47296689769577815
GSM3998282,7,5,186.8,0.4713926162364501
GSM3998286,7,5,186.8,0.4923993485133815
GSM3998289,7,5,186.8,0.5092104266640503
GSM3998291,7,5,186.8,0.5032429691535012
GSM3998296,7,5,186.8,0.49061927442959075
GSM3998298,7,5,186.8,0.46531979189345085
GSM3998299,7,5,186.8,0.4604058992130229
GSM3998301,7,5,186.8,0.5170871831369963
GSM3998309,7,5,186.8,0.561713272377677
GSM3998311,7,5,186.8,0.46213352274757735
GSM3998313,7,5,186.8,0.48758903905133133
GSM3998314,7,5,186.8,0.49227548934646315
GSM3998315,7,5,186.8,0.5168991553821276
GSM3998317,7,5,186.8,0.48127806126243255
GSM3998318,7,5,186.8,0.4872516537024105
GSM3998320,7,5,186.8,0.48957541670406757
GSM3998322,7,5,186.8,0.44568068679045725
GSM3998323,7,5,186.8,0.5427544832374007
GSM3998326,7,5,186.8,0.4379828028111725
GSM3998327,7,5,186.8,0.6333266838801581
GSM3998328,7,5,186.8,0.5018915978929366
GSM3998329,7,5,186.8,0.623973828696009
GSM3998334,7,5,186.8,0.5170496488331335
GSM3998371,7,5,186.8,0.5338920417599788
GSM4957326,7,5,186.8,0.4829045645332588
GSM4957333,7,5,186.8,0.47387728356061576
GSM4957334,7,5,186.8,0.4952372401932039
GSM4957347,7,5,186.8,0.47177511390410665
GSM4957361,7,5,186.8,0.5858404775368697
GSM4957362,7,5,186.8,0.5398082299200153
GSM4957388,7,5,186.8,0.48649216597221656
GSM4957393,7,5,186.8,0.5049646443280742
GSM4957399,7,5,186.8,0.4849074484772773
GSM4957406,7,5,186.8,0.47611588904609636
GSM4957407,7,5,186.8,0.5356367353346423
GSM4957428,7,5,186.8,0.5084639855824586
GSM4957439,7,5,186.8,0.4662149412706986
GSM4957440,7,5,186.8,0.4975827908832966
GSM4957441,7,5,186.8,0.4789257744327262
GSM4957445,7,5,186.8,0.531189289578434
GSM4957446,7,5,186.8,0.47363764293006394
GSM4957459,7,5,186.8,0.5481361561927889
GSM4957462,7,5,186.8,0.5081252025531082
GSM3998172,7,6,155.66666666666666,0.4760731685238708
GSM3998198,7,6,155.66666666666666,0.5386684513711373
GSM4957414,7,6,155.66666666666666,0.4507826231518557
GSM3998216,7,7,133.42857142857142,0.5433874363039579
GSM3998217,7,7,133.42857142857142,0.504588131054093
GSM3998324,7,7,133.42857142857142,0.5230042065946665
GSM4957428,7,7,133.42857142857142,0.4651772893477144
GSM3758048,7,129,7.24031007751938,0.4998321142517832
GSM3758054,7,129,7.24031007751938,0.4458700644863338
GSM3758057,7,129,7.24031007751938,0.46190755283849905
GSM3998304,7,129,7.24031007751938,0.5061437949570662
GSM3998312,7,129,7.24031007751938,0.4527449835279067
GSM3998347,7,129,7.24031007751938,0.49680020132550684
GSM3998353,7,129,7.24031007751938,0.455153907354203
GSM3998354,7,129,7.24031007751938,0.4521826032145819
GSM3758077,7,130,7.184615384615385,0.4724234230899005
GSM3998196,7,130,7.184615384615385,0.4637625371595404
GSM3998233,7,130,7.184615384615385,0.48449478617554664
GSM3998276,7,130,7.184615384615385,0.5513146871621779
GSM3998341,7,130,7.184615384615385,0.48289920419141197
GSM3998342,7,130,7.184615384615385,0.5029685082267608
GSM3998345,7,130,7.184615384615385,0.5024418419949517
GSM3998349,7,130,7.184615384615385,0.5112277034070392
GSM3998361,7,130,7.184615384615385,0.4568777941619837
GSM4957372,7,130,7.184615384615385,0.4544899450873152
GSM4957385,7,130,7.184615384615385,0.4672696200326061
GSM4957453,7,130,7.184615384615385,0.4817613193508321
GSM3758005,7,132,7.075757575757576,0.6552424856092722
GSM3758006,7,132,7.075757575757576,0.6050272133347954
GSM3758007,7,132,7.075757575757576,0.626446472464433
GSM3758008,7,132,7.075757575757576,0.6084378261995509
GSM3758009,7,132,7.075757575757576,0.5210984257102478
GSM3758010,7,132,7.075757575757576,0.6093149740505512
GSM3758011,7,132,7.075757575757576,0.5537464196881814
GSM3758012,7,132,7.075757575757576,0.6225184464454969
GSM3758013,7,132,7.075757575757576,0.6121592156860434
GSM3758014,7,132,7.075757575757576,0.607834918230282
GSM3758015,7,132,7.075757575757576,0.6288675226571536
GSM3758016,7,132,7.075757575757576,0.5796233020716133
GSM3758017,7,132,7.075757575757576,0.5768452799602066
GSM3758018,7,132,7.075757575757576,0.6052760501184573
GSM3758019,7,132,7.075757575757576,0.5956171943867696
GSM3758020,7,132,7.075757575757576,0.6092706411017086
GSM3758021,7,132,7.075757575757576,0.5905898772311415
GSM3758022,7,132,7.075757575757576,0.5985792804419972
GSM3758023,7,132,7.075757575757576,0.572178742475598
GSM3758024,7,132,7.075757575757576,0.6025156940612293
GSM3758025,7,132,7.075757575757576,0.6255665873214644
GSM3758026,7,132,7.075757575757576,0.5939278661268546
GSM3758027,7,132,7.075757575757576,0.6323975616838884
GSM3758028,7,132,7.075757575757576,0.6267979342425245
GSM3758029,7,132,7.075757575757576,0.6399901915095896
GSM3758030,7,132,7.075757575757576,0.6205757768279714
GSM3758031,7,132,7.075757575757576,0.6321933095391601
GSM3758032,7,132,7.075757575757576,0.6392637559273568
GSM3758033,7,132,7.075757575757576,0.5257432183023902
GSM3758034,7,132,7.075757575757576,0.6362487307000522
GSM3758035,7,132,7.075757575757576,0.5680286404359629
GSM3758036,7,132,7.075757575757576,0.6463353753647145
GSM3758037,7,132,7.075757575757576,0.5750128158638939
GSM3758038,7,132,7.075757575757576,0.5719460468529656
GSM3758039,7,132,7.075757575757576,0.570651376394987
GSM3758040,7,132,7.075757575757576,0.6246275194311464
GSM3758041,7,132,7.075757575757576,0.5615518938926347
GSM3758042,7,132,7.075757575757576,0.6093232927904038
GSM3758043,7,132,7.075757575757576,0.6190227989272543
GSM3758044,7,132,7.075757575757576,0.6079964039136843
GSM3758045,7,132,7.075757575757576,0.5227331312050301
GSM3758046,7,132,7.075757575757576,0.6162721404648059
GSM3758047,7,132,7.075757575757576,0.5489548200546284
GSM3758048,7,132,7.075757575757576,0.6767455347759408
GSM3758049,7,132,7.075757575757576,0.5963278755064017
GSM3758050,7,132,7.075757575757576,0.6099772350700654
GSM3758051,7,132,7.075757575757576,0.6256285474931254
GSM3758052,7,132,7.075757575757576,0.5670205664949051
GSM3758053,7,132,7.075757575757576,0.5837769002395619
GSM3758054,7,132,7.075757575757576,0.6282110456851862
GSM3758055,7,132,7.075757575757576,0.6101910041246206
GSM3758056,7,132,7.075757575757576,0.5665422030972773
GSM3758057,7,132,7.075757575757576,0.6434832774249992
GSM3758058,7,132,7.075757575757576,0.6040254098107201
GSM3758059,7,132,7.075757575757576,0.5918081332945619
GSM3758060,7,132,7.075757575757576,0.5980002070619199
GSM3758061,7,132,7.075757575757576,0.5633891720591828
GSM3758062,7,132,7.075757575757576,0.5811342376824729
GSM3758063,7,132,7.075757575757576,0.6190029766697127
GSM3758064,7,132,7.075757575757576,0.6163356078680464
GSM3758065,7,132,7.075757575757576,0.5948443353300923
GSM3758066,7,132,7.075757575757576,0.5601148962384133
GSM3758067,7,132,7.075757575757576,0.6382753292321315
GSM3758068,7,132,7.075757575757576,0.6183312162751515
GSM3758069,7,132,7.075757575757576,0.6273532528499728
GSM3758070,7,132,7.075757575757576,0.5713106081501533
GSM3758071,7,132,7.075757575757576,0.6045345749115261
GSM3758072,7,132,7.075757575757576,0.5716246235005626
GSM3758073,7,132,7.075757575757576,0.6278151888637935
GSM3758074,7,132,7.075757575757576,0.6139379842839663
GSM3758075,7,132,7.075757575757576,0.6329143303420941
GSM3758076,7,132,7.075757575757576,0.5764877230231513
GSM3758077,7,132,7.075757575757576,0.6392165476211078
GSM3758078,7,132,7.075757575757576,0.6089315158161193
GSM3758079,7,132,7.075757575757576,0.6156947720545296
GSM3758080,7,132,7.075757575757576,0.6162822729328745
GSM3758081,7,132,7.075757575757576,0.5644743914910664
GSM3758082,7,132,7.075757575757576,0.6248550037419918
GSM3998167,7,132,7.075757575757576,0.506677984031759
GSM3998168,7,132,7.075757575757576,0.5519380048853622
GSM3998169,7,132,7.075757575757576,0.5940620642925896
GSM3998170,7,132,7.075757575757576,0.5768047726139267
GSM3998171,7,132,7.075757575757576,0.5867970994194485
GSM3998172,7,132,7.075757575757576,0.6081381284669307
GSM3998173,7,132,7.075757575757576,0.545771156686047
GSM3998174,7,132,7.075757575757576,0.660292403826181
GSM3998175,7,132,7.075757575757576,0.5767163578463155
GSM3998176,7,132,7.075757575757576,0.5781717360598044
GSM3998177,7,132,7.075757575757576,0.5995275204100814
GSM3998178,7,132,7.075757575757576,0.6215384216607696
GSM3998179,7,132,7.075757575757576,0.5821866197533665
GSM3998180,7,132,7.075757575757576,0.5119097653990505
GSM3998181,7,132,7.075757575757576,0.5715313133312376
GSM3998182,7,132,7.075757575757576,0.6102888663114059
GSM3998183,7,132,7.075757575757576,0.5164272218895802
GSM3998184,7,132,7.075757575757576,0.5928933088432364
GSM3998185,7,132,7.075757575757576,0.5980812981386672
GSM3998186,7,132,7.075757575757576,0.6006173360145586
GSM3998187,7,132,7.075757575757576,0.6249165168549586
GSM3998188,7,132,7.075757575757576,0.6275191964677012
GSM3998189,7,132,7.075757575757576,0.5648435312651476
GSM3998190,7,132,7.075757575757576,0.550682468116817
GSM3998191,7,132,7.075757575757576,0.49887764681066793
GSM3998192,7,132,7.075757575757576,0.5884155944162979
GSM3998195,7,132,7.075757575757576,0.6031459122297052
GSM3998196,7,132,7.075757575757576,0.5903436257967822
GSM3998197,7,132,7.075757575757576,0.5363140513413716
GSM3998198,7,132,7.075757575757576,0.5804377984526536
GSM3998199,7,132,7.075757575757576,0.5538850060100553
GSM3998200,7,132,7.075757575757576,0.5216770195584046
GSM3998201,7,132,7.075757575757576,0.5760511466702862
GSM3998202,7,132,7.075757575757576,0.5168399974471458
GSM3998203,7,132,7.075757575757576,0.5178256839321667
GSM3998204,7,132,7.075757575757576,0.5439355191829955
GSM3998205,7,132,7.075757575757576,0.5332798121860711
GSM3998206,7,132,7.075757575757576,0.5137150945836595
GSM3998208,7,132,7.075757575757576,0.5377188018667369
GSM3998209,7,132,7.075757575757576,0.5596190288370857
GSM3998210,7,132,7.075757575757576,0.6221689687079941
GSM3998211,7,132,7.075757575757576,0.5265551178257968
GSM3998212,7,132,7.075757575757576,0.48745558163384883
GSM3998214,7,132,7.075757575757576,0.5872740530307894
GSM3998215,7,132,7.075757575757576,0.5063844378871214
GSM3998216,7,132,7.075757575757576,0.5551651581994053
GSM3998217,7,132,7.075757575757576,0.5194266567243329
GSM3998218,7,132,7.075757575757576,0.5435848969446209
GSM3998219,7,132,7.075757575757576,0.624963924978764
GSM3998220,7,132,7.075757575757576,0.5900719059023425
GSM3998222,7,132,7.075757575757576,0.557152429396587
GSM3998223,7,132,7.075757575757576,0.6301476276487015
GSM3998224,7,132,7.075757575757576,0.5862228325167123
GSM3998225,7,132,7.075757575757576,0.6033141521758218
GSM3998226,7,132,7.075757575757576,0.5620676520816024
GSM3998227,7,132,7.075757575757576,0.6443772525850089
GSM3998228,7,132,7.075757575757576,0.6383398974977164
GSM3998229,7,132,7.075757575757576,0.6547887996965915
GSM3998230,7,132,7.075757575757576,0.5692268912078178
GSM3998231,7,132,7.075757575757576,0.5939654478090777
GSM3998232,7,132,7.075757575757576,0.6573910044590354
GSM3998233,7,132,7.075757575757576,0.6168051748962426
GSM3998234,7,132,7.075757575757576,0.5804106972859655
GSM3998235,7,132,7.075757575757576,0.590416993804515
GSM3998236,7,132,7.075757575757576,0.6574029932248555
GSM3998237,7,132,7.075757575757576,0.654735315450623
GSM3998238,7,132,7.075757575757576,0.672055150070618
GSM3998239,7,132,7.075757575757576,0.6455732582918414
GSM3998240,7,132,7.075757575757576,0.5591365908280062
GSM3998241,7,132,7.075757575757576,0.6021634270172496
GSM3998242,7,132,7.075757575757576,0.5927744336813459
GSM3998243,7,132,7.075757575757576,0.6587768151502171
GSM3998244,7,132,7.075757575757576,0.6728763728981253
GSM3998245,7,132,7.075757575757576,0.6056116127642182
GSM3998246,7,132,7.075757575757576,0.6064706943866613
GSM3998247,7,132,7.075757575757576,0.5859597795803948
GSM3998248,7,132,7.075757575757576,0.5088972786748567
GSM3998249,7,132,7.075757575757576,0.5447410752419986
GSM3998250,7,132,7.075757575757576,0.6070855532652617
GSM3998251,7,132,7.075757575757576,0.5936533302393499
GSM3998252,7,132,7.075757575757576,0.6029992701022415
GSM3998253,7,132,7.075757575757576,0.6310304314872335
GSM3998254,7,132,7.075757575757576,0.5581356369559685
GSM3998255,7,132,7.075757575757576,0.5682985307314286
GSM3998256,7,132,7.075757575757576,0.5965604992990032
GSM3998257,7,132,7.075757575757576,0.5520200045259083
GSM3998258,7,132,7.075757575757576,0.614261576030152
GSM3998259,7,132,7.075757575757576,0.5369918534050062
GSM3998260,7,132,7.075757575757576,0.6063648440629468
GSM3998261,7,132,7.075757575757576,0.5199591158823504
GSM3998262,7,132,7.075757575757576,0.5607477991231531
GSM3998263,7,132,7.075757575757576,0.5766232028790736
GSM3998264,7,132,7.075757575757576,0.5658828986836633
GSM3998265,7,132,7.075757575757576,0.604429294742622
GSM3998266,7,132,7.075757575757576,0.5842496768673158
GSM3998267,7,132,7.075757575757576,0.5188707368002197
GSM3998268,7,132,7.075757575757576,0.5241002381290367
GSM3998269,7,132,7.075757575757576,0.6135805181455911
GSM3998270,7,132,7.075757575757576,0.5843112765288678
GSM3998271,7,132,7.075757575757576,0.6280279983598551
GSM3998272,7,132,7.075757575757576,0.6769347279099445
GSM3998273,7,132,7.075757575757576,0.6594190426638855
GSM3998274,7,132,7.075757575757576,0.6294740046580856
GSM3998275,7,132,7.075757575757576,0.6255413550116855
GSM3998276,7,132,7.075757575757576,0.6936229508998171
GSM3998277,7,132,7.075757575757576,0.6118163890930002
GSM3998278,7,132,7.075757575757576,0.5760911221018064
GSM3998279,7,132,7.075757575757576,0.6304286136642725
GSM3998280,7,132,7.075757575757576,0.6197100878973809
GSM3998281,7,132,7.075757575757576,0.6100606071647965
GSM3998282,7,132,7.075757575757576,0.5859553394274588
GSM3998283,7,132,7.075757575757576,0.6183061722382304
GSM3998284,7,132,7.075757575757576,0.5734801343719451
GSM3998285,7,132,7.075757575757576,0.639348224423046
GSM3998286,7,132,7.075757575757576,0.5809192875474669
GSM3998287,7,132,7.075757575757576,0.6102086183750441
GSM3998288,7,132,7.075757575757576,0.5876664367469706
GSM3998289,7,132,7.075757575757576,0.5428294102664939
GSM3998290,7,132,7.075757575757576,0.5934400618965281
GSM3998291,7,132,7.075757575757576,0.641995943002529
GSM3998292,7,132,7.075757575757576,0.6700024148821364
GSM3998293,7,132,7.075757575757576,0.6678625573047658
GSM3998294,7,132,7.075757575757576,0.5759430346678385
GSM3998295,7,132,7.075757575757576,0.6093115605644313
GSM3998296,7,132,7.075757575757576,0.6079457389818881
GSM3998297,7,132,7.075757575757576,0.5901101539569695
GSM3998298,7,132,7.075757575757576,0.6087542113448743
GSM3998299,7,132,7.075757575757576,0.5574911279272907
GSM3998300,7,132,7.075757575757576,0.5520834491687108
GSM3998301,7,132,7.075757575757576,0.5519236072758127
GSM3998302,7,132,7.075757575757576,0.6351423708328641
GSM3998303,7,132,7.075757575757576,0.600159060600971
GSM3998304,7,132,7.075757575757576,0.6224978542290227
GSM3998305,7,132,7.075757575757576,0.6147224124923114
GSM3998306,7,132,7.075757575757576,0.6098095777275159
GSM3998307,7,132,7.075757575757576,0.5617395090526376
GSM3998308,7,132,7.075757575757576,0.5951586199463028
GSM3998310,7,132,7.075757575757576,0.6348288038736629
GSM3998311,7,132,7.075757575757576,0.5565308387223524
GSM3998312,7,132,7.075757575757576,0.6096977427730326
GSM3998313,7,132,7.075757575757576,0.5614453923505596
GSM3998314,7,132,7.075757575757576,0.5950238714320459
GSM3998315,7,132,7.075757575757576,0.5007186625436311
GSM3998316,7,132,7.075757575757576,0.6051714019484877
GSM3998317,7,132,7.075757575757576,0.5817013593370386
GSM3998318,7,132,7.075757575757576,0.46374676070675136
GSM3998319,7,132,7.075757575757576,0.6047051967334256
GSM3998320,7,132,7.075757575757576,0.5078791485610967
GSM3998321,7,132,7.075757575757576,0.534482633376089
GSM3998322,7,132,7.075757575757576,0.5511088392828882
GSM3998323,7,132,7.075757575757576,0.5407204319973093
GSM3998324,7,132,7.075757575757576,0.5531253687669628
GSM3998325,7,132,7.075757575757576,0.5095362294475794
GSM3998326,7,132,7.075757575757576,0.4924421910567225
GSM3998327,7,132,7.075757575757576,0.5068573588487695
GSM3998328,7,132,7.075757575757576,0.527938189065976
GSM3998329,7,132,7.075757575757576,0.6111275440454529
GSM3998330,7,132,7.075757575757576,0.5602076095822199
GSM3998331,7,132,7.075757575757576,0.5859169982090493
GSM3998332,7,132,7.075757575757576,0.6097184542158405
GSM3998333,7,132,7.075757575757576,0.5512930925178581
GSM3998334,7,132,7.075757575757576,0.517294517279431
GSM3998335,7,132,7.075757575757576,0.6020250411003336
GSM3998336,7,132,7.075757575757576,0.5753965800313754
GSM3998337,7,132,7.075757575757576,0.5432583521409744
GSM3998338,7,132,7.075757575757576,0.6081207642046453
GSM3998339,7,132,7.075757575757576,0.5239146456406352
GSM3998340,7,132,7.075757575757576,0.5919030453826557
GSM3998341,7,132,7.075757575757576,0.5913821158146741
GSM3998342,7,132,7.075757575757576,0.6108150362159064
GSM3998343,7,132,7.075757575757576,0.6654892447094047
GSM3998344,7,132,7.075757575757576,0.6045089065217462
GSM3998345,7,132,7.075757575757576,0.6950606694478036
GSM3998346,7,132,7.075757575757576,0.6157507798306883
GSM3998347,7,132,7.075757575757576,0.7170621970240392
GSM3998348,7,132,7.075757575757576,0.6455701272200609
GSM3998349,7,132,7.075757575757576,0.7034120790864913
GSM3998350,7,132,7.075757575757576,0.639109260900177
GSM3998351,7,132,7.075757575757576,0.6388623249369947
GSM3998352,7,132,7.075757575757576,0.6431733093683061
GSM3998353,7,132,7.075757575757576,0.6567003610506803
GSM3998354,7,132,7.075757575757576,0.6620009690693673
GSM3998355,7,132,7.075757575757576,0.6275780807739886
GSM3998356,7,132,7.075757575757576,0.6637476615980757
GSM3998357,7,132,7.075757575757576,0.6078810912324157
GSM3998358,7,132,7.075757575757576,0.57072356384769
GSM3998359,7,132,7.075757575757576,0.5961705984930954
GSM3998360,7,132,7.075757575757576,0.691887864974011
GSM3998361,7,132,7.075757575757576,0.6760218666110864
GSM3998362,7,132,7.075757575757576,0.6872654634127286
GSM3998363,7,132,7.075757575757576,0.6332157088300661
GSM3998364,7,132,7.075757575757576,0.6306560450822558
GSM3998365,7,132,7.075757575757576,0.6908693954671858
GSM3998366,7,132,7.075757575757576,0.6005836319866229
GSM3998367,7,132,7.075757575757576,0.6600321860127103
GSM3998368,7,132,7.075757575757576,0.6190901306414767
GSM3998369,7,132,7.075757575757576,0.5937056885157967
GSM3998370,7,132,7.075757575757576,0.6441771454720984
GSM3998371,7,132,7.075757575757576,0.6036092747857476
GSM3998372,7,132,7.075757575757576,0.5776835017164057
GSM3998373,7,132,7.075757575757576,0.5654062861811213
GSM3998374,7,132,7.075757575757576,0.6433324463362107
GSM3998375,7,132,7.075757575757576,0.5838087787509783
GSM3998376,7,132,7.075757575757576,0.6102249432261986
GSM3998377,7,132,7.075757575757576,0.5431586329264517
GSM3998378,7,132,7.075757575757576,0.5876876198075589
GSM3998379,7,132,7.075757575757576,0.61639918023501
GSM3998380,7,132,7.075757575757576,0.592714673689843
GSM3998381,7,132,7.075757575757576,0.6507064171332066
GSM3998382,7,132,7.075757575757576,0.6682716110762015
GSM4957321,7,132,7.075757575757576,0.5675528796794911
GSM4957322,7,132,7.075757575757576,0.5944977189094227
GSM4957323,7,132,7.075757575757576,0.5957989678863087
GSM4957324,7,132,7.075757575757576,0.599031603739832
GSM4957325,7,132,7.075757575757576,0.5797095998490769
GSM4957326,7,132,7.075757575757576,0.5058848483039431
GSM4957327,7,132,7.075757575757576,0.5304568530868732
GSM4957328,7,132,7.075757575757576,0.5888871087089544
GSM4957329,7,132,7.075757575757576,0.6115381377463507
GSM4957330,7,132,7.075757575757576,0.5093492150533176
GSM4957331,7,132,7.075757575757576,0.5788449179940351
GSM4957332,7,132,7.075757575757576,0.5578225732369999
GSM4957333,7,132,7.075757575757576,0.6009355891593087
GSM4957334,7,132,7.075757575757576,0.5547427242559779
GSM4957335,7,132,7.075757575757576,0.5647770215671932
GSM4957336,7,132,7.075757575757576,0.5379678717633993
GSM4957337,7,132,7.075757575757576,0.5631105862623231
GSM4957338,7,132,7.075757575757576,0.53483310269527
GSM4957339,7,132,7.075757575757576,0.5931515084306169
GSM4957340,7,132,7.075757575757576,0.5140650800645137
GSM4957341,7,132,7.075757575757576,0.6043935321177276
GSM4957342,7,132,7.075757575757576,0.5554738884841623
GSM4957343,7,132,7.075757575757576,0.581322842609425
GSM4957344,7,132,7.075757575757576,0.620179423255732
GSM4957345,7,132,7.075757575757576,0.6274053400781416
GSM4957346,7,132,7.075757575757576,0.5514682715202683
GSM4957347,7,132,7.075757575757576,0.5439985651150767
GSM4957348,7,132,7.075757575757576,0.6198764389780083
GSM4957349,7,132,7.075757575757576,0.6299191854020902
GSM4957350,7,132,7.075757575757576,0.5424246315326511
GSM4957351,7,132,7.075757575757576,0.6420347973274558
GSM4957352,7,132,7.075757575757576,0.5553650391625049
GSM4957353,7,132,7.075757575757576,0.6396225734474958
GSM4957354,7,132,7.075757575757576,0.6475198332389223
GSM4957355,7,132,7.075757575757576,0.6327836358424896
GSM4957356,7,132,7.075757575757576,0.6338007304009814
GSM4957357,7,132,7.075757575757576,0.6188860780571162
GSM4957358,7,132,7.075757575757576,0.6527968434449751
GSM4957359,7,132,7.075757575757576,0.6484931068210629
GSM4957360,7,132,7.075757575757576,0.6546073055599297
GSM4957361,7,132,7.075757575757576,0.5053751747952893
GSM4957362,7,132,7.075757575757576,0.6153859062401903
GSM4957363,7,132,7.075757575757576,0.5957908462521031
GSM4957364,7,132,7.075757575757576,0.6020484571999285
GSM4957365,7,132,7.075757575757576,0.6279371734806061
GSM4957366,7,132,7.075757575757576,0.5175517063584962
GSM4957367,7,132,7.075757575757576,0.6235021923450921
GSM4957368,7,132,7.075757575757576,0.6318382521227317
GSM4957369,7,132,7.075757575757576,0.5815984735264497
GSM4957370,7,132,7.075757575757576,0.5290526061849792
GSM4957371,7,132,7.075757575757576,0.5996492272067733
GSM4957372,7,132,7.075757575757576,0.6067229171980268
GSM4957373,7,132,7.075757575757576,0.6330535952439624
GSM4957374,7,132,7.075757575757576,0.6342968873896844
GSM4957375,7,132,7.075757575757576,0.6076956881434477
GSM4957376,7,132,7.075757575757576,0.6092476627980941
GSM4957377,7,132,7.075757575757576,0.5603307622689853
GSM4957378,7,132,7.075757575757576,0.6424999150003683
GSM4957379,7,132,7.075757575757576,0.5903645099615904
GSM4957380,7,132,7.075757575757576,0.6084426757488965
GSM4957381,7,132,7.075757575757576,0.6135876374412796
GSM4957382,7,132,7.075757575757576,0.5910309479957414
GSM4957383,7,132,7.075757575757576,0.6618551779237474
GSM4957384,7,132,7.075757575757576,0.6272009748046554
GSM4957385,7,132,7.075757575757576,0.6325558080863862
GSM4957386,7,132,7.075757575757576,0.61978575039327
GSM4957387,7,132,7.075757575757576,0.600531139723151
GSM4957388,7,132,7.075757575757576,0.6387291825730363
GSM4957389,7,132,7.075757575757576,0.5838381111249125
GSM4957390,7,132,7.075757575757576,0.5604803584495834
GSM4957391,7,132,7.075757575757576,0.5205276258998497
GSM4957393,7,132,7.075757575757576,0.5385041491379874
GSM4957394,7,132,7.075757575757576,0.6493360986612071
GSM4957395,7,132,7.075757575757576,0.5125795406092677
GSM4957396,7,132,7.075757575757576,0.6278044294429277
GSM4957397,7,132,7.075757575757576,0.5961012437273978
GSM4957398,7,132,7.075757575757576,0.5670445976116181
GSM4957399,7,132,7.075757575757576,0.5510822903522934
GSM4957400,7,132,7.075757575757576,0.6269785461630049
GSM4957401,7,132,7.075757575757576,0.6253537919362113
GSM4957402,7,132,7.075757575757576,0.6097858996942773
GSM4957403,7,132,7.075757575757576,0.5758916547294981
GSM4957404,7,132,7.075757575757576,0.554507032091005
GSM4957405,7,132,7.075757575757576,0.6076055633891411
GSM4957407,7,132,7.075757575757576,0.5813510552537324
GSM4957408,7,132,7.075757575757576,0.5504149475884126
GSM4957409,7,132,7.075757575757576,0.5598756083236158
GSM4957410,7,132,7.075757575757576,0.5520144682845016
GSM4957411,7,132,7.075757575757576,0.6198991164322432
GSM4957412,7,132,7.075757575757576,0.5743348919912146
GSM4957413,7,132,7.075757575757576,0.5794951179984089
GSM4957414,7,132,7.075757575757576,0.5822462665502064
GSM4957415,7,132,7.075757575757576,0.559809931677929
GSM4957416,7,132,7.075757575757576,0.5974652341547935
GSM4957417,7,132,7.075757575757576,0.5786858513031721
GSM4957418,7,132,7.075757575757576,0.5859386325855627
GSM4957419,7,132,7.075757575757576,0.5447107523155506
GSM4957420,7,132,7.075757575757576,0.5332170627051984
GSM4957421,7,132,7.075757575757576,0.594023575645287
GSM4957422,7,132,7.075757575757576,0.6272291341062917
GSM4957423,7,132,7.075757575757576,0.629528053763861
GSM4957424,7,132,7.075757575757576,0.6387452715221231
GSM4957425,7,132,7.075757575757576,0.536850433898878
GSM4957426,7,132,7.075757575757576,0.6369520918860059
GSM4957427,7,132,7.075757575757576,0.5985241284685432
GSM4957428,7,132,7.075757575757576,0.5405348721987879
GSM4957429,7,132,7.075757575757576,0.5639445251235955
GSM4957430,7,132,7.075757575757576,0.6025567444896014
GSM4957431,7,132,7.075757575757576,0.5952343536533822
GSM4957432,7,132,7.075757575757576,0.6265458689710544
GSM4957433,7,132,7.075757575757576,0.6110403623439384
GSM4957434,7,132,7.075757575757576,0.6282735334751135
GSM4957435,7,132,7.075757575757576,0.5904140860126681
GSM4957436,7,132,7.075757575757576,0.6068605859255003
GSM4957437,7,132,7.075757575757576,0.5172635036150401
GSM4957438,7,132,7.075757575757576,0.590684153438457
GSM4957439,7,132,7.075757575757576,0.5616551473297711
GSM4957442,7,132,7.075757575757576,0.6242150250914529
GSM4957443,7,132,7.075757575757576,0.6056695217164663
GSM4957445,7,132,7.075757575757576,0.649774790773928
GSM4957446,7,132,7.075757575757576,0.5725982187321543
GSM4957447,7,132,7.075757575757576,0.6284787413542889
GSM4957448,7,132,7.075757575757576,0.5970268113488784
GSM4957449,7,132,7.075757575757576,0.5528585646594739
GSM4957450,7,132,7.075757575757576,0.6181621941231374
GSM4957451,7,132,7.075757575757576,0.6117281694163843
GSM4957452,7,132,7.075757575757576,0.6377496607123749
GSM4957453,7,132,7.075757575757576,0.6195868557577713
GSM4957454,7,132,7.075757575757576,0.6191343553556639
GSM4957455,7,132,7.075757575757576,0.6952336833130381
GSM4957456,7,132,7.075757575757576,0.6346749391710085
GSM4957457,7,132,7.075757575757576,0.5343565909515879
GSM4957458,7,132,7.075757575757576,0.6411462218145036
GSM4957459,7,132,7.075757575757576,0.5174784632374818
GSM4957460,7,132,7.075757575757576,0.6709113562850924
GSM4957461,7,132,7.075757575757576,0.643424259601896
GSM4957462,7,132,7.075757575757576,0.5703882080174068
GSM4957463,7,132,7.075757575757576,0.548886055147574
GSM3998213,7,133,7.022556390977444,0.5308560296097347
GSM3998221,7,133,7.022556390977444,0.5427789019581879
GSM4957392,7,133,7.022556390977444,0.561704247365514
GSM4957406,7,133,7.022556390977444,0.5447341433161483
GSM4957440,7,133,7.022556390977444,0.5550172501089641
GSM4957441,7,133,7.022556390977444,0.6447400895806421
GSM4957444,7,133,7.022556390977444,0.555344740895908
GSM3998239,7,135,6.9185185185185185,0.49116089865967094
GSM3998347,7,135,6.9185185185185185,0.48223849348803816
GSM3998362,7,135,6.9185185185185185,0.5261577172640868
GSM3758011,7,250,3.736,0.5064594149399091
GSM3998324,7,250,3.736,0.4945999505151111
GSM4957336,7,267,3.49812734082397,0.4631080429408718
GSM3758019,7,269,3.4721189591078065,0.44083415838953544
GSM3758053,7,269,3.4721189591078065,0.4399612851100825
GSM3758067,7,269,3.4721189591078065,0.4520845371395925
GSM3998168,7,269,3.4721189591078065,0.45538883523617635
GSM3998209,7,269,3.4721189591078065,0.4916873397173114
GSM3998270,7,269,3.4721189591078065,0.469177682907576
GSM3998293,7,269,3.4721189591078065,0.44794822921199584
GSM3998295,7,269,3.4721189591078065,0.4931568253922589
GSM3998321,7,269,3.4721189591078065,0.48139107793151314
GSM3998325,7,269,3.4721189591078065,0.43823171408427575
GSM3998326,7,269,3.4721189591078065,0.4915774356864704
GSM4957336,7,269,3.4721189591078065,0.47088161447839205
GSM4957438,7,269,3.4721189591078065,0.4449438544856612
GSM4957449,7,269,3.4721189591078065,0.4329074719864008
GSM3758072,7,337,2.771513353115727,0.46666608380367247
GSM3998294,7,337,2.771513353115727,0.44144210879125234
GSM3998325,7,337,2.771513353115727,0.4461286237335842
GSM4957382,7,337,2.771513353115727,0.4446353202358231
GSM3998170,7,338,2.7633136094674557,0.5006925400107858
GSM4957397,7,441,2.1179138321995463,0.4325344753711624
GSM4957412,7,445,2.098876404494382,0.46704006436566425
GSM3998218,8,83,8.506024096385541,0.5635698863116492
GSM3998232,8,231,3.0562770562770565,0.510076754874544
GSM3998280,8,231,3.0562770562770565,0.4925699851860714
GSM3758047,8,334,2.1137724550898205,0.562633353322989
GSM3998232,8,334,2.1137724550898205,0.5154664113370075
GSM3998259,8,334,2.1137724550898205,0.5934081491696821
GSM3998260,8,334,2.1137724550898205,0.5130540118071281
GSM3758007,9,2,387.5,0.46466054325797046
GSM3758033,9,2,387.5,0.49392403397434537
GSM3998172,9,2,387.5,0.6065844264527986
GSM3998174,9,2,387.5,0.5587153545176391
GSM3998175,9,2,387.5,0.5665937420437412
GSM3998176,9,2,387.5,0.6020139611657211
GSM3998177,9,2,387.5,0.537439465653736
GSM3998178,9,2,387.5,0.6785973546122586
GSM3998179,9,2,387.5,0.6909687043345079
GSM3998180,9,2,387.5,0.5138427705751241
GSM3998181,9,2,387.5,0.6143313951695095
GSM3998182,9,2,387.5,0.6483390570316567
GSM3998183,9,2,387.5,0.625506203717674
GSM3998184,9,2,387.5,0.5999271827383228
GSM3998185,9,2,387.5,0.5864719939180536
GSM3998186,9,2,387.5,0.4895587110592663
GSM3998187,9,2,387.5,0.6643887470072283
GSM3998188,9,2,387.5,0.7091427787355893
GSM3998189,9,2,387.5,0.6199901619950676
GSM3998190,9,2,387.5,0.6778666726632605
GSM3998191,9,2,387.5,0.5901294336344183
GSM3998192,9,2,387.5,0.4789326021654592
GSM3998193,9,2,387.5,0.689677165392971
GSM3998194,9,2,387.5,0.6483313594863502
GSM3998209,9,2,387.5,0.520612604591312
GSM3998213,9,2,387.5,0.6946036274333292
GSM3998215,9,2,387.5,0.5123300378189461
GSM3998216,9,2,387.5,0.5683967154156817
GSM3998219,9,2,387.5,0.5750774127460794
GSM3998224,9,2,387.5,0.5275499860213482
GSM3998226,9,2,387.5,0.6388027698671053
GSM3998228,9,2,387.5,0.6003839879149462
GSM3998231,9,2,387.5,0.6045893083462239
GSM3998235,9,2,387.5,0.6564347597703555
GSM3998239,9,2,387.5,0.5793019547962839
GSM3998241,9,2,387.5,0.5000675815249056
GSM3998249,9,2,387.5,0.48416064810433346
GSM3998250,9,2,387.5,0.5888454357894495
GSM3998255,9,2,387.5,0.5757605158063717
GSM3998258,9,2,387.5,0.5225971006317227
GSM3998261,9,2,387.5,0.5393124951044062
GSM3998262,9,2,387.5,0.6060604960990381
GSM3998263,9,2,387.5,0.5225671404979484
GSM3998264,9,2,387.5,0.4959678405079111
GSM3998265,9,2,387.5,0.5734254676949067
GSM3998266,9,2,387.5,0.6528939851800208
GSM3998267,9,2,387.5,0.5867459990120971
GSM3998269,9,2,387.5,0.5793309637784239
GSM3998270,9,2,387.5,0.6018904247260219
GSM3998271,9,2,387.5,0.571334037146217
GSM3998275,9,2,387.5,0.573903811333877
GSM3998282,9,2,387.5,0.49871352179042905
GSM3998286,9,2,387.5,0.5776510475927354
GSM3998287,9,2,387.5,0.5788779990256794
GSM3998288,9,2,387.5,0.5901554359308756
GSM3998289,9,2,387.5,0.5407135367640081
GSM3998290,9,2,387.5,0.5353290759674287
GSM3998291,9,2,387.5,0.5140973188343536
GSM3998294,9,2,387.5,0.5763747345580366
GSM3998295,9,2,387.5,0.6328981054404363
GSM3998297,9,2,387.5,0.5570946809944228
GSM3998298,9,2,387.5,0.6240321818191932
GSM3998300,9,2,387.5,0.4986610253552466
GSM3998301,9,2,387.5,0.6144921888399595
GSM3998309,9,2,387.5,0.48625275847042193
GSM3998311,9,2,387.5,0.5785830981021074
GSM3998313,9,2,387.5,0.508818788957361
GSM3998315,9,2,387.5,0.4937602862748358
GSM3998317,9,2,387.5,0.4879099257128958
GSM3998318,9,2,387.5,0.48656075898280715
GSM3998321,9,2,387.5,0.5130321696542026
GSM3998324,9,2,387.5,0.5000291334379114
GSM3998327,9,2,387.5,0.4937932910846152
GSM3998328,9,2,387.5,0.5076053155469262
GSM3998329,9,2,387.5,0.6998029222423603
GSM3998330,9,2,387.5,0.6005112616435384
GSM3998372,9,2,387.5,0.6024269823178292
GSM4957323,9,2,387.5,0.5471357649849189
GSM4957325,9,2,387.5,0.5878844369105232
GSM4957327,9,2,387.5,0.636711306116331
GSM4957328,9,2,387.5,0.4969302590443774
GSM4957330,9,2,387.5,0.4812366703991007
GSM4957331,9,2,387.5,0.5430853708663625
GSM4957333,9,2,387.5,0.5155268288079964
GSM4957334,9,2,387.5,0.519849239507804
GSM4957336,9,2,387.5,0.5354750340837993
GSM4957338,9,2,387.5,0.48986393977098075
GSM4957340,9,2,387.5,0.46399222598846146
GSM4957347,9,2,387.5,0.52429760979736
GSM4957352,9,2,387.5,0.5503580545323463
GSM4957361,9,2,387.5,0.697217352710775
GSM4957362,9,2,387.5,0.5830108496154107
GSM4957392,9,2,387.5,0.5595325393732207
GSM4957393,9,2,387.5,0.5932323179844539
GSM4957398,9,2,387.5,0.5277250571537011
GSM4957404,9,2,387.5,0.503550580522472
GSM4957405,9,2,387.5,0.5349416632104025
GSM4957406,9,2,387.5,0.6709333716679842
GSM4957414,9,2,387.5,0.534176136902718
GSM4957428,9,2,387.5,0.5654149075991288
GSM4957430,9,2,387.5,0.4934532872138986
GSM4957437,9,2,387.5,0.5850860119428622
GSM4957438,9,2,387.5,0.5145699216416264
GSM4957440,9,2,387.5,0.5154414046467117
GSM4957441,9,2,387.5,0.5090685753858022
GSM4957444,9,2,387.5,0.5410804225619015
GSM4957445,9,2,387.5,0.521591314794545
GSM4957446,9,2,387.5,0.5702389065813209
GSM4957447,9,2,387.5,0.5139870027875579
GSM4957454,9,2,387.5,0.5863756099491741
GSM4957457,9,2,387.5,0.5288624650096252
GSM4957459,9,2,387.5,0.5504806312845227
GSM4957460,9,2,387.5,0.4957457675720396
GSM4957462,9,2,387.5,0.5888280802058099
GSM3998188,9,6,129.16666666666666,0.4970071962891556
GSM3998213,9,6,129.16666666666666,0.5050143271976713
GSM3998266,9,6,129.16666666666666,0.4855875501342939
GSM3998329,9,6,129.16666666666666,0.48211678030231075
GSM4957361,9,6,129.16666666666666,0.49865857492624643
GSM3758059,9,81,9.567901234567902,0.48567124695296027
GSM3998197,9,81,9.567901234567902,0.4831964044889605
GSM3998230,9,81,9.567901234567902,0.503118998115244
GSM3998234,9,81,9.567901234567902,0.47555487008330877
GSM3998237,9,81,9.567901234567902,0.48476980291163185
GSM3998343,9,81,9.567901234567902,0.49956282131212904
GSM3998347,9,81,9.567901234567902,0.48135873110106875
GSM3998348,9,81,9.567901234567902,0.49169111793481424
GSM3998369,9,81,9.567901234567902,0.4803719696421105
GSM4957343,9,81,9.567901234567902,0.49892275592729796
GSM4957377,9,81,9.567901234567902,0.4729609941980608
GSM3758041,9,82,9.451219512195122,0.5102049706272802
GSM3758051,9,82,9.451219512195122,0.4983177448373102
GSM3758055,9,82,9.451219512195122,0.4642611484113983
GSM3758070,9,82,9.451219512195122,0.4949958045935494
GSM3758072,9,82,9.451219512195122,0.4813496910179125
GSM3998194,9,82,9.451219512195122,0.5244395815573948
GSM3998200,9,82,9.451219512195122,0.4874372890353107
GSM3998211,9,82,9.451219512195122,0.48083597945039935
GSM3998246,9,82,9.451219512195122,0.4821477498514679
GSM3998256,9,82,9.451219512195122,0.47396970316744724
GSM3998260,9,82,9.451219512195122,0.5172104775451825
GSM3998283,9,82,9.451219512195122,0.48848600340765147
GSM4957339,9,82,9.451219512195122,0.498507810505485
GSM4957342,9,82,9.451219512195122,0.4987668481367957
GSM4957355,9,82,9.451219512195122,0.47065231043724554
GSM4957356,9,82,9.451219512195122,0.48251215525895574
GSM4957410,9,82,9.451219512195122,0.5031455395694033
GSM4957411,9,82,9.451219512195122,0.4926660591936165
GSM3758006,9,229,3.3842794759825328,0.5022341929968865
GSM3758010,9,229,3.3842794759825328,0.5082609098301534
GSM3758011,9,229,3.3842794759825328,0.5093205421988247
GSM3758012,9,229,3.3842794759825328,0.5004588792843436
GSM3758013,9,229,3.3842794759825328,0.48124516516124327
GSM3758014,9,229,3.3842794759825328,0.5255270177073204
GSM3758016,9,229,3.3842794759825328,0.4989448447392584
GSM3758019,9,229,3.3842794759825328,0.5005194454978805
GSM3758020,9,229,3.3842794759825328,0.4940707514909133
GSM3758022,9,229,3.3842794759825328,0.4886330357803863
GSM3758023,9,229,3.3842794759825328,0.4820655777594096
GSM3758024,9,229,3.3842794759825328,0.518462270759072
GSM3758025,9,229,3.3842794759825328,0.49608505831817284
GSM3758027,9,229,3.3842794759825328,0.49272282713994286
GSM3758028,9,229,3.3842794759825328,0.492737069425905
GSM3758029,9,229,3.3842794759825328,0.49969266207528795
GSM3758030,9,229,3.3842794759825328,0.5025494684053866
GSM3758031,9,229,3.3842794759825328,0.5082021196516044
GSM3758034,9,229,3.3842794759825328,0.46333207273212684
GSM3758035,9,229,3.3842794759825328,0.5127908388146132
GSM3758036,9,229,3.3842794759825328,0.5006687183243623
GSM3758037,9,229,3.3842794759825328,0.5202135355045523
GSM3758039,9,229,3.3842794759825328,0.4854845407901762
GSM3758042,9,229,3.3842794759825328,0.5112978525486436
GSM3758043,9,229,3.3842794759825328,0.5155719835899997
GSM3758044,9,229,3.3842794759825328,0.5350825023885935
GSM3758046,9,229,3.3842794759825328,0.5006729141919561
GSM3758048,9,229,3.3842794759825328,0.49787916259993326
GSM3758050,9,229,3.3842794759825328,0.491485290612538
GSM3758051,9,229,3.3842794759825328,0.5074655519283575
GSM3758052,9,229,3.3842794759825328,0.49702777196739945
GSM3758055,9,229,3.3842794759825328,0.5214021657384804
GSM3758056,9,229,3.3842794759825328,0.5025803558987811
GSM3758057,9,229,3.3842794759825328,0.47611771741954634
GSM3758058,9,229,3.3842794759825328,0.4813585516183183
GSM3758060,9,229,3.3842794759825328,0.4895707005170573
GSM3758061,9,229,3.3842794759825328,0.48939241106807474
GSM3758064,9,229,3.3842794759825328,0.505310984852338
GSM3758067,9,229,3.3842794759825328,0.49649584633979593
GSM3758070,9,229,3.3842794759825328,0.48525805819791
GSM3758073,9,229,3.3842794759825328,0.5111419987600283
GSM3758074,9,229,3.3842794759825328,0.4917437196758154
GSM3758076,9,229,3.3842794759825328,0.5033215312580421
GSM3758077,9,229,3.3842794759825328,0.47955533110649107
GSM3758080,9,229,3.3842794759825328,0.48719237960770423
GSM3758081,9,229,3.3842794759825328,0.5029422784564725
GSM3758082,9,229,3.3842794759825328,0.46527301491362927
GSM3998171,9,229,3.3842794759825328,0.5011434716452148
GSM3998172,9,229,3.3842794759825328,0.50521796687037
GSM3998173,9,229,3.3842794759825328,0.4786231533267138
GSM3998177,9,229,3.3842794759825328,0.511039724361694
GSM3998178,9,229,3.3842794759825328,0.510163963965768
GSM3998180,9,229,3.3842794759825328,0.4976631661523587
GSM3998181,9,229,3.3842794759825328,0.5196391813920229
GSM3998183,9,229,3.3842794759825328,0.49301756562334065
GSM3998186,9,229,3.3842794759825328,0.5293046846306053
GSM3998187,9,229,3.3842794759825328,0.49325424039788013
GSM3998190,9,229,3.3842794759825328,0.5217613433144788
GSM3998192,9,229,3.3842794759825328,0.4823108402747729
GSM3998198,9,229,3.3842794759825328,0.48386191408263635
GSM3998205,9,229,3.3842794759825328,0.4816866688018777
GSM3998217,9,229,3.3842794759825328,0.5428173496086641
GSM3998219,9,229,3.3842794759825328,0.49501379306050364
GSM3998220,9,229,3.3842794759825328,0.535441943718693
GSM3998221,9,229,3.3842794759825328,0.5351463388742541
GSM3998223,9,229,3.3842794759825328,0.5809237647694143
GSM3998224,9,229,3.3842794759825328,0.5795573824166342
GSM3998228,9,229,3.3842794759825328,0.4982543165559399
GSM3998231,9,229,3.3842794759825328,0.5178066572441713
GSM3998234,9,229,3.3842794759825328,0.4771308601187809
GSM3998240,9,229,3.3842794759825328,0.5050259376042376
GSM3998244,9,229,3.3842794759825328,0.48010091062624793
GSM3998249,9,229,3.3842794759825328,0.4883631328196514
GSM3998254,9,229,3.3842794759825328,0.5411975493927801
GSM3998255,9,229,3.3842794759825328,0.49415720702292276
GSM3998261,9,229,3.3842794759825328,0.5295639541630908
GSM3998263,9,229,3.3842794759825328,0.5058329119808476
GSM3998265,9,229,3.3842794759825328,0.4916022757078875
GSM3998270,9,229,3.3842794759825328,0.4907011612079417
GSM3998271,9,229,3.3842794759825328,0.5231313579513803
GSM3998272,9,229,3.3842794759825328,0.5026055823108573
GSM3998279,9,229,3.3842794759825328,0.48077679168311604
GSM3998281,9,229,3.3842794759825328,0.4665541957015349
GSM3998282,9,229,3.3842794759825328,0.4789742714123517
GSM3998283,9,229,3.3842794759825328,0.49343515106110214
GSM3998286,9,229,3.3842794759825328,0.4929787132389585
GSM3998287,9,229,3.3842794759825328,0.5394730780901265
GSM3998288,9,229,3.3842794759825328,0.5033346000956849
GSM3998289,9,229,3.3842794759825328,0.4831043475697001
GSM3998291,9,229,3.3842794759825328,0.5083261072111722
GSM3998292,9,229,3.3842794759825328,0.49852976272673644
GSM3998293,9,229,3.3842794759825328,0.5109916034569997
GSM3998295,9,229,3.3842794759825328,0.4747377767893508
GSM3998299,9,229,3.3842794759825328,0.5480678673546464
GSM3998300,9,229,3.3842794759825328,0.5331225732410343
GSM3998305,9,229,3.3842794759825328,0.5215333683336585
GSM3998306,9,229,3.3842794759825328,0.49676634268172526
GSM3998307,9,229,3.3842794759825328,0.4877228533550979
GSM3998311,9,229,3.3842794759825328,0.498703661297772
GSM3998315,9,229,3.3842794759825328,0.4929026643292529
GSM3998316,9,229,3.3842794759825328,0.492400774586069
GSM3998317,9,229,3.3842794759825328,0.5201306188285515
GSM3998318,9,229,3.3842794759825328,0.4710751396510613
GSM3998319,9,229,3.3842794759825328,0.5095201609850926
GSM3998321,9,229,3.3842794759825328,0.4846688008757152
GSM3998322,9,229,3.3842794759825328,0.4916676633256749
GSM3998325,9,229,3.3842794759825328,0.5000545246456998
GSM3998326,9,229,3.3842794759825328,0.46728317021011323
GSM3998329,9,229,3.3842794759825328,0.4798413339969869
GSM3998334,9,229,3.3842794759825328,0.5196230771842067
GSM3998337,9,229,3.3842794759825328,0.5073079491046046
GSM3998341,9,229,3.3842794759825328,0.5248686286152293
GSM3998345,9,229,3.3842794759825328,0.5002726173231911
GSM3998349,9,229,3.3842794759825328,0.5068043083240119
GSM3998351,9,229,3.3842794759825328,0.46974429163799014
GSM3998356,9,229,3.3842794759825328,0.46832286828317304
GSM3998358,9,229,3.3842794759825328,0.48519883267013597
GSM3998364,9,229,3.3842794759825328,0.47099405427924523
GSM3998365,9,229,3.3842794759825328,0.49493217234067455
GSM3998375,9,229,3.3842794759825328,0.4916740378728437
GSM3998380,9,229,3.3842794759825328,0.5107236929168693
GSM4957321,9,229,3.3842794759825328,0.5298194383949353
GSM4957322,9,229,3.3842794759825328,0.5386361064307823
GSM4957326,9,229,3.3842794759825328,0.5060644586054468
GSM4957328,9,229,3.3842794759825328,0.5001138439502384
GSM4957341,9,229,3.3842794759825328,0.5251527931364062
GSM4957342,9,229,3.3842794759825328,0.530996860714934
GSM4957348,9,229,3.3842794759825328,0.4784705714343138
GSM4957351,9,229,3.3842794759825328,0.5121001904364038
GSM4957354,9,229,3.3842794759825328,0.47353661318468365
GSM4957359,9,229,3.3842794759825328,0.5382424890211959
GSM4957360,9,229,3.3842794759825328,0.47650577683327944
GSM4957363,9,229,3.3842794759825328,0.4883450148435542
GSM4957364,9,229,3.3842794759825328,0.5254833507644374
GSM4957368,9,229,3.3842794759825328,0.4652660485436897
GSM4957369,9,229,3.3842794759825328,0.47950258438308335
GSM4957372,9,229,3.3842794759825328,0.5089973834484294
GSM4957373,9,229,3.3842794759825328,0.4799845072126212
GSM4957375,9,229,3.3842794759825328,0.4965696801158104
GSM4957379,9,229,3.3842794759825328,0.5451494027209751
GSM4957380,9,229,3.3842794759825328,0.4974442484743071
GSM4957381,9,229,3.3842794759825328,0.49680183944860756
GSM4957382,9,229,3.3842794759825328,0.4683008899341221
GSM4957384,9,229,3.3842794759825328,0.4922846794601954
GSM4957385,9,229,3.3842794759825328,0.48097530778410125
GSM4957386,9,229,3.3842794759825328,0.504459350514419
GSM4957387,9,229,3.3842794759825328,0.5158887597124191
GSM4957389,9,229,3.3842794759825328,0.5170345441601429
GSM4957390,9,229,3.3842794759825328,0.5198572744570686
GSM4957392,9,229,3.3842794759825328,0.495802566766983
GSM4957393,9,229,3.3842794759825328,0.5129240280396741
GSM4957396,9,229,3.3842794759825328,0.4890119548150258
GSM4957397,9,229,3.3842794759825328,0.47837922362483454
GSM4957398,9,229,3.3842794759825328,0.5482895645537416
GSM4957402,9,229,3.3842794759825328,0.4996576909409498
GSM4957405,9,229,3.3842794759825328,0.5014789923776903
GSM4957407,9,229,3.3842794759825328,0.5093688278094493
GSM4957409,9,229,3.3842794759825328,0.5122481775214163
GSM4957411,9,229,3.3842794759825328,0.5031721690536286
GSM4957412,9,229,3.3842794759825328,0.4834086504917461
GSM4957413,9,229,3.3842794759825328,0.5125913899861652
GSM4957414,9,229,3.3842794759825328,0.5250989899045524
GSM4957416,9,229,3.3842794759825328,0.5200820867763056
GSM4957418,9,229,3.3842794759825328,0.4829412646694178
GSM4957421,9,229,3.3842794759825328,0.4945714282440745
GSM4957423,9,229,3.3842794759825328,0.4955435692887882
GSM4957426,9,229,3.3842794759825328,0.4962774702801087
GSM4957431,9,229,3.3842794759825328,0.5366559795747987
GSM4957434,9,229,3.3842794759825328,0.4765860737713883
GSM4957436,9,229,3.3842794759825328,0.508503664947451
GSM4957439,9,229,3.3842794759825328,0.5207085154526241
GSM4957442,9,229,3.3842794759825328,0.5092389937078008
GSM4957447,9,229,3.3842794759825328,0.5028374061517851
GSM4957448,9,229,3.3842794759825328,0.4691245000282196
GSM4957451,9,229,3.3842794759825328,0.4862629743980271
GSM4957453,9,229,3.3842794759825328,0.4732788217625856
GSM4957454,9,229,3.3842794759825328,0.5137393338418361
GSM4957459,9,229,3.3842794759825328,0.5518587430175148
GSM4957460,9,229,3.3842794759825328,0.4877317525420888
GSM4957461,9,229,3.3842794759825328,0.4703380472055487
GSM4957463,9,229,3.3842794759825328,0.5216810774164595
GSM3998283,9,231,3.354978354978355,0.47964879824009765
GSM4957379,9,231,3.354978354978355,0.48495107526646475
GSM3998230,9,240,3.2291666666666665,0.4774291904665491
GSM3758009,9,247,3.1376518218623484,0.4989234797901667
GSM3998357,9,247,3.1376518218623484,0.4961739030165684
GSM3998364,9,247,3.1376518218623484,0.4736400212262857
GSM3758006,9,248,3.125,0.49982538863616455
GSM3758007,9,248,3.125,0.4969785819753616
GSM3758010,9,248,3.125,0.4819834354410779
GSM3758011,9,248,3.125,0.5048130260184664
GSM3758013,9,248,3.125,0.5106448940982062
GSM3758014,9,248,3.125,0.5204270353573612
GSM3758015,9,248,3.125,0.49633131413105724
GSM3758017,9,248,3.125,0.4957082520209837
GSM3758018,9,248,3.125,0.5093386915930957
GSM3758025,9,248,3.125,0.47917058111002575
GSM3758027,9,248,3.125,0.49361365223197584
GSM3758028,9,248,3.125,0.5102645045390135
GSM3758031,9,248,3.125,0.4955041549595425
GSM3758033,9,248,3.125,0.48607395305874634
GSM3758034,9,248,3.125,0.47903135769018457
GSM3758035,9,248,3.125,0.5370969013464859
GSM3758038,9,248,3.125,0.4912895718941792
GSM3758039,9,248,3.125,0.48505261891461604
GSM3758040,9,248,3.125,0.5043577971045687
GSM3758045,9,248,3.125,0.5188236130843604
GSM3758046,9,248,3.125,0.49816861323616335
GSM3758047,9,248,3.125,0.5171032465635177
GSM3758051,9,248,3.125,0.516367318272033
GSM3758052,9,248,3.125,0.4681202075692421
GSM3758056,9,248,3.125,0.4668473715354069
GSM3758057,9,248,3.125,0.475263555099517
GSM3758058,9,248,3.125,0.47490038097623666
GSM3758060,9,248,3.125,0.4941874239550481
GSM3758062,9,248,3.125,0.5156746726799164
GSM3758063,9,248,3.125,0.5225586237748603
GSM3758065,9,248,3.125,0.4968314087440424
GSM3758066,9,248,3.125,0.48461731617150283
GSM3758070,9,248,3.125,0.4924290521870569
GSM3758073,9,248,3.125,0.49094567608238915
GSM3758076,9,248,3.125,0.5069504213510059
GSM3758077,9,248,3.125,0.45889863895408967
GSM3758080,9,248,3.125,0.4892378889854565
GSM3758082,9,248,3.125,0.4679578626669887
GSM3998167,9,248,3.125,0.5132615380373942
GSM3998169,9,248,3.125,0.5032201082676062
GSM3998170,9,248,3.125,0.48829164364793476
GSM3998171,9,248,3.125,0.49645626811154964
GSM3998174,9,248,3.125,0.5014161902860095
GSM3998175,9,248,3.125,0.4833148607984712
GSM3998177,9,248,3.125,0.519044119478735
GSM3998180,9,248,3.125,0.4801976544111435
GSM3998181,9,248,3.125,0.5060575916290966
GSM3998183,9,248,3.125,0.5170383816294541
GSM3998186,9,248,3.125,0.4817785592702868
GSM3998191,9,248,3.125,0.5176088645117902
GSM3998194,9,248,3.125,0.5305992179080175
GSM3998197,9,248,3.125,0.5015140693714866
GSM3998204,9,248,3.125,0.47206035464475526
GSM3998205,9,248,3.125,0.5006896658143165
GSM3998206,9,248,3.125,0.5341565414327496
GSM3998207,9,248,3.125,0.5100563252642565
GSM3998208,9,248,3.125,0.5111255941358377
GSM3998209,9,248,3.125,0.5199357709688734
GSM3998212,9,248,3.125,0.5280414437809045
GSM3998214,9,248,3.125,0.49926257014093034
GSM3998217,9,248,3.125,0.5516450131307189
GSM3998219,9,248,3.125,0.4907668579356623
GSM3998221,9,248,3.125,0.5417005110940969
GSM3998223,9,248,3.125,0.5569586557540358
GSM3998231,9,248,3.125,0.5026291974832438
GSM3998234,9,248,3.125,0.4755858384859404
GSM3998236,9,248,3.125,0.4918283454624448
GSM3998240,9,248,3.125,0.48856083314284326
GSM3998241,9,248,3.125,0.4955945874327896
GSM3998244,9,248,3.125,0.5031410797765412
GSM3998248,9,248,3.125,0.49108303296514366
GSM3998249,9,248,3.125,0.48103828422390604
GSM3998252,9,248,3.125,0.4988375199445767
GSM3998253,9,248,3.125,0.4732476613856549
GSM3998254,9,248,3.125,0.5154685760169948
GSM3998255,9,248,3.125,0.5023808413806448
GSM3998257,9,248,3.125,0.4795453505889773
GSM3998261,9,248,3.125,0.4817687673836546
GSM3998267,9,248,3.125,0.5195327107824985
GSM3998270,9,248,3.125,0.48114116304203414
GSM3998276,9,248,3.125,0.5041195047649816
GSM3998284,9,248,3.125,0.4930697419551757
GSM3998286,9,248,3.125,0.48474605296176687
GSM3998289,9,248,3.125,0.4830374278465608
GSM3998290,9,248,3.125,0.5007908527439677
GSM3998293,9,248,3.125,0.46725177759342973
GSM3998294,9,248,3.125,0.48416176651600695
GSM3998296,9,248,3.125,0.5019146119985365
GSM3998300,9,248,3.125,0.5098086877526105
GSM3998305,9,248,3.125,0.4839112674855155
GSM3998309,9,248,3.125,0.4993673733088664
GSM3998315,9,248,3.125,0.4989300981796734
GSM3998318,9,248,3.125,0.5002963425934084
GSM3998319,9,248,3.125,0.47627745324225756
GSM3998320,9,248,3.125,0.47625103306412386
GSM3998321,9,248,3.125,0.47298969317403117
GSM3998323,9,248,3.125,0.5032982038812004
GSM3998324,9,248,3.125,0.5023134676738175
GSM3998325,9,248,3.125,0.5164354479909372
GSM3998326,9,248,3.125,0.48405980968936113
GSM3998334,9,248,3.125,0.5079006954156875
GSM3998338,9,248,3.125,0.5046130597190466
GSM3998345,9,248,3.125,0.49060933153292785
GSM3998355,9,248,3.125,0.49660475445615226
GSM3998358,9,248,3.125,0.5100714812232168
GSM3998361,9,248,3.125,0.5450179723582593
GSM3998368,9,248,3.125,0.5301478861195132
GSM3998370,9,248,3.125,0.5501245918636868
GSM3998371,9,248,3.125,0.5120066673121135
GSM3998372,9,248,3.125,0.48677620773492336
GSM3998373,9,248,3.125,0.5117741235028701
GSM3998374,9,248,3.125,0.5100633752867134
GSM3998375,9,248,3.125,0.5156368798634285
GSM3998376,9,248,3.125,0.5092591354892044
GSM3998377,9,248,3.125,0.5898406427269767
GSM3998379,9,248,3.125,0.5285217299441305
GSM3998380,9,248,3.125,0.49719252768455213
GSM3998381,9,248,3.125,0.5081543283773069
GSM4957321,9,248,3.125,0.4921349324649005
GSM4957327,9,248,3.125,0.5179522804191716
GSM4957328,9,248,3.125,0.4962942202811007
GSM4957329,9,248,3.125,0.5131763003153731
GSM4957330,9,248,3.125,0.5094542340264119
GSM4957335,9,248,3.125,0.47489365248698334
GSM4957336,9,248,3.125,0.5139282865754748
GSM4957340,9,248,3.125,0.4656873679037399
GSM4957342,9,248,3.125,0.5154768842403765
GSM4957344,9,248,3.125,0.48451419746963076
GSM4957346,9,248,3.125,0.49727478287883686
GSM4957349,9,248,3.125,0.4962160761893397
GSM4957350,9,248,3.125,0.5035114111760595
GSM4957351,9,248,3.125,0.47561414909143807
GSM4957353,9,248,3.125,0.5046938541761574
GSM4957355,9,248,3.125,0.5007902298975395
GSM4957358,9,248,3.125,0.48272626133895136
GSM4957361,9,248,3.125,0.48807091597857655
GSM4957369,9,248,3.125,0.4793238016283623
GSM4957370,9,248,3.125,0.4823151103451595
GSM4957372,9,248,3.125,0.485806898974916
GSM4957379,9,248,3.125,0.4915420388197056
GSM4957380,9,248,3.125,0.46327457550050477
GSM4957384,9,248,3.125,0.5139185387684235
GSM4957387,9,248,3.125,0.48518271889810816
GSM4957388,9,248,3.125,0.47029808083397473
GSM4957389,9,248,3.125,0.5174870967277827
GSM4957390,9,248,3.125,0.5102908644008175
GSM4957391,9,248,3.125,0.525581072149536
GSM4957392,9,248,3.125,0.5154097347935318
GSM4957393,9,248,3.125,0.5436144920462382
GSM4957398,9,248,3.125,0.5275036053775954
GSM4957399,9,248,3.125,0.5462589212759807
GSM4957400,9,248,3.125,0.49214615873966716
GSM4957404,9,248,3.125,0.5166881463981068
GSM4957405,9,248,3.125,0.4886844922178306
GSM4957409,9,248,3.125,0.5402324434903538
GSM4957417,9,248,3.125,0.48320767427220623
GSM4957419,9,248,3.125,0.5422968297302773
GSM4957421,9,248,3.125,0.47632896132350844
GSM4957422,9,248,3.125,0.5093746527910095
GSM4957424,9,248,3.125,0.4795673930563713
GSM4957425,9,248,3.125,0.5005762401497345
GSM4957426,9,248,3.125,0.49213060685017096
GSM4957427,9,248,3.125,0.5100300300054941
GSM4957430,9,248,3.125,0.5286131238062173
GSM4957431,9,248,3.125,0.5155297859559651
GSM4957434,9,248,3.125,0.4900974613692384
GSM4957435,9,248,3.125,0.49607766392188823
GSM4957436,9,248,3.125,0.48399438297903385
GSM4957438,9,248,3.125,0.5097726087646794
GSM4957439,9,248,3.125,0.529688818684845
GSM4957441,9,248,3.125,0.487527111651215
GSM4957443,9,248,3.125,0.49223696359466285
GSM4957444,9,248,3.125,0.5140238072154046
GSM4957445,9,248,3.125,0.5466153978798967
GSM4957446,9,248,3.125,0.512459097884268
GSM4957447,9,248,3.125,0.5308852732668328
GSM4957448,9,248,3.125,0.48709146333317044
GSM4957450,9,248,3.125,0.4987300776085153
GSM4957453,9,248,3.125,0.4904621497971866
GSM4957456,9,248,3.125,0.5322025165224407
GSM4957461,9,248,3.125,0.4830993480662493
GSM4957463,9,248,3.125,0.5612322611431249
GSM3758009,9,359,2.1587743732590527,0.5398796811261715
GSM3998201,9,359,2.1587743732590527,0.48924065589110777
GSM3998214,9,359,2.1587743732590527,0.5007971227689545
GSM3998251,9,359,2.1587743732590527,0.46097414251427216
GSM3998301,9,359,2.1587743732590527,0.5094310595951348
GSM3998324,9,359,2.1587743732590527,0.4828659114318219
GSM3998371,9,359,2.1587743732590527,0.47030480087224147
GSM4957337,9,359,2.1587743732590527,0.45528280356810136
GSM4957355,9,359,2.1587743732590527,0.479832919713556
GSM4957395,9,359,2.1587743732590527,0.46438795032552216
GSM3758040,10,213,3.431924882629108,0.4716818909537057
GSM3758048,10,213,3.431924882629108,0.4564068665633836
GSM3998354,10,213,3.431924882629108,0.4578544317361546
GSM3758030,10,215,3.4,0.4651397800214263
GSM3998225,10,215,3.4,0.460548852238285
GSM3998227,10,215,3.4,0.521792587726797
GSM3998233,10,215,3.4,0.46044649868732535
GSM3998238,10,215,3.4,0.5253547758502926
GSM3998243,10,215,3.4,0.49840095469924206
GSM3998251,10,215,3.4,0.4782009944250305
GSM3998272,10,215,3.4,0.4900753362518184
GSM3998273,10,215,3.4,0.5144375337940983
GSM3998293,10,215,3.4,0.4628188375922675
GSM3998310,10,215,3.4,0.48723387165910736
GSM3998343,10,215,3.4,0.5109967583105304
GSM3998344,10,215,3.4,0.5088274286655667
GSM3998348,10,215,3.4,0.5126481371962446
GSM3998349,10,215,3.4,0.48136285878143914
GSM3998350,10,215,3.4,0.5256012645956072
GSM3998351,10,215,3.4,0.4624678593760465
GSM3998354,10,215,3.4,0.49649847803151914
GSM3998355,10,215,3.4,0.4996661278111545
GSM3998359,10,215,3.4,0.5246397552142446
GSM3998362,10,215,3.4,0.49489319370377416
GSM3998365,10,215,3.4,0.5117291163367841
GSM3998368,10,215,3.4,0.4971683301516716
GSM3998369,10,215,3.4,0.5248215490310706
GSM3998381,10,215,3.4,0.4850648641406603
GSM4957338,10,215,3.4,0.4572196264885524
GSM4957340,10,215,3.4,0.5377534328975986
GSM4957342,10,215,3.4,0.49982052070226235
GSM4957343,10,215,3.4,0.45561454585214234
GSM4957353,10,215,3.4,0.46881369138534934
GSM4957359,10,215,3.4,0.4396986036735484
GSM4957366,10,215,3.4,0.5236994356282776
GSM4957395,10,215,3.4,0.4998352069350078
GSM4957432,10,215,3.4,0.4824388955587562
GSM3758009,10,262,2.7900763358778624,0.48516098831499876
GSM3998216,10,336,2.175595238095238,0.49715054881974075
GSM3998191,10,348,2.1005747126436782,0.47922136674977756
GSM3998207,10,348,2.1005747126436782,0.4893960260904371
GSM3998269,10,348,2.1005747126436782,0.47265704502336225
GSM3998310,10,359,2.0362116991643453,0.4618337106578143
GSM4957361,11,2,659.5,0.5410849213464615
GSM4957392,11,2,659.5,0.480414494333524
GSM4957406,11,2,659.5,0.5367724763308184
GSM3758020,11,92,14.33695652173913,0.4858731853414153
GSM3758048,11,92,14.33695652173913,0.4955294456003556
GSM3758049,11,92,14.33695652173913,0.5254244387662288
GSM3758051,11,92,14.33695652173913,0.5327083609998073
GSM3998224,11,92,14.33695652173913,0.48545636621387533
GSM3998272,11,92,14.33695652173913,0.5308089146564572
GSM3998273,11,92,14.33695652173913,0.5110240522762899
GSM3998276,11,92,14.33695652173913,0.5299495928962226
GSM4957322,11,92,14.33695652173913,0.4843167079825479
GSM4957335,11,92,14.33695652173913,0.5065569250882551
GSM4957372,11,92,14.33695652173913,0.4921951155612061
GSM4957379,11,92,14.33695652173913,0.508229565262424
GSM4957337,11,173,7.624277456647399,0.4946296211590142
GSM4957395,11,173,7.624277456647399,0.47164413685376116
GSM3998230,11,176,7.494318181818182,0.4978634703350582
GSM3998233,11,176,7.494318181818182,0.47140502675787754
GSM3998361,11,176,7.494318181818182,0.5489182649394899
GSM3998374,11,176,7.494318181818182,0.5080971546735022
GSM3758010,11,389,3.390745501285347,0.5181329726453532
GSM3758012,11,389,3.390745501285347,0.5289027075862385
GSM3758054,11,389,3.390745501285347,0.5037959399061132
GSM3758066,11,389,3.390745501285347,0.49335452060724894
GSM3758076,11,389,3.390745501285347,0.4744811426597284
GSM3998186,11,389,3.390745501285347,0.5362873219962934
GSM3998194,11,389,3.390745501285347,0.5134680336826687
GSM3998198,11,389,3.390745501285347,0.5008808558362721
GSM3998252,11,389,3.390745501285347,0.4872130540597541
GSM3998305,11,389,3.390745501285347,0.4883951819444041
GSM3998308,11,389,3.390745501285347,0.5259938185835829
GSM3998320,11,389,3.390745501285347,0.5177638921743704
GSM3998353,11,389,3.390745501285347,0.4701115745567628
GSM4957351,11,389,3.390745501285347,0.47949460064083205
GSM4957373,11,389,3.390745501285347,0.5041236757983936
GSM4957375,11,389,3.390745501285347,0.4844842788503918
GSM4957376,11,389,3.390745501285347,0.47422687336921454
GSM4957377,11,389,3.390745501285347,0.5020455050125356
GSM4957379,11,389,3.390745501285347,0.49408373556201335
GSM4957411,11,389,3.390745501285347,0.5118978360081949
GSM4957458,11,389,3.390745501285347,0.4960927865815248
GSM3998268,11,483,2.730848861283644,0.4692540335802504
GSM3998280,11,506,2.6067193675889326,0.5149374030589575
GSM3998280,11,651,2.0261136712749614,0.5006577010045548
GSM4957331,11,652,2.023006134969325,0.4914928208379741
GSM3758015,12,192,5.416666666666667,0.49193017811011375
GSM3758026,12,192,5.416666666666667,0.4596311110806557
GSM3758029,12,192,5.416666666666667,0.4925290124653152
GSM3758047,12,192,5.416666666666667,0.5472631744131031
GSM3758053,12,192,5.416666666666667,0.48111866319187335
GSM3758062,12,192,5.416666666666667,0.47504001150138286
GSM3758070,12,192,5.416666666666667,0.4902158777712975
GSM3758072,12,192,5.416666666666667,0.4844943137631419
GSM3758073,12,192,5.416666666666667,0.47939211724310393
GSM3998173,12,192,5.416666666666667,0.4927832175196736
GSM3998180,12,192,5.416666666666667,0.5054452405590744
GSM3998197,12,192,5.416666666666667,0.4981683199533653
GSM3998198,12,192,5.416666666666667,0.4830633064524985
GSM3998201,12,192,5.416666666666667,0.4862711940735709
GSM3998203,12,192,5.416666666666667,0.4992540817907676
GSM3998205,12,192,5.416666666666667,0.4959463394838579
GSM3998214,12,192,5.416666666666667,0.4994169817399907
GSM3998218,12,192,5.416666666666667,0.49417652760430064
GSM3998225,12,192,5.416666666666667,0.4845025545662178
GSM3998226,12,192,5.416666666666667,0.4681534804191596
GSM3998230,12,192,5.416666666666667,0.513922484370958
GSM3998259,12,192,5.416666666666667,0.4804946345580374
GSM3998284,12,192,5.416666666666667,0.5172398323613843
GSM3998309,12,192,5.416666666666667,0.4987230145335695
GSM3998327,12,192,5.416666666666667,0.47990229424994446
GSM3998333,12,192,5.416666666666667,0.47825583405355765
GSM3998334,12,192,5.416666666666667,0.5087254543126623
GSM3998338,12,192,5.416666666666667,0.5133224548459494
GSM3998339,12,192,5.416666666666667,0.4886474958289413
GSM3998350,12,192,5.416666666666667,0.48048073005299763
GSM3998362,12,192,5.416666666666667,0.5197326065903516
GSM3998369,12,192,5.416666666666667,0.48381792249443656
GSM3998373,12,192,5.416666666666667,0.5099901770891533
GSM3998379,12,192,5.416666666666667,0.5040982606468787
GSM4957325,12,192,5.416666666666667,0.4846107005577589
GSM4957349,12,192,5.416666666666667,0.4774418915066696
GSM4957359,12,192,5.416666666666667,0.5010363531396158
GSM4957360,12,192,5.416666666666667,0.47507852170660136
GSM4957385,12,192,5.416666666666667,0.4904991306421831
GSM4957392,12,192,5.416666666666667,0.4748757058291333
GSM4957397,12,192,5.416666666666667,0.476140561235034
GSM4957458,12,192,5.416666666666667,0.4790775499097406
GSM3998206,12,199,5.226130653266332,0.5413937677890734
GSM3998340,12,199,5.226130653266332,0.5318642056389855
GSM3998209,12,200,5.2,0.4813032621780362
GSM3758019,12,202,5.148514851485149,0.4747234059936707
GSM3758022,12,202,5.148514851485149,0.46226044263996746
GSM3758023,12,202,5.148514851485149,0.5057732146778031
GSM3758028,12,202,5.148514851485149,0.4831545546971392
GSM3758040,12,202,5.148514851485149,0.5087819594929517
GSM3758043,12,202,5.148514851485149,0.48905423901141853
GSM3758054,12,202,5.148514851485149,0.4643891582026023
GSM3758065,12,202,5.148514851485149,0.508965100064116
GSM3758066,12,202,5.148514851485149,0.4855911078977031
GSM3758071,12,202,5.148514851485149,0.46994696506074574
GSM3758075,12,202,5.148514851485149,0.48668141263229225
GSM3758078,12,202,5.148514851485149,0.48795309586966207
GSM3758080,12,202,5.148514851485149,0.48855661783181503
GSM3998167,12,202,5.148514851485149,0.5289575017186059
GSM3998169,12,202,5.148514851485149,0.5087102567441208
GSM3998171,12,202,5.148514851485149,0.5478876020566701
GSM3998173,12,202,5.148514851485149,0.5239851832247897
GSM3998186,12,202,5.148514851485149,0.47914327129079837
GSM3998191,12,202,5.148514851485149,0.5015789954416912
GSM3998194,12,202,5.148514851485149,0.5107611655137569
GSM3998195,12,202,5.148514851485149,0.508596801214158
GSM3998197,12,202,5.148514851485149,0.5274737270167686
GSM3998198,12,202,5.148514851485149,0.4707474602306063
GSM3998200,12,202,5.148514851485149,0.49228430881511187
GSM3998202,12,202,5.148514851485149,0.4996047536330388
GSM3998203,12,202,5.148514851485149,0.4952074919929119
GSM3998205,12,202,5.148514851485149,0.48449594105111427
GSM3998206,12,202,5.148514851485149,0.5694330825475231
GSM3998207,12,202,5.148514851485149,0.535427166759531
GSM3998208,12,202,5.148514851485149,0.520096736899069
GSM3998209,12,202,5.148514851485149,0.5487951062748819
GSM3998210,12,202,5.148514851485149,0.47507585650802886
GSM3998211,12,202,5.148514851485149,0.5123542025222099
GSM3998212,12,202,5.148514851485149,0.5130914258412771
GSM3998303,12,202,5.148514851485149,0.5165994457606793
GSM3998306,12,202,5.148514851485149,0.48325448217353895
GSM3998307,12,202,5.148514851485149,0.509162133927572
GSM3998308,12,202,5.148514851485149,0.49932864021319023
GSM3998313,12,202,5.148514851485149,0.49676119405055186
GSM3998316,12,202,5.148514851485149,0.5041015193683442
GSM3998317,12,202,5.148514851485149,0.48308110130414317
GSM3998320,12,202,5.148514851485149,0.48519868806477184
GSM3998325,12,202,5.148514851485149,0.492782648443308
GSM3998326,12,202,5.148514851485149,0.4955787323041423
GSM3998328,12,202,5.148514851485149,0.503970180204933
GSM3998331,12,202,5.148514851485149,0.4964818989394595
GSM3998334,12,202,5.148514851485149,0.49564777511488023
GSM3998337,12,202,5.148514851485149,0.5147598635185857
GSM3998339,12,202,5.148514851485149,0.4848765602322058
GSM3998340,12,202,5.148514851485149,0.5958394925223103
GSM3998370,12,202,5.148514851485149,0.5143661849256853
GSM3998375,12,202,5.148514851485149,0.48023877672583737
GSM3998380,12,202,5.148514851485149,0.4858250158578654
GSM4957344,12,202,5.148514851485149,0.5055166286565149
GSM4957349,12,202,5.148514851485149,0.48104872556975176
GSM4957351,12,202,5.148514851485149,0.4585337194506236
GSM4957356,12,202,5.148514851485149,0.47460549638170235
GSM4957358,12,202,5.148514851485149,0.48533978290055657
GSM4957360,12,202,5.148514851485149,0.4715399305172281
GSM4957364,12,202,5.148514851485149,0.47955372796025797
GSM4957413,12,202,5.148514851485149,0.4889421360126458
GSM4957422,12,202,5.148514851485149,0.49522331289636723
GSM4957424,12,202,5.148514851485149,0.483330807942314
GSM4957432,12,202,5.148514851485149,0.489153187771151
GSM4957445,12,202,5.148514851485149,0.4768715441633753
GSM4957447,12,202,5.148514851485149,0.48607984280355065
GSM4957454,12,202,5.148514851485149,0.48520816429468017
GSM4957455,12,202,5.148514851485149,0.5003387567609998
GSM4957460,12,202,5.148514851485149,0.4961393521400179
GSM4957326,12,222,4.684684684684685,0.4645024087649614
GSM3758009,12,343,3.0320699708454812,0.4720424102066234
GSM3758013,12,343,3.0320699708454812,0.4847983279076593
GSM3758064,12,343,3.0320699708454812,0.4734935810373626
GSM3758081,12,343,3.0320699708454812,0.48027513434273805
GSM3998168,12,343,3.0320699708454812,0.4802660281308726
GSM3998176,12,343,3.0320699708454812,0.4847025076877385
GSM3998221,12,343,3.0320699708454812,0.4943577976964182
GSM3998246,12,343,3.0320699708454812,0.5118183483565102
GSM3998253,12,343,3.0320699708454812,0.47506797903127573
GSM3998285,12,343,3.0320699708454812,0.5299977802081175
GSM3998349,12,343,3.0320699708454812,0.5088588163793331
GSM3998363,12,343,3.0320699708454812,0.5143545947366395
GSM4957355,12,343,3.0320699708454812,0.45712295992926855
GSM4957391,12,343,3.0320699708454812,0.5281197025506845
GSM4957401,12,343,3.0320699708454812,0.4867728464285346
GSM4957408,12,343,3.0320699708454812,0.49389977771518545
GSM4957410,12,343,3.0320699708454812,0.4925788063421632
GSM3998258,12,369,2.8184281842818426,0.49016751315896867
GSM4957445,12,369,2.8184281842818426,0.4929106508411767
GSM3998299,12,375,2.7733333333333334,0.48292894016937105
GSM3758005,12,377,2.7586206896551726,0.4727995567900942
GSM3758008,12,377,2.7586206896551726,0.5148711901164282
GSM3758011,12,377,2.7586206896551726,0.5460540512286021
GSM3758012,12,377,2.7586206896551726,0.569275913570876
GSM3758013,12,377,2.7586206896551726,0.48606593945561416
GSM3758014,12,377,2.7586206896551726,0.5359991308349121
GSM3758016,12,377,2.7586206896551726,0.5154121511249294
GSM3758017,12,377,2.7586206896551726,0.49401592510047365
GSM3758018,12,377,2.7586206896551726,0.5106661122198042
GSM3758020,12,377,2.7586206896551726,0.546283500542629
GSM3758021,12,377,2.7586206896551726,0.5128059452313831
GSM3758022,12,377,2.7586206896551726,0.45692296109071195
GSM3758023,12,377,2.7586206896551726,0.5221552669454237
GSM3758026,12,377,2.7586206896551726,0.520048465274566
GSM3758027,12,377,2.7586206896551726,0.4905515919440253
GSM3758029,12,377,2.7586206896551726,0.4971106912744703
GSM3758030,12,377,2.7586206896551726,0.4911539984909141
GSM3758032,12,377,2.7586206896551726,0.49276087151417913
GSM3758033,12,377,2.7586206896551726,0.5129936479680333
GSM3758035,12,377,2.7586206896551726,0.5221220714547128
GSM3758037,12,377,2.7586206896551726,0.5161199123477642
GSM3758038,12,377,2.7586206896551726,0.5043398197100455
GSM3758045,12,377,2.7586206896551726,0.4680596249375779
GSM3758046,12,377,2.7586206896551726,0.4713111650845505
GSM3758048,12,377,2.7586206896551726,0.5040355942794044
GSM3758051,12,377,2.7586206896551726,0.5635186846036615
GSM3758052,12,377,2.7586206896551726,0.5094336949993932
GSM3758053,12,377,2.7586206896551726,0.4709100571523481
GSM3758054,12,377,2.7586206896551726,0.4754561572054481
GSM3758055,12,377,2.7586206896551726,0.4757997786353769
GSM3758058,12,377,2.7586206896551726,0.4983412838249759
GSM3758060,12,377,2.7586206896551726,0.48111376603630474
GSM3758064,12,377,2.7586206896551726,0.49403050424211115
GSM3758065,12,377,2.7586206896551726,0.48927952806422104
GSM3758066,12,377,2.7586206896551726,0.5077378424014913
GSM3758069,12,377,2.7586206896551726,0.5276943872269411
GSM3758073,12,377,2.7586206896551726,0.4949799509418984
GSM3758074,12,377,2.7586206896551726,0.49092963942147794
GSM3758078,12,377,2.7586206896551726,0.5159089076637748
GSM3758082,12,377,2.7586206896551726,0.5464791225295094
GSM3998169,12,377,2.7586206896551726,0.5007908941379902
GSM3998172,12,377,2.7586206896551726,0.5000274186957263
GSM3998174,12,377,2.7586206896551726,0.5146241632161552
GSM3998175,12,377,2.7586206896551726,0.5509822543543801
GSM3998176,12,377,2.7586206896551726,0.5782888374853572
GSM3998177,12,377,2.7586206896551726,0.5516907684351713
GSM3998178,12,377,2.7586206896551726,0.5302443851896523
GSM3998179,12,377,2.7586206896551726,0.49881478727543005
GSM3998180,12,377,2.7586206896551726,0.5066379064748543
GSM3998181,12,377,2.7586206896551726,0.5840152825707685
GSM3998182,12,377,2.7586206896551726,0.5340751182279604
GSM3998183,12,377,2.7586206896551726,0.5337503014916454
GSM3998184,12,377,2.7586206896551726,0.5066691266177328
GSM3998185,12,377,2.7586206896551726,0.5233733658832125
GSM3998186,12,377,2.7586206896551726,0.5767609336487904
GSM3998187,12,377,2.7586206896551726,0.5177988338325834
GSM3998188,12,377,2.7586206896551726,0.557650620141315
GSM3998189,12,377,2.7586206896551726,0.5704709142802549
GSM3998190,12,377,2.7586206896551726,0.5525986515288586
GSM3998192,12,377,2.7586206896551726,0.5615493963043048
GSM3998193,12,377,2.7586206896551726,0.5499479175030864
GSM3998194,12,377,2.7586206896551726,0.5079080023371629
GSM3998195,12,377,2.7586206896551726,0.486528375234935
GSM3998198,12,377,2.7586206896551726,0.5307674302047185
GSM3998205,12,377,2.7586206896551726,0.5158851383783478
GSM3998209,12,377,2.7586206896551726,0.4935452053941627
GSM3998211,12,377,2.7586206896551726,0.48211741651810325
GSM3998212,12,377,2.7586206896551726,0.5604034392269193
GSM3998213,12,377,2.7586206896551726,0.5508309445783368
GSM3998215,12,377,2.7586206896551726,0.5588915503581493
GSM3998216,12,377,2.7586206896551726,0.5053422821889453
GSM3998219,12,377,2.7586206896551726,0.4994571547581823
GSM3998222,12,377,2.7586206896551726,0.4855758083080781
GSM3998223,12,377,2.7586206896551726,0.5490502305863392
GSM3998224,12,377,2.7586206896551726,0.5295974833477461
GSM3998228,12,377,2.7586206896551726,0.5451954173536673
GSM3998231,12,377,2.7586206896551726,0.4845233646223699
GSM3998234,12,377,2.7586206896551726,0.5099820588117661
GSM3998235,12,377,2.7586206896551726,0.5452994657218277
GSM3998236,12,377,2.7586206896551726,0.5094184475279957
GSM3998237,12,377,2.7586206896551726,0.4858244547573767
GSM3998239,12,377,2.7586206896551726,0.505189543975876
GSM3998241,12,377,2.7586206896551726,0.4780580653539581
GSM3998244,12,377,2.7586206896551726,0.5221359004717812
GSM3998247,12,377,2.7586206896551726,0.5164683599661966
GSM3998248,12,377,2.7586206896551726,0.48137082573199175
GSM3998255,12,377,2.7586206896551726,0.547420678386028
GSM3998258,12,377,2.7586206896551726,0.48386987413992344
GSM3998261,12,377,2.7586206896551726,0.5420996571171965
GSM3998262,12,377,2.7586206896551726,0.501199417866359
GSM3998263,12,377,2.7586206896551726,0.5239149877740528
GSM3998264,12,377,2.7586206896551726,0.528760675596863
GSM3998265,12,377,2.7586206896551726,0.5515506938680614
GSM3998266,12,377,2.7586206896551726,0.5558060007612609
GSM3998267,12,377,2.7586206896551726,0.5331475997171471
GSM3998269,12,377,2.7586206896551726,0.5543639702931098
GSM3998270,12,377,2.7586206896551726,0.5432036484179101
GSM3998271,12,377,2.7586206896551726,0.5011789012651477
GSM3998273,12,377,2.7586206896551726,0.5056726380225287
GSM3998274,12,377,2.7586206896551726,0.5657438098421443
GSM3998275,12,377,2.7586206896551726,0.5188095031127022
GSM3998276,12,377,2.7586206896551726,0.5469989445609293
GSM3998279,12,377,2.7586206896551726,0.5365966851427943
GSM3998281,12,377,2.7586206896551726,0.5103787160792703
GSM3998282,12,377,2.7586206896551726,0.5275395022509102
GSM3998286,12,377,2.7586206896551726,0.588867165858816
GSM3998287,12,377,2.7586206896551726,0.5585059708375613
GSM3998288,12,377,2.7586206896551726,0.539047625881552
GSM3998289,12,377,2.7586206896551726,0.5306761850286623
GSM3998290,12,377,2.7586206896551726,0.4612051900632812
GSM3998291,12,377,2.7586206896551726,0.5409914921014662
GSM3998292,12,377,2.7586206896551726,0.5423109431068092
GSM3998293,12,377,2.7586206896551726,0.48989907826085943
GSM3998294,12,377,2.7586206896551726,0.5203326855042878
GSM3998295,12,377,2.7586206896551726,0.5290854243992431
GSM3998296,12,377,2.7586206896551726,0.6016080748890142
GSM3998297,12,377,2.7586206896551726,0.5088127937493225
GSM3998298,12,377,2.7586206896551726,0.5592465715547279
GSM3998299,12,377,2.7586206896551726,0.5879705238998678
GSM3998300,12,377,2.7586206896551726,0.6070883553237136
GSM3998301,12,377,2.7586206896551726,0.5486238480638166
GSM3998305,12,377,2.7586206896551726,0.485993801818859
GSM3998306,12,377,2.7586206896551726,0.543988712362022
GSM3998307,12,377,2.7586206896551726,0.511980790637582
GSM3998309,12,377,2.7586206896551726,0.5380194172208284
GSM3998310,12,377,2.7586206896551726,0.5301722961790838
GSM3998311,12,377,2.7586206896551726,0.4998635584006186
GSM3998312,12,377,2.7586206896551726,0.49106203100672063
GSM3998314,12,377,2.7586206896551726,0.5093907231175439
GSM3998315,12,377,2.7586206896551726,0.5436754313378831
GSM3998316,12,377,2.7586206896551726,0.5262244879157616
GSM3998317,12,377,2.7586206896551726,0.5643144843223786
GSM3998318,12,377,2.7586206896551726,0.4989624079806072
GSM3998320,12,377,2.7586206896551726,0.4789468101112795
GSM3998321,12,377,2.7586206896551726,0.5208227764720301
GSM3998322,12,377,2.7586206896551726,0.5078286291681176
GSM3998323,12,377,2.7586206896551726,0.5091771477779972
GSM3998324,12,377,2.7586206896551726,0.4872355614451367
GSM3998325,12,377,2.7586206896551726,0.5077391287695492
GSM3998326,12,377,2.7586206896551726,0.5089949278399404
GSM3998327,12,377,2.7586206896551726,0.48838151729685375
GSM3998328,12,377,2.7586206896551726,0.4942621096087483
GSM3998329,12,377,2.7586206896551726,0.5893902231593886
GSM3998330,12,377,2.7586206896551726,0.5920980116594614
GSM3998337,12,377,2.7586206896551726,0.5061957973079938
GSM3998368,12,377,2.7586206896551726,0.5015675383891289
GSM3998371,12,377,2.7586206896551726,0.5209381993602173
GSM3998372,12,377,2.7586206896551726,0.4889979668845559
GSM3998375,12,377,2.7586206896551726,0.48924221256763456
GSM3998377,12,377,2.7586206896551726,0.5386363093396911
GSM3998380,12,377,2.7586206896551726,0.49509627040496706
GSM4957321,12,377,2.7586206896551726,0.5267121583777299
GSM4957322,12,377,2.7586206896551726,0.5633220367192164
GSM4957325,12,377,2.7586206896551726,0.5002629163568355
GSM4957326,12,377,2.7586206896551726,0.47222734914031506
GSM4957330,12,377,2.7586206896551726,0.5092251825471918
GSM4957331,12,377,2.7586206896551726,0.48924491202210296
GSM4957333,12,377,2.7586206896551726,0.5302895148060442
GSM4957334,12,377,2.7586206896551726,0.5151796620088782
GSM4957335,12,377,2.7586206896551726,0.5856610689415693
GSM4957337,12,377,2.7586206896551726,0.5150638584920313
GSM4957338,12,377,2.7586206896551726,0.5316712366232195
GSM4957339,12,377,2.7586206896551726,0.5952477740090725
GSM4957340,12,377,2.7586206896551726,0.5344884571827526
GSM4957341,12,377,2.7586206896551726,0.5572903962301168
GSM4957342,12,377,2.7586206896551726,0.6009446637293459
GSM4957343,12,377,2.7586206896551726,0.5403810726924863
GSM4957344,12,377,2.7586206896551726,0.4802925068019266
GSM4957345,12,377,2.7586206896551726,0.5016826278753554
GSM4957346,12,377,2.7586206896551726,0.5172327689647176
GSM4957348,12,377,2.7586206896551726,0.48197468389567266
GSM4957351,12,377,2.7586206896551726,0.4947827592583609
GSM4957352,12,377,2.7586206896551726,0.5153433156076987
GSM4957359,12,377,2.7586206896551726,0.5149839435681369
GSM4957361,12,377,2.7586206896551726,0.5139521105277973
GSM4957362,12,377,2.7586206896551726,0.49886102400210763
GSM4957365,12,377,2.7586206896551726,0.5244903402975098
GSM4957370,12,377,2.7586206896551726,0.503899589084428
GSM4957371,12,377,2.7586206896551726,0.47870409845662243
GSM4957372,12,377,2.7586206896551726,0.5154271686044893
GSM4957381,12,377,2.7586206896551726,0.525091604130159
GSM4957386,12,377,2.7586206896551726,0.5137960986549275
GSM4957388,12,377,2.7586206896551726,0.4754670610489238
GSM4957392,12,377,2.7586206896551726,0.5160425312929693
GSM4957393,12,377,2.7586206896551726,0.5511332458000511
GSM4957395,12,377,2.7586206896551726,0.5767104129829419
GSM4957398,12,377,2.7586206896551726,0.5179986239920913
GSM4957401,12,377,2.7586206896551726,0.49011878446715773
GSM4957406,12,377,2.7586206896551726,0.472534084240233
GSM4957409,12,377,2.7586206896551726,0.5274014727228771
GSM4957413,12,377,2.7586206896551726,0.48273001118049574
GSM4957414,12,377,2.7586206896551726,0.48299907025653344
GSM4957417,12,377,2.7586206896551726,0.5033267724801185
GSM4957419,12,377,2.7586206896551726,0.5029122120648091
GSM4957422,12,377,2.7586206896551726,0.4721450826523683
GSM4957424,12,377,2.7586206896551726,0.4895116941692774
GSM4957425,12,377,2.7586206896551726,0.5309044897697102
GSM4957426,12,377,2.7586206896551726,0.5145851089496807
GSM4957428,12,377,2.7586206896551726,0.5088892949493218
GSM4957429,12,377,2.7586206896551726,0.48948551624318215
GSM4957430,12,377,2.7586206896551726,0.5047599992720517
GSM4957431,12,377,2.7586206896551726,0.5565695879609263
GSM4957433,12,377,2.7586206896551726,0.4881321243770116
GSM4957435,12,377,2.7586206896551726,0.5003893367817303
GSM4957436,12,377,2.7586206896551726,0.47794381590652657
GSM4957437,12,377,2.7586206896551726,0.4989656497099393
GSM4957439,12,377,2.7586206896551726,0.5155945662475743
GSM4957440,12,377,2.7586206896551726,0.5658417755567058
GSM4957441,12,377,2.7586206896551726,0.5189598074416808
GSM4957442,12,377,2.7586206896551726,0.4834024735053588
GSM4957444,12,377,2.7586206896551726,0.5578934283398982
GSM4957445,12,377,2.7586206896551726,0.5048508675465482
GSM4957446,12,377,2.7586206896551726,0.5060987255574472
GSM4957447,12,377,2.7586206896551726,0.4848425680060213
GSM4957449,12,377,2.7586206896551726,0.49868357279189324
GSM4957450,12,377,2.7586206896551726,0.4946912965813435
GSM4957451,12,377,2.7586206896551726,0.4804575798851518
GSM4957453,12,377,2.7586206896551726,0.4953883468555751
GSM4957454,12,377,2.7586206896551726,0.4823028008746051
GSM4957459,12,377,2.7586206896551726,0.570895496481453
GSM4957460,12,377,2.7586206896551726,0.4942059640142107
GSM4957462,12,377,2.7586206896551726,0.560872528148431
GSM3998276,12,379,2.7440633245382586,0.5169295532104488
GSM3998301,12,379,2.7440633245382586,0.4764772631820686
GSM4957335,12,379,2.7440633245382586,0.5277040185616122
GSM4957395,12,379,2.7440633245382586,0.5098860652623021
GSM3998268,13,10,32.2,0.46707545734798606
GSM3998310,13,10,32.2,0.5039670823893068
GSM4957445,13,10,32.2,0.5235623101633027
GSM3998187,14,2,309.5,0.5364813562494497
GSM3758010,14,53,11.679245283018869,0.4929824846393851
GSM3758015,14,53,11.679245283018869,0.47900785946657276
GSM3758054,14,53,11.679245283018869,0.5372100636363388
GSM3758073,14,53,11.679245283018869,0.4874642794231283
GSM3758077,14,53,11.679245283018869,0.49142844538512787
GSM3758079,14,53,11.679245283018869,0.4913484689863834
GSM3758081,14,53,11.679245283018869,0.5402945495669145
GSM3998172,14,53,11.679245283018869,0.49528405908480444
GSM3998174,14,53,11.679245283018869,0.5035393502626415
GSM3998218,14,53,11.679245283018869,0.4715294242202144
GSM3998277,14,53,11.679245283018869,0.5175646179308742
GSM3998311,14,53,11.679245283018869,0.5074275886491755
GSM3998333,14,53,11.679245283018869,0.5384087771392108
GSM4957358,14,53,11.679245283018869,0.5026456747657244
GSM4957396,14,53,11.679245283018869,0.5112665120700406
GSM4957402,14,53,11.679245283018869,0.5306250689222192
GSM4957411,14,53,11.679245283018869,0.5163941188675887
GSM4957415,14,53,11.679245283018869,0.4813261348721132
GSM3998244,14,54,11.462962962962964,0.5052898591764525
GSM3998283,14,54,11.462962962962964,0.5016271924420908
GSM4957330,14,54,11.462962962962964,0.48358032970201625
GSM4957458,14,54,11.462962962962964,0.49488434437668793
GSM3758081,14,55,11.254545454545454,0.529352760615355
GSM3998169,14,156,3.967948717948718,0.5010375008118415
GSM3998217,14,156,3.967948717948718,0.49236220467265124
GSM3998220,14,156,3.967948717948718,0.5458116275627991
GSM3998221,14,156,3.967948717948718,0.485122288626489
GSM3998222,14,156,3.967948717948718,0.5040475393333361
GSM3998223,14,156,3.967948717948718,0.5104041502735956
GSM3998341,14,156,3.967948717948718,0.47861509256250434
GSM4957441,14,156,3.967948717948718,0.5049402798214007
GSM3758024,15,106,5.679245283018868,0.480993721043272
GSM3758076,15,106,5.679245283018868,0.47397629736493485
GSM3998204,15,106,5.679245283018868,0.4680069315512605
GSM3998243,15,106,5.679245283018868,0.4904031957999937
GSM3998259,15,106,5.679245283018868,0.44026446653854245
GSM3998268,15,106,5.679245283018868,0.4878929821329647
GSM3998285,15,106,5.679245283018868,0.46248543211917204
GSM3998341,15,106,5.679245283018868,0.44516164902075595
GSM3998342,15,106,5.679245283018868,0.4839862377857824
GSM3998348,15,106,5.679245283018868,0.5188293852078165
GSM3998351,15,106,5.679245283018868,0.5282028369958343
GSM3998358,15,106,5.679245283018868,0.494282858798166
GSM3998364,15,106,5.679245283018868,0.5148580235573736
GSM3998366,15,106,5.679245283018868,0.47598768043588224
GSM3998370,15,106,5.679245283018868,0.5063321845373014
GSM3998374,15,106,5.679245283018868,0.5684989222436418
GSM4957353,15,106,5.679245283018868,0.49021952864501817
GSM4957363,15,106,5.679245283018868,0.5081811067328252
GSM4957381,15,106,5.679245283018868,0.47360986062148847
GSM4957389,15,106,5.679245283018868,0.46767309402422086
GSM4957390,15,106,5.679245283018868,0.49164779806868175
GSM4957394,15,106,5.679245283018868,0.5034712982978427
GSM4957396,15,106,5.679245283018868,0.4964081948185388
GSM4957418,15,106,5.679245283018868,0.4708179506079788
GSM4957456,15,106,5.679245283018868,0.5119120786954552
GSM4957458,15,106,5.679245283018868,0.47790714847200855
GSM3758017,15,107,5.626168224299065,0.5001432600419249
GSM3758050,15,107,5.626168224299065,0.4824905090136107
GSM3758053,15,107,5.626168224299065,0.4689555350652763
GSM3758063,15,107,5.626168224299065,0.49900387580931227
GSM3998225,15,107,5.626168224299065,0.49636613750815295
GSM3998227,15,107,5.626168224299065,0.48924534673694353
GSM3998242,15,107,5.626168224299065,0.4642012260500361
GSM3998339,15,107,5.626168224299065,0.45742411270356964
GSM3998349,15,107,5.626168224299065,0.4809686226402268
GSM3998352,15,107,5.626168224299065,0.5433014032847434
GSM3998360,15,107,5.626168224299065,0.48168126239349496
GSM3998365,15,107,5.626168224299065,0.5437333934514936
GSM3998369,15,107,5.626168224299065,0.5120572479885466
GSM3998375,15,107,5.626168224299065,0.4479100602348387
GSM3998380,15,107,5.626168224299065,0.48303487865933636
GSM4957328,15,107,5.626168224299065,0.44155328544964956
GSM4957364,15,107,5.626168224299065,0.44959276362089184
GSM4957375,15,107,5.626168224299065,0.5077578694967864
GSM4957376,15,107,5.626168224299065,0.4984205975727254
GSM4957382,15,107,5.626168224299065,0.5009824751877594
GSM4957415,15,107,5.626168224299065,0.5033140644629799
GSM4957422,15,107,5.626168224299065,0.47655418386482173
GSM3998285,15,117,5.145299145299146,0.4491281370472593
GSM3758015,15,229,2.62882096069869,0.5009062718119734
GSM3758048,15,229,2.62882096069869,0.4837733915095557
GSM3758074,15,229,2.62882096069869,0.504591838736379
GSM3758076,15,229,2.62882096069869,0.4455611547225753
GSM3998167,15,229,2.62882096069869,0.4484455504320848
GSM3998212,15,229,2.62882096069869,0.4782734463337688
GSM3998222,15,229,2.62882096069869,0.4213261776328352
GSM3998224,15,229,2.62882096069869,0.49517844850273596
GSM3998247,15,229,2.62882096069869,0.49648325081063893
GSM3998272,15,229,2.62882096069869,0.5064534991509362
GSM3998306,15,229,2.62882096069869,0.48186451669797536
GSM3998320,15,229,2.62882096069869,0.4702483106763813
GSM3998354,15,229,2.62882096069869,0.5304940398212343
GSM3998356,15,229,2.62882096069869,0.5316887323659616
GSM4957330,15,229,2.62882096069869,0.503847937486348
GSM4957336,15,229,2.62882096069869,0.4886378658182253
GSM4957375,15,229,2.62882096069869,0.48602287889691587
GSM4957380,15,229,2.62882096069869,0.5014854284594481
GSM4957385,15,229,2.62882096069869,0.49692992980340067
GSM4957409,15,229,2.62882096069869,0.49812522087131894
GSM3758028,15,231,2.606060606060606,0.49823303052219226
GSM3758076,15,231,2.606060606060606,0.45689275630462367
GSM3758081,15,231,2.606060606060606,0.4740629648811576
GSM3998229,15,231,2.606060606060606,0.49327554607681456
GSM3998230,15,231,2.606060606060606,0.49375715853494295
GSM3998237,15,231,2.606060606060606,0.5412340189373741
GSM3998242,15,231,2.606060606060606,0.4552985347802134
GSM3998245,15,231,2.606060606060606,0.5125575773123234
GSM3998250,15,231,2.606060606060606,0.5158224441258192
GSM3998303,15,231,2.606060606060606,0.5100213764741879
GSM3998343,15,231,2.606060606060606,0.510238613643438
GSM3998344,15,231,2.606060606060606,0.4910248589449031
GSM3998348,15,231,2.606060606060606,0.5465825596726499
GSM3998352,15,231,2.606060606060606,0.5225806650340146
GSM3998353,15,231,2.606060606060606,0.478635023009494
GSM3998354,15,231,2.606060606060606,0.5966114055687455
GSM3998356,15,231,2.606060606060606,0.5859048698842488
GSM3998358,15,231,2.606060606060606,0.5114479452589786
GSM3998360,15,231,2.606060606060606,0.4760131858967589
GSM3998362,15,231,2.606060606060606,0.5647440464628901
GSM3998367,15,231,2.606060606060606,0.5232040296437663
GSM3998369,15,231,2.606060606060606,0.5060703415172689
GSM4957353,15,231,2.606060606060606,0.5089911024728448
GSM4957358,15,231,2.606060606060606,0.45474379744558036
GSM4957369,15,231,2.606060606060606,0.5152874236103981
GSM4957378,15,231,2.606060606060606,0.5200378444715019
GSM4957382,15,231,2.606060606060606,0.5184537518392585
GSM4957397,15,231,2.606060606060606,0.49641084671053193
GSM4957415,15,231,2.606060606060606,0.5038120237655752
GSM4957416,15,231,2.606060606060606,0.47754848569903663
GSM4957443,15,231,2.606060606060606,0.4844672129901828
GSM4957456,15,231,2.606060606060606,0.48679039573049643
GSM4957458,15,231,2.606060606060606,0.47579904470805756
GSM3758005,15,233,2.5836909871244633,0.5837287323002878
GSM3758006,15,233,2.5836909871244633,0.5438302083831554
GSM3758007,15,233,2.5836909871244633,0.5324357357068021
GSM3758008,15,233,2.5836909871244633,0.5248566897082592
GSM3758010,15,233,2.5836909871244633,0.5491048675279644
GSM3758012,15,233,2.5836909871244633,0.5044560333709946
GSM3758013,15,233,2.5836909871244633,0.5212873753115579
GSM3758014,15,233,2.5836909871244633,0.4953052599840806
GSM3758015,15,233,2.5836909871244633,0.5617749216650578
GSM3758018,15,233,2.5836909871244633,0.5278225863464128
GSM3758019,15,233,2.5836909871244633,0.5303972223206657
GSM3758021,15,233,2.5836909871244633,0.5523906605266506
GSM3758022,15,233,2.5836909871244633,0.5452063404005663
GSM3758023,15,233,2.5836909871244633,0.5112847707741324
GSM3758024,15,233,2.5836909871244633,0.5127506301125582
GSM3758025,15,233,2.5836909871244633,0.5146933564797727
GSM3758026,15,233,2.5836909871244633,0.5161035322342218
GSM3758027,15,233,2.5836909871244633,0.48147400101149795
GSM3758028,15,233,2.5836909871244633,0.512567666309327
GSM3758029,15,233,2.5836909871244633,0.5296970745706151
GSM3758030,15,233,2.5836909871244633,0.5478756789529258
GSM3758031,15,233,2.5836909871244633,0.5164108203401452
GSM3758032,15,233,2.5836909871244633,0.5473504423483648
GSM3758033,15,233,2.5836909871244633,0.5793834509902367
GSM3758034,15,233,2.5836909871244633,0.5765081063308459
GSM3758035,15,233,2.5836909871244633,0.4641370361202992
GSM3758036,15,233,2.5836909871244633,0.5237866216518556
GSM3758037,15,233,2.5836909871244633,0.5043014074066976
GSM3758038,15,233,2.5836909871244633,0.5174779937878253
GSM3758039,15,233,2.5836909871244633,0.5295571712512852
GSM3758040,15,233,2.5836909871244633,0.5583760979030368
GSM3758041,15,233,2.5836909871244633,0.5134697191498749
GSM3758042,15,233,2.5836909871244633,0.4960874790025631
GSM3758043,15,233,2.5836909871244633,0.5179249275990241
GSM3758044,15,233,2.5836909871244633,0.5065657660683347
GSM3758045,15,233,2.5836909871244633,0.48385153947231396
GSM3758046,15,233,2.5836909871244633,0.48789528280912275
GSM3758047,15,233,2.5836909871244633,0.4802666690831341
GSM3758048,15,233,2.5836909871244633,0.5527828099735821
GSM3758049,15,233,2.5836909871244633,0.5547560138127365
GSM3758050,15,233,2.5836909871244633,0.5202218462116321
GSM3758051,15,233,2.5836909871244633,0.494049735009904
GSM3758052,15,233,2.5836909871244633,0.5142292028767708
GSM3758053,15,233,2.5836909871244633,0.4618199858296852
GSM3758054,15,233,2.5836909871244633,0.5138173149141312
GSM3758055,15,233,2.5836909871244633,0.4865966493421765
GSM3758056,15,233,2.5836909871244633,0.5317846816090643
GSM3758058,15,233,2.5836909871244633,0.5406298929664204
GSM3758059,15,233,2.5836909871244633,0.5558739659100884
GSM3758060,15,233,2.5836909871244633,0.4938440819293599
GSM3758061,15,233,2.5836909871244633,0.5115505088373187
GSM3758063,15,233,2.5836909871244633,0.5026089625157284
GSM3758064,15,233,2.5836909871244633,0.507365784893365
GSM3758065,15,233,2.5836909871244633,0.5503553978245481
GSM3758067,15,233,2.5836909871244633,0.4880979841887485
GSM3758068,15,233,2.5836909871244633,0.5287844839061226
GSM3758069,15,233,2.5836909871244633,0.504723282699648
GSM3758070,15,233,2.5836909871244633,0.4664926246468539
GSM3758071,15,233,2.5836909871244633,0.4768870049516849
GSM3758072,15,233,2.5836909871244633,0.5333988158110552
GSM3758074,15,233,2.5836909871244633,0.5064918023351153
GSM3758075,15,233,2.5836909871244633,0.4700658780873388
GSM3758076,15,233,2.5836909871244633,0.46313909172438406
GSM3758077,15,233,2.5836909871244633,0.47509395911894936
GSM3758078,15,233,2.5836909871244633,0.5715298407125848
GSM3758079,15,233,2.5836909871244633,0.5368633877362621
GSM3758080,15,233,2.5836909871244633,0.5200355661403311
GSM3758081,15,233,2.5836909871244633,0.4896778503295969
GSM3758082,15,233,2.5836909871244633,0.4861970462022325
GSM3998167,15,233,2.5836909871244633,0.4661387247473763
GSM3998168,15,233,2.5836909871244633,0.5325925635149544
GSM3998170,15,233,2.5836909871244633,0.4829057589743657
GSM3998171,15,233,2.5836909871244633,0.5030559858966592
GSM3998172,15,233,2.5836909871244633,0.5584321731938231
GSM3998173,15,233,2.5836909871244633,0.48552897938167616
GSM3998174,15,233,2.5836909871244633,0.5312552432385127
GSM3998175,15,233,2.5836909871244633,0.5233960022024542
GSM3998176,15,233,2.5836909871244633,0.540780366056036
GSM3998177,15,233,2.5836909871244633,0.4972206240479049
GSM3998179,15,233,2.5836909871244633,0.5365571790467096
GSM3998180,15,233,2.5836909871244633,0.533907245001521
GSM3998181,15,233,2.5836909871244633,0.49384027366040106
GSM3998182,15,233,2.5836909871244633,0.49202814385382565
GSM3998184,15,233,2.5836909871244633,0.5453152606590073
GSM3998185,15,233,2.5836909871244633,0.5322366488060024
GSM3998186,15,233,2.5836909871244633,0.5301885220377924
GSM3998187,15,233,2.5836909871244633,0.5633961588028882
GSM3998188,15,233,2.5836909871244633,0.5779028182872796
GSM3998189,15,233,2.5836909871244633,0.5513518975534568
GSM3998191,15,233,2.5836909871244633,0.4943657475717673
GSM3998192,15,233,2.5836909871244633,0.5465145597743364
GSM3998196,15,233,2.5836909871244633,0.5277942966203244
GSM3998197,15,233,2.5836909871244633,0.5568612681753828
GSM3998198,15,233,2.5836909871244633,0.4838372725300881
GSM3998199,15,233,2.5836909871244633,0.53103982583476
GSM3998200,15,233,2.5836909871244633,0.48269137409937946
GSM3998201,15,233,2.5836909871244633,0.5357804271364959
GSM3998204,15,233,2.5836909871244633,0.4836195529858971
GSM3998205,15,233,2.5836909871244633,0.4541921429963356
GSM3998207,15,233,2.5836909871244633,0.5366146239202267
GSM3998208,15,233,2.5836909871244633,0.5105870537473831
GSM3998210,15,233,2.5836909871244633,0.577316812970404
GSM3998212,15,233,2.5836909871244633,0.46813760215738265
GSM3998213,15,233,2.5836909871244633,0.5741824974462082
GSM3998215,15,233,2.5836909871244633,0.506081335094009
GSM3998219,15,233,2.5836909871244633,0.5221676675535538
GSM3998220,15,233,2.5836909871244633,0.46582633019129727
GSM3998222,15,233,2.5836909871244633,0.4301022678474262
GSM3998224,15,233,2.5836909871244633,0.48351528397930066
GSM3998226,15,233,2.5836909871244633,0.6007585214491566
GSM3998227,15,233,2.5836909871244633,0.4996234367803378
GSM3998228,15,233,2.5836909871244633,0.5707370869719139
GSM3998229,15,233,2.5836909871244633,0.4979618449268264
GSM3998231,15,233,2.5836909871244633,0.4908984838630026
GSM3998234,15,233,2.5836909871244633,0.564450843987141
GSM3998236,15,233,2.5836909871244633,0.5529949281194453
GSM3998237,15,233,2.5836909871244633,0.556137348599969
GSM3998238,15,233,2.5836909871244633,0.5761523893591134
GSM3998239,15,233,2.5836909871244633,0.5939893235669231
GSM3998240,15,233,2.5836909871244633,0.5681001239899977
GSM3998241,15,233,2.5836909871244633,0.5654345257017486
GSM3998242,15,233,2.5836909871244633,0.46191656328090636
GSM3998243,15,233,2.5836909871244633,0.4947389593680871
GSM3998245,15,233,2.5836909871244633,0.5018921935556975
GSM3998246,15,233,2.5836909871244633,0.5101469092424109
GSM3998247,15,233,2.5836909871244633,0.5369260849308826
GSM3998248,15,233,2.5836909871244633,0.5604195138935837
GSM3998249,15,233,2.5836909871244633,0.500647187988513
GSM3998250,15,233,2.5836909871244633,0.5270635369195524
GSM3998252,15,233,2.5836909871244633,0.5015859601451749
GSM3998254,15,233,2.5836909871244633,0.5688971546103541
GSM3998255,15,233,2.5836909871244633,0.5059046375019505
GSM3998256,15,233,2.5836909871244633,0.48066922998479855
GSM3998257,15,233,2.5836909871244633,0.52632488051982
GSM3998258,15,233,2.5836909871244633,0.5835311165579711
GSM3998261,15,233,2.5836909871244633,0.5531302780951277
GSM3998262,15,233,2.5836909871244633,0.5467539643159474
GSM3998263,15,233,2.5836909871244633,0.518988357377494
GSM3998264,15,233,2.5836909871244633,0.6092271430491736
GSM3998265,15,233,2.5836909871244633,0.536545721861756
GSM3998266,15,233,2.5836909871244633,0.4944481889364414
GSM3998267,15,233,2.5836909871244633,0.5191516428279743
GSM3998269,15,233,2.5836909871244633,0.5578920039475332
GSM3998270,15,233,2.5836909871244633,0.5532675717402609
GSM3998271,15,233,2.5836909871244633,0.562751714680902
GSM3998272,15,233,2.5836909871244633,0.5688642591305801
GSM3998273,15,233,2.5836909871244633,0.5089110935610779
GSM3998274,15,233,2.5836909871244633,0.5259505658419927
GSM3998275,15,233,2.5836909871244633,0.5398224837576495
GSM3998276,15,233,2.5836909871244633,0.5181563005907521
GSM3998277,15,233,2.5836909871244633,0.5230850688204152
GSM3998281,15,233,2.5836909871244633,0.5481171991957114
GSM3998282,15,233,2.5836909871244633,0.5876235706270045
GSM3998286,15,233,2.5836909871244633,0.5158794345581303
GSM3998287,15,233,2.5836909871244633,0.5021595950042301
GSM3998288,15,233,2.5836909871244633,0.5210661394230449
GSM3998290,15,233,2.5836909871244633,0.5800711803539094
GSM3998291,15,233,2.5836909871244633,0.5430720678555896
GSM3998292,15,233,2.5836909871244633,0.5052327352185739
GSM3998293,15,233,2.5836909871244633,0.5194724336880556
GSM3998294,15,233,2.5836909871244633,0.5253340111514078
GSM3998295,15,233,2.5836909871244633,0.5177243474495605
GSM3998296,15,233,2.5836909871244633,0.5385818871315471
GSM3998297,15,233,2.5836909871244633,0.5234040711770054
GSM3998298,15,233,2.5836909871244633,0.5792878856083354
GSM3998299,15,233,2.5836909871244633,0.5108849998293539
GSM3998300,15,233,2.5836909871244633,0.5317074256682024
GSM3998301,15,233,2.5836909871244633,0.5873705833773788
GSM3998302,15,233,2.5836909871244633,0.506766113288085
GSM3998303,15,233,2.5836909871244633,0.5169328286425872
GSM3998305,15,233,2.5836909871244633,0.5004847036889628
GSM3998306,15,233,2.5836909871244633,0.5192533452908115
GSM3998307,15,233,2.5836909871244633,0.4974689355026074
GSM3998308,15,233,2.5836909871244633,0.561317513815208
GSM3998309,15,233,2.5836909871244633,0.539913464963869
GSM3998310,15,233,2.5836909871244633,0.5303661147728329
GSM3998311,15,233,2.5836909871244633,0.5673747744502133
GSM3998312,15,233,2.5836909871244633,0.5184244689776794
GSM3998313,15,233,2.5836909871244633,0.5496631202475237
GSM3998314,15,233,2.5836909871244633,0.5265226940209216
GSM3998315,15,233,2.5836909871244633,0.48347051985134426
GSM3998316,15,233,2.5836909871244633,0.5231900319636922
GSM3998317,15,233,2.5836909871244633,0.5028220992696184
GSM3998318,15,233,2.5836909871244633,0.5276514817049063
GSM3998319,15,233,2.5836909871244633,0.5240219509624633
GSM3998320,15,233,2.5836909871244633,0.5718750575624627
GSM3998322,15,233,2.5836909871244633,0.49361692962444836
GSM3998323,15,233,2.5836909871244633,0.4900170098025871
GSM3998324,15,233,2.5836909871244633,0.5865925282250322
GSM3998325,15,233,2.5836909871244633,0.4753837869197324
GSM3998326,15,233,2.5836909871244633,0.484586041352296
GSM3998327,15,233,2.5836909871244633,0.5700479592604695
GSM3998328,15,233,2.5836909871244633,0.5209699874238023
GSM3998333,15,233,2.5836909871244633,0.47219644543629036
GSM3998334,15,233,2.5836909871244633,0.5439136370240072
GSM3998335,15,233,2.5836909871244633,0.5161875921575163
GSM3998336,15,233,2.5836909871244633,0.5148929200885526
GSM3998337,15,233,2.5836909871244633,0.5058369256601432
GSM3998341,15,233,2.5836909871244633,0.4498810035037062
GSM3998342,15,233,2.5836909871244633,0.45988012713316406
GSM3998343,15,233,2.5836909871244633,0.5014975990765147
GSM3998344,15,233,2.5836909871244633,0.5005432175320736
GSM3998348,15,233,2.5836909871244633,0.551571931839884
GSM3998349,15,233,2.5836909871244633,0.5329032975109458
GSM3998350,15,233,2.5836909871244633,0.5194192405483986
GSM3998352,15,233,2.5836909871244633,0.5325315664526893
GSM3998353,15,233,2.5836909871244633,0.48022913246216614
GSM3998354,15,233,2.5836909871244633,0.6003849799578993
GSM3998355,15,233,2.5836909871244633,0.6069288109355644
GSM3998356,15,233,2.5836909871244633,0.593316830805199
GSM3998358,15,233,2.5836909871244633,0.5187583936219142
GSM3998359,15,233,2.5836909871244633,0.5324695501415597
GSM3998360,15,233,2.5836909871244633,0.4852338106116023
GSM3998361,15,233,2.5836909871244633,0.5443497330561189
GSM3998362,15,233,2.5836909871244633,0.5666557492806832
GSM3998364,15,233,2.5836909871244633,0.5298306943450259
GSM3998367,15,233,2.5836909871244633,0.5246391227399481
GSM3998368,15,233,2.5836909871244633,0.5360514470287678
GSM3998370,15,233,2.5836909871244633,0.49225314420644306
GSM3998372,15,233,2.5836909871244633,0.49339138244615777
GSM3998374,15,233,2.5836909871244633,0.5823565889055584
GSM3998375,15,233,2.5836909871244633,0.47964007170888223
GSM3998376,15,233,2.5836909871244633,0.5315895774205703
GSM3998380,15,233,2.5836909871244633,0.458077147029031
GSM3998381,15,233,2.5836909871244633,0.5418186037010226
GSM4957321,15,233,2.5836909871244633,0.5011919538420857
GSM4957322,15,233,2.5836909871244633,0.5103940454128031
GSM4957324,15,233,2.5836909871244633,0.5631557292679359
GSM4957326,15,233,2.5836909871244633,0.47661663261636944
GSM4957327,15,233,2.5836909871244633,0.5282846454365391
GSM4957328,15,233,2.5836909871244633,0.4537245093316451
GSM4957329,15,233,2.5836909871244633,0.48998584297581926
GSM4957330,15,233,2.5836909871244633,0.5343205620184626
GSM4957333,15,233,2.5836909871244633,0.49039453577148473
GSM4957334,15,233,2.5836909871244633,0.4953680985846227
GSM4957335,15,233,2.5836909871244633,0.6195672565990136
GSM4957336,15,233,2.5836909871244633,0.5603238230079848
GSM4957337,15,233,2.5836909871244633,0.606095065112497
GSM4957338,15,233,2.5836909871244633,0.5685069707707231
GSM4957339,15,233,2.5836909871244633,0.5623010826626165
GSM4957340,15,233,2.5836909871244633,0.5742650438414434
GSM4957341,15,233,2.5836909871244633,0.5541730154976228
GSM4957342,15,233,2.5836909871244633,0.4981685150663129
GSM4957343,15,233,2.5836909871244633,0.5665511363425813
GSM4957344,15,233,2.5836909871244633,0.545134664313899
GSM4957345,15,233,2.5836909871244633,0.5039809602220084
GSM4957346,15,233,2.5836909871244633,0.5554617138194642
GSM4957348,15,233,2.5836909871244633,0.5068621074899706
GSM4957350,15,233,2.5836909871244633,0.5103272114075845
GSM4957351,15,233,2.5836909871244633,0.5326190544429243
GSM4957352,15,233,2.5836909871244633,0.48784459681023584
GSM4957353,15,233,2.5836909871244633,0.5217509682129728
GSM4957354,15,233,2.5836909871244633,0.5281457621696006
GSM4957355,15,233,2.5836909871244633,0.5660358022588197
GSM4957356,15,233,2.5836909871244633,0.5388463327726858
GSM4957357,15,233,2.5836909871244633,0.5097023632389757
GSM4957358,15,233,2.5836909871244633,0.4593326192910525
GSM4957359,15,233,2.5836909871244633,0.5044785139462107
GSM4957360,15,233,2.5836909871244633,0.5571684017948542
GSM4957361,15,233,2.5836909871244633,0.48649389594447845
GSM4957362,15,233,2.5836909871244633,0.510397433051816
GSM4957365,15,233,2.5836909871244633,0.5743045579715123
GSM4957366,15,233,2.5836909871244633,0.591573333219721
GSM4957367,15,233,2.5836909871244633,0.4973580846275065
GSM4957368,15,233,2.5836909871244633,0.5057714652103651
GSM4957369,15,233,2.5836909871244633,0.530437178668759
GSM4957370,15,233,2.5836909871244633,0.5758930543373162
GSM4957372,15,233,2.5836909871244633,0.5614563520489808
GSM4957373,15,233,2.5836909871244633,0.5214788218305317
GSM4957374,15,233,2.5836909871244633,0.5780528797650031
GSM4957375,15,233,2.5836909871244633,0.5229366345845188
GSM4957377,15,233,2.5836909871244633,0.5462837878140867
GSM4957378,15,233,2.5836909871244633,0.5105319218266287
GSM4957379,15,233,2.5836909871244633,0.5214292041730428
GSM4957380,15,233,2.5836909871244633,0.5440514996941288
GSM4957381,15,233,2.5836909871244633,0.5194775173108699
GSM4957382,15,233,2.5836909871244633,0.5209949586931746
GSM4957383,15,233,2.5836909871244633,0.4733445913307035
GSM4957384,15,233,2.5836909871244633,0.512910244778813
GSM4957385,15,233,2.5836909871244633,0.5520459850294297
GSM4957386,15,233,2.5836909871244633,0.47017354207114215
GSM4957387,15,233,2.5836909871244633,0.47988139454132694
GSM4957388,15,233,2.5836909871244633,0.5888669422817983
GSM4957390,15,233,2.5836909871244633,0.5053298582257773
GSM4957391,15,233,2.5836909871244633,0.49676923019209696
GSM4957392,15,233,2.5836909871244633,0.47774412796571974
GSM4957393,15,233,2.5836909871244633,0.5077564865406492
GSM4957394,15,233,2.5836909871244633,0.511635174716289
GSM4957395,15,233,2.5836909871244633,0.5939994742175165
GSM4957397,15,233,2.5836909871244633,0.5107561787450097
GSM4957399,15,233,2.5836909871244633,0.5039338247169489
GSM4957401,15,233,2.5836909871244633,0.5276137844030804
GSM4957402,15,233,2.5836909871244633,0.4873227518367571
GSM4957404,15,233,2.5836909871244633,0.4765850143874899
GSM4957405,15,233,2.5836909871244633,0.5156317097113274
GSM4957409,15,233,2.5836909871244633,0.55385992372906
GSM4957411,15,233,2.5836909871244633,0.5190455930718305
GSM4957413,15,233,2.5836909871244633,0.47564994105207825
GSM4957414,15,233,2.5836909871244633,0.49596092687925664
GSM4957415,15,233,2.5836909871244633,0.5166199391496309
GSM4957416,15,233,2.5836909871244633,0.4989677647825843
GSM4957417,15,233,2.5836909871244633,0.49641984830831687
GSM4957418,15,233,2.5836909871244633,0.4916918841735374
GSM4957419,15,233,2.5836909871244633,0.5068843664665574
GSM4957420,15,233,2.5836909871244633,0.5461726390847814
GSM4957421,15,233,2.5836909871244633,0.5064672020548011
GSM4957422,15,233,2.5836909871244633,0.5330147395809806
GSM4957423,15,233,2.5836909871244633,0.5154407589344325
GSM4957424,15,233,2.5836909871244633,0.49648102332209465
GSM4957425,15,233,2.5836909871244633,0.49080846644172516
GSM4957426,15,233,2.5836909871244633,0.5668545473398949
GSM4957427,15,233,2.5836909871244633,0.5041426209631941
GSM4957428,15,233,2.5836909871244633,0.5660936927535531
GSM4957429,15,233,2.5836909871244633,0.5293725985719524
GSM4957430,15,233,2.5836909871244633,0.4694335810148753
GSM4957431,15,233,2.5836909871244633,0.48664332476255634
GSM4957432,15,233,2.5836909871244633,0.4811584783565981
GSM4957433,15,233,2.5836909871244633,0.5689449434300786
GSM4957434,15,233,2.5836909871244633,0.4886282979392269
GSM4957436,15,233,2.5836909871244633,0.5205098245944058
GSM4957437,15,233,2.5836909871244633,0.48759346841289375
GSM4957438,15,233,2.5836909871244633,0.47999459526503907
GSM4957439,15,233,2.5836909871244633,0.4725254307307396
GSM4957440,15,233,2.5836909871244633,0.5196438985765708
GSM4957441,15,233,2.5836909871244633,0.49551768971746224
GSM4957442,15,233,2.5836909871244633,0.4933043637126815
GSM4957443,15,233,2.5836909871244633,0.5072303497399839
GSM4957444,15,233,2.5836909871244633,0.49379445755287543
GSM4957446,15,233,2.5836909871244633,0.4997052760545797
GSM4957448,15,233,2.5836909871244633,0.534576456157001
GSM4957449,15,233,2.5836909871244633,0.5057211422848922
GSM4957451,15,233,2.5836909871244633,0.5612576940767515
GSM4957452,15,233,2.5836909871244633,0.492749750577385
GSM4957455,15,233,2.5836909871244633,0.5034681339775857
GSM4957456,15,233,2.5836909871244633,0.5083286215179319
GSM4957458,15,233,2.5836909871244633,0.49305798346466867
GSM4957459,15,233,2.5836909871244633,0.5523797938803896
GSM4957461,15,233,2.5836909871244633,0.518331360224324
GSM4957462,15,233,2.5836909871244633,0.49428140114337005
GSM4957463,15,233,2.5836909871244633,0.4890508819336903
GSM3758047,15,265,2.271698113207547,0.4649722905568727
GSM3758005,16,2,427.5,0.5531123236584521
GSM3758006,16,2,427.5,0.5246990942255287
GSM3758007,16,2,427.5,0.6231937351675301
GSM3758008,16,2,427.5,0.5686208564011568
GSM3758009,16,2,427.5,0.8201458953893006
GSM3758013,16,2,427.5,0.6374601916527558
GSM3758014,16,2,427.5,0.5416276082730196
GSM3758015,16,2,427.5,0.6462507054085034
GSM3758016,16,2,427.5,0.6290263929792443
GSM3758018,16,2,427.5,0.6634720417179683
GSM3758019,16,2,427.5,0.5553328176376171
GSM3758021,16,2,427.5,0.6352590967390892
GSM3758024,16,2,427.5,0.5328487857532087
GSM3758025,16,2,427.5,0.5341502784585583
GSM3758028,16,2,427.5,0.6083281687875339
GSM3758029,16,2,427.5,0.630723745110624
GSM3758030,16,2,427.5,0.6813672185494561
GSM3758031,16,2,427.5,0.625877904217238
GSM3758032,16,2,427.5,0.5706068031100062
GSM3758033,16,2,427.5,0.8456339419483099
GSM3758034,16,2,427.5,0.7664449864199674
GSM3758035,16,2,427.5,0.6033421465001414
GSM3758039,16,2,427.5,0.6480727073743253
GSM3758040,16,2,427.5,0.5899721270618903
GSM3758042,16,2,427.5,0.5272240520978428
GSM3758045,16,2,427.5,0.5844114441260406
GSM3758048,16,2,427.5,0.5546864687844555
GSM3758052,16,2,427.5,0.6529530623939781
GSM3758053,16,2,427.5,0.565993662895997
GSM3758054,16,2,427.5,0.5398536192471681
GSM3758055,16,2,427.5,0.5218751027749979
GSM3758056,16,2,427.5,0.6186623374925033
GSM3758057,16,2,427.5,0.7220830844252881
GSM3758058,16,2,427.5,0.6737093630918713
GSM3758059,16,2,427.5,0.5186338363803551
GSM3758060,16,2,427.5,0.5704337717878225
GSM3758061,16,2,427.5,0.6260190194005193
GSM3758062,16,2,427.5,0.597113835433631
GSM3758063,16,2,427.5,0.5780841476597471
GSM3758065,16,2,427.5,0.6265498981279429
GSM3758066,16,2,427.5,0.5821473627738678
GSM3758068,16,2,427.5,0.5767185797501795
GSM3758069,16,2,427.5,0.6880136195742836
GSM3758072,16,2,427.5,0.7562367040750635
GSM3758073,16,2,427.5,0.560288568574439
GSM3758077,16,2,427.5,0.6310917455780016
GSM3758078,16,2,427.5,0.6272388907871518
GSM3758080,16,2,427.5,0.6347951798893159
GSM3758081,16,2,427.5,0.5747926983019593
GSM3758082,16,2,427.5,0.6162153525329948
GSM3998167,16,2,427.5,0.5586135105353631
GSM3998168,16,2,427.5,0.6875751032254311
GSM3998169,16,2,427.5,0.6226798514696417
GSM3998170,16,2,427.5,0.5990920139621299
GSM3998172,16,2,427.5,0.7946997347119624
GSM3998173,16,2,427.5,0.5857999014559181
GSM3998174,16,2,427.5,0.6637318338927387
GSM3998175,16,2,427.5,0.63360280883512
GSM3998176,16,2,427.5,0.7347552895050056
GSM3998177,16,2,427.5,0.665084041409814
GSM3998178,16,2,427.5,0.7363462686812272
GSM3998179,16,2,427.5,0.8514951645932163
GSM3998180,16,2,427.5,0.624518421322243
GSM3998181,16,2,427.5,0.788517627284814
GSM3998182,16,2,427.5,0.7928423657502743
GSM3998183,16,2,427.5,0.6412237317554705
GSM3998184,16,2,427.5,0.8383758939892543
GSM3998185,16,2,427.5,0.8346462467217219
GSM3998187,16,2,427.5,0.8789676229535734
GSM3998188,16,2,427.5,0.8298932443769353
GSM3998189,16,2,427.5,0.8103324319860512
GSM3998190,16,2,427.5,0.7933522085660787
GSM3998191,16,2,427.5,0.8707336956376857
GSM3998192,16,2,427.5,0.671805872139771
GSM3998193,16,2,427.5,0.812126579215624
GSM3998194,16,2,427.5,0.8103622443088212
GSM3998195,16,2,427.5,0.6368043699091306
GSM3998196,16,2,427.5,0.6056908567230623
GSM3998198,16,2,427.5,0.5490840100754943
GSM3998199,16,2,427.5,0.7809509184459973
GSM3998201,16,2,427.5,0.6838603466386233
GSM3998203,16,2,427.5,0.5221312132522282
GSM3998205,16,2,427.5,0.542855998754916
GSM3998206,16,2,427.5,0.5435576850412929
GSM3998207,16,2,427.5,0.6627765325148163
GSM3998208,16,2,427.5,0.6606863242858196
GSM3998209,16,2,427.5,0.7761152181331297
GSM3998212,16,2,427.5,0.5590266132069179
GSM3998213,16,2,427.5,0.765299512170603
GSM3998214,16,2,427.5,0.5715577191368824
GSM3998215,16,2,427.5,0.6789745916285295
GSM3998216,16,2,427.5,0.7822610072904279
GSM3998217,16,2,427.5,0.7863728507294017
GSM3998218,16,2,427.5,0.5561543394735877
GSM3998219,16,2,427.5,0.6983115190552507
GSM3998220,16,2,427.5,0.6601572429912905
GSM3998221,16,2,427.5,0.8433123370626925
GSM3998223,16,2,427.5,0.7256002254154126
GSM3998224,16,2,427.5,0.5924661018001922
GSM3998225,16,2,427.5,0.5733892336861315
GSM3998226,16,2,427.5,0.8009214849559765
GSM3998228,16,2,427.5,0.7225151381515733
GSM3998229,16,2,427.5,0.6438729887684782
GSM3998231,16,2,427.5,0.659490554852276
GSM3998233,16,2,427.5,0.6704442799028936
GSM3998234,16,2,427.5,0.6254940256284343
GSM3998235,16,2,427.5,0.7619615719909394
GSM3998236,16,2,427.5,0.6580513011992433
GSM3998237,16,2,427.5,0.5189055883097362
GSM3998239,16,2,427.5,0.8176511481916986
GSM3998240,16,2,427.5,0.5227268114518901
GSM3998241,16,2,427.5,0.6716828993237414
GSM3998245,16,2,427.5,0.617989721019732
GSM3998246,16,2,427.5,0.5825197031124385
GSM3998247,16,2,427.5,0.5818350989923018
GSM3998248,16,2,427.5,0.6921584604068745
GSM3998249,16,2,427.5,0.8291766517113519
GSM3998250,16,2,427.5,0.819863448848376
GSM3998251,16,2,427.5,0.7122032311569924
GSM3998252,16,2,427.5,0.5727718547038174
GSM3998253,16,2,427.5,0.5039242995198476
GSM3998254,16,2,427.5,0.6787626265590796
GSM3998255,16,2,427.5,0.8001933339387288
GSM3998257,16,2,427.5,0.8163665912804028
GSM3998258,16,2,427.5,0.8132542731767569
GSM3998261,16,2,427.5,0.8144537899926227
GSM3998262,16,2,427.5,0.7142009101261202
GSM3998263,16,2,427.5,0.6424264726198148
GSM3998264,16,2,427.5,0.6820278586922046
GSM3998265,16,2,427.5,0.6930404604028042
GSM3998266,16,2,427.5,0.6971608676074244
GSM3998267,16,2,427.5,0.6871068571513375
GSM3998269,16,2,427.5,0.6896831861842401
GSM3998270,16,2,427.5,0.6615787161038282
GSM3998271,16,2,427.5,0.6501804760082783
GSM3998274,16,2,427.5,0.5651822841822547
GSM3998275,16,2,427.5,0.7334458930333749
GSM3998276,16,2,427.5,0.5652362493227949
GSM3998281,16,2,427.5,0.6693182249457332
GSM3998282,16,2,427.5,0.724406423440096
GSM3998286,16,2,427.5,0.6500635771306418
GSM3998287,16,2,427.5,0.7928996484744579
GSM3998288,16,2,427.5,0.6331586629448132
GSM3998289,16,2,427.5,0.7586855998149753
GSM3998290,16,2,427.5,0.8171519925950936
GSM3998291,16,2,427.5,0.627812111409646
GSM3998292,16,2,427.5,0.5638066116714602
GSM3998294,16,2,427.5,0.7689047954494819
GSM3998295,16,2,427.5,0.7344212536536157
GSM3998296,16,2,427.5,0.6518500169012769
GSM3998297,16,2,427.5,0.6461781665226138
GSM3998298,16,2,427.5,0.7053259115638788
GSM3998299,16,2,427.5,0.5764749302311767
GSM3998300,16,2,427.5,0.6194625421397522
GSM3998301,16,2,427.5,0.9217229382736924
GSM3998306,16,2,427.5,0.5650949963929652
GSM3998308,16,2,427.5,0.6094467586025369
GSM3998309,16,2,427.5,0.7606796540756391
GSM3998310,16,2,427.5,0.5647996536722499
GSM3998311,16,2,427.5,0.6692857735573186
GSM3998312,16,2,427.5,0.5271567859591264
GSM3998313,16,2,427.5,0.6258838878649389
GSM3998314,16,2,427.5,0.6697502543154012
GSM3998315,16,2,427.5,0.7554190470264865
GSM3998316,16,2,427.5,0.5375104420121186
GSM3998317,16,2,427.5,0.5630881041899762
GSM3998318,16,2,427.5,0.7070515681208276
GSM3998321,16,2,427.5,0.6421441476858507
GSM3998322,16,2,427.5,0.6829378378779163
GSM3998323,16,2,427.5,0.595222507221548
GSM3998324,16,2,427.5,0.8438900181213214
GSM3998326,16,2,427.5,0.5891839025530592
GSM3998327,16,2,427.5,0.9047609996258861
GSM3998328,16,2,427.5,0.7265134745357367
GSM3998329,16,2,427.5,0.8903475645581826
GSM3998330,16,2,427.5,0.8428613066215833
GSM3998331,16,2,427.5,0.5403980931308756
GSM3998332,16,2,427.5,0.5730517740132082
GSM3998333,16,2,427.5,0.49694714348668834
GSM3998334,16,2,427.5,0.598638496246402
GSM3998335,16,2,427.5,0.6077860926616441
GSM3998336,16,2,427.5,0.630418689625535
GSM3998342,16,2,427.5,0.515081163316848
GSM3998358,16,2,427.5,0.5632046552963708
GSM3998359,16,2,427.5,0.6032718663500303
GSM3998371,16,2,427.5,0.8276403981511131
GSM3998372,16,2,427.5,0.8675228095571863
GSM3998374,16,2,427.5,0.5869140455254387
GSM3998375,16,2,427.5,0.5191504087932448
GSM3998376,16,2,427.5,0.7656709565626492
GSM3998377,16,2,427.5,0.7540481283427818
GSM3998378,16,2,427.5,0.767513189828092
GSM3998379,16,2,427.5,0.6943361826015537
GSM3998380,16,2,427.5,0.5600351303353106
GSM3998382,16,2,427.5,0.5658689386990727
GSM4957322,16,2,427.5,0.5490804621462972
GSM4957323,16,2,427.5,0.7421961275382265
GSM4957324,16,2,427.5,0.7175638693675159
GSM4957325,16,2,427.5,0.7326124755961625
GSM4957326,16,2,427.5,0.7664107712277457
GSM4957327,16,2,427.5,0.8036596872611925
GSM4957328,16,2,427.5,0.7105707562346999
GSM4957329,16,2,427.5,0.6565103234938916
GSM4957330,16,2,427.5,0.6903626038598825
GSM4957331,16,2,427.5,0.7127367126650337
GSM4957332,16,2,427.5,0.7160819467428672
GSM4957333,16,2,427.5,0.7385728796866866
GSM4957334,16,2,427.5,0.7355621781220565
GSM4957335,16,2,427.5,0.6306432661386583
GSM4957336,16,2,427.5,0.7686361572946474
GSM4957337,16,2,427.5,0.6956457513812002
GSM4957338,16,2,427.5,0.7931129009898181
GSM4957340,16,2,427.5,0.751746110181704
GSM4957342,16,2,427.5,0.5572862859431433
GSM4957344,16,2,427.5,0.6190270807162603
GSM4957345,16,2,427.5,0.6188931298298983
GSM4957347,16,2,427.5,0.7637642449906328
GSM4957348,16,2,427.5,0.5833266674115949
GSM4957349,16,2,427.5,0.5819460392192997
GSM4957350,16,2,427.5,0.6727823536181865
GSM4957352,16,2,427.5,0.7425052566738444
GSM4957353,16,2,427.5,0.6030505811546902
GSM4957355,16,2,427.5,0.7213626739193391
GSM4957356,16,2,427.5,0.5530740238899083
GSM4957357,16,2,427.5,0.7475688815345158
GSM4957359,16,2,427.5,0.536526685353163
GSM4957361,16,2,427.5,0.7962237604703537
GSM4957362,16,2,427.5,0.7938154864149487
GSM4957363,16,2,427.5,0.5148312376349073
GSM4957371,16,2,427.5,0.5425899221997619
GSM4957381,16,2,427.5,0.6308642277286003
GSM4957385,16,2,427.5,0.6657117708457561
GSM4957386,16,2,427.5,0.5833895858053024
GSM4957388,16,2,427.5,0.8147001901277
GSM4957389,16,2,427.5,0.6131141837256009
GSM4957391,16,2,427.5,0.7953012641955683
GSM4957392,16,2,427.5,0.7878124623129983
GSM4957393,16,2,427.5,0.8137531614421833
GSM4957395,16,2,427.5,0.8133851966332144
GSM4957397,16,2,427.5,0.533082696105927
GSM4957398,16,2,427.5,0.7090110383978869
GSM4957399,16,2,427.5,0.7355987346594564
GSM4957401,16,2,427.5,0.6260595772562052
GSM4957403,16,2,427.5,0.8327055807656842
GSM4957404,16,2,427.5,0.5534613291524164
GSM4957405,16,2,427.5,0.7213072730554346
GSM4957406,16,2,427.5,0.7338074569101236
GSM4957407,16,2,427.5,0.6949336068962175
GSM4957414,16,2,427.5,0.6439271997329858
GSM4957415,16,2,427.5,0.5490238743626743
GSM4957417,16,2,427.5,0.552456501582637
GSM4957418,16,2,427.5,0.5334235235027132
GSM4957419,16,2,427.5,0.6389974781090149
GSM4957420,16,2,427.5,0.7464632942421363
GSM4957421,16,2,427.5,0.6033859700538722
GSM4957423,16,2,427.5,0.5582408757263546
GSM4957425,16,2,427.5,0.5487644278840378
GSM4957426,16,2,427.5,0.7061904971707142
GSM4957427,16,2,427.5,0.5330348647143222
GSM4957428,16,2,427.5,0.8233972253136774
GSM4957429,16,2,427.5,0.5957318208630875
GSM4957430,16,2,427.5,0.6009295351100197
GSM4957431,16,2,427.5,0.6020320706056035
GSM4957433,16,2,427.5,0.5814042787084368
GSM4957434,16,2,427.5,0.5480603022091941
GSM4957435,16,2,427.5,0.6152377527529929
GSM4957436,16,2,427.5,0.5574957489207586
GSM4957437,16,2,427.5,0.5737900719654938
GSM4957438,16,2,427.5,0.6729268408346076
GSM4957439,16,2,427.5,0.7157973020375632
GSM4957440,16,2,427.5,0.7805997493622052
GSM4957441,16,2,427.5,0.6331350949769692
GSM4957443,16,2,427.5,0.5770748515414899
GSM4957444,16,2,427.5,0.7308541295507287
GSM4957445,16,2,427.5,0.8344260820845815
GSM4957446,16,2,427.5,0.7742793900344758
GSM4957447,16,2,427.5,0.7222242774072352
GSM4957448,16,2,427.5,0.651489632216145
GSM4957449,16,2,427.5,0.6436318295974872
GSM4957450,16,2,427.5,0.5900815731316529
GSM4957451,16,2,427.5,0.7236045437277712
GSM4957453,16,2,427.5,0.554393379419373
GSM4957454,16,2,427.5,0.7679803583897753
GSM4957456,16,2,427.5,0.6875980458564284
GSM4957457,16,2,427.5,0.638077087331169
GSM4957458,16,2,427.5,0.5346309847245156
GSM4957459,16,2,427.5,0.7700714345288899
GSM4957460,16,2,427.5,0.6312293492786036
GSM4957461,16,2,427.5,0.674097086651146
GSM4957462,16,2,427.5,0.7592270766169955
GSM3758005,16,4,213.75,0.5370574346895016
GSM3758006,16,4,213.75,0.5115291634586239
GSM3758007,16,4,213.75,0.6036697458300724
GSM3758008,16,4,213.75,0.5536682640078476
GSM3758013,16,4,213.75,0.6186230764018656
GSM3758014,16,4,213.75,0.5313627020206289
GSM3758015,16,4,213.75,0.6334398820125378
GSM3758016,16,4,213.75,0.6136621665242679
GSM3758018,16,4,213.75,0.6467425149303345
GSM3758019,16,4,213.75,0.5550266402382125
GSM3758021,16,4,213.75,0.6066382395325518
GSM3758024,16,4,213.75,0.547634416695935
GSM3758025,16,4,213.75,0.5557495267250614
GSM3758028,16,4,213.75,0.5991610962953917
GSM3758029,16,4,213.75,0.6171585136831452
GSM3758030,16,4,213.75,0.6649275935201264
GSM3758031,16,4,213.75,0.6040958028152628
GSM3758032,16,4,213.75,0.572410127511279
GSM3758033,16,4,213.75,0.7729567896007472
GSM3758034,16,4,213.75,0.7095208164354188
GSM3758035,16,4,213.75,0.5962263565491037
GSM3758039,16,4,213.75,0.6295984471317415
GSM3758040,16,4,213.75,0.583200680295699
GSM3758041,16,4,213.75,0.5104996030157767
GSM3758042,16,4,213.75,0.5309176320310409
GSM3758045,16,4,213.75,0.571900280313236
GSM3758048,16,4,213.75,0.5611662816920484
GSM3758050,16,4,213.75,0.5141715595484171
GSM3758052,16,4,213.75,0.6290291975640856
GSM3758053,16,4,213.75,0.5726956741720204
GSM3758054,16,4,213.75,0.5433341635660272
GSM3758055,16,4,213.75,0.5341652506010419
GSM3758056,16,4,213.75,0.6031664944807384
GSM3758057,16,4,213.75,0.6948258556675215
GSM3758058,16,4,213.75,0.6351489745390766
GSM3758060,16,4,213.75,0.5720081192246771
GSM3758061,16,4,213.75,0.6197942342056524
GSM3758062,16,4,213.75,0.5809559292549977
GSM3758063,16,4,213.75,0.5725925125750932
GSM3758065,16,4,213.75,0.6057035696531683
GSM3758066,16,4,213.75,0.5770430086866924
GSM3758068,16,4,213.75,0.5681380851586715
GSM3758069,16,4,213.75,0.6461176919774956
GSM3758072,16,4,213.75,0.705814877372275
GSM3758073,16,4,213.75,0.5462990179321427
GSM3758077,16,4,213.75,0.6210322116787741
GSM3758078,16,4,213.75,0.6193911421414602
GSM3758080,16,4,213.75,0.6083038788109643
GSM3758081,16,4,213.75,0.5674935729009456
GSM3758082,16,4,213.75,0.6051514377650893
GSM3998167,16,4,213.75,0.5562078897054024
GSM3998168,16,4,213.75,0.6722973502867786
GSM3998169,16,4,213.75,0.5850662975492731
GSM3998170,16,4,213.75,0.5990739354177381
GSM3998172,16,4,213.75,0.7326723580605767
GSM3998173,16,4,213.75,0.5883404778941355
GSM3998174,16,4,213.75,0.6332600767982219
GSM3998175,16,4,213.75,0.6141395775181135
GSM3998176,16,4,213.75,0.6901960022531197
GSM3998177,16,4,213.75,0.6343210321935739
GSM3998178,16,4,213.75,0.6874884464784721
GSM3998179,16,4,213.75,0.7893105713654722
GSM3998180,16,4,213.75,0.6203166269066034
GSM3998181,16,4,213.75,0.7373968311576142
GSM3998182,16,4,213.75,0.7357589281515553
GSM3998183,16,4,213.75,0.6140474042806474
GSM3998184,16,4,213.75,0.7884409285345075
GSM3998187,16,4,213.75,0.8199064377305603
GSM3998188,16,4,213.75,0.78395997469215
GSM3998189,16,4,213.75,0.7575846136711601
GSM3998190,16,4,213.75,0.7382950148814236
GSM3998191,16,4,213.75,0.8081546740298435
GSM3998192,16,4,213.75,0.6474369299244667
GSM3998193,16,4,213.75,0.762808161909772
GSM3998194,16,4,213.75,0.7652775526467712
GSM3998195,16,4,213.75,0.6170619606674874
GSM3998196,16,4,213.75,0.5805101723539257
GSM3998198,16,4,213.75,0.5283960165921373
GSM3998199,16,4,213.75,0.7312457270509807
GSM3998200,16,4,213.75,0.5019103381020447
GSM3998201,16,4,213.75,0.6405759151553716
GSM3998203,16,4,213.75,0.5471537976513332
GSM3998205,16,4,213.75,0.5295782005147363
GSM3998206,16,4,213.75,0.5398350458488688
GSM3998207,16,4,213.75,0.6393860164618212
GSM3998208,16,4,213.75,0.6214258662816081
GSM3998209,16,4,213.75,0.7220429331693663
GSM3998212,16,4,213.75,0.5439516583123969
GSM3998213,16,4,213.75,0.7297964047135013
GSM3998214,16,4,213.75,0.5532365089706941
GSM3998215,16,4,213.75,0.644731158087624
GSM3998216,16,4,213.75,0.7373156255303117
GSM3998218,16,4,213.75,0.5446430478700597
GSM3998219,16,4,213.75,0.6623342527785754
GSM3998220,16,4,213.75,0.6293711231577506
GSM3998224,16,4,213.75,0.559606621918018
GSM3998225,16,4,213.75,0.5460694876902115
GSM3998226,16,4,213.75,0.7482965662727628
GSM3998228,16,4,213.75,0.6937734003882707
GSM3998229,16,4,213.75,0.6229790715337482
GSM3998231,16,4,213.75,0.6264722622183339
GSM3998233,16,4,213.75,0.6321275483802342
GSM3998234,16,4,213.75,0.5983179463236397
GSM3998235,16,4,213.75,0.7258991607876664
GSM3998236,16,4,213.75,0.63269116652324
GSM3998237,16,4,213.75,0.500274983724184
GSM3998239,16,4,213.75,0.7668715469137508
GSM3998240,16,4,213.75,0.5343345155902424
GSM3998241,16,4,213.75,0.640815171865889
GSM3998245,16,4,213.75,0.5868681719480291
GSM3998246,16,4,213.75,0.5762240182140594
GSM3998247,16,4,213.75,0.5930183439623056
GSM3998248,16,4,213.75,0.6564154466400582
GSM3998249,16,4,213.75,0.7842822984955649
GSM3998250,16,4,213.75,0.7673632093157217
GSM3998251,16,4,213.75,0.6707337800465814
GSM3998252,16,4,213.75,0.5647419114053278
GSM3998253,16,4,213.75,0.4825910315649016
GSM3998254,16,4,213.75,0.6507268047829955
GSM3998255,16,4,213.75,0.7490576600460863
GSM3998257,16,4,213.75,0.7537213022073219
GSM3998258,16,4,213.75,0.748357809419721
GSM3998261,16,4,213.75,0.7746938942921435
GSM3998262,16,4,213.75,0.6804398336468203
GSM3998263,16,4,213.75,0.6151831790123556
GSM3998264,16,4,213.75,0.6431029250466445
GSM3998265,16,4,213.75,0.6615694871949862
GSM3998266,16,4,213.75,0.6648625568218693
GSM3998267,16,4,213.75,0.6639748600471687
GSM3998269,16,4,213.75,0.665378190535383
GSM3998270,16,4,213.75,0.6429303845559828
GSM3998271,16,4,213.75,0.6280977458772505
GSM3998274,16,4,213.75,0.5445654839403944
GSM3998275,16,4,213.75,0.6943490070815259
GSM3998276,16,4,213.75,0.5306628350770137
GSM3998281,16,4,213.75,0.6543166120590134
GSM3998282,16,4,213.75,0.6886422460692017
GSM3998286,16,4,213.75,0.6116281270451815
GSM3998287,16,4,213.75,0.751915567490407
GSM3998288,16,4,213.75,0.6027813892789702
GSM3998289,16,4,213.75,0.7313669524846422
GSM3998290,16,4,213.75,0.7702507689531664
GSM3998291,16,4,213.75,0.6026356025424806
GSM3998292,16,4,213.75,0.5595436621212495
GSM3998294,16,4,213.75,0.7235934764870073
GSM3998295,16,4,213.75,0.694478296308596
GSM3998296,16,4,213.75,0.6373326205159162
GSM3998297,16,4,213.75,0.6320878544813215
GSM3998298,16,4,213.75,0.6701771868971735
GSM3998299,16,4,213.75,0.5710875505211135
GSM3998300,16,4,213.75,0.6013829949433118
GSM3998301,16,4,213.75,0.8582314697903213
GSM3998306,16,4,213.75,0.5593926483098799
GSM3998308,16,4,213.75,0.596689458710776
GSM3998309,16,4,213.75,0.7210380385549904
GSM3998310,16,4,213.75,0.5655696660973173
GSM3998311,16,4,213.75,0.6481458188084295
GSM3998312,16,4,213.75,0.5355345316291737
GSM3998313,16,4,213.75,0.6101226776415847
GSM3998314,16,4,213.75,0.6262485082924782
GSM3998315,16,4,213.75,0.7213566152685611
GSM3998316,16,4,213.75,0.5230248782971239
GSM3998317,16,4,213.75,0.5409637099547622
GSM3998318,16,4,213.75,0.6770128189705713
GSM3998321,16,4,213.75,0.6163205108130243
GSM3998322,16,4,213.75,0.653850251317146
GSM3998323,16,4,213.75,0.5737551152845386
GSM3998324,16,4,213.75,0.7855657299072494
GSM3998326,16,4,213.75,0.5779809419265636
GSM3998327,16,4,213.75,0.8438592192828329
GSM3998328,16,4,213.75,0.6905150342513622
GSM3998331,16,4,213.75,0.5317480881382641
GSM3998332,16,4,213.75,0.5414862168931811
GSM3998333,16,4,213.75,0.4950233130856563
GSM3998334,16,4,213.75,0.5830581609309289
GSM3998335,16,4,213.75,0.5866846696116808
GSM3998336,16,4,213.75,0.6095687956442477
GSM3998337,16,4,213.75,0.5152291579754391
GSM3998342,16,4,213.75,0.5052039855580022
GSM3998358,16,4,213.75,0.5484144237596573
GSM3998359,16,4,213.75,0.5657394948548693
GSM3998371,16,4,213.75,0.7695269140711711
GSM3998374,16,4,213.75,0.5620540408181602
GSM3998379,16,4,213.75,0.6373418062171363
GSM3998380,16,4,213.75,0.5403620084460963
GSM3998382,16,4,213.75,0.525220584655754
GSM4957322,16,4,213.75,0.5393166192185839
GSM4957323,16,4,213.75,0.7192265163827907
GSM4957324,16,4,213.75,0.6640956078685711
GSM4957325,16,4,213.75,0.6853079483974565
GSM4957326,16,4,213.75,0.7344956333126853
GSM4957327,16,4,213.75,0.7764091541195812
GSM4957328,16,4,213.75,0.6934451816393916
GSM4957329,16,4,213.75,0.6566767096100903
GSM4957330,16,4,213.75,0.6745341782239231
GSM4957331,16,4,213.75,0.6981500853121081
GSM4957332,16,4,213.75,0.6813944683712991
GSM4957333,16,4,213.75,0.6858172329488648
GSM4957334,16,4,213.75,0.6885406889396632
GSM4957335,16,4,213.75,0.5740906182645951
GSM4957336,16,4,213.75,0.7549012853426786
GSM4957337,16,4,213.75,0.6150213987011135
GSM4957338,16,4,213.75,0.7090217397087439
GSM4957340,16,4,213.75,0.7023247074996988
GSM4957342,16,4,213.75,0.5283247185039768
GSM4957344,16,4,213.75,0.6183731781563075
GSM4957345,16,4,213.75,0.6062187908532533
GSM4957347,16,4,213.75,0.7284677238977793
GSM4957348,16,4,213.75,0.5738270310234688
GSM4957349,16,4,213.75,0.5518233161747101
GSM4957350,16,4,213.75,0.6588097973482361
GSM4957352,16,4,213.75,0.7148250157795548
GSM4957353,16,4,213.75,0.5822646421279174
GSM4957355,16,4,213.75,0.6965671735348953
GSM4957356,16,4,213.75,0.5693363447146926
GSM4957357,16,4,213.75,0.7174490819132355
GSM4957361,16,4,213.75,0.7660465245355095
GSM4957362,16,4,213.75,0.7452310556743162
GSM4957363,16,4,213.75,0.5234210024904584
GSM4957371,16,4,213.75,0.5424119160553809
GSM4957381,16,4,213.75,0.6100259264062595
GSM4957385,16,4,213.75,0.6298181556487235
GSM4957386,16,4,213.75,0.5858808967594769
GSM4957388,16,4,213.75,0.7807318853175667
GSM4957389,16,4,213.75,0.5861831006090457
GSM4957391,16,4,213.75,0.7582718886774442
GSM4957392,16,4,213.75,0.7405221497862717
GSM4957393,16,4,213.75,0.7648422830569239
GSM4957397,16,4,213.75,0.5409173436694767
GSM4957398,16,4,213.75,0.6844417105687279
GSM4957399,16,4,213.75,0.6940478912094141
GSM4957401,16,4,213.75,0.5973583994425584
GSM4957403,16,4,213.75,0.775455582924538
GSM4957404,16,4,213.75,0.5446728301935977
GSM4957405,16,4,213.75,0.6816339823339193
GSM4957406,16,4,213.75,0.7121901576205376
GSM4957407,16,4,213.75,0.656467504534211
GSM4957408,16,4,213.75,0.5176663645706827
GSM4957414,16,4,213.75,0.6146614637225549
GSM4957415,16,4,213.75,0.5549294390133781
GSM4957417,16,4,213.75,0.545310870520527
GSM4957418,16,4,213.75,0.5441605481493559
GSM4957419,16,4,213.75,0.6324751465064065
GSM4957420,16,4,213.75,0.7113102891496945
GSM4957421,16,4,213.75,0.6027714885916229
GSM4957423,16,4,213.75,0.5593750745152057
GSM4957425,16,4,213.75,0.5362406908952195
GSM4957426,16,4,213.75,0.676000864427619
GSM4957427,16,4,213.75,0.5302410573808132
GSM4957428,16,4,213.75,0.78933450823174
GSM4957429,16,4,213.75,0.5795303661373286
GSM4957430,16,4,213.75,0.5854274232602821
GSM4957431,16,4,213.75,0.5777422093698763
GSM4957433,16,4,213.75,0.5516911880934328
GSM4957434,16,4,213.75,0.5385938018719485
GSM4957435,16,4,213.75,0.5994386685491011
GSM4957436,16,4,213.75,0.5420491107654821
GSM4957437,16,4,213.75,0.5596407839380104
GSM4957438,16,4,213.75,0.6502481953887416
GSM4957439,16,4,213.75,0.6955754177295996
GSM4957440,16,4,213.75,0.7380893345057409
GSM4957441,16,4,213.75,0.6153991406866242
GSM4957443,16,4,213.75,0.5657050535135943
GSM4957444,16,4,213.75,0.708194699954336
GSM4957446,16,4,213.75,0.7370292531908849
GSM4957447,16,4,213.75,0.7032501573139109
GSM4957448,16,4,213.75,0.633579214760625
GSM4957449,16,4,213.75,0.6291055879977661
GSM4957450,16,4,213.75,0.5739112403093709
GSM4957451,16,4,213.75,0.6882440242776777
GSM4957453,16,4,213.75,0.5607269330140578
GSM4957454,16,4,213.75,0.7477512120574601
GSM4957456,16,4,213.75,0.6567647137952397
GSM4957457,16,4,213.75,0.624690015719449
GSM4957458,16,4,213.75,0.5174246535358478
GSM4957459,16,4,213.75,0.719126062889083
GSM4957460,16,4,213.75,0.612741407860963
GSM4957461,16,4,213.75,0.65886703572628
GSM4957462,16,4,213.75,0.7183768532554371
GSM3998242,16,6,142.5,0.4873156469927702
GSM3998172,16,86,9.94186046511628,0.5065895749322928
GSM3998193,16,86,9.94186046511628,0.5040511586805838
GSM3998301,16,86,9.94186046511628,0.5352787413506843
GSM4957338,16,86,9.94186046511628,0.5450351007261154
GSM3758009,16,87,9.827586206896552,0.5309517107824622
GSM3758033,16,87,9.827586206896552,0.509477266233449
GSM4957337,16,87,9.827586206896552,0.5199778294699389
GSM3998242,16,94,9.095744680851064,0.500799174384301
GSM3998173,16,111,7.702702702702703,0.5251205072855702
GSM3998256,16,111,7.702702702702703,0.5331465528221098
GSM3998303,16,111,7.702702702702703,0.5081030412205734
GSM3998341,16,111,7.702702702702703,0.5022689500885602
GSM4957367,16,111,7.702702702702703,0.484883970768053
GSM3758011,16,114,7.5,0.5120726330529903
GSM3998203,16,114,7.5,0.5043295769701293
GSM3998242,16,114,7.5,0.5389808831201726
GSM3998284,16,114,7.5,0.531160493059208
GSM3998302,16,114,7.5,0.46947285000067884
GSM3998303,16,114,7.5,0.5368957160955676
GSM3998304,16,114,7.5,0.4905885017119611
GSM3998332,16,114,7.5,0.5169783497093552
GSM3998339,16,114,7.5,0.5315966277052264
GSM3998341,16,114,7.5,0.5013649839493151
GSM3998353,16,114,7.5,0.5163107062518257
GSM3998364,16,114,7.5,0.5293365808859773
GSM4957401,16,114,7.5,0.4854365799773799
GSM4957366,16,118,7.245762711864407,0.4974862548814687
GSM3758021,16,226,3.7831858407079646,0.4989012313504597
GSM3998178,16,226,3.7831858407079646,0.5205983847480327
GSM4957463,16,269,3.1784386617100373,0.5290867991552242
GSM3758014,16,343,2.492711370262391,0.5217196082121172
GSM3758016,16,343,2.492711370262391,0.5428809173929414
GSM3758017,16,343,2.492711370262391,0.5457143301677996
GSM3758020,16,343,2.492711370262391,0.5267383741976968
GSM3758022,16,343,2.492711370262391,0.5034049573455759
GSM3758023,16,343,2.492711370262391,0.5291210664671451
GSM3758024,16,343,2.492711370262391,0.5494396836313444
GSM3758027,16,343,2.492711370262391,0.503725071042056
GSM3758032,16,343,2.492711370262391,0.5043319820417627
GSM3758035,16,343,2.492711370262391,0.5471228544566507
GSM3758036,16,343,2.492711370262391,0.5451921626106331
GSM3758037,16,343,2.492711370262391,0.560060108842638
GSM3758040,16,343,2.492711370262391,0.5247579837567735
GSM3758042,16,343,2.492711370262391,0.5333909408452562
GSM3758043,16,343,2.492711370262391,0.5598354046023721
GSM3758044,16,343,2.492711370262391,0.5304693750900134
GSM3758045,16,343,2.492711370262391,0.5116665928994673
GSM3758046,16,343,2.492711370262391,0.5404060072092487
GSM3758048,16,343,2.492711370262391,0.5348118960330783
GSM3758050,16,343,2.492711370262391,0.5041677868517915
GSM3758051,16,343,2.492711370262391,0.5767740110441104
GSM3758053,16,343,2.492711370262391,0.5701201217996137
GSM3758054,16,343,2.492711370262391,0.5364866542019233
GSM3758055,16,343,2.492711370262391,0.5222974206457613
GSM3758059,16,343,2.492711370262391,0.533235752623971
GSM3758067,16,343,2.492711370262391,0.5434672777184892
GSM3758075,16,343,2.492711370262391,0.5426294893833323
GSM3758076,16,343,2.492711370262391,0.5460898310653475
GSM3758081,16,343,2.492711370262391,0.4940205224342358
GSM3998167,16,343,2.492711370262391,0.5341216797429462
GSM3998175,16,343,2.492711370262391,0.5151783479086536
GSM3998186,16,343,2.492711370262391,0.5314271161952764
GSM3998196,16,343,2.492711370262391,0.48695604499736467
GSM3998197,16,343,2.492711370262391,0.5027829238615071
GSM3998198,16,343,2.492711370262391,0.5107742242711093
GSM3998200,16,343,2.492711370262391,0.5217911658477932
GSM3998202,16,343,2.492711370262391,0.534727350783835
GSM3998203,16,343,2.492711370262391,0.4923405041994511
GSM3998204,16,343,2.492711370262391,0.5154783011360773
GSM3998205,16,343,2.492711370262391,0.5365293140036069
GSM3998212,16,343,2.492711370262391,0.5320829618178959
GSM3998219,16,343,2.492711370262391,0.5297721133647384
GSM3998222,16,343,2.492711370262391,0.5452006604194528
GSM3998223,16,343,2.492711370262391,0.48815881703481434
GSM3998232,16,343,2.492711370262391,0.5127205146081382
GSM3998241,16,343,2.492711370262391,0.5247655429658105
GSM3998244,16,343,2.492711370262391,0.5585903476573271
GSM3998252,16,343,2.492711370262391,0.5250484387031911
GSM3998256,16,343,2.492711370262391,0.585983883208514
GSM3998260,16,343,2.492711370262391,0.5313917477474477
GSM3998266,16,343,2.492711370262391,0.5077475491299874
GSM3998267,16,343,2.492711370262391,0.5374014990615077
GSM3998278,16,343,2.492711370262391,0.5115142211107644
GSM3998284,16,343,2.492711370262391,0.5096415488525108
GSM3998286,16,343,2.492711370262391,0.575672274886859
GSM3998288,16,343,2.492711370262391,0.5259590009320463
GSM3998293,16,343,2.492711370262391,0.5102980090611973
GSM3998299,16,343,2.492711370262391,0.5046004984021133
GSM3998302,16,343,2.492711370262391,0.49824711667836663
GSM3998303,16,343,2.492711370262391,0.5616533680598335
GSM3998304,16,343,2.492711370262391,0.5045198274329326
GSM3998305,16,343,2.492711370262391,0.5520785678679649
GSM3998307,16,343,2.492711370262391,0.5639396555966201
GSM3998312,16,343,2.492711370262391,0.5149093188666929
GSM3998319,16,343,2.492711370262391,0.5061658075528617
GSM3998325,16,343,2.492711370262391,0.5710440333811708
GSM3998331,16,343,2.492711370262391,0.5074549730414093
GSM3998334,16,343,2.492711370262391,0.5119409564892456
GSM3998336,16,343,2.492711370262391,0.5252474602531532
GSM3998337,16,343,2.492711370262391,0.5047763263088756
GSM3998338,16,343,2.492711370262391,0.5039529056448093
GSM3998339,16,343,2.492711370262391,0.4960219531620229
GSM3998341,16,343,2.492711370262391,0.4949024722892337
GSM3998345,16,343,2.492711370262391,0.5138124283111192
GSM3998352,16,343,2.492711370262391,0.5027042525548886
GSM3998353,16,343,2.492711370262391,0.5563595581400955
GSM3998357,16,343,2.492711370262391,0.524765767108061
GSM3998361,16,343,2.492711370262391,0.5073552754374577
GSM3998363,16,343,2.492711370262391,0.5306641319329746
GSM3998375,16,343,2.492711370262391,0.5481462942351842
GSM4957321,16,343,2.492711370262391,0.5521008901655651
GSM4957322,16,343,2.492711370262391,0.5294693466415432
GSM4957329,16,343,2.492711370262391,0.5137050381285055
GSM4957341,16,343,2.492711370262391,0.5486182806161373
GSM4957354,16,343,2.492711370262391,0.5124994435026187
GSM4957358,16,343,2.492711370262391,0.5333842993377389
GSM4957359,16,343,2.492711370262391,0.5458087054987741
GSM4957363,16,343,2.492711370262391,0.5230328493418628
GSM4957364,16,343,2.492711370262391,0.5187652068511879
GSM4957367,16,343,2.492711370262391,0.47691716576183163
GSM4957368,16,343,2.492711370262391,0.5060847352441709
GSM4957369,16,343,2.492711370262391,0.5216805901605217
GSM4957372,16,343,2.492711370262391,0.5099542493821456
GSM4957374,16,343,2.492711370262391,0.5298019425813556
GSM4957376,16,343,2.492711370262391,0.5252357055340187
GSM4957377,16,343,2.492711370262391,0.5360615996364793
GSM4957379,16,343,2.492711370262391,0.5774260421547446
GSM4957380,16,343,2.492711370262391,0.5030103826085432
GSM4957382,16,343,2.492711370262391,0.4863005741194817
GSM4957383,16,343,2.492711370262391,0.5077037396005002
GSM4957384,16,343,2.492711370262391,0.5291495858840514
GSM4957386,16,343,2.492711370262391,0.583489240793416
GSM4957387,16,343,2.492711370262391,0.5357094048601732
GSM4957397,16,343,2.492711370262391,0.5014582949494937
GSM4957400,16,343,2.492711370262391,0.5071952888133997
GSM4957402,16,343,2.492711370262391,0.5439784394608633
GSM4957404,16,343,2.492711370262391,0.5066789550512594
GSM4957409,16,343,2.492711370262391,0.5470457038910372
GSM4957411,16,343,2.492711370262391,0.5762862891698561
GSM4957412,16,343,2.492711370262391,0.5539124413871312
GSM4957413,16,343,2.492711370262391,0.527530724908543
GSM4957414,16,343,2.492711370262391,0.5690924642895516
GSM4957415,16,343,2.492711370262391,0.5085341906086533
GSM4957416,16,343,2.492711370262391,0.5323068920441747
GSM4957418,16,343,2.492711370262391,0.5281795284618038
GSM4957419,16,343,2.492711370262391,0.513510319813741
GSM4957422,16,343,2.492711370262391,0.5072471178897859
GSM4957424,16,343,2.492711370262391,0.5481037328731175
GSM4957425,16,343,2.492711370262391,0.5557114546358304
GSM4957427,16,343,2.492711370262391,0.5230509352815464
GSM4957429,16,343,2.492711370262391,0.558240740364762
GSM4957430,16,343,2.492711370262391,0.5349828983992477
GSM4957435,16,343,2.492711370262391,0.5314895611946686
GSM4957442,16,343,2.492711370262391,0.5366353040227159
GSM4957449,16,343,2.492711370262391,0.5361020790788227
GSM4957453,16,343,2.492711370262391,0.5606317060770665
GSM4957455,16,343,2.492711370262391,0.5227252521118562
GSM4957458,16,343,2.492711370262391,0.5338917775718435
GSM3758045,17,70,16.957142857142856,0.5040583527853357
GSM4957397,17,70,16.957142857142856,0.5119411101476099
GSM4957401,17,70,16.957142857142856,0.49087993953370423
GSM3758007,17,76,15.618421052631579,0.48025008051324214
GSM3758012,17,76,15.618421052631579,0.5156957886025384
GSM3998220,17,76,15.618421052631579,0.5257107839968245
GSM3998221,17,76,15.618421052631579,0.5501949231900651
GSM3998224,17,76,15.618421052631579,0.50993377966872
GSM3998305,17,76,15.618421052631579,0.5665271141657158
GSM3998340,17,76,15.618421052631579,0.522236478910767
GSM3998345,17,76,15.618421052631579,0.48093101232795377
GSM3998357,17,76,15.618421052631579,0.4905519671388543
GSM3998360,17,76,15.618421052631579,0.5636670432039921
GSM3998361,17,76,15.618421052631579,0.4944626185312533
GSM3998363,17,76,15.618421052631579,0.5038115897215256
GSM3998370,17,76,15.618421052631579,0.5474259558008323
GSM3998378,17,76,15.618421052631579,0.5762306908584147
GSM4957418,17,76,15.618421052631579,0.5196879471780087
GSM3758005,17,77,15.415584415584416,0.5183123297023475
GSM3758026,17,77,15.415584415584416,0.5113846196222203
GSM3758029,17,77,15.415584415584416,0.5088556103094555
GSM3758031,17,77,15.415584415584416,0.48771519718635536
GSM3758034,17,77,15.415584415584416,0.48929633247679405
GSM3758035,17,77,15.415584415584416,0.5321767399269035
GSM3758039,17,77,15.415584415584416,0.5183123508737735
GSM3758047,17,77,15.415584415584416,0.48310469704707115
GSM3758057,17,77,15.415584415584416,0.4841839855385688
GSM3758069,17,77,15.415584415584416,0.5105189771806362
GSM3758073,17,77,15.415584415584416,0.5432200259175812
GSM3758076,17,77,15.415584415584416,0.5690781751319713
GSM3998168,17,77,15.415584415584416,0.48596753987124996
GSM3998217,17,77,15.415584415584416,0.5291363281236716
GSM3998218,17,77,15.415584415584416,0.5888918136468213
GSM3998225,17,77,15.415584415584416,0.5473203694136077
GSM3998227,17,77,15.415584415584416,0.5098462312321033
GSM3998230,17,77,15.415584415584416,0.5291612129715637
GSM3998232,17,77,15.415584415584416,0.5409224716780132
GSM3998233,17,77,15.415584415584416,0.5566245409288522
GSM3998242,17,77,15.415584415584416,0.5632586930664423
GSM3998243,17,77,15.415584415584416,0.5067289149408389
GSM3998253,17,77,15.415584415584416,0.47853339212504586
GSM3998254,17,77,15.415584415584416,0.5208055938691682
GSM3998258,17,77,15.415584415584416,0.49353188484713684
GSM3998278,17,77,15.415584415584416,0.5201769462846371
GSM3998281,17,77,15.415584415584416,0.51519458658847
GSM3998302,17,77,15.415584415584416,0.5393500645599429
GSM3998306,17,77,15.415584415584416,0.5098609172640223
GSM3998332,17,77,15.415584415584416,0.5237822275720809
GSM3998334,17,77,15.415584415584416,0.501401740733896
GSM3998338,17,77,15.415584415584416,0.54165400110884
GSM3998339,17,77,15.415584415584416,0.5330153512828923
GSM3998343,17,77,15.415584415584416,0.5299941281339962
GSM3998344,17,77,15.415584415584416,0.523328482839768
GSM3998349,17,77,15.415584415584416,0.5257176010188926
GSM3998351,17,77,15.415584415584416,0.5378216202038786
GSM3998359,17,77,15.415584415584416,0.5315192779128082
GSM3998362,17,77,15.415584415584416,0.5028315877042586
GSM3998365,17,77,15.415584415584416,0.4980225203761748
GSM3998366,17,77,15.415584415584416,0.5714996805568426
GSM3998369,17,77,15.415584415584416,0.539829372796989
GSM3998374,17,77,15.415584415584416,0.5148938691103151
GSM3998381,17,77,15.415584415584416,0.5357943738821307
GSM3998382,17,77,15.415584415584416,0.49530645509029414
GSM4957345,17,77,15.415584415584416,0.4982938797398342
GSM4957348,17,77,15.415584415584416,0.522379580593717
GSM4957354,17,77,15.415584415584416,0.486798787632591
GSM4957355,17,77,15.415584415584416,0.5259532430061098
GSM4957356,17,77,15.415584415584416,0.4950529420975709
GSM4957368,17,77,15.415584415584416,0.5372204056380605
GSM4957373,17,77,15.415584415584416,0.5261916756168072
GSM4957376,17,77,15.415584415584416,0.5098229371471188
GSM4957385,17,77,15.415584415584416,0.52490019419105
GSM4957388,17,77,15.415584415584416,0.5087445732969798
GSM4957394,17,77,15.415584415584416,0.5290190037067091
GSM4957397,17,77,15.415584415584416,0.5018490195211793
GSM4957399,17,77,15.415584415584416,0.52090418101825
GSM4957401,17,77,15.415584415584416,0.4960591515362607
GSM4957407,17,77,15.415584415584416,0.5303920726131999
GSM4957426,17,77,15.415584415584416,0.5275256821070511
GSM4957442,17,77,15.415584415584416,0.5112422728889974
GSM4957452,17,77,15.415584415584416,0.49371311936391793
GSM4957458,17,77,15.415584415584416,0.5352832965705283
GSM3998223,17,181,6.558011049723757,0.505642247400377
GSM3758028,17,182,6.521978021978022,0.5105825552385381
GSM3758076,17,182,6.521978021978022,0.5344625358308601
GSM3998190,17,182,6.521978021978022,0.5154911079512523
GSM3998192,17,182,6.521978021978022,0.4862167975621041
GSM3998238,17,182,6.521978021978022,0.4998816696934547
GSM3998246,17,182,6.521978021978022,0.5383730054364668
GSM3998257,17,182,6.521978021978022,0.5009506133626718
GSM3998266,17,182,6.521978021978022,0.5296744889451883
GSM3998272,17,182,6.521978021978022,0.5170359260206219
GSM3998279,17,182,6.521978021978022,0.4837563557617761
GSM3998345,17,182,6.521978021978022,0.5044749650329958
GSM3998349,17,182,6.521978021978022,0.5172845241003619
GSM3998358,17,182,6.521978021978022,0.5079639128881088
GSM3998372,17,182,6.521978021978022,0.4735313333248623
GSM4957322,17,182,6.521978021978022,0.5039296131474518
GSM4957323,17,182,6.521978021978022,0.5270973919073194
GSM4957385,17,182,6.521978021978022,0.490887186407408
GSM4957394,17,182,6.521978021978022,0.4981454534721417
GSM4957396,17,182,6.521978021978022,0.5037632020712755
GSM4957424,17,182,6.521978021978022,0.5337872876730376
GSM4957425,17,182,6.521978021978022,0.5296686819997571
GSM4957442,17,182,6.521978021978022,0.5172087035364035
GSM4957452,17,182,6.521978021978022,0.49518642288597015
GSM3758017,17,272,4.363970588235294,0.5149391091802902
GSM4957459,17,272,4.363970588235294,0.5201684542091658
GSM3758007,17,403,2.945409429280397,0.5102161016374067
GSM3758024,17,403,2.945409429280397,0.5403660320092682
GSM3758027,17,403,2.945409429280397,0.550030290915831
GSM3758028,17,403,2.945409429280397,0.5268586443254675
GSM3758039,17,403,2.945409429280397,0.5062371992129973
GSM3758051,17,403,2.945409429280397,0.5143420262920837
GSM3758062,17,403,2.945409429280397,0.5051666886312693
GSM3758072,17,403,2.945409429280397,0.49549308604676456
GSM3998167,17,403,2.945409429280397,0.5177535069517512
GSM3998172,17,403,2.945409429280397,0.5417919379455349
GSM3998175,17,403,2.945409429280397,0.5181990347798475
GSM3998178,17,403,2.945409429280397,0.4889008490184188
GSM3998181,17,403,2.945409429280397,0.516104476603878
GSM3998182,17,403,2.945409429280397,0.5296115072031595
GSM3998188,17,403,2.945409429280397,0.5010515184820377
GSM3998189,17,403,2.945409429280397,0.5027526138320217
GSM3998190,17,403,2.945409429280397,0.49682987158244085
GSM3998196,17,403,2.945409429280397,0.5048963935155935
GSM3998199,17,403,2.945409429280397,0.4849267295566526
GSM3998213,17,403,2.945409429280397,0.49012551988763153
GSM3998235,17,403,2.945409429280397,0.51099452134924
GSM3998238,17,403,2.945409429280397,0.47492417597983794
GSM3998240,17,403,2.945409429280397,0.49423185624875465
GSM3998243,17,403,2.945409429280397,0.5034315800831064
GSM3998246,17,403,2.945409429280397,0.519397331994429
GSM3998252,17,403,2.945409429280397,0.522356386093477
GSM3998253,17,403,2.945409429280397,0.528838511875029
GSM3998261,17,403,2.945409429280397,0.5251757563141655
GSM3998265,17,403,2.945409429280397,0.5341554035074165
GSM3998266,17,403,2.945409429280397,0.5185275234884368
GSM3998273,17,403,2.945409429280397,0.5321316827273161
GSM3998274,17,403,2.945409429280397,0.5163385957026319
GSM3998275,17,403,2.945409429280397,0.5372461551436385
GSM3998279,17,403,2.945409429280397,0.48064139535657
GSM3998287,17,403,2.945409429280397,0.5216594764649596
GSM3998293,17,403,2.945409429280397,0.535755198438391
GSM3998294,17,403,2.945409429280397,0.5171031185609505
GSM3998299,17,403,2.945409429280397,0.5155608434748009
GSM3998321,17,403,2.945409429280397,0.5128374715390378
GSM3998322,17,403,2.945409429280397,0.5387544178516572
GSM3998327,17,403,2.945409429280397,0.5141428603625884
GSM3998329,17,403,2.945409429280397,0.4885392615966415
GSM3998337,17,403,2.945409429280397,0.5153314284077286
GSM3998343,17,403,2.945409429280397,0.5213857112387288
GSM3998347,17,403,2.945409429280397,0.5163454316293352
GSM3998348,17,403,2.945409429280397,0.48967128836109186
GSM3998356,17,403,2.945409429280397,0.5017764218564937
GSM3998368,17,403,2.945409429280397,0.5231421605616413
GSM3998372,17,403,2.945409429280397,0.48545668675960485
GSM3998381,17,403,2.945409429280397,0.513658596545326
GSM4957339,17,403,2.945409429280397,0.5159351734732116
GSM4957345,17,403,2.945409429280397,0.5104767313865288
GSM4957354,17,403,2.945409429280397,0.5057642014283092
GSM4957355,17,403,2.945409429280397,0.5187520812590858
GSM4957356,17,403,2.945409429280397,0.5019758046090486
GSM4957360,17,403,2.945409429280397,0.6321670355261699
GSM4957368,17,403,2.945409429280397,0.5667814968636833
GSM4957375,17,403,2.945409429280397,0.5224439909481724
GSM4957376,17,403,2.945409429280397,0.5133653650972834
GSM4957378,17,403,2.945409429280397,0.5601248665433158
GSM4957379,17,403,2.945409429280397,0.5204281289390416
GSM4957380,17,403,2.945409429280397,0.49874966952955146
GSM4957382,17,403,2.945409429280397,0.5323627721248316
GSM4957385,17,403,2.945409429280397,0.5009368515519093
GSM4957388,17,403,2.945409429280397,0.5075164860552124
GSM4957394,17,403,2.945409429280397,0.5136382127909194
GSM4957397,17,403,2.945409429280397,0.5094675997745783
GSM4957401,17,403,2.945409429280397,0.5097239074970457
GSM4957402,17,403,2.945409429280397,0.5278574605923496
GSM4957405,17,403,2.945409429280397,0.5218222196703621
GSM4957424,17,403,2.945409429280397,0.5062395465094331
GSM4957452,17,403,2.945409429280397,0.5121732018291447
GSM4957456,17,403,2.945409429280397,0.4873977236038294
GSM4957458,17,403,2.945409429280397,0.5290577717125666
GSM4957461,17,403,2.945409429280397,0.5302373625863201
GSM3998192,17,568,2.089788732394366,0.5072125686251492
GSM3998265,17,568,2.089788732394366,0.5074617370281151
GSM3998306,17,568,2.089788732394366,0.5058906064056368
GSM4957333,17,568,2.089788732394366,0.5150475035358784
GSM4957367,17,568,2.089788732394366,0.5233616736893723
GSM4957374,17,568,2.089788732394366,0.49845734425510946
GSM4957375,17,568,2.089788732394366,0.5183978872079087
GSM4957376,17,568,2.089788732394366,0.5106999090589901
GSM4957379,17,568,2.089788732394366,0.5099562707327983
GSM4957380,17,568,2.089788732394366,0.5419192820614502
GSM3998187,17,569,2.086115992970123,0.49729535805998326
GSM3998238,18,7,38.142857142857146,0.5198253451146768
GSM4957368,18,7,38.142857142857146,0.43244947842276504
GSM3998288,18,8,33.375,0.46396767574008413
GSM4957415,18,8,33.375,0.503179358341916
GSM4957418,18,8,33.375,0.47629740206934024
GSM3998276,18,118,2.26271186440678,0.4817141266425873
GSM4957335,18,119,2.2436974789915967,0.46717559395805
GSM4957338,18,119,2.2436974789915967,0.45669024737364694
GSM4957340,18,119,2.2436974789915967,0.44827565105914946
GSM4957444,19,217,6.815668202764977,0.5443915056756485
GSM3998319,19,218,6.784403669724771,0.5009758866398801
GSM3998337,19,218,6.784403669724771,0.49962720463921473
GSM3758011,19,317,4.665615141955836,0.5184158616750536
GSM3998188,19,320,4.621875,0.49982972598804576
GSM4957395,19,320,4.621875,0.527082629327106
GSM3758006,19,563,2.6269982238010656,0.4952707803905807
GSM3758015,19,563,2.6269982238010656,0.5079238753879864
GSM3758027,19,563,2.6269982238010656,0.4965034006231872
GSM3758046,19,563,2.6269982238010656,0.4969963832076356
GSM3758054,19,563,2.6269982238010656,0.5067603729185897
GSM3758068,19,563,2.6269982238010656,0.49781420380274666
GSM3998229,19,563,2.6269982238010656,0.4998761387229318
GSM3998231,19,563,2.6269982238010656,0.54745853217625
GSM3998237,19,563,2.6269982238010656,0.5255528195994619
GSM3998238,19,563,2.6269982238010656,0.5168411463860965
GSM3998242,19,563,2.6269982238010656,0.5182374695132235
GSM3998243,19,563,2.6269982238010656,0.544955859152739
GSM3998244,19,563,2.6269982238010656,0.5240060831908622
GSM3998260,19,563,2.6269982238010656,0.5208208863353181
GSM3998343,19,563,2.6269982238010656,0.517741052618633
GSM3998344,19,563,2.6269982238010656,0.5546321205167888
GSM3998345,19,563,2.6269982238010656,0.5284705909514793
GSM3998346,19,563,2.6269982238010656,0.5318247555810856
GSM3998349,19,563,2.6269982238010656,0.5672191279080385
GSM3998350,19,563,2.6269982238010656,0.5266239900250591
GSM3998352,19,563,2.6269982238010656,0.5204425392423966
GSM3998353,19,563,2.6269982238010656,0.5579690295954634
GSM3998354,19,563,2.6269982238010656,0.5413023578754008
GSM3998355,19,563,2.6269982238010656,0.5116531217713405
GSM3998356,19,563,2.6269982238010656,0.527922331882531
GSM3998357,19,563,2.6269982238010656,0.501675408771014
GSM3998358,19,563,2.6269982238010656,0.5107624391110002
GSM3998363,19,563,2.6269982238010656,0.5265259340900821
GSM3998364,19,563,2.6269982238010656,0.5341293620500447
GSM3998365,19,563,2.6269982238010656,0.5270219221113299
GSM3998374,19,563,2.6269982238010656,0.5331833434977935
GSM3998382,19,563,2.6269982238010656,0.5152907202577062
GSM4957349,19,563,2.6269982238010656,0.5208194937239536
GSM4957354,19,563,2.6269982238010656,0.541512325834931
GSM4957376,19,563,2.6269982238010656,0.5286757877321446
GSM4957383,19,563,2.6269982238010656,0.5540506045853539
GSM4957394,19,563,2.6269982238010656,0.5075874888323328
GSM4957396,19,563,2.6269982238010656,0.5528666998951066
GSM4957397,19,563,2.6269982238010656,0.5424183004122476
GSM4957400,19,563,2.6269982238010656,0.4928632783020639
GSM4957402,19,563,2.6269982238010656,0.525192485464054
GSM4957411,19,563,2.6269982238010656,0.5028688945611361
GSM4957442,19,563,2.6269982238010656,0.5058069304472772
GSM4957455,19,563,2.6269982238010656,0.5406546822966489
GSM4957458,19,563,2.6269982238010656,0.5429164785053304
GSM3998232,19,564,2.622340425531915,0.5315242371236031
GSM3998256,19,564,2.622340425531915,0.5425804947421939
GSM3998259,19,564,2.622340425531915,0.5529929224579169
GSM3998333,19,564,2.622340425531915,0.5313107445904501
GSM4957384,19,564,2.622340425531915,0.503566287056219
GSM4957394,19,565,2.617699115044248,0.5088353066643232
GSM4957396,19,565,2.617699115044248,0.5492678023968587
GSM4957458,19,565,2.617699115044248,0.5418248842472231
GSM3998232,19,566,2.6130742049469964,0.5256225021235696
GSM3998344,19,567,2.6084656084656084,0.5109519676831047
GSM3758041,19,705,2.097872340425532,0.5027418675229285
GSM3758067,19,705,2.097872340425532,0.5051476835323103
GSM3758072,19,705,2.097872340425532,0.5105957385918125
GSM3998203,19,705,2.097872340425532,0.5203359457697125
GSM3998206,19,705,2.097872340425532,0.5232698015420225
GSM3998246,19,705,2.097872340425532,0.5056621575820568
GSM3998340,19,705,2.097872340425532,0.5025761912210083
GSM4957364,19,705,2.097872340425532,0.5153558652428578
GSM4957371,19,705,2.097872340425532,0.5232227919202859
GSM4957378,19,705,2.097872340425532,0.5444448963884958
GSM4957380,19,705,2.097872340425532,0.5143676778875461
GSM4957384,19,705,2.097872340425532,0.5121676647063325
GSM4957387,19,705,2.097872340425532,0.5464687729105595
GSM4957410,19,705,2.097872340425532,0.5193427090717333
GSM4957411,19,705,2.097872340425532,0.5449431289540523
GSM4957412,19,705,2.097872340425532,0.5312384361286981
GSM4957413,19,705,2.097872340425532,0.5097919957331318
GSM4957457,19,705,2.097872340425532,0.5681450644983221
GSM4957382,19,706,2.094900849858357,0.5063497601812901
GSM4957408,19,706,2.094900849858357,0.5442725613379591
GSM4957409,19,706,2.094900849858357,0.516558165567429
GSM3998285,20,27,20.296296296296298,0.5763302930147551
GSM3758037,20,28,19.571428571428573,0.5370785611404498
GSM3758041,20,28,19.571428571428573,0.5432720465039536
GSM3998200,20,28,19.571428571428573,0.5110460613200005
GSM3998230,20,28,19.571428571428573,0.5418997734876263
GSM3998260,20,28,19.571428571428573,0.5316349852597839
GSM3998278,20,28,19.571428571428573,0.5543869986206658
GSM3998319,20,28,19.571428571428573,0.5446386878069562
GSM3998326,20,28,19.571428571428573,0.5359974259925435
GSM3998343,20,28,19.571428571428573,0.5651087843168408
GSM3998344,20,28,19.571428571428573,0.5577644396291639
GSM3998346,20,28,19.571428571428573,0.6091991828437382
GSM3998350,20,28,19.571428571428573,0.5576635761463344
GSM3998351,20,28,19.571428571428573,0.5743940690189837
GSM3998353,20,28,19.571428571428573,0.5632048688207703
GSM3998361,20,28,19.571428571428573,0.6002935328329175
GSM3998363,20,28,19.571428571428573,0.5218190743624338
GSM3998366,20,28,19.571428571428573,0.5850681546801471
GSM4957378,20,28,19.571428571428573,0.5524059158731949
GSM4957396,20,28,19.571428571428573,0.538152523922399
GSM4957402,20,28,19.571428571428573,0.5391399319620591
GSM4957409,20,28,19.571428571428573,0.5180566241028242
GSM4957411,20,28,19.571428571428573,0.5175441734926713
GSM4957422,20,28,19.571428571428573,0.5316308764998863
GSM4957432,20,28,19.571428571428573,0.502486020662468
GSM4957434,20,28,19.571428571428573,0.5533062171014986
GSM4957442,20,28,19.571428571428573,0.5210073517039215
GSM3998211,20,52,10.538461538461538,0.5682379535692297
GSM4957412,20,52,10.538461538461538,0.525383295414874
GSM3998208,20,53,10.339622641509434,0.5104826640783959
GSM4957412,20,54,10.148148148148149,0.519809450135253
GSM3998285,20,146,3.7534246575342465,0.6142298159873816
GSM3998338,20,146,3.7534246575342465,0.5429795711617502
GSM3998353,20,146,3.7534246575342465,0.5265663164420427
GSM4957463,20,146,3.7534246575342465,0.5599445268020502
GSM4957366,20,211,2.5971563981042656,0.5360500696969948
GSM4957374,20,211,2.5971563981042656,0.5247071535341115
GSM3998216,21,88,2.5113636363636362,0.50419591233713
GSM4957335,21,88,2.5113636363636362,0.42198762613741003
GSM4957342,21,88,2.5113636363636362,0.49979508720316446
GSM3758015,21,89,2.4831460674157304,0.4843879677472267
GSM3758016,21,89,2.4831460674157304,0.5791536362939427
GSM3758017,21,89,2.4831460674157304,0.5285766575341726
GSM3758018,21,89,2.4831460674157304,0.5053808833669788
GSM3758019,21,89,2.4831460674157304,0.5487457982226704
GSM3758025,21,89,2.4831460674157304,0.5277368464640553
GSM3758027,21,89,2.4831460674157304,0.518847205544013
GSM3758028,21,89,2.4831460674157304,0.4766276080577545
GSM3758029,21,89,2.4831460674157304,0.5521407007527643
GSM3758035,21,89,2.4831460674157304,0.5304363258846978
GSM3758037,21,89,2.4831460674157304,0.4961860944364749
GSM3758044,21,89,2.4831460674157304,0.4901416969381329
GSM3758050,21,89,2.4831460674157304,0.4927676885599399
GSM3758052,21,89,2.4831460674157304,0.5045968435450803
GSM3758053,21,89,2.4831460674157304,0.5546015226505574
GSM3758058,21,89,2.4831460674157304,0.521962109450989
GSM3758060,21,89,2.4831460674157304,0.5054208639118123
GSM3758061,21,89,2.4831460674157304,0.5023868612758422
GSM3758062,21,89,2.4831460674157304,0.4884284356300288
GSM3758065,21,89,2.4831460674157304,0.5331859739975751
GSM3758066,21,89,2.4831460674157304,0.561994536890909
GSM3758068,21,89,2.4831460674157304,0.5187869173080739
GSM3758074,21,89,2.4831460674157304,0.5068824120027005
GSM3758075,21,89,2.4831460674157304,0.5097861506006449
GSM3758076,21,89,2.4831460674157304,0.5190717619124894
GSM3758080,21,89,2.4831460674157304,0.5226155196821174
GSM3758081,21,89,2.4831460674157304,0.4950021334106163
GSM3998172,21,89,2.4831460674157304,0.5406297619979417
GSM3998174,21,89,2.4831460674157304,0.5291646161642607
GSM3998175,21,89,2.4831460674157304,0.5756317066409866
GSM3998177,21,89,2.4831460674157304,0.575814786530727
GSM3998178,21,89,2.4831460674157304,0.5173715133615957
GSM3998179,21,89,2.4831460674157304,0.5220361657684336
GSM3998180,21,89,2.4831460674157304,0.5592298956791582
GSM3998181,21,89,2.4831460674157304,0.5534607807047824
GSM3998183,21,89,2.4831460674157304,0.5615600103198912
GSM3998185,21,89,2.4831460674157304,0.46856433368066597
GSM3998188,21,89,2.4831460674157304,0.46450719493413883
GSM3998189,21,89,2.4831460674157304,0.5475190900362952
GSM3998190,21,89,2.4831460674157304,0.5607874313199877
GSM3998194,21,89,2.4831460674157304,0.51277478901121
GSM3998196,21,89,2.4831460674157304,0.555513295713475
GSM3998197,21,89,2.4831460674157304,0.5184561012072377
GSM3998200,21,89,2.4831460674157304,0.48771719127639246
GSM3998204,21,89,2.4831460674157304,0.47912975573131833
GSM3998210,21,89,2.4831460674157304,0.47283498107983757
GSM3998212,21,89,2.4831460674157304,0.5080266925348256
GSM3998213,21,89,2.4831460674157304,0.5163567314356734
GSM3998217,21,89,2.4831460674157304,0.5225084712493238
GSM3998218,21,89,2.4831460674157304,0.547590574588622
GSM3998219,21,89,2.4831460674157304,0.5527671853548219
GSM3998223,21,89,2.4831460674157304,0.5469648621456544
GSM3998224,21,89,2.4831460674157304,0.5224284078621406
GSM3998228,21,89,2.4831460674157304,0.5746324161776428
GSM3998235,21,89,2.4831460674157304,0.5184495640219504
GSM3998238,21,89,2.4831460674157304,0.5603338394564745
GSM3998240,21,89,2.4831460674157304,0.496209439918049
GSM3998241,21,89,2.4831460674157304,0.4651007035535586
GSM3998244,21,89,2.4831460674157304,0.5096033525608226
GSM3998247,21,89,2.4831460674157304,0.5667793507244734
GSM3998252,21,89,2.4831460674157304,0.48678024248512797
GSM3998254,21,89,2.4831460674157304,0.505792333731637
GSM3998255,21,89,2.4831460674157304,0.5216884414595064
GSM3998256,21,89,2.4831460674157304,0.4839129721023663
GSM3998261,21,89,2.4831460674157304,0.5300075096863521
GSM3998262,21,89,2.4831460674157304,0.4878460061522012
GSM3998263,21,89,2.4831460674157304,0.5424713759248183
GSM3998266,21,89,2.4831460674157304,0.5354467487410468
GSM3998267,21,89,2.4831460674157304,0.4749083435770731
GSM3998269,21,89,2.4831460674157304,0.5343205737031531
GSM3998271,21,89,2.4831460674157304,0.5562551708091332
GSM3998272,21,89,2.4831460674157304,0.5293829008849427
GSM3998274,21,89,2.4831460674157304,0.5024038339792098
GSM3998279,21,89,2.4831460674157304,0.5517141440043551
GSM3998282,21,89,2.4831460674157304,0.46090013105870886
GSM3998286,21,89,2.4831460674157304,0.5623135358744142
GSM3998287,21,89,2.4831460674157304,0.5241980047863297
GSM3998288,21,89,2.4831460674157304,0.5062551771971999
GSM3998289,21,89,2.4831460674157304,0.5211086678430381
GSM3998291,21,89,2.4831460674157304,0.5405961170277673
GSM3998292,21,89,2.4831460674157304,0.48666496748226473
GSM3998293,21,89,2.4831460674157304,0.5231242761924615
GSM3998294,21,89,2.4831460674157304,0.5578452738317257
GSM3998296,21,89,2.4831460674157304,0.5228576527981845
GSM3998299,21,89,2.4831460674157304,0.5624946121562355
GSM3998300,21,89,2.4831460674157304,0.5378989878475422
GSM3998305,21,89,2.4831460674157304,0.5241335788884518
GSM3998306,21,89,2.4831460674157304,0.5524583107639573
GSM3998307,21,89,2.4831460674157304,0.5361238029940445
GSM3998313,21,89,2.4831460674157304,0.5513955740916421
GSM3998323,21,89,2.4831460674157304,0.491932731022656
GSM3998326,21,89,2.4831460674157304,0.48503244432854586
GSM3998341,21,89,2.4831460674157304,0.48437643803302954
GSM3998346,21,89,2.4831460674157304,0.5154788725233317
GSM3998347,21,89,2.4831460674157304,0.5390093549139507
GSM3998349,21,89,2.4831460674157304,0.5674047400843518
GSM3998351,21,89,2.4831460674157304,0.5240012963690659
GSM3998353,21,89,2.4831460674157304,0.615475221271518
GSM3998357,21,89,2.4831460674157304,0.5173714476511964
GSM3998358,21,89,2.4831460674157304,0.5109040855563225
GSM3998363,21,89,2.4831460674157304,0.5807822193657555
GSM3998375,21,89,2.4831460674157304,0.5152410687770428
GSM3998377,21,89,2.4831460674157304,0.5374193362707791
GSM3998380,21,89,2.4831460674157304,0.5033686153004315
GSM4957321,21,89,2.4831460674157304,0.5407099388596261
GSM4957323,21,89,2.4831460674157304,0.5482153680126478
GSM4957324,21,89,2.4831460674157304,0.4691126208734717
GSM4957325,21,89,2.4831460674157304,0.5336357349820684
GSM4957329,21,89,2.4831460674157304,0.5010136718053633
GSM4957339,21,89,2.4831460674157304,0.46516602418337216
GSM4957340,21,89,2.4831460674157304,0.40952593019851014
GSM4957344,21,89,2.4831460674157304,0.5337893986129099
GSM4957350,21,89,2.4831460674157304,0.4787465839923595
GSM4957352,21,89,2.4831460674157304,0.5078876897976454
GSM4957353,21,89,2.4831460674157304,0.5318953236941661
GSM4957354,21,89,2.4831460674157304,0.49910591545829863
GSM4957357,21,89,2.4831460674157304,0.48426758969734873
GSM4957358,21,89,2.4831460674157304,0.4843500351920631
GSM4957362,21,89,2.4831460674157304,0.5210742907825039
GSM4957363,21,89,2.4831460674157304,0.4862942880026151
GSM4957364,21,89,2.4831460674157304,0.5092139856898079
GSM4957367,21,89,2.4831460674157304,0.4484672983920799
GSM4957369,21,89,2.4831460674157304,0.5089605680088014
GSM4957370,21,89,2.4831460674157304,0.5364339702488303
GSM4957372,21,89,2.4831460674157304,0.5737304257878866
GSM4957373,21,89,2.4831460674157304,0.5153258469458439
GSM4957375,21,89,2.4831460674157304,0.5835089943118161
GSM4957376,21,89,2.4831460674157304,0.5729853873096022
GSM4957378,21,89,2.4831460674157304,0.515342348661683
GSM4957379,21,89,2.4831460674157304,0.6012368028245243
GSM4957380,21,89,2.4831460674157304,0.5335300041090654
GSM4957381,21,89,2.4831460674157304,0.5659090684227084
GSM4957382,21,89,2.4831460674157304,0.47379393486189514
GSM4957383,21,89,2.4831460674157304,0.5134519513333329
GSM4957384,21,89,2.4831460674157304,0.5360913348955334
GSM4957389,21,89,2.4831460674157304,0.5084886523158763
GSM4957390,21,89,2.4831460674157304,0.5755152100226679
GSM4957393,21,89,2.4831460674157304,0.5143119128419693
GSM4957396,21,89,2.4831460674157304,0.5229801066080988
GSM4957397,21,89,2.4831460674157304,0.4858433798475055
GSM4957399,21,89,2.4831460674157304,0.5324948279862491
GSM4957402,21,89,2.4831460674157304,0.5694915615438627
GSM4957403,21,89,2.4831460674157304,0.5001877922366074
GSM4957404,21,89,2.4831460674157304,0.48368969983751464
GSM4957406,21,89,2.4831460674157304,0.5105705110275571
GSM4957407,21,89,2.4831460674157304,0.49427933141750646
GSM4957414,21,89,2.4831460674157304,0.5364061076469429
GSM4957415,21,89,2.4831460674157304,0.45907044053206203
GSM4957417,21,89,2.4831460674157304,0.4725805914406265
GSM4957423,21,89,2.4831460674157304,0.5111944767990919
GSM4957435,21,89,2.4831460674157304,0.528044394544338
GSM4957443,21,89,2.4831460674157304,0.5263678626806474
GSM4957445,21,89,2.4831460674157304,0.5403460341290294
GSM4957452,21,89,2.4831460674157304,0.514159370733227
GSM4957455,21,89,2.4831460674157304,0.5307758713042499
GSM4957457,21,89,2.4831460674157304,0.5618413334106056
GSM4957458,21,89,2.4831460674157304,0.5071979727032807
GSM4957459,21,89,2.4831460674157304,0.4836184657636542
GSM3998322,21,90,2.4555555555555557,0.476796388429396
GSM3998325,21,90,2.4555555555555557,0.5265600103816266
GSM3998330,21,90,2.4555555555555557,0.47407442433630687
GSM4957328,21,90,2.4555555555555557,0.5090679440659511
GSM4957347,21,90,2.4555555555555557,0.5148167152630521
GSM4957445,22,6,74.5,0.5190135959066828
GSM3758005,X,2,433.5,0.5690946415457279
GSM3758007,X,2,433.5,0.555230097271441
GSM3758008,X,2,433.5,0.5425387092864273
GSM3758011,X,2,433.5,0.5479334742455348
GSM3758012,X,2,433.5,0.5163384799021702
GSM3758013,X,2,433.5,0.5403644258620699
GSM3758014,X,2,433.5,0.6087620303915693
GSM3758017,X,2,433.5,0.5221283134602905
GSM3758019,X,2,433.5,0.5548217111348572
GSM3758024,X,2,433.5,0.5215793143092542
GSM3758025,X,2,433.5,0.5147467949737736
GSM3758026,X,2,433.5,0.5613856428681983
GSM3758027,X,2,433.5,0.5231399026629342
GSM3758028,X,2,433.5,0.5503709651951536
GSM3758029,X,2,433.5,0.5979331756642172
GSM3758030,X,2,433.5,0.5284991566312662
GSM3758039,X,2,433.5,0.608860299945639
GSM3758040,X,2,433.5,0.5644998864998665
GSM3758042,X,2,433.5,0.5101218735374013
GSM3758044,X,2,433.5,0.5673790855480085
GSM3758046,X,2,433.5,0.5055525619063999
GSM3758051,X,2,433.5,0.5727469817174287
GSM3758052,X,2,433.5,0.5642380249907504
GSM3758054,X,2,433.5,0.6057125256191509
GSM3758055,X,2,433.5,0.5429167128493506
GSM3758056,X,2,433.5,0.5824901026155147
GSM3758059,X,2,433.5,0.5498513336544848
GSM3758060,X,2,433.5,0.5715818368826908
GSM3758061,X,2,433.5,0.582413857703346
GSM3758062,X,2,433.5,0.5545138397106308
GSM3758063,X,2,433.5,0.5697337372810631
GSM3758064,X,2,433.5,0.5671423618831604
GSM3758065,X,2,433.5,0.5432321913187796
GSM3758066,X,2,433.5,0.6057925788807426
GSM3758068,X,2,433.5,0.5420644215814097
GSM3758069,X,2,433.5,0.5681125911794447
GSM3758071,X,2,433.5,0.54860011548632
GSM3758072,X,2,433.5,0.607932984462634
GSM3758078,X,2,433.5,0.5952576555202764
GSM3758081,X,2,433.5,0.5478670440143913
GSM3998167,X,2,433.5,0.5670391222751427
GSM3998175,X,2,433.5,0.553253261399179
GSM3998176,X,2,433.5,0.6303786978571813
GSM3998177,X,2,433.5,0.589748659790819
GSM3998179,X,2,433.5,0.6223502668735841
GSM3998181,X,2,433.5,0.6513950007168616
GSM3998182,X,2,433.5,0.5974520138162673
GSM3998183,X,2,433.5,0.5594761749210857
GSM3998184,X,2,433.5,0.5510885787373492
GSM3998185,X,2,433.5,0.5509828421054634
GSM3998188,X,2,433.5,0.7116971267337564
GSM3998190,X,2,433.5,0.6670577463039997
GSM3998191,X,2,433.5,0.6352663374791971
GSM3998192,X,2,433.5,0.5532781073586
GSM3998193,X,2,433.5,0.6842250888169583
GSM3998194,X,2,433.5,0.7209078009886496
GSM3998197,X,2,433.5,0.5712029537409764
GSM3998198,X,2,433.5,0.6330702357384776
GSM3998200,X,2,433.5,0.6025415467620188
GSM3998201,X,2,433.5,0.5600293121255815
GSM3998207,X,2,433.5,0.5898096588740818
GSM3998209,X,2,433.5,0.538795224398374
GSM3998210,X,2,433.5,0.5572349884221035
GSM3998212,X,2,433.5,0.609211048791777
GSM3998214,X,2,433.5,0.5643160612793605
GSM3998217,X,2,433.5,0.6633564319117196
GSM3998218,X,2,433.5,0.6201079855569276
GSM3998220,X,2,433.5,0.6832430182470413
GSM3998221,X,2,433.5,0.6464370348252326
GSM3998223,X,2,433.5,0.6239855883114536
GSM3998224,X,2,433.5,0.6400758467141023
GSM3998226,X,2,433.5,0.5758869497740426
GSM3998234,X,2,433.5,0.5282034146413834
GSM3998235,X,2,433.5,0.5884248349494285
GSM3998237,X,2,433.5,0.5857287087442606
GSM3998238,X,2,433.5,0.5254615087397903
GSM3998239,X,2,433.5,0.5927912049049118
GSM3998240,X,2,433.5,0.5628252723320784
GSM3998245,X,2,433.5,0.5635546008243102
GSM3998246,X,2,433.5,0.5484739278395367
GSM3998247,X,2,433.5,0.6513836659981713
GSM3998248,X,2,433.5,0.6268351223240263
GSM3998257,X,2,433.5,0.5719491653867008
GSM3998261,X,2,433.5,0.5549941865099215
GSM3998264,X,2,433.5,0.6032856602351053
GSM3998265,X,2,433.5,0.5348620296063751
GSM3998267,X,2,433.5,0.5340837186523122
GSM3998269,X,2,433.5,0.5438529424161023
GSM3998270,X,2,433.5,0.566941307381736
GSM3998271,X,2,433.5,0.6070475207793455
GSM3998273,X,2,433.5,0.528488300333398
GSM3998274,X,2,433.5,0.5748043748104861
GSM3998275,X,2,433.5,0.6632277704173957
GSM3998277,X,2,433.5,0.5218620402695628
GSM3998279,X,2,433.5,0.5490409119597142
GSM3998287,X,2,433.5,0.5903272167030633
GSM3998288,X,2,433.5,0.5642357131794866
GSM3998289,X,2,433.5,0.5768649179970202
GSM3998290,X,2,433.5,0.6084480076928109
GSM3998291,X,2,433.5,0.5779075298504335
GSM3998292,X,2,433.5,0.5759960068103718
GSM3998294,X,2,433.5,0.5979392569396986
GSM3998295,X,2,433.5,0.5848722683581542
GSM3998296,X,2,433.5,0.6030405663693617
GSM3998297,X,2,433.5,0.6461940273029776
GSM3998298,X,2,433.5,0.7035576025003261
GSM3998299,X,2,433.5,0.5529025206651434
GSM3998300,X,2,433.5,0.606140997497798
GSM3998301,X,2,433.5,0.5631774020359099
GSM3998308,X,2,433.5,0.5548288498189002
GSM3998309,X,2,433.5,0.6523154906022297
GSM3998310,X,2,433.5,0.5634308983515388
GSM3998311,X,2,433.5,0.5579549444788827
GSM3998313,X,2,433.5,0.6082505777339748
GSM3998314,X,2,433.5,0.5622837277080448
GSM3998315,X,2,433.5,0.5709487839160632
GSM3998317,X,2,433.5,0.592133992937375
GSM3998318,X,2,433.5,0.6007165523663405
GSM3998324,X,2,433.5,0.7065284722336984
GSM3998325,X,2,433.5,0.5454518884341342
GSM3998326,X,2,433.5,0.5224953281822047
GSM3998327,X,2,433.5,0.5630025203844169
GSM3998328,X,2,433.5,0.5701489660108399
GSM3998330,X,2,433.5,0.649778362688743
GSM3998337,X,2,433.5,0.5622637127725438
GSM3998348,X,2,433.5,0.5409061389093122
GSM3998351,X,2,433.5,0.5902576798345116
GSM3998352,X,2,433.5,0.5350873609182503
GSM3998355,X,2,433.5,0.5886748314227024
GSM3998357,X,2,433.5,0.5253186990058416
GSM3998358,X,2,433.5,0.5230338552663278
GSM3998363,X,2,433.5,0.4899212621201001
GSM3998368,X,2,433.5,0.5122574155094153
GSM3998375,X,2,433.5,0.5415744983349939
GSM3998380,X,2,433.5,0.5464737217025624
GSM4957324,X,2,433.5,0.5709238257370779
GSM4957325,X,2,433.5,0.5707300251645195
GSM4957328,X,2,433.5,0.5942665358215109
GSM4957334,X,2,433.5,0.6709741414082897
GSM4957336,X,2,433.5,0.609964900913845
GSM4957341,X,2,433.5,0.5147293093992227
GSM4957344,X,2,433.5,0.5622430400496867
GSM4957345,X,2,433.5,0.5962343848306042
GSM4957347,X,2,433.5,0.5641417720894473
GSM4957350,X,2,433.5,0.6173012364118504
GSM4957352,X,2,433.5,0.7139677998656593
GSM4957353,X,2,433.5,0.5440880310774956
GSM4957354,X,2,433.5,0.5244950538198982
GSM4957356,X,2,433.5,0.5885071517008944
GSM4957357,X,2,433.5,0.6105853273115236
GSM4957359,X,2,433.5,0.54898743756715
GSM4957361,X,2,433.5,0.7140542646197381
GSM4957362,X,2,433.5,0.6811476743672511
GSM4957363,X,2,433.5,0.5255043484237221
GSM4957364,X,2,433.5,0.52977395492334
GSM4957367,X,2,433.5,0.5813796307411483
GSM4957373,X,2,433.5,0.5878589972564616
GSM4957374,X,2,433.5,0.526640795639914
GSM4957376,X,2,433.5,0.6040971142406395
GSM4957379,X,2,433.5,0.5472893523851985
GSM4957380,X,2,433.5,0.5369191731651601
GSM4957382,X,2,433.5,0.4973952276594238
GSM4957391,X,2,433.5,0.5681634920134555
GSM4957392,X,2,433.5,0.6557897985689967
GSM4957393,X,2,433.5,0.6637935383612983
GSM4957398,X,2,433.5,0.6725186662549487
GSM4957399,X,2,433.5,0.5558093978345813
GSM4957402,X,2,433.5,0.5276698438415934
GSM4957404,X,2,433.5,0.6417845115799974
GSM4957405,X,2,433.5,0.5652080239913881
GSM4957406,X,2,433.5,0.6812063953735259
GSM4957409,X,2,433.5,0.5398547265315443
GSM4957414,X,2,433.5,0.5528944921396239
GSM4957417,X,2,433.5,0.5421778918910038
GSM4957418,X,2,433.5,0.5102848003540816
GSM4957420,X,2,433.5,0.5427304337067782
GSM4957421,X,2,433.5,0.5295129090163266
GSM4957423,X,2,433.5,0.5659837322609751
GSM4957424,X,2,433.5,0.586149220796989
GSM4957426,X,2,433.5,0.5838421150663082
GSM4957427,X,2,433.5,0.5407138960786106
GSM4957428,X,2,433.5,0.6584648192671017
GSM4957429,X,2,433.5,0.5315679337037129
GSM4957430,X,2,433.5,0.567025090026247
GSM4957433,X,2,433.5,0.5377911590619782
GSM4957434,X,2,433.5,0.5992740813672297
GSM4957436,X,2,433.5,0.5174568332743905
GSM4957437,X,2,433.5,0.5359562275484406
GSM4957438,X,2,433.5,0.5618453910231822
GSM4957439,X,2,433.5,0.6313023732069318
GSM4957440,X,2,433.5,0.5309572413764321
GSM4957441,X,2,433.5,0.6035742732723643
GSM4957443,X,2,433.5,0.5082537069158368
GSM4957444,X,2,433.5,0.6487248964907786
GSM4957446,X,2,433.5,0.6773293545516124
GSM4957448,X,2,433.5,0.568150253981587
GSM4957449,X,2,433.5,0.5565088661053683
GSM4957450,X,2,433.5,0.581449597607242
GSM4957455,X,2,433.5,0.5546977892445426
GSM4957456,X,2,433.5,0.547427702603049
GSM4957457,X,2,433.5,0.6628209424884428
GSM4957459,X,2,433.5,0.6708623214967044
GSM4957460,X,2,433.5,0.5638380601938424
GSM4957462,X,2,433.5,0.6151888808656918
GSM3758007,X,4,216.75,0.5305153500440873
GSM3758014,X,4,216.75,0.5882655319696966
GSM3758019,X,4,216.75,0.5335285908355831
GSM3758026,X,4,216.75,0.5343711492117857
GSM3758029,X,4,216.75,0.5608296220862061
GSM3758039,X,4,216.75,0.5657336063550775
GSM3758044,X,4,216.75,0.5339045662796136
GSM3758051,X,4,216.75,0.5375837954875116
GSM3758052,X,4,216.75,0.5424960785027508
GSM3758054,X,4,216.75,0.5644465236411813
GSM3758055,X,4,216.75,0.5177783997340786
GSM3758056,X,4,216.75,0.5543092523961324
GSM3758060,X,4,216.75,0.5626091855123256
GSM3758061,X,4,216.75,0.5639589567585981
GSM3758063,X,4,216.75,0.5607843150979037
GSM3758064,X,4,216.75,0.547365105634988
GSM3758065,X,4,216.75,0.5482363277059807
GSM3758066,X,4,216.75,0.5823760683094323
GSM3758072,X,4,216.75,0.5766754868337651
GSM3758078,X,4,216.75,0.5770312406488749
GSM3998167,X,4,216.75,0.552529658603218
GSM3998175,X,4,216.75,0.5557337443023562
GSM3998176,X,4,216.75,0.6066933639600647
GSM3998177,X,4,216.75,0.5886337404142008
GSM3998179,X,4,216.75,0.6139247752515193
GSM3998180,X,4,216.75,0.5296777936303956
GSM3998181,X,4,216.75,0.6385133343461091
GSM3998182,X,4,216.75,0.574503791140649
GSM3998183,X,4,216.75,0.5928034274522318
GSM3998184,X,4,216.75,0.5700798307366517
GSM3998188,X,4,216.75,0.6849866122964632
GSM3998189,X,4,216.75,0.53068782742197
GSM3998190,X,4,216.75,0.6640194541525437
GSM3998191,X,4,216.75,0.6240376625731701
GSM3998192,X,4,216.75,0.546575690610779
GSM3998193,X,4,216.75,0.6698347513532408
GSM3998194,X,4,216.75,0.7091435770446397
GSM3998197,X,4,216.75,0.5471571696639392
GSM3998198,X,4,216.75,0.5954678308296515
GSM3998200,X,4,216.75,0.5786511938402525
GSM3998207,X,4,216.75,0.5631171031374906
GSM3998209,X,4,216.75,0.5370520730320534
GSM3998212,X,4,216.75,0.5718653565032432
GSM3998217,X,4,216.75,0.6373300888637781
GSM3998218,X,4,216.75,0.5727567406687495
GSM3998220,X,4,216.75,0.6611610273189639
GSM3998221,X,4,216.75,0.6165015946179051
GSM3998223,X,4,216.75,0.6115532743400869
GSM3998224,X,4,216.75,0.6200856263209067
GSM3998226,X,4,216.75,0.5641847932188511
GSM3998235,X,4,216.75,0.5988881427920654
GSM3998237,X,4,216.75,0.5609418229527283
GSM3998239,X,4,216.75,0.5857106295457148
GSM3998245,X,4,216.75,0.5515367908340401
GSM3998247,X,4,216.75,0.6138496131316762
GSM3998248,X,4,216.75,0.6105371183510702
GSM3998257,X,4,216.75,0.5758117694238427
GSM3998261,X,4,216.75,0.5765249864523052
GSM3998264,X,4,216.75,0.5945046430974146
GSM3998265,X,4,216.75,0.5330332951814811
GSM3998267,X,4,216.75,0.5343105254244875
GSM3998269,X,4,216.75,0.5509841062606791
GSM3998270,X,4,216.75,0.578806032214386
GSM3998271,X,4,216.75,0.6112803876555795
GSM3998274,X,4,216.75,0.5626604564813977
GSM3998275,X,4,216.75,0.6370162993936033
GSM3998279,X,4,216.75,0.5281168859893937
GSM3998287,X,4,216.75,0.5892146021615643
GSM3998288,X,4,216.75,0.5693094867586859
GSM3998289,X,4,216.75,0.5640448401387594
GSM3998290,X,4,216.75,0.583548451918702
GSM3998291,X,4,216.75,0.570599940858044
GSM3998292,X,4,216.75,0.5735805055561922
GSM3998294,X,4,216.75,0.5865945022910264
GSM3998295,X,4,216.75,0.5889551009012819
GSM3998296,X,4,216.75,0.5937608051744205
GSM3998297,X,4,216.75,0.6206581423601523
GSM3998298,X,4,216.75,0.6817966543235263
GSM3998299,X,4,216.75,0.5550643941565347
GSM3998300,X,4,216.75,0.6108728069473042
GSM3998301,X,4,216.75,0.5580681325111345
GSM3998308,X,4,216.75,0.5499550277209391
GSM3998309,X,4,216.75,0.6344883072995819
GSM3998310,X,4,216.75,0.5480722398410047
GSM3998311,X,4,216.75,0.5677879738544278
GSM3998313,X,4,216.75,0.5948772568741441
GSM3998315,X,4,216.75,0.5564227816318938
GSM3998317,X,4,216.75,0.5867402253887839
GSM3998318,X,4,216.75,0.5908782716743528
GSM3998324,X,4,216.75,0.661414315688555
GSM3998328,X,4,216.75,0.562109642868537
GSM3998330,X,4,216.75,0.644886880326196
GSM3998351,X,4,216.75,0.5111782450411626
GSM3998375,X,4,216.75,0.5373603410542112
GSM3998377,X,4,216.75,0.5689046187436655
GSM3998380,X,4,216.75,0.5333827361946275
GSM4957324,X,4,216.75,0.5554965485744723
GSM4957325,X,4,216.75,0.5888728687961389
GSM4957328,X,4,216.75,0.5840913516586763
GSM4957334,X,4,216.75,0.6331340308722901
GSM4957336,X,4,216.75,0.6270534676528912
GSM4957344,X,4,216.75,0.5383475978026748
GSM4957345,X,4,216.75,0.5792084842066338
GSM4957347,X,4,216.75,0.569600541447524
GSM4957350,X,4,216.75,0.6023504484859208
GSM4957352,X,4,216.75,0.7028743431518132
GSM4957353,X,4,216.75,0.5233746516799869
GSM4957357,X,4,216.75,0.5984753608608404
GSM4957361,X,4,216.75,0.7064681925813789
GSM4957362,X,4,216.75,0.6753255211888058
GSM4957391,X,4,216.75,0.5795181483820468
GSM4957392,X,4,216.75,0.6622208097159294
GSM4957393,X,4,216.75,0.6605410253716033
GSM4957398,X,4,216.75,0.6580119541471681
GSM4957399,X,4,216.75,0.5592014858620904
GSM4957404,X,4,216.75,0.6031082522954394
GSM4957406,X,4,216.75,0.6848596652457859
GSM4957409,X,4,216.75,0.48667239838501253
GSM4957414,X,4,216.75,0.5438447824134358
GSM4957417,X,4,216.75,0.5054638898042869
GSM4957424,X,4,216.75,0.537005342094746
GSM4957426,X,4,216.75,0.5572505341366347
GSM4957428,X,4,216.75,0.6481561340220989
GSM4957430,X,4,216.75,0.554519194146653
GSM4957434,X,4,216.75,0.5534241788310541
GSM4957437,X,4,216.75,0.5392399619615516
GSM4957438,X,4,216.75,0.5574108571577563
GSM4957439,X,4,216.75,0.6129077719570368
GSM4957441,X,4,216.75,0.6264719848610603
GSM4957444,X,4,216.75,0.6490275867301039
GSM4957446,X,4,216.75,0.6861009461374068
GSM4957448,X,4,216.75,0.5308323897706981
GSM4957449,X,4,216.75,0.5419121073000395
GSM4957450,X,4,216.75,0.5336929183558863
GSM4957455,X,4,216.75,0.5239180416451377
GSM4957457,X,4,216.75,0.6550864216227463
GSM4957459,X,4,216.75,0.667996281215951
GSM4957460,X,4,216.75,0.5541802256825941
GSM4957462,X,4,216.75,0.6211055689275065
GSM3758005,X,6,144.5,0.5308049724200954
GSM3758011,X,6,144.5,0.5242930069654745
GSM3758014,X,6,144.5,0.532241405935896
GSM3758017,X,6,144.5,0.5311126727556426
GSM3758027,X,6,144.5,0.5296779148897119
GSM3758039,X,6,144.5,0.5898635176339666
GSM3758042,X,6,144.5,0.5316362444705942
GSM3758044,X,6,144.5,0.5607437198720033
GSM3758046,X,6,144.5,0.5144509889751929
GSM3758051,X,6,144.5,0.5780783755591932
GSM3758052,X,6,144.5,0.5437752812239367
GSM3758056,X,6,144.5,0.5601375102158941
GSM3758059,X,6,144.5,0.535378882049176
GSM3758060,X,6,144.5,0.5368226020932076
GSM3758063,X,6,144.5,0.5491956604880297
GSM3758064,X,6,144.5,0.5464565999298583
GSM3758066,X,6,144.5,0.5782948134006256
GSM3758072,X,6,144.5,0.5462746411616819
GSM3758078,X,6,144.5,0.543458187575729
GSM3998176,X,6,144.5,0.5391309822797012
GSM3998181,X,6,144.5,0.5348783894679303
GSM3998190,X,6,144.5,0.5532080207988725
GSM3998194,X,6,144.5,0.6171876168957602
GSM3998196,X,6,144.5,0.5303143545909603
GSM3998198,X,6,144.5,0.5638047450079076
GSM3998200,X,6,144.5,0.5470653030921846
GSM3998202,X,6,144.5,0.524350445510458
GSM3998210,X,6,144.5,0.543815831746592
GSM3998235,X,6,144.5,0.5269981946747309
GSM3998245,X,6,144.5,0.5674859281341655
GSM3998248,X,6,144.5,0.5640060267796532
GSM3998257,X,6,144.5,0.5261739158716661
GSM3998268,X,6,144.5,0.5314191598772879
GSM3998271,X,6,144.5,0.5379012569404247
GSM3998275,X,6,144.5,0.5707275148564404
GSM3998284,X,6,144.5,0.5446028861120795
GSM3998287,X,6,144.5,0.5317812925376542
GSM3998289,X,6,144.5,0.5276000713304847
GSM3998290,X,6,144.5,0.5416353840085306
GSM3998291,X,6,144.5,0.5334608667709819
GSM3998292,X,6,144.5,0.54350407016616
GSM3998297,X,6,144.5,0.5728136440330744
GSM3998298,X,6,144.5,0.5826665858878317
GSM3998310,X,6,144.5,0.5235407683882922
GSM3998324,X,6,144.5,0.5575253419365085
GSM3998346,X,6,144.5,0.5069629633828732
GSM3998348,X,6,144.5,0.537994641289651
GSM3998349,X,6,144.5,0.5273458210246074
GSM3998351,X,6,144.5,0.5915024895559666
GSM3998352,X,6,144.5,0.5300523107852904
GSM3998355,X,6,144.5,0.5577593575743904
GSM3998357,X,6,144.5,0.5299400350904904
GSM3998358,X,6,144.5,0.525777417204107
GSM3998363,X,6,144.5,0.5021793027823445
GSM4957334,X,6,144.5,0.5659718809665848
GSM4957344,X,6,144.5,0.5295050590045132
GSM4957350,X,6,144.5,0.5495420715596686
GSM4957353,X,6,144.5,0.5731046314856783
GSM4957354,X,6,144.5,0.5314224959150673
GSM4957356,X,6,144.5,0.5728564718382092
GSM4957357,X,6,144.5,0.5226025682863829
GSM4957367,X,6,144.5,0.5614834315828672
GSM4957373,X,6,144.5,0.5736002304660013
GSM4957376,X,6,144.5,0.5451240112395941
GSM4957379,X,6,144.5,0.49595408150042664
GSM4957380,X,6,144.5,0.5207178267992605
GSM4957381,X,6,144.5,0.5340309266433687
GSM4957402,X,6,144.5,0.5210905937535131
GSM4957409,X,6,144.5,0.5280121137518474
GSM4957417,X,6,144.5,0.515074404091604
GSM4957424,X,6,144.5,0.5561401177774794
GSM4957426,X,6,144.5,0.5209808238956977
GSM4957434,X,6,144.5,0.5475252394283352
GSM4957439,X,6,144.5,0.5245081736663839
GSM4957441,X,6,144.5,0.5082965598222118
GSM4957446,X,6,144.5,0.5695298770249133
GSM4957448,X,6,144.5,0.5507762333571962
GSM4957450,X,6,144.5,0.5261146303923567
GSM4957456,X,6,144.5,0.5217686830582613
GSM4957457,X,6,144.5,0.5374474714184965
GSM4957458,X,6,144.5,0.532103043677385
GSM4957459,X,6,144.5,0.5658328134217889
GSM3998280,X,9,96.33333333333333,0.52267374703474
GSM3998242,X,169,5.1301775147929,0.5393180498249976
GSM3998268,X,170,5.1,0.6014428423494196
GSM3758009,X,329,2.635258358662614,0.6130847649074171
GSM3998180,X,329,2.635258358662614,0.5325818057146554
GSM3998237,X,329,2.635258358662614,0.5407946658577081
GSM3998239,X,329,2.635258358662614,0.5380383435465501
GSM3998261,X,329,2.635258358662614,0.5293623544744763
GSM3998293,X,329,2.635258358662614,0.5081888697908035
GSM3998329,X,329,2.635258358662614,0.5557943256734128
GSM3998330,X,329,2.635258358662614,0.5167376720455774
GSM3998371,X,329,2.635258358662614,0.6002755310430818
GSM4957335,X,329,2.635258358662614,0.5357732750121187
GSM4957337,X,329,2.635258358662614,0.6072999775352268
GSM4957339,X,329,2.635258358662614,0.5516789661802082
GSM4957341,X,329,2.635258358662614,0.5157387748779629
GSM4957342,X,329,2.635258358662614,0.5465500083647812
GSM4957351,X,329,2.635258358662614,0.5411048342972391
GSM4957377,X,329,2.635258358662614,0.4970664054725358
GSM3998280,X,379,2.287598944591029,0.5397219287728063
GSM3998221,X,395,2.1949367088607596,0.5772934485178016
GSM3998222,X,395,2.1949367088607596,0.5453138620787099
