sample,chr,offset,exponent,sd_resid,n_peaks
GSM3758005,1,3.598926136126688,0.16074613067939267,0.19998409176664866,2
GSM3758006,1,3.622894775860572,0.1864865960767277,0.2022727653327184,0
GSM3758007,1,3.5670470770347884,0.1979495209810406,0.1980475400987376,0
GSM3758008,1,3.5842909639938316,0.20246979095845818,0.19084147927830192,0
GSM3758009,1,3.5427976976199034,0.17501309676417434,0.2172223687428183,0
GSM3758010,1,3.651086169532712,0.16939467070181824,0.20568112878312023,0
GSM3758011,1,3.6168768411254977,0.16472292591511092,0.19478499878569072,0
GSM3758012,1,3.6592671971516553,0.15508212097458024,0.20149359853154986,0
GSM3758013,1,3.5961917915958392,0.19955406912006782,0.19579287067298595,2
GSM3758014,1,3.659899446320178,0.2093167916823055,0.19997764522179348,1
GSM3758015,1,3.601922229408264,0.19942917273178082,0.20323557901419334,1
GSM3758016,1,3.593656745085317,0.19639527549109997,0.20588768493257184,0
GSM3758017,1,3.664887445472291,0.16488737492634947,0.20507635552692244,1
GSM3758018,1,3.567041243595498,0.2082716000892039,0.2015401390718942,0
GSM3758019,1,3.61905054978034,0.18813940380462532,0.2004242721265348,1
GSM3758020,1,3.6836655912798033,0.15995736071093072,0.19821878988683045,2
GSM3758021,1,3.5858549621787077,0.1918633246792423,0.20062673666986613,1
GSM3758022,1,3.6219181135533485,0.19282258542396363,0.20350053136100804,1
GSM3758023,1,3.6372571744030697,0.18651268349599306,0.20926339594140647,0
GSM3758024,1,3.628576995043428,0.18424901910262495,0.19879591142852948,2
GSM3758025,1,3.6421751177700035,0.17750142778155983,0.19642501675633806,1
GSM3758026,1,3.625264964322079,0.17786306277978534,0.19832156399475162,0
GSM3758027,1,3.6272201024619655,0.17477833735532491,0.19742738444762234,1
GSM3758028,1,3.5927495995279486,0.1714100346279663,0.20026726187786845,2
GSM3758029,1,3.5915080192239532,0.18074683601835004,0.20284461002130724,2
GSM3758030,1,3.5823425297382347,0.19124122128691795,0.2080694963223047,0
GSM3758031,1,3.587465863435398,0.1873867098672819,0.20236617910611984,1
GSM3758032,1,3.6283847597823313,0.17598617767901567,0.20402602938032413,0
GSM3758033,1,3.530251100581466,0.20529578640790966,0.20997893633890918,0
GSM3758034,1,3.5801395888186196,0.19557407278072236,0.20792622010058173,0
GSM3758035,1,3.6355763417897773,0.18288371143151863,0.201122489377475,0
GSM3758036,1,3.6454074942852115,0.17982403258116966,0.1987605986919408,0
GSM3758037,1,3.6623530696085074,0.1781186962793898,0.19786862871577746,1
GSM3758038,1,3.6362718937093628,0.15743157945642666,0.2000227154274773,0
GSM3758039,1,3.6228910832595793,0.17839071496668257,0.20657801371565393,0
GSM3758040,1,3.6153337538667008,0.18261863003733023,0.20127511825446248,3
GSM3758041,1,3.6429907913778696,0.1855616335948605,0.2062045103663479,1
GSM3758042,1,3.6540828144663178,0.15771838869325464,0.2006388352589159,2
GSM3758043,1,3.6689414980063213,0.16802733704855158,0.19337729823239022,3
GSM3758044,1,3.642513248315244,0.18018440325761906,0.197691661309842,0
GSM3758045,1,3.6319251084170707,0.189098540718154,0.19821553600708955,5
GSM3758046,1,3.626206611847147,0.17109322611303326,0.1971129103138552,0
GSM3758047,1,3.6066277795707546,0.17005572938408917,0.20234857113841231,2
GSM3758048,1,3.645998429871175,0.1438983624570969,0.19586033590450988,3
GSM3758049,1,3.623820373377719,0.13324869556032712,0.20773369016797538,1
GSM3758050,1,3.6102130794602743,0.1957237645574743,0.19848852608129114,3
GSM3758051,1,3.6753161198960895,0.15813189472844696,0.20107729016207748,1
GSM3758052,1,3.6201138012575886,0.18936215301668927,0.20282029599509824,1
GSM3758053,1,3.6445544832837107,0.19042592693585028,0.19420209783138376,1
GSM3758054,1,3.6524822981864316,0.18344056851039295,0.19790206788256837,2
GSM3758055,1,3.6185693079937074,0.19044913339998706,0.19658050720780845,2
GSM3758056,1,3.618657912611576,0.1908757730649813,0.20486293818851967,1
GSM3758057,1,3.626836836956527,0.18283318140838914,0.20101594622571692,2
GSM3758058,1,3.575717627481108,0.2051286162551395,0.20133499952790257,1
GSM3758059,1,3.671961327852716,0.16865454292010218,0.20613205295266934,1
GSM3758060,1,3.6261330967042222,0.18087838836347309,0.19695631730173077,1
GSM3758061,1,3.6140125344221814,0.20962175020639237,0.20116607939167935,1
GSM3758062,1,3.639508359618864,0.18236058403341418,0.20443819817705236,1
GSM3758063,1,3.602771358324608,0.21098587829994878,0.19948278510281833,1
GSM3758064,1,3.6345190797500946,0.1899717783431105,0.1981866970460215,1
GSM3758065,1,3.60314332625816,0.21264311082194304,0.1968660998999739,2
GSM3758066,1,3.6404756437488555,0.1856953456449437,0.20622582036773024,0
GSM3758067,1,3.6698371814822695,0.19307049416878663,0.1974729842894659,2
GSM3758068,1,3.6128826653464117,0.18835613761235467,0.20289930822563557,2
GSM3758069,1,3.594585173134887,0.18824871365076595,0.2014310191354837,0
GSM3758070,1,3.6326218810634154,0.19487054372910398,0.19817078047641906,0
GSM3758071,1,3.647229658512872,0.20200435073188822,0.20036729124867297,1
GSM3758072,1,3.589938198465244,0.2023065762131294,0.20965299998289005,0
GSM3758073,1,3.6345500336266174,0.20381179333500193,0.19204587913990637,4
GSM3758074,1,3.632196498575606,0.17754311326196517,0.20165374364715802,1
GSM3758075,1,3.6980317027156597,0.18620297245836745,0.19864981742080767,5
GSM3758076,1,3.6648578458746552,0.2017441576326383,0.20058876160739655,2
GSM3758077,1,3.6131118231628347,0.213876971239396,0.19368698621831532,2
GSM3758078,1,3.6078586592870487,0.20086153125569312,0.2060237262659302,1
GSM3758079,1,3.59945776632738,0.18437848339070123,0.20667556881511887,0
GSM3758080,1,3.603760973325708,0.2188338154554149,0.19775684955034314,1
GSM3758081,1,3.6397307144278668,0.22038091964950823,0.20393866899902363,2
GSM3758082,1,3.6388357680959076,0.19845895581316483,0.19851443278659073,0
GSM3998167,1,3.640378115505237,0.1801100051425145,0.20770706167668218,0
GSM3998168,1,3.566458191011479,0.209216015633692,0.2011327041896893,1
GSM3998169,1,3.5967376703310863,0.20007854873771233,0.20399506296840614,2
GSM3998170,1,3.6079611909601264,0.19332748781236683,0.19668854937431726,2
GSM3998171,1,3.6081720809821443,0.21955096084288026,0.2071912402682096,1
GSM3998172,1,3.6260853230693337,0.19478040163566837,0.20184327117304926,3
GSM3998173,1,3.5967165517946613,0.2096579704362524,0.20354574721948512,1
GSM3998174,1,3.616204376486756,0.22200429745703798,0.1987567265185152,0
GSM3998175,1,3.7049754850039247,0.17645190254960258,0.19970915617584406,3
GSM3998176,1,3.69451773879245,0.20536904924026914,0.2067222930224372,1
GSM3998177,1,3.6757746038106553,0.19637090772777382,0.20175017337547588,2
GSM3998178,1,3.6255706970891626,0.24130111507586874,0.20580540818993828,2
GSM3998179,1,3.610991667595704,0.2006443211965427,0.2098170604324655,1
GSM3998180,1,3.6258401158788223,0.22776688719580224,0.21111908584951206,1
GSM3998181,1,3.657669831630008,0.22088446283543675,0.20193279427846442,0
GSM3998182,1,3.6808769068146376,0.21424157251700918,0.2005601872735356,1
GSM3998183,1,3.6613182189912976,0.19445221506621635,0.20089238116640126,3
GSM3998184,1,3.611870347822913,0.24597156688144842,0.20269476863975805,2
GSM3998185,1,3.636218387629965,0.19696854681620216,0.2050021284000099,1
GSM3998186,1,3.7039212363024956,0.21651481171259407,0.20388925120930818,0
GSM3998187,1,3.620299918749633,0.22292503005333078,0.20402802145844093,1
GSM3998188,1,3.570486170914829,0.2508228413657967,0.2130589883007766,2
GSM3998189,1,3.617366278824762,0.2167489600971243,0.20184600526409055,3
GSM3998190,1,3.615081746852541,0.23543085624454166,0.20683844825390635,0
GSM3998191,1,3.571018083532664,0.2201642267029296,0.21402184379160136,1
GSM3998192,1,3.6125991203839694,0.19030374368675979,0.19907637134886852,1
GSM3998193,1,3.5926429930378063,0.24041856209721424,0.20978727440780728,2
GSM3998194,1,3.6303808722824216,0.22694364465685174,0.20557892588007465,2
GSM3998195,1,3.5945010871403054,0.22069531733382078,0.20113211798685648,1
GSM3998196,1,3.5916351233108315,0.18672722752495174,0.20197869272788654,0
GSM3998197,1,3.6397072668828216,0.1797051429235758,0.20532494709784122,1
GSM3998198,1,3.6424438421844347,0.19682411629664026,0.2042530068476007,1
GSM3998199,1,3.54904620960593,0.20433205652458392,0.20342042115483924,0
GSM3998200,1,3.6420956479899367,0.18301023186653753,0.2008259948934998,1
GSM3998201,1,3.563829648366301,0.19273393672413427,0.20877880023079956,2
GSM3998202,1,3.6533340748418768,0.16165222565732273,0.20134244234460943,0
GSM3998203,1,3.637892690538397,0.1997313467192086,0.20327926561033638,1
GSM3998204,1,3.62764200244445,0.1773014203659382,0.20430211608286888,0
GSM3998205,1,3.650569004450346,0.1912335823982198,0.2060007117269768,0
GSM3998206,1,3.6594511507780645,0.223082480484,0.20657303037676256,1
GSM3998207,1,3.60591315574696,0.22166963650003144,0.20824767736517322,1
GSM3998208,1,3.639072623354515,0.2313387881302735,0.20302753681655705,1
GSM3998209,1,3.6290845766785456,0.2109729679747782,0.20098897196966486,2
GSM3998210,1,3.5993707616835433,0.16105059938164876,0.2046599862191099,0
GSM3998211,1,3.617163857151059,0.18731862581998746,0.20272582795334487,1
GSM3998212,1,3.6326334871649957,0.20994882911664206,0.20339796816925254,1
GSM3998213,1,3.6565323193102257,0.1980032168270543,0.21108358239558767,1
GSM3998214,1,3.570979839759068,0.18944285252623908,0.20713986340989052,2
GSM3998215,1,3.64663712034472,0.22116224544012447,0.21286455059154408,2
GSM3998216,1,3.6603910343617683,0.21969995009683213,0.19910997014804596,2
GSM3998217,1,3.6451045178256356,0.23527406618454091,0.1956178545926544,2
GSM3998218,1,3.6380403831317123,0.16216253849531148,0.20008368442746022,0
GSM3998219,1,3.664315820393842,0.21098649873511577,0.20365732968991457,1
GSM3998220,1,3.6725646640360075,0.20119566633436078,0.2022963159003082,1
GSM3998221,1,3.6197680806766703,0.23596282300499438,0.20709921008301976,2
GSM3998222,1,3.6905376992026904,0.20622827337075733,0.20213944988502944,1
GSM3998223,1,3.616893490983838,0.20679903273985592,0.20958402455976607,2
GSM3998224,1,3.6248396897425312,0.1955601848648762,0.20164610795693702,4
GSM3998225,1,3.531993243195857,0.15111561698304313,0.2040421945687696,0
GSM3998226,1,3.59598286117774,0.2138229082974583,0.2116398295365633,1
GSM3998227,1,3.6112248172030363,0.10807686201146789,0.20427902791829308,1
GSM3998228,1,3.610061163437148,0.23513784386121078,0.20350041957249623,0
GSM3998229,1,3.5933334280845792,0.168569798147788,0.20453086486712185,0
GSM3998230,1,3.6226155746089934,0.1638313875056925,0.21205790530816343,0
GSM3998231,1,3.6567344341643224,0.205749138725079,0.20101534736924226,1
GSM3998232,1,3.6531858106225514,0.17501227467833902,0.19726382916053206,0
GSM3998233,1,3.549534765947978,0.18619110162935604,0.20331469034366645,0
GSM3998234,1,3.6454115347299045,0.16040035848618042,0.20845298893804504,1
GSM3998235,1,3.627473273880866,0.2059935685554343,0.20141669203243526,3
GSM3998236,1,3.6168006733086573,0.18568478180123782,0.20525328915387586,0
GSM3998237,1,3.6635326089698252,0.18240013939311167,0.1967241513216387,0
GSM3998238,1,3.6249601375046434,0.1486252093674037,0.1985823482251391,2
GSM3998239,1,3.648135263863569,0.20951463107717547,0.20780091672283993,1
GSM3998240,1,3.618619659748024,0.17277756042391135,0.20147651168192363,1
GSM3998241,1,3.614249608122811,0.1970002689770518,0.2032650630880346,1
GSM3998242,1,3.549413996925985,0.1535814344160341,0.20724754086473213,0
GSM3998243,1,3.61151887321082,0.16534094195077115,0.2037142072227799,0
GSM3998244,1,3.6656434111696696,0.15038417577268512,0.1975639483947342,1
GSM3998245,1,3.6171661632526315,0.17048912164019744,0.20095088055963514,2
GSM3998246,1,3.6210218092778965,0.17566878551751117,0.19819941357972082,2
GSM3998247,1,3.6585241871671705,0.20471762679403735,0.20045754583603506,4
GSM3998248,1,3.61127784172337,0.1832187015869024,0.20575921180359433,1
GSM3998249,1,3.655289536315884,0.2197520682537416,0.20073673483360752,2
GSM3998250,1,3.6276471696515156,0.22053665904437464,0.19992020570466207,1
GSM3998251,1,3.5738783930226616,0.1949567989231835,0.20294949626740688,1
GSM3998252,1,3.641478809733401,0.17779644569422742,0.19874558620267488,0
GSM3998253,1,3.6026203458629373,0.15251367818286923,0.2051518473658839,2
GSM3998254,1,3.6048179212684133,0.19670311302079158,0.19992446708294362,1
GSM3998255,1,3.6579336290103286,0.22317411904156872,0.1964337359340351,1
GSM3998256,1,3.68213903444062,0.15099986016099873,0.1951390223437108,2
GSM3998257,1,3.597135744181837,0.19374565078129657,0.19971432396374847,0
GSM3998258,1,3.556050533764883,0.1984738108302588,0.20072633413943078,2
GSM3998259,1,3.663065056807542,0.17093990328614425,0.2039401401825192,0
GSM3998260,1,3.678971910057479,0.16582438172821765,0.20349063751607166,0
GSM3998261,1,3.6242415114657343,0.24585605685837336,0.2083846321200215,2
GSM3998262,1,3.6377576938606526,0.2084537501917703,0.20502950653658517,2
GSM3998263,1,3.629115939841133,0.22016083451871124,0.19827726451118421,0
GSM3998264,1,3.6122693088043607,0.2147178110830597,0.20741106559596623,1
GSM3998265,1,3.650055570601161,0.2199655333534777,0.20673223309082356,1
GSM3998266,1,3.665025035855364,0.22032606634471386,0.20759109592575697,0
GSM3998267,1,3.6894566084684843,0.21487050025509416,0.20703109274912443,0
GSM3998268,1,3.57885233638852,0.16155939785787063,0.21681408219120235,0
GSM3998269,1,3.6143580119914214,0.23050145212347933,0.20592793547289426,0
GSM3998270,1,3.6481967648157996,0.22305153783862977,0.2010808110027347,5
GSM3998271,1,3.6561669844190785,0.18707472548291307,0.20083149748719395,2
GSM3998272,1,3.7061091971033884,0.13416544194464833,0.19793765636426586,4
GSM3998273,1,3.6854894356787673,0.12493170856748326,0.20603333396940235,2
GSM3998274,1,3.6650487301013666,0.18524212317971797,0.20381345637539205,0
GSM3998275,1,3.615759105179857,0.20207485156081928,0.1984672627040931,0
GSM3998276,1,3.622638349368842,0.14713371826796,0.19826910131781808,4
GSM3998277,1,3.6619152529418195,0.16767480132082815,0.19886824826822413,0
GSM3998278,1,3.642638913157009,0.1357590151294493,0.2076764442226954,0
GSM3998279,1,3.648062553206629,0.17091656485543846,0.20028485952872002,0
GSM3998280,1,3.637416063451947,0.1241441500813523,0.19934170221499406,0
GSM3998281,1,3.5901676193779104,0.21440612977900156,0.2045645817887602,0
GSM3998282,1,3.615572938030009,0.20522280324706202,0.20370127385590586,3
GSM3998283,1,3.6188191930475346,0.20535291837846198,0.2063615815082293,1
GSM3998284,1,3.631301431756441,0.13774594802274312,0.2028859134029881,0
GSM3998285,1,3.5818106106001237,0.14830069051122474,0.21192710394073405,0
GSM3998286,1,3.6831755907926524,0.20821513187707383,0.2046978175536434,1
GSM3998287,1,3.6653632416743216,0.1772184132398229,0.2053137402402465,1
GSM3998288,1,3.719353247520136,0.19365496070296492,0.19489854884544394,2
GSM3998289,1,3.6587682747716554,0.1955466010676365,0.20047791892597244,1
GSM3998290,1,3.6050279582106546,0.20261650310586424,0.20165861736499024,2
GSM3998291,1,3.6169348279266966,0.21858517323041546,0.20163156633026214,1
GSM3998292,1,3.6593127598912796,0.17711124900015981,0.1977761549772879,3
GSM3998293,1,3.6500468035531406,0.15228915116009378,0.19846347505228845,1
GSM3998294,1,3.6719386437140002,0.2191164807273133,0.2019936626821269,2
GSM3998295,1,3.6594425781018494,0.20423245317056918,0.20355063535867998,2
GSM3998296,1,3.664295714632655,0.2173746328303065,0.21383139368720963,2
GSM3998297,1,3.7018450794210676,0.19729009907822193,0.20206860423646367,1
GSM3998298,1,3.646847484725873,0.21560511958312428,0.20466723523542343,3
GSM3998299,1,3.6763833514470545,0.20466089224562994,0.19908961203752057,2
GSM3998300,1,3.6661016156421167,0.18480331317814824,0.20206270315925562,1
GSM3998301,1,3.606666438948662,0.21425870720274953,0.20897718191444412,1
GSM3998302,1,3.6391910584673215,0.16050243885174895,0.2147149783520243,0
GSM3998303,1,3.659291560188912,0.1603486855011059,0.20656407859325882,1
GSM3998304,1,3.665150332662559,0.16962812866487348,0.1975707505432181,1
GSM3998305,1,3.6933143297712543,0.1619553892619773,0.19377780406353765,4
GSM3998306,1,3.6500168931494503,0.2241509741868266,0.19847549529528702,1
GSM3998307,1,3.669319561755489,0.1666245351935388,0.2010075416437114,1
GSM3998308,1,3.632964138464849,0.20063483428848813,0.20325804544192613,3
GSM3998309,1,3.626589726593219,0.22184912131271267,0.21646283970715566,1
GSM3998310,1,3.6650244704875954,0.17220385353333562,0.20642560828967108,0
GSM3998311,1,3.648432611252648,0.22494461660954124,0.20510859689786484,1
GSM3998312,1,3.6065540417959543,0.17961323789720243,0.2028893544799979,2
GSM3998313,1,3.632843798930546,0.1950642011639913,0.20420217705883414,0
GSM3998314,1,3.621724469166228,0.20652134673845912,0.20317595936908586,0
GSM3998315,1,3.6715653972372704,0.21615068793499778,0.20637010298927574,2
GSM3998316,1,3.6292489429915022,0.2422387336405661,0.204444272761706,1
GSM3998317,1,3.642382051057273,0.22834640979777762,0.2052598363656756,1
GSM3998318,1,3.6257838086936385,0.2234908343748874,0.2124124437524244,1
GSM3998319,1,3.6723723696644877,0.16104254213391794,0.20465098183448913,0
GSM3998320,1,3.6513793210815084,0.18164596177771467,0.21042387675997926,1
GSM3998321,1,3.6434812955941513,0.20572346958269502,0.2033559112363323,1
GSM3998322,1,3.6230082040957954,0.2096261280419199,0.20339858870550676,1
GSM3998323,1,3.6701742737237697,0.206306630275657,0.20750514358523775,1
GSM3998324,1,3.5789125700635656,0.2249097787965593,0.20852128485381502,1
GSM3998325,1,3.677461227962871,0.21345161280836353,0.20505450993316005,2
GSM3998326,1,3.666422696783886,0.20422394913875885,0.20411526690083792,0
GSM3998327,1,3.552357817960299,0.1927135999149581,0.2142736809234628,1
GSM3998328,1,3.5817020665487522,0.22370288573055805,0.20441994920416434,1
GSM3998329,1,3.583054295639103,0.2366455898878757,0.2082080445405426,0
GSM3998330,1,3.670206068449124,0.20949676471114376,0.20762191599862329,1
GSM3998331,1,3.6318586394882364,0.2033406014920883,0.20668487473946634,1
GSM3998332,1,3.530655082197024,0.16324066114595415,0.20128622990402972,1
GSM3998333,1,3.6102041347610663,0.20123928042841727,0.2102503567846149,0
GSM3998334,1,3.5831294044911273,0.20024420887654934,0.20157806326267594,1
GSM3998335,1,3.5637444630610022,0.1983342687658644,0.20480056796243648,1
GSM3998336,1,3.636886156070675,0.2245767037911662,0.20487067905067907,0
GSM3998337,1,3.671284788565272,0.19589758965233864,0.20028747356405466,0
GSM3998338,1,3.632070661301547,0.15158135641427614,0.19921888021564718,1
GSM3998339,1,3.6424611124269015,0.1905125303281342,0.20274712079220492,1
GSM3998340,1,3.645235826524669,0.1772080759393239,0.2002993170495915,0
GSM3998341,1,3.6585824073749604,0.18523046422022535,0.2001643217532774,0
GSM3998342,1,3.607244717342687,0.19656146264965352,0.19765911064648797,2
GSM3998343,1,3.6264763902577277,0.11892049853112951,0.20352889901927398,0
GSM3998344,1,3.6529389472168585,0.13424847714922786,0.2005268641891115,1
GSM3998345,1,3.6529904035075025,0.10712788142637684,0.1925931868942529,2
GSM3998346,1,3.6256180600350247,0.12043830826071737,0.19823745691281097,2
GSM3998347,1,3.6151509535656605,0.1083447187563251,0.20276705969016653,2
GSM3998348,1,3.6256118604812317,0.1085315945176377,0.19421909752924088,1
GSM3998349,1,3.631527522837941,0.1257520618359985,0.1934592988917872,2
GSM3998350,1,3.611174821187272,0.12058981503547167,0.2028595646898031,2
GSM3998351,1,3.6199525097746843,0.11876801814138377,0.19516929467495187,3
GSM3998352,1,3.6252212020594383,0.12508326895324995,0.1922240096931366,1
GSM3998353,1,3.677903685882875,0.11848502549596468,0.19614188732400734,1
GSM3998354,1,3.582020570826263,0.1451950467743107,0.20182905488650393,2
GSM3998355,1,3.5799985954308777,0.14733534236497697,0.20374037087293329,1
GSM3998356,1,3.6336927688599756,0.109857930621052,0.1982277407588721,0
GSM3998357,1,3.63958598572519,0.10466287948331221,0.2045938785347392,1
GSM3998358,1,3.606819472576487,0.15710118004092022,0.19586449546890025,1
GSM3998359,1,3.5241591115363273,0.11230375993165809,0.20397994090410945,2
GSM3998360,1,3.605569700174015,0.12303404346171826,0.19674845992938828,1
GSM3998361,1,3.7084526458086753,0.10828436610006907,0.1893142753645854,3
GSM3998362,1,3.573690391559519,0.1184597251918254,0.2106823135459649,0
GSM3998363,1,3.6570643335280066,0.10395454176002211,0.19855810487531136,3
GSM3998364,1,3.639013793297626,0.11638726235124358,0.19670767836938485,0
GSM3998365,1,3.591872090404029,0.1140047672255701,0.19686628861284045,2
GSM3998366,1,3.6456723095055987,0.14039034373307646,0.202794863343407,1
GSM3998367,1,3.5872677533952197,0.114536913001528,0.20253239963950329,0
GSM3998368,1,3.6296710724314,0.12129179482319523,0.2022591536317738,2
GSM3998369,1,3.6346312795290303,0.15278065056176274,0.2137390984454755,0
GSM3998370,1,3.5627551937092217,0.168428392916498,0.19780238574749798,0
GSM3998371,1,3.5508569990229604,0.2178750097167349,0.20038722010084167,0
GSM3998372,1,3.5826315874941908,0.20904659338546105,0.1972204708450145,1
GSM3998373,1,3.5976587085753367,0.14950370636865945,0.19882743774551784,0
GSM3998374,1,3.557677700210404,0.1695427087344489,0.19359033705814174,2
GSM3998375,1,3.597538612910043,0.19719515189948186,0.20324072841543803,0
GSM3998376,1,3.5346563488437774,0.2086986540436886,0.1963473136906688,0
GSM3998377,1,3.6060409519323655,0.19928887264157835,0.20027046842003435,1
GSM3998378,1,3.5371178128574616,0.15902887873861807,0.1992055546955631,0
GSM3998379,1,3.546342680176927,0.19334707644062674,0.1917200302745876,1
GSM3998380,1,3.5977894013604264,0.1856397580651198,0.20002147754977775,0
GSM3998381,1,3.576632056150876,0.12085300387737641,0.1932437983369479,3
GSM3998382,1,3.5196214915974315,0.1334763729582215,0.20169480133748496,0
GSM4957321,1,3.6735996776244746,0.16989537269901878,0.20086952442294362,1
GSM4957322,1,3.641999956467152,0.18054650800899869,0.19244481654186354,2
GSM4957323,1,3.5998250362984128,0.21557183484716544,0.20333029714347525,0
GSM4957324,1,3.560227060337305,0.20569677556440397,0.19957883955464406,0
GSM4957325,1,3.6565499079493415,0.2115292833540127,0.19742820060642663,0
GSM4957326,1,3.643479689552461,0.23205853170432317,0.20053119580397433,4
GSM4957327,1,3.617139738824821,0.218973831141926,0.20671359679200507,1
GSM4957328,1,3.5616951667652086,0.24439796660509716,0.202976885191603,3
GSM4957329,1,3.638759566801614,0.19237095250522637,0.19781150325740368,1
GSM4957330,1,3.725028744169733,0.2079261589963026,0.2026620268433748,0
GSM4957331,1,3.625430350933166,0.256651750523929,0.19911393241492226,3
GSM4957332,1,3.6138751374066365,0.1953279867394984,0.20635056414795258,1
GSM4957333,1,3.583155360977149,0.2050511217745733,0.195405196179704,2
GSM4957334,1,3.6208473465778632,0.22415304586116655,0.20327555546419773,3
GSM4957335,1,3.6916338067138077,0.13526005664040253,0.20874696183621924,0
GSM4957336,1,3.6806155457696406,0.2314125542308375,0.20099193383408553,1
GSM4957337,1,3.6294506142555174,0.14062511127835514,0.2137174078212237,0
GSM4957338,1,3.6204923632025476,0.16628961672477705,0.2086043678108659,0
GSM4957339,1,3.6992778060565934,0.19376719838988438,0.20194168825729056,1
GSM4957340,1,3.62347088439775,0.16579020249855636,0.2090041184865656,1
GSM4957341,1,3.735821752554373,0.15756981314736984,0.20366012777375508,0
GSM4957342,1,3.755229898033192,0.15454306393519995,0.20556573281029775,0
GSM4957343,1,3.668228850831036,0.1748998090546666,0.21003408129129655,0
GSM4957344,1,3.605462727175385,0.19024026413323417,0.20073980137772682,0
GSM4957345,1,3.573623770718606,0.20407015337726436,0.20552296970828796,1
GSM4957346,1,3.6340719370149515,0.16815226683725365,0.20684039219341266,0
GSM4957347,1,3.6124778432217037,0.22764989675135705,0.20048854207794964,2
GSM4957348,1,3.5750675574779414,0.17828303722282338,0.20065600411065418,0
GSM4957349,1,3.4993750142086713,0.14581093097665104,0.20814194011582915,0
GSM4957350,1,3.5960158562882794,0.22183465039597094,0.2060887144551678,1
GSM4957351,1,3.652864338792103,0.18591385601445107,0.2055878445780117,0
GSM4957352,1,3.647045945243768,0.22514035237320956,0.20542635428841782,3
GSM4957353,1,3.567026645053312,0.17735673403648566,0.20113118720264223,2
GSM4957354,1,3.5492573690991422,0.14746661117941684,0.20298291509533997,2
GSM4957355,1,3.567871703148951,0.19061305687123584,0.2066092655849589,2
GSM4957356,1,3.579553508514287,0.16436309963535473,0.20505193323271265,0
GSM4957357,1,3.5769582649152425,0.2129966323476956,0.1983885820716639,1
GSM4957358,1,3.6350407392364854,0.20396450342064057,0.197855623829435,1
GSM4957359,1,3.587094336909907,0.16485699156366934,0.20030262665821938,0
GSM4957360,1,3.6743554057378685,0.17736955305395347,0.20899934609607923,0
GSM4957361,1,3.598082398780478,0.23547458858460735,0.2047737521102003,3
GSM4957362,1,3.579955813724663,0.23529473033070764,0.20599969131450346,2
GSM4957363,1,3.624752233456077,0.20837705646644314,0.2013713579567554,2
GSM4957364,1,3.665207980973751,0.17280019964831775,0.20233474601128815,1
GSM4957365,1,3.686668052412195,0.09715000800720539,0.2102819683974816,4
GSM4957366,1,3.6148435700170145,0.09564001780622723,0.20993202972374428,1
GSM4957367,1,3.689565146495135,0.11747674868302388,0.19705430151314438,2
GSM4957368,1,3.6280863482985364,0.14276253235281594,0.2036272228587246,1
GSM4957369,1,3.6676134373171663,0.1346189065458895,0.19407544485711095,2
GSM4957370,1,3.6460682645907423,0.12051767709732598,0.20175562522761803,2
GSM4957371,1,3.6760383333410886,0.21245881974401387,0.20023583822543917,1
GSM4957372,1,3.66988942390917,0.13345392237598666,0.1955638680723894,3
GSM4957373,1,3.6259801534186438,0.11521222505517639,0.19416001249149448,3
GSM4957374,1,3.680414102806469,0.12462282080479405,0.19979383368816048,2
GSM4957375,1,3.6445082019516257,0.12122860659366372,0.1954458178252491,3
GSM4957376,1,3.6190973363527283,0.1628697956587739,0.20093835087496906,2
GSM4957377,1,3.7219693210132903,0.14896906047652925,0.2064233800151433,0
GSM4957378,1,3.6124949826368815,0.1675730278620382,0.20722519221477362,1
GSM4957379,1,3.666661215961922,0.12045501410863277,0.1914913068736774,4
GSM4957380,1,3.645342314157579,0.1462741013253088,0.19481742538156804,2
GSM4957381,1,3.64223366058346,0.1927797957285074,0.1975291621167479,1
GSM4957382,1,3.632592752169481,0.16984968230967784,0.19760721697211553,1
GSM4957383,1,3.606696413458106,0.14932687740420963,0.19634474440432234,2
GSM4957384,1,3.6490405821974945,0.15896148888041603,0.20591323480776177,2
GSM4957385,1,3.5753491769847883,0.18965031305773428,0.19880831760534426,2
GSM4957386,1,3.652395684227487,0.1804121637488386,0.2003903825346469,2
GSM4957387,1,3.6710457603248963,0.21677999550302432,0.20564736479693488,1
GSM4957388,1,3.5615283061631904,0.17478981684287054,0.20350498205185819,0
GSM4957389,1,3.611353390932551,0.22769269053002272,0.19705609841027452,3
GSM4957390,1,3.5903942486032956,0.18493883272469824,0.19519913280190904,1
GSM4957391,1,3.6703184827256976,0.24791386182602648,0.20657862229283905,2
GSM4957392,1,3.6340293984478933,0.22752570332244537,0.19753808782082308,2
GSM4957393,1,3.5867249891978834,0.20947648924601028,0.2058449031006977,2
GSM4957394,1,3.661347148047354,0.1614252153054977,0.20617704348527208,0
GSM4957395,1,3.6264036817205705,0.17357446835698367,0.21517562622571837,0
GSM4957396,1,3.5841707528558455,0.18931889690136336,0.20438225061671683,1
GSM4957397,1,3.6222445311055407,0.15209741720185516,0.20370391202653026,0
GSM4957398,1,3.6261033444203257,0.2601733192873782,0.20464809330237202,2
GSM4957399,1,3.6053903924232427,0.2154234589280076,0.20396928714356402,0
GSM4957400,1,3.608826019420999,0.18589012511768713,0.20077259466452368,2
GSM4957401,1,3.5580153114785906,0.18456957339626553,0.19672545605300162,1
GSM4957402,1,3.6426953602365066,0.1609523990228878,0.1982323076709665,0
GSM4957403,1,3.58552464034254,0.23391948997589695,0.20390601132879504,3
GSM4957404,1,3.6903498190087594,0.20536612464406306,0.199049850528512,0
GSM4957405,1,3.6378720403809663,0.2154059732269579,0.199094814978261,1
GSM4957406,1,3.610441560810878,0.22842340082706322,0.20763725069054714,3
GSM4957407,1,3.5729777422726947,0.2138289800264243,0.20264644107995086,0
GSM4957408,1,3.603017234156893,0.22415158277068478,0.21013343966803927,1
GSM4957409,1,3.7306447742898343,0.14085916224407166,0.1961654631969331,3
GSM4957410,1,3.6477564044851185,0.2085869455392368,0.21110573652885437,1
GSM4957411,1,3.6737953498883082,0.18183665388207287,0.20746845332943692,1
GSM4957412,1,3.6725265636470783,0.20868727646452354,0.20030500523903927,1
GSM4957413,1,3.726010596106866,0.18782165598613643,0.1962097334941831,2
GSM4957414,1,3.6632734625102024,0.20263848408886703,0.2001993807016675,2
GSM4957415,1,3.542730515120076,0.21685986053177975,0.20037113260244221,1
GSM4957416,1,3.6472251534675735,0.1657718310528488,0.19966842730544926,1
GSM4957417,1,3.668384257062574,0.17209614343220397,0.19264669464210882,2
GSM4957418,1,3.6778515391689743,0.19144939178011328,0.18897362876823728,4
GSM4957419,1,3.676966247936761,0.21403932901387804,0.20084690342990172,2
GSM4957420,1,3.646875923470646,0.1844864500403961,0.19983653936928528,0
GSM4957421,1,3.655078647181156,0.20394432443208957,0.1962635527585447,1
GSM4957422,1,3.6541309422690853,0.16123611263946344,0.1983568376494082,1
GSM4957423,1,3.7052094963591715,0.176415887755866,0.19947550631672306,1
GSM4957424,1,3.6421416611427393,0.1360050546900311,0.20108627607437185,2
GSM4957425,1,3.6786649022618056,0.18707412323765552,0.1986964001978664,2
GSM4957426,1,3.611877117928684,0.1878625079103654,0.19966697969928066,2
GSM4957427,1,3.699471439340574,0.17378760776676444,0.19879807481293155,2
GSM4957428,1,3.6310353129752015,0.21957614559996852,0.20425283232868435,3
GSM4957429,1,3.6898083690213093,0.2029750188283979,0.20204630975641102,0
GSM4957430,1,3.673489055601859,0.19125717954804114,0.19737209233303565,2
GSM4957431,1,3.660001621304349,0.21970851745564215,0.19892577494259553,2
GSM4957432,1,3.669955843601558,0.17205482940969236,0.20259907126621718,0
GSM4957433,1,3.617952252596913,0.1779681432349228,0.20422367558255677,0
GSM4957434,1,3.7057605803465146,0.17877776432606274,0.19526835448586752,1
GSM4957435,1,3.629696015044444,0.2299230116481245,0.19466182952692052,2
GSM4957436,1,3.659954561956947,0.18481830696657267,0.19827211011827242,1
GSM4957437,1,3.718584778701641,0.21298563242881638,0.19763721644393464,0
GSM4957438,1,3.6930291354171847,0.22649476528002663,0.19674887627024207,3
GSM4957439,1,3.6616115719318687,0.2439661814262807,0.19917417966945777,4
GSM4957440,1,3.606197965326726,0.1971768150366355,0.19728284932542633,1
GSM4957441,1,3.72420806453257,0.22179625614911663,0.20538790015691913,1
GSM4957442,1,3.6473384073587587,0.17210836274841174,0.19506296972512188,1
GSM4957443,1,3.6593175671052793,0.17119490939688678,0.1930218920171148,2
GSM4957444,1,3.681770183753192,0.22889709330838878,0.20023081012790728,1
GSM4957445,1,3.5659756857379503,0.21408567791400498,0.19828336016451498,1
GSM4957446,1,3.61901817977923,0.23173894211576432,0.199091988237796,3
GSM4957447,1,3.6391395695840263,0.2208918819635514,0.20255947876665,2
GSM4957448,1,3.591056189047119,0.16844859507644797,0.19835385713938536,1
GSM4957449,1,3.685055828837624,0.20686504381621487,0.19477572239146593,3
GSM4957450,1,3.657205142446457,0.16621725573793963,0.19556971083547317,2
GSM4957451,1,3.616302261738674,0.1938005761311056,0.19955173608178559,1
GSM4957452,1,3.6231154222124915,0.17042380259185458,0.20603292153715494,0
GSM4957453,1,3.701579990417026,0.21974677596512518,0.19843828316583775,3
GSM4957454,1,3.5465529326222347,0.2209536932140793,0.1968449612151414,0
GSM4957455,1,3.632577869049884,0.17653315608829823,0.19574011415524947,1
GSM4957456,1,3.553127267332392,0.20358098576667535,0.20451642218506577,2
GSM4957457,1,3.6170991196017437,0.24608518814241048,0.20322444193652042,1
GSM4957458,1,3.6145249009917926,0.15582097879777074,0.2027219609041003,2
GSM4957459,1,3.706775314184403,0.2215399386471877,0.20437349235816815,2
GSM4957460,1,3.5965904892392033,0.22925093275561353,0.2031884222097881,0
GSM4957461,1,3.578378970390352,0.1869697763696043,0.20636177617171428,1
GSM4957462,1,3.6244936376535963,0.24129260350261672,0.19774042913216414,2
GSM4957463,1,3.7682434594230774,0.19540838221465426,0.21360080307040394,1
GSM3758005,2,3.4589420739323953,0.10602483319305818,0.20833726490160592,0
GSM3758006,2,3.4576558689589225,0.13801145912756813,0.21100513302676308,0
GSM3758007,2,3.423860829638491,0.13721636934667364,0.20929893170913505,0
GSM3758008,2,3.429685972578776,0.13484210686131484,0.21202763241646,0
GSM3758009,2,3.4284222389075785,0.08686348935232671,0.21125210270929246,0
GSM3758010,2,3.480969518040373,0.12162656574271702,0.2109851850999492,0
GSM3758011,2,3.4267684299771926,0.13096367791965582,0.20067651189652977,0
GSM3758012,2,3.482059472457677,0.10022630368412759,0.21573918549671617,0
GSM3758013,2,3.461878500946812,0.12293718520285962,0.2038516944349443,0
GSM3758014,2,3.490758633409586,0.13999261266024246,0.2134711524946489,0
GSM3758015,2,3.439946137689488,0.14994547252562182,0.21371029637498726,0
GSM3758016,2,3.4740425641582093,0.10339378087821434,0.2072750475155666,0
GSM3758017,2,3.506037253267861,0.09918055163979177,0.21203983438563967,0
GSM3758018,2,3.458522889394122,0.08799251076730431,0.20581997536584687,0
GSM3758019,2,3.497537514650711,0.10396073592367683,0.2118083602295375,0
GSM3758020,2,3.5029449777751682,0.12645896457482964,0.2146575969103875,0
GSM3758021,2,3.435423283028415,0.1253791899660596,0.2064630507404637,0
GSM3758022,2,3.485798180131152,0.10620744035460983,0.21567681472350148,0
GSM3758023,2,3.485606596224469,0.12220784650026381,0.2115346715838953,0
GSM3758024,2,3.4584532204314287,0.13121794664143732,0.21588695137557345,0
GSM3758025,2,3.4973529823736187,0.09401052304658453,0.21215669198402864,0
GSM3758026,2,3.4845348936696663,0.09774779921328196,0.2145313319836651,0
GSM3758027,2,3.4803328189726677,0.10335387060599376,0.21001711293023642,0
GSM3758028,2,3.439780149246297,0.11851913627144339,0.20963785965276743,0
GSM3758029,2,3.4271171965923104,0.13803479926794862,0.21330453362897134,0
GSM3758030,2,3.4307340062863525,0.13330590389343083,0.20720429893037476,0
GSM3758031,2,3.4379771408942448,0.11033732422655342,0.21122508070219487,0
GSM3758032,2,3.472851448176111,0.10107560861825783,0.21103548963170243,0
GSM3758033,2,3.4435349976537912,0.08894812943025399,0.20358817549339395,0
GSM3758034,2,3.474605605367889,0.08291575258368346,0.20916853703279334,0
GSM3758035,2,3.506143756034546,0.07968723898380795,0.21041809413148232,0
GSM3758036,2,3.4857547020094457,0.12090491205167808,0.21707402261351968,0
GSM3758037,2,3.489674580027154,0.1247358866780187,0.21676898500349293,0
GSM3758038,2,3.473088612250254,0.1056366889662373,0.21082588310329173,0
GSM3758039,2,3.486028047891945,0.07167152990739976,0.20878446961381825,0
GSM3758040,2,3.46835887103942,0.11745666947949297,0.21237067354511097,0
GSM3758041,2,3.4980632064494115,0.1025838295204936,0.21704040239433653,0
GSM3758042,2,3.4885058665278037,0.09733273433433887,0.2155776637476079,0
GSM3758043,2,3.483817571628194,0.12586591553535464,0.21344462706104553,0
GSM3758044,2,3.4922152446951076,0.10589583081969595,0.21753882683690418,0
GSM3758045,2,3.535458850950212,0.04761991571029798,0.2054660175000106,0
GSM3758046,2,3.483758431603836,0.0918848211749476,0.2099704196044998,0
GSM3758047,2,3.5115009199639813,0.0613316936343765,0.20766020133434965,0
GSM3758048,2,3.5016475349533773,0.07963088289344245,0.21461623212485845,0
GSM3758049,2,3.4842224443305074,0.06888499721546738,0.21345788448437691,0
GSM3758050,2,3.4707463518775206,0.116698915487156,0.20951303396042942,0
GSM3758051,2,3.5107307748091334,0.10508678670690602,0.20818902388704255,0
GSM3758052,2,3.467498608269027,0.11638898636861103,0.2096963984545699,0
GSM3758053,2,3.476086689751316,0.1281772427216509,0.21696884191860777,0
GSM3758054,2,3.4783888338300772,0.13046608753737055,0.21429333768804912,0
GSM3758055,2,3.4774474576513295,0.12026388319481363,0.21140068312339566,0
GSM3758056,2,3.4962961059998907,0.0778566394995136,0.20897909732068373,0
GSM3758057,2,3.475267814685393,0.11289079434255295,0.21622816319733898,0
GSM3758058,2,3.4700333936161005,0.07715526795627901,0.21304753379560135,0
GSM3758059,2,3.521140742550506,0.11273598701720325,0.21661654607437492,0
GSM3758060,2,3.476236326756817,0.11226494625039288,0.21778364934345026,0
GSM3758061,2,3.496698709761935,0.09124483959440477,0.21808718384491338,0
GSM3758062,2,3.5005529568447957,0.10811163663117433,0.20929453934042413,0
GSM3758063,2,3.4784534962795624,0.11529895759649442,0.21221045263923352,0
GSM3758064,2,3.484044747447421,0.12052950610392747,0.21109339099197963,0
GSM3758065,2,3.5040994392309797,0.07372999418016883,0.20834969438674442,0
GSM3758066,2,3.5298550008435527,0.05722203789136954,0.21685342254818715,0
GSM3758067,2,3.5097447139753855,0.1230183751804831,0.22008365165567373,0
GSM3758068,2,3.455854614290154,0.12440498686473368,0.21363527755328915,0
GSM3758069,2,3.4484158507869442,0.12246815538182411,0.20836041568557326,0
GSM3758070,2,3.4803281163656554,0.1174812593745231,0.20821392284107598,0
GSM3758071,2,3.490851316043358,0.12294077754208645,0.21070786013461826,0
GSM3758072,2,3.502930543740295,0.0787910919135636,0.20185620534219553,0
GSM3758073,2,3.4741735173773374,0.11859705091675413,0.21453941917346822,0
GSM3758074,2,3.475447103867358,0.12176798083693567,0.21230197261503891,0
GSM3758075,2,3.5040833459783616,0.1372741244916406,0.21631019838141466,0
GSM3758076,2,3.5288061002805633,0.10972369706189139,0.22195388771509547,0
GSM3758077,2,3.4618005921933444,0.13711468103669647,0.2141921026312651,0
GSM3758078,2,3.482035649490692,0.12053776110649167,0.20244233379870555,0
GSM3758079,2,3.458693242169597,0.11921096271900113,0.21722770748189318,0
GSM3758080,2,3.501392667312997,0.08097987268385573,0.206197526071717,0
GSM3758081,2,3.519564344783607,0.08258040759917328,0.2157327220277507,0
GSM3758082,2,3.4911873199837395,0.1033289161798059,0.21848930835068678,0
GSM3998167,2,3.4946582132190724,0.11547313502791723,0.21074888013212936,0
GSM3998168,2,3.4576055970325013,0.08537705880694309,0.20075417007391377,0
GSM3998169,2,3.4157751929835443,0.1670464027520125,0.2082209234845194,0
GSM3998170,2,3.4345358226427334,0.15875374231703235,0.21676626336590418,0
GSM3998171,2,3.4981667794561586,0.10063493860411148,0.21402315461945887,0
GSM3998172,2,3.4805110344093664,0.11205511710032522,0.2107932914220423,0
GSM3998173,2,3.4581064458582653,0.13397488659023532,0.21130365070484494,0
GSM3998174,2,3.492795046060202,0.09728270027861062,0.208743985411098,0
GSM3998175,2,3.5547139730074133,0.07451448190124776,0.21616318750362543,0
GSM3998176,2,3.525632032011548,0.14053213368502399,0.2089913264323268,0
GSM3998177,2,3.555886878663845,0.06631501391340217,0.21566178229539346,0
GSM3998178,2,3.5227521328991194,0.10762156287031405,0.21441651311917206,0
GSM3998179,2,3.4819973605273766,0.1022000623889124,0.20752413520356586,0
GSM3998180,2,3.5189701893024026,0.09374007210388402,0.21190823997366348,0
GSM3998181,2,3.503539869368978,0.11563297697563425,0.2101533777333931,0
GSM3998182,2,3.5297778292755755,0.11612774932888915,0.2212351693785074,0
GSM3998183,2,3.4883418489280347,0.13883226726018885,0.20778950425044443,0
GSM3998184,2,3.4764500180589564,0.12288129776690761,0.20686129079567742,0
GSM3998185,2,3.5075959421039933,0.09742249521814143,0.20826366185492995,0
GSM3998186,2,3.598018494308891,0.09038240629731785,0.21647134041413385,0
GSM3998187,2,3.498256626842435,0.13214512236555057,0.2094280406178272,0
GSM3998188,2,3.474393009171027,0.10939459842922175,0.20945231017328408,0
GSM3998189,2,3.466638768445277,0.12046689796291472,0.20722301986764358,0
GSM3998190,2,3.482431822227791,0.11752029866232708,0.2122672471782034,0
GSM3998191,2,3.4416019604282457,0.1462462161537863,0.20153071143423842,0
GSM3998192,2,3.4809281119751563,0.08660920932216115,0.20839229637880058,0
GSM3998193,2,3.4476565513208635,0.15164396808063013,0.20801002309559874,0
GSM3998194,2,3.513901252336098,0.11352693765756923,0.207845702044984,0
GSM3998195,2,3.4201039937170004,0.1681179989704656,0.20749476650619064,0
GSM3998196,2,3.4577905135010347,0.08522666686401736,0.22038313538840706,0
GSM3998197,2,3.4753152787420554,0.14427870865028766,0.21048710041932778,0
GSM3998198,2,3.4873543919048706,0.11961454978294958,0.21901213489690083,0
GSM3998199,2,3.412187298413603,0.15270378052419376,0.20509301787250506,0
GSM3998200,2,3.478909742619593,0.12991171396219772,0.2076700680165066,0
GSM3998201,2,3.4270063723880373,0.11495391296638871,0.207526486785962,0
GSM3998202,2,3.4929323939532817,0.11225987268872832,0.21019639234290094,0
GSM3998203,2,3.4568767081433025,0.1480185412204794,0.20153678890797752,0
GSM3998204,2,3.4959603454471257,0.05966821457662809,0.2004450224791758,0
GSM3998205,2,3.4944563653209237,0.12537511085721695,0.20737537814194634,0
GSM3998206,2,3.5123264630013935,0.12758144035666363,0.21911523017406867,0
GSM3998207,2,3.458855292096358,0.1559269093643599,0.20767955083042616,0
GSM3998208,2,3.4596110124758166,0.17788791931123119,0.21262086226739216,0
GSM3998209,2,3.4681430506189197,0.14997739120276055,0.210095566039624,0
GSM3998210,2,3.4541497246224435,0.10296254184983589,0.21306274180603646,0
GSM3998211,2,3.4526177794504056,0.14434024269564,0.2045465723815768,0
GSM3998212,2,3.460362405020275,0.1456108835675622,0.21064616788386328,0
GSM3998213,2,3.5382830544081454,0.07257377868181236,0.21966131377380338,0
GSM3998214,2,3.4641971391866933,0.0768082841931051,0.206299790897322,0
GSM3998215,2,3.4804039433408596,0.16141342698020464,0.21674000343864738,0
GSM3998216,2,3.4890864512163726,0.14886358649711814,0.21813192791438551,0
GSM3998217,2,3.4620143108363317,0.16537120010101597,0.20548634284784906,1
GSM3998218,2,3.4807470387037687,0.10320650778479204,0.19844179441470897,1
GSM3998219,2,3.531757539671554,0.09694586214943811,0.21775130235905793,0
GSM3998220,2,3.4546111383130587,0.20252274140453602,0.2114861564775817,0
GSM3998221,2,3.4572429600334287,0.16100679763917136,0.2238307792604553,0
GSM3998222,2,3.4882301675555447,0.18896461188817348,0.22333589577980711,0
GSM3998223,2,3.432648114396361,0.13998573405573655,0.20637722784347076,1
GSM3998224,2,3.4571563880747416,0.12475061765547184,0.21028662288334726,0
GSM3998225,2,3.421586164946584,0.07993839869188639,0.20359256874061346,0
GSM3998226,2,3.485971268797775,0.09129197022677026,0.20743740061774243,0
GSM3998227,2,3.4466767168788777,0.09278318622289079,0.20776516089327624,0
GSM3998228,2,3.508389534529601,0.10601409363663104,0.21080481623225053,0
GSM3998229,2,3.4910436154089823,0.09629512620639745,0.20553520658800098,0
GSM3998230,2,3.4923094161075148,0.09106976438543116,0.20293866263116692,0
GSM3998231,2,3.535000718931021,0.08380694136358524,0.21769540204436702,0
GSM3998232,2,3.4721998165709973,0.17030465985444915,0.19469503717588726,1
GSM3998233,2,3.4160437021922827,0.11741526186292629,0.20626580293128727,0
GSM3998234,2,3.4941737275908182,0.10478340217847863,0.20502787352105575,0
GSM3998235,2,3.4967257069817377,0.08819239077601741,0.21088152413581993,0
GSM3998236,2,3.530574793592899,0.03991517389826539,0.2147090998394576,0
GSM3998237,2,3.536363702973337,0.08342927273631874,0.2156338937769392,0
GSM3998238,2,3.4918386712643277,0.060913640528079675,0.20581893087545408,0
GSM3998239,2,3.523144858108109,0.1083577242177186,0.2113091052999833,0
GSM3998240,2,3.521621482158889,0.036301420407099355,0.20931773693245806,0
GSM3998241,2,3.4924637988725666,0.09152368462978722,0.20644836168515307,0
GSM3998242,2,3.4321024644249594,0.09107918554191852,0.1987379267855755,0
GSM3998243,2,3.475801429471054,0.07736595042020857,0.21869284721350246,0
GSM3998244,2,3.5038809445866352,0.09092531314224986,0.21720302188548526,0
GSM3998245,2,3.5175500413343737,0.05457965741843906,0.20932955926133234,0
GSM3998246,2,3.476086359067308,0.1017966867950961,0.21050166422442357,0
GSM3998247,2,3.497800390657094,0.12794012735070648,0.21531110419529997,0
GSM3998248,2,3.495046308528161,0.07100492465399574,0.21449463547268086,0
GSM3998249,2,3.52605006838205,0.10924509130943438,0.20838330798271748,0
GSM3998250,2,3.546419167021573,0.08962818491723756,0.20434188730186428,0
GSM3998251,2,3.41821165516898,0.13558742583201988,0.20607528417505314,0
GSM3998252,2,3.4941278500465787,0.11346740137245889,0.2116020426601948,0
GSM3998253,2,3.4841691088869875,0.07389880384907983,0.2012624767943662,0
GSM3998254,2,3.447406254926619,0.1171782502930407,0.2094316156449669,0
GSM3998255,2,3.5108809323462187,0.12142267590384286,0.21881695234410115,0
GSM3998256,2,3.5156805427821145,0.1156512439238787,0.21580164392550397,0
GSM3998257,2,3.4853614265894888,0.08635498764585223,0.20173840310991242,0
GSM3998258,2,3.4069596918727694,0.15997959695350197,0.20462108532942516,0
GSM3998259,2,3.531882607098043,0.11784941239235737,0.20206627386943427,0
GSM3998260,2,3.4787305986791,0.17010029537448998,0.2119265076166625,0
GSM3998261,2,3.508200474914192,0.11223624827967403,0.20727058817627897,0
GSM3998262,2,3.525307870224042,0.08754960527820184,0.2079637338999366,0
GSM3998263,2,3.5081626213345123,0.09984591501970254,0.2046807664984207,0
GSM3998264,2,3.490337220426598,0.11261308569917214,0.2127234225834159,0
GSM3998265,2,3.5183667995948325,0.1115939001331352,0.21195345871019416,0
GSM3998266,2,3.5216159647355907,0.11644115535820018,0.21296308926708865,0
GSM3998267,2,3.5836663877553874,0.06861577063254459,0.21196018403648165,0
GSM3998268,2,3.4414420625551063,0.11346795054629423,0.1994901248988729,0
GSM3998269,2,3.5049829274425255,0.11164217158032103,0.21332798937277994,0
GSM3998270,2,3.5214630306623214,0.09297789847571196,0.20706544884404937,0
GSM3998271,2,3.477434930912493,0.1424787953729555,0.21050227338282546,0
GSM3998272,2,3.5536309507083623,0.060539030950811104,0.2148158414919591,0
GSM3998273,2,3.5260120477704473,0.07030494685448105,0.20660566733053143,0
GSM3998274,2,3.5017195689766423,0.14232521153213162,0.21519337104248962,0
GSM3998275,2,3.482338313813205,0.1270578604871013,0.20681151295531364,0
GSM3998276,2,3.498531858754002,0.08024662292884191,0.21599804790385377,0
GSM3998277,2,3.52117331180867,0.0781567444244409,0.21742072702057058,0
GSM3998278,2,3.4811837889562223,0.09769925684100518,0.21155889156584154,0
GSM3998279,2,3.5365748094264444,0.05811349850520038,0.20414259683193126,0
GSM3998280,2,3.465941125965191,0.12133123625280089,0.18752754740389332,1
GSM3998281,2,3.437005714032889,0.14720607103516312,0.21692939538058365,0
GSM3998282,2,3.4982344277931743,0.10133960402546291,0.21544759684168796,0
GSM3998283,2,3.4974462774208295,0.13047444672779915,0.20091055889811876,0
GSM3998284,2,3.47851697708139,0.08162734815595575,0.2053971672102342,0
GSM3998285,2,3.4195707772722415,0.11766861601346405,0.19271565825885636,0
GSM3998286,2,3.5420529657317226,0.09018287830081512,0.20963444099886622,0
GSM3998287,2,3.5177335958034472,0.09804337072944878,0.21026358295362652,0
GSM3998288,2,3.574622187786068,0.07237806012941293,0.21447350628233885,0
GSM3998289,2,3.532817849556408,0.07448948096405364,0.21369471877417817,0
GSM3998290,2,3.5019025223284563,0.08792083968615103,0.200129341284483,0
GSM3998291,2,3.5079313395735268,0.09350463124336296,0.21058325760040505,0
GSM3998292,2,3.527357124017474,0.08276897429104402,0.20700140308118065,0
GSM3998293,2,3.519087851849909,0.08201674394490337,0.21725743854497392,0
GSM3998294,2,3.514571683404318,0.14297670931823514,0.2103943305189288,0
GSM3998295,2,3.520422539849778,0.1097651614232634,0.2089860736409414,0
GSM3998296,2,3.594413373306679,0.043915970988327765,0.21611047608141393,0
GSM3998297,2,3.5311418820622813,0.14168838291889552,0.2196143638576631,0
GSM3998298,2,3.525989296900195,0.0870399269709712,0.21222596848713454,0
GSM3998299,2,3.519618998522274,0.10575376093280119,0.21657872336203562,0
GSM3998300,2,3.508056283256941,0.10865863899174469,0.21369360021775707,0
GSM3998301,2,3.4725875579129846,0.14826636568356846,0.2013303285196865,0
GSM3998302,2,3.4792917834172754,0.10369871361218652,0.22222768565284473,0
GSM3998303,2,3.4849614120951915,0.12283671883496716,0.2102408965528284,0
GSM3998304,2,3.4717499876728852,0.15988240335962423,0.2124891603373989,0
GSM3998305,2,3.5062612338329036,0.12259642517494117,0.2147891513575544,0
GSM3998306,2,3.5485924502805846,0.08071759141708441,0.21440533464302666,0
GSM3998307,2,3.4964075445064577,0.12322760129024062,0.21427715477157652,0
GSM3998308,2,3.4987014155235223,0.12307198996552053,0.20805178093141335,0
GSM3998309,2,3.5190534601237733,0.09858155415112638,0.21288894413729093,0
GSM3998310,2,3.5316068024040534,0.09869802066236678,0.20889760735315988,0
GSM3998311,2,3.523263800960837,0.112719813893105,0.20957053047685112,0
GSM3998312,2,3.4468877895923575,0.13008473572100884,0.2078527028116232,0
GSM3998313,2,3.5156784703897386,0.09158518234953775,0.21146829637105702,0
GSM3998314,2,3.481620053311909,0.10613994926324348,0.21772615214332977,0
GSM3998315,2,3.5388820101273626,0.09982148159871518,0.2154467192759732,0
GSM3998316,2,3.5206233715208084,0.11011434720355331,0.21258692265303028,0
GSM3998317,2,3.5210007501022913,0.11075089999602285,0.21197876690267978,0
GSM3998318,2,3.5037076108479477,0.10037370094331408,0.21367072459721675,0
GSM3998319,2,3.5410240773840758,0.0603366041510475,0.21063689252655227,0
GSM3998320,2,3.5687352977680993,0.04733319829021247,0.22083925781927222,0
GSM3998321,2,3.5026093442421073,0.11300015289597798,0.21324549518379984,0
GSM3998322,2,3.5110797938921823,0.07925691673041955,0.21158803995202635,0
GSM3998323,2,3.5250796697511064,0.09933600280941073,0.21125724463915702,0
GSM3998324,2,3.467839809386142,0.11605426190991582,0.20603269246756634,0
GSM3998325,2,3.562291632620449,0.07568416715712524,0.21361360047724226,0
GSM3998326,2,3.5076196744117722,0.12828604188494525,0.21254263540863844,0
GSM3998327,2,3.4214891933019556,0.10577017648189924,0.2082582744422507,0
GSM3998328,2,3.4512737887472653,0.12457221746104191,0.20583379334723503,0
GSM3998329,2,3.4721251178514136,0.12625698233520669,0.2063570585606614,0
GSM3998330,2,3.532391244915205,0.11019943735848042,0.20840664747852644,0
GSM3998331,2,3.487598904128536,0.126332878578097,0.21562723196834774,0
GSM3998332,2,3.406171743166853,0.11054382722485308,0.20141335524342338,0
GSM3998333,2,3.4590838020361345,0.15709813463315747,0.2039133966420548,0
GSM3998334,2,3.4735674246062955,0.0718864653215615,0.211097160024699,0
GSM3998335,2,3.408264615083096,0.12164952380531668,0.21577451215476337,0
GSM3998336,2,3.464814405918723,0.15542101568068067,0.2196871897773718,0
GSM3998337,2,3.486649905012927,0.13998760658433584,0.20924933484170613,0
GSM3998338,2,3.4668817668051246,0.09477196829734064,0.2215550966250281,0
GSM3998339,2,3.4772547760165917,0.12984879334954386,0.20683863651582787,0
GSM3998340,2,3.4679902788029926,0.1336699067374584,0.20392125282816223,0
GSM3998341,2,3.4773226433886,0.13534662482183113,0.20785630055589102,0
GSM3998342,2,3.438613415171525,0.15660168081062642,0.2111638753481718,0
GSM3998343,2,3.458141522414997,0.0802384988160646,0.21116385570505036,0
GSM3998344,2,3.477113374676064,0.07117173751414432,0.21072727311957012,0
GSM3998345,2,3.4895655407835573,0.10734704585672859,0.20819779006777994,0
GSM3998346,2,3.453626299120986,0.07264246576949514,0.2035718186158166,0
GSM3998347,2,3.447133142606784,0.08780603508504041,0.1987631441127381,0
GSM3998348,2,3.4652042316484315,0.07108651102187942,0.20369848050444944,0
GSM3998349,2,3.4572994186029518,0.09998352804169981,0.21588481562605122,0
GSM3998350,2,3.4563109898290776,0.08051185607930705,0.2247407070681477,0
GSM3998351,2,3.4527992261037546,0.0797495088930903,0.20818197024166568,0
GSM3998352,2,3.4455812989651404,0.10826559314189714,0.20927814194178537,0
GSM3998353,2,3.4615801764970398,0.12769348991210025,0.2106804674884646,0
GSM3998354,2,3.471471269419692,0.0671181438059332,0.20972508726979264,0
GSM3998355,2,3.4575038217616783,0.08367379239819044,0.20389993067926968,0
GSM3998356,2,3.4759237939744656,0.07226166583735903,0.21510870227238463,0
GSM3998357,2,3.4669642206711724,0.0724604546745091,0.2069540602384471,0
GSM3998358,2,3.489897042854399,0.07678127780788688,0.20363866249656962,0
GSM3998359,2,3.3887215525198533,0.059811282725456855,0.19814505782293945,0
GSM3998360,2,3.4774020733068993,0.0704922575539349,0.20336881136223317,0
GSM3998361,2,3.4821756018190904,0.11606793935376128,0.21481255411506292,0
GSM3998362,2,3.4223751972571854,0.07688066373542472,0.20747780239664285,0
GSM3998363,2,3.4947045120357556,0.07052829867884024,0.20074603810540181,0
GSM3998364,2,3.476505599986971,0.08696148225268854,0.2110021979460546,0
GSM3998365,2,3.4264746415183787,0.08056287723542968,0.2103182084772681,0
GSM3998366,2,3.4706187170382647,0.1158257555164637,0.20896363481157448,0
GSM3998367,2,3.431762988864139,0.09733554496382399,0.2140874943607627,0
GSM3998368,2,3.468224206426876,0.09112518703380439,0.209075560250164,0
GSM3998369,2,3.4673439970276556,0.09112843634813443,0.20319716432293342,0
GSM3998370,2,3.4173620014410426,0.10493074611840435,0.20505582729826108,0
GSM3998371,2,3.43302228470739,0.10287090451486053,0.20283516998855056,0
GSM3998372,2,3.437890537096179,0.13602571923950071,0.20502714630689625,0
GSM3998373,2,3.4427986655476555,0.1066536764124382,0.20234652894739366,0
GSM3998374,2,3.4656042012060793,0.05592663928729381,0.20988271302673384,0
GSM3998375,2,3.417782501194053,0.15317208004872948,0.21349856525040597,0
GSM3998376,2,3.433534396268688,0.10196195715256688,0.2072911857999601,0
GSM3998377,2,3.4619508302158786,0.09602851891651096,0.20910566361054236,0
GSM3998378,2,3.4155974725558593,0.09498717107324528,0.2094612482292322,0
GSM3998379,2,3.393508907081464,0.15300082075762522,0.20704576935607893,0
GSM3998380,2,3.48779611983008,0.08910664102102427,0.21030343004355767,0
GSM3998381,2,3.4154855911446225,0.07539119300341855,0.2058569514137387,0
GSM3998382,2,3.4021517142196873,0.06337961597313484,0.20625278509798547,0
GSM4957321,2,3.5451362122376353,0.06737278778213644,0.2124415115656221,0
GSM4957322,2,3.4880616279412573,0.08871983127379059,0.20999162479191477,0
GSM4957323,2,3.4378112597000445,0.14231044634155735,0.21506981785561252,0
GSM4957324,2,3.4584150740466506,0.07339623092009859,0.20919738122404516,0
GSM4957325,2,3.482574800949274,0.15589585058010585,0.21649566932689288,0
GSM4957326,2,3.435481536599492,0.19750538099405462,0.22416276405078345,0
GSM4957327,2,3.4462214556696495,0.14611789847599727,0.22285050090927158,0
GSM4957328,2,3.421256325374439,0.1629274617739428,0.21338764498899127,0
GSM4957329,2,3.4988204573785744,0.10153287932417039,0.20725716794279395,0
GSM4957330,2,3.542773969208889,0.14457405706563628,0.21496036825726098,0
GSM4957331,2,3.4836093913357704,0.14886922142310144,0.2180342832539512,0
GSM4957332,2,3.495467664578972,0.08011885667835322,0.21823138887837484,0
GSM4957333,2,3.4376724262005744,0.12813824960118986,0.20984651395096582,0
GSM4957334,2,3.505886978377069,0.09283386518663274,0.21560628622579103,0
GSM4957335,2,3.535486468282569,0.10154078779514827,0.2005247839350428,0
GSM4957336,2,3.531984128266287,0.13516212665727984,0.2182805778829214,0
GSM4957337,2,3.47701728789466,0.07371481134217174,0.21129308050427809,0
GSM4957338,2,3.5050722488009822,0.06863286756146601,0.20401312587054476,0
GSM4957339,2,3.567808541169618,0.0828181534616801,0.20813613194015515,0
GSM4957340,2,3.484480270139419,0.1050319892521752,0.20815065517437878,0
GSM4957341,2,3.5702034854762403,0.09997393645913609,0.21468071978693043,0
GSM4957342,2,3.6018861972846485,0.08618876971879955,0.20673340741518317,0
GSM4957343,2,3.517513988073686,0.09385201509882944,0.2070468743201243,0
GSM4957344,2,3.468590250965339,0.09157262780920049,0.21425231682485998,0
GSM4957345,2,3.412226343596843,0.15776844719831343,0.2077201857120818,0
GSM4957346,2,3.492975867995458,0.07373656840909586,0.20294043506411422,0
GSM4957347,2,3.4667709712691397,0.15782768734088132,0.2064879475136488,0
GSM4957348,2,3.4392397115718167,0.12553229789178064,0.2033758117190508,0
GSM4957349,2,3.398772867966671,0.056057949354665945,0.21745549349438156,0
GSM4957350,2,3.4878681458131946,0.11365789417784948,0.2107867570017289,0
GSM4957351,2,3.494975991984585,0.12136913459421662,0.2058643987773614,0
GSM4957352,2,3.490826148177869,0.13983557058626664,0.21013264496246828,1
GSM4957353,2,3.4549037222966508,0.06673482898778182,0.1987843696847573,0
GSM4957354,2,3.3974232202948516,0.09030757391249568,0.21205724085506028,0
GSM4957355,2,3.454648267264177,0.09865085610745755,0.20513338684581173,0
GSM4957356,2,3.4484597556369927,0.09577654554308082,0.21227239779250637,0
GSM4957357,2,3.434943895128571,0.1461689307219586,0.20802077666630567,0
GSM4957358,2,3.4869459015566564,0.12809698510096723,0.22300496204675432,0
GSM4957359,2,3.4721528885403825,0.05976965422758054,0.21035761397885674,0
GSM4957360,2,3.56622183992115,0.07938000614515027,0.21172436035737716,0
GSM4957361,2,3.473453710677689,0.13629795670740966,0.21511348428662244,0
GSM4957362,2,3.459812215824191,0.12741904436224796,0.21754995455737294,0
GSM4957363,2,3.494595807822062,0.10841484198806611,0.21272130810535939,0
GSM4957364,2,3.48712365894302,0.13052764665442795,0.21486794431155917,0
GSM4957365,2,3.5293934346810687,0.05288772582612282,0.20649984364212123,0
GSM4957366,2,3.481264455176222,0.048717129740072924,0.1915496084898318,2
GSM4957367,2,3.497074353030308,0.11121659671977738,0.21699524754485472,0
GSM4957368,2,3.471573451334753,0.11676737519922653,0.21290249406237227,0
GSM4957369,2,3.499582606419167,0.07382445153945236,0.21392261065158774,0
GSM4957370,2,3.5007900488569192,0.03673142351281718,0.20809414250748387,0
GSM4957371,2,3.5220829967981278,0.14212104253880348,0.21574685551175454,0
GSM4957372,2,3.49881499314049,0.08735848129011106,0.21113421298405982,0
GSM4957373,2,3.4418329815218844,0.09646178974245809,0.21598416806967846,0
GSM4957374,2,3.490137280433367,0.10957461483103934,0.21367314038293372,0
GSM4957375,2,3.473099861484238,0.10476969536372711,0.21572346238463286,0
GSM4957376,2,3.4948865234090096,0.09085851568351538,0.20947236524386098,0
GSM4957377,2,3.5523899070596956,0.10346094082058747,0.21358177967450973,0
GSM4957378,2,3.491037899793065,0.09828480484993453,0.21783362189287192,0
GSM4957379,2,3.4970018429015983,0.07887562200779186,0.2131327027088475,0
GSM4957380,2,3.484211245116592,0.11798370025424008,0.20968353142639293,0
GSM4957381,2,3.506668285607448,0.08774967615792134,0.20864808397217227,0
GSM4957382,2,3.474271444571183,0.13087208258373692,0.21641384081330384,0
GSM4957383,2,3.450765438191358,0.08407646243382262,0.2068843119110894,0
GSM4957384,2,3.5276816928363584,0.07557748856184297,0.2159395481513301,0
GSM4957385,2,3.4514698402270905,0.08897528055998152,0.20919119463261673,0
GSM4957386,2,3.474354917968662,0.13233223300484406,0.21096120483450198,0
GSM4957387,2,3.513418908115621,0.13055561013456804,0.22305647308207477,0
GSM4957388,2,3.421979692448006,0.08159451032206345,0.2080839213522083,0
GSM4957389,2,3.4861327246138463,0.10699723991047189,0.2120295869495485,0
GSM4957390,2,3.4635515733988065,0.08383724869604499,0.20838469314764302,0
GSM4957391,2,3.5319241379775996,0.13704243533419658,0.21500767497257883,0
GSM4957392,2,3.5048306592194827,0.10772203920933689,0.21330752259745542,0
GSM4957393,2,3.4373935266931066,0.1432781171936252,0.21511950004144345,0
GSM4957394,2,3.509363181891658,0.09324821029314884,0.2109975063391081,0
GSM4957395,2,3.514773148889002,0.10236211009374381,0.20938645895535934,0
GSM4957396,2,3.4567232396278764,0.11927479460710352,0.2073811312507191,0
GSM4957397,2,3.4641906243713665,0.08381931305538116,0.21393729580560195,0
GSM4957398,2,3.481957997920213,0.15225653813634354,0.21900803440337696,0
GSM4957399,2,3.477786029067033,0.09724351982736386,0.2201766991980966,0
GSM4957400,2,3.488862533008965,0.08913491049276848,0.21695672719058495,0
GSM4957401,2,3.4171690160521293,0.1217905005034913,0.2202468181331802,0
GSM4957402,2,3.4871822454428276,0.0976164243532072,0.20484030658252272,0
GSM4957403,2,3.468208643259064,0.15617757815154473,0.21713563168105643,0
GSM4957404,2,3.537045640548284,0.10241320081077258,0.20816175081953092,0
GSM4957405,2,3.507948885958915,0.10623429404458234,0.21617673080554903,0
GSM4957406,2,3.4622064446364003,0.12857268899210317,0.21140552311466704,1
GSM4957407,2,3.448818807917302,0.1135671151695189,0.21580772695666123,0
GSM4957408,2,3.4562537772305935,0.12829315210122985,0.20984083367608453,0
GSM4957409,2,3.5480303934163526,0.10264936831119134,0.21197643443372038,0
GSM4957410,2,3.505326177157433,0.1250150419159383,0.21462970466174258,0
GSM4957411,2,3.512632466052367,0.12530670090381918,0.21302217409480076,0
GSM4957412,2,3.483202430073666,0.18007364476341384,0.2200960958645986,0
GSM4957413,2,3.5465720508342717,0.12982087716763038,0.21423046022762338,0
GSM4957414,2,3.540994337436346,0.0977634410092588,0.2100497501542366,0
GSM4957415,2,3.4144444622008936,0.12039482913510777,0.21253886610587078,0
GSM4957416,2,3.4775890517941277,0.1098358849973983,0.22216287135085183,0
GSM4957417,2,3.498874864897187,0.11533673958968677,0.20590865897183275,0
GSM4957418,2,3.4918409295891593,0.14480929284832783,0.21524435136545933,0
GSM4957419,2,3.5057010147965864,0.14121360729459922,0.21714067789214692,0
GSM4957420,2,3.485778991634575,0.1275210055849656,0.20848645150102457,0
GSM4957421,2,3.4915975318331807,0.130232594464854,0.21347982401939147,0
GSM4957422,2,3.5038509367302266,0.08932680257568427,0.21723295811265725,0
GSM4957423,2,3.5285845323374003,0.11940077463805035,0.21659457206100466,0
GSM4957424,2,3.4672031203843607,0.11107907239129335,0.2014088286588129,0
GSM4957425,2,3.5069279281572205,0.11485676978320782,0.21545330433640916,0
GSM4957426,2,3.481977964779427,0.08285906220333328,0.20310227268746595,0
GSM4957427,2,3.524473466656162,0.1154357121545089,0.2080921360538502,0
GSM4957428,2,3.4828395220625685,0.11125495787372153,0.21068193224488277,0
GSM4957429,2,3.4849067901337163,0.1640884408057093,0.21328298556555356,0
GSM4957430,2,3.489738442421906,0.14463336127838172,0.21289994070245435,0
GSM4957431,2,3.500650866055105,0.13750019984683012,0.222484972150528,0
GSM4957432,2,3.520721364383056,0.09154769619073068,0.21081050372296525,0
GSM4957433,2,3.4940875187727087,0.0708967351712911,0.20716695966255996,0
GSM4957434,2,3.5204567238697875,0.13673072292115554,0.2120438976888075,0
GSM4957435,2,3.49441383330833,0.14716392617975754,0.21229873224503623,0
GSM4957436,2,3.4970275776488506,0.12657755590291,0.214573105906717,0
GSM4957437,2,3.506979341271716,0.187832969658541,0.21100063736223662,0
GSM4957438,2,3.5218674462499213,0.15091376957035388,0.21042522727031368,0
GSM4957439,2,3.5004197031772333,0.1470065463111556,0.21913015640806852,0
GSM4957440,2,3.4569605423444445,0.10627272537785172,0.2123567332266783,0
GSM4957441,2,3.5744115136752304,0.10710633064021961,0.2131846451321855,0
GSM4957442,2,3.4814056609834325,0.11197161482682687,0.21509180726373717,0
GSM4957443,2,3.491785670730099,0.10307058997560042,0.21764332792697147,0
GSM4957444,2,3.4978280863681004,0.17665180320829493,0.20963291843050125,0
GSM4957445,2,3.467630377419119,0.09834155607897219,0.21245937332946813,0
GSM4957446,2,3.4726715023041232,0.14277256271256758,0.2089979322933211,0
GSM4957447,2,3.521456437397353,0.10337266655753621,0.21063028680045318,0
GSM4957448,2,3.4282745417080225,0.11334771495825684,0.20667610545199472,0
GSM4957449,2,3.5229518869887357,0.12657892736248452,0.20888597377359078,0
GSM4957450,2,3.48016735232958,0.12829287201252995,0.2083472591977839,0
GSM4957451,2,3.4702933475883317,0.11297008664773556,0.2074796035289771,0
GSM4957452,2,3.4948867507932366,0.0813691343407601,0.20534906900222402,0
GSM4957453,2,3.524509509197904,0.1601905625486097,0.21695183513009375,0
GSM4957454,2,3.3745332300816844,0.1634425546150481,0.20400690860406304,0
GSM4957455,2,3.4738380834866778,0.11844949677263666,0.20985512175605045,0
GSM4957456,2,3.4537459120418648,0.07283772025081499,0.21034946198529714,0
GSM4957457,2,3.490979487901904,0.13020587217665797,0.21885083951045645,0
GSM4957458,2,3.477350773208848,0.07395562589423671,0.21066334814482035,0
GSM4957459,2,3.5598294542891127,0.10955793864453983,0.21423030641081559,0
GSM4957460,2,3.434641565208898,0.1628665089871876,0.20970834106177105,0
GSM4957461,2,3.452484649190672,0.09230884053560735,0.20526542368672582,0
GSM4957462,2,3.474425696173501,0.13995579611169295,0.21371938966501106,0
GSM4957463,2,3.6260144698677843,0.10035997101152519,0.21085311153946107,0
GSM3758005,3,3.4288808797375436,0.11586115834673665,0.20110909954260542,1
GSM3758006,3,3.4750438353212147,0.10319013050493889,0.19669779443052207,0
GSM3758007,3,3.423547797662587,0.12195835495045279,0.20370139687703748,0
GSM3758008,3,3.4197253484206946,0.12279551628702165,0.2022877843783278,0
GSM3758009,3,3.360852848617363,0.13862391457473025,0.19713910768451454,0
GSM3758010,3,3.4994622226071206,0.08808440466457315,0.19471189969762753,0
GSM3758011,3,3.418367848956645,0.12627289551080312,0.2025915985287057,0
GSM3758012,3,3.4881406667648744,0.090618879388108,0.199478855546825,0
GSM3758013,3,3.4509975292966857,0.11395158885899954,0.20259582688495698,1
GSM3758014,3,3.476819806410364,0.14153992151998182,0.20687870094909852,0
GSM3758015,3,3.4332796840166573,0.13487412520517109,0.20672654123846634,0
GSM3758016,3,3.437970508657645,0.1049746509613905,0.2083604355571179,0
GSM3758017,3,3.50387470486809,0.08879598549518487,0.20264093854464305,0
GSM3758018,3,3.405237066596009,0.1259930325198107,0.20425159800487241,1
GSM3758019,3,3.462502914783436,0.10907585367669766,0.20201414890919567,0
GSM3758020,3,3.5347687732295605,0.08361884621312064,0.2139054933267421,0
GSM3758021,3,3.430477201117618,0.10328757162297643,0.20566898315856197,1
GSM3758022,3,3.492150710125724,0.05982261823966197,0.21115797488965826,0
GSM3758023,3,3.4836262818883346,0.0803651955588324,0.21060934610975296,0
GSM3758024,3,3.4704594512813447,0.1004331067549585,0.20206446168732323,0
GSM3758025,3,3.4603320537261824,0.11345623487905002,0.20636680778333155,0
GSM3758026,3,3.4567943865044457,0.1099942797416352,0.20264295397814833,0
GSM3758027,3,3.4614315008467567,0.11027814146032168,0.20279301441994096,0
GSM3758028,3,3.4447260396005746,0.11314471989071442,0.1983376788165454,1
GSM3758029,3,3.4183963498203136,0.11001512676117323,0.20244294569215893,0
GSM3758030,3,3.4266716204127894,0.11152311580781298,0.21088751538232636,0
GSM3758031,3,3.4311569000419135,0.09809383343092616,0.21066937323845006,0
GSM3758032,3,3.4615935101289415,0.10225717956057026,0.20473280942389463,0
GSM3758033,3,3.378021716190938,0.13600552345019562,0.19999720602912346,0
GSM3758034,3,3.4031334459036726,0.1321886072225938,0.21073078383231947,0
GSM3758035,3,3.4748570592542913,0.09759458778526627,0.19890822780975742,0
GSM3758036,3,3.484264700729631,0.09262741609331145,0.20468897411568157,0
GSM3758037,3,3.4953423961793053,0.09929314147914732,0.2073402162249679,0
GSM3758038,3,3.472883283522428,0.07836218542203828,0.2059341176032443,0
GSM3758039,3,3.424919709662761,0.12261923683333008,0.2035594908010375,0
GSM3758040,3,3.4479711263656507,0.09961819444581113,0.2030262397452792,0
GSM3758041,3,3.478856895224626,0.11631440542097485,0.20152734777323228,0
GSM3758042,3,3.480822754269259,0.10337726630365157,0.20855350705155287,0
GSM3758043,3,3.495130582792954,0.094124980225174,0.20203947353728968,0
GSM3758044,3,3.466553842275315,0.09677015013104111,0.21078836625642047,0
GSM3758045,3,3.4442103591551425,0.09766126129829097,0.1940013215605528,0
GSM3758046,3,3.4595572518303275,0.10725727095797691,0.20780104021805912,0
GSM3758047,3,3.432214778162776,0.08104873309518414,0.17871218298514224,0
GSM3758048,3,3.4506334872338624,0.10523002113939027,0.2094954124714854,0
GSM3758049,3,3.4357250006063325,0.10005024128144605,0.20208452095197973,0
GSM3758050,3,3.450024333627881,0.10938384021970843,0.20049470947318054,0
GSM3758051,3,3.500891731657214,0.06671471478303444,0.21172110832606628,0
GSM3758052,3,3.4497546702646456,0.11027574377388755,0.21154401572831358,0
GSM3758053,3,3.4970174231966076,0.08643993304494416,0.20567044816186472,0
GSM3758054,3,3.4869085579316206,0.10053693292332282,0.19491750176397918,0
GSM3758055,3,3.47071176190092,0.0979714202820903,0.19937293981872764,1
GSM3758056,3,3.4606976495983908,0.09977982142266757,0.20236525379133893,0
GSM3758057,3,3.444384372209238,0.10498028654744322,0.21317187756393952,0
GSM3758058,3,3.415713634416677,0.1210060639634693,0.20810958507280364,0
GSM3758059,3,3.5047038662603986,0.08073861427372805,0.22626721095198718,0
GSM3758060,3,3.459179233677644,0.1088230151465154,0.2013586925328016,0
GSM3758061,3,3.4509276187956264,0.11763206279310416,0.20872746974425274,0
GSM3758062,3,3.4943209210934274,0.0845255002395916,0.20420079273054592,0
GSM3758063,3,3.4788055526489208,0.08781589332365458,0.20363974379679534,1
GSM3758064,3,3.456284224475008,0.1180292473643438,0.20347281752695742,0
GSM3758065,3,3.4343125556114207,0.12613889807197368,0.2050372163053931,0
GSM3758066,3,3.4852833652804263,0.09894230247727592,0.2004071578877143,0
GSM3758067,3,3.5052008979801883,0.10856145693717746,0.20050748207148064,0
GSM3758068,3,3.4324487001086257,0.1172019003564957,0.20375467405764783,0
GSM3758069,3,3.4344690195411216,0.11304056579947454,0.206038053980255,0
GSM3758070,3,3.469047219504764,0.10843596751145974,0.21354642047203976,0
GSM3758071,3,3.48361318688379,0.11399645350638045,0.20027904857439163,1
GSM3758072,3,3.446806596887849,0.10867422977416016,0.19639030417414863,0
GSM3758073,3,3.4696759320819437,0.1349043043223758,0.20003616379395828,0
GSM3758074,3,3.4765089858994016,0.11010841616203776,0.19499904630579784,0
GSM3758075,3,3.5185952748870797,0.11510486578036673,0.19777642414019736,1
GSM3758076,3,3.474942573492519,0.13629169716105768,0.19874220202087464,0
GSM3758077,3,3.4523161421067754,0.13443127105287647,0.2013512454184662,0
GSM3758078,3,3.4569206004973427,0.12093086307286387,0.2031800410816587,0
GSM3758079,3,3.4668508596985697,0.0897661366878588,0.19786700225669887,0
GSM3758080,3,3.4385341456673695,0.13311734038073703,0.20622398439153616,0
GSM3758081,3,3.4907512202916897,0.12083638877676889,0.20554260907779076,0
GSM3758082,3,3.4525776049734387,0.13801145866629796,0.19863045400458262,0
GSM3998167,3,3.477760646707172,0.09940916336856319,0.2090365476355309,1
GSM3998168,3,3.413904144156224,0.13852547234529033,0.20173801727490015,0
GSM3998169,3,3.431687729843372,0.12069735636508488,0.2014471179823735,0
GSM3998170,3,3.450698026939421,0.13394834651706827,0.19637123577313823,1
GSM3998171,3,3.469924842722776,0.1001828598206479,0.19933507171748951,1
GSM3998172,3,3.441751291131107,0.15201066523461104,0.20165684069301026,0
GSM3998173,3,3.467822307777018,0.10022043765465398,0.20048439131133802,1
GSM3998174,3,3.4328872338480636,0.14937902002448233,0.20266648036533366,0
GSM3998175,3,3.4871903944052844,0.14832343058462535,0.19946996290144262,0
GSM3998176,3,3.4902649985342467,0.1440785360991019,0.20275797127914566,0
GSM3998177,3,3.458834607899618,0.15585119640448744,0.2014882043268211,0
GSM3998178,3,3.4541917773517197,0.1640792483369528,0.19990883407671237,0
GSM3998179,3,3.4304679047088484,0.15008720102094206,0.20551077914497032,0
GSM3998180,3,3.472866446259924,0.12260927472009571,0.1998289316572886,0
GSM3998181,3,3.478170143794553,0.13794355348045112,0.2024201985561614,0
GSM3998182,3,3.4720132586980235,0.1513889066135891,0.2068741518090932,0
GSM3998183,3,3.4510975458057462,0.15508059767277604,0.2101888275249095,0
GSM3998184,3,3.4382897468672144,0.15799552121086083,0.20818733729901212,0
GSM3998185,3,3.450327468953131,0.15502405327652058,0.203517060426709,0
GSM3998186,3,3.5262742485805014,0.11230817673920779,0.20837098349771974,2
GSM3998187,3,3.436982947879753,0.16621605761512248,0.20323705234007172,2
GSM3998188,3,3.4053434941930414,0.16651354136490992,0.20602694061010646,0
GSM3998189,3,3.391740867958185,0.17678820016337538,0.20783533065973211,0
GSM3998190,3,3.444668470445781,0.14610121554814895,0.2062785360733923,0
GSM3998191,3,3.3805388416806554,0.16336515656651965,0.2087089131570244,0
GSM3998192,3,3.4113981795973185,0.14698062655398825,0.19964357464905233,0
GSM3998193,3,3.394034368410435,0.1700987924615304,0.2228658625564375,0
GSM3998194,3,3.4572486094839325,0.15074867695019112,0.20558716962934334,1
GSM3998195,3,3.4539783521306164,0.11170431059477948,0.20738282457447973,0
GSM3998196,3,3.424925615359593,0.10792551281473739,0.2074818140310978,0
GSM3998197,3,3.4697482389223637,0.1168327310633292,0.2032367042842533,0
GSM3998198,3,3.472504573508728,0.10451817299157203,0.19774487150183975,0
GSM3998199,3,3.394390435097987,0.11959585185661895,0.2053128804512174,0
GSM3998200,3,3.4843481513358614,0.09527824081634036,0.20983067720541626,0
GSM3998201,3,3.401255372170437,0.12005505829026315,0.20521205595813327,0
GSM3998202,3,3.5015821664095523,0.07786734601857578,0.1978704209880025,1
GSM3998203,3,3.5011837064480757,0.105929036118772,0.20875440520115238,0
GSM3998204,3,3.457301446786205,0.1184016621729,0.20062974294279906,0
GSM3998205,3,3.489776260464347,0.10477152567511111,0.20869658116126946,0
GSM3998206,3,3.4972272780211044,0.12573438016524235,0.20958281709304308,1
GSM3998207,3,3.473921312028638,0.11678662100964493,0.20712259905444563,0
GSM3998208,3,3.4910727290312207,0.12887043083050825,0.20542445979158383,1
GSM3998209,3,3.4476889531439276,0.13092037926583042,0.20774563554974243,0
GSM3998210,3,3.4342158976195907,0.11287509265851409,0.20176939536931598,0
GSM3998211,3,3.4921552198844723,0.06827466417991161,0.21122006235910165,0
GSM3998212,3,3.4645880705806973,0.10676871313448347,0.20490441916839489,2
GSM3998213,3,3.4589663957654144,0.15676190980128418,0.20218611050221857,0
GSM3998214,3,3.404513874941837,0.1086834188717542,0.20296533711787465,0
GSM3998215,3,3.4904136790327405,0.12454079133856195,0.20639662256878696,1
GSM3998216,3,3.4131505946224263,0.2049164959530361,0.21394164738343818,0
GSM3998217,3,3.4286262611340925,0.17038095391924557,0.20798061713760446,1
GSM3998218,3,3.413153303899096,0.14716509033109235,0.19246481363652473,2
GSM3998219,3,3.466463895140757,0.1393661692025571,0.1997590943272017,1
GSM3998220,3,3.4597023627375694,0.15706176918759704,0.20935028038719328,0
GSM3998221,3,3.408230735709508,0.1884881459477466,0.20100548461113676,1
GSM3998222,3,3.5079897484958424,0.13857496406950806,0.19452573630046702,1
GSM3998223,3,3.398072418499828,0.17934372701541632,0.20455460918960486,0
GSM3998224,3,3.409083594504623,0.16937669337790767,0.2023531321176241,0
GSM3998225,3,3.380485936341797,0.08518639938297419,0.19994777073383352,0
GSM3998226,3,3.424881843584705,0.161701211866251,0.2029581019104299,0
GSM3998227,3,3.3846133310838202,0.1389852906655352,0.19780327855842897,0
GSM3998228,3,3.4552682659661347,0.15238228150999408,0.20331768426372482,1
GSM3998229,3,3.47102813934422,0.06991745246927361,0.20778446956994612,0
GSM3998230,3,3.4221924589454673,0.1786507142111778,0.19544544033994085,1
GSM3998231,3,3.4829169722958966,0.11491422448189445,0.20696215825963923,0
GSM3998232,3,3.4975194624532304,0.1472055856115006,0.2012539426401334,0
GSM3998233,3,3.387342726649724,0.10269357408471763,0.20052521975699072,0
GSM3998234,3,3.492353100042171,0.07193119256192088,0.20586154624344705,0
GSM3998235,3,3.4336486750753625,0.14209974694841887,0.204598610916937,0
GSM3998236,3,3.4645532153384346,0.09562702401162461,0.2064851405417929,0
GSM3998237,3,3.5186123233669604,0.08130214701097377,0.20702615304224836,0
GSM3998238,3,3.4721557621338532,0.08214177107796822,0.2000342897022646,1
GSM3998239,3,3.4929943119805724,0.12924419591397077,0.20386219386599352,0
GSM3998240,3,3.4358859913772504,0.1116737238390777,0.2066641204574237,1
GSM3998241,3,3.4653774275898237,0.09590359633809023,0.20717901646196468,0
GSM3998242,3,3.4022777343492105,0.09825635964938033,0.1957825325903855,0
GSM3998243,3,3.4350657184719497,0.10512056080797129,0.2100201664663543,0
GSM3998244,3,3.472502568916163,0.09656049131822302,0.2091679947884005,0
GSM3998245,3,3.4566258253415834,0.09118674256295466,0.21167461097075646,0
GSM3998246,3,3.4881623701060778,0.0754634374750159,0.20607136685736638,0
GSM3998247,3,3.472056208412245,0.12910684373355763,0.20374588605540445,1
GSM3998248,3,3.454093587132546,0.0795766332071764,0.2170672689730635,0
GSM3998249,3,3.474805945765927,0.13599542601354428,0.21135663696619758,0
GSM3998250,3,3.480633521101165,0.13611093173952843,0.21203656232920767,0
GSM3998251,3,3.425074927166816,0.11764141052334526,0.20599948315025515,0
GSM3998252,3,3.47389456177839,0.10268700038265093,0.20493074872669736,0
GSM3998253,3,3.4294155197329723,0.11061435898019936,0.19878714216247018,1
GSM3998254,3,3.4452657072947326,0.11535584337085084,0.20014788294703845,0
GSM3998255,3,3.4827249765446315,0.14458035118625887,0.20538237267781698,0
GSM3998256,3,3.524205184034227,0.07581695308450666,0.20213608074483447,0
GSM3998257,3,3.4136460521812357,0.139820088769225,0.20572474743214142,0
GSM3998258,3,3.399968481837813,0.14808104507765937,0.2022444216413094,0
GSM3998259,3,3.532533316549885,0.09864115000108006,0.20030964149304048,0
GSM3998260,3,3.505570964892387,0.1258589993887177,0.20325842855857593,0
GSM3998261,3,3.4525835068921626,0.14292207709978247,0.2028317981214813,0
GSM3998262,3,3.473236753161466,0.11887812521710608,0.20513352832022272,1
GSM3998263,3,3.462346633542317,0.1283706100966454,0.20902590479444827,0
GSM3998264,3,3.478703582575621,0.1191420495455223,0.19694650265138097,0
GSM3998265,3,3.480144952763874,0.13680138051724586,0.20726258314107115,0
GSM3998266,3,3.48759861726669,0.140622831303983,0.1998474318203712,0
GSM3998267,3,3.501214704759448,0.13738520070674173,0.2073347997395356,1
GSM3998268,3,3.417399566220625,0.09342922542162577,0.19049467088583133,1
GSM3998269,3,3.465470936807643,0.1277664081098095,0.21061453171168357,0
GSM3998270,3,3.4776192220960835,0.1492442196700455,0.20998941956145745,0
GSM3998271,3,3.473295114474746,0.12015672511672834,0.1974150593228989,1
GSM3998272,3,3.5016193885153317,0.08880928496020164,0.2165732322149159,0
GSM3998273,3,3.511727513531616,0.09608477863868382,0.19451446775851253,0
GSM3998274,3,3.476691199235906,0.12448192678868379,0.2100804587600288,0
GSM3998275,3,3.453480011606942,0.12633600747496854,0.20098714642404933,1
GSM3998276,3,3.4430940366912877,0.09284609297564997,0.20807320671792673,0
GSM3998277,3,3.495711980764926,0.07807959502858584,0.2100708815741745,1
GSM3998278,3,3.4553264633607363,0.10933811102986052,0.19898871579260446,0
GSM3998279,3,3.475534556560904,0.0986929844267572,0.20564708386851985,0
GSM3998280,3,3.4332041806438665,0.14324813250836751,0.2090090298763868,0
GSM3998281,3,3.432249504832328,0.1341578697550953,0.20358078865119747,0
GSM3998282,3,3.4671861303067217,0.10324704835548304,0.21177036582438657,1
GSM3998283,3,3.5111601240077484,0.11047681593266394,0.19418026072856495,0
GSM3998284,3,3.473082307515111,0.09906149165570273,0.19232292318053995,0
GSM3998285,3,3.383620395947958,0.16494229400596075,0.18497122967363025,0
GSM3998286,3,3.4951021984894606,0.1351714636169899,0.205461428045666,0
GSM3998287,3,3.4379898854420956,0.142859984139001,0.21093386988238974,0
GSM3998288,3,3.518969055006945,0.13344346442957555,0.19769708217951212,0
GSM3998289,3,3.4727765094318044,0.13296368348400714,0.2056702926245877,0
GSM3998290,3,3.4464253741476414,0.1279882662446446,0.20266002121803064,0
GSM3998291,3,3.450948082544618,0.13369741044570563,0.20484782381019495,0
GSM3998292,3,3.488638624333605,0.12056803618374912,0.20173795103250058,0
GSM3998293,3,3.486294290165629,0.08744837283581737,0.20545925752777897,0
GSM3998294,3,3.50611665713477,0.1329690874655011,0.19479740511647745,0
GSM3998295,3,3.4830885255749844,0.12474874365467786,0.20565147508369355,1
GSM3998296,3,3.51218773774943,0.10384049642758231,0.20943315759298797,1
GSM3998297,3,3.5522122968650227,0.08414931558545102,0.2048393521190191,0
GSM3998298,3,3.484489063335147,0.12538569605704045,0.2046925304880939,1
GSM3998299,3,3.4800028678099038,0.14788617701842413,0.2031879844356653,0
GSM3998300,3,3.464873760702362,0.1291609428619889,0.19950203345140344,1
GSM3998301,3,3.430026804906954,0.15858817910982817,0.20680937242713773,0
GSM3998302,3,3.462040270598428,0.10866649508351761,0.20595916461493097,0
GSM3998303,3,3.494493139279438,0.1047081865897021,0.19657085632395724,0
GSM3998304,3,3.510818929339879,0.10517690180446061,0.19263122786511244,0
GSM3998305,3,3.498506546263339,0.10033145878500051,0.20667734826505688,0
GSM3998306,3,3.494861644980708,0.13068171968638104,0.21683072045940505,0
GSM3998307,3,3.5296988814003294,0.06502598343334334,0.20305827553336786,0
GSM3998308,3,3.48436666182734,0.09619469859191296,0.20714626812133147,0
GSM3998309,3,3.4553302507494377,0.14067552395083224,0.20120747280165258,2
GSM3998310,3,3.491537201110776,0.09530869479554374,0.2039450962299809,0
GSM3998311,3,3.488630394124437,0.14109490538688343,0.20651995952320953,0
GSM3998312,3,3.4631505839424213,0.08701975706806038,0.20723347852606858,0
GSM3998313,3,3.5081459073389256,0.08396241893662892,0.19949820344945932,0
GSM3998314,3,3.4560329498850786,0.12072504415228634,0.20269484906179755,0
GSM3998315,3,3.4911056092240162,0.12917105397598816,0.21098794011822772,0
GSM3998316,3,3.482988275341813,0.12039531431026333,0.20690823885701606,0
GSM3998317,3,3.4862157384579464,0.11748531745445685,0.21212344573652953,1
GSM3998318,3,3.4703663804460443,0.11541416229927681,0.20695234070857754,0
GSM3998319,3,3.4870273555423053,0.10398557309917354,0.2058238085202964,0
GSM3998320,3,3.496816666885321,0.09866614269831112,0.2072381159766805,0
GSM3998321,3,3.463336243723287,0.13575489991051554,0.2075098874467074,0
GSM3998322,3,3.4478657160232955,0.13012396768517526,0.2076629687277541,0
GSM3998323,3,3.4994672506283018,0.11944815629453519,0.2071323599136849,0
GSM3998324,3,3.4003013306551297,0.15120961983850395,0.2088288648446167,1
GSM3998325,3,3.510565829424923,0.10341923712290685,0.2066371756881551,0
GSM3998326,3,3.530235716618739,0.07943988334764868,0.20662732360866787,0
GSM3998327,3,3.3568443153629546,0.14560327631302164,0.19721317141617348,0
GSM3998328,3,3.429871616057454,0.13797926591122872,0.20528900129320948,0
GSM3998329,3,3.4012507506789484,0.15927825460087236,0.2165918956386446,0
GSM3998330,3,3.4742004325197486,0.1573592860724974,0.20803639508525182,0
GSM3998331,3,3.4851822763087785,0.09565932245510689,0.20604468241504634,2
GSM3998332,3,3.3644677735653112,0.105835053223953,0.20076595433818878,0
GSM3998333,3,3.432406218231894,0.13213984994024483,0.19968325614036012,1
GSM3998334,3,3.4010007031984175,0.1208081664304901,0.20437109513840399,0
GSM3998335,3,3.409968020687612,0.11810526278961819,0.20181370362325762,0
GSM3998336,3,3.4739865034309676,0.1278778822764514,0.20713290897379869,0
GSM3998337,3,3.4964438159717695,0.11648692919855856,0.20732794334392843,0
GSM3998338,3,3.460296243308693,0.10168878194142415,0.2026302383562181,0
GSM3998339,3,3.4830786602961066,0.1025228687770018,0.21014516871260527,1
GSM3998340,3,3.505473419927696,0.08099264404878603,0.20264931553903542,0
GSM3998341,3,3.4728219998606566,0.12488119934331536,0.2013208380124986,0
GSM3998342,3,3.4362921770201478,0.12069375725354928,0.20844939501287796,0
GSM3998343,3,3.4621669037517577,0.06970122320965004,0.2120304504505646,0
GSM3998344,3,3.444556175606687,0.10021083211173518,0.19552541373576102,0
GSM3998345,3,3.4324082564289013,0.1414676242047265,0.19648668926577334,0
GSM3998346,3,3.4291489466114062,0.11781846888815986,0.20395308505595053,0
GSM3998347,3,3.4221495748799464,0.13634419095753694,0.1963150142946894,0
GSM3998348,3,3.4264867734285174,0.1116654185569253,0.199620797508253,0
GSM3998349,3,3.4419319703613085,0.1167550358461134,0.19904291264780594,0
GSM3998350,3,3.4262447660995003,0.09574993964274923,0.20516658983020747,0
GSM3998351,3,3.4350663416387675,0.0918619126046371,0.20629028053362786,0
GSM3998352,3,3.4304597479469066,0.1040433431833252,0.20634010541415676,0
GSM3998353,3,3.4637424432114106,0.12160092881182963,0.20448371952596867,0
GSM3998354,3,3.4169275644481103,0.12475959754203327,0.19533799554174666,0
GSM3998355,3,3.427758544442721,0.08264818579827762,0.19936166436338104,1
GSM3998356,3,3.4456085422803353,0.09115575760631378,0.2079262252718184,0
GSM3998357,3,3.440398282206577,0.09791244572377861,0.19746614764255557,0
GSM3998358,3,3.4609084618144794,0.0716210293801523,0.20587232603271988,0
GSM3998359,3,3.3561192629645475,0.09820095825037302,0.19567184357561765,0
GSM3998360,3,3.421241976809319,0.11947357824140643,0.19438892948765948,0
GSM3998361,3,3.484101457612017,0.14729082074890593,0.1904626898864468,0
GSM3998362,3,3.4095455854852936,0.09209514408440564,0.19904979246627186,0
GSM3998363,3,3.435098548867748,0.1284177672540821,0.20521396066824443,0
GSM3998364,3,3.459675313437802,0.0891601159790064,0.20038750465003657,0
GSM3998365,3,3.401486560130442,0.11141468896572039,0.1998032913048948,0
GSM3998366,3,3.485919077351458,0.10873800257513584,0.20717772197958464,0
GSM3998367,3,3.4117818092072363,0.10837784151661484,0.19964293358440002,0
GSM3998368,3,3.437153281205876,0.12083453183740085,0.19100114347950986,0
GSM3998369,3,3.468144386837797,0.12995352340684627,0.19669378855573594,0
GSM3998370,3,3.3910541816235757,0.10715914361900628,0.1960406031290134,1
GSM3998371,3,3.3761318154431184,0.14171400672705264,0.20136915801418961,0
GSM3998372,3,3.3841654199747917,0.16083190067413258,0.19762885063001254,1
GSM3998373,3,3.437234091466548,0.10412013006364754,0.20394097135070974,0
GSM3998374,3,3.3988973035426557,0.11220384061831493,0.20241660390667912,0
GSM3998375,3,3.427060026866801,0.1255774888603353,0.19947364580928656,0
GSM3998376,3,3.383292115345377,0.13175268042582006,0.19541776617067128,0
GSM3998377,3,3.4241129759022906,0.11543097866657885,0.20701785857658808,0
GSM3998378,3,3.3542134581067495,0.11351567854487168,0.1972996353956353,1
GSM3998379,3,3.401892915607773,0.11678491472169639,0.19108860719193618,1
GSM3998380,3,3.4138372036351163,0.126479082222882,0.19989193152628107,0
GSM3998381,3,3.382960732817685,0.11403543182739724,0.20655040242207676,0
GSM3998382,3,3.373773298056277,0.07069607876528614,0.19646806285132326,1
GSM4957321,3,3.4900584538725417,0.10891788710541128,0.21246220073860578,0
GSM4957322,3,3.4686127871467454,0.11244508488407413,0.20554589526820025,0
GSM4957323,3,3.4181603354812653,0.15311043668702776,0.1937177118239246,0
GSM4957324,3,3.385422733979278,0.1288830433562192,0.19999098194449794,0
GSM4957325,3,3.4772085893667812,0.12267632404736327,0.20113565782616644,3
GSM4957326,3,3.442226425504018,0.16940047504441785,0.20759960902899857,0
GSM4957327,3,3.433070902239663,0.1498572241886895,0.20932674229738973,0
GSM4957328,3,3.3998861054662064,0.1472558480425399,0.20630712695735662,0
GSM4957329,3,3.455696095879544,0.11577023184030814,0.20475243557191883,1
GSM4957330,3,3.5539191802571897,0.11915545133207578,0.2064358711159159,0
GSM4957331,3,3.431480394665388,0.19355561813339722,0.20280473535146973,0
GSM4957332,3,3.429794820306209,0.11712649257890077,0.20151228739352564,2
GSM4957333,3,3.4135822411581587,0.12954530173842727,0.20900654249030715,0
GSM4957334,3,3.430026992162884,0.14956487615391295,0.20281827190362886,1
GSM4957335,3,3.5200400323426724,0.11117507338281779,0.20140923524034013,0
GSM4957336,3,3.499664970557865,0.14813081599909594,0.20433315604431793,1
GSM4957337,3,3.4575278791634676,0.09522693988823255,0.20160040340700008,1
GSM4957338,3,3.414162574128574,0.14959491160134822,0.19999702146846343,1
GSM4957339,3,3.5322953604781104,0.11756396830977901,0.20494410649286263,0
GSM4957340,3,3.4196724791437174,0.15939210842525484,0.2066234260696165,0
GSM4957341,3,3.584470799384381,0.06388205603485791,0.21162898327715107,0
GSM4957342,3,3.5683877255078045,0.0957001706456423,0.21572411174754072,0
GSM4957343,3,3.5152187791810783,0.08095071284976496,0.2020738679403053,0
GSM4957344,3,3.4435240646383867,0.09762689409418487,0.20286056705717545,0
GSM4957345,3,3.430377846979913,0.11042183902370498,0.21247583681374624,0
GSM4957346,3,3.4600138092291806,0.10303636996867994,0.2057775823140427,0
GSM4957347,3,3.44190431627205,0.13591403531723933,0.20614920292250336,1
GSM4957348,3,3.4098985682138006,0.09982977156257673,0.20468777775660996,0
GSM4957349,3,3.3326321881487537,0.08572733876302788,0.1935799542288736,1
GSM4957350,3,3.41662381320809,0.1515835736457509,0.20863039964711944,0
GSM4957351,3,3.4929673104554073,0.09597082785023942,0.2067467233355727,0
GSM4957352,3,3.430718670084586,0.1693468718050484,0.2108136025491778,1
GSM4957353,3,3.3984781848141012,0.10764124144452847,0.1992484961641623,0
GSM4957354,3,3.3931381394368283,0.08062875836228198,0.2037456966854547,0
GSM4957355,3,3.397432724172272,0.12173596362212892,0.20138880107677887,0
GSM4957356,3,3.422317016021669,0.09457302776562541,0.19989615861268786,0
GSM4957357,3,3.443505859563026,0.11273544986695869,0.20082869809611278,0
GSM4957358,3,3.4783735908042157,0.11230582608791999,0.20142028342332913,0
GSM4957359,3,3.4129415611288745,0.10132035044045355,0.20566383772335342,0
GSM4957360,3,3.5286691444067446,0.09548946279545194,0.19495069399561257,1
GSM4957361,3,3.407635584539613,0.1692472798270419,0.20662275249409143,0
GSM4957362,3,3.42653112782654,0.1474917170079829,0.20334219571712286,0
GSM4957363,3,3.450028422851427,0.12218109046674318,0.2015066006348707,0
GSM4957364,3,3.4821671592543826,0.10398804787551988,0.2027548014341667,0
GSM4957365,3,3.518305078501935,0.06397649311487755,0.20917906688605548,0
GSM4957366,3,3.398401964278444,0.13738180574543601,0.1914390273296331,0
GSM4957367,3,3.47799687523614,0.12695883363575997,0.19839020053007764,0
GSM4957368,3,3.446084815160792,0.13298671432808773,0.20415918773703706,0
GSM4957369,3,3.4983620257608927,0.10383501383819684,0.20645615612494111,0
GSM4957370,3,3.4600744847045344,0.09500345376645249,0.2019915126265108,0
GSM4957371,3,3.526119580065357,0.11503616209189918,0.20277844259498323,1
GSM4957372,3,3.4967156947105336,0.08208836154092551,0.20537325796932915,0
GSM4957373,3,3.4453737275822105,0.10137342866006147,0.202915272488187,0
GSM4957374,3,3.478358610743109,0.12094151217575579,0.20822909908555423,0
GSM4957375,3,3.4615976774705874,0.10201548830228348,0.2010977862809792,0
GSM4957376,3,3.460697614654844,0.12670462571158983,0.1962586893423242,0
GSM4957377,3,3.5476315986101175,0.08813410010914327,0.22138953578873796,0
GSM4957378,3,3.445379313418345,0.1445507838766441,0.19628730905544758,0
GSM4957379,3,3.4485902960442583,0.12025628757510619,0.20520864656113805,0
GSM4957380,3,3.470373671188931,0.10940767828969333,0.2004158100577245,0
GSM4957381,3,3.480129504089459,0.1105875690173938,0.20176250608623597,0
GSM4957382,3,3.4731200236864583,0.12818789197676625,0.20064709619448923,0
GSM4957383,3,3.426194584695884,0.08863253044303386,0.1989106393832617,0
GSM4957384,3,3.5019418365848143,0.07889945951609265,0.19736452563109386,0
GSM4957385,3,3.4188003653196875,0.11716758703482436,0.20034327184064346,0
GSM4957386,3,3.46858131368461,0.1147865205250314,0.2104408307001243,0
GSM4957387,3,3.5085607419105846,0.11807499967272209,0.19993950458360762,0
GSM4957388,3,3.3655508430080374,0.11833531651561839,0.19848207086633052,1
GSM4957389,3,3.4261606771817985,0.15031084674276468,0.19800592440562303,0
GSM4957390,3,3.4273172489578614,0.11162480161852342,0.19416491562374977,0
GSM4957391,3,3.4781399141507388,0.18620097078042225,0.20794057057298296,1
GSM4957392,3,3.430427201806849,0.17568594039859173,0.2005891793955914,1
GSM4957393,3,3.403101821806447,0.15182744587622035,0.20561510042710318,0
GSM4957394,3,3.505058176776114,0.09866786852487563,0.20424738390362412,0
GSM4957395,3,3.46067506992085,0.12636816798648529,0.1994993266605863,1
GSM4957396,3,3.440700284311456,0.08795331353174722,0.19943364531247895,0
GSM4957397,3,3.4508521967234453,0.08414284610963246,0.20451675157667829,0
GSM4957398,3,3.4532425151112975,0.16430557085972022,0.20352546288406273,1
GSM4957399,3,3.4170068457582343,0.1463291782931444,0.19919857280227665,0
GSM4957400,3,3.4547096070114325,0.1015454644317858,0.20696090045588397,0
GSM4957401,3,3.4048728417469705,0.10098409905399068,0.19551896782644196,1
GSM4957402,3,3.47716052301253,0.0847944679874864,0.20222094877122482,0
GSM4957403,3,3.435285968490293,0.14039099984829198,0.19929697316354666,1
GSM4957404,3,3.505932239977146,0.13184266113478066,0.2033675555908751,1
GSM4957405,3,3.468743924434975,0.11231698995230978,0.2007486334629564,1
GSM4957406,3,3.3888299167206584,0.1913687585174669,0.20237005358536672,2
GSM4957407,3,3.4021575685346677,0.1254614215028581,0.19813699392115797,0
GSM4957408,3,3.4373619261188137,0.13248766291923117,0.20659147645969175,0
GSM4957409,3,3.5575584872821806,0.07822594144535451,0.20858861735643563,0
GSM4957410,3,3.484675912238421,0.13270765546209518,0.21536529859401582,0
GSM4957411,3,3.5564137215573144,0.07929406311518827,0.20102342482742816,0
GSM4957412,3,3.516778173018772,0.11894163026443907,0.20534672560387723,0
GSM4957413,3,3.5393071717501305,0.12045573810737119,0.20447169543734384,0
GSM4957414,3,3.4931267721062986,0.12260406791767904,0.2070353450926963,0
GSM4957415,3,3.416432895443252,0.09824954464090285,0.2021917872321567,0
GSM4957416,3,3.454479168975265,0.11753313447658209,0.20149363324656597,0
GSM4957417,3,3.501256298897201,0.10035053696677278,0.20164348322424594,0
GSM4957418,3,3.5128700885800668,0.11209326342656772,0.20237915834390297,0
GSM4957419,3,3.5047319971581565,0.11504856243094803,0.20939150154205757,0
GSM4957420,3,3.473890344177695,0.11721291605725857,0.20598576609345767,0
GSM4957421,3,3.4886619072354788,0.12002794384755802,0.2027713622738995,0
GSM4957422,3,3.491644354112448,0.0931971435887975,0.20668838311846532,0
GSM4957423,3,3.5319239543014813,0.10617353036717687,0.2020474765185175,0
GSM4957424,3,3.4724336109198695,0.08076444146705967,0.20409059678336278,0
GSM4957425,3,3.4932869307066152,0.1227368650052644,0.1985870509289486,1
GSM4957426,3,3.4295606168859103,0.13333315886406527,0.20092319710971704,0
GSM4957427,3,3.53095637563008,0.10949437466064178,0.20371699056286163,0
GSM4957428,3,3.3969679843742844,0.19606855078399085,0.20362957227357162,0
GSM4957429,3,3.4954659288149394,0.1385907325677308,0.20793534711519465,0
GSM4957430,3,3.4940364263711303,0.1239110294471729,0.20112862639180534,0
GSM4957431,3,3.508581506812695,0.12390405628876254,0.20157525038424695,0
GSM4957432,3,3.510519007957205,0.10163858222140004,0.1975529205827219,0
GSM4957433,3,3.452270499448744,0.0980261362275447,0.20970684156159775,0
GSM4957434,3,3.5462842725690074,0.08266649260840772,0.2014617662540494,0
GSM4957435,3,3.473307181115474,0.139526749637399,0.19715137912713093,0
GSM4957436,3,3.4792765324361183,0.11053512789107653,0.20444719547259765,0
GSM4957437,3,3.5303769263977864,0.1358227030558265,0.20384085869279805,1
GSM4957438,3,3.49498984046998,0.1443363081039736,0.20024336894320888,1
GSM4957439,3,3.470639185883697,0.1544866638345519,0.20137923177589653,1
GSM4957440,3,3.397187761429152,0.15655808149742484,0.19598484307955905,1
GSM4957441,3,3.525532232700831,0.15798723727330338,0.20543446400966164,1
GSM4957442,3,3.474019834770761,0.11901025872150998,0.19974160234296767,0
GSM4957443,3,3.4540237754410716,0.1263643583236235,0.19805182887359363,0
GSM4957444,3,3.486799269136399,0.1604872832226649,0.20460816801074652,0
GSM4957445,3,3.3689484129078826,0.14908292280481514,0.20824621387582698,1
GSM4957446,3,3.454242459160373,0.1432985552728622,0.20853041953612447,0
GSM4957447,3,3.4851420218340516,0.12530330056261366,0.2072963042445586,0
GSM4957448,3,3.4128033635453723,0.11232004859235421,0.20543640383720835,0
GSM4957449,3,3.5223485515285415,0.11118017403787796,0.197769030771255,1
GSM4957450,3,3.4763132049050736,0.1287026690736873,0.20356854035293614,0
GSM4957451,3,3.455645838831737,0.11385372698933865,0.1979448574634607,0
GSM4957452,3,3.4656300427861977,0.11024254881807394,0.19879183428169409,0
GSM4957453,3,3.509220725236144,0.13961104830174498,0.2015294439298664,1
GSM4957454,3,3.3491060525037115,0.16727276424271156,0.2010174482347179,0
GSM4957455,3,3.4830595400801823,0.09424700566655597,0.19648090131082555,0
GSM4957456,3,3.384267450993402,0.12595796582312213,0.19258515500894394,0
GSM4957457,3,3.442348052298674,0.163233714912207,0.19782369449993778,1
GSM4957458,3,3.4447308854215173,0.08018102942268464,0.2018464311561947,0
GSM4957459,3,3.4948919558638987,0.15607087864908334,0.20349769924598,0
GSM4957460,3,3.422696501497066,0.142638886841807,0.20688720780259354,0
GSM4957461,3,3.3897786951291424,0.12749652159654093,0.20337588575979368,0
GSM4957462,3,3.436194875012054,0.16555796915042956,0.20128368884662923,1
GSM4957463,3,3.5790714532977,0.09513110825732878,0.2164058461655327,1
GSM3758005,4,3.2453544757739183,0.18882166148845747,0.21535575549011088,0
GSM3758006,4,3.3005912308455168,0.1717107042304636,0.2204494708583731,0
GSM3758007,4,3.223132969893254,0.2061853411846114,0.21869055015273436,0
GSM3758008,4,3.238828577174488,0.20556441110746318,0.21314709494874107,0
GSM3758009,4,3.1742327183906456,0.1321588069030417,0.20073603051413275,0
GSM3758010,4,3.3192744324270356,0.15836683582255562,0.22811893701614763,0
GSM3758011,4,3.1897853611478673,0.2452644640554514,0.2147603803704939,0
GSM3758012,4,3.262611876135482,0.21110143225035105,0.22716629109906805,0
GSM3758013,4,3.2897158804156437,0.16523242762320078,0.20676803212644074,0
GSM3758014,4,3.301162284508002,0.20656569562815955,0.20974690432952478,0
GSM3758015,4,3.2477180753874073,0.19266244567094215,0.2130581660278546,0
GSM3758016,4,3.2770703394874494,0.1659381519754347,0.2130325396592865,0
GSM3758017,4,3.3362993695104723,0.15991764200867295,0.22276283151422552,0
GSM3758018,4,3.2508915805344167,0.17713436066024407,0.19837167990665786,0
GSM3758019,4,3.304605670931799,0.16924573582324073,0.20980966546615157,0
GSM3758020,4,3.3314931800659884,0.18694929327757104,0.20796331565566384,0
GSM3758021,4,3.261695315496062,0.1570323659576,0.21796811104410133,0
GSM3758022,4,3.3072017782760836,0.1555846870667828,0.2379660193342622,0
GSM3758023,4,3.306497777156084,0.1681480394429246,0.2264037400499061,0
GSM3758024,4,3.3009304468257836,0.1671359733606385,0.20877659290536454,0
GSM3758025,4,3.2897549189203734,0.1929761506309742,0.20745003470615447,0
GSM3758026,4,3.2562841764370636,0.2087978809530613,0.20397412263945291,0
GSM3758027,4,3.2991441872968656,0.17703956837015142,0.21372205316905582,0
GSM3758028,4,3.2429236467140603,0.1947933514596606,0.2014992066705289,0
GSM3758029,4,3.253986751097352,0.17078527138005672,0.21714483896364187,0
GSM3758030,4,3.2405712558412345,0.19336139653480655,0.20967268429276123,0
GSM3758031,4,3.276978840609006,0.1667949874232459,0.2094559027648451,0
GSM3758032,4,3.297108759851476,0.14176382283808364,0.2193208996742718,0
GSM3758033,4,3.17279970312893,0.20003988581389934,0.21670881397712916,0
GSM3758034,4,3.2495369144096977,0.1816998141705699,0.20314915293828095,0
GSM3758035,4,3.293517165548117,0.1835433407190082,0.21815492586673926,0
GSM3758036,4,3.2988057877250685,0.1801625773459803,0.21860334626823139,0
GSM3758037,4,3.29687313371418,0.20314959786438538,0.2091698460651854,0
GSM3758038,4,3.28316296770553,0.16684348284227854,0.21348916772873586,0
GSM3758039,4,3.2471992301743065,0.1727615244673844,0.2164551204804285,0
GSM3758040,4,3.2828079294028534,0.1768083721780823,0.20477717233344528,0
GSM3758041,4,3.3114587500277994,0.1463304352818705,0.21708575805936547,0
GSM3758042,4,3.286816525093915,0.18448136442045243,0.212408175251055,0
GSM3758043,4,3.3282685392861513,0.1706403852234821,0.20724402951964357,0
GSM3758044,4,3.3083025458475195,0.17455815884110573,0.21756229470457203,0
GSM3758045,4,3.273057792490178,0.17293045152367284,0.2213191589572248,0
GSM3758046,4,3.3167765954266337,0.1504827795807852,0.2306450376608531,0
GSM3758047,4,3.263556595200794,0.1326581780600915,0.22164206689095925,0
GSM3758048,4,3.286084276768903,0.16908585479608257,0.2051557598652861,0
GSM3758049,4,3.2685751815592745,0.1560649784582899,0.22829299888763488,0
GSM3758050,4,3.284937366668165,0.18576277623209342,0.20960092671124123,0
GSM3758051,4,3.30093573850483,0.19535577809346796,0.21847514862530362,0
GSM3758052,4,3.2452721447887365,0.19811710107423747,0.21097572824550387,0
GSM3758053,4,3.314782453028427,0.1756176491360019,0.20130061756916076,0
GSM3758054,4,3.3058927249550787,0.19253349459043795,0.2004298456497457,0
GSM3758055,4,3.2898417241727276,0.1777632303535012,0.21183201572789545,0
GSM3758056,4,3.2847545971624723,0.15784910163410015,0.2086486763162245,0
GSM3758057,4,3.280995221786369,0.15383135312716406,0.20629612876554124,0
GSM3758058,4,3.2509148386007753,0.16726556720857724,0.20159734812414576,0
GSM3758059,4,3.3540258226421815,0.13265794208235196,0.20917073139165693,0
GSM3758060,4,3.277542813184818,0.18107722750988098,0.216905541223416,0
GSM3758061,4,3.2836299085430887,0.18566491482463254,0.20657514439946584,0
GSM3758062,4,3.3494970211054116,0.12441043251371438,0.21557521394391066,0
GSM3758063,4,3.2843965267940116,0.1824730658825247,0.20033174780839022,0
GSM3758064,4,3.3182161729847213,0.16858919734273126,0.21075969344354314,0
GSM3758065,4,3.274467028984464,0.17033335154256982,0.21274269409682592,0
GSM3758066,4,3.303198927098166,0.1735553250076534,0.20811067644804615,0
GSM3758067,4,3.3214703922433624,0.19472441811777538,0.21125110542704292,0
GSM3758068,4,3.2883938409643387,0.17074143097596778,0.21009311000218003,0
GSM3758069,4,3.2515902731853066,0.18842499422395143,0.208838852361022,0
GSM3758070,4,3.300993037023919,0.15657109054314872,0.2095660291601419,0
GSM3758071,4,3.3134445145640234,0.18769379514402582,0.21095353200001332,0
GSM3758072,4,3.2738784892896895,0.15018053289422484,0.21865124640107012,0
GSM3758073,4,3.2826981494348444,0.2000800643556697,0.20260034601435054,0
GSM3758074,4,3.2816724972254145,0.1817750960343494,0.20762644464858798,0
GSM3758075,4,3.3428957268834414,0.18983116539916542,0.20004416905177944,0
GSM3758076,4,3.294792340269935,0.19191163529179162,0.21389143527110677,0
GSM3758077,4,3.2678443363170393,0.1990107908733783,0.215598332653772,0
GSM3758078,4,3.2883181969234205,0.1922194511144204,0.20820839230323648,0
GSM3758079,4,3.2908555255579577,0.13961391626350259,0.21047926233155542,0
GSM3758080,4,3.2803880286816294,0.17794147393133175,0.19936416530373163,0
GSM3758081,4,3.3230679276934945,0.1689149694885146,0.22494203795301168,0
GSM3758082,4,3.2815149398661303,0.19097716858362826,0.20779346576661298,0
GSM3998167,4,3.2728957363503453,0.19000199772789475,0.2204693019064354,0
GSM3998168,4,3.2298637456622226,0.20184183224898247,0.2049826675781433,0
GSM3998169,4,3.2288082933734947,0.20627930463566838,0.20928098658132668,0
GSM3998170,4,3.249407610263736,0.20371856775376843,0.20426046034183826,0
GSM3998171,4,3.265680348364599,0.20837877805260924,0.22642543025975692,0
GSM3998172,4,3.2819721900194803,0.1817451352278124,0.18593268471067284,0
GSM3998173,4,3.2730408277524696,0.17541405162756998,0.21033990029718244,0
GSM3998174,4,3.3000634450618724,0.16058702026552166,0.2054291011800406,0
GSM3998175,4,3.3609022054768554,0.14566183271760139,0.19500269716110874,0
GSM3998176,4,3.3716178468908824,0.12836039710800715,0.19839666442910397,0
GSM3998177,4,3.3271724060510035,0.17812360630354304,0.20431266364998837,0
GSM3998178,4,3.335821300403328,0.1542502917741824,0.19450785930000009,0
GSM3998179,4,3.2841708512965258,0.17366537209054347,0.19870292837739884,0
GSM3998180,4,3.33246473586764,0.14797439428097828,0.20611490638468782,0
GSM3998181,4,3.302074303881318,0.19213731915944163,0.19876120898645694,0
GSM3998182,4,3.3695587835004774,0.15737824781220253,0.19335684010110712,0
GSM3998183,4,3.247126690103316,0.23781191748417607,0.203853554862517,0
GSM3998184,4,3.282021930749943,0.18650851377007235,0.19503072243766909,0
GSM3998185,4,3.286359261791424,0.1929927713842556,0.20233411840285132,0
GSM3998186,4,3.3642999530641147,0.15247461288860614,0.19800580814210164,0
GSM3998187,4,3.2955344789232583,0.17503171271636056,0.1962017343938103,0
GSM3998188,4,3.2585692942364872,0.1771728160900658,0.21254469823141783,0
GSM3998189,4,3.2576946398344377,0.1866617114237821,0.20535147368431825,0
GSM3998190,4,3.29120550912525,0.17804642463911413,0.2074146959334063,0
GSM3998191,4,3.260479599841901,0.16840041388519514,0.19836370217622865,0
GSM3998192,4,3.2511638446906326,0.17197573701683616,0.2024299087225218,0
GSM3998193,4,3.245540890095521,0.21969358847067383,0.19763040647076713,0
GSM3998194,4,3.308711264240819,0.1746903936121753,0.20569487306287798,0
GSM3998195,4,3.2538135979119605,0.180051236686497,0.21615395846998003,0
GSM3998196,4,3.2256807772374487,0.1805755819565819,0.22110246401079922,0
GSM3998197,4,3.288211086482244,0.18637042549604926,0.22467257783327665,0
GSM3998198,4,3.307021060672315,0.15612846449433615,0.21062190168819836,0
GSM3998199,4,3.2274330910075584,0.1871127415281085,0.2035561995301151,0
GSM3998200,4,3.2908559194357583,0.183619416362463,0.20999448400343385,0
GSM3998201,4,3.231253446088011,0.15423688925229417,0.2204070460635367,0
GSM3998202,4,3.2596621841592515,0.1956638149903433,0.22882784954929744,0
GSM3998203,4,3.294328933169194,0.19111318832827853,0.22594757821552658,0
GSM3998204,4,3.2308993551031957,0.20993740808323544,0.22197339084154258,0
GSM3998205,4,3.3033676799045795,0.1882615518151105,0.20374496529768815,0
GSM3998206,4,3.336253273517406,0.1817323437382997,0.20316310858808545,0
GSM3998207,4,3.25563262061867,0.1921598460506664,0.22026798631040356,0
GSM3998208,4,3.2824572332859465,0.21728165729576054,0.210272152045203,0
GSM3998209,4,3.25743652698737,0.1998672398660803,0.2090491105666087,0
GSM3998210,4,3.2904497549041434,0.14556217623386147,0.22077105466212643,0
GSM3998211,4,3.2939144889083365,0.1881297557809442,0.21604259815889454,0
GSM3998212,4,3.2686035995479257,0.20117814211263302,0.2102802894001619,0
GSM3998213,4,3.3224326418388412,0.15095930048646747,0.20306983301486942,0
GSM3998214,4,3.2309828466661403,0.1855420375296658,0.19876296029549978,0
GSM3998215,4,3.298281025263457,0.193125990270522,0.20739273798300917,0
GSM3998216,4,3.2785998852201845,0.2069920454378037,0.20169282450642004,0
GSM3998217,4,3.237021753821739,0.2471332237250537,0.1982651450348154,0
GSM3998218,4,3.2257883742626206,0.19915228711761038,0.1867292849646455,0
GSM3998219,4,3.3365663844250495,0.160597555218735,0.1932531750365087,0
GSM3998220,4,3.2450441270969907,0.253319307470829,0.20441746375267777,0
GSM3998221,4,3.2286279211291427,0.2220235664262132,0.20161253918634744,0
GSM3998222,4,3.3102879127761944,0.22612534546030358,0.19861944127349562,0
GSM3998223,4,3.207885200380356,0.24474539683507357,0.216578032736812,0
GSM3998224,4,3.2219735347824314,0.2188765310547714,0.2160459047674991,0
GSM3998225,4,3.2450255657350806,0.12888159145903286,0.21323597809174913,0
GSM3998226,4,3.2885859047091586,0.14202989647241834,0.20490560004073657,0
GSM3998227,4,3.234613193811709,0.17099260542819578,0.2182447845520028,0
GSM3998228,4,3.3040150891125077,0.17851417064419275,0.19778847145516493,0
GSM3998229,4,3.30406914393693,0.15628113984133488,0.2217171837769852,0
GSM3998230,4,3.3070331800509467,0.1501969951946079,0.25294530695847806,0
GSM3998231,4,3.358879201772053,0.1493340339186715,0.20409254993627038,0
GSM3998232,4,3.3250699706097446,0.17815967024436521,0.21644877465533693,0
GSM3998233,4,3.2671770031142566,0.11479551831637425,0.21227182599546543,0
GSM3998234,4,3.333764778863521,0.14574966541970696,0.20437926538395254,0
GSM3998235,4,3.274678427563544,0.196310150088431,0.1938661291560058,0
GSM3998236,4,3.315697890021972,0.14249797623149996,0.19962563680577186,0
GSM3998237,4,3.390075302404689,0.12806910302883748,0.21208271843967264,0
GSM3998238,4,3.2787557725004906,0.1694399479811225,0.20956214445058038,0
GSM3998239,4,3.339750412640265,0.14666504424503704,0.21909179564828316,0
GSM3998240,4,3.3163989496627995,0.15487397208953116,0.20905280756254055,0
GSM3998241,4,3.3021532184749143,0.16371892131811225,0.20437980922628518,0
GSM3998242,4,3.227726166996183,0.13261671573322217,0.21336666764987483,0
GSM3998243,4,3.278992677064081,0.17912633500242245,0.19834235937104314,0
GSM3998244,4,3.3375754705384493,0.13465717293444524,0.20806299003229084,0
GSM3998245,4,3.315087600493522,0.1574269606380368,0.21637393979538116,0
GSM3998246,4,3.3457114217403636,0.1282833321689444,0.20908758846107056,0
GSM3998247,4,3.2922043693991747,0.1854929466416374,0.2071116938943763,0
GSM3998248,4,3.2708553499444326,0.15129172382269943,0.21435180026013045,0
GSM3998249,4,3.320110429950021,0.17557280769368877,0.19009855129485764,0
GSM3998250,4,3.373645931439346,0.1586616635288295,0.2048245243919889,0
GSM3998251,4,3.200587525645982,0.22975965578546406,0.21310337670248639,0
GSM3998252,4,3.310418351093239,0.1690307528265561,0.20428622355619488,0
GSM3998253,4,3.282674641913318,0.16506102091119362,0.20986077044105217,0
GSM3998254,4,3.252683281292015,0.19138221271167405,0.20456272882952162,0
GSM3998255,4,3.3146597225533534,0.21437342555193534,0.19609655025440392,0
GSM3998256,4,3.3216646442416278,0.17290142782604748,0.20908399152052615,0
GSM3998257,4,3.271416035399805,0.16417037963957842,0.20503751231607192,0
GSM3998258,4,3.2092466714177967,0.1899922594204847,0.19683444417371587,0
GSM3998259,4,3.391907620445742,0.12209997342227673,0.23671429228875748,0
GSM3998260,4,3.3432885613341816,0.129951593552072,0.215129770039453,0
GSM3998261,4,3.3051968133410914,0.1978023464339159,0.20362138804509822,0
GSM3998262,4,3.3049864530109994,0.1738808110033949,0.2072722872560545,0
GSM3998263,4,3.3015666242360333,0.19924641897268192,0.1978678451804357,0
GSM3998264,4,3.2874530239812243,0.17033618239679096,0.20406199421633556,0
GSM3998265,4,3.3014606612315465,0.196542592256458,0.1988902660814893,0
GSM3998266,4,3.290953151931029,0.2145539201179769,0.19092779046825403,0
GSM3998267,4,3.322167081677802,0.1906598689368747,0.2073508917370992,0
GSM3998268,4,3.206748237829496,0.16265709564769434,0.2475996799397405,0
GSM3998269,4,3.2903833793781976,0.18313143926955355,0.1988494732548848,0
GSM3998270,4,3.3033709759768386,0.20650127845391697,0.19942344101405604,0
GSM3998271,4,3.2885999821603153,0.17923673955261615,0.20424499413770258,0
GSM3998272,4,3.347767483452212,0.13967515452174747,0.20756896716664977,0
GSM3998273,4,3.3474143871703053,0.1746249276887635,0.21418133687902546,0
GSM3998274,4,3.34230185069465,0.16000277156248016,0.20198617429800989,0
GSM3998275,4,3.311893311795322,0.17171338872916028,0.1936003549035607,0
GSM3998276,4,3.2406864609357715,0.18694244838959187,0.2224333873098499,0
GSM3998277,4,3.334664159440426,0.16788678788952466,0.2150091292142054,0
GSM3998278,4,3.2972772585886387,0.1681919408919423,0.2310959932852961,0
GSM3998279,4,3.307721266625566,0.16650832474699415,0.20067194750938724,0
GSM3998280,4,3.3197671082264404,0.1641058304858508,0.2188476894268861,0
GSM3998281,4,3.264979728878857,0.18042884621969796,0.21326109700169887,0
GSM3998282,4,3.309179432110027,0.16753849606033233,0.20462581313808542,0
GSM3998283,4,3.2891502177271947,0.19108559992850654,0.22055205005653325,0
GSM3998284,4,3.236995566165819,0.18763692321050965,0.2404846871621766,0
GSM3998285,4,3.243743526880637,0.13385456020794195,0.24020813579344566,0
GSM3998286,4,3.3403516568086142,0.163140995222216,0.19348216159057816,0
GSM3998287,4,3.3115531038363333,0.16547646329638271,0.1966979673753046,0
GSM3998288,4,3.379678362228986,0.1558661768386092,0.20618601375138712,0
GSM3998289,4,3.304959898006098,0.18577214161177585,0.20398290830099583,0
GSM3998290,4,3.249542174351425,0.20467384595217633,0.2022711057570023,0
GSM3998291,4,3.290976067957906,0.16850227143157506,0.20222845070189727,0
GSM3998292,4,3.348277631322512,0.16074000062823363,0.20074889746988753,0
GSM3998293,4,3.326857865877435,0.1498393549309208,0.2098173852163108,0
GSM3998294,4,3.3438720648985654,0.18411863066168555,0.20844207207996818,0
GSM3998295,4,3.319967110238522,0.20199271114659814,0.2059877419473699,0
GSM3998296,4,3.3379920966520067,0.17902127807469576,0.20228256830308033,0
GSM3998297,4,3.3876678345621745,0.1447466392908582,0.20235484610497892,0
GSM3998298,4,3.3338899744962647,0.14828873440884782,0.19613597248130882,0
GSM3998299,4,3.3294771624403166,0.18812171427762275,0.20064570632716153,0
GSM3998300,4,3.322379509112102,0.16834896575703034,0.20357461356791207,0
GSM3998301,4,3.248134896566248,0.21185088597927557,0.2040469068181133,0
GSM3998302,4,3.3148549867178607,0.14334292616014022,0.23105338497490321,0
GSM3998303,4,3.2919459902992276,0.17613820877349454,0.23342229132899234,0
GSM3998304,4,3.2980014882314004,0.1816278080999545,0.2584885032957705,0
GSM3998305,4,3.3119737897633192,0.20223666890227382,0.20119074479382607,0
GSM3998306,4,3.3172503514831106,0.18443350345875337,0.20743350942416228,0
GSM3998307,4,3.3224117921468057,0.16771746991733974,0.20317990659762675,0
GSM3998308,4,3.301853155630549,0.1788380108353437,0.20778406156363896,0
GSM3998309,4,3.292798255194445,0.18449121761048248,0.20803359217641773,0
GSM3998310,4,3.288629222168945,0.20756170689154224,0.20702064418487162,0
GSM3998311,4,3.3247430054938776,0.17326254702356203,0.19360484268172817,0
GSM3998312,4,3.2362083112639275,0.19391469770201133,0.22614806588533262,0
GSM3998313,4,3.3053294541897498,0.16647461903276137,0.20966120055948081,0
GSM3998314,4,3.259937992467843,0.20940019334459942,0.21631701571890083,0
GSM3998315,4,3.302531346321148,0.1983558847294084,0.2138032566869481,0
GSM3998316,4,3.3124123766621683,0.20372296290581432,0.22587208333191722,0
GSM3998317,4,3.2882921681011026,0.2108877657479589,0.22270850690547744,0
GSM3998318,4,3.287627781315013,0.18937913731500997,0.22197568668044756,0
GSM3998319,4,3.341437037875665,0.16837917129297014,0.2255889929251724,0
GSM3998320,4,3.3112043320699813,0.1741463357227578,0.2276550801285017,0
GSM3998321,4,3.333465379706295,0.1450271491596136,0.21340547415260444,0
GSM3998322,4,3.263024362951992,0.20401162037268789,0.2196026096658903,0
GSM3998323,4,3.284842983498877,0.21788088295443225,0.21544865683854558,0
GSM3998324,4,3.248354606075338,0.17956745123600318,0.2027375145744492,0
GSM3998325,4,3.308835784837107,0.2155152611559801,0.20904760552402518,0
GSM3998326,4,3.315541387747435,0.17610022373838763,0.2149385303692901,0
GSM3998327,4,3.178877953521807,0.18352119040411677,0.20071198283504985,0
GSM3998328,4,3.218923791181332,0.21985893008532054,0.21217383742941853,0
GSM3998329,4,3.275527433306807,0.13969583188645376,0.19378744353334396,0
GSM3998330,4,3.3342296647842984,0.20195503491232708,0.19823772300013082,0
GSM3998331,4,3.3286738329814702,0.1432294699071635,0.21608197207303048,0
GSM3998332,4,3.2061777344556024,0.15684103191804308,0.20039837115768963,0
GSM3998333,4,3.3037492152585624,0.1273099046767558,0.21077640256312125,0
GSM3998334,4,3.2266152429482737,0.16917328684022914,0.21787678778070454,0
GSM3998335,4,3.19227535081611,0.20714771835078086,0.21226650072502054,0
GSM3998336,4,3.26768355699314,0.21214407640452734,0.21147259481826045,0
GSM3998337,4,3.3063491742010256,0.19206678939897473,0.22355485750640403,0
GSM3998338,4,3.2761882215653393,0.1480093106899442,0.23711278632643273,0
GSM3998339,4,3.297535255201109,0.17540608592499216,0.20408220698195928,0
GSM3998340,4,3.33649817159597,0.1354033715207191,0.2166811861324977,0
GSM3998341,4,3.2744811957118154,0.20412078547745113,0.20523757719273858,0
GSM3998342,4,3.2528444600556656,0.17207299808239546,0.1974366272066379,0
GSM3998343,4,3.2627164265621715,0.15521239348532265,0.23219988306716602,0
GSM3998344,4,3.261994065910526,0.1810484754900528,0.22741655920971218,0
GSM3998345,4,3.2859293077932024,0.17946323923660706,0.23783910797026112,0
GSM3998346,4,3.240214107328045,0.19758672765325505,0.24144320414478251,0
GSM3998347,4,3.263049897900797,0.19205790646812332,0.23903672222191577,0
GSM3998348,4,3.272971003124098,0.15114853444248064,0.2410909677540589,0
GSM3998349,4,3.2721669697645837,0.18366084113864228,0.22531194441276306,0
GSM3998350,4,3.3062891770235137,0.11407810947944058,0.23777337662057746,0
GSM3998351,4,3.2637109782589118,0.1504014838107688,0.22601124988964008,0
GSM3998352,4,3.270323061578106,0.17057538322839147,0.217635259433522,0
GSM3998353,4,3.307014627101687,0.199109695629732,0.22649411091583832,0
GSM3998354,4,3.275135418807722,0.13778719986569649,0.23970304245255633,0
GSM3998355,4,3.2998853455474504,0.10827360804908255,0.21101072002432425,0
GSM3998356,4,3.270997144851657,0.15291407166310056,0.23415546931587813,0
GSM3998357,4,3.2386861958518556,0.2024022958333439,0.22411071758562184,0
GSM3998358,4,3.291745899214933,0.17520447627127766,0.20613793600444605,0
GSM3998359,4,3.1570542544604927,0.18088810774830547,0.21723972227201432,0
GSM3998360,4,3.2555687660179413,0.1789280724066779,0.24859785401903378,0
GSM3998361,4,3.3437809650982633,0.1827342214310248,0.22404814329626258,0
GSM3998362,4,3.238423010802759,0.146597674976376,0.23221256669969656,0
GSM3998363,4,3.2847352470884257,0.16401014404423533,0.22804193286114122,0
GSM3998364,4,3.311997970642377,0.13034560208414767,0.2465177701023385,0
GSM3998365,4,3.2340422169915266,0.1770134507634564,0.22672590824289632,0
GSM3998366,4,3.2787537955234143,0.16647776439508769,0.2388680201352105,0
GSM3998367,4,3.2360018462731985,0.14238128763052674,0.23310526461959444,0
GSM3998368,4,3.270116986641107,0.16102216097415945,0.22795783136007897,0
GSM3998369,4,3.2982770980580334,0.1542800368529841,0.24418111603643183,0
GSM3998370,4,3.206100373466632,0.1806212945727345,0.21178593422875355,0
GSM3998371,4,3.2221313969371717,0.1780955269137771,0.20131911676531639,0
GSM3998372,4,3.2283108811756756,0.19686963848508773,0.2052127430259014,0
GSM3998373,4,3.2442353028998028,0.1777869777441985,0.22773601411523267,0
GSM3998374,4,3.2409380276887196,0.16742789753438614,0.20104104543880152,0
GSM3998375,4,3.239067292860547,0.2128727171101434,0.19867787711317936,0
GSM3998376,4,3.2024362789718333,0.19881281081342092,0.2066881142882654,0
GSM3998377,4,3.2314032108963566,0.21077352853392467,0.20936205675442773,0
GSM3998378,4,3.188799742279867,0.1765153313176621,0.203978296428382,0
GSM3998379,4,3.238834668022025,0.20395832007855533,0.22045945464931083,0
GSM3998380,4,3.261967096716362,0.16460273209254025,0.21226215292036435,0
GSM3998381,4,3.1867286387591838,0.20748407852072115,0.22027572127553202,0
GSM3998382,4,3.209696863118924,0.12667162068587837,0.21583741030826908,0
GSM4957321,4,3.2898152872114084,0.20524825837558053,0.2067311241502304,0
GSM4957322,4,3.3273277583100453,0.14782526831353998,0.19517246692812243,0
GSM4957323,4,3.2256073410216652,0.23219281658207164,0.2032210821490586,0
GSM4957324,4,3.2102735938081866,0.1888449026973042,0.20976478435486653,0
GSM4957325,4,3.2949327593811804,0.18913499497604996,0.2062092037979004,0
GSM4957326,4,3.234496541432868,0.2553446477477485,0.21279620965542312,0
GSM4957327,4,3.234994443250823,0.21952807383049744,0.21371760217584315,0
GSM4957328,4,3.219729209905978,0.2106879234150973,0.2083904844124384,0
GSM4957329,4,3.3036911959818402,0.19290081036249615,0.21113477194922817,0
GSM4957330,4,3.343409265652992,0.22631754198610005,0.21210472909392097,0
GSM4957331,4,3.277058855988723,0.22091457736350975,0.20703775709341207,0
GSM4957332,4,3.2684484116465122,0.1901098703209002,0.21039062927874388,0
GSM4957333,4,3.25443170395929,0.18050174847057507,0.20628733879115385,0
GSM4957334,4,3.292439668455172,0.17269672762787752,0.21760691711950986,0
GSM4957335,4,3.3114788978373637,0.16584225981351852,0.20896966033077485,0
GSM4957336,4,3.2852051835390004,0.25331053533066034,0.20149580091692673,0
GSM4957337,4,3.3139242658201393,0.08611523535047395,0.206254579102381,0
GSM4957338,4,3.2873751288960293,0.15952359282340794,0.1980528909979835,0
GSM4957339,4,3.321750759349717,0.20227615380305047,0.21130414877222187,0
GSM4957340,4,3.256098081345646,0.16477679993896527,0.21536067848349263,0
GSM4957341,4,3.37788815905445,0.15087381679263487,0.21738844018410938,0
GSM4957342,4,3.361701748338098,0.18681050710548086,0.2159667766958411,0
GSM4957343,4,3.3219126168463817,0.16030596650266157,0.21698005085254765,0
GSM4957344,4,3.2471865354273275,0.18372088832053013,0.21062164669280264,0
GSM4957345,4,3.236072792070771,0.19273175424303324,0.21696826742943068,0
GSM4957346,4,3.2547079784724238,0.19942439727863748,0.21690313990187682,0
GSM4957347,4,3.242132623981205,0.2428766070435328,0.21894475967947852,0
GSM4957348,4,3.2533659453259114,0.16709915414599624,0.20999742910367222,0
GSM4957349,4,3.2179970336748145,0.09315909127402196,0.20700742435074912,0
GSM4957350,4,3.2719936148686966,0.20035273989696972,0.21179309860233628,0
GSM4957351,4,3.3053094647505836,0.1877048851184166,0.2190541061643184,0
GSM4957352,4,3.26257004096832,0.23295089900822985,0.20909387591108444,0
GSM4957353,4,3.262517436743733,0.11333279056796225,0.20725138607364876,0
GSM4957354,4,3.230880759487154,0.11630873310748452,0.20866280893010394,0
GSM4957355,4,3.2344734222977256,0.17918719969808752,0.2135899106802229,0
GSM4957356,4,3.254169354802446,0.16592928395249204,0.22664753073072452,0
GSM4957357,4,3.2782276530221424,0.16528991893776948,0.21070558022498512,0
GSM4957358,4,3.282519821227405,0.19446816703568018,0.201975277798658,0
GSM4957359,4,3.282747012041742,0.11456383595187966,0.19425533292812253,0
GSM4957360,4,3.390341240036069,0.12978398482414885,0.23812665065119018,0
GSM4957361,4,3.2233062559760914,0.2359946187678744,0.2113927492959205,0
GSM4957362,4,3.250741898910709,0.20953761331607534,0.21055488902149727,0
GSM4957363,4,3.304101378667554,0.1594915823343035,0.21147922123562485,0
GSM4957364,4,3.282688755055213,0.20690088698615228,0.2087626010420116,0
GSM4957365,4,3.2899199684588054,0.1797238552522328,0.21355702022397338,0
GSM4957366,4,3.273690898503688,0.08693812770309792,0.20721006067681774,0
GSM4957367,4,3.3348530343769,0.17298927530588137,0.21293375247817253,0
GSM4957368,4,3.31406686662178,0.14221085728661917,0.22409865032969245,0
GSM4957369,4,3.309115612848181,0.15245522888040816,0.21255728795275974,0
GSM4957370,4,3.2659146419452987,0.1608490916448678,0.2191422336023594,0
GSM4957371,4,3.313477400324131,0.23060373367454287,0.21421861153582236,0
GSM4957372,4,3.2952054545676197,0.1815174377248256,0.20447007877761675,0
GSM4957373,4,3.265666208699407,0.1606221407079608,0.21526578477898933,0
GSM4957374,4,3.3244584301362736,0.14780619573865714,0.22050662327602719,0
GSM4957375,4,3.3022629078542973,0.11654111548320502,0.21928898687401605,0
GSM4957376,4,3.3273887934863016,0.14508978440676829,0.2171453620222302,0
GSM4957377,4,3.4072426580487134,0.11513293106017156,0.22851839204629515,0
GSM4957378,4,3.2984238895622418,0.16073205360122317,0.23978936876644172,0
GSM4957379,4,3.2832147619109153,0.1569426548451739,0.20920698388259515,0
GSM4957380,4,3.309631061192706,0.15713286798500037,0.22866725391136683,0
GSM4957381,4,3.275198041777301,0.18535164554786987,0.2126533202757598,0
GSM4957382,4,3.292798546895309,0.1881584536888569,0.22472351435078003,0
GSM4957383,4,3.3064146877338585,0.09624082078220177,0.2159742785932828,0
GSM4957384,4,3.3046901927303023,0.18036047883437298,0.2184562019533187,0
GSM4957385,4,3.262279297816239,0.147280111214263,0.21639384254721075,0
GSM4957386,4,3.3194321947345915,0.17561051224605184,0.19930354197997222,0
GSM4957387,4,3.330100587277283,0.20094796764575004,0.20607715581626382,0
GSM4957388,4,3.2455035767929674,0.1545464139818491,0.20877552457655707,0
GSM4957389,4,3.267923221728125,0.20197824924159324,0.22384049446585566,0
GSM4957390,4,3.2565199635886053,0.17104284454347785,0.21901362794581727,0
GSM4957391,4,3.325622967482695,0.17715233804971373,0.19878425499792374,0
GSM4957392,4,3.2696732444716305,0.2269265987773181,0.21376678045182432,0
GSM4957393,4,3.169008778788371,0.2607900073829565,0.21314052274216652,0
GSM4957394,4,3.3098839601020598,0.20377179342409033,0.2151234761077192,0
GSM4957395,4,3.2784635758370393,0.12037409413146578,0.20521010523815197,0
GSM4957396,4,3.33868576199782,0.09248901196508291,0.21080104003244518,0
GSM4957397,4,3.298818007647898,0.12509354729665376,0.2179541569290565,0
GSM4957398,4,3.2451904668913696,0.25022310169178885,0.207773259912815,0
GSM4957399,4,3.2406036845155737,0.19075522857728477,0.2096233293681185,0
GSM4957400,4,3.2912251037222515,0.16383734802961403,0.22186795356616362,0
GSM4957401,4,3.2407780009149127,0.14691927118645395,0.2132675950732779,0
GSM4957402,4,3.323033462735706,0.1271608419248703,0.202766803200041,0
GSM4957403,4,3.2845258267364894,0.17590267426423414,0.2140001400283734,0
GSM4957404,4,3.312506304805586,0.2093996201981435,0.1977462487319818,0
GSM4957405,4,3.30040893603856,0.2054069011429446,0.20886533392585643,0
GSM4957406,4,3.220455747252372,0.24785686008321325,0.20224308795265833,0
GSM4957407,4,3.2464115981397406,0.16533179176733293,0.20829004652836017,0
GSM4957408,4,3.31746914160816,0.14116567799901988,0.20553995428024932,0
GSM4957409,4,3.3464214686103495,0.18378044890793327,0.19756971266783066,0
GSM4957410,4,3.342592921356839,0.14926157196324702,0.21169685065923177,0
GSM4957411,4,3.340530799036271,0.18037000038512274,0.21136532168212002,0
GSM4957412,4,3.3337800670577202,0.17731124849011065,0.20754112740570774,0
GSM4957413,4,3.3311953543162094,0.23329266111719368,0.20673787247700912,0
GSM4957414,4,3.324691759331221,0.19280253995310587,0.20424997225109995,0
GSM4957415,4,3.2499470654327287,0.16463221887300533,0.2009797544619161,0
GSM4957416,4,3.306997778866513,0.14148188525808372,0.21193685431754397,0
GSM4957417,4,3.2804284298402107,0.21865006554966002,0.20625509742409745,0
GSM4957418,4,3.324582730958071,0.18989563324814815,0.2063104183957086,0
GSM4957419,4,3.335809364400556,0.18733236510529425,0.19900094549014868,0
GSM4957420,4,3.3059945635138965,0.1589753790830412,0.22197549801061553,0
GSM4957421,4,3.3032130223551532,0.19694492282335663,0.2105766234327739,0
GSM4957422,4,3.3334678000719493,0.14308823262061127,0.230254373614585,0
GSM4957423,4,3.3432966294413853,0.19268884453167426,0.20039678595773017,0
GSM4957424,4,3.2975441324409998,0.14587832140604873,0.22176363699979929,0
GSM4957425,4,3.3251386690494025,0.1671155652416848,0.20367665267434001,0
GSM4957426,4,3.249083584480067,0.19880767280484457,0.20481495039545503,0
GSM4957427,4,3.311486379381301,0.1955278317152903,0.20403672414631985,0
GSM4957428,4,3.2443609077331645,0.2323869213489078,0.20340846280719654,0
GSM4957429,4,3.326019404963958,0.19970164057965062,0.2106059975280568,0
GSM4957430,4,3.2878640276476805,0.21651473575255942,0.2033753151113327,0
GSM4957431,4,3.2912021014289463,0.20673721024291294,0.20933287189665192,0
GSM4957432,4,3.313689054668643,0.19837494662707456,0.20834987926889928,0
GSM4957433,4,3.2725824803990258,0.16897559937137369,0.21203287289744727,0
GSM4957434,4,3.316094480656514,0.19981739300997978,0.2137327379363822,0
GSM4957435,4,3.2976693442010396,0.20972529427393505,0.20602041414032077,0
GSM4957436,4,3.3087381762501824,0.1831789022254345,0.20935105647100094,0
GSM4957437,4,3.3131932043753265,0.24314260015976388,0.20613229339599953,0
GSM4957438,4,3.326968912264844,0.21252832023636337,0.20676658722412036,0
GSM4957439,4,3.302486937429453,0.20703688670418122,0.19965129978050764,0
GSM4957440,4,3.22381920370398,0.22535645335620924,0.20601867749730196,0
GSM4957441,4,3.355396799270458,0.21104535444537764,0.21504363580487157,0
GSM4957442,4,3.3015891328491893,0.1694420310336048,0.20972051243545897,0
GSM4957443,4,3.29478569152256,0.18450741872063703,0.2146962391938413,0
GSM4957444,4,3.317980196105192,0.21141168616973885,0.199729443642081,0
GSM4957445,4,3.2662012818888133,0.16689800134438462,0.1908406486233073,0
GSM4957446,4,3.244727128130265,0.2355745160174104,0.21382766644218867,0
GSM4957447,4,3.3041640207330514,0.18793530116594676,0.20815306213892149,0
GSM4957448,4,3.2298374607219005,0.18327716888646517,0.20970936477028654,0
GSM4957449,4,3.323022443098098,0.20067227283104913,0.20955514634416875,0
GSM4957450,4,3.3027778901781146,0.19793663609543385,0.20869677077774584,0
GSM4957451,4,3.291222411424879,0.18530994532601025,0.22156575959019426,0
GSM4957452,4,3.2537950351105054,0.22562114008223583,0.21996083795518612,0
GSM4957453,4,3.330863041584634,0.2286623889987536,0.2001192634998488,0
GSM4957454,4,3.1808806266715166,0.22666641154486686,0.20797514472969617,0
GSM4957455,4,3.333766478412337,0.14419622585575487,0.20364708164736903,0
GSM4957456,4,3.2384139201347266,0.18125890519070076,0.20925400792760207,0
GSM4957457,4,3.25355836699238,0.23457004117171099,0.20530713993999036,0
GSM4957458,4,3.2664472270278235,0.16316240542464167,0.21569133614532107,0
GSM4957459,4,3.303562161375066,0.23346772600024782,0.20366189607140786,0
GSM4957460,4,3.2463116548564077,0.21120227867359342,0.20841078651934367,0
GSM4957461,4,3.2450127141263536,0.1780126594311923,0.22450783787352055,0
GSM4957462,4,3.218578957014913,0.26410234729552373,0.21005610048477194,0
GSM4957463,4,3.4311816364572905,0.15992397844293843,0.2507524171548086,0
GSM3758005,5,3.191295892419595,0.2568884072643401,0.2174776687176129,0
GSM3758006,5,3.2275921240946936,0.25015306829496153,0.2198761780895636,0
GSM3758007,5,3.1898872746060825,0.2315194187438845,0.22392588483730724,0
GSM3758008,5,3.198840027342111,0.2385012954035212,0.2233033169005441,0
GSM3758009,5,3.143375875030535,0.23114925091295088,0.21850604805796017,0
GSM3758010,5,3.2734565418127652,0.2315865720050514,0.21688619228555778,0
GSM3758011,5,3.1622195937313498,0.2795860596159004,0.2129427777975213,0
GSM3758012,5,3.248997558203018,0.23050655433485565,0.21845659840747558,0
GSM3758013,5,3.215119569268798,0.2292334937158812,0.23340861035805027,0
GSM3758014,5,3.3072870523361515,0.18964975504123693,0.21958802687967632,0
GSM3758015,5,3.2245676349790675,0.20541412378003024,0.23599755520982207,0
GSM3758016,5,3.223813966245332,0.23670151678478954,0.2237236774603705,0
GSM3758017,5,3.2612938163904306,0.26284227135225213,0.21612924732292912,0
GSM3758018,5,3.210534364817609,0.22263253659576104,0.23036494977380037,0
GSM3758019,5,3.2608810810720414,0.20613700405830868,0.22851853525743254,0
GSM3758020,5,3.2728858574049964,0.23854323230951127,0.21259374488501862,0
GSM3758021,5,3.2050956233121988,0.21802332088145784,0.2272833117826347,0
GSM3758022,5,3.2569120673041394,0.21572580470560224,0.22134648421710312,0
GSM3758023,5,3.285824415283557,0.201679301558779,0.22885402231265453,0
GSM3758024,5,3.248603485538062,0.2165085242080426,0.2189087348230028,0
GSM3758025,5,3.2291173981114905,0.23744837088556106,0.21860485852176373,0
GSM3758026,5,3.2130205915878656,0.2390332804553318,0.22540401963775156,0
GSM3758027,5,3.239465139131324,0.22643166064043532,0.21998672967562516,0
GSM3758028,5,3.1988163725423995,0.21765660615347812,0.22051800398812205,0
GSM3758029,5,3.2331915829182027,0.19064222988854215,0.21377611722115855,0
GSM3758030,5,3.2072668045221318,0.23028472983703946,0.22406968056415041,0
GSM3758031,5,3.1837145110134,0.24344368903795519,0.23475203363209615,0
GSM3758032,5,3.211530951484247,0.26316704854541506,0.22627724671444516,0
GSM3758033,5,3.164229546486644,0.2360424731712101,0.2319655954714808,0
GSM3758034,5,3.1887693190777653,0.2571331342126788,0.22096387512487672,0
GSM3758035,5,3.2527680819521536,0.20885739572332893,0.22721610777012163,0
GSM3758036,5,3.2618575068528965,0.21097273596476837,0.2252941822189424,0
GSM3758037,5,3.273668400569827,0.22579511077295836,0.2212144418594267,0
GSM3758038,5,3.2319375467364715,0.23649066954261166,0.22005753118524043,0
GSM3758039,5,3.202455041399393,0.23056526929190688,0.22310831486228824,0
GSM3758040,5,3.225871951500928,0.22213793074492422,0.21550191531657528,0
GSM3758041,5,3.2769983578001383,0.2102723761501929,0.21973663792728046,0
GSM3758042,5,3.240351018892202,0.23317269855419362,0.21557730178470302,0
GSM3758043,5,3.2718608338615387,0.2021192703615034,0.2277169418191276,0
GSM3758044,5,3.246432769151632,0.23783391081135916,0.21771282272010756,0
GSM3758045,5,3.2311213774789014,0.1995723655783967,0.2284430261289342,0
GSM3758046,5,3.2136093643929002,0.2530675767692784,0.21930843597205824,0
GSM3758047,5,3.2328225908966064,0.14455023248296953,0.22538536350110383,2
GSM3758048,5,3.2326395922692606,0.22919378987461586,0.21953312471653433,0
GSM3758049,5,3.21469997251583,0.21300071064065046,0.21197065171850188,0
GSM3758050,5,3.2648210707410916,0.15232085500342643,0.2267883037121496,0
GSM3758051,5,3.2603326202888154,0.24852048670996577,0.21648634546823334,0
GSM3758052,5,3.2256542926015204,0.24415533031110428,0.22354948079124357,0
GSM3758053,5,3.248841364352561,0.21458663328231328,0.2230995784021866,0
GSM3758054,5,3.2808702472687945,0.20274463185426125,0.22075378990053246,0
GSM3758055,5,3.2850120355155017,0.1697762471387355,0.22245835479433876,0
GSM3758056,5,3.2455506542393615,0.2248967123625608,0.22177470759135962,0
GSM3758057,5,3.2395137747156815,0.21519968547593252,0.21769186026978016,0
GSM3758058,5,3.209798561179947,0.21733567358479772,0.2253398219436146,0
GSM3758059,5,3.3001064847825727,0.24212808586876833,0.21732370053933067,0
GSM3758060,5,3.2690370145506003,0.18880920386281322,0.22531855762126582,0
GSM3758061,5,3.2484065305935026,0.21521892753836225,0.22844792145482118,0
GSM3758062,5,3.2680987095970018,0.21396284077452826,0.22864093450487005,0
GSM3758063,5,3.2481189324006756,0.19460499189170816,0.22243708324130373,0
GSM3758064,5,3.2626986838996723,0.2082511470192684,0.2244080360827798,0
GSM3758065,5,3.232763058230062,0.21297960004650024,0.22839994320397466,0
GSM3758066,5,3.2732219736631185,0.2261655171627331,0.2249225239865752,0
GSM3758067,5,3.314786633131114,0.18100746204212761,0.2272170026462978,0
GSM3758068,5,3.238812745004474,0.21795223694122734,0.22332001736410967,0
GSM3758069,5,3.1898694551636395,0.2557066121408152,0.2203417522643923,0
GSM3758070,5,3.256721055401187,0.19320978143184156,0.23515155280986103,0
GSM3758071,5,3.292368850524832,0.1853996178084747,0.23109009827470245,0
GSM3758072,5,3.2074323879403583,0.24715829465109054,0.2220131474964996,0
GSM3758073,5,3.2292974156742504,0.2037896859750586,0.22301029773859873,0
GSM3758074,5,3.2662909455691373,0.21566089324696294,0.21786441185881664,0
GSM3758075,5,3.330311322436201,0.17901681408152842,0.22188069216906814,0
GSM3758076,5,3.293442744811026,0.19900787461261044,0.21475849087887705,0
GSM3758077,5,3.2378636229901185,0.21169155190237815,0.2252857491017692,0
GSM3758078,5,3.2469185017018782,0.240364638328274,0.22535655503303695,0
GSM3758079,5,3.2291126592798722,0.2074506872448044,0.2298565166701199,0
GSM3758080,5,3.2473791206334424,0.19320642623037512,0.2236282009757783,0
GSM3758081,5,3.2812553538373854,0.19897978594645532,0.2356118665672464,0
GSM3758082,5,3.241081314494425,0.20616933351490507,0.22162053744836277,0
GSM3998167,5,3.232633924109039,0.26164030492831336,0.22611040798110976,0
GSM3998168,5,3.231388555222026,0.18730978303606682,0.22233662868402926,2
GSM3998169,5,3.1703700417181695,0.293194860908879,0.22939553494324166,0
GSM3998170,5,3.2290964355001126,0.23909238247209244,0.2194933820853336,0
GSM3998171,5,3.2468858666382228,0.23286913281100116,0.22641224240521654,0
GSM3998172,5,3.267953800715876,0.18727238929761247,0.2210069709746061,1
GSM3998173,5,3.2428622872852455,0.21895452365128337,0.22788506160942093,0
GSM3998174,5,3.2922505748633006,0.1613659092526377,0.2299571716893862,1
GSM3998175,5,3.3392249201898685,0.1614552978386101,0.22837553188649884,1
GSM3998176,5,3.3565823883648167,0.1585824693906234,0.2312119787550366,0
GSM3998177,5,3.348026556292383,0.14666824640675732,0.22501553683663075,0
GSM3998178,5,3.305070197170247,0.17331769927738938,0.2313959242857006,1
GSM3998179,5,3.2485188740034086,0.22184280067176965,0.22830207455424895,1
GSM3998180,5,3.3494875874824457,0.15889045637316535,0.22298514837143135,1
GSM3998181,5,3.3122251124577122,0.17428241576293066,0.22890173312230433,1
GSM3998182,5,3.3176546795799746,0.18551696332960088,0.2264414524943609,1
GSM3998183,5,3.288402688137524,0.24251338692508456,0.22393901906879052,1
GSM3998184,5,3.2708662657127316,0.18838536348651996,0.23774789937940854,1
GSM3998185,5,3.2706330046888157,0.1940862390493102,0.23734041098232028,1
GSM3998186,5,3.3864265666399933,0.1482944002450403,0.22554174696792914,0
GSM3998187,5,3.292199500577814,0.18267852245978095,0.22484980325001688,1
GSM3998188,5,3.2799265446304844,0.1684366805485298,0.23020680131579446,1
GSM3998189,5,3.2613195658282583,0.17630090480702562,0.24178075304907756,1
GSM3998190,5,3.2813357725107974,0.20217930111503507,0.22939420687314904,1
GSM3998191,5,3.227525334982714,0.19156793447179213,0.23747082734173366,1
GSM3998192,5,3.2025947713196246,0.23901026878780002,0.23283686712971077,0
GSM3998193,5,3.222966442372967,0.22863472611834826,0.24005601367381446,1
GSM3998194,5,3.2984829150982042,0.2009916120501138,0.22706891332069942,1
GSM3998195,5,3.2597185432830575,0.1936971166401999,0.22268934219709066,1
GSM3998196,5,3.159364701583556,0.2438832431183719,0.2226268454496141,0
GSM3998197,5,3.2777438876967206,0.22791640207574015,0.21884446830833543,0
GSM3998198,5,3.236986028851967,0.2447263384784947,0.22317954405896864,0
GSM3998199,5,3.1823426560746464,0.22727640604728136,0.223308719559912,0
GSM3998200,5,3.256777835986368,0.24982408494735925,0.21837694364739776,0
GSM3998201,5,3.142757304435791,0.2769850371638381,0.22723254824136238,1
GSM3998202,5,3.237110429359813,0.24318179356289743,0.21490648678031513,0
GSM3998203,5,3.2386787466382034,0.24905465016164913,0.23047513500199163,1
GSM3998204,5,3.2357928086452086,0.21334817546768242,0.2196535636764672,0
GSM3998205,5,3.26231403537509,0.23295451239362056,0.22334924500948256,0
GSM3998206,5,3.3257026014361557,0.19670416232696275,0.22895516440200858,0
GSM3998207,5,3.230306072605036,0.24723669440232615,0.23090355800017986,0
GSM3998208,5,3.2950455760541937,0.21559941154017007,0.22726129749465557,1
GSM3998209,5,3.255687855925769,0.20628504576870232,0.23465462155662517,1
GSM3998210,5,3.1956249742649256,0.2511011496442787,0.22171736912397297,0
GSM3998211,5,3.238061415959219,0.23872260392308303,0.22113354558547577,0
GSM3998212,5,3.2456376867753893,0.24677800190066018,0.22407787138986132,0
GSM3998213,5,3.2871994581906177,0.20121141116968827,0.23389979764312566,0
GSM3998214,5,3.16020377070023,0.28915969586645524,0.22353230393913343,0
GSM3998215,5,3.2860618192058326,0.22134865915807375,0.2278706566855637,1
GSM3998216,5,3.323222745978674,0.14123020678572096,0.22798017294622064,1
GSM3998217,5,3.281986030794426,0.17571039142633252,0.2133248213438004,1
GSM3998218,5,3.2013363742091863,0.23495104423360275,0.21781581861587673,0
GSM3998219,5,3.3182137520949695,0.20565888463044835,0.22412715463711697,1
GSM3998220,5,3.2684961821436773,0.21936493435784946,0.22261690861385203,1
GSM3998221,5,3.2224885810432107,0.2400397307154119,0.22352141625000205,1
GSM3998222,5,3.264185280245751,0.2615760443970237,0.20995967858664444,0
GSM3998223,5,3.1885254389124342,0.2705863487360795,0.22392626717506772,0
GSM3998224,5,3.1873233565136094,0.24937281764818228,0.21908207657764373,0
GSM3998225,5,3.119720241375369,0.23504083859207509,0.2193555498959857,0
GSM3998226,5,3.25671755755095,0.18951250394865848,0.22935082604610874,1
GSM3998227,5,3.1750545243152537,0.20982027410867604,0.21492409465122297,0
GSM3998228,5,3.3025718093149754,0.16667536346568576,0.23330247031511134,0
GSM3998229,5,3.213896048201319,0.2504943879877149,0.21774758478870918,0
GSM3998230,5,3.230961535009531,0.2302230722058024,0.21895812372280912,0
GSM3998231,5,3.2862973763253738,0.20372851424162358,0.22721016042815648,0
GSM3998232,5,3.248383600722406,0.20844629572087334,0.21949425664886973,0
GSM3998233,5,3.1735605645522384,0.20490805523769268,0.22664089271736412,0
GSM3998234,5,3.261122381407956,0.20621379408028817,0.21898670666045797,0
GSM3998235,5,3.272957435360093,0.17173944850572642,0.2254772358335782,0
GSM3998236,5,3.2601163469452055,0.1950634453782163,0.22276199676891767,0
GSM3998237,5,3.2872215130560347,0.22415767388908436,0.2259639076933863,0
GSM3998238,5,3.2280698714623832,0.19366452665646655,0.21348020159401124,0
GSM3998239,5,3.2582045350832063,0.24567216279786083,0.2257005821992703,0
GSM3998240,5,3.247189290087684,0.1964315894760574,0.21441406758774514,0
GSM3998241,5,3.267314213363401,0.1761574732561879,0.22753020827210166,0
GSM3998242,5,3.1341394159571485,0.22646540201273246,0.21883896570305725,0
GSM3998243,5,3.2234637202283314,0.21781534698824148,0.22633991828530295,0
GSM3998244,5,3.2859659930382072,0.1857166984265776,0.2229283465061762,0
GSM3998245,5,3.2758176631969493,0.1706179664102916,0.22718185203798852,0
GSM3998246,5,3.257125732291878,0.20588814345226794,0.22167400534798123,0
GSM3998247,5,3.2585697536065066,0.22242210898379658,0.22483628256315966,0
GSM3998248,5,3.235482439074373,0.19561574761688905,0.22883446131022567,0
GSM3998249,5,3.296938159125987,0.19694574365945408,0.22964527062903492,0
GSM3998250,5,3.331658967004012,0.1710014892293779,0.22534100089230938,1
GSM3998251,5,3.1704960576855648,0.2654366523857055,0.22292012358232483,0
GSM3998252,5,3.2439124245281334,0.21562704363379828,0.2274166582967421,0
GSM3998253,5,3.191437899909676,0.2345057186248611,0.21789828466876943,0
GSM3998254,5,3.2054962918438887,0.21818571403336612,0.22900411023919542,0
GSM3998255,5,3.2932107625921923,0.1894889367163512,0.23900459032223148,0
GSM3998256,5,3.279057756599273,0.20798294931601619,0.21227649323545905,1
GSM3998257,5,3.19181981859442,0.22595747729797228,0.23474452992291825,0
GSM3998258,5,3.237013650066894,0.1622265220450102,0.2206205588569333,1
GSM3998259,5,3.2534493465630048,0.26156117857693956,0.21545675571353817,0
GSM3998260,5,3.2270430750851706,0.2402081575204981,0.21739106188249419,0
GSM3998261,5,3.28338184492827,0.20595198409423848,0.23960195972150375,1
GSM3998262,5,3.2397481043539176,0.26355688372824976,0.23657800669404674,0
GSM3998263,5,3.285039517353925,0.21473647407227106,0.22926195729325108,0
GSM3998264,5,3.26180276580426,0.2170602013627466,0.22390885400873492,0
GSM3998265,5,3.3289781638981553,0.16961910021484006,0.23055708994596108,1
GSM3998266,5,3.310484547448956,0.18981931159933066,0.22574313715063002,0
GSM3998267,5,3.355657608420888,0.1812983553965888,0.22648296789861438,1
GSM3998268,5,3.1677268092786433,0.23563040473954344,0.23439161926390456,0
GSM3998269,5,3.285730818187208,0.18481265387644788,0.2311206375628416,1
GSM3998270,5,3.3288990589337226,0.16371087644594784,0.22423064680614718,1
GSM3998271,5,3.300462885182481,0.18817405995720737,0.2264353663186406,0
GSM3998272,5,3.3065360506709087,0.1742998602122001,0.21275352747659962,0
GSM3998273,5,3.2829938732769484,0.23178292648476295,0.2154958143576212,0
GSM3998274,5,3.2932708502557357,0.20835653086981668,0.22709595509036778,0
GSM3998275,5,3.2258764477058204,0.24996857654779667,0.23229850249771003,0
GSM3998276,5,3.174865846666339,0.2553967534026119,0.2201857126776827,0
GSM3998277,5,3.290983168433444,0.20646382625025964,0.21439080494463508,0
GSM3998278,5,3.2352124247549177,0.20283837123358073,0.21625434339342742,0
GSM3998279,5,3.2630982371209987,0.21393055574532333,0.2292616412588311,0
GSM3998280,5,3.2490105472243243,0.1764429297284368,0.20710829181851476,1
GSM3998281,5,3.2477903480442936,0.19970647399577432,0.2280097775854751,0
GSM3998282,5,3.2704105132914103,0.19995922561322246,0.23385128233462596,0
GSM3998283,5,3.305433064933125,0.1907687002187998,0.21959130927488346,0
GSM3998284,5,3.193088344860833,0.24356671895680926,0.21917286990521498,0
GSM3998285,5,3.1457383404834824,0.2339282067361413,0.21856342942190654,0
GSM3998286,5,3.2951715043685796,0.21648578929215256,0.2318049900137019,0
GSM3998287,5,3.2809334887333983,0.18868827397300386,0.22459254516921778,1
GSM3998288,5,3.34310375128602,0.20267553074380787,0.22294805064859463,0
GSM3998289,5,3.2812046568497113,0.21941634950220174,0.21964094870888534,1
GSM3998290,5,3.239041739108513,0.19116561308588106,0.23137863202351072,0
GSM3998291,5,3.289791104043418,0.17410090197842995,0.22629116767446,0
GSM3998292,5,3.282894816912162,0.21583439173079033,0.23005449168505926,0
GSM3998293,5,3.3012113480368854,0.1931614377576627,0.21712501270751772,0
GSM3998294,5,3.317747088779408,0.18332743971755058,0.2280693298994342,0
GSM3998295,5,3.2956005033089872,0.2076445646767417,0.23340600904009878,0
GSM3998296,5,3.32096969693159,0.21959802143970494,0.22774554332939945,0
GSM3998297,5,3.335219139419876,0.2383623589353006,0.23425764418173745,0
GSM3998298,5,3.3394107700430204,0.14261149318238361,0.2283230870172582,1
GSM3998299,5,3.3277249918751997,0.16240287103824486,0.23071626762317735,1
GSM3998300,5,3.275409487243,0.21611947171846344,0.23286484602237345,0
GSM3998301,5,3.2684190887163034,0.18889089865950967,0.23268010983216456,1
GSM3998302,5,3.266196441838507,0.1930325521475982,0.21894642412837448,0
GSM3998303,5,3.2782752389870877,0.20204807502826697,0.208039082574332,0
GSM3998304,5,3.2362161256521405,0.2605403809163501,0.22014036450990904,0
GSM3998305,5,3.307503346743502,0.1892204686450947,0.21991024562377331,0
GSM3998306,5,3.3556530309042207,0.13879162617746255,0.23041174332004563,1
GSM3998307,5,3.2917995302116787,0.2041555694419293,0.21463080798001585,0
GSM3998308,5,3.274471691073364,0.21125511759136786,0.21894705653174748,0
GSM3998309,5,3.264750971375477,0.2204567080419689,0.22841572950076738,1
GSM3998310,5,3.287213524879045,0.20407675363470404,0.22121849822856346,0
GSM3998311,5,3.3255712942226143,0.1757236931753751,0.23162210114184695,1
GSM3998312,5,3.206521809201045,0.2436942605235864,0.2265079384994388,0
GSM3998313,5,3.2776191358487394,0.20048350769649823,0.2289379621282102,0
GSM3998314,5,3.249422236119463,0.249420304969296,0.22356885655858058,0
GSM3998315,5,3.333374031805177,0.1801765423721015,0.22918269585673193,1
GSM3998316,5,3.311925759808152,0.1938396422351885,0.22004693724315708,0
GSM3998317,5,3.291239235594087,0.21660240014054166,0.22034072584101638,0
GSM3998318,5,3.2475977720813876,0.2620328686270217,0.22905043891088253,0
GSM3998319,5,3.267266783501163,0.23226189468833872,0.22504011183022546,0
GSM3998320,5,3.2927489983307985,0.20942305541785564,0.2215550558605519,0
GSM3998321,5,3.3136969647846826,0.161229006321547,0.2298666513740785,1
GSM3998322,5,3.2349260538329774,0.25127929629214363,0.2217365179134029,0
GSM3998323,5,3.266897603841254,0.2657299524143079,0.22879063110245768,0
GSM3998324,5,3.2040875618060274,0.23978846282112964,0.22631462014269632,1
GSM3998325,5,3.3024258565685045,0.23263726884729768,0.2198369525246897,0
GSM3998326,5,3.2919210500525944,0.22077404062194203,0.23063938714619497,0
GSM3998327,5,3.172702987287541,0.20307240938148852,0.23330121693362552,1
GSM3998328,5,3.2196393441543,0.2312447418606082,0.2258820133811281,0
GSM3998329,5,3.2120632343594195,0.22751034473818196,0.23182037723832077,2
GSM3998330,5,3.3195769691011927,0.17187378177741472,0.2312901382504511,1
GSM3998331,5,3.2325002496473676,0.24921012251000813,0.22084008892897786,0
GSM3998332,5,3.104054478215538,0.2517354192050111,0.21891112406964197,1
GSM3998333,5,3.2495385655957088,0.2470360340612233,0.22377564746705253,1
GSM3998334,5,3.1922954250898132,0.24092994200259957,0.2215572012196367,1
GSM3998335,5,3.1774774580542227,0.20950472670867143,0.22145524870808764,0
GSM3998336,5,3.239921875241271,0.24423948412779006,0.22562897928465558,0
GSM3998337,5,3.3043182844755434,0.22811022299691708,0.21836115526839958,0
GSM3998338,5,3.192274051797594,0.26404506834366187,0.2159124677826771,0
GSM3998339,5,3.2387275769970696,0.22411312059041594,0.2295678685476483,0
GSM3998340,5,3.270219426683352,0.20353555165137208,0.22964282482924886,0
GSM3998341,5,3.2765284934562415,0.18798824279519305,0.21796605333475735,1
GSM3998342,5,3.2097658199527093,0.2313086322016612,0.22108342087694813,0
GSM3998343,5,3.209002854582223,0.19420547771665553,0.21935934165319598,1
GSM3998344,5,3.228688619597737,0.19308899294616927,0.22330779937304923,0
GSM3998345,5,3.269778365004433,0.1703605090781283,0.21277699515965653,0
GSM3998346,5,3.1943200412472055,0.2277368615885262,0.21676420680304856,0
GSM3998347,5,3.1997109480939687,0.19829759931882987,0.20890825079353859,0
GSM3998348,5,3.2106885655907833,0.2033717320972501,0.21998991056816206,0
GSM3998349,5,3.2766095351560183,0.15734996884388822,0.21055737867840493,0
GSM3998350,5,3.206577085445419,0.22376368705406577,0.21622568642886403,0
GSM3998351,5,3.2174924554405253,0.1864740749918236,0.22458854674835022,0
GSM3998352,5,3.2203661831451957,0.20819843701384028,0.2190831432871963,0
GSM3998353,5,3.2538397360479685,0.1913182879779375,0.20358083730601131,0
GSM3998354,5,3.204411842358951,0.20057492860832737,0.21268778513940312,0
GSM3998355,5,3.2262731885613913,0.19840994244387786,0.20859666045609593,0
GSM3998356,5,3.25650818386398,0.15123424186204226,0.21281251637326895,0
GSM3998357,5,3.2354251821248807,0.20146006985323167,0.21268600504174096,1
GSM3998358,5,3.2305181452259437,0.1953087980131643,0.22336805318451403,0
GSM3998359,5,3.0933297212073643,0.2319576570639047,0.22177505266719158,0
GSM3998360,5,3.1955906331303225,0.1954903920733877,0.2182086401503989,0
GSM3998361,5,3.2760173375097863,0.20782592604352526,0.1961132308233932,1
GSM3998362,5,3.1812649528273758,0.21641617362126536,0.2122549190326812,0
GSM3998363,5,3.2405042197101213,0.1948642304567203,0.21649281851693897,1
GSM3998364,5,3.239100250969513,0.20164223799929765,0.20913590943150365,0
GSM3998365,5,3.165814504428578,0.21012571657853532,0.218497300257024,0
GSM3998366,5,3.217474851949898,0.24127328009330667,0.20968003190883583,0
GSM3998367,5,3.189681711025585,0.19838961759033286,0.2099570967947205,0
GSM3998368,5,3.213795774502606,0.19770780648340794,0.21989987516130305,1
GSM3998369,5,3.2441715729142206,0.21733929864160276,0.23470082955682867,0
GSM3998370,5,3.178213951161959,0.19751623644636404,0.2291289711768729,0
GSM3998371,5,3.1864226532008635,0.22005908703712407,0.2296552198883728,0
GSM3998372,5,3.237387052156341,0.20125279095294604,0.22504589604131664,1
GSM3998373,5,3.173289847204448,0.2763052329223677,0.2072501162430184,0
GSM3998374,5,3.197792071251297,0.17998667109449887,0.21915975473346175,0
GSM3998375,5,3.233543887099254,0.19675988906529315,0.22147369268828482,0
GSM3998376,5,3.1672687088980007,0.21893092408001352,0.2304645412765095,0
GSM3998377,5,3.2166304573571503,0.23055449592630523,0.22115746490353855,0
GSM3998378,5,3.1332266305480636,0.22307978008087054,0.2234642961688091,0
GSM3998379,5,3.114921330786641,0.31064459465826844,0.23326923776387468,0
GSM3998380,5,3.238697277442326,0.19415795670653302,0.22348993872520845,0
GSM3998381,5,3.172243035053471,0.19655619913114322,0.2159878789881238,0
GSM3998382,5,3.1452888458441355,0.19535379883337328,0.21820843074247562,0
GSM4957321,5,3.245283870439179,0.24000102192301878,0.21680366924493122,1
GSM4957322,5,3.220056999960759,0.2468596218743345,0.22164444199119673,1
GSM4957323,5,3.236654555786441,0.19687039441535192,0.22526998379190363,0
GSM4957324,5,3.213385319812565,0.20529631485970476,0.22665936404048392,0
GSM4957325,5,3.2961976831480553,0.2290604855769016,0.21239030416801438,0
GSM4957326,5,3.2619219255832212,0.19203351353591433,0.2286142058898394,1
GSM4957327,5,3.2739871587528087,0.14767170059439005,0.24063534324368643,1
GSM4957328,5,3.235325473388286,0.16351107972011517,0.23591143440219228,1
GSM4957329,5,3.2724833922072367,0.19906172556410962,0.22398561801447522,0
GSM4957330,5,3.3815231999724342,0.17895159371788322,0.2201192360925757,0
GSM4957331,5,3.268388979085486,0.19916268940986764,0.23373728355420742,1
GSM4957332,5,3.2308669111134694,0.2197523896458414,0.2294426087730254,0
GSM4957333,5,3.2074875871311517,0.22981334229130873,0.2307294357851445,0
GSM4957334,5,3.254014246045446,0.22560854482485063,0.23002662932515364,1
GSM4957335,5,3.267640055737559,0.26463281318258725,0.22428708082387558,0
GSM4957336,5,3.3500622026063414,0.14676665342821443,0.22125167004610596,1
GSM4957337,5,3.2269809133825165,0.21896982423990027,0.21764494777047244,0
GSM4957338,5,3.2282695305416387,0.2343959088780752,0.2266503565374862,0
GSM4957339,5,3.2865392433616707,0.2733585723659341,0.219997287402732,0
GSM4957340,5,3.232702703704494,0.2200059541111841,0.23658225061731797,0
GSM4957341,5,3.303312628404924,0.2835468414440951,0.21383620258353642,0
GSM4957342,5,3.322333877149702,0.24469580999887594,0.21971194117630594,0
GSM4957343,5,3.258077034320446,0.24266735275072907,0.22619583878877722,0
GSM4957344,5,3.2183588821177227,0.20127781223647762,0.22553237174951593,0
GSM4957345,5,3.1842547374454093,0.24934933169687237,0.2244271777602725,0
GSM4957346,5,3.225729060163311,0.2564569113987596,0.21791025350451348,0
GSM4957347,5,3.249421797911482,0.2413367046034055,0.2276165631287341,0
GSM4957348,5,3.1885862214135687,0.23173013467066905,0.22526928286802775,0
GSM4957349,5,3.1041476420685523,0.23102636402542012,0.2213955674222453,0
GSM4957350,5,3.2238492677236117,0.23504669194077446,0.23825478230419128,0
GSM4957351,5,3.2745994426609433,0.22335379577010284,0.21683613011102487,0
GSM4957352,5,3.274154931044451,0.2171018733648571,0.2335028009658723,1
GSM4957353,5,3.185319061660736,0.21919508572549096,0.22510157748206286,0
GSM4957354,5,3.1448740379750086,0.24827698994538874,0.22099034584893237,0
GSM4957355,5,3.186760215295996,0.22512078387408951,0.22782110759398155,0
GSM4957356,5,3.1969849914810977,0.23820588119112,0.21919909293604664,0
GSM4957357,5,3.2195642774492326,0.2529629924133934,0.22195223136939551,0
GSM4957358,5,3.2441950929348287,0.2233924808494857,0.2254849718270143,0
GSM4957359,5,3.184001934490578,0.2420949478881804,0.21816440111882882,0
GSM4957360,5,3.382769743630958,0.16337126879913771,0.21057554042281396,0
GSM4957361,5,3.2495410564769682,0.1894245129276125,0.23544129609997147,1
GSM4957362,5,3.2072027500124696,0.2361319001470873,0.23096244878809868,0
GSM4957363,5,3.2556249642580415,0.2049443613878155,0.22998314683106372,0
GSM4957364,5,3.272572317731617,0.22220888677087203,0.21279555722378868,0
GSM4957365,5,3.247483492123816,0.24638175092803116,0.21452185854748226,0
GSM4957366,5,3.165384475697829,0.2551489175896456,0.20754235982622998,0
GSM4957367,5,3.297269363686214,0.17286479280408418,0.20896527005761442,0
GSM4957368,5,3.2500122163808607,0.17767819906135982,0.20208856770462608,0
GSM4957369,5,3.2467388709077984,0.20874920104951245,0.20640624492970105,1
GSM4957370,5,3.2083107767714143,0.22369207617880457,0.21276101908965625,0
GSM4957371,5,3.2976084017613947,0.25260670191653917,0.2239386380717629,0
GSM4957372,5,3.243042626763163,0.23344078478271624,0.2130252780038741,1
GSM4957373,5,3.2139560621555705,0.23294513275275985,0.20578527431325944,0
GSM4957374,5,3.243227835297747,0.23547961661029482,0.2110543723759687,0
GSM4957375,5,3.2398833456963843,0.22773816506884112,0.2048960145788506,0
GSM4957376,5,3.2560666844726334,0.21607742682065406,0.20888864293023965,0
GSM4957377,5,3.32088865333693,0.2536762048935249,0.21080356185396218,0
GSM4957378,5,3.248636363582117,0.19885951115232778,0.21723637073600538,0
GSM4957379,5,3.2188829101391603,0.24129956955549267,0.2091883244848389,1
GSM4957380,5,3.2541493279028257,0.21399742231823127,0.2124948749261218,1
GSM4957381,5,3.249763718959134,0.22524248951922804,0.22223303857353618,0
GSM4957382,5,3.249532451307326,0.19671838915221396,0.21729608886771135,0
GSM4957383,5,3.2322809946098716,0.18369938687649032,0.2191593404289458,0
GSM4957384,5,3.2434237576080163,0.24899267497799005,0.22072545171967944,0
GSM4957385,5,3.189414530153821,0.22094605401582837,0.22540374723710738,0
GSM4957386,5,3.241101233714103,0.23280391927232788,0.21634441547448216,0
GSM4957387,5,3.3385683226951994,0.1860129224872186,0.23305778016817696,0
GSM4957388,5,3.1913968079105346,0.19345310843395683,0.22668208562312608,0
GSM4957389,5,3.2337281211890567,0.21744509907781073,0.23103523943790844,0
GSM4957390,5,3.2246944359070953,0.20980036216997325,0.22192527087200406,0
GSM4957391,5,3.3028862923744327,0.17115609063707324,0.2329082052099016,1
GSM4957392,5,3.254496162976099,0.20124556382054734,0.23181924747075622,1
GSM4957393,5,3.1600561398912546,0.28578235663016066,0.22804055247966884,0
GSM4957394,5,3.2620748506439465,0.21598993175153894,0.21517791742294085,0
GSM4957395,5,3.20943300244176,0.27798546924920603,0.21806844490713617,0
GSM4957396,5,3.2140054599449663,0.21231095865745217,0.21302716544910683,0
GSM4957397,5,3.250852355412737,0.18224371489206181,0.22182564398317192,0
GSM4957398,5,3.2648738179051753,0.2135931644751592,0.238313246772638,1
GSM4957399,5,3.206626482413708,0.2155830530810403,0.22581680522621944,0
GSM4957400,5,3.2122899564359786,0.24399801394156947,0.22364734965965416,0
GSM4957401,5,3.173991378490078,0.21026364543112672,0.22973181942700188,0
GSM4957402,5,3.233426307244111,0.21577051581178527,0.21737233455158408,0
GSM4957403,5,3.2547512751526733,0.20134962979191748,0.22321376962969736,0
GSM4957404,5,3.345497306123691,0.17667730575230317,0.2264586511594952,1
GSM4957405,5,3.2604591271935073,0.22660176862871334,0.22076522441298713,0
GSM4957406,5,3.231524915190845,0.21667280208209594,0.22983531352993516,1
GSM4957407,5,3.216745175200915,0.1947803365833704,0.2261525934061991,0
GSM4957408,5,3.250137021440723,0.18999284111846726,0.22037000983168983,0
GSM4957409,5,3.3278378852906103,0.21623457120984196,0.21097141352310908,0
GSM4957410,5,3.312733839828734,0.17841260499625386,0.22442646908499003,0
GSM4957411,5,3.3128297081580937,0.1958142364317788,0.22082151130496666,0
GSM4957412,5,3.2977702633724064,0.2024871978697291,0.22694685063495806,0
GSM4957413,5,3.3170362078935134,0.20731980436546957,0.22766967930098292,0
GSM4957414,5,3.2899748547261605,0.2429466443535254,0.2213653841489254,0
GSM4957415,5,3.177401504627187,0.21167449656420728,0.2259151128194592,0
GSM4957416,5,3.235169213325071,0.204330067212214,0.2207967750196182,0
GSM4957417,5,3.282595746523209,0.19085547942196449,0.22365437061867063,0
GSM4957418,5,3.301230933848146,0.1817236772744703,0.22664906673438517,0
GSM4957419,5,3.2975652865137186,0.18147597324976825,0.22427451064111956,0
GSM4957420,5,3.251333417867666,0.22462888431349662,0.22740655259062412,0
GSM4957421,5,3.280133409118726,0.19721356835806203,0.2315792179685643,0
GSM4957422,5,3.275298731609971,0.19098069344653565,0.21660726887371334,0
GSM4957423,5,3.3201338068141064,0.19352343826423282,0.2131814052927807,0
GSM4957424,5,3.2217713146054945,0.24034011841255412,0.21827318356466768,0
GSM4957425,5,3.2688070952793047,0.21127584730399865,0.2208313936119738,0
GSM4957426,5,3.2360532962179667,0.19810513111913328,0.220507960605061,0
GSM4957427,5,3.339346643054778,0.16236339748007347,0.22627668226085496,0
GSM4957428,5,3.253528260684104,0.16484280303037446,0.23710367869926074,1
GSM4957429,5,3.307859557716615,0.19185333756374878,0.2284836124139619,0
GSM4957430,5,3.2949498310097534,0.183896905892526,0.2306037337505567,0
GSM4957431,5,3.3134036393071904,0.19862781261614265,0.22017890527866935,0
GSM4957432,5,3.322509482715349,0.18566006506172084,0.21685736757741267,0
GSM4957433,5,3.237022317399341,0.2169873128599108,0.22731591896573408,0
GSM4957434,5,3.315486563402808,0.21480529479587573,0.21773521133399795,0
GSM4957435,5,3.2850989050327035,0.19337021617753378,0.22820126050156414,0
GSM4957436,5,3.277819828387316,0.21734629068437533,0.21493387747026482,0
GSM4957437,5,3.3438667679138745,0.19855510978967328,0.2280813607220471,0
GSM4957438,5,3.320111424345456,0.17230391734695844,0.2294956484875435,0
GSM4957439,5,3.271566194429196,0.20931127254698317,0.21741922313095732,0
GSM4957440,5,3.187715597115068,0.21809769579385713,0.23232049577913558,0
GSM4957441,5,3.393268797946935,0.13016338948157297,0.22898893542035928,1
GSM4957442,5,3.2589361497041445,0.20106465887929537,0.2194862783064196,0
GSM4957443,5,3.2577157705255724,0.2053075915787479,0.2179676599017685,0
GSM4957444,5,3.3248172780871728,0.16681919667644446,0.23343811599357603,1
GSM4957445,5,3.219267877587926,0.16748109854498383,0.21955295961239443,1
GSM4957446,5,3.2919957904051174,0.15835910215904025,0.2341633978371875,1
GSM4957447,5,3.273353876835658,0.20078408303158596,0.23142279074995148,0
GSM4957448,5,3.2156933058325663,0.16421607851289366,0.22029342159473278,0
GSM4957449,5,3.3337966788150077,0.17156232577050604,0.22528479241903163,0
GSM4957450,5,3.2648577478712655,0.21133738970881047,0.2235043197518541,0
GSM4957451,5,3.251996841799941,0.2027533661361973,0.23244219063307264,0
GSM4957452,5,3.2333268900057566,0.2179559067041037,0.21959320070874908,0
GSM4957453,5,3.330853157877576,0.20904260147391346,0.2198245311787641,0
GSM4957454,5,3.156914261947276,0.2454172714652477,0.24411403412036675,0
GSM4957455,5,3.273699220367618,0.1866287054992172,0.2187949156662684,0
GSM4957456,5,3.1747133901694196,0.2136315621908936,0.2299706610825461,0
GSM4957457,5,3.254479867606848,0.2274777143406545,0.22810125352566818,1
GSM4957458,5,3.2331311911715495,0.21815024405050948,0.21305917366185656,0
GSM4957459,5,3.338408465528186,0.20115019217215763,0.22710452380317214,1
GSM4957460,5,3.2447954770705274,0.2092440585657006,0.22738097797369333,1
GSM4957461,5,3.2013610277625517,0.21101090203280523,0.23800421365966737,0
GSM4957462,5,3.234987898918145,0.23397326486177872,0.22519309602255452,1
GSM4957463,5,3.3512825893785885,0.23130879341429492,0.2182580672290372,0
GSM3758005,6,3.3370363983523292,0.1190047107105585,0.21707313461685596,0
GSM3758006,6,3.358399591647105,0.13894128077315762,0.20623201098787128,0
GSM3758007,6,3.3252007463942674,0.1314558651737006,0.2091348590671057,1
GSM3758008,6,3.349159409432608,0.1300031686473744,0.21133285500976445,0
GSM3758009,6,3.3114258126724994,0.09350065368998275,0.21509416819213187,0
GSM3758010,6,3.3754623687951595,0.12725348764767938,0.2058100608365208,0
GSM3758011,6,3.364002131721736,0.11128818735729884,0.2036352513290065,0
GSM3758012,6,3.391842001074635,0.11748208311947982,0.20168589062875691,0
GSM3758013,6,3.3502684953220245,0.13526675541407296,0.2123655816109826,1
GSM3758014,6,3.43338829040709,0.10735288175853279,0.21492040599834414,0
GSM3758015,6,3.3599519655794117,0.11409682435159621,0.20888476750518606,2
GSM3758016,6,3.359111289671271,0.11489501284124061,0.20895957511094204,0
GSM3758017,6,3.424757739188992,0.107302584029257,0.2173807809704161,0
GSM3758018,6,3.355891324053497,0.10400359384397742,0.20844938204715463,0
GSM3758019,6,3.3908277174031345,0.11632437809127481,0.2151678535712673,1
GSM3758020,6,3.4312686260979675,0.11523187476511611,0.20838637164822132,0
GSM3758021,6,3.336088784152526,0.1438689495806099,0.2162225695311826,0
GSM3758022,6,3.370625771677141,0.1394546464554083,0.21298689037993768,1
GSM3758023,6,3.405796288470708,0.09733383572798789,0.21277136608478642,0
GSM3758024,6,3.366383825296281,0.1348255937789246,0.21150464872411504,1
GSM3758025,6,3.370805008596256,0.13250482339291503,0.21878930300732521,1
GSM3758026,6,3.3807532449025652,0.1211979488727626,0.22105612797998367,0
GSM3758027,6,3.3925320226791498,0.11045407888884853,0.20412164195505644,1
GSM3758028,6,3.3433611257006763,0.1405537108401897,0.2139259470899671,0
GSM3758029,6,3.3326079121655487,0.13078338071590903,0.20581071437266701,0
GSM3758030,6,3.3444457328023853,0.1266911269028502,0.21560530442734208,0
GSM3758031,6,3.3335154777490836,0.13346964617269746,0.20836021777339786,0
GSM3758032,6,3.3710795481291895,0.13299833300706135,0.2124548349314488,1
GSM3758033,6,3.311006204777581,0.11554413236340734,0.21076822353047492,1
GSM3758034,6,3.3539238918934156,0.12178141289586605,0.21585444952614607,0
GSM3758035,6,3.3858313280915278,0.11404407370372839,0.21369106211826752,0
GSM3758036,6,3.4083649079646072,0.13192046810792385,0.21355869612544823,1
GSM3758037,6,3.409814136366279,0.11195799208974794,0.21101121934977887,0
GSM3758038,6,3.37100611648864,0.1160830905172944,0.20971592492846294,0
GSM3758039,6,3.369928474840702,0.11091154848038082,0.20844519167324707,1
GSM3758040,6,3.3652490850881547,0.12921260580007704,0.2182289980037056,0
GSM3758041,6,3.396729545019822,0.12729876732886664,0.21161795566283945,0
GSM3758042,6,3.417391521708282,0.10287667429779243,0.21005460886748684,0
GSM3758043,6,3.4059910450373496,0.13219865704049003,0.20984038796821644,1
GSM3758044,6,3.379098578113551,0.12229949751228886,0.21333944745280056,1
GSM3758045,6,3.4021562495074886,0.0749575025995662,0.21212806610242824,0
GSM3758046,6,3.3831916239163875,0.12098249595642667,0.20822662325200236,1
GSM3758047,6,3.3418950266577903,0.10751961297328987,0.2011180433487063,0
GSM3758048,6,3.3720056437497856,0.1487551564194324,0.21610050714796425,0
GSM3758049,6,3.3240124805253193,0.1569776015107981,0.21115099423881326,0
GSM3758050,6,3.3504247772656917,0.14736450904718895,0.2038761057441485,1
GSM3758051,6,3.4303785291755524,0.12550840239467687,0.20617419469616524,0
GSM3758052,6,3.3784721718211252,0.13073401518124825,0.20937872912690644,0
GSM3758053,6,3.382993607290769,0.12311766888779957,0.21252421945608987,0
GSM3758054,6,3.390034729848132,0.14203180308821534,0.2197591341863736,0
GSM3758055,6,3.358777454758946,0.14965779678540836,0.2070068537585543,0
GSM3758056,6,3.367655329588189,0.13682953962838348,0.21573802378025494,0
GSM3758057,6,3.36996867723434,0.12047597078671128,0.21261821447820076,1
GSM3758058,6,3.332351282928963,0.13049725764588566,0.21936761329384047,0
GSM3758059,6,3.406661558446587,0.1451155663614175,0.210868996240622,0
GSM3758060,6,3.3904246518010503,0.11130298022336826,0.21927968872400547,0
GSM3758061,6,3.3951400893840242,0.11512134700500579,0.20815867933048424,0
GSM3758062,6,3.386555763598092,0.11900687778480865,0.21717262228945594,1
GSM3758063,6,3.380699337226231,0.1074809013939061,0.2180511994925192,0
GSM3758064,6,3.3846549796055942,0.1251563374094599,0.21035614958709595,1
GSM3758065,6,3.3914418642432063,0.08782814367167205,0.21618102161725514,1
GSM3758066,6,3.402359308426642,0.1112491149920935,0.21520945100139796,0
GSM3758067,6,3.4217854548675435,0.13060138666763357,0.2140969552860739,0
GSM3758068,6,3.3652890908297675,0.11884210089656753,0.21003829955048814,1
GSM3758069,6,3.3644149511344525,0.10631603051484079,0.20915879256283407,0
GSM3758070,6,3.38331459182513,0.14383445095091224,0.20782495062589784,0
GSM3758071,6,3.417761907840307,0.12814111303178924,0.21684691781906237,0
GSM3758072,6,3.3593720263981868,0.10926971677854731,0.21904815071124112,0
GSM3758073,6,3.3824201240068184,0.14380874971498295,0.20308753443655378,1
GSM3758074,6,3.3514759153618776,0.1506434220537917,0.21371409001207786,1
GSM3758075,6,3.4120169116664956,0.16580009507015808,0.21393140263577265,1
GSM3758076,6,3.415530998717694,0.1514230911285196,0.20336823474840626,1
GSM3758077,6,3.368963971742552,0.14290252414462826,0.21446432892825765,1
GSM3758078,6,3.3794897192507642,0.12140992504494953,0.2130050274298076,1
GSM3758079,6,3.3364061025923513,0.15103320541819895,0.22474158218621137,0
GSM3758080,6,3.3858177294902845,0.09090184712565173,0.2158953820886757,1
GSM3758081,6,3.3905320367088816,0.14320808945174712,0.21478884068356216,0
GSM3758082,6,3.4059992518260604,0.10100546045919578,0.20813316762783557,1
GSM3998167,6,3.389453090285347,0.12550237090732969,0.20976867452272618,0
GSM3998168,6,3.3166200509945543,0.15634249744827597,0.20472739060075343,0
GSM3998169,6,3.359311028304575,0.09244487545431379,0.21578421150442245,0
GSM3998170,6,3.360299325035471,0.12625161830473708,0.19970844193954898,0
GSM3998171,6,3.3904582765276627,0.11536034253929646,0.201063136188686,1
GSM3998172,6,3.414995053938435,0.077933640187846,0.22241915665956485,0
GSM3998173,6,3.3840899640997,0.10823742352452574,0.20261939056077274,0
GSM3998174,6,3.417343233236581,0.09190442211458115,0.21406780242174445,0
GSM3998175,6,3.4789874017309987,0.0824281210686013,0.2099671609822206,0
GSM3998176,6,3.485437540203605,0.0737338662801639,0.21999322800877133,0
GSM3998177,6,3.4578755973974036,0.08059583680404689,0.21531450729789445,1
GSM3998178,6,3.4192911867374063,0.09379698722329748,0.21633685296257574,0
GSM3998179,6,3.3999798811364994,0.07962843099695102,0.21888830632919953,0
GSM3998180,6,3.4130198675698318,0.10127358868017401,0.21279675052879093,1
GSM3998181,6,3.4356169795171554,0.09085798305709974,0.21824865907596988,1
GSM3998182,6,3.4625773751009516,0.09795747821161115,0.2188575458180399,0
GSM3998183,6,3.4503404870956955,0.08174040677722921,0.2179268813763839,0
GSM3998184,6,3.400945619473023,0.08386167897086988,0.22849018078648325,0
GSM3998185,6,3.4072506386015338,0.08068597902591836,0.2183008800883589,1
GSM3998186,6,3.4354188318771723,0.14783201998215953,0.2243148544467275,1
GSM3998187,6,3.4060227266204763,0.09637451614998428,0.22170486139122866,0
GSM3998188,6,3.4023741474771128,0.09281499866869204,0.21943502556744474,1
GSM3998189,6,3.418219623821867,0.07784509706937617,0.21901662392062912,0
GSM3998190,6,3.4159673123537866,0.0761437782506983,0.22056692509665102,0
GSM3998191,6,3.347084079476949,0.11913751640201721,0.21882131536004196,0
GSM3998192,6,3.390800366100277,0.10952604070371215,0.20380742281052475,0
GSM3998193,6,3.3846953202120362,0.09608080110735191,0.2188079698780306,0
GSM3998194,6,3.416648972038343,0.10504663975978817,0.22220087578564082,0
GSM3998195,6,3.3575110970091653,0.12463570271521975,0.20479604146703467,0
GSM3998196,6,3.345696700232439,0.09941204853859241,0.2073297546818037,0
GSM3998197,6,3.399107178789256,0.08429066550397256,0.21725409917960026,0
GSM3998198,6,3.4062399371797247,0.10245644892043942,0.212346232970529,0
GSM3998199,6,3.3065207601782487,0.13664674093106927,0.21124012135117148,0
GSM3998200,6,3.369479300134055,0.14523542591863242,0.21287862177832906,0
GSM3998201,6,3.3141123012472082,0.14815358809219492,0.20881692432197624,0
GSM3998202,6,3.395067558632684,0.11635181114472491,0.19089988478132308,0
GSM3998203,6,3.375386288873566,0.13142735520849075,0.19782352458273447,1
GSM3998204,6,3.3530594616529115,0.12121977383637914,0.1980404659960044,0
GSM3998205,6,3.393153228258466,0.12634184488441888,0.20492944557323436,1
GSM3998206,6,3.4378999316713905,0.10249812005870848,0.21260947843669215,0
GSM3998207,6,3.373089072616153,0.11400623585760711,0.2095500759197294,0
GSM3998208,6,3.4298319823029124,0.09577746313603706,0.2141581908211682,1
GSM3998209,6,3.378170561054261,0.11912867228496941,0.2118451733649535,0
GSM3998210,6,3.33405294084303,0.13561690937253532,0.2191658253995864,0
GSM3998211,6,3.364381031093355,0.14249384725215392,0.2084285851468041,0
GSM3998212,6,3.3830000782603586,0.10636281100734787,0.21187098098888002,0
GSM3998213,6,3.430762070602323,0.0865686334502358,0.21515664266570134,1
GSM3998214,6,3.331312950754763,0.11977293643225735,0.20602942525401302,0
GSM3998215,6,3.436209763479769,0.09280309057231781,0.21275495020049534,0
GSM3998216,6,3.4276412080682364,0.09626689192607292,0.21345114810161447,0
GSM3998217,6,3.4217834324990855,0.07412485465939353,0.21471351130712416,0
GSM3998218,6,3.3778033255144324,0.08459118933424314,0.20099159471744754,0
GSM3998219,6,3.4668581190186387,0.0794589766965887,0.21400509112506083,1
GSM3998220,6,3.4263182812579194,0.0883835479590647,0.2126279584359931,1
GSM3998221,6,3.402363505989307,0.06880787774161191,0.20844565845193283,0
GSM3998222,6,3.4354119358922097,0.10228845688018916,0.20727994560977603,0
GSM3998223,6,3.3819924030250776,0.10506289012695763,0.21204976538907278,1
GSM3998224,6,3.3933571761820436,0.09212485567989401,0.2037732482387034,0
GSM3998225,6,3.2652949481712144,0.12026604892715032,0.21267148198672886,0
GSM3998226,6,3.381058199384796,0.0781812248752714,0.22836706956274078,0
GSM3998227,6,3.3464616080483265,0.12936042528644093,0.1947198997519871,1
GSM3998228,6,3.4314260373752257,0.08043362082061675,0.22007798443454255,1
GSM3998229,6,3.371784960848153,0.10459265880584964,0.21459373610648613,0
GSM3998230,6,3.3694284384382196,0.10668616974643327,0.2200091836550337,0
GSM3998231,6,3.4368415251767086,0.08639921203382933,0.22242841320129975,0
GSM3998232,6,3.360536014440405,0.1923655132350335,0.20334286914094424,0
GSM3998233,6,3.308506619707697,0.10320958122544562,0.2152891568592528,1
GSM3998234,6,3.4061203528444652,0.11462656424187559,0.22459276579545379,0
GSM3998235,6,3.3963124487212957,0.11348977977135571,0.21921777247321605,1
GSM3998236,6,3.380758783639324,0.11345221931781498,0.21764788177054747,0
GSM3998237,6,3.4122425534924146,0.12415892961245828,0.2180286146100637,1
GSM3998238,6,3.377724324939426,0.1285424189289541,0.21343189961474837,0
GSM3998239,6,3.446366932155125,0.09591363705013481,0.22317269095044767,0
GSM3998240,6,3.3860419936967503,0.10772564028274965,0.21235185956675057,0
GSM3998241,6,3.3685558263617987,0.1361160465778176,0.22147011568413744,0
GSM3998242,6,3.286102865334997,0.11979516719828437,0.20360049773051195,0
GSM3998243,6,3.3675412652714627,0.10700115369811751,0.21103716219726984,1
GSM3998244,6,3.402533851693268,0.128358160021618,0.1972423511549778,1
GSM3998245,6,3.3801622947193257,0.10648831568104553,0.21528091277204495,0
GSM3998246,6,3.3860975258749137,0.10734477061503031,0.22155195460916463,0
GSM3998247,6,3.471554568332379,0.0508657645428165,0.21661548748738318,0
GSM3998248,6,3.3477495588786192,0.13061609158136084,0.21914633744665468,1
GSM3998249,6,3.4195768497704386,0.1083780897126372,0.21175834389764528,1
GSM3998250,6,3.3984903420875647,0.1412494224693222,0.22123528200595843,0
GSM3998251,6,3.307972460717557,0.14691918861918316,0.21646797996419545,1
GSM3998252,6,3.4152518225570265,0.09899767627800674,0.21714518194852364,1
GSM3998253,6,3.3435659183261257,0.12155511800207111,0.2221730451659831,0
GSM3998254,6,3.3409984950513083,0.13867480227928974,0.21604686588949312,2
GSM3998255,6,3.4449602563682955,0.09719892497182678,0.21825824733043545,0
GSM3998256,6,3.431745369817622,0.09656054185793078,0.21112392446172662,0
GSM3998257,6,3.3485666248528276,0.12372776359532205,0.21569821503887307,0
GSM3998258,6,3.3148275375987817,0.15735107221842412,0.20649635151546294,1
GSM3998259,6,3.3847823069049054,0.12939438094765482,0.1936157525812173,2
GSM3998260,6,3.3751794772096035,0.17540248873766426,0.19883472279780706,0
GSM3998261,6,3.433999380420604,0.0775320733308615,0.22075234803913615,0
GSM3998262,6,3.4460883157766564,0.07324086954788332,0.2151780256892554,0
GSM3998263,6,3.4358280986490075,0.09618780651144576,0.21697923205156466,0
GSM3998264,6,3.406258724587624,0.08407630808942514,0.22390748694225912,0
GSM3998265,6,3.4452075696789506,0.08380376480749933,0.2154751661313411,0
GSM3998266,6,3.4550647918370654,0.09202944229371877,0.20831687518134318,1
GSM3998267,6,3.4826795564384154,0.07650901860665178,0.2187078502387631,0
GSM3998268,6,3.3413500067192135,0.08886882655455469,0.20417704413887647,0
GSM3998269,6,3.436992752950685,0.08523323855944176,0.21880122515343203,0
GSM3998270,6,3.4296951035844403,0.11414462548051706,0.2203093502068597,1
GSM3998271,6,3.434239897480424,0.08168095761002359,0.21444571442125954,1
GSM3998272,6,3.4632666532291556,0.10723812538498617,0.20547018216832919,1
GSM3998273,6,3.4116853460340795,0.10036464583450239,0.21415098655538714,1
GSM3998274,6,3.447619013939278,0.07008734382051507,0.22100587374568914,0
GSM3998275,6,3.3730990731058625,0.12225929626092483,0.22225594294790624,0
GSM3998276,6,3.3446800027290338,0.15227912428200752,0.22188690497830052,0
GSM3998277,6,3.4025757214354386,0.1285619726269737,0.22017068267791845,1
GSM3998278,6,3.366472918459114,0.13308579783863791,0.20030496666875558,0
GSM3998279,6,3.41111081018965,0.10983768605188575,0.21763182411173368,0
GSM3998280,6,3.305036234978718,0.18638951426984612,0.19520281982744958,0
GSM3998281,6,3.3568280909046195,0.11479006084473228,0.21474513497939987,0
GSM3998282,6,3.3881355104990334,0.1340191505703945,0.2143622758551305,0
GSM3998283,6,3.399764336276532,0.12697678133660725,0.1923306124903298,0
GSM3998284,6,3.362501362894978,0.11214632024809307,0.20464496850670655,0
GSM3998285,6,3.2798929148954716,0.17743168265097253,0.19793450754588846,1
GSM3998286,6,3.474173142399724,0.074592185268226,0.21798351587737916,1
GSM3998287,6,3.414684895203564,0.08324731140866272,0.21759351183533127,1
GSM3998288,6,3.50349804377022,0.08474780418928402,0.2148813924484715,1
GSM3998289,6,3.4425378594509275,0.07287201312676764,0.21578623620246845,1
GSM3998290,6,3.3710432067031517,0.11322217842710207,0.21864722694112596,0
GSM3998291,6,3.440404431935085,0.05616116794372595,0.219028075531323,0
GSM3998292,6,3.442611426080795,0.09738933633751713,0.2155564125628294,0
GSM3998293,6,3.4225785523722427,0.12134847611880448,0.21000570363395454,0
GSM3998294,6,3.4570439580128767,0.07324287637289731,0.22460728624231927,0
GSM3998295,6,3.429158855167852,0.12101179457571151,0.21134576586205758,1
GSM3998296,6,3.4672378507201307,0.07422961345164862,0.22282058568493293,0
GSM3998297,6,3.451018049863351,0.13628779806152533,0.22640596481244363,1
GSM3998298,6,3.45671054951865,0.053739049358017245,0.22802888161061327,0
GSM3998299,6,3.46447970774219,0.0952382728612863,0.21324558423202372,0
GSM3998300,6,3.4537550984987537,0.05242319225846995,0.22458358542363863,0
GSM3998301,6,3.397276531389832,0.10195792256660768,0.2249877747647468,0
GSM3998302,6,3.3943680274087087,0.10586975362234387,0.20504161311287636,1
GSM3998303,6,3.382596721770328,0.14010364832812036,0.19687262855256712,2
GSM3998304,6,3.4018912847260925,0.15781713422999774,0.19390390605309313,1
GSM3998305,6,3.4186380038733515,0.12196085583247859,0.2171282280949734,0
GSM3998306,6,3.424333028288127,0.11905277711817923,0.206285575138417,1
GSM3998307,6,3.420578022988597,0.1065876920318811,0.20927681306851392,0
GSM3998308,6,3.401220728304955,0.12515894121965346,0.2114276646928884,0
GSM3998309,6,3.434508280735309,0.07412521949026193,0.21805724289566494,0
GSM3998310,6,3.4518577134574624,0.08709462403198802,0.22053948454928843,1
GSM3998311,6,3.4544257544589207,0.07638463643114994,0.21957741881534243,0
GSM3998312,6,3.3663227894234122,0.12181100373898483,0.20550399916505246,0
GSM3998313,6,3.3996841975461574,0.08974870736790075,0.2171099902221387,0
GSM3998314,6,3.4161717272340755,0.0792346347208894,0.21685758522014287,0
GSM3998315,6,3.4491165441881093,0.08757777825857638,0.2157498562115524,0
GSM3998316,6,3.43668270875563,0.09980175652902971,0.20546506074102036,0
GSM3998317,6,3.4541969648306337,0.06457457049394424,0.21433333447925804,0
GSM3998318,6,3.412349033113958,0.08512839604244293,0.21766831401081568,0
GSM3998319,6,3.4285340647346882,0.10163000516979032,0.2140779872134175,1
GSM3998320,6,3.4129491560966376,0.1277923251209208,0.2086321453507105,1
GSM3998321,6,3.42261974873318,0.08037060475787716,0.21672767648871666,1
GSM3998322,6,3.390462059341369,0.11405517521211528,0.2126876791176254,0
GSM3998323,6,3.440419273265565,0.09142336053691655,0.2150729354203422,0
GSM3998324,6,3.3665609310129163,0.08570119340296549,0.21683755888866033,0
GSM3998325,6,3.467295358744907,0.08179130018248579,0.20837380156871543,0
GSM3998326,6,3.416504035189207,0.14080150316396473,0.21049299795079,0
GSM3998327,6,3.331520431418074,0.10541421479110182,0.2068975535469055,1
GSM3998328,6,3.3831791603871393,0.10041866274260237,0.2101873122544845,0
GSM3998329,6,3.3686373853728657,0.16332097395987016,0.21083981313907627,0
GSM3998330,6,3.4523362350298825,0.09373431909660698,0.21951530334165967,0
GSM3998331,6,3.3669918905759806,0.15044917680009934,0.20307040738595675,1
GSM3998332,6,3.258096741123007,0.1519465016075828,0.201853400428659,0
GSM3998333,6,3.3142976435416185,0.16919740818667026,0.1992099346593728,1
GSM3998334,6,3.3330006704906587,0.13759943474744873,0.19184248581116212,1
GSM3998335,6,3.3390470431271333,0.11086748734235025,0.21515825881675427,0
GSM3998336,6,3.396098746243937,0.11995826943482171,0.20937361704353785,0
GSM3998337,6,3.42786515119304,0.11183462973211047,0.21000543133792451,0
GSM3998338,6,3.3673783804117603,0.12409214735971004,0.2028390360860907,0
GSM3998339,6,3.403308237992088,0.10059130239421384,0.1978257817637874,1
GSM3998340,6,3.391194359615228,0.10215522005140897,0.20198304550331486,0
GSM3998341,6,3.3751678847927606,0.1533149515523777,0.1953849164937392,1
GSM3998342,6,3.3402272202293806,0.12590541524648313,0.1989625126386836,2
GSM3998343,6,3.3390605825929107,0.14312815391043748,0.22186626894678868,0
GSM3998344,6,3.3610684850015056,0.13181246576159852,0.2130792902544928,0
GSM3998345,6,3.3236424088255476,0.19828203701293987,0.2046121419568996,1
GSM3998346,6,3.3201719523200968,0.17739936274503743,0.20664504746362838,0
GSM3998347,6,3.2925378080654473,0.17903268924824278,0.21436949675174008,1
GSM3998348,6,3.3448314014498175,0.12690278375004654,0.21422019062371728,0
GSM3998349,6,3.3631986111324275,0.12336081355213295,0.20938381355437266,1
GSM3998350,6,3.318987148179171,0.15399711567920873,0.20852061211873502,1
GSM3998351,6,3.354609377378816,0.10641597834528274,0.2115049688410168,0
GSM3998352,6,3.3423537970334847,0.12736981946939716,0.21214708018197856,1
GSM3998353,6,3.377664949354993,0.16278426888099473,0.20403462631670127,0
GSM3998354,6,3.2982653868737843,0.16731964161241397,0.2139474054898087,2
GSM3998355,6,3.3141112243546966,0.1468943612961413,0.21950569910926174,1
GSM3998356,6,3.345351445256967,0.13402221065791084,0.2134451784581303,0
GSM3998357,6,3.317424742635583,0.16845271909953916,0.21759233808099573,0
GSM3998358,6,3.351171362325605,0.11871010495386937,0.21401700797209916,1
GSM3998359,6,3.2282610576381,0.15258612425311438,0.214587404692735,0
GSM3998360,6,3.3181281340193163,0.1727409741671623,0.20418780517430032,0
GSM3998361,6,3.372966962013613,0.19377209521362102,0.20956842511543583,1
GSM3998362,6,3.287665666646074,0.15175954048789675,0.21208851920651325,0
GSM3998363,6,3.324334876926133,0.16871504507901397,0.21252861782232754,1
GSM3998364,6,3.343853570970482,0.14932577714393536,0.20642611779711917,1
GSM3998365,6,3.306895461229383,0.14987520432236948,0.2058523064238966,0
GSM3998366,6,3.379243274246909,0.12175260077744496,0.20442825371485693,0
GSM3998367,6,3.3268067723779757,0.12359658721488151,0.20645852499227613,0
GSM3998368,6,3.3327210479954235,0.1258264811882484,0.2125434433650239,1
GSM3998369,6,3.372586059378465,0.10636490334236284,0.21968195362272072,0
GSM3998370,6,3.298347047709169,0.12946360703355791,0.20032132798732846,0
GSM3998371,6,3.3329666079847975,0.10348959370897155,0.21641969405998682,0
GSM3998372,6,3.349380165394052,0.09924028327517637,0.21402169761026907,1
GSM3998373,6,3.319530268958406,0.12692513311751893,0.21551777989676185,0
GSM3998374,6,3.3133034768160443,0.1333661893804032,0.21521306794609024,0
GSM3998375,6,3.3908884676392517,0.06582633458330212,0.21138735529766509,0
GSM3998376,6,3.3097125191212866,0.13357215205666045,0.2156257942927144,0
GSM3998377,6,3.374747919167355,0.08437832824153893,0.20973825332378923,0
GSM3998378,6,3.269987535769896,0.1458485436077124,0.20731112648189026,0
GSM3998379,6,3.303006763253298,0.13710046095469175,0.2032577581925051,0
GSM3998380,6,3.3381172682537414,0.13089279237306772,0.2037966027503899,0
GSM3998381,6,3.277426567746935,0.16121036984777085,0.2136766669355184,0
GSM3998382,6,3.2475412675045985,0.14542960970309468,0.2127807009720405,0
GSM4957321,6,3.4225277788079613,0.12313476940278913,0.210904308283602,0
GSM4957322,6,3.397220880067625,0.10312964440315679,0.20724701875049817,0
GSM4957323,6,3.357372134469889,0.12936543270888698,0.20981437408225553,1
GSM4957324,6,3.3208554698355,0.13159328291804714,0.21304498266095726,0
GSM4957325,6,3.4567477750080813,0.08839968117782275,0.22481158509258317,0
GSM4957326,6,3.3920717201448123,0.12286881969100752,0.22276706091925091,0
GSM4957327,6,3.390259699939169,0.08781696135619348,0.22387927052842338,0
GSM4957328,6,3.383447408091506,0.08225895339582402,0.20982029405070585,0
GSM4957329,6,3.394153395768814,0.13350144337543585,0.21333217333404272,1
GSM4957330,6,3.483683779888971,0.1265907697074989,0.22194608724060536,0
GSM4957331,6,3.4049796979751603,0.11629451707633662,0.21659197775374053,0
GSM4957332,6,3.3758709721668145,0.1280229726309278,0.2044406033557743,1
GSM4957333,6,3.3483598727665767,0.14021122732303426,0.21162123158736285,0
GSM4957334,6,3.40511023150036,0.09678659119861151,0.21433639077970734,0
GSM4957335,6,3.4029737980972663,0.13407478053639066,0.21977995412924478,0
GSM4957336,6,3.4600312940938225,0.11566633916442369,0.21906255037546585,0
GSM4957337,6,3.336343623583201,0.12088510075048403,0.20694098912651365,1
GSM4957338,6,3.3472805219673494,0.11569024114955803,0.2179268603732949,0
GSM4957339,6,3.4424329358095775,0.12405203532114213,0.21750753140388446,0
GSM4957340,6,3.342933721580165,0.14516090095947384,0.21895289916882854,0
GSM4957341,6,3.4643656251000965,0.12264016909999932,0.21425622887881635,0
GSM4957342,6,3.4776470595599034,0.11841897057913334,0.2163959939309022,0
GSM4957343,6,3.425268677272243,0.09711666696209789,0.21915497722306682,0
GSM4957344,6,3.3554611111785015,0.11859320554221249,0.21445649917934537,0
GSM4957345,6,3.3727007012904613,0.09004381780058873,0.20940165917765227,0
GSM4957346,6,3.380261152288991,0.12957145669680203,0.2095159591271835,0
GSM4957347,6,3.3949656907949124,0.10096086870481005,0.21943927130744317,0
GSM4957348,6,3.356316292968264,0.10523235654243908,0.20624484722541586,0
GSM4957349,6,3.2690576190667446,0.10033969618349695,0.20097493147981899,1
GSM4957350,6,3.3991157795302254,0.08111077031781389,0.21387353741934972,0
GSM4957351,6,3.397927628909534,0.14931815590447345,0.21062337541593387,1
GSM4957352,6,3.4203400332669203,0.08789899759307122,0.2186500669925388,0
GSM4957353,6,3.350169937606328,0.10072107033883736,0.21757491150893657,0
GSM4957354,6,3.2970609916244067,0.13622145455957843,0.2088295409334715,0
GSM4957355,6,3.3302722892565297,0.11118402617730308,0.20958732519976672,0
GSM4957356,6,3.3239721743140858,0.12953832822206815,0.20832122150248214,1
GSM4957357,6,3.34246485157683,0.1259916874434146,0.22183192346049027,0
GSM4957358,6,3.385993425298775,0.14629922957342997,0.20702285984386531,1
GSM4957359,6,3.340376330128071,0.12848428972591733,0.21294968116115218,0
GSM4957360,6,3.4216405757866695,0.13355025354429462,0.22233037960827512,0
GSM4957361,6,3.3627661806143387,0.11316848410573603,0.20946943512100427,1
GSM4957362,6,3.386044566599239,0.08736038673670932,0.21396494543396982,1
GSM4957363,6,3.3704055945683997,0.13107801747090614,0.2139886449750544,0
GSM4957364,6,3.4044880671437014,0.11536222738790727,0.2158355652168663,1
GSM4957365,6,3.405261895668833,0.12786667744452868,0.20870089516037943,0
GSM4957366,6,3.262631380464254,0.1680302631542833,0.2141647258590699,2
GSM4957367,6,3.383146304346212,0.14749003514834794,0.2099328188248968,1
GSM4957368,6,3.3864735581296284,0.12119338886970121,0.20931187853980912,1
GSM4957369,6,3.3771837634500024,0.14145363438215033,0.20650143404065519,0
GSM4957370,6,3.3523459477486215,0.13185126153010815,0.20351209491749928,0
GSM4957371,6,3.43191319362321,0.12497883444329348,0.2223957193048494,0
GSM4957372,6,3.381516423099433,0.12911840118706716,0.21510295486717373,1
GSM4957373,6,3.327571496715872,0.1499831093387914,0.21306733891276627,1
GSM4957374,6,3.386222555124574,0.14777391059302133,0.19862239938415863,1
GSM4957375,6,3.3716005013092922,0.11404862423922343,0.20485174595524366,1
GSM4957376,6,3.368346999350696,0.1371215059890539,0.20592438615977127,0
GSM4957377,6,3.4138397253908783,0.15989992030350594,0.20972467825926772,0
GSM4957378,6,3.383805977085349,0.12382953793831898,0.19812748338387248,1
GSM4957379,6,3.372058208162387,0.14003165660110534,0.20235867818853467,1
GSM4957380,6,3.3845676021139206,0.1379130469704148,0.2046631919551465,1
GSM4957381,6,3.40560916631161,0.11889674408187732,0.21191857603802458,1
GSM4957382,6,3.370809244638263,0.15959842964265372,0.2014181846691385,1
GSM4957383,6,3.3436981846171556,0.12814552037205182,0.21797587351234124,1
GSM4957384,6,3.4191682297116746,0.10310948242067829,0.21619894825889646,1
GSM4957385,6,3.3230488499891506,0.14487333480811693,0.20842471116117542,0
GSM4957386,6,3.414735295505121,0.12237313144960996,0.2083584059626616,0
GSM4957387,6,3.406041270476694,0.16231532967832787,0.20539518790653957,0
GSM4957388,6,3.323805000106211,0.12007522165029506,0.21306747525710573,0
GSM4957389,6,3.387181738659409,0.11870762352192174,0.20443513299265312,0
GSM4957390,6,3.327708864108517,0.1367564565764322,0.2021532766973176,1
GSM4957391,6,3.422660275492219,0.1325811048241078,0.2054040991907819,1
GSM4957392,6,3.418999215160758,0.09752715304948119,0.21486834715644076,0
GSM4957393,6,3.370485121882311,0.09050916945953275,0.2179177024529113,0
GSM4957394,6,3.409944242479551,0.1369572258106851,0.2144220342347446,1
GSM4957395,6,3.3653923744739673,0.10884772341071246,0.236638581896167,0
GSM4957396,6,3.343242467421667,0.11835910402607197,0.21478724032957272,1
GSM4957397,6,3.3698489660844464,0.10296510333271883,0.21201283201005894,2
GSM4957398,6,3.413922673470679,0.11777587657427484,0.21381542126233227,0
GSM4957399,6,3.3808542078943877,0.09552260223317709,0.20858355604802206,1
GSM4957400,6,3.3583485680734073,0.14455854380055624,0.22236597886745715,0
GSM4957401,6,3.3042087685687744,0.13236501583494356,0.20841576317854796,1
GSM4957402,6,3.3804595109952875,0.12458107914073654,0.2090205973627807,0
GSM4957403,6,3.3484380697588976,0.15244565149304676,0.22307612827396053,0
GSM4957404,6,3.4506351173623107,0.10395838738066003,0.21666978415869012,0
GSM4957405,6,3.3960454680765912,0.12492147851276836,0.21700908043668904,0
GSM4957406,6,3.3657870959483036,0.12253589178091956,0.22082143477085864,0
GSM4957407,6,3.3408764691779385,0.12286560029569239,0.20504533825432905,2
GSM4957408,6,3.3512547275275515,0.1516217116022099,0.20953925765036327,0
GSM4957409,6,3.4847007307378495,0.11582677630237073,0.21781938050429356,0
GSM4957410,6,3.409595053607214,0.11005818843056786,0.2033087565813388,0
GSM4957411,6,3.4201929889019635,0.14256459784161452,0.21249357622854836,1
GSM4957412,6,3.413854956616465,0.13841117008293613,0.21484436236747587,0
GSM4957413,6,3.4569224567221446,0.14952644140710603,0.21198951360685062,0
GSM4957414,6,3.4208840409453805,0.13016456964645312,0.21958306545417897,0
GSM4957415,6,3.307729767132185,0.11925365495384531,0.21082183729262385,0
GSM4957416,6,3.3832700971464646,0.14101520991659247,0.20247519130456235,1
GSM4957417,6,3.4036791280794803,0.14191218452369533,0.2119884316028963,0
GSM4957418,6,3.407367997617015,0.15562036273978758,0.21241536881085246,0
GSM4957419,6,3.4123386487457665,0.1477392826415391,0.2150486019824664,0
GSM4957420,6,3.3708874748202686,0.14735762692291532,0.21975407032283958,0
GSM4957421,6,3.4049875571003008,0.1358717035380648,0.2111476449462728,1
GSM4957422,6,3.3954763476278744,0.11961049239088267,0.20626056497550493,0
GSM4957423,6,3.44223017236586,0.12492039304439848,0.22264477142011824,0
GSM4957424,6,3.3747020719397596,0.1238400112267427,0.21645366691618484,0
GSM4957425,6,3.444377255496461,0.1147252503880929,0.20344832209155858,0
GSM4957426,6,3.3746376728413927,0.12210881632753717,0.2117636689319874,0
GSM4957427,6,3.4176664458455375,0.13622461411322717,0.21691244008681324,0
GSM4957428,6,3.4229952202545157,0.0754569346093332,0.22377002027767326,0
GSM4957429,6,3.458786274608049,0.08507613770963302,0.22449967627590314,0
GSM4957430,6,3.405092997133071,0.13878582705851694,0.2208008573403327,0
GSM4957431,6,3.4381304929669523,0.08814767922152299,0.22028973277054525,0
GSM4957432,6,3.408997043497204,0.13427087672877638,0.21690020179721467,0
GSM4957433,6,3.3837940055741766,0.10217238397190326,0.22858684828487255,0
GSM4957434,6,3.4274328116392327,0.1348089105783489,0.21685035412022302,0
GSM4957435,6,3.405125961681909,0.13849268450318467,0.2064002972159618,1
GSM4957436,6,3.3958994795587008,0.1279853689073235,0.212450992193551,0
GSM4957437,6,3.4552011561201463,0.1281589689569746,0.22967164832116324,0
GSM4957438,6,3.4639616828316466,0.11166934703780373,0.22012843778634503,0
GSM4957439,6,3.4215496066897235,0.12082820446610934,0.21721059769962534,0
GSM4957440,6,3.3789603860290103,0.08296000254552838,0.2113101866046935,0
GSM4957441,6,3.5053950516992267,0.11339651595967899,0.22010361784287488,0
GSM4957442,6,3.408503787697706,0.10918901560389078,0.2062743586993814,0
GSM4957443,6,3.380810706105584,0.13704979152116828,0.2070065322264817,0
GSM4957444,6,3.4589356626270784,0.07474422678066633,0.23203099198266888,0
GSM4957445,6,3.3380475719134743,0.1287576971614208,0.20915145131227494,1
GSM4957446,6,3.4003921156752845,0.1007978375153122,0.21997293503870383,0
GSM4957447,6,3.423113754414742,0.09855308552457566,0.22189896930215772,0
GSM4957448,6,3.339465725959398,0.11710070204935921,0.2062668039336781,0
GSM4957449,6,3.425623529339265,0.15149967353268753,0.21236645056231554,1
GSM4957450,6,3.4135716343209648,0.11058616369583628,0.2143984097950362,0
GSM4957451,6,3.3482203420302015,0.15596761642818419,0.20924402946097148,1
GSM4957452,6,3.3722594871954015,0.12674231739791164,0.21310281325299538,1
GSM4957453,6,3.450003839650234,0.1410910923658983,0.21304594189977155,0
GSM4957454,6,3.310644848141985,0.11562312981453252,0.218943156019308,1
GSM4957455,6,3.3914655599219903,0.10515065376941465,0.22418596556398843,0
GSM4957456,6,3.328302512698409,0.1294192160963673,0.1985494080606082,1
GSM4957457,6,3.43378773944923,0.0716513893842946,0.20986804477797588,0
GSM4957458,6,3.373580077570395,0.1115925705497236,0.22347279473281362,0
GSM4957459,6,3.4773335843897955,0.10289629103785779,0.21914645547945824,0
GSM4957460,6,3.3764043615055717,0.11654356011330985,0.211081991316632,0
GSM4957461,6,3.3227262069751666,0.13413395471300346,0.20737212565476865,0
GSM4957462,6,3.4007477657486853,0.11007516254588989,0.2183965900478142,0
GSM4957463,6,3.5161489922327034,0.13807954978660925,0.2206643908189699,0
GSM3758005,7,3.1995652563189676,0.17709735595234832,0.19135145336145848,1
GSM3758006,7,3.225698152135277,0.18112097795793364,0.17825929406654173,1
GSM3758007,7,3.161139270723216,0.22967182879753395,0.1861696612362743,1
GSM3758008,7,3.1849757880346288,0.2016706433989966,0.17959576361980886,1
GSM3758009,7,3.262812239626547,0.08751678598980785,0.20024405601088105,2
GSM3758010,7,3.2370112622530915,0.17816031397158,0.182302684213497,1
GSM3758011,7,3.206230184007241,0.20362321331970432,0.1805311181522035,2
GSM3758012,7,3.2397572805235884,0.1891456342663925,0.1805563854069606,1
GSM3758013,7,3.186559599599431,0.20187820214392044,0.18982576306321858,1
GSM3758014,7,3.258687529843136,0.18694065329520967,0.1811973732164478,1
GSM3758015,7,3.1665448285952777,0.21601357104932267,0.1869291018177172,1
GSM3758016,7,3.182120216351883,0.18512028755476562,0.18991502841350724,1
GSM3758017,7,3.2581919680409768,0.1603087553195813,0.17409033825828354,1
GSM3758018,7,3.2212674699823727,0.15192933416596152,0.18833007448010342,2
GSM3758019,7,3.189832311941642,0.2339167161263325,0.1743070394364387,2
GSM3758020,7,3.3075612607856058,0.15109387780519548,0.17524985004571508,1
GSM3758021,7,3.1814526371692913,0.2055973551053416,0.1869087345552881,1
GSM3758022,7,3.23375500604034,0.19002694252955155,0.1796000066515288,1
GSM3758023,7,3.261089328814234,0.14055933166875426,0.179389138424846,1
GSM3758024,7,3.2080037017907026,0.1966573609973324,0.18609924961804739,1
GSM3758025,7,3.230198346244486,0.1751025996648381,0.17519615278426492,1
GSM3758026,7,3.2183274755239335,0.20200956207045737,0.17419942516069764,1
GSM3758027,7,3.211609519137034,0.17750193440043094,0.18235062042519243,1
GSM3758028,7,3.205445223646227,0.17911120476046544,0.17917541974829773,1
GSM3758029,7,3.196487176097931,0.20136641591156376,0.17546631624210424,1
GSM3758030,7,3.232520539632588,0.14930253321008258,0.18841153533880492,1
GSM3758031,7,3.1686983406290223,0.19443613415742825,0.18872648160698433,1
GSM3758032,7,3.197782018228499,0.21222619363938006,0.18051792412956058,1
GSM3758033,7,3.2196615007089693,0.14844259603729043,0.19030317111235182,2
GSM3758034,7,3.203387450865359,0.1611923797853396,0.19526636914885748,2
GSM3758035,7,3.227031586870627,0.18175044813725208,0.17687603012061698,1
GSM3758036,7,3.239633772970962,0.1758924890960244,0.1827855052454827,1
GSM3758037,7,3.2341462631702873,0.17404443373717662,0.18102204000557512,1
GSM3758038,7,3.2165305840283187,0.16967137769195878,0.1716088874921599,1
GSM3758039,7,3.2079809183726855,0.1574053047154035,0.18343654259755218,1
GSM3758040,7,3.2379742029436187,0.1515575073000751,0.1739809488619016,1
GSM3758041,7,3.2556933171917826,0.15236731794316413,0.17655493818861823,1
GSM3758042,7,3.2456021410990803,0.15993409634153882,0.18265575152393654,1
GSM3758043,7,3.2269371466738184,0.19353609870587674,0.18170016714239695,1
GSM3758044,7,3.203120931796107,0.1893936015816626,0.18047491029836943,1
GSM3758045,7,3.171918417485521,0.2163435276033203,0.1894558798324365,1
GSM3758046,7,3.227924548072045,0.14824779207346786,0.1774284858672623,1
GSM3758047,7,3.1684914191394373,0.17263923993062164,0.18625436588345157,1
GSM3758048,7,3.252452808314471,0.15039436160892677,0.19765716780623896,2
GSM3758049,7,3.2398525855672395,0.10983125856548287,0.17967166921832242,1
GSM3758050,7,3.235955434312504,0.1612185775274064,0.17945102690985482,1
GSM3758051,7,3.2706492559509783,0.14578500399592018,0.1820277084030945,1
GSM3758052,7,3.2477879867513013,0.13094410029187023,0.19035776136749,2
GSM3758053,7,3.201464117390393,0.24011470332791457,0.1745968783289964,2
GSM3758054,7,3.2477428207259873,0.20642545112548769,0.17231053088183185,2
GSM3758055,7,3.204322020569272,0.21377060193323977,0.18430209674884962,1
GSM3758056,7,3.213065960450051,0.18409338211588394,0.18156373117220137,1
GSM3758057,7,3.2300641945084556,0.17114264580965402,0.18308158111479114,2
GSM3758058,7,3.1844160952347313,0.19402910455293607,0.18384124553428463,1
GSM3758059,7,3.281483691588396,0.18615907609347218,0.18217815712751637,1
GSM3758060,7,3.225918500253385,0.16390701944381533,0.17412162558298036,1
GSM3758061,7,3.2078697659768047,0.20078503780295975,0.1832719714823398,1
GSM3758062,7,3.2721325724484918,0.1587621363698591,0.18075732533463945,1
GSM3758063,7,3.1964547649750155,0.20333526965905793,0.1849320400554386,1
GSM3758064,7,3.2472123408310085,0.17971193586908324,0.18270925947338934,1
GSM3758065,7,3.2276364674793805,0.17719021512476743,0.1765684535226804,1
GSM3758066,7,3.276073314006238,0.15253137937824743,0.18542175729946828,1
GSM3758067,7,3.2766023196984406,0.1643695461167293,0.17583592217102784,2
GSM3758068,7,3.2165401558196667,0.15383470761348883,0.18322261188903305,1
GSM3758069,7,3.228383580324636,0.15225101059145862,0.18645413912742614,2
GSM3758070,7,3.245549571787165,0.1766684930615067,0.17388181627851584,1
GSM3758071,7,3.255481194030747,0.16580209298070997,0.1830113330795341,1
GSM3758072,7,3.1836304089238254,0.19759433648373043,0.181755583342671,2
GSM3758073,7,3.218251885780652,0.18342914884616798,0.18219415839330463,1
GSM3758074,7,3.2389854591677585,0.15518237924358755,0.1836849366295475,1
GSM3758075,7,3.275028342260564,0.2069095527640859,0.1751799227229159,1
GSM3758076,7,3.2442030300060325,0.2052311072120623,0.185539510221323,1
GSM3758077,7,3.1921610132373823,0.22022657031551182,0.18350620336945533,2
GSM3758078,7,3.220729231183601,0.19847746549659254,0.18348193797171686,1
GSM3758079,7,3.19449279322644,0.17341324978109374,0.1830832424643566,1
GSM3758080,7,3.2308436725978704,0.16050287844658928,0.1767648397797175,2
GSM3758081,7,3.2458062154074443,0.18884571823066337,0.177945017453681,1
GSM3758082,7,3.2029492861292956,0.21863390452843948,0.177025256279256,1
GSM3998167,7,3.1761655541916842,0.2270757681939758,0.18450056693318406,1
GSM3998168,7,3.173715234623487,0.2189340798031941,0.1816294488023904,2
GSM3998169,7,3.2211840300320014,0.1726120875204762,0.19272268483542881,2
GSM3998170,7,3.209343591956404,0.1969431427240004,0.18382938297415577,2
GSM3998171,7,3.230036727659252,0.1822377352068652,0.18265648037329132,1
GSM3998172,7,3.2140673636532395,0.21635455980197188,0.1889179227460186,2
GSM3998173,7,3.2007790444117625,0.18137515726389508,0.1930889561988066,1
GSM3998174,7,3.247992815209053,0.16203220420385303,0.19237684898948318,1
GSM3998175,7,3.269869013277202,0.19560463978924286,0.18714603524343312,1
GSM3998176,7,3.353718506095424,0.14008477443197984,0.19220960832716158,2
GSM3998177,7,3.267642197703177,0.18263459310235916,0.18087042170497805,1
GSM3998178,7,3.22716308463599,0.20750679903452438,0.19282902417038733,2
GSM3998179,7,3.219588189699186,0.19996848287884486,0.2000833345080883,2
GSM3998180,7,3.271196399239685,0.16516671866635904,0.18393186782710005,2
GSM3998181,7,3.220680602764995,0.2558875939334471,0.1824188162555946,1
GSM3998182,7,3.3065391973118268,0.1754645861061038,0.1881532686016429,2
GSM3998183,7,3.2342222345801077,0.2292299118551161,0.18806569286217578,2
GSM3998184,7,3.2072957197158822,0.25296116085914283,0.198860905710553,1
GSM3998185,7,3.241773983493608,0.2037469247414145,0.19201835176056445,2
GSM3998186,7,3.350163179821091,0.14265838089579505,0.19330410362131792,2
GSM3998187,7,3.289263113205348,0.16058768866696582,0.19978203715665754,2
GSM3998188,7,3.244003157326312,0.16442688677392248,0.19508720969274618,2
GSM3998189,7,3.237752720382144,0.1947446860609487,0.19564321392223868,2
GSM3998190,7,3.211660361388454,0.22268682175781257,0.1848377800912779,2
GSM3998191,7,3.216709705956629,0.20959772857195577,0.19199597153817222,2
GSM3998192,7,3.1823860765793532,0.2119071350466116,0.1907701331159078,1
GSM3998193,7,3.1974194819688373,0.21949022420188605,0.20036779496285215,1
GSM3998194,7,3.2622880180739884,0.1943492030116986,0.1914773418987823,1
GSM3998195,7,3.210172182268893,0.20351302028492982,0.18879709268647168,1
GSM3998196,7,3.1855229418339785,0.18084351948414984,0.17884598739430418,2
GSM3998197,7,3.222293997241089,0.17865762391503198,0.18243713188728822,1
GSM3998198,7,3.279785336488186,0.12630423515733968,0.18281702197419467,2
GSM3998199,7,3.19522308204639,0.1630508369710596,0.17925263397041763,2
GSM3998200,7,3.2492330326902317,0.1673924478782717,0.17383997749089383,1
GSM3998201,7,3.21171366171612,0.13993631761610048,0.19321448821444198,1
GSM3998202,7,3.2333249985397594,0.16489512061381878,0.1823259792321546,1
GSM3998203,7,3.2313377678974318,0.20888917418619238,0.17732870661185848,1
GSM3998204,7,3.1995929944624937,0.1990996192600889,0.17981002733992055,1
GSM3998205,7,3.233737764508332,0.19890024354088895,0.18066789973125505,1
GSM3998206,7,3.2861869216091923,0.17748595943618048,0.1854811195735744,2
GSM3998207,7,3.210777339896467,0.24189671927674491,0.18722243522378806,1
GSM3998208,7,3.2206038480579893,0.26532226127379754,0.1820591278375045,1
GSM3998209,7,3.234067540925399,0.2210475067788618,0.1937921670425453,3
GSM3998210,7,3.248821440285941,0.14841968944402475,0.1785722129832727,1
GSM3998211,7,3.2365732008590697,0.18148954695393396,0.17975053893802345,1
GSM3998212,7,3.2084531467941444,0.24590624047874465,0.17213211845643792,1
GSM3998213,7,3.264094392833397,0.19014842495815834,0.19768949928851995,2
GSM3998214,7,3.160864888889743,0.2026424105922637,0.19248067009976824,1
GSM3998215,7,3.2753979445785335,0.195391810361082,0.1907739816752836,2
GSM3998216,7,3.2721586526562194,0.24791891537972371,0.19517315316785705,3
GSM3998217,7,3.218533705933231,0.27936621962657177,0.19246951243742086,3
GSM3998218,7,3.185652749289596,0.22547116405983322,0.1851562790171443,1
GSM3998219,7,3.293844253418431,0.15484477040143432,0.18958522556658355,2
GSM3998220,7,3.1945398229704325,0.26651483929557346,0.19483852854601286,2
GSM3998221,7,3.2153130578293223,0.25967877872645156,0.1996159829958487,2
GSM3998222,7,3.2534088457656085,0.2746940989438038,0.19345968464013755,1
GSM3998223,7,3.2292940314325578,0.22532562671686027,0.1909108736863455,2
GSM3998224,7,3.189957512722843,0.25666817482760435,0.18245237054205127,2
GSM3998225,7,3.1772905859578384,0.10258427761828073,0.1839633288824855,1
GSM3998226,7,3.2262221206353727,0.164468060245683,0.1940546552574357,2
GSM3998227,7,3.1901713817519566,0.1634210328951385,0.18980092309657368,1
GSM3998228,7,3.266550658377049,0.16181526154291198,0.1974110976955176,2
GSM3998229,7,3.2320312509938245,0.13655046903812437,0.19711990987310957,1
GSM3998230,7,3.25741646085106,0.16011527162287584,0.1983192793170946,1
GSM3998231,7,3.269660053952289,0.1542611565277705,0.1973520766526677,1
GSM3998232,7,3.2071328055519364,0.20713528267658973,0.2058211068609875,1
GSM3998233,7,3.1616561292842764,0.168262846982705,0.18859062314943323,2
GSM3998234,7,3.252477480175059,0.15547471148265357,0.19322314490163206,1
GSM3998235,7,3.2295684137349117,0.1986976527189708,0.18427668102731287,1
GSM3998236,7,3.228095926245352,0.1707321848077004,0.19147477207615726,1
GSM3998237,7,3.2716448752867437,0.1785688411168351,0.19124609640412882,1
GSM3998238,7,3.239271369999802,0.12186163359727743,0.19371558824322135,1
GSM3998239,7,3.2432117982058513,0.2256869534226158,0.19615718632180087,2
GSM3998240,7,3.2517981495011044,0.12486599809896194,0.17349714756991305,1
GSM3998241,7,3.2746353341223773,0.1452846235814841,0.1866288261407225,1
GSM3998242,7,3.166207993239991,0.158495993243137,0.17984645656302092,1
GSM3998243,7,3.219552646095148,0.15421097177297488,0.18467614905914082,1
GSM3998244,7,3.250066337774525,0.14736228232585957,0.1832205636455547,1
GSM3998245,7,3.214881080913324,0.16733790146787603,0.1943637635820464,1
GSM3998246,7,3.2440994169239756,0.13335932178678794,0.1775056799816269,1
GSM3998247,7,3.2028560785842934,0.24457040166053687,0.17554848733503817,1
GSM3998248,7,3.2589703494252156,0.1272419109840065,0.19235064062059348,1
GSM3998249,7,3.253240642513951,0.19810962158485415,0.18889001914617326,2
GSM3998250,7,3.2476153114364497,0.22241441756309335,0.1926256681926125,1
GSM3998251,7,3.1624816676268073,0.2171776688403135,0.18535896178044192,1
GSM3998252,7,3.2411963303206885,0.18553679073981733,0.18707162163908111,1
GSM3998253,7,3.214961197451842,0.15084097819330086,0.19294388299368895,1
GSM3998254,7,3.1613340981885085,0.22650947987849127,0.1834682630097271,1
GSM3998255,7,3.240226496433293,0.2554993090530622,0.18743029524812543,1
GSM3998256,7,3.246579781582125,0.20021368224437316,0.17741513074393409,1
GSM3998257,7,3.1686576171218443,0.2256504427748838,0.19186650978937583,1
GSM3998258,7,3.1986307610138076,0.20391391797073238,0.18937681584646454,1
GSM3998259,7,3.286520821286602,0.15695716786916347,0.1891614409340311,1
GSM3998260,7,3.2508946320617174,0.17736561005974585,0.200863180408202,1
GSM3998261,7,3.2365997038159975,0.21920642910512836,0.19284770655463038,2
GSM3998262,7,3.221638242938245,0.23542439549717611,0.1854810862277918,1
GSM3998263,7,3.272385243933774,0.18521002633899872,0.18654905797804477,2
GSM3998264,7,3.2205239846453404,0.23275717118634232,0.1860916391808991,1
GSM3998265,7,3.246333710596687,0.19852809849339406,0.18443701788225716,1
GSM3998266,7,3.2819694855051837,0.2140732039812899,0.18056033543728808,1
GSM3998267,7,3.2572144659498936,0.23931602459188933,0.18370528190086202,1
GSM3998268,7,3.1918670444662274,0.14042704215202145,0.19315650659431494,1
GSM3998269,7,3.23890079185751,0.18503317714341094,0.19151802003606408,2
GSM3998270,7,3.276556158143889,0.18942305378693278,0.18286338460314572,3
GSM3998271,7,3.279940618465993,0.1577310019815567,0.18703585243020643,2
GSM3998272,7,3.297544905967667,0.15301565846454324,0.18241820432604317,1
GSM3998273,7,3.25953574239482,0.17385645177006712,0.20518547197086667,1
GSM3998274,7,3.2845600939181856,0.17174804402563443,0.197413062260127,1
GSM3998275,7,3.197603857485657,0.21919001060240906,0.18523995186036063,1
GSM3998276,7,3.2612975911971134,0.13300583931983423,0.20116935772998595,2
GSM3998277,7,3.2516474705490666,0.15316982138511404,0.18691521928296323,1
GSM3998278,7,3.2387190166013404,0.17651330922506878,0.1788315064524446,1
GSM3998279,7,3.2413689686952556,0.1632100964140492,0.19672992185091567,1
GSM3998280,7,3.228214499002851,0.14769453717192224,0.2079124307108463,1
GSM3998281,7,3.225378827411407,0.18792242358579672,0.18448222359124225,1
GSM3998282,7,3.2395537477858287,0.18866179496069013,0.18681774199068696,2
GSM3998283,7,3.2273073507047165,0.21642127242960202,0.19208446622874184,1
GSM3998284,7,3.2304316195311973,0.15208975434590197,0.18496407003075516,1
GSM3998285,7,3.223733522881419,0.13761459400614187,0.1841155638452096,1
GSM3998286,7,3.2783373946986263,0.18032971067591522,0.18862457358659307,2
GSM3998287,7,3.233434955526623,0.19690350148897612,0.1918795373329348,1
GSM3998288,7,3.317120614347575,0.18354791476847374,0.1869958387467527,1
GSM3998289,7,3.2592612072559306,0.18602172699492678,0.1907645316207339,2
GSM3998290,7,3.2116876992524985,0.19204968841036602,0.19160060660976433,1
GSM3998291,7,3.2782697261777085,0.14209027522612455,0.195655022258984,2
GSM3998292,7,3.276710095854422,0.17514429175810325,0.19617793196601996,1
GSM3998293,7,3.2983910492634987,0.13159948952351727,0.17805127245532795,2
GSM3998294,7,3.2414448161420606,0.23199911627202655,0.17505319454144752,2
GSM3998295,7,3.2535170852614077,0.23748980379285867,0.17792964923969756,2
GSM3998296,7,3.270475363228077,0.18312447571504734,0.18633906312443066,2
GSM3998297,7,3.3131672507239416,0.19222872275800448,0.19773479757866488,1
GSM3998298,7,3.2412593540089842,0.20197857411408604,0.18283082030648523,2
GSM3998299,7,3.284005203902132,0.19082454102578547,0.17998148027874178,2
GSM3998300,7,3.221971492353734,0.22578240906807015,0.18649395035629177,1
GSM3998301,7,3.2185025705401125,0.23227693491007076,0.19034213493263089,2
GSM3998302,7,3.251961262814447,0.13023034901623817,0.18944476690591874,1
GSM3998303,7,3.283102917182412,0.12415074546925202,0.18071400451410521,1
GSM3998304,7,3.266949328016548,0.21011728081620748,0.18256892659959983,2
GSM3998305,7,3.317188774140508,0.1197929873380718,0.18036338188551856,1
GSM3998306,7,3.252130548355396,0.20140396267318186,0.1874674876336557,1
GSM3998307,7,3.2524276085229227,0.16002101413442385,0.18657552527688653,1
GSM3998308,7,3.2519487210138966,0.16378699315507506,0.18396912857238754,1
GSM3998309,7,3.26289858853439,0.1922612741670899,0.19567476811524567,1
GSM3998310,7,3.260512074215352,0.16628209130971358,0.18885069094311835,1
GSM3998311,7,3.277298013277568,0.1890009218620327,0.17726414819574735,2
GSM3998312,7,3.213504213670869,0.1881524251471274,0.17642509040678328,2
GSM3998313,7,3.2627113284710183,0.16261045842822477,0.18177903699309947,2
GSM3998314,7,3.244934799741771,0.1919669337289764,0.19103408758391185,2
GSM3998315,7,3.2633647231223972,0.22485785895668128,0.1806583236818707,2
GSM3998316,7,3.2484407127532946,0.20733646587325413,0.18610827168133529,1
GSM3998317,7,3.2716557097740093,0.17846790127796439,0.18490677808026232,2
GSM3998318,7,3.239492180834705,0.2090514802470585,0.17769630668047634,2
GSM3998319,7,3.277804400348252,0.15613108240715665,0.17955750565182454,1
GSM3998320,7,3.3024797119527465,0.12534633619848076,0.18821105830602503,2
GSM3998321,7,3.2018618029865236,0.24698672009270906,0.1875032457574936,2
GSM3998322,7,3.245145853919293,0.19317961061713654,0.17554005304435688,2
GSM3998323,7,3.257681252072755,0.20188044277714529,0.1952100992259391,2
GSM3998324,7,3.235153871991028,0.17579745248447434,0.1903043048486755,4
GSM3998325,7,3.254785953418899,0.2235555804407001,0.17244903152546193,3
GSM3998326,7,3.2872712001488154,0.159532879499034,0.17404439211480416,3
GSM3998327,7,3.1892993695404397,0.17735024844969502,0.19462631941275538,2
GSM3998328,7,3.1899317126482103,0.23870834392971,0.18428280796107818,2
GSM3998329,7,3.211320072665517,0.18339570735524183,0.21705521436157094,2
GSM3998330,7,3.2749423240215343,0.21363282969909955,0.1891637212686373,2
GSM3998331,7,3.2564039139953764,0.16345457290291387,0.18758455930076248,1
GSM3998332,7,3.1602695321532392,0.13876606894885052,0.19364092335013047,1
GSM3998333,7,3.238933314738967,0.15204460112065038,0.18110137395530154,1
GSM3998334,7,3.2217383182814867,0.15934978572161035,0.18969586497598026,2
GSM3998335,7,3.2017262203199395,0.170255315307041,0.19464584494975454,1
GSM3998336,7,3.211082302074811,0.22268352801965596,0.19090519203043602,1
GSM3998337,7,3.280702668444683,0.1761927785442919,0.17141506951160904,1
GSM3998338,7,3.2151926417698853,0.1746833694831175,0.18859160776233075,1
GSM3998339,7,3.2227818254515768,0.20291288839587798,0.180543499226704,1
GSM3998340,7,3.2602887951285258,0.13387248768899582,0.18294653694112875,1
GSM3998341,7,3.2182556761410077,0.24910468962519516,0.1803216001104458,2
GSM3998342,7,3.2014345988075856,0.2267526092066854,0.18960494202388656,2
GSM3998343,7,3.2611681733954176,0.0893835351113254,0.1875530120327944,1
GSM3998344,7,3.2017761892655345,0.16496440199397217,0.18190551519695905,1
GSM3998345,7,3.1780288216318824,0.2219118700707384,0.1861340903637258,2
GSM3998346,7,3.1819195417519737,0.1844451807829851,0.18425119820187522,1
GSM3998347,7,3.191200818695927,0.16100636427651302,0.19000175833423358,3
GSM3998348,7,3.216987349369764,0.11896062815901143,0.18704740441281367,1
GSM3998349,7,3.2443970100638264,0.1330731894868348,0.19241041319509614,2
GSM3998350,7,3.263074191218013,0.09834818827906196,0.1933932869151281,1
GSM3998351,7,3.2213573379505496,0.12368407495222082,0.1823836058724782,1
GSM3998352,7,3.2375122306429076,0.12403937374419377,0.1740392860948544,1
GSM3998353,7,3.203455602869766,0.18887052114118982,0.178829025205876,2
GSM3998354,7,3.2159965703983984,0.144845011979864,0.18066754170723529,2
GSM3998355,7,3.239300630165695,0.07977950167984005,0.19466850015940243,1
GSM3998356,7,3.2051638641506637,0.16025254279721712,0.18573028204596212,1
GSM3998357,7,3.190813554262502,0.1678247376814654,0.18748797866808456,1
GSM3998358,7,3.2147301218189406,0.1625844774421477,0.18078452492857014,1
GSM3998359,7,3.170973919349629,0.12061517852402355,0.1838761038824536,1
GSM3998360,7,3.1764695106080723,0.17349289151837083,0.19841108096242857,1
GSM3998361,7,3.263689351455509,0.1527709995520471,0.18198847286684017,2
GSM3998362,7,3.2268164725106376,0.09849022805751496,0.20105346749086225,2
GSM3998363,7,3.222907992482551,0.11943729127825731,0.17454163297180253,1
GSM3998364,7,3.2283435871846278,0.15702156725748984,0.18304485264482864,1
GSM3998365,7,3.1664098453149787,0.17491074748839347,0.19607473267933767,1
GSM3998366,7,3.245433270352488,0.16137174239050509,0.1869876828718591,1
GSM3998367,7,3.201493626667811,0.12873046255032658,0.1895989431584528,1
GSM3998368,7,3.2127351815002214,0.1405792880901985,0.1874636826764334,1
GSM3998369,7,3.2625239883020383,0.11906684606759596,0.1891546867712442,1
GSM3998370,7,3.1852439373731607,0.12949633228052657,0.19086976905360928,1
GSM3998371,7,3.1613274414065353,0.18427507347517366,0.18442337583830196,2
GSM3998372,7,3.1617034419835353,0.24754012843078815,0.18614481906826338,1
GSM3998373,7,3.1987096546959775,0.1690733820396713,0.17686901304610653,1
GSM3998374,7,3.21501934528484,0.12039641708562766,0.18389983473820787,1
GSM3998375,7,3.194928946281712,0.18884684725647743,0.18127573188181484,1
GSM3998376,7,3.1602176072630144,0.19284275583328703,0.18445569088030753,1
GSM3998377,7,3.204916973531906,0.1885196874976127,0.18257911932118873,1
GSM3998378,7,3.1843842347169327,0.1648717018393799,0.18166926618087373,1
GSM3998379,7,3.1999403672848783,0.1625673534157922,0.17396733618521454,1
GSM3998380,7,3.208812951847892,0.16623642079105375,0.18975457678549734,1
GSM3998381,7,3.165491223510087,0.14326792432983482,0.18394684471489228,1
GSM3998382,7,3.226183317231079,0.06578825974687648,0.1870913690094334,1
GSM4957321,7,3.267071718144326,0.17406992360889353,0.1744827788367597,1
GSM4957322,7,3.2446461925126036,0.17604318083048107,0.1741432304441343,1
GSM4957323,7,3.1846979706341974,0.22862912132968166,0.1943938249147336,1
GSM4957324,7,3.2027759154481283,0.1446947597026645,0.19355411837469083,2
GSM4957325,7,3.2146576439353995,0.23821048724722885,0.19076262490800389,1
GSM4957326,7,3.2198906775102536,0.2538262738450145,0.1827907605328961,2
GSM4957327,7,3.1816959288450426,0.2601646865374204,0.1882310883639722,1
GSM4957328,7,3.1619347332545695,0.22164715145618197,0.18565941759774499,1
GSM4957329,7,3.2107554751365655,0.1945998915415347,0.19861296371936482,1
GSM4957330,7,3.302403780555184,0.229834476332899,0.185646123343113,1
GSM4957331,7,3.2225663882907702,0.2572475658675561,0.19338608281937247,1
GSM4957332,7,3.1942863604221174,0.21189115543404652,0.18585995282316597,1
GSM4957333,7,3.1977634181216796,0.20425365395374215,0.18131788087539855,2
GSM4957334,7,3.197235502200663,0.2486256301120271,0.18638509661518338,2
GSM4957335,7,3.2931497608538858,0.2050067472831817,0.19010542114971532,1
GSM4957336,7,3.241213744489756,0.2274636639653189,0.1799823459659081,3
GSM4957337,7,3.2424172325198772,0.16862936447287535,0.18939253315137294,1
GSM4957338,7,3.2248265437016315,0.22412683921778215,0.19172922897250916,1
GSM4957339,7,3.2794957029380973,0.23123481016632247,0.1882394752839707,1
GSM4957340,7,3.223288550652166,0.22703507060809164,0.18989055401054727,1
GSM4957341,7,3.3559915049625584,0.16272123873389713,0.1793245012607968,1
GSM4957342,7,3.352470168894833,0.18736431555668615,0.1887757628564204,1
GSM4957343,7,3.2658296838647045,0.17279471309051475,0.1855447534192752,1
GSM4957344,7,3.2230227219013146,0.1562356158084583,0.1858648843051906,1
GSM4957345,7,3.1728872229932885,0.20501440800220433,0.18589439387574178,1
GSM4957346,7,3.2673502940929127,0.146189206971571,0.17827050235670944,1
GSM4957347,7,3.2055164608682998,0.22625080163946543,0.1851993111372482,2
GSM4957348,7,3.1542122307623783,0.20470617483711145,0.18307444559660294,1
GSM4957349,7,3.180504627177105,0.07329453158638988,0.19411944588294083,1
GSM4957350,7,3.203844572110159,0.21456820735425758,0.17410529230768662,1
GSM4957351,7,3.2586916949869664,0.18920048447370705,0.17852562222631205,1
GSM4957352,7,3.1820214865574403,0.29174725508956156,0.18816694405484913,1
GSM4957353,7,3.182487133694102,0.13620308882030197,0.179107394516182,1
GSM4957354,7,3.188069065120276,0.09319895058310758,0.18438480017997852,1
GSM4957355,7,3.1778464201885663,0.19598033235220688,0.18907452504409583,1
GSM4957356,7,3.198852700585523,0.15190704291097756,0.18826373152693046,1
GSM4957357,7,3.1625406454570486,0.23209925928668368,0.18151705517927946,1
GSM4957358,7,3.2666624607390986,0.14660665200299353,0.1810752863762626,1
GSM4957359,7,3.195749555236694,0.14816478348582182,0.1869071334703645,1
GSM4957360,7,3.3015523835136324,0.14730786923490774,0.1936778019813118,1
GSM4957361,7,3.176328950347295,0.25533591590129184,0.19086780478111184,2
GSM4957362,7,3.1889147545122136,0.21535694818906728,0.1898568344049594,2
GSM4957363,7,3.219106363581523,0.17163287547585124,0.173968615876457,1
GSM4957364,7,3.2350004243345736,0.19200859474820198,0.18223582561008744,1
GSM4957365,7,3.3025177683933413,0.10636293930027335,0.19054738117015596,1
GSM4957366,7,3.2586197912355073,0.08771447893785354,0.19259070088426503,1
GSM4957367,7,3.2477712698924552,0.13981303778815307,0.18120104426060069,1
GSM4957368,7,3.207189749698282,0.1517997963977322,0.18321794636555616,1
GSM4957369,7,3.28436207691001,0.1036327986950671,0.17633999110556306,1
GSM4957370,7,3.2566493071012617,0.10382995007619684,0.1825315062283936,1
GSM4957371,7,3.255419738417592,0.239747610931807,0.1886662281783438,1
GSM4957372,7,3.257939257347212,0.15059930259087315,0.1796287277292611,2
GSM4957373,7,3.2529777951759686,0.09327166909537013,0.17459771156008397,1
GSM4957374,7,3.2625814974989438,0.16182200433120697,0.18378146808363163,1
GSM4957375,7,3.23830752598693,0.1428415102893041,0.1831996023012392,1
GSM4957376,7,3.242385550290751,0.14451108889874417,0.17922039974576143,1
GSM4957377,7,3.3443811328362965,0.14845195894904994,0.18486282533339823,1
GSM4957378,7,3.2239183213941907,0.1384927672180916,0.19356053871827064,1
GSM4957379,7,3.253601189471633,0.1305846148695483,0.17479569099703748,1
GSM4957380,7,3.2514328861591286,0.1263164396486488,0.18289882786807501,1
GSM4957381,7,3.2125792526265577,0.2040456325918549,0.17914271821655564,1
GSM4957382,7,3.2431379391200506,0.1584898489128869,0.17766144405308185,2
GSM4957383,7,3.2343640349531144,0.08979960313237924,0.17394690513001104,1
GSM4957384,7,3.2396743809416777,0.15210039584676308,0.18894855156536475,1
GSM4957385,7,3.2159765620369565,0.13543350141184415,0.1765449307438542,2
GSM4957386,7,3.2325197203376272,0.19379862980138204,0.1742476616351254,1
GSM4957387,7,3.231858917728604,0.2541327834438075,0.18383721101593212,1
GSM4957388,7,3.2174206724050354,0.06835329124891072,0.19081424278060197,2
GSM4957389,7,3.2175446962216814,0.19634170633697015,0.18498609935660495,1
GSM4957390,7,3.2061546004677717,0.14556708927363646,0.17772556708389836,1
GSM4957391,7,3.241599852909014,0.2683961734475091,0.19176416268067237,1
GSM4957392,7,3.2012596643925555,0.24268554382677554,0.18919488560876402,1
GSM4957393,7,3.1507323938261687,0.275620484612497,0.19484257564329435,2
GSM4957394,7,3.269806440136174,0.14025104524871715,0.17816033437874867,1
GSM4957395,7,3.285716327327183,0.15156195956207788,0.19800840019533342,1
GSM4957396,7,3.214845316990638,0.15194462742226653,0.175109124912395,1
GSM4957397,7,3.238945006479061,0.09845149781452844,0.17140989698955011,2
GSM4957398,7,3.242643729017907,0.24782070136853818,0.18640335643540865,1
GSM4957399,7,3.1839013480607212,0.2005767371043424,0.1801188780886306,2
GSM4957400,7,3.230891711904106,0.15825098351463757,0.18023316028997452,1
GSM4957401,7,3.2083532100868837,0.15788946996584632,0.18698867423661913,1
GSM4957402,7,3.20757170654157,0.19269779240809873,0.18083565729237547,1
GSM4957403,7,3.211015764873006,0.22894061242340386,0.18982469062576496,1
GSM4957404,7,3.2418768292505566,0.24947037711827524,0.1753885280423979,1
GSM4957405,7,3.2284864971443548,0.22936529885235524,0.17542427446149883,1
GSM4957406,7,3.161049112774671,0.26296162325643796,0.18737705085579753,2
GSM4957407,7,3.22261769510329,0.1327390961866577,0.18896561418112098,2
GSM4957408,7,3.2192325477535464,0.20176330920089408,0.18268980031995072,1
GSM4957409,7,3.309908614966266,0.18074631731594645,0.1771082200958995,1
GSM4957410,7,3.2704521561491626,0.2237813594023865,0.18031593829507647,1
GSM4957411,7,3.2762686206661775,0.19680008603039337,0.18912291667198433,1
GSM4957412,7,3.2598919183080053,0.22423892847886587,0.18549397764932957,2
GSM4957413,7,3.290626852118347,0.21723281301416894,0.1676424257502691,1
GSM4957414,7,3.255458215245165,0.19264639013951945,0.17978132346939954,2
GSM4957415,7,3.1673742403545173,0.19272432944193776,0.17391837158216286,1
GSM4957416,7,3.224906386321773,0.16978477955581053,0.17650922513045395,1
GSM4957417,7,3.261252138992384,0.16406551219754067,0.1724327001133234,1
GSM4957418,7,3.233412026293296,0.21652004108788803,0.1729400611897216,1
GSM4957419,7,3.2752037069755247,0.18963837844276818,0.18479521644287691,1
GSM4957420,7,3.2399441364178445,0.1916811238407158,0.1789528149637598,1
GSM4957421,7,3.2197874351753457,0.2459084483040574,0.17925328344077143,1
GSM4957422,7,3.242042999749253,0.1390587604638949,0.18189377018827338,1
GSM4957423,7,3.2978557306362988,0.20765131906135129,0.17596040682578867,1
GSM4957424,7,3.2253363565832847,0.1527585893081527,0.18689187943529884,1
GSM4957425,7,3.2581172521835042,0.20341532080028651,0.17839082451442673,1
GSM4957426,7,3.1775251026133535,0.2167441030857033,0.17873748888716162,1
GSM4957427,7,3.288648881550169,0.1810013047817961,0.18398691500005326,1
GSM4957428,7,3.1982297593909412,0.2524503692888916,0.179711491784353,3
GSM4957429,7,3.251305691300802,0.24108314177966292,0.1800914256685349,1
GSM4957430,7,3.2560443156701013,0.19252552534729778,0.18612532405767498,1
GSM4957431,7,3.2532872491595204,0.20637523996915141,0.1855508362817301,1
GSM4957432,7,3.2424136291135635,0.197352042357127,0.18306261823979822,1
GSM4957433,7,3.2513706597448,0.12446305529503314,0.191650653521853,1
GSM4957434,7,3.279931719181951,0.20641412840452894,0.18011077524405644,1
GSM4957435,7,3.199689016058636,0.25261385453023505,0.18264692511130357,1
GSM4957436,7,3.2186861025336815,0.21677544568884777,0.1821928254550353,1
GSM4957437,7,3.2927077636224054,0.2457591310034395,0.18665408833026295,1
GSM4957438,7,3.236789180691768,0.27228972488163594,0.1777835053437256,2
GSM4957439,7,3.252136225022704,0.22983241100661156,0.18104621529363685,2
GSM4957440,7,3.196577279553169,0.21040999587980233,0.18264396634899674,2
GSM4957441,7,3.322852814496925,0.23349855559584243,0.18697258088904853,2
GSM4957442,7,3.2250180782674724,0.18894144086948467,0.18078266628215145,1
GSM4957443,7,3.2280743566901813,0.17840553692898464,0.18018620709963304,1
GSM4957444,7,3.240721937263044,0.2667028960464542,0.19661709474281555,1
GSM4957445,7,3.205059332311252,0.17205120694475956,0.19849208325558879,2
GSM4957446,7,3.207617684079719,0.2619488193341975,0.18547310183069873,2
GSM4957447,7,3.219605136020015,0.23733205993420758,0.1937331960952712,1
GSM4957448,7,3.1935188806798935,0.14397964286415152,0.18401108752344655,1
GSM4957449,7,3.2420948740747657,0.24969826719975993,0.16892506268384094,2
GSM4957450,7,3.235861799690627,0.2170186412081448,0.187571388698523,1
GSM4957451,7,3.2233481356477522,0.19287748707111885,0.17689032830980594,1
GSM4957452,7,3.2197672667278145,0.17604139806326194,0.1824497461115668,1
GSM4957453,7,3.2576220141767687,0.27123800611913434,0.18657410121338325,2
GSM4957454,7,3.1006262402685514,0.2707083692793279,0.19235344837601268,1
GSM4957455,7,3.237641157103701,0.1707702587103782,0.18328155240000846,1
GSM4957456,7,3.1471846030398085,0.20989638072134303,0.17648652051387545,1
GSM4957457,7,3.2150644064892715,0.2441871558799707,0.17821980919105887,1
GSM4957458,7,3.254960143214446,0.08939117254871495,0.18564931794706366,1
GSM4957459,7,3.3035682345979245,0.21453536135660764,0.17790429885092535,2
GSM4957460,7,3.2169856765272327,0.18277836917663304,0.19264346883274966,1
GSM4957461,7,3.209803248180645,0.12449858266113091,0.189544917183215,1
GSM4957462,7,3.1950115245387476,0.2781555683844245,0.19204314037359665,2
GSM4957463,7,3.388763563107492,0.16610957071110474,0.17831311849685133,1
GSM3758005,8,3.1368184841989364,0.10425399584190732,0.23109775075117514,0
GSM3758006,8,3.176011099882773,0.10887399524876537,0.22140705871095231,0
GSM3758007,8,3.152096044185887,0.11683258406752162,0.22395714429174013,0
GSM3758008,8,3.133120146982313,0.12307874338705974,0.21977344874985935,0
GSM3758009,8,3.11637932334325,0.09901820701468049,0.20778299186124194,0
GSM3758010,8,3.1820295265487553,0.11221023789806923,0.2163660969531291,0
GSM3758011,8,3.146147110881958,0.09881221670635741,0.2184779633395809,0
GSM3758012,8,3.19635346560246,0.10412666450813651,0.2255003260051709,0
GSM3758013,8,3.1791505681254955,0.0792447338955352,0.23994561360162223,0
GSM3758014,8,3.2207314479980806,0.0936630230381875,0.235098895035195,0
GSM3758015,8,3.1503581275502865,0.1209064681534019,0.23484790867109417,0
GSM3758016,8,3.1756759847580045,0.08253491293852437,0.22733295984273322,0
GSM3758017,8,3.193883125114522,0.10775417726510672,0.2150742022529691,0
GSM3758018,8,3.1318265290236407,0.11531417808959486,0.2345373880539055,0
GSM3758019,8,3.2046330987609766,0.08177684603367352,0.22788743700000494,0
GSM3758020,8,3.247564836825228,0.08917656125072222,0.22840061450127097,0
GSM3758021,8,3.1341264332872285,0.10249463020062917,0.22085238333397708,0
GSM3758022,8,3.1621023593230997,0.11967980927609043,0.2263292945637679,0
GSM3758023,8,3.1791284004066656,0.10825918464693844,0.23460676924650128,0
GSM3758024,8,3.2186995893157944,0.06410407944682515,0.23404791305438022,0
GSM3758025,8,3.2208073498487946,0.06409935681279766,0.2297542269184641,0
GSM3758026,8,3.183317484889838,0.09301499150307063,0.24197774591196258,0
GSM3758027,8,3.226581080558581,0.04516182510733415,0.23838678439565672,0
GSM3758028,8,3.173844718927423,0.08345471506768048,0.2323977711253275,0
GSM3758029,8,3.201556204138974,0.02246756560861131,0.2201899378985857,0
GSM3758030,8,3.154820101194406,0.10336029059166679,0.22100801510341664,0
GSM3758031,8,3.1552557249336046,0.10833009900900892,0.21358682288592218,0
GSM3758032,8,3.1825656149792487,0.08793625161799927,0.23136990915717257,0
GSM3758033,8,3.161786122379082,0.028720473868909205,0.24285628540899168,0
GSM3758034,8,3.150800236526757,0.09721196503634608,0.2302188508645114,0
GSM3758035,8,3.2102458974439085,0.056037960315170346,0.23500603806445935,0
GSM3758036,8,3.2168281043461655,0.06515646971052448,0.23011859718677408,0
GSM3758037,8,3.2609675219720544,0.04439293913270911,0.23109838436354774,0
GSM3758038,8,3.1746519868106104,0.09276133819084022,0.2087639112283952,0
GSM3758039,8,3.162638146187072,0.08479754205057366,0.2290481424004281,0
GSM3758040,8,3.1649125063225307,0.10437716687103508,0.23574361137872182,0
GSM3758041,8,3.217620043816398,0.059370100111868385,0.22209550721330668,0
GSM3758042,8,3.2287536321590666,0.0391190959088931,0.22156934079953491,0
GSM3758043,8,3.234734554696843,0.06764339570731799,0.22205861502342925,0
GSM3758044,8,3.2010372776583775,0.0751224178589206,0.22450607927059862,0
GSM3758045,8,3.1418867109983886,0.12087728142117338,0.23086888088508087,0
GSM3758046,8,3.1884323089891407,0.0795525067849969,0.20747482401057843,0
GSM3758047,8,3.122054120117222,0.10376684809281748,0.2081183648302071,1
GSM3758048,8,3.195668327601055,0.07602580043598191,0.24040835611692674,0
GSM3758049,8,3.196258506990951,0.04798380860668215,0.19426515243786016,0
GSM3758050,8,3.194982781827685,0.07180329409182823,0.22007814963915673,0
GSM3758051,8,3.241261805254573,0.061021249421439876,0.22236647493014003,0
GSM3758052,8,3.186512160088366,0.07471738449321721,0.2327884395502676,0
GSM3758053,8,3.1894297373831906,0.10676170164553175,0.23820095227506985,0
GSM3758054,8,3.2143939052667223,0.09540187053887482,0.23546362819447936,0
GSM3758055,8,3.2107520671761542,0.10089288887400168,0.22606564834480694,0
GSM3758056,8,3.1636342357228635,0.0924843668557337,0.22489334936283387,0
GSM3758057,8,3.1626141756024815,0.12313904588172839,0.22181583649487002,0
GSM3758058,8,3.1479293745264343,0.09456555070732015,0.22317850979684445,0
GSM3758059,8,3.2432264156533948,0.07520291955287085,0.21733409430453987,0
GSM3758060,8,3.1923898281811587,0.08315054141137934,0.21544347310414963,0
GSM3758061,8,3.1691395182611246,0.10718476612715269,0.22836995613219394,0
GSM3758062,8,3.196594794974967,0.09713625269025992,0.22049898550307745,0
GSM3758063,8,3.1740319467811524,0.10365663985302491,0.23443551463602796,0
GSM3758064,8,3.1903837040713467,0.08980652935040712,0.22999712169045392,0
GSM3758065,8,3.152456098477002,0.13244777983717626,0.21937807040678003,0
GSM3758066,8,3.1934051018458818,0.10588732221684652,0.22447326685714664,0
GSM3758067,8,3.2380356806777817,0.07728889691076879,0.23576686498778954,0
GSM3758068,8,3.1668028064419365,0.09278348513491552,0.21612172140765049,0
GSM3758069,8,3.182871810371326,0.06488523542035815,0.2246098734139209,0
GSM3758070,8,3.1566830706776488,0.13704117773138078,0.22942532235584676,0
GSM3758071,8,3.2297154308027394,0.0877982664632185,0.22462662864720265,0
GSM3758072,8,3.143920992044535,0.11706103479813534,0.2169025636678038,0
GSM3758073,8,3.2041594948344425,0.08378192930423486,0.24298244311155734,0
GSM3758074,8,3.18896399006517,0.10297195919125375,0.22658372390566736,0
GSM3758075,8,3.2570437613466,0.07162549996866276,0.2396535094629017,0
GSM3758076,8,3.268470002693219,0.04307245489717126,0.23196738504038603,0
GSM3758077,8,3.2097130565752447,0.0774960128158995,0.2374936054203908,0
GSM3758078,8,3.1842914481148696,0.10513389874511861,0.2382301062381364,0
GSM3758079,8,3.142660403173298,0.11015103957036058,0.2379387537298727,0
GSM3758080,8,3.167740957840254,0.11850974447671038,0.2255181234731022,0
GSM3758081,8,3.192671526930284,0.11363990494061063,0.22468721672012734,0
GSM3758082,8,3.178682147873089,0.10660254951349674,0.229849529192992,0
GSM3998167,8,3.2196074367923653,0.07214319498992654,0.2349459992295465,0
GSM3998168,8,3.1232344392809543,0.15396035251682433,0.21814919233401656,0
GSM3998169,8,3.1496634912021215,0.15757288839321976,0.21500920416822686,0
GSM3998170,8,3.1781515637812863,0.1164258490669295,0.21972443524713323,0
GSM3998171,8,3.161047291223436,0.13076798491344874,0.21444758627667376,0
GSM3998172,8,3.2197221303703936,0.08585909443078894,0.23601833419842494,0
GSM3998173,8,3.167904292615954,0.12645868259146417,0.21562807298515643,0
GSM3998174,8,3.2029372316438716,0.09852619435825226,0.24614767109480687,0
GSM3998175,8,3.2684150617169383,0.048198170748805884,0.25785030386257207,0
GSM3998176,8,3.2791959403889908,0.06427780113524638,0.23475726570175698,0
GSM3998177,8,3.230070655312534,0.06868819830569914,0.2462966092087852,0
GSM3998178,8,3.226562995278557,0.09690802693740615,0.23094431965295473,0
GSM3998179,8,3.162458364640041,0.11040638978919956,0.23400756795668493,0
GSM3998180,8,3.183196414399095,0.09937911063936605,0.23570824720658504,0
GSM3998181,8,3.231873987744285,0.08773850207408443,0.2398039432565306,0
GSM3998182,8,3.2709884801980995,0.07080306923923047,0.2495784951859659,0
GSM3998183,8,3.2347955938872617,0.10222801895854154,0.22420747780059974,0
GSM3998184,8,3.1891673331088515,0.10340527203176758,0.23300900573280164,0
GSM3998185,8,3.1850219880682813,0.10202390945700979,0.2514173108212723,0
GSM3998186,8,3.281587640078484,0.09670616140358004,0.2550228063256962,0
GSM3998187,8,3.1989513541693566,0.12169884348319099,0.2251269204033162,0
GSM3998188,8,3.1801512119479245,0.10339568524509117,0.23088279129109604,0
GSM3998189,8,3.184110784035537,0.08200392195930865,0.24379627308287075,0
GSM3998190,8,3.2099053672996347,0.07538263509856893,0.24563646132780206,0
GSM3998191,8,3.156925573952423,0.09922544561866259,0.23553171418863578,0
GSM3998192,8,3.176100945444676,0.085934010538433,0.21986252524269362,0
GSM3998193,8,3.184113413346786,0.07841962185042922,0.23955559139081267,0
GSM3998194,8,3.200798906474405,0.10508042456681045,0.23047766880561882,0
GSM3998195,8,3.1293590032697076,0.17610453832270842,0.23918175021488877,0
GSM3998196,8,3.124440229439302,0.09897065655376346,0.2210325869674105,0
GSM3998197,8,3.1647560405376636,0.12021669688277445,0.21826703703444206,0
GSM3998198,8,3.196172855515481,0.10608461612705437,0.2283014823152838,0
GSM3998199,8,3.0964871472537157,0.1512990704906619,0.22690045462539954,0
GSM3998200,8,3.1857389216405076,0.0995241150496064,0.2266958348132281,0
GSM3998201,8,3.105165082957536,0.13809961778624305,0.21421787696868091,0
GSM3998202,8,3.2246319672001813,0.05825936649053825,0.21200105950933912,0
GSM3998203,8,3.2277283693139402,0.10016130527697407,0.22316171231186555,0
GSM3998204,8,3.1833428568129833,0.08231711409653363,0.21736344453328654,0
GSM3998205,8,3.2175893660220214,0.0834920058415387,0.2191979080324085,0
GSM3998206,8,3.224327116217855,0.12333429126126495,0.2182225693584629,0
GSM3998207,8,3.1950947176546483,0.08880720273462983,0.2310280535726559,0
GSM3998208,8,3.258414510540816,0.08927758035317679,0.22541499083301567,0
GSM3998209,8,3.1893427235396548,0.11343474366504626,0.24261473714444245,0
GSM3998210,8,3.1646161303904212,0.07286977837798905,0.21251403325213847,0
GSM3998211,8,3.186741465136032,0.106048551817226,0.22514683117439072,0
GSM3998212,8,3.2350961852703923,0.06436894999925694,0.22065979255708484,0
GSM3998213,8,3.202247699335128,0.09331076922094146,0.22124784976864792,0
GSM3998214,8,3.111148757520971,0.1118949288199267,0.21891700361963984,0
GSM3998215,8,3.2391594801590684,0.10088785654077158,0.23673893922622266,0
GSM3998216,8,3.2668349782480144,0.0684610188041,0.25323053241100973,0
GSM3998217,8,3.2573565278752716,0.06959974045674508,0.24173481716840128,0
GSM3998218,8,3.2280460755012936,0.03422925173611685,0.22252325067696335,1
GSM3998219,8,3.25120792442658,0.05551920816825585,0.24317693550382624,0
GSM3998220,8,3.2429070827929745,0.11271954628666755,0.22576450260819417,0
GSM3998221,8,3.230563564226413,0.07723925570210559,0.24211526670386063,0
GSM3998222,8,3.298068221425204,0.06219784134743649,0.24523460544887674,0
GSM3998223,8,3.2519384572747625,0.01897552291242822,0.2436491370979808,0
GSM3998224,8,3.216212686209857,0.05247849012910696,0.24356756450832887,0
GSM3998225,8,3.1088290212417533,0.05479064277799303,0.2038211873056637,0
GSM3998226,8,3.149868741188421,0.10360806457082433,0.22570716961616302,0
GSM3998227,8,3.184952807170581,0.008475481134656765,0.22455366190651446,0
GSM3998228,8,3.1816260529691767,0.120462102325769,0.24600164890369736,0
GSM3998229,8,3.1825444464875505,0.06541301654081248,0.22413911672337763,0
GSM3998230,8,3.2064015556838483,0.0488032286582149,0.21534515806464422,0
GSM3998231,8,3.2370302730763045,0.07970865885599057,0.23374839064119668,0
GSM3998232,8,3.236766489148115,0.062233900784358115,0.1972884842924991,2
GSM3998233,8,3.1194743258741084,0.07789781504145175,0.21219345222980002,0
GSM3998234,8,3.160738371026066,0.11531882253085388,0.22235523826185663,0
GSM3998235,8,3.205870172736346,0.08239359567803584,0.23948442679161155,0
GSM3998236,8,3.168671308867865,0.09502539166821737,0.22921548269891223,0
GSM3998237,8,3.2185566690540215,0.10310812700058312,0.22498401997680645,0
GSM3998238,8,3.185721265668667,0.055974002588946255,0.22499765226582805,0
GSM3998239,8,3.2160404114132963,0.09803059804574131,0.23723150315349473,0
GSM3998240,8,3.1936764863939464,0.06917364122230195,0.21679333232866635,0
GSM3998241,8,3.176575225717788,0.1041476962978283,0.22227173512656162,0
GSM3998242,8,3.107449271320779,0.020041485926810945,0.21969443256877338,0
GSM3998243,8,3.1791956529016283,0.059011051266230054,0.21891220495357747,0
GSM3998244,8,3.2271353587145937,0.03861495583970943,0.22345479149658354,0
GSM3998245,8,3.170178919876516,0.07899445924048125,0.21910635850255086,0
GSM3998246,8,3.2235651847771596,0.024993226603111842,0.22595773762195667,0
GSM3998247,8,3.2024220535195793,0.12619469322154242,0.23063789939736545,0
GSM3998248,8,3.152271303420365,0.10991166627488107,0.21742208640299882,0
GSM3998249,8,3.2466258505240533,0.06135703669756381,0.23961603159769265,0
GSM3998250,8,3.201967527032289,0.12282214425191448,0.22933229045409464,0
GSM3998251,8,3.154429737127392,0.10273747768890053,0.2365972055808122,0
GSM3998252,8,3.2149679394937363,0.07338662006563076,0.22020963830793752,0
GSM3998253,8,3.1503602475379027,0.08056697508332537,0.22124802344680033,0
GSM3998254,8,3.175937806941719,0.10173427354586324,0.23115370610428337,0
GSM3998255,8,3.268014021998,0.08114346582918391,0.24868988976249023,0
GSM3998256,8,3.211639230271095,0.07762516813629591,0.2132984828434731,0
GSM3998257,8,3.1669490592781155,0.07021954398275498,0.22354897985512473,0
GSM3998258,8,3.1495493823254836,0.05444360796942544,0.23292322036592186,0
GSM3998259,8,3.3005800867854367,0.024807780181067968,0.21524488335710318,1
GSM3998260,8,3.2507965237496244,0.04710962444143571,0.20048601861311757,1
GSM3998261,8,3.2068206141075613,0.11363752025698688,0.23310763998987463,0
GSM3998262,8,3.2333235134610496,0.07326494933375885,0.2440994724014876,0
GSM3998263,8,3.2229744341983007,0.08223478443784545,0.23004378807146636,0
GSM3998264,8,3.1675947976112573,0.12682987878749297,0.23705332741037818,0
GSM3998265,8,3.2320513744187847,0.07642486436915648,0.24707813266394202,0
GSM3998266,8,3.2709109302220316,0.054401835155944295,0.24346421897956905,0
GSM3998267,8,3.2771692701247472,0.07161314926124682,0.2449208908680098,0
GSM3998268,8,3.1908414652501804,0.014985612755039035,0.19162384411116115,0
GSM3998269,8,3.208977065477901,0.08844852648454855,0.24520109588293293,0
GSM3998270,8,3.2010475743083373,0.10697853814664747,0.24373520281662037,0
GSM3998271,8,3.207162547933045,0.10495898290148555,0.227707907595794,0
GSM3998272,8,3.2799446578907814,0.03313360410039016,0.24603111652143755,0
GSM3998273,8,3.237096460163214,0.06166237698284687,0.20552921152766804,0
GSM3998274,8,3.2573941862222444,0.04360317584156501,0.24308126967702884,0
GSM3998275,8,3.199913712952523,0.08541355545776085,0.2305696916014245,0
GSM3998276,8,3.1455168525155193,0.12285884351301146,0.21949176766965686,0
GSM3998277,8,3.203556176207058,0.08478547602972364,0.2186112276068322,0
GSM3998278,8,3.222669665971403,0.033983044328901785,0.2127843743488552,0
GSM3998279,8,3.204354279581374,0.0820734074020051,0.23372479949905198,0
GSM3998280,8,3.1867660940115154,0.07594241122300871,0.19453688154750787,1
GSM3998281,8,3.1527502297832313,0.11456193336770369,0.22772820645017858,0
GSM3998282,8,3.1541999260884865,0.14175257638095598,0.22780187924186623,0
GSM3998283,8,3.2324145908852437,0.10403509088352167,0.22826738008711295,0
GSM3998284,8,3.226970645521512,0.02688312449515598,0.18831671344305217,0
GSM3998285,8,3.126701144377087,0.05597164626542224,0.2043369638622287,0
GSM3998286,8,3.273318957004054,0.05100710449309842,0.24394229574390902,0
GSM3998287,8,3.2195098369442468,0.06423957896629508,0.24689208367064844,0
GSM3998288,8,3.260955131016025,0.08028198707384815,0.24519581851388003,0
GSM3998289,8,3.2332306495722936,0.0494799902820169,0.23588538398836148,0
GSM3998290,8,3.1840695187017714,0.08477569170775327,0.23066468164339884,0
GSM3998291,8,3.1837087119982006,0.09212819639075265,0.23115018410248933,0
GSM3998292,8,3.1832549219555264,0.11891804924456836,0.22923345941474038,0
GSM3998293,8,3.2004011862592314,0.06360190564709732,0.2380520907698398,0
GSM3998294,8,3.2486159321776626,0.06612713714016884,0.25649032118095416,0
GSM3998295,8,3.2438460056669673,0.07401290189161897,0.2377460497221963,0
GSM3998296,8,3.261912241331594,0.0752114261119754,0.23437096422056616,0
GSM3998297,8,3.288464397718677,0.08626068953455805,0.239692117862215,0
GSM3998298,8,3.2025866190981795,0.11236139651916881,0.2354324932368407,0
GSM3998299,8,3.1933491862390717,0.13573186357461056,0.2431550119794706,0
GSM3998300,8,3.20128815640821,0.11426356620519042,0.22827907340303927,0
GSM3998301,8,3.182897862522732,0.09592853524204642,0.24074595567335594,0
GSM3998302,8,3.2538769679415274,0.019414198284782507,0.2122161485238007,0
GSM3998303,8,3.233212208195709,0.037292520594766745,0.2079130046351321,0
GSM3998304,8,3.2580982358382027,0.048913101308938195,0.210400445889356,0
GSM3998305,8,3.2293268846042023,0.08556378020171658,0.23041879068976895,0
GSM3998306,8,3.224872601756808,0.10819197927545338,0.2357737112738931,0
GSM3998307,8,3.258121465072221,0.0584935159635026,0.22056129464937646,0
GSM3998308,8,3.1884916165475636,0.1304164802130257,0.21754120339017324,0
GSM3998309,8,3.1890600137781795,0.10871639144609727,0.2277225140272517,0
GSM3998310,8,3.2083036202475705,0.0881919204544892,0.2315780245808136,0
GSM3998311,8,3.2384615550576705,0.096232586087762,0.23884844921869977,0
GSM3998312,8,3.2015204301716804,0.08893337060116338,0.20694337560543752,0
GSM3998313,8,3.15806426791115,0.13184718296473413,0.2236469553478501,0
GSM3998314,8,3.1823053119967972,0.13592201588725092,0.2293670214967288,0
GSM3998315,8,3.210475770569378,0.13504789328704905,0.23491248443602616,0
GSM3998316,8,3.1792090603771235,0.15112088223593795,0.23021407435295033,0
GSM3998317,8,3.191648410965722,0.13075824100548006,0.22716323833013602,0
GSM3998318,8,3.208576535778149,0.10553971645689321,0.22863614883148944,0
GSM3998319,8,3.2390681163427044,0.07979623167719524,0.2224107874806559,0
GSM3998320,8,3.235135993485842,0.08730929814175532,0.21502270885230124,0
GSM3998321,8,3.204989135282186,0.09751192264191426,0.23046075980978575,0
GSM3998322,8,3.1882162309703954,0.12606608886263768,0.23428948131197352,0
GSM3998323,8,3.239339783378996,0.0826119920030745,0.2310169549545884,0
GSM3998324,8,3.1447208409307503,0.12312150327327881,0.2254261857052725,0
GSM3998325,8,3.2780809680359626,0.07765536152139568,0.2351665644279161,0
GSM3998326,8,3.219621030907987,0.12914778575410357,0.22419043927823545,0
GSM3998327,8,3.1072196433382278,0.10175804891383543,0.22136167991994174,0
GSM3998328,8,3.1826058748405357,0.09249525284298128,0.24334256766911266,0
GSM3998329,8,3.19160230769043,0.07465606389595689,0.23167082630549551,0
GSM3998330,8,3.2713681199508353,0.058605638778190965,0.2601289545844218,0
GSM3998331,8,3.206938168257121,0.09151150843771881,0.23633611755667627,0
GSM3998332,8,3.074644493357022,0.09929142148717617,0.21827476023036774,0
GSM3998333,8,3.1295344093207103,0.1298156921868009,0.21463927736136976,0
GSM3998334,8,3.1465340876342194,0.10931435281304884,0.23664728638084492,0
GSM3998335,8,3.1609806454623013,0.08078671028476898,0.2392539560278772,0
GSM3998336,8,3.197994042039272,0.12296940339757152,0.23643116637206985,0
GSM3998337,8,3.202192621179063,0.11282351888780384,0.2433688564616267,0
GSM3998338,8,3.1927436513887266,0.06314252013366006,0.2162827109467274,0
GSM3998339,8,3.2249494141064114,0.06658494248107537,0.22034523562556113,0
GSM3998340,8,3.2547727816898324,0.03529916269239003,0.20789121240774655,0
GSM3998341,8,3.2121290904965902,0.08988839860453916,0.22272314785514954,0
GSM3998342,8,3.191152869221103,0.06302342867010029,0.22607218990671807,0
GSM3998343,8,3.1998780789665826,0.009824606834798551,0.22131606561296538,0
GSM3998344,8,3.224026820109042,0.015012344394496713,0.21540510139035232,0
GSM3998345,8,3.219890296228394,0.014371938685365822,0.220530690311701,0
GSM3998346,8,3.182835433759601,0.03700048039312884,0.22349808100158444,0
GSM3998347,8,3.1865537506946238,0.0325496664454384,0.20118225249785443,0
GSM3998348,8,3.215894038217336,-0.022941553267066386,0.20869543323285625,0
GSM3998349,8,3.234107049527601,-0.0014071897171726668,0.2284500971541511,0
GSM3998350,8,3.170829624236514,0.03181707998383359,0.2088670117364233,0
GSM3998351,8,3.1941511609124085,0.00045119018633258176,0.2064964946553038,0
GSM3998352,8,3.1736172627912285,0.04607249046349294,0.2172245338820058,0
GSM3998353,8,3.254902503425221,-0.0026602269215514987,0.20474834914229587,0
GSM3998354,8,3.174659351872501,0.036461176728706884,0.2001487007374591,0
GSM3998355,8,3.1563998656903154,0.06694383483116857,0.21696655993849387,0
GSM3998356,8,3.181981440408785,0.020496700784453696,0.20347309192705218,0
GSM3998357,8,3.183630331565999,0.029533402947257415,0.21526242894014083,0
GSM3998358,8,3.175085752702051,0.07140755571410244,0.21603450916051453,0
GSM3998359,8,3.112433020151289,0.020770223203323973,0.21707123089274227,0
GSM3998360,8,3.160853468449196,0.050901731465628666,0.19250730079872022,0
GSM3998361,8,3.2959502439514554,0.00953076733847099,0.20551115854904248,0
GSM3998362,8,3.113535257004216,0.05586004159274625,0.20254798069978064,0
GSM3998363,8,3.214373562123784,0.010880900061929573,0.21749732571750457,0
GSM3998364,8,3.2191897986156754,0.0071563383729832215,0.21640952939212726,0
GSM3998365,8,3.145921978754064,0.040093692245577496,0.22137647209684086,0
GSM3998366,8,3.2283649948274507,0.01660893777433932,0.2129228769931301,0
GSM3998367,8,3.158916367268668,0.036587180837805024,0.19940294550112012,0
GSM3998368,8,3.223664930992808,-0.003995789289297016,0.21513937493756702,0
GSM3998369,8,3.2257230868337827,0.03639978984682719,0.19325408509686873,0
GSM3998370,8,3.1144125419151742,0.10650038510454547,0.20171629548924994,0
GSM3998371,8,3.093069849396187,0.14183161231614258,0.2204192380021013,0
GSM3998372,8,3.1723782898582487,0.08080759939724458,0.2324303023478889,0
GSM3998373,8,3.1997077457701044,0.032983705616669294,0.21073942742726126,0
GSM3998374,8,3.1282772506589116,0.10839700561938224,0.2085954128177374,0
GSM3998375,8,3.1787016822474,0.0862128136174218,0.21795805314079036,0
GSM3998376,8,3.0857504330962504,0.13781448362149093,0.22226335415898466,0
GSM3998377,8,3.1784968900540678,0.06736805215419917,0.2396827064463161,0
GSM3998378,8,3.058676399030392,0.1349026160429577,0.20967501737998948,0
GSM3998379,8,3.1493520997492865,0.06676308506970773,0.22347928958863417,0
GSM3998380,8,3.1737449029300486,0.07277518009275433,0.23396270993947202,0
GSM3998381,8,3.128080201636689,0.05783683130097915,0.21901371400103303,0
GSM3998382,8,3.0694325374468705,0.07583625832554328,0.21452238428709616,0
GSM4957321,8,3.2332124096489756,0.05989194532665198,0.23995056065761017,0
GSM4957322,8,3.219658777044118,0.05894136149690526,0.24062971436138017,0
GSM4957323,8,3.144490481346538,0.14583798673646092,0.24268628404288417,0
GSM4957324,8,3.099672919266508,0.13207037377930406,0.22732891996465818,0
GSM4957325,8,3.272135784460774,0.025751232943735016,0.2454652367647329,0
GSM4957326,8,3.189279128329039,0.14116046078868721,0.2385949551055939,0
GSM4957327,8,3.1839417445668823,0.11310986984186744,0.24162501488210186,0
GSM4957328,8,3.164576785153956,0.08178303844809902,0.23185069369591227,0
GSM4957329,8,3.20021085943581,0.10378996711246981,0.2266192838704734,0
GSM4957330,8,3.251253080902641,0.16093034237574588,0.25041499788422167,0
GSM4957331,8,3.198592094365858,0.11789020060679613,0.24511786583635714,0
GSM4957332,8,3.1657329667549052,0.10695643522091176,0.22671528078739764,0
GSM4957333,8,3.189366892462999,0.07222559054572404,0.22823717176533695,0
GSM4957334,8,3.2036483841214523,0.07528814213643681,0.2409587841705049,0
GSM4957335,8,3.2520278176381168,0.07832598207801772,0.21416216648691228,0
GSM4957336,8,3.252166665842376,0.0914064826343857,0.227655053066227,0
GSM4957337,8,3.121791557422506,0.15631507503541603,0.20046207948618078,0
GSM4957338,8,3.177784967851798,0.061034180531551865,0.22634409671934122,0
GSM4957339,8,3.260929134828253,0.08843834429092041,0.23408254481945118,0
GSM4957340,8,3.1661448268164074,0.10275051861427272,0.1983240241019287,0
GSM4957341,8,3.2899398423624566,0.08872240914233256,0.22277205975002215,0
GSM4957342,8,3.2889732214465237,0.09202263752839344,0.2129732702640171,0
GSM4957343,8,3.2273679964302366,0.07770088355822286,0.22933579789116748,0
GSM4957344,8,3.1532544478732896,0.11044120250378553,0.22508489733049908,0
GSM4957345,8,3.1303814163793198,0.11871255581114892,0.2386448550383492,0
GSM4957346,8,3.1623533399724915,0.10187244764025359,0.22087944929931316,0
GSM4957347,8,3.194322050047576,0.10811873299526478,0.23495779313166196,0
GSM4957348,8,3.1381143112985583,0.0950006449232096,0.22030463292079003,0
GSM4957349,8,3.0635093437746033,0.0518478706651646,0.20655960645459542,0
GSM4957350,8,3.164093677999038,0.11200558412290378,0.22831881649591082,0
GSM4957351,8,3.1829462385434137,0.11333403124754021,0.23953778745472837,0
GSM4957352,8,3.2049215898274186,0.09903772398532706,0.24191877645039642,0
GSM4957353,8,3.1181043333433314,0.07834875150425191,0.22410179765987423,0
GSM4957354,8,3.1240410118767765,0.0520547532745742,0.20092141287768006,0
GSM4957355,8,3.126484997664223,0.09045100995330167,0.22986303172110162,0
GSM4957356,8,3.152650147462998,0.05767553618608624,0.22132776247091196,0
GSM4957357,8,3.17891285862265,0.09150767166686731,0.23239798817368706,0
GSM4957358,8,3.235996452284266,0.0552138256906138,0.22750242586235705,0
GSM4957359,8,3.18415808910454,0.02011781150923448,0.22176538896248685,0
GSM4957360,8,3.2960492694875447,0.04012630663794285,0.23310932830999737,0
GSM4957361,8,3.16708389226575,0.09498142298960152,0.24031374281460013,0
GSM4957362,8,3.161672762414003,0.11592557027273284,0.23325626730816582,0
GSM4957363,8,3.2029034710056967,0.07998702029342615,0.2200439793400248,0
GSM4957364,8,3.2179290205971953,0.08291699052244031,0.23402380061805494,0
GSM4957365,8,3.200887168565338,0.08623224180445009,0.20121626192883296,0
GSM4957366,8,3.1259514155219943,0.09665285724754057,0.18639236299844592,0
GSM4957367,8,3.223422919482276,0.048702977353462365,0.21435047531103973,0
GSM4957368,8,3.2006238315538083,0.04440913512455347,0.21437302499193653,0
GSM4957369,8,3.2228601950705302,0.04620731389304057,0.21490429625124768,0
GSM4957370,8,3.178341322033178,0.052794789851668376,0.20539777571868187,0
GSM4957371,8,3.2344930315459344,0.10912002574035173,0.2497436108432454,0
GSM4957372,8,3.253516662562223,0.021567663797082404,0.2216538967992175,0
GSM4957373,8,3.2057309259049305,0.016973552394947362,0.2082433922648109,0
GSM4957374,8,3.2090968462976748,0.06031849127119512,0.2215035731903236,0
GSM4957375,8,3.2061252994556293,0.030402768920313572,0.2005999839871801,0
GSM4957376,8,3.1874105192278694,0.07315360907798399,0.2130258854707553,0
GSM4957377,8,3.243873878864853,0.09379097431335928,0.19668996034221367,0
GSM4957378,8,3.212844349346601,0.012570450739775184,0.20954480689001184,0
GSM4957379,8,3.2199775563636197,0.030167980800250672,0.21695576314598258,0
GSM4957380,8,3.2576878098752093,0.010921933782626436,0.2149683668301166,0
GSM4957381,8,3.212032421220504,0.0751589966746089,0.23748094705820655,0
GSM4957382,8,3.2122846695511207,0.07512704845873239,0.199809475478256,0
GSM4957383,8,3.1889351586939063,0.02752656564831958,0.2237554996058555,0
GSM4957384,8,3.201762695681671,0.07030714813769806,0.22266338166005228,0
GSM4957385,8,3.1516554096803215,0.08756271966662238,0.225165100260486,0
GSM4957386,8,3.2723268214727717,0.05210580993965183,0.24311152672716302,0
GSM4957387,8,3.2213840973566032,0.12726063222124917,0.22575759161272688,0
GSM4957388,8,3.076288116524463,0.1354825198944342,0.23022915941358377,0
GSM4957389,8,3.155424631273412,0.116974873117022,0.2528310622217016,0
GSM4957390,8,3.146464627868442,0.09882940305369924,0.22021287576953294,0
GSM4957391,8,3.2349773575420113,0.12366711941264275,0.2426949051488674,0
GSM4957392,8,3.201171946209686,0.09269907531872955,0.2354444325574461,0
GSM4957393,8,3.1554686485019996,0.11785805224169586,0.2304100585177258,0
GSM4957394,8,3.2415663839153344,0.06295584261212651,0.2392048816878778,0
GSM4957395,8,3.2071881251347647,0.06774051673846425,0.2084203520730843,0
GSM4957396,8,3.1765412501526886,0.04369465096991224,0.2253644007923622,0
GSM4957397,8,3.208643345644565,0.0009277186981495674,0.20811596967772966,0
GSM4957398,8,3.225602082041715,0.10588670325679252,0.24144693875419407,0
GSM4957399,8,3.2022215726424066,0.05739777083833856,0.22763257232685952,0
GSM4957400,8,3.14998713028793,0.0965949907705408,0.22611820103845426,0
GSM4957401,8,3.077293184937209,0.13235652978928608,0.2208672291216775,0
GSM4957402,8,3.24175876400976,-0.005505017655319827,0.22897639316926605,0
GSM4957403,8,3.205844805594954,0.08161326051033989,0.2217447147825636,0
GSM4957404,8,3.260760505698209,0.09207462533663517,0.2358485412472614,0
GSM4957405,8,3.206473634210877,0.0981844126709749,0.2464593273677287,0
GSM4957406,8,3.171459235608761,0.11623371946118394,0.25053875047999774,0
GSM4957407,8,3.128653546089156,0.10900562807777985,0.21523007032865865,0
GSM4957408,8,3.1617590304912717,0.1106142491386611,0.23459514126663494,0
GSM4957409,8,3.3256129246469315,0.03274695405840656,0.22654454372737023,0
GSM4957410,8,3.2406021499856457,0.09129541982060918,0.21585461265355158,0
GSM4957411,8,3.252349425016134,0.08018994937727246,0.2306564556497983,0
GSM4957412,8,3.242930438726423,0.10221196635555022,0.2291474029595824,0
GSM4957413,8,3.2766602074142632,0.09160325171050301,0.24195719233966795,0
GSM4957414,8,3.207070882397051,0.1196613739567935,0.2489256589315246,0
GSM4957415,8,3.155488338868275,0.05754831257432314,0.23084848089516757,0
GSM4957416,8,3.2252544532787186,0.03771925957974589,0.23946818887385182,0
GSM4957417,8,3.2444124124525797,0.07404630704086124,0.2343343354525857,0
GSM4957418,8,3.2465430146725818,0.07691415111859252,0.22703549153476593,0
GSM4957419,8,3.2224011566857005,0.11763912110053551,0.23799070447077142,0
GSM4957420,8,3.1993976073587183,0.11934949000860016,0.22725349770248005,0
GSM4957421,8,3.2032676815459307,0.11540185990042981,0.22231062014890776,0
GSM4957422,8,3.243946720476414,0.03892580049431409,0.21515608377295614,0
GSM4957423,8,3.2683474012510776,0.0871801326882139,0.22211788490218032,0
GSM4957424,8,3.218926961204821,0.033248725288440986,0.21850612842585765,0
GSM4957425,8,3.252711099499565,0.0643731602734132,0.24940606272640192,0
GSM4957426,8,3.1690308637323166,0.09430194802212954,0.24236109938021763,0
GSM4957427,8,3.239973742595708,0.08999955940481626,0.23216036786480365,0
GSM4957428,8,3.1787036807362536,0.10370418364786405,0.2386860213692976,0
GSM4957429,8,3.2578690368514795,0.08132678274768733,0.2470337306970576,0
GSM4957430,8,3.262311819770232,0.05969575712365534,0.24874212402500367,0
GSM4957431,8,3.2137437033899228,0.10857235980115311,0.26012381856932376,0
GSM4957432,8,3.2279806632643613,0.08386968718996592,0.24556672560281564,0
GSM4957433,8,3.1727440908594375,0.11203014859817732,0.2142172084502839,0
GSM4957434,8,3.2760519334434974,0.0767747164387916,0.23015052091232815,0
GSM4957435,8,3.189439966629425,0.12919282167622367,0.2368124699597325,0
GSM4957436,8,3.237142213457065,0.07116704420671853,0.23183843047231595,0
GSM4957437,8,3.288300378952957,0.08316101582373271,0.25032419559068053,0
GSM4957438,8,3.275534266640565,0.08613387817305972,0.24378577316686692,0
GSM4957439,8,3.2928069875623502,0.05212554114210585,0.23752406601152934,0
GSM4957440,8,3.176074265921257,0.07745078864811003,0.23265239767466153,0
GSM4957441,8,3.2823065386219703,0.11349186519069414,0.2311762690438928,0
GSM4957442,8,3.2445043417594084,0.03618427707054188,0.21581384229343317,0
GSM4957443,8,3.213849208184785,0.08051482256281453,0.22423405801072827,0
GSM4957444,8,3.262999610246194,0.08191943848453687,0.2573541013603267,0
GSM4957445,8,3.1396557787313584,0.0886625716826135,0.24166922090896442,0
GSM4957446,8,3.2028634313563344,0.1118903770047745,0.23863722826381512,0
GSM4957447,8,3.2371377390601284,0.07950574928820324,0.23147009877729585,0
GSM4957448,8,3.1306861003592776,0.08642102590119063,0.22216736984973165,0
GSM4957449,8,3.2675497465791894,0.08859696887696547,0.23833263611573505,0
GSM4957450,8,3.2010028989964128,0.10694419414769603,0.23398825297054368,0
GSM4957451,8,3.174343851761154,0.11790868549060486,0.22748167296884408,0
GSM4957452,8,3.1910180021004835,0.07313036982628023,0.22867568443858718,0
GSM4957453,8,3.276585360233927,0.1044565818803116,0.2581852355559246,0
GSM4957454,8,3.0529335327481246,0.19370242726216852,0.23082182810451204,0
GSM4957455,8,3.2228687957339224,0.06912497561254691,0.21820858396462897,0
GSM4957456,8,3.132033144613301,0.10288821290640768,0.22423949714688354,0
GSM4957457,8,3.20359614635876,0.10156219976273638,0.2385186062914714,0
GSM4957458,8,3.1843972026867537,0.0638648878248595,0.21908837436594603,0
GSM4957459,8,3.268534298674905,0.0946306464454963,0.2412041905787923,0
GSM4957460,8,3.1575329761886577,0.10138874605720168,0.2389706035797021,0
GSM4957461,8,3.1422551988770158,0.09443762585951644,0.21194143047138989,0
GSM4957462,8,3.1893538046793033,0.10740860777134048,0.2529397684299824,0
GSM4957463,8,3.3077342164135173,0.1356912692855373,0.22294832057937375,0
GSM3758005,9,3.1641419260603194,0.15751407858251693,0.18525885271788894,0
GSM3758006,9,3.1859752456924917,0.17664366004781426,0.18242917803542372,2
GSM3758007,9,3.173319129542069,0.15451932419276532,0.18382709097655084,2
GSM3758008,9,3.146659031828994,0.19366011967934027,0.19328768705420687,0
GSM3758009,9,3.0911740054961117,0.1952671475185884,0.1825342420244332,2
GSM3758010,9,3.2237395184931454,0.15376744448695842,0.1832857715370898,2
GSM3758011,9,3.145543858488315,0.17907346607731658,0.19058425394825734,2
GSM3758012,9,3.210853126347046,0.15050612129597393,0.18909878176879633,1
GSM3758013,9,3.177800861938583,0.17479419311085204,0.18917368884845678,2
GSM3758014,9,3.2128380654786066,0.2230116292539551,0.18765466035572978,2
GSM3758015,9,3.1607891007544904,0.19223911547885544,0.19198836810075656,1
GSM3758016,9,3.162146904651686,0.1882541051014847,0.1911018035716287,1
GSM3758017,9,3.22858453467273,0.16202763644458454,0.19241801280181245,1
GSM3758018,9,3.1419512925575934,0.1915571300086537,0.1967049956379847,1
GSM3758019,9,3.190979921271172,0.17801725122279052,0.19941832027568349,1
GSM3758020,9,3.216837401691079,0.1760395840702949,0.1948155593669403,1
GSM3758021,9,3.1172173534749827,0.21581675331907227,0.19275780489326882,0
GSM3758022,9,3.207427440774679,0.16264606542012375,0.1921089189745815,1
GSM3758023,9,3.228699809503554,0.15236189938501365,0.19022358242843243,1
GSM3758024,9,3.1885041773886305,0.19057597456092282,0.1873843629476598,1
GSM3758025,9,3.200339961895465,0.17000199947744554,0.18897341222538708,2
GSM3758026,9,3.1724169486633387,0.1806024918469186,0.1933549893022973,0
GSM3758027,9,3.188307724691925,0.16147331314738636,0.18851274180736977,2
GSM3758028,9,3.169226337055844,0.17275167516750423,0.19641542115323443,2
GSM3758029,9,3.1282111815429525,0.20056787940258824,0.19878884899861715,1
GSM3758030,9,3.1815590293446094,0.17227406981072976,0.18997489845315838,1
GSM3758031,9,3.1729958619010548,0.1842771967118813,0.1871007386823427,2
GSM3758032,9,3.175858510368573,0.17189352326966026,0.19104614089686045,0
GSM3758033,9,3.111330355012174,0.2010983671062891,0.1913975313304044,2
GSM3758034,9,3.163382032138858,0.1769073139622754,0.1847615911452501,2
GSM3758035,9,3.1702901174908975,0.20735271336138525,0.19537074595019735,2
GSM3758036,9,3.214989983901296,0.17107688874403107,0.18750672680319777,1
GSM3758037,9,3.2064929118119645,0.18243313151318655,0.1922503283055618,1
GSM3758038,9,3.205027036513924,0.14580732888494746,0.19406543302404536,1
GSM3758039,9,3.144237116074753,0.19683266582966086,0.192237988025657,2
GSM3758040,9,3.1781964037261274,0.19007707121601142,0.1939440401094148,1
GSM3758041,9,3.214222307997249,0.15935046970184327,0.19522356259275495,1
GSM3758042,9,3.1970272857449022,0.1797878878226773,0.19454979909358777,1
GSM3758043,9,3.2066044491264,0.19411398011516776,0.18657110430192525,1
GSM3758044,9,3.2006122079550265,0.17603212025598577,0.1973566631167492,1
GSM3758045,9,3.1378840861071544,0.21253907788332244,0.19669088733497225,1
GSM3758046,9,3.190110938224862,0.16524528603197405,0.19123417357266195,2
GSM3758047,9,3.0976692047970733,0.20832624599607555,0.20096569179690768,1
GSM3758048,9,3.175370952175744,0.16390540622461156,0.19257043491873801,1
GSM3758049,9,3.176580891563977,0.11797179482882009,0.19911061836798505,0
GSM3758050,9,3.1740517266741004,0.18819136473572515,0.19250385988970597,1
GSM3758051,9,3.2466246946229456,0.16739457951270703,0.19299203650120128,3
GSM3758052,9,3.1793153923976654,0.1934509878575834,0.18642531687348055,2
GSM3758053,9,3.1754753016150303,0.2126043712074833,0.1906158293507329,0
GSM3758054,9,3.1894416099356286,0.176252597841754,0.20393264015843166,0
GSM3758055,9,3.1849309720038685,0.1786408606039242,0.18509025606407237,2
GSM3758056,9,3.1721752904823672,0.1967391968935788,0.18628231875214185,2
GSM3758057,9,3.1667767175230175,0.21526154508879639,0.18771328303124238,2
GSM3758058,9,3.1287977221114396,0.20513181488232773,0.18842849872702905,2
GSM3758059,9,3.240712218132001,0.15856980123997275,0.18824410368419087,1
GSM3758060,9,3.182656800446092,0.18424938395886362,0.19494953559307596,2
GSM3758061,9,3.1540803526474033,0.21572617152234147,0.19435922614831794,1
GSM3758062,9,3.188839757063601,0.19214808437929243,0.1947059396509001,1
GSM3758063,9,3.168503796900461,0.1892771528174683,0.19390249816085667,1
GSM3758064,9,3.1938854343561385,0.18175172875681783,0.19641310915215593,1
GSM3758065,9,3.142569457788113,0.22718588525048541,0.19773376410634932,1
GSM3758066,9,3.2208961050057314,0.1602199038319571,0.1938170196225375,1
GSM3758067,9,3.2187552193999496,0.19547945959210902,0.19689178251426215,1
GSM3758068,9,3.1767190682008835,0.15900766685055706,0.1957488131647014,0
GSM3758069,9,3.180036228710199,0.16544642658287037,0.1903453797967859,0
GSM3758070,9,3.188868070147393,0.18357365422853042,0.19328179574683974,3
GSM3758071,9,3.234478743508075,0.15217572670323312,0.19370340829988317,0
GSM3758072,9,3.1700285496053775,0.18517881974087,0.18813593924876795,1
GSM3758073,9,3.191196305863141,0.19217734305340473,0.1833246751445308,2
GSM3758074,9,3.1891110712635324,0.18248980855159838,0.18092341537620021,1
GSM3758075,9,3.2545905584553365,0.18331770328039648,0.19357561673564527,0
GSM3758076,9,3.2407023277889317,0.1905113986043588,0.18263797215158928,2
GSM3758077,9,3.1905682438084204,0.1936375777131379,0.18263587866600448,2
GSM3758078,9,3.1988844053451335,0.18757826733469365,0.18968560204229132,0
GSM3758079,9,3.17568843608918,0.17140595012027385,0.1887038443456586,0
GSM3758080,9,3.154969378252208,0.2129048315916687,0.19475874953244798,2
GSM3758081,9,3.2148976788667496,0.19465421344727182,0.1892644980758712,1
GSM3758082,9,3.159053042526086,0.21919114440682755,0.18499209796761348,2
GSM3998167,9,3.154978939798234,0.23523211878694936,0.18946141639759198,1
GSM3998168,9,3.112487552406481,0.21426147444373614,0.19237560059761852,0
GSM3998169,9,3.1312292731058933,0.22870939465396536,0.19433653022874564,1
GSM3998170,9,3.150778102954993,0.20851077215206076,0.19432217092682494,1
GSM3998171,9,3.166074812031563,0.21006241316128466,0.19094558888944227,2
GSM3998172,9,3.2249492682130745,0.14681526914577492,0.19175889201221796,2
GSM3998173,9,3.15612232669636,0.20721314260898227,0.18912933731345505,1
GSM3998174,9,3.2285127879951614,0.14304609646183192,0.19678233637291603,2
GSM3998175,9,3.268332665464436,0.13476579558937488,0.18762048000125753,2
GSM3998176,9,3.2860559180024294,0.14531660460595883,0.19087303822890409,1
GSM3998177,9,3.226522580051001,0.20052593594523538,0.1963426236063122,3
GSM3998178,9,3.2438330853780712,0.14760567534674615,0.1985097093550338,2
GSM3998179,9,3.208818283534732,0.14002772984620285,0.2003951056720852,1
GSM3998180,9,3.235714883421562,0.16719244845094897,0.18577777342756266,3
GSM3998181,9,3.2093882887613456,0.19474212644238545,0.191168806447428,3
GSM3998182,9,3.2539338857087134,0.16017836572848101,0.20491078890445896,1
GSM3998183,9,3.233947318964634,0.1789465454462608,0.19386828367235764,3
GSM3998184,9,3.171416133190518,0.2265160394454738,0.2014189818476888,1
GSM3998185,9,3.2093886929664492,0.16841881403089995,0.1969454155598992,1
GSM3998186,9,3.285944379887655,0.17947692992229777,0.18801693807730233,3
GSM3998187,9,3.25048249578794,0.1735608610945391,0.19054939303609505,2
GSM3998188,9,3.2213508073227555,0.12793211394443607,0.19601737924544912,2
GSM3998189,9,3.176771398993561,0.18442514356973505,0.2021428803591534,1
GSM3998190,9,3.2390939691389953,0.14858790397710583,0.19733442733065718,2
GSM3998191,9,3.1250989331840606,0.22788223638329982,0.20122522083543345,2
GSM3998192,9,3.1585809721439766,0.18562749416603408,0.1913313267996256,2
GSM3998193,9,3.1863604158034593,0.19732704309394467,0.1971368294617155,1
GSM3998194,9,3.231203008374457,0.1889718408420093,0.1949860611157877,3
GSM3998195,9,3.1236397536869616,0.22777831168468268,0.1918276423328483,0
GSM3998196,9,3.134825525352716,0.18057453593772319,0.20273697368105445,0
GSM3998197,9,3.190348636703792,0.18967122511816742,0.19077518725815612,2
GSM3998198,9,3.1990802545330963,0.17453980822272006,0.19307150460363712,1
GSM3998199,9,3.110683891793632,0.21321636551073117,0.19004558336891209,0
GSM3998200,9,3.1980304517596423,0.18736093642189014,0.19070114823311424,1
GSM3998201,9,3.1076940380582116,0.19974456823277745,0.19171393912422263,1
GSM3998202,9,3.178061402234624,0.18613176941424434,0.19207788801809994,0
GSM3998203,9,3.158701855453476,0.23090836194136286,0.19367864934387086,0
GSM3998204,9,3.174319667673411,0.1833476910394975,0.18752544413307054,1
GSM3998205,9,3.2040550236277845,0.2094813763794066,0.18608216972190345,2
GSM3998206,9,3.1922155753768546,0.2309598523792272,0.19942442355511653,1
GSM3998207,9,3.115084109242242,0.2621325555608632,0.19904096944499003,1
GSM3998208,9,3.1756622120332003,0.2553597303979607,0.2006897396365089,1
GSM3998209,9,3.1541382411766024,0.2476917027409986,0.20563930341592027,2
GSM3998210,9,3.163530108334216,0.1587223575642841,0.19121927194921914,0
GSM3998211,9,3.158827122345443,0.2052604395214719,0.18930664752902576,1
GSM3998212,9,3.168112834244481,0.2600993719547796,0.20420065255425765,1
GSM3998213,9,3.2860301358435358,0.09197460131264364,0.1906402628085836,2
GSM3998214,9,3.092102469412433,0.24009035187295746,0.19558693812829925,2
GSM3998215,9,3.1995431637601257,0.22363415017463106,0.1929568132991112,1
GSM3998216,9,3.1560655593833102,0.28821197748502575,0.19713480335411016,1
GSM3998217,9,3.0889664393234177,0.33252985409727975,0.2096427729114283,2
GSM3998218,9,3.0704109386865404,0.2720981523157583,0.21154006452152463,0
GSM3998219,9,3.2675208222144816,0.14259275925857695,0.1943372153732658,3
GSM3998220,9,3.139501809658529,0.3064604565238116,0.2125464367998078,1
GSM3998221,9,3.0561690898497775,0.3778323512907581,0.20933325006391573,2
GSM3998222,9,3.18569277781464,0.28732105357048976,0.20721815860917497,0
GSM3998223,9,3.088005106873117,0.30900981646954107,0.21298936825891931,2
GSM3998224,9,3.1154791400337105,0.2471484765787812,0.2060242125245823,2
GSM3998225,9,3.1085148894415986,0.1479286059036101,0.19580617441043893,0
GSM3998226,9,3.201593347706253,0.12315504954884234,0.19175992358683877,1
GSM3998227,9,3.1681019236070553,0.09195743940851052,0.19565188358228328,0
GSM3998228,9,3.2404079179010177,0.1420715028326734,0.18493623787189592,2
GSM3998229,9,3.201972636200541,0.1410542290941856,0.18852293184519361,0
GSM3998230,9,3.172715531055262,0.16819544663056252,0.18834604665005727,2
GSM3998231,9,3.242547163144272,0.14361516689958306,0.1928768410783993,3
GSM3998232,9,3.2281065570458476,0.15302710448463,0.20821087291358245,0
GSM3998233,9,3.093823933718123,0.20194755257226313,0.19145283857074719,0
GSM3998234,9,3.217735723945558,0.1609001289680952,0.18584682839765884,3
GSM3998235,9,3.2302385915476197,0.13212417920707867,0.20005528856360644,1
GSM3998236,9,3.2101630596216912,0.14636600148495807,0.19192158809090265,1
GSM3998237,9,3.2649969474592635,0.12068641735286798,0.18664392842853392,1
GSM3998238,9,3.180895976403108,0.14985911152967715,0.19760591347572065,0
GSM3998239,9,3.2271514065285434,0.1540855873547143,0.196716401387272,1
GSM3998240,9,3.18410546373038,0.15808409026969877,0.18871804708903422,2
GSM3998241,9,3.1942141289859243,0.17606947783874582,0.19774403355854175,2
GSM3998242,9,3.0856413597145984,0.16183996810471274,0.2004943067278453,0
GSM3998243,9,3.2073955783445673,0.14017365167461515,0.1853855116523887,0
GSM3998244,9,3.252446942427201,0.12895780260342551,0.18537444431927852,2
GSM3998245,9,3.1837873586820225,0.16937188927988894,0.1924180248267021,0
GSM3998246,9,3.2219371209495598,0.13871379171143255,0.18907666268205628,1
GSM3998247,9,3.235451348753192,0.15214127426375362,0.1960592290774239,0
GSM3998248,9,3.168911474568057,0.17979602503746508,0.19332273717694354,1
GSM3998249,9,3.2085961501998628,0.22757564354018328,0.1899174169485402,3
GSM3998250,9,3.2503803080901066,0.1613642221749112,0.1890871199548562,1
GSM3998251,9,3.1093132092481084,0.2324340844423198,0.1815142668254712,1
GSM3998252,9,3.211368520492384,0.17156047885339842,0.18852930663997222,1
GSM3998253,9,3.1574260465539514,0.15371956359632466,0.18693680050250985,1
GSM3998254,9,3.1294869151555598,0.23623180623344936,0.20327699386459833,2
GSM3998255,9,3.215415966862907,0.22339928642962156,0.19394951906026514,3
GSM3998256,9,3.213326078662923,0.18824746538789844,0.18687276873174222,1
GSM3998257,9,3.1462946657666255,0.20624852426830703,0.19061972995507648,1
GSM3998258,9,3.1201022384307464,0.19079762184529572,0.19661782707050535,1
GSM3998259,9,3.215595543444998,0.1442265683232243,0.2021891285923036,0
GSM3998260,9,3.2105751442622457,0.1758113957959364,0.2058733357661284,1
GSM3998261,9,3.228896657078071,0.19650304523303253,0.18975048845175002,3
GSM3998262,9,3.2533066905071335,0.1301744642656976,0.19661918356159994,1
GSM3998263,9,3.2257705055803387,0.183535607431862,0.19111341074539376,2
GSM3998264,9,3.2139100339312345,0.16218732621965454,0.18679222653144892,1
GSM3998265,9,3.2320007996530262,0.1750610775434652,0.1918651566189916,2
GSM3998266,9,3.278959854406305,0.12776181619818713,0.1912405607759492,2
GSM3998267,9,3.277279880222048,0.14913985411721295,0.19488555347959743,2
GSM3998268,9,3.084357594951509,0.1893118823448147,0.1798339471719915,0
GSM3998269,9,3.2222258863594195,0.17588993875512735,0.19068064773729915,1
GSM3998270,9,3.243635002685577,0.168420375277953,0.19045770423504646,3
GSM3998271,9,3.248595872564871,0.13117478758654796,0.19196876458627646,2
GSM3998272,9,3.2554834230689544,0.1392477155759005,0.18796272353030236,1
GSM3998273,9,3.295766920248312,0.07487150863446952,0.19225508209617534,0
GSM3998274,9,3.252163282526459,0.14822365207381538,0.1962335026307505,0
GSM3998275,9,3.2001062498637243,0.15176890506953156,0.1973040842021416,1
GSM3998276,9,3.2079674290590163,0.12531571882153317,0.18207917422400244,1
GSM3998277,9,3.2209736212706264,0.1809826074287934,0.19811348339319473,0
GSM3998278,9,3.2014853387872444,0.14296415161887932,0.18543855860484473,0
GSM3998279,9,3.2336865752486763,0.1392927837053516,0.18174167856526385,1
GSM3998280,9,3.1767575113664597,0.14096772236236288,0.21553674062121728,0
GSM3998281,9,3.169905411868868,0.17051042853122333,0.1852237014635125,1
GSM3998282,9,3.23367356183619,0.1439699184857706,0.18680400899082075,2
GSM3998283,9,3.212639535655515,0.19402743024142047,0.19092605505945023,3
GSM3998284,9,3.1862880844535626,0.14215667302462798,0.19288369929122215,1
GSM3998285,9,3.1197229267045143,0.10503738352408858,0.20285965019206065,0
GSM3998286,9,3.2689308938563015,0.15328955088357452,0.19013294323288205,3
GSM3998287,9,3.2175925524416704,0.17967209852579738,0.19585045557011604,2
GSM3998288,9,3.3028275212691023,0.13719379397151024,0.19175294982316662,2
GSM3998289,9,3.2212268513213287,0.17971002016429405,0.18629705599860227,3
GSM3998290,9,3.1697918955030078,0.18708425402984522,0.19099049465967216,2
GSM3998291,9,3.2168487211015098,0.1532680185758822,0.18550039068197227,2
GSM3998292,9,3.25448474228692,0.16622319540848993,0.18088703921791996,1
GSM3998293,9,3.2451209988844627,0.13687018726479577,0.18344255272791513,2
GSM3998294,9,3.266197550666914,0.14922368150404372,0.1912234984662082,2
GSM3998295,9,3.2912691640510365,0.11882389674859531,0.18787111866013878,2
GSM3998296,9,3.261866218071954,0.20355787599618136,0.19492164310056317,1
GSM3998297,9,3.2956656566905482,0.1384362527892843,0.19719050840280736,1
GSM3998298,9,3.2790482165879626,0.11250533428951408,0.19426983923575472,1
GSM3998299,9,3.251519157931552,0.19018871526759787,0.1898057041385611,1
GSM3998300,9,3.2084672399441225,0.20466919882592677,0.19245704939225383,3
GSM3998301,9,3.176706982979383,0.20505688455609533,0.19381591242593796,2
GSM3998302,9,3.1948646875693365,0.14576276309952085,0.1901154137746938,0
GSM3998303,9,3.2396405495616736,0.13747642643091768,0.19844458800054293,0
GSM3998304,9,3.2417564901809865,0.13844562653266648,0.18439316494793453,0
GSM3998305,9,3.2386860516099167,0.1825393501743474,0.18960975035383298,2
GSM3998306,9,3.2596762969725077,0.17311296176070157,0.1821714965526771,1
GSM3998307,9,3.2099397758781274,0.1818115269856419,0.1886633938556225,1
GSM3998308,9,3.2155162440801983,0.17031604810781772,0.18839013802713295,0
GSM3998309,9,3.186802235304191,0.21791999125899444,0.19248577399406538,2
GSM3998310,9,3.2166965686389384,0.19560734452689002,0.1970815698829099,0
GSM3998311,9,3.2572381402832753,0.14451498033280247,0.19048156760376994,2
GSM3998312,9,3.1796709777367904,0.16983438222902608,0.18240608436089004,0
GSM3998313,9,3.226307396937635,0.13947017466012784,0.19227668954651772,1
GSM3998314,9,3.207586604411411,0.18024762329808075,0.19281885592132467,0
GSM3998315,9,3.210667944343844,0.2301231885868273,0.192516633161884,3
GSM3998316,9,3.2178327046970256,0.21177794196033767,0.19117123191366855,1
GSM3998317,9,3.2171432836541043,0.1995460234917042,0.18910399868861874,2
GSM3998318,9,3.2064676625718103,0.1896968545014766,0.18841866306553323,3
GSM3998319,9,3.2242885144062483,0.17533395187332676,0.1892824639362652,2
GSM3998320,9,3.2361060885265216,0.1692274177543942,0.18434679611458352,1
GSM3998321,9,3.2170855278241044,0.1934884696784913,0.18876871371573978,3
GSM3998322,9,3.1865490901064497,0.20227916024591475,0.19530313669178742,1
GSM3998323,9,3.198253680753677,0.2432979377046628,0.1929854926860845,1
GSM3998324,9,3.1382402318011056,0.219305508416955,0.19184950591963348,3
GSM3998325,9,3.1994221791275375,0.2325008012781642,0.19159507454591346,2
GSM3998326,9,3.2333222015027725,0.2036734421822551,0.18636166740859963,2
GSM3998327,9,3.0853994141910372,0.2169908488204944,0.1853153339509662,1
GSM3998328,9,3.1578669355500577,0.2127983499340991,0.19248032873996124,1
GSM3998329,9,3.210763057066583,0.17188838498474027,0.19010202726647402,3
GSM3998330,9,3.2408719095067986,0.21695280229698063,0.2004888479450864,1
GSM3998331,9,3.175296927042525,0.19727997078081488,0.19903520197480756,0
GSM3998332,9,3.080823945578277,0.18553287332637344,0.18666114681430046,0
GSM3998333,9,3.1437739814295598,0.19182072648637988,0.1949732080063934,0
GSM3998334,9,3.1415098047447705,0.19417197291934893,0.18732895995084356,2
GSM3998335,9,3.131133693597756,0.1878477004616808,0.19203642037609617,0
GSM3998336,9,3.2106814417984557,0.19890842621485186,0.19712505574271166,0
GSM3998337,9,3.2090322883912537,0.19340734861611536,0.18830850154812662,1
GSM3998338,9,3.170395998316019,0.16461380232092881,0.19196294360337848,1
GSM3998339,9,3.156406800733671,0.21140073075564278,0.19703619773291273,0
GSM3998340,9,3.1782148736283875,0.18472402471207888,0.1971017233839499,0
GSM3998341,9,3.144611162441804,0.22765472038417878,0.19883083344559635,1
GSM3998342,9,3.1031593384807366,0.25357884092155003,0.2028053776139647,0
GSM3998343,9,3.170267341148158,0.13674610239935323,0.19269359106612743,1
GSM3998344,9,3.17342338324502,0.14886314719886645,0.2020355216434817,0
GSM3998345,9,3.214847177654254,0.10945389219811062,0.19576169737399424,2
GSM3998346,9,3.182530974197767,0.13201021218336442,0.1848615392628483,0
GSM3998347,9,3.1897025468188764,0.10487306705235838,0.19225186242853434,1
GSM3998348,9,3.190264978743226,0.10807880535050848,0.19357686717378778,1
GSM3998349,9,3.1971751815875096,0.13712042633990407,0.1924507519796197,1
GSM3998350,9,3.197802929203204,0.11641028346542408,0.1925454943731413,0
GSM3998351,9,3.156451641702374,0.14511134256423402,0.18479526578843045,1
GSM3998352,9,3.1967749770820633,0.12792676980698794,0.19280723355927287,0
GSM3998353,9,3.207724783772568,0.12071916705269622,0.1977251068400336,0
GSM3998354,9,3.1796202874091057,0.09957230640897874,0.18812865859027805,0
GSM3998355,9,3.169815234105538,0.1341496539450557,0.19210614258307823,1
GSM3998356,9,3.212928667854849,0.09496333715802242,0.18546581626419448,1
GSM3998357,9,3.1804059037578774,0.14037415949507942,0.19327335122679598,1
GSM3998358,9,3.184696742166262,0.1728854612706492,0.1900627731715009,2
GSM3998359,9,3.073957596146165,0.14615323195808178,0.19391762522510347,0
GSM3998360,9,3.175433230545558,0.11053937710610391,0.20275250910417464,0
GSM3998361,9,3.21910174749866,0.13484420464972918,0.2043354759449585,1
GSM3998362,9,3.2048989963386187,0.0646004988967846,0.1921077162623096,0
GSM3998363,9,3.18395248429059,0.12269796477098582,0.2071697678981813,0
GSM3998364,9,3.224066316643489,0.10605403473392969,0.18726060970878916,2
GSM3998365,9,3.155908276893862,0.1317263139417717,0.19140148910404362,1
GSM3998366,9,3.1976135616166843,0.14268568561120118,0.19323216554369776,0
GSM3998367,9,3.1459268220524934,0.1389018871782274,0.1940246791431216,0
GSM3998368,9,3.1974308863399097,0.10431926456234265,0.19335193293038025,1
GSM3998369,9,3.2006614247823704,0.14357877732920876,0.18974935390338257,1
GSM3998370,9,3.055363176243531,0.2299530350207926,0.20273082787008162,1
GSM3998371,9,3.1131620327484644,0.20878926985066326,0.18558331876845105,2
GSM3998372,9,3.130292471425619,0.20274126633811962,0.19466719629001897,2
GSM3998373,9,3.1378746616718125,0.175263675726714,0.19507601189157667,1
GSM3998374,9,3.11421713115938,0.18079315629768675,0.19350226004455873,1
GSM3998375,9,3.1371367028038097,0.19799338783255216,0.19593435404645,2
GSM3998376,9,3.0781179822973734,0.22516977667532315,0.19897994352065604,1
GSM3998377,9,3.1343321645488262,0.22692933925948724,0.19813620989018096,1
GSM3998378,9,3.059517566822662,0.20411416745562752,0.18890775408545582,0
GSM3998379,9,3.057998382144322,0.24940882614430226,0.2022930062700713,1
GSM3998380,9,3.136342072062039,0.20121478824422098,0.18943753731410898,2
GSM3998381,9,3.1365954913460423,0.1458575054081171,0.1933894087596719,1
GSM3998382,9,3.0845579816367534,0.16793260578407188,0.18860642142113565,0
GSM4957321,9,3.2315357176088124,0.17252143479533957,0.18680029266023715,2
GSM4957322,9,3.195431227838475,0.17922829250134145,0.19047467043754168,1
GSM4957323,9,3.173183964188276,0.21838565284104183,0.19718412310251893,1
GSM4957324,9,3.130864904934154,0.19130795984975058,0.19002369069775973,0
GSM4957325,9,3.243117778487394,0.1632573579760827,0.20544425186426374,1
GSM4957326,9,3.147035369516869,0.293989162770568,0.20204520286607747,1
GSM4957327,9,3.1686669329686925,0.21643020841041483,0.19838069108925174,2
GSM4957328,9,3.153634241924587,0.2213844623842482,0.19050377182219944,3
GSM4957329,9,3.205950259826579,0.18705892533112153,0.1981666362877037,1
GSM4957330,9,3.2786107228806656,0.19640173447063924,0.1916028041461189,2
GSM4957331,9,3.1789341656684877,0.25236146931566844,0.1942350684017708,1
GSM4957332,9,3.1668387953770214,0.22619503215670356,0.19570457895830787,0
GSM4957333,9,3.1450412607526292,0.206211804293083,0.19660983174375682,1
GSM4957334,9,3.1605488736562872,0.22385739088738393,0.20332517202858513,1
GSM4957335,9,3.2755699966060408,0.1291564432582624,0.18630527071807187,1
GSM4957336,9,3.2293155429673126,0.22900848027845916,0.20056976861860457,2
GSM4957337,9,3.175716744527224,0.14659438402386524,0.1794030308994533,1
GSM4957338,9,3.1988817020423292,0.15665015116275924,0.19312901997555296,1
GSM4957339,9,3.312337656320696,0.11752097590461064,0.19357585797608834,1
GSM4957340,9,3.1687806555972764,0.1840551965716655,0.18552510424195642,2
GSM4957341,9,3.3220302740533407,0.13483056706700744,0.1968776321883112,1
GSM4957342,9,3.2852649088615036,0.1702707116272701,0.19562573055578023,3
GSM4957343,9,3.259620022070887,0.1380204482959936,0.19066770987635695,1
GSM4957344,9,3.192269553502322,0.14847684715472115,0.1906830273779827,1
GSM4957345,9,3.1342664950040526,0.19898382190532451,0.19854344514217742,0
GSM4957346,9,3.208067557430554,0.14460176656510088,0.1880150403882485,1
GSM4957347,9,3.2126624829594275,0.22537312878265126,0.19853832925753212,1
GSM4957348,9,3.1420589597021475,0.17552605865488613,0.18345356111339586,1
GSM4957349,9,3.058314358444211,0.16023605100187316,0.19040066611216963,1
GSM4957350,9,3.1551437962993134,0.22683593093107535,0.1887159069946375,1
GSM4957351,9,3.2456846228218117,0.17207432475873466,0.18970696557267935,2
GSM4957352,9,3.168811449862747,0.2466463434472197,0.19935995789516378,1
GSM4957353,9,3.093599727257298,0.2003942241231256,0.19048807608690974,1
GSM4957354,9,3.1116082983197995,0.14563917731227632,0.1857267286630228,1
GSM4957355,9,3.1049334388589678,0.2200636325253647,0.1875521368255646,3
GSM4957356,9,3.1424196462370753,0.16155845040364175,0.18849594812519158,1
GSM4957357,9,3.179105073222901,0.16552664299551892,0.19591605585545727,0
GSM4957358,9,3.2200667144573427,0.1542618523051073,0.1875748096516884,1
GSM4957359,9,3.139530342091677,0.17153593245506,0.2014412801772237,1
GSM4957360,9,3.2972357893528303,0.10654232858307576,0.1899603953007892,1
GSM4957361,9,3.153805019390042,0.2213412260091402,0.19410974099975678,3
GSM4957362,9,3.1602031488019446,0.22490529440365206,0.19991150329805782,1
GSM4957363,9,3.1863287980364645,0.1831923115534164,0.18524516895663828,1
GSM4957364,9,3.2109524590926837,0.17233053873274118,0.19732928883418321,1
GSM4957365,9,3.2734453558222487,0.06883398710908357,0.18770185429602138,0
GSM4957366,9,3.1662447298567833,0.11426784967395977,0.18699161696094732,0
GSM4957367,9,3.242556068616752,0.11081367560638128,0.19708467165126858,0
GSM4957368,9,3.2023591971700713,0.12331141236042598,0.1846053000753534,1
GSM4957369,9,3.199677850584927,0.13300946280976725,0.19097222162993457,2
GSM4957370,9,3.186805949677539,0.11479148306118321,0.18802513162959975,1
GSM4957371,9,3.2557942891065546,0.19537968504698427,0.19350441484469988,0
GSM4957372,9,3.232971908736614,0.14314379687981935,0.18813032475008792,2
GSM4957373,9,3.203023059626285,0.09873067211268215,0.1830581822607452,1
GSM4957374,9,3.246163400180654,0.10721697246131037,0.18815074483410069,0
GSM4957375,9,3.202484292994152,0.11939193840321706,0.18784164221374944,1
GSM4957376,9,3.1980315341923253,0.14990869661322104,0.19104875813627933,0
GSM4957377,9,3.3600331236547305,0.053033110244689374,0.18616255163000928,1
GSM4957378,9,3.2243415199159147,0.11049979441448488,0.1903010038112017,0
GSM4957379,9,3.1927343442376026,0.11925100238332238,0.1914671506697764,3
GSM4957380,9,3.226753050296621,0.11331435009943311,0.1799882942667388,2
GSM4957381,9,3.186328990587772,0.19531527279116476,0.18589657110078067,1
GSM4957382,9,3.1996430306403805,0.14541873074212983,0.18467611706626907,1
GSM4957383,9,3.152705774458375,0.14360286722566118,0.1968249083959877,0
GSM4957384,9,3.230056189786255,0.14630376612234205,0.18741194249358584,2
GSM4957385,9,3.128330482546939,0.19133195456306043,0.192021993281697,1
GSM4957386,9,3.2073651365616604,0.16061673211797123,0.195954174202995,1
GSM4957387,9,3.2080733195023985,0.2237551655290575,0.1874820106992386,2
GSM4957388,9,3.076830790703388,0.20246253785882995,0.18767903602388208,1
GSM4957389,9,3.174104829360462,0.20806445355890119,0.19305908770076702,2
GSM4957390,9,3.1249142673048538,0.19740139610027252,0.19717169735910398,2
GSM4957391,9,3.1752219600030305,0.3014667930286355,0.19949585858482902,1
GSM4957392,9,3.1636385127887565,0.25048005563466685,0.1925944487282294,3
GSM4957393,9,3.1177341451427623,0.23849037026844108,0.20276689331750875,3
GSM4957394,9,3.266099900583457,0.14774048460834976,0.183227439656945,0
GSM4957395,9,3.1644002538243012,0.21711780693918148,0.17899876934351194,1
GSM4957396,9,3.1686197180975633,0.15879346447995654,0.18661179039400078,1
GSM4957397,9,3.1750524787576526,0.1538096895555567,0.18736152727810954,1
GSM4957398,9,3.1874378757939645,0.25384905327328705,0.19710396026710353,3
GSM4957399,9,3.1131420882901035,0.24947974011924529,0.20024804142413963,1
GSM4957400,9,3.1789156422940383,0.18970636476824188,0.1851388665919864,1
GSM4957401,9,3.088816203692121,0.22383538947904624,0.1917975214633674,0
GSM4957402,9,3.1945121924420405,0.14235797782981816,0.19208511747826734,1
GSM4957403,9,3.1274127370367073,0.24450069800526078,0.18680541711123963,0
GSM4957404,9,3.2359082973457918,0.18575835181449252,0.19602225125912587,2
GSM4957405,9,3.2091642967876495,0.179540164782639,0.19383501477108772,3
GSM4957406,9,3.190087910443703,0.1963091414641088,0.20141075416763976,1
GSM4957407,9,3.106665743928618,0.23684126792942872,0.18519749150599615,1
GSM4957408,9,3.1832342927603503,0.21151005396206282,0.2036665902848972,0
GSM4957409,9,3.293019357914256,0.13421402438237778,0.1920350831992644,2
GSM4957410,9,3.18722075646584,0.22572700809134918,0.193939040542307,1
GSM4957411,9,3.26611716158922,0.16210847726638075,0.18943902634270687,2
GSM4957412,9,3.2470484306024514,0.19829105434282823,0.19152991956263837,1
GSM4957413,9,3.2680573443082683,0.19179360596731454,0.19672121961719427,1
GSM4957414,9,3.217537529236107,0.17415657252820888,0.20214207725600677,2
GSM4957415,9,3.142454417831675,0.18877343671160765,0.19168404099211603,0
GSM4957416,9,3.1925587211076167,0.17455348733467874,0.190513522731062,1
GSM4957417,9,3.227281062687685,0.16238381175740974,0.1908523562022475,1
GSM4957418,9,3.2569030302113497,0.16089213057021381,0.18717398012102818,1
GSM4957419,9,3.2222026248560627,0.2344225184922097,0.2043130470318474,1
GSM4957420,9,3.1965227027596006,0.19295059899768838,0.19245930960588659,0
GSM4957421,9,3.2377885505877595,0.18404479548942917,0.18895214680704095,2
GSM4957422,9,3.230613989928583,0.14962854841357007,0.1918575965272314,1
GSM4957423,9,3.264571660219397,0.1816328103614596,0.19072672590511247,1
GSM4957424,9,3.2022384364726846,0.15089501035986413,0.18981115427162043,1
GSM4957425,9,3.2202972085933514,0.1877051441107712,0.19025045727857492,1
GSM4957426,9,3.1566171798143,0.2108409832900657,0.18758498189722872,2
GSM4957427,9,3.247717807093697,0.17757905514372224,0.191269674615696,1
GSM4957428,9,3.131059973089231,0.281428813885097,0.20931590475711837,1
GSM4957429,9,3.256314755432738,0.20036484898009932,0.1978725327935215,0
GSM4957430,9,3.214285303116451,0.19989485241016877,0.19614033130638686,2
GSM4957431,9,3.2267680183983387,0.21438128781970303,0.20134012421904882,2
GSM4957432,9,3.257224120729991,0.15736157196772807,0.18853115441448057,0
GSM4957433,9,3.18797692147015,0.1805998396353849,0.1924149668150353,0
GSM4957434,9,3.292869666447971,0.14274318849596004,0.18838791057229143,2
GSM4957435,9,3.1843295956141136,0.22014254463601723,0.18772682800852228,1
GSM4957436,9,3.193528743667467,0.21316879883237283,0.19090389107350147,2
GSM4957437,9,3.2725441253516863,0.19999506234190573,0.20159860369769828,1
GSM4957438,9,3.2409778819908883,0.22605569323327673,0.19766458067201284,2
GSM4957439,9,3.2075392696138625,0.2369834814328061,0.2029927406015335,2
GSM4957440,9,3.1293562139231277,0.214687551221433,0.20053491236279228,1
GSM4957441,9,3.2658054106813053,0.2439702818886613,0.19273066226580163,2
GSM4957442,9,3.2140965621433097,0.14670446317341032,0.18722521757552968,1
GSM4957443,9,3.2040691196315874,0.17598959153488203,0.19507311105115635,1
GSM4957444,9,3.2284199895948413,0.25197163701316344,0.2044965574768006,2
GSM4957445,9,3.137279771071422,0.21009875600488656,0.2030252817451708,2
GSM4957446,9,3.192712823392853,0.22251752123197902,0.19664531667040613,2
GSM4957447,9,3.214834272734525,0.21628541048306174,0.19368640320446442,3
GSM4957448,9,3.15544886712143,0.18142897223905988,0.1863729241716164,2
GSM4957449,9,3.2448439408295116,0.19888770349874793,0.19519692727423305,0
GSM4957450,9,3.2214787978191652,0.17059645733950451,0.19397652090968456,1
GSM4957451,9,3.189579629598364,0.19438961086415726,0.19067124751824013,1
GSM4957452,9,3.204586819318573,0.15035221267114368,0.19468062471027245,0
GSM4957453,9,3.2405276305211497,0.24905435771035003,0.18882944869941284,2
GSM4957454,9,3.1450495769927533,0.21043045216097483,0.19810903750792572,2
GSM4957455,9,3.2032933743833136,0.15892986556694177,0.19138273453506746,0
GSM4957456,9,3.1079443896659376,0.21236002282072566,0.1888399748744933,1
GSM4957457,9,3.1853374836163786,0.23180711620599567,0.1953155807280702,1
GSM4957458,9,3.177909804318692,0.14714166316339722,0.20248993384051733,0
GSM4957459,9,3.230750447951234,0.25419647114239025,0.19930204541598656,2
GSM4957460,9,3.1466146256919605,0.23575228239684434,0.19047388218867212,2
GSM4957461,9,3.1365810966626118,0.19874491738964176,0.18732447202558503,2
GSM4957462,9,3.1483990162464623,0.26515109572262524,0.20206390826106208,1
GSM4957463,9,3.273926705756482,0.2273132620920366,0.20190443366430444,2
GSM3758005,10,3.3112336884610194,0.04816707473803697,0.19230211894969337,0
GSM3758006,10,3.347019386840434,0.07421763658600598,0.1895661909408403,0
GSM3758007,10,3.304396938483444,0.06011281877548121,0.1862807932353072,0
GSM3758008,10,3.3001577126441637,0.08762322175982391,0.18707901993929466,0
GSM3758009,10,3.285265539010585,0.04054974651970191,0.19216072962085937,1
GSM3758010,10,3.355114121764001,0.08061784519595282,0.19427295100824735,0
GSM3758011,10,3.2999867849202067,0.07643317402576306,0.1999770886217589,0
GSM3758012,10,3.37328331655839,0.04934154193701776,0.19589267607739233,0
GSM3758013,10,3.327146609610575,0.048790090444826684,0.18516476853266284,0
GSM3758014,10,3.3676459007607376,0.08079071107322527,0.1855374170755203,0
GSM3758015,10,3.3013658045667227,0.06003780130548166,0.1888220033423078,0
GSM3758016,10,3.311214882984962,0.07233530876415076,0.18028132670109054,0
GSM3758017,10,3.3784106074992075,0.0627014675797841,0.19089391374644685,0
GSM3758018,10,3.2996528851185096,0.06264975134168892,0.18390338466333275,0
GSM3758019,10,3.3262746129049696,0.08516005014081202,0.17923272613774452,0
GSM3758020,10,3.405180362643211,0.05140710317229706,0.18707273958994441,0
GSM3758021,10,3.3170316150059396,0.06422404676439275,0.18321112647430543,0
GSM3758022,10,3.3936798888686908,0.006233732425527139,0.19780532191573508,0
GSM3758023,10,3.349779468714344,0.04716903346976534,0.18183553934666624,0
GSM3758024,10,3.312449201710187,0.07863331499789589,0.18753621048719304,0
GSM3758025,10,3.3396232778125508,0.05125435650966772,0.1903777847839328,0
GSM3758026,10,3.3085194443065573,0.08928066806669085,0.19423523584589877,0
GSM3758027,10,3.340654794235979,0.0410197265568785,0.19088755576976307,0
GSM3758028,10,3.3050533450661614,0.06069830262632252,0.1876063226701647,0
GSM3758029,10,3.312984205546273,0.07733846065889459,0.18545413702454108,0
GSM3758030,10,3.3085372041233057,0.07577121278645065,0.18245464620753754,1
GSM3758031,10,3.3387811319464253,0.01986306498254123,0.18961464430769553,0
GSM3758032,10,3.3827765572374893,0.008562026302589893,0.18825642686804908,0
GSM3758033,10,3.2927326068970966,0.04448182805783218,0.1989178438396149,0
GSM3758034,10,3.3290465461150602,0.03771827464465819,0.17697442308311984,0
GSM3758035,10,3.338453817337407,0.08205822551713417,0.18458037334981794,0
GSM3758036,10,3.3417947566565194,0.06605773518735797,0.18805035510304885,0
GSM3758037,10,3.356735910353079,0.06349870226127773,0.19245788122305996,0
GSM3758038,10,3.3264369019807387,0.06775625554049244,0.18175963605577292,0
GSM3758039,10,3.3298321558237607,0.05379515269658237,0.1886768403115165,0
GSM3758040,10,3.3021076443587813,0.0734884338751592,0.18662988587693222,1
GSM3758041,10,3.337350941069539,0.06428192923038381,0.19127692867040272,0
GSM3758042,10,3.3319597386455673,0.07625525852157211,0.1945880787349083,0
GSM3758043,10,3.3677422772894574,0.06600051459056637,0.185381404325508,0
GSM3758044,10,3.337719150007593,0.06978801221622685,0.18618084882420474,0
GSM3758045,10,3.3181430391460545,0.05083879428579912,0.18847110974475503,0
GSM3758046,10,3.342674688417364,0.04758851728605198,0.19195719799421068,0
GSM3758047,10,3.3086088523624544,0.02916725635639237,0.19774129795426176,0
GSM3758048,10,3.3610693923730035,0.03375973297897122,0.17839952296568243,1
GSM3758049,10,3.3110838684581934,0.047937533293359466,0.18272294454369653,0
GSM3758050,10,3.3132101110960233,0.04500471688268831,0.18865280025882028,0
GSM3758051,10,3.370166737943483,0.06973215440193219,0.19292911106018482,0
GSM3758052,10,3.344919908823648,0.05640083780801748,0.18470817047666888,0
GSM3758053,10,3.357224853867776,0.06501968685805341,0.1914977572926424,0
GSM3758054,10,3.3453081802114277,0.08090058851076584,0.18339585655967156,0
GSM3758055,10,3.3480898629877753,0.05466321338713234,0.18686104472948983,0
GSM3758056,10,3.355967255869468,0.051860519209500765,0.1848137686686105,0
GSM3758057,10,3.32243779393304,0.08087652787525482,0.1862947874576989,0
GSM3758058,10,3.325639819852552,0.04300752074432724,0.18676151958180823,0
GSM3758059,10,3.361644793237722,0.08860468534682425,0.19008933730226865,0
GSM3758060,10,3.3253278946234657,0.07015942882847932,0.1863838169135447,0
GSM3758061,10,3.3249369311699986,0.08160120482030035,0.18509873707372507,0
GSM3758062,10,3.359637363317964,0.05998228329805129,0.18116974081192394,0
GSM3758063,10,3.317450361442836,0.07180671831170228,0.18632712527389947,0
GSM3758064,10,3.333200844883408,0.08852295917766918,0.18789449241803138,0
GSM3758065,10,3.319780793664605,0.06525788982640619,0.18313226163763682,0
GSM3758066,10,3.343055078734124,0.07547898635608363,0.18483059465735815,0
GSM3758067,10,3.34082332674236,0.1011047526388594,0.1873252934665756,0
GSM3758068,10,3.3469871344448214,0.03868695632450894,0.18672771741471306,0
GSM3758069,10,3.310598444377384,0.0839689255155005,0.18691363447436785,0
GSM3758070,10,3.348946719192937,0.060257575356163676,0.18610226633372395,0
GSM3758071,10,3.342149435986065,0.08176533308991858,0.19374109551427568,0
GSM3758072,10,3.3075355383479366,0.06874697424268685,0.18636506192730348,0
GSM3758073,10,3.3413459115325015,0.051201799616662616,0.19100937026265025,0
GSM3758074,10,3.330740787999725,0.07511350692663472,0.1819731909921984,0
GSM3758075,10,3.3612959300178513,0.11050058931993699,0.18934341643474611,0
GSM3758076,10,3.3558140414949342,0.09358188896417705,0.18633167327050146,0
GSM3758077,10,3.3130531500911404,0.08510321453230983,0.1922479376642433,0
GSM3758078,10,3.3097674484801853,0.08774432260192151,0.19366612339546874,0
GSM3758079,10,3.3268533317171767,0.043654104124149815,0.19041080787689874,0
GSM3758080,10,3.3142190004429937,0.07327859688926638,0.1832983594164189,0
GSM3758081,10,3.358961431068816,0.06351479592201287,0.18707172907307598,0
GSM3758082,10,3.344908509670413,0.062471110146597654,0.19468412142620556,0
GSM3998167,10,3.3049210872670187,0.09687027671381468,0.18633189941578449,0
GSM3998168,10,3.299235111527779,0.06736869368133404,0.19005782417938535,0
GSM3998169,10,3.301093452649676,0.07668311431828921,0.19564940445133727,0
GSM3998170,10,3.287545499861319,0.08676803967732986,0.18586268649464255,0
GSM3998171,10,3.3197149342450425,0.07955274875072771,0.1877053624950839,0
GSM3998172,10,3.3448200320124624,0.0878344887208247,0.1749421419207045,0
GSM3998173,10,3.2808179783028346,0.09831086335921455,0.1904446431183395,0
GSM3998174,10,3.34835623577112,0.060107631593124454,0.1834549122782143,0
GSM3998175,10,3.3963603610350526,0.07583828229684142,0.18075899058675995,0
GSM3998176,10,3.4078694564253382,0.09409508132745349,0.18524361836412848,0
GSM3998177,10,3.3425308316926565,0.1212869529972778,0.18290299556620646,0
GSM3998178,10,3.389659792090289,0.0721893014732379,0.1798191212109388,0
GSM3998179,10,3.330771692378541,0.09892169291149473,0.17916753602253932,0
GSM3998180,10,3.35333146733062,0.09091922347109564,0.19282818072690838,0
GSM3998181,10,3.3493600020622334,0.13190289363479024,0.18748889536071348,0
GSM3998182,10,3.423181885339305,0.06014016838392705,0.18343177623651383,0
GSM3998183,10,3.371621111078179,0.10730324733133474,0.19233718953805679,0
GSM3998184,10,3.362193330007425,0.07438948030031944,0.19070265394137026,0
GSM3998185,10,3.3781295046610853,0.054631066795473894,0.19383484034985918,0
GSM3998186,10,3.4513125148943016,0.05421243735946675,0.19388582028487739,0
GSM3998187,10,3.3497487063250007,0.10003365124699354,0.18168898667475716,0
GSM3998188,10,3.3253996163865076,0.09170070765860203,0.18760802533888837,0
GSM3998189,10,3.3599132251486648,0.06501706435861979,0.1909321402435291,0
GSM3998190,10,3.331438537027094,0.10870934508267024,0.178612044904574,0
GSM3998191,10,3.308282646456972,0.06973754018425744,0.19075627032688566,1
GSM3998192,10,3.326668456031103,0.05490250387670913,0.19669202326958776,0
GSM3998193,10,3.30110751878548,0.12475170387836294,0.18692361200691082,0
GSM3998194,10,3.3363528183182685,0.1224865243413309,0.18294973788138236,0
GSM3998195,10,3.2992510536587765,0.07606803632456445,0.19126176427954017,0
GSM3998196,10,3.2871347711198915,0.057949000071772665,0.19284548310436572,0
GSM3998197,10,3.3520653806737553,0.06292395916453002,0.19488784654023342,0
GSM3998198,10,3.3552169054033927,0.06451443484527651,0.18351990943813987,0
GSM3998199,10,3.275715566109021,0.06670844660011171,0.18659482946018294,0
GSM3998200,10,3.3285926216065933,0.08547695470173193,0.20089031844855845,0
GSM3998201,10,3.3117007824922724,0.01770679206798858,0.1793921457821617,0
GSM3998202,10,3.332207327123086,0.06113193180088528,0.18962627890101413,0
GSM3998203,10,3.347386780528004,0.05823903088604844,0.19689626764574567,0
GSM3998204,10,3.289708072942726,0.08587818142306786,0.1933292287526017,0
GSM3998205,10,3.3504751940873096,0.07726455128886027,0.19471621155865337,0
GSM3998206,10,3.341402412881719,0.1050318111094909,0.1992119650906104,0
GSM3998207,10,3.298455446437196,0.10608357778587266,0.19545681075563043,1
GSM3998208,10,3.3290174645066446,0.11653053173724008,0.19166578430510817,0
GSM3998209,10,3.3291522830435425,0.10432842503424922,0.19443687653438715,0
GSM3998210,10,3.2934173160183726,0.0552944695291423,0.19060869224692553,0
GSM3998211,10,3.295185626333219,0.11175890561296233,0.18584483850130565,0
GSM3998212,10,3.313746744555954,0.1343493320832638,0.1924773473107828,0
GSM3998213,10,3.370922176085014,0.0849345795154367,0.18933683766483844,0
GSM3998214,10,3.3363321095790526,0.03427820060499667,0.1801612741286884,0
GSM3998215,10,3.343918660184684,0.10752773895635119,0.19336640217893986,0
GSM3998216,10,3.343623108568754,0.11923656890710965,0.18375991360424185,1
GSM3998217,10,3.263183805084848,0.18397129736351447,0.1971387879761863,0
GSM3998218,10,3.2323958955602556,0.13070655675475634,0.20503793690414798,0
GSM3998219,10,3.375141147669208,0.09508918911512326,0.18393859222565578,0
GSM3998220,10,3.303800791431117,0.16191288702836096,0.19316174419991175,0
GSM3998221,10,3.32752660572929,0.1084170069674307,0.19232707697074175,0
GSM3998222,10,3.360894306564049,0.12276492574406378,0.192976792641381,0
GSM3998223,10,3.2878930868593104,0.10993199413411245,0.18485589259189145,0
GSM3998224,10,3.2901207891886957,0.10661885842234452,0.19780831297161874,0
GSM3998225,10,3.2501856023558013,0.025906938306746185,0.18115017593073984,1
GSM3998226,10,3.3954165651077552,0.009831659359852758,0.1860765027479336,0
GSM3998227,10,3.3138828317835745,0.03128708762526204,0.2018409977717297,1
GSM3998228,10,3.3844462700975693,0.056195010795469603,0.18858463133462347,0
GSM3998229,10,3.3705070439663425,0.012790534554150046,0.1946267955400828,0
GSM3998230,10,3.320399545556651,0.03651439205706585,0.20955485424608244,0
GSM3998231,10,3.3809079694383506,0.06073349987535721,0.18118835350983342,0
GSM3998232,10,3.252624039676072,0.16927951035326677,0.1945910316956786,0
GSM3998233,10,3.240715536266338,0.050235762885936,0.17729348761856453,1
GSM3998234,10,3.3413520014422855,0.0690350842014456,0.19343316748870934,0
GSM3998235,10,3.357335482189564,0.0757027917789576,0.18937194098213925,0
GSM3998236,10,3.3450157771611444,0.057364874845571366,0.18776258012455466,0
GSM3998237,10,3.41982218678285,0.02879019027526036,0.19209427619031236,0
GSM3998238,10,3.3252629279617016,0.021812260533668096,0.18620048845492168,1
GSM3998239,10,3.412854373574599,0.0429800006475058,0.19216105718992532,0
GSM3998240,10,3.3363839191392035,0.051702968321131124,0.17585210431104584,0
GSM3998241,10,3.3363037485398683,0.058914504487467954,0.19060605659314703,0
GSM3998242,10,3.238350334549769,0.04114847767349032,0.1912068075518769,0
GSM3998243,10,3.34722594005316,0.037986726330083195,0.19349677849982264,1
GSM3998244,10,3.3698367486890355,0.044373801461367456,0.191161171319191,0
GSM3998245,10,3.316666726879885,0.07067675607729564,0.18896361930357938,0
GSM3998246,10,3.325609364470407,0.05419572545014799,0.18821070905187298,0
GSM3998247,10,3.34332845054959,0.10114545077590505,0.18740423576701093,0
GSM3998248,10,3.351510598682594,0.028144601354113147,0.1898647735808753,0
GSM3998249,10,3.3549273676298887,0.10888195299778348,0.19620796039908608,0
GSM3998250,10,3.3500815454005726,0.10308485651653383,0.1947007578734404,0
GSM3998251,10,3.273163900295424,0.06431297101789749,0.18978097191920185,1
GSM3998252,10,3.3523497615343985,0.060056697712102466,0.18372882338983149,0
GSM3998253,10,3.348209447703589,0.021150808874641276,0.18592923120316296,0
GSM3998254,10,3.3132518058404483,0.06301994798949104,0.18944945419251402,0
GSM3998255,10,3.3480748754074683,0.11048727884322536,0.19021705259639432,0
GSM3998256,10,3.3155128867680275,0.09069358113835728,0.19096938535745714,0
GSM3998257,10,3.302629370424002,0.08589055400117437,0.186290725251909,0
GSM3998258,10,3.269655641678673,0.07973766164635666,0.18318707744561472,0
GSM3998259,10,3.3057072024474863,0.09440530869455159,0.2015912525634186,0
GSM3998260,10,3.309995577094465,0.10111461154068553,0.20344987772364845,0
GSM3998261,10,3.345066664962453,0.12364321400579756,0.18495578426702183,0
GSM3998262,10,3.371764649184791,0.06027610798783014,0.18234866446077885,0
GSM3998263,10,3.355913215486965,0.0987436132687477,0.18326906010845107,0
GSM3998264,10,3.377899067247653,0.04977760562352467,0.1847447623834944,0
GSM3998265,10,3.3961190680116817,0.06576083895775722,0.19323294384045672,0
GSM3998266,10,3.3763048842746173,0.08896269637678467,0.1834131561724617,0
GSM3998267,10,3.391354060250131,0.116523076764365,0.18778252859023625,0
GSM3998268,10,3.246846007920857,0.05109866326784319,0.20091664183478078,0
GSM3998269,10,3.3448025213972747,0.10427687376134631,0.1866321801341683,1
GSM3998270,10,3.373262386815605,0.08439155354843217,0.18546350926789473,0
GSM3998271,10,3.3866125356168335,0.04588568031869365,0.1814513031081649,0
GSM3998272,10,3.3869074426785852,0.04545035702069646,0.1899210212636477,1
GSM3998273,10,3.395320407595554,0.053679778700162675,0.18689901820159843,1
GSM3998274,10,3.400258578147445,0.06847040571092709,0.17693610666597612,0
GSM3998275,10,3.360722970704815,0.05821682562573544,0.17982228184527768,0
GSM3998276,10,3.3621901612541687,0.03215546794463222,0.18339593501130635,0
GSM3998277,10,3.3587992012207524,0.04872550403862293,0.19467584114653017,0
GSM3998278,10,3.287961688382408,0.07299286645637475,0.20175548651617994,0
GSM3998279,10,3.321646339857669,0.09716793351799985,0.17737377703418244,0
GSM3998280,10,3.3045124572638396,0.05943790014272031,0.2236049618909099,0
GSM3998281,10,3.353394795175667,0.04992220998271922,0.19112180796143077,0
GSM3998282,10,3.3888825172443613,0.041361761526096504,0.19007164758476547,0
GSM3998283,10,3.331210568568629,0.09121279646702564,0.19105793266707896,0
GSM3998284,10,3.2823727348027263,0.063349322916721,0.20016656512680212,0
GSM3998285,10,3.258808153739438,0.026396362357496487,0.2004928772675512,0
GSM3998286,10,3.394449715590449,0.08504025387468879,0.186419903634801,0
GSM3998287,10,3.379389609147873,0.06785339753883238,0.18370158651631316,0
GSM3998288,10,3.4059442096259716,0.10147016121313517,0.18810907333649746,0
GSM3998289,10,3.367406071205769,0.08698461428351385,0.1901753458416994,0
GSM3998290,10,3.3648184113553463,0.047763537279272794,0.17770380386000859,0
GSM3998291,10,3.34633986242872,0.07181124950957306,0.1893790139926146,0
GSM3998292,10,3.3961730202583964,0.047978509262493876,0.18929489891855883,0
GSM3998293,10,3.3564467032449987,0.06856890609499287,0.18334457378321053,1
GSM3998294,10,3.409051468058356,0.06360377168559374,0.17685979016313924,0
GSM3998295,10,3.397121310678352,0.07650927129709686,0.1912945864510319,0
GSM3998296,10,3.4031695888950524,0.07603913626839547,0.18919642186732727,0
GSM3998297,10,3.470305830529409,0.03491557330796516,0.18746522188960937,0
GSM3998298,10,3.4171067929158805,0.05688290223552604,0.18692399166137386,0
GSM3998299,10,3.3787526818432845,0.09428941729021292,0.18615851234897673,0
GSM3998300,10,3.3656274162843207,0.08174783722316915,0.19055468830352965,0
GSM3998301,10,3.372473917440582,0.07227331370472354,0.18718072914061637,0
GSM3998302,10,3.359458309426704,0.011109600533094807,0.18952840357281153,0
GSM3998303,10,3.3249321627379502,0.08675135854166253,0.20042809108113102,0
GSM3998304,10,3.3153511508107427,0.10056051103629096,0.199953262564234,0
GSM3998305,10,3.3660041655546493,0.05976958225941205,0.19197047322698207,0
GSM3998306,10,3.3821062678012703,0.08852868292677275,0.19942881462101117,0
GSM3998307,10,3.315384813539794,0.08965745399863202,0.18203651762161918,0
GSM3998308,10,3.3430479028966813,0.08283053240051054,0.19514544206898382,0
GSM3998309,10,3.3464477170508995,0.10549560179510759,0.18731776227785665,0
GSM3998310,10,3.3394103633618837,0.09681122665239202,0.1827477412741446,2
GSM3998311,10,3.386861744473029,0.07717715782131489,0.18317261685022476,0
GSM3998312,10,3.337948467696607,0.02689950445495336,0.19759218584497626,0
GSM3998313,10,3.3215928558928285,0.10890419792648234,0.19094009454558505,0
GSM3998314,10,3.360775979834951,0.04061915243289378,0.18672875263925415,0
GSM3998315,10,3.3907708116728523,0.08781750629432715,0.1913103153480903,0
GSM3998316,10,3.356474888444743,0.08961939305240887,0.1866528410453643,0
GSM3998317,10,3.3627111825355778,0.0850067802678273,0.1838582457577485,0
GSM3998318,10,3.396547217008462,0.05817811735868004,0.1876650518047329,0
GSM3998319,10,3.3395820485084564,0.0720420855128024,0.18547706188751686,0
GSM3998320,10,3.356450416314765,0.054388943633185666,0.20747506082431832,0
GSM3998321,10,3.3190479327565243,0.1126835265517982,0.1896704663244286,0
GSM3998322,10,3.3782235279471418,0.02644497571367482,0.20072878422724355,0
GSM3998323,10,3.382921961560284,0.0965726273491434,0.18306991316789292,0
GSM3998324,10,3.3236002436669567,0.057301268050368656,0.1945091174134466,0
GSM3998325,10,3.367805766741834,0.11251830370151641,0.19232885261623547,0
GSM3998326,10,3.381734873287379,0.0637339657869613,0.18971925846022916,0
GSM3998327,10,3.3216896359778176,0.0016864116429905272,0.18847936562727538,0
GSM3998328,10,3.3063226250141056,0.09202224544098683,0.19094730408340588,0
GSM3998329,10,3.3507795330480414,0.07642869938152828,0.19066222770831973,0
GSM3998330,10,3.3869330900943866,0.10884082023695973,0.18452756629675304,0
GSM3998331,10,3.3110253677043615,0.08838644988198957,0.18491250921662208,0
GSM3998332,10,3.236846409497868,0.012273723720435874,0.18909651007895686,0
GSM3998333,10,3.3243444662724864,0.035840469612021586,0.20035192229009166,0
GSM3998334,10,3.338167376324655,0.022490442684104568,0.19132199682517628,0
GSM3998335,10,3.2742321861022563,0.04514778806686197,0.18764486520329485,0
GSM3998336,10,3.329660363349981,0.0904478547058077,0.18616741760727817,0
GSM3998337,10,3.381376806410168,0.06211884451718301,0.20047313486328486,0
GSM3998338,10,3.2933326991729994,0.05103362899670597,0.18959600183528366,0
GSM3998339,10,3.267632862432336,0.12701709854683638,0.20061236332087978,0
GSM3998340,10,3.3071297407444438,0.06910173061831099,0.1931610773946183,0
GSM3998341,10,3.332097794625778,0.09790851598052566,0.19507202628416076,0
GSM3998342,10,3.2700823527216176,0.11009413441562248,0.1950433584983555,0
GSM3998343,10,3.299557708318766,0.0362458101811599,0.19580869539806434,1
GSM3998344,10,3.2788847744659724,0.10340320590533023,0.19370827492339696,1
GSM3998345,10,3.3155494942013743,0.05355733092585056,0.2016553108992795,0
GSM3998346,10,3.2736602787349796,0.06189612925142147,0.19324477787670363,0
GSM3998347,10,3.2905941497804125,0.052301444947088695,0.1956984889166094,0
GSM3998348,10,3.321418244911935,0.015203844300751444,0.19745000444576197,1
GSM3998349,10,3.3190924295399933,0.03554319436585554,0.19157446936095812,1
GSM3998350,10,3.2883043455446264,0.030803894250015576,0.18546915451520188,1
GSM3998351,10,3.3000473281966447,0.04434201893360268,0.1802233760701787,1
GSM3998352,10,3.3439477796922628,0.015182680008241122,0.1852826455412529,0
GSM3998353,10,3.2809451708122115,0.06631580864115943,0.20015887301363244,0
GSM3998354,10,3.271551038284678,0.03707427001112815,0.1799576459967413,2
GSM3998355,10,3.319053402628282,-0.0014376933721023946,0.18411054134711724,1
GSM3998356,10,3.3095311753698167,0.017024612317550862,0.19304094611031417,0
GSM3998357,10,3.311780426458483,0.05072022838515334,0.19912124739933781,0
GSM3998358,10,3.2982570211356608,0.08111556582326455,0.19391285571858688,0
GSM3998359,10,3.246048415688092,0.004538253651268017,0.19710450294351264,1
GSM3998360,10,3.2563599414008064,0.06363976565108684,0.18640243340394283,0
GSM3998361,10,3.3735097931857534,0.005924844139301556,0.2014126787914486,0
GSM3998362,10,3.2377649140976117,0.0641570195493245,0.1854090403804111,1
GSM3998363,10,3.285795152804785,0.07972502886284737,0.19331650631557995,0
GSM3998364,10,3.3037756122537747,0.06757966441623446,0.18974830761534908,0
GSM3998365,10,3.279694229311895,0.019497068149184716,0.19035561372985418,1
GSM3998366,10,3.311852350183364,0.0754872607165146,0.2055822128908329,0
GSM3998367,10,3.278760489316746,0.026288189350637665,0.18348000997663344,0
GSM3998368,10,3.325914024318264,0.004380113777034196,0.19013739712649788,1
GSM3998369,10,3.317879192806282,0.06243705360804705,0.19487803621633906,1
GSM3998370,10,3.2696336076840873,0.054038099006146215,0.16784431519140663,0
GSM3998371,10,3.2953864895732,0.04689397722548774,0.18648016743913204,0
GSM3998372,10,3.30371990057896,0.08170051023272935,0.19022391782606132,0
GSM3998373,10,3.3002762323469805,0.02916836355766444,0.18989779540137164,0
GSM3998374,10,3.271611844961695,0.04462495639297119,0.18827015371006303,0
GSM3998375,10,3.2797088354729222,0.08890211354483803,0.18128817713917036,0
GSM3998376,10,3.2768230487394345,0.053404292086543015,0.19196900171995745,0
GSM3998377,10,3.289299111793338,0.09675378304051216,0.18045033846027206,0
GSM3998378,10,3.2478643198906316,0.050724185449800854,0.19260346081348867,0
GSM3998379,10,3.2675671428844995,0.06654748232620109,0.18594885390309726,0
GSM3998380,10,3.31072585745952,0.08656559614950313,0.18718491513693347,0
GSM3998381,10,3.2786464732864258,0.026163076802250784,0.18792489528774886,1
GSM3998382,10,3.2668782912146046,-0.031415734697835006,0.1909916027482805,0
GSM4957321,10,3.3485032573010325,0.08005003082086602,0.19115435293667182,0
GSM4957322,10,3.3225032482370356,0.08291903915183464,0.18369912016068352,0
GSM4957323,10,3.2917992630836936,0.11313841044461202,0.18724108573220058,0
GSM4957324,10,3.2908919467637596,0.0730002892263797,0.1875836461223086,0
GSM4957325,10,3.389261230646299,0.08796269557273075,0.18533755728403967,0
GSM4957326,10,3.3023265167502163,0.14417204452486038,0.19161280675512088,0
GSM4957327,10,3.295485890181873,0.1214463313234114,0.18650903159397958,0
GSM4957328,10,3.2627139702002284,0.11946054300355603,0.17894398068029083,0
GSM4957329,10,3.35654688913527,0.06806638699909365,0.18628344341579844,0
GSM4957330,10,3.4095197911418897,0.0914742899004176,0.1933434445467561,0
GSM4957331,10,3.2810293153759074,0.1561392131288529,0.1834677340482164,0
GSM4957332,10,3.2913011051038477,0.09708846365450291,0.1915050271364901,0
GSM4957333,10,3.3021951758740387,0.06909033623265214,0.1913834462921199,0
GSM4957334,10,3.3464381566171615,0.09686774776328058,0.17644467911042158,0
GSM4957335,10,3.417989246731008,0.04696689933722154,0.18334971285170815,0
GSM4957336,10,3.3616124118299986,0.11333920329103776,0.19119311539117215,0
GSM4957337,10,3.3836134635025106,0.00827591200074822,0.18241695405041616,0
GSM4957338,10,3.3685653343304045,0.0534432204419939,0.17464708870995913,1
GSM4957339,10,3.4329392844081386,0.05510558620364805,0.1816329890307083,0
GSM4957340,10,3.3377511575606884,0.07003859008384786,0.18272394470622638,1
GSM4957341,10,3.4752159273039105,0.048955915659020806,0.19640141639822292,0
GSM4957342,10,3.4386547090260957,0.07232575431531514,0.18682904860982705,1
GSM4957343,10,3.375961573862476,0.048906781410751644,0.17847353010873318,1
GSM4957344,10,3.333586433753264,0.03820304084406215,0.18607110694078782,0
GSM4957345,10,3.3115423493266882,0.052429444058804134,0.19046010829179447,0
GSM4957346,10,3.3682554715999,0.03145493668597772,0.1818628584083716,0
GSM4957347,10,3.3005423443034387,0.13913563809189294,0.18863859071112968,0
GSM4957348,10,3.291716961241863,0.04502382794799042,0.18547327041685063,0
GSM4957349,10,3.2979899781662594,-0.05561298053455838,0.19534591715483163,0
GSM4957350,10,3.310743468978083,0.0842984324912681,0.19506377073123138,0
GSM4957351,10,3.3816360792686746,0.06439833752613107,0.1878185569551929,0
GSM4957352,10,3.3386311881341024,0.11755172955079839,0.18537879196653823,0
GSM4957353,10,3.305476592429887,0.04199168753690852,0.18284833695007333,1
GSM4957354,10,3.2995829976480797,-0.022207841824388466,0.18317032525384735,0
GSM4957355,10,3.3084249756244186,0.04244575119846373,0.19235012237861923,0
GSM4957356,10,3.333965621270429,0.013215987449517588,0.19496832944519352,0
GSM4957357,10,3.3005528175793484,0.0693428032344884,0.1819632003076959,0
GSM4957358,10,3.318426105773419,0.09215705375775429,0.18577459955698072,0
GSM4957359,10,3.2976826662605,0.05073737426577268,0.1751634292414473,1
GSM4957360,10,3.4368940123968494,0.03616909901230723,0.19882439666888735,0
GSM4957361,10,3.2663054721531712,0.13318478659326446,0.1909328437535713,0
GSM4957362,10,3.3346879761085537,0.07437024317714656,0.18494524607223925,0
GSM4957363,10,3.325597521521154,0.07847887659816945,0.18817724877972247,0
GSM4957364,10,3.3350047121663455,0.08275636763410739,0.19074815352228788,0
GSM4957365,10,3.3873044289110914,0.011220289670006166,0.19505231407763546,0
GSM4957366,10,3.3185259739560125,0.010119963983525243,0.18864185229398076,1
GSM4957367,10,3.3475870863476263,0.038892720640355705,0.2004745435310681,0
GSM4957368,10,3.3136949142997563,0.013911100973434664,0.1834233437376635,0
GSM4957369,10,3.404290840284588,-0.028701316735238864,0.19075960661637884,0
GSM4957370,10,3.346538404434016,0.0019715206448820415,0.18770811433193535,0
GSM4957371,10,3.3584577887049796,0.10893390122326495,0.17970646759976863,0
GSM4957372,10,3.3558144862676764,0.03299871773291058,0.19485088994894267,0
GSM4957373,10,3.326772981831953,-0.0059395248907781265,0.1885661871241832,0
GSM4957374,10,3.3717043876801505,0.0069890701815022655,0.19846152805437908,0
GSM4957375,10,3.3596836905218996,-0.008345826192923669,0.19381806101397941,0
GSM4957376,10,3.3374327743430765,0.010043700990516624,0.18538065810314527,0
GSM4957377,10,3.425232425921676,0.02931590770801127,0.20186244903143843,0
GSM4957378,10,3.308299676111738,0.03279931371941082,0.19862330603904277,0
GSM4957379,10,3.3681836189524934,-0.001393373527597781,0.19943416263046904,0
GSM4957380,10,3.3522866344336966,0.010946336630523357,0.19663256901223508,0
GSM4957381,10,3.3199158924944143,0.1065823327228481,0.1870437240976972,0
GSM4957382,10,3.337876954252961,0.03224399791039068,0.1984961976775273,0
GSM4957383,10,3.299114864171482,0.024581927003811368,0.1822367425041101,0
GSM4957384,10,3.355631387921154,0.04948545413840439,0.1895257240950636,0
GSM4957385,10,3.307587089610042,0.03859446644435013,0.18255894972794295,0
GSM4957386,10,3.360453995137511,0.07766216550406013,0.18341109449589985,0
GSM4957387,10,3.3505766094443836,0.11299901046018497,0.19466464319406065,0
GSM4957388,10,3.340158857868583,-0.027641665908785803,0.199338675661431,0
GSM4957389,10,3.326504801784596,0.07755832831692594,0.19497871950127843,0
GSM4957390,10,3.3259483788576354,0.03349364414025471,0.19487556477693255,0
GSM4957391,10,3.381029968992284,0.1171170540200575,0.18858029272349117,0
GSM4957392,10,3.2926476165711107,0.13654340174491714,0.19328801583286487,0
GSM4957393,10,3.2913180148683687,0.10860519031003528,0.1888384359928093,0
GSM4957394,10,3.3480142364395618,0.0812683476776942,0.18805843621193452,0
GSM4957395,10,3.3534426831760227,0.08652641877225006,0.1782937136221189,1
GSM4957396,10,3.2812214504593036,0.05243447314809218,0.18531148129756722,0
GSM4957397,10,3.3200134182090073,0.022363616472477463,0.191224404147137,0
GSM4957398,10,3.3346524100344372,0.13330061325907294,0.18664424941860447,0
GSM4957399,10,3.2941725060498035,0.10376312598642305,0.18244281935984547,0
GSM4957400,10,3.3324062900084668,0.05504842606775797,0.18891703490532857,0
GSM4957401,10,3.283296243192571,0.037508111873843,0.18977114757158678,0
GSM4957402,10,3.3331278407202842,0.044138733017844975,0.1874046107174698,0
GSM4957403,10,3.3014038883451025,0.10515538674314935,0.17568905835146997,0
GSM4957404,10,3.334087684523954,0.11470254125329445,0.193638564672178,0
GSM4957405,10,3.3643732670372195,0.06736811419892234,0.179382655156595,0
GSM4957406,10,3.2659991301636797,0.1507415075467808,0.17950921208002676,0
GSM4957407,10,3.2846380467938476,0.07692406732141688,0.18828181034827365,0
GSM4957408,10,3.2699650286318898,0.10649175543623396,0.18831697239707473,0
GSM4957409,10,3.4098047612554527,0.06769060423881967,0.2003133044722998,0
GSM4957410,10,3.3500809992320826,0.08461284180043686,0.1847620386185589,0
GSM4957411,10,3.377874275433446,0.07826200940322456,0.19969167574981697,0
GSM4957412,10,3.3857581194193385,0.0861150144803976,0.19104822900655094,0
GSM4957413,10,3.3830850605755938,0.1322595449008866,0.19085937568973682,0
GSM4957414,10,3.361100825859507,0.10743956190778067,0.17870654526464505,0
GSM4957415,10,3.2516728608239123,0.09830775552031934,0.18833303801287066,0
GSM4957416,10,3.339664996762213,0.060967102803986685,0.1992104669001896,0
GSM4957417,10,3.357382386815559,0.07948853210167682,0.18328804750947247,0
GSM4957418,10,3.3613993674069347,0.07977227169714503,0.18406482135205146,0
GSM4957419,10,3.3438128316006543,0.12006624504283074,0.1858651208145111,0
GSM4957420,10,3.3427911605544094,0.08732229924507556,0.1954249477939747,0
GSM4957421,10,3.361527930120958,0.0959875090636155,0.18045360124014334,0
GSM4957422,10,3.365093264809506,0.04456069585287267,0.19517844690633623,0
GSM4957423,10,3.379781820218136,0.08002209986666714,0.19287903739693238,0
GSM4957424,10,3.33106949949599,0.04648287174615818,0.18668272044901266,0
GSM4957425,10,3.363118431110795,0.09517137549311043,0.19031186360217814,0
GSM4957426,10,3.3288399651807317,0.06262528482413074,0.18931022811007872,0
GSM4957427,10,3.3927727085482546,0.0692525953091039,0.18529001016974217,0
GSM4957428,10,3.3380810185914584,0.10254362621471909,0.1926924359188926,0
GSM4957429,10,3.3071302735665213,0.1392744878824085,0.18656586908255945,0
GSM4957430,10,3.3451987796016383,0.10163172227426837,0.18892264385633267,0
GSM4957431,10,3.3381230526401167,0.12810493957900246,0.1868519111758343,0
GSM4957432,10,3.349336196766985,0.08841052775896177,0.1885322316208824,1
GSM4957433,10,3.3140226896810923,0.06032226009083723,0.18849464962264426,0
GSM4957434,10,3.3699173644170832,0.09312624584554975,0.19075870644851856,0
GSM4957435,10,3.326469780185734,0.12357928075667597,0.18727343909626337,0
GSM4957436,10,3.3525483499765443,0.08599689478159168,0.1858748754336063,0
GSM4957437,10,3.384629233281084,0.15799161537793638,0.1850756297827961,0
GSM4957438,10,3.3769976506323975,0.10119827780690267,0.19441988315022027,0
GSM4957439,10,3.3352592431100874,0.13589816742040906,0.19527417031332997,0
GSM4957440,10,3.304033920377225,0.08561074815385347,0.18756764968424997,0
GSM4957441,10,3.386368285534596,0.11810019959868624,0.1888162910523912,0
GSM4957442,10,3.322334964836461,0.07443515056591393,0.19064907244694496,0
GSM4957443,10,3.312424165533787,0.09128294599188178,0.19351318025803302,0
GSM4957444,10,3.3536472170116323,0.1374606397672559,0.183049255562818,0
GSM4957445,10,3.2954767109056733,0.06607085825495332,0.18683164618550965,0
GSM4957446,10,3.326008327072951,0.1229530975509535,0.18901255033296702,0
GSM4957447,10,3.360358707429325,0.08611475852700047,0.18846645508070056,0
GSM4957448,10,3.307947367065462,0.03990016139657797,0.18746149625391317,0
GSM4957449,10,3.3529725335777774,0.1200179281052254,0.1897421866227097,0
GSM4957450,10,3.327463637890107,0.08642991528233922,0.19097272413312522,0
GSM4957451,10,3.3419925111051025,0.05128615520154023,0.1932435865083465,0
GSM4957452,10,3.3205081991207335,0.06368953414204698,0.18977199599552394,0
GSM4957453,10,3.385841104882171,0.12551235774362934,0.19520699828794866,0
GSM4957454,10,3.2790499178054042,0.052865470809642795,0.2035116248440933,0
GSM4957455,10,3.3351433745623784,0.05815249281164957,0.1828107613778328,0
GSM4957456,10,3.280264386668813,0.04680155359480921,0.18712266239894323,0
GSM4957457,10,3.3054157926443275,0.1333771567976102,0.18157185239950907,0
GSM4957458,10,3.3442925486900266,0.015139937637940727,0.18082246408681563,0
GSM4957459,10,3.392615428937663,0.12695253517943603,0.1799950956529614,0
GSM4957460,10,3.3013564440093286,0.09461166259465942,0.1788997379151892,0
GSM4957461,10,3.2858861775482957,0.06003845630786423,0.1891149672277121,0
GSM4957462,10,3.3088814981196615,0.13739440489515323,0.1832610659213059,0
GSM4957463,10,3.421126563306175,0.09304425667397816,0.1923486114309357,0
GSM3758005,11,3.347829018815732,0.17566926021091187,0.19315328838331638,0
GSM3758006,11,3.3920310558446003,0.17821827574214144,0.19118952003234957,0
GSM3758007,11,3.343674526133545,0.17927509344521836,0.1932670808406543,0
GSM3758008,11,3.3509544282594916,0.20888812774926796,0.1923017853844771,0
GSM3758009,11,3.3019760196830195,0.18728834451546314,0.18041185117828193,0
GSM3758010,11,3.420026848627779,0.17045118729051797,0.18886812154146135,1
GSM3758011,11,3.412531332265588,0.11558570124112527,0.18973787368662937,0
GSM3758012,11,3.420370710051541,0.15732037626901385,0.19495132672243062,1
GSM3758013,11,3.350563188608121,0.18691391990248707,0.19079316366943094,0
GSM3758014,11,3.4287445962988143,0.19463805712729224,0.18960354482557398,0
GSM3758015,11,3.3578677607263727,0.2007244975723591,0.18930664677990533,0
GSM3758016,11,3.394743824705217,0.15049722068807933,0.1896574542259822,0
GSM3758017,11,3.436721154104464,0.16851455910950655,0.19456028199773967,0
GSM3758018,11,3.3389901875164827,0.20932158259593744,0.19106896281333066,0
GSM3758019,11,3.435056217625789,0.1355684688085562,0.18843715342322492,0
GSM3758020,11,3.44396843975439,0.15898350633841898,0.19388916056575362,1
GSM3758021,11,3.3501295417859636,0.19004766868644218,0.19223274163622306,0
GSM3758022,11,3.404150648647887,0.17590316353926513,0.18890303508279213,0
GSM3758023,11,3.4233297908013527,0.16415902353596104,0.19338056868932146,0
GSM3758024,11,3.418763641570393,0.13957022473553132,0.18724818636743443,0
GSM3758025,11,3.4175037789884612,0.17410194643007185,0.1882500096157052,0
GSM3758026,11,3.357268760351278,0.22466786840107444,0.1914131584550971,0
GSM3758027,11,3.3925828020093083,0.15847185811685083,0.19871994074085114,0
GSM3758028,11,3.3537898880202737,0.18129524884547515,0.18567141065979065,0
GSM3758029,11,3.357611010948905,0.15782512023808465,0.18553707032043357,0
GSM3758030,11,3.368579738269026,0.1761292913897985,0.18775148796548274,0
GSM3758031,11,3.36987828343617,0.15441381962730477,0.18761162543531604,0
GSM3758032,11,3.3887763875326837,0.15467894532008117,0.1932565186244537,0
GSM3758033,11,3.3121767183030526,0.18340565711940168,0.1907507188442923,0
GSM3758034,11,3.3654092194493783,0.17302478375796984,0.1930551309915282,0
GSM3758035,11,3.4112373534384672,0.15641031613725256,0.1959533839575905,0
GSM3758036,11,3.436111643250741,0.1602230683764797,0.19531163493760145,0
GSM3758037,11,3.4230239342721145,0.17047685540564067,0.19122858480676772,0
GSM3758038,11,3.3974438734611634,0.14979836244048597,0.19171124718966429,0
GSM3758039,11,3.358139868709036,0.1733837559828402,0.18374848471367144,0
GSM3758040,11,3.398293324788211,0.17226550090558154,0.19178703238209438,0
GSM3758041,11,3.4278066279851487,0.14357646397263843,0.19180498695517031,0
GSM3758042,11,3.4171456512185725,0.14872684637847783,0.19376104245351417,0
GSM3758043,11,3.4159800598544483,0.17590186203807995,0.19764004695161194,0
GSM3758044,11,3.4027592442834216,0.16060106711801106,0.18760847991387783,0
GSM3758045,11,3.3847442509215773,0.15213460736933607,0.193014833997459,0
GSM3758046,11,3.397076641161789,0.15913165712642396,0.1892837393185126,0
GSM3758047,11,3.364800496379893,0.1398406246035407,0.201856725175557,0
GSM3758048,11,3.3818153353244007,0.17263263543897825,0.19764055311718992,1
GSM3758049,11,3.3848546374180755,0.14832011261759223,0.1959824415372411,1
GSM3758050,11,3.384134687945206,0.18411091441161123,0.18973881727537725,0
GSM3758051,11,3.440063119640085,0.1671372026754757,0.19837499972953485,1
GSM3758052,11,3.406421669026884,0.16338484261051267,0.18485956971239786,0
GSM3758053,11,3.4031500063692017,0.1743164408163492,0.1862183462200347,0
GSM3758054,11,3.4267387629276076,0.1898968967619047,0.19476438241626157,1
GSM3758055,11,3.3950714022014017,0.1838788644881733,0.19405050743140909,0
GSM3758056,11,3.385970357752797,0.16692489703818303,0.1939625808382935,0
GSM3758057,11,3.373647850814057,0.1819925862583241,0.193740636082271,0
GSM3758058,11,3.351189379383734,0.19192382787131476,0.18941430903325965,0
GSM3758059,11,3.454726824594109,0.16591885899583805,0.19862496620538594,0
GSM3758060,11,3.3903643964136045,0.17211964655250325,0.18965538749517463,0
GSM3758061,11,3.3852211540485198,0.18838166613328064,0.18531170680888828,0
GSM3758062,11,3.402929248269739,0.19416749506750577,0.1915814996496746,0
GSM3758063,11,3.379078645452655,0.1833763953347942,0.19283999969838467,0
GSM3758064,11,3.3913538463032005,0.19864370325728256,0.1951626138145994,0
GSM3758065,11,3.388544157684421,0.1978482207178532,0.19241618241740657,0
GSM3758066,11,3.4277048484376973,0.17746741284072182,0.1890730022748836,1
GSM3758067,11,3.4300194095651233,0.2026319319246001,0.1945235403815214,0
GSM3758068,11,3.35948320108894,0.19334302315387059,0.18462206454066823,0
GSM3758069,11,3.362376829841958,0.18338769569769955,0.19718074734765847,0
GSM3758070,11,3.3878240871942396,0.20114484353229523,0.18918058313279254,0
GSM3758071,11,3.4255952806564838,0.19051731638872563,0.1961334721717282,0
GSM3758072,11,3.374307286734062,0.17905228795374029,0.18720074862788919,0
GSM3758073,11,3.3770915591639845,0.2006507728150496,0.18105612907962138,0
GSM3758074,11,3.4016974431826097,0.16567641093858798,0.19562450805422674,0
GSM3758075,11,3.433505124667995,0.19960259862547422,0.19203746902157887,0
GSM3758076,11,3.4664376732094024,0.15638322615595196,0.1852204223406289,1
GSM3758077,11,3.3852223103845915,0.18428302827127693,0.18794013724711858,0
GSM3758078,11,3.3849170405610045,0.19881775080714822,0.18828773440879407,0
GSM3758079,11,3.3779861261513933,0.1801060872133777,0.19458590225480876,0
GSM3758080,11,3.38951743362026,0.18952119912345153,0.192826576731093,0
GSM3758081,11,3.398090790865544,0.2022782274221399,0.19914632134186463,0
GSM3758082,11,3.3671620109158873,0.1929494161546889,0.19072824729064491,0
GSM3998167,11,3.3887947434429457,0.2047467686948137,0.1913970592709731,0
GSM3998168,11,3.325209072043098,0.20517614010447077,0.18443107665340386,0
GSM3998169,11,3.3499307058798333,0.21912037721193317,0.18875284811997967,0
GSM3998170,11,3.377691998291895,0.18684190976091347,0.1920454491225268,0
GSM3998171,11,3.3838143385528894,0.201528024959963,0.18782627444275135,0
GSM3998172,11,3.3921291941262135,0.18442934364577307,0.19686336782526165,0
GSM3998173,11,3.3740787539361845,0.1804113974392097,0.18613760239831134,0
GSM3998174,11,3.3902293989314614,0.1750708675721788,0.19517390168266313,0
GSM3998175,11,3.42971619155059,0.16157875180712122,0.19844012768323235,0
GSM3998176,11,3.475020071489532,0.1647016320948623,0.19759227320773554,0
GSM3998177,11,3.4287949805181808,0.18883504065316178,0.19262864305877694,0
GSM3998178,11,3.4236085395863842,0.17806129532343312,0.1985972786519659,0
GSM3998179,11,3.3800241193733074,0.19071194185474727,0.19435470880256736,0
GSM3998180,11,3.450858147898858,0.1451724550056035,0.19435779874711084,0
GSM3998181,11,3.4325272862504344,0.18756712017516475,0.20072164149858232,0
GSM3998182,11,3.4429010385619514,0.18248825570567392,0.19912435365721287,0
GSM3998183,11,3.404738102600445,0.2091929574136569,0.19940625720294478,0
GSM3998184,11,3.4114319070294834,0.19353472026610574,0.197793696210262,0
GSM3998185,11,3.361134505092668,0.20029864252567886,0.20196446371485444,0
GSM3998186,11,3.509094112703831,0.16637746951196328,0.20887398921907024,1
GSM3998187,11,3.4109109804907587,0.21368105824143993,0.20111032955475922,0
GSM3998188,11,3.369163371323299,0.18637069161186975,0.1999658990525181,0
GSM3998189,11,3.3785214457422725,0.1702863189269983,0.19972901164883533,0
GSM3998190,11,3.3845881713755688,0.2008491318046918,0.20172313207624454,0
GSM3998191,11,3.3433781990471707,0.20628032882357167,0.19844243412849613,0
GSM3998192,11,3.368487019065546,0.18234187425687623,0.19289173426031422,0
GSM3998193,11,3.368331360497888,0.20307216126445252,0.19369571515815348,0
GSM3998194,11,3.414331239934571,0.2242682535463114,0.20004279545617476,1
GSM3998195,11,3.3503327844075113,0.20733824982988594,0.18355237380010153,0
GSM3998196,11,3.361429184863842,0.1644068671218846,0.18564411053685992,0
GSM3998197,11,3.394260483018291,0.1802285435876265,0.1997374397442958,0
GSM3998198,11,3.3912356744937906,0.1844689672210248,0.1928256775866519,1
GSM3998199,11,3.3126903607222995,0.21537242476450832,0.19144764474844955,0
GSM3998200,11,3.388305980874767,0.17893369754431843,0.1935471878614263,0
GSM3998201,11,3.305788225968667,0.21424936846069786,0.1821037208691808,0
GSM3998202,11,3.3901504824371327,0.17207650818618617,0.1897865323613803,0
GSM3998203,11,3.413853285908601,0.18635024832569735,0.18583279011324894,0
GSM3998204,11,3.3728412646802144,0.17407335604878962,0.18131067573658177,0
GSM3998205,11,3.4095590195726064,0.18530103340949963,0.19803254792628283,0
GSM3998206,11,3.4186634048373103,0.22392078144013497,0.19435029327272557,0
GSM3998207,11,3.3455001685838752,0.2593878611504877,0.18610826644759754,0
GSM3998208,11,3.413082226064425,0.22641156223972309,0.19006052913117427,0
GSM3998209,11,3.3677465934550144,0.24890722090647419,0.19311816871838094,0
GSM3998210,11,3.3653098027235036,0.1562306212319114,0.18123367121879635,0
GSM3998211,11,3.3944923695720943,0.21132886963861203,0.191109343447428,0
GSM3998212,11,3.3912601875058175,0.21952726318429838,0.19179925450958235,0
GSM3998213,11,3.411206642749351,0.17394814001693568,0.2011916031863696,0
GSM3998214,11,3.306772679088399,0.2262523904251329,0.18705021086112747,0
GSM3998215,11,3.3773952414920343,0.25993823733112353,0.19879515800149153,0
GSM3998216,11,3.3861905945550235,0.2389525011182678,0.20675447416011256,0
GSM3998217,11,3.366834422340827,0.23978452772208264,0.1863511795779496,0
GSM3998218,11,3.3152603419817734,0.23944474722016695,0.18460696008981084,0
GSM3998219,11,3.440693397541243,0.15755991238719905,0.19936246935585009,0
GSM3998220,11,3.3583194785912798,0.26691522665818773,0.19525748141070437,0
GSM3998221,11,3.34489160749422,0.2737521411940838,0.19426798511461568,0
GSM3998222,11,3.4073028025910266,0.24008914073366355,0.19267531282456346,0
GSM3998223,11,3.369951746395072,0.2011055509849598,0.1976853957392998,0
GSM3998224,11,3.333698581716168,0.2232450523616336,0.1914394250094112,1
GSM3998225,11,3.2671754036834053,0.18375490241120315,0.18786741334878174,0
GSM3998226,11,3.3551895416771003,0.18599806044151598,0.19206032022310437,0
GSM3998227,11,3.357609196167627,0.12873437668781543,0.19692119909809436,0
GSM3998228,11,3.4380450318417815,0.17355317447372373,0.19986091665450512,0
GSM3998229,11,3.3680657241884515,0.17301446903739667,0.19149138498763751,0
GSM3998230,11,3.3586006612650583,0.20064892151936436,0.18773528664139993,1
GSM3998231,11,3.462849997906972,0.1375405838549057,0.19883605931865497,0
GSM3998232,11,3.3927721077070974,0.2433960571296736,0.17905068709238892,0
GSM3998233,11,3.2909108973537538,0.19145045204976327,0.18615317324502142,1
GSM3998234,11,3.4157767342174616,0.14757261410910713,0.20550988635456166,0
GSM3998235,11,3.3914769675601137,0.17305633608645346,0.19831962969380978,0
GSM3998236,11,3.3906391632853907,0.18087585835805225,0.19143667623382687,0
GSM3998237,11,3.467166765589097,0.12924546889475963,0.19663704873799806,0
GSM3998238,11,3.38398978711989,0.1489614262545725,0.2051721714196663,0
GSM3998239,11,3.419091628845696,0.2048798139415584,0.20717940467946663,0
GSM3998240,11,3.3984552094449207,0.14105983927418334,0.19421520219788027,0
GSM3998241,11,3.406919008723499,0.16791741001652902,0.19675685494601097,0
GSM3998242,11,3.3122536093942667,0.1467520603183222,0.19176541072019299,0
GSM3998243,11,3.387736492937304,0.14740850079758677,0.18291918128375215,0
GSM3998244,11,3.444007230661175,0.1185619149791143,0.19204278738991337,0
GSM3998245,11,3.4026765043040794,0.17817034181360913,0.18578852506903532,0
GSM3998246,11,3.412192535994576,0.15537728113918844,0.1981663630289204,0
GSM3998247,11,3.427642453560048,0.18690679448185846,0.19343051246928106,0
GSM3998248,11,3.384544823705105,0.15228968546056856,0.19927107686873904,0
GSM3998249,11,3.421619199721842,0.2186944177654888,0.1983437250836492,0
GSM3998250,11,3.4234658768220005,0.2037904785865802,0.19786461969087712,0
GSM3998251,11,3.350418573854053,0.1895853256692715,0.19109765647055368,0
GSM3998252,11,3.392052451312726,0.1878848783233844,0.19368235522638128,1
GSM3998253,11,3.3524349408440246,0.17118032586164383,0.19246212752689382,0
GSM3998254,11,3.376011055740998,0.172327887733951,0.18744576890391237,0
GSM3998255,11,3.442551204735398,0.1829801422199696,0.19853944638997334,0
GSM3998256,11,3.434128479381778,0.18490463574690083,0.19544701248817697,0
GSM3998257,11,3.3698059381526533,0.17143365698281984,0.19082582237348994,0
GSM3998258,11,3.3042108015400293,0.22079656975495704,0.1922883707673705,0
GSM3998259,11,3.395644648053506,0.205801565624667,0.18231218812330266,0
GSM3998260,11,3.4032584856979704,0.21018708207689174,0.18206870383839066,0
GSM3998261,11,3.4110461010950464,0.1999539479895122,0.19462971562533,0
GSM3998262,11,3.4002849993062587,0.19571037012871667,0.1957016743979161,0
GSM3998263,11,3.4303813916341617,0.17620090784808293,0.19529800290020774,0
GSM3998264,11,3.397160823125547,0.16735675898989352,0.1949142668190274,0
GSM3998265,11,3.4077330627922295,0.19855353654325736,0.199569684545559,0
GSM3998266,11,3.436975992310655,0.16414095768215542,0.19406791353398173,0
GSM3998267,11,3.472509913636628,0.15578280837609437,0.20272085435622544,0
GSM3998268,11,3.3142984270824316,0.1865753350157051,0.18575123376898267,1
GSM3998269,11,3.4290563126124245,0.1837925991198042,0.20010137100373082,0
GSM3998270,11,3.43972362180852,0.18496659862925738,0.1976057305626517,0
GSM3998271,11,3.4248965601198074,0.19106240912761122,0.2000660563561295,0
GSM3998272,11,3.4718715881078612,0.1218708350201149,0.19944200464569367,1
GSM3998273,11,3.4620318768162868,0.10757358569231734,0.20371058291105515,1
GSM3998274,11,3.4316505711309655,0.18420862603442587,0.1979495222549309,0
GSM3998275,11,3.376477083933463,0.18959843143126165,0.19166838287832286,0
GSM3998276,11,3.399399231735111,0.16590109925997426,0.20399946778809874,1
GSM3998277,11,3.4159313876193576,0.18718242691247133,0.19458786904133119,0
GSM3998278,11,3.3973086333587488,0.14694097324402108,0.1971596528266381,0
GSM3998279,11,3.4360550343637675,0.1332842749192585,0.19707677521548142,0
GSM3998280,11,3.3019770583084656,0.2565392266952836,0.19019389606037954,2
GSM3998281,11,3.3650835780605695,0.1874310361766971,0.1909325881228652,0
GSM3998282,11,3.404699966366556,0.17314165592958286,0.2070144175481806,0
GSM3998283,11,3.4017134472112263,0.18335775474224233,0.18504863692469142,0
GSM3998284,11,3.373801998837106,0.14938652997691554,0.18556998362003105,0
GSM3998285,11,3.315355219439564,0.15149023663455843,0.18648328064175604,0
GSM3998286,11,3.458531171278601,0.16035456985117835,0.19643575502578847,0
GSM3998287,11,3.4190246740720998,0.16296937414638013,0.19530109109576616,0
GSM3998288,11,3.4857737868115595,0.17432018298201454,0.203134770079892,0
GSM3998289,11,3.416126862206591,0.1851626817836563,0.19840959551138668,0
GSM3998290,11,3.371982406286287,0.17502841216298776,0.1921504218519265,0
GSM3998291,11,3.413876627048276,0.16431403586910293,0.2055682762863307,0
GSM3998292,11,3.434967505448634,0.17613708939012643,0.19639545611032702,0
GSM3998293,11,3.4477869166452915,0.11805924357170296,0.20381311997325705,0
GSM3998294,11,3.467122433203984,0.1528502310316726,0.19436049585781798,0
GSM3998295,11,3.4368749936108824,0.1782076064022091,0.2012471536693524,0
GSM3998296,11,3.4490917973202273,0.19455775499382566,0.2052253177536295,0
GSM3998297,11,3.4866453102693553,0.17403789865512953,0.20554528646218193,0
GSM3998298,11,3.441811386219992,0.17408088304200126,0.1903799682787191,0
GSM3998299,11,3.4450746164754555,0.16163536689649843,0.19609279915421873,0
GSM3998300,11,3.417000667522684,0.1956939760651088,0.19404203400292244,0
GSM3998301,11,3.397983772242174,0.1890473228912666,0.1939409007086659,0
GSM3998302,11,3.386896518794995,0.17798087628380305,0.20015339176513094,0
GSM3998303,11,3.428813077455885,0.1604484184124087,0.18575843055058974,0
GSM3998304,11,3.4160592511431154,0.1753413269553133,0.19143447217816992,0
GSM3998305,11,3.446567289396127,0.1765359544459722,0.19424582800300558,1
GSM3998306,11,3.4428775855491636,0.17035455125608323,0.1975440722006643,0
GSM3998307,11,3.4160649062506545,0.18450069674015057,0.19094026991699498,0
GSM3998308,11,3.405065748671624,0.2026045447577944,0.1989931996883241,1
GSM3998309,11,3.397869558152383,0.22315548044248262,0.19373120347789843,0
GSM3998310,11,3.4293170230939887,0.17336529628583297,0.18743653056054432,0
GSM3998311,11,3.452877994941397,0.17522012427050154,0.19358907675884154,0
GSM3998312,11,3.3833537100948154,0.15941850324957568,0.1897052813473609,0
GSM3998313,11,3.4049735635758895,0.1895168726960147,0.18856457228982026,0
GSM3998314,11,3.392552289191358,0.20855559595370668,0.19374543200856117,0
GSM3998315,11,3.413874212629776,0.2204771875502081,0.18893348511496555,0
GSM3998316,11,3.4278376084585727,0.21115283590339007,0.19629849211998399,0
GSM3998317,11,3.415879524475114,0.22049224151579144,0.19907671924680215,0
GSM3998318,11,3.388122489864745,0.21645182866155202,0.19356732902610205,0
GSM3998319,11,3.4269574079261185,0.1817808879388699,0.20136302341206605,0
GSM3998320,11,3.4317484258570983,0.16956522980640173,0.19457825013390928,1
GSM3998321,11,3.4192110113007055,0.19323174206858865,0.1951936347076698,0
GSM3998322,11,3.36839632669579,0.19000226698228745,0.19186513762712926,0
GSM3998323,11,3.422045486374782,0.19815011971151966,0.19240057716107414,0
GSM3998324,11,3.3414162382613077,0.2293202616966243,0.19008568467538137,0
GSM3998325,11,3.4423357580563656,0.20221054152661277,0.19689718974386775,0
GSM3998326,11,3.4178710643005794,0.21101992432823527,0.193861507558012,0
GSM3998327,11,3.299223759510152,0.16901922870889727,0.1920617324475583,0
GSM3998328,11,3.3622954550437627,0.2002770973326898,0.1920840133561819,0
GSM3998329,11,3.389975493339494,0.1575969766208902,0.19355137943357317,0
GSM3998330,11,3.4441121890590094,0.17898051307918358,0.20422283036605235,0
GSM3998331,11,3.3805235301503633,0.2121226037831708,0.1936075072939391,0
GSM3998332,11,3.2770709793729074,0.18632177082731366,0.1854891299649705,0
GSM3998333,11,3.372773386139078,0.18903979621616201,0.17913531810633287,0
GSM3998334,11,3.338176242626141,0.18456150938278654,0.19698844991316924,0
GSM3998335,11,3.3371902873834567,0.17531015601099417,0.18547954795624694,0
GSM3998336,11,3.3921844464082804,0.20145199426640256,0.19504240428832886,0
GSM3998337,11,3.4247959167082196,0.1953743911727817,0.19054255334933004,0
GSM3998338,11,3.3703534755550972,0.1693213145664464,0.18622368336075387,0
GSM3998339,11,3.3761959861125255,0.20570981942887073,0.18240118672706881,0
GSM3998340,11,3.392665439631757,0.20601640964331916,0.19154598359208072,0
GSM3998341,11,3.412160250167539,0.17155309721257161,0.18673744353580568,0
GSM3998342,11,3.3328970677348013,0.24930141278598214,0.19116166273466906,0
GSM3998343,11,3.384893069709425,0.11463488084325339,0.18654584127717447,0
GSM3998344,11,3.376524430796616,0.1544312608472851,0.19040230879367256,0
GSM3998345,11,3.394471081761023,0.1504529435530422,0.18703067675721308,0
GSM3998346,11,3.3734164701909672,0.16127561067877955,0.1840626040105428,0
GSM3998347,11,3.3746172691220324,0.14190437585209817,0.1941955105899213,0
GSM3998348,11,3.3869412800703853,0.12440426588561851,0.18715375034153978,0
GSM3998349,11,3.3939034705910087,0.14078927799398525,0.18614437616348034,0
GSM3998350,11,3.377191990663843,0.116086475455114,0.20134010126340973,0
GSM3998351,11,3.398599266863848,0.10776089343077075,0.18740322938871548,0
GSM3998352,11,3.407510107898344,0.12382652018412842,0.1901880447526444,0
GSM3998353,11,3.405631181437853,0.14648984639025206,0.18758362031211354,1
GSM3998354,11,3.374695041725836,0.13804785825816968,0.19754566796315473,0
GSM3998355,11,3.368537525742928,0.12688557086415797,0.19738787693572954,0
GSM3998356,11,3.39883192592233,0.12660041723435544,0.18901435094800173,0
GSM3998357,11,3.4068209224014327,0.09504874041781479,0.18888993613281402,0
GSM3998358,11,3.397139534612529,0.13356894945832767,0.18861309441400034,0
GSM3998359,11,3.275579237589264,0.13764853491579307,0.18695266670909166,0
GSM3998360,11,3.3296294430042983,0.1797028735793261,0.18799950578106137,0
GSM3998361,11,3.393112498034414,0.19508686038951703,0.19545074312523936,1
GSM3998362,11,3.3393986243777958,0.12734713858415772,0.19690713400405466,0
GSM3998363,11,3.396531294903912,0.15349595937061358,0.19282968043413734,0
GSM3998364,11,3.381799223189386,0.15053232591468402,0.18572988181762923,0
GSM3998365,11,3.3361189123005506,0.13920699266743258,0.18525042452929721,0
GSM3998366,11,3.3655313958079107,0.17958694722378712,0.18681715544889868,0
GSM3998367,11,3.335991917588304,0.17199256692264722,0.1942962529849519,0
GSM3998368,11,3.359414602418406,0.16077741229031567,0.19369330705879054,0
GSM3998369,11,3.390804609811322,0.1490626780305633,0.1845131596013782,0
GSM3998370,11,3.3003517513848353,0.20829843080506355,0.18247509217379296,0
GSM3998371,11,3.3298915872107484,0.18038387858305177,0.1950874240686677,0
GSM3998372,11,3.3158991072489408,0.23459712476501487,0.1846847813221113,0
GSM3998373,11,3.343100252396198,0.16110251462225048,0.1904813011358594,0
GSM3998374,11,3.3063207401690367,0.2243927014190951,0.19431432806696047,1
GSM3998375,11,3.3709670240870704,0.18426651650918024,0.18914064620803556,0
GSM3998376,11,3.305491690084934,0.21580496683549225,0.1911183036915487,0
GSM3998377,11,3.371971871099103,0.1812842093254949,0.19379199409189699,0
GSM3998378,11,3.263601462896713,0.20630156609075684,0.19115833592581563,0
GSM3998379,11,3.3103756939761344,0.21823207332900282,0.18524584552874515,0
GSM3998380,11,3.356679117731944,0.177506708839734,0.19080448595353663,0
GSM3998381,11,3.3214108430934552,0.14796942078193895,0.18674076895152378,0
GSM3998382,11,3.2766610391475868,0.1597256851140202,0.19389789734515503,0
GSM4957321,11,3.4386224420272082,0.14618192149187617,0.19170177269013508,0
GSM4957322,11,3.4016742747461675,0.15498531753181985,0.18720910525626264,1
GSM4957323,11,3.359180086942486,0.2181844314697453,0.1926081625785489,0
GSM4957324,11,3.3263129429034435,0.19321488218314745,0.1887228912101824,0
GSM4957325,11,3.441937308571088,0.17432094804520515,0.19814331663822593,0
GSM4957326,11,3.3613448491773057,0.2674680322012358,0.20723573334621992,0
GSM4957327,11,3.3503680344620803,0.21907032523510434,0.18892517964606093,0
GSM4957328,11,3.340534716526508,0.22522253364479067,0.1958500501019899,0
GSM4957329,11,3.39548461781037,0.1928056846752029,0.19082250121818906,0
GSM4957330,11,3.4635936600268296,0.21765283767465757,0.197966748083764,0
GSM4957331,11,3.352668299043179,0.2921027581231079,0.19485797122270304,1
GSM4957332,11,3.3570832830115482,0.23421506295476205,0.18601891058475256,0
GSM4957333,11,3.360797251336369,0.20183150067070985,0.1929810362916981,0
GSM4957334,11,3.3840074536565874,0.20593396751332912,0.1949819210771328,0
GSM4957335,11,3.4829037132804066,0.10320985498021522,0.2006614867680477,1
GSM4957336,11,3.4186311827359366,0.25072998841949035,0.19692478878895295,0
GSM4957337,11,3.360975949411723,0.17525343284619407,0.1886082778149423,1
GSM4957338,11,3.378573104068724,0.1637273692045471,0.19348779340249872,0
GSM4957339,11,3.499286919383149,0.11761150317217041,0.20270676464033918,0
GSM4957340,11,3.3783888581468844,0.17924793142721931,0.1946117877353911,0
GSM4957341,11,3.527804099048268,0.1095850771013086,0.1965546197783154,0
GSM4957342,11,3.5235626280963146,0.12802249009282962,0.20788948107911354,0
GSM4957343,11,3.4477046965771465,0.1601145711568687,0.20286637503281715,0
GSM4957344,11,3.380102343082515,0.16547863338956054,0.18881910448503653,0
GSM4957345,11,3.343412833683734,0.19576379361698476,0.19576879637492353,0
GSM4957346,11,3.435704231045676,0.1252569168162913,0.18988393033158044,0
GSM4957347,11,3.385364276410213,0.232097974566331,0.1964566741210189,0
GSM4957348,11,3.3469977721661084,0.17420295490143034,0.1873297036276017,0
GSM4957349,11,3.281402394420029,0.1224623904743445,0.18812766638055511,0
GSM4957350,11,3.353260381434939,0.23164019045606102,0.19492961532826658,0
GSM4957351,11,3.4300182570814677,0.17476436222445904,0.18841612840893993,1
GSM4957352,11,3.403655123429607,0.20985585431902137,0.18999578224009667,0
GSM4957353,11,3.344898260407377,0.16953653569858423,0.19074931151872448,0
GSM4957354,11,3.3295535719163434,0.11762206148784556,0.19017930637997207,0
GSM4957355,11,3.309060838560936,0.22016918710094618,0.1852429971976474,0
GSM4957356,11,3.3509181292670456,0.1633334239696599,0.1873545929513424,0
GSM4957357,11,3.385581675718241,0.16148064385834354,0.1922326083082577,0
GSM4957358,11,3.400912578516655,0.187664257536204,0.18255200481074524,0
GSM4957359,11,3.3529460617543174,0.16838073732602138,0.19009024288385917,0
GSM4957360,11,3.45626039911538,0.18247382647871066,0.19293068854242398,0
GSM4957361,11,3.366939179188667,0.22203990197027146,0.1959932276832513,1
GSM4957362,11,3.3835322190782766,0.19698082567299788,0.20013206663667057,0
GSM4957363,11,3.385737243326268,0.18931993077647308,0.1862123924575254,0
GSM4957364,11,3.4194949738370437,0.17280666949819531,0.18813673918963822,0
GSM4957365,11,3.465615255221411,0.10955158994830376,0.2071932553922336,0
GSM4957366,11,3.3228080224758982,0.21248246135106982,0.19349793214489733,0
GSM4957367,11,3.4065193298443672,0.2027285081343722,0.1910566234802715,0
GSM4957368,11,3.3546811187982177,0.2038763759685507,0.18446344877235643,0
GSM4957369,11,3.4235902858131992,0.14138804486130538,0.19236279098457448,0
GSM4957370,11,3.4133139884323205,0.09910368352394193,0.19624957949241278,0
GSM4957371,11,3.4536524136088786,0.20615637939722528,0.19076886219356584,0
GSM4957372,11,3.4457674816618806,0.11764778746581908,0.19461465394402164,1
GSM4957373,11,3.3592675030298498,0.17729042089058109,0.18937296211043697,1
GSM4957374,11,3.431078557984302,0.15302070856655384,0.19393346367119518,0
GSM4957375,11,3.377211447818369,0.1652162151451356,0.1885037855658851,1
GSM4957376,11,3.380548739681885,0.17247338612987143,0.18858023365854523,1
GSM4957377,11,3.495048433100143,0.14480930393208957,0.19944562636034832,1
GSM4957378,11,3.371103345516336,0.18928587783603243,0.18203006703373503,0
GSM4957379,11,3.391728335199872,0.1573848631472133,0.1957339118450514,2
GSM4957380,11,3.4192112336872955,0.1415085789392193,0.19016917770443223,0
GSM4957381,11,3.40599641160422,0.1710523698480912,0.19126890326482873,0
GSM4957382,11,3.3715996110694775,0.19097989246186914,0.18716099657665924,0
GSM4957383,11,3.381553185467661,0.144005937378795,0.18875395732998454,0
GSM4957384,11,3.4131947957724122,0.15318649993245895,0.18763319075149668,0
GSM4957385,11,3.3236425706724,0.20479705674030338,0.18515929016402166,0
GSM4957386,11,3.431204696426998,0.17908155063494446,0.18556043142852655,0
GSM4957387,11,3.423095484982006,0.20077732929974607,0.18529451421507287,0
GSM4957388,11,3.2996501350264333,0.18971346754514984,0.1862722137581162,0
GSM4957389,11,3.347343033141762,0.23428765215067615,0.19546021959335497,0
GSM4957390,11,3.378861739192038,0.15335790464287,0.19057012457707181,0
GSM4957391,11,3.384072012346279,0.29725041096535226,0.20035977904704863,0
GSM4957392,11,3.4029979476987977,0.20488126070237303,0.19095147533433754,1
GSM4957393,11,3.3566969710532244,0.20244695691820422,0.19609264199317475,0
GSM4957394,11,3.423549662495766,0.1607410068437563,0.18276509907583458,0
GSM4957395,11,3.3650373283966633,0.21313765977441154,0.1860063570585722,1
GSM4957396,11,3.3881674022006285,0.15854364104857874,0.18893450514554153,0
GSM4957397,11,3.3872217396837385,0.14114516194012583,0.1905105292582216,0
GSM4957398,11,3.426664902378803,0.1975747573411363,0.19203942471532456,0
GSM4957399,11,3.3507478632694396,0.2121361164975271,0.18895014568687163,0
GSM4957400,11,3.3705340628591225,0.19704823842905433,0.19133315328227588,0
GSM4957401,11,3.3039040182923833,0.21238800288637702,0.1920729344822401,0
GSM4957402,11,3.4229110903445616,0.11667269728755932,0.18952941221799938,0
GSM4957403,11,3.36106337078797,0.250953471297872,0.19333061037217072,0
GSM4957404,11,3.40989054199195,0.24889460197828106,0.19232252179716844,0
GSM4957405,11,3.412497392506412,0.1970835754787178,0.19014463391863315,0
GSM4957406,11,3.374932126736678,0.21652970566077615,0.19698456143845305,1
GSM4957407,11,3.31629705540234,0.21825790945025175,0.1846631980324451,0
GSM4957408,11,3.3676918172121315,0.2259422972093029,0.19948146034598307,0
GSM4957409,11,3.5093412553742747,0.11078517050659989,0.19765638987050702,0
GSM4957410,11,3.4251701200134232,0.19546007235081514,0.19022856848499337,0
GSM4957411,11,3.4674356027756783,0.16844168016745642,0.19239955220080895,1
GSM4957412,11,3.4453938303462848,0.19612590878073916,0.190535574091934,0
GSM4957413,11,3.482005863441173,0.16948967296427064,0.20173637817175535,0
GSM4957414,11,3.424581586458575,0.18878773408014915,0.1870267996393911,0
GSM4957415,11,3.3370968982631046,0.18212455771273686,0.19157399883537057,0
GSM4957416,11,3.4013740341982053,0.1695465853195751,0.2014195841451096,0
GSM4957417,11,3.4310781010605096,0.1454114560829127,0.1892887255217335,0
GSM4957418,11,3.4410760122010067,0.16261925284984793,0.19243397348698354,0
GSM4957419,11,3.429257942850014,0.24063779488137588,0.19390033569105755,0
GSM4957420,11,3.4071101098582512,0.1943852629418472,0.19542445803293862,0
GSM4957421,11,3.425405573482478,0.18976280716016003,0.19146379842732775,0
GSM4957422,11,3.4225408574427436,0.14998627675172416,0.1954558525552259,0
GSM4957423,11,3.452337204397392,0.17522688723472,0.1997719657417462,0
GSM4957424,11,3.4024763702258225,0.1457376078085573,0.18993336408360956,0
GSM4957425,11,3.433514452036383,0.16295122870158915,0.18960779304967168,0
GSM4957426,11,3.36266733713173,0.18085117977915582,0.19289050694075618,0
GSM4957427,11,3.4487034446015716,0.177914622009731,0.1989471309014105,0
GSM4957428,11,3.3666454733685565,0.2237930700841671,0.19465570202668966,0
GSM4957429,11,3.4518631176122,0.1906886781176974,0.19667374318544972,0
GSM4957430,11,3.424921750974668,0.19013333948436872,0.19651545080418922,0
GSM4957431,11,3.429958479955766,0.1985572841511413,0.2042189200099745,0
GSM4957432,11,3.4508634901475275,0.15929389686268186,0.19687094403605812,0
GSM4957433,11,3.4122168599163363,0.14578647590109645,0.19529164595578438,0
GSM4957434,11,3.481149510540897,0.15051306930409797,0.19313753024802896,0
GSM4957435,11,3.3901371544265024,0.21799569894340012,0.1866917336678618,0
GSM4957436,11,3.426812692616498,0.17610489324455286,0.19759189313059905,0
GSM4957437,11,3.4718231828013115,0.21153340574232152,0.19954760411313532,0
GSM4957438,11,3.4335178032279527,0.22698315789654896,0.19767980101061614,0
GSM4957439,11,3.4020634659063167,0.23255461585965356,0.19968008137256488,0
GSM4957440,11,3.3542970905869307,0.18413162922106321,0.20246385688138627,0
GSM4957441,11,3.5172643756209787,0.16842537438737346,0.19434165937844092,0
GSM4957442,11,3.4291774882696986,0.12679983034704068,0.19367814975331432,0
GSM4957443,11,3.4084766429918547,0.16686509707957595,0.1992337464368451,0
GSM4957444,11,3.4192256564815424,0.2459802519557501,0.19967907234364754,0
GSM4957445,11,3.314197107968252,0.21717037232342118,0.20371951331245408,0
GSM4957446,11,3.3989435996126813,0.21290591125944738,0.2005568904480113,0
GSM4957447,11,3.4067822069801514,0.1969689609876188,0.20206550460824846,0
GSM4957448,11,3.344120814745414,0.17262458518306983,0.1938230724082303,0
GSM4957449,11,3.436234368123224,0.19922574441662014,0.19836981211101734,0
GSM4957450,11,3.4029267389735005,0.1735292737782623,0.1948504348539286,0
GSM4957451,11,3.3917263770489914,0.17493655095390345,0.1976036628865674,0
GSM4957452,11,3.426423374463758,0.13878447746847816,0.18359647247188293,0
GSM4957453,11,3.435691907871418,0.24101087203194138,0.19064287352232875,0
GSM4957454,11,3.3136458272704217,0.22926917047182457,0.19517063372801174,0
GSM4957455,11,3.421235363614745,0.1547461151908821,0.19140970580028874,0
GSM4957456,11,3.3072031134172493,0.21187182001428276,0.18816752021742822,0
GSM4957457,11,3.4058150508493132,0.20842715989378244,0.19338178113686288,0
GSM4957458,11,3.3962183407186797,0.15781147212994878,0.19460859523511265,1
GSM4957459,11,3.443081073081756,0.25746328581438055,0.20444101842398815,0
GSM4957460,11,3.349935424687621,0.24213808421095417,0.18885239083231778,0
GSM4957461,11,3.329583547531215,0.19233934342350048,0.19026890701556254,0
GSM4957462,11,3.386365866357127,0.22817164768216636,0.19889250189945643,0
GSM4957463,11,3.4979737940706404,0.207743317429151,0.20548189074335663,0
GSM3758005,12,3.4024170679264034,0.10502911691033948,0.18516701990490333,1
GSM3758006,12,3.4389328646118247,0.0888354453871569,0.19521192727543446,0
GSM3758007,12,3.415047081158584,0.08416051665014415,0.1880511618116157,0
GSM3758008,12,3.389923841761705,0.1222461547462695,0.1940767693046281,1
GSM3758009,12,3.3322707379743224,0.13828003279721,0.18541083287005525,1
GSM3758010,12,3.471731451547079,0.07868157426984465,0.19198473430554736,0
GSM3758011,12,3.407252902546102,0.10213099666242002,0.19768162323338556,1
GSM3758012,12,3.4228150460051627,0.1208371460020882,0.18532344633762432,1
GSM3758013,12,3.3943916287534472,0.11306994506807731,0.19342908778503876,2
GSM3758014,12,3.45002315423774,0.12476502982453272,0.19164478977248436,1
GSM3758015,12,3.4051503370898457,0.11015401314189142,0.18959566085965315,1
GSM3758016,12,3.408634087379299,0.0959797799762317,0.19739128122400623,1
GSM3758017,12,3.4488437538574295,0.08976814370175737,0.19500160094363245,1
GSM3758018,12,3.3703889897716084,0.12725243219734822,0.1907563564011649,1
GSM3758019,12,3.4342014025938377,0.09786643875089486,0.18678189464718417,1
GSM3758020,12,3.4621879879148136,0.10007505822535062,0.20124218871546273,1
GSM3758021,12,3.3787840180906272,0.11620603799719198,0.19304481690215325,1
GSM3758022,12,3.463861156637831,0.08864229809588382,0.18261209248149823,2
GSM3758023,12,3.446102512238253,0.09527528895321859,0.19498039716164106,2
GSM3758024,12,3.4330004617239136,0.09405043042798167,0.19000421391506186,0
GSM3758025,12,3.451438168502564,0.09734550408100713,0.19073050764661584,0
GSM3758026,12,3.41057943492992,0.11520049604547962,0.18205012744799645,2
GSM3758027,12,3.447138724076503,0.07172624219673208,0.1945836539494734,1
GSM3758028,12,3.4193288446876346,0.07935242010004374,0.19222035159360637,1
GSM3758029,12,3.3943281398290015,0.09008852402059232,0.19027228463072343,2
GSM3758030,12,3.3902605806384,0.11672058178389026,0.1929829392262292,1
GSM3758031,12,3.425439325418467,0.07486631024574011,0.19094207622019996,0
GSM3758032,12,3.436582964555195,0.0775548361815031,0.18868980809052507,1
GSM3758033,12,3.378379799908487,0.10300570646808241,0.19487229710540988,1
GSM3758034,12,3.403138207507394,0.09897010975225634,0.19798288754142804,0
GSM3758035,12,3.4366852216726738,0.0912576438349454,0.1920305472572601,1
GSM3758036,12,3.4453668482914304,0.10524537336572348,0.18911633133565559,0
GSM3758037,12,3.4612625164700423,0.09524756073031086,0.18622947903422904,1
GSM3758038,12,3.4499078627294564,0.06662092328371867,0.18932871472119045,1
GSM3758039,12,3.4237283352315466,0.09046791678277817,0.19171743067383978,0
GSM3758040,12,3.4258820004584063,0.1068620835834571,0.19007074453588463,1
GSM3758041,12,3.4611124482942706,0.07856152510900818,0.19146007568394183,0
GSM3758042,12,3.4530771600869223,0.07695698209468503,0.19841537556547567,0
GSM3758043,12,3.453170241682333,0.09815180301586426,0.18828695649897112,1
GSM3758044,12,3.44625898185646,0.09899652162670725,0.19341991529675134,0
GSM3758045,12,3.4242648244720564,0.10643459406134873,0.18028234965644685,1
GSM3758046,12,3.4504297042106624,0.08056100400178878,0.18676406163465845,1
GSM3758047,12,3.39139483092801,0.10232285657909629,0.17850994752570018,1
GSM3758048,12,3.434998988146446,0.0949000268779943,0.19399935408160743,1
GSM3758049,12,3.410818644033468,0.09973812493278299,0.1989832747484966,0
GSM3758050,12,3.427123044913806,0.08987230153996316,0.19009427246472949,0
GSM3758051,12,3.4780567036610623,0.09019452429735478,0.19106276540518846,1
GSM3758052,12,3.44919313992814,0.08188315280453257,0.1928194678246989,1
GSM3758053,12,3.425126909975322,0.11140498269965846,0.1873192880707403,2
GSM3758054,12,3.4388088391509295,0.10979506532121033,0.18326932452185102,2
GSM3758055,12,3.417384161909774,0.10400666600250105,0.189786532269555,1
GSM3758056,12,3.4466607036638885,0.08947290888707188,0.18782926891094345,0
GSM3758057,12,3.410904577098223,0.10668419119154189,0.20149765009497786,0
GSM3758058,12,3.385463231580717,0.10741018432410782,0.1914563715901138,1
GSM3758059,12,3.4627127782399696,0.10245879827953477,0.1997063834401816,0
GSM3758060,12,3.4459822348461095,0.08713084456296263,0.18875478020584105,1
GSM3758061,12,3.4308673107721184,0.10212401897858239,0.1968473050403528,0
GSM3758062,12,3.4526703631436577,0.08382013585696468,0.18874242995784832,1
GSM3758063,12,3.4161823200814747,0.11220274999460166,0.18442472519360167,0
GSM3758064,12,3.428738277965104,0.10340023681726729,0.18833411893242963,2
GSM3758065,12,3.402162347072945,0.11261124461023209,0.18749778007800416,2
GSM3758066,12,3.4427175215390347,0.10552278745160325,0.1939420502932722,2
GSM3758067,12,3.4729881463138383,0.10073057634446361,0.19633671099140318,0
GSM3758068,12,3.4426389304462,0.08605082136139897,0.192217144083653,0
GSM3758069,12,3.3993298442092943,0.10494327005653999,0.19017466337325292,1
GSM3758070,12,3.4349422850378497,0.09943841266155898,0.18686472145064612,1
GSM3758071,12,3.4651194765354267,0.10548128667587763,0.18374197762824698,1
GSM3758072,12,3.4462721694816207,0.07956534820515543,0.19124749109828332,1
GSM3758073,12,3.432157766281222,0.11238117101302503,0.18905671374907734,2
GSM3758074,12,3.4332575597296886,0.11420531485583851,0.19510096552943318,1
GSM3758075,12,3.486428653977461,0.10388684627006446,0.1931080544824005,1
GSM3758076,12,3.4800944664356597,0.11070638382398952,0.2003918307034129,0
GSM3758077,12,3.433265931300326,0.11503290388532772,0.18975404528804632,0
GSM3758078,12,3.438689797279727,0.10449189596485096,0.1871736208777314,2
GSM3758079,12,3.3874138132639886,0.13009063611640828,0.1839300925927301,0
GSM3758080,12,3.41041941956086,0.11337760776218968,0.18444217779150446,1
GSM3758081,12,3.4498073238059344,0.11581558667532181,0.18926407218097815,1
GSM3758082,12,3.4209790960817013,0.10912640782781825,0.1832513485348327,1
GSM3998167,12,3.43592384955791,0.1281010826854018,0.19982180070505687,1
GSM3998168,12,3.3892792417390845,0.10983513103861364,0.1875611144442,1
GSM3998169,12,3.3583359781330944,0.15484145270520297,0.19696304856184665,2
GSM3998170,12,3.4044048668448954,0.12060186762036991,0.20195277695237165,0
GSM3998171,12,3.4376897974660396,0.10436786371924656,0.18593934740956455,1
GSM3998172,12,3.399530041344219,0.14127470927156227,0.1949919895163052,1
GSM3998173,12,3.4277425322349773,0.08780537846061852,0.19175476433214173,2
GSM3998174,12,3.406404107255587,0.12858720822226408,0.19020050210782713,1
GSM3998175,12,3.475331131381979,0.09900284894561853,0.18890455991349092,1
GSM3998176,12,3.4770756132519294,0.11718773630172152,0.19023747474906366,2
GSM3998177,12,3.4502596536533043,0.12894386122195609,0.18772885778251902,1
GSM3998178,12,3.4109847210303235,0.14116282826678042,0.19239672086012863,1
GSM3998179,12,3.414189973861409,0.12195458369088354,0.1865656925218824,1
GSM3998180,12,3.4722016322804095,0.08909021310432663,0.18673430977138525,2
GSM3998181,12,3.455642616776783,0.12958997054052984,0.1920432285550785,1
GSM3998182,12,3.468185590862302,0.13512019922571705,0.18705238146042957,1
GSM3998183,12,3.4228913472687834,0.14898281657420073,0.19648924324452938,1
GSM3998184,12,3.440304307310424,0.11245471872149819,0.18918075878777965,1
GSM3998185,12,3.4454033404467324,0.11308549846290959,0.19095080220809138,1
GSM3998186,12,3.4751483005060773,0.15378975328209427,0.18004760236710463,2
GSM3998187,12,3.4060118342908186,0.16286992741269823,0.20275332313245473,1
GSM3998188,12,3.4120516754228936,0.1314010217290034,0.19445065868517067,1
GSM3998189,12,3.3865124484433102,0.1456086958504842,0.18666527524169405,1
GSM3998190,12,3.4146046242836894,0.14389202343546478,0.1894356889765773,1
GSM3998191,12,3.365892828520872,0.15163860005152657,0.1989356029189275,1
GSM3998192,12,3.3978231160680497,0.1292451601047788,0.19387877760401478,1
GSM3998193,12,3.392582510980301,0.1411285432967041,0.19374539212327013,1
GSM3998194,12,3.4361158584993468,0.15431362631587858,0.19280414620457612,2
GSM3998195,12,3.380557601707146,0.1324161996154876,0.19055549091086235,2
GSM3998196,12,3.3826172434825335,0.09537337913206072,0.2007972782936153,0
GSM3998197,12,3.4275550424074406,0.11775615686877046,0.18995970329191553,2
GSM3998198,12,3.4283749768117318,0.1131727661946404,0.18677682337681648,3
GSM3998199,12,3.354818415205115,0.11928360911556178,0.19471819843856553,0
GSM3998200,12,3.4447687054963634,0.11311693866428275,0.1813611760449298,1
GSM3998201,12,3.4032230001999,0.09218429406148088,0.19034560667222117,1
GSM3998202,12,3.439941837426929,0.08915211522480418,0.19901836019379918,1
GSM3998203,12,3.4279210138241285,0.11485750841895251,0.19738730230592755,2
GSM3998204,12,3.4123577787859345,0.09977785688803313,0.19279905311853454,0
GSM3998205,12,3.428452935868355,0.11168530263422911,0.1919824325851702,3
GSM3998206,12,3.4403569446466413,0.15090768402842142,0.1911211566366383,2
GSM3998207,12,3.4116739973100128,0.1395633864112395,0.19324782953175934,1
GSM3998208,12,3.446998036521148,0.14526209300423537,0.19446235049514274,1
GSM3998209,12,3.403958807093445,0.14708599017669996,0.1881958141767582,3
GSM3998210,12,3.3994387047800996,0.10998660731687854,0.18337133365011715,1
GSM3998211,12,3.403906028794328,0.12287650872459416,0.1873950812951917,2
GSM3998212,12,3.4329151732924807,0.13349773867966266,0.18999152758393997,2
GSM3998213,12,3.466079505132333,0.09357833151525467,0.19534697554428337,1
GSM3998214,12,3.3852973912342623,0.11655112202676533,0.1965923218600517,1
GSM3998215,12,3.449702480504494,0.1350964089503218,0.18951744998835926,1
GSM3998216,12,3.4149118025069134,0.1684562069940352,0.19158271550718053,1
GSM3998217,12,3.3605018180363126,0.20563990520519915,0.19867970688085657,0
GSM3998218,12,3.347755492916815,0.15838372224567088,0.19044262919555036,1
GSM3998219,12,3.4606698475372437,0.12604397036450962,0.1880713735832981,1
GSM3998220,12,3.3994692615193634,0.1879194266702766,0.19648076026569727,0
GSM3998221,12,3.388689702390811,0.16165416363670368,0.19772446456875262,1
GSM3998222,12,3.4315850964099037,0.15870995353725195,0.18623104260585913,1
GSM3998223,12,3.3550727083996033,0.15989024760042686,0.19220592497748495,1
GSM3998224,12,3.363640107993191,0.14890529602358155,0.20073245897467173,1
GSM3998225,12,3.337864378117789,0.0849241409693112,0.19089927956080824,1
GSM3998226,12,3.4315674970252057,0.10631584437592415,0.18410002993261743,1
GSM3998227,12,3.3821713458791884,0.10133521903253072,0.19835181175439523,0
GSM3998228,12,3.4277871631341457,0.1475117940863765,0.18222297145691063,1
GSM3998229,12,3.45622005734166,0.050834418522887136,0.1859524676282021,0
GSM3998230,12,3.4415213097919697,0.08598797587876121,0.199946731195762,1
GSM3998231,12,3.471637001998484,0.10434822487139975,0.187425952676614,1
GSM3998232,12,3.412097676085699,0.1689293224201992,0.2008009389811472,0
GSM3998233,12,3.370042747602805,0.07957356819902976,0.19011296861209956,0
GSM3998234,12,3.4545581901325257,0.08828828261945058,0.19343604536897457,1
GSM3998235,12,3.4312479302982233,0.12424282807137536,0.187783259148101,1
GSM3998236,12,3.438204267621169,0.09940899356979448,0.18455567700775916,1
GSM3998237,12,3.4858793508216857,0.08542989946493795,0.18383693841405224,1
GSM3998238,12,3.422956907855663,0.097535363118557,0.1927219230972065,0
GSM3998239,12,3.4653611314086334,0.12000877175304929,0.18404791099955703,1
GSM3998240,12,3.445235672506652,0.07311174215913328,0.18932341347544654,0
GSM3998241,12,3.451361516719419,0.08103301122080853,0.18634246216297556,1
GSM3998242,12,3.3588436360440577,0.06220724786778302,0.20060746877949756,0
GSM3998243,12,3.4294064814530927,0.060349121908059716,0.19349643261051563,0
GSM3998244,12,3.4557875611264905,0.07270448909303809,0.19251100511062105,1
GSM3998245,12,3.4657596379578828,0.06244981292138004,0.18546945568308598,0
GSM3998246,12,3.449117829741899,0.07647805932269906,0.19091355388335443,1
GSM3998247,12,3.42664227790924,0.1576065726092467,0.1883725778697103,1
GSM3998248,12,3.434429518180694,0.0836035147212235,0.1855328607905623,1
GSM3998249,12,3.4427888267790134,0.14752063045130032,0.1894981835349273,0
GSM3998250,12,3.471088846957099,0.1039319162317247,0.19112862637606598,0
GSM3998251,12,3.3898048825998464,0.1094122341720121,0.18774007393211103,0
GSM3998252,12,3.445070879048128,0.08447289776506331,0.19517112818562604,0
GSM3998253,12,3.442229124139829,0.08057775444673139,0.18426039979473133,1
GSM3998254,12,3.4001452888868453,0.12059180312458216,0.18683305422378235,0
GSM3998255,12,3.449210459262636,0.14422640104600448,0.1934462829562676,1
GSM3998256,12,3.455698093914545,0.09901103105100256,0.18566542598972757,0
GSM3998257,12,3.416418245360468,0.09667127779481038,0.1878995762294059,0
GSM3998258,12,3.361373503535253,0.1488839308980017,0.19135015657181403,2
GSM3998259,12,3.4656400742788334,0.10570343353447541,0.18796175269520302,1
GSM3998260,12,3.408786176477178,0.13926307012781225,0.20042860978289434,0
GSM3998261,12,3.4599140629148253,0.10554563130167477,0.19402689878608043,1
GSM3998262,12,3.4527400746183132,0.12357043734708549,0.19229749524077264,1
GSM3998263,12,3.445662293933258,0.12084499831218594,0.19188644862596774,1
GSM3998264,12,3.4338008858642675,0.12853324603099528,0.185367709773438,1
GSM3998265,12,3.4725142355780863,0.1133124694621177,0.19868341285915112,1
GSM3998266,12,3.456333991574262,0.14768878214521278,0.19181132736335052,1
GSM3998267,12,3.5067854791102384,0.10450550697808245,0.19239370130012926,1
GSM3998268,12,3.3805032514887574,0.08687299855671446,0.2040797016742114,0
GSM3998269,12,3.4283281058818043,0.13128165000957193,0.18940736584069834,1
GSM3998270,12,3.455157042189036,0.14686823362656762,0.1890594122502116,1
GSM3998271,12,3.4520922180445153,0.1326732383825691,0.1817436331780313,1
GSM3998272,12,3.474231708982999,0.08000163637587172,0.20146634534501578,0
GSM3998273,12,3.4781608694299617,0.06946522166841693,0.18811505941817916,1
GSM3998274,12,3.465755000733632,0.1074557391577699,0.18927230015645255,1
GSM3998275,12,3.4340432645378134,0.10871166346544166,0.18805364296117003,1
GSM3998276,12,3.387408283820713,0.11382577147049197,0.19257862071372692,2
GSM3998277,12,3.464339503225605,0.09714527649637339,0.18071071301594835,0
GSM3998278,12,3.418457596418092,0.10400505575541841,0.20258776073660256,0
GSM3998279,12,3.4511100424148866,0.09136799994897557,0.1917353853632165,1
GSM3998280,12,3.3829767428407513,0.1191484670484841,0.21045962320811565,0
GSM3998281,12,3.3913726583501322,0.12198610688056967,0.18982149183321625,1
GSM3998282,12,3.4420137851947095,0.09494903611212456,0.18600507478449976,1
GSM3998283,12,3.4651459058724696,0.11847856451041842,0.18518666927110264,0
GSM3998284,12,3.4410311715027078,0.07859393823077222,0.1922203037394091,1
GSM3998285,12,3.323304454061736,0.12102551477243435,0.20015186883607228,1
GSM3998286,12,3.4554014989945827,0.13040415763801652,0.18816240754587135,1
GSM3998287,12,3.428068718282038,0.1293143314753201,0.19625243341481902,1
GSM3998288,12,3.4865238907239022,0.12936200741388654,0.19328244051105628,1
GSM3998289,12,3.464127669932944,0.09608196604606598,0.19326707546198751,1
GSM3998290,12,3.4173690646985238,0.11233687889218316,0.18297543679639885,1
GSM3998291,12,3.4198455388021034,0.12365359110050199,0.1957220535300466,1
GSM3998292,12,3.4521531620528294,0.10684210084153788,0.194817052055979,1
GSM3998293,12,3.493812285445458,0.05733003907731149,0.18255695495261234,1
GSM3998294,12,3.4758427784441506,0.11456891922020912,0.18762290823792532,1
GSM3998295,12,3.47701994612326,0.10242802586296998,0.1953884288000015,1
GSM3998296,12,3.4851708005262623,0.1068864205307587,0.19386702067245068,1
GSM3998297,12,3.518361232804626,0.10580870010538053,0.18095373459702294,1
GSM3998298,12,3.465186397839183,0.10962706484326097,0.18412877599771194,1
GSM3998299,12,3.4674776559925897,0.1262654000030717,0.19079811895249713,2
GSM3998300,12,3.444585130510314,0.12693571182781782,0.1801476149899182,1
GSM3998301,12,3.3973402167136317,0.17807095519559965,0.1898547013072034,2
GSM3998302,12,3.4411842047626062,0.10451109123720921,0.1939157795148424,0
GSM3998303,12,3.4394484940941616,0.12594224495575468,0.198994372437656,1
GSM3998304,12,3.4534599469537803,0.11421898097515841,0.2031841196099045,0
GSM3998305,12,3.4918123257302778,0.08830076887707627,0.19374717197970237,1
GSM3998306,12,3.453887000949372,0.14153628247689276,0.18835527207629307,2
GSM3998307,12,3.440395924664732,0.09998724442452891,0.19529504812694207,2
GSM3998308,12,3.4555956328122615,0.10496154107658465,0.1864174859280723,1
GSM3998309,12,3.4505633147675407,0.12388312583538176,0.18540830018889967,2
GSM3998310,12,3.477417006363146,0.07898135335181876,0.18830493073981336,1
GSM3998311,12,3.4636980258637307,0.13906485224881387,0.17976536909252078,1
GSM3998312,12,3.4090511898175198,0.11119096807999725,0.18906245495354745,1
GSM3998313,12,3.449523910809695,0.10374930076218324,0.19219245340424956,1
GSM3998314,12,3.415817416565482,0.13947134289803487,0.19050050711096453,1
GSM3998315,12,3.4832444010954142,0.12213203317617785,0.1921412613697177,1
GSM3998316,12,3.471427246137179,0.10871276368148498,0.18798574318521666,2
GSM3998317,12,3.4603407977566514,0.1279884253669971,0.1906648072249705,2
GSM3998318,12,3.444949912397954,0.1334357587930797,0.18842563757343142,1
GSM3998319,12,3.4764686960582076,0.09402375053932559,0.19897208345194195,0
GSM3998320,12,3.4836753528343043,0.10120916300885678,0.18415576013747217,2
GSM3998321,12,3.436018908912677,0.12315373534539685,0.19102847070453952,1
GSM3998322,12,3.440934189954017,0.10634025800852936,0.19551374907720595,1
GSM3998323,12,3.4792900435206904,0.11978783187324428,0.18805367814201474,1
GSM3998324,12,3.3849670817621185,0.15630425370765522,0.19191634249323342,1
GSM3998325,12,3.4797041249434786,0.11544680116332577,0.19594123096201757,2
GSM3998326,12,3.4615975808433013,0.12028630951654692,0.19050474189393535,2
GSM3998327,12,3.3541793999503824,0.13707847315126706,0.1880184898367873,2
GSM3998328,12,3.3947492310865903,0.14510656984554815,0.18976698484499221,2
GSM3998329,12,3.3824904485528346,0.1507728430432687,0.19526521908945532,1
GSM3998330,12,3.459159250218339,0.13254005618610054,0.18684844798621342,1
GSM3998331,12,3.452063202431503,0.0969762636046825,0.1837964041981496,1
GSM3998332,12,3.324168602287486,0.09901422218818251,0.19768115521400925,0
GSM3998333,12,3.409709543387756,0.11550470728319293,0.19091693062521123,1
GSM3998334,12,3.4068066684300393,0.09372176132587481,0.18942123326229562,2
GSM3998335,12,3.3715066913823692,0.11082324471366457,0.19808926000198954,0
GSM3998336,12,3.437226765499702,0.1401029283640906,0.1950245964002086,0
GSM3998337,12,3.4751069351576125,0.1040766266014869,0.19090688901492325,2
GSM3998338,12,3.4136307635464727,0.09699528720163843,0.19853549101594142,1
GSM3998339,12,3.4249390321113604,0.10929282247288559,0.19286365313989517,2
GSM3998340,12,3.418953463501127,0.11022939310880997,0.20069888853788237,2
GSM3998341,12,3.424776676185781,0.11588780628151439,0.1857418688134367,0
GSM3998342,12,3.3872947208904294,0.12792380553845453,0.1812430857947202,0
GSM3998343,12,3.386891086137771,0.10443982908723687,0.20564012199006856,0
GSM3998344,12,3.4119174606138465,0.1057115152878189,0.1975874838727453,0
GSM3998345,12,3.3627551630692585,0.1631622635705647,0.2073787725961982,0
GSM3998346,12,3.3753508105665557,0.12658643006689427,0.20673569820188278,0
GSM3998347,12,3.359892278883824,0.13694090205267928,0.2053822481187458,0
GSM3998348,12,3.3996754351660248,0.09552377000613181,0.19400931652360148,0
GSM3998349,12,3.380838261500044,0.12983549349085544,0.19463919620152909,1
GSM3998350,12,3.3833253867617286,0.0976718729814669,0.1913719561986837,1
GSM3998351,12,3.397734085062061,0.08276478562562976,0.1978218027777946,0
GSM3998352,12,3.39785704182397,0.10335535497460042,0.1927222449754285,0
GSM3998353,12,3.3884271100986907,0.13177022346733824,0.20259745535477788,0
GSM3998354,12,3.373851546272337,0.11309776475870016,0.20318402017641352,0
GSM3998355,12,3.4116865267167693,0.06598707798658215,0.1871075179893026,0
GSM3998356,12,3.3748915285905308,0.1082024561565405,0.2060546738904963,0
GSM3998357,12,3.402484831955577,0.09224534466870944,0.2014629700191937,0
GSM3998358,12,3.4261835514722034,0.06520149240745529,0.19063227493985246,0
GSM3998359,12,3.3285945351143336,0.08581030364865158,0.20225031254960493,0
GSM3998360,12,3.3776460047905874,0.13258338846751958,0.19961109459301873,0
GSM3998361,12,3.398229916718947,0.15035385288349404,0.20000698071116058,0
GSM3998362,12,3.342694314271989,0.1214844227655491,0.19335627192924343,1
GSM3998363,12,3.407371307196623,0.11268077743047361,0.19859732313855216,1
GSM3998364,12,3.4138333803556664,0.10484717356473035,0.1907176482406397,0
GSM3998365,12,3.362394713204761,0.10094169811514393,0.19753206456515207,0
GSM3998366,12,3.4344119121511607,0.10268405273454384,0.18594828835474733,0
GSM3998367,12,3.348797473204269,0.12471953946720102,0.20452376307227613,0
GSM3998368,12,3.392945839519811,0.12036733152818466,0.1927820948329658,1
GSM3998369,12,3.423802890459722,0.09897836240284114,0.19027918627862211,1
GSM3998370,12,3.3394997790914043,0.09699145639650292,0.20416074297640288,1
GSM3998371,12,3.3480515895024285,0.12068366102886718,0.19212302496367542,1
GSM3998372,12,3.3853425925727327,0.13461541762031382,0.18866131958542362,1
GSM3998373,12,3.409085034326013,0.07239132266465408,0.19259565111576082,1
GSM3998374,12,3.378020573784767,0.08512150132575103,0.1995533834402114,0
GSM3998375,12,3.38956254144878,0.1205954632415413,0.19143004094444735,2
GSM3998376,12,3.327143398903247,0.13912452404120373,0.19042257835882953,0
GSM3998377,12,3.3621613074609624,0.13915254295124513,0.20121172274557497,1
GSM3998378,12,3.3227067844858915,0.10404617757330607,0.19758567362704008,0
GSM3998379,12,3.371258936130715,0.10288083775611369,0.19044777387108974,1
GSM3998380,12,3.3874291383525224,0.10819116890534715,0.19223016087420333,2
GSM3998381,12,3.3617558260950786,0.09069723633579738,0.2013968974381887,0
GSM3998382,12,3.3089245678867782,0.09192783902866229,0.20277582212514655,0
GSM4957321,12,3.480958224381473,0.08905508388883784,0.20437314762232645,1
GSM4957322,12,3.4371077342740586,0.09942133741975914,0.20178425320773702,1
GSM4957323,12,3.390109368231706,0.1462762499430087,0.1968375012824324,0
GSM4957324,12,3.3731191433766723,0.11040774550412712,0.19455288572181056,0
GSM4957325,12,3.4640614230193116,0.10540371912544866,0.1880109386236475,2
GSM4957326,12,3.4204443968482914,0.16943561872297005,0.18477372194904357,2
GSM4957327,12,3.39839132122352,0.1640211144607339,0.1819257003198171,0
GSM4957328,12,3.3641638015768836,0.14345678282566918,0.19056668204521168,0
GSM4957329,12,3.4314571725955734,0.1111005173646768,0.1859729254449349,0
GSM4957330,12,3.5006565805081995,0.13780035990342224,0.18193287832980995,1
GSM4957331,12,3.4028850670266464,0.18454031325560147,0.1916048804101726,1
GSM4957332,12,3.4153879701238,0.1272872203702271,0.19076605162914223,0
GSM4957333,12,3.3750344626507394,0.13365730367924814,0.19106600019615663,1
GSM4957334,12,3.4495292468523253,0.10670950047707417,0.19170731132006327,1
GSM4957335,12,3.4912589994875454,0.08061345190791856,0.1994744467812976,2
GSM4957336,12,3.4736351199821742,0.13429261098261094,0.18677772962383407,0
GSM4957337,12,3.4197285192504796,0.09086693613744758,0.17872097888597627,1
GSM4957338,12,3.4265308431218946,0.08968972569947042,0.19568832291379873,1
GSM4957339,12,3.522913968730664,0.06049127008105401,0.18858811103355247,1
GSM4957340,12,3.41441403282661,0.0927181337149963,0.19879025830586455,1
GSM4957341,12,3.5445141447850532,0.06953641893325196,0.1880251089890158,1
GSM4957342,12,3.534870579566878,0.08361555606851079,0.20381856397275264,1
GSM4957343,12,3.4737893547003393,0.08031349302668749,0.1914843009616329,1
GSM4957344,12,3.4209775026506546,0.07815433485836489,0.19145741092419177,2
GSM4957345,12,3.3848859642203615,0.11020980553682877,0.18787881186991462,1
GSM4957346,12,3.4415744959465955,0.08757433517664476,0.19546167153240884,1
GSM4957347,12,3.4232093190962596,0.13695346771867373,0.1953870378449162,0
GSM4957348,12,3.369244601924174,0.11751742675417175,0.19041870790921311,1
GSM4957349,12,3.3190542127790983,0.05792952636195056,0.18818634962106323,2
GSM4957350,12,3.408908499177362,0.13020136174322416,0.18501398191583432,0
GSM4957351,12,3.4818715723540072,0.08143706005495971,0.17803470120098133,2
GSM4957352,12,3.424210812136508,0.14386497220395755,0.18596932255150675,1
GSM4957353,12,3.362962883576663,0.09291431654251393,0.19571375322513357,0
GSM4957354,12,3.354858252375697,0.059719798917622746,0.20024287460878587,0
GSM4957355,12,3.3874753384414444,0.11031262910639938,0.18193572897225618,1
GSM4957356,12,3.41035681397079,0.07520824081331969,0.1832497172056398,1
GSM4957357,12,3.4080893391639444,0.09916367859510905,0.18441126473243136,0
GSM4957358,12,3.4400350598165317,0.1150318651296316,0.19231930757537632,1
GSM4957359,12,3.374877017831936,0.08968677740195813,0.19849291344506892,2
GSM4957360,12,3.502344421969479,0.08353589457866976,0.18797162844066365,2
GSM4957361,12,3.365568560429641,0.17987190802585437,0.1906954946098193,1
GSM4957362,12,3.390673553485286,0.1451035592228916,0.1913943345884093,1
GSM4957363,12,3.4179318565401267,0.12248666407094697,0.1869920183355758,0
GSM4957364,12,3.4601536163749986,0.099385347232914,0.19133199304755216,1
GSM4957365,12,3.462438466317588,0.08436570252772187,0.2013727379054342,1
GSM4957366,12,3.3659943804904184,0.14072458190394693,0.1885579740966233,0
GSM4957367,12,3.417334410086516,0.15035479558662282,0.1846281648617623,0
GSM4957368,12,3.3878666096773515,0.15356460447171474,0.1966503063157554,0
GSM4957369,12,3.425462099533285,0.11233438438749535,0.19409070834037417,0
GSM4957370,12,3.426283616177892,0.0813037360285116,0.19611886037039647,1
GSM4957371,12,3.48872257988894,0.11718625731724973,0.19111200596666125,1
GSM4957372,12,3.458624079819136,0.07520059156042534,0.1920795335361676,1
GSM4957373,12,3.3932736407011572,0.10482426631358713,0.1931227257278203,0
GSM4957374,12,3.466499900044341,0.08225806371455929,0.19145376828829427,0
GSM4957375,12,3.4009738416951096,0.10170706900088904,0.2002588578371526,0
GSM4957376,12,3.4102800406308624,0.12698526738934593,0.19987819653223465,0
GSM4957377,12,3.5032480852885675,0.11033146955658155,0.20096587535083738,0
GSM4957378,12,3.4070736491028537,0.14067907195360244,0.19056601018530034,0
GSM4957379,12,3.4486470443860706,0.0855831523674479,0.19711410849235367,0
GSM4957380,12,3.4259600140350113,0.12342517522701549,0.19240199517116952,0
GSM4957381,12,3.450453437729367,0.09356005425625308,0.19794038233244834,1
GSM4957382,12,3.41398834003883,0.1417309366135605,0.1896537857937519,0
GSM4957383,12,3.3910263621151686,0.09066118907826431,0.18441100292306498,0
GSM4957384,12,3.464615676336047,0.09209732830054533,0.1875160538294374,0
GSM4957385,12,3.396118586509019,0.09179159023793901,0.1860200290700144,1
GSM4957386,12,3.4474291032516455,0.08721492919154773,0.1972466405692898,1
GSM4957387,12,3.486436767100225,0.11466362834313075,0.18908046578082927,0
GSM4957388,12,3.379163054699501,0.08050596606862849,0.1835375005486012,1
GSM4957389,12,3.39725393881976,0.15251389755160952,0.18869470083099416,0
GSM4957390,12,3.382740665399171,0.10853642164815702,0.19264919503530464,0
GSM4957391,12,3.431814406419532,0.1866017464146077,0.19581561248291046,1
GSM4957392,12,3.400049106524311,0.15623593338150393,0.18840856621360688,2
GSM4957393,12,3.35360934925718,0.18127562800615532,0.19316997951588674,1
GSM4957394,12,3.4692314294174458,0.09975977768338161,0.19310086747414748,0
GSM4957395,12,3.430622978777442,0.11357829922625215,0.18883029621674927,2
GSM4957396,12,3.3795136874879192,0.11681590317828043,0.19563606517279475,0
GSM4957397,12,3.4163436090355543,0.08549117370025201,0.18892340458458198,1
GSM4957398,12,3.409285970836618,0.17669455038794182,0.19233058902846764,1
GSM4957399,12,3.3918784913902713,0.1351675321302078,0.1948315035936737,0
GSM4957400,12,3.4057981695400055,0.11367604475080177,0.19069833116428403,0
GSM4957401,12,3.348834967462324,0.11048857205434698,0.1852318140255659,2
GSM4957402,12,3.444373511038725,0.07098446241937457,0.19286755339670508,0
GSM4957403,12,3.38824096146125,0.1455419873558415,0.18588022978687005,0
GSM4957404,12,3.4582547815131632,0.13712987380474453,0.1959551060357384,0
GSM4957405,12,3.4471551447675153,0.11911703683706942,0.18896512593329312,0
GSM4957406,12,3.375822177856821,0.18060920477297962,0.18719011988456966,1
GSM4957407,12,3.386744785380066,0.1185049980213219,0.1939664687621121,0
GSM4957408,12,3.427641818469979,0.10629799850527988,0.18315605835917403,1
GSM4957409,12,3.5145133950311176,0.08777080141579964,0.19380718489440038,1
GSM4957410,12,3.452845538052045,0.10414557294077983,0.19098059309278298,1
GSM4957411,12,3.4999832639247432,0.08637786391996355,0.19287349219063488,0
GSM4957412,12,3.4712468781416645,0.1296392226395317,0.19012472813628198,0
GSM4957413,12,3.5067630305793664,0.10537788231589819,0.18474471380011612,2
GSM4957414,12,3.4777281940324585,0.11253125805230607,0.1891488186221566,1
GSM4957415,12,3.3760766288593502,0.10972177481405311,0.18835800999735478,0
GSM4957416,12,3.423404379775493,0.11093187770618705,0.19278217146006893,0
GSM4957417,12,3.483221247626162,0.07580929379364897,0.18943780612437172,1
GSM4957418,12,3.4565171556866994,0.1284237813019267,0.18784061752042885,0
GSM4957419,12,3.467249765340929,0.12156807096361713,0.1931199497305934,1
GSM4957420,12,3.4716752523765977,0.08100093666850396,0.19116763731487962,0
GSM4957421,12,3.4724635673166544,0.09669388525598108,0.19023512289295919,0
GSM4957422,12,3.467981184397699,0.08912737362183472,0.1849400869311619,2
GSM4957423,12,3.487029884507364,0.10822027078609375,0.19936853633546223,0
GSM4957424,12,3.437565853667586,0.07755406897014831,0.19017673896818527,2
GSM4957425,12,3.4767358385362703,0.109947982467876,0.19703615736796007,1
GSM4957426,12,3.419727881747284,0.10130640064186713,0.2008473746311248,1
GSM4957427,12,3.4801014073550633,0.09709651383979932,0.195281746793217,0
GSM4957428,12,3.42772651527347,0.12532764409193126,0.18815782763231262,1
GSM4957429,12,3.478639753803198,0.1371907818013601,0.1888808814257854,1
GSM4957430,12,3.4604875656338843,0.13180301718343004,0.19365428578771493,1
GSM4957431,12,3.465313029161328,0.110340191805679,0.196047192361081,1
GSM4957432,12,3.465372945712174,0.09934237401585784,0.1948135514947837,1
GSM4957433,12,3.4296191633370188,0.10076162840703257,0.19331864826238726,1
GSM4957434,12,3.5077648639568952,0.08688675429137252,0.19462976698833007,0
GSM4957435,12,3.418848576695929,0.14565036140629245,0.19108242147164675,1
GSM4957436,12,3.438396796566319,0.1200956734178589,0.19068133460861714,1
GSM4957437,12,3.5237457860858536,0.11846110537522886,0.18823302255422633,1
GSM4957438,12,3.498010165523245,0.12240599988144216,0.1924027275191551,0
GSM4957439,12,3.456523386094144,0.13807503667020096,0.2004561470479931,1
GSM4957440,12,3.400673593780513,0.10143736340997357,0.19216296546676032,1
GSM4957441,12,3.491999990468601,0.13028675895779832,0.20542913478971234,1
GSM4957442,12,3.4499612794497185,0.08106943002315656,0.1880164370418098,1
GSM4957443,12,3.465474282000258,0.08618465979814925,0.19262945223230227,0
GSM4957444,12,3.478283064622025,0.1332502413322239,0.1977362251421586,1
GSM4957445,12,3.3544086177458086,0.1297174056100345,0.18896164981001068,3
GSM4957446,12,3.4418005185022564,0.13652367348380232,0.18535942757254767,1
GSM4957447,12,3.4399105672315704,0.11968230187157672,0.19183047944162368,2
GSM4957448,12,3.4116138590493437,0.08378142659638674,0.18783489464042408,0
GSM4957449,12,3.492422691092555,0.10458961818266209,0.19259220769057417,1
GSM4957450,12,3.447406082237514,0.10042198073848188,0.18696769221713108,1
GSM4957451,12,3.45064141009379,0.08739752531630114,0.18856467110222985,1
GSM4957452,12,3.445292295694052,0.0894548192631973,0.1935998364407344,0
GSM4957453,12,3.4813999173075034,0.1374433182239803,0.1929108535454746,1
GSM4957454,12,3.3310105270629657,0.13821181733856577,0.18727736977420967,2
GSM4957455,12,3.4145720191713136,0.10218178062935529,0.1880703580435772,1
GSM4957456,12,3.391171739151885,0.0960979621958624,0.18732521791521897,0
GSM4957457,12,3.414138030978488,0.14789834969682797,0.19123769417869058,0
GSM4957458,12,3.4056115999780805,0.09235241723308758,0.18833785579384316,1
GSM4957459,12,3.4910095805587864,0.15947150564953264,0.19834625612804824,1
GSM4957460,12,3.39802589643418,0.13252846503203866,0.19512019154080723,2
GSM4957461,12,3.412379461015694,0.07478503932765443,0.19309040126009944,0
GSM4957462,12,3.392626785692606,0.18472242336589245,0.19552032365060779,1
GSM4957463,12,3.5661337837056957,0.10756701702790171,0.19607509811159884,0
GSM3758005,13,2.869373433528096,-0.011636686603918058,0.1955816896781081,0
GSM3758006,13,2.860540506981386,0.011786374118354752,0.19988241554908967,0
GSM3758007,13,2.838874452993823,0.012756777560956336,0.1900928713924609,0
GSM3758008,13,2.865517903902067,-0.009486764850341145,0.20047434844936024,0
GSM3758009,13,2.870900941411231,0.038850916227360914,0.19554802321846496,0
GSM3758010,13,2.9149670648915897,-0.01215821889506327,0.21071952867491617,0
GSM3758011,13,2.7736901397988647,0.07859362571282288,0.21970972889342602,0
GSM3758012,13,2.8847342505643234,0.009526227106413035,0.24379373965824633,0
GSM3758013,13,2.8960390496165362,-0.015214933554518976,0.1949821623187226,0
GSM3758014,13,2.9753072888141587,-0.06054911533855612,0.20755624490141333,0
GSM3758015,13,2.901396036216277,-0.03721597466918399,0.18950306584712232,0
GSM3758016,13,2.878121009753899,-0.0018163498358549004,0.2160156235637837,0
GSM3758017,13,2.9588441562222236,-0.0410891232546196,0.21617414172402064,0
GSM3758018,13,2.8741082200444814,-0.014393444992738936,0.19839726751477213,0
GSM3758019,13,2.9052740381150004,-0.016044472640148313,0.1969096627830404,0
GSM3758020,13,2.937936271260391,0.010342581315149034,0.19901480812842373,0
GSM3758021,13,2.858468670813236,0.015897920095248777,0.19225619763330867,0
GSM3758022,13,2.9145447793165506,-0.009095629052982909,0.1854923721427423,0
GSM3758023,13,2.937599876830346,-0.013919618109090995,0.20557432769674308,0
GSM3758024,13,2.9078289249101164,-0.03391409030789583,0.18676934264951373,0
GSM3758025,13,2.8931111414313886,0.0029753920156867196,0.204376821708827,0
GSM3758026,13,2.853842973813877,0.02184021419263152,0.20009482630763112,0
GSM3758027,13,2.8701350488482147,0.009432742569842788,0.19814560204725495,0
GSM3758028,13,2.839995245321373,0.013127673101506155,0.193162504481403,0
GSM3758029,13,2.8429044003253234,-0.003264451850418908,0.2013016765646766,0
GSM3758030,13,2.8641366513000537,0.00965228766976061,0.20004574274908074,0
GSM3758031,13,2.8287602632967173,0.03525836419640311,0.19741017720595852,0
GSM3758032,13,2.8632179962629025,0.00395875711271224,0.20307375398816088,0
GSM3758033,13,2.7994689566169915,0.04395942512866096,0.19352187255114525,0
GSM3758034,13,2.8803369366651874,0.008420738275068344,0.19462577007505616,0
GSM3758035,13,2.885561734729497,0.012527386510501164,0.18591100862856882,0
GSM3758036,13,2.890296403303323,0.023279669230539125,0.20676169520227378,0
GSM3758037,13,2.9076667623421057,-0.013614844259406381,0.2209360550683283,0
GSM3758038,13,2.8795252380183,0.011445786484427062,0.20789911874076542,0
GSM3758039,13,2.8581325301411766,-0.014736759147603655,0.20711686876398622,0
GSM3758040,13,2.882673106146205,0.0016763091190068722,0.202847937135874,0
GSM3758041,13,2.9009169654249423,-0.012207956932515978,0.19191568585698823,0
GSM3758042,13,2.875205000722617,0.027633648844299506,0.21489386821647538,0
GSM3758043,13,2.924440529197802,0.011795895071975086,0.20597075653940852,0
GSM3758044,13,2.8964760143644557,-0.0008397802447604701,0.2033985696443985,0
GSM3758045,13,2.8513977518600426,0.009110318955369012,0.20815836519702008,0
GSM3758046,13,2.9203131376426117,-0.025844567464469902,0.20834435082520697,0
GSM3758047,13,2.8446655229516415,0.0007438455218073429,0.20277104503580531,0
GSM3758048,13,2.8922275642238073,-0.0057456650857574,0.19827406888707133,0
GSM3758049,13,2.8026904734545655,0.06580506861490137,0.20610771098412448,0
GSM3758050,13,2.881340622222986,-0.0063656234304761625,0.19669902525096256,0
GSM3758051,13,2.8958559559357244,0.034651373618076534,0.21921789511024073,0
GSM3758052,13,2.9117869548914346,-0.020935318681006225,0.20319152780384014,0
GSM3758053,13,2.8843530297795827,0.0022864240942771594,0.18791921802920655,0
GSM3758054,13,2.9191000900601316,-0.013373211153957966,0.19020069349866686,0
GSM3758055,13,2.8981425132121443,0.0009767775577871735,0.18531795477522686,0
GSM3758056,13,2.9038240624724625,-0.016570879140520564,0.19855197322597412,0
GSM3758057,13,2.875036345842822,-0.00516007153586275,0.18795483862533688,0
GSM3758058,13,2.8787585695628026,-0.008131569840989814,0.19156239505054598,0
GSM3758059,13,2.950486516829735,-0.017337640310574817,0.197596273290767,0
GSM3758060,13,2.900324702155263,-0.016015081369510242,0.21345042971857384,0
GSM3758061,13,2.9141089749617746,-0.031072755686972337,0.19668402440204874,0
GSM3758062,13,2.944853537761531,-0.05892699971888815,0.2032109463628806,0
GSM3758063,13,2.875226222384304,0.0008309619943394349,0.18266035224059235,0
GSM3758064,13,2.8788759649569706,0.023655916899513345,0.2116777964706564,0
GSM3758065,13,2.9268158919129874,-0.04863897267658306,0.20183635701291724,0
GSM3758066,13,2.944223356083749,-0.019504882465219642,0.20123123192668543,0
GSM3758067,13,2.9350618595772304,-0.005806239379264183,0.18375567075941446,0
GSM3758068,13,2.8964488925436283,-0.04065584114797124,0.20848366252942044,0
GSM3758069,13,2.836937041300071,0.01755214087029139,0.20419592659850136,0
GSM3758070,13,2.8841724122307757,-0.005883102407277476,0.19416948164786504,0
GSM3758071,13,2.9226588865834304,-0.007473669511496978,0.20502147526166142,0
GSM3758072,13,2.9108656604153396,-0.03390469634415786,0.1758831229937981,0
GSM3758073,13,2.868851023181373,0.030389118405832423,0.18775203540623298,0
GSM3758074,13,2.9020366365760806,-0.0044192114044249225,0.19540615773865627,0
GSM3758075,13,2.9840491094914583,-0.03383572464488253,0.19687552844935302,0
GSM3758076,13,2.9639468798098405,-0.03740378464660795,0.215695000871729,0
GSM3758077,13,2.897538122119112,-0.025908691957517972,0.1795552751479046,0
GSM3758078,13,2.9354942995197058,-0.04322871875045941,0.19917761573391227,0
GSM3758079,13,2.9109748118138357,-0.036198059393776245,0.19151464866164647,0
GSM3758080,13,2.933908656176858,-0.05420858898448965,0.20029123734572335,0
GSM3758081,13,2.9435819331757553,-0.044083268744978046,0.19294686116539037,0
GSM3758082,13,2.877038195020127,0.0015194060480920287,0.21031182593204553,0
GSM3998167,13,2.9397325261204337,-0.045737237601332026,0.1959453137767008,0
GSM3998168,13,2.890141105345744,-0.049701424754216086,0.18675635463227228,0
GSM3998169,13,2.8468101923953237,0.010133942462877039,0.1924535988888015,0
GSM3998170,13,2.9177595766166293,-0.037050822789444444,0.18138835435884154,0
GSM3998171,13,2.9389911524835193,-0.03222860325603828,0.19742427897074363,0
GSM3998172,13,2.888451936118412,0.0018566750361269301,0.21173483827412642,0
GSM3998173,13,2.9510963138179114,-0.08887476202969573,0.192997679902218,0
GSM3998174,13,2.889727227156475,0.00893719816583834,0.20272579357711956,0
GSM3998175,13,2.9378439242064434,-0.03269549635102709,0.20945175989184192,0
GSM3998176,13,2.933534117923158,0.031098078402264074,0.1991823483211739,0
GSM3998177,13,2.9558514329424046,-0.03707997732037652,0.2083774523958663,0
GSM3998178,13,2.90670414375495,0.0331677554686171,0.19121791804923763,0
GSM3998179,13,2.8723384198460193,0.019465568558993042,0.20473105939440514,0
GSM3998180,13,2.882955259707111,0.01685543178560729,0.21393870528965145,0
GSM3998181,13,2.907697540177742,0.0082644358259351,0.2206677001068757,0
GSM3998182,13,2.9505267871318357,-0.01681519467152534,0.23399640931966334,0
GSM3998183,13,2.9017025096595086,0.0061395023253086045,0.19133908397256047,0
GSM3998184,13,2.895861844958224,0.01890029335827625,0.19759566875262963,0
GSM3998185,13,2.915522232765177,-0.011221282221643128,0.21187342143997634,0
GSM3998186,13,3.01064531411145,-0.037256714714748326,0.20220286110217506,0
GSM3998187,13,2.9099464317728962,0.029877674343484994,0.1906504749051056,0
GSM3998188,13,2.8550010408849418,0.029816918088108723,0.21105209654529938,0
GSM3998189,13,2.840372919752213,0.056792993878721415,0.21886480370521813,0
GSM3998190,13,2.8876598864811087,0.002534477871343907,0.19838752741542162,0
GSM3998191,13,2.88027994948963,0.0033457191841825213,0.20013720539546234,0
GSM3998192,13,2.842907116203983,0.04759481038115909,0.20518350586377002,0
GSM3998193,13,2.876414968570667,-0.004097390936331185,0.18991164856310136,0
GSM3998194,13,2.9921294901791518,-0.048006992670884235,0.18696305678503214,0
GSM3998195,13,2.9211477201307083,-0.04835793995753548,0.18606667105827532,0
GSM3998196,13,2.832502934462327,0.0062088069626003856,0.19397641117568926,0
GSM3998197,13,2.9928788688142807,-0.09533718855176414,0.1974358189331308,0
GSM3998198,13,2.9540456984523225,-0.042170456853360794,0.21479805163777477,0
GSM3998199,13,2.8249507051340927,0.013902751554860213,0.18210350077757856,0
GSM3998200,13,2.9460758177745747,-0.050595179828872065,0.20651321952737361,0
GSM3998201,13,2.8398954629809934,0.02699978391742579,0.204097115800448,0
GSM3998202,13,2.9351677626086428,-0.05485151933910024,0.19067731155998427,0
GSM3998203,13,2.970481825537716,-0.046358120200962354,0.18057778493027685,0
GSM3998204,13,2.9029296328924787,-0.00012051741166101761,0.17604924709639858,0
GSM3998205,13,2.96881813906306,-0.06308040846697709,0.18986525000053703,0
GSM3998206,13,3.0325031217710876,-0.11283350928757305,0.1877945660490939,0
GSM3998207,13,2.961252554580652,-0.06344044588592071,0.1687193923086521,0
GSM3998208,13,2.996146391538792,-0.07749720191030658,0.1773857767349819,0
GSM3998209,13,2.9617296121116397,-0.0778594133902292,0.1890199154527909,0
GSM3998210,13,2.8622894104511802,0.007103010110900334,0.1835634817091768,0
GSM3998211,13,2.933226282947727,-0.049186561520327646,0.19895458057993617,0
GSM3998212,13,2.928428087326704,-0.03580558349011148,0.21352330684232257,0
GSM3998213,13,2.935930839720126,-0.009786666853506503,0.2251017328307805,0
GSM3998214,13,2.860139797835464,0.0068314113296091905,0.17388785165245094,0
GSM3998215,13,2.969822617042003,-0.06553517655087358,0.2077751318188961,0
GSM3998216,13,2.833115936151734,0.14264947972577882,0.18054020179578045,0
GSM3998217,13,2.9011051891491797,0.002144168538192973,0.18657430224793595,0
GSM3998218,13,2.9295884850247274,-0.06156379481801162,0.1749960547317644,0
GSM3998219,13,2.918485084154731,0.0306857125189306,0.22154251093699864,0
GSM3998220,13,2.9275112787758903,-0.016886690518960436,0.18401391655225552,0
GSM3998221,13,2.8917852608543817,0.01405068700562835,0.18724777109801688,0
GSM3998222,13,2.9839808248161734,-0.015995708408462636,0.17633935613824525,0
GSM3998223,13,2.7722945253729074,0.085825898638877,0.20103275986182678,0
GSM3998224,13,2.8074177234018722,0.047140678464555004,0.21180793201121065,0
GSM3998225,13,2.7662896294583175,0.06915938198441295,0.175485478626098,0
GSM3998226,13,2.893693217649684,0.007867714039533905,0.1988018388601767,0
GSM3998227,13,2.8069217632141066,0.050159277513664315,0.19484429351691693,0
GSM3998228,13,2.930978150607832,0.009504037571597077,0.19625210407730986,0
GSM3998229,13,2.8701033255317774,0.03903601595427094,0.19058817113249996,0
GSM3998230,13,2.8581536136804937,0.08457087245560506,0.17206057346417342,0
GSM3998231,13,2.9250902484670678,0.007126136859316834,0.21184057900549755,0
GSM3998232,13,2.9306669973158814,0.09398264829830645,0.16069681939936561,0
GSM3998233,13,2.822351840408306,0.0535670214776842,0.16285292140793858,0
GSM3998234,13,2.9059075502467775,-0.005524071628026567,0.21236287816451418,0
GSM3998235,13,2.865182330390048,0.01346328299363176,0.20078589583198037,0
GSM3998236,13,2.8861849081885453,0.0038938728041827287,0.20188740898825816,0
GSM3998237,13,2.943745613663604,-0.017652234085669998,0.21265127178091917,0
GSM3998238,13,2.801055749807683,0.09154073975114217,0.2247964627289302,0
GSM3998239,13,2.9999383553263894,-0.06834771659286054,0.20177812017338043,0
GSM3998240,13,2.872725170132977,0.003327108483954976,0.20572056449851406,0
GSM3998241,13,2.883249378161249,0.0016959820236810783,0.2147244504014315,0
GSM3998242,13,2.7496592370561928,0.0993985270006017,0.19453697851788,0
GSM3998243,13,2.856723393423897,0.0392282834005137,0.1914084220709698,0
GSM3998244,13,2.8378606605929693,0.08725847096263056,0.19922156804503793,0
GSM3998245,13,2.924923795430929,-0.03560552372523283,0.19762349863210693,0
GSM3998246,13,2.853728467210487,0.04342967335383247,0.20156987805087706,0
GSM3998247,13,2.905231552858925,-0.006368357311450387,0.21106668687335234,0
GSM3998248,13,2.8676128413656063,-0.023025727738740415,0.22079420651561849,0
GSM3998249,13,2.910130799991004,0.019166291033794587,0.1861336298733849,0
GSM3998250,13,2.95258496373116,-0.00994628584516356,0.1969638202115317,0
GSM3998251,13,2.8629335902694892,-0.00916250502155528,0.17262593311041952,0
GSM3998252,13,2.83968214779157,0.05748260307049513,0.20294480961646785,0
GSM3998253,13,2.882035851173614,0.05386617632587249,0.20094667259349952,0
GSM3998254,13,2.8877678023236037,-0.03249731294050488,0.1912263483601746,0
GSM3998255,13,2.9394054625525805,-0.006861747848046056,0.18978332548930085,0
GSM3998256,13,2.9686306475434643,-0.05286903041177711,0.1852019312142659,0
GSM3998257,13,2.9170661131446303,-0.006334850392909523,0.19740780505193606,0
GSM3998258,13,2.8382395254155197,0.016856024172418344,0.17831107721744116,0
GSM3998259,13,3.0383601849056197,0.013270317401832883,0.18362100514211624,0
GSM3998260,13,2.942768267014212,0.045389875999174295,0.17492045656025887,0
GSM3998261,13,2.880242990625498,0.031380361154024775,0.21216137439418262,0
GSM3998262,13,2.9305449711733083,0.0013228835763930383,0.21652969495309465,0
GSM3998263,13,2.9175046999808774,-0.0004061219587707889,0.2014707393567489,0
GSM3998264,13,2.8894240523287427,0.034425458668034474,0.2083319507522059,0
GSM3998265,13,2.9026986593095656,0.028005829977619027,0.2271850435422361,0
GSM3998266,13,2.8840804036729946,0.051835156547823294,0.20808106186657044,0
GSM3998267,13,2.929345482941885,0.021094908255858663,0.2142209265020858,0
GSM3998268,13,2.889371135053639,-0.05381052283877903,0.17833500192124294,1
GSM3998269,13,2.9249532705984413,-0.012782120017887071,0.20112893975650178,0
GSM3998270,13,2.946408405720975,-0.017286134216356244,0.20629696837322187,0
GSM3998271,13,2.9206126064504807,-0.013831134530531631,0.20945104599373487,0
GSM3998272,13,2.8692915311414398,0.09303772601418707,0.21034029692336606,0
GSM3998273,13,2.8726339361353577,0.05821847347868025,0.2204364104549437,0
GSM3998274,13,2.921861132671612,0.020613273620093974,0.2091414376280952,0
GSM3998275,13,2.905319520968022,-0.015645578035116885,0.19381548733946194,0
GSM3998276,13,2.8234156340536956,0.07305518415015419,0.2285661271289197,0
GSM3998277,13,2.9802048557993452,-0.04917964775625133,0.20105124894391474,0
GSM3998278,13,2.8661497248146306,0.042539963461879646,0.18187759014251292,0
GSM3998279,13,2.8642724594549795,0.03888220381868781,0.22543114460056865,0
GSM3998280,13,2.8801111657767393,0.14818024902119536,0.15119020890247534,0
GSM3998281,13,2.905924207682214,-0.040130035919215,0.19525675882989812,0
GSM3998282,13,2.8988091864723495,-0.0058134713796617,0.20986214972244138,0
GSM3998283,13,2.9355708925735584,0.00038102969067087353,0.19051657262407062,0
GSM3998284,13,2.8343240733660022,0.03190468588695174,0.19017640042428405,0
GSM3998285,13,2.770948420437604,0.07823714866516752,0.1757707099587843,0
GSM3998286,13,2.9466335542341047,-0.014432397445913037,0.20727570405315665,0
GSM3998287,13,2.9402683910352456,-0.05545736209730953,0.19037796989539416,0
GSM3998288,13,3.002337113678587,-0.04229573317597221,0.22282412685853606,0
GSM3998289,13,2.8609637655806983,0.039099437815981845,0.22583297315717424,0
GSM3998290,13,2.8572253935070604,0.014699384139865315,0.19303056884542272,0
GSM3998291,13,2.882874515828783,0.03957731378716612,0.20130904927382137,0
GSM3998292,13,2.9104834453844437,0.0181309112122298,0.21119916850488893,0
GSM3998293,13,2.825999097976969,0.0802478029015901,0.21823770795571726,0
GSM3998294,13,2.9077468326532725,0.00960118298612779,0.2005567333665431,0
GSM3998295,13,2.924075724396447,-0.015643540402002172,0.21333369481093495,0
GSM3998296,13,2.956537521617685,-0.02216457416497772,0.21441771581373442,0
GSM3998297,13,3.0565200720360415,-0.06983332888407376,0.2097062144579891,0
GSM3998298,13,2.921887026758166,-0.00575794258137986,0.19817121479103458,0
GSM3998299,13,2.934587182196811,0.011860625685017707,0.21284201133319755,0
GSM3998300,13,2.9661129581792895,-0.046921083553808744,0.19318563451311233,0
GSM3998301,13,2.924922326442868,0.0014814607416160214,0.19307975035736866,0
GSM3998302,13,2.9099363458121656,2.8070278259027897e-05,0.19086201919720555,0
GSM3998303,13,2.868048735368861,0.046656140414720965,0.1999794964875426,0
GSM3998304,13,2.8757384897719893,0.089939986218981,0.18531427696994823,0
GSM3998305,13,2.9495881548552405,-0.0020693852270773495,0.20049922872234804,0
GSM3998306,13,2.936951391625332,-0.0013540128083771585,0.21276713282908669,0
GSM3998307,13,2.9256837539848926,-0.00710564728350348,0.19902307474213576,0
GSM3998308,13,2.9456326277005203,-0.02721077244054365,0.1950162491861879,0
GSM3998309,13,2.955210806207217,-0.05435119515628765,0.19853670926972017,0
GSM3998310,13,3.010061646426081,-0.09202861747899047,0.20095793489667255,1
GSM3998311,13,2.977206941485113,-0.03581460737126537,0.18446064685265692,0
GSM3998312,13,2.883280468863632,0.002153191479703984,0.1890816159366147,0
GSM3998313,13,2.9654631776988203,-0.060359363181573644,0.19940174104574393,0
GSM3998314,13,2.9301123752443177,-0.028330047713735672,0.19776269813831038,0
GSM3998315,13,2.9572480143633872,-0.03556659037341752,0.18641185022811232,0
GSM3998316,13,2.9650317220054347,-0.056508209282205804,0.2038539591843794,0
GSM3998317,13,2.9610885547422257,-0.03461952404033358,0.20135782931380103,0
GSM3998318,13,2.971945457508647,-0.05410288379266231,0.18917361793633158,0
GSM3998319,13,2.8728016533507335,0.0444402380995236,0.21833384201655376,0
GSM3998320,13,2.949364092444831,-0.06575228397970041,0.21021357076700484,0
GSM3998321,13,2.9414584689833725,-0.01995698254060177,0.18805134247900337,0
GSM3998322,13,2.8960302466733463,-0.02225220589547181,0.19285050747579704,0
GSM3998323,13,2.9615720241646453,-0.01663454126058402,0.19862226963932672,0
GSM3998324,13,2.8756879677397937,-0.005716288141558116,0.19766886280870863,0
GSM3998325,13,2.9826287271812264,-0.044261871746305324,0.19400347566008846,0
GSM3998326,13,2.9540409907997907,-0.03779829598686725,0.19419458541799112,0
GSM3998327,13,2.81981486720848,0.027579607095538534,0.19720520130796787,0
GSM3998328,13,2.8800341654090773,-0.003507719719192336,0.19506022472029405,0
GSM3998329,13,2.850101239840762,0.050168665932282544,0.20000518585162505,0
GSM3998330,13,2.935635790742893,0.004717586296901172,0.19546798795896575,0
GSM3998331,13,2.9711690755825395,-0.043165370371096565,0.16924544380247203,0
GSM3998332,13,2.7844219054384887,0.07791825371776177,0.17937917549052543,0
GSM3998333,13,2.961796965233473,-0.05636172829636988,0.18213667767103672,0
GSM3998334,13,2.8584936221996795,-0.00543147081535713,0.18836920259019313,0
GSM3998335,13,2.8000917541016404,0.019526966537898788,0.18068200245394003,0
GSM3998336,13,2.881864560506149,-0.0018739491457886567,0.1985111363860339,0
GSM3998337,13,2.9903741704415014,-0.07478942576485567,0.20465666914913824,0
GSM3998338,13,2.847557087217333,0.03457545032317395,0.19560983770048646,0
GSM3998339,13,2.960839559953607,-0.040323479075900635,0.1667847816119554,0
GSM3998340,13,2.9612977177157433,-0.030567009564944563,0.16090128148010022,0
GSM3998341,13,2.7984456991268116,0.11636075856473871,0.1960451456207275,0
GSM3998342,13,2.873078805384762,0.03919085402167112,0.17402676665807312,0
GSM3998343,13,2.7661060748596324,0.11016989547544682,0.22197031731345035,0
GSM3998344,13,2.8442168431623127,0.0615976111556605,0.19701619183801794,0
GSM3998345,13,2.716909638703037,0.2085243448462439,0.2185751610579384,0
GSM3998346,13,2.729954857095636,0.17749516241747057,0.21999448932214888,0
GSM3998347,13,2.7611722555971,0.11438716921871747,0.22291933565361555,0
GSM3998348,13,2.7920749760093053,0.09413636577835381,0.20135830794913104,0
GSM3998349,13,2.7961431368515974,0.10774870137473354,0.2051278198955259,0
GSM3998350,13,2.779486027537949,0.09983246708169388,0.2198039936301216,0
GSM3998351,13,2.7702292796857906,0.11446407786149686,0.20991622390750192,0
GSM3998352,13,2.8082477916118447,0.07159094742275612,0.20070190173386773,0
GSM3998353,13,2.8025723360529846,0.12266533673344904,0.19111271362951754,0
GSM3998354,13,2.747136606258203,0.14514526136488745,0.21841725379586077,0
GSM3998355,13,2.8356573980787907,0.06750185827369283,0.20654887369327712,0
GSM3998356,13,2.7861794913193276,0.08983172782819646,0.20708667107263118,0
GSM3998357,13,2.730048337384456,0.14349680852341287,0.23689398607115994,0
GSM3998358,13,2.825645695259891,0.014629170360819939,0.21784473521323322,0
GSM3998359,13,2.6603807478797377,0.13453577793494031,0.17600425125391972,0
GSM3998360,13,2.6808393463334825,0.1954957712541592,0.19549597172947739,0
GSM3998361,13,2.792904906071825,0.15851922633743787,0.20756049831436407,0
GSM3998362,13,2.7486278850366386,0.11930190176753283,0.2071883417688476,0
GSM3998363,13,2.7762076959314057,0.1272138136121024,0.2072718565024667,0
GSM3998364,13,2.7805702334376057,0.07656642458659049,0.24292466318940278,0
GSM3998365,13,2.7653710605719892,0.09813392427540207,0.2153531971769916,0
GSM3998366,13,2.9013235405784705,0.031168178854667803,0.1826730229158269,0
GSM3998367,13,2.8041264433787707,0.03788780696850599,0.17514064797940265,0
GSM3998368,13,2.8247313092193096,0.0627261426857152,0.20546140316206607,0
GSM3998369,13,2.863567476304618,0.07153513538400712,0.17161566161949404,0
GSM3998370,13,2.8117536341049276,0.0057764076079516455,0.1702284616306207,0
GSM3998371,13,2.7880947379306127,0.052975392551504415,0.2115132650634352,0
GSM3998372,13,2.864963858185144,0.01196619826398078,0.18233663244072326,0
GSM3998373,13,2.8618792567551976,-0.006903746060000582,0.182342815644578,0
GSM3998374,13,2.860078177683862,-0.01387967270592485,0.21375688923945937,0
GSM3998375,13,2.887728815840323,-0.03944978010238638,0.19219439641006397,0
GSM3998376,13,2.8623322925408674,0.0033098595056625033,0.1839540744475359,0
GSM3998377,13,2.8481897698074774,0.00010628325759171819,0.19737128972457138,0
GSM3998378,13,2.722785169061905,0.10694273828774692,0.17441948510212557,0
GSM3998379,13,2.885942711340995,-0.026309221762840587,0.17926682311249198,0
GSM3998380,13,2.8793112504935334,-0.026546334140403575,0.18963339708275415,0
GSM3998381,13,2.713860319151161,0.11761216577181902,0.20299725567573418,0
GSM3998382,13,2.7420720088162502,0.08127979415293081,0.20508810405078876,0
GSM4957321,13,2.893030424882549,-0.00022514904860356254,0.226013218769139,0
GSM4957322,13,2.8724059887674014,0.02044448019004204,0.1998703754932667,0
GSM4957323,13,2.8819092997428357,-0.015025038028077914,0.19698136319810555,0
GSM4957324,13,2.847220803050764,-0.018708409898049727,0.20758338420204692,0
GSM4957325,13,2.937359538135367,-0.020524811436670256,0.2236149229483314,0
GSM4957326,13,2.9204128212381377,-0.060832520127071264,0.1876968174290113,0
GSM4957327,13,2.9215308435804803,-0.0269533623257144,0.18318276197244912,0
GSM4957328,13,2.918751720320105,-0.061447415488157936,0.18205692577806154,0
GSM4957329,13,2.904768030381368,-0.007125459782853978,0.2046278600329715,0
GSM4957330,13,2.9734764917078342,-0.009168655293665843,0.20897671160312623,0
GSM4957331,13,2.923978631366952,-0.02812610552962064,0.17186352115482154,0
GSM4957332,13,2.9171890174704025,-0.05482996311868454,0.19677494417183877,0
GSM4957333,13,2.843176874893278,0.012907196041615604,0.19340745360702155,0
GSM4957334,13,2.9161812205773265,-0.023720108953549673,0.1987559123711709,0
GSM4957335,13,2.8596796372363196,0.1059059960621133,0.2233316843981312,0
GSM4957336,13,2.9967523074758042,-0.04627170067558493,0.2096195333924388,0
GSM4957337,13,2.8200232333257196,0.08244134197382813,0.21362167934961845,0
GSM4957338,13,2.79058665097313,0.11789317616076414,0.2156556960832153,0
GSM4957339,13,2.966170575656733,0.00995352312697696,0.20878790662432845,0
GSM4957340,13,2.7821743534827124,0.14574365772941192,0.20458681410370141,0
GSM4957341,13,2.910638560424487,0.08801825084664104,0.22388314740854148,0
GSM4957342,13,2.861827401072338,0.13004787508202786,0.22213511047533424,0
GSM4957343,13,2.8794065458289997,0.08820035042332147,0.2099993740119498,0
GSM4957344,13,2.8617928127999557,-0.006414178421979582,0.19694204206624907,0
GSM4957345,13,2.884294913785202,-0.028607680853572636,0.17527635501172045,0
GSM4957346,13,2.8646302793618714,0.038587262435107364,0.2388915741430827,0
GSM4957347,13,2.9132037891124454,-0.04395329830477181,0.19094796731575278,0
GSM4957348,13,2.8393514781538043,0.0012427488127199654,0.18424235391761196,0
GSM4957349,13,2.7549451232493527,0.04494448599176607,0.19383562839773819,0
GSM4957350,13,2.92913408593678,-0.05094393581620389,0.1787107682476801,0
GSM4957351,13,2.9202751526201935,-5.7095393530745264e-05,0.21562286039796338,0
GSM4957352,13,2.9376645143712112,-0.053463110704858714,0.18723400970141071,0
GSM4957353,13,2.8334333893805663,-0.0014025522599479226,0.20502547223463471,0
GSM4957354,13,2.7565438464022343,0.06476400189415968,0.1955762547827705,0
GSM4957355,13,2.8688795997585013,-0.0332546724484779,0.19217212410561674,0
GSM4957356,13,2.855223168161292,0.011603620277917637,0.1854850694443229,0
GSM4957357,13,2.9003497903080193,-0.045377760585836334,0.19092721548468033,0
GSM4957358,13,2.9480739267644847,-0.08714779607508559,0.18279608846324114,0
GSM4957359,13,2.850952862347519,-0.0008467206868186804,0.1969702087414119,0
GSM4957360,13,2.937228520007301,0.036491050120239316,0.19348775530973925,0
GSM4957361,13,2.918967043461335,-0.06444234584742829,0.18967640052458584,0
GSM4957362,13,2.9121783718600915,-0.045545304489954835,0.18858044022202536,0
GSM4957363,13,2.9064547741510816,-0.026074883838249942,0.1972221740914065,0
GSM4957364,13,2.9270379263201747,-0.009860160013586292,0.19401046286334633,0
GSM4957365,13,2.8720882156619405,0.035052191356311185,0.24966947090203137,0
GSM4957366,13,2.728374645398883,0.21232307392260755,0.22845613221561822,0
GSM4957367,13,2.8102492528292644,0.11327207981007371,0.21878800037355925,0
GSM4957368,13,2.774125268511333,0.14686483898527727,0.19014274142942392,0
GSM4957369,13,2.8576998944083813,0.05156203412871674,0.2318248031486163,0
GSM4957370,13,2.8376485453785603,0.04518204824774371,0.22439814262115793,0
GSM4957371,13,2.998630760722492,-0.06927853724064688,0.1883838488111677,0
GSM4957372,13,2.8572189867979376,0.06171119440334577,0.21732016283757108,0
GSM4957373,13,2.802800271027898,0.09393346919489079,0.2022640790766093,0
GSM4957374,13,2.8178830440653404,0.10780630937202067,0.2303798044826022,0
GSM4957375,13,2.8462933022640566,0.055805927479357885,0.2044108463469711,0
GSM4957376,13,2.8245841058244103,0.09364803858371734,0.1887033990235584,0
GSM4957377,13,2.8810818026225444,0.08861979959013641,0.22186603641598357,0
GSM4957378,13,2.8590077138080745,0.031893701858440385,0.19972257357303513,0
GSM4957379,13,2.791777878482011,0.11483165140249908,0.2118642040790035,0
GSM4957380,13,2.839363881356492,0.06791977795045757,0.21482940168225817,0
GSM4957381,13,2.9083981284001066,-0.0070092199036667895,0.1976318018050288,0
GSM4957382,13,2.7958935887047938,0.09287175399607182,0.2098631073126167,0
GSM4957383,13,2.859902668981533,0.025728960278549595,0.21015148842497383,0
GSM4957384,13,2.9501043467289674,-0.030535131819991415,0.19897481260196076,0
GSM4957385,13,2.855586613867776,0.0007585936121547295,0.17584015189203622,0
GSM4957386,13,2.939231531807348,-0.013274281222165368,0.21532232397933282,0
GSM4957387,13,3.003828204786129,-0.06262678240038079,0.18743928110844127,0
GSM4957388,13,2.7365102388896845,0.08212363479576168,0.22023348653930544,0
GSM4957389,13,2.894085806454806,-0.03407651385760644,0.20528699072475753,0
GSM4957390,13,2.864529944912699,-0.012554074245705274,0.20438067064907403,0
GSM4957391,13,2.9678093465905446,-0.03807755457112672,0.1701605678350923,0
GSM4957392,13,2.9375258437896234,-0.03387796907276034,0.19431614128253327,0
GSM4957393,13,2.8679328119053804,-0.02747270830297809,0.19078058645336124,0
GSM4957394,13,2.893020845040557,0.029326592606024455,0.19201906854036066,0
GSM4957395,13,2.895899943407323,0.1007993365852911,0.22612431010199702,0
GSM4957396,13,2.9238089332476576,-0.024734052290719406,0.17032741478313812,0
GSM4957397,13,2.8747678070911955,-0.018239789762253676,0.2013674873335546,0
GSM4957398,13,2.9203649056238294,-0.026993258309255558,0.19069922571894227,0
GSM4957399,13,2.8971389753908547,-0.07601861530605485,0.1919307991107452,0
GSM4957400,13,2.9213789944608197,-0.035881933831210036,0.19026161777913886,0
GSM4957401,13,2.8221341763426855,0.01895048807948119,0.1766857422656201,0
GSM4957402,13,2.8892426746627913,0.018119868618215084,0.19612598398525347,0
GSM4957403,13,2.8795670104639677,0.029977976629078265,0.18789664014788593,0
GSM4957404,13,2.9965488415973254,-0.058342543663336834,0.2134767445352173,0
GSM4957405,13,2.935006218596625,-0.037453054236118756,0.18930498987724467,0
GSM4957406,13,2.886949148980436,-0.027462678272566793,0.1868908802401478,0
GSM4957407,13,2.8762981748164473,-0.016605343472168906,0.18205391697837414,0
GSM4957408,13,2.8894031403596934,0.02243214384539647,0.17322467387819848,0
GSM4957409,13,2.963953436459437,-0.013752970344556702,0.2222447058293429,0
GSM4957410,13,2.9027291333979335,0.04134422315143421,0.17427919115101412,0
GSM4957411,13,2.9736915348408535,-0.03802344922931598,0.19064989699762164,0
GSM4957412,13,2.9811134502584613,-0.05039139781012957,0.18820375208518222,0
GSM4957413,13,2.980020193817567,-0.030559091681200697,0.20060747879097784,0
GSM4957414,13,2.966384672020035,-0.041256223324662396,0.22044336565750494,0
GSM4957415,13,2.8405424951641445,0.0008839583754170951,0.17350486706804016,0
GSM4957416,13,2.8880880769196473,0.0006633287547465044,0.19155232028455377,0
GSM4957417,13,2.928294501930088,-0.05081282408664565,0.2115943310818102,0
GSM4957418,13,2.9273106652839602,-0.03899211494901268,0.20881876801482177,0
GSM4957419,13,3.008083184950429,-0.0846666958625074,0.19339651695182586,0
GSM4957420,13,2.9246636481572414,-0.03378509351330802,0.19576945384978506,0
GSM4957421,13,2.953124889378568,-0.05004964428087708,0.19533833033932618,0
GSM4957422,13,2.9124581430988097,-0.038529802973868287,0.20700048344415542,0
GSM4957423,13,2.959049136019719,-0.01747101046950287,0.19633456537850685,0
GSM4957424,13,2.8929763062649814,0.0023826495737758044,0.20984442426822864,0
GSM4957425,13,2.93871138552235,-0.02890927645029459,0.2138613168777707,0
GSM4957426,13,2.853940160475221,-0.0005400050301889426,0.20565876060003538,0
GSM4957427,13,2.9796178888994924,-0.06491477713890774,0.19714773613713832,0
GSM4957428,13,2.8800711395868706,-0.037272839165209515,0.20245744952142072,0
GSM4957429,13,2.9870857462281135,-0.060947340061130804,0.19465071881873355,0
GSM4957430,13,2.9064559144710493,-0.0044352627770486985,0.19385356773396223,0
GSM4957431,13,2.9514638542530687,-0.03450305588157962,0.18938691405290597,0
GSM4957432,13,2.9693422703273633,-0.04669062293601194,0.21438060645417678,0
GSM4957433,13,2.9063132568682364,-0.008597267780468439,0.2026586400685333,0
GSM4957434,13,2.9654478303070855,-0.03027403375190187,0.21483210660649693,0
GSM4957435,13,2.921064588861468,-0.043845850905837,0.1869685534404851,0
GSM4957436,13,2.9435684793371246,-0.05708494266991076,0.19021248418034475,0
GSM4957437,13,2.9929755078111233,-0.05215157721352269,0.19656464691610015,0
GSM4957438,13,2.9952978965204573,-0.047210411857621246,0.19340366157712918,0
GSM4957439,13,2.910804183720274,-0.007120721788359208,0.20157656583925396,0
GSM4957440,13,2.884931023916837,-0.04582233272957102,0.20833367256486301,0
GSM4957441,13,2.993618772939319,-0.028023446516285085,0.20878125289555324,0
GSM4957442,13,2.868113771696053,0.03195825726598207,0.1956386798567393,0
GSM4957443,13,2.897282956791593,-0.003145951495726435,0.21323781231589167,0
GSM4957444,13,2.960124082263061,-0.040180186892168734,0.2027436199012517,0
GSM4957445,13,2.9150022281581993,-0.09524433272682874,0.19699919864197654,1
GSM4957446,13,2.9332784384232333,-0.04676667672680342,0.20147100652443445,0
GSM4957447,13,2.922828490226001,-0.028361099290947836,0.20199508624478688,0
GSM4957448,13,2.8418822454676755,0.003908582919584935,0.19405525412310698,0
GSM4957449,13,2.9772874505807967,-0.055937987232621576,0.19469596460982735,0
GSM4957450,13,2.8816699587347254,0.006034954353277335,0.20866741198784755,0
GSM4957451,13,2.876094188005379,-0.004757088827560355,0.19350701411409288,0
GSM4957452,13,2.873764135187234,0.005572942501330162,0.209482978287494,0
GSM4957453,13,3.001662108730997,-0.06675012147977447,0.1873240799133524,0
GSM4957454,13,2.79908662107695,0.015153623669254573,0.17517716102502315,0
GSM4957455,13,2.976895790813598,-0.07165528829454774,0.21057749692947716,0
GSM4957456,13,2.8620215671163964,-0.0351376882766404,0.19259646731830715,0
GSM4957457,13,2.9574695744211827,-0.07692132859612477,0.18016448882817998,0
GSM4957458,13,2.874987361748998,0.01985544282568722,0.20911453825051549,0
GSM4957459,13,2.9499365693764616,0.010617336155480248,0.22627891045235454,0
GSM4957460,13,2.871986793937821,-0.020039874106839075,0.1919399249381943,0
GSM4957461,13,2.8525634338043178,-0.0077456535178273426,0.19844879262345236,0
GSM4957462,13,2.8955751908053586,0.0036205015809710663,0.2001440684069202,0
GSM4957463,13,2.9765267816009238,0.024549736691464565,0.19198998509848345,0
GSM3758005,14,3.115675716657426,0.16989485725074402,0.19739261783400525,0
GSM3758006,14,3.110138954245905,0.20894410263223,0.19128016879068793,0
GSM3758007,14,3.097006876947131,0.1870840685556619,0.20154685103684036,0
GSM3758008,14,3.115905695285228,0.1848187027160843,0.20422886934742251,0
GSM3758009,14,3.09511331516185,0.16981215990091972,0.19166872319082848,0
GSM3758010,14,3.123721895801216,0.20894770388506168,0.19683595411343668,1
GSM3758011,14,3.119232453455919,0.196579835777824,0.1999658246763454,0
GSM3758012,14,3.146522803291103,0.19887279557047446,0.20024119028281645,0
GSM3758013,14,3.1191752707619322,0.1928286228495334,0.19702005145052606,0
GSM3758014,14,3.1310580391944103,0.24609277274404404,0.19254907640953903,0
GSM3758015,14,3.0889306876377245,0.2220179403001893,0.18747840803327753,1
GSM3758016,14,3.1042274489318555,0.21243910332483618,0.19769253587383467,0
GSM3758017,14,3.166207256871663,0.17649425959865478,0.20638494846344588,0
GSM3758018,14,3.1201563224004487,0.17796753384645,0.19957344284685805,0
GSM3758019,14,3.1352597866087755,0.18511613808384494,0.20077393608459282,0
GSM3758020,14,3.1545563683563316,0.19774344840016309,0.1977003077006248,0
GSM3758021,14,3.0990854815164828,0.1777046732093676,0.20606486103599556,0
GSM3758022,14,3.1405100561178765,0.1790172129293897,0.22002376353729944,0
GSM3758023,14,3.166564207702008,0.1756482415308446,0.2098932559142959,0
GSM3758024,14,3.138934132238802,0.18697190959264726,0.19791295811968407,0
GSM3758025,14,3.1490821755372767,0.1723203914776097,0.20245978199231296,0
GSM3758026,14,3.139913060903305,0.1830647154412858,0.1958844618971067,0
GSM3758027,14,3.1385738522333178,0.18203998157041187,0.20091292767018543,0
GSM3758028,14,3.09893860962267,0.2012428230696082,0.20339800794891139,0
GSM3758029,14,3.0911052110352526,0.19873254488137912,0.20054020499371217,0
GSM3758030,14,3.112270687517299,0.1930263691322949,0.1952550887469058,0
GSM3758031,14,3.120520720222535,0.15987785603151583,0.20057952939864857,0
GSM3758032,14,3.12959656544617,0.16659242363999652,0.20021130139329613,0
GSM3758033,14,3.0934232956021774,0.18976224149609244,0.21258657561014827,0
GSM3758034,14,3.125102046899855,0.1819422979875968,0.20278609608138087,0
GSM3758035,14,3.1358436531079383,0.18012632511646756,0.19903998229727124,0
GSM3758036,14,3.154445693925166,0.16993891182944823,0.19876790151902912,0
GSM3758037,14,3.1283046039401166,0.2205335589004145,0.19987320838283335,0
GSM3758038,14,3.146618809268895,0.14832643276088187,0.20042303178456977,0
GSM3758039,14,3.1072835929247122,0.2024767691088817,0.19946640298073648,0
GSM3758040,14,3.1309684830421065,0.16452434566301638,0.19796597387721768,0
GSM3758041,14,3.1493792561930376,0.16630396913660972,0.1951998734282602,0
GSM3758042,14,3.115351952210111,0.2156201537230608,0.20063745664782937,0
GSM3758043,14,3.163762113385911,0.16123469290890624,0.20343255250411224,0
GSM3758044,14,3.151823485384075,0.17469473870677665,0.20330790889769557,0
GSM3758045,14,3.104806213180648,0.20280798681807963,0.21355530832124797,0
GSM3758046,14,3.1338598409165224,0.17364999381033572,0.20098814922001154,0
GSM3758047,14,3.090250468762244,0.16944100955613142,0.2199083611499669,0
GSM3758048,14,3.1456455701845556,0.1480079754821209,0.20953318905858853,0
GSM3758049,14,3.129053208245707,0.12563557818467863,0.2063888933042198,0
GSM3758050,14,3.1337420743728526,0.17854075318297524,0.1976425080411682,0
GSM3758051,14,3.182006722703139,0.1728655521280427,0.21052913657439243,0
GSM3758052,14,3.1572595895892293,0.1754414944742834,0.1973226327598699,0
GSM3758053,14,3.09835551937093,0.2492743920461589,0.19268431726419652,0
GSM3758054,14,3.1767050052737074,0.15018290253956137,0.1984271845718722,1
GSM3758055,14,3.136761632761269,0.18586547656662622,0.19388587721547393,0
GSM3758056,14,3.1295026165473163,0.19991120997263387,0.1984198552281175,0
GSM3758057,14,3.1408996160575353,0.17637347778555967,0.19877797948835985,0
GSM3758058,14,3.096552583031088,0.19155661348473133,0.19630944421821495,0
GSM3758059,14,3.193033871092307,0.14787543567520614,0.21100633936757343,0
GSM3758060,14,3.1375398265032146,0.182903404409524,0.20711985221595197,0
GSM3758061,14,3.1165561017835195,0.21492735034603475,0.19250313477579883,0
GSM3758062,14,3.1403504893767473,0.19187700595170504,0.20573493368670398,0
GSM3758063,14,3.14521553231832,0.1708653259982442,0.1947802621793845,0
GSM3758064,14,3.1332453588510965,0.19954217350400874,0.19950351617526862,0
GSM3758065,14,3.1120245530600896,0.20209046027481004,0.2009142939583648,0
GSM3758066,14,3.1771633116125764,0.16737972685303648,0.20294448060188103,0
GSM3758067,14,3.1785180545731184,0.18802130706380943,0.210458455200248,0
GSM3758068,14,3.146085738934943,0.1823854891705584,0.20038282431670748,0
GSM3758069,14,3.1197365737927254,0.18407868859038443,0.20338556106065298,0
GSM3758070,14,3.1025567694123612,0.22646813731071763,0.19085302165437348,0
GSM3758071,14,3.169232273242724,0.18132275489688612,0.2001564629471213,0
GSM3758072,14,3.143054556189786,0.18228014072158485,0.20007983635258256,0
GSM3758073,14,3.1204717875068115,0.21865707225557995,0.19454905765025307,1
GSM3758074,14,3.1345845380431934,0.1866686149148144,0.20223268939313443,0
GSM3758075,14,3.152483415836476,0.23198762737251444,0.20300229450644905,0
GSM3758076,14,3.172047044905125,0.1938146893868209,0.19517912546832292,0
GSM3758077,14,3.123354232725609,0.21944068780996254,0.19336359165015313,1
GSM3758078,14,3.1431150304688233,0.19538185999919033,0.2004783048602253,0
GSM3758079,14,3.112338999118781,0.18607325296657296,0.19526753454008794,1
GSM3758080,14,3.120396298250777,0.20907473846143781,0.19856939555553138,0
GSM3758081,14,3.1460798361423916,0.22605894180800643,0.20605693881681827,2
GSM3758082,14,3.095741306619732,0.24982768639995506,0.19713621974412782,0
GSM3998167,14,3.1503254119659725,0.20739809659267683,0.1980104781229824,0
GSM3998168,14,3.0641707203544013,0.22197229835548593,0.19494849646741383,0
GSM3998169,14,3.067002535783592,0.24885899489098043,0.1916646618587076,1
GSM3998170,14,3.094593877330487,0.217664450869098,0.1985646318599399,0
GSM3998171,14,3.1145839988915758,0.20945931030166073,0.1980753894161413,0
GSM3998172,14,3.1077995686981343,0.23402593093151422,0.1941217440369421,1
GSM3998173,14,3.094196476742932,0.2236169380237754,0.1938962733060062,0
GSM3998174,14,3.1314714155287757,0.2197538633281499,0.19516010460989633,1
GSM3998175,14,3.1839540647497775,0.2231016122254381,0.19282150199540699,0
GSM3998176,14,3.1858225606589827,0.20341857109477662,0.1905689239385605,0
GSM3998177,14,3.172405811336763,0.22136266708663535,0.19088965105721029,0
GSM3998178,14,3.161505629353652,0.21315136143612606,0.18804227722708017,0
GSM3998179,14,3.1110199916714927,0.24057469290940242,0.18697005248250978,0
GSM3998180,14,3.123786701015596,0.23234030668098837,0.1966663361120754,0
GSM3998181,14,3.16712588730802,0.22155720174140206,0.189080391063902,0
GSM3998182,14,3.1546578409417614,0.24798287776025332,0.2012076826620483,0
GSM3998183,14,3.1234996278216447,0.2509509210660042,0.20941357284425047,0
GSM3998184,14,3.1341631773635408,0.22623774229940644,0.18698897015148297,0
GSM3998185,14,3.141082635497382,0.23399892096412434,0.19531545251869564,0
GSM3998186,14,3.2332857134119783,0.2080985504869002,0.2006325404200614,0
GSM3998187,14,3.209853331277434,0.14286872215107477,0.19807348067543,1
GSM3998188,14,3.106513016984572,0.23792663998871555,0.19479382406251905,0
GSM3998189,14,3.113444139620745,0.23703867655155456,0.19193978193006264,0
GSM3998190,14,3.1447569666058093,0.23161589344422961,0.19138981540422,0
GSM3998191,14,3.1087147899576415,0.20581209376621126,0.21327279811088515,0
GSM3998192,14,3.1086844879782154,0.21399209332145916,0.20005977880657422,0
GSM3998193,14,3.1051599437978,0.2503767540551146,0.21064787629808607,0
GSM3998194,14,3.1643877584059816,0.2205079893911818,0.21141375441825597,0
GSM3998195,14,3.0925277342190003,0.20555000175282181,0.19933599799447044,0
GSM3998196,14,3.093566812051353,0.20075427496917467,0.1924737382182145,0
GSM3998197,14,3.138285586287417,0.19384114138536676,0.18998877251077545,0
GSM3998198,14,3.1462542623239895,0.18286450943671842,0.19850796894660228,0
GSM3998199,14,3.0673438331970413,0.19887543921061954,0.2057283037253009,0
GSM3998200,14,3.1159273437681048,0.239365836896089,0.1937461575584701,0
GSM3998201,14,3.1096113234980547,0.16730854573056914,0.20076664415996587,0
GSM3998202,14,3.1512177009514826,0.15099803940909015,0.20017154651400543,0
GSM3998203,14,3.1054079221842317,0.22679649525287116,0.20313341921177003,0
GSM3998204,14,3.105934292739046,0.20390198407207927,0.20342081224229927,0
GSM3998205,14,3.149679098016452,0.20506581889873254,0.20807857265182914,0
GSM3998206,14,3.184881213485519,0.20311582894063182,0.20877337809287824,0
GSM3998207,14,3.13488083556771,0.20129973746337831,0.21117629702700166,0
GSM3998208,14,3.151971407473833,0.22645839928370062,0.20736171626597966,0
GSM3998209,14,3.1220900627302006,0.23608019505371533,0.20875579167000113,0
GSM3998210,14,3.1057912835691948,0.1584514873937133,0.19852106144266363,0
GSM3998211,14,3.132668752864271,0.15903293362607543,0.21429182777929467,0
GSM3998212,14,3.098853239589184,0.2568378455973394,0.20082746371917837,0
GSM3998213,14,3.179658083736108,0.21312809956990267,0.1899741249166784,0
GSM3998214,14,3.090411350925339,0.20751032843255687,0.2033959022629831,0
GSM3998215,14,3.1778548412509955,0.2055619694603553,0.21112880716619237,0
GSM3998216,14,3.0981226085225266,0.2781513128971092,0.1872868483997493,0
GSM3998217,14,3.099477897462104,0.3004531571750267,0.18197973013638813,1
GSM3998218,14,3.0821925122408276,0.21915497716121998,0.18044209797689825,1
GSM3998219,14,3.18129033845493,0.2136173234153303,0.1868241947029648,0
GSM3998220,14,3.1107583248436077,0.2690993508885083,0.19898543244308123,1
GSM3998221,14,3.1006629269070745,0.2541018776212658,0.19377068834498398,1
GSM3998222,14,3.111057357960973,0.27236704662688094,0.1976285258655226,1
GSM3998223,14,3.0790864692948308,0.25711616629156514,0.19512305830143,1
GSM3998224,14,3.095626078600759,0.24147756187075914,0.19202613019207862,0
GSM3998225,14,3.0695057086337534,0.1345508800446402,0.20536770900287915,0
GSM3998226,14,3.1558084131227035,0.17614029515673485,0.1934448527786645,0
GSM3998227,14,3.089824136207199,0.13791401268611955,0.2079312459729609,0
GSM3998228,14,3.1550445870013912,0.20147564161613082,0.19044782928512638,0
GSM3998229,14,3.137623234095954,0.14943822045300006,0.20389671888965344,0
GSM3998230,14,3.1489103617436314,0.154102091117522,0.20675019435182906,0
GSM3998231,14,3.1496429562044663,0.22338128076589633,0.19814259630847403,0
GSM3998232,14,3.185696688926003,0.13794721469748505,0.21029169733613196,0
GSM3998233,14,3.072681350563462,0.16757357532781517,0.19126339228767536,0
GSM3998234,14,3.200219601341746,0.123831373743548,0.20461516656220238,0
GSM3998235,14,3.1568376038485524,0.20446180224303026,0.19807716258543337,0
GSM3998236,14,3.1612079238468884,0.15354538331257397,0.201019013580042,0
GSM3998237,14,3.201401414434219,0.170183101660139,0.19082161899596378,0
GSM3998238,14,3.1874520025172624,0.10243464324299997,0.20384740547034808,0
GSM3998239,14,3.189485896474639,0.180065591526736,0.20402495264179402,0
GSM3998240,14,3.1503043345327404,0.15537897637083264,0.2047903097692232,0
GSM3998241,14,3.171290487302099,0.15698261856746,0.20213177041384958,0
GSM3998242,14,3.0592033422764593,0.14292062791783136,0.19841679285184846,0
GSM3998243,14,3.1113594339781003,0.17045140580650137,0.20267924921147704,0
GSM3998244,14,3.1755265230003835,0.15292184939167744,0.19920026065704283,1
GSM3998245,14,3.1777192665988947,0.12980976187928042,0.21254635251769224,0
GSM3998246,14,3.1765914864522182,0.11621543824512333,0.20671803841121866,0
GSM3998247,14,3.165689381096582,0.18632889029994534,0.19973597746838917,0
GSM3998248,14,3.1373597566019895,0.15290547855015954,0.20011845951961948,0
GSM3998249,14,3.181038465979459,0.1965338887323975,0.19845543296704754,0
GSM3998250,14,3.1504845483827784,0.23696005097081727,0.19128889419574438,0
GSM3998251,14,3.0892009314695863,0.19656641845783077,0.2010852918978725,0
GSM3998252,14,3.1501862095220328,0.18594333039300684,0.20321906221710065,0
GSM3998253,14,3.134157303024259,0.14676056831167444,0.2071762364244559,0
GSM3998254,14,3.112969771981659,0.20717072424211205,0.1899654652373578,0
GSM3998255,14,3.1495982362736163,0.24750319318047292,0.19782769284377438,0
GSM3998256,14,3.17077261153429,0.15735074400104124,0.2127753932278034,0
GSM3998257,14,3.120982150867247,0.19352184484148735,0.1934108318187633,0
GSM3998258,14,3.099667648735646,0.18872960296568964,0.20368203306446428,0
GSM3998259,14,3.133505580175947,0.19073487650716378,0.213074069845985,0
GSM3998260,14,3.1630214130304775,0.13182886567610047,0.20712075420472745,0
GSM3998261,14,3.152245218139372,0.23110394184075303,0.1938582245308778,0
GSM3998262,14,3.1561587260288833,0.21460054889443295,0.1991353156975317,0
GSM3998263,14,3.1483161629817604,0.22383846488350498,0.19170427668759182,0
GSM3998264,14,3.1648245626437532,0.17761757130954048,0.2073821900655221,0
GSM3998265,14,3.142247742827194,0.2525718564424133,0.19750051055285867,0
GSM3998266,14,3.1656368795949112,0.23369526385453965,0.18618583337292058,0
GSM3998267,14,3.1790365828661447,0.2157507614563352,0.18314647978716478,0
GSM3998268,14,3.0569301724949662,0.2009077679254697,0.2106617728349493,0
GSM3998269,14,3.146834338615656,0.2201131144558863,0.19930313928473295,0
GSM3998270,14,3.152827441612499,0.23306499820408072,0.19877279451737692,0
GSM3998271,14,3.176423585143676,0.17357158020140756,0.20884608049771358,0
GSM3998272,14,3.1947482915705536,0.16666447931552358,0.2085224131825897,0
GSM3998273,14,3.180042264488914,0.15307084569224413,0.20652328022224953,0
GSM3998274,14,3.172953651738638,0.21805152143021791,0.1910668938448593,0
GSM3998275,14,3.135391338491034,0.18121845385301275,0.21487483590090165,0
GSM3998276,14,3.11569929519962,0.1714574480654243,0.20707894752363754,0
GSM3998277,14,3.194751624074477,0.1393447894861134,0.20118150795520492,1
GSM3998278,14,3.1182100873792202,0.16769527503080722,0.21441046364569105,0
GSM3998279,14,3.171015444676571,0.17494231392739054,0.19474937751812735,0
GSM3998280,14,3.148728736517476,0.09654494138753869,0.21531671836983393,0
GSM3998281,14,3.1055075586439758,0.20164253661225154,0.1999127647083539,0
GSM3998282,14,3.142204861270456,0.1817108493141648,0.20452229358733623,0
GSM3998283,14,3.173415684711115,0.2015692537006255,0.20033012898857375,1
GSM3998284,14,3.1435122831592137,0.1758198566697726,0.19878976057384096,0
GSM3998285,14,3.078105672994096,0.127027507791379,0.1965815695217988,0
GSM3998286,14,3.165498501188383,0.23656124485239546,0.19439902884056587,0
GSM3998287,14,3.131250752075126,0.2339181020167079,0.20188977330825594,0
GSM3998288,14,3.1759167846818452,0.2506705661068902,0.19754772501811377,0
GSM3998289,14,3.148266476282905,0.22573636097435196,0.19996822899721048,0
GSM3998290,14,3.1428214545148214,0.18123044605400834,0.1967376428982959,0
GSM3998291,14,3.1179872093963446,0.21873883840415956,0.19237359546422186,0
GSM3998292,14,3.1854276711835428,0.17603489433386987,0.2030307193258397,0
GSM3998293,14,3.134246958648387,0.20403922766951313,0.18896549510608482,0
GSM3998294,14,3.18551561023117,0.21569902491842358,0.18805081677202162,0
GSM3998295,14,3.1924191848629526,0.19568805281799057,0.19630263039453444,0
GSM3998296,14,3.1999934725778587,0.20460266925731074,0.2019272759677535,0
GSM3998297,14,3.225631285481171,0.18003988113730124,0.20852767836362707,0
GSM3998298,14,3.180619712383153,0.20363035432797452,0.19818609594731962,0
GSM3998299,14,3.156223957485962,0.24599855383493,0.1878936167143017,0
GSM3998300,14,3.1524467606406636,0.21818661210445062,0.18937520636145314,0
GSM3998301,14,3.1461530125937442,0.2183477930952881,0.20222387074776135,0
GSM3998302,14,3.142989552431056,0.15277766998525039,0.2073573790037709,0
GSM3998303,14,3.171155653717513,0.1700177058292373,0.1990005273640572,0
GSM3998304,14,3.1265419775569225,0.2072853498317415,0.20439472333355488,0
GSM3998305,14,3.182956200049003,0.17852658734121854,0.20151503522978514,0
GSM3998306,14,3.152716530857152,0.2132216805534031,0.19022735727104922,0
GSM3998307,14,3.1449539226849144,0.20284227422708784,0.19502790885097968,0
GSM3998308,14,3.146364704253258,0.19531263573187269,0.19295375586266333,0
GSM3998309,14,3.1679523920992216,0.1982322299869983,0.2008992279239288,0
GSM3998310,14,3.1925314263110742,0.16791384507560664,0.1969903098972868,0
GSM3998311,14,3.158973189031748,0.2291753887587974,0.1951506348490918,1
GSM3998312,14,3.140621907970196,0.14106697988474726,0.20968840739116565,0
GSM3998313,14,3.131037737758496,0.19829768943162918,0.193444740814188,0
GSM3998314,14,3.1443248191776174,0.20425629531943154,0.19904594640168538,0
GSM3998315,14,3.134616875332844,0.26093730935597276,0.19462395787497935,0
GSM3998316,14,3.1242359633130574,0.24832293597593588,0.19960876239969652,0
GSM3998317,14,3.1232444769259216,0.2533469827462037,0.199966504593066,0
GSM3998318,14,3.141796262453928,0.22918989169280257,0.19758005075506482,0
GSM3998319,14,3.1488013763349487,0.18857864827023593,0.21613744665727483,0
GSM3998320,14,3.1578402244755224,0.18597940364540044,0.20953628260547252,0
GSM3998321,14,3.1299989755211293,0.21809595184790617,0.19640402153195985,0
GSM3998322,14,3.0974762686004507,0.2471118743079329,0.2007031432420847,0
GSM3998323,14,3.1677737268189285,0.23110773449511177,0.19541371193978063,0
GSM3998324,14,3.1086842072965215,0.21250497271267846,0.20573382913865645,0
GSM3998325,14,3.16419750406254,0.22256649881693147,0.20235214957681655,0
GSM3998326,14,3.1699881748808947,0.20191393994529003,0.2039384259745277,0
GSM3998327,14,3.0531346938309705,0.20321171597592017,0.20267639285203726,0
GSM3998328,14,3.1070627235408206,0.22226828788918346,0.2025231701985818,0
GSM3998329,14,3.1475448016530683,0.1945032113122188,0.20940165109623174,0
GSM3998330,14,3.153729627048816,0.24853940794577978,0.20339344469591963,0
GSM3998331,14,3.136069745085896,0.19452133162323798,0.20418413473174152,0
GSM3998332,14,3.0741024841300235,0.1371744866213393,0.19573370399601905,0
GSM3998333,14,3.099006047973836,0.20279219063277462,0.18847283088944727,1
GSM3998334,14,3.102077881326736,0.17650922613982423,0.20262161180192448,0
GSM3998335,14,3.1043212438496046,0.1717622883781663,0.20838784053351636,0
GSM3998336,14,3.1413697768568882,0.2081093580358686,0.2005994892600749,0
GSM3998337,14,3.156215768398121,0.20792483702563366,0.20384052834698924,0
GSM3998338,14,3.0752998417867734,0.21118649831790662,0.20008796615976898,0
GSM3998339,14,3.104903577413857,0.21841904272462054,0.20678740524878472,0
GSM3998340,14,3.1478152247412035,0.1792712862517068,0.19470045940054104,0
GSM3998341,14,3.161054201252292,0.22095049962611185,0.19098407681804344,1
GSM3998342,14,3.0936928202703817,0.21289336713082294,0.192114208525998,0
GSM3998343,14,3.151578290716066,0.12581122430922848,0.19831706477358532,0
GSM3998344,14,3.1644476514323188,0.1292166303183778,0.1928345325619308,0
GSM3998345,14,3.0781969552354393,0.20645946428776704,0.20498655887384645,0
GSM3998346,14,3.156862837026991,0.11583901307887579,0.19834984268347505,0
GSM3998347,14,3.0994548810710922,0.13783456273898576,0.20878993147115307,0
GSM3998348,14,3.146789781925157,0.12551311656170444,0.19712194723317514,0
GSM3998349,14,3.118853676067609,0.15629516735201382,0.2082087322588154,0
GSM3998350,14,3.138552437828703,0.11558977015303794,0.20626085887196838,0
GSM3998351,14,3.1231400124235424,0.11098291231422944,0.19040229053861954,0
GSM3998352,14,3.1356744443184743,0.1257697517953028,0.21144230802062056,0
GSM3998353,14,3.1412706143865665,0.16151945368745574,0.19700015314058245,0
GSM3998354,14,3.116546132109129,0.13409825160061267,0.20795837169178924,0
GSM3998355,14,3.120711795117516,0.14197629379630067,0.19220486841787146,0
GSM3998356,14,3.13119804894243,0.12896843766841493,0.20389862311655801,0
GSM3998357,14,3.155326184010273,0.12924840340255522,0.2035973188135399,0
GSM3998358,14,3.122014892796922,0.1609129127691183,0.20029906428802874,0
GSM3998359,14,3.0508400290088638,0.11332425862222636,0.2026274617818744,0
GSM3998360,14,3.134597242384828,0.11871919343164578,0.21376944349649424,0
GSM3998361,14,3.1792345461398597,0.15141562905872077,0.2136390191619155,0
GSM3998362,14,3.141073677343076,0.07130219312528924,0.20861372885004043,0
GSM3998363,14,3.181455161617965,0.09849550133755376,0.20242865489400483,0
GSM3998364,14,3.177775685125685,0.11124744984663013,0.20505403487323323,0
GSM3998365,14,3.0856543368051006,0.1442788565749469,0.20062892441314747,0
GSM3998366,14,3.1299872398144135,0.18144840830429915,0.2041948226347968,0
GSM3998367,14,3.118731319636587,0.11281199675428215,0.19582751832278616,0
GSM3998368,14,3.1198671697832836,0.14966835783191257,0.21569407545435842,0
GSM3998369,14,3.1829941696552786,0.12357394302539326,0.19659078080306572,0
GSM3998370,14,3.085157351695959,0.15281244402924912,0.1972570058114172,0
GSM3998371,14,3.0949299900540534,0.1855028407229645,0.19635191325994616,0
GSM3998372,14,3.086677187153122,0.22931436670466934,0.19308264998302474,0
GSM3998373,14,3.0947082370986956,0.1835642711809973,0.18868761876417514,0
GSM3998374,14,3.1431518378300094,0.1274031845983148,0.20052709517519637,0
GSM3998375,14,3.0795556017652723,0.22951543733151267,0.19113169919407044,0
GSM3998376,14,3.0698445794597307,0.18068590361701298,0.20118677823780012,0
GSM3998377,14,3.112803929287829,0.19227937579057067,0.19711062025604315,0
GSM3998378,14,3.0586950125254613,0.16669657642111027,0.2088696165717028,0
GSM3998379,14,3.044405110631011,0.22524575559564713,0.21017775291853164,0
GSM3998380,14,3.0871083894162203,0.22136245421527387,0.18744432914810674,0
GSM3998381,14,3.124879964952608,0.10839426183076745,0.20111481234904613,0
GSM3998382,14,3.1195858315712353,0.07466093467934326,0.18495501806336404,0
GSM4957321,14,3.1514220963390445,0.21080436646159267,0.20445824774794386,0
GSM4957322,14,3.1429316242990764,0.1892713412330857,0.20533364842842644,0
GSM4957323,14,3.1047017893389834,0.22076265250466537,0.19450619315309875,0
GSM4957324,14,3.0801666895336384,0.18868845656780808,0.20460990842986126,0
GSM4957325,14,3.1392656152768605,0.21538176614170362,0.20131474576497707,0
GSM4957326,14,3.0850360643991754,0.2801659254215653,0.19384969647833644,0
GSM4957327,14,3.058366304982715,0.26718314015815536,0.19560888414855573,0
GSM4957328,14,3.0830049186428097,0.21971137886925854,0.20506268278678,0
GSM4957329,14,3.145095804726523,0.1879220834811022,0.20212734685865005,0
GSM4957330,14,3.165123293855216,0.25477739511602676,0.19116366333832902,1
GSM4957331,14,3.0836583340196038,0.28784015110909883,0.2018512891075148,0
GSM4957332,14,3.1493114825896047,0.18765781273976603,0.20294048611628757,0
GSM4957333,14,3.1285520659254233,0.18552336184650456,0.20761940285505986,0
GSM4957334,14,3.0926018568539697,0.24292578165483267,0.194034544729444,0
GSM4957335,14,3.2304806580585383,0.18077130158073856,0.21228269662064386,0
GSM4957336,14,3.1795224113108738,0.21768832193575885,0.19940326829753255,0
GSM4957337,14,3.179754892579471,0.13567838850809896,0.20398880277017267,0
GSM4957338,14,3.16832544063074,0.17679594960753908,0.20798880849589166,0
GSM4957339,14,3.207393780692934,0.2212457558639216,0.1880208256751253,0
GSM4957340,14,3.1451040783176922,0.2117805000083432,0.19763323030403243,0
GSM4957341,14,3.2614370039242777,0.17671638650352817,0.19503025939553423,0
GSM4957342,14,3.2766592819848195,0.16774060900401247,0.19822901611639013,0
GSM4957343,14,3.200917314845644,0.15882726713671896,0.20235831672886204,0
GSM4957344,14,3.1065798678383216,0.18389819031635643,0.2022924772157825,0
GSM4957345,14,3.0738268961905297,0.2264024754399986,0.19204171228820008,0
GSM4957346,14,3.1628532326952117,0.16158607970981656,0.20559847393620628,0
GSM4957347,14,3.0855214671480224,0.2564170107102592,0.19735593061857404,0
GSM4957348,14,3.0965231930503476,0.18473450985800693,0.20447840572609235,0
GSM4957349,14,3.079104726875803,0.07947861787855662,0.20285910907138668,0
GSM4957350,14,3.0972421477194487,0.2168630888152821,0.20177613061764108,0
GSM4957351,14,3.1642100405924776,0.19076510736103192,0.20197761242197476,0
GSM4957352,14,3.078511173304862,0.30082759536579595,0.1935133168718837,0
GSM4957353,14,3.084260653161606,0.17852264890768296,0.19114975769051212,0
GSM4957354,14,3.092704650805207,0.12093434028394807,0.1896566083221193,0
GSM4957355,14,3.0796061476800443,0.2016537959519634,0.2023953631048772,0
GSM4957356,14,3.1163230998928158,0.15737602693184524,0.20824364284817926,0
GSM4957357,14,3.094091608629311,0.22758273072805166,0.19200168977387064,0
GSM4957358,14,3.1290681356324677,0.21047353588115947,0.19845867961983898,1
GSM4957359,14,3.0800214323834547,0.18592253258395575,0.20082596550074458,0
GSM4957360,14,3.2273944331606663,0.1261012634271473,0.20367872437406292,0
GSM4957361,14,3.0678394654436247,0.2657265557849863,0.2000863215290964,0
GSM4957362,14,3.0964831838381097,0.2384533055206715,0.20823774638786724,0
GSM4957363,14,3.1067083099753,0.22184994348591822,0.19820565252088626,0
GSM4957364,14,3.1382895266042823,0.21058573760873053,0.19696982455670548,0
GSM4957365,14,3.207676803645859,0.1211236718366708,0.2086226034064641,0
GSM4957366,14,3.196852422064572,0.05946814273907042,0.21720710307184687,0
GSM4957367,14,3.1960230255978304,0.12074313919759436,0.19727398509556698,0
GSM4957368,14,3.14297566559841,0.1518502269102238,0.20310224732982768,0
GSM4957369,14,3.1627094843556445,0.1394880727502685,0.20532163931903552,0
GSM4957370,14,3.145256705354374,0.12202650085120251,0.21374303178406318,0
GSM4957371,14,3.130020768986062,0.26527665375165016,0.196455668442866,0
GSM4957372,14,3.2008157011408835,0.1347747809337755,0.21004507231637,0
GSM4957373,14,3.1448865169960087,0.1327875565707135,0.2065696035944634,0
GSM4957374,14,3.2224160847865746,0.10481596230545949,0.20398201304259633,0
GSM4957375,14,3.119288949738313,0.14096937007424223,0.21481326835796452,0
GSM4957376,14,3.168694847367063,0.13655024285753947,0.2022157256578954,0
GSM4957377,14,3.227621029956007,0.1264438933615061,0.19442930616162957,0
GSM4957378,14,3.144113453840403,0.14479710551774652,0.19992337260123919,0
GSM4957379,14,3.147883931153602,0.1384578250804171,0.219160672958386,0
GSM4957380,14,3.152341939145771,0.14562564558633712,0.20825205969985505,0
GSM4957381,14,3.0901309152894703,0.25358995830348424,0.203938439251053,0
GSM4957382,14,3.157214179347692,0.15469701416591675,0.19838552178714902,0
GSM4957383,14,3.120394517765996,0.15087093808915925,0.19543564771487676,0
GSM4957384,14,3.1638846940694862,0.16124965015381798,0.2070496603193361,0
GSM4957385,14,3.11147105677939,0.16796582651438052,0.21045668278008725,0
GSM4957386,14,3.1524485405695977,0.1866262166533061,0.2026178190323014,0
GSM4957387,14,3.1362212112406374,0.2360671744164545,0.1967791556267903,0
GSM4957388,14,3.1322112421195265,0.11342966754151818,0.19233939320672386,0
GSM4957389,14,3.0927281070262196,0.24100789243426604,0.20000439956094354,0
GSM4957390,14,3.1092815264480906,0.17859201638401034,0.19294835281393868,0
GSM4957391,14,3.125869863947909,0.27694067043259707,0.21127827597822316,0
GSM4957392,14,3.107709821491744,0.2517783403096957,0.1972307773657066,0
GSM4957393,14,3.0775575054061015,0.24950526310840232,0.1958812806829815,0
GSM4957394,14,3.2172309689840977,0.1263871709441043,0.20357169359198482,0
GSM4957395,14,3.1898289533417326,0.19225672020480045,0.19697981836428305,0
GSM4957396,14,3.1000174270360477,0.16393969330427452,0.19947505811078356,1
GSM4957397,14,3.1371796469265707,0.16051810534647012,0.19258513271335712,0
GSM4957398,14,3.0720412385666207,0.3074780491824,0.19905063888684277,0
GSM4957399,14,3.051272375033393,0.2639152475990137,0.19730584740317564,0
GSM4957400,14,3.123181997085123,0.1772494353181053,0.20427779337689317,0
GSM4957401,14,3.0937889865887263,0.15014997461659327,0.20813120421765716,0
GSM4957402,14,3.1440657138707517,0.1680281976059564,0.20994926136035552,1
GSM4957403,14,3.0840532325525962,0.23041844918919416,0.20644769514416497,0
GSM4957404,14,3.1632569023342008,0.24458408664564693,0.19983520188297266,0
GSM4957405,14,3.1340304856582484,0.22319559124900276,0.19770360991868935,0
GSM4957406,14,3.0929917606013557,0.2565372328740497,0.1962064267659854,0
GSM4957407,14,3.060357350613371,0.2270799852644058,0.18672409678112273,0
GSM4957408,14,3.133887126313136,0.20267155055724215,0.20112810569187248,0
GSM4957409,14,3.2317909461526977,0.14737990457874098,0.20915276574149347,0
GSM4957410,14,3.146435336153317,0.21301703439077793,0.2049574688553704,0
GSM4957411,14,3.170419132240561,0.2051226473843966,0.20414811050557521,1
GSM4957412,14,3.1489803717785194,0.24717699569024,0.19391564390751126,0
GSM4957413,14,3.187889935015999,0.23195137792537993,0.207142273121754,0
GSM4957414,14,3.148473511167861,0.228167107296125,0.2036395438831822,0
GSM4957415,14,3.0880077064657456,0.19651498097777587,0.1907047334597703,1
GSM4957416,14,3.1442295702973095,0.16315375706436389,0.19983153400100728,0
GSM4957417,14,3.1636020340052657,0.17968233344491577,0.19934958552005358,0
GSM4957418,14,3.17151470720291,0.19907586479338935,0.20206775976050192,0
GSM4957419,14,3.197832139052457,0.1895935300122647,0.22167780999410855,0
GSM4957420,14,3.1449942382250704,0.19674528985960016,0.20134489606340417,0
GSM4957421,14,3.148219246947388,0.20967796735607916,0.2020922695644112,0
GSM4957422,14,3.180920434775359,0.14839892361845053,0.2038930881453459,0
GSM4957423,14,3.2028140245384034,0.20220684171061956,0.205435482991622,0
GSM4957424,14,3.159820939633384,0.15986446366035711,0.20086705510157923,0
GSM4957425,14,3.156785721663196,0.22211830692142662,0.19313583018422167,0
GSM4957426,14,3.1291881643005652,0.18861330979886956,0.2035044639002182,0
GSM4957427,14,3.1858499736310923,0.18916450582683117,0.20723229577620983,0
GSM4957428,14,3.100884406767707,0.2558698967315725,0.20548736598464687,0
GSM4957429,14,3.167751486579398,0.22565428882084348,0.2012792845707651,0
GSM4957430,14,3.1654892839819486,0.2101074108772513,0.20252931015581865,0
GSM4957431,14,3.1017164540638023,0.28739139619679566,0.19994556913443567,0
GSM4957432,14,3.177241249716353,0.17701461030700422,0.20356207846708252,0
GSM4957433,14,3.1408321086454434,0.17091700532113954,0.19720568158709853,0
GSM4957434,14,3.1981449487791527,0.18920748115179073,0.20030159232176567,0
GSM4957435,14,3.119530354273166,0.21675117905433378,0.20664286075825433,0
GSM4957436,14,3.1383330172870423,0.19495037760780676,0.2046489449767836,0
GSM4957437,14,3.164684731429402,0.27805712045203074,0.20604444008929648,0
GSM4957438,14,3.157637924487426,0.261671196138908,0.20612834594813778,0
GSM4957439,14,3.139825720540465,0.2456510665667141,0.1981669468236589,0
GSM4957440,14,3.095435660696404,0.21690641523045406,0.20091798630906305,0
GSM4957441,14,3.2046161078392856,0.2717408683190658,0.19684134027385938,1
GSM4957442,14,3.130686344896459,0.20034236975237882,0.201905243451347,0
GSM4957443,14,3.1622478174386788,0.1740992137429807,0.19266246522786623,0
GSM4957444,14,3.154743238838776,0.2667274078116534,0.2012387633268748,0
GSM4957445,14,3.1087778053704342,0.1768828236476764,0.20802462794419685,0
GSM4957446,14,3.1125379623479636,0.2578178099462251,0.19442214507630842,0
GSM4957447,14,3.170997339037578,0.2184560486871539,0.20678871467036483,0
GSM4957448,14,3.126723883586636,0.14907522655315855,0.1969546498216639,0
GSM4957449,14,3.174449131142346,0.21219072427221763,0.20955633702415138,0
GSM4957450,14,3.1478824079134013,0.1980969798831869,0.20137319012073537,0
GSM4957451,14,3.140244119649427,0.17083171947437503,0.20605780931840414,0
GSM4957452,14,3.1414453416163526,0.1826840171640879,0.19591277263836587,0
GSM4957453,14,3.1549036475919627,0.2575335291478394,0.19712424919257096,0
GSM4957454,14,3.0576098229114748,0.23322797478045187,0.1888337173136708,0
GSM4957455,14,3.1136684758934448,0.19857624649541294,0.19737351297663897,0
GSM4957456,14,3.089756018115238,0.16391154425138926,0.19965013301030948,0
GSM4957457,14,3.095212714529486,0.2662012581170484,0.19863486542945077,0
GSM4957458,14,3.163657083679445,0.11801989012377942,0.19309651547051984,1
GSM4957459,14,3.1794399279135686,0.24220907307824865,0.21605334300915596,0
GSM4957460,14,3.1200059907454363,0.21184324006903107,0.204929988384241,0
GSM4957461,14,3.0985062825798937,0.16547628812739018,0.20657427733746536,0
GSM4957462,14,3.095436380952988,0.2725033506977333,0.19648069307952012,0
GSM4957463,14,3.251867819650031,0.19646726140204243,0.21614266869090246,0
GSM3758005,15,3.1793968358360676,0.039812620856071734,0.20884052514035248,1
GSM3758006,15,3.227555064349254,0.02250330700477551,0.2022287443833333,1
GSM3758007,15,3.200612761831578,0.030940706332026384,0.19445323076647736,1
GSM3758008,15,3.198943784076018,0.03884153984850148,0.20083702165638193,1
GSM3758009,15,3.10664682060237,0.10777974201662027,0.2499211262886146,0
GSM3758010,15,3.227514215744795,0.014975067650253368,0.21113048983412058,1
GSM3758011,15,3.2783800548186677,-0.03438199961260117,0.20048243404358262,0
GSM3758012,15,3.2325678414027466,0.02617407548793157,0.20107171630517928,1
GSM3758013,15,3.2303830787628742,0.01087672537657047,0.1942910908286196,1
GSM3758014,15,3.2978008317442447,0.011272939881873402,0.18838488447310536,1
GSM3758015,15,3.1936246180499652,0.03828141731669031,0.1984483514359088,2
GSM3758016,15,3.2459221615881,-0.013251101228856458,0.19695663720777043,0
GSM3758017,15,3.256448084578921,0.0042035459686757155,0.19954088934541125,1
GSM3758018,15,3.208712051886039,-0.0003646486489733218,0.2005847820142067,1
GSM3758019,15,3.2436403051229274,0.03568616810938731,0.1906444536628457,1
GSM3758020,15,3.3087222412433737,-0.0476544483363842,0.2138476575370251,0
GSM3758021,15,3.1661741984583784,0.05958744377349681,0.2043267981062416,1
GSM3758022,15,3.2481200229446943,0.02002089765596651,0.19172141408935442,1
GSM3758023,15,3.27774271488247,-0.015013730539782577,0.198476505182687,1
GSM3758024,15,3.2356466511896342,0.043395428295010585,0.18536490383299295,2
GSM3758025,15,3.234600960237764,0.01655235242366567,0.19456821951749412,1
GSM3758026,15,3.2542514564076064,-0.0016233120284711478,0.19291596212149398,1
GSM3758027,15,3.242691370831621,0.026748098145869384,0.17951767378792538,1
GSM3758028,15,3.192698612191281,0.04052336642101993,0.18790342058525608,2
GSM3758029,15,3.2053702656026353,-0.025221453165701232,0.20148895164711741,1
GSM3758030,15,3.2000055092307984,0.012039369627296133,0.20288651376958533,1
GSM3758031,15,3.2018747600354147,0.017732610761390537,0.18547008401165269,1
GSM3758032,15,3.2265418576602682,0.018179606505102454,0.19614734484639884,1
GSM3758033,15,3.1527484541403212,0.0599361561089058,0.21710635012275997,1
GSM3758034,15,3.1965419277325156,0.01975499403553762,0.2126470035211778,1
GSM3758035,15,3.255783583595989,0.02699377409967416,0.18448914134755337,1
GSM3758036,15,3.2512106819409605,0.025257247282791374,0.19674969735987982,1
GSM3758037,15,3.2743432820018925,0.008945810001017962,0.18797505323220276,1
GSM3758038,15,3.225106772475311,0.012533994005257357,0.19655546703581392,1
GSM3758039,15,3.233484958657855,0.0043798255121234595,0.19609327382984543,1
GSM3758040,15,3.1757459867199582,0.0514377116207745,0.2045077718416488,1
GSM3758041,15,3.217227774914201,0.05436944363107259,0.19076726684217798,1
GSM3758042,15,3.2357520068485237,0.03755754270431575,0.1840618711602088,1
GSM3758043,15,3.2642810157818976,0.027479410344098995,0.1918993837939765,1
GSM3758044,15,3.2650586987928714,-0.001259208133536139,0.1836236448184914,1
GSM3758045,15,3.246686125135284,0.039837974748921416,0.18147298526231934,1
GSM3758046,15,3.2458808718084122,0.010680884367042412,0.18282973201636182,1
GSM3758047,15,3.168721183091457,0.09400192609730793,0.17487806683232243,2
GSM3758048,15,3.1883939993304984,0.08353963443275868,0.18838169428124252,2
GSM3758049,15,3.1892754396735516,0.039053135406852436,0.19700156200061483,1
GSM3758050,15,3.226050043034193,0.05024435026998303,0.19045351051180215,2
GSM3758051,15,3.2759814556519538,0.02767451093547477,0.18975303416128983,1
GSM3758052,15,3.2629057625338405,-0.022309976909304988,0.192351331366273,1
GSM3758053,15,3.27230537958699,0.014375907463405113,0.18003838370689815,2
GSM3758054,15,3.252985058893958,0.03650932034245913,0.196454317004804,1
GSM3758055,15,3.2380565286110348,0.026065444931708523,0.19259433137029972,1
GSM3758056,15,3.2418562058845826,0.0009487636220915736,0.1977497841644953,1
GSM3758057,15,3.2356561327401607,0.018267726750056466,0.20713207909794984,0
GSM3758058,15,3.196122189332979,0.05297530974851772,0.20040708984842007,1
GSM3758059,15,3.2803045599167153,-0.005033530482162977,0.21214418487543965,1
GSM3758060,15,3.2609795733116957,-3.401168545290357e-05,0.19322454155991395,1
GSM3758061,15,3.242238385418742,0.010331262922962967,0.19328363427336345,1
GSM3758062,15,3.2581903595223802,0.0028443817794047083,0.20101655855541886,0
GSM3758063,15,3.223219150360533,0.06226759697731005,0.19177575600168062,2
GSM3758064,15,3.24857238502817,0.027676148835658644,0.18775960610775572,1
GSM3758065,15,3.218759670608645,0.028148690389122103,0.19565011986845518,1
GSM3758066,15,3.269444618771665,-0.022565791551884824,0.20123070443068788,0
GSM3758067,15,3.2681550967860753,0.05715417546426043,0.18291819924766395,1
GSM3758068,15,3.223047504147251,0.009374679664888705,0.1982997594496946,1
GSM3758069,15,3.2466503156423245,-0.013144893577187086,0.19174289835638245,1
GSM3758070,15,3.2380512408082818,0.037338758151488884,0.18635445610887713,1
GSM3758071,15,3.271265613049631,0.05005228619930076,0.1870987938574992,1
GSM3758072,15,3.1931920174451864,0.03278338373725686,0.20434158087491408,1
GSM3758073,15,3.25035292303918,0.016951647793921783,0.18417068676967785,0
GSM3758074,15,3.2221727937094724,0.03921453887903453,0.201542707683749,2
GSM3758075,15,3.3045547843106546,0.011714030671113596,0.18356350654285586,1
GSM3758076,15,3.2799541066599254,0.020756829587062608,0.1755591214823412,4
GSM3758077,15,3.2133229201152496,0.07772676650897907,0.17765531857378794,1
GSM3758078,15,3.2336741593471867,-0.005567365801479884,0.20432243309328904,1
GSM3758079,15,3.174388424347341,0.06754765417977633,0.2075871645215752,1
GSM3758080,15,3.2202051298845427,0.02471079660180994,0.20722211007304708,1
GSM3758081,15,3.2663182287383736,0.014271750762897188,0.18511112353228842,2
GSM3758082,15,3.258369285580547,0.011310226282452545,0.19163057311092888,1
GSM3998167,15,3.239295057695219,0.0066270922322866355,0.17641976012155317,2
GSM3998168,15,3.1864078204173456,0.012627860691629673,0.20055882825078733,1
GSM3998169,15,3.20021767876371,0.008590120800505177,0.18998301981047214,0
GSM3998170,15,3.233689541044551,-0.012238043969457995,0.19291378906204287,1
GSM3998171,15,3.212872963483569,0.050251624070745605,0.18449852443830567,1
GSM3998172,15,3.259466895498335,-0.004468978134769297,0.20591267465353144,1
GSM3998173,15,3.2218607232452543,0.010408552284954563,0.192181307504696,1
GSM3998174,15,3.2322822352060863,0.03052456039324916,0.19122583615047503,1
GSM3998175,15,3.3126445378958147,0.02907888867125954,0.18830929176701777,1
GSM3998176,15,3.3115250013808515,0.026027780385550627,0.20360305562179315,1
GSM3998177,15,3.308949349849802,0.012660195325924746,0.19579198379978016,1
GSM3998178,15,3.281826285324365,0.012686362492798463,0.20146068826546537,0
GSM3998179,15,3.212041428520777,0.04904721812401383,0.20219504142308742,1
GSM3998180,15,3.271234189682074,-0.0005587349984139079,0.20457377067631577,1
GSM3998181,15,3.284095296350838,0.04046461224966306,0.19057577509009435,1
GSM3998182,15,3.298679934898877,0.04477022061375329,0.1838572949187293,1
GSM3998183,15,3.30383471014371,0.0117048606794232,0.190450974620894,0
GSM3998184,15,3.2310408159487856,0.051611104749390894,0.20314240503271633,1
GSM3998185,15,3.2406744015575146,0.03341893191193069,0.20510445227373733,1
GSM3998186,15,3.3051095326200906,0.045181739103402674,0.19934565359015466,1
GSM3998187,15,3.2211888248419216,0.06968545770277407,0.21542747886739239,1
GSM3998188,15,3.2128884193612373,0.03811604127890903,0.2134004021008621,1
GSM3998189,15,3.235003292130436,0.0408180134161919,0.1965712846436874,1
GSM3998190,15,3.260826493881853,0.03522360384767122,0.1924483821714905,0
GSM3998191,15,3.18617738217741,0.053883023616525125,0.19652565767938174,1
GSM3998192,15,3.1947718637364817,0.07242857857056924,0.20322141195343513,1
GSM3998193,15,3.2380962090962715,0.02062175872884353,0.20286837243922648,0
GSM3998194,15,3.2514711687867845,0.04355621014343122,0.195159369751782,0
GSM3998195,15,3.2240154742287817,-0.0159738689537273,0.1979923125025403,0
GSM3998196,15,3.198259116441447,-0.007242722781411025,0.19336373242684332,1
GSM3998197,15,3.2399119367592766,0.018461417995062016,0.19148125819667214,1
GSM3998198,15,3.28810004397291,-0.003953763115016836,0.19209689364381866,1
GSM3998199,15,3.1484847222566508,0.027363171827423025,0.19709912493564077,1
GSM3998200,15,3.243203731494343,0.014445795299433102,0.18101142229946013,1
GSM3998201,15,3.2212673637422378,-0.02027696097289168,0.2091262249815593,1
GSM3998202,15,3.247205862422582,-0.010606180584733923,0.17999436351323697,0
GSM3998203,15,3.2393741151724127,0.023472043640075317,0.18995262054941547,0
GSM3998204,15,3.222320200674907,0.007596164267725752,0.1832787647250387,2
GSM3998205,15,3.286155190280941,-0.00785426110449244,0.18132987546641022,1
GSM3998206,15,3.265675573428963,0.04526937781075137,0.19715518287550532,0
GSM3998207,15,3.1757000963416555,0.055940352374230014,0.19766711844988877,1
GSM3998208,15,3.272195559930061,0.02778657124819772,0.19054198285727572,1
GSM3998209,15,3.2350444876156574,0.01998570962303142,0.19885915350980468,0
GSM3998210,15,3.2083599472606217,-0.006289258442000632,0.20694201822072755,1
GSM3998211,15,3.2090414537918175,0.04595492518968,0.1949926802883585,0
GSM3998212,15,3.262181814604494,-0.00342798537250785,0.18131579871888967,2
GSM3998213,15,3.268773865478966,0.023917371040590548,0.20938383479402745,1
GSM3998214,15,3.2338780881318043,-0.07276324685709483,0.2003957220597496,0
GSM3998215,15,3.275539316004094,0.02407471203101029,0.19790860290582785,1
GSM3998216,15,3.221673336532547,0.1287395912010289,0.19329662872802122,0
GSM3998217,15,3.2175078739409577,0.09160747623489489,0.1767416629115854,0
GSM3998218,15,3.1801325750964735,0.06163175155044627,0.17916856795301106,0
GSM3998219,15,3.2970669587570893,0.030993933209204638,0.19317118882770715,1
GSM3998220,15,3.2500547591257405,0.05820274676637531,0.1841838306320056,1
GSM3998221,15,3.232362504751535,0.0453332691655685,0.1864744639414338,0
GSM3998222,15,3.3011846249913637,0.07747393441133973,0.1667319700516567,2
GSM3998223,15,3.2173093150468626,0.06596987558600294,0.1874782000489743,0
GSM3998224,15,3.226595011794692,0.03188370190588355,0.19261903752676196,2
GSM3998225,15,3.1144023817175754,0.01713660701922475,0.19642156553585388,1
GSM3998226,15,3.1885340376327647,0.08512463726288433,0.2259782562646017,1
GSM3998227,15,3.199981499683091,-0.0014621163389437392,0.19517474985540273,2
GSM3998228,15,3.235135094017474,0.08350320803844641,0.20702159224189234,1
GSM3998229,15,3.2077045235749195,0.022714830035215888,0.19630320017510752,2
GSM3998230,15,3.210954403744781,0.02617923252428446,0.1967042837577687,1
GSM3998231,15,3.2968643335951384,0.0020147494893928168,0.19556902961975453,1
GSM3998232,15,3.245453181620541,0.04954557913239754,0.18255005593680781,0
GSM3998233,15,3.123364288844029,0.04238154541991813,0.19863797316236906,0
GSM3998234,15,3.2308716123130985,0.0363376007609494,0.21397296156301632,1
GSM3998235,15,3.2633561319747537,-0.004616882521055332,0.20498873821751204,0
GSM3998236,15,3.21061555598767,0.044105525759850266,0.2095107692274786,1
GSM3998237,15,3.2262794554968286,0.07827034552369624,0.21097989030104844,2
GSM3998238,15,3.1949772786603807,0.056923107433237995,0.20576133163464863,1
GSM3998239,15,3.206203569822976,0.10544928979283434,0.21783709020075018,1
GSM3998240,15,3.206428843005635,0.0337683315272004,0.20785619095381494,1
GSM3998241,15,3.208801809670578,0.06628366867504686,0.21512312372935125,1
GSM3998242,15,3.1269234568321314,0.02274159114358364,0.1818635055775417,3
GSM3998243,15,3.210367213231172,0.034260721751505054,0.1948404439024922,2
GSM3998244,15,3.251866483555876,0.030724844679795537,0.19711793228042127,0
GSM3998245,15,3.1984770391909056,0.06551980800391777,0.195814145301838,2
GSM3998246,15,3.216489114826165,0.04631382395296342,0.19978740153738425,1
GSM3998247,15,3.256505383987427,0.017128267583874004,0.18196053337326495,2
GSM3998248,15,3.231376433280177,-0.014258676454259532,0.20995281866373422,1
GSM3998249,15,3.233609514253135,0.0794064779984573,0.18426745976911116,1
GSM3998250,15,3.245185866002085,0.06143905873284956,0.202996607922779,2
GSM3998251,15,3.171183804064852,0.05874436942278126,0.20361814050313262,0
GSM3998252,15,3.2271986640621657,0.03563500260138129,0.19274583966724465,1
GSM3998253,15,3.159604206351707,0.06748923637524976,0.22789302882572685,0
GSM3998254,15,3.2176491115697843,0.056017746578586616,0.18973993963128402,1
GSM3998255,15,3.282171485795371,0.055838867602710285,0.19488726702532347,1
GSM3998256,15,3.231429826699169,0.03224089859991658,0.19111467807355734,1
GSM3998257,15,3.203147678057201,0.03544870729261263,0.201181290817304,1
GSM3998258,15,3.1499284256129254,0.06657348251700633,0.2120532126874197,1
GSM3998259,15,3.230452391228839,0.0859068987999331,0.1734735463654896,1
GSM3998260,15,3.251347310964761,0.04153050525129509,0.19377980338638182,0
GSM3998261,15,3.2369564914877835,0.04274117394342641,0.20206653009276437,1
GSM3998262,15,3.264350267336053,0.07112857563685332,0.20544079648800614,1
GSM3998263,15,3.281559166628887,0.007127553801601764,0.19627246117038943,1
GSM3998264,15,3.2099234766084583,0.0669864358127076,0.21427268291104165,1
GSM3998265,15,3.2841827458252513,0.011572610681805215,0.19920363645363848,1
GSM3998266,15,3.3242369338450475,-0.0033191420322040846,0.191428600243265,1
GSM3998267,15,3.314294920168162,0.0037958599361023154,0.19194493230224863,1
GSM3998268,15,3.1779258429269244,0.04255733595356554,0.1810042795799528,1
GSM3998269,15,3.2459444771291937,0.04778400494421407,0.2010878234654891,1
GSM3998270,15,3.2832110189908,0.02915550737088473,0.19635626698291392,1
GSM3998271,15,3.2639219633414633,0.03760418886667446,0.2069408916454702,1
GSM3998272,15,3.3045567474513504,0.008172829423885484,0.2015221282491737,2
GSM3998273,15,3.3169093938576046,-0.02371105582442693,0.19986549539933118,1
GSM3998274,15,3.28908507314165,0.002670670381998256,0.20639907431354082,1
GSM3998275,15,3.224838375341549,0.062359148918591234,0.19585383570856943,1
GSM3998276,15,3.203606288197485,0.028252375095207446,0.19924494468711157,1
GSM3998277,15,3.222128276840576,0.06128313607570644,0.1958542441600236,1
GSM3998278,15,3.2596883962414545,-0.010876153380713897,0.1865493119902548,0
GSM3998279,15,3.3083294134857946,-0.04244319345320599,0.21051299132900364,0
GSM3998280,15,3.228373352576362,0.04486488957769473,0.18482449210409924,0
GSM3998281,15,3.2136409674124184,-0.0032549475982309,0.19840520529379355,1
GSM3998282,15,3.25147266388028,0.03250960379341964,0.20263006085523383,1
GSM3998283,15,3.25343273520521,0.05733395993045443,0.18822857282745775,0
GSM3998284,15,3.261043163155029,-0.05037380789402758,0.1944390631910477,0
GSM3998285,15,3.150387936009371,-0.0020705347450179637,0.17953220604172435,2
GSM3998286,15,3.308796573317928,0.027221249418144463,0.2001331432457042,1
GSM3998287,15,3.2732619165428827,0.011591178172733169,0.1967981898936388,1
GSM3998288,15,3.338352557974904,0.02042655385945341,0.18957641501189829,1
GSM3998289,15,3.299135040467587,-0.0035960010425776703,0.20770692307452504,0
GSM3998290,15,3.2094912752760676,0.05348205712347056,0.21529257606787075,1
GSM3998291,15,3.267566212678278,0.014608812779513336,0.20341906693122971,1
GSM3998292,15,3.3100791434935966,-0.009681586685008067,0.1994036586872869,1
GSM3998293,15,3.2823215786333155,0.004254480114462378,0.20244336278600253,1
GSM3998294,15,3.322574099785318,0.0034642702749928373,0.20623234911731156,1
GSM3998295,15,3.3011764551206646,0.01926407904996717,0.20140779396091,1
GSM3998296,15,3.3156492331711607,-0.01365412215517663,0.20978868421039482,1
GSM3998297,15,3.3031718702020143,0.019959823035806908,0.20798340225432627,1
GSM3998298,15,3.2527778591660126,0.05141913871770314,0.20170868088553298,1
GSM3998299,15,3.3184985865825416,0.0014671813439337726,0.19027443049654016,1
GSM3998300,15,3.2930395227920823,-0.007297320691666326,0.2003577304379024,1
GSM3998301,15,3.201572838412162,0.08470982386294565,0.21843015290434487,1
GSM3998302,15,3.243627629946786,0.007668005414840569,0.1855806488806179,1
GSM3998303,15,3.2353296480623026,0.036688515214934866,0.19627707266112013,2
GSM3998304,15,3.283013397370457,-0.01681174059978142,0.19475835062248836,0
GSM3998305,15,3.278962320564457,0.02193201663898834,0.19827981369869993,1
GSM3998306,15,3.28759931313807,0.034030259498301636,0.1856552064792897,2
GSM3998307,15,3.2537339942161556,0.027280292625967054,0.19293489428043403,1
GSM3998308,15,3.2255007955911372,0.05147094356901938,0.20717332257516657,1
GSM3998309,15,3.2274296104770266,0.03872496975387718,0.2073286553029543,1
GSM3998310,15,3.2954057410053506,0.01774184814357022,0.19345029733096644,1
GSM3998311,15,3.2802923519904774,0.03911815219550198,0.19877666104317343,1
GSM3998312,15,3.202137752176256,0.04188976089641458,0.19636041925761882,1
GSM3998313,15,3.22951003933842,0.012129286857439945,0.2004063506850918,1
GSM3998314,15,3.2587520008317195,-0.005691734041821868,0.2098257341006715,1
GSM3998315,15,3.3084564410195836,-0.00447566739615774,0.19240422743275834,1
GSM3998316,15,3.2747739992268707,0.031912236142151135,0.1916614833544716,1
GSM3998317,15,3.28154761891995,0.033078979661996806,0.18556416395221398,1
GSM3998318,15,3.2722110825045716,-0.014885491407240862,0.20341021412200938,1
GSM3998319,15,3.3006459791001492,-0.022347651384238026,0.2013004992254457,1
GSM3998320,15,3.2675177813718372,0.019666561202512065,0.18780781199461066,2
GSM3998321,15,3.2775118027349524,0.03018419390905645,0.18580088155058544,0
GSM3998322,15,3.236272410825315,0.005369135404926416,0.18395799010372266,1
GSM3998323,15,3.3205144872762515,-0.007926666721156847,0.1953335923112505,1
GSM3998324,15,3.2012867368792777,0.02364238233778473,0.217402442581328,1
GSM3998325,15,3.2845880170775588,0.045637599723999965,0.1815783930011343,1
GSM3998326,15,3.3018147354699314,-0.015204053160073063,0.19307829396620824,1
GSM3998327,15,3.141911259322155,0.07426588907246152,0.2178616122249885,1
GSM3998328,15,3.218567865814554,0.02589848281392289,0.19782367651901683,1
GSM3998329,15,3.220255380391357,0.045690843034372534,0.2076278182629424,0
GSM3998330,15,3.3116263744830663,-0.005483094105304594,0.19382638705115657,0
GSM3998331,15,3.211618517564859,0.07514377073844848,0.17804952297157844,0
GSM3998332,15,3.101035863226616,0.05521477422672535,0.19528229360975433,0
GSM3998333,15,3.1778832639846812,0.04630514248729099,0.18816161209119447,1
GSM3998334,15,3.209891759121755,-0.012216011534973354,0.19144187416500544,1
GSM3998335,15,3.1744344024682842,0.006136619269874334,0.19784087200599318,1
GSM3998336,15,3.265428999580456,0.024803648966550986,0.1778643588621871,1
GSM3998337,15,3.285515488282434,0.012107719364325885,0.18775232239825657,1
GSM3998338,15,3.274488244232071,-0.05983019919720866,0.18249404325944704,0
GSM3998339,15,3.1955818160800846,0.07265008654282164,0.1792907845804576,1
GSM3998340,15,3.208175715759607,0.0336965200357445,0.18648048473860307,0
GSM3998341,15,3.2493399777108922,0.05059028100937916,0.17752998064953543,2
GSM3998342,15,3.192842439269916,0.06772328505060311,0.17122733928509004,2
GSM3998343,15,3.2065789711946917,0.02631616172495124,0.19718958083680624,2
GSM3998344,15,3.2300958771235755,0.011697098160498997,0.19188475923954845,2
GSM3998345,15,3.264631875542743,-0.01727590742891694,0.18842402657775187,0
GSM3998346,15,3.196972840292417,0.01760327647997232,0.20983829663704479,0
GSM3998347,15,3.172206068429398,0.035166494281783915,0.20075189444807462,0
GSM3998348,15,3.1799851966008394,0.012524540769884714,0.20099746166146623,3
GSM3998349,15,3.2357229564715944,0.022736619631083272,0.191475185236584,2
GSM3998350,15,3.193455520620183,0.01650415482218223,0.1934320055845625,1
GSM3998351,15,3.2108732750914784,0.0057365241375290305,0.1961808362114204,1
GSM3998352,15,3.204142917454069,0.027126391494927276,0.19930017549450155,3
GSM3998353,15,3.2294567910206236,0.04024773551387443,0.1855966736689653,2
GSM3998354,15,3.161206932074294,0.04468605351121949,0.2078449518538341,3
GSM3998355,15,3.167883491545802,0.04205625691738321,0.20951751634164212,1
GSM3998356,15,3.185238961243418,0.045223404026595165,0.2067929802742001,3
GSM3998357,15,3.225331233916191,0.002018871649166642,0.20772176472355797,0
GSM3998358,15,3.204900356753401,0.024225799107122182,0.19179476904000398,3
GSM3998359,15,3.1108287781351467,-0.0038027604017199343,0.20279222627035248,1
GSM3998360,15,3.1598092295590097,0.054351323924347,0.18820476108513706,3
GSM3998361,15,3.2628845439057073,0.028394150863896205,0.1928750591085989,1
GSM3998362,15,3.156150594320188,0.007890255360065521,0.21849296559874093,2
GSM3998363,15,3.2117517001385854,0.03069932293665054,0.1982410500888105,0
GSM3998364,15,3.212137647520558,0.012805867467698623,0.20182983848336095,2
GSM3998365,15,3.185375514002705,-0.015122121253306552,0.19478821731161614,1
GSM3998366,15,3.1947337877378024,0.025260546843205736,0.1837536463180807,1
GSM3998367,15,3.1209932229162787,0.05727504247570263,0.19967494732585114,2
GSM3998368,15,3.1924039170825487,0.05402394037379062,0.18697525970726048,1
GSM3998369,15,3.247383848606913,0.0018192480101731643,0.1954495889003403,2
GSM3998370,15,3.1376287598141923,0.0695130574524949,0.19121115732529334,2
GSM3998371,15,3.1813184440859965,0.0018921578824029226,0.21678568543350205,0
GSM3998372,15,3.203318032067818,0.050444977835640295,0.1916935956651432,1
GSM3998373,15,3.204529401337029,0.016042486223138322,0.1890502143752798,0
GSM3998374,15,3.105039569308765,0.07215457066820313,0.20439219890300991,2
GSM3998375,15,3.195907400198129,0.059506770817286586,0.17816591764582937,2
GSM3998376,15,3.1255690857090888,0.06244489568445355,0.20198164580051414,1
GSM3998377,15,3.233555758954625,-0.007206991350950458,0.20056180672969692,0
GSM3998378,15,3.14191299452119,0.0006497459195414383,0.2157890308550057,0
GSM3998379,15,3.179879461369377,0.017038802239469103,0.18560949729637027,0
GSM3998380,15,3.2102639381484033,-0.0014058428510482144,0.17969185541384214,2
GSM3998381,15,3.1416798552634733,0.04533699572332015,0.19886781091005437,1
GSM3998382,15,3.114377852697704,0.027202219099044845,0.2074711036789006,0
GSM4957321,15,3.3041188120519625,-0.03571962430635154,0.18957936670982606,1
GSM4957322,15,3.2409162990464546,0.023901776806422085,0.1852933423536787,1
GSM4957323,15,3.2155348243036435,2.136250235626003e-05,0.19036949927760638,0
GSM4957324,15,3.159758428512448,0.009936699164282897,0.2196797161370664,1
GSM4957325,15,3.2628926415884405,0.06158531568390028,0.18776885938100593,0
GSM4957326,15,3.2421846678297728,0.04608975935538126,0.18434955212919732,1
GSM4957327,15,3.2208154203998087,0.04548821023790884,0.1940268231391469,1
GSM4957328,15,3.2061087879947108,0.04981474000373081,0.17566834256621855,2
GSM4957329,15,3.248527273473406,0.0060370950426469165,0.18965921444267542,1
GSM4957330,15,3.3373730152952645,0.01071883264570055,0.19666269993261748,2
GSM4957331,15,3.24024425145989,0.07183216985398058,0.18170506513172555,0
GSM4957332,15,3.297698334146266,-0.05793146968449731,0.19532411443457723,0
GSM4957333,15,3.198955981825021,0.036199455911961616,0.1907960748379464,1
GSM4957334,15,3.241443906786988,0.03305562109950949,0.1877580414991654,1
GSM4957335,15,3.2722551398862105,0.029202670294821566,0.21600007308691255,1
GSM4957336,15,3.2988428075860177,0.03140281782465875,0.1896840220516181,2
GSM4957337,15,3.1618115084667133,0.12307084980644313,0.23385673131889106,1
GSM4957338,15,3.1813974097941133,0.08115765195699469,0.2227261519177079,1
GSM4957339,15,3.3124963187805916,0.02910846841681187,0.20294160015515372,1
GSM4957340,15,3.2026467356484716,0.06324707509017405,0.21640920391925272,1
GSM4957341,15,3.3175639860426505,0.041751019858487594,0.19251283417915097,1
GSM4957342,15,3.350838392235266,0.0353389623734122,0.19901567286815994,1
GSM4957343,15,3.2496722262646744,0.059204463954773745,0.2173131583400439,1
GSM4957344,15,3.2039921020495687,0.04662816825416385,0.1975652745681339,1
GSM4957345,15,3.2121440531287617,-0.005523536387206039,0.19984127686709782,1
GSM4957346,15,3.2354712683631743,0.009475505247140446,0.20311904545581963,1
GSM4957347,15,3.267977078757342,0.01894918792902991,0.18638081468245085,0
GSM4957348,15,3.1757496218087122,0.0322397701886592,0.19627692292335897,1
GSM4957349,15,3.078653532154246,0.057349294272707164,0.21387031102105314,0
GSM4957350,15,3.234096597965853,-0.005084228169441002,0.19728963418879245,1
GSM4957351,15,3.26525881171496,0.004804332881919391,0.19696773747877838,1
GSM4957352,15,3.287677697161307,0.016337608104579685,0.18713117182416975,1
GSM4957353,15,3.174922480379254,0.02863821182382708,0.19590036439610803,3
GSM4957354,15,3.163509045769567,0.012281274694854537,0.19905071409517233,1
GSM4957355,15,3.1903610211028113,0.017122922248628915,0.21130879161401592,1
GSM4957356,15,3.219530122918032,-0.02964526587146241,0.20169407634989556,1
GSM4957357,15,3.209765244523539,0.027837670136237745,0.18810241445333942,1
GSM4957358,15,3.246978731930046,0.03533876660388004,0.17689598224034095,2
GSM4957359,15,3.1649743161168127,0.06679984387636449,0.18376818093062236,1
GSM4957360,15,3.300635221800206,0.00423293592302959,0.19317919344705073,1
GSM4957361,15,3.2082630414584803,0.05439093803220477,0.18728463115543198,1
GSM4957362,15,3.213739954874329,0.03486945796924896,0.2009561579660715,1
GSM4957363,15,3.2475057904564393,0.004903062082508707,0.18172946491286437,1
GSM4957364,15,3.275869610155701,0.003933205671244169,0.17834122485072068,1
GSM4957365,15,3.22601840050668,0.07497033211310374,0.20989886002365926,1
GSM4957366,15,3.145306148998954,0.10700571544793316,0.21839104263190756,1
GSM4957367,15,3.2196891798781833,0.060818679578653244,0.1877805610243964,1
GSM4957368,15,3.235218447770272,-0.0033077692890541893,0.19720464395683576,1
GSM4957369,15,3.2599299893590117,0.013486521002213973,0.204756308228347,2
GSM4957370,15,3.1995115062628092,0.039517745346876895,0.20735843452615058,1
GSM4957371,15,3.3343961993314473,-0.024007322881863902,0.18767855414208384,0
GSM4957372,15,3.260357760044361,0.027550564293564728,0.1915993704097207,1
GSM4957373,15,3.1948732392030883,0.04836273098759207,0.18935396445147576,1
GSM4957374,15,3.2719051817547364,-0.008824472160881077,0.19995812061592327,1
GSM4957375,15,3.2070362989965773,0.04438564563393867,0.19128235122494153,3
GSM4957376,15,3.287446948804165,-0.019809230588289255,0.19187440583094925,1
GSM4957377,15,3.2954493291937665,0.02118026028839345,0.2171190894416553,1
GSM4957378,15,3.23212943934174,-0.005509417595838575,0.20097758856917786,2
GSM4957379,15,3.236609585800457,0.04483145341353853,0.18789935813087214,1
GSM4957380,15,3.239453115456744,0.02510585889786143,0.19249646638194168,2
GSM4957381,15,3.2618230844256226,0.02224409208576627,0.1862764824528095,2
GSM4957382,15,3.242098726030891,0.004581907303034006,0.19567860941325738,3
GSM4957383,15,3.2060530373424614,0.01768278788087683,0.18804204861316026,1
GSM4957384,15,3.257176201502012,-0.005588553858601043,0.18911550896615634,1
GSM4957385,15,3.180212802390821,0.053122179675012295,0.19138170218973677,2
GSM4957386,15,3.2428992156620526,0.051645813126323784,0.1833235241696115,1
GSM4957387,15,3.2596865881753114,0.03684545920492124,0.18229575253258043,1
GSM4957388,15,3.1255370125185613,0.03030168744435119,0.22509781794558453,1
GSM4957389,15,3.2521230205254934,0.0018362549256085215,0.18325112924009193,1
GSM4957390,15,3.2383513217261095,-0.011592209966570472,0.18849617798317098,2
GSM4957391,15,3.2581940001740843,0.059436642046100246,0.19010303947849286,1
GSM4957392,15,3.2596212664423683,0.01311646133907469,0.18527375649076913,1
GSM4957393,15,3.1951098055789875,0.05277730655569979,0.19226323885671734,1
GSM4957394,15,3.309907413022731,-0.04074115925016077,0.1965835949081077,2
GSM4957395,15,3.178189657289624,0.1549292337254178,0.2353730308458397,1
GSM4957396,15,3.174070233923086,0.044666095643258685,0.19002484539634307,1
GSM4957397,15,3.2118090184841668,0.01941286244932883,0.19219393063154622,2
GSM4957398,15,3.2659868521336004,0.03208019783950332,0.1873807439091746,0
GSM4957399,15,3.1965268907168354,0.04766314703133232,0.1957581458691652,1
GSM4957400,15,3.216198548901326,0.005679104983316465,0.19817392368850306,0
GSM4957401,15,3.1449898707726187,0.05515160356835177,0.205555900008089,1
GSM4957402,15,3.2343473559831346,0.04358898344001893,0.18473265474578024,1
GSM4957403,15,3.206010089677063,0.025802798447613812,0.21647178382852555,0
GSM4957404,15,3.3222145988876224,-0.0007821085182878223,0.18962544259549016,1
GSM4957405,15,3.258145791608617,0.031037112482993304,0.18769562731860234,1
GSM4957406,15,3.220539467659702,0.014786668467482117,0.18620903298470962,0
GSM4957407,15,3.2176455872277936,0.0031342671671760634,0.19857145111756744,0
GSM4957408,15,3.160710830476197,0.09080830325951796,0.20735650060909913,0
GSM4957409,15,3.2807420664326696,0.05469892707576574,0.19000999216396977,2
GSM4957410,15,3.223783707098331,0.08578283563595891,0.18497680628196697,0
GSM4957411,15,3.2600528260324304,0.06560481544603493,0.18592548884007562,1
GSM4957412,15,3.2801311124696784,0.05892794867164624,0.18195208441392013,0
GSM4957413,15,3.307789629573246,0.04922769267463972,0.18512162307310417,1
GSM4957414,15,3.289356911119142,0.01692735499453928,0.190618996838578,1
GSM4957415,15,3.1474836351056537,0.059431979500649906,0.19006470720636767,3
GSM4957416,15,3.2241611315022656,0.04945576073824549,0.18677285666595286,2
GSM4957417,15,3.2544778709862046,0.037588497475453835,0.19671302676116967,1
GSM4957418,15,3.253567727814661,0.08211048668522794,0.18004419539316865,2
GSM4957419,15,3.24119156838462,0.0931852194597716,0.19658660598482536,1
GSM4957420,15,3.2341492595397563,0.048358442647209836,0.19823196267578969,1
GSM4957421,15,3.261451919013384,0.043798498767397706,0.1824181340263486,1
GSM4957422,15,3.251631273955232,0.03767495380985646,0.18837248604812498,2
GSM4957423,15,3.295448011950279,0.029361286318264703,0.19134213292670424,1
GSM4957424,15,3.2532286021754953,0.029447423845364085,0.1833169988232543,1
GSM4957425,15,3.2741021288530887,0.03877341472742238,0.1874413219292865,1
GSM4957426,15,3.216536625231284,0.02504682788356466,0.2013224214865005,1
GSM4957427,15,3.282155850475341,0.03143350156272489,0.19129929887587496,1
GSM4957428,15,3.2046021346104157,0.08089379751580078,0.19230755786566095,1
GSM4957429,15,3.2960141062773705,0.03203580422933406,0.193111887188125,1
GSM4957430,15,3.292791940536654,0.026416455603285247,0.18755080242960642,1
GSM4957431,15,3.2417861547494446,0.0805511764780741,0.19222200571827475,1
GSM4957432,15,3.274053583986246,0.02649862305140721,0.19035907233013194,1
GSM4957433,15,3.2037378267206846,0.044131238540941406,0.20717209288782643,1
GSM4957434,15,3.2950614740912836,0.01708947371643909,0.19298415044393433,1
GSM4957435,15,3.2663790349875423,0.03286413164580788,0.18077182953285634,0
GSM4957436,15,3.2457811597271933,0.04408792168044614,0.18821125364312938,1
GSM4957437,15,3.315785605924634,0.014444261439930989,0.19007800928229943,1
GSM4957438,15,3.3091520592302475,0.04629993242383265,0.18248753079090851,1
GSM4957439,15,3.283109779143237,0.035489180935204666,0.1793082860265835,1
GSM4957440,15,3.197296558484329,0.030688046362206706,0.19107418660587425,1
GSM4957441,15,3.3547809892246456,0.0519023719687655,0.1882477882350508,1
GSM4957442,15,3.2505441200574388,0.01313298484357292,0.19401286204207135,1
GSM4957443,15,3.245273321133237,0.02086007978380267,0.19031380108074816,2
GSM4957444,15,3.2847467112262883,0.05050312943834583,0.19421109473192238,1
GSM4957445,15,3.1385781030889146,0.08632146015052584,0.20792267746901383,0
GSM4957446,15,3.242878225338647,0.027400516632216994,0.19848326824899024,1
GSM4957447,15,3.2875061296917045,0.0034143138940416883,0.19260649414983153,0
GSM4957448,15,3.1510002162937103,0.06580610483812789,0.19722217342936127,1
GSM4957449,15,3.266346426129934,0.0842316178089504,0.17938572268095399,1
GSM4957450,15,3.249395487449441,0.036635295787654086,0.19910962932797516,0
GSM4957451,15,3.2155753872411563,0.04442299632031862,0.2023041066675384,1
GSM4957452,15,3.2614300982117905,-0.03713903892465313,0.19331527642442317,1
GSM4957453,15,3.2989292470825378,0.055748068522305155,0.17277562385713632,0
GSM4957454,15,3.156612079969314,0.0320334518186897,0.2084566067681049,0
GSM4957455,15,3.2479349097772383,0.005780498538724269,0.19395126544455618,1
GSM4957456,15,3.17148844078569,0.01823349299358783,0.18370516409049492,3
GSM4957457,15,3.2390886701491106,0.04489849794536192,0.19045888289022192,0
GSM4957458,15,3.2469816194378667,-0.034604506789992655,0.18928420311591393,3
GSM4957459,15,3.347244661195793,0.009447996764571382,0.19745566890493038,1
GSM4957460,15,3.2492578815797755,-0.009039926303968649,0.1988383647973445,0
GSM4957461,15,3.2155632462171386,-0.025880965198779467,0.20281586889456374,1
GSM4957462,15,3.260645109757289,0.014234522900484381,0.1873580573742998,1
GSM4957463,15,3.407869870769415,-0.022930432361002423,0.18993263038444974,1
GSM3758005,16,3.1519467370079983,0.1656103720199015,0.20962733358327218,2
GSM3758006,16,3.206452374355718,0.15671915679198783,0.196864421038459,2
GSM3758007,16,3.170140916747402,0.15884248970516185,0.2015451679773401,2
GSM3758008,16,3.1704307464246324,0.1823165222847444,0.20044918817112473,2
GSM3758009,16,3.233131791986267,0.04623810626734498,0.20183493232126382,2
GSM3758010,16,3.1957179385115517,0.1915659392970057,0.20396183640389834,0
GSM3758011,16,3.185059453220772,0.19889458352852935,0.20036011551227345,1
GSM3758012,16,3.2227594358544263,0.17337666293403894,0.2078167499512501,0
GSM3758013,16,3.191594855381133,0.1369429255192511,0.21057673152733944,2
GSM3758014,16,3.212972382080806,0.21625653231896746,0.20402488645578826,3
GSM3758015,16,3.194313667342037,0.15825810706856677,0.2008044802133772,2
GSM3758016,16,3.1869288055672724,0.15090105054474848,0.21072926105505504,3
GSM3758017,16,3.1787817494126056,0.20229489567306022,0.21201393721077405,1
GSM3758018,16,3.1824405440854444,0.15076969778820676,0.20610449685427976,2
GSM3758019,16,3.1869473119925527,0.18502211283277906,0.20275034111309062,2
GSM3758020,16,3.2209237356534666,0.21621725234621053,0.20094534761284102,1
GSM3758021,16,3.1791180413947364,0.14929752922372158,0.19651218022024683,3
GSM3758022,16,3.1708332628960494,0.2143621819023335,0.20062714609361923,1
GSM3758023,16,3.185210436356402,0.21283700202721895,0.20064016981408508,1
GSM3758024,16,3.207828675551283,0.15983723971491556,0.19936571682051155,3
GSM3758025,16,3.1848128129083424,0.18323705803296125,0.20445903681354258,2
GSM3758026,16,3.1656075203677134,0.20790052931143424,0.20679724846887354,0
GSM3758027,16,3.18014106942025,0.20738502454947888,0.19383345155349438,1
GSM3758028,16,3.1870284333764265,0.15166250597490954,0.20334171796054765,2
GSM3758029,16,3.185126592513043,0.15150575965175378,0.19264011212771426,2
GSM3758030,16,3.186594099534439,0.1492281839536492,0.20769941441051473,2
GSM3758031,16,3.2064380434483826,0.13054276563980619,0.20351714334615192,2
GSM3758032,16,3.1891715032665897,0.1571138338745173,0.19526529956960148,3
GSM3758033,16,3.240722008149507,0.06685194592910025,0.20139666839374493,3
GSM3758034,16,3.207786087813608,0.10706864293301005,0.20760986190431005,2
GSM3758035,16,3.2010955180398453,0.14667257149286334,0.20815666099608268,3
GSM3758036,16,3.1898381188947544,0.1961121486687013,0.20916461693857563,1
GSM3758037,16,3.186316679038289,0.23526439217095035,0.2006051860598162,1
GSM3758038,16,3.213124754521706,0.1379329807078157,0.20304743415037743,0
GSM3758039,16,3.211128375778568,0.13369585653270327,0.18664265759219625,2
GSM3758040,16,3.1801453755786477,0.1615344108511518,0.20332474655245938,3
GSM3758041,16,3.2231024672164486,0.12368667308891446,0.20086803935377304,1
GSM3758042,16,3.21266467891257,0.15679521205767263,0.20139281960878502,3
GSM3758043,16,3.2244022442609057,0.1665042451544132,0.2143655605742443,1
GSM3758044,16,3.1912750332895214,0.18050687282329167,0.20079466053682696,1
GSM3758045,16,3.2158512706023292,0.1485686072282235,0.20238187786258682,3
GSM3758046,16,3.163195039647755,0.19519838276949655,0.20161028939332862,1
GSM3758047,16,3.169537319712507,0.16242164369327203,0.19596894229720235,0
GSM3758048,16,3.184443515217807,0.15563212499296622,0.20491986605472398,3
GSM3758049,16,3.2179125421449184,0.12108210549609058,0.2005964006957883,0
GSM3758050,16,3.201630387504343,0.16750372866054297,0.19925308268864458,2
GSM3758051,16,3.1986064475624616,0.20154138247385023,0.2128853539791943,1
GSM3758052,16,3.2292436021453828,0.14110616526224218,0.20819694785005716,2
GSM3758053,16,3.1829548109956036,0.18892478212468847,0.2076688662760016,3
GSM3758054,16,3.194726448296402,0.18771467782888207,0.20938259611299695,3
GSM3758055,16,3.18419716391538,0.1658865462103386,0.20287282616400304,3
GSM3758056,16,3.212212077757456,0.13553848449572484,0.20394253000085097,2
GSM3758057,16,3.203890604410167,0.12763546086148478,0.20160024096845625,2
GSM3758058,16,3.1832022629081123,0.12597134648898758,0.20224899873984606,2
GSM3758059,16,3.2348438950124527,0.13777563275652271,0.20336983282403526,2
GSM3758060,16,3.21097032359277,0.14872452995306062,0.20540067482561075,2
GSM3758061,16,3.1961556841887515,0.17043356329485185,0.204750873028129,2
GSM3758062,16,3.21190665709039,0.1408577112457746,0.21287127719799293,2
GSM3758063,16,3.188571279031285,0.17449788892039036,0.2083058687705118,2
GSM3758064,16,3.1780688445947107,0.19735406757067264,0.20571638873706075,0
GSM3758065,16,3.1901573298390717,0.16266622478054224,0.2079524605069673,2
GSM3758066,16,3.219792436906101,0.16191638700116556,0.2086902691853097,2
GSM3758067,16,3.218887963879903,0.1900782662008862,0.21028314668314615,1
GSM3758068,16,3.19469961299669,0.1487560403193641,0.20274853477819876,2
GSM3758069,16,3.2267918320031246,0.11820711668374376,0.21286480651825596,2
GSM3758070,16,3.151944433030295,0.22275158130041137,0.20532364600130754,0
GSM3758071,16,3.2160400284415083,0.19610322287611476,0.2026766838812847,0
GSM3758072,16,3.226483381369145,0.09757167338320902,0.21322831667122688,2
GSM3758073,16,3.2139213687564445,0.1708264480713923,0.19679873718992652,2
GSM3758074,16,3.1912241007326063,0.1714162542439613,0.20430310970064572,0
GSM3758075,16,3.1958188307981,0.2479190992684925,0.20762389580618582,1
GSM3758076,16,3.255101323621744,0.1727178141760026,0.20199393836516105,1
GSM3758077,16,3.178731434600453,0.18796864819299658,0.20427176168192954,2
GSM3758078,16,3.195132104418626,0.1786754139581835,0.21152183984967063,2
GSM3758079,16,3.1761908809220363,0.16759274885421135,0.21048878479453748,0
GSM3758080,16,3.1925074437911922,0.15615501247213134,0.20717431836380842,2
GSM3758081,16,3.214155101411822,0.17443481852051496,0.19759717711527366,3
GSM3758082,16,3.22707726318304,0.17460708250952928,0.19384483072619932,2
GSM3998167,16,3.1857694859634704,0.1935092237875492,0.19986851465356772,3
GSM3998168,16,3.1519703304729587,0.16700126986530173,0.20228910347524748,2
GSM3998169,16,3.1660301680216265,0.17974273762727905,0.21510203813856035,2
GSM3998170,16,3.1726009492815814,0.18063936214092124,0.2028973084437523,2
GSM3998171,16,3.197457871787579,0.1783430424305726,0.19552614396476997,0
GSM3998172,16,3.2707880076187674,0.11731524281662394,0.20243998984269465,3
GSM3998173,16,3.2083073799230664,0.13892319817027401,0.20752555096790912,3
GSM3998174,16,3.2144833796166186,0.15662316614610944,0.2063029542098342,2
GSM3998175,16,3.28013028245922,0.15218086176695617,0.20305333399213926,3
GSM3998176,16,3.3368826106364704,0.09670238187402452,0.2111290515422667,2
GSM3998177,16,3.2640332959661937,0.17830210273104832,0.20159099918358217,2
GSM3998178,16,3.2421628868592864,0.1591616072880938,0.203415705090052,3
GSM3998179,16,3.237639327119926,0.10242811264861647,0.21313055744960122,2
GSM3998180,16,3.247920878562968,0.13638430336703172,0.20900054864670775,2
GSM3998181,16,3.2767245521348554,0.14102780662360878,0.21114845152413161,2
GSM3998182,16,3.2991092636054153,0.12815413673852052,0.21260980938118057,2
GSM3998183,16,3.240333967380595,0.161342103410527,0.2168299078759039,2
GSM3998184,16,3.253154953683059,0.14934005968163194,0.20316322798674316,2
GSM3998185,16,3.261253928561349,0.11684266544288686,0.21298122596271762,1
GSM3998186,16,3.264231390714338,0.22119061108937318,0.2097196351857478,1
GSM3998187,16,3.2826888581476172,0.102459451769008,0.21759445483642384,2
GSM3998188,16,3.2497826924123885,0.11193072578595428,0.20557393414768627,2
GSM3998189,16,3.262824242448552,0.1343918334399135,0.19711147074181748,2
GSM3998190,16,3.2708314348196437,0.11793369835656113,0.2079075913607314,2
GSM3998191,16,3.2213994249447375,0.1109130591660628,0.1991856338360415,2
GSM3998192,16,3.218550361105326,0.1446046963247516,0.19682000446591089,2
GSM3998193,16,3.1988163887687997,0.1796137738926557,0.19940140150891256,3
GSM3998194,16,3.2585061615893602,0.13789241330117025,0.21531091320023307,2
GSM3998195,16,3.1933785625282662,0.1472667094156357,0.2042739537039795,2
GSM3998196,16,3.210663885219941,0.10697761464835386,0.19238879350453814,3
GSM3998197,16,3.1930774411533274,0.18196666718440982,0.19839624150124843,1
GSM3998198,16,3.218034877064865,0.14055126825357467,0.19984209056197524,3
GSM3998199,16,3.1996815219663173,0.09872080587281883,0.21259817343145568,2
GSM3998200,16,3.187310011712352,0.1858709872779916,0.20001918594910525,2
GSM3998201,16,3.2073007123204595,0.108588311183578,0.19632916166249606,2
GSM3998202,16,3.169805337594271,0.22570680621707143,0.19319759676033244,1
GSM3998203,16,3.203983638875835,0.1771814253855946,0.19170493152364385,4
GSM3998204,16,3.150545684712041,0.2511002452071585,0.18868957963059768,1
GSM3998205,16,3.212629614982763,0.18563030648224946,0.21123058724148103,3
GSM3998206,16,3.257896425829024,0.17756004363707323,0.2008039860547263,2
GSM3998207,16,3.178473391115226,0.1958089210655926,0.20708153053428033,2
GSM3998208,16,3.219790596134503,0.2198113671188961,0.19636920457114126,2
GSM3998209,16,3.221320995097341,0.17392920922163838,0.20749586785354363,2
GSM3998210,16,3.129253965543618,0.19539257439836272,0.19710295585875953,0
GSM3998211,16,3.157958371446801,0.2032299506785491,0.208292942054599,0
GSM3998212,16,3.175180118010515,0.23877482055461632,0.20790680258491193,3
GSM3998213,16,3.2660352416805782,0.11732723371532336,0.2053214697164557,2
GSM3998214,16,3.1743511091173082,0.15957189628523258,0.19731390975730156,2
GSM3998215,16,3.2362002082625403,0.19303241096567672,0.19699859261450048,2
GSM3998216,16,3.255220338374456,0.192305573707026,0.21181547656970282,2
GSM3998217,16,3.2281271475815063,0.20796722532207645,0.20745589237528905,1
GSM3998218,16,3.154482194878322,0.20786519802457792,0.19976780237273514,2
GSM3998219,16,3.302529041823768,0.12071750109831056,0.20339968011305948,3
GSM3998220,16,3.265836651001896,0.20078520057074845,0.19962607830655174,2
GSM3998221,16,3.2579485669662382,0.17680949391376322,0.20768630757521855,1
GSM3998222,16,3.2192653910405182,0.24400382755598918,0.2093649603912034,1
GSM3998223,16,3.22391581331973,0.16233644137685013,0.19298643835548732,2
GSM3998224,16,3.191084679348751,0.22241763858817024,0.18294061440198287,2
GSM3998225,16,3.1250866614561947,0.11554253592109869,0.2063722405624013,2
GSM3998226,16,3.2588936254530103,0.0726758873359207,0.20498458602692948,2
GSM3998227,16,3.1191403710246446,0.1727529178260205,0.19757524818026817,0
GSM3998228,16,3.2590295511333225,0.12163431293965503,0.2191110980241455,2
GSM3998229,16,3.184835990572169,0.1330735673879833,0.21787021667815507,2
GSM3998230,16,3.181182445638304,0.15493975233609752,0.19886694631772017,0
GSM3998231,16,3.2138517977891237,0.18098183186968742,0.2114625354223808,2
GSM3998232,16,3.2178206544859274,0.18159011189086652,0.2035765531739487,1
GSM3998233,16,3.153097525486426,0.10938194362339587,0.20560210099398507,2
GSM3998234,16,3.216892966549949,0.13354587436086102,0.20502820586072132,2
GSM3998235,16,3.2253175175534325,0.15164819428909687,0.20925920808382473,2
GSM3998236,16,3.21042828948329,0.14180305685742295,0.20063356554068523,2
GSM3998237,16,3.25209261900447,0.15730323452784686,0.1952700305292572,2
GSM3998238,16,3.222893116257227,0.12978861604992428,0.19505142253903723,0
GSM3998239,16,3.2763209594452354,0.14720899279099975,0.20139896467944665,2
GSM3998240,16,3.2236561040452463,0.140100289566557,0.19708933571609524,2
GSM3998241,16,3.209090868789238,0.1628840834105712,0.20919326793207826,3
GSM3998242,16,3.140314749007443,0.10781153097509644,0.19252194039634543,3
GSM3998243,16,3.16253481782297,0.1765380313418982,0.1983884954011348,0
GSM3998244,16,3.1982639413781593,0.19659441621089,0.19517895572648866,1
GSM3998245,16,3.1991395478521967,0.14264245460291144,0.20524605963857034,2
GSM3998246,16,3.220339335493805,0.11024645412018177,0.21698702902473593,2
GSM3998247,16,3.232785055680603,0.16466046549611485,0.21267743732348415,2
GSM3998248,16,3.213209595230743,0.13388006543866954,0.21837790980524205,2
GSM3998249,16,3.273920286454419,0.12012627244373611,0.22637775425989157,2
GSM3998250,16,3.270902170984595,0.13088344968432172,0.21754796008834693,2
GSM3998251,16,3.1689610502337655,0.155690127215686,0.2122903584261186,2
GSM3998252,16,3.227079731648729,0.1510624733800821,0.2072129495012183,3
GSM3998253,16,3.200494759391535,0.12110402910044098,0.19232238873982938,2
GSM3998254,16,3.2111239659914395,0.14146881842685943,0.2118814804442278,2
GSM3998255,16,3.278612931032433,0.1739270083888882,0.20817017829173454,2
GSM3998256,16,3.147801274195487,0.23847646239566359,0.20803324409144366,2
GSM3998257,16,3.2280272604893314,0.11932412095491142,0.20517221617663534,2
GSM3998258,16,3.2321736817739626,0.07338152914085831,0.2057007145023107,2
GSM3998259,16,3.214145239889702,0.15267876327305854,0.20063671772427535,0
GSM3998260,16,3.2336907059883697,0.15900505250605645,0.20896665505061904,1
GSM3998261,16,3.2642275111397847,0.14707184019564618,0.20461257608012745,2
GSM3998262,16,3.262596780719464,0.1405903909096625,0.21568707179998622,2
GSM3998263,16,3.234991117449357,0.16407088018150684,0.20755341431500554,2
GSM3998264,16,3.24958634550414,0.12368259698854454,0.2115519778149533,2
GSM3998265,16,3.2528260757035565,0.1706521260800576,0.2032594725072024,2
GSM3998266,16,3.2757234353574978,0.15801932237484959,0.20195159258924045,3
GSM3998267,16,3.293861203198225,0.147131643459171,0.2141163150005731,3
GSM3998268,16,3.159845835385469,0.12936409098937532,0.19116572538047913,0
GSM3998269,16,3.21367201856501,0.19123121781181818,0.2113617825093059,2
GSM3998270,16,3.2279860192584424,0.19726291586386038,0.21268234734887942,2
GSM3998271,16,3.2421535770212078,0.1464645589162932,0.20521633114280668,2
GSM3998272,16,3.240955144188892,0.17286768894350202,0.20743140916464392,0
GSM3998273,16,3.259443103940489,0.17017010805444438,0.20159795133641092,0
GSM3998274,16,3.2531164274519617,0.1881965519052162,0.20595973858769115,2
GSM3998275,16,3.220055781512157,0.15213197058033415,0.20263781449481835,2
GSM3998276,16,3.169623716349839,0.16056256363789398,0.21170903181797843,2
GSM3998277,16,3.1993571867644106,0.20378688911446416,0.21147270887301814,0
GSM3998278,16,3.1809510955812983,0.1837995239277713,0.199697969647748,1
GSM3998279,16,3.2525614874034217,0.1436563195570002,0.20869059945747268,0
GSM3998280,16,3.1753350864121517,0.14510834575965997,0.20168936952254252,0
GSM3998281,16,3.2019354214875193,0.14700033795800102,0.20493508489820841,2
GSM3998282,16,3.235734176841455,0.13747158675443158,0.20871016420177377,2
GSM3998283,16,3.1841159116806406,0.21694716152870155,0.2213979170682315,0
GSM3998284,16,3.1606408337144725,0.19181746165902483,0.1974675981112589,2
GSM3998285,16,3.129762827855568,0.16585744009837736,0.1762469393390565,0
GSM3998286,16,3.3028835421838982,0.13833557359116128,0.20910968679727368,3
GSM3998287,16,3.2501415514905143,0.1333495796561715,0.2236968942352638,2
GSM3998288,16,3.3160410563116574,0.14323338576987474,0.20474225745593863,3
GSM3998289,16,3.2738310476760155,0.12985706039166825,0.20932731582408784,2
GSM3998290,16,3.228192751036117,0.1197182266999736,0.20050907591044598,2
GSM3998291,16,3.2203024699870486,0.14680201312818997,0.2085443694994198,2
GSM3998292,16,3.2220698822937934,0.1857269190703483,0.21290650160222388,2
GSM3998293,16,3.2077563605914587,0.1687695629028292,0.2011263642780638,1
GSM3998294,16,3.2895668444096824,0.12523347884522534,0.21490205679469535,2
GSM3998295,16,3.2764855727846958,0.1526068005588347,0.21088075787424562,2
GSM3998296,16,3.2566510146776992,0.1902426047738553,0.21266979359587243,2
GSM3998297,16,3.287376854601021,0.16240650881609314,0.21307985213408828,2
GSM3998298,16,3.274678773926918,0.13037081541960466,0.20789939343990418,2
GSM3998299,16,3.2387872556889086,0.18822454853513743,0.20128833935770152,3
GSM3998300,16,3.2432140243410763,0.17645635423396752,0.20578915553412638,2
GSM3998301,16,3.285802441682346,0.10055770171122805,0.20639072809150216,3
GSM3998302,16,3.187300482081398,0.17883097206369897,0.18698822164328233,2
GSM3998303,16,3.1932642868131134,0.2054683689091169,0.20214359845769148,3
GSM3998304,16,3.1804335833485493,0.22826292556093,0.19283038558603635,2
GSM3998305,16,3.243983370128598,0.17101876415678657,0.20950739650931022,1
GSM3998306,16,3.2653947139193122,0.14277839631888592,0.2076263597090588,2
GSM3998307,16,3.1714259372004063,0.2173374616441515,0.20737285807435932,1
GSM3998308,16,3.211916524482463,0.15696396474701743,0.20130928520022853,2
GSM3998309,16,3.256153240795062,0.11941590348372057,0.20189245036421402,2
GSM3998310,16,3.234778225931221,0.16997057551447875,0.2094195715541873,2
GSM3998311,16,3.266310472881782,0.13575048637596374,0.2161559207671445,2
GSM3998312,16,3.1958330776628943,0.15405196434030166,0.2049372708308167,3
GSM3998313,16,3.2059169715793834,0.14304764082407156,0.2070067407504373,2
GSM3998314,16,3.2580559148673953,0.13540196910816454,0.20067011271979868,2
GSM3998315,16,3.2556016688835476,0.16389095469852108,0.2140571885294323,2
GSM3998316,16,3.232125396321895,0.19386282640533187,0.19696285819133377,2
GSM3998317,16,3.23182100294452,0.19042830942542158,0.20309746668526912,2
GSM3998318,16,3.237773248691556,0.1475064798965582,0.20459011432284924,2
GSM3998319,16,3.229603436597817,0.1929343055816003,0.2017854007721821,1
GSM3998320,16,3.229719951158293,0.1836635147585134,0.20602751022629978,0
GSM3998321,16,3.236755097626971,0.16694928934988995,0.2071552840362866,2
GSM3998322,16,3.2191404062231364,0.15641513511127986,0.20710524580667947,2
GSM3998323,16,3.2296822688916804,0.20881560089180903,0.20373144941156654,2
GSM3998324,16,3.255156146321308,0.0987832033078403,0.19858004214431502,2
GSM3998325,16,3.2459417047358894,0.18631537779450225,0.2085314914188968,1
GSM3998326,16,3.2682542214556456,0.1369545470525509,0.21158470632621904,2
GSM3998327,16,3.226490230645802,0.05465216861062258,0.21042077525492062,2
GSM3998328,16,3.2291144562528453,0.16102843977396872,0.20151520472109447,2
GSM3998329,16,3.255881988829562,0.11369814264790916,0.2170351692936358,1
GSM3998330,16,3.294077270906834,0.15959006649474433,0.20979984344051714,1
GSM3998331,16,3.194855193748497,0.1502987720673157,0.20151560091239587,3
GSM3998332,16,3.1418134304639027,0.08092716677118807,0.20331058585043754,3
GSM3998333,16,3.229516773724312,0.10605196230540395,0.19471561987865704,2
GSM3998334,16,3.175545658757825,0.1410027275340726,0.20187418449533023,3
GSM3998335,16,3.181747387159145,0.12047643005882529,0.19872961464863992,2
GSM3998336,16,3.248975865529067,0.14737277077078545,0.20010401838618042,3
GSM3998337,16,3.2287919480331055,0.17086362630808433,0.20106569173682323,2
GSM3998338,16,3.1498983656366253,0.23411956612419116,0.1914301359547603,1
GSM3998339,16,3.192370753462226,0.17581758506663667,0.1955889056074475,2
GSM3998340,16,3.211472650387515,0.14579112721306045,0.2035305071089569,0
GSM3998341,16,3.2136926613285155,0.24704695698420814,0.18814924963457505,3
GSM3998342,16,3.2027082299924943,0.1874939480687245,0.20085711550998223,2
GSM3998343,16,3.139885804917917,0.1708076589832552,0.20067128350062524,0
GSM3998344,16,3.17647177236399,0.1947226280189549,0.20144897790734462,0
GSM3998345,16,3.177179880270813,0.1483881635022078,0.20323560291592394,1
GSM3998346,16,3.1714227935088055,0.1311628631961205,0.20455151875275612,0
GSM3998347,16,3.1360238003520062,0.14474208952431686,0.20732158844969714,0
GSM3998348,16,3.150176868102391,0.15339870673768172,0.20311833618410186,0
GSM3998349,16,3.16799702470988,0.17206045837682699,0.1981060884918254,0
GSM3998350,16,3.1749428190291296,0.13887837171927064,0.18881810294422632,0
GSM3998351,16,3.1273157008799943,0.17786268650904052,0.20263262921635802,0
GSM3998352,16,3.1454537660312445,0.181333814189591,0.19761290114544794,1
GSM3998353,16,3.191853349450799,0.1507124491868175,0.20460348533851566,2
GSM3998354,16,3.165887748975358,0.12359093104905658,0.19279815789686483,0
GSM3998355,16,3.147242636332542,0.17031324233829717,0.21667040441600538,0
GSM3998356,16,3.1721038215429194,0.1437508626448033,0.20732804295455798,0
GSM3998357,16,3.168408723205333,0.18010645434213546,0.20400056216317117,1
GSM3998358,16,3.1611455015724843,0.18841188612416113,0.21282805312123762,2
GSM3998359,16,3.1368221340109192,0.06620660285401767,0.20391221231782264,2
GSM3998360,16,3.160184137648195,0.16028474421171324,0.19780007442156813,0
GSM3998361,16,3.2047643624426616,0.17618668693246045,0.19913324001198054,1
GSM3998362,16,3.175323550072429,0.09077605874219952,0.20684457612430196,0
GSM3998363,16,3.1657728124694042,0.1700388478629882,0.2073192599498897,1
GSM3998364,16,3.164922434877923,0.1350794389719128,0.20436152989226145,1
GSM3998365,16,3.1303895024011017,0.17724497512418078,0.2039520238055995,0
GSM3998366,16,3.1677936498457413,0.16421966333883387,0.20475544055989198,0
GSM3998367,16,3.1528560352245267,0.10685324399703595,0.19922860961475244,0
GSM3998368,16,3.1623819685733117,0.15688918233378552,0.2032056176271792,0
GSM3998369,16,3.2040755071271776,0.13169009146660685,0.19780875713197815,0
GSM3998370,16,3.1335892213666146,0.17618349865400793,0.20002840026537322,0
GSM3998371,16,3.1944509320561716,0.10030601663606216,0.20869555920155752,2
GSM3998372,16,3.223507214331435,0.10985779046828702,0.21203716109011678,1
GSM3998373,16,3.125621301865693,0.19192762055635698,0.2004559231737539,0
GSM3998374,16,3.1670500290241312,0.11105047243113268,0.20097711643912158,2
GSM3998375,16,3.153805458115431,0.21267704891700104,0.20456378353880803,2
GSM3998376,16,3.1713432306238944,0.12477761848390935,0.20624611008551005,1
GSM3998377,16,3.1985241975755683,0.15148440837004218,0.21245903544117686,1
GSM3998378,16,3.1401021712429538,0.1103183215472245,0.20907981008131576,1
GSM3998379,16,3.147526707812202,0.14629463668266063,0.20430025174099511,2
GSM3998380,16,3.1365164186372967,0.19788211153433025,0.21429665133977405,2
GSM3998381,16,3.1324307017446524,0.15601240347662196,0.18963778548666987,0
GSM3998382,16,3.165754940809727,0.054295897341460696,0.19450800770966842,2
GSM4957321,16,3.2258625421353027,0.20361492087914995,0.2032733404033727,1
GSM4957322,16,3.2297086588989674,0.1337170498652528,0.20687211437488057,3
GSM4957323,16,3.200286344870966,0.18247704310206214,0.2115128379645286,2
GSM4957324,16,3.1944529702342366,0.11823596749664331,0.20430136473686852,2
GSM4957325,16,3.228346871907287,0.16416944747114273,0.21962270082248367,2
GSM4957326,16,3.2371617299235327,0.20210611331239564,0.2073213111135475,2
GSM4957327,16,3.218963400733099,0.17848707576483058,0.21710898993895356,2
GSM4957328,16,3.164164614707308,0.19364785840872523,0.21219618196053255,2
GSM4957329,16,3.210082022416106,0.15077618448322833,0.1998192057494149,3
GSM4957330,16,3.2691777019820516,0.19921048786989098,0.20530585941823806,2
GSM4957331,16,3.19612724748698,0.2286682048160855,0.2086046942438902,2
GSM4957332,16,3.223784228811022,0.15773843434918422,0.202413270434883,2
GSM4957333,16,3.1982669983878336,0.14034314773372847,0.21166624977010137,2
GSM4957334,16,3.214340187203214,0.1717710116402953,0.2034157147053511,2
GSM4957335,16,3.3395444050417105,0.06373268307764285,0.21397547153239768,2
GSM4957336,16,3.254075148232175,0.19902388341221267,0.22097687668482033,2
GSM4957337,16,3.2952167545267774,0.03682650246204668,0.2000403790350623,3
GSM4957338,16,3.3099555806217067,0.04051055917593239,0.1995340553473181,3
GSM4957339,16,3.304564386237392,0.16309963545549103,0.19856538554111056,0
GSM4957340,16,3.2862034582362147,0.06174077928670515,0.202091082348076,2
GSM4957341,16,3.289490634058168,0.17203355262030162,0.2108664840362793,1
GSM4957342,16,3.350206350072384,0.12570307954504273,0.21048328501219427,2
GSM4957343,16,3.231918173188648,0.16292833297279405,0.20868092807941185,0
GSM4957344,16,3.17353520483208,0.16617741670791777,0.20671253759803218,2
GSM4957345,16,3.1622971355702627,0.17028139102768483,0.20713915558237636,2
GSM4957346,16,3.2023132879134955,0.17885629862728392,0.20985830249560627,0
GSM4957347,16,3.194492978549754,0.17799954537608437,0.22098526741677127,2
GSM4957348,16,3.190153502245531,0.11745946030033605,0.20338404699223506,2
GSM4957349,16,3.166687014596257,0.03069590223330279,0.18836519918719177,2
GSM4957350,16,3.192992715936594,0.1765753921739278,0.20964770987503442,2
GSM4957351,16,3.218239302373273,0.18345938526881533,0.21455061760913716,0
GSM4957352,16,3.2027395780016445,0.22514082937210747,0.20341926555201506,2
GSM4957353,16,3.1452331315028257,0.13598481713319552,0.20214677468865835,2
GSM4957354,16,3.1285006919703906,0.14997751899317996,0.20101949520282242,1
GSM4957355,16,3.1954230513512143,0.1146460839568803,0.20778310786349968,2
GSM4957356,16,3.1994170828607813,0.09030562116579292,0.2044265515546629,2
GSM4957357,16,3.196686987511463,0.13825056228544233,0.2170089496583533,2
GSM4957358,16,3.1959464762188023,0.18389873561980555,0.2030337003280475,1
GSM4957359,16,3.1693148169829235,0.12677389202461364,0.20607880061356115,2
GSM4957360,16,3.2031869685934393,0.18110452851538325,0.20985293960425036,0
GSM4957361,16,3.1705150850695487,0.22238701498833383,0.21171582725838603,2
GSM4957362,16,3.2006745205746467,0.17600831560589236,0.2122141510683071,2
GSM4957363,16,3.178284825537802,0.18173902127947306,0.19557702842575309,3
GSM4957364,16,3.162818178881004,0.2370730352836825,0.2036191988401425,1
GSM4957365,16,3.2672598816493266,0.10341608512094569,0.22824705339691234,0
GSM4957366,16,3.3196662339713843,-0.027135091118118942,0.18723497910340758,1
GSM4957367,16,3.2455858574692455,0.155804462438777,0.18889488737019391,2
GSM4957368,16,3.20989175915825,0.14567737898337266,0.19823685536115018,1
GSM4957369,16,3.212468938931851,0.15378197067824526,0.2028034254913215,1
GSM4957370,16,3.1926485441665484,0.13731678667400452,0.20900415094218008,0
GSM4957371,16,3.2212682360133447,0.22709436934189153,0.21619558180002385,2
GSM4957372,16,3.25097696153317,0.1274212515163947,0.19917466297101447,1
GSM4957373,16,3.1747530392580057,0.16132755885782718,0.20513881207291068,0
GSM4957374,16,3.2263833802430457,0.15913281529097614,0.21154922437777857,1
GSM4957375,16,3.203774503230009,0.12620651142829278,0.2088423308765858,0
GSM4957376,16,3.197654659333238,0.1677086301369674,0.20198453293954532,1
GSM4957377,16,3.2941894716283824,0.1391612003921742,0.21278999803263324,1
GSM4957378,16,3.2106720590735383,0.14276084811838774,0.1950857327816017,0
GSM4957379,16,3.2098645466644222,0.17406133153833972,0.20990153320757732,1
GSM4957380,16,3.231162132619851,0.14733431202483335,0.1954005454305492,1
GSM4957381,16,3.2492145497944103,0.13661277448737974,0.20683518420433353,2
GSM4957382,16,3.1832226109353554,0.18838145794843164,0.19221953049308899,1
GSM4957383,16,3.14491635272412,0.15942909678901146,0.199149609531003,1
GSM4957384,16,3.175817212073855,0.203976633759005,0.2005944651529463,1
GSM4957385,16,3.2071757436519364,0.10161869452276234,0.21101320779785757,2
GSM4957386,16,3.196323744868576,0.17582503765166269,0.2151246170053638,3
GSM4957387,16,3.2153591439668063,0.24186127864744325,0.21037811226789982,1
GSM4957388,16,3.200920697619431,0.07388818589702201,0.2116897462102883,2
GSM4957389,16,3.165605570773099,0.22043158578939562,0.20425437952420536,2
GSM4957390,16,3.1379025209168696,0.2049389611793714,0.20130663296538867,0
GSM4957391,16,3.249748045188263,0.217752236105382,0.2144022884976607,2
GSM4957392,16,3.2318746361957453,0.18373142793389463,0.20358572295159708,2
GSM4957393,16,3.172903885383424,0.17572599764268365,0.21539588336499335,2
GSM4957394,16,3.257295104748447,0.14775176038201354,0.19599757777424606,0
GSM4957395,16,3.311933815993513,0.05228109532519107,0.20811963584212376,1
GSM4957396,16,3.1338274970380344,0.1786818834874783,0.19491378733137604,0
GSM4957397,16,3.2111029514010063,0.10454472311965808,0.20035715339118929,3
GSM4957398,16,3.2256809114439684,0.2165283089970794,0.2105961927510045,2
GSM4957399,16,3.2073778794515366,0.150772602248797,0.21216223593888697,2
GSM4957400,16,3.1652840607301624,0.1829228492487753,0.20234360383585276,1
GSM4957401,16,3.186558184206684,0.12191362841925034,0.19379195091029336,3
GSM4957402,16,3.1622240771859733,0.1855943343011491,0.19978348222667747,1
GSM4957403,16,3.240885888427503,0.11088848287724576,0.20892928018425933,2
GSM4957404,16,3.2431733823078654,0.2061135385052343,0.19749914553377804,3
GSM4957405,16,3.225547751858304,0.1440567914946528,0.2101488260745274,2
GSM4957406,16,3.149763540985182,0.24612313501195082,0.2142953728897493,2
GSM4957407,16,3.2287969634535534,0.09407173142176035,0.19430645002941532,2
GSM4957408,16,3.175505292213451,0.21284555403418146,0.20496166321136122,1
GSM4957409,16,3.228286888849156,0.20968657943391772,0.21462709415771872,1
GSM4957410,16,3.2357413596329407,0.1833589622799591,0.19663410511740556,0
GSM4957411,16,3.212390242400222,0.23282297860597687,0.2026035738958543,1
GSM4957412,16,3.16645343139739,0.2815580832274536,0.2088162804891195,1
GSM4957413,16,3.249179782384034,0.23696058603195122,0.20096285986393905,1
GSM4957414,16,3.2441562528460968,0.16611915199388624,0.20960278327812357,3
GSM4957415,16,3.1209817783038827,0.18543165599564246,0.19650687802848865,3
GSM4957416,16,3.1757267979686143,0.19208393040320149,0.19829921895851663,1
GSM4957417,16,3.2383498544198703,0.16594563265861095,0.20378285371365246,2
GSM4957418,16,3.204072581917867,0.19405075609769962,0.20011483382565126,3
GSM4957419,16,3.236003671703919,0.2151396062768648,0.20450164778261226,3
GSM4957420,16,3.231295077360955,0.14714123337786542,0.20626722967462097,2
GSM4957421,16,3.226474923210855,0.1845081086940897,0.2010857017201811,2
GSM4957422,16,3.186525341986175,0.19914425206853253,0.20210722809152087,1
GSM4957423,16,3.2745194196979956,0.14188784682140104,0.20224144562885696,2
GSM4957424,16,3.165910715803076,0.18607550349916632,0.208291083931688,1
GSM4957425,16,3.218943418820274,0.20021503209257677,0.19897511123751266,3
GSM4957426,16,3.231708408090804,0.14231747790184918,0.19582260900733953,2
GSM4957427,16,3.215693598743683,0.20834192968193302,0.20299215254940434,3
GSM4957428,16,3.2137241483096703,0.21446496103385104,0.20869291931855635,2
GSM4957429,16,3.2134397888371597,0.23522046044414524,0.21658630615003127,3
GSM4957430,16,3.1830908692867776,0.2429209891154664,0.21210964362206847,3
GSM4957431,16,3.2199014492209286,0.2384468046749579,0.1990203021066188,2
GSM4957432,16,3.22241128604477,0.1961235920030957,0.21037484690869565,0
GSM4957433,16,3.1970091755089607,0.14189379634932178,0.20185813112652506,2
GSM4957434,16,3.2512119636481085,0.16657737290090519,0.213865984992552,2
GSM4957435,16,3.207428479919517,0.18071368936062346,0.21000611782294068,3
GSM4957436,16,3.2028706994091563,0.19020668107242636,0.20354734638517197,2
GSM4957437,16,3.2342549890725922,0.2636506272461298,0.20783092984294133,2
GSM4957438,16,3.2367956514412257,0.22911771751050367,0.21383288517532642,2
GSM4957439,16,3.237205452492784,0.20202601747083992,0.20588486052156235,2
GSM4957440,16,3.192057180743875,0.16246593951230417,0.19092846662083332,2
GSM4957441,16,3.2706676927890297,0.24770806053783595,0.1958562680270016,2
GSM4957442,16,3.1951334825379183,0.20281274665251728,0.19782894326708633,1
GSM4957443,16,3.2047779873987188,0.1759864180403215,0.19844405754437686,2
GSM4957444,16,3.2485109836085684,0.22906508171250994,0.20797914939929413,2
GSM4957445,16,3.193933419566825,0.1444138548536235,0.20459518641786004,1
GSM4957446,16,3.217224625906788,0.2064809055248178,0.20776405844642445,2
GSM4957447,16,3.2240798323545876,0.1873809473732326,0.20801759900012184,2
GSM4957448,16,3.1729984373067035,0.14776249446908277,0.20232824686435957,2
GSM4957449,16,3.2328256827651423,0.2084334969655411,0.21322462883969467,3
GSM4957450,16,3.2115131183989125,0.17058989165283553,0.19939763769968047,2
GSM4957451,16,3.236826702577525,0.1313282172122481,0.19599548101626557,2
GSM4957452,16,3.1675944006491332,0.23227858029245416,0.19258293935011805,0
GSM4957453,16,3.2205560063433984,0.23988714385231283,0.21180157856769297,3
GSM4957454,16,3.1767997182366465,0.18340164608541407,0.2026014580793994,2
GSM4957455,16,3.1530395489348675,0.20684949387525928,0.2073841663741376,1
GSM4957456,16,3.174342448929281,0.13770660499099402,0.19016768502020873,2
GSM4957457,16,3.170852238634744,0.24173557895232978,0.21225285462222357,2
GSM4957458,16,3.1859065133770432,0.14091370086914182,0.20403992158859605,3
GSM4957459,16,3.284773808808817,0.19671603687400446,0.2158389078455562,2
GSM4957460,16,3.161616710423535,0.22550314583333791,0.21323464621513008,2
GSM4957461,16,3.1976669901806156,0.12531593962169468,0.1921339540811175,2
GSM4957462,16,3.198895479294767,0.2159181150840592,0.2091886636113847,2
GSM4957463,16,3.3063525819361863,0.20472866725773584,0.20609415209169576,1
GSM3758005,17,3.3678006976679593,0.15807038210522156,0.20141672019376405,1
GSM3758006,17,3.3783732831173046,0.18590567631511973,0.20141803233695504,0
GSM3758007,17,3.3550363357984465,0.17682843024272582,0.191669768690326,2
GSM3758008,17,3.3663639817267432,0.17055807881824073,0.20151391031633528,0
GSM3758009,17,3.3343109122889825,0.18620012893771545,0.1895333176664704,0
GSM3758010,17,3.40179362139112,0.17801379322242405,0.20184599417662877,0
GSM3758011,17,3.3972240499891564,0.16671231638190018,0.17711083304330835,0
GSM3758012,17,3.40993380164265,0.15728076473413788,0.1982441162359802,1
GSM3758013,17,3.3626112921989626,0.18462365896197638,0.19528319023864238,0
GSM3758014,17,3.440912684997765,0.14943064203233475,0.21037187088674814,0
GSM3758015,17,3.372266037680408,0.17104195192114602,0.20066879441132174,0
GSM3758016,17,3.3703276435196377,0.18263681216056288,0.19525261491949428,0
GSM3758017,17,3.4080132775580796,0.17080584477499358,0.2036394050910497,1
GSM3758018,17,3.354953848797505,0.18417231201110631,0.19448507191606856,0
GSM3758019,17,3.3707451368815238,0.19207218260125544,0.20340157509595183,0
GSM3758020,17,3.426513998890865,0.15453371301247243,0.20979944408394555,0
GSM3758021,17,3.3689515412493423,0.17155356399271093,0.20086226449548417,0
GSM3758022,17,3.3930770442644005,0.1652375836099461,0.2040308708441314,0
GSM3758023,17,3.4069653109744134,0.17665136504808773,0.20414566195548942,0
GSM3758024,17,3.389016490896437,0.15617587547947476,0.20932779434405238,1
GSM3758025,17,3.4051475964812945,0.16391521094276307,0.2083127242839467,0
GSM3758026,17,3.3736485537646996,0.1773224399275851,0.2031905865875362,1
GSM3758027,17,3.379465961668184,0.16215229367552023,0.20421517557651056,1
GSM3758028,17,3.360182391070117,0.16533995245006322,0.20056847799710453,2
GSM3758029,17,3.3639117403805714,0.16552506933190775,0.19970811386641518,1
GSM3758030,17,3.3639184218269094,0.16545825356891428,0.20012444516912123,0
GSM3758031,17,3.3678322210362075,0.16379460032978402,0.1940380858360582,1
GSM3758032,17,3.39481606562058,0.15570244400934333,0.20251436808255577,0
GSM3758033,17,3.334837455919071,0.2142431691480106,0.19181117587891217,0
GSM3758034,17,3.357380063607779,0.1870820503769453,0.19384095481444497,1
GSM3758035,17,3.404868008721027,0.15460152144391728,0.208557254939306,1
GSM3758036,17,3.39866427768602,0.17244457754839682,0.20647910808528935,0
GSM3758037,17,3.426520288660286,0.1532540610550024,0.21257649790501645,0
GSM3758038,17,3.404003251705996,0.1523607154654717,0.2012058799747741,0
GSM3758039,17,3.348648777544045,0.20081136636343688,0.1975140585276707,2
GSM3758040,17,3.386603771907624,0.1682339033794816,0.20069928352563257,0
GSM3758041,17,3.4035094577111713,0.16788007341957575,0.205995206434853,0
GSM3758042,17,3.3944542395074113,0.15296918742222215,0.20786507209782204,0
GSM3758043,17,3.412339449303884,0.16298946332904218,0.20718043242862644,0
GSM3758044,17,3.3892116450230096,0.17930426753202075,0.21166384340203934,0
GSM3758045,17,3.3843791933224883,0.1812376999997969,0.1961930207474569,1
GSM3758046,17,3.3892796374838348,0.14916294187424828,0.20606661557035627,0
GSM3758047,17,3.3444740167235945,0.1733091511062614,0.1917578396304643,1
GSM3758048,17,3.4019739294919717,0.1423907899021131,0.2107595258249568,0
GSM3758049,17,3.37901108200178,0.14957339148801804,0.20357731184286754,0
GSM3758050,17,3.38480833842883,0.17827511865427254,0.20078437729556825,0
GSM3758051,17,3.4311615686054022,0.16269090921997545,0.19827279821937047,1
GSM3758052,17,3.396536454092673,0.1630961089954145,0.2043566405683331,0
GSM3758053,17,3.410225808556143,0.15669438798677407,0.21110224307736647,0
GSM3758054,17,3.4368822057677924,0.13794620038752425,0.21623895895785802,0
GSM3758055,17,3.3767165352427293,0.17706215120437024,0.20276757588859573,0
GSM3758056,17,3.3710134470157223,0.19002128332812984,0.20264797398425913,0
GSM3758057,17,3.3914438192706378,0.16986463365428775,0.19231553505708415,1
GSM3758058,17,3.365620167511655,0.17206450218546843,0.20078147930475979,0
GSM3758059,17,3.43841701599883,0.1637990919948084,0.2062113128315076,0
GSM3758060,17,3.3916005855806097,0.16986507623158914,0.19945383297510874,0
GSM3758061,17,3.393219653781717,0.19309666273147544,0.20134368042466352,0
GSM3758062,17,3.3975529021220945,0.170554862020688,0.2008406260869113,1
GSM3758063,17,3.3715927158208134,0.17836353599999824,0.20257909532326324,0
GSM3758064,17,3.3973432224447357,0.16669701852659433,0.2094936540379552,0
GSM3758065,17,3.390268017433561,0.16386110627006376,0.20085599117328903,0
GSM3758066,17,3.4177198176869186,0.1607253473670517,0.20529498746166522,0
GSM3758067,17,3.4091563221008534,0.1845646725605016,0.20653547793727725,0
GSM3758068,17,3.3657837246512043,0.17520558840749587,0.20206408650436014,0
GSM3758069,17,3.4065402784892553,0.14630915581107717,0.20124220084909006,1
GSM3758070,17,3.388946732540354,0.20194694431619692,0.2035812686775855,0
GSM3758071,17,3.420741368255754,0.15963409723510463,0.2039586634734378,0
GSM3758072,17,3.377494875343866,0.16425533977263554,0.19754874354802893,1
GSM3758073,17,3.376780035830182,0.17819589611383002,0.20655857418033685,1
GSM3758074,17,3.396124695652565,0.16891094582628755,0.20712566814952346,0
GSM3758075,17,3.431837007997573,0.1758427277947648,0.2117950027646807,0
GSM3758076,17,3.4373042544956456,0.1369438220871154,0.2113838574516961,2
GSM3758077,17,3.3893618543281954,0.16476612355525486,0.20402551578836925,0
GSM3758078,17,3.377743117395933,0.18600433274207395,0.20563526323994658,0
GSM3758079,17,3.377993005707184,0.16341525641151997,0.1957735743515677,0
GSM3758080,17,3.384260711137636,0.1741478272461751,0.20075080105639334,0
GSM3758081,17,3.4146571849026013,0.17917358323044394,0.20578589300135477,0
GSM3758082,17,3.381878340913586,0.1934712876818706,0.2024228083165926,0
GSM3998167,17,3.401593524243981,0.17863503628259128,0.20224025937741646,1
GSM3998168,17,3.3542253016724772,0.19282387948153593,0.19366315406292559,1
GSM3998169,17,3.386379136268858,0.16139964344666766,0.20289984765611385,0
GSM3998170,17,3.399084447100749,0.16030296361877774,0.1997119498856562,0
GSM3998171,17,3.3852899548722624,0.18243368394683288,0.2066053322781504,0
GSM3998172,17,3.362743289866798,0.2153857350713825,0.19864667200718308,1
GSM3998173,17,3.3825162411787266,0.1752416380024986,0.2021443653467743,0
GSM3998174,17,3.368844818184553,0.19055424725743889,0.2033896522625935,0
GSM3998175,17,3.410204203333961,0.1959789857264662,0.20116920981431838,1
GSM3998176,17,3.405717429974882,0.23177831629701082,0.20465769442495027,0
GSM3998177,17,3.396343689395976,0.20771892823409727,0.20465554984636786,0
GSM3998178,17,3.3596851178211313,0.23761922793357848,0.19400962383516548,1
GSM3998179,17,3.3396007006518813,0.24261694330488093,0.19294402953017287,0
GSM3998180,17,3.382559086001441,0.23138339531785834,0.19425609019713874,0
GSM3998181,17,3.4208759417241743,0.1777227029053582,0.20261574250970033,1
GSM3998182,17,3.385338733771668,0.2281658413830728,0.2061228619587411,1
GSM3998183,17,3.387005990616178,0.2176381827191129,0.19942483559033775,0
GSM3998184,17,3.3793421289817727,0.22703901926439254,0.19694173047539812,0
GSM3998185,17,3.3696801263603198,0.2118388577209979,0.20227733680429605,0
GSM3998186,17,3.472606295685016,0.19584180240406723,0.21319524018423772,0
GSM3998187,17,3.3956759879437093,0.21387627232541065,0.19847114353237733,1
GSM3998188,17,3.3401267656697926,0.2434029605796964,0.1970757272706724,1
GSM3998189,17,3.3527477717998533,0.24470200594361388,0.19397313069056205,1
GSM3998190,17,3.378897522855889,0.20795800182864965,0.19773186502134676,2
GSM3998191,17,3.3409068893789478,0.2127102116827982,0.19353795444687608,0
GSM3998192,17,3.3616792789498002,0.18142577486290506,0.1917334707792122,2
GSM3998193,17,3.3636221090752154,0.2196110117338567,0.1990495817315516,0
GSM3998194,17,3.4066716835492423,0.21095057161968983,0.20305807756187727,0
GSM3998195,17,3.383766021955786,0.16088561452383485,0.20193645724815473,0
GSM3998196,17,3.3601460660785327,0.16756381438568585,0.2018284231702944,1
GSM3998197,17,3.4108100571709787,0.1607435940574888,0.19302863054547154,0
GSM3998198,17,3.3920696550139384,0.1558806153040834,0.20069488694147744,0
GSM3998199,17,3.3399381085239357,0.17972299599204422,0.1915337466503633,1
GSM3998200,17,3.411398048311994,0.1624407065527146,0.2011893754532037,0
GSM3998201,17,3.367294603787942,0.16362920888688354,0.19809998479781182,0
GSM3998202,17,3.431271644690918,0.1421043384972949,0.19917389153441684,0
GSM3998203,17,3.425265048291018,0.16139169701451894,0.21149675258649353,0
GSM3998204,17,3.414776614874039,0.14833613103887475,0.20830381198782394,0
GSM3998205,17,3.431795100633423,0.15556294263464357,0.20751907760881885,0
GSM3998206,17,3.4342500375484186,0.1979915817818943,0.20441148382367988,0
GSM3998207,17,3.4073474187729915,0.17119785447236266,0.1973529935853574,0
GSM3998208,17,3.433048832869681,0.19232847750519158,0.20621180253544857,0
GSM3998209,17,3.4028692871600303,0.18691723490086407,0.19706552395976917,0
GSM3998210,17,3.3859006658426116,0.154658320202118,0.19635697420659992,0
GSM3998211,17,3.420093658314363,0.14857593275268502,0.2050410136932303,0
GSM3998212,17,3.432166555633684,0.15212065610469758,0.20694589015849266,0
GSM3998213,17,3.3931416689461864,0.21500555718458245,0.1960269618836916,1
GSM3998214,17,3.3836303064075786,0.14389378880331555,0.20153450718105118,0
GSM3998215,17,3.459753196526096,0.17742908843990451,0.19989089810552707,0
GSM3998216,17,3.4171480755282553,0.19593348659592372,0.2040705865130685,0
GSM3998217,17,3.3521846045703723,0.228038842842339,0.2057931691268005,1
GSM3998218,17,3.3121549714491545,0.19471277431080006,0.2134679847324842,1
GSM3998219,17,3.4135117961114325,0.19813306977022466,0.20388006984185625,0
GSM3998220,17,3.369134326188578,0.22141539172016286,0.20308741921835882,1
GSM3998221,17,3.358061695545322,0.20782400167857118,0.20370245534232298,1
GSM3998222,17,3.435753855741991,0.17346949337859743,0.20977705383390918,0
GSM3998223,17,3.3774136980624716,0.1614807623306542,0.2010798081555638,1
GSM3998224,17,3.3630575955736286,0.17888952427198837,0.20050748766290205,1
GSM3998225,17,3.3171221007864133,0.1359462689427079,0.20174744015956877,1
GSM3998226,17,3.347282279967811,0.21934836562083534,0.19330039036421734,0
GSM3998227,17,3.357357562350763,0.1270823497615651,0.2002569032960435,1
GSM3998228,17,3.3956566608789798,0.19656637482654638,0.20259271417255353,0
GSM3998229,17,3.3882445483734966,0.14089750865598843,0.20193772572222374,0
GSM3998230,17,3.3729265551097942,0.14240413817442296,0.19646034855162683,1
GSM3998231,17,3.3817619065177933,0.21913980874097488,0.19865411323578946,0
GSM3998232,17,3.3979080664987578,0.15871588697096212,0.21502392571357207,1
GSM3998233,17,3.3288675499741913,0.14581652406676335,0.19907185940962133,1
GSM3998234,17,3.394207137498195,0.18906845842015185,0.19784511480783948,0
GSM3998235,17,3.3820112900393235,0.19031397463492417,0.20000586591178363,1
GSM3998236,17,3.39641247424854,0.16506226944248428,0.20060094848724808,0
GSM3998237,17,3.4304082950462322,0.19349981440161393,0.19949916879280527,0
GSM3998238,17,3.390820333029675,0.1529495269352054,0.18979233064016313,2
GSM3998239,17,3.41973727764738,0.19802115375517618,0.20951824593606072,0
GSM3998240,17,3.373039815181092,0.19113126630824517,0.19520683076297096,1
GSM3998241,17,3.412379104380945,0.16040158732784685,0.19381809913962653,0
GSM3998242,17,3.3240851327286913,0.14582314506419222,0.1941443671190934,1
GSM3998243,17,3.3721440636695,0.16030767683801284,0.2013164300516149,2
GSM3998244,17,3.420026460593985,0.15037506809661078,0.20850991720345205,0
GSM3998245,17,3.365995049380945,0.18953861510459027,0.1990525641866562,0
GSM3998246,17,3.3871779458523332,0.15212647109116534,0.19814890146840236,2
GSM3998247,17,3.4189011233627142,0.15444483421431393,0.2030732071745268,0
GSM3998248,17,3.3866219060809235,0.1862368712338829,0.19440245213376142,0
GSM3998249,17,3.3871433815225904,0.23169511541753995,0.20503299837375877,0
GSM3998250,17,3.40385238738353,0.2098926056951398,0.20021502501380525,0
GSM3998251,17,3.362584358915811,0.1618351817824115,0.2023316678565961,0
GSM3998252,17,3.38755561839144,0.18660488217049978,0.20179517924000542,1
GSM3998253,17,3.3540173112712033,0.1756706072175393,0.1906621529001101,2
GSM3998254,17,3.358791455514723,0.18062886152299545,0.20084188157305188,1
GSM3998255,17,3.4205257885432894,0.20158533285430225,0.20433362769395422,0
GSM3998256,17,3.4123838912578,0.15688919241005375,0.20080237411424937,0
GSM3998257,17,3.33975351699882,0.1895440890816386,0.1984842312449974,1
GSM3998258,17,3.346440194569568,0.18302400018784595,0.19604927232474717,1
GSM3998259,17,3.406902163621471,0.1749485992161609,0.21116547087138315,0
GSM3998260,17,3.384578111796399,0.19075487533147237,0.22800812947136462,0
GSM3998261,17,3.3943952568814457,0.22434646986223233,0.20015715258425773,1
GSM3998262,17,3.400417536006875,0.19625870842678356,0.20345792704910728,0
GSM3998263,17,3.4054723477311266,0.1807735262116436,0.2058138506170097,0
GSM3998264,17,3.389880550841342,0.19931473832326616,0.1997621239781413,0
GSM3998265,17,3.398405982909148,0.21008123415315577,0.19869043466165384,2
GSM3998266,17,3.4024913338522174,0.20898668416391167,0.2057558207700952,2
GSM3998267,17,3.422644843468986,0.22791501078459273,0.20109821284039572,0
GSM3998268,17,3.331741701290082,0.17116400299582704,0.20043487367937926,0
GSM3998269,17,3.4125955374868036,0.19250250973082372,0.19931324849702137,0
GSM3998270,17,3.419415384186322,0.1816219222929971,0.20828587635341222,0
GSM3998271,17,3.3910561267230532,0.20591096408027107,0.1997345647387101,0
GSM3998272,17,3.4374316966492025,0.15561866444000302,0.19556870567061496,1
GSM3998273,17,3.4373441342913105,0.16364612419927735,0.2002866623617747,1
GSM3998274,17,3.431828872567937,0.1772294526470589,0.20482700719290606,1
GSM3998275,17,3.3414036598542864,0.23316018664303365,0.19968782131528814,1
GSM3998276,17,3.389698048007558,0.1617572898578278,0.20278002784682372,0
GSM3998277,17,3.409761418431075,0.17066886302992793,0.2067737407356129,0
GSM3998278,17,3.4194570277912777,0.12220496374990862,0.19740064117236378,1
GSM3998279,17,3.407662439615613,0.18746121038257837,0.19173568755326265,2
GSM3998280,17,3.342668002829742,0.19000500669807852,0.20567317784775077,0
GSM3998281,17,3.3721343659276006,0.18830987234161875,0.19813949977801218,1
GSM3998282,17,3.40422088194368,0.17457554949208687,0.19263705511846857,0
GSM3998283,17,3.422339309392417,0.1963527705344084,0.1925846115836607,0
GSM3998284,17,3.4182946951281745,0.11213771100867302,0.21365670748030396,0
GSM3998285,17,3.335707100011031,0.14944627640891417,0.1971426902660556,0
GSM3998286,17,3.4228579280440523,0.18658828362971944,0.20384464277775133,0
GSM3998287,17,3.3842411366789125,0.20125412865728454,0.2014522307199565,1
GSM3998288,17,3.4458421136178274,0.2029769980894045,0.20326728927483806,0
GSM3998289,17,3.4107711774327707,0.2012219952491431,0.19411703254086582,0
GSM3998290,17,3.356479658371538,0.18314407348247166,0.1992027855371117,0
GSM3998291,17,3.378842265055767,0.20358392462311176,0.19340337225938,0
GSM3998292,17,3.4016903719762226,0.19484751273903836,0.20330475082926985,0
GSM3998293,17,3.3962508637942133,0.1746730996750475,0.19892275761089726,1
GSM3998294,17,3.40108679536949,0.2107650738908103,0.20552500877394947,1
GSM3998295,17,3.424062195842418,0.19946144287716072,0.20939473440211703,0
GSM3998296,17,3.432817796789951,0.20452043468301867,0.20515458397550312,0
GSM3998297,17,3.4296347551257846,0.20812106599470984,0.2077085361274286,0
GSM3998298,17,3.3939068781846045,0.21049331163324497,0.19973480230038484,0
GSM3998299,17,3.4322885467874245,0.19567710182722217,0.20613392177775183,1
GSM3998300,17,3.4081869526893342,0.19282368035685035,0.20290161313318753,0
GSM3998301,17,3.3771602205322058,0.23436147401326535,0.19186502622556476,0
GSM3998302,17,3.4344663635912536,0.12375715699129552,0.20550628256599557,1
GSM3998303,17,3.451432899513338,0.13076283257993065,0.20983162310227296,0
GSM3998304,17,3.4350359642913033,0.16386488715652528,0.20383771909250978,0
GSM3998305,17,3.455085449672469,0.1173047025142185,0.2206273497430458,1
GSM3998306,17,3.399597595245682,0.21546663849457237,0.20212442309055798,2
GSM3998307,17,3.447080156450131,0.13158192150659762,0.20544792262738767,0
GSM3998308,17,3.430037852740862,0.15522289808519144,0.2061507135540631,0
GSM3998309,17,3.4002235695162657,0.20596811662874037,0.19769088757054198,0
GSM3998310,17,3.4310741208900257,0.16763085079843607,0.20828460252812725,0
GSM3998311,17,3.3939194219156947,0.19944164866051867,0.2042917008296036,0
GSM3998312,17,3.3927081609231515,0.15050999079439425,0.20671964624025496,0
GSM3998313,17,3.396497639008449,0.17870257569026787,0.20912064943355319,0
GSM3998314,17,3.4365625910434785,0.15669537965226582,0.20668394277438806,0
GSM3998315,17,3.4444357988654413,0.16447675443611934,0.2085396379320266,0
GSM3998316,17,3.450034513015399,0.15892536651231456,0.21844781179860379,0
GSM3998317,17,3.440744002262906,0.1632026669963898,0.2121039447603109,0
GSM3998318,17,3.4277037185648234,0.16998298105219348,0.20694948664825744,0
GSM3998319,17,3.438163385676499,0.17178623340142127,0.2068003930111856,0
GSM3998320,17,3.435393649857656,0.18807352311370518,0.2054217957768084,0
GSM3998321,17,3.4033028866504926,0.18557583537862066,0.20053670345229932,1
GSM3998322,17,3.413131952120492,0.15987651148773527,0.2052246183616857,1
GSM3998323,17,3.446337091813109,0.19167676797721445,0.20884950041085104,0
GSM3998324,17,3.3851609344626996,0.18909066871499666,0.20137196677324692,0
GSM3998325,17,3.452526345697024,0.15588715328133784,0.21069983143633786,0
GSM3998326,17,3.4594769015228732,0.16729449780262934,0.20842260652118788,0
GSM3998327,17,3.3508874738362318,0.17032395331340336,0.1974718216137714,1
GSM3998328,17,3.3869269452203232,0.19985496564259728,0.20359135092061476,0
GSM3998329,17,3.407671224851672,0.18139257520989138,0.18895443306142964,1
GSM3998330,17,3.425102905951013,0.21003999329697637,0.20016610559026835,0
GSM3998331,17,3.3883074536598246,0.17703671975178709,0.2078202554522286,0
GSM3998332,17,3.315307295442734,0.1283825561145411,0.20140719594387688,1
GSM3998333,17,3.345740590490483,0.19997030873281685,0.20363577663524624,0
GSM3998334,17,3.383204874503176,0.16457527205843708,0.19556071903278432,1
GSM3998335,17,3.3848133401512364,0.14000903715998933,0.1967830617451612,0
GSM3998336,17,3.4271794578069126,0.16044462637651652,0.21405802943570776,0
GSM3998337,17,3.4362223299408026,0.17024909503800284,0.20368096305767994,1
GSM3998338,17,3.3966634589747513,0.1395868806309217,0.20753909776112858,1
GSM3998339,17,3.4012507267063494,0.15901073983488953,0.19924531195460188,1
GSM3998340,17,3.4078165116576127,0.16861219053426954,0.19580495826165406,1
GSM3998341,17,3.422283075301182,0.141169303214073,0.21354230636362992,0
GSM3998342,17,3.382821308689431,0.15352732885018625,0.20893899707416702,0
GSM3998343,17,3.363374229847939,0.1295918802681348,0.20116206816673993,2
GSM3998344,17,3.380500739719646,0.14242736911378107,0.204518013754428,1
GSM3998345,17,3.3642650592517587,0.1538152304674105,0.189942832263065,2
GSM3998346,17,3.376765442624175,0.1367202679112613,0.20102653340213153,0
GSM3998347,17,3.3544767560151967,0.1517762311245214,0.19193441774575914,1
GSM3998348,17,3.3781976085496597,0.11829241268465385,0.19485370057116863,1
GSM3998349,17,3.3552507207162017,0.15124333023857975,0.20083592566969055,2
GSM3998350,17,3.3621865502997768,0.14800541728916095,0.19531784938178307,0
GSM3998351,17,3.3762692588125454,0.10872626104429277,0.20236127664510242,1
GSM3998352,17,3.369857189402018,0.1477937188243802,0.19907720284034705,0
GSM3998353,17,3.4129973392348276,0.12560978275180343,0.19121783105331605,0
GSM3998354,17,3.346222691690922,0.1540084310923406,0.19338870366016558,0
GSM3998355,17,3.3586365929812305,0.12729557228591695,0.19301286020341357,0
GSM3998356,17,3.357007949784178,0.17759246023533057,0.1923732939922519,1
GSM3998357,17,3.395988579895124,0.14046323490363324,0.18900870058722574,1
GSM3998358,17,3.3889143406739604,0.1268977345512363,0.19919734161368147,1
GSM3998359,17,3.284173497059201,0.1476951385707463,0.19632856494538628,1
GSM3998360,17,3.3502797587190867,0.14281916467463623,0.19532863135803824,1
GSM3998361,17,3.3580494286374214,0.18464486879718756,0.19728044279744392,1
GSM3998362,17,3.3501263251952107,0.1291914746025124,0.19851962501455972,1
GSM3998363,17,3.380609799193135,0.1396402549109951,0.20048565967706733,1
GSM3998364,17,3.3895579583882003,0.1377694258463937,0.19978996110584746,0
GSM3998365,17,3.3301308572253827,0.1474390815362921,0.19515835854374897,1
GSM3998366,17,3.368796913418225,0.15761976382368098,0.20887123334293994,1
GSM3998367,17,3.349162199360527,0.14512357522604669,0.20026632544473427,0
GSM3998368,17,3.3468473205621674,0.16807066206931487,0.1958500576209562,1
GSM3998369,17,3.3796454296699316,0.1633555668920133,0.2012832843138437,1
GSM3998370,17,3.33616864296612,0.1330412666936154,0.19841101637010974,1
GSM3998371,17,3.3439334125041995,0.17292950489253892,0.19375525392402393,0
GSM3998372,17,3.35355018034289,0.1860008619879564,0.18701873350834347,2
GSM3998373,17,3.3588398966154207,0.12978476921330576,0.20152131101187373,0
GSM3998374,17,3.322342695911749,0.1668516337822452,0.19829824746988314,1
GSM3998375,17,3.377924125800867,0.13960779594145248,0.20575790879692227,0
GSM3998376,17,3.338207194673924,0.1675354721867857,0.19787532741808345,0
GSM3998377,17,3.35841383081855,0.1831277127567891,0.20208242381187416,0
GSM3998378,17,3.3639480607458037,0.11326447206349757,0.19698417568065774,1
GSM3998379,17,3.344909180680542,0.1685137594726996,0.2027088217351742,0
GSM3998380,17,3.3563623731814585,0.17214429081470364,0.19998514375593615,0
GSM3998381,17,3.34295145941201,0.12200294642544011,0.19762295131079,2
GSM3998382,17,3.3159361391519906,0.12776465197345188,0.1939795317646748,1
GSM4957321,17,3.422793487534127,0.15073664309192367,0.20674745877851128,0
GSM4957322,17,3.404372977995584,0.15260204513907713,0.20013451328342785,1
GSM4957323,17,3.3724183089930837,0.1942785558099503,0.2021715112671258,1
GSM4957324,17,3.3226857773015688,0.1957348377491281,0.19794762191084003,0
GSM4957325,17,3.423604101506369,0.16754124590050481,0.2033770585804087,0
GSM4957326,17,3.395559950381522,0.2489550619553522,0.19967357759387383,0
GSM4957327,17,3.349463422316408,0.23776560365527835,0.20239515913992465,0
GSM4957328,17,3.331672399942521,0.22590145244680312,0.20388107394326857,0
GSM4957329,17,3.3982373481973758,0.18756842425672723,0.19628355742866335,0
GSM4957330,17,3.4770571386829148,0.20252299341570448,0.2127461235056273,0
GSM4957331,17,3.3853949313308944,0.23532667231325477,0.20465491414876633,0
GSM4957332,17,3.3866539072729958,0.1959362810897798,0.19404152120768853,0
GSM4957333,17,3.343318622334477,0.2013156904218679,0.19747198936632013,1
GSM4957334,17,3.366558570912204,0.21094020601632507,0.2028340294114279,0
GSM4957335,17,3.484091795171096,0.14192963318444884,0.20101086066175602,0
GSM4957336,17,3.462878509293794,0.20564947598817962,0.20164641048125867,0
GSM4957337,17,3.416036748217565,0.12685146659407903,0.1963091914004627,0
GSM4957338,17,3.4196126056356855,0.143213815383298,0.20230476447767082,0
GSM4957339,17,3.4750611371656146,0.1611623588399752,0.20346893002347152,1
GSM4957340,17,3.4331491233359825,0.15490497530173436,0.19384830680368595,0
GSM4957341,17,3.511579858513265,0.14208581240968407,0.21021546766515004,0
GSM4957342,17,3.5165893556380086,0.1531860233768961,0.19799471785501166,0
GSM4957343,17,3.4481619112790542,0.14340933289024652,0.2040960261157949,0
GSM4957344,17,3.363646547493048,0.1845351155348404,0.1924910319962931,0
GSM4957345,17,3.3607662712372552,0.17601968812202473,0.19853557223680793,2
GSM4957346,17,3.3992108126055136,0.15528271749292333,0.19614584335349633,0
GSM4957347,17,3.4098533376017017,0.21139802272864475,0.20383382174804707,0
GSM4957348,17,3.3314689710664602,0.18360764878840127,0.19989690002509927,1
GSM4957349,17,3.291783122765291,0.15523991104039173,0.19101098648420695,0
GSM4957350,17,3.3958883198554703,0.1827953000746706,0.20036391221904845,0
GSM4957351,17,3.414219604798959,0.1739529917823951,0.20286135827868265,0
GSM4957352,17,3.3812361895822387,0.2355428732080851,0.1972630427655561,0
GSM4957353,17,3.3252633115337757,0.1652402596745553,0.19798514423840224,0
GSM4957354,17,3.3265885883711435,0.1444672928452236,0.19223021940698956,2
GSM4957355,17,3.3601814969241,0.16205508624292214,0.19325267752795192,2
GSM4957356,17,3.383536191907809,0.12466293243278705,0.19050455804417796,2
GSM4957357,17,3.3515126527169756,0.1799914908223479,0.19968148288631807,0
GSM4957358,17,3.3980229452978703,0.17228034161049927,0.21122835843184917,0
GSM4957359,17,3.320807742771806,0.18410998900671716,0.20427267143805475,0
GSM4957360,17,3.4213518034871497,0.17650260312752286,0.204495073234861,1
GSM4957361,17,3.3555873256773454,0.21271449394703204,0.20168217572783953,0
GSM4957362,17,3.3747677145148356,0.20411173009075054,0.19797252259223028,0
GSM4957363,17,3.3755905963523123,0.18865416365969473,0.20545099825699387,0
GSM4957364,17,3.4171779371318585,0.17008052321556985,0.20398070779961686,0
GSM4957365,17,3.442248908531337,0.14312583851084115,0.2067084552021705,0
GSM4957366,17,3.359065190719859,0.18181791033576158,0.20418580048168136,0
GSM4957367,17,3.3884271153177625,0.18193375620309973,0.20672735728842445,1
GSM4957368,17,3.3366209002874423,0.20696262396961282,0.20558681892715028,2
GSM4957369,17,3.392433426749401,0.16746098912020554,0.20870926563029799,0
GSM4957370,17,3.3829516486182096,0.16495172024341284,0.20842809291782152,0
GSM4957371,17,3.436389358925667,0.1877720783607992,0.20827275518542823,0
GSM4957372,17,3.4142029946832646,0.14559512781389136,0.19851370601217733,0
GSM4957373,17,3.365411970325762,0.14336593494499236,0.20233051958358003,1
GSM4957374,17,3.3899424328503946,0.1961514167627048,0.19559194806346372,1
GSM4957375,17,3.3735527715721916,0.1721864902899471,0.19709902883160507,2
GSM4957376,17,3.3578059574718746,0.20170278005125147,0.20389197478187024,3
GSM4957377,17,3.4732297685141065,0.18413679034344635,0.20087392655125325,0
GSM4957378,17,3.367308284937241,0.17516319948389142,0.21075017494435808,1
GSM4957379,17,3.378747848621805,0.17386939452152708,0.20069906338645688,2
GSM4957380,17,3.390405235061802,0.16230245674261878,0.19885004120986044,2
GSM4957381,17,3.4166077585189565,0.14545776312402176,0.20466034931554486,0
GSM4957382,17,3.365962921127904,0.19241935087230175,0.20693433443527717,1
GSM4957383,17,3.352268731997202,0.16242593932043803,0.19781635016765928,0
GSM4957384,17,3.42362006293497,0.12093838321566062,0.20424015649888574,0
GSM4957385,17,3.349809758489611,0.165420489710891,0.1938191644320351,3
GSM4957386,17,3.4049916764572443,0.16724520765507023,0.20367184607263497,0
GSM4957387,17,3.448249104567698,0.178101428666168,0.20709624803554733,0
GSM4957388,17,3.331033997802063,0.1818710729419502,0.1887207262420867,2
GSM4957389,17,3.350647184492046,0.2434373335594721,0.20268706039176557,0
GSM4957390,17,3.360233872452635,0.17698594304647253,0.2024384508956557,0
GSM4957391,17,3.4076662029651037,0.26217058115958597,0.2042915185276662,0
GSM4957392,17,3.3956338049013723,0.20353404480722223,0.20352525801184101,0
GSM4957393,17,3.3384257207588024,0.2458987249940747,0.19483679188733458,0
GSM4957394,17,3.4370827011470095,0.1388348834388801,0.1954167301835039,3
GSM4957395,17,3.478315181543573,0.12745834168866524,0.19294445486429407,0
GSM4957396,17,3.3382363570632614,0.18593717043417038,0.2006201515804037,1
GSM4957397,17,3.3805119486129236,0.1537501370588679,0.1972492108940521,3
GSM4957398,17,3.3943569957018656,0.2474368752184987,0.20208717286937633,0
GSM4957399,17,3.3529160427687015,0.20650552083760615,0.19976709672423998,1
GSM4957400,17,3.3877182409950577,0.17667969564345756,0.20075491589458594,0
GSM4957401,17,3.3435232796160634,0.16094231241064938,0.19407061793583416,3
GSM4957402,17,3.383135606594139,0.15225841812593205,0.20088312080572382,1
GSM4957403,17,3.3918298775498985,0.1814190426010776,0.20009842388800447,0
GSM4957404,17,3.413839089700995,0.19384489361591264,0.20781779072716253,0
GSM4957405,17,3.3948096414054847,0.18360085808612672,0.2069907221533255,1
GSM4957406,17,3.3241762191347224,0.2716357304883079,0.20590269425330518,0
GSM4957407,17,3.350409184696304,0.18255648940888733,0.20532198903927873,1
GSM4957408,17,3.356935593331403,0.2109537567297374,0.20362696349566883,0
GSM4957409,17,3.478745366567836,0.15000005307423195,0.21188208672710557,0
GSM4957410,17,3.4001958229157605,0.23625383288198176,0.21754748728964518,0
GSM4957411,17,3.4483404612690984,0.16191044197098303,0.21476412383954194,0
GSM4957412,17,3.429169311878957,0.19497112522636187,0.20765814268125152,0
GSM4957413,17,3.4522361703760605,0.1825874807965353,0.21222528920129582,0
GSM4957414,17,3.4039282783138507,0.2069766518253354,0.20125321154598852,0
GSM4957415,17,3.318996639327118,0.19910052486721969,0.20509824323404752,0
GSM4957416,17,3.38988302312819,0.16690023340186733,0.21856308423233112,0
GSM4957417,17,3.4100993452396513,0.16779637947516413,0.21298357785262115,0
GSM4957418,17,3.419131788747276,0.17580644929194972,0.2069540361390178,1
GSM4957419,17,3.4419786602338136,0.21183486582485306,0.20084563586896836,0
GSM4957420,17,3.4049773850314735,0.1770130070431663,0.2043719647120603,0
GSM4957421,17,3.4275067136756934,0.17055763168498997,0.21052419439066805,0
GSM4957422,17,3.4133777512010237,0.15265231156224243,0.2003518404727242,0
GSM4957423,17,3.467311059976443,0.14803080568330387,0.21218844439436713,0
GSM4957424,17,3.397797942383013,0.13445857411780313,0.20165981777856803,2
GSM4957425,17,3.4329476183643846,0.17315386156547713,0.2117688372388551,1
GSM4957426,17,3.376594533564512,0.1731431146637571,0.20663163125629805,1
GSM4957427,17,3.4450641106696387,0.17251851650769381,0.21228119683218563,0
GSM4957428,17,3.353752147859508,0.24221379142614796,0.20223912366665975,0
GSM4957429,17,3.443773104519384,0.19291909428807724,0.2085546843453621,0
GSM4957430,17,3.420366504116273,0.18369048037824878,0.21110620229259056,0
GSM4957431,17,3.4390706260922133,0.17318803546388323,0.2138883465997371,0
GSM4957432,17,3.4347245571744187,0.14940093724664955,0.2145680493087624,0
GSM4957433,17,3.4166115558366563,0.14715072224212974,0.19812549529425758,0
GSM4957434,17,3.4566131570891367,0.15851916810347802,0.21203275894981083,0
GSM4957435,17,3.3999840972462936,0.18547619050960815,0.20618437104189122,0
GSM4957436,17,3.4301090278506083,0.14920936117570732,0.2024822912587506,0
GSM4957437,17,3.454392187418784,0.20788490750088814,0.20901391155884075,0
GSM4957438,17,3.428016113597362,0.20852915718931134,0.20722000017449246,0
GSM4957439,17,3.429036308505807,0.20467803492211087,0.21226269005548415,0
GSM4957440,17,3.3693186701294726,0.1936554582266872,0.20072877033868594,0
GSM4957441,17,3.465384916683862,0.20663664909746565,0.20590978336545537,0
GSM4957442,17,3.4038820337440323,0.1598577457500541,0.20155603103961653,2
GSM4957443,17,3.391602361976511,0.19102160212858454,0.2113575648379768,0
GSM4957444,17,3.4262795638805823,0.22966227994357596,0.2068981786529841,0
GSM4957445,17,3.356491071280685,0.17985831924578538,0.18853899824461198,0
GSM4957446,17,3.3971569489906135,0.2105765455668473,0.2039002800802792,0
GSM4957447,17,3.406836119619876,0.19895749431342583,0.2099354394601889,0
GSM4957448,17,3.376512188841554,0.14968454066046072,0.19286471776000516,0
GSM4957449,17,3.4311400163681713,0.17047391221098973,0.2088926188492633,0
GSM4957450,17,3.4339473962671834,0.1461089622889983,0.2107917747719514,0
GSM4957451,17,3.390359377250817,0.17782384159570339,0.20266792836724562,0
GSM4957452,17,3.4044684170377355,0.14991779689608853,0.19247978013307535,3
GSM4957453,17,3.4248314122953225,0.21973370633737355,0.2016016849492796,0
GSM4957454,17,3.3409355548862583,0.20969015245289924,0.19441824650416673,0
GSM4957455,17,3.3769238543401596,0.16971679920344968,0.20706243084812506,0
GSM4957456,17,3.311938407536016,0.21853156003862884,0.1946079159135363,1
GSM4957457,17,3.3788655797528127,0.22735307317439155,0.19746451712740357,0
GSM4957458,17,3.3747974453902096,0.14752482695509428,0.20573875003361283,2
GSM4957459,17,3.4309723892803006,0.2299081251354419,0.1983259880444449,1
GSM4957460,17,3.3654195805774014,0.2177774838225644,0.19353942181722214,0
GSM4957461,17,3.3490707661388908,0.18860917188609383,0.1965885092625369,1
GSM4957462,17,3.367417016484459,0.23601785794107946,0.1919192145004356,0
GSM4957463,17,3.51691747033285,0.19343896621717077,0.19220600843369204,0
GSM3758005,18,2.764478396136395,-0.041811754666821535,0.18741690547966966,0
GSM3758006,18,2.8321677573236266,-0.0892616572901544,0.1851779230570509,0
GSM3758007,18,2.764984131242959,-0.056342498734623464,0.18129637080280597,0
GSM3758008,18,2.7936064668149387,-0.07118230727383372,0.18536562380179936,0
GSM3758009,18,2.7022806244557978,0.08994895964780679,0.16657939327845955,0
GSM3758010,18,2.8317271970332896,-0.07666234329349968,0.18750339450278045,0
GSM3758011,18,2.7742457848743713,-0.007376014915540318,0.17445718290111317,0
GSM3758012,18,2.7855772984255434,-0.01750530046155207,0.19354606355784312,0
GSM3758013,18,2.826163436542246,-0.09034746186106017,0.18468805430315582,0
GSM3758014,18,2.9503838897284025,-0.12373787518128679,0.1882449106275731,0
GSM3758015,18,2.8076436347377682,-0.09217629026909172,0.19420174046319602,0
GSM3758016,18,2.8984616084958628,-0.1529432409993969,0.1839906930673129,0
GSM3758017,18,2.9099969122046785,-0.08605871208460132,0.1939444331452558,0
GSM3758018,18,2.7925585995090865,-0.08601277067548471,0.19129566591144967,0
GSM3758019,18,2.8924274731604425,-0.14985529615906393,0.19569819452355627,0
GSM3758020,18,2.917867431248983,-0.052288182838415326,0.1779044129136815,0
GSM3758021,18,2.7805136626862015,-0.0609858034672387,0.18963546732897635,0
GSM3758022,18,2.885957563574336,-0.11484007939642128,0.17968326391316236,0
GSM3758023,18,2.9035278577340278,-0.13956232437731111,0.199838507619052,0
GSM3758024,18,2.899386466304324,-0.14279100103464204,0.18222720189145042,0
GSM3758025,18,2.840789014555399,-0.06788306568312423,0.1964338941167027,0
GSM3758026,18,2.8397556829354826,-0.10005870683656129,0.1914174461585034,0
GSM3758027,18,2.8668096459159,-0.11004510594414214,0.18206383605554474,0
GSM3758028,18,2.811508476917951,-0.07646765081048844,0.1901371769406221,0
GSM3758029,18,2.9099581996285386,-0.22833041790732758,0.1927335991850279,0
GSM3758030,18,2.82729844776488,-0.10758393810524147,0.1895134731880116,0
GSM3758031,18,2.832362487203415,-0.12865885670750926,0.18671836519833013,0
GSM3758032,18,2.8838162727595478,-0.16991769765076903,0.17974000373928153,0
GSM3758033,18,2.7033733748013713,0.026962333253692895,0.17652667175053213,0
GSM3758034,18,2.7716087251843606,-0.05717495877563763,0.19317524156810933,0
GSM3758035,18,2.9336807755911045,-0.18365639243159423,0.19001972936526393,0
GSM3758036,18,2.8986140846332398,-0.16863037512731135,0.1983705056938585,0
GSM3758037,18,3.020398612213177,-0.2678693669921903,0.19525657843885,0
GSM3758038,18,2.8714705769761606,-0.13255890525954028,0.19605391015541493,0
GSM3758039,18,2.8228001943463976,-0.0676001928169613,0.18464912899848107,0
GSM3758040,18,2.836964771694145,-0.1120434339372598,0.20511232849052005,0
GSM3758041,18,2.9518511295033734,-0.18028441552470986,0.18690237597825549,0
GSM3758042,18,2.9450793134131796,-0.13964048157073625,0.1835366708171446,0
GSM3758043,18,2.952292353904147,-0.1720697797703252,0.18200052893061255,0
GSM3758044,18,2.9468283282850143,-0.18729004404063038,0.1875785653027205,0
GSM3758045,18,2.8384050987835674,-0.08122377287918756,0.18576383832328047,0
GSM3758046,18,2.9104322657179638,-0.16316483061053055,0.1969544079309057,0
GSM3758047,18,2.8630822698648277,-0.10487933952176873,0.18175610004532083,0
GSM3758048,18,2.8308618286406344,-0.11233064672264804,0.19603606974062834,0
GSM3758049,18,2.7832433333917557,-0.04734877976410411,0.18252255746138588,0
GSM3758050,18,2.830559145961022,-0.08421239981813608,0.1878041326747997,0
GSM3758051,18,2.9135960435846435,-0.11317050598692975,0.19184716050152686,0
GSM3758052,18,2.9282935958318044,-0.1683503412092703,0.17705634780509444,0
GSM3758053,18,2.9128639510364724,-0.18195586174000802,0.19516860202462813,0
GSM3758054,18,2.870290318353129,-0.1109579944276317,0.19592342778238175,0
GSM3758055,18,2.866952736934842,-0.12845705060819082,0.18393289770880597,0
GSM3758056,18,2.9160371981666318,-0.18509637708428436,0.1954940602635681,0
GSM3758057,18,2.8368334712511336,-0.09012070973433121,0.1828633810860503,0
GSM3758058,18,2.783357089470054,-0.06102304596939481,0.19629341020527794,0
GSM3758059,18,2.9588167834746573,-0.1859271622540096,0.19040604685011736,0
GSM3758060,18,2.896835907049957,-0.14752168048928083,0.19198508521547594,0
GSM3758061,18,2.896647188429427,-0.14180446069890182,0.18566500579195827,0
GSM3758062,18,2.8950140442333185,-0.0984817710497817,0.18712123798880886,0
GSM3758063,18,2.8257978111970594,-0.0828245242730023,0.19245483689377743,0
GSM3758064,18,2.983057945538071,-0.19640181110426547,0.19304607320558287,0
GSM3758065,18,2.825889319061262,-0.08957642026721035,0.18848937896262244,0
GSM3758066,18,2.860710872224674,-0.10079103882840468,0.20202936729218998,0
GSM3758067,18,2.9191506167021646,-0.14864128550371278,0.19103029475246738,0
GSM3758068,18,2.9254948997688652,-0.1531272127497216,0.1913875402999774,0
GSM3758069,18,2.8088733019114724,-0.05200066756210591,0.1849039183550497,0
GSM3758070,18,2.8973082918047974,-0.1529420944363218,0.19369720497670181,0
GSM3758071,18,2.9301685598862357,-0.14280682586348312,0.18512700665249887,0
GSM3758072,18,2.8352716638806728,-0.0959259857231887,0.19977505847054783,0
GSM3758073,18,2.806194261071634,-0.041169250941149226,0.18400953313395982,0
GSM3758074,18,2.843967020785465,-0.09599627098493636,0.189596422329337,0
GSM3758075,18,2.9501117509357977,-0.16970923569698765,0.18681430412805963,0
GSM3758076,18,2.934831676157529,-0.14356745424905684,0.17810266445833514,0
GSM3758077,18,2.95723681596188,-0.2543499216128358,0.1901729905075869,0
GSM3758078,18,2.8324933261120795,-0.08140250261930343,0.19400359940845252,0
GSM3758079,18,2.8302022106762665,-0.12103286831191648,0.18538395932407084,0
GSM3758080,18,2.862903085347667,-0.11267189296408495,0.18305806319606463,0
GSM3758081,18,2.8687575539048966,-0.11539801152845891,0.19513033644322167,0
GSM3758082,18,2.8672157546740227,-0.10967386604393857,0.17240151641858092,0
GSM3998167,18,2.901104526101914,-0.14768855653920848,0.19538801465608738,0
GSM3998168,18,2.7339369578108497,-0.035392392134160414,0.18646985195119758,0
GSM3998169,18,2.708247786738929,0.01976594481861175,0.18308559589321458,0
GSM3998170,18,2.87120253927726,-0.11499954981368354,0.17587680910148454,0
GSM3998171,18,2.8375147012443045,-0.10193457067005467,0.1783983130880164,0
GSM3998172,18,2.813500594555313,-0.06597257885844113,0.19474180350008485,0
GSM3998173,18,2.8743367976303524,-0.10707478645991024,0.18438231426368212,0
GSM3998174,18,2.848029762973782,-0.06891100634412664,0.1903967290070432,0
GSM3998175,18,2.943831887559865,-0.09804231615557346,0.18057420365290291,0
GSM3998176,18,2.9390216833633174,-0.08769339661705038,0.18689378064688683,0
GSM3998177,18,2.905686813931508,-0.06825563217990167,0.18238218444193127,0
GSM3998178,18,2.8872562932869728,-0.11044751629543144,0.19967033696174857,0
GSM3998179,18,2.818934457906092,-0.0646761616413357,0.18607091961224614,0
GSM3998180,18,2.8883365778977024,-0.0974093381306663,0.18212403999064317,0
GSM3998181,18,2.960144141565843,-0.16105840226755141,0.17847133809899166,0
GSM3998182,18,2.938416183571942,-0.10805119470203034,0.19100716952437102,0
GSM3998183,18,2.9472074368460968,-0.1334662568862583,0.18775211409121315,0
GSM3998184,18,2.8212281331131956,-0.0366995601684306,0.19591928039965217,0
GSM3998185,18,2.7887608842508502,0.003932316334250904,0.19755044064894245,0
GSM3998186,18,2.9724815359096968,-0.13697631514668984,0.2003150069265782,0
GSM3998187,18,2.8021157417615825,-0.03514555924554865,0.20536138310340296,0
GSM3998188,18,2.802688663743453,-0.05181220663123916,0.19636454701529032,0
GSM3998189,18,2.8123813799590485,-0.05429760495876228,0.1862412574250969,0
GSM3998190,18,2.9138685520455243,-0.13512158565607,0.18761116781606813,0
GSM3998191,18,2.756616759859166,-0.005646752038088691,0.18174248932881729,0
GSM3998192,18,2.7986962080191624,-0.07255646352514027,0.18693102322134456,0
GSM3998193,18,2.8213050159087367,-0.040123148891939714,0.19693693491258507,0
GSM3998194,18,2.8986697264957844,-0.09972447050356964,0.18980002256225964,0
GSM3998195,18,2.840641964307748,-0.10071804273305568,0.18737319203954392,0
GSM3998196,18,2.810751698756228,-0.1118919168253591,0.18821198775092812,0
GSM3998197,18,2.879611020467227,-0.12627601177611525,0.19031715571098579,0
GSM3998198,18,2.9146733614711433,-0.10614577180916746,0.1764353231292608,0
GSM3998199,18,2.7098541701518606,-0.019843016964018197,0.1790192225962195,0
GSM3998200,18,2.8995555441919247,-0.16891642062726553,0.19382320727191238,0
GSM3998201,18,2.731460502534712,-0.02292387657271986,0.18589745166495322,0
GSM3998202,18,2.8963379884707074,-0.09965994222559736,0.1654750645439131,0
GSM3998203,18,2.855542841432561,-0.1285003736678939,0.18976756853948687,0
GSM3998204,18,2.8962962919796134,-0.14463764556508793,0.19457052742187925,0
GSM3998205,18,2.9664997166410414,-0.20309428853093667,0.1864843707922461,0
GSM3998206,18,2.90023365648599,-0.10890851828580919,0.17690178156351266,0
GSM3998207,18,2.7658365592700154,-0.008866344781689831,0.18885803373562887,0
GSM3998208,18,2.8828949741001253,-0.09727583400155305,0.19702997512341056,0
GSM3998209,18,2.7739776604363127,-0.025449214996095607,0.19446556016732222,0
GSM3998210,18,2.870527303927368,-0.10843262405213687,0.17879788996741688,0
GSM3998211,18,2.884084647980481,-0.10463507182246268,0.19909130457101984,0
GSM3998212,18,2.8980089892552345,-0.120144662260435,0.17482205256279837,0
GSM3998213,18,2.9008886615460936,-0.13088274938209105,0.20343389008908508,0
GSM3998214,18,2.8207406793723373,-0.01721301880453711,0.17952157401742808,0
GSM3998215,18,2.8867426284682494,-0.09366900543191581,0.17657264107493603,0
GSM3998216,18,2.816117690949003,0.00819555860706197,0.17790550343949083,0
GSM3998217,18,2.8221293759458996,0.009661141521989755,0.19349355561247308,0
GSM3998218,18,2.7192193770047624,0.05439878410401336,0.2157147185871515,0
GSM3998219,18,2.9693067744964012,-0.1844202809768055,0.19118241149700152,0
GSM3998220,18,2.772472266642226,0.07508779400329693,0.20358430747351955,0
GSM3998221,18,2.74529780848572,0.115724430823902,0.1840363932207595,0
GSM3998222,18,2.9009617933775202,0.013815484705356542,0.18436829079576555,0
GSM3998223,18,2.756569480128967,0.045936353281052014,0.18479849610559,0
GSM3998224,18,2.7732302345701405,0.0028897454916728418,0.18582514172312822,0
GSM3998225,18,2.688431999155295,-0.015102378008054746,0.182363898944232,0
GSM3998226,18,2.7383298586583074,-0.004321590872659026,0.2037193093142629,0
GSM3998227,18,2.7502151550309395,-0.06556189758693283,0.1869987421391705,0
GSM3998228,18,2.840962371897255,-0.07768191593042573,0.20051267183562416,0
GSM3998229,18,2.8920002576470605,-0.11820869839521479,0.18605089910291392,0
GSM3998230,18,2.730271913950008,0.09008200334938517,0.19828313305143344,0
GSM3998231,18,2.9440123433223238,-0.1830943022101694,0.187946874566373,0
GSM3998232,18,2.8181571046462914,0.040455427063343465,0.17363203991612502,0
GSM3998233,18,2.772191407614128,-0.09070659508249547,0.18035806017573805,0
GSM3998234,18,2.8789473434224293,-0.10686962822990927,0.20139603987314766,0
GSM3998235,18,2.850625085812354,-0.08392079226913993,0.1927770717359603,0
GSM3998236,18,2.835323493706203,-0.08160108788186447,0.1742105333224823,0
GSM3998237,18,2.9004707043575877,-0.1447781344718321,0.18532728013651256,0
GSM3998238,18,2.7833037067381143,-0.09484736892064421,0.2050313737738544,1
GSM3998239,18,2.839617050910077,-0.03877227815836383,0.18232808871074055,0
GSM3998240,18,2.8235804415160004,-0.11144270064450637,0.18104217697862757,0
GSM3998241,18,2.8314008008631117,-0.0956066038400343,0.19304803482013172,0
GSM3998242,18,2.7842049877600146,-0.0982207577203612,0.1632064263486409,0
GSM3998243,18,2.847798243889728,-0.12546577000568157,0.18907613723483313,0
GSM3998244,18,2.937334937494613,-0.15864095594604416,0.18565686519866195,0
GSM3998245,18,2.8939689982240933,-0.1519786188707376,0.1976596914742515,0
GSM3998246,18,2.864594911825139,-0.11175103321573243,0.18382429883873302,0
GSM3998247,18,2.8750919110228192,-0.08239725793181338,0.18180902045592856,0
GSM3998248,18,2.795484087447522,-0.08978355690090221,0.19833286259977834,0
GSM3998249,18,2.908539947159718,-0.13687463217456503,0.1888153606058075,0
GSM3998250,18,2.927490809974433,-0.14706395015824733,0.18694898977974378,0
GSM3998251,18,2.7691195491184875,-0.020551361916295037,0.19823641168774536,0
GSM3998252,18,2.8843009557840444,-0.09468820694629664,0.182215644272304,0
GSM3998253,18,2.732770061063411,0.03965912537824869,0.1849413453981798,0
GSM3998254,18,2.8534454952514503,-0.1468282812416573,0.20352638168287182,0
GSM3998255,18,2.889972649168669,-0.10388996038320969,0.1936272527432265,0
GSM3998256,18,2.938990203261111,-0.14031889090092367,0.20169266352097368,0
GSM3998257,18,2.7619834287681617,-0.02689832194330887,0.19514514441949063,0
GSM3998258,18,2.74586156338551,0.021536698838650666,0.1885089642768639,0
GSM3998259,18,2.825069125872002,0.013001518820263373,0.17439057907388256,0
GSM3998260,18,2.927403668428868,-0.04128674186595836,0.16828622699894621,0
GSM3998261,18,2.852960423263517,-0.08757403063192504,0.19955864323866437,0
GSM3998262,18,2.9149075267086704,-0.11888191129575382,0.19699848209970747,0
GSM3998263,18,2.91445147857779,-0.15625340697308984,0.20382854701009395,0
GSM3998264,18,2.812618977387267,-0.0504755582365414,0.19448467301934327,0
GSM3998265,18,2.9221553351060945,-0.13490752153363778,0.1847687782491907,0
GSM3998266,18,2.9025151056908123,-0.0941448951656973,0.1939675819721962,0
GSM3998267,18,3.014617827944506,-0.20465384924905272,0.19385682468942772,0
GSM3998268,18,2.7830572519773535,-0.046923051336643005,0.18908033724156528,0
GSM3998269,18,2.875635602917656,-0.10308436821652107,0.19818136824443397,0
GSM3998270,18,2.9081266224950975,-0.1266859721445697,0.19333532418289737,0
GSM3998271,18,2.8759364939670458,-0.10320462245546544,0.19645223412893323,0
GSM3998272,18,2.9339359000577288,-0.13008527925729566,0.19566357925831354,0
GSM3998273,18,2.8995237728515466,-0.08630868615330684,0.19828791917560554,0
GSM3998274,18,2.911587214914545,-0.0532109571437762,0.18700758175744295,0
GSM3998275,18,2.8795070056663974,-0.08530037005460452,0.17782705331069348,0
GSM3998276,18,2.7683168993003076,0.017305437369298984,0.19200273426919204,1
GSM3998277,18,2.9056606883101512,-0.1736072564872916,0.19690646954501814,0
GSM3998278,18,2.858900368795106,-0.0732776409630468,0.17446821837458068,0
GSM3998279,18,2.8798899600840997,-0.10875100632350587,0.1989290617881654,0
GSM3998280,18,2.876612412177139,0.022579247580127502,0.17750714095946926,0
GSM3998281,18,2.8099551108178042,-0.07808178408004628,0.18977515049013757,0
GSM3998282,18,2.8542651406435735,-0.13706879728394722,0.19510182060771075,0
GSM3998283,18,2.9242818542295326,-0.1041707362924103,0.18662207436845432,0
GSM3998284,18,2.8358675541914127,-0.03406779943590048,0.1723112649340401,0
GSM3998285,18,2.785736139919776,-0.1119157985299635,0.16799565659948024,0
GSM3998286,18,3.0150794783674897,-0.20004982341747005,0.17702231095692023,0
GSM3998287,18,2.9577159423515127,-0.198721532938858,0.18702876425566148,0
GSM3998288,18,2.9669988495762625,-0.13917351455553825,0.18356685303517684,1
GSM3998289,18,2.89269996169139,-0.13476061476290455,0.18318532407082194,0
GSM3998290,18,2.7370200814530463,0.029905236443151198,0.18751090979140564,0
GSM3998291,18,2.893435382992702,-0.14479956310429523,0.19892324492551308,0
GSM3998292,18,2.9079373648783537,-0.08477371621268391,0.19964211267098259,0
GSM3998293,18,2.9264975767935857,-0.10626766684416417,0.1878750455198542,0
GSM3998294,18,2.925107467519021,-0.13708827700745083,0.1836159213196402,0
GSM3998295,18,2.9184852678341446,-0.17125733218961797,0.19565394036979353,0
GSM3998296,18,2.958360068307302,-0.1265048633655307,0.19959179144357012,0
GSM3998297,18,2.990056535367802,-0.10178168433664214,0.17571137405224277,0
GSM3998298,18,2.925048863306151,-0.13640395951982487,0.19770391522447286,0
GSM3998299,18,2.9615619158340594,-0.1669323831892669,0.20799886765964354,0
GSM3998300,18,2.929883537282178,-0.1223065848195425,0.19982474744797263,0
GSM3998301,18,2.708899734078552,0.04082065042610305,0.20482711818433735,0
GSM3998302,18,2.872243911835646,-0.061804262583236604,0.18678169351846335,0
GSM3998303,18,2.902584187144381,-0.06747163984248078,0.17664772521747976,0
GSM3998304,18,2.928084154707512,-0.07426899579678474,0.17567532281716558,0
GSM3998305,18,2.889330057605486,-0.08692730470287617,0.1957006194570549,0
GSM3998306,18,2.9639674599336963,-0.1452471353916839,0.17282881457494953,0
GSM3998307,18,2.911888441776947,-0.11275588926675235,0.17741849024284848,0
GSM3998308,18,2.865877464783429,-0.11585300593903226,0.1910630872796942,0
GSM3998309,18,2.8562486274145846,-0.05408669259197475,0.19699263888070015,0
GSM3998310,18,2.932802213537815,-0.09797743955890384,0.18771807593054932,0
GSM3998311,18,2.911284029337318,-0.10414993293415377,0.19368224176874685,0
GSM3998312,18,2.835209055553227,-0.08713520476238597,0.19485480539524927,0
GSM3998313,18,2.8684060768557007,-0.09685996605893876,0.20445154137466587,0
GSM3998314,18,2.8308520822082137,-0.037168230281458686,0.20471024369145915,0
GSM3998315,18,2.9376457608009185,-0.15055246564821656,0.19612929936660342,0
GSM3998316,18,2.91198302402706,-0.13800750166080045,0.18924447208621326,0
GSM3998317,18,2.913817219668075,-0.15268218886568302,0.19940964148591475,0
GSM3998318,18,2.8915875729100495,-0.11718589547612081,0.19990431705629874,0
GSM3998319,18,2.922020830651709,-0.10458301100768629,0.196457435354595,0
GSM3998320,18,2.9055055645017442,-0.1490911393193038,0.198214614175164,0
GSM3998321,18,2.917531569737976,-0.14704431769247,0.19125916224109832,0
GSM3998322,18,2.9534174929593306,-0.15873348128472314,0.17674180561131694,0
GSM3998323,18,2.951137736156675,-0.17240119162373316,0.19221661212535066,0
GSM3998324,18,2.7241698546006625,-0.01392762507037647,0.19255467411998925,0
GSM3998325,18,2.9729300016177636,-0.15039234514214747,0.18776574921836922,0
GSM3998326,18,3.006741308705994,-0.1990288654741919,0.19068657373084194,0
GSM3998327,18,2.660003297681178,0.062198814892580244,0.19654194807013328,0
GSM3998328,18,2.8258563073947194,-0.07459882802837983,0.19318194028028038,0
GSM3998329,18,2.7826226858031182,-0.04206203560251262,0.1916921487983833,0
GSM3998330,18,2.895240073411484,-0.09917864584133546,0.1819033427467038,0
GSM3998331,18,2.8602357059780883,-0.07971609590359233,0.17922586664291154,0
GSM3998332,18,2.660521595287052,0.039176075911607426,0.1763319410272748,0
GSM3998333,18,2.8488848906127444,-0.08255409177610608,0.18372070369488738,0
GSM3998334,18,2.8411238350574717,-0.12079360407593778,0.1770184205065069,0
GSM3998335,18,2.694443963091869,0.014016801166013722,0.18839449390846708,0
GSM3998336,18,2.8876114663432557,-0.11687638260948306,0.1974509226542576,0
GSM3998337,18,2.9451413885030493,-0.16731473504591032,0.18495237421720578,0
GSM3998338,18,2.9022550765166697,-0.12451583204715666,0.18165908651010967,0
GSM3998339,18,2.858244988178645,-0.11660868126555181,0.18476964670088428,0
GSM3998340,18,2.815944406654327,-0.09294534582583644,0.18693888684411203,0
GSM3998341,18,2.8457325591452665,0.011780842836628669,0.17178786215960373,0
GSM3998342,18,2.7887635940619226,-0.018380524721476124,0.17723826399342868,0
GSM3998343,18,2.807317488991506,-0.051058902598947555,0.16945860981649366,0
GSM3998344,18,2.868686068489157,-0.14095507811885594,0.18313865763750534,0
GSM3998345,18,2.752448130898997,0.026378301836329533,0.17413086866937832,0
GSM3998346,18,2.8414906380276586,-0.08443184858920341,0.18573171994016585,0
GSM3998347,18,2.760635830876188,-0.014486934340482701,0.19164168401003087,0
GSM3998348,18,2.823227276044972,-0.10484545861923222,0.17847416528800752,0
GSM3998349,18,2.774010624220425,-0.04092934800759562,0.17755213891770766,0
GSM3998350,18,2.7812320279792364,-0.08939165795530551,0.1825872114318479,0
GSM3998351,18,2.873004529745576,-0.11750384621655766,0.16690785337809344,0
GSM3998352,18,2.8231444770394982,-0.13090827025676552,0.1857780128309608,0
GSM3998353,18,2.8401188655550174,-0.07849822630960124,0.17061860598257708,0
GSM3998354,18,2.6943843299996777,0.029285934879655376,0.1872925729563725,0
GSM3998355,18,2.7286296602747355,-0.004823719030843247,0.17846905072691874,0
GSM3998356,18,2.8312684353373534,-0.0736153950100277,0.18991802863089677,0
GSM3998357,18,2.860755483058409,-0.14148181153590988,0.1801524837294226,0
GSM3998358,18,2.8648955129815814,-0.12489187977055057,0.17704732570581322,0
GSM3998359,18,2.6510302389031253,0.020242109480127692,0.17299971360679872,0
GSM3998360,18,2.6982198660688104,0.055182680543460705,0.16984313778104526,0
GSM3998361,18,2.811261059189367,0.04306530618813523,0.1759943039603613,0
GSM3998362,18,2.729007647832553,0.015325069714948679,0.17646686698744704,0
GSM3998363,18,2.8113574574126456,-0.06259396661305826,0.18502458621295415,0
GSM3998364,18,2.788790955154143,-0.02189170433491151,0.17087167843631706,0
GSM3998365,18,2.7958737732111505,-0.14018560976912597,0.1788173528206853,0
GSM3998366,18,2.893211042404598,-0.04953746035793987,0.18001171957797305,0
GSM3998367,18,2.7559439664630214,-0.018613018961031066,0.1989631953520251,0
GSM3998368,18,2.7848625910124256,0.005128123796463189,0.171269566431829,0
GSM3998369,18,2.878833689106983,-0.1016986426469376,0.18158789625066651,0
GSM3998370,18,2.719081751736585,0.02022374024958786,0.17373891921642015,0
GSM3998371,18,2.7172754019568512,0.0012159235344543528,0.1890942580597014,0
GSM3998372,18,2.7615743482328416,-0.007730207211740629,0.17727916353001894,0
GSM3998373,18,2.859487490797767,-0.12480782853763253,0.17926886076307166,0
GSM3998374,18,2.6883774731820758,0.008457427033247365,0.19602902226050078,0
GSM3998375,18,2.8218920765534286,-0.12246197540849656,0.18785572855644045,0
GSM3998376,18,2.6372088331697183,0.0497399832751983,0.1802574418487979,0
GSM3998377,18,2.856613503651824,-0.10957489442838428,0.18442610921850303,0
GSM3998378,18,2.710807593936099,0.04173380607778306,0.1793818650322401,0
GSM3998379,18,2.7484341729514905,-0.038499156852043394,0.17976750432688166,0
GSM3998380,18,2.841750123959182,-0.11093468629632489,0.16827880351533012,0
GSM3998381,18,2.7147050263514663,-0.007665724591479003,0.18031745391271153,0
GSM3998382,18,2.6237534780987852,0.020662182664908244,0.1658761980049726,0
GSM4957321,18,2.9307532262311686,-0.14817894422853578,0.18425713178865397,0
GSM4957322,18,2.8696180589476294,-0.08692313091771914,0.17234433439998864,0
GSM4957323,18,2.860159369638335,-0.1670304453234735,0.19255083915191365,0
GSM4957324,18,2.7047557288813797,-0.025712505346439186,0.1948770675416616,0
GSM4957325,18,2.968564202414073,-0.1549769493574773,0.19202115842034215,0
GSM4957326,18,2.8559808089121437,-0.08234653426805424,0.1733438776793311,0
GSM4957327,18,2.826529384327683,-0.10831655447782934,0.18735488504751954,0
GSM4957328,18,2.8665536697076717,-0.15120484370285747,0.18942721883356012,0
GSM4957329,18,2.8536283737845363,-0.10608917225102762,0.19789162291034304,0
GSM4957330,18,2.9608525305676454,-0.14163244797658844,0.2017530851865148,0
GSM4957331,18,2.8739894294655475,-0.09010118618551172,0.19328848827360537,0
GSM4957332,18,2.876092451966944,-0.12552034801548448,0.18828478094433493,0
GSM4957333,18,2.813702265263658,-0.09497301558313656,0.17804930293494486,0
GSM4957334,18,2.909552649120619,-0.09340624525519135,0.1731209142736447,0
GSM4957335,18,2.782920415272648,0.0191617064957232,0.18057416533461063,1
GSM4957336,18,2.890945048532121,-0.09803440486522783,0.2016630198186593,0
GSM4957337,18,2.776906875088413,0.029214905569934634,0.16285381639002683,0
GSM4957338,18,2.7302882305398017,0.036497861703607776,0.17870512970869895,1
GSM4957339,18,2.92498806291355,-0.06138838803481542,0.1772879465796855,0
GSM4957340,18,2.72621962254144,0.04156854471012252,0.17546763808270452,1
GSM4957341,18,2.9954202624072215,-0.12497931129564097,0.1932806685359101,0
GSM4957342,18,2.9435593076971895,-0.058692906183027735,0.1793762625961749,0
GSM4957343,18,2.850385821873785,-0.04140286888103249,0.18602259905499577,0
GSM4957344,18,2.8817037461199693,-0.17865727319103067,0.199807191759519,0
GSM4957345,18,2.8021296437341943,-0.06750042938998735,0.18765036997833387,0
GSM4957346,18,2.838397938501754,-0.06910872061496519,0.19400746693339174,0
GSM4957347,18,2.9118322031779225,-0.1676477901520051,0.21274942942427297,0
GSM4957348,18,2.8428118975900127,-0.14396315125803824,0.1859713503288004,0
GSM4957349,18,2.6194515977941757,0.0006738179423373554,0.1844364766282784,0
GSM4957350,18,2.855762691314253,-0.11167191076066224,0.18806887613578352,0
GSM4957351,18,2.9395671712206233,-0.13927778858550627,0.18994086021656056,0
GSM4957352,18,2.892469783848276,-0.13648383812061493,0.18874540815589572,0
GSM4957353,18,2.769311067632072,-0.08757114075761366,0.16883908886089616,0
GSM4957354,18,2.7533761018366425,-0.08459848789118508,0.1878593222497446,0
GSM4957355,18,2.812499461719163,-0.0789070298407504,0.19369802283823923,0
GSM4957356,18,2.8080872010828783,-0.0941368297927342,0.18847123591611759,0
GSM4957357,18,2.8687316617954655,-0.14384578157219693,0.19769275271415265,0
GSM4957358,18,2.97940984020418,-0.22755215640604193,0.19032597067289742,0
GSM4957359,18,2.8846434854728566,-0.13938129733468965,0.17096978449834954,0
GSM4957360,18,2.9689250314692273,-0.10177280666234485,0.199578167491201,0
GSM4957361,18,2.781076868597068,-0.06980518535083283,0.20009014528713645,0
GSM4957362,18,2.808290905925529,-0.06268131506661007,0.19118512074422497,0
GSM4957363,18,2.9285877710250308,-0.1891286197434351,0.18617977573421382,0
GSM4957364,18,2.98633572922821,-0.21746932947646908,0.19479881927883308,0
GSM4957365,18,2.781251381566096,0.026988356029372655,0.19429946615761717,0
GSM4957366,18,2.738046494578499,-0.014875329750547481,0.19793493150570776,0
GSM4957367,18,2.853841239398453,-0.04177061388322877,0.18016418735890455,0
GSM4957368,18,2.8313467046884417,-0.0509019455425031,0.16600903426451485,1
GSM4957369,18,2.8503601506107934,-0.12903891748280566,0.19754892834419144,0
GSM4957370,18,2.784166275384181,-0.06488155416639484,0.20019592282534354,0
GSM4957371,18,3.0005051141890706,-0.18904223736298534,0.20319501659996747,0
GSM4957372,18,2.8852146128061467,-0.0866962371226618,0.1970813955241068,0
GSM4957373,18,2.7741120167281723,-0.035857570167739494,0.18378230242788596,0
GSM4957374,18,2.8297451627899677,-0.04099631463748374,0.18628806675136234,0
GSM4957375,18,2.798395194942195,-0.03607651020351908,0.18653841189753856,0
GSM4957376,18,2.899019361054603,-0.13191014672739917,0.1897914874383749,0
GSM4957377,18,2.950570669280674,-0.09943722179862474,0.20050629503733436,0
GSM4957378,18,2.907019086278454,-0.12481489929743964,0.18553470569366382,0
GSM4957379,18,2.877812857461009,-0.10518048332805383,0.18673534345252132,0
GSM4957380,18,2.9124734543591937,-0.12990748372035738,0.1900653691903966,0
GSM4957381,18,2.874847861949419,-0.09881876747647332,0.19489402783461304,0
GSM4957382,18,2.842589569479703,-0.10438755317119457,0.1914108785916862,0
GSM4957383,18,2.8323216927709183,-0.11648128471635295,0.18990053225835052,0
GSM4957384,18,2.935677455597416,-0.135343942696721,0.19126002927748645,0
GSM4957385,18,2.7890576735037995,-0.046701192220516545,0.17807429159377228,0
GSM4957386,18,2.9119867402219763,-0.1426172211576999,0.18286727977002484,0
GSM4957387,18,2.9976161431833503,-0.1588864594745166,0.18323677784786468,0
GSM4957388,18,2.7104302909413405,-0.017412678832433907,0.1725568554917106,0
GSM4957389,18,2.872172461339026,-0.1244113996046151,0.18063342534474752,0
GSM4957390,18,2.8296727667918495,-0.13341098180195785,0.18506710846194735,0
GSM4957391,18,2.8829357345052613,-0.009371512330302251,0.16958464485054695,0
GSM4957392,18,2.862367530763662,-0.07769952274082892,0.175394577514093,0
GSM4957393,18,2.718801486578945,0.022232544919632564,0.1992305096000038,0
GSM4957394,18,2.8716665970947095,-0.0720618845539212,0.18825644956017962,0
GSM4957395,18,2.794783077133218,-0.0113187902897062,0.1626429848291625,0
GSM4957396,18,2.8253016307089003,-0.12051866149266409,0.1908126069969861,0
GSM4957397,18,2.8644005900155545,-0.16146316382773143,0.19246754877951772,0
GSM4957398,18,2.9200258016257736,-0.14049283603014123,0.19148390125258494,0
GSM4957399,18,2.822572247458099,-0.13080259348100748,0.18613889186579496,0
GSM4957400,18,2.8340800878831787,-0.0925807046016707,0.183721376507645,0
GSM4957401,18,2.7151703745297033,-0.03957862143922238,0.1818269689994844,0
GSM4957402,18,2.928516594564063,-0.16765964126962116,0.17875407821578715,0
GSM4957403,18,2.858593945974489,-0.08329933503903551,0.17358621803339666,0
GSM4957404,18,2.907674785961324,-0.11046448311205759,0.19271563078548445,0
GSM4957405,18,2.9124674643924524,-0.13827168500498277,0.17788258557486575,0
GSM4957406,18,2.825651363969902,-0.12837130464145452,0.19589865584101618,0
GSM4957407,18,2.850043834293137,-0.15485776087807085,0.18530763334390202,0
GSM4957408,18,2.867062421897002,-0.14267263094476754,0.18263916812476846,0
GSM4957409,18,2.992955506774061,-0.1405125211912487,0.19075004919128918,0
GSM4957410,18,2.9305103591720707,-0.15093004697599927,0.17549745431431504,0
GSM4957411,18,2.962777992975439,-0.14742512295879487,0.18745572967469756,0
GSM4957412,18,2.992466471326333,-0.2400235622323126,0.18098156762190287,0
GSM4957413,18,2.986504676218824,-0.18350856172900787,0.1811560264853147,0
GSM4957414,18,2.8770391662391757,-0.0953781146013984,0.1899252021831816,0
GSM4957415,18,2.826288096468083,-0.18504134036045872,0.19955678793202988,1
GSM4957416,18,2.894333362038324,-0.17500711277195555,0.18153940504430424,0
GSM4957417,18,2.8863915944348117,-0.1419595022308716,0.18864969780568752,0
GSM4957418,18,2.9575436046184507,-0.22621244913524907,0.19015531294795404,1
GSM4957419,18,2.9141807478251294,-0.12994477429806597,0.1835406992170221,0
GSM4957420,18,2.8688217564995586,-0.1221881024815718,0.2032698744662682,0
GSM4957421,18,2.913804453673358,-0.16054875981793038,0.18381920827375314,0
GSM4957422,18,2.9006133643234713,-0.13240430421273663,0.19476500750200185,0
GSM4957423,18,2.979013551868389,-0.18389466367604504,0.20086209451812104,0
GSM4957424,18,2.9579989111229645,-0.20805736770314934,0.17904648237813497,0
GSM4957425,18,2.924866728069665,-0.13373378746711137,0.1863439617241166,0
GSM4957426,18,2.801145137391556,-0.05727752799766308,0.17844545838735895,0
GSM4957427,18,2.922095000265404,-0.12507225364210703,0.20343667804438348,0
GSM4957428,18,2.787146859049898,-0.03820009807336968,0.16951144048390807,0
GSM4957429,18,3.0096179571553043,-0.2769029523187864,0.20751446259368314,0
GSM4957430,18,2.9299470532607352,-0.18851961933961642,0.2000607186233707,0
GSM4957431,18,2.9712629488112663,-0.24345639110298764,0.20383577659430038,0
GSM4957432,18,2.9026930294341957,-0.11624156076023379,0.18985295858332019,0
GSM4957433,18,2.8137543065962047,-0.0674303453908361,0.19593668332119765,0
GSM4957434,18,2.9402116109006196,-0.13914532306986335,0.1849605647132563,0
GSM4957435,18,2.920383676241024,-0.1417808059949389,0.1925469148131912,0
GSM4957436,18,2.9055398498861815,-0.13307987027143145,0.1991371390227508,0
GSM4957437,18,2.93015231626596,-0.13073996985435585,0.1892399865414433,0
GSM4957438,18,2.9362337556279767,-0.12465937633062356,0.18638389963123106,0
GSM4957439,18,2.940294967769417,-0.15820818193326852,0.17769780306701113,0
GSM4957440,18,2.7875211648211717,-0.09623471748104229,0.1924537416543185,0
GSM4957441,18,2.9073592719528456,-0.07297745155650769,0.1916964067335677,0
GSM4957442,18,2.9049930192965725,-0.14593172138112448,0.18599818857919262,0
GSM4957443,18,2.894221970479142,-0.13266009314061977,0.19547669966469794,0
GSM4957444,18,2.90803060251635,-0.11948010229709868,0.20819929711704438,0
GSM4957445,18,2.7506682509932014,0.005489349749481867,0.16462561309386234,0
GSM4957446,18,2.8261838271964783,-0.0784725321335003,0.1973969937591498,0
GSM4957447,18,2.9129453697864944,-0.1442572246586083,0.19156431997661888,0
GSM4957448,18,2.773266192513174,-0.07539563246618185,0.18600083753888444,0
GSM4957449,18,2.9564330357449915,-0.15723829826580324,0.18403772522679224,0
GSM4957450,18,2.8964830139910833,-0.13867603884223287,0.18937394758472392,0
GSM4957451,18,2.817404659290681,-0.09071825427359204,0.18109944743856216,0
GSM4957452,18,2.917674085817277,-0.18134856354206194,0.19580637142550916,0
GSM4957453,18,2.971964996926553,-0.156081440285953,0.18471100605076485,0
GSM4957454,18,2.7678425179101818,-0.1043812741070329,0.19936645413425388,0
GSM4957455,18,2.8776889455187593,-0.14767286608272712,0.1906579531898542,0
GSM4957456,18,2.808814324620281,-0.12170665962281123,0.16737449219836997,0
GSM4957457,18,2.8684083943420973,-0.11784245492533629,0.19681852845144765,0
GSM4957458,18,2.8608376200043475,-0.12148201582505494,0.18741465630329468,0
GSM4957459,18,2.922973232235356,-0.052801492315355615,0.1924699630927177,0
GSM4957460,18,2.8877441371524584,-0.1447691435665109,0.17348684899270403,0
GSM4957461,18,2.7924740720716836,-0.08955818968292738,0.1780405125008468,0
GSM4957462,18,2.7971657740663143,-0.027811812650870623,0.18465751097334612,0
GSM4957463,18,2.9657985368741118,-0.03836959598558251,0.19408930713238667,0
GSM3758005,19,3.3442564108880863,0.1899354768188635,0.1960974914781217,0
GSM3758006,19,3.3565303078706004,0.21838195745116984,0.19766077655324665,1
GSM3758007,19,3.3614074688774043,0.15421562389610632,0.20723492417252373,0
GSM3758008,19,3.3482537104481236,0.184617312832449,0.20292277767513503,0
GSM3758009,19,3.3144773548092106,0.16670985312776904,0.21742191345667647,0
GSM3758010,19,3.3695144768368266,0.21705531008479165,0.20508529097820183,0
GSM3758011,19,3.4105634205451136,0.16357540196184434,0.2050400042016116,1
GSM3758012,19,3.417349775926174,0.1788784842774237,0.2039663665836342,0
GSM3758013,19,3.375608046632245,0.17548825719236166,0.20084357999119543,0
GSM3758014,19,3.4048543517458674,0.183852777105674,0.2014915340981035,0
GSM3758015,19,3.3407133952502353,0.19381095907401175,0.20264523521522232,1
GSM3758016,19,3.3592875239257225,0.18010721629829876,0.20218615241670668,0
GSM3758017,19,3.4207069660308433,0.16736997066055206,0.20648844487191426,0
GSM3758018,19,3.3547507495882893,0.1739637120164679,0.1989432834795569,0
GSM3758019,19,3.391848309420784,0.17450444750685748,0.19900000550918825,0
GSM3758020,19,3.4237897883569954,0.17535614016402878,0.20432094480100105,0
GSM3758021,19,3.3714228767848513,0.17118455647179023,0.20224696551663257,0
GSM3758022,19,3.3990276615592387,0.1594539972185431,0.20261150338144449,0
GSM3758023,19,3.4166344594427747,0.16143981356570308,0.20206761005210516,0
GSM3758024,19,3.3736340910845186,0.18643535554743526,0.196758529602917,0
GSM3758025,19,3.3866004147719786,0.17632524937137364,0.20099204822506914,0
GSM3758026,19,3.4042387684446997,0.15910735413002622,0.19448514920917562,0
GSM3758027,19,3.3827200184970785,0.17623517227440458,0.19839999106427492,1
GSM3758028,19,3.3616920030947623,0.16336802058408925,0.19986019487921278,0
GSM3758029,19,3.3451758167845957,0.19785245176523691,0.20111749461711234,0
GSM3758030,19,3.363052442934547,0.1701900179715636,0.20812719422627438,0
GSM3758031,19,3.3716583699564526,0.1699743530241038,0.1886461175256931,0
GSM3758032,19,3.402604661626361,0.15122201069125527,0.20263473182302572,0
GSM3758033,19,3.3534566904358774,0.1653012286755725,0.21157957564279092,0
GSM3758034,19,3.3776483497716465,0.15597965517713605,0.20390511737997935,0
GSM3758035,19,3.4089442695704646,0.15901460547569252,0.20270703549852165,0
GSM3758036,19,3.3979288995977432,0.18224905530774957,0.19589524969215094,0
GSM3758037,19,3.4091686911847954,0.18152330242728468,0.20137730981066349,0
GSM3758038,19,3.3671059463070883,0.1827438739388082,0.20311862259844615,0
GSM3758039,19,3.371063375983342,0.17085247557247227,0.19441843823840302,0
GSM3758040,19,3.3702515326219262,0.1851012268508613,0.19971715436739584,0
GSM3758041,19,3.3641056887675784,0.21061006849726815,0.19778025960802065,1
GSM3758042,19,3.3935606564392455,0.16297735024609522,0.20380346856349427,0
GSM3758043,19,3.400090867140423,0.17384238150764322,0.20179995945679294,0
GSM3758044,19,3.3816177271957617,0.19019598016931358,0.19717466194184188,0
GSM3758045,19,3.4195199740569584,0.15534116415992846,0.1922765124112247,0
GSM3758046,19,3.371401602842315,0.176371308696654,0.19682117711292388,1
GSM3758047,19,3.3663513426042804,0.17561564959465573,0.20119496336112871,0
GSM3758048,19,3.378181282056426,0.19993858122376873,0.1923940336100354,0
GSM3758049,19,3.3351142461793697,0.22483107412930853,0.19592716560658752,0
GSM3758050,19,3.3644498091504103,0.19082964503319208,0.19932620863033076,0
GSM3758051,19,3.4376806159645534,0.16742328758473465,0.20689082781429052,0
GSM3758052,19,3.3902098940052756,0.16129021869601687,0.20526908846737704,0
GSM3758053,19,3.4150639227519006,0.15320755069591174,0.20417695493984675,0
GSM3758054,19,3.394774821218851,0.1749722852415029,0.20088979607706467,1
GSM3758055,19,3.3750397104517447,0.17837538227231214,0.21004081101729474,0
GSM3758056,19,3.383960843799226,0.1704629293878057,0.19920604185195095,0
GSM3758057,19,3.386617030568469,0.15836820587477313,0.20781762716925,0
GSM3758058,19,3.362245904771069,0.14721519765917335,0.20934887179336995,0
GSM3758059,19,3.407168983804337,0.21012016347134357,0.1933273596692184,0
GSM3758060,19,3.384427717841707,0.15994410725743347,0.19522895008911026,0
GSM3758061,19,3.377710142363666,0.1816851449102922,0.20562895537975268,0
GSM3758062,19,3.389701748353213,0.16904332384722245,0.20193698765939386,0
GSM3758063,19,3.3736207450399345,0.16871840412375874,0.2013607506708756,0
GSM3758064,19,3.3691548141702548,0.193207818010073,0.19905971877613468,0
GSM3758065,19,3.3779252705409157,0.16912142839237812,0.20321326104850376,0
GSM3758066,19,3.4141105023921474,0.17287178571088074,0.20096089874520467,0
GSM3758067,19,3.4123986134769555,0.1847877863376037,0.19998754978179412,1
GSM3758068,19,3.372425522274626,0.15588307922526132,0.19395815216351772,1
GSM3758069,19,3.409188528127179,0.15710706071974606,0.2036267457000705,0
GSM3758070,19,3.393089202333699,0.17542327957103035,0.20340376082209405,0
GSM3758071,19,3.4154437434991403,0.18345735405925248,0.19952444993964838,0
GSM3758072,19,3.3563856730149983,0.17859600435344042,0.2016159245371614,1
GSM3758073,19,3.380573562144722,0.19925770368106133,0.19770878086591315,0
GSM3758074,19,3.37985036772315,0.18586043951640055,0.19999820024059378,0
GSM3758075,19,3.4239546740618825,0.1801793968578555,0.20013331087943362,0
GSM3758076,19,3.431315846564155,0.17002744120767016,0.20042951995174305,0
GSM3758077,19,3.3679587524861967,0.19302710997424374,0.20113235239715166,0
GSM3758078,19,3.3940457041088865,0.18150164270158972,0.2016412154922775,0
GSM3758079,19,3.356411315776512,0.19281416547028626,0.19644728800649155,0
GSM3758080,19,3.372293954861543,0.1736063550247274,0.20387643175572534,0
GSM3758081,19,3.4057764483109745,0.1962528261927811,0.19864186731619804,0
GSM3758082,19,3.4006153523684493,0.1697655767239933,0.20118808117710849,0
GSM3998167,19,3.4077005403442975,0.17710489529558424,0.20598609128492198,0
GSM3998168,19,3.3625153048234595,0.17430655215078789,0.20428777805128914,0
GSM3998169,19,3.360261764333357,0.1901524014734085,0.20711012872462078,0
GSM3998170,19,3.3590974615270026,0.21474118673010076,0.20802464983500424,0
GSM3998171,19,3.3806833526591746,0.19777657013631822,0.19772383865208076,0
GSM3998172,19,3.4048979806285615,0.15818354585251612,0.2037481615845709,0
GSM3998173,19,3.3571155637320094,0.19965138135379357,0.20732892796155436,0
GSM3998174,19,3.3867105549084777,0.16307491779683253,0.1986503584592338,0
GSM3998175,19,3.4543518008620038,0.134783187225867,0.19519867221988488,0
GSM3998176,19,3.4626622361555532,0.12949536108344695,0.20453101882031796,0
GSM3998177,19,3.4363240166271374,0.14682778132696933,0.196682654059658,0
GSM3998178,19,3.3976185699383463,0.17509077845975377,0.19932090308136718,0
GSM3998179,19,3.384700649602203,0.1472341834555528,0.2058531371838838,0
GSM3998180,19,3.409460628956639,0.1587469752208696,0.19761024953030792,0
GSM3998181,19,3.437111581772084,0.15397933216700369,0.2025494951127568,0
GSM3998182,19,3.445651085721382,0.14735660994046157,0.20109513175338373,0
GSM3998183,19,3.4472819622218958,0.1498182413121252,0.20959299010570756,0
GSM3998184,19,3.3957191146784917,0.17911839838142263,0.20393645805976235,0
GSM3998185,19,3.4097678662025044,0.1468237869756563,0.1985272304772381,0
GSM3998186,19,3.4953931482099647,0.14423922063406835,0.1982750070686235,0
GSM3998187,19,3.4095464766017693,0.1606539699244885,0.20381055646717916,0
GSM3998188,19,3.3938326018274045,0.15178417455850665,0.19961931630402707,1
GSM3998189,19,3.4023468087390345,0.16128633038695137,0.2007181301608081,0
GSM3998190,19,3.417983260786574,0.14417876287759074,0.2031953219068761,0
GSM3998191,19,3.363874025012334,0.18351784343578414,0.21477003248868884,0
GSM3998192,19,3.378432473994173,0.16791994245812852,0.2019325853989476,0
GSM3998193,19,3.36898005419846,0.20287791419331602,0.20350295312611408,0
GSM3998194,19,3.398034377625155,0.20779731356011724,0.20788345217961907,0
GSM3998195,19,3.3637500212206874,0.20359723928813375,0.20076490463690805,0
GSM3998196,19,3.32579707579275,0.20737532690111823,0.20012670212580058,0
GSM3998197,19,3.3653580171457325,0.2221405970830555,0.19725229885241424,0
GSM3998198,19,3.4047357363643798,0.15940726829827023,0.20141217570589282,0
GSM3998199,19,3.3360628008859328,0.18671011137445806,0.2077004723120653,0
GSM3998200,19,3.389005212270343,0.18752201039643332,0.19969672249039822,0
GSM3998201,19,3.3738756333057687,0.18861595865587585,0.19813571752880377,0
GSM3998202,19,3.366102318725748,0.23778778115538335,0.19566852406324778,0
GSM3998203,19,3.396573366386171,0.2235230620415974,0.20534304260550185,1
GSM3998204,19,3.413682465329447,0.1587910184629835,0.20143353405204623,0
GSM3998205,19,3.4179539665357215,0.16456257133311084,0.2036058565190631,0
GSM3998206,19,3.402905233390461,0.22538747264134498,0.19753116990438957,1
GSM3998207,19,3.3772320936721134,0.20377896218551309,0.2179628044457446,0
GSM3998208,19,3.4443514478935287,0.19911396220564073,0.20577631018586412,0
GSM3998209,19,3.3736527177666997,0.20377547117996309,0.20955888794758096,0
GSM3998210,19,3.3683056589640255,0.19116383535941495,0.20065550303663698,0
GSM3998211,19,3.407816967330829,0.17054835350589212,0.2009767401427874,0
GSM3998212,19,3.4232813229288643,0.16956547743584172,0.2131346912206816,0
GSM3998213,19,3.4366336363202024,0.13105951154520343,0.19966310063012527,0
GSM3998214,19,3.366406847480918,0.17814319092735226,0.2053784393204665,0
GSM3998215,19,3.4341053197276357,0.18593181826459942,0.20179614484001696,0
GSM3998216,19,3.4224992555605356,0.17704828073039425,0.20932075786059165,0
GSM3998217,19,3.3941022318353755,0.2138036943866436,0.21365093393561924,0
GSM3998218,19,3.3714303453486885,0.16399652693492892,0.21169271266580256,0
GSM3998219,19,3.424387457572894,0.16033872489945863,0.19257841517078536,0
GSM3998220,19,3.4314451548099387,0.18021042537845872,0.2183076495750419,0
GSM3998221,19,3.411833296042085,0.1955841767106402,0.21454537747103805,0
GSM3998222,19,3.4443256064917804,0.16738061612292193,0.20927123324798064,0
GSM3998223,19,3.392366487950673,0.15806901591439038,0.21485142027429585,0
GSM3998224,19,3.3983180309690866,0.1573017016552528,0.21024320354289663,0
GSM3998225,19,3.280689067307855,0.20546101082210266,0.2019025224125349,0
GSM3998226,19,3.3755120063106108,0.15723323831899724,0.20124243786037344,0
GSM3998227,19,3.30527015152386,0.23126851809605337,0.2077127492801339,0
GSM3998228,19,3.411592134824968,0.17062581813070624,0.19621818266557348,0
GSM3998229,19,3.379218569139468,0.15960723718359848,0.19904973112529808,1
GSM3998230,19,3.360846082519739,0.222143869772479,0.20655964807079924,0
GSM3998231,19,3.392259495629101,0.1633611173622405,0.20219003514785205,1
GSM3998232,19,3.3542884142385057,0.2848407354945268,0.19772477866233826,2
GSM3998233,19,3.286749766631047,0.1998899780031933,0.200854624217945,0
GSM3998234,19,3.3938005823017825,0.16586593613884115,0.19495589126431717,0
GSM3998235,19,3.4036208200089075,0.15217961928608986,0.19920013735785294,0
GSM3998236,19,3.387429151208451,0.1608835972556158,0.19284938818728856,0
GSM3998237,19,3.4259047466013994,0.15842122632616026,0.19527794661426176,1
GSM3998238,19,3.3475998592670573,0.20085919116687326,0.2004390133261676,1
GSM3998239,19,3.4406223996979546,0.16348233378592592,0.20420569441508551,0
GSM3998240,19,3.361135860418134,0.19673302713553792,0.20099134153264417,0
GSM3998241,19,3.384317666425526,0.1670795629876877,0.19892228200884776,0
GSM3998242,19,3.275755100565721,0.2428036720215376,0.20552640037411712,1
GSM3998243,19,3.3454577438800897,0.17301624894337714,0.2014341503795251,1
GSM3998244,19,3.405935260080243,0.16005937714132984,0.2004308770467207,1
GSM3998245,19,3.3529772947672076,0.18817769228747297,0.20528980107826436,0
GSM3998246,19,3.377874370477613,0.17373181420880676,0.1988552980160234,1
GSM3998247,19,3.43003535970667,0.1660283653987849,0.20029510637386458,0
GSM3998248,19,3.3675210706449743,0.1718513590613019,0.19891431066105308,0
GSM3998249,19,3.4034700982945805,0.1906947830506438,0.20427800965629675,0
GSM3998250,19,3.415639524543516,0.17527107934850422,0.20296512074207299,0
GSM3998251,19,3.3512887806196567,0.18067550142713032,0.2083140703822948,0
GSM3998252,19,3.399823817946812,0.13696906529986916,0.19931329647030538,0
GSM3998253,19,3.3444209969857104,0.19205472075168434,0.19838329309318573,0
GSM3998254,19,3.3572512950755526,0.16846465243253728,0.20313486829232502,0
GSM3998255,19,3.4267932789440776,0.1735511169916805,0.20654215294292097,0
GSM3998256,19,3.3859391642536094,0.19527294498493492,0.20360789625479808,1
GSM3998257,19,3.3403868894333595,0.17103342809326175,0.20882667007251912,0
GSM3998258,19,3.339908225847509,0.16795954173123137,0.2085090727775653,0
GSM3998259,19,3.3803653162434775,0.2497981135389615,0.20520302964635698,1
GSM3998260,19,3.347628356590179,0.28209648434074064,0.20554469826860744,1
GSM3998261,19,3.440187834052592,0.15892770843686313,0.20231396791276224,0
GSM3998262,19,3.429462488615978,0.1460937727151425,0.19365550449450916,0
GSM3998263,19,3.4324517465786353,0.14592490196716634,0.1998282703977912,0
GSM3998264,19,3.4210906949640263,0.14271442229864637,0.19635150161544557,0
GSM3998265,19,3.438837552453744,0.15528471399984323,0.2008304717098368,0
GSM3998266,19,3.4439391548330662,0.14285457275491614,0.2007483386019656,0
GSM3998267,19,3.467781928504833,0.13528440853344978,0.1987075182291317,0
GSM3998268,19,3.3088358557301407,0.2260516199158133,0.20718854596307876,0
GSM3998269,19,3.40753336467365,0.17006747857342816,0.20568988030140198,0
GSM3998270,19,3.431260759758189,0.15263979498968036,0.19896467829639145,0
GSM3998271,19,3.4255722047499315,0.1550466873124734,0.19412775140974958,0
GSM3998272,19,3.416201738286818,0.1751457923874143,0.19691097093358473,0
GSM3998273,19,3.4503151752482677,0.1771617905462502,0.19278397769978217,0
GSM3998274,19,3.4455329324378745,0.14650905244761106,0.19914760778437635,0
GSM3998275,19,3.3891442196824095,0.1705175043754686,0.19939099105215666,0
GSM3998276,19,3.367523147375085,0.20545443476519393,0.19249176908636195,0
GSM3998277,19,3.4057382974973196,0.18970689316926162,0.20198328574904933,0
GSM3998278,19,3.365517025752456,0.22976021462821952,0.21125873347019525,0
GSM3998279,19,3.405297209187654,0.16482623184918957,0.19582093432574293,0
GSM3998280,19,3.274291262727502,0.26659202413752353,0.21650708249368206,0
GSM3998281,19,3.377161781733526,0.18298454340432294,0.19867831990079257,0
GSM3998282,19,3.3955449934409048,0.17207578404133939,0.2021286342511066,0
GSM3998283,19,3.37709048918543,0.23268919070446825,0.2054093255910181,0
GSM3998284,19,3.371857316090969,0.22283790089823663,0.20246474690462762,0
GSM3998285,19,3.3084743106898262,0.22657462907523,0.20232840660270832,0
GSM3998286,19,3.44428917126192,0.14539534080780323,0.20142401526383788,0
GSM3998287,19,3.4255333244614494,0.13961402554290742,0.20250327709472746,0
GSM3998288,19,3.466588400075715,0.14261880065793098,0.20230450958344862,0
GSM3998289,19,3.4401798229005203,0.14056495230444588,0.1995843690058715,0
GSM3998290,19,3.3965942815433503,0.1446609419854895,0.20023118882866087,0
GSM3998291,19,3.4082830720548887,0.14358101291099123,0.19933617280988003,0
GSM3998292,19,3.439297872576738,0.13729208041635962,0.2060287834694805,0
GSM3998293,19,3.4106505414322354,0.1668249234693354,0.19899681754646942,0
GSM3998294,19,3.4401226530784497,0.15994246380005314,0.1921322446363241,0
GSM3998295,19,3.471361768138577,0.14883362254209628,0.19410833975900718,0
GSM3998296,19,3.4661205326909585,0.1469982854509187,0.19859560347331442,0
GSM3998297,19,3.4772361899919337,0.13512623350397115,0.19779512207200303,0
GSM3998298,19,3.4403194619091066,0.1389251855121749,0.20010231970726605,0
GSM3998299,19,3.4559096696792433,0.15376279620582767,0.19971593682870642,0
GSM3998300,19,3.433246967874468,0.16098514400599212,0.19984868253636356,0
GSM3998301,19,3.418489597649015,0.16655873917189482,0.20074418338145295,0
GSM3998302,19,3.398778238938382,0.2075157188982362,0.19723951462614103,0
GSM3998303,19,3.3780423944740683,0.27707832528786547,0.2020063117286901,0
GSM3998304,19,3.418739736787066,0.2440794358374331,0.20809466342249772,0
GSM3998305,19,3.4371671498710348,0.17531783282097843,0.20106150584994598,0
GSM3998306,19,3.438342423735364,0.1707373905750019,0.19651879374324896,0
GSM3998307,19,3.398142842932074,0.21596215944130762,0.20266259382456317,0
GSM3998308,19,3.3999392312997676,0.17436734990248637,0.20338846893477533,0
GSM3998309,19,3.43155346460778,0.1707707378035437,0.20804083055198497,0
GSM3998310,19,3.4531880681103266,0.14624752847497327,0.19878728999149162,0
GSM3998311,19,3.4175856264349878,0.1697792986941713,0.1986761017287317,0
GSM3998312,19,3.38228311068651,0.18860001932985188,0.1992043827361976,0
GSM3998313,19,3.3895362270662512,0.17128136399361116,0.2046049818630837,0
GSM3998314,19,3.427480145218746,0.16768896497179717,0.20257280260996668,0
GSM3998315,19,3.4605933505147566,0.159855372798375,0.2104676577997717,0
GSM3998316,19,3.436132120987259,0.18213913720249958,0.20573179484966747,0
GSM3998317,19,3.4400781142876524,0.1686512989324632,0.20218637639177084,0
GSM3998318,19,3.43207124571942,0.1843334007133827,0.20275864071411803,0
GSM3998319,19,3.4477470633028893,0.19155309752922825,0.19692661623531907,1
GSM3998320,19,3.449419829784429,0.16683511063689127,0.19497881153427682,0
GSM3998321,19,3.3983895146511407,0.18036172800991748,0.20824152319976208,0
GSM3998322,19,3.413808571341496,0.168648477848821,0.20873989809066623,0
GSM3998323,19,3.4520285604858056,0.17534463066319123,0.2033605412585503,0
GSM3998324,19,3.389356647119305,0.17651106986664775,0.20338776875226636,0
GSM3998325,19,3.456034783953063,0.17213370412047102,0.20612147040214446,0
GSM3998326,19,3.4518767793336584,0.17834857241688268,0.2063179292650971,0
GSM3998327,19,3.354860781543621,0.18239749603108896,0.2079205848693109,0
GSM3998328,19,3.3885246968719347,0.19657113962205588,0.2065514306546605,0
GSM3998329,19,3.4173400343486895,0.17323951041035132,0.2026547513392623,0
GSM3998330,19,3.4472269628936445,0.18192350347416608,0.21064459150649725,0
GSM3998331,19,3.3930362234474267,0.18800957496166812,0.20907837506045127,0
GSM3998332,19,3.272835159391468,0.1993761637981539,0.2058617397002008,0
GSM3998333,19,3.3216503024719395,0.26005311784580526,0.20508910442083364,1
GSM3998334,19,3.3686976730306406,0.19438688580323393,0.20447993244313054,0
GSM3998335,19,3.345074663653923,0.19382037821261563,0.1984906140190449,0
GSM3998336,19,3.401013533597422,0.19686552437388932,0.2042969210347414,0
GSM3998337,19,3.4465241890740472,0.19016344120031217,0.1953084413506338,1
GSM3998338,19,3.4114892798335337,0.17273046992177735,0.19665555731240472,0
GSM3998339,19,3.3741495631318257,0.2236554217462663,0.20216964707740837,0
GSM3998340,19,3.3681525392074723,0.23720683581364882,0.19699617871494907,1
GSM3998341,19,3.4222693391193957,0.20746171340208355,0.19188834466419524,0
GSM3998342,19,3.3612448912975874,0.2052755614925075,0.20405117729741087,0
GSM3998343,19,3.3374584396888562,0.19635159302782176,0.19704035964868205,1
GSM3998344,19,3.3515386822369857,0.21156016752052975,0.19894303046809927,2
GSM3998345,19,3.3139524498820934,0.2831061646103172,0.20070634867604345,1
GSM3998346,19,3.307727128258804,0.2539244087783369,0.20484559619584858,1
GSM3998347,19,3.2859406021583726,0.2792497228932176,0.2024330127382662,0
GSM3998348,19,3.3178131583322052,0.21747239217003286,0.199405859381376,0
GSM3998349,19,3.3250009445396818,0.23005933656882824,0.1922388322920746,1
GSM3998350,19,3.312455448912784,0.2315856553825026,0.19098346370443534,1
GSM3998351,19,3.3314932409858535,0.19434957784859352,0.1988967289442226,0
GSM3998352,19,3.3143437953856214,0.2296908226995021,0.1920920566616208,1
GSM3998353,19,3.3294865402911733,0.2633238555847218,0.2013252226117311,1
GSM3998354,19,3.283521037077759,0.2653927381638124,0.20479680927704633,1
GSM3998355,19,3.3335555840612066,0.16830674338078708,0.19892103221931517,1
GSM3998356,19,3.3214197724085337,0.22786520513772845,0.19833934653643656,1
GSM3998357,19,3.3413240253657226,0.2296455593162481,0.19564967580625442,1
GSM3998358,19,3.349729667247402,0.17721421527802572,0.19835480518056164,1
GSM3998359,19,3.260095457655534,0.19534874244452824,0.21169660172040672,0
GSM3998360,19,3.2601636074594853,0.3050584671311489,0.19908470349946455,0
GSM3998361,19,3.3174384804876613,0.3080675626398672,0.1895391019250728,0
GSM3998362,19,3.2652958746262257,0.2663751577898482,0.20720665721941967,0
GSM3998363,19,3.337657990997292,0.23224640672293959,0.196195347032154,1
GSM3998364,19,3.288463785391494,0.2934312079581179,0.20161112417854476,1
GSM3998365,19,3.2676127606445995,0.2525140751088907,0.20579216437308542,1
GSM3998366,19,3.3534245088253685,0.2586317138965961,0.19661516425116474,0
GSM3998367,19,3.2922665875719854,0.2545420874752566,0.200233588078196,0
GSM3998368,19,3.3376003551773032,0.21006104590103597,0.20157140634450327,0
GSM3998369,19,3.3427880485019097,0.24435443909428298,0.2052709510939274,0
GSM3998370,19,3.2923633818623377,0.2015721332413384,0.19671151488551475,0
GSM3998371,19,3.3546483497999677,0.1504012227105847,0.20184151729136385,0
GSM3998372,19,3.3485580823622128,0.1664178740908994,0.21007690228417336,0
GSM3998373,19,3.3263875602380546,0.18516989014017154,0.20015213094076784,0
GSM3998374,19,3.2928585248619404,0.2109417251294492,0.20537904207775767,1
GSM3998375,19,3.346513793901115,0.18929843676694771,0.20097279568906096,0
GSM3998376,19,3.328531317861094,0.17600696804411717,0.20621551193535523,0
GSM3998377,19,3.350405548167813,0.1734782058595005,0.2037542740011049,0
GSM3998378,19,3.3051412018116175,0.18223965907334572,0.21252306785899994,0
GSM3998379,19,3.3326718481323523,0.1905091386760442,0.2034351795310706,0
GSM3998380,19,3.3378863345244025,0.1888960980978725,0.20004463276446366,0
GSM3998381,19,3.315435224611405,0.18063727630914395,0.1985049487532126,0
GSM3998382,19,3.2557090676240383,0.17891275140381543,0.20350324011192097,1
GSM4957321,19,3.464772813181378,0.14303643154213294,0.20739900687371982,0
GSM4957322,19,3.4452882086311427,0.1451640685697226,0.2022371592055468,0
GSM4957323,19,3.354237063098117,0.17699252942146762,0.21047027206784763,0
GSM4957324,19,3.351755650033468,0.1655882202905321,0.20124749635898728,0
GSM4957325,19,3.3980045779894175,0.1700735227707114,0.20944612570137217,0
GSM4957326,19,3.3965185175482735,0.2343836210043404,0.20367207793320252,0
GSM4957327,19,3.3835578874616274,0.2002574682373634,0.20448511005851858,0
GSM4957328,19,3.335131278439987,0.2057526724025011,0.21147296111620528,0
GSM4957329,19,3.387476624993422,0.1665121854658154,0.19450144137727138,0
GSM4957330,19,3.453085541121225,0.1975465253844694,0.20319002858161592,0
GSM4957331,19,3.3963001554527916,0.20819396092015693,0.20303774683866305,0
GSM4957332,19,3.3809559557170337,0.17800091293407697,0.20252055810989836,0
GSM4957333,19,3.3712302811438972,0.16390253347280911,0.20991698320460464,0
GSM4957334,19,3.3996375833076993,0.1821790307709259,0.20990759465406816,0
GSM4957335,19,3.5003039774740445,0.15906420813976377,0.19299427503332617,0
GSM4957336,19,3.424539117362245,0.19226737263628935,0.21225114994780983,0
GSM4957337,19,3.399318262791409,0.17305295420904096,0.1998816117262406,0
GSM4957338,19,3.4149571286322216,0.16026244072060306,0.1959449569303412,0
GSM4957339,19,3.5011691035500583,0.15655677742165172,0.19724578827197684,0
GSM4957340,19,3.4356305279559294,0.16381303334701416,0.19772513688471308,0
GSM4957341,19,3.507854835144552,0.1701759571037282,0.19445558743860367,0
GSM4957342,19,3.515698318467239,0.17626671685193404,0.2003594287666885,0
GSM4957343,19,3.437781093514324,0.17320313369978868,0.20130070894857482,0
GSM4957344,19,3.384038779748081,0.15480783584771277,0.19739224164383123,0
GSM4957345,19,3.3480480178198744,0.17621544746441825,0.2028845830911567,0
GSM4957346,19,3.4078132422260543,0.1635087153743675,0.19883961985480092,0
GSM4957347,19,3.411558866101217,0.17993250665281893,0.20272377245226914,0
GSM4957348,19,3.3307825986174815,0.19266527996386823,0.19543752654152993,0
GSM4957349,19,3.2593831253507286,0.19101955727868378,0.194350609827304,1
GSM4957350,19,3.3686545344046794,0.1986491609029248,0.20121574867528638,0
GSM4957351,19,3.400236763007299,0.17105288155380477,0.20298636357942554,0
GSM4957352,19,3.396785707872259,0.18672041333855746,0.21096823740181953,0
GSM4957353,19,3.3220336293750323,0.1685646877524264,0.20739343236167554,0
GSM4957354,19,3.2973176645874607,0.18117995936896686,0.2047587803758586,1
GSM4957355,19,3.3488236214529845,0.17868467903227503,0.1969747136687812,0
GSM4957356,19,3.354517181556719,0.17506641110753599,0.19722285340081552,0
GSM4957357,19,3.337341851708576,0.18927859890552118,0.2009543594740082,0
GSM4957358,19,3.397738089727289,0.1865741619262792,0.20648856204573107,0
GSM4957359,19,3.3217561839305727,0.16898694152676574,0.1993941630740046,0
GSM4957360,19,3.4099093145641586,0.21570921236413493,0.20812956825761772,0
GSM4957361,19,3.3310234738395703,0.22955934382809837,0.21541642559786742,0
GSM4957362,19,3.35470918401365,0.1873634285437393,0.21033429418096966,0
GSM4957363,19,3.3870257973034685,0.17819880970333657,0.19714700237471178,0
GSM4957364,19,3.366428452865884,0.20357636969100668,0.20137652503778058,1
GSM4957365,19,3.433324039450913,0.22160242552265472,0.20043738676997272,0
GSM4957366,19,3.3134630410337063,0.3041263788741142,0.21174497966857259,0
GSM4957367,19,3.372864397379289,0.27336530277971127,0.20663117949773585,0
GSM4957368,19,3.319199225428937,0.2783541222446684,0.2051974585141826,0
GSM4957369,19,3.3839134760145986,0.2500805143404762,0.19749526972012088,0
GSM4957370,19,3.38313561246289,0.23210031475032736,0.20353129339387083,0
GSM4957371,19,3.404454931510582,0.20882636077890826,0.2040894476886524,1
GSM4957372,19,3.4141606035726846,0.2036499136040516,0.19464802369440234,0
GSM4957373,19,3.3320358036460167,0.2569869511151252,0.20351924370315633,0
GSM4957374,19,3.412782458567264,0.24132446277914915,0.2042659519108529,0
GSM4957375,19,3.34498755327837,0.2707519875973652,0.20139791384287326,0
GSM4957376,19,3.3438281027173704,0.28761305450367997,0.20664877705034362,1
GSM4957377,19,3.4472658139846906,0.3056032832786336,0.2051865703160904,0
GSM4957378,19,3.3584885463692,0.2781755406252731,0.20444164484563543,1
GSM4957379,19,3.41212658594035,0.22125248823979815,0.20460842285957548,0
GSM4957380,19,3.386556964561032,0.23954749380496673,0.19427546493189848,1
GSM4957381,19,3.413156458014893,0.15961664421497887,0.20438605521402983,0
GSM4957382,19,3.359705616378975,0.2918051156697467,0.19825756965069916,1
GSM4957383,19,3.3421242856572815,0.1940542678000721,0.20375323758741645,1
GSM4957384,19,3.3792980268952975,0.19331642041804148,0.19558438188630053,2
GSM4957385,19,3.3797355979028842,0.14908523648594074,0.199444470733033,0
GSM4957386,19,3.4165081930080454,0.166998482742687,0.20691810533203384,0
GSM4957387,19,3.405739611037401,0.22078669982500504,0.20386282838541972,1
GSM4957388,19,3.3242967997082844,0.18239744885871156,0.1965459665600559,0
GSM4957389,19,3.364282605507308,0.1891341641985042,0.1996662454486584,0
GSM4957390,19,3.340811155839354,0.20193724354626058,0.20110744497583422,0
GSM4957391,19,3.425141010638063,0.225764157101332,0.2135617078667609,0
GSM4957392,19,3.377071425214959,0.2021169550047029,0.21323565760927615,0
GSM4957393,19,3.3633083576139557,0.17917597685303574,0.21472395335505412,0
GSM4957394,19,3.393667433024609,0.2075493240237685,0.19597765277780085,2
GSM4957395,19,3.417632815430574,0.18881376180504797,0.2024376416843308,1
GSM4957396,19,3.3162140469791384,0.19656035214067913,0.20415993995257709,2
GSM4957397,19,3.350002898579258,0.19427458268062156,0.20188221267048168,1
GSM4957398,19,3.3941577951894315,0.21986452410803092,0.20367302524607298,0
GSM4957399,19,3.3523546353629743,0.1935910543819121,0.20538634371684822,0
GSM4957400,19,3.383115683861005,0.17636881451656744,0.19526193897572047,1
GSM4957401,19,3.335591301898636,0.17876241446140176,0.2073873528329319,0
GSM4957402,19,3.3786093132579906,0.18341236740651,0.20386240990638382,1
GSM4957403,19,3.360356617251099,0.19083106066295707,0.20287967976023719,0
GSM4957404,19,3.463067523352435,0.15201262018617306,0.19449362465385156,0
GSM4957405,19,3.371274237315975,0.16257739595293857,0.20340370081380085,0
GSM4957406,19,3.33533795525517,0.20376218354112077,0.21212211606835832,0
GSM4957407,19,3.3464957872484624,0.19067950715588525,0.20702360354916788,0
GSM4957408,19,3.3551468276526237,0.2081772909721965,0.2004908978065399,1
GSM4957409,19,3.476516220525992,0.17584462834701076,0.2062788616112644,1
GSM4957410,19,3.416606197662568,0.2046524352217368,0.2023090370989433,1
GSM4957411,19,3.428212738257915,0.20159187591977384,0.20052869250907793,2
GSM4957412,19,3.412331517226754,0.21098863531650194,0.20651420521385813,1
GSM4957413,19,3.4846902227971768,0.18384557575756952,0.20325160313662521,1
GSM4957414,19,3.4457259560038302,0.1358295627061651,0.208386195931859,0
GSM4957415,19,3.305593081804381,0.19316198747786406,0.20231237977718344,0
GSM4957416,19,3.3747813693604902,0.2130428724960653,0.20312959965502841,0
GSM4957417,19,3.424611261165618,0.17358742442697778,0.2007791041807318,0
GSM4957418,19,3.4148867281415165,0.18105580518806555,0.20546587336741684,0
GSM4957419,19,3.4628284724201266,0.18560503556214625,0.2004902956301739,0
GSM4957420,19,3.4003088458200805,0.19166803555340667,0.2080671711620343,0
GSM4957421,19,3.4204495011309928,0.17650177328305586,0.20664937422807514,0
GSM4957422,19,3.4096281905988564,0.16749436708003634,0.20614972945697976,0
GSM4957423,19,3.4515512266239785,0.17303864713858594,0.2068179747486251,0
GSM4957424,19,3.366672596731738,0.18931642156162193,0.20231277677195023,0
GSM4957425,19,3.444523973519523,0.16211115789362132,0.21072064605140972,0
GSM4957426,19,3.3941961182382205,0.17935053169797063,0.19672958460069287,0
GSM4957427,19,3.43939181741201,0.17205830210167772,0.2000362545905889,0
GSM4957428,19,3.3956836942883615,0.19782863169226036,0.20956293636830836,0
GSM4957429,19,3.455628935751737,0.16547268631156936,0.2088272388529798,0
GSM4957430,19,3.4210618944604843,0.1714868515003959,0.20917223136639834,0
GSM4957431,19,3.4376253839316004,0.18871940378842053,0.20405880509826801,0
GSM4957432,19,3.446510335100854,0.1402605780746481,0.20301358268361708,0
GSM4957433,19,3.388589662879801,0.1690419843560304,0.20383794672326136,0
GSM4957434,19,3.4676991858274966,0.1712362650025749,0.19675815101127017,0
GSM4957435,19,3.414581775166451,0.18823214277076994,0.20111138246542137,0
GSM4957436,19,3.411244890867424,0.16321571234364507,0.2095711769587909,0
GSM4957437,19,3.464003900367766,0.19001925532454175,0.20691177998499258,0
GSM4957438,19,3.448638270309306,0.17963569923574227,0.21703860769488215,0
GSM4957439,19,3.424686659341259,0.18215066812898512,0.21018503798659474,0
GSM4957440,19,3.3830572281340223,0.17578947595808608,0.20911638735952,0
GSM4957441,19,3.5307056933795047,0.1557897008538144,0.20268915373583504,0
GSM4957442,19,3.402553554911632,0.1947226658347177,0.200815588971506,1
GSM4957443,19,3.417202528180167,0.16408520236046956,0.20164225184117676,0
GSM4957444,19,3.4538462821526443,0.1804834176936758,0.21058476069566703,1
GSM4957445,19,3.3369475782777283,0.18578992915298054,0.217703756705982,0
GSM4957446,19,3.39161147952812,0.19270397961882885,0.2141592719507493,0
GSM4957447,19,3.4254286112390124,0.16362153832438672,0.20631050134073403,0
GSM4957448,19,3.3444975182284695,0.17714170940524696,0.20624505148890948,0
GSM4957449,19,3.4518155159216564,0.1628924459913818,0.21365644638351705,0
GSM4957450,19,3.4120571630400898,0.19088462890771976,0.19991060213092843,0
GSM4957451,19,3.399663122273763,0.16560272011698585,0.21029545946906666,0
GSM4957452,19,3.380710656592817,0.1963712735449868,0.1975426731631516,0
GSM4957453,19,3.4447297813365036,0.1779336080079928,0.20218893600207047,0
GSM4957454,19,3.3441717895161402,0.1840192388555274,0.20249372892864298,0
GSM4957455,19,3.383644523335922,0.1728337040505424,0.20352279268770485,1
GSM4957456,19,3.326246383487943,0.19983967955118773,0.20621387327626423,0
GSM4957457,19,3.3482708624333433,0.2163285144303659,0.21930359953530684,1
GSM4957458,19,3.3094452447338925,0.20896192686558704,0.20244242393231549,2
GSM4957459,19,3.485641586274244,0.16137665618382172,0.2010307905576484,0
GSM4957460,19,3.366502107093425,0.1878065782009068,0.20756561243794014,0
GSM4957461,19,3.3593776520733054,0.19562574059876175,0.19708309467873616,0
GSM4957462,19,3.398194846828147,0.16285949684447026,0.20901930607077931,0
GSM4957463,19,3.516717749843311,0.19407465708681587,0.20179659042284828,0
GSM3758005,20,3.031814186297094,-0.018229649561853502,0.21628013742953578,0
GSM3758006,20,3.066734225092594,-0.006306967807549306,0.21081539524388776,0
GSM3758007,20,3.0221927243441504,0.008547299760180045,0.2188625267808695,0
GSM3758008,20,3.0298452667987292,0.017427640461851305,0.21822714984549985,0
GSM3758009,20,2.9867599097103974,0.05156762840546788,0.2273296534264869,0
GSM3758010,20,3.107075635278946,-0.03464315844124719,0.20656979145701404,0
GSM3758011,20,3.0679519267144415,-0.018740656283094643,0.2207063888521003,0
GSM3758012,20,3.081303366761318,-0.03380215161768853,0.21863311920964987,0
GSM3758013,20,3.0291625477167337,0.007728645099919512,0.21568393011601872,0
GSM3758014,20,3.100199775115604,0.017398210299919014,0.21014210398191357,0
GSM3758015,20,3.02644745168689,0.03068417155424868,0.21606935527758472,0
GSM3758016,20,3.027126526472624,0.009482257584194138,0.21540454432721046,0
GSM3758017,20,3.0830762141600507,-0.015058568858759397,0.21061296304407987,0
GSM3758018,20,2.9835964039576184,0.06131382522957776,0.21014506473769826,0
GSM3758019,20,3.05607887913338,-0.006603305708368286,0.2045116236156664,0
GSM3758020,20,3.1439627563056822,-0.03405763604409636,0.21022788048151936,0
GSM3758021,20,3.0372142529280506,-0.019337051678899965,0.21776590157336326,0
GSM3758022,20,3.0667509242673234,-0.013111345662273689,0.21148152110550436,0
GSM3758023,20,3.0329054931997987,0.030650717306245374,0.21153193875826753,0
GSM3758024,20,3.018463026234896,0.026466130421811777,0.22005474712021197,0
GSM3758025,20,3.0925508425095596,-0.027244835534708575,0.21473526774211596,0
GSM3758026,20,3.0647357696419464,0.004834383057385858,0.21753217309512016,0
GSM3758027,20,3.0689102548093112,-0.015555556192698489,0.2148799533600477,0
GSM3758028,20,3.02425449539379,0.009377801243146485,0.2170561836280701,0
GSM3758029,20,3.036056204850675,-0.006992834124510832,0.22416383289430253,0
GSM3758030,20,3.08765004462391,-0.04117231257238571,0.21088821798405688,0
GSM3758031,20,3.023558433567446,0.006400140838238643,0.208271067863067,0
GSM3758032,20,3.0306211371912424,0.007290660020265566,0.2236026827000831,0
GSM3758033,20,2.98563947427124,0.04211934233884538,0.22007787665572257,0
GSM3758034,20,3.0182807088649284,0.026766211193656145,0.19916526568712772,0
GSM3758035,20,3.051240725740687,-0.0011683824389011749,0.21118269794912461,0
GSM3758036,20,3.07069595268886,-0.010973412590117528,0.21046556556001766,0
GSM3758037,20,3.102504996026298,-0.011529065095821805,0.20532815621730421,1
GSM3758038,20,3.073299983718165,-0.023989708085346582,0.2132684436393811,0
GSM3758039,20,3.0181327493366443,0.02189588476117867,0.21641571323760952,0
GSM3758040,20,3.0530418804045185,-0.014535603726876211,0.20280595213717192,0
GSM3758041,20,3.050796788191691,0.00354230208630754,0.2125376058525445,1
GSM3758042,20,3.0863526918022117,-0.04458976534315824,0.21848590949885904,0
GSM3758043,20,3.0836539323582146,-0.013355015345371894,0.21028692630691986,0
GSM3758044,20,3.054974275737591,0.0017813244752037057,0.20643982796406624,0
GSM3758045,20,3.0300945165103186,0.01009889130514229,0.21951906371624264,0
GSM3758046,20,3.026674302515652,0.02526274441625359,0.21156152827425914,0
GSM3758047,20,2.9723593792570253,0.03166955104706433,0.21780441835261966,0
GSM3758048,20,3.0788543785106746,-0.01302897332935896,0.21669983990256725,0
GSM3758049,20,3.0474120981923725,-0.048069936507081426,0.2278884243630954,0
GSM3758050,20,3.0716811750915305,-0.020744031380794416,0.2187915955226436,0
GSM3758051,20,3.1427930058071687,-0.03088199569551267,0.20756829545784944,0
GSM3758052,20,3.0430192248812107,0.0195215625446254,0.20469254097416306,0
GSM3758053,20,3.040956617932735,0.02481535378378582,0.216421311623784,0
GSM3758054,20,3.0556957438648182,0.01410058268045464,0.21221481511561244,0
GSM3758055,20,3.076745922749824,-0.020263858573396153,0.21590074749595775,0
GSM3758056,20,3.061471769720099,0.017786377157292612,0.21037148763241184,0
GSM3758057,20,3.0562225901414255,-0.0025515730973986223,0.21563893241091084,0
GSM3758058,20,3.0321764089689127,0.0024796896623024665,0.21852607015078276,0
GSM3758059,20,3.102490291588745,0.0009994909407021434,0.20994399562015906,0
GSM3758060,20,3.05366804266243,-0.006157541716141445,0.20944970600189883,0
GSM3758061,20,3.043950230161781,0.025882927616118323,0.21561835827092066,0
GSM3758062,20,3.081181789256179,0.0002981094456144889,0.2071494059298592,0
GSM3758063,20,3.0519796676657065,-0.002452560837601445,0.21833755408968386,0
GSM3758064,20,3.0535211348930344,0.009272897469692159,0.20996723456898037,0
GSM3758065,20,3.019922996363789,0.03731715136754949,0.21478253866258043,0
GSM3758066,20,3.040455789896366,0.032643526070400095,0.20623188914111898,0
GSM3758067,20,3.045918562691148,0.03573606627728689,0.2055313804915787,0
GSM3758068,20,3.0635107455961483,-0.019817185676014867,0.2140744745743816,0
GSM3758069,20,3.0281601995447187,0.01585598308596398,0.2167922538334192,0
GSM3758070,20,3.040709951279073,0.02156661711964313,0.21686257002974393,0
GSM3758071,20,3.079265539368126,0.00993047899264516,0.2118159424071322,0
GSM3758072,20,3.030540702838224,0.033177548546323724,0.21060073770790935,0
GSM3758073,20,3.09716374179676,-0.0026168422749308965,0.21931436775785898,0
GSM3758074,20,3.0898291535400686,-0.04502479645558757,0.22375278985368166,0
GSM3758075,20,3.0965973729394993,0.017976622507511673,0.21161746031601933,0
GSM3758076,20,3.0918871362552887,-0.016708585548358426,0.2174611358780184,0
GSM3758077,20,3.035344683700459,0.04131510684272512,0.2200068432644684,0
GSM3758078,20,3.050195427646761,0.023258928998733167,0.20398550105255892,0
GSM3758079,20,3.05758158188006,-0.03231233586188329,0.22150177951379907,0
GSM3758080,20,3.0446294060333363,0.019996919044044527,0.22461417847167944,0
GSM3758081,20,3.05752883595429,0.010805099162134093,0.20696643982260446,0
GSM3758082,20,3.0556682299405638,0.028875865871952195,0.2116495604108477,0
GSM3998167,20,3.043084386605852,0.03910527879309071,0.2021431078388186,0
GSM3998168,20,2.9686892145277346,0.05851910503759009,0.2136121942064319,0
GSM3998169,20,3.0613414638471257,-0.01745322430262491,0.2160101182607413,0
GSM3998170,20,3.069959432603624,-0.01725553733089945,0.22985898875103408,0
GSM3998171,20,3.0578490830263867,-0.0006673953511549525,0.2105529547626516,0
GSM3998172,20,3.0844256766440106,0.017680615575769665,0.22458061708125618,0
GSM3998173,20,3.0072777549812755,0.018865285741642,0.21429312741696452,0
GSM3998174,20,3.0291050937662543,0.04112349804657099,0.2176721069829792,0
GSM3998175,20,3.121507865338076,0.005166808343216886,0.2240431936787604,0
GSM3998176,20,3.1052300823094665,0.04428022808586585,0.21751402704370362,0
GSM3998177,20,3.0672077767998838,0.06971642865819033,0.21644688275310361,0
GSM3998178,20,3.0533163254595643,0.08563382488005569,0.2192034758323,0
GSM3998179,20,3.0367417988394956,0.049522789889951374,0.21711232469964983,0
GSM3998180,20,3.048247908922682,0.04308245621183132,0.20435157991641295,0
GSM3998181,20,3.0839722754368264,0.044847931966261724,0.20744272811295245,0
GSM3998182,20,3.106871701411703,0.05109399750356897,0.21537389707296045,0
GSM3998183,20,3.1120015186969883,0.026252225230551197,0.22018390487084072,0
GSM3998184,20,3.0474955874955363,0.07842147366369524,0.21906850431226818,0
GSM3998185,20,3.059029827333117,0.03976316155533698,0.220097710562263,0
GSM3998186,20,3.1470521793666264,-0.0029034641648247655,0.21458985703930247,0
GSM3998187,20,3.0442201026898634,0.07499192150490488,0.21674197900949688,0
GSM3998188,20,3.012808326418049,0.07453006883426443,0.22193595990100076,0
GSM3998189,20,3.047720168233315,0.04101911642298473,0.22990992123932144,0
GSM3998190,20,3.0258583640184384,0.08436615616458532,0.21544707755005488,0
GSM3998191,20,2.968465046997838,0.10549698558908113,0.2100665855367435,0
GSM3998192,20,3.0173987101861104,0.04631815879830692,0.22183367186586614,0
GSM3998193,20,3.029693469524674,0.08399597658756881,0.21147922026542734,0
GSM3998194,20,3.0820365281200317,0.07435030894398327,0.21649252763205373,0
GSM3998195,20,2.971636119105909,0.043046974771506964,0.2208133270046811,0
GSM3998196,20,3.0431811594051106,-0.014309685606474318,0.23061109368901148,0
GSM3998197,20,3.044802391447364,0.010504599345831075,0.1970776024566655,0
GSM3998198,20,3.0633292045835976,0.003499445398960267,0.22380994349595246,0
GSM3998199,20,2.9928439493761974,0.025225652933269196,0.20643045217820877,0
GSM3998200,20,3.0466738972911083,0.019786816100387496,0.2017538173443541,1
GSM3998201,20,3.010640385398014,0.005526520858981186,0.2162070179425953,0
GSM3998202,20,3.067081056687508,-0.0500363479335662,0.21561768995196434,0
GSM3998203,20,3.0915442441981114,-0.017240493926609438,0.2152646527506649,0
GSM3998204,20,3.022316113876125,0.03144716037216044,0.21557204615473935,0
GSM3998205,20,3.061731849460352,0.04783076177953608,0.19925856488434443,0
GSM3998206,20,3.111406634859418,-0.009723161587899678,0.22056588945751945,0
GSM3998207,20,3.024290526059199,0.050563328925159384,0.21263820474946485,0
GSM3998208,20,3.1067621923199544,0.016811240161451302,0.20158101894767663,1
GSM3998209,20,3.0109666002078597,0.09143246912915863,0.21207872978170197,0
GSM3998210,20,2.9865729540807213,0.032632457683648905,0.21434546342317265,0
GSM3998211,20,3.0350461116977643,-0.006511818748427872,0.223482761856883,1
GSM3998212,20,3.0715484457721933,0.022216468013993004,0.2026106344837121,0
GSM3998213,20,3.048817444574036,0.07152634639739361,0.22152451510717674,0
GSM3998214,20,2.9988154673209206,0.034076321273779374,0.20806615362570113,0
GSM3998215,20,3.0352678261604358,0.09907306734845268,0.2056703377156592,0
GSM3998216,20,3.066800746739103,0.09503976594201227,0.22874900609058693,0
GSM3998217,20,3.074531504460702,0.060606603769757454,0.2073129556524039,0
GSM3998218,20,3.039036600677905,-0.0029942870606886585,0.23281879940706676,0
GSM3998219,20,3.0476291418923025,0.07869668873725552,0.20297805362040516,0
GSM3998220,20,3.0947274402772766,0.04041920082357209,0.23309728433935334,0
GSM3998221,20,3.0362288350466105,0.1013195554839161,0.2098196640949997,0
GSM3998222,20,3.077341925836448,0.08995153359495046,0.21316719796867936,0
GSM3998223,20,3.0504460469595287,0.02603437424401831,0.2167898489760599,0
GSM3998224,20,3.025354323791811,0.015324693746428412,0.22937079496041105,0
GSM3998225,20,2.9618215940974526,-0.01193251736916083,0.218333398427371,0
GSM3998226,20,3.0134520135282807,0.06415599811438892,0.2115555541712432,0
GSM3998227,20,3.010838526095035,-0.011609199735465661,0.21984214209653757,0
GSM3998228,20,3.0688045495579033,0.034168646408488185,0.2269377210904404,0
GSM3998229,20,3.007010466298684,0.020491181031363385,0.207983940197308,0
GSM3998230,20,3.0789190508693363,-0.014187698056969953,0.20891961499435557,1
GSM3998231,20,3.0598102666509424,0.046413304225745286,0.2235379395290879,0
GSM3998232,20,3.049066769530533,0.05453230208580038,0.21883604443293714,0
GSM3998233,20,2.975237788386288,0.03270661509911307,0.2266140125936705,0
GSM3998234,20,3.0547757657263768,-0.0027201696236922625,0.21147226102953784,0
GSM3998235,20,3.0324243878568864,0.06802016618480194,0.21799549418281627,0
GSM3998236,20,3.0773030208776353,0.009017919524340622,0.222976715664704,0
GSM3998237,20,3.0507735638360916,0.05061413068710518,0.21180427477459587,0
GSM3998238,20,3.0597397749130746,0.003088621105135691,0.2316965886534878,0
GSM3998239,20,3.106852365775842,0.06439981943424211,0.22450821638580515,0
GSM3998240,20,3.059432103836023,-0.016080359831959365,0.225045297109665,0
GSM3998241,20,3.03163845135058,0.05834932491379992,0.21867031433269635,0
GSM3998242,20,2.9825954879352135,-0.017098527160119382,0.22906998165579726,0
GSM3998243,20,2.9991934844406485,0.02836757819798616,0.2085354685765745,0
GSM3998244,20,3.0648474777044394,0.020873847018614083,0.22131238534017467,0
GSM3998245,20,2.998826921383231,0.05493990401372158,0.20689173812851244,0
GSM3998246,20,3.0758023621542723,-0.009438996269304663,0.2068294434949265,0
GSM3998247,20,3.065245615600367,0.03389106678049682,0.22046443380976435,0
GSM3998248,20,3.004168370108429,0.04696544803233948,0.2040369531627819,0
GSM3998249,20,3.0963707366620548,0.029712159122310036,0.21224488690085133,0
GSM3998250,20,3.053552654621021,0.05578917260723941,0.2062043337255626,0
GSM3998251,20,3.0267230909541123,0.014535496545298355,0.2107397360161262,0
GSM3998252,20,3.051477392247436,0.04712560282180192,0.21199032825595152,0
GSM3998253,20,3.066739033675684,-0.0026787322143902977,0.2206568368211748,0
GSM3998254,20,3.0108138442015067,0.03671457170105346,0.21407824487595847,0
GSM3998255,20,3.050313815798103,0.09485790362403192,0.20672883004101347,0
GSM3998256,20,3.1256045309275144,-0.05006781968367377,0.20783250399681383,0
GSM3998257,20,3.028669099165836,0.03844159249127808,0.21072856212074198,0
GSM3998258,20,3.0710496673601604,-0.024150396797301906,0.22993298900647058,0
GSM3998259,20,3.074831765689485,0.04132651424104542,0.21350476623451498,0
GSM3998260,20,3.066296668122806,0.06108003771938217,0.20969944394277926,1
GSM3998261,20,3.049568783192621,0.06909811977848078,0.20899220377775432,0
GSM3998262,20,3.0336038560683316,0.07596569976110291,0.2153843937791304,0
GSM3998263,20,3.0701004072961995,0.008338785298931187,0.22316491627271987,0
GSM3998264,20,3.0691693976926717,0.03843833082806866,0.21529778768985358,0
GSM3998265,20,3.057959040656757,0.07777686089983347,0.21405696493685808,0
GSM3998266,20,3.117974848236877,0.011281331292099841,0.22281981462724218,0
GSM3998267,20,3.1459310718984277,-0.012796473291160447,0.225420633042246,0
GSM3998268,20,3.0077300569650727,-0.01971640388159925,0.20795662701420548,0
GSM3998269,20,3.0254773459383566,0.08441728711662157,0.2144275648156886,0
GSM3998270,20,3.034326893621943,0.07966223652181278,0.21827289072990574,0
GSM3998271,20,3.101078092084874,0.014808459675344565,0.228646278062679,0
GSM3998272,20,3.096052135758283,0.0015277462156511991,0.2125013241655936,0
GSM3998273,20,3.091802506939109,-0.00017353732737436663,0.21413102003353457,0
GSM3998274,20,3.1178286981150043,0.0021594195105165753,0.2117053492557478,0
GSM3998275,20,3.05767829742999,0.023587518814666465,0.21634131826518,0
GSM3998276,20,3.1014585647581008,-0.038646720445295095,0.2092858469310114,0
GSM3998277,20,3.1377983027668837,-0.06495103257774897,0.21587843811472815,0
GSM3998278,20,3.0561263168092125,-0.03620158004767963,0.21374074694657294,1
GSM3998279,20,3.0486652797236258,0.05176544605805366,0.20617217350893766,0
GSM3998280,20,3.0588446346083926,0.017930527824424135,0.21171906371506177,0
GSM3998281,20,3.051803604291203,-0.0061743064730203565,0.2188536761645477,0
GSM3998282,20,3.0430637703655603,0.051012006656633295,0.22847826952557224,0
GSM3998283,20,3.0914550273533923,-0.028420819981501057,0.21581487928661977,0
GSM3998284,20,3.0317188002155135,0.00840778224048626,0.21595225861535097,0
GSM3998285,20,2.92303012155637,0.03261441531091161,0.2268839762577732,2
GSM3998286,20,3.1263669538229335,0.0077678405261252265,0.22532552424065191,0
GSM3998287,20,3.048555369517564,0.03989319100106648,0.2169021471072063,0
GSM3998288,20,3.139371375658998,0.011984447375944464,0.21800813129310032,0
GSM3998289,20,3.1252621364529096,-0.0015218262440033587,0.22401906170165548,0
GSM3998290,20,3.035641061168773,0.034864413292299036,0.22654817656079654,0
GSM3998291,20,3.069127992049775,0.01953162677536475,0.22478525553992162,0
GSM3998292,20,3.0831201868908225,0.0459315981360905,0.22255034878907873,0
GSM3998293,20,3.1031712553088266,-0.013685510271707845,0.22363829449152767,0
GSM3998294,20,3.1093911335068936,-0.004278409586390011,0.22212271422257157,0
GSM3998295,20,3.0821140750594624,0.0519278397852601,0.21975924445879383,0
GSM3998296,20,3.097539184118855,0.049039961892841,0.2167311731393378,0
GSM3998297,20,3.1241100312269197,0.020870957358142796,0.21616850411756433,0
GSM3998298,20,3.037166986816028,0.07356546246566574,0.2188513822821603,0
GSM3998299,20,3.0813931571933897,0.048355623347253414,0.21895459743080364,0
GSM3998300,20,3.0894433916901005,0.024427755947456928,0.21327689858737042,0
GSM3998301,20,3.0450822709132948,0.0809093643760317,0.21332318418515006,0
GSM3998302,20,3.092544815844759,-0.02800411128533197,0.21663189143435396,0
GSM3998303,20,3.069415188786516,0.01854377288055801,0.22146497432672377,0
GSM3998304,20,3.0772250723204984,0.02939509200230879,0.2185359907343896,0
GSM3998305,20,3.098906739057035,-0.0038771576170105494,0.2176944640443498,0
GSM3998306,20,3.099306505259097,0.008426938783140247,0.2151722166518128,0
GSM3998307,20,3.0891439885656573,-0.008298227315754785,0.21654830238759262,0
GSM3998308,20,3.0425553759104393,0.027221490730557348,0.21938452184907667,0
GSM3998309,20,3.0576916595307195,0.06457156360828989,0.20404271162642687,0
GSM3998310,20,3.1017656579029165,0.008009835942744683,0.20675418802373127,0
GSM3998311,20,3.082386905473294,0.030970272588744508,0.22084001373021547,0
GSM3998312,20,3.0471841981484533,-0.008571790444274432,0.20920217844190567,0
GSM3998313,20,3.0316651494952658,0.0282978219375196,0.20890093852103928,0
GSM3998314,20,3.072674392441268,0.026318437411857923,0.2206466556728951,0
GSM3998315,20,3.0701607897472796,0.07207892739364521,0.20392814141585283,0
GSM3998316,20,3.0864685429305316,0.035395518176397404,0.21659707652155838,0
GSM3998317,20,3.0834242657910447,0.024582077642488192,0.2169102010579802,0
GSM3998318,20,3.0910849123416826,0.030913928366119316,0.2054948624097088,0
GSM3998319,20,3.1503446867078755,-0.04192348285130506,0.21651955291605407,1
GSM3998320,20,3.0870373409675147,0.014625301727274295,0.20697323873242499,0
GSM3998321,20,3.0703965021118282,0.029316840904780598,0.20093690310152995,0
GSM3998322,20,3.037858654079098,0.04871123070251055,0.21144200210960595,0
GSM3998323,20,3.102341061757905,0.018759514394921607,0.19847391983407106,0
GSM3998324,20,3.017586214993384,0.06112252013203368,0.21338647848950762,0
GSM3998325,20,3.1206047941334822,-0.017098731935263557,0.2146695995076043,0
GSM3998326,20,3.1097482098407117,-0.009063276823197852,0.20237860243089256,1
GSM3998327,20,2.985108005715125,0.051058286714740775,0.2092665325709338,0
GSM3998328,20,3.0011724696339086,0.07407179296175195,0.20039244242396287,0
GSM3998329,20,3.041854024235088,0.09682783291501212,0.19985656097246793,0
GSM3998330,20,3.0772879998947698,0.09326364606144934,0.20516791384828467,0
GSM3998331,20,3.0451144174449856,0.040985279849256526,0.2079020071892108,0
GSM3998332,20,2.928038053894787,0.018947072662142055,0.2237668094201304,0
GSM3998333,20,3.0602212127875266,-0.0028713424711996217,0.2144345365940973,0
GSM3998334,20,2.9886401829075595,0.05593193046114449,0.21251212218873614,0
GSM3998335,20,3.0563205480288596,-0.0112129965519342,0.21919604546071,0
GSM3998336,20,3.0893875502549455,0.01270875879341788,0.21012602388744198,0
GSM3998337,20,3.065151392173791,0.035116683873490664,0.20489839224730008,0
GSM3998338,20,3.072490180329788,-0.031363851982637116,0.21220620411845068,1
GSM3998339,20,3.0490651316844137,-0.0049828287308651305,0.23059069972587537,0
GSM3998340,20,3.0854460010554527,-0.04405406116736554,0.22109429223272925,0
GSM3998341,20,3.0869318979429616,0.007198955707220038,0.2191799906766977,0
GSM3998342,20,3.01354159254838,0.049424674413885455,0.21266344533229686,0
GSM3998343,20,3.0323023936643367,-0.031879243206287856,0.1968035081169412,1
GSM3998344,20,3.029638027980743,-0.01432304320155696,0.210569770723285,1
GSM3998345,20,3.0470361089093294,-0.022627983354913585,0.20521437462234973,0
GSM3998346,20,2.984149181399934,0.008509101499646548,0.21544396627653672,1
GSM3998347,20,2.9902859460523987,0.01755379360432238,0.2153978903980162,0
GSM3998348,20,2.9954378382159574,0.014719728464495327,0.20806875159827878,0
GSM3998349,20,3.048892746643334,-0.008177353292839334,0.20191397248785395,0
GSM3998350,20,2.9727344528120025,0.018708421526724476,0.21975935180571954,1
GSM3998351,20,3.009804890052952,-0.006317353862934784,0.2120046250734984,1
GSM3998352,20,3.0026180990808684,0.0034095422426981387,0.21075964875204825,0
GSM3998353,20,3.0214384113028774,-0.0004591953004538881,0.2103526591319656,2
GSM3998354,20,3.0088842334893906,-0.014855993147260474,0.21603929611250994,0
GSM3998355,20,3.0289020034774485,-0.02078791396838422,0.22408262811722235,0
GSM3998356,20,3.0018673597777714,0.01687120041640854,0.2145335048092541,0
GSM3998357,20,3.038005265616518,-0.049963056257700006,0.203996066315431,0
GSM3998358,20,3.016884894516312,0.015929109300642345,0.2026856695360297,0
GSM3998359,20,2.9508296307798387,-0.021242902386159834,0.22238327507256414,0
GSM3998360,20,3.0024501143004727,0.0034423701222154397,0.21910004145190332,0
GSM3998361,20,3.0648962118376124,-0.0010310597690283588,0.22140413516474494,1
GSM3998362,20,2.9816391303044765,-0.0021787901255898366,0.2102891942111586,0
GSM3998363,20,3.029009291286832,-0.018716564212310743,0.19715804275789514,1
GSM3998364,20,3.015254678354737,0.008178286193620118,0.21586822725977994,0
GSM3998365,20,2.950464656348544,0.02262270287374728,0.22820104363218705,0
GSM3998366,20,3.0469439673234042,-0.031801643832695785,0.21767410969987364,1
GSM3998367,20,2.9970752618751417,-0.037496622129702215,0.22168814345740814,0
GSM3998368,20,3.060718732229248,-0.03467681183305516,0.2125521965162409,0
GSM3998369,20,3.0008006385012647,0.03749033456460418,0.2205151948374172,0
GSM3998370,20,2.9929361032086823,-0.02685202351271965,0.2060879727989925,0
GSM3998371,20,2.988910572964274,0.03467223304989339,0.21175984319880684,0
GSM3998372,20,3.0213638556297564,0.05646888979457874,0.2037948991146052,0
GSM3998373,20,3.010483858658022,-0.044036383540646463,0.20814949016274342,0
GSM3998374,20,3.051254276580768,-0.06383848594393297,0.21255286304672552,0
GSM3998375,20,3.0355674966268955,0.011441738238174468,0.19948701811028483,0
GSM3998376,20,2.9623593693902754,0.053784961889733744,0.20945840483972664,0
GSM3998377,20,3.046342424809909,0.001658875709629572,0.21090889363895973,0
GSM3998378,20,2.968208235797783,0.007296464374007652,0.21819803007153465,0
GSM3998379,20,3.0170747507931344,-0.014264494625385954,0.21105313192743966,0
GSM3998380,20,3.04268750261846,-0.02003348684124686,0.20758572702550152,0
GSM3998381,20,2.998193780531158,-0.017719220797009518,0.21090491436268544,0
GSM3998382,20,2.9303923651316395,-0.016248590444800568,0.22794654245458712,0
GSM4957321,20,3.0959768299324435,-0.0060755927462756674,0.21410418545585258,0
GSM4957322,20,3.075584147436138,-0.011327256080182537,0.21533582847143465,0
GSM4957323,20,3.0819887321760273,-0.01431003726155027,0.2163960470299044,0
GSM4957324,20,2.9706687102420233,0.04008338285176479,0.21316903174582696,0
GSM4957325,20,3.07403135110034,0.0600969380738984,0.20710091452128584,0
GSM4957326,20,3.0821401545305926,0.05036660458493643,0.21487266248339756,0
GSM4957327,20,2.982070752528152,0.12518088606646902,0.21700532977940165,0
GSM4957328,20,2.993892914841503,0.06746774748890355,0.21315640739265307,0
GSM4957329,20,3.0490972605039723,0.044561811820597756,0.20705782449002522,0
GSM4957330,20,3.1394146688299114,0.03256957896512543,0.22593954232072963,0
GSM4957331,20,3.0649290590185316,0.075893367799904,0.20903679629039082,0
GSM4957332,20,3.0288939008330695,0.02188783861654423,0.21221343118016378,0
GSM4957333,20,3.035170652624682,0.021389337692516313,0.22119432442092624,0
GSM4957334,20,3.058520623144974,0.035400506148417464,0.20706116632260316,0
GSM4957335,20,3.191201352948429,-0.04378944806919793,0.21028423136289667,0
GSM4957336,20,3.0833056272904176,0.07116270038764835,0.22232534864132644,0
GSM4957337,20,3.0377119846984564,0.022468920551651138,0.22421863695330851,0
GSM4957338,20,3.0406633376717105,0.052569285289748795,0.21320639739684644,0
GSM4957339,20,3.1528612310802853,0.00834414229340762,0.20814111502578653,0
GSM4957340,20,3.053102390203645,0.04055002648490341,0.21607778875197645,0
GSM4957341,20,3.213773674989019,-0.03760406777359525,0.20647021109603447,0
GSM4957342,20,3.1902818682618204,-0.006498190037159449,0.20353545556134253,0
GSM4957343,20,3.0939182340747258,0.006371728921189692,0.2030436799663714,0
GSM4957344,20,3.0247251689609236,0.004169135879835133,0.2057262756001856,0
GSM4957345,20,3.0433448685021314,0.019751223683524066,0.2129314853421323,0
GSM4957346,20,3.0804697013243647,-0.02677774640455286,0.20982556328650487,0
GSM4957347,20,3.0330816454830205,0.07424549711748826,0.19901193852759463,0
GSM4957348,20,3.0187273372195262,-0.0030286688327351755,0.21717447354815592,0
GSM4957349,20,2.884344068672281,0.011800422567213018,0.24126012166466776,0
GSM4957350,20,3.0164384951281966,0.05390378369687703,0.2234238322586354,0
GSM4957351,20,3.07651185283544,0.021857433598388397,0.2032565344470714,0
GSM4957352,20,3.05930354889662,0.06840578380634767,0.20876844830768934,0
GSM4957353,20,3.0214861789810175,-0.0016832883786443607,0.21821553949154038,0
GSM4957354,20,2.9359543204168723,0.024119888542388997,0.2304310684645645,0
GSM4957355,20,2.987230518399509,0.031492203486762904,0.22993512074947736,0
GSM4957356,20,2.9930120794803075,0.020552705677754128,0.2322167583928036,0
GSM4957357,20,3.0386041077256225,0.009325201726984617,0.20844920404644424,0
GSM4957358,20,3.063599824009701,-0.00013330469158890647,0.20888311333674886,0
GSM4957359,20,2.984999546026237,0.05918754593192203,0.21071851755678234,0
GSM4957360,20,3.0722374366773737,0.02596541273327098,0.2173639837803215,0
GSM4957361,20,2.9900033816272393,0.10092206794406923,0.2087004757130375,0
GSM4957362,20,3.034706102045578,0.07495668656344681,0.21444479332281646,0
GSM4957363,20,3.052531587693201,-0.009840125478201577,0.21087266081225092,0
GSM4957364,20,3.081518490331731,-0.010352848579877054,0.2151990262281745,0
GSM4957365,20,3.1374728870937116,-0.05138348324317125,0.21926787376298235,0
GSM4957366,20,3.02397252542123,0.027491459337251282,0.21335155322419458,1
GSM4957367,20,3.0349123008125547,0.07629624603984991,0.21135296796656697,0
GSM4957368,20,3.0018936505013802,0.056683677886349024,0.21104722453624336,0
GSM4957369,20,3.041682661976483,-0.0014822035538159947,0.21599381333608003,0
GSM4957370,20,3.0793578084470608,-0.053605703600501486,0.21278955154044216,0
GSM4957371,20,3.1132249523757185,0.031937261844498216,0.20892346048085733,0
GSM4957372,20,3.1162597206737757,-0.05226476082570931,0.20887321680880194,0
GSM4957373,20,2.9968868733188474,0.03238176357459005,0.21634246336049423,0
GSM4957374,20,3.0599612064310664,0.01750358568691733,0.20675496512655298,1
GSM4957375,20,3.02280256585834,-0.0038869921737174533,0.2198144788692387,0
GSM4957376,20,2.936226087267406,0.11370322050791032,0.22377990769221226,0
GSM4957377,20,3.1385401610914716,0.036234044659989806,0.1812176321430239,0
GSM4957378,20,3.020007574698216,0.03801603585870814,0.21469771538630936,1
GSM4957379,20,3.0647141117302183,0.017358406116250946,0.22447471154912702,0
GSM4957380,20,3.015333607568917,0.023291819268383307,0.21569282071400891,0
GSM4957381,20,3.0810935245421445,0.01271457388525277,0.20185133849609785,0
GSM4957382,20,3.003471659702895,0.08053018543718914,0.21920998295251298,0
GSM4957383,20,2.9832439688210726,0.0008728106997421188,0.21177195404318638,0
GSM4957384,20,3.0587744012797744,0.01333135782121237,0.20662032568466812,0
GSM4957385,20,3.0043715849725903,0.021487012158790453,0.22902622679574372,0
GSM4957386,20,3.0432234452091462,0.038135865003173466,0.20653918706389565,0
GSM4957387,20,3.095679849017047,0.015699837807073447,0.21408388771638684,0
GSM4957388,20,2.9281501513631305,0.05237238531330704,0.25957115365559297,0
GSM4957389,20,3.064060069729342,-0.0036041287281229463,0.22784514232497907,0
GSM4957390,20,3.008018820506544,0.007525332217299622,0.21067650605924745,0
GSM4957391,20,3.0759430783213384,0.09970025281412809,0.20603226140379255,0
GSM4957392,20,3.066959163091332,0.044523212139831125,0.22245022517031832,0
GSM4957393,20,3.019762344184272,0.049181024834142315,0.22245483211459424,0
GSM4957394,20,3.0864643950631323,-0.013358191303978206,0.22628254428315264,0
GSM4957395,20,3.089686273558788,0.042127764965275746,0.21111192706051565,0
GSM4957396,20,3.013113286534419,0.009064529960359367,0.20232124539950466,1
GSM4957397,20,3.0466375398670666,-0.02099780510035914,0.2116675954808358,0
GSM4957398,20,3.0466854275374184,0.07665266704576523,0.21845836461228693,0
GSM4957399,20,3.0377832626110246,0.019463043975162218,0.23320374273223587,0
GSM4957400,20,3.073271265503965,-0.017176836962413237,0.22253899168903069,0
GSM4957401,20,2.9854571207987806,0.009819193105445273,0.22117037804565104,0
GSM4957402,20,3.0694823241593947,-0.0582626949340723,0.21317630977752816,1
GSM4957403,20,3.040010294893337,0.042329021676666335,0.23602575821288163,0
GSM4957404,20,3.09477277390985,0.023612440229070726,0.2057307578443259,0
GSM4957405,20,3.0739097471341084,0.006050806945119378,0.21706647034414941,0
GSM4957406,20,3.0273111730658795,0.05245960029140583,0.2219961062617042,0
GSM4957407,20,2.983820678437348,0.03498185837554792,0.22147770251537893,0
GSM4957408,20,3.0089188327093614,0.040321322485503706,0.2012056267225994,0
GSM4957409,20,3.141990814077637,-0.02615834585442459,0.19901653804168856,1
GSM4957410,20,3.090435947840384,0.009262383540657764,0.20592617464195134,0
GSM4957411,20,3.121371621226863,-0.034079060503936054,0.2040488075620577,1
GSM4957412,20,3.121276193215261,-0.039012944483428624,0.20371742117607716,2
GSM4957413,20,3.1625685146792986,-0.034101314486225394,0.20263819909006628,0
GSM4957414,20,3.0960358087515987,0.005756103524720294,0.21304350672834257,0
GSM4957415,20,3.007882859680667,-0.0022047425516051743,0.20523042341513037,0
GSM4957416,20,3.062540039130855,-0.022838663340093896,0.22590245073338458,0
GSM4957417,20,3.076537790715749,-0.022999317988237282,0.2149319455723129,0
GSM4957418,20,3.070415351211398,-0.0016174760105759352,0.2040480406634679,0
GSM4957419,20,3.136846374494329,0.008888734470380202,0.2035457844037784,0
GSM4957420,20,3.080276526336056,0.009183713793550272,0.20419751258941476,0
GSM4957421,20,3.0651645766152185,0.021615570005142665,0.2152932258559511,0
GSM4957422,20,3.0621298062486515,-0.01938023691901131,0.21143280708685022,1
GSM4957423,20,3.1288118669794938,-0.016320875025570416,0.20751484733562706,0
GSM4957424,20,3.0824578451078204,-0.02621092803736043,0.20266470440859832,0
GSM4957425,20,3.139777705947917,-0.043197378776350874,0.21172157049839133,0
GSM4957426,20,3.0385864900405197,0.03280691703058938,0.20616127940181647,0
GSM4957427,20,3.134783254642302,-0.04214606917261739,0.20850808098428106,0
GSM4957428,20,3.0507896543401425,0.05156079128380456,0.22419105370350362,0
GSM4957429,20,3.090429270209218,0.032291802685083575,0.19891051144900526,0
GSM4957430,20,3.0831851956536713,0.01503621023620388,0.21120696056766533,0
GSM4957431,20,3.1301433918156456,0.007004571209077322,0.19841860851884632,0
GSM4957432,20,3.0869162819976323,0.01843895804390723,0.20075742965574314,1
GSM4957433,20,3.071906982052082,-0.025860412455162435,0.21319437892518106,0
GSM4957434,20,3.17376273656058,-0.046220836655943745,0.20940110892396321,1
GSM4957435,20,3.0424360416412086,0.02634883693229708,0.20585244282602022,0
GSM4957436,20,3.093299662039568,-0.006332028880349575,0.20912090187411153,0
GSM4957437,20,3.1581256594828844,0.021803358323901574,0.1986364140619635,0
GSM4957438,20,3.1115851398189007,0.04812764855804023,0.20767569929072327,0
GSM4957439,20,3.0988882272689695,0.036171104561830376,0.21165760266822323,0
GSM4957440,20,3.0136296710866204,0.045118333708978726,0.21360854039970606,0
GSM4957441,20,3.1396200660252216,0.04270685861098891,0.21146773847120692,0
GSM4957442,20,3.097076123324712,-0.03738974779446607,0.20684291268850102,1
GSM4957443,20,3.0908087599873353,-0.028266744600668022,0.2064944970309227,0
GSM4957444,20,3.096338088080547,0.07110772867772969,0.2064372559613958,0
GSM4957445,20,2.9692761186108783,0.08108651253069186,0.22339037664635358,0
GSM4957446,20,3.062920616266598,0.06483783394125603,0.20482170248847067,0
GSM4957447,20,3.0770931585656496,0.015748945396945088,0.20065703341648441,0
GSM4957448,20,3.0249291178850855,-0.01225111873899778,0.2167207289993158,0
GSM4957449,20,3.071206278775771,0.034277951093477206,0.2043835367482059,0
GSM4957450,20,3.059076665965843,0.033378947068079264,0.20715441098575255,0
GSM4957451,20,3.0546420463717556,0.0058329721096271,0.21370936974085375,0
GSM4957452,20,3.066047312902007,-0.002461426991476557,0.21947847554474234,0
GSM4957453,20,3.1425884652570546,0.023379418761068915,0.2059491548811553,0
GSM4957454,20,2.9090889384863416,0.12628633527603267,0.2266082047518256,0
GSM4957455,20,3.0942683591461795,-0.020722029679070452,0.20147797675568704,0
GSM4957456,20,3.004617146042801,0.011563506744972925,0.22953940396495914,0
GSM4957457,20,3.0419755334875047,0.04842972088536553,0.22196300265021335,0
GSM4957458,20,3.0036242258771066,0.034292387391650865,0.20793316268822276,0
GSM4957459,20,3.136108749965725,0.06265660037029512,0.20270665025840356,0
GSM4957460,20,3.034787997120878,0.058740457162037525,0.2114992731971479,0
GSM4957461,20,3.0017814210124363,0.0276238939163153,0.23462499101889747,0
GSM4957462,20,3.0565682643757657,0.05626974274996566,0.21991277288541708,0
GSM4957463,20,3.1451641268935977,0.025800501460102983,0.22038719272798202,1
GSM3758005,21,2.4536699182306125,0.3213434515610742,0.19042157520404454,0
GSM3758006,21,2.4389356977023855,0.3570268121195954,0.20990409326701498,0
GSM3758007,21,2.4194081384290556,0.348554429962919,0.20782936756630652,0
GSM3758008,21,2.433323131893027,0.3543584690421532,0.2076385550864821,0
GSM3758009,21,2.4008806302153385,0.3788852900319342,0.16396132550553527,0
GSM3758010,21,2.476369576246872,0.3690846128291524,0.2082203058254476,0
GSM3758011,21,2.357931371969334,0.40184093255982334,0.20380664549454341,0
GSM3758012,21,2.4300954601827054,0.4251472526637183,0.22230820450958827,0
GSM3758013,21,2.4665933401458435,0.3416517458223686,0.19881344804236634,0
GSM3758014,21,2.5706862151907846,0.3352461252845185,0.19553012958199173,0
GSM3758015,21,2.477379918321722,0.305243481888043,0.18779114921248083,1
GSM3758016,21,2.4292239760354186,0.3819286908614785,0.20429706990709934,1
GSM3758017,21,2.4926180797701893,0.3938254182983783,0.189062237665696,1
GSM3758018,21,2.4055242189725727,0.3582739090263439,0.1985386541369827,1
GSM3758019,21,2.487999891669046,0.3442787522266362,0.19943811372134998,1
GSM3758020,21,2.5186340351430885,0.28866724383855363,0.20782072007007243,0
GSM3758021,21,2.479840007992157,0.3241475268612012,0.20768452127746528,0
GSM3758022,21,2.465693942027576,0.33567755041578123,0.206233230259211,0
GSM3758023,21,2.4574464415031163,0.3700722524251484,0.21969723679981873,0
GSM3758024,21,2.5202997302793166,0.31001411249228067,0.1949057980523248,0
GSM3758025,21,2.514222620282004,0.3164462512149265,0.19828226642107857,1
GSM3758026,21,2.4970734951026357,0.3034267933710659,0.18721438597667406,0
GSM3758027,21,2.4907328191892084,0.32680784674970187,0.1948049264003282,1
GSM3758028,21,2.4576805438993548,0.27108287413063137,0.19050216659202282,1
GSM3758029,21,2.432873247819897,0.3393594845531669,0.20042257447945774,1
GSM3758030,21,2.475802964778737,0.34589276179572265,0.1898611404967861,0
GSM3758031,21,2.4824199685868886,0.28605580012390247,0.18771973696630156,0
GSM3758032,21,2.5107865067124373,0.2865231227721296,0.19473452694592275,0
GSM3758033,21,2.4232629366131535,0.30238779084996886,0.182981730970791,0
GSM3758034,21,2.468228198222198,0.32237809127721473,0.19066199663896596,0
GSM3758035,21,2.523835344704729,0.30594985379040407,0.1929676828702752,1
GSM3758036,21,2.5125977521954836,0.3719671292065362,0.2033496076832217,0
GSM3758037,21,2.500214882158314,0.3663524524514528,0.19556966335396156,1
GSM3758038,21,2.4863069339455666,0.31691913622214507,0.20280081565082922,0
GSM3758039,21,2.5066609908954103,0.2555354650224339,0.17950203676127313,0
GSM3758040,21,2.529013363883105,0.32020069574769056,0.20341656411506764,0
GSM3758041,21,2.50824396451622,0.3325058991527266,0.19130435981067834,0
GSM3758042,21,2.5417275964176507,0.3199548546633476,0.20214007008745083,0
GSM3758043,21,2.5487715764303114,0.3187141751121599,0.19949349018094178,0
GSM3758044,21,2.47571839036514,0.34455863116519614,0.18385405417704417,1
GSM3758045,21,2.4802173567771186,0.3158483918989852,0.19430342053419308,0
GSM3758046,21,2.546351079543012,0.29583942076219105,0.1791425608082967,0
GSM3758047,21,2.459470079868983,0.3099659303855342,0.19342707662694497,0
GSM3758048,21,2.5015941906207537,0.2506585906291878,0.19231519789685977,0
GSM3758049,21,2.4960530136424257,0.2782304577335647,0.19194700333243866,0
GSM3758050,21,2.4967220811271047,0.34118876998264,0.18984447365127927,1
GSM3758051,21,2.515674015445274,0.35002152420684896,0.20707058905801817,0
GSM3758052,21,2.4688236274762416,0.3323359352075017,0.19756539459089975,1
GSM3758053,21,2.4906133845834755,0.35157941355729316,0.20036961622941668,1
GSM3758054,21,2.571179043208409,0.2792852289397564,0.21263696070391608,0
GSM3758055,21,2.4886373926569183,0.3205804646403873,0.19907842933345266,0
GSM3758056,21,2.487325622668107,0.3144067947776376,0.1995805873543668,0
GSM3758057,21,2.517157699663417,0.3028830515966327,0.2150112817736074,0
GSM3758058,21,2.42037316971087,0.39292772071227944,0.198891915043865,1
GSM3758059,21,2.5706729475817958,0.3005746406337355,0.22714451493791818,0
GSM3758060,21,2.4898927863567497,0.33732099816020333,0.19765538888627543,1
GSM3758061,21,2.460258999104416,0.3579705376241103,0.19985971086353582,1
GSM3758062,21,2.515568299935776,0.3293697912844952,0.19429872418818014,1
GSM3758063,21,2.5038746072633202,0.359781801149544,0.19826892242526517,0
GSM3758064,21,2.536781458118635,0.33937084872859974,0.1924509828886249,0
GSM3758065,21,2.433256685525602,0.3988265661141304,0.2046347643986525,1
GSM3758066,21,2.5088891276667074,0.3688088516460843,0.20049043146303047,1
GSM3758067,21,2.570580985356647,0.33246555422219176,0.18602074523722495,0
GSM3758068,21,2.4994105336160546,0.28321299823031776,0.19659981444999428,1
GSM3758069,21,2.433697320436249,0.37202541976418974,0.21277339406797713,0
GSM3758070,21,2.483563593177266,0.32349327348094625,0.2069796915923449,0
GSM3758071,21,2.48770589550068,0.34087295017692165,0.2173235542585447,0
GSM3758072,21,2.52378404854289,0.24083852146053,0.1677005989820023,0
GSM3758073,21,2.4928442380820792,0.3488302868182932,0.1913469910249624,0
GSM3758074,21,2.5006392615900235,0.3459762742481015,0.1896428116313321,1
GSM3758075,21,2.5479493280563426,0.3687680230548769,0.19846951005275637,1
GSM3758076,21,2.528970121801314,0.35080962518785674,0.19339192408042144,1
GSM3758077,21,2.535587397990798,0.28968501103645594,0.20302692873196915,0
GSM3758078,21,2.500372675707728,0.3142267758762741,0.20327848086779035,0
GSM3758079,21,2.46875977085328,0.30843832457966425,0.20100346852793383,0
GSM3758080,21,2.46055032089643,0.39298448917430334,0.2009755838862558,1
GSM3758081,21,2.454839363663533,0.3578495189706011,0.1902901404800679,1
GSM3758082,21,2.468663831603287,0.3451962367142087,0.21029872295107538,0
GSM3998167,21,2.489270282005676,0.3299285193671928,0.20727875220165198,0
GSM3998168,21,2.4549341521744537,0.31093800127181936,0.21202267246527215,0
GSM3998169,21,2.4373607034881983,0.36552005248274017,0.20174166043558733,0
GSM3998170,21,2.4829809076155276,0.3432129116849498,0.19808666899492353,0
GSM3998171,21,2.4895463392703867,0.3526219887243461,0.20963479847086083,0
GSM3998172,21,2.5118381879248983,0.33383957724392327,0.20916612930110154,1
GSM3998173,21,2.4298600703054043,0.37153998613247896,0.21430885037018083,0
GSM3998174,21,2.4676354437711963,0.35314991427003967,0.1932589657323577,1
GSM3998175,21,2.5577314622639786,0.33153993950706245,0.19659815786035362,1
GSM3998176,21,2.5907422317150686,0.3278332405675967,0.21360127203070697,0
GSM3998177,21,2.5023144234332984,0.355958243521322,0.1998712272762079,1
GSM3998178,21,2.511355469417437,0.3116430797253449,0.20029077110233645,1
GSM3998179,21,2.4532235954553894,0.3728651458916045,0.18859254646058105,1
GSM3998180,21,2.457375476469984,0.3791615218926395,0.19832724602457572,1
GSM3998181,21,2.513433043631225,0.3835444608755981,0.18602998191013645,1
GSM3998182,21,2.5738532779406142,0.29756315077121165,0.19053395078798444,0
GSM3998183,21,2.4569920922817334,0.3755576243237992,0.19588983644680044,1
GSM3998184,21,2.456929710394278,0.35758427271317195,0.20805654135662313,0
GSM3998185,21,2.5074587825920167,0.29932342831423314,0.18559943601015366,1
GSM3998186,21,2.5243403131794424,0.3506949956363555,0.2015198531576479,0
GSM3998187,21,2.538883285250079,0.3417054853875614,0.1802458420995311,0
GSM3998188,21,2.4393430840349057,0.3397942490208162,0.185290237120214,1
GSM3998189,21,2.4728338973709345,0.34284647685061936,0.20288532238793452,1
GSM3998190,21,2.4563201901247296,0.3843872369763412,0.1985650852867645,1
GSM3998191,21,2.417678668450914,0.3472637332210875,0.19882609813765043,0
GSM3998192,21,2.4650974909212673,0.33858968241961207,0.20874913427896327,0
GSM3998193,21,2.401093869247351,0.4048233669283146,0.18692185310137524,0
GSM3998194,21,2.504268751795147,0.36911055987181574,0.1788511492502697,1
GSM3998195,21,2.4071090325355167,0.3753604839278658,0.2066845187414816,0
GSM3998196,21,2.392422589639835,0.39134582046246863,0.20874364530778505,1
GSM3998197,21,2.467923183816067,0.34357404261620805,0.20081523178173555,1
GSM3998198,21,2.501860448949967,0.33725634974341034,0.20659910907528672,0
GSM3998199,21,2.3748863617691924,0.36195496647541525,0.1961556341506538,0
GSM3998200,21,2.465317994695278,0.34901109446422035,0.18642340924133158,1
GSM3998201,21,2.378557518792033,0.3349742746127457,0.21874192933174386,0
GSM3998202,21,2.4294312241726517,0.34650834747398357,0.20519682923018,0
GSM3998203,21,2.4467793242039004,0.34244505935227326,0.2173463894236946,0
GSM3998204,21,2.4887983895352677,0.3310489734830307,0.19010431583283677,1
GSM3998205,21,2.496359380635453,0.3199391082487241,0.18821944536962162,0
GSM3998206,21,2.5452711742579726,0.3789124972167777,0.18281340428332601,0
GSM3998207,21,2.443776136504028,0.36689192342409227,0.1868830254388969,0
GSM3998208,21,2.544563884657527,0.3069722649793265,0.20356899316003033,0
GSM3998209,21,2.482208508607807,0.3591296638693773,0.20371913244192114,0
GSM3998210,21,2.4933996732932107,0.30289172880097054,0.18251991261751596,1
GSM3998211,21,2.4867772491870923,0.35256283963425705,0.20546135862262274,0
GSM3998212,21,2.4377499352819214,0.39362705553555455,0.1902746412738902,1
GSM3998213,21,2.4915674183292174,0.35192463925174744,0.19079150589974225,1
GSM3998214,21,2.4386978086525537,0.32825305763969914,0.19485595242916365,0
GSM3998215,21,2.466792765176074,0.38940253761306937,0.21223921344933164,0
GSM3998216,21,2.5041200968586748,0.3933738132964118,0.1892945468321219,1
GSM3998217,21,2.4492299272627354,0.41924449837897393,0.2018781231275302,1
GSM3998218,21,2.4726519869247765,0.3376208220152833,0.20836553686746961,1
GSM3998219,21,2.5448215052195726,0.32039327315289334,0.19405513680439862,1
GSM3998220,21,2.4880361186437243,0.3896000566709251,0.19718166016997796,0
GSM3998221,21,2.5241573774247024,0.38425941817471376,0.1954238851611371,0
GSM3998222,21,2.608645295104418,0.32754530500294793,0.22728910181538983,0
GSM3998223,21,2.418042093307378,0.40350307179625905,0.21420394259690995,1
GSM3998224,21,2.415624122810811,0.42674772830033286,0.2043626440227644,1
GSM3998225,21,2.406977122372281,0.3500015111045549,0.19072038661895166,0
GSM3998226,21,2.505975247462758,0.2797287306209361,0.1804222936922155,0
GSM3998227,21,2.497146649781073,0.3167542172192985,0.1780897677289795,0
GSM3998228,21,2.4583029905671503,0.37240874229011484,0.21819778227462605,1
GSM3998229,21,2.50409693578626,0.2897910332518253,0.18811177095019369,0
GSM3998230,21,2.47072205455002,0.2690673127414893,0.1794558402058788,0
GSM3998231,21,2.5691461106513214,0.2919588612989953,0.19036491473751413,0
GSM3998232,21,2.5590937133784855,0.37675702548954176,0.19428767821798604,0
GSM3998233,21,2.4388271255854788,0.3477295488707402,0.19165317576544388,0
GSM3998234,21,2.5117511185397654,0.3010603845841025,0.20291350881697942,0
GSM3998235,21,2.4969876958479866,0.30382129504066396,0.19889495750237896,1
GSM3998236,21,2.544167141028695,0.25319314338740184,0.20048148950221284,0
GSM3998237,21,2.5233734702748514,0.33579382895058846,0.20515696482576568,0
GSM3998238,21,2.5012177509367057,0.2581645460742274,0.20254916086228816,1
GSM3998239,21,2.5991556194812535,0.2710859834402463,0.172500413544254,0
GSM3998240,21,2.4954784474174136,0.27806437095938863,0.18518443114727087,1
GSM3998241,21,2.490405125314007,0.30634034462229714,0.18599044032260165,1
GSM3998242,21,2.3824092974445743,0.40501339598777164,0.19682999405394885,0
GSM3998243,21,2.49354493317593,0.30185918632998443,0.20241864957401517,0
GSM3998244,21,2.5468085332134383,0.3123508673273389,0.19429351390518454,1
GSM3998245,21,2.4847453230282945,0.35984638771173655,0.18847225428734635,0
GSM3998246,21,2.512372783033199,0.2872389206960615,0.1996455200783442,0
GSM3998247,21,2.496462003461969,0.37166422158320767,0.2142959700276712,1
GSM3998248,21,2.465554758826341,0.32632588937248075,0.18746716023068466,0
GSM3998249,21,2.550638487096635,0.3102719158207361,0.19834530871777115,0
GSM3998250,21,2.5696409714234068,0.30529824839784664,0.20007433542339187,0
GSM3998251,21,2.4660741455766866,0.28622950864569524,0.17715429160762547,0
GSM3998252,21,2.498582625447213,0.29890350933425514,0.1914897080277644,1
GSM3998253,21,2.573944735321669,0.21170790092053976,0.15180593377520243,0
GSM3998254,21,2.493402923622056,0.3176967284393676,0.19105773260477968,1
GSM3998255,21,2.550229049683133,0.3465054871831423,0.18528514615949213,1
GSM3998256,21,2.5029571841490754,0.3709095611257135,0.19021088782272588,1
GSM3998257,21,2.4806993762091585,0.331017345794248,0.1777713417172744,0
GSM3998258,21,2.5273678563897755,0.3143258379224952,0.18647255358238182,0
GSM3998259,21,2.4658943022535054,0.3972618744732003,0.18560821663643448,0
GSM3998260,21,2.4535992815426324,0.40912038608504453,0.18613824677054286,0
GSM3998261,21,2.4360536794395364,0.3936349596911345,0.18936362348867336,1
GSM3998262,21,2.5055386585247543,0.31128725825671627,0.18099498341302017,1
GSM3998263,21,2.486568257139245,0.3493444500734554,0.20658997190381334,1
GSM3998264,21,2.473218283730327,0.29667672828906444,0.19195629701606456,0
GSM3998265,21,2.4859924532278534,0.33262420040956775,0.19754975763074575,0
GSM3998266,21,2.5485189556718026,0.33235051775378,0.1977005415684174,1
GSM3998267,21,2.5911765572729717,0.34551050423382185,0.1824664105095155,1
GSM3998268,21,2.502029407033096,0.195528768361791,0.1946344873898266,0
GSM3998269,21,2.505285715001449,0.3280981435982205,0.19113804970770684,1
GSM3998270,21,2.567454665637548,0.31798965255805733,0.20010440531212612,0
GSM3998271,21,2.4742046217620848,0.3621845649077718,0.21209797543850087,1
GSM3998272,21,2.6503055351869294,0.24362893920274323,0.20873426727191147,1
GSM3998273,21,2.6759411767824615,0.17153076978831464,0.17024637813942042,0
GSM3998274,21,2.5294391698051513,0.3183100040385945,0.1956251495808708,1
GSM3998275,21,2.57335891850336,0.27664808403287394,0.19561863677715755,0
GSM3998276,21,2.405089883736216,0.36161000929829096,0.2208759036919436,0
GSM3998277,21,2.5124525073580077,0.33848419367886434,0.20112098678932017,0
GSM3998278,21,2.529191402630888,0.2695889376200814,0.18753971797579302,0
GSM3998279,21,2.5012095816173883,0.34213358792322174,0.19550551254723353,1
GSM3998280,21,2.4213770724767465,0.42376382106068483,0.22452373764270697,0
GSM3998281,21,2.4990969943520436,0.30647472024375516,0.21025030750676593,0
GSM3998282,21,2.5023156428007454,0.34110303149828597,0.18034184254169003,1
GSM3998283,21,2.5071200814103882,0.24532437596014134,0.22509006022021227,0
GSM3998284,21,2.506027104042511,0.30290437276903825,0.18043896467866452,0
GSM3998285,21,2.403340359529053,0.3782702982888489,0.24340046244880892,0
GSM3998286,21,2.5619353496746444,0.307887185183593,0.19825887027785347,1
GSM3998287,21,2.566803403008454,0.2531243396993396,0.19964596259209322,1
GSM3998288,21,2.5959528936532115,0.3597671564461304,0.17977554303686424,1
GSM3998289,21,2.4972941614834765,0.329935382312973,0.1808896289975508,1
GSM3998290,21,2.5100304489750327,0.28077833018475534,0.17789408243046856,0
GSM3998291,21,2.487883856544682,0.3609976292783598,0.1963355275499989,1
GSM3998292,21,2.5948969120810634,0.29021784094109526,0.1867819719822416,1
GSM3998293,21,2.5556025785103835,0.2742651416393769,0.19154829424197545,1
GSM3998294,21,2.5680474164184637,0.2995304885940729,0.19707224099058887,1
GSM3998295,21,2.5367374269782976,0.32239535933384117,0.21059427240901213,0
GSM3998296,21,2.5034042505756346,0.3670104329031885,0.1957700546452383,1
GSM3998297,21,2.6005381676512735,0.3159754230011916,0.19629955050831485,0
GSM3998298,21,2.514984846841219,0.30622164505492266,0.2009539394237933,0
GSM3998299,21,2.514691204401995,0.34305043689489284,0.19865530503875115,1
GSM3998300,21,2.509623338900033,0.36609734426591656,0.19458558660691677,1
GSM3998301,21,2.4955014719344892,0.30386538873599195,0.19002647566929332,0
GSM3998302,21,2.4962075607388523,0.30166860663311207,0.1846504722087931,0
GSM3998303,21,2.517427841575471,0.32757705769153933,0.20172366944963774,0
GSM3998304,21,2.5097101051756816,0.34618871700032705,0.203033404668743,0
GSM3998305,21,2.6426302118129157,0.28726034852123433,0.20395041124297564,1
GSM3998306,21,2.497853193567634,0.3693942854218765,0.2206317665874059,1
GSM3998307,21,2.4997467383603538,0.3417515368699411,0.20887354020927373,1
GSM3998308,21,2.573388901319051,0.3384697717596011,0.1896519482818359,0
GSM3998309,21,2.4526839622874084,0.38411642541016106,0.20487476491435325,0
GSM3998310,21,2.593509649122488,0.2761157449301719,0.2043071789067113,0
GSM3998311,21,2.4987279114100343,0.3400588234107137,0.21260612480258723,0
GSM3998312,21,2.4586401491738883,0.3217622723236996,0.20301373055728095,0
GSM3998313,21,2.5237522674372537,0.35235420226639524,0.20010911718253171,1
GSM3998314,21,2.4872829429226497,0.3845856055296455,0.20213559344055507,0
GSM3998315,21,2.5126079799453693,0.3527557389595622,0.20238565415932264,0
GSM3998316,21,2.5613593859613104,0.3355066070070959,0.1889387690758212,0
GSM3998317,21,2.513080248720593,0.35479323598987234,0.19263619337283283,0
GSM3998318,21,2.50150674911301,0.3385406423100484,0.1941305616928483,0
GSM3998319,21,2.5572095696289923,0.2750046105131979,0.19735943934308783,0
GSM3998320,21,2.5105620899430336,0.3140642348603406,0.1899571513701725,0
GSM3998321,21,2.537964738509811,0.3249052612213619,0.1968315768515805,0
GSM3998322,21,2.5140457875766695,0.290495152986966,0.1887204646502304,1
GSM3998323,21,2.4658915937127084,0.3821561979802758,0.1946036261464736,1
GSM3998324,21,2.4542492131221647,0.31502924192432047,0.18342678784920216,0
GSM3998325,21,2.5678018674725465,0.37389776787118617,0.18472370905402682,1
GSM3998326,21,2.514037726361421,0.35348523897060224,0.19310071175125082,1
GSM3998327,21,2.4464938798369817,0.2815981288162826,0.18893011994911435,0
GSM3998328,21,2.4083719275906916,0.35017275963380373,0.21209812577379056,0
GSM3998329,21,2.489340910593108,0.32578661068877174,0.18684286838530015,0
GSM3998330,21,2.530966783003954,0.3665591107330499,0.1830526944036917,1
GSM3998331,21,2.4745741341310885,0.3545384342829084,0.21823912863146183,0
GSM3998332,21,2.4036594060002368,0.33688773440190106,0.1978765656590513,0
GSM3998333,21,2.4497879374174456,0.30831488985675926,0.21406441472623328,0
GSM3998334,21,2.4324512059682952,0.35280310137292437,0.20182919105841804,0
GSM3998335,21,2.4884147138800725,0.29018521306335876,0.1999972556922553,0
GSM3998336,21,2.480464896269386,0.35110645855114114,0.22000910760287318,0
GSM3998337,21,2.5381218970924713,0.30713474846746003,0.19844106029331599,0
GSM3998338,21,2.5019391893325023,0.3044112034594875,0.21314713730295032,0
GSM3998339,21,2.498833437239217,0.3646083041950267,0.21047146655305912,0
GSM3998340,21,2.4935578726861816,0.36369530686107376,0.20022500562105747,0
GSM3998341,21,2.5067316322318907,0.3126378748862621,0.1873167869879806,1
GSM3998342,21,2.4673032278604192,0.3685221539057824,0.20262741692137096,0
GSM3998343,21,2.4336952362825355,0.3319851357494069,0.20574585478775265,0
GSM3998344,21,2.4584494510991286,0.33588795338055144,0.20667060360700137,0
GSM3998345,21,2.4994479738659607,0.34305628574233665,0.20996670789385283,0
GSM3998346,21,2.445485636195827,0.3705794030036692,0.20010640680513167,1
GSM3998347,21,2.410427995574348,0.3933631961846468,0.20735162322147058,1
GSM3998348,21,2.4312408381227075,0.35773619037616816,0.19460136116889573,0
GSM3998349,21,2.446322386069928,0.3755538193868341,0.21770648338525656,1
GSM3998350,21,2.4643182056416992,0.32007155930425485,0.17751384246038981,0
GSM3998351,21,2.5101465176021813,0.3112638007628207,0.2055644767476112,1
GSM3998352,21,2.4569577772220663,0.3421517799738824,0.1973358388937474,0
GSM3998353,21,2.4440242419349163,0.3998304943742907,0.2209842562610226,1
GSM3998354,21,2.430814503871991,0.35124225223542704,0.18587518273795392,0
GSM3998355,21,2.546969516603205,0.266670722971673,0.18364800945203863,0
GSM3998356,21,2.441747891813056,0.38511229227058197,0.23279354072407543,0
GSM3998357,21,2.4105692456954833,0.4103655133924873,0.20618149594171073,1
GSM3998358,21,2.470863224703661,0.3452631845729328,0.19943060709342722,1
GSM3998359,21,2.3571108897388466,0.30629324436439,0.187743424230475,0
GSM3998360,21,2.4154880430293755,0.3677647914436967,0.19695918328560374,0
GSM3998361,21,2.485419856136107,0.37849138728726184,0.17835309505203453,0
GSM3998362,21,2.4191518948527366,0.3563236254154468,0.1966842442316997,0
GSM3998363,21,2.432223038199745,0.40452966921967987,0.21654475356009167,1
GSM3998364,21,2.4613494232335618,0.3447541599045114,0.2100685395556313,0
GSM3998365,21,2.407059180748797,0.3832563853968217,0.20816178879481648,0
GSM3998366,21,2.4453686181281338,0.3509731886024392,0.19344120059684686,0
GSM3998367,21,2.442793660579019,0.33979507277692533,0.20901578242011234,0
GSM3998368,21,2.4697377056563483,0.2883249058149418,0.20667829701115556,0
GSM3998369,21,2.499401826158283,0.3073297677325023,0.1851422825426486,0
GSM3998370,21,2.3878071756208934,0.36937929442278034,0.19696945362779195,0
GSM3998371,21,2.418486781792265,0.37803470333261396,0.1879112610488345,0
GSM3998372,21,2.3909048986887,0.36030938880087376,0.2079723177706341,0
GSM3998373,21,2.3779002680693613,0.3836033304503522,0.19176211729026263,0
GSM3998374,21,2.3885057202530082,0.38614795834854265,0.18789967443481992,0
GSM3998375,21,2.4270959372699767,0.36709573577559024,0.19168456011585228,1
GSM3998376,21,2.396485570833,0.405520157177539,0.19928322020519249,0
GSM3998377,21,2.381015965794442,0.4424123064641588,0.21263534449745725,1
GSM3998378,21,2.4227284850777138,0.3198409928910484,0.20618056143580638,0
GSM3998379,21,2.384162761695053,0.38047136201250625,0.2107212691463779,0
GSM3998380,21,2.417022543717184,0.40541650405196816,0.19644047228091352,1
GSM3998381,21,2.3908364653143614,0.3469252970068056,0.20175249520281244,0
GSM3998382,21,2.3783392517363247,0.3430753834680906,0.1966574864651018,0
GSM4957321,21,2.513776826002688,0.37564970197806824,0.20641463609071137,1
GSM4957322,21,2.475226089678139,0.36375989170447603,0.21652269428858836,0
GSM4957323,21,2.483872352329164,0.3184195330177832,0.2004665314740538,1
GSM4957324,21,2.423256465448572,0.35611124637896474,0.18233287276125548,1
GSM4957325,21,2.5016576199302287,0.3552787528750224,0.2008380795037751,1
GSM4957326,21,2.5255634859742124,0.32934274502220334,0.2155245300748837,0
GSM4957327,21,2.518562930082578,0.28649311366921504,0.1969078073701837,0
GSM4957328,21,2.450858233452427,0.36386026090613977,0.18611484218561458,1
GSM4957329,21,2.4758978171771853,0.34565733171932284,0.19123068103131316,1
GSM4957330,21,2.5688574821987475,0.29417002725120533,0.22266318722878295,0
GSM4957331,21,2.4682837548634797,0.40826243672950835,0.20150916088737075,0
GSM4957332,21,2.4268522893717415,0.369123284971758,0.1954361462458682,0
GSM4957333,21,2.4463626848195412,0.3458853846555788,0.20628158926302395,0
GSM4957334,21,2.4067983294261834,0.44629672054736713,0.21340674832492784,0
GSM4957335,21,2.5872868525494996,0.27993279065984833,0.16835570908196731,1
GSM4957336,21,2.5111053788722058,0.3404023562747593,0.19570635431308997,0
GSM4957337,21,2.5430588653635327,0.28550990228714235,0.15816633509995423,0
GSM4957338,21,2.5115908664126785,0.3179528340450741,0.15632906016904655,0
GSM4957339,21,2.547974710001529,0.32979648963574415,0.17864808464872986,1
GSM4957340,21,2.4781728013472066,0.33313890742234614,0.15706331189531036,1
GSM4957341,21,2.667351988448815,0.27158969227593815,0.20652783685240184,0
GSM4957342,21,2.654274420543413,0.3178963722522575,0.18970420471714347,1
GSM4957343,21,2.5328376524103198,0.29394058636342807,0.20005837101822607,0
GSM4957344,21,2.4581874521791076,0.31700860540830733,0.21049258283223596,1
GSM4957345,21,2.4420229494271806,0.32249947507108034,0.19817042502528393,0
GSM4957346,21,2.458196711479422,0.3701695038096672,0.20128474847114652,0
GSM4957347,21,2.4665066589678624,0.3444694776987145,0.19894479578878801,1
GSM4957348,21,2.4339200887332084,0.31307654348779845,0.2050958164475698,0
GSM4957349,21,2.4121000384090423,0.2714820813614832,0.19007158734404628,0
GSM4957350,21,2.464276449693797,0.3226173342287689,0.18761990201281484,1
GSM4957351,21,2.4739741591772884,0.36651567120123135,0.2118157239204484,0
GSM4957352,21,2.434988762582361,0.42321457796931955,0.20139539520521818,1
GSM4957353,21,2.4105536487840227,0.4182355827860141,0.18740357905417102,1
GSM4957354,21,2.4231622453088675,0.3431489400032585,0.18868033779983726,1
GSM4957355,21,2.4491018466690533,0.29407576549697934,0.18896893996893344,0
GSM4957356,21,2.5044346884572946,0.23429290434746566,0.1701510827255287,0
GSM4957357,21,2.4534114355872716,0.3417019701199883,0.1933449095177371,1
GSM4957358,21,2.50113515119738,0.35627903018613,0.18960129299824022,1
GSM4957359,21,2.479219299171993,0.29986197698409667,0.2007870102799257,0
GSM4957360,21,2.555884539104039,0.28009609770456023,0.2070577675059383,0
GSM4957361,21,2.3897104123866573,0.42389574889323584,0.21133095653436024,0
GSM4957362,21,2.38628958382157,0.38420207787372485,0.20169435133498279,1
GSM4957363,21,2.503251539758972,0.33484094170646533,0.1818299323668775,1
GSM4957364,21,2.477942893182446,0.3473077641352106,0.19417757349510809,1
GSM4957365,21,2.5302729627664386,0.350780631153484,0.1986310623352103,0
GSM4957366,21,2.5156844975591848,0.25771310909107187,0.15912051236462496,0
GSM4957367,21,2.5636362034095463,0.2902345640260792,0.17868504014283018,1
GSM4957368,21,2.498042975492224,0.3292830415959347,0.1909982278663422,0
GSM4957369,21,2.489684024825822,0.35810954723691624,0.20316666053827442,1
GSM4957370,21,2.460846539878073,0.37007457354828216,0.20794138578316587,1
GSM4957371,21,2.5026321867975394,0.3450396001041201,0.20074440186266476,0
GSM4957372,21,2.44889554863216,0.3871805305969223,0.21100706833826713,1
GSM4957373,21,2.4714583459911443,0.37136625366213993,0.19698965690400153,1
GSM4957374,21,2.554149403248731,0.3093938912733734,0.1949531932956071,0
GSM4957375,21,2.496223165192366,0.3654730225235331,0.20548370594974544,1
GSM4957376,21,2.4378689918621474,0.3830734341493323,0.20443818246159945,1
GSM4957377,21,2.5312416534137596,0.37957955522489206,0.23617442107329173,0
GSM4957378,21,2.484075473745291,0.34023695746450544,0.19784766302677126,1
GSM4957379,21,2.472964802760052,0.3886629375324827,0.21331798032887153,1
GSM4957380,21,2.4963337470858256,0.3366491204557742,0.201711482724998,1
GSM4957381,21,2.485366596227551,0.37198283778479285,0.20675714415989044,1
GSM4957382,21,2.5128790450823884,0.33460659463309533,0.18872454507990225,1
GSM4957383,21,2.4254100082690986,0.408866716520127,0.20045742663609564,1
GSM4957384,21,2.4961480896950023,0.2892470695330894,0.1959997051384452,1
GSM4957385,21,2.4686329302048833,0.30090601805151906,0.1891754716072473,0
GSM4957386,21,2.462183196960389,0.3595147484628962,0.21251979165503243,0
GSM4957387,21,2.562062082169806,0.3177881912504497,0.19262304141568296,0
GSM4957388,21,2.4560616435432334,0.25043111707918936,0.18870033478242132,0
GSM4957389,21,2.466026063451755,0.371736565434341,0.1873988367881888,1
GSM4957390,21,2.4697546128134937,0.34690377409500855,0.18656168476623758,1
GSM4957391,21,2.5208081540909393,0.35559531673884265,0.20260591068750256,0
GSM4957392,21,2.470297984386445,0.39732760961244284,0.18522796814253872,0
GSM4957393,21,2.401869464362177,0.409833222209364,0.2040163210440446,1
GSM4957394,21,2.553049938036737,0.24390287143635786,0.18751210275630137,0
GSM4957395,21,2.5437256558679118,0.34917082279704903,0.16632780689424026,0
GSM4957396,21,2.5092319155201266,0.2999153567091281,0.20864875694057514,1
GSM4957397,21,2.50893648350793,0.32563953150855884,0.18709573367967794,1
GSM4957398,21,2.48479878132189,0.37090493368786254,0.19920759550012734,0
GSM4957399,21,2.4553431185396053,0.38825553010301755,0.19238555856161427,1
GSM4957400,21,2.46913362733893,0.3098735863412544,0.19751746437102163,0
GSM4957401,21,2.468054030817094,0.3050884090892929,0.18469263625074575,0
GSM4957402,21,2.508474986899754,0.3318121069437822,0.20153194383143797,1
GSM4957403,21,2.5328093933218505,0.3208865992465203,0.18680020291912847,1
GSM4957404,21,2.497991642761292,0.3838084590643904,0.19108368764278738,1
GSM4957405,21,2.507438817831625,0.3337439316573404,0.2010018362232153,0
GSM4957406,21,2.468600353948349,0.33625649909539634,0.1881941433025053,1
GSM4957407,21,2.4545628612213433,0.3625718496733281,0.19720438139084837,1
GSM4957408,21,2.593934474247738,0.20742385490167908,0.18167510817824037,0
GSM4957409,21,2.6093325110844545,0.3368191982356904,0.20762848583185947,0
GSM4957410,21,2.5659099028789574,0.28361319113411554,0.1866890253913909,0
GSM4957411,21,2.6346286798041985,0.2555746888355603,0.20131521389850882,0
GSM4957412,21,2.544426274266089,0.34264206624533977,0.18792537763484712,0
GSM4957413,21,2.5938493275555987,0.32030768090189093,0.20611415644247136,0
GSM4957414,21,2.471412785563638,0.4283392752722222,0.21094042928870999,1
GSM4957415,21,2.4951593791865,0.2899880754515498,0.18346584219023546,1
GSM4957416,21,2.521661351553219,0.3110405589897878,0.17729913578039716,0
GSM4957417,21,2.558291193178511,0.3393374872468333,0.1872629594830415,1
GSM4957418,21,2.530665291089911,0.3394687192428905,0.20502048923761676,0
GSM4957419,21,2.585234318602647,0.29825720995697574,0.20519915306272626,0
GSM4957420,21,2.5162887214195067,0.29613850372035233,0.19934474042779218,0
GSM4957421,21,2.537802112358734,0.3343429996257155,0.1954131880259956,0
GSM4957422,21,2.500046293411818,0.2967959201425969,0.20885070598255948,0
GSM4957423,21,2.5551963498661157,0.3280170423394103,0.20096690887534643,1
GSM4957424,21,2.4752430513480426,0.3527817712715708,0.1989650092431894,0
GSM4957425,21,2.5020397577546682,0.356944618057164,0.2041061387223331,0
GSM4957426,21,2.475876152593558,0.3403822517408378,0.20503997700371057,0
GSM4957427,21,2.5528781103057256,0.30164163465063515,0.1977995908779946,0
GSM4957428,21,2.5445037738481804,0.33770474206905404,0.1984311658473456,0
GSM4957429,21,2.542569879107087,0.3357637426346836,0.19907877931169518,0
GSM4957430,21,2.4739373424626145,0.37174956743177123,0.21542659898400096,0
GSM4957431,21,2.538672835179162,0.31774059288060946,0.19848480037073,0
GSM4957432,21,2.564660278395317,0.2753503450981041,0.20317177238444484,0
GSM4957433,21,2.468194219378001,0.31454215680799125,0.21518398146597112,0
GSM4957434,21,2.611292191393532,0.28773851735274875,0.19305419501703577,0
GSM4957435,21,2.487877635754086,0.35627854770815653,0.2096722209271442,1
GSM4957436,21,2.524558103571147,0.3345649059400051,0.2096766880971024,0
GSM4957437,21,2.543476701040455,0.382453583791584,0.20922906880198608,0
GSM4957438,21,2.520891648599654,0.3800485335058002,0.22066933415081266,0
GSM4957439,21,2.5163790061876745,0.371696587707905,0.1989886546975342,0
GSM4957440,21,2.435086326873802,0.35734914184639865,0.2106780821737332,0
GSM4957441,21,2.545172985223883,0.3853435211227145,0.20074952659220643,0
GSM4957442,21,2.5152195175886507,0.3397929943333771,0.20344073558149137,0
GSM4957443,21,2.5020436236559247,0.3417663148612944,0.20594648688540895,1
GSM4957444,21,2.5156691694203617,0.3553794920342052,0.21566791317656303,0
GSM4957445,21,2.409916104501061,0.39865420547580654,0.21329854309426718,1
GSM4957446,21,2.4801251207436015,0.36129674661532274,0.20599185950271032,0
GSM4957447,21,2.477043278252201,0.35718922867698416,0.211590412586514,0
GSM4957448,21,2.4972365406990025,0.2756037791673571,0.19724913554996254,0
GSM4957449,21,2.5454324790099507,0.35064668754998485,0.21723598927607257,0
GSM4957450,21,2.5166353747273678,0.32810864976904214,0.2113665035480967,0
GSM4957451,21,2.498825360121059,0.3206275990927276,0.19957263927659433,0
GSM4957452,21,2.477021733471069,0.352396822282941,0.19121688057540093,1
GSM4957453,21,2.5745908462108607,0.3336714314497559,0.1964624728682845,0
GSM4957454,21,2.4783953759194834,0.25360108682770466,0.20457625870446255,0
GSM4957455,21,2.497164159323705,0.35805294460799786,0.20167608975731457,1
GSM4957456,21,2.452636905393339,0.32314676625334865,0.190434238968377,0
GSM4957457,21,2.461937919434902,0.43063741069412526,0.2027888891156683,1
GSM4957458,21,2.4564039235683874,0.3527283183657657,0.1857742411845512,1
GSM4957459,21,2.5424594670321534,0.39233258261067944,0.19323833580755356,1
GSM4957460,21,2.4441912217200303,0.3412038562245741,0.19938381731223737,0
GSM4957461,21,2.47752908483089,0.2843241414100619,0.17754156674473268,0
GSM4957462,21,2.452029149935752,0.4052413549776158,0.19727120258495767,0
GSM4957463,21,2.505783275149558,0.3295671059051263,0.1889992714077482,0
GSM3758005,22,3.0455458951449144,0.04209771488954607,0.2145301453817224,0
GSM3758006,22,3.053970872107216,0.07046381878822741,0.23040358251730336,0
GSM3758007,22,3.032871651955348,0.04587326343886815,0.22198076310596382,0
GSM3758008,22,3.0322266328726974,0.078779352858515,0.22293079727439208,0
GSM3758009,22,2.9988223056232,0.051721957244830856,0.19744373393260362,0
GSM3758010,22,3.0856982379511795,0.06768878450342454,0.22641105606553957,0
GSM3758011,22,3.06084850791817,0.04217451551419402,0.22402627195520994,0
GSM3758012,22,3.0706191317446314,0.061905876609545024,0.214972809962475,0
GSM3758013,22,3.090237646438538,0.04200682338231785,0.2148564128938575,0
GSM3758014,22,3.061562833705032,0.11495560481203836,0.22358848944884996,0
GSM3758015,22,3.0780285073601856,0.03609767168102268,0.2265376657673078,0
GSM3758016,22,3.0528801272671706,0.057423679699833925,0.21921837662832314,0
GSM3758017,22,3.14843043520475,0.00950626657525245,0.2162975484814991,0
GSM3758018,22,3.0296852584561593,0.08366037855850829,0.22164513092249702,0
GSM3758019,22,3.057312008649987,0.06407269253948474,0.22057743277602004,0
GSM3758020,22,3.0540328679983855,0.11602846019840893,0.2447723709741233,0
GSM3758021,22,3.0224483414919163,0.08534795813560893,0.22416404683273328,0
GSM3758022,22,3.077935772609291,0.06209134828765543,0.2215412151447834,0
GSM3758023,22,3.0575697837792477,0.09747311869203173,0.23085935950128814,0
GSM3758024,22,3.081743322691291,0.025387757653222313,0.22317239137232261,0
GSM3758025,22,3.110093019560142,0.04205095954615802,0.22967767339246262,0
GSM3758026,22,3.0655392232762795,0.08638238408151057,0.21151343648554316,0
GSM3758027,22,3.0804618707871936,0.02498930185082269,0.22818178649989618,0
GSM3758028,22,3.05580422896075,0.08109098267188389,0.21408776002671362,0
GSM3758029,22,3.073878350142115,0.03836913491236628,0.21741768718975074,0
GSM3758030,22,3.036759046441355,0.09437664202785939,0.23119231974677934,0
GSM3758031,22,3.0653410747392087,0.034977332101144315,0.2137309246663198,0
GSM3758032,22,3.0382401872425797,0.08318447867988595,0.223686502912417,0
GSM3758033,22,3.0156256384378084,0.05780595907792901,0.21715884557963774,0
GSM3758034,22,3.0677719742274436,0.05825771995816646,0.2224418513099851,0
GSM3758035,22,3.050761578494024,0.09921546144642014,0.21980449018850295,0
GSM3758036,22,3.0758074019179324,0.08504678283710126,0.2288027161607563,0
GSM3758037,22,3.0494244914008646,0.11842663576240135,0.24172077081075996,0
GSM3758038,22,3.090048851974526,0.033375697524114206,0.22080144734918017,0
GSM3758039,22,3.057389670375367,0.026884575324318264,0.23354933997817354,0
GSM3758040,22,3.0789791116302947,0.041797941996690395,0.22619053831301583,0
GSM3758041,22,3.1479867817320373,-0.01175468493732616,0.23099349380439133,0
GSM3758042,22,3.064842739893541,0.07697096419653236,0.2329865959376833,0
GSM3758043,22,3.0774586061994396,0.07032073894795812,0.23524391072373646,0
GSM3758044,22,3.0282705744086362,0.10822164956198232,0.2229567439894354,0
GSM3758045,22,3.0578663142872973,0.04796955315723283,0.21780650240612984,0
GSM3758046,22,3.0886548194038514,0.04683768925458013,0.21769107774171087,0
GSM3758047,22,3.062016608782725,0.02045402028156841,0.20855286583224306,0
GSM3758048,22,3.1126053209305846,0.013474258852677706,0.217077891852161,0
GSM3758049,22,3.0744744144659912,0.015076654392247663,0.22231975189993003,0
GSM3758050,22,3.091157521532369,0.03910966019692003,0.22757219464656175,0
GSM3758051,22,3.114614234096552,0.0736744117885667,0.22904332399616079,0
GSM3758052,22,3.046258646460829,0.10156232630195133,0.2293845231874523,0
GSM3758053,22,3.063391143216693,0.09006185529245937,0.2285868096912931,0
GSM3758054,22,3.07334267791263,0.08102948603105953,0.222239749185824,0
GSM3758055,22,3.0582590560316536,0.07822078513258843,0.22424105313402412,0
GSM3758056,22,3.065599331249235,0.0720373377151401,0.22880046619992395,0
GSM3758057,22,3.1289964553650713,-0.028650758195465875,0.215838896256095,0
GSM3758058,22,3.063741076143176,0.06261955359949303,0.2183528218797571,0
GSM3758059,22,3.1188423638140175,0.05736536546069458,0.22988097874245952,0
GSM3758060,22,3.057502051455865,0.0895095063167096,0.2325301872762365,0
GSM3758061,22,3.036523388991431,0.09676073043172176,0.23142781397931833,0
GSM3758062,22,3.081247248672742,0.06237627718723711,0.23252961852178486,0
GSM3758063,22,3.086637177513537,0.03631978952317086,0.20865963176701816,0
GSM3758064,22,3.076311070372645,0.06426398398083798,0.23954729410972134,0
GSM3758065,22,3.059605860195972,0.06564171378534721,0.2230872311949409,0
GSM3758066,22,3.1115898651216476,0.0482425788294686,0.21569123589122383,0
GSM3758067,22,3.1158671568087355,0.05662947588845287,0.24030077833383023,0
GSM3758068,22,3.0510081676111733,0.07910323051830197,0.22628924844283382,0
GSM3758069,22,3.036953040196209,0.10110687582306932,0.21711222630876117,0
GSM3758070,22,3.0253306284198462,0.14158311209010957,0.22547061923763334,0
GSM3758071,22,3.1254925299508045,0.04641065270076822,0.22863426511383983,0
GSM3758072,22,3.1021429684394213,0.04152688976882589,0.22559289066400193,0
GSM3758073,22,3.046397622334118,0.08095143412596197,0.22965422891630072,0
GSM3758074,22,3.0771739289238242,0.06216092048317364,0.22915681064070367,0
GSM3758075,22,3.116219337548184,0.08132990308464703,0.2380413244337878,0
GSM3758076,22,3.090164546072433,0.07033439785425342,0.23590754989575777,0
GSM3758077,22,3.089170018870129,0.057505647057339584,0.22168263885892173,0
GSM3758078,22,3.074091398330402,0.06347079963035158,0.2293806852311975,0
GSM3758079,22,3.0838183872719998,0.027673774224158423,0.21467432184794102,0
GSM3758080,22,3.0689453240180096,0.07069258716631675,0.22449881439398398,0
GSM3758081,22,3.1007369167866226,0.06015190113021009,0.2357926028965013,0
GSM3758082,22,3.021671605428467,0.1099044478041962,0.23612270835875193,0
GSM3998167,22,3.0924023515754104,0.05076835664153973,0.22598391779550597,0
GSM3998168,22,3.0325311228516583,0.07200296948924138,0.21596755043855254,0
GSM3998169,22,3.0334656378610143,0.12320113812941862,0.2167195385644764,0
GSM3998170,22,3.0435689314881595,0.07995892153470492,0.2341049682643964,0
GSM3998171,22,3.038925068936674,0.0955601437060775,0.2362462888187856,0
GSM3998172,22,3.0545837047450513,0.09498892137572659,0.21570222509152748,0
GSM3998173,22,3.0681169146907026,0.05597208821825786,0.2357596155171323,0
GSM3998174,22,3.113388245478999,0.03134562540718342,0.2059728022196609,0
GSM3998175,22,3.128478317845721,0.07551156020370654,0.20963330734004218,0
GSM3998176,22,3.0990869476686305,0.08994634242358994,0.21674526128787266,0
GSM3998177,22,3.097482886895427,0.08156167727326358,0.20742041125785005,0
GSM3998178,22,3.074465581793809,0.0896191528327671,0.2083104519722443,0
GSM3998179,22,3.061547785404841,0.06412043085567541,0.2120699934681877,0
GSM3998180,22,3.1178598973032052,0.024714185976311618,0.22930788780760578,0
GSM3998181,22,3.0712088053318785,0.1413581714918066,0.21464987830377485,0
GSM3998182,22,3.121650842980405,0.08797909910164417,0.2244554379919712,0
GSM3998183,22,3.07844436520945,0.11055053211667011,0.21946837342345482,0
GSM3998184,22,3.047345689136886,0.12848403169906225,0.2121016487335546,0
GSM3998185,22,3.072762051957846,0.10457622440677702,0.2085956758374474,0
GSM3998186,22,3.15775978986687,0.08692671198501549,0.21577233589005926,0
GSM3998187,22,3.1012231321497774,0.07260861750057875,0.21260756071519185,0
GSM3998188,22,3.0537336124962406,0.13091002924147557,0.21982731512905915,0
GSM3998189,22,3.052168476153386,0.10416146236598463,0.21103397423543055,0
GSM3998190,22,3.078390011941889,0.07017282610818797,0.21280938927196583,0
GSM3998191,22,3.0158542175651766,0.07978917437758903,0.22173187323500163,0
GSM3998192,22,3.069209852419897,0.04463016556376697,0.22863291412309564,0
GSM3998193,22,3.0154479017839133,0.13360304120094704,0.21932967209598284,0
GSM3998194,22,3.0926877719459283,0.09732836046412648,0.21413722775727287,0
GSM3998195,22,3.0074596535578917,0.09309984856325554,0.23547650239578516,0
GSM3998196,22,3.049397314898935,0.0550040193480217,0.22840660863244222,0
GSM3998197,22,3.1023015208481968,-0.0038202044430062066,0.22956436041589623,0
GSM3998198,22,3.0663302996386532,0.0454279643903312,0.22897174808918686,0
GSM3998199,22,3.0315263937877277,0.06134975485471115,0.21084862655500836,0
GSM3998200,22,3.0748383787748352,0.061873310647663875,0.2348872906722321,0
GSM3998201,22,3.030089417758521,0.07028634606604972,0.2246420913497394,0
GSM3998202,22,3.1101606526667074,-0.006289163152190204,0.23516256401372293,0
GSM3998203,22,3.0491757484584934,0.10638630569545868,0.23900038385525682,0
GSM3998204,22,3.068653685863566,0.04437145194366308,0.22254048796344988,0
GSM3998205,22,3.068694619767201,0.08277896682067305,0.23692584316610366,0
GSM3998206,22,3.0976416037676926,0.10307498755485123,0.2359388528977786,0
GSM3998207,22,3.0600700106789653,0.07348444219754593,0.22714695064102197,0
GSM3998208,22,3.0273485195352863,0.18599799595772848,0.22830047098108092,0
GSM3998209,22,3.063492085276225,0.10508772223886956,0.2226072245241105,0
GSM3998210,22,3.0853105332661674,0.021483941080544338,0.21097572497378383,0
GSM3998211,22,3.03722754936666,0.10456982546884842,0.23451934636539262,0
GSM3998212,22,3.0325962871656973,0.12975214300180635,0.23869566420124888,0
GSM3998213,22,3.0746990643443146,0.09530378743719652,0.2174918431491416,0
GSM3998214,22,3.019320198534367,0.09900148440697915,0.2385616291819809,0
GSM3998215,22,3.098638807588465,0.08955642995320452,0.2253328053637009,0
GSM3998216,22,3.0524580896101123,0.15977877484994424,0.21567126155098434,0
GSM3998217,22,3.009515465685123,0.17618773561109416,0.2225733314585328,0
GSM3998218,22,2.959685764886553,0.17202905292413506,0.21238813246422367,0
GSM3998219,22,3.057926592185053,0.1353294480135622,0.22810416441076792,0
GSM3998220,22,3.0536790161936858,0.16593000886270545,0.2179547005341778,0
GSM3998221,22,3.0030965674415886,0.19472095078377105,0.21374794339880476,0
GSM3998222,22,3.0365576891823793,0.1961971566184421,0.22280649975311173,0
GSM3998223,22,2.993666082490696,0.1457946792725767,0.20459731209736304,0
GSM3998224,22,3.021167387367434,0.16122208563782306,0.20948989051296346,0
GSM3998225,22,3.0219832326375347,0.005602549311045208,0.21980065549000413,0
GSM3998226,22,3.0544035098719218,0.08058122339315146,0.21320129661902767,0
GSM3998227,22,3.0102659439117976,0.026781521635443506,0.22332574230218674,0
GSM3998228,22,3.1204815817907288,0.061885749459431164,0.18977482409490876,0
GSM3998229,22,3.09136728434118,0.03440052493822892,0.2151019618850204,0
GSM3998230,22,2.992051558159741,0.10875573672913624,0.22986877912674789,0
GSM3998231,22,3.065082574493859,0.10165639481392198,0.21477832596055718,0
GSM3998232,22,3.085735161302135,0.053131317388572595,0.21134098387705655,0
GSM3998233,22,3.039248838525311,0.019558479010141214,0.22053928389625255,0
GSM3998234,22,3.088906944775764,0.09712944552520991,0.21332055847688428,0
GSM3998235,22,3.047891754569764,0.1167075953732911,0.2103618393118654,0
GSM3998236,22,3.0769161735986104,0.05590812167349927,0.22290680342373487,0
GSM3998237,22,3.125321669345167,0.07433636321035489,0.20324356399541912,0
GSM3998238,22,3.111527984537906,-0.00553081178167505,0.2197770793064455,0
GSM3998239,22,3.0831195537615983,0.1125009335114292,0.2112118464566601,0
GSM3998240,22,3.0932530646266625,0.01894138387113511,0.21000338368123425,0
GSM3998241,22,3.0652226974034438,0.08377534367796206,0.22247016826238186,0
GSM3998242,22,3.0129964435681718,0.0023606717544689074,0.21836291308059774,0
GSM3998243,22,3.075867737418785,0.05444184420548732,0.21919059622345505,0
GSM3998244,22,3.1067582609993902,0.02449315049197666,0.21738547298080155,0
GSM3998245,22,3.077653053819227,0.05050683764807873,0.20910998814723353,0
GSM3998246,22,3.1016276185294878,0.03340205697473858,0.22565861088988687,0
GSM3998247,22,3.0517241186045934,0.14181099602245517,0.24767999210678143,0
GSM3998248,22,3.059287872590294,0.10482943738703837,0.22444351464444703,0
GSM3998249,22,3.097405875504647,0.08484446412628942,0.2138850668388972,0
GSM3998250,22,3.1290791453645004,0.08415814582045097,0.20189086999111974,0
GSM3998251,22,2.9860247668115143,0.12009428733340088,0.22895947383560794,0
GSM3998252,22,3.1287262355932355,0.015864278279157925,0.21562684184614236,0
GSM3998253,22,3.0797827285300783,0.03644920597779537,0.20317903643451385,0
GSM3998254,22,3.026804124174227,0.09840427449270614,0.2267194399185321,0
GSM3998255,22,3.1059448738839652,0.10518818033825982,0.21088901164796456,0
GSM3998256,22,3.1354186542024096,0.0281659795546168,0.22317262253288395,0
GSM3998257,22,3.0475023163897,0.11374384801385307,0.21601637293072815,0
GSM3998258,22,3.031647158541255,0.06194629965975658,0.21049659307382743,0
GSM3998259,22,3.0603374422000678,0.07028329351032242,0.23014577509195144,0
GSM3998260,22,3.075976178893959,0.06290294623964424,0.22245171333615268,0
GSM3998261,22,3.053532172223156,0.11407972509552443,0.22303886513456325,0
GSM3998262,22,3.070094653034799,0.12705189693942395,0.2165813208605133,0
GSM3998263,22,3.0810607216378028,0.11203766987535307,0.21279716202204985,0
GSM3998264,22,3.0874943414824028,0.07087584259905545,0.2161452859698714,0
GSM3998265,22,3.078774088838204,0.12637231019561135,0.2192318688433014,0
GSM3998266,22,3.0838543534384737,0.08496437974605243,0.21247770125326118,0
GSM3998267,22,3.12507032304751,0.09514889284798579,0.2160470760158,0
GSM3998268,22,3.0328991629811326,0.004437002248065746,0.2341141837441522,0
GSM3998269,22,3.099932672924419,0.0740934032841319,0.2079419972710941,0
GSM3998270,22,3.1048714492565983,0.10163411157562391,0.21682835917326715,0
GSM3998271,22,3.0941816747650726,0.08875301991384876,0.2168648979772803,0
GSM3998272,22,3.122935650893829,0.04503708475864528,0.20771286792717134,0
GSM3998273,22,3.1005939513298686,0.05414487565990336,0.21899005191971843,0
GSM3998274,22,3.1088863414225063,0.11485879979475333,0.21643312059666694,0
GSM3998275,22,3.0248681302145917,0.12395197480443972,0.20841924664292832,0
GSM3998276,22,3.0670837338386545,0.08193722437318487,0.21319389998381397,0
GSM3998277,22,3.129091549514497,0.04810558466411039,0.2324244906952738,0
GSM3998278,22,3.055686775748098,0.06596530460220806,0.23902029611828499,0
GSM3998279,22,3.134830093613209,0.04006820962262642,0.216714809705811,0
GSM3998280,22,3.0336913374773156,0.012388371130180579,0.21679017243735957,0
GSM3998281,22,3.0654501645571184,0.08091900003360314,0.2131701941352231,0
GSM3998282,22,3.0911113124309844,0.056171001177000766,0.20722696722368208,0
GSM3998283,22,3.1095897169481006,0.04141497370957053,0.2361693529768546,0
GSM3998284,22,3.0731656144867556,0.02504367195695618,0.23824598418684978,0
GSM3998285,22,2.9999250612154573,0.031253159507903666,0.2078191982496717,0
GSM3998286,22,3.0787435622656685,0.12375107257884008,0.21743928667007792,0
GSM3998287,22,3.072952412720884,0.09978345278570835,0.2146436070257763,0
GSM3998288,22,3.1225415268349366,0.1058285916478608,0.22566330093828274,0
GSM3998289,22,3.0999051964475224,0.08037673028907288,0.20855150645756418,0
GSM3998290,22,3.06908324444788,0.0693044551561584,0.2061760134921913,0
GSM3998291,22,3.079828023658517,0.047507043473875396,0.22274612785227466,0
GSM3998292,22,3.12778997835311,0.07972958795197722,0.21154994497159416,0
GSM3998293,22,3.0885042457547938,0.03019766445454309,0.22287988200528158,0
GSM3998294,22,3.1145427430136614,0.07288308800693973,0.21804281670891368,0
GSM3998295,22,3.0746996269148936,0.12384834982257246,0.21714424006085553,0
GSM3998296,22,3.094385972570279,0.10968996939586816,0.22214613541204797,0
GSM3998297,22,3.119250680210387,0.12000885850522856,0.21065659178141014,0
GSM3998298,22,3.0840194675613852,0.10685856289260018,0.2066481049510999,0
GSM3998299,22,3.1248702351139825,0.055634213228869245,0.2231684842961715,0
GSM3998300,22,3.099161699521511,0.07385223273373313,0.21298707172814824,0
GSM3998301,22,3.0207715263412003,0.11833459995016242,0.209107306661063,0
GSM3998302,22,3.0726604481569697,0.07769697256110081,0.23777663315433833,0
GSM3998303,22,3.131034541959997,0.013852259336068887,0.2245715498807029,0
GSM3998304,22,3.0289808486523366,0.12212206847179208,0.24370179144056203,0
GSM3998305,22,3.056288344424263,0.10224668205229787,0.23389974582143613,0
GSM3998306,22,3.112614556662087,0.060597268010621735,0.2228187728974839,0
GSM3998307,22,3.09332187624942,0.04404359756138439,0.23376046597786243,0
GSM3998308,22,3.1118837459771465,0.05554137999005269,0.22926462989728227,0
GSM3998309,22,3.0495401247702327,0.12803269626805883,0.2372661941968032,0
GSM3998310,22,3.0628807438339285,0.10024078038229364,0.2226214271611642,0
GSM3998311,22,3.1143978494770903,0.07666087173056688,0.21599557107986259,0
GSM3998312,22,3.1200484427892143,0.0003033347539905426,0.23460870351934127,0
GSM3998313,22,3.086653239469556,0.04603892049201972,0.2088064987390314,0
GSM3998314,22,3.0014032817635954,0.1663735333203959,0.2261405525653199,0
GSM3998315,22,3.067133875369727,0.14836363602800579,0.2284715842591141,0
GSM3998316,22,3.058054330307569,0.12698156244776804,0.23600142117538672,0
GSM3998317,22,3.05582045487928,0.14351212362514013,0.23476240482142252,0
GSM3998318,22,3.043877261969358,0.15253587753513373,0.24303317317926554,0
GSM3998319,22,3.1228470635150996,0.08260631048791289,0.22073598199168146,0
GSM3998320,22,3.0929037446931624,0.08621589489613239,0.2202247915475461,0
GSM3998321,22,3.097395160697976,0.059965458778351716,0.21739618307855554,0
GSM3998322,22,3.043191021610288,0.1214251172211062,0.2300460792620715,0
GSM3998323,22,3.082339021243523,0.10978024752995623,0.2418913121999033,0
GSM3998324,22,3.0342655294699656,0.0992436681181745,0.22517193644169495,0
GSM3998325,22,3.1512710302200673,0.049242857167217546,0.24929541147484657,0
GSM3998326,22,3.1093088308787906,0.07454891183338042,0.23385502882135487,0
GSM3998327,22,2.9582967058809673,0.11497910181481541,0.23374315932901166,0
GSM3998328,22,3.0566297505436437,0.08440993930028225,0.2221064923765594,0
GSM3998329,22,3.0429992008104274,0.148293315916203,0.20626149023911522,0
GSM3998330,22,3.0162324394180198,0.19585307821701617,0.22596737418804763,0
GSM3998331,22,3.08475866973201,0.042280218806477324,0.233528235938127,0
GSM3998332,22,3.017397414030791,0.004313250944250779,0.2236430789975892,0
GSM3998333,22,3.0765038104528286,0.007533308296898315,0.23897985097455884,0
GSM3998334,22,3.0176197924498744,0.07339937642653223,0.24651973623060622,0
GSM3998335,22,3.0259325688794485,0.08015012372912976,0.23601344499100904,0
GSM3998336,22,3.111467407669085,0.06298726192972501,0.23984491597175822,0
GSM3998337,22,3.07526148097411,0.08263714214176486,0.22882637223806068,0
GSM3998338,22,3.047049961899285,0.09153678458505148,0.23869625924598548,0
GSM3998339,22,3.0275338617766225,0.06627375111653792,0.23528432377561295,0
GSM3998340,22,3.1007030318752373,0.008548203710086636,0.2254521229668028,0
GSM3998341,22,3.0485566025379836,0.08898906253787536,0.23396399238947632,0
GSM3998342,22,3.0397292826104723,0.08064797472373986,0.22834656684969706,0
GSM3998343,22,3.042582735073735,0.023732161924645296,0.2296745577832236,0
GSM3998344,22,3.1036248660614336,-0.011815033465584438,0.22071688439238052,0
GSM3998345,22,3.0444285985718316,0.06159668249874756,0.22616985293163605,0
GSM3998346,22,3.035436331046213,0.02427946141236467,0.2245845470511879,0
GSM3998347,22,3.0365244184924474,0.020610891980699705,0.20769558103864483,0
GSM3998348,22,3.0592308691219015,0.020848381217018958,0.21534888784833664,0
GSM3998349,22,3.0480267791177607,0.028936005456684743,0.23258499966072999,0
GSM3998350,22,3.0645054533144043,0.01403106599120887,0.21316783329421823,0
GSM3998351,22,3.0949100539386776,-0.010204410981254746,0.21381639041944828,0
GSM3998352,22,3.0219052096363614,0.0502170804720616,0.22075408925083653,0
GSM3998353,22,3.1018547114730466,-0.028671070166470965,0.2202782222359715,0
GSM3998354,22,3.0711007906182126,-0.01255965970214316,0.21530162178320775,0
GSM3998355,22,3.0959077232730436,-0.030584107133147635,0.19974146123701797,0
GSM3998356,22,3.0723942367322157,0.010999540554153598,0.21424633164115714,0
GSM3998357,22,3.0615421836793275,0.018693899444585788,0.2317875448197914,0
GSM3998358,22,3.060307059744674,0.06350941108490675,0.21683762078187516,0
GSM3998359,22,2.986750551202076,0.014519335429603104,0.22389691119652785,0
GSM3998360,22,3.021260142150477,-0.00980629358316923,0.21882538412297028,0
GSM3998361,22,3.1249512276678906,-0.014593571431223178,0.21977180754332115,0
GSM3998362,22,3.015191141519236,0.01055526292941256,0.20594865293811254,0
GSM3998363,22,3.1050879156015676,-0.040572093991580384,0.2230521914847351,0
GSM3998364,22,3.0929012384575074,0.0024799300526165352,0.21473437393871558,0
GSM3998365,22,3.0345044193838913,-0.009880469554392216,0.22031010660927913,0
GSM3998366,22,3.0475033780949623,0.0377997431098063,0.22782433269980623,0
GSM3998367,22,3.057524567765557,-0.016958267619540574,0.21597359462164198,0
GSM3998368,22,3.0567120182239917,0.008805188228866766,0.22625938150460778,0
GSM3998369,22,3.135822144830565,-0.05111649545478974,0.2245978420230496,0
GSM3998370,22,2.9970994677123617,0.03656731633349264,0.20609191410145947,0
GSM3998371,22,3.01295584483903,0.082318904011177,0.21809906382567504,0
GSM3998372,22,3.015613660911547,0.12717705114224664,0.20511978888470236,0
GSM3998373,22,3.08839099226362,-0.012041269982633579,0.21723939571240353,0
GSM3998374,22,3.0421839012753478,0.028367321124864342,0.2127302734026026,0
GSM3998375,22,3.051434662592091,0.06134647533352631,0.2158028999065443,0
GSM3998376,22,3.0492537268606132,0.035619873891295006,0.20753464039078012,0
GSM3998377,22,3.024257813627726,0.09677833574168819,0.22005178105429496,0
GSM3998378,22,3.0194582368801406,0.03739743482761027,0.2085039393452928,0
GSM3998379,22,3.027574079474688,0.0666063996471336,0.2155518765118409,0
GSM3998380,22,3.064618587359703,0.06438740354289112,0.21780786659818432,0
GSM3998381,22,3.016776366381046,0.04128147686219913,0.22129656923567317,0
GSM3998382,22,2.9973291116327947,0.0045022998908671895,0.21094931537978315,0
GSM4957321,22,3.1211784245260654,0.012961321252813374,0.22248173908720437,0
GSM4957322,22,3.061377976088291,0.07241607102010189,0.21832895591062987,0
GSM4957323,22,3.0031812838776757,0.1498335053479934,0.2212013841847583,0
GSM4957324,22,3.0511922766626625,0.06459699463316648,0.2120042862586843,0
GSM4957325,22,3.070193530216316,0.11905670311575826,0.1984641639916127,0
GSM4957326,22,3.0601261510500652,0.16630871606288694,0.2383451349184426,0
GSM4957327,22,3.0269044448007962,0.12976247395022694,0.21248367282025157,0
GSM4957328,22,3.028996017710839,0.08884069511174074,0.22938367300187834,0
GSM4957329,22,3.0711314887762398,0.10418807025607718,0.21759288563879997,0
GSM4957330,22,3.0720586362479283,0.1947171694590557,0.24373666853485393,0
GSM4957331,22,3.0852209939380133,0.13528074467315832,0.22304805547651121,0
GSM4957332,22,3.0298315108117593,0.13721314251998212,0.22532076718199243,0
GSM4957333,22,3.0377441830330976,0.08687345930120197,0.22312716757289505,0
GSM4957334,22,3.086672674645394,0.08104285052098656,0.2125849507761608,0
GSM4957335,22,3.1439931695480263,0.025935707232099287,0.20991482753042573,0
GSM4957336,22,3.1167706163856663,0.12518667895568747,0.21657203508654804,0
GSM4957337,22,3.0938130706166516,0.01097607474616161,0.2031443490502776,0
GSM4957338,22,3.0767915594658866,0.04890469119701993,0.1995821527485244,0
GSM4957339,22,3.104187998193274,0.11448270266570777,0.22692030972800672,0
GSM4957340,22,3.116665677636984,-0.006508375208810847,0.2091977754251991,0
GSM4957341,22,3.1857486316674097,0.03401015614885497,0.21843202256229852,0
GSM4957342,22,3.1862228135848296,0.023144162355773105,0.22354733504102256,0
GSM4957343,22,3.1101528991755907,0.027701347734839545,0.22445409928643267,0
GSM4957344,22,3.043797855156894,0.0837280261138208,0.2212911661086431,0
GSM4957345,22,3.0690474222460176,0.050693693721721916,0.22221888882545932,0
GSM4957346,22,3.100799510329616,0.042978710208847186,0.21242207039334327,0
GSM4957347,22,3.0722484104852934,0.13715784977189063,0.23061937211004194,0
GSM4957348,22,3.005711703908529,0.05826809581751847,0.229791369261107,0
GSM4957349,22,2.9658497487918476,0.016615394512481507,0.20845424857646858,0
GSM4957350,22,3.0128853117964742,0.15152647570686822,0.23990917809722187,0
GSM4957351,22,3.0847226149428355,0.07997281857075801,0.22757747629390312,0
GSM4957352,22,3.0410910332037635,0.1804324320771656,0.2143359146686377,0
GSM4957353,22,3.0539342936001934,0.01763630913666897,0.2148064407514093,0
GSM4957354,22,3.0296883691762,-0.001867912668403506,0.21648723019097618,0
GSM4957355,22,3.0332790799073583,0.07948253262371492,0.2255477311994284,0
GSM4957356,22,3.027976583146108,0.06895236124157045,0.22681721134732083,0
GSM4957357,22,3.0339556762790956,0.08842095749718178,0.22215437880881284,0
GSM4957358,22,3.0750023748358397,0.06962887553241802,0.22768611990163157,0
GSM4957359,22,3.0176886771947156,0.05329291831917421,0.21119740785430957,0
GSM4957360,22,3.098109793296148,0.0543992258500493,0.2448197861497156,0
GSM4957361,22,3.0326023216036533,0.14199089889110322,0.21362913829857866,0
GSM4957362,22,3.046765170984482,0.12930755722453302,0.21576721415236325,0
GSM4957363,22,3.0641130365382723,0.07548720801920111,0.22014687128393534,0
GSM4957364,22,3.064437458132295,0.08390322794806565,0.24231623323446583,0
GSM4957365,22,3.153400589541558,-0.008579961245648667,0.21442663669340395,0
GSM4957366,22,3.12619555776643,-0.05006070341186791,0.2002798482765375,0
GSM4957367,22,3.129062301414529,0.0010009649380298773,0.2284321796516093,0
GSM4957368,22,3.051512760868581,0.008718114092545168,0.22777516500680747,0
GSM4957369,22,3.083239761214248,0.022512478202026977,0.21242627606961886,0
GSM4957370,22,3.112114628528222,-0.005895861081670632,0.20696594280134045,0
GSM4957371,22,3.0906144118976666,0.14489775665641827,0.23442565766054513,0
GSM4957372,22,3.106548707914471,0.01925475604043699,0.2217623518692519,0
GSM4957373,22,3.0559363890468667,0.004042899360626224,0.2147024720018538,0
GSM4957374,22,3.118842139902776,-0.007398221042145637,0.22747226779296847,0
GSM4957375,22,3.0798419955313507,0.03241300966570252,0.21443618923878147,0
GSM4957376,22,3.1028066214988406,-0.025449068129675418,0.21926384120851153,0
GSM4957377,22,3.1429667872671847,0.06443383899891612,0.21191450713524537,0
GSM4957378,22,3.0990750946494368,-0.0019635444584871413,0.21996267271870212,0
GSM4957379,22,3.1150005545109205,-0.006547935901044957,0.22376396415264574,0
GSM4957380,22,3.084024423721967,0.030772231116894345,0.2298585158645854,0
GSM4957381,22,3.090572627722267,0.053093984776371034,0.2284116593659736,0
GSM4957382,22,3.0538414419075166,0.04103456173552024,0.2293624821819846,0
GSM4957383,22,3.0486388084867198,0.024506040812676908,0.2266142881300416,0
GSM4957384,22,3.076970247145682,0.04801042099525765,0.2218924013504184,0
GSM4957385,22,3.092749643912939,-0.0022741898704872238,0.22209484529828036,0
GSM4957386,22,3.0819616480170513,0.05700435596117537,0.22053402534108232,0
GSM4957387,22,3.087485929109374,0.09980437618388341,0.2435566901808529,0
GSM4957388,22,2.9861071524510674,0.1072820624925124,0.19938834150088497,0
GSM4957389,22,3.026017864714633,0.1561458906276147,0.2210298448482186,0
GSM4957390,22,3.0875980245673307,0.006502395009626625,0.2085008685952296,0
GSM4957391,22,3.0911031882191207,0.16079151930021382,0.22131270070828474,0
GSM4957392,22,3.0693379105795597,0.11886301733769944,0.21982424431215603,0
GSM4957393,22,3.0559575394964487,0.07668470297191159,0.2076700859047776,0
GSM4957394,22,3.086359377190252,0.0656011863499869,0.24357146676493366,0
GSM4957395,22,3.126619872274301,0.04446118935653524,0.194528851336916,0
GSM4957396,22,3.0563944172387076,0.03369086088132664,0.21376923228105846,0
GSM4957397,22,3.096278349986662,0.0058333927039873204,0.21863526683573573,0
GSM4957398,22,3.037787204737106,0.17538941481630965,0.2211199072076686,0
GSM4957399,22,3.09053890252556,0.0744456546796678,0.22659103515604273,0
GSM4957400,22,3.1046908151508052,0.01933717838766394,0.21832603268819814,0
GSM4957401,22,3.032900175347159,0.027319593383764298,0.22803075678844206,0
GSM4957402,22,3.094232979672466,0.0007213005327112269,0.23501043559058316,0
GSM4957403,22,3.0639284633158734,0.10407160257618094,0.21210829934072054,0
GSM4957404,22,3.0720317503815857,0.14003143466007237,0.23494305009739397,0
GSM4957405,22,3.046256272727503,0.1564110253366253,0.24387948217447164,0
GSM4957406,22,2.9984311584828847,0.20175706924252218,0.22904649655528894,0
GSM4957407,22,3.0409915765696316,0.05110508648889638,0.21835544926665565,0
GSM4957408,22,3.055398641914275,0.07454877459111292,0.23872964453280007,0
GSM4957409,22,3.1544757929359775,0.02054434436612648,0.21966052869377625,0
GSM4957410,22,3.139275421219698,0.05635192426506393,0.24324504887306259,0
GSM4957411,22,3.135943757083781,0.03551447318954935,0.24172261998034134,0
GSM4957412,22,3.1023819733428692,0.10463218415552511,0.235721876052471,0
GSM4957413,22,3.146730114643543,0.07760217046266497,0.23957988354093848,0
GSM4957414,22,3.086365684944066,0.10559631722219195,0.22454766053954237,0
GSM4957415,22,3.0400199722701715,0.050617335994679095,0.22449886812486045,0
GSM4957416,22,3.077912920296901,0.06458366445307605,0.2299351337579359,0
GSM4957417,22,3.089083764288566,0.0717812049999288,0.216106117676218,0
GSM4957418,22,3.1075855732560123,0.07972842876360148,0.2293563665971056,0
GSM4957419,22,3.145048906762143,0.08097757722627878,0.22651780732025853,0
GSM4957420,22,3.0595828439078447,0.11311558370997443,0.22312000098954046,0
GSM4957421,22,3.0669228118179523,0.11661553461653255,0.2324471878254558,0
GSM4957422,22,3.08032463320516,0.07119185240341534,0.22794479522226047,0
GSM4957423,22,3.120605912844417,0.062410975895711845,0.22424734162974638,0
GSM4957424,22,3.0709532326060804,0.060500691283760864,0.2198960665142327,0
GSM4957425,22,3.08950141465059,0.1047427516113391,0.2303074750188127,0
GSM4957426,22,3.0284951831668336,0.08824986658606072,0.21370771626178353,0
GSM4957427,22,3.079586631027457,0.11251222530774847,0.2247742091445335,0
GSM4957428,22,3.0816397749206943,0.11139155535782709,0.21732358748474098,0
GSM4957429,22,3.0957888556608135,0.1419452722239834,0.223465629703093,0
GSM4957430,22,3.0760291367220063,0.12756553494534775,0.22504568264022823,0
GSM4957431,22,3.14541890919337,0.10384998836228974,0.2232993882698448,0
GSM4957432,22,3.079102378066052,0.11178768753525145,0.2191442618583172,0
GSM4957433,22,3.075508475626322,0.0798941538824151,0.21331821805288764,0
GSM4957434,22,3.156390509581518,0.0211083122618574,0.23648046976958795,0
GSM4957435,22,3.0544547066651604,0.10588053976591277,0.2335110756633124,0
GSM4957436,22,3.0826184033177033,0.11056525305525222,0.21268487068983832,0
GSM4957437,22,3.1009729729574103,0.15489735184821396,0.23904450604755237,0
GSM4957438,22,3.0789992444240526,0.1635724153695711,0.2180985602612122,0
GSM4957439,22,3.0874508727110124,0.1235556065743312,0.2252018352468313,0
GSM4957440,22,3.0348362742346326,0.1102582002198207,0.21276761755857615,0
GSM4957441,22,3.166668378997804,0.1253983037567564,0.22318717741144534,0
GSM4957442,22,3.055964383692444,0.06140807483823572,0.23433491807670453,0
GSM4957443,22,3.0791858594514268,0.07351456707136474,0.22184401554839073,0
GSM4957444,22,3.063762360170705,0.18085852684230633,0.2156386626999627,0
GSM4957445,22,3.0673447806959446,0.04927108379339602,0.1901874533125976,1
GSM4957446,22,3.0669291128363882,0.1368486726721906,0.22165018693556532,0
GSM4957447,22,3.0828329283733584,0.12909890997144668,0.2281904610536109,0
GSM4957448,22,3.0106910431592917,0.0856353389867359,0.21710430411166007,0
GSM4957449,22,3.1027967587157654,0.11763248765182004,0.23153702279433921,0
GSM4957450,22,3.0860261799299864,0.06808419118277738,0.22280877582091088,0
GSM4957451,22,3.0466387844315768,0.10581348876599156,0.21795401186835406,0
GSM4957452,22,3.042835544800284,0.07256922475483397,0.22563738922091958,0
GSM4957453,22,3.1021948352784507,0.145813020437505,0.24852938021219367,0
GSM4957454,22,3.0022666640771583,0.1459332861547393,0.22592329937663108,0
GSM4957455,22,3.0531220471118115,0.08406024292523573,0.2246003477323702,0
GSM4957456,22,3.0490486668414793,0.04473308714827084,0.2239877262896939,0
GSM4957457,22,3.065948748715891,0.11664894168804915,0.20781211973933314,0
GSM4957458,22,3.071965255252721,0.03465974875526738,0.22237102083001456,0
GSM4957459,22,3.1218110858719683,0.12478789835022516,0.22540851593954447,0
GSM4957460,22,3.0577259568517574,0.09060215336439496,0.22046008947114495,0
GSM4957461,22,3.0360714938790085,0.06159037511467496,0.21367536319374977,0
GSM4957462,22,3.0418241127335923,0.1629554036703741,0.21949446755513757,0
GSM4957463,22,3.1975382998077397,0.0993092016470787,0.23602301769522988,0
GSM3758005,X,3.1971287689777257,0.07634660382837873,0.21079802711959364,2
GSM3758006,X,3.24054559673294,0.09260361693507549,0.20170489208465528,0
GSM3758007,X,3.2043747646463463,0.07299288693882475,0.20979549887045124,2
GSM3758008,X,3.1878109607240286,0.1037469018079218,0.20913494523396997,1
GSM3758009,X,3.151898864529785,0.1284017277280751,0.2152178855568899,1
GSM3758010,X,3.243466958657845,0.08892347449952877,0.1996518232378552,0
GSM3758011,X,3.2557827090342486,0.053216324447214344,0.20584158083980755,2
GSM3758012,X,3.2396592256463794,0.07706276095281384,0.20185945654434717,1
GSM3758013,X,3.208171460704705,0.09143398241408576,0.20997699473230003,1
GSM3758014,X,3.256911764589097,0.07641230321205811,0.20788818838882528,3
GSM3758015,X,3.1748419594634103,0.11505328226056512,0.21737227216991392,0
GSM3758016,X,3.1817566825158017,0.10720859953318898,0.21059815939532625,0
GSM3758017,X,3.2659119650515236,0.07138727976921341,0.1996307767384391,2
GSM3758018,X,3.176525190755117,0.11627594238683372,0.21933962560474035,0
GSM3758019,X,3.207557781842611,0.09715710498053347,0.21037507492066296,2
GSM3758020,X,3.257571996647166,0.13843876127503843,0.2095043179231991,0
GSM3758021,X,3.181978427315155,0.10850627474022394,0.21236893915123398,0
GSM3758022,X,3.2062245713480504,0.10072058287104933,0.21418105131830173,0
GSM3758023,X,3.2428807156264186,0.07899462938026144,0.21187897328344,0
GSM3758024,X,3.215725221779433,0.09246678533139181,0.20672897261529188,1
GSM3758025,X,3.234850079949071,0.09420823975171334,0.20581860126745122,1
GSM3758026,X,3.1995349204562875,0.09647603500154754,0.21363797178826976,2
GSM3758027,X,3.230172592327783,0.08307650323646981,0.20054052928811147,2
GSM3758028,X,3.207705209407983,0.08696228711205688,0.217851254490312,1
GSM3758029,X,3.200443630355363,0.05851998939391962,0.21127485936141444,2
GSM3758030,X,3.22105201773638,0.08485422306901465,0.2087454098045011,1
GSM3758031,X,3.138585507720642,0.1449131419610918,0.21654353077893126,0
GSM3758032,X,3.181591943612082,0.14027398520328374,0.21030653275045716,0
GSM3758033,X,3.169170689697629,0.1012240770870935,0.22694995291009254,0
GSM3758034,X,3.166488292610518,0.13729809383783081,0.2261163445412102,0
GSM3758035,X,3.201819948516186,0.11165088389525907,0.20492155948715335,0
GSM3758036,X,3.1860075334894926,0.1536949350689977,0.2119996671999452,0
GSM3758037,X,3.2191470624518352,0.11342104910545742,0.2100277590896966,0
GSM3758038,X,3.2413276167548917,0.09217660363121444,0.20494180391322633,0
GSM3758039,X,3.233060245493096,0.03918844080402746,0.2149979011918655,3
GSM3758040,X,3.209598646984493,0.09250801386515248,0.2216673528801543,1
GSM3758041,X,3.2358202099244404,0.09326418765111558,0.20609699331753578,0
GSM3758042,X,3.246141692033707,0.08648436865397387,0.20151131880907008,2
GSM3758043,X,3.2136539480142816,0.13242797246699053,0.21013368229412113,0
GSM3758044,X,3.2232765572011552,0.08171627503379249,0.20656336957678537,3
GSM3758045,X,3.175491905356549,0.13377731162500733,0.20440078792563776,0
GSM3758046,X,3.237400191131353,0.06557550328435618,0.19964376796238922,2
GSM3758047,X,3.173437317532951,0.12030410307422332,0.21209065364158733,0
GSM3758048,X,3.1633156580917454,0.15217234396703053,0.22266189820368554,0
GSM3758049,X,3.2064682678819763,0.09821946556004506,0.21171670716815505,0
GSM3758050,X,3.1914842838863615,0.11450803669336039,0.2011950650379341,0
GSM3758051,X,3.2820532095103188,0.06940737331866599,0.2108454223941919,3
GSM3758052,X,3.224293679402447,0.07716651733445888,0.21240049525393712,3
GSM3758053,X,3.2122185338030027,0.1296594092651312,0.203731859412624,0
GSM3758054,X,3.2349758141091702,0.0948412939644866,0.2096344169290808,2
GSM3758055,X,3.2159504174410514,0.0933893269200215,0.2040580817658152,2
GSM3758056,X,3.2366687938593603,0.062326546504578105,0.20444729817928872,3
GSM3758057,X,3.1948352084742386,0.10118557846154437,0.20485811428595752,0
GSM3758058,X,3.186018587060705,0.10511353502263147,0.21523455874591713,0
GSM3758059,X,3.2437708902047433,0.07162893033206566,0.21289156358071912,2
GSM3758060,X,3.223418313402362,0.08664503859232313,0.2111880456630904,3
GSM3758061,X,3.1965556646512314,0.09300410596184419,0.21662702211086476,2
GSM3758062,X,3.243369412410624,0.07950863159202087,0.21036686467635493,1
GSM3758063,X,3.212032128939738,0.09946216073482181,0.21006284673768608,3
GSM3758064,X,3.2331467629367854,0.0758544266120489,0.2077312808031163,3
GSM3758065,X,3.199248404714036,0.09986985571820556,0.21040475478009166,2
GSM3758066,X,3.244706199719346,0.06613238289297903,0.21277446616622142,3
GSM3758067,X,3.2418928657705894,0.11487908126352814,0.20545331133216754,0
GSM3758068,X,3.2119548855181823,0.08383983503024241,0.2105736476200149,1
GSM3758069,X,3.2163028062508885,0.07433155003118483,0.2186341068784408,1
GSM3758070,X,3.1964357274199418,0.13477111879693085,0.2130978022632672,0
GSM3758071,X,3.2352839014281987,0.10128304646199587,0.21420220509845986,1
GSM3758072,X,3.2352412644838413,0.06421914775789596,0.2176401025937464,3
GSM3758073,X,3.1782264398011786,0.14204108291073667,0.20657741339015945,0
GSM3758074,X,3.2164876262430395,0.12322152394660885,0.21301750560810753,0
GSM3758075,X,3.2508080429465647,0.14667526154250246,0.21037032168143854,0
GSM3758076,X,3.2291258430880236,0.12453221578111252,0.21182372325791798,0
GSM3758077,X,3.193421945805662,0.12808094691861058,0.21642016615059131,0
GSM3758078,X,3.2348862120561095,0.08014469152807084,0.21360547515119815,3
GSM3758079,X,3.18016577689629,0.13169020390591907,0.21697566922671274,0
GSM3758080,X,3.1660221881885864,0.14448070783970962,0.21174745888825117,0
GSM3758081,X,3.2416786039474275,0.09758087967152905,0.2102164144287465,1
GSM3758082,X,3.205281118891282,0.10856874858452975,0.20519022947493823,0
GSM3998167,X,3.231758403678286,0.0900966216308506,0.21411162284824767,2
GSM3998168,X,3.189900199786929,0.10902344506511596,0.21733489180347032,0
GSM3998169,X,3.171083932463909,0.17146940304750943,0.22277938602214187,0
GSM3998170,X,3.2078651266875977,0.10135655465650743,0.2193916750331233,0
GSM3998171,X,3.2196976671601667,0.12397794629180957,0.21447763460512279,0
GSM3998172,X,3.1826244822434933,0.14850946320581282,0.21945743163864725,0
GSM3998173,X,3.2143693967417137,0.09348160071465474,0.2127331385280517,0
GSM3998174,X,3.1896116546710287,0.1395884066242866,0.2089468205770808,0
GSM3998175,X,3.2496001635984957,0.11455748129575667,0.2005762031472168,2
GSM3998176,X,3.270905595852692,0.09551682995109623,0.2133587707169867,3
GSM3998177,X,3.2465539462993984,0.10088413499736529,0.2084022615601323,2
GSM3998178,X,3.1871651195175303,0.1682898924048039,0.20761832026947707,0
GSM3998179,X,3.228263494888321,0.09408617014917053,0.21391229106265625,2
GSM3998180,X,3.2074762150344966,0.1331943672479498,0.210287127519364,2
GSM3998181,X,3.2676430446966496,0.07377521644750785,0.2058574001099258,3
GSM3998182,X,3.2426467503374017,0.10459264580680958,0.21491076399759348,2
GSM3998183,X,3.222286420449277,0.13346964103530318,0.21706823875319606,2
GSM3998184,X,3.208618978629069,0.13546275279407063,0.2105997229511684,2
GSM3998185,X,3.191321070353536,0.13145174050907685,0.21778286686644263,1
GSM3998186,X,3.2555810328935517,0.15303034920339703,0.21090218189855164,0
GSM3998187,X,3.202369746864548,0.14579304947365102,0.21930964954896043,0
GSM3998188,X,3.246050087976629,0.06501259625003424,0.21617896098833578,2
GSM3998189,X,3.1838715222034755,0.14350395610212854,0.210381940713879,1
GSM3998190,X,3.2848061444924603,0.053627064958955854,0.20801327518773702,3
GSM3998191,X,3.2026686309673873,0.09510531965989238,0.22345347275225297,2
GSM3998192,X,3.1966083123272306,0.09594261683824754,0.21513423236963586,2
GSM3998193,X,3.207985440830471,0.10917215597633023,0.21951234825333993,2
GSM3998194,X,3.319811751254408,0.05446574126476321,0.21586927736704375,3
GSM3998195,X,3.1845311316753775,0.13289551274141884,0.2243762124865946,0
GSM3998196,X,3.2193071310833394,0.050567592231088844,0.20689309460602953,1
GSM3998197,X,3.2278549001999295,0.0865842436437113,0.21478605912353008,2
GSM3998198,X,3.224433108817043,0.07038973171095672,0.21472549894400242,3
GSM3998199,X,3.173172745977807,0.0933216574353617,0.21935013193471498,0
GSM3998200,X,3.2637574977439874,0.04684256563600874,0.2133035647670237,3
GSM3998201,X,3.2284371766996824,0.01840428818678182,0.21562832201583246,1
GSM3998202,X,3.272602777718203,0.06093002746600155,0.20490391379761885,1
GSM3998203,X,3.225846646404342,0.12984198172995456,0.20933186588042574,0
GSM3998204,X,3.2290753295911503,0.06728580589727585,0.211171053133456,0
GSM3998205,X,3.2417664543086633,0.09071841293352689,0.21215906778028723,0
GSM3998206,X,3.2523481690085694,0.12404690151741042,0.22147148749959267,0
GSM3998207,X,3.2530641159538676,0.08104377706737308,0.22214748712809163,2
GSM3998208,X,3.24150510018853,0.1341746183016246,0.21106940952972678,0
GSM3998209,X,3.198803738052465,0.14354624721187154,0.2126521103503017,2
GSM3998210,X,3.2080691965037715,0.06159605996234403,0.21650567919894706,2
GSM3998211,X,3.237120571802824,0.09756469874342791,0.2114005606200427,0
GSM3998212,X,3.2314274906486498,0.08786411521596889,0.22473794793709165,2
GSM3998213,X,3.1935807666144624,0.1489556789741199,0.2141199174150953,0
GSM3998214,X,3.20189319257612,0.05560161349975856,0.22418298431089517,1
GSM3998215,X,3.2313819808070425,0.13587798685966845,0.2209972248014372,0
GSM3998216,X,3.21152549594252,0.14190433920463036,0.2201281584136208,0
GSM3998217,X,3.2394003323930156,0.09128847191100709,0.21499823803394685,2
GSM3998218,X,3.2167760402711005,0.04882737708133244,0.21676892621122995,2
GSM3998219,X,3.219661050787567,0.12906690714626584,0.20996567410723363,0
GSM3998220,X,3.2531301526772953,0.08115042020015487,0.21593257344301073,2
GSM3998221,X,3.205743346789637,0.09642315198330492,0.22906319246634008,3
GSM3998222,X,3.2524866649022233,0.14720810343381216,0.21574378635540564,1
GSM3998223,X,3.200685338615905,0.07592099978595346,0.21063780982770652,2
GSM3998224,X,3.1889387222217254,0.0897584336869029,0.2158491299078086,2
GSM3998225,X,3.1236875779253785,0.09109696475179896,0.22482426732832853,0
GSM3998226,X,3.2287027664476913,0.09467767406508584,0.21209634272876549,2
GSM3998227,X,3.1900108503620106,0.07014757780202795,0.20652282378536702,0
GSM3998228,X,3.186832439996945,0.16373777841954845,0.21522565461443488,0
GSM3998229,X,3.183872494138153,0.1214579444641675,0.2229728693053732,0
GSM3998230,X,3.32952169726955,0.04053397765906218,0.20690860276835296,0
GSM3998231,X,3.1933360018140684,0.15476370455678898,0.21697424462586912,0
GSM3998232,X,3.2224811838113765,0.14900150397903347,0.20006552777887074,0
GSM3998233,X,3.1578006503706555,0.08945664369663625,0.2238828940376879,0
GSM3998234,X,3.2345025927897924,0.1003714611650223,0.20453731205265197,1
GSM3998235,X,3.2216301773524725,0.10660362635189123,0.210252975144746,3
GSM3998236,X,3.1747161861118367,0.12474382294121489,0.2167996068859185,0
GSM3998237,X,3.26889133572114,0.07886789078303182,0.21053029925706876,3
GSM3998238,X,3.1770031140485937,0.09995768626635758,0.20303697554996275,1
GSM3998239,X,3.227201517457399,0.09244386383203713,0.20928673086286922,3
GSM3998240,X,3.2299284614798593,0.07433957154679827,0.20357048862930877,1
GSM3998241,X,3.2038496380747428,0.11212523820384576,0.21646416683089997,0
GSM3998242,X,3.1478669413580658,0.1007386704696743,0.20796103851181616,1
GSM3998243,X,3.180268513757669,0.12237714959566216,0.2190100660723897,0
GSM3998244,X,3.198037119605457,0.12868756446616095,0.2118102972335899,0
GSM3998245,X,3.2377698423958075,0.07811440463044664,0.20911808794385456,3
GSM3998246,X,3.257633399099712,0.08298515662937432,0.2097400924608246,1
GSM3998247,X,3.240151966651517,0.08240401438962383,0.22383430007863542,2
GSM3998248,X,3.1926987238728004,0.09434898035790568,0.22301400373415278,3
GSM3998249,X,3.225274235383818,0.1474124824972395,0.21817937550234423,0
GSM3998250,X,3.210581886248817,0.1436957832015869,0.2215131929200479,0
GSM3998251,X,3.1512269309823298,0.15445887290445595,0.2261347174863094,0
GSM3998252,X,3.1976001046936493,0.13473597032911708,0.21848867914899717,0
GSM3998253,X,3.197977598773734,0.07207207475632006,0.21766123662025066,0
GSM3998254,X,3.1632854073285865,0.14082227368038094,0.2176944209420823,0
GSM3998255,X,3.216641911758788,0.15991413507482954,0.21450967095644416,0
GSM3998256,X,3.2133278598855646,0.12222771299101029,0.2130794123653225,0
GSM3998257,X,3.2201134396761386,0.0866488356975883,0.2100618603633348,3
GSM3998258,X,3.1643502830934893,0.12907501931824927,0.22275048669198547,0
GSM3998259,X,3.2546767856172716,0.10814891188097878,0.20719385115330444,0
GSM3998260,X,3.2793865934005217,0.0916342942077296,0.1897225331517231,0
GSM3998261,X,3.221928969198161,0.12255474858798995,0.20979238432597508,3
GSM3998262,X,3.199449341405537,0.16509524580900736,0.20451356595950784,0
GSM3998263,X,3.2134192316046404,0.1488421801843986,0.20600090714809888,0
GSM3998264,X,3.232208428422885,0.0830005616958987,0.21278933011021353,2
GSM3998265,X,3.250801233836738,0.10670576492107149,0.20542086466183687,2
GSM3998266,X,3.2156016424635196,0.14655180556582667,0.21162570805197453,0
GSM3998267,X,3.271691784755354,0.10965660890546941,0.19656297564774983,2
GSM3998268,X,3.2025562974648403,0.07775707140551312,0.20254951292323228,2
GSM3998269,X,3.2159139766673266,0.13519497958809928,0.2119850841091927,2
GSM3998270,X,3.2573184817466907,0.1173943018477153,0.21509649158608185,2
GSM3998271,X,3.234245046126667,0.09817244534564805,0.2050013081738098,3
GSM3998272,X,3.1980132800944063,0.16663580763626382,0.19548018704662948,0
GSM3998273,X,3.2664343548164756,0.06750994126228484,0.208856944878746,1
GSM3998274,X,3.266981624079295,0.07589848914489634,0.20917101032827365,2
GSM3998275,X,3.2175678164250003,0.06740812890759881,0.2181243220995844,3
GSM3998276,X,3.125265117955096,0.1687118611130957,0.2183883454177974,0
GSM3998277,X,3.2475008419197495,0.09242385433824474,0.20800933876668443,1
GSM3998278,X,3.264839431742611,0.08300549125889756,0.19331204040440803,0
GSM3998279,X,3.223055541216654,0.09225098463155001,0.20762208737503055,2
GSM3998280,X,3.268660240577628,0.10615964592045606,0.19742012518139804,2
GSM3998281,X,3.195789646340406,0.1201450455772747,0.21505308185085922,0
GSM3998282,X,3.1897539293102595,0.14858238376590263,0.2042683413931515,0
GSM3998283,X,3.270340767771076,0.07557441319865493,0.22077131864924468,0
GSM3998284,X,3.2539710563589166,0.0440952271023,0.19996181651837727,1
GSM3998285,X,3.1715027278807844,0.09509582124278423,0.20936927763202104,0
GSM3998286,X,3.1992931710259183,0.1607552711942832,0.21244089657082424,0
GSM3998287,X,3.2497892031805122,0.07957426557942102,0.2108360594033559,3
GSM3998288,X,3.2522911676472255,0.11788945196964379,0.21394415102971165,2
GSM3998289,X,3.2408954169974935,0.09489473347008232,0.20990044880058356,3
GSM3998290,X,3.223137375456423,0.08623969840204057,0.20911026300892194,3
GSM3998291,X,3.242503959431922,0.0915847866413269,0.21310264694753822,3
GSM3998292,X,3.2537229176489477,0.09236850706549429,0.20557624965710194,3
GSM3998293,X,3.2123131569381678,0.12493898896281337,0.19712052004053898,1
GSM3998294,X,3.2605361125900325,0.09758643548006062,0.20846219328446344,2
GSM3998295,X,3.238576081332393,0.11684016532202444,0.21467180660199972,2
GSM3998296,X,3.2597140667113726,0.09717640683992528,0.20446310898573586,2
GSM3998297,X,3.2920831897035088,0.08748652411373369,0.21011183151153462,3
GSM3998298,X,3.2738078691697985,0.06159019068297949,0.21424960234407506,3
GSM3998299,X,3.2568616980313045,0.10724698018184248,0.20634994577930793,2
GSM3998300,X,3.224413726201681,0.11292573566045952,0.20798624106639496,2
GSM3998301,X,3.211073216921256,0.13362084263824942,0.22265375980216653,2
GSM3998302,X,3.2136747871895355,0.09290074377356262,0.20847503779047055,0
GSM3998303,X,3.254707732017919,0.09329800756819202,0.2006994380940361,0
GSM3998304,X,3.289027556013084,0.09213631821844634,0.18635608146180255,0
GSM3998305,X,3.2551746535355006,0.10812104014684767,0.21010366490337187,0
GSM3998306,X,3.2167234704556327,0.14301662577038737,0.21140714464242902,0
GSM3998307,X,3.250963981333987,0.08918313485021907,0.2074120361971675,0
GSM3998308,X,3.2293694265665183,0.10494631570789374,0.21364901491556848,2
GSM3998309,X,3.2480194646686957,0.07687823183551153,0.22461104589311268,2
GSM3998310,X,3.2332261896624246,0.11173104377787266,0.20827812411934268,3
GSM3998311,X,3.2412332444538308,0.1269836257323337,0.2160778783474955,2
GSM3998312,X,3.217361084099506,0.09938756869722687,0.21016872256768965,0
GSM3998313,X,3.2558144749771722,0.07621971470422952,0.21820532472741047,2
GSM3998314,X,3.2186168711839516,0.10378055045396449,0.21975175844742229,1
GSM3998315,X,3.270092986736076,0.0988131212194221,0.21623638846645418,2
GSM3998316,X,3.2593748388924224,0.10407872912408657,0.2122945058893409,0
GSM3998317,X,3.288455741870947,0.07532034559607204,0.20996620370098346,2
GSM3998318,X,3.2374795355149093,0.09851342343359751,0.2235741622202534,2
GSM3998319,X,3.2402270127875332,0.12512074141562496,0.21155403725874114,0
GSM3998320,X,3.2468625420116015,0.10908986405879115,0.21495756493052234,0
GSM3998321,X,3.22511946089664,0.13561462587414716,0.21762431397312781,0
GSM3998322,X,3.2221707534738115,0.10051771384028388,0.21476696381176638,0
GSM3998323,X,3.2522440126612127,0.09689579562944213,0.21134370713302628,0
GSM3998324,X,3.2324592847830855,0.06698731154155678,0.22171737549936132,3
GSM3998325,X,3.308695705312614,0.07290447998664074,0.2126050851788389,1
GSM3998326,X,3.271967444732529,0.09640669900986432,0.20663451008028297,1
GSM3998327,X,3.149257724025586,0.10794984582491016,0.22397288940153673,1
GSM3998328,X,3.1890174200820356,0.12473732478709347,0.22098849112608884,2
GSM3998329,X,3.1657191856585816,0.150122177501365,0.22207371999021008,1
GSM3998330,X,3.2430319723652925,0.09915145135450074,0.20468591388938762,3
GSM3998331,X,3.21705738925614,0.1310510277935735,0.20497971224286035,0
GSM3998332,X,3.122714263357678,0.10869987431607167,0.22483865015594776,0
GSM3998333,X,3.2323186716497685,0.07900189801615419,0.2182310915710023,0
GSM3998334,X,3.165848388488611,0.1080834436850003,0.20623620439918683,0
GSM3998335,X,3.1760906766357264,0.09993160615388866,0.21870679837702078,0
GSM3998336,X,3.2131171547056283,0.11437844706101534,0.22198478699634272,0
GSM3998337,X,3.283862847227573,0.07225210612668234,0.21222511266387312,1
GSM3998338,X,3.2289104199601026,0.10035200958318456,0.2133535970377897,0
GSM3998339,X,3.2287343870794767,0.11808924062647659,0.2087347882323133,0
GSM3998340,X,3.223823124503486,0.12748781045523402,0.2116125797187251,0
GSM3998341,X,3.2121880470003106,0.10847611977291333,0.2122179315630978,0
GSM3998342,X,3.179540531902872,0.11748883135954366,0.2152282494629272,0
GSM3998343,X,3.1674798916591325,0.10245916694737828,0.20198002985190697,0
GSM3998344,X,3.1997632749572,0.0969107740832014,0.20316128647970677,0
GSM3998345,X,3.1919381498354875,0.1247195016342413,0.19516450566422514,0
GSM3998346,X,3.209942843955225,0.08809556742339139,0.19625348314441826,1
GSM3998347,X,3.1589166794184846,0.1218022824673366,0.20622270517838515,0
GSM3998348,X,3.222575619307656,0.05908729334707249,0.20607865936209646,2
GSM3998349,X,3.19506260572622,0.0965183954831187,0.20445514061133196,1
GSM3998350,X,3.1777157999843038,0.08203982983814377,0.21165378480230918,0
GSM3998351,X,3.2053294269612795,0.06016338224972731,0.19517895907713886,3
GSM3998352,X,3.205211585877935,0.0709418859824948,0.19968474153007507,2
GSM3998353,X,3.2105556672148654,0.1139686248238313,0.21751102470049735,0
GSM3998354,X,3.1737567032884244,0.10051622473580842,0.21410928708313756,0
GSM3998355,X,3.2091398082899034,0.06850157302712262,0.2195314460102699,2
GSM3998356,X,3.179258536036533,0.10883245698235529,0.19739011860452674,0
GSM3998357,X,3.210246802758277,0.07562435026739671,0.2051840856193784,2
GSM3998358,X,3.1779773611254316,0.1054245358059525,0.20595440886290184,2
GSM3998359,X,3.1263732165960363,0.08942411129495467,0.2163334919036272,0
GSM3998360,X,3.17862700701364,0.11618432119919296,0.19477556891753814,0
GSM3998361,X,3.275269340666781,0.10891471042143992,0.2034059629636787,0
GSM3998362,X,3.11866522822823,0.14530916306032957,0.21777568096309102,0
GSM3998363,X,3.2177983109493984,0.09329299761144946,0.19562427737741417,2
GSM3998364,X,3.19161632721887,0.111838193208381,0.2043675002676742,0
GSM3998365,X,3.1677031892701897,0.08890412949527282,0.20686803737944645,0
GSM3998366,X,3.230431804145843,0.09336685831764614,0.19398966502251805,0
GSM3998367,X,3.170454660869665,0.11042813735715859,0.2087818643593362,0
GSM3998368,X,3.199137173183462,0.093328972254173,0.20400239893221409,1
GSM3998369,X,3.256431753717483,0.07144788333681926,0.20876734409725348,0
GSM3998370,X,3.1477152097976657,0.11722922803638554,0.20387689674059808,0
GSM3998371,X,3.1530916269147897,0.1071821554830624,0.21840601671396387,1
GSM3998372,X,3.164878013353555,0.12313635784445084,0.22585596194417018,0
GSM3998373,X,3.1897098967130515,0.0831067172089843,0.2252350561788568,0
GSM3998374,X,3.1306506385341653,0.1432619809355945,0.22049475308056768,0
GSM3998375,X,3.185088951748852,0.10546541930684858,0.21492110467785233,2
GSM3998376,X,3.1590259918364216,0.11307485391729963,0.21618342221742087,0
GSM3998377,X,3.182739488065736,0.09779459175790836,0.2212330990363406,1
GSM3998378,X,3.1301133305073985,0.1080027899918185,0.21921370633506937,0
GSM3998379,X,3.167318794442483,0.08814123639271208,0.2099188202170774,0
GSM3998380,X,3.1819125211685724,0.10191104160258449,0.20551667006567062,2
GSM3998381,X,3.1221887528918524,0.12634213459187948,0.20666420361224214,0
GSM3998382,X,3.074260566167464,0.13575564845133378,0.22475303970704505,0
GSM4957321,X,3.2577030369714484,0.0867611700860821,0.21066459624081846,0
GSM4957322,X,3.200584546360469,0.14123356015316904,0.20411715071406245,0
GSM4957323,X,3.131486610915196,0.1640370279972363,0.21758681508643365,0
GSM4957324,X,3.172391518589212,0.0937445005277165,0.2220431518361646,2
GSM4957325,X,3.2522249234818665,0.11179497485475699,0.2141851689383192,2
GSM4957326,X,3.170467335193994,0.17751989673687624,0.23018986653479273,0
GSM4957327,X,3.1878128935352543,0.12093285907391663,0.23273979205781148,0
GSM4957328,X,3.1910394618597566,0.09216815637318439,0.21750894000301665,2
GSM4957329,X,3.1682728180225035,0.16985889017078873,0.21530579422138513,0
GSM4957330,X,3.305257862533408,0.11531868008327471,0.22135669374481118,0
GSM4957331,X,3.1824489455799565,0.16908339457967336,0.2250519639379678,0
GSM4957332,X,3.200616559394004,0.10957015389022644,0.21478203741570392,0
GSM4957333,X,3.1607137803213274,0.13171913808308391,0.21105996789441653,0
GSM4957334,X,3.2612474956382647,0.054428053101513545,0.2197631194120338,3
GSM4957335,X,3.2411804263127175,0.11773399980316436,0.21016385434001056,1
GSM4957336,X,3.2547289637155887,0.10591055965969493,0.2146085018705098,2
GSM4957337,X,3.1782942643418375,0.13088188113253066,0.22158702254322135,1
GSM4957338,X,3.160137528595282,0.14609444257821005,0.22731670130645143,0
GSM4957339,X,3.2636455557231367,0.13133618280478276,0.2076904238677191,1
GSM4957340,X,3.2132045005827945,0.10755524980579277,0.21122116335591126,0
GSM4957341,X,3.3197882304864312,0.0812753860788674,0.20565285426179217,2
GSM4957342,X,3.264019888933218,0.1619887234353494,0.20473346792584327,1
GSM4957343,X,3.232650343334575,0.1231270530682999,0.21335521591087334,0
GSM4957344,X,3.2069034538184322,0.08201659359442842,0.20484354824307793,3
GSM4957345,X,3.1833882225111165,0.08410716350295804,0.21640158964917378,2
GSM4957346,X,3.2510494368020524,0.08675316989053074,0.20150565415321017,0
GSM4957347,X,3.218526981891908,0.1305805802392102,0.21573041439570784,2
GSM4957348,X,3.1886168772361425,0.07372633111267639,0.21394140887410457,0
GSM4957349,X,3.1030067436817994,0.0961535174776669,0.22497746848248687,0
GSM4957350,X,3.2360202215033858,0.07312206340728129,0.21653684577167406,3
GSM4957351,X,3.234417037656046,0.09284593163486786,0.210044732554245,1
GSM4957352,X,3.2093349621664675,0.08836746797314539,0.2166047193707727,2
GSM4957353,X,3.207640149538708,0.04147256652518388,0.20304645254700537,3
GSM4957354,X,3.1705183551443383,0.049098056150309446,0.2001229304385548,2
GSM4957355,X,3.168701571467893,0.09941508471022167,0.22589192803150213,0
GSM4957356,X,3.2138676678057934,0.04107309023132075,0.21990412057902559,2
GSM4957357,X,3.2115514124202846,0.07063144046744944,0.20825566278714736,3
GSM4957358,X,3.2063226908197997,0.12243017735712652,0.21734574135316484,0
GSM4957359,X,3.1607493470011625,0.08457643772970663,0.20575175150167874,1
GSM4957360,X,3.293514399493318,0.08454543028536866,0.21261969340659426,0
GSM4957361,X,3.204969632019999,0.09439262552632621,0.2156980875298199,2
GSM4957362,X,3.21443118929334,0.0847931150835088,0.2257222921974266,2
GSM4957363,X,3.2232621492560054,0.08659847407754549,0.20741370852956564,1
GSM4957364,X,3.256773333468095,0.07587333223030564,0.20276962916912641,1
GSM4957365,X,3.2384558947128057,0.11668091015032424,0.2023681954303361,0
GSM4957366,X,3.1859713061498205,0.11574363186469945,0.22656886537212856,0
GSM4957367,X,3.244380002511594,0.08443915607101031,0.21157773192432328,2
GSM4957368,X,3.2214720525879526,0.0913538124081373,0.2035942131807713,0
GSM4957369,X,3.224976800290961,0.10375941140922935,0.1960976602236433,0
GSM4957370,X,3.216095000295893,0.09843621189788357,0.19972887588831467,0
GSM4957371,X,3.294378503062479,0.09701954609783797,0.22493235058358996,0
GSM4957372,X,3.2273616085090406,0.11688145830865912,0.21083848098534352,0
GSM4957373,X,3.2137172357257278,0.05752941865184297,0.2021403737601181,2
GSM4957374,X,3.2467752867399557,0.1116801136927601,0.19664824328073918,1
GSM4957375,X,3.1899068241703703,0.12352014341464414,0.20411854537522833,0
GSM4957376,X,3.27751573362299,0.04321140829134758,0.20300617854030079,2
GSM4957377,X,3.28060976677305,0.11025316503669706,0.19583801729888345,1
GSM4957378,X,3.224672389262519,0.07500486076207089,0.20604414234606594,0
GSM4957379,X,3.2391313665159447,0.07568134425538944,0.197096703176361,2
GSM4957380,X,3.2485619911792165,0.07946960842219655,0.1984876754000214,2
GSM4957381,X,3.233787988050262,0.08503552554261011,0.21194700205650593,1
GSM4957382,X,3.2563723365637034,0.07892917900751768,0.19543115262707875,1
GSM4957383,X,3.1651003745074098,0.12234441196156923,0.2050402023621682,0
GSM4957384,X,3.233977445120228,0.08817117123120334,0.21206134160738124,0
GSM4957385,X,3.1902952839437764,0.0782980342529411,0.22246496250084388,0
GSM4957386,X,3.2248331727487036,0.13712377074718726,0.2019698952064268,0
GSM4957387,X,3.238211641922113,0.15057846245085788,0.21129312888532065,0
GSM4957388,X,3.1329429758252543,0.11348618657020151,0.219630845842748,0
GSM4957389,X,3.220600352929651,0.11002751822320864,0.20715022940801267,0
GSM4957390,X,3.1835988952675733,0.10307105913825369,0.1979917907505037,0
GSM4957391,X,3.2449318717535998,0.1346514235584723,0.21501622934111067,2
GSM4957392,X,3.222214806817624,0.08866946731239918,0.21539644507478536,2
GSM4957393,X,3.194729984730387,0.1095023536819811,0.2252816304854532,2
GSM4957394,X,3.227370044753328,0.11432116370619837,0.21105760120432196,0
GSM4957395,X,3.2022702680206594,0.13585352358985894,0.23056412644987725,0
GSM4957396,X,3.1496792662649775,0.1328047022616503,0.20712707197486127,0
GSM4957397,X,3.1681795610770065,0.11698289661359433,0.206827091871896,0
GSM4957398,X,3.25060155615008,0.07668351065612734,0.22280306714851933,2
GSM4957399,X,3.1813397441584996,0.11637154532945347,0.2155958520792981,2
GSM4957400,X,3.2101458722463074,0.09430656151472874,0.21975310097896586,0
GSM4957401,X,3.1255098561811043,0.138943524695707,0.2219117068509511,0
GSM4957402,X,3.245901655135189,0.05648186312663199,0.19941484451787783,2
GSM4957403,X,3.19476220161354,0.11753181526874157,0.22686353563781014,0
GSM4957404,X,3.2675081796371095,0.07974787653484167,0.22586107792529692,2
GSM4957405,X,3.235552276356301,0.09151976226510228,0.21897722033637945,1
GSM4957406,X,3.1687697754941904,0.11090444726692686,0.21889682293291263,2
GSM4957407,X,3.2041940481049367,0.08560760586431643,0.2147917090432326,0
GSM4957408,X,3.1307708511637538,0.18208339779754035,0.21745965421380378,0
GSM4957409,X,3.308734097147407,0.07468958071228485,0.19458693723142442,3
GSM4957410,X,3.213440960222138,0.12763353935287672,0.21381014199869822,0
GSM4957411,X,3.2417436672198248,0.15083696454733297,0.21222094047066817,0
GSM4957412,X,3.2212774163288405,0.1605091043637857,0.20552834479381996,0
GSM4957413,X,3.263547517089112,0.12318672673200073,0.2056230598198161,0
GSM4957414,X,3.265883587204555,0.09432914590563884,0.21075832683396897,2
GSM4957415,X,3.1529311960204756,0.11630801227121448,0.20628624308734722,0
GSM4957416,X,3.1778343727750284,0.13260768868224557,0.20780342744933253,0
GSM4957417,X,3.2638743779098256,0.07988123257683101,0.19891802868008732,3
GSM4957418,X,3.240342124449497,0.10766822945934897,0.19965437732650332,1
GSM4957419,X,3.237932525358505,0.14578152001140304,0.20778221366372976,0
GSM4957420,X,3.243510363642045,0.09218415946879771,0.2065522491523568,1
GSM4957421,X,3.244396112058115,0.10601432769852528,0.20624974693297604,1
GSM4957422,X,3.229476046034898,0.10366914254308775,0.20395822033589303,0
GSM4957423,X,3.2754042633613585,0.09302296049088336,0.20888321551066885,1
GSM4957424,X,3.228000113313356,0.06967278939142203,0.21381851804688098,3
GSM4957425,X,3.24590313834304,0.11579080027373234,0.2051218209155264,0
GSM4957426,X,3.2170896526161394,0.07567520051523756,0.20785429473034814,3
GSM4957427,X,3.2847305287222093,0.08705661163571475,0.20512258940242062,1
GSM4957428,X,3.188730610824205,0.11334738458123857,0.2165213024238459,2
GSM4957429,X,3.2582127473583737,0.1209728964903739,0.2093064346277844,1
GSM4957430,X,3.2407260740588266,0.11612591687089872,0.20814797012191041,2
GSM4957431,X,3.2342239334115295,0.14119896136777868,0.20809438939329528,0
GSM4957432,X,3.241817966647792,0.11555717820751196,0.20342897646177344,0
GSM4957433,X,3.2204979667632814,0.0918720224019705,0.21467609895541856,1
GSM4957434,X,3.310675530650175,0.07433565199068871,0.2107949355396694,3
GSM4957435,X,3.2227477440673264,0.11642259013628738,0.21527395664273274,0
GSM4957436,X,3.2301771604454843,0.1071226290543729,0.20498117123332385,1
GSM4957437,X,3.2773568039591088,0.13961671410967105,0.20557249908973965,2
GSM4957438,X,3.260618999644667,0.12479333666575988,0.20621012896768143,2
GSM4957439,X,3.2732882619577843,0.06828965144304472,0.2074993068793162,3
GSM4957440,X,3.155094095154401,0.1158827709675196,0.2059696676573477,1
GSM4957441,X,3.3202845514886277,0.10053749461359465,0.2006723422289723,3
GSM4957442,X,3.202882167654148,0.12676835242433507,0.20290157387982954,0
GSM4957443,X,3.215213441429545,0.10626600596023347,0.2016052463296046,1
GSM4957444,X,3.2710346569599262,0.11405939670763857,0.20863665826813288,2
GSM4957445,X,3.111213996935246,0.18251084007242818,0.2153643833003273,0
GSM4957446,X,3.247923607565823,0.08612796364165312,0.21069920232681807,3
GSM4957447,X,3.213248783054588,0.14507993122616666,0.2086620979351698,0
GSM4957448,X,3.172127197051411,0.08639384901380044,0.2119439314337962,3
GSM4957449,X,3.2460732328244646,0.1280377083204952,0.2104373270113736,2
GSM4957450,X,3.2463380630231127,0.07999677883539635,0.20388862601406316,3
GSM4957451,X,3.1832118811673777,0.13938668796640355,0.21927546993477132,0
GSM4957452,X,3.2150128894545547,0.10550756567534803,0.20957201324566227,0
GSM4957453,X,3.2421504932235354,0.16558952184500444,0.2172487911340688,0
GSM4957454,X,3.0830306785588033,0.19336935011929843,0.21767972553249332,0
GSM4957455,X,3.2257335954861173,0.07410904872812084,0.2069613271737211,2
GSM4957456,X,3.184175680709675,0.06316007728116324,0.20538296824716804,2
GSM4957457,X,3.2626871467177345,0.08203466586712231,0.21473786745198722,3
GSM4957458,X,3.203055593472315,0.07860512507950036,0.20564157480811415,1
GSM4957459,X,3.2954949992504137,0.09781026051275181,0.2134869819743336,3
GSM4957460,X,3.1855033555805936,0.11419325638556162,0.22069193780687335,2
GSM4957461,X,3.1555475086828113,0.08835335849740947,0.2254812582613976,0
GSM4957462,X,3.2007417613075964,0.1391329686519848,0.21820444725967383,2
GSM4957463,X,3.404828427351131,0.075396963402223,0.20819175728391554,0
