gene_id,gene_name,t_stage,t_stage_comp_adjusted
ENSG00000188976,NOC2L,2.4467334404309313,0.36985503867456965
ENSG00000187961,KLHL17,2.159788791016402,1.0603237625566702
ENSG00000187608,ISG15,3.587512380302451,1.5447697258166893
ENSG00000188157,AGRN,4.670549510032526,0.3304813114653602
ENSG00000078808,SDF4,0.7084287742651946,-0.7959567557804124
ENSG00000176022,B3GALT6,0.7159170194197454,0.06588353821502588
ENSG00000160087,UBE2J2,0.4382708620231465,0.22091828741974362
ENSG00000162572,SCNN1D,0.5988996777286495,0.15434923781934878
ENSG00000131584,ACAP3,1.2474419585769172,0.14231854314515754
ENSG00000169972,PUSL1,2.342959096740832,0.9302800032039453
ENSG00000127054,INTS11,1.1062276309882009,-0.028366989698927664
ENSG00000224051,CPTP,0.26393917796449035,-0.23940779332669387
ENSG00000107404,DVL1,-0.15676267929295717,-0.39775933787715356
ENSG00000162576,MXRA8,7.648119435395975,1.6708527135973985
ENSG00000175756,AURKAIP1,0.07982421297200415,-0.03470931680992616
ENSG00000221978,CCNL2,1.956001129832708,1.9906231932583422
ENSG00000242485,MRPL20,-4.073602874498054,-0.36562625761398093
ENSG00000179403,VWA1,3.672170914943587,0.7922449235068353
ENSG00000215915,ATAD3C,-5.71310135751289,-2.811117097181648
ENSG00000160072,ATAD3B,2.023380046048906,0.45991170752152344
ENSG00000197785,ATAD3A,-0.40382851933647845,-1.265266629230428
ENSG00000160075,SSU72,-1.1980231838776378,0.5930187065915034
ENSG00000197530,MIB2,-1.5531485922873278,-1.2612033061881138
ENSG00000248333,CDK11B,1.4131842813513036,-0.5271265914309906
ENSG00000189339,SLC35E2B,-1.2064525464034785,-1.1543529048493406
ENSG00000008128,CDK11A,1.4137071885223753,0.1451616945603031
ENSG00000008130,NADK,-0.4365264227066994,0.9210956943139448
ENSG00000078369,GNB1,3.377129893091049,0.35572168530418447
ENSG00000178821,TMEM52,-3.1742402817692734,-0.21015874277165716
ENSG00000067606,PRKCZ,-1.9444549958983832,-0.7440165459921324
ENSG00000162585,FAAP20,-1.239386081349596,-0.8288018816995443
ENSG00000157933,SKI,-3.1600746712605954,-4.103045105357413
ENSG00000157916,RER1,-2.0408321182067004,1.863526373586208
ENSG00000157911,PEX10,-3.028598372992771,-0.7518422980037399
ENSG00000149527,PLCH2,4.6635487076079825,2.821193931497294
ENSG00000157881,PANK4,0.6566325533082898,-0.11568679882659139
ENSG00000157873,TNFRSF14,2.9915741339993525,0.5229549643885241
ENSG00000157870,PRXL2B,5.757096776201325,1.140445298074089
ENSG00000130762,ARHGEF16,6.487908461005814,1.3811154991475891
ENSG00000162591,MEGF6,4.517463146364948,-1.0808720714475268
ENSG00000158109,TPRG1L,-2.6183456623012473,0.6620906596728179
ENSG00000116213,WRAP73,3.852792061784971,1.892083262756371
ENSG00000130764,LRRC47,-4.022722550071465,-1.6602356459503245
ENSG00000116198,CEP104,-5.63908103339413,-3.75766984709751
ENSG00000169598,DFFB,-7.097694518076348,-4.602057873277651
ENSG00000198912,C1orf174,-3.2142434398356285,-0.10657090232044701
ENSG00000131697,NPHP4,0.6807139021989335,-1.3343729385164234
ENSG00000069424,KCNAB2,8.299637620080743,2.9119631341033934
ENSG00000116251,RPL22,-2.2866960750996492,-0.3915569178906023
ENSG00000158286,RNF207,3.7097289175941244,1.2806495414969803
ENSG00000116237,ICMT,2.980339820541975,2.1544852172869304
ENSG00000158292,GPR153,0.2990787059758481,-1.4516563301668897
ENSG00000097021,ACOT7,1.9500572057320278,0.9751477915063334
ENSG00000187017,ESPN,-2.1806635061060504,-1.6430496981908829
ENSG00000215788,TNFRSF25,4.218471406079927,-0.0764441590320914
ENSG00000171680,PLEKHG5,2.9218646177540486,-3.018682747007358
ENSG00000162408,NOL9,-3.4602169981046154,-1.3793261410996334
ENSG00000204859,ZBTB48,-2.5435998782305336,-1.3123261133981199
ENSG00000162413,KLHL21,-1.8181751869361937,-1.7707526348103195
ENSG00000116273,PHF13,1.6579745083923032,1.3095238815527142
ENSG00000041988,THAP3,-0.1330473504316425,-0.45966552523888937
ENSG00000007923,DNAJC11,-2.045884572390784,-1.7801659991070566
ENSG00000171735,CAMTA1,-1.4768073555238426,1.292378207406896
ENSG00000049245,VAMP3,-1.591823040986031,-0.16756949655009976
ENSG00000049246,PER3,-5.128342837275117,-0.3919220813893902
ENSG00000116288,PARK7,-2.620200785077761,-0.7139381004477742
ENSG00000116285,ERRFI1,-4.570891029501642,-0.6917441991715472
ENSG00000142599,RERE,-0.6802019232333618,-1.672675704286956
ENSG00000074800,ENO1,2.6783858500514923,1.2209872840744702
ENSG00000180758,GPR157,-0.6110079110188332,-0.971083116446872
ENSG00000049239,H6PD,-2.4333146192017043,-1.6160155503978726
ENSG00000171621,SPSB1,10.768009387519221,5.11678654160625
ENSG00000171612,SLC25A33,6.726365450634224,5.307190461352884
ENSG00000171608,PIK3CD,4.27037423893312,-2.64520790144464
ENSG00000171603,CLSTN1,4.684640281012516,-4.187256100425749
ENSG00000178585,CTNNBIP1,-3.056928959436445,-1.3099074351349762
ENSG00000162441,LZIC,-1.5339014682296395,-0.23917000642811384
ENSG00000173614,NMNAT1,-0.1719373099885738,-0.6759111188547982
ENSG00000162444,RBP7,7.867392345467953,2.472360812009936
ENSG00000130939,UBE4B,-7.675963455085517,-3.082065241343898
ENSG00000054523,KIF1B,-5.509426146881132,-1.7126008286235732
ENSG00000142657,PGD,4.071125055009788,2.4190820547957608
ENSG00000251503,CENPS-CORT,-4.154083233321481,-0.8340631913510057
ENSG00000175279,CENPS,-2.7293282075600827,0.21765858415761977
ENSG00000160049,DFFA,-4.266048063586875,-2.5169405226465633
ENSG00000142655,PEX14,-5.8253834974604155,-2.4997491534927807
ENSG00000130940,CASZ1,2.6743036919370766,-0.8700972831667054
ENSG00000120948,TARDBP,-4.979191083686773,-0.5131454575896071
ENSG00000009724,MASP2,-7.533878673263485,-1.928887716180526
ENSG00000116649,SRM,2.173722326973496,-0.15832285942638555
ENSG00000171824,EXOSC10,-1.438502795139242,-1.1215865737159898
ENSG00000198793,MTOR,2.009875153213412,1.6726827461236995
ENSG00000120942,UBIAD1,0.676247214323247,-0.21879317893868186
ENSG00000116661,FBXO2,4.917642476419658,2.637429652492339
ENSG00000132879,FBXO44,3.085853969050966,1.1096385920005791
ENSG00000116670,MAD2L2,4.445348081040197,2.264034803393418
ENSG00000116663,FBXO6,2.7204025954338555,0.5271467949663246
ENSG00000177674,AGTRAP,2.7502309942419325,-0.5363379160368411
ENSG00000215910,C1orf167,-3.506183427181261,-5.2741759348495885
ENSG00000177000,MTHFR,-3.392464529067208,-3.883321491762934
ENSG00000011021,CLCN6,-1.235636244898783,-0.4814916478713097
ENSG00000116685,KIAA2013,-1.9740986529843474,-0.27668354065355666
ENSG00000083444,PLOD1,-0.07723776220184267,-0.3029097446296131
ENSG00000116688,MFN2,-3.3026834841049606,-1.1001144714188222
ENSG00000116691,MIIP,2.194766821621409,0.6356452339351678
ENSG00000028137,TNFRSF1B,4.686706204757467,-0.648075121803809
ENSG00000048707,VPS13D,-2.5226586434311447,-0.6894164383063587
ENSG00000162496,DHRS3,-2.6404014022913316,0.5494907145330166
ENSG00000187545,PRAMEF10,10.220398447069542,4.649237032120974
ENSG00000237700,PRAMEF33,9.84435026068771,4.574996078409679
ENSG00000116731,PRDM2,0.09721913932282239,-1.9152354015648503
ENSG00000189337,KAZN,-4.989988243131522,-4.446026575576025
ENSG00000171729,TMEM51,8.647330341115389,-1.4647865590120337
ENSG00000142634,EFHD2,1.3586380490496544,-1.5712745727192194
ENSG00000132906,CASP9,4.480625416900418,3.710176577171421
ENSG00000116138,DNAJC16,-6.87614886939793,-0.07484936685482345
ENSG00000116771,AGMAT,-6.376483340030697,0.15650366226569543
ENSG00000197312,DDI2,-7.119264061866807,-0.4452070783134427
ENSG00000215695,RSC1A1,-5.566336526520567,-0.7902322751643666
ENSG00000116786,PLEKHM2,1.3650796182172515,-1.5840966971701373
ENSG00000162461,SLC25A34,-4.785996527039009,-1.2265331361371423
ENSG00000162460,TMEM82,-2.336431731913473,-0.32633178530369683
ENSG00000162458,FBLIM1,10.345095743263624,1.385171776414498
ENSG00000233954,UQCRHL,-1.5835936848569652,-1.4236199784474424
ENSG00000065526,SPEN,-3.7662148650071945,-2.9140232021159425
ENSG00000116809,ZBTB17,0.3085380809155336,-0.026804890669798756
ENSG00000142627,EPHA2,6.9225911138188945,2.1801917010692375
ENSG00000132881,CPLANE2,-3.63401559927489,-2.8249747572193313
ENSG00000037637,FBXO42,-0.5918893437153924,-0.012240561813402159
ENSG00000055070,SZRD1,-1.4451606976004394,-3.017748786826815
ENSG00000187144,SPATA21,1.020028852169885,-1.4482110155752763
ENSG00000157191,NECAP2,2.5202867044148456,-1.5419649315953432
ENSG00000219481,NBPF1,2.662506391715809,0.8872613297534357
ENSG00000058453,CROCC,1.426722924619735,-1.3267722326676614
ENSG00000159363,ATP13A2,2.3045491864069865,-1.840662073870821
ENSG00000117118,SDHB,-3.6566552266018877,1.988698504240576
ENSG00000179051,RCC2,9.433838116729977,2.559509657990246
ENSG00000074964,ARHGEF10L,-1.5256340620855255,-0.778694440880154
ENSG00000179023,KLHDC7A,1.1655486155845673,1.747401340261209
ENSG00000159423,ALDH4A1,-0.007613890668653042,0.9090608668054401
ENSG00000169991,IFFO2,5.512527640201698,-0.9016917350833156
ENSG00000127481,UBR4,-5.238625972592006,-0.5354266511396528
ENSG00000127463,EMC1,-1.4732346510416732,-0.9843488138565143
ENSG00000053372,MRTO4,-1.8145525317771674,0.09032497196625314
ENSG00000211454,AKR7L,-2.399520563341287,1.036521445925934
ENSG00000162482,AKR7A3,-0.33800373022100133,2.4890920728909474
ENSG00000040487,SLC66A1,0.5727549938717492,-0.21130776396026132
ENSG00000053371,AKR7A2,-4.200410430644077,-0.1224774796718299
ENSG00000077549,CAPZB,2.8720568454061226,0.4392599034420374
ENSG00000173436,MICOS10,1.5461899604980167,0.8328679075634993
ENSG00000162542,TMCO4,0.4284184300016553,-0.7020425802861759
ENSG00000169914,OTUD3,-2.5848003503902044,-2.6170936159606075
ENSG00000188257,PLA2G2A,4.123976298182323,2.3558724483481495
ENSG00000127472,PLA2G5,7.260061186168715,1.9591448274584888
ENSG00000162543,UBXN10,2.124284968467321,0.9342708625615559
ENSG00000162545,CAMK2N1,-1.6481241919601362,1.7119665512279951
ENSG00000090432,MUL1,1.5926754537228118,-0.07128172825927946
ENSG00000158825,CDA,-4.925166768568457,-2.1300889754152776
ENSG00000158828,PINK1,-0.9827042166782546,-0.3714729455080657
ENSG00000244038,DDOST,0.15196813825822392,-2.0903955122288553
ENSG00000127483,HP1BP3,-1.713176358974646,-1.9391702373153286
ENSG00000075151,EIF4G3,4.496872086785662,0.7933763513538689
ENSG00000117298,ECE1,-4.604902714440163,-3.011130490126869
ENSG00000142794,NBPF3,0.47939530431971,-1.2684147110289237
ENSG00000162551,ALPL,-0.7970606139123595,-0.6178507780163123
ENSG00000076864,RAP1GAP,5.653970029284986,0.39886623806761295
ENSG00000090686,USP48,-3.805431518257613,-1.1813531740371448
ENSG00000187942,LDLRAD2,5.75623113214972,1.325756846441834
ENSG00000142798,HSPG2,4.247472673635071,-0.4853646256586594
ENSG00000070831,CDC42,3.53465162174754,2.23044219327826
ENSG00000162552,WNT4,8.98026722444661,2.7848841234742885
ENSG00000184677,ZBTB40,-2.254114669330354,-2.423701462121663
ENSG00000173372,C1QA,2.8875372180242485,0.24675388047978541
ENSG00000159189,C1QC,1.516488031477219,-2.2149169656403487
ENSG00000173369,C1QB,1.9673853805907238,-1.8549419582365847
ENSG00000004487,KDM1A,-2.6093662911067748,-0.7059761782851933
ENSG00000169641,LUZP1,5.112800060377385,-0.4809930398520451
ENSG00000125944,HNRNPR,-2.8577811300638314,-2.7155174240176345
ENSG00000125945,ZNF436,0.5239245526468747,-1.5967523564461334
ENSG00000204219,TCEA3,-9.475920832208331,-1.927249561453016
ENSG00000088280,ASAP3,-1.244965347853166,-1.3613212609972838
ENSG00000117318,ID3,5.67514331430717,0.9226511059082423
ENSG00000142676,RPL11,-3.4240736240952745,-1.4940293294586737
ENSG00000011007,ELOA,-4.853802792487224,0.3191092136632976
ENSG00000057757,PITHD1,-0.1027440314752734,2.9052747556657037
ENSG00000011009,LYPLA2,2.3961685873811396,1.273992468824113
ENSG00000117308,GALE,-3.9320937311810042,-1.2112017996346411
ENSG00000117305,HMGCL,-4.016986953652538,0.8109239140539832
ENSG00000179163,FUCA1,-2.796845998161521,0.06539916637280381
ENSG00000189266,PNRC2,1.252305030268044,1.380481399281575
ENSG00000188529,SRSF10,-1.467384110583195,0.1711777422648974
ENSG00000142677,IL22RA1,0.3078586065549166,1.0071881152866313
ENSG00000185436,IFNLR1,-2.2430255700901154,-0.9627867122344925
ENSG00000001461,NIPAL3,0.9711648903895708,-1.6923723289548382
ENSG00000117602,RCAN3,6.163599442454747,0.8050762704667643
ENSG00000184454,NCMAP,-4.976767405667617,-2.29233742369607
ENSG00000133226,SRRM1,0.8093213219315044,0.17874447826240447
ENSG00000169504,CLIC4,-2.223032937554032,-0.45823915492654
ENSG00000020633,RUNX3,5.231282105319561,-1.9402131851690732
ENSG00000117614,SYF2,0.36341462284772624,0.8609479973073753
ENSG00000117616,RSRP1,1.3088010570758482,1.3232721205050813
ENSG00000183726,TMEM50A,7.571719625722299,2.914682844813446
ENSG00000188672,RHCE,7.750184651151216,3.953322068647813
ENSG00000204178,MACO1,-9.652474443480669,-1.6731866229311516
ENSG00000157978,LDLRAP1,-1.7722460219376126,-1.3528227989223636
ENSG00000117643,MAN1C1,-1.9252634847074916,0.039070993146333506
ENSG00000162430,SELENON,5.620172079277953,0.5299526507798001
ENSG00000117640,MTFR1L,-4.71818954295107,1.5167606029671563
ENSG00000127423,AUNIP,-6.130338577032092,-0.8030458895630788
ENSG00000182749,PAQR7,-1.898377039857393,-2.2432118895907296
ENSG00000117632,STMN1,7.472369926244917,1.7620879235559188
ENSG00000158006,PAFAH2,-2.7089133674281207,0.7777399484108118
ENSG00000175087,PDIK1L,-3.175484836318837,0.1429697881695074
ENSG00000142684,ZNF593,2.0867573833056245,1.348265211713826
ENSG00000142675,CNKSR1,7.244878147734976,2.2578525431616967
ENSG00000130695,CEP85,-0.28728094589649217,0.4223236890953455
ENSG00000142669,SH3BGRL3,6.824118830202939,1.419626017027146
ENSG00000158062,UBXN11,6.1762578726137844,0.7025202170426896
ENSG00000169442,CD52,9.551381800935006,2.9739413779407657
ENSG00000117682,DHDDS,2.233829199296375,0.29561678148705534
ENSG00000198830,HMGN2,-1.0993294444802064,-0.5776907040088085
ENSG00000117676,RPS6KA1,7.067003976502657,1.5120632130618663
ENSG00000117713,ARID1A,-0.5468291554728051,-0.3742439652100474
ENSG00000060642,PIGV,-9.556251349478066,-1.5965950129317699
ENSG00000204160,ZDHHC18,-1.4080745289753258,-1.0422308028564369
ENSG00000142751,GPN2,-3.6012295349690873,-2.4361851984955756
ENSG00000198746,GPATCH3,-0.3127322381904399,-0.3318838654140772
ENSG00000090273,NUDC,-5.106787645099776,-3.369598598397057
ENSG00000131910,NR0B2,-2.3794023695115647,-1.3751953472906064
ENSG00000175707,KDF1,-1.3771395044282375,-1.5289040263094271
ENSG00000253368,TRNP1,10.869759757617171,0.4217118768872565
ENSG00000090020,SLC9A1,6.4780743806340695,0.07304543012521102
ENSG00000142784,WDTC1,-1.4451290127951884,-2.1678363893643313
ENSG00000186501,TMEM222,-0.12771193955539423,-0.5027505981710129
ENSG00000142765,SYTL1,5.177153426053261,-0.6306239364388547
ENSG00000142733,MAP3K6,4.684144645616908,0.44041386180074593
ENSG00000142748,FCN3,-0.4241780836891431,2.890054647365542
ENSG00000158195,WASF2,0.33929433478915294,-3.7073931535511164
ENSG00000126705,AHDC1,-0.17558117458633288,-1.7964348262343783
ENSG00000000938,FGR,6.516869365940469,0.8879541096595402
ENSG00000126709,IFI6,2.3321063858068274,1.8949524024620152
ENSG00000009780,FAM76A,0.0015833105324726555,1.8793209056415554
ENSG00000117758,STX12,3.3833733722325823,2.0044656570050625
ENSG00000117751,PPP1R8,0.9090145957848629,1.7395572370118837
ENSG00000130775,THEMIS2,4.935293434967491,0.7811166834280557
ENSG00000117748,RPA2,-0.4255769186141262,-1.6451929948228308
ENSG00000158156,XKR8,-3.3082776947729173,-1.6321844442539504
ENSG00000158161,EYA3,-4.862753375251833,-2.010278475104533
ENSG00000169403,PTAFR,4.890002663000904,0.7847815465934213
ENSG00000126698,DNAJC8,-0.9821462054249713,-0.1027149262048795
ENSG00000130770,ATP5IF1,-6.49130898707312,-2.3199312001690675
ENSG00000130766,SESN2,-3.99362305752345,-1.6442471865850445
ENSG00000130772,MED18,0.19324199267237663,0.5574647814456961
ENSG00000204138,PHACTR4,-3.9556302479807264,-2.6529404873330424
ENSG00000180198,RCC1,2.375646542864832,0.6908959880770879
ENSG00000180098,TRNAU1AP,3.766657243255982,2.1938225338033073
ENSG00000120656,TAF12,-0.3269490516997923,1.5652855128397654
ENSG00000188060,RAB42,3.526415350348317,-0.5242042261785994
ENSG00000162419,GMEB1,2.2962639258852273,-0.5696693848436202
ENSG00000198492,YTHDF2,2.4381110560000305,2.599298750379609
ENSG00000159023,EPB41,-1.744267965643257,0.6414239495157896
ENSG00000253304,TMEM200B,2.2002389232841897,2.7782279414573416
ENSG00000116350,SRSF4,-0.6717366183398225,0.6737068220855768
ENSG00000116353,MECR,0.4618343592077185,0.38940789227670985
ENSG00000060656,PTPRU,1.177142995413536,-0.8372776665492627
ENSG00000162511,LAPTM5,5.947923395257516,1.0811297503768136
ENSG00000162512,SDC3,2.4616224139691987,-1.4921758625885808
ENSG00000134644,PUM1,-3.1274516808086155,-1.1637453822070578
ENSG00000060688,SNRNP40,3.454100364075525,2.377004040145003
ENSG00000121766,ZCCHC17,-0.7774337337917986,-0.8537483435759479
ENSG00000121769,FABP3,-1.7583034145247114,-3.246422832717164
ENSG00000168528,SERINC2,2.4718764172863854,-0.21829225887973
ENSG00000142910,TINAGL1,2.0164610755822556,-3.3783565432992724
ENSG00000162517,PEF1,1.9963144649698186,2.0044839179118457
ENSG00000084636,COL16A1,10.047319225942127,1.8096273224014598
ENSG00000184007,PTP4A2,-1.816681573576071,0.7258343392143402
ENSG00000121774,KHDRBS1,1.1646652147574696,-0.37353596234028985
ENSG00000121775,TMEM39B,-1.0097553063285762,-1.060516631403298
ENSG00000025800,KPNA6,-0.8503894166004741,0.23902153548255328
ENSG00000084652,TXLNA,0.20444981851490732,-0.4205288119008399
ENSG00000160050,CCDC28B,2.481841060874703,-1.2008928480130454
ENSG00000160051,IQCC,-0.15005208362188632,-1.8456406084014647
ENSG00000222046,DCDC2B,1.4166249361970318,-0.06134145424881632
ENSG00000160055,TMEM234,2.0055922185186157,-0.21209934530184268
ENSG00000084623,EIF3I,0.810162082365953,0.6302492532011086
ENSG00000183615,FAM167B,1.3553956277848862,1.4082112430766265
ENSG00000182866,LCK,8.484124642589455,1.3217246758836172
ENSG00000116478,HDAC1,1.900756331223867,0.2689526897770934
ENSG00000175130,MARCKSL1,2.755762593514933,-1.4314918854108816
ENSG00000162526,TSSK3,-0.47270216923145647,-0.2313542201985709
ENSG00000160058,BSDC1,-0.057990346265865626,1.2806133000620423
ENSG00000160062,ZBTB8A,2.3212695672839705,1.0257799499129805
ENSG00000176261,ZBTB8OS,-3.0848387850620393,0.8739052288219661
ENSG00000162521,RBBP4,-0.9314603631283168,-0.287998623296926
ENSG00000162520,SYNC,0.4341852609451486,1.1442797413353585
ENSG00000162522,NHSL3,6.15345873174606,0.7575820121480511
ENSG00000134684,YARS1,1.0672941799098705,1.255380135659119
ENSG00000116497,S100PBP,-0.7238860880530132,-0.8175835106223559
ENSG00000160097,FNDC5,-0.11188499209811721,1.0093570984329496
ENSG00000116514,RNF19B,2.507275981642451,-0.8236917492466413
ENSG00000004455,AK2,-5.980626042171923,1.2206599645937124
ENSG00000142920,AZIN2,-1.408501381853703,-3.043321183064913
ENSG00000116525,TRIM62,0.11606985316804051,-1.7181644519369004
ENSG00000160094,ZNF362,0.5864814092407199,-0.8590305694217157
ENSG00000134686,PHC2,3.479427440750335,0.9198383356712782
ENSG00000121903,ZSCAN20,-0.876106404000848,-3.2654539989991576
ENSG00000163866,SMIM12,-1.1329315174946584,1.169410761984354
ENSG00000187513,GJA4,4.475865471573399,-0.36973637327354353
ENSG00000243749,TMEM35B,0.7145698324193613,-1.2480075815362772
ENSG00000163867,ZMYM6,-1.3446792636858227,0.5829749415567135
ENSG00000197056,ZMYM1,-0.6797463532245799,0.6378389379120368
ENSG00000116560,SFPQ,0.15672560656901038,1.027780546200886
ENSG00000146463,ZMYM4,-3.0327431612767675,-0.7149312989629965
ENSG00000142687,KIAA0319L,-3.7498506104665994,-3.3045829364764816
ENSG00000020129,NCDN,3.1087892254270577,-0.3779303821166064
ENSG00000116819,TFAP2E,2.8632555136384226,0.5665446058512026
ENSG00000126067,PSMB2,-1.5697224747315486,2.9088681151206988
ENSG00000142686,C1orf216,7.101498010449274,1.550281817758604
ENSG00000134698,AGO4,-4.653223544690101,-2.780900235885418
ENSG00000092847,AGO1,-9.732930701240358,-4.610062498300007
ENSG00000126070,AGO3,-3.578174075559252,-0.9288760887304817
ENSG00000116863,ADPRS,3.295811872069615,1.2145212875498657
ENSG00000171812,COL8A2,8.821302130435143,0.8499728331173011
ENSG00000054116,TRAPPC3,1.261034220396556,2.25517497602572
ENSG00000116871,MAP7D1,2.322189355969223,-2.6235719991353896
ENSG00000054118,THRAP3,-3.0049199515602893,-0.6006719633747662
ENSG00000214193,SH3D21,4.521638047913938,-0.13992047598687243
ENSG00000196182,STK40,-3.282775332240388,-2.0997093984167763
ENSG00000181817,LSM10,0.10662919947793663,-0.3173361251211541
ENSG00000116885,OSCP1,0.9157121524806984,-0.9860128299607714
ENSG00000116898,MRPS15,-3.3644220407665064,1.8122508316308734
ENSG00000119535,CSF3R,2.740953946197147,-1.8537837141448512
ENSG00000163874,ZC3H12A,9.479692765750745,3.838953839880633
ENSG00000163875,MEAF6,11.463505736084299,6.864561097859516
ENSG00000163877,SNIP1,5.532690101202976,4.511177986327304
ENSG00000163879,DNALI1,3.8221467380365883,1.3196899937818052
ENSG00000134697,GNL2,5.295333414173128,3.2058540463847587
ENSG00000116922,AIRIM,-3.200854953293784,-1.4879197582981758
ENSG00000134690,CDCA8,4.842365899984079,1.3023593760622618
ENSG00000185090,MANEAL,-1.3545958525560604,-0.6343608636790573
ENSG00000196449,YRDC,3.70820341158372,2.555741470820707
ENSG00000197982,C1orf122,2.0583337568397115,1.1371589954596928
ENSG00000188786,MTF1,-0.20573191589248752,-0.0674402845198126
ENSG00000204084,INPP5B,-3.933598080060888,-1.2644293124114
ENSG00000183431,SF3A3,-0.9827084699630356,-0.20694703783466353
ENSG00000183520,UTP11,1.5523559346595026,2.2200187388248707
ENSG00000116954,RRAGC,2.763582437318358,1.7773019475574194
ENSG00000214114,MYCBP,2.381735153583168,3.014713883100728
ENSG00000174574,AKIRIN1,5.120474707362452,3.286099418161547
ENSG00000168653,NDUFS5,-0.7415160563075811,0.5056976695305806
ENSG00000127603,MACF1,-1.5878379371038047,-0.2028380482274549
ENSG00000183682,BMP8A,-0.9028751074630724,-1.352150932755244
ENSG00000090621,PABPC4,-0.8528209411647837,-0.7066435959871936
ENSG00000163909,HEYL,7.522601184845289,-2.5302519949799045
ENSG00000084072,PPIE,-6.920515070229558,-2.73316544556675
ENSG00000116985,BMP8B,-1.7188904024602831,-2.230291060474226
ENSG00000043514,TRIT1,-5.456905367318499,-1.5479057716818874
ENSG00000116990,MYCL,-5.946321099574173,-1.3595543012756541
ENSG00000168389,MFSD2A,0.545015112416534,0.5120901063845206
ENSG00000131236,CAP1,2.8385971779494517,-0.3934183487673361
ENSG00000131238,PPT1,6.254693175186797,1.9009346010471266
ENSG00000117000,RLF,-0.7120769283700467,1.0466715768147095
ENSG00000084073,ZMPSTE24,0.1263742671048943,0.75233777335603
ENSG00000084070,SMAP2,-3.4317124585803405,-2.1629187663656646
ENSG00000187801,ZFP69B,3.8995309876976467,2.4264233125885775
ENSG00000187815,ZFP69,0.6199011861303798,0.44064712414903623
ENSG00000164002,EXO5,-0.19250954634160422,0.3322167776212112
ENSG00000117010,ZNF684,1.8767236766769877,4.086770275341466
ENSG00000117016,RIMS3,2.2002877802162293,-3.8677563318230628
ENSG00000066136,NFYC,-5.715494246488183,-1.7859847879344508
ENSG00000179862,CITED4,4.54747619846048,1.9289914742088021
ENSG00000171793,CTPS1,-6.448206503362448,-0.8356241927325788
ENSG00000171790,SLFNL1,-3.801535765375928,-1.7453773823483387
ENSG00000010803,SCMH1,-0.6798897838338348,-0.9707453287066937
ENSG00000127124,HIVEP3,2.8424731384498783,-0.784656724958513
ENSG00000198815,FOXJ3,-3.780931053370648,-1.203010154509318
ENSG00000177181,RIMKLA,-2.6073348760945128,-2.749089574839506
ENSG00000066185,ZMYND12,-5.722798545919118,-0.20109019195652925
ENSG00000127125,PPCS,-1.8501488704502826,2.026026971118476
ENSG00000186409,CCDC30,-1.8051376470775604,-2.2495180591465185
ENSG00000171960,PPIH,0.6666087533629587,0.15864425078021757
ENSG00000065978,YBX1,0.8249889995593973,0.3385367089253843
ENSG00000117385,P3H1,2.430900449911948,0.9775558698764238
ENSG00000164008,C1orf50,-4.248544405127169,-0.540217598345654
ENSG00000177868,SVBP,3.139761943220849,1.1052292578479517
ENSG00000164010,ERMAP,-5.841221775217919,-0.7116468943123537
ENSG00000164011,ZNF691,-2.116693350855207,0.5089788496709028
ENSG00000117394,SLC2A1,4.226004753924574,-2.5696035640186583
ENSG00000117395,EBNA1BP2,1.1102782082739728,1.7432481683617098
ENSG00000243710,CFAP57,-6.037091709989295,-0.9582004874679733
ENSG00000253313,C1orf210,2.3700448784983497,0.15060421763670975
ENSG00000066056,TIE1,1.5807870815960343,-2.2446142289481914
ENSG00000066322,ELOVL1,6.0484407472034905,2.2042192116709307
ENSG00000159479,MED8,0.2275421446034784,1.7341534002483803
ENSG00000198198,SZT2,-1.0564336923294706,-1.179041567686646
ENSG00000178922,HYI,-0.7787864484920637,-0.5562793344121053
ENSG00000142949,PTPRF,-4.574985346788889,-3.5205929592126384
ENSG00000066135,KDM4A,-4.135497155823049,-1.1865844180457568
ENSG00000126091,ST3GAL3,-7.884381215125868,-4.432682614448041
ENSG00000117408,IPO13,1.7271576912967044,1.2183122225113194
ENSG00000132768,DPH2,2.545335671625886,0.7900438837397243
ENSG00000117410,ATP6V0B,4.471267178401389,3.2136349804710718
ENSG00000117411,B4GALT2,1.436633710509008,0.5218983407493147
ENSG00000159214,CCDC24,4.363912015911771,1.5621970354945456
ENSG00000178028,DMAP1,-0.12984328799289788,-0.3726911421931459
ENSG00000117419,ERI3,-0.8623084905649275,-0.15892489136396035
ENSG00000187147,RNF220,0.7144495858658083,-0.5678769679012583
ENSG00000126106,TMEM53,-0.05384479674095313,1.929915065027106
ENSG00000198520,ARMH1,-2.2217911759917697,-0.7940929998695619
ENSG00000142945,KIF2C,3.9092141810258556,-0.013710235883159817
ENSG00000142937,RPS8,1.5444819783544446,0.09438968851752527
ENSG00000173846,PLK3,10.911043681153771,4.862990949107876
ENSG00000222009,BTBD19,2.9034075606421,-0.7805697163927026
ENSG00000117425,PTCH2,0.7249364646381138,0.007936032575558203
ENSG00000070785,EIF2B3,-3.8063200567703417,1.1976552694539988
ENSG00000126107,HECTD3,-0.8237914769982034,-0.6828650609432112
ENSG00000126088,UROD,-1.399388431107099,1.2836527645475893
ENSG00000162415,ZSWIM5,-4.631533148183901,-2.9167995797971353
ENSG00000132781,MUTYH,0.8391330466688021,0.2564996210811711
ENSG00000132773,TOE1,0.9651127036027302,1.1031448874027932
ENSG00000070759,TESK2,-5.789639078999449,-1.6418595625681531
ENSG00000280670,CCDC163,0.9252852442002507,0.06697002643699913
ENSG00000132763,MMACHC,-4.638679289494538,1.1403552329834712
ENSG00000117450,PRDX1,-2.1415362541860365,1.1714856008930028
ENSG00000117448,AKR1A1,-0.4636970545591608,2.7727476874899395
ENSG00000132780,NASP,-2.8700282418466156,-1.0086148732224318
ENSG00000159588,CCDC17,-2.5460903691373344,-0.2898553224123213
ENSG00000159592,GPBP1L1,-7.071842992982501,-0.27967763193461775
ENSG00000159596,TMEM69,-0.61589726121995,1.6562846326683451
ENSG00000197429,IPP,-2.8888340405010506,-2.4756450843699884
ENSG00000086015,MAST2,-0.7804986444207497,-0.507763863712872
ENSG00000117461,PIK3R3,8.649494964861121,3.9670763455981284
ENSG00000278139,P3R3URF-PIK3R3,8.974437436416865,4.397417060405099
ENSG00000117472,TSPAN1,-2.516686240132191,-0.979244996126095
ENSG00000085998,POMGNT1,0.6629589195880091,0.15238635838320155
ENSG00000132128,LRRC41,-0.39086911590197027,-0.6040796334380754
ENSG00000173660,UQCRH,-0.4129650223113556,0.2626958486432169
ENSG00000117481,NSUN4,-1.8253024987900144,0.02683765751198471
ENSG00000117480,FAAH,-1.5094203960294823,0.3858091613976149
ENSG00000079277,MKNK1,-1.4618690008579154,-1.664769447082801
ENSG00000142961,MOB3C,3.3270416520355504,0.836029895722212
ENSG00000123472,ATPAF1,-5.831244670889536,0.44435192450747996
ENSG00000159658,EFCAB14,-0.8538667532235025,-0.1925356504157903
ENSG00000187048,CYP4A11,-7.723669535433004,-1.0654937820410937
ENSG00000186377,CYP4X1,-4.462978247634997,-0.5298821689985468
ENSG00000186160,CYP4Z1,-2.1784009414102328,0.6092475860679586
ENSG00000162365,CYP4A22,-6.789168851901328,-0.33626279563139116
ENSG00000162367,TAL1,5.2601647552512745,2.2185042944365967
ENSG00000123473,STIL,4.315899141061692,1.9102156969580872
ENSG00000162368,CMPK1,-0.5120935654951289,1.999434355934432
ENSG00000269113,TRABD2B,-6.527390232229764,-4.625187460868776
ENSG00000117834,SLC5A9,1.3327831128312446,0.9138778466862476
ENSG00000132122,SPATA6,1.4539486493987492,-1.9837683267417692
ENSG00000186094,AGBL4,-1.664959957837949,-0.05766717069728141
ENSG00000185104,FAF1,-8.344054703151409,-1.6612906886089023
ENSG00000123080,CDKN2C,5.050054128239232,2.0005206875093933
ENSG00000123091,RNF11,-0.7208783257610343,0.8808662716608568
ENSG00000085832,EPS15,-1.0708482463753153,-0.44952378184454267
ENSG00000117859,OSBPL9,-3.0199266646942973,1.0776577711273307
ENSG00000078618,NRDC,-4.971925874206968,1.6163628351634372
ENSG00000117862,TXNDC12,-1.9607862258458852,0.4506406712433074
ENSG00000198841,KTI12,-1.5714782822388542,-1.440207099527107
ENSG00000134717,BTF3L4,-0.3359561876858115,0.9537063276580602
ENSG00000157077,ZFYVE9,-6.57607974664969,-2.494273756452742
ENSG00000154222,CC2D1B,0.855814602114409,-0.9603111515566377
ENSG00000134748,PRPF38A,-4.891490763081105,-3.6452818929793107
ENSG00000134744,TUT4,-4.37350917819733,-2.353070221282428
ENSG00000116157,GPX7,7.241404619795336,2.650162327509326
ENSG00000162377,COA7,1.087497487063277,2.3404527796245724
ENSG00000162378,ZYG11B,-3.568099707559832,0.1984044612770237
ENSG00000203995,ZYG11A,-5.27355085389891,-1.4625627984741096
ENSG00000121310,ECHDC2,-5.614355008833846,-2.0019733711799246
ENSG00000116171,SCP2,-6.8785947907282905,-0.4945295023619368
ENSG00000174348,PODN,11.98944832279273,4.255326845824303
ENSG00000162383,SLC1A7,9.278200022534797,5.530656168660036
ENSG00000157184,CPT2,-1.38949024251283,0.8809052619082786
ENSG00000162384,CZIB,-0.2735467131469036,1.9367067569613103
ENSG00000162385,MAGOH,-1.5095484263861398,-0.4131304282924542
ENSG00000058804,NDC1,-0.3653088880831075,1.5453935760459356
ENSG00000058799,YIPF1,0.4215475050411826,1.8863574903488516
ENSG00000211452,DIO1,-3.964682023419893,0.6690168319493384
ENSG00000081870,IFT25,-1.6535237110195027,1.6787671564316735
ENSG00000116212,LRRC42,2.430266048649194,1.0599519640269517
ENSG00000116209,TMEM59,-1.8300275439482063,0.8179828265401997
ENSG00000116205,TCEANC2,-4.839906323348523,-3.3223262697860427
ENSG00000215883,CYB5RL,-5.098848540676216,-4.792538507786135
ENSG00000116221,MRPL37,-5.524980233209657,-1.059785066523492
ENSG00000157216,SSBP3,-1.315300263000697,-0.02461022912717793
ENSG00000162390,ACOT11,-5.518158232414104,-3.615281403307322
ENSG00000162391,FAM151A,-8.232264565627075,-3.5576510428147814
ENSG00000184313,MROH7,-7.969784330522526,-3.891732868280781
ENSG00000271723,MROH7-TTC4,-6.926730773579813,-2.294305926218464
ENSG00000243725,TTC4,0.07963633972135661,2.794492426896761
ENSG00000162396,PARS2,-1.7950122897510912,-0.31406251888958586
ENSG00000006555,TTC22,2.890185052910659,0.16196107780054603
ENSG00000116133,DHCR24,-4.206156553553205,-0.39204604513741914
ENSG00000169174,PCSK9,1.3978672425870906,2.4215740651050868
ENSG00000162402,USP24,-2.698649954337886,0.27151738536708536
ENSG00000162407,PLPP3,-3.794380604650388,-1.6880843928783458
ENSG00000162409,PRKAA2,5.336458480468048,2.5552706231829863
ENSG00000187889,FYB2,-3.361115012055098,1.1677259895893952
ENSG00000157131,C8A,-8.79803349479872,-3.4346608232850055
ENSG00000021852,C8B,-7.3681485997180545,-3.0554313418192764
ENSG00000173406,DAB1,-8.601272660659545,-2.863857105599657
ENSG00000162600,OMA1,-3.631831185246962,0.517051699898187
ENSG00000184292,TACSTD2,9.811267639837364,-1.1369058133706582
ENSG00000162601,MYSM1,-0.5522141233131166,-0.15368774823096804
ENSG00000177606,JUN,10.435250168605439,4.974670353590329
ENSG00000172456,FGGY,-7.747742398599073,-2.8247198002507043
ENSG00000134709,HOOK1,-1.2698047371980339,1.4250607346808648
ENSG00000134716,CYP2J2,-7.769498058281427,0.08221622589051919
ENSG00000162599,NFIA,-7.557353242313131,-1.284791853725163
ENSG00000162604,TM2D1,0.22643685473007152,1.1086331884956007
ENSG00000132849,PATJ,-2.8656322127562106,-1.380150042523188
ENSG00000132854,KANK4,-7.593133973531189,-0.9337836610453932
ENSG00000162607,USP1,-0.35075313364202676,-0.09511205825639206
ENSG00000116641,DOCK7,-2.3977278276400034,-0.7990169982896317
ENSG00000132855,ANGPTL3,-2.6366477027853454,1.0513090511050796
ENSG00000125703,ATG4C,-1.5171758759523286,0.17657652609869803
ENSG00000142856,ITGB3BP,3.2972720047936765,2.2830719474269605
ENSG00000088035,ALG6,-0.06732645141879826,1.6389179060049552
ENSG00000203965,EFCAB7,0.21680413502593243,0.3087596902902167
ENSG00000079739,PGM1,-10.874319743042102,-5.036905929460391
ENSG00000185483,ROR1,1.3360227332759878,-2.0045418955423924
ENSG00000158966,CACHD1,1.9581559515288418,0.3814752469455708
ENSG00000162437,RAVER2,3.0722830904772205,1.5728355846618456
ENSG00000162434,JAK1,-1.0370876019405229,-0.3054326232286667
ENSG00000162433,AK4,-4.461654548419293,2.1378701864931777
ENSG00000116678,LEPR,1.8675009787402523,2.1688216853360363
ENSG00000213625,LEPROT,1.628123560692399,1.817144872429036
ENSG00000184588,PDE4B,3.3022166536138187,0.16265507663128004
ENSG00000152760,DYNLT5,-4.407865464339949,-1.7001463602841378
ENSG00000152763,DNAI4,2.625510304246705,0.4151666547186509
ENSG00000198160,MIER1,0.420620282418105,1.1520717000131238
ENSG00000116704,SLC35D1,-5.72603300600192,-0.8333974037055386
ENSG00000081985,IL12RB2,-4.8689490037775425,-3.9319748120133355
ENSG00000142864,SERBP1,-3.388947890503206,-0.31405763027614614
ENSG00000116717,GADD45A,-1.1009421801923127,2.581873017002721
ENSG00000172380,GNG12,2.857824841121612,2.208259913746388
ENSG00000162595,DIRAS3,-4.959816924541283,-2.4883528100245274
ENSG00000116729,WLS,3.7526361862866717,-1.073049331710856
ENSG00000033122,LRRC7,6.834987986877536,1.0175558827775006
ENSG00000066557,LRRC40,-2.66680396524117,-0.036361167888723775
ENSG00000116754,SRSF11,-0.45517214606996864,1.9811889171706472
ENSG00000118454,ANKRD13C,-2.1682094069281783,-0.1429930572254447
ENSG00000116761,CTH,-3.1421755014748873,1.6492549047703307
ENSG00000132485,ZRANB2,-0.2085047792126195,0.5231932657937506
ENSG00000254685,FPGT,-0.2712647322040106,1.6428082287228642
ENSG00000259030,FPGT-TNNI3K,-1.9980995430964623,-1.408854729087178
ENSG00000116791,CRYZ,0.055380262684431115,1.8637566955694156
ENSG00000162623,TYW3,-4.563863787993795,-1.4369979402351787
ENSG00000137968,SLC44A5,1.676745741852028,1.1713934846762304
ENSG00000117054,ACADM,-4.200694965749625,-0.08705220254470009
ENSG00000137955,RABGGTB,-0.16020295115034183,2.6875799253591675
ENSG00000184005,ST6GALNAC3,0.4431478873370181,-0.5586759769071042
ENSG00000142892,PIGK,0.34814036122121267,1.1418880701729361
ENSG00000036549,ZZZ3,-6.219825118505772,-1.7486087276056055
ENSG00000077254,USP33,-1.263865678243336,-0.2791780459825278
ENSG00000180488,MIGA1,-1.8045609252127806,-0.6860325799418286
ENSG00000162614,NEXN,2.902088120009504,1.1609576621879183
ENSG00000162613,FUBP1,0.763704971547908,-0.4010733601701453
ENSG00000162616,DNAJB4,3.5244614492332804,2.3847250465861847
ENSG00000137960,GIPC2,-5.330485696352294,0.011673090633649293
ENSG00000122420,PTGFR,4.145626306179283,1.7180981054068756
ENSG00000137959,IFI44L,0.5244870654096039,0.5715729369247786
ENSG00000137965,IFI44,0.05929382380840988,-0.42821975251808136
ENSG00000162618,ADGRL4,1.3108173356664992,-0.35098660588462804
ENSG00000117114,ADGRL2,-3.575793757923664,-1.8864568332094958
ENSG00000137941,TTLL7,-5.077917167582517,-2.0055137507567733
ENSG00000142875,PRKACB,-0.7025898559795154,-0.4334819748834141
ENSG00000117133,RPF1,1.1869601675469665,2.656558478278792
ENSG00000174021,GNG5,0.03336784149608958,1.363210004778955
ENSG00000122432,SPATA1,-3.7103346486926467,-0.816096621508035
ENSG00000117151,CTBS,-4.25462215446511,-0.7863043688240827
ENSG00000117155,SSX2IP,-0.17296150815634379,1.228610446237784
ENSG00000153898,MCOLN2,3.3889460336427915,-3.066369231228892
ENSG00000097096,SYDE2,-4.882448304844599,-0.41844168948741256
ENSG00000162642,C1orf52,-2.8107219954758556,-1.2913762099470494
ENSG00000142867,BCL10,2.7811478803448857,1.3431198363408454
ENSG00000153904,DDAH1,-2.380341959410971,0.6106784205524789
ENSG00000142871,CCN1,10.783329171856103,5.349843120160871
ENSG00000117174,ZNHIT6,0.4110909976641762,0.41083504314771024
ENSG00000122417,ODF2L,4.405785646286267,-0.098720178170158
ENSG00000097033,SH3GLB1,0.8713409059688494,0.7935701352748213
ENSG00000183291,SELENOF,-0.6154912164002179,0.6951853478529094
ENSG00000153936,HS2ST1,-2.9715389970348762,0.20249229561741078
ENSG00000143013,LMO4,1.170292611468712,0.39787769684227925
ENSG00000065243,PKN2,-1.384042009476646,0.607425378744197
ENSG00000137947,GTF2B,0.42207494052037076,2.103288830015733
ENSG00000137944,KYAT3,-0.13541587587399428,1.7788176703632697
ENSG00000213516,RBMXL1,-2.4723929263559064,0.2459337928585386
ENSG00000117226,GBP3,-0.7870738397882128,-1.5853814712321284
ENSG00000117228,GBP1,1.7013317139614195,0.1085449275965689
ENSG00000162645,GBP2,4.451453701830417,1.7725974288874873
ENSG00000213512,GBP7,-7.362634212548448,-0.8412294519550358
ENSG00000162654,GBP4,0.9118176298474567,-0.49061113927956856
ENSG00000154451,GBP5,2.7577557567252624,-1.972918348508931
ENSG00000197147,LRRC8B,2.5848233540185244,0.6810062819721322
ENSG00000171488,LRRC8C,2.7199820296340316,-1.3944137502743494
ENSG00000171492,LRRC8D,-2.2361310818409423,1.0539745982713793
ENSG00000162664,ZNF326,-4.5237180244685256,0.005200504426533575
ENSG00000122482,ZNF644,-1.5689222204853515,-0.08432545724572059
ENSG00000097046,CDC7,7.296553315265554,1.1389066188289945
ENSG00000069702,TGFBR3,-2.1761017169089314,-1.9800082160036965
ENSG00000174842,GLMN,1.5365651142899799,1.7415172439918243
ENSG00000122484,RPAP2,-2.4475047906146856,-0.4627612680617883
ENSG00000162676,GFI1,5.6520395538606945,-0.08472664378650277
ENSG00000067208,EVI5,-5.0334032659445125,-1.1535734442608363
ENSG00000154511,DIPK1A,-0.8400597887034232,1.7754450215932673
ENSG00000122406,RPL5,-2.0430286618523112,-0.7801959698145282
ENSG00000117500,TMED5,0.04325663464109326,1.9179963651883047
ENSG00000143033,MTF2,-1.4778553416281186,0.6183945635856802
ENSG00000122483,CCDC18,-2.8233266280657867,-0.3348291624938899
ENSG00000117505,DR1,0.38486697512565027,0.5303114417271396
ENSG00000137942,FNBP1L,-2.745190821195028,-1.2534314736386212
ENSG00000137936,BCAR3,-1.31067052445219,-2.223565227101684
ENSG00000067334,DNTTIP2,0.25295219686691034,0.8382075091624537
ENSG00000023909,GCLM,1.9182062681981173,3.4154566303579945
ENSG00000198691,ABCA4,0.7384919276667896,1.4271636197676287
ENSG00000137962,ARHGAP29,-1.440944379567094,0.9984655146774183
ENSG00000117528,ABCD3,-1.426421690435916,1.845327772460457
ENSG00000117525,F3,12.185049874052782,4.133909842269163
ENSG00000143036,SLC44A3,7.4127399783985854,3.209060758144939
ENSG00000117519,CNN3,2.444852895976552,1.5198900487660314
ENSG00000172339,ALG14,-5.242484251856417,0.18951751144961274
ENSG00000152078,TLCD4,-4.515279668504458,-0.06787470634299662
ENSG00000271092,TLCD4-RWDD3,-5.376299318535316,-1.7339218420534654
ENSG00000122481,RWDD3,-0.7272117934599681,1.6114026334757185
ENSG00000117569,PTBP2,-1.409785589897089,0.4877003323415341
ENSG00000188641,DPYD,-6.882760816853669,-2.7842079983324917
ENSG00000162627,SNX7,1.0691418199390756,0.5029876349413309
ENSG00000099260,PALMD,1.634159273355996,2.039994806339173
ENSG00000156869,FRRS1,-8.876648847028388,-0.04637521572206674
ENSG00000162688,AGL,-4.437697931402598,0.5923179018640837
ENSG00000117620,SLC35A3,-5.121812901174853,-0.7901443221081355
ENSG00000156875,SLC71A1,0.6305944779113147,1.6508718500295456
ENSG00000156876,SASS6,1.1809154642962745,2.3315138303365672
ENSG00000122435,TRMT13,-1.56701986713389,-0.349612100079836
ENSG00000122477,LRRC39,-2.1004085299298207,0.471903662151297
ENSG00000137992,DBT,-5.782361456432187,0.21669641945280896
ENSG00000137996,RTCA,-1.3934670005829153,1.4198023497921923
ENSG00000079335,CDC14A,2.1911913101633376,-0.23579673341417492
ENSG00000181656,GPR88,-6.129264290517508,-2.8908351226278084
ENSG00000162692,VCAM1,-0.23346287086703554,-3.0188144036694484
ENSG00000162694,EXTL2,-1.3232180985684476,1.7854718232095446
ENSG00000162695,SLC30A7,0.6748409956574616,1.16311666964727
ENSG00000117543,DPH5,0.9057466122245968,2.956350953919676
ENSG00000170989,S1PR1,-2.864483411869119,-2.60606742743112
ENSG00000185946,RNPC3,-1.4041997589020128,-0.06742938916232498
ENSG00000240038,AMY2B,-2.159103077203492,0.6813265207633021
ENSG00000243480,AMY2A,-2.3404937380882402,1.069291241505196
ENSG00000237763,AMY1A,-2.533566042536821,0.35521337914290235
ENSG00000174876,AMY1B,-1.716738452137151,0.9066391372984404
ENSG00000187733,AMY1C,-2.838440757055045,0.015861547138441717
ENSG00000198890,PRMT6,-0.866640489871796,-1.1253578342899073
ENSG00000134215,VAV3,2.212502639434533,-1.3431426753764808
ENSG00000085491,SLC25A24,6.444165418344762,0.1772728987257134
ENSG00000162636,EEIG2,6.545601536804531,1.27565628793386
ENSG00000162639,HENMT1,7.045073313675558,0.6631024117088017
ENSG00000134186,PRPF38B,3.0735629377039464,2.247538795801467
ENSG00000116266,STXBP3,2.1617174460076836,1.180941905900775
ENSG00000121957,GPSM2,-2.3253923910715852,-0.1087498005404334
ENSG00000121940,CLCC1,-3.6960355478157174,-1.7977201306360049
ENSG00000085433,WDR47,0.9694942683085479,-0.8558978705914897
ENSG00000197780,TAF13,1.0362131904275869,0.5397607909382056
ENSG00000215717,TMEM167B,-1.4972421029996674,0.6559636628392741
ENSG00000031698,SARS1,-2.883765705424859,-1.9403964861160683
ENSG00000143126,CELSR2,1.2049536836342198,-0.6087127892036165
ENSG00000134222,PSRC1,1.824203022553199,0.31796960377926187
ENSG00000134243,SORT1,4.2083711707598885,0.678733065516709
ENSG00000143106,PSMA5,-1.991201654111867,1.696129323230337
ENSG00000143028,SYPL2,-6.237503652450981,-1.6687132928578678
ENSG00000162650,ATXN7L2,0.2092726321615016,-0.11877075467875439
ENSG00000174151,CYB561D1,-4.127554203437686,-4.734731933708142
ENSG00000181754,AMIGO1,-1.5655147119104982,-0.9325937583159976
ENSG00000065135,GNAI3,0.365777291246387,0.7122207797050104
ENSG00000134183,GNAT2,-3.4740263258201867,-2.295369397786649
ENSG00000116337,AMPD2,-1.4093352885691892,0.11624572570489948
ENSG00000168765,GSTM4,-3.849917990504991,-1.9148866640284976
ENSG00000213366,GSTM2,-1.6993107225045683,-1.586484772995942
ENSG00000134184,GSTM1,-2.039689638060615,-1.6463680070917193
ENSG00000134201,GSTM5,-0.24758444388407222,-1.7468023220976097
ENSG00000134202,GSTM3,-0.042170579176449015,-1.879692621848062
ENSG00000184371,CSF1,3.96552591534084,-1.7619544184520903
ENSG00000168710,AHCYL1,-1.300598498526098,1.782061788420064
ENSG00000143093,STRIP1,1.3797012220829528,0.45506471134100845
ENSG00000156150,ALX3,0.25625240134218563,0.7333363608617552
ENSG00000116396,KCNC4,-4.075884786796875,-5.630702072316245
ENSG00000162775,RBM15,-1.2733497003683383,-0.9125912371521031
ENSG00000168679,SLC16A4,-4.528405204372965,-1.330392715067349
ENSG00000134248,LAMTOR5,-0.6613205243458701,0.9926972637876351
ENSG00000177272,KCNA3,5.845681351723534,0.543257032096332
ENSG00000143119,CD53,6.679570264316661,0.31407265689810093
ENSG00000121931,LRIF1,-2.5743907426187724,0.34829896290708917
ENSG00000156171,DRAM2,3.1368585457641696,2.451741732819739
ENSG00000134255,CEPT1,-0.45746115623196965,2.8036302384250305
ENSG00000162777,DENND2D,2.117032463685759,1.0729142096394704
ENSG00000085465,OVGP1,-4.471843314382354,2.3077501176733737
ENSG00000116455,WDR77,1.1465820809102278,3.2663543924084766
ENSG00000116459,ATP5PB,-1.8343789573422,1.9833872997062771
ENSG00000143110,C1orf162,-0.42228030516817266,-1.522661338694881
ENSG00000121933,TMIGD3,0.9097465770988374,0.013453711874718909
ENSG00000282608,ADORA3,5.543339503268799,0.9755466009267614
ENSG00000116473,RAP1A,2.8950185803085238,1.9644000243575959
ENSG00000197852,INKA2,4.956320715678692,0.3810791208078269
ENSG00000064703,DDX20,1.2764314961520018,1.766467002670568
ENSG00000171385,KCND3,-6.131851050645212,-1.882785321074499
ENSG00000143079,CTTNBP2NL,5.563479510713045,-0.10155029415146509
ENSG00000134245,WNT2B,-0.012348681434460714,-1.9139431576641495
ENSG00000007341,ST7L,-4.799497464954945,-2.4517511676622203
ENSG00000116489,CAPZA1,1.9924228170106058,1.7207416271481368
ENSG00000155363,MOV10,0.800280673247683,0.020388293732306582
ENSG00000155366,RHOC,6.636236178055499,2.70584786564711
ENSG00000155380,SLC16A1,-1.0442194737331505,1.5536198610966963
ENSG00000198799,LRIG2,-4.508406596502802,-2.3768771504575015
ENSG00000081026,MAGI3,-5.919125300576972,-0.7441250708130204
ENSG00000116793,PHTF1,-1.5948832966622961,0.5754284947603949
ENSG00000081019,RSBN1,-2.1713992586111046,-0.3402300192308964
ENSG00000134242,PTPN22,6.28721851767039,0.9969522333140063
ENSG00000134262,AP4B1,2.261251952693569,0.7845240258787054
ENSG00000118655,DCLRE1B,3.211113771427794,-0.5266605933569068
ENSG00000163349,HIPK1,-0.8537973292848318,-1.2611327558902854
ENSG00000116774,OLFML3,4.91031508606849,-0.431522946679411
ENSG00000197323,TRIM33,-1.8968903572274551,0.034696547286266255
ENSG00000116752,BCAS2,-0.5135746706752788,0.8716834831014876
ENSG00000175984,DENND2C,-4.760890658711094,-1.3231521214354105
ENSG00000213281,NRAS,1.9336983174208267,2.1032522598043517
ENSG00000009307,CSDE1,-5.035744900458035,-1.845811996920164
ENSG00000052723,SIKE1,-2.303863963176521,0.464444698480614
ENSG00000134259,NGF,-1.2362023763082977,-3.1942895832598275
ENSG00000173218,VANGL1,0.18702774613772166,-0.6934183624122131
ENSG00000163393,SLC22A15,10.09913669213697,3.2438880876644838
ENSG00000163399,ATP1A1,2.361983375448911,-3.124397145901479
ENSG00000116815,CD58,5.299047542285252,2.406087912149725
ENSG00000143061,IGSF3,10.59281852414321,2.6947438208911514
ENSG00000116824,CD2,10.116470715610822,2.6815437343709263
ENSG00000134247,PTGFRN,6.021169900208078,0.46713135923589744
ENSG00000134256,CD101,10.525594292712324,3.870053334813129
ENSG00000116830,TTF2,5.301460244396824,0.23873320093201997
ENSG00000134253,TRIM45,3.904947603305868,-1.5339599864652027
ENSG00000198162,MAN1A2,-2.728673954180056,0.46197298773327095
ENSG00000183508,TENT5C,2.1254940830390963,0.40019133597838874
ENSG00000196505,GDAP2,-2.4161142165067884,0.6225672398355523
ENSG00000065183,WDR3,-2.3199840433703285,0.14250310555447587
ENSG00000155761,SPAG17,-2.6721383852144003,-1.4621287532921379
ENSG00000092607,TBX15,1.6527037152282877,2.288688360529932
ENSG00000116874,WARS2,1.6387900921601124,1.9447978032396929
ENSG00000116882,HAO2,-9.901354551613148,-1.6003757939466825
ENSG00000143067,ZNF697,-0.9121083272509359,0.06616419682171469
ENSG00000092621,PHGDH,-6.803468461346146,-0.7951287984223594
ENSG00000134240,HMGCS2,-8.333584306824237,-0.16825622364422696
ENSG00000134250,NOTCH2,-3.5365415495769157,-3.405083794496603
ENSG00000265808,SEC22B,0.9584555306940737,2.7983611545210727
ENSG00000270231,NBPF8,0.8479538850857632,1.8850909393171325
ENSG00000273136,NBPF26,0.2134267671659319,0.6957893624763248
ENSG00000286106,NOTCH2NLR,-3.064954281673786,-1.8190591837537184
ENSG00000171943,SRGAP2C,2.434887559969232,1.505262682113844
ENSG00000266338,NBPF15,4.425909848126578,3.0618449481287158
ENSG00000196369,SRGAP2B,2.5503516645875473,0.6792725057829869
ENSG00000162825,NBPF20,0.019937973976267075,1.1201059442703067
ENSG00000117262,GPR89A,-4.079781138668319,1.5055136460829024
ENSG00000174827,PDZK1,-3.1246566416483557,1.2406957320323073
ENSG00000117281,CD160,-3.3325923277018727,-2.5767774853738703
ENSG00000265491,RNF115,5.1123553862730695,4.896887538202848
ENSG00000186141,POLR3C,-0.5929742968227734,-0.620593860179594
ENSG00000186364,NUDT17,3.1937435102757354,1.1474514967617646
ENSG00000131788,PIAS3,5.128341999140982,0.24731402301354102
ENSG00000198483,ANKRD35,-7.425377675407385,-4.2308779131207155
ENSG00000143127,ITGA10,2.385969570074671,0.4901965417035569
ENSG00000131779,PEX11B,-0.3324817514778838,1.9247068861906784
ENSG00000265241,RBM8A,-2.559767596637318,-0.8115230200141722
ENSG00000271601,LIX1L,1.389653371163797,0.5347135494475858
ENSG00000121851,POLR3GL,-4.331361981932295,0.11347104093890935
ENSG00000265972,TXNIP,3.4789126878915058,-0.024099917828034084
ENSG00000168509,HJV,-9.097876796334539,0.1584439438610368
ENSG00000271425,NBPF10,-4.083506968946093,-1.628767516147226
ENSG00000264343,NOTCH2NLA,-6.9510843253020616,-3.1630016860559707
ENSG00000268043,NBPF12,-0.9377267282401353,0.42438513224204705
ENSG00000131791,PRKAB2,-4.95565938107015,-0.2087928340766901
ENSG00000131781,FMO5,-4.042484212147953,1.2658460551237571
ENSG00000131778,CHD1L,1.744590008881103,2.5625193739877603
ENSG00000116128,BCL9,1.02021054676514,-0.6415751427043279
ENSG00000162836,ACP6,-5.723731192107408,-0.9231418131861162
ENSG00000265107,GJA5,9.21608575242422,1.4718158398205925
ENSG00000188092,GPR89B,-3.7150090791501316,1.7852051431888996
ENSG00000263956,NBPF11,-0.29948262633417183,1.5122891889527634
ENSG00000270629,NBPF14,-4.0942140040585215,-1.4490946558339366
ENSG00000286019,NOTCH2NLB,-5.787949575492714,-2.8800316997157576
ENSG00000177144,NUDT4B,-4.047524628374367,-1.213400805697716
ENSG00000178104,PDE4DIP,-7.427461526666545,-2.4559030001156126
ENSG00000269713,NBPF9,0.26247286627212885,1.4633311544943928
ENSG00000286219,NOTCH2NLC,-6.207180746219506,-3.2403203836105106
ENSG00000271383,NBPF19,-3.0874815081695695,-2.134645790348227
ENSG00000150337,FCGR1A,9.834771091615416,3.6137313940389615
ENSG00000270882,H4C14,1.9210069853854763,0.009663584471832526
ENSG00000288825,H2AC18,1.6805733758386576,0.8601558881131977
ENSG00000288859,H2AC19,1.439972289885161,0.8654372214668703
ENSG00000270276,H4C15,2.054933379168258,0.010943929070942991
ENSG00000184678,H2BC21,0.4007548135867987,2.9510908996570056
ENSG00000178096,BOLA1,-2.0098442104516536,0.6720535724946153
ENSG00000143368,SF3B4,3.0261149632862634,-0.32902114703509944
ENSG00000014914,MTMR11,9.829669960022834,3.4460570704334557
ENSG00000264522,OTUD7B,-4.183173431549087,-0.7231992014725808
ENSG00000136631,VPS45,3.048384888546561,3.697516548587299
ENSG00000023902,PLEKHO1,7.217964089844911,0.9488801834325351
ENSG00000143401,ANP32E,-0.8839575001315693,0.1672174098863044
ENSG00000118298,CA14,-7.0645893500389825,-2.1381680666821645
ENSG00000117362,APH1A,-3.6327450664417764,-2.456128063807381
ENSG00000118292,C1orf54,4.277046641337497,0.41054235501183584
ENSG00000159208,CIART,-1.6374191986936477,0.8752513728943334
ENSG00000266472,MRPS21,0.9747126546731323,1.4789941681838523
ENSG00000117360,PRPF3,-2.221742859208986,-1.032341299830104
ENSG00000163125,RPRD2,-4.049705809758037,-2.3620293368300103
ENSG00000143374,TARS2,-6.758227027507699,-4.422573210087257
ENSG00000143369,ECM1,-2.222959704246781,-2.75531688309707
ENSG00000143382,ADAMTSL4,0.7060374589174734,0.08249660723728873
ENSG00000143420,ENSA,-2.79006992976146,1.32475869715368
ENSG00000143457,GOLPH3L,-3.7721635891513468,-1.830636340142011
ENSG00000163131,CTSS,4.35463429063954,1.3408730964499722
ENSG00000143387,CTSK,10.049879834488074,4.411975594456264
ENSG00000143437,ARNT,-7.954751803916076,-1.4889912840875656
ENSG00000143379,SETDB1,-5.9911645994308325,-2.7888112248080112
ENSG00000143418,CERS2,-5.360696659734143,-0.43899554995808837
ENSG00000143412,ANXA9,-6.415286733193508,-3.264791797136636
ENSG00000143409,MINDY1,-5.129234576243294,-2.6687333622308196
ENSG00000143363,PRUNE1,-0.8224663429512238,2.0983652088486884
ENSG00000163141,BNIPL,-0.6684842315782027,-0.21776529904800804
ENSG00000143443,C1orf56,1.9501563113125817,0.6407493801377689
ENSG00000197622,CDC42SE1,8.446580895335211,0.6032463175753868
ENSG00000213190,MLLT11,2.0726258542898166,0.09950110123600157
ENSG00000143458,GABPB2,-1.8893336130148901,-3.02582876943991
ENSG00000143434,SEMA6C,-2.3066239830405397,-1.1602585480154761
ENSG00000163154,TNFAIP8L2,0.5166486627041887,-4.327120073254633
ENSG00000163156,SCNM1,1.5225518496661468,-0.6358687301565351
ENSG00000163155,LYSMD1,-3.6237505504326335,-1.5251876200589793
ENSG00000163159,VPS72,0.23370611341529016,-0.9876940504541605
ENSG00000143398,PIP5K1A,1.4751045126088487,1.6711342917323633
ENSG00000159352,PSMD4,-2.1239345600289132,-0.22220341565353344
ENSG00000143373,ZNF687,-1.1750117482058855,-2.0990971557126468
ENSG00000143393,PI4KB,1.3558793044133566,0.04173998556457116
ENSG00000143390,RFX5,8.504294941774559,3.5517769005608115
ENSG00000143416,SELENBP1,-4.743613964251209,0.05190004910296212
ENSG00000159377,PSMB4,-0.3303639673995329,1.2125023139870532
ENSG00000143442,POGZ,-1.6659884670773197,-0.05936140975838556
ENSG00000143375,CGN,-6.651390777024897,-3.1790859139744128
ENSG00000143367,TUFT1,3.0010249643642974,-0.38577939469131833
ENSG00000143376,SNX27,-3.9335003239291386,-2.448983746913767
ENSG00000159409,CELF3,-1.0459073204839897,-0.07269600038386478
ENSG00000143436,MRPL9,-0.9731832901481171,0.2149563399473837
ENSG00000182134,TDRKH,0.775945412162945,0.5455799515700115
ENSG00000213171,LINGO4,-0.33308970248343145,0.19252345702842813
ENSG00000143365,RORC,-7.5113806694790775,-2.328408141080224
ENSG00000196407,THEM5,-4.278635802083615,-3.2176211080994044
ENSG00000159445,THEM4,1.121379479910508,2.292521479428687
ENSG00000197747,S100A10,9.084604332249757,4.614501319997328
ENSG00000163191,S100A11,11.517188691109007,4.008673884357955
ENSG00000143631,FLG,-2.3952254160958564,-2.981334605745854
ENSG00000163220,S100A9,3.209927083764009,0.6235436523505226
ENSG00000143546,S100A8,3.273146967709211,0.8001716852167251
ENSG00000197956,S100A6,10.04650956859621,0.1693453264383165
ENSG00000196154,S100A4,9.118563637531146,2.1554786403267987
ENSG00000188643,S100A16,2.513436875670206,1.9667563379854869
ENSG00000160678,S100A1,-1.3647127599480136,-0.5460315564227928
ENSG00000189334,S100A14,7.680514910335143,3.1795720585153786
ENSG00000189171,S100A13,6.660870047628863,2.6136109329502757
ENSG00000160679,CHTOP,-0.8667191221078663,-0.08486947197345143
ENSG00000143553,SNAPIN,-2.0855231694113603,-0.9266367156601143
ENSG00000143621,ILF2,1.792290304897091,0.7447163438068124
ENSG00000169418,NPR1,-1.7351972303844425,-2.508322536276758
ENSG00000143624,INTS3,1.159183202412483,0.7641901931066395
ENSG00000143554,SLC27A3,1.8698279887425844,0.9666167213792366
ENSG00000143614,GATAD2B,-1.363043605687019,-0.9198905833702763
ENSG00000198837,DENND4B,0.4596928424846443,-0.519249655898977
ENSG00000160741,CRTC2,-1.6503191960743497,-1.2740000170201373
ENSG00000143570,SLC39A1,0.2268875726317983,-0.05542620180452408
ENSG00000143578,CREB3L4,-5.036889456098315,-0.6278397214000997
ENSG00000143543,JTB,-3.2986011107496127,1.0053018055443985
ENSG00000143545,RAB13,-2.9243627207204264,-1.2157290326572285
ENSG00000177954,RPS27,-2.525268581980945,-2.136198294148031
ENSG00000143549,TPM3,1.1048809305992517,-1.542190945337394
ENSG00000143612,LTAP1,-2.892628150302501,1.7739937788704043
ENSG00000143569,UBAP2L,-2.053500170792363,-1.7155073865075465
ENSG00000143575,HAX1,-4.784179480237136,0.06178026241089533
ENSG00000143515,ATP8B2,6.8756803417859835,-3.5311932894542024
ENSG00000160712,IL6R,-9.5857953395954,-3.535805571060857
ENSG00000169291,SHE,-9.27853799454065,-2.558772316894904
ENSG00000163239,TDRD10,0.5382901597581784,-0.3946140597733807
ENSG00000160714,UBE2Q1,-2.926886735315193,-0.23711298270606385
ENSG00000160716,CHRNB2,-2.7804678134501657,0.24448202089535995
ENSG00000160710,ADAR,-3.7619079559548987,-2.304779724836057
ENSG00000163344,PMVK,-2.2280848912237556,-0.8526475389991751
ENSG00000163346,PBXIP1,1.6656176514434757,-0.4972626561444835
ENSG00000163348,PYGO2,0.9240926405531126,-0.1373941984757826
ENSG00000160691,SHC1,3.5553115723211657,-0.16227835335054105
ENSG00000173207,CKS1B,-2.505025348519828,0.19453236980926308
ENSG00000160688,FLAD1,1.33845094499597,1.345360972354337
ENSG00000160685,ZBTB7B,-1.803163252013894,-1.4309784080044452
ENSG00000163354,DCST2,0.24539149605468558,0.8884105638975432
ENSG00000143537,ADAM15,3.166748701837644,-0.538448430690725
ENSG00000243364,EFNA4,-1.5010000964106656,-0.8510265627586878
ENSG00000169242,EFNA1,-2.8536058812446465,-0.07376395553717792
ENSG00000169241,SLC50A1,0.05643980054461072,2.621605705654488
ENSG00000179085,DPM3,-0.32432420259128153,0.07173112317010479
ENSG00000163463,KRTCAP2,0.24943462853972176,1.1526614523778247
ENSG00000169231,THBS3,0.46031371743036564,0.19179574572596064
ENSG00000173171,MTX1,-1.5881872997315822,-0.4477581079723642
ENSG00000177628,GBA1,0.7139261645170764,-1.028028273920847
ENSG00000160767,ENTREP3,-0.2958162319255064,-1.117706562338448
ENSG00000116521,SCAMP3,0.04602581589676831,-0.43737551547826536
ENSG00000176444,CLK2,0.4221833315344156,2.0109300316464345
ENSG00000143630,HCN3,-2.7271283393869594,2.1730184728304462
ENSG00000143627,PKLR,-3.694567091611035,0.431929992873401
ENSG00000160752,FDPS,-0.42268985256257674,2.679367421345868
ENSG00000160753,RUSC1,2.536443374906983,-0.19722553077103655
ENSG00000116539,ASH1L,-4.382174702358875,-2.5848697172171224
ENSG00000125459,MSTO1,1.6121386754478264,0.9102087403355057
ENSG00000163374,YY1AP1,-2.5534221509498285,-0.2457645310319331
ENSG00000132676,DAP3,-1.4530238214910998,1.2444668911892538
ENSG00000116580,GON4L,-0.8100771950205231,-1.450670246502132
ENSG00000132718,SYT11,7.693142696762649,-1.1299849755899003
ENSG00000143622,RIT1,5.341040847824222,2.3141932173917126
ENSG00000132680,KHDC4,-1.563624361685219,-0.4300135234773936
ENSG00000116584,ARHGEF2,5.674393807929008,-2.9231466261777688
ENSG00000163479,SSR2,1.70178618793015,0.199899947140929
ENSG00000160803,UBQLN4,-0.24822967152058156,0.48757889117332115
ENSG00000116586,LAMTOR2,-0.4422384733367439,0.5164220419996676
ENSG00000254726,MEX3A,-7.375800624008336,-4.0698821305016795
ENSG00000160789,LMNA,5.558766731884354,1.2277224775727966
ENSG00000196189,SEMA4A,6.349747179814522,-1.8744462136592073
ENSG00000160785,SLC25A44,-1.7906178032831073,1.9333067067161205
ENSG00000260238,PMF1-BGLAP,-3.2001866043577722,-0.6620183324329584
ENSG00000160783,PMF1,-2.973770008670286,-0.548991883655515
ENSG00000160781,PAQR6,2.3005973563050928,1.3602398848365405
ENSG00000198952,SMG5,0.31593202630076056,0.2650151377361157
ENSG00000163472,TMEM79,-0.9981453613332384,-0.1655113484121146
ENSG00000198715,GLMP,1.9702612358495954,1.8107358510466374
ENSG00000163468,CCT3,0.7564407170885802,0.5056767640624462
ENSG00000163467,TSACC,-0.24451541792745612,0.03289896527285795
ENSG00000132677,RHBG,-3.9760581709727556,-0.420328397663397
ENSG00000116604,MEF2D,0.5903694803852968,-2.1760436346260534
ENSG00000163382,NAXE,-2.018656644624757,0.6178160626678769
ENSG00000160818,GPATCH4,2.382435872257058,0.1988205763402444
ENSG00000132688,NES,6.920680028556076,-1.9361953273113341
ENSG00000143319,ISG20L2,-1.2811284716036409,-1.2931558752635626
ENSG00000143303,METTL25B,-2.0816215509493965,-0.9866820412052487
ENSG00000143314,MRPL24,-4.643220553450705,-1.242106714559704
ENSG00000143321,HDGF,-4.663168299369356,0.030221896863389292
ENSG00000143294,PRCC,0.1608769236611047,-0.4835391225535251
ENSG00000027869,SH2D2A,5.997813539932592,0.01903620911957416
ENSG00000187800,PEAR1,3.0002354206268302,-3.02877364407089
ENSG00000132694,ARHGEF11,0.6538279583425272,-0.5554358235237704
ENSG00000117036,ETV3,3.5081124873164495,0.10766518236878113
ENSG00000143297,FCRL5,4.459410188912834,-1.2983866271399485
ENSG00000160856,FCRL3,-0.8771599227014267,-3.284951378477273
ENSG00000073754,CD5L,-2.3465675004624424,-1.8125908355891214
ENSG00000183853,KIRREL1,9.239830352334018,-2.2305601442907026
ENSG00000158473,CD1D,1.9509526183410473,3.0231411948467946
ENSG00000158481,CD1C,2.526451766917125,-1.4824874335235192
ENSG00000158488,CD1E,6.125130523390058,-0.30999152492799875
ENSG00000163563,MNDA,3.866813439900571,-0.5190999055897016
ENSG00000163564,PYHIN1,2.7623689640702205,-1.3646082499527505
ENSG00000163565,IFI16,8.607958675687422,1.5468002983942746
ENSG00000163568,AIM2,0.11928418876918827,-2.582901177563684
ENSG00000179639,FCER1A,4.373233382026024,-0.7089017145761466
ENSG00000132703,APCS,-4.278204283540313,0.07759108931502093
ENSG00000132693,CRP,2.980390331189065,0.6929834457059049
ENSG00000158716,DUSP23,-1.706865920195117,0.051214744521584823
ENSG00000181036,FCRL6,1.7440719256200898,-2.853595193478346
ENSG00000158714,SLAMF8,9.927097101915008,1.131660080479605
ENSG00000158710,TAGLN2,8.63773972824851,2.4746247027660857
ENSG00000085552,IGSF9,-2.056109006471292,-0.8475128358047243
ENSG00000162723,SLAMF9,0.17888847743943745,-0.6517366662070295
ENSG00000177807,KCNJ10,-2.948139017761057,-3.427750127340694
ENSG00000143315,PIGM,-3.3785459730765757,-0.32110285437008673
ENSG00000162729,IGSF8,-1.5940371544923924,-0.9108547120241319
ENSG00000162734,PEA15,8.467484328313338,1.429315811726456
ENSG00000132716,DCAF8,-6.96998472871862,0.5595311480264474
ENSG00000162735,PEX19,-7.655077397390517,-1.7983696420368762
ENSG00000122218,COPA,-4.10409833613093,-2.3327648556268925
ENSG00000162736,NCSTN,0.40206187684887323,0.2801627105077667
ENSG00000162739,SLAMF6,5.617598183712496,-0.16444527860594974
ENSG00000066294,CD84,3.0804368918362948,-1.6629609888894905
ENSG00000117090,SLAMF1,7.893639589072005,0.6275321889827845
ENSG00000117091,CD48,7.802205748913619,0.6660434362781538
ENSG00000026751,SLAMF7,5.629518015159152,-0.9204538123819527
ENSG00000122224,LY9,6.1190893433745,-1.2027921102868133
ENSG00000122223,CD244,-0.5436324154248259,-2.5726770275072766
ENSG00000179914,ITLN1,-2.6718969892972226,-3.464717682724852
ENSG00000158769,F11R,-1.3498303943318666,-0.6226722690112403
ENSG00000215845,TSTD1,-1.8780840765005749,-1.1536677835646094
ENSG00000158773,USF1,2.4332297232155704,2.135907263213559
ENSG00000186517,ARHGAP30,4.619900916235547,-4.291739582599742
ENSG00000162755,KLHDC9,0.0165485553231369,1.2528629204528379
ENSG00000143256,PFDN2,-1.204681689990669,0.08026330676624628
ENSG00000158793,NIT1,-3.3577520574731086,1.66053339894255
ENSG00000158796,DEDD,-2.3357716632144223,1.232325244178678
ENSG00000143222,UFC1,-1.6920070738204251,-0.9068888884617462
ENSG00000143258,USP21,-1.4697523593846353,-1.0954420048131783
ENSG00000143224,PPOX,1.301271555005731,1.1528003271593292
ENSG00000158850,B4GALT3,1.7631617742256436,-0.5084120292809389
ENSG00000158864,NDUFS2,-1.8665477239211417,0.28622861761321056
ENSG00000158869,FCER1G,2.0636448377699947,-0.5401723928233562
ENSG00000158874,APOA2,-3.8212668298699324,0.5268790706511386
ENSG00000158882,TOMM40L,-3.060090047823424,0.8109690435580531
ENSG00000143257,NR1I3,-6.823437860659521,-0.0210219702128204
ENSG00000248485,PCP4L1,-2.1358250310332547,-1.0653764170791775
ENSG00000158887,MPZ,0.9201539104843326,-3.2454648606264334
ENSG00000143252,SDHC,-6.113676336414886,-1.0977162639424858
ENSG00000188931,CFAP126,-5.993430667864147,-2.3307373236348057
ENSG00000143226,FCGR2A,8.308256078809833,2.414772206273486
ENSG00000173110,HSPA6,7.806673762063934,1.79561866180556
ENSG00000203747,FCGR3A,2.6306863844122135,1.7116960834028765
ENSG00000162747,FCGR3B,1.2407332898415737,-1.007423494398217
ENSG00000072694,FCGR2B,0.29823872292168147,1.148071970654648
ENSG00000081721,DUSP12,-1.8227357784783602,-1.2263211198809052
ENSG00000118217,ATF6,-1.6125250229262313,0.7184521564105059
ENSG00000198929,NOS1AP,-4.577744572091332,-3.520921095570665
ENSG00000239887,C1orf226,-2.9166017251571987,-1.665341152366131
ENSG00000198574,SH2D1B,-1.6811501719682043,-1.5511757675546678
ENSG00000152332,UHMK1,-1.2762024676471913,0.5825479420744293
ENSG00000117143,UAP1,-3.435435120784533,1.0244693211380322
ENSG00000162733,DDR2,3.393217252207251,-0.49673033201745187
ENSG00000132196,HSD17B7,0.6118857218712425,2.950936569106036
ENSG00000117152,RGS4,12.663553664702974,5.449558212656483
ENSG00000143248,RGS5,-5.463122056746325,-6.277189838877791
ENSG00000185630,PBX1,4.539546330842592,1.1466634721107716
ENSG00000143198,MGST3,-1.67653554578233,0.45970666871822513
ENSG00000143149,ALDH9A1,-5.491339398882198,1.4617437069569483
ENSG00000143183,TMCO1,-0.48455104494963863,2.6476806468680225
ENSG00000143179,UCK2,-2.4167698125430945,-2.127322517210573
ENSG00000188859,FAM78B,-2.520143042462127,-1.6367831424571613
ENSG00000143157,POGK,2.0591274680092386,-0.5393660677034338
ENSG00000152382,TADA1,-7.395868175393914,-0.23559839834531932
ENSG00000143195,ILDR2,-3.809125717763883,-1.481311194923147
ENSG00000143190,POU2F1,-3.729678022460787,-1.739424165292873
ENSG00000198821,CD247,2.8505590461243107,-2.6797147434462145
ENSG00000143162,CREG1,1.1621956185557314,2.6444567965173675
ENSG00000198771,RCSD1,2.394349799631366,-3.5118537897301363
ENSG00000197965,MPZL1,9.58443236035911,4.708320970833214
ENSG00000143199,ADCY10,-7.266479884774303,-1.2812326462230177
ENSG00000143158,MPC2,-6.4227801350545155,0.044892121154920514
ENSG00000143164,DCAF6,-11.334020829377572,-1.3107214720615452
ENSG00000143147,GPR161,-0.4932704897731732,-3.4913202199203233
ENSG00000143155,TIPRL,1.472856845702567,1.9515078422915104
ENSG00000213064,SFT2D2,-1.6025636452272214,-0.9769267734956971
ENSG00000143178,TBX19,0.9683431776207454,-0.0547223600392472
ENSG00000143185,XCL2,1.883879072187789,-0.3806773348839374
ENSG00000143184,XCL1,2.3366031567966874,-0.0521168202441399
ENSG00000143196,DPT,9.928761239776149,2.6317131994237393
ENSG00000143153,ATP1B1,0.5696868862312822,0.9529340632381667
ENSG00000143156,NME7,0.6770365762665674,1.4766768454846713
ENSG00000117475,BLZF1,0.29816306458581215,-0.12586001393001525
ENSG00000117479,SLC19A2,-5.028683280778671,0.16283909043349026
ENSG00000198734,F5,-4.325931969102024,-0.9477356359926541
ENSG00000174175,SELP,6.467608975454062,4.081526755090505
ENSG00000000460,FIRRM,-3.4899164198884214,-0.730633958544488
ENSG00000188404,SELL,2.102231735337154,-1.033900490609838
ENSG00000007908,SELE,1.4448028440383003,1.5186709376441954
ENSG00000171806,METTL18,-2.632601638057526,-0.34521136473533015
ENSG00000000457,SCYL3,-5.599064096728545,-2.215518038887559
ENSG00000075945,KIFAP3,-1.0406941749482692,-0.8021290289203483
ENSG00000120370,GORAB,4.392489907994366,1.7697257870527106
ENSG00000007933,FMO3,-3.3806254398533535,3.3627152472716935
ENSG00000094963,FMO2,7.777315386166555,2.7374955345833816
ENSG00000010932,FMO1,5.447781383647688,2.5114815321563086
ENSG00000076258,FMO4,-3.446223461719594,2.2940732117853955
ENSG00000117523,PRRC2C,0.9070580922633605,0.4794623617876755
ENSG00000117533,VAMP4,-0.9546895259172415,1.344666747082226
ENSG00000010165,METTL13,-1.024444092232937,-0.783618119814177
ENSG00000197959,DNM3,3.1716310982593483,-0.06073385570563044
ENSG00000135845,PIGC,2.435315914568022,1.5817580996450447
ENSG00000180999,C1orf105,-3.8759241637959576,-3.1463722434960193
ENSG00000094975,SUCO,4.140067782989845,2.0301040423264385
ENSG00000117560,FASLG,4.378933625272265,0.2547580054248201
ENSG00000117586,TNFSF4,-3.270191824694171,-1.3143305210939098
ENSG00000117592,PRDX6,-5.633355912295267,1.5299997682154947
ENSG00000076321,KLHL20,-4.524867017936757,-1.2538743403067678
ENSG00000117593,DARS2,-1.707385369708724,-0.3625222921314743
ENSG00000185278,ZBTB37,-4.653761914214526,-1.4584647195869087
ENSG00000117601,SERPINC1,-7.262036122619693,-2.617989341645629
ENSG00000135870,RC3H1,-0.9587574597403145,1.3752408600781543
ENSG00000152061,RABGAP1L,-2.9469958256496294,-1.9944370267692304
ENSG00000116161,CACYBP,-5.2591787324718196,-1.872773366551912
ENSG00000120333,MRPS14,-6.413435351718904,-1.7859972826424193
ENSG00000120332,TNN,-1.5826719508293052,-3.0566554757772644
ENSG00000235750,KIAA0040,1.782606152571114,-1.1544507773689487
ENSG00000143207,COP1,-1.697398668275352,0.6004082483223234
ENSG00000120341,SEC16B,-2.8644315289721676,1.4216159488614084
ENSG00000075391,RASAL2,4.457347545578678,0.6113426751774144
ENSG00000116191,RALGPS2,-3.944360710369193,0.6402255734516533
ENSG00000116194,ANGPTL1,-3.936567069747648,-2.5298894239878735
ENSG00000116199,FAM20B,-2.367358754448155,-0.12921735327497424
ENSG00000186283,TOR3A,-0.9972475743813422,0.7912101906631854
ENSG00000143322,ABL2,-0.4475463986262378,-0.8616430132575982
ENSG00000057252,SOAT1,-0.17207959560248082,0.06176888431480443
ENSG00000169905,TOR1AIP2,-1.5632206211103639,3.0778528434040378
ENSG00000143337,TOR1AIP1,-4.931393148744657,-2.6164354887795924
ENSG00000135837,CEP350,-1.445700001895543,0.47468287392106834
ENSG00000116260,QSOX1,8.416132046286165,1.1061900238195794
ENSG00000121454,LHX4,-2.4932061208638885,-2.5124042843823005
ENSG00000230124,ACBD6,-2.9819801102247503,-1.7897139889801423
ENSG00000143324,XPR1,1.7377380138192469,1.2766979803629155
ENSG00000135823,STX6,6.577763949235922,1.3655325827487401
ENSG00000153029,MR1,7.472035961661894,4.288076426204092
ENSG00000162783,IER5,13.664587001880895,6.32086567597991
ENSG00000179930,ZNF648,-3.19451083139798,-1.348345274354114
ENSG00000135821,GLUL,-2.607690650843221,-1.1122647162782977
ENSG00000121446,RGSL1,-3.8168019601809293,-2.755338089775502
ENSG00000135828,RNASEL,2.588415598848527,-0.43912037776533835
ENSG00000143333,RGS16,6.075220106031301,1.8299077807250017
ENSG00000135838,NPL,1.7837887979953357,2.758831041099263
ENSG00000135829,DHX9,-1.8598545876081423,-1.419989565000543
ENSG00000135862,LAMC1,3.912705401001976,-2.1290061769841158
ENSG00000058085,LAMC2,9.923235666949621,-1.8394796455462008
ENSG00000116698,SMG7,-2.7573173343598456,0.22438103141820712
ENSG00000116701,NCF2,5.614319643083764,-0.09426232608410204
ENSG00000162704,ARPC5,6.495496216249311,3.492068432898459
ENSG00000143344,RGL1,2.3405293969456595,0.19089636500077822
ENSG00000198860,TSEN15,2.0393507785321052,2.844329443236592
ENSG00000116667,C1orf21,-3.52743219967574,-1.17240511763647
ENSG00000116406,EDEM3,-0.2744117382247738,0.7306275749938946
ENSG00000135842,NIBAN1,5.919636502331348,-2.556453857715947
ENSG00000121481,RNF2,1.717649076654426,0.7662353383645913
ENSG00000121486,TRMT1L,-3.089562887148132,0.6783653646704407
ENSG00000116668,SWT1,-3.673089195686409,-0.8685842272985126
ENSG00000116679,IVNS1ABP,-2.7228380475606477,-2.0971685261089474
ENSG00000143341,HMCN1,1.329190993121935,1.7744708114084071
ENSG00000116690,PRG4,-2.4468764534852783,0.358695000833595
ENSG00000047410,TPR,-0.18442588612976107,2.110568521031712
ENSG00000157181,ODR4,-1.4264655905497434,2.075681386038921
ENSG00000073756,PTGS2,8.981888802162379,2.8088556785481855
ENSG00000116711,PLA2G4A,3.5422626366252423,-0.4836671253490382
ENSG00000150681,RGS18,1.9265037930930136,0.17353256937045214
ENSG00000090104,RGS1,9.06837602823487,3.110624520489108
ENSG00000116741,RGS2,5.856281237118613,1.087312423192712
ENSG00000116750,UCHL5,-2.473084470868547,0.13797655059469324
ENSG00000116747,RO60,0.9456475305824561,1.9013693757147756
ENSG00000023572,GLRX2,2.05096171347963,3.400470447733397
ENSG00000134371,CDC73,-0.08818517834258882,0.26480246929216433
ENSG00000162630,B3GALT2,2.2999285888782217,-1.510612165609384
ENSG00000162687,KCNT2,-2.1399825165844164,-0.04504224428051337
ENSG00000000971,CFH,-4.343251484143496,-0.7131706070643672
ENSG00000116785,CFHR3,-4.1572779545300245,-0.758017501434499
ENSG00000244414,CFHR1,-2.434236693876138,0.3955409161204416
ENSG00000134365,CFHR4,-7.536025978460994,-2.6010632586790954
ENSG00000080910,CFHR2,-5.787623042636909,0.38142275714046747
ENSG00000134389,CFHR5,-7.911351439717169,-2.9725860409286717
ENSG00000143278,F13B,-6.7909611218262285,-0.45385899555050424
ENSG00000066279,ASPM,2.908965068486912,2.088280962759212
ENSG00000177888,ZBTB41,0.049729941847140635,0.674760076103667
ENSG00000213047,DENND1B,-0.6576752448277758,0.6568391257690231
ENSG00000203724,C1orf53,-3.2567078596923524,1.6936418150492252
ENSG00000143355,LHX9,-0.8190478398001312,0.238513975856069
ENSG00000151414,NEK7,-0.8542975673269391,0.4149912001853927
ENSG00000081237,PTPRC,4.3854377825230735,-0.7696925445535079
ENSG00000116833,NR5A2,-5.799722340122024,-0.2826345579768116
ENSG00000162702,ZNF281,-3.471181522010761,1.08511666138413
ENSG00000118193,KIF14,1.353267560262088,0.4550703788069528
ENSG00000118197,DDX59,-1.9503699011478388,0.6929832166491225
ENSG00000118200,CAMSAP2,2.985190565343783,1.075114910691853
ENSG00000116852,KIF21B,6.716434290676192,-0.22041417000944138
ENSG00000116857,TMEM9,-0.18686963940314208,0.1246819781027934
ENSG00000159166,LAD1,1.6032327844016028,-0.9942787380006626
ENSG00000159173,TNNI1,-2.1848490148138326,-0.579172064260365
ENSG00000174307,PHLDA3,11.514430149458585,5.279211385336465
ENSG00000159176,CSRP1,-0.8361786353656295,-1.1359598066792436
ENSG00000134369,NAV1,6.61042961220412,0.5245685460491121
ENSG00000198700,IPO9,-4.976701581673211,-2.3540772102165834
ENSG00000198892,SHISA4,1.4586919318472678,1.320995019730477
ENSG00000163431,LMOD1,4.778754589666491,-1.5552439944035021
ENSG00000134375,TIMM17A,1.2194547395392947,3.4473280753117512
ENSG00000176393,RNPEP,1.8564779413162384,0.5635504985402401
ENSG00000163435,ELF3,11.042424382146466,3.9487074734645446
ENSG00000143862,ARL8A,3.0838022725419503,1.3379337976936745
ENSG00000143851,PTPN7,7.655654123030802,-0.17009391435911922
ENSG00000077157,PPP1R12B,-2.9011781195200745,-3.870814607195477
ENSG00000117139,KDM5B,1.5897851219786898,-0.0722358353165691
ENSG00000183155,RABIF,1.2193383613986253,1.8675353403172053
ENSG00000117153,KLHL12,-1.516138681049127,0.9945382360351476
ENSG00000159346,ADIPOR1,-3.282013283898324,1.254036180237015
ENSG00000159348,CYB5R1,-2.1726945208618873,-0.04753606278105699
ENSG00000163444,TMEM183A,-2.9501451998455104,1.8647369503976194
ENSG00000133048,CHI3L1,10.75669687130168,5.851454863953602
ENSG00000159388,BTG2,13.777856562456806,4.476541802195125
ENSG00000122176,FMOD,10.301137735204714,2.3380088896941866
ENSG00000188783,PRELP,7.433431820934005,0.5011517534658124
ENSG00000058668,ATP2B4,5.204897847197766,-0.23079298560541497
ENSG00000122188,LAX1,5.8021013365373975,-2.392847046977808
ENSG00000058673,ZC3H11A,-1.9506018185986884,2.195420996619964
ENSG00000257315,ZBED6,-1.4791460669248182,-0.04044458226500631
ENSG00000182004,SNRPE,0.013177192460345655,0.810667514756319
ENSG00000143842,SOX13,-3.050463019349431,-2.218662883499862
ENSG00000143845,ETNK2,-8.605524841780564,-2.3333470588783705
ENSG00000143839,REN,-7.2565770908151634,-3.258408990575501
ENSG00000174567,GOLT1A,4.026444429989918,3.1112975064426767
ENSG00000143850,PLEKHA6,-4.515546028599828,-2.131193954922819
ENSG00000158615,PPP1R15B,-0.553980273435688,1.7907470562367793
ENSG00000133056,PIK3C2B,-0.9041958985920546,-3.7347912710109195
ENSG00000198625,MDM4,-1.8925880069271013,-2.115794686817081
ENSG00000163531,NFASC,11.129153900321432,3.3077464880927567
ENSG00000174529,TMEM81,-2.2619005616933885,-0.2090024785969111
ENSG00000117222,RBBP5,-3.9686375035483397,-1.6762456053775772
ENSG00000133059,DSTYK,-0.05795723689237454,-2.466948046579707
ENSG00000163545,NUAK2,6.658944039712548,0.8847573169712697
ENSG00000117266,CDK18,4.0766685172026635,0.16899449740844044
ENSG00000174514,SLC60A1,-0.8700868670508958,-3.5618483215964885
ENSG00000158711,ELK4,-0.19444346545953323,0.9320309191836972
ENSG00000158715,SLC45A3,-5.048372252419934,-0.8163755093345029
ENSG00000069275,NUCKS1,-3.993381367270819,0.16739253896917533
ENSG00000117280,RAB29,-0.9041483218080638,-0.09524645309866074
ENSG00000133065,SLC41A1,4.134906226433565,0.3861918264011018
ENSG00000276600,RAB7B,12.038227367143202,3.4856563209505356
ENSG00000266028,SRGAP2,4.779788457312413,1.4093693334580146
ENSG00000263528,IKBKE,7.661222408568708,0.5246960795318685
ENSG00000266094,RASSF5,-0.5273219968349727,-1.128288295527023
ENSG00000143486,EIF2D,-6.179998624953217,-1.4268336929719698
ENSG00000143479,DYRK3,-2.2495338641167795,-2.1147954017348782
ENSG00000162889,MAPKAPK2,3.2717100711378024,0.652446906517223
ENSG00000162894,FCMR,1.9690118681025255,-3.28709918607146
ENSG00000162896,PIGR,5.6283785454013575,-0.10890999982308888
ENSG00000162897,FCAMR,7.452941520728365,3.384837488556858
ENSG00000182795,C1orf116,5.641313136964655,-5.608982518970036
ENSG00000123836,PFKFB2,7.994666554206848,4.056029566325069
ENSG00000180667,YOD1,0.07660559351454922,1.4821860538167813
ENSG00000123843,C4BPB,-4.296217375913748,2.6730895856992096
ENSG00000123838,C4BPA,-4.396579780017812,0.48980258907918467
ENSG00000196352,CD55,3.533211317961254,3.446703300314784
ENSG00000203710,CR1,-1.2595806561766114,-3.9544285795001892
ENSG00000197721,CR1L,-2.120031872754252,-1.767521005530182
ENSG00000117335,CD46,-0.1134788374141652,1.410568808975699
ENSG00000174059,CD34,7.6742331542912545,-0.3105647343947764
ENSG00000076356,PLXNA2,3.081776018222554,0.1873626274381811
ENSG00000196878,LAMB3,2.9664895717739324,-1.3186870519746112
ENSG00000123689,G0S2,1.506384459652323,1.4875099989608151
ENSG00000117594,HSD11B1,-6.040490066054306,0.3125637541514276
ENSG00000009790,TRAF3IP3,5.695983834008097,-0.5626306906490982
ENSG00000162757,C1orf74,-1.4504693322881954,-0.9203595852504711
ENSG00000117595,IRF6,-1.2172230063780902,0.9507969381310507
ENSG00000117597,UTP25,-4.67910267681428,-1.3517391456131533
ENSG00000054392,HHAT,3.0771825212493344,0.9974979976960718
ENSG00000117625,RCOR3,-2.905493348731069,-0.09662156452291346
ENSG00000082512,TRAF5,7.090476847294555,-1.291241142415759
ENSG00000170385,SLC30A1,-1.0224133285839385,1.6639732055867817
ENSG00000123684,LPGAT1,0.26547490871948315,0.9343297176097627
ENSG00000143493,INTS7,-0.7617968911498865,0.9343563248499983
ENSG00000066027,PPP2R5A,-0.558093002805282,2.335127693038178
ENSG00000065600,PACC1,2.78569630563441,0.23715524979947863
ENSG00000117691,NENF,0.020938236342269306,0.7455579592330228
ENSG00000162772,ATF3,10.455974605932271,6.332402598116323
ENSG00000123685,BATF3,2.8098810355889734,-1.425746660538694
ENSG00000117697,NSL1,-5.52983251425775,-1.9780830843040813
ENSG00000203705,TATDN3,0.3578894359802671,1.3783042640010592
ENSG00000162769,FLVCR1,5.742984273068836,3.0020739782952983
ENSG00000174606,ANGEL2,-2.689641293411931,0.6736127343226537
ENSG00000136643,RPS6KC1,-1.9106867214163166,-0.4746086497276617
ENSG00000117707,PROX1,-3.611572006419746,0.6183423783012209
ENSG00000143499,SMYD2,5.517840367144699,4.154368079866301
ENSG00000152104,PTPN14,8.15884054285813,-0.213502842532932
ENSG00000117724,CENPF,4.546911774940463,0.7318692812161984
ENSG00000136636,KCTD3,-5.1355738200451055,0.26450775583429503
ENSG00000042781,USH2A,-11.562328869944256,-3.7787615199977815
ENSG00000196482,ESRRG,5.113007249440075,2.4956735618453103
ENSG00000092978,GPATCH2,2.8490362982455997,1.328583263836253
ENSG00000067533,RRP15,-0.4499898007916375,0.5108656600369416
ENSG00000092969,TGFB2,8.334496231649045,-0.36919138342681435
ENSG00000143353,LYPLAL1,-2.9201548850030097,0.33493835060621935
ENSG00000215817,ZC3H11B,-1.6430461525461313,1.8220704060259834
ENSG00000196660,SLC30A10,-5.095593730809152,0.4453615234163248
ENSG00000136628,EPRS1,-0.7388709306351252,-0.6137821316781344
ENSG00000162813,BPNT1,-1.6279946114890682,0.3886210914876971
ENSG00000067704,IARS2,-4.183655655451019,-0.5395195772967712
ENSG00000118873,RAB3GAP2,-2.3566787406662018,-0.01975923498478333
ENSG00000162817,C1orf115,-7.053879109536161,-0.7521419328912706
ENSG00000117791,MTARC2,-10.883002752088887,-1.6914844484018177
ENSG00000186205,MTARC1,-7.997569612862697,0.1500547106443813
ENSG00000136630,HLX,-3.403084469342284,-1.554093614894977
ENSG00000143507,DUSP10,-5.91053876758777,-1.2372150520704732
ENSG00000143498,TAF1A,-1.4596031519838666,-1.1806763547982269
ENSG00000154305,MIA3,-4.840905241669811,-1.631626526917217
ENSG00000186063,AIDA,-0.3688983974916445,1.1103316431650179
ENSG00000162819,BROX,0.5936556011777935,0.917261027216919
ENSG00000154309,DISP1,-2.3609837332093724,-0.3614763825227
ENSG00000187554,TLR5,8.853625939558965,1.387728122634909
ENSG00000143502,SUSD4,2.8349127412844353,1.124105915460095
ENSG00000162909,CAPN2,13.814359798019535,5.400675935547486
ENSG00000143514,TP53BP2,7.106751495205036,3.094022658868067
ENSG00000143756,FBXO28,-1.936982078600404,0.7596699758173215
ENSG00000143753,DEGS1,1.9365709402014544,0.22181261478837327
ENSG00000143748,NVL,-1.6092590223251395,-1.2597372058211882
ENSG00000143771,CNIH4,-2.340637184357324,0.06332883926713768
ENSG00000162923,WDR26,1.4730370564205266,2.587809203654553
ENSG00000143786,CNIH3,-0.6431202856070168,-1.284109743013866
ENSG00000185842,DNAH14,-0.3378538200001966,2.4588023929953207
ENSG00000143815,LBR,1.4010186313746662,1.8607278743759403
ENSG00000154380,ENAH,5.649283867646382,1.712034019158881
ENSG00000143742,SRP9,-0.9238749214649027,1.521195438727146
ENSG00000143819,EPHX1,-3.754713936376317,0.82409424058856
ENSG00000196187,TMEM63A,-0.842098062359859,-1.0084015013763228
ENSG00000143811,PYCR2,1.962214506632336,-0.3706252800689206
ENSG00000143751,SDE2,-0.41445318923951424,-0.6172739740478218
ENSG00000163041,H3-3A,1.0405106292496435,1.754475438129047
ENSG00000182827,ACBD3,0.8884230803639693,0.3383826580956572
ENSG00000183814,LIN9,-0.5082575884820284,-0.731232722575167
ENSG00000143799,PARP1,-0.671975019497981,-1.9243769101374424
ENSG00000143772,ITPKB,3.5862678456325874,-4.087637967951819
ENSG00000143801,PSEN2,3.2454621475928476,0.7254541024165728
ENSG00000163050,COQ8A,-4.412296948245954,-0.5801563718233863
ENSG00000143776,CDC42BPA,-4.884694430246603,-1.5210407863271782
ENSG00000181450,ZNF678,3.3565502033644643,1.491398356142399
ENSG00000143740,SNAP47,-3.865706530712744,-1.0193153496359988
ENSG00000081692,JMJD4,-2.916661053165935,-1.7143597006082862
ENSG00000143761,ARF1,1.5206095058746232,0.41694427926976557
ENSG00000143793,C1orf35,0.34086664271842526,-0.09697715566262609
ENSG00000162910,MRPL55,-0.9744169659740496,0.55129758815053
ENSG00000143774,GUK1,1.395096239792716,0.6261442262047981
ENSG00000181873,IBA57,-6.520098478242082,-4.046833338074236
ENSG00000154358,OBSCN,1.5513783672580048,-3.3988799999978414
ENSG00000154370,TRIM11,4.26627934289337,0.7545548737520834
ENSG00000168159,RNF187,1.451166395373261,0.3594719480047527
ENSG00000116574,RHOU,1.131861614763693,2.5915769022060555
ENSG00000168118,RAB4A,-0.9947250578913791,2.2815676588488354
ENSG00000154429,CCSAP,-1.967549673851075,-0.6466639429117191
ENSG00000069248,NUP133,-0.9127596807851314,0.8967173716011547
ENSG00000135776,ABCB10,-2.454431441689388,0.006160063915046071
ENSG00000135801,TAF5L,-4.607610792241739,-1.4972582087674828
ENSG00000135763,URB2,1.294546457917875,0.861709311627703
ENSG00000143641,GALNT2,-2.34473258138939,-2.9190497914370406
ENSG00000177614,PGBD5,-3.71909098443655,-2.1245430634195634
ENSG00000135775,COG2,3.125227622549535,2.9483845646172298
ENSG00000135744,AGT,-3.2868050226329366,-1.3771885500376684
ENSG00000119280,C1orf198,13.872496882492438,5.040328299269383
ENSG00000143643,TTC13,2.1916292724425896,1.40988046969817
ENSG00000173409,ARV1,-1.7358303483685913,3.0423684488478826
ENSG00000182118,FAM89A,0.2046914958030884,-0.20602084074249116
ENSG00000143633,FSAF1,0.24833784814794208,2.694663583347178
ENSG00000116906,GNPAT,0.39467453741932473,3.041765933662188
ENSG00000116903,EXOC8,-0.3685511561553122,-0.07084947142046363
ENSG00000010072,SPRTN,-0.5735100839064554,0.7201185926306636
ENSG00000135766,EGLN1,0.468880483057624,1.1435309343024882
ENSG00000116918,TSNAX,0.36943490932784206,1.615955005467563
ENSG00000270106,TSNAX-DISC1,0.20086837027757176,-1.9221971131690225
ENSG00000162946,DISC1,2.555029351410657,-2.793549442794138
ENSG00000116991,SIPA1L2,1.786700738676341,-0.6780148758948993
ENSG00000212916,MAP10,-4.7147928675262705,-1.1578377194212288
ENSG00000135778,NTPCR,-2.832987629663847,-0.8718891449673739
ENSG00000135749,PCNX2,8.99914028115213,-0.8960547725572708
ENSG00000143674,MAP3K21,-4.346946637207451,-3.0080840940281974
ENSG00000135750,KCNK1,2.163390206620882,1.4181593866769382
ENSG00000168275,COA6,1.1470921709779045,2.548664022715545
ENSG00000059588,TARBP1,2.475005085859313,1.7578620288782727
ENSG00000168264,IRF2BP2,5.145665608461499,3.3624511027189894
ENSG00000173726,TOMM20,-2.556441069104019,0.365947561992045
ENSG00000188739,RBM34,2.695972331354752,2.5360838682494484
ENSG00000054267,ARID4B,0.806209958157525,0.8387079183372901
ENSG00000152904,GGPS1,1.519336518691746,2.7499315882444075
ENSG00000284770,TBCE,-2.185431586461517,0.4951027945615556
ENSG00000162885,B3GALNT2,1.849050418989345,1.8811971023756628
ENSG00000143669,LYST,-2.4752967229609943,-0.258057579761958
ENSG00000116962,NID1,-2.0903133585674167,-2.6307977157007456
ENSG00000077585,GPR137B,1.2338700672311331,-1.1036270729848077
ENSG00000086619,ERO1B,-2.290425672529225,-0.6774080665188247
ENSG00000116977,LGALS8,-1.7609450621757747,-0.45022755075475185
ENSG00000119285,HEATR1,-1.0194581478013458,-0.8068397623954947
ENSG00000116984,MTR,-0.04818147360318551,-0.9144709445326513
ENSG00000133019,CHRM3,-1.4180784415529053,-2.5661962467762245
ENSG00000180875,GREM2,-4.057759302570241,-1.175619232726706
ENSG00000091483,FH,-4.839009251091115,0.8520256030196037
ENSG00000117009,KMO,-3.311819958187816,1.2049701051246295
ENSG00000054277,OPN3,-2.6717198271781935,1.01625559422237
ENSG00000203668,CHML,-0.04658337306406467,-0.5644461558548475
ENSG00000143702,CEP170,2.809170642591469,0.5351407348038998
ENSG00000054282,SDCCAG8,-3.0423969520669947,-2.3487357030105382
ENSG00000117020,AKT3,3.0608167982564223,-1.3294049009302953
ENSG00000179456,ZBTB18,-1.8473632038255323,1.3604725447585464
ENSG00000035687,ADSS2,2.039089722503013,0.8073330030685621
ENSG00000179397,CATSPERE,-2.911503246142051,-0.04276620459792036
ENSG00000121644,DESI2,3.1598775924728044,2.4693570988193567
ENSG00000203667,COX20,-3.96880543933424,-0.43089368896678437
ENSG00000153187,HNRNPU,-1.7824153774882898,-1.577129943232953
ENSG00000203666,DRC8,-1.9616765964069671,-1.0182721351568134
ENSG00000185420,SMYD3,-1.3905880922908889,-0.3992445825955086
ENSG00000162851,TFB2M,-3.884324940099047,0.23407767099539023
ENSG00000162852,CNST,-8.551087366171002,-1.0925613385679533
ENSG00000143653,SCCPDH,-7.317715542151136,-1.4561334929893817
ENSG00000153207,AHCTF1,-4.275075695827328,-0.5427275044554108
ENSG00000277462,ZNF670,1.0332396705511184,0.19157405349414672
ENSG00000188295,ZNF669,2.66140498987512,-0.4646815432422311
ENSG00000196418,ZNF124,4.302320115253211,1.1749817039002577
ENSG00000162714,ZNF496,-0.10969974119165017,-1.779285710436063
ENSG00000162711,NLRP3,5.571316245929286,-1.2124683345828327
ENSG00000175137,SH3BP5L,0.6235908946239765,-0.6857635477119673
ENSG00000171161,ZNF672,0.7830869603924275,1.0381516246652782
ENSG00000171163,ZNF692,1.435353656535596,0.9729090288296497
ENSG00000185220,PGBD2,-2.351013092671332,-1.0631229859398568
ENSG00000184731,FAM110C,0.2987358648300483,2.0619575128639256
ENSG00000035115,SH3YL1,6.733506965667098,1.5512078449516775
ENSG00000143727,ACP1,-2.339199968330127,2.1505724354174003
ENSG00000189292,ALKAL2,7.111451189088395,-0.9720540657444554
ENSG00000151353,TMEM18,-5.364575748441901,-2.348814365998498
ENSG00000130508,PXDN,3.9714099945667356,-1.7235549819204077
ENSG00000032389,EIPR1,-4.659646335500598,-3.5321941339308456
ENSG00000171853,TRAPPC12,-3.5114284809495406,-3.3711222373355647
ENSG00000182551,ADI1,-7.696358573679572,-0.1424942999822241
ENSG00000171865,RNASEH1,-1.9364070197187,-0.07629629080497916
ENSG00000171863,RPS7,-0.11622034653900261,0.6699675640059696
ENSG00000118004,COLEC11,3.0136720487031203,-1.0078375214835895
ENSG00000151360,ALLC,-0.8626827341799472,-0.6236083030679799
ENSG00000134326,CMPK2,-0.3387960256344358,-0.6850036029619856
ENSG00000134321,RSAD2,-1.3481036329889224,-1.4593008921157107
ENSG00000151692,RNF144A,-2.9997039826527923,-4.717819565520875
ENSG00000115738,ID2,0.3598610079861976,3.0896457917979334
ENSG00000134313,KIDINS220,-2.599511149976112,-1.7765375591596808
ENSG00000143797,MBOAT2,3.3152326148890467,-1.369886748266368
ENSG00000151693,ASAP2,-1.969226950543833,-3.5449731548371335
ENSG00000119185,ITGB1BP1,3.4529979753993016,-0.1111582658439258
ENSG00000119203,CPSF3,-0.14414015002701352,3.04787305872341
ENSG00000134330,IAH1,-1.5068686158049822,0.7372366427945318
ENSG00000151694,ADAM17,0.9282086794818036,-1.051392311415533
ENSG00000134308,YWHAQ,-0.464331658566369,0.25479662815944504
ENSG00000115750,TAF1B,-2.26538159033476,-2.006517700565021
ENSG00000134317,GRHL1,-2.905269283823204,1.5774815445694144
ENSG00000172059,KLF11,0.33250235108563087,0.9594061638294422
ENSG00000205795,CYS1,5.227452252717368,-4.387266654269389
ENSG00000115756,HPCAL1,-0.968969028550783,-0.8085755816665959
ENSG00000115758,ODC1,4.682880207883598,1.2703588640444459
ENSG00000115761,NOL10,-2.578578518184642,0.8562427122534153
ENSG00000143882,ATP6V1C2,-0.27894278272453804,0.35677219907473334
ENSG00000143870,PDIA6,-1.7705760679960343,-2.1461207099098063
ENSG00000162976,SLC66A3,3.4923695706236324,2.4816475481558355
ENSG00000134318,ROCK2,-1.987921445839716,-1.0578741217943886
ENSG00000169016,E2F6,0.0808228929867996,1.7327193961995462
ENSG00000196208,GREB1,-3.698708838217922,-2.0658377266716927
ENSG00000134324,LPIN1,0.29532743786366866,3.537937999373538
ENSG00000071575,TRIB2,7.83700333772887,2.7250798784974366
ENSG00000162981,LRATD1,-1.1874835286635763,-0.9459423725270449
ENSG00000151779,NBAS,-3.683414859952266,-1.7723032764404432
ENSG00000079785,DDX1,-3.2311568752747712,-0.4435442417608187
ENSG00000197872,CYRIA,2.930165258551159,-0.5959932727184784
ENSG00000214842,RAD51AP2,-3.6636224427598694,-0.02335863607045359
ENSG00000163032,VSNL1,-6.953772333791625,-0.42763873047286494
ENSG00000163029,SMC6,-3.2545060404380943,-0.9300915805528764
ENSG00000178295,GEN1,-2.4023496888336733,1.6988381726372335
ENSG00000240857,RDH14,1.6186541353075676,2.7915609383116147
ENSG00000250741,NT5C1B-RDH14,1.0006450472918256,2.8932985456557505
ENSG00000183891,TTC32,-1.6621020509749485,1.110045827958413
ENSG00000118965,WDR35,1.1860422935226664,-0.7251859799527117
ENSG00000068697,LAPTM4A,-0.6985948530984097,0.45121839185437596
ENSG00000115884,SDC1,0.5760427320919773,0.02714507002900905
ENSG00000055917,PUM2,-2.905246698450774,0.2782353870792395
ENSG00000143878,RHOB,3.145972608138007,2.5469064919815514
ENSG00000118960,HS1BP3,3.2740935817563557,0.38325228898272545
ENSG00000143869,GDF7,-5.358050490440424,-1.7332900835507343
ENSG00000118961,LDAH,-2.1359524553723968,1.3344689931596985
ENSG00000084674,APOB,-3.1766202198332056,0.5999468664306888
ENSG00000218819,TDRD15,8.081796856108117,5.558402325663428
ENSG00000119771,KLHL29,9.320903868689342,3.1960017928990663
ENSG00000119778,ATAD2B,-0.7179213606439101,0.14164402649669383
ENSG00000173960,UBXN2A,2.400783382631882,1.3893243440997811
ENSG00000163026,WDCP,-3.3800155745384184,-0.5242462170899215
ENSG00000119782,FKBP1B,4.795793475446011,2.4067598705907898
ENSG00000115128,SF3B6,0.35611549492107875,2.2021541232138535
ENSG00000219626,FAM228B,5.9463798423447,2.521211527315126
ENSG00000115129,TP53I3,8.322635886664447,2.8376427949523415
ENSG00000176732,PFN4,0.15707630410973522,-1.0894820191732753
ENSG00000198399,ITSN2,-0.4819706877344169,0.36218524824511417
ENSG00000084676,NCOA1,-4.257932735000618,-2.050022623378192
ENSG00000184924,PTRHD1,-2.0921797161515157,-0.2532244454297448
ENSG00000138092,CENPO,0.454479881292635,-3.2513045231313287
ENSG00000138031,ADCY3,4.502026553239246,-5.001750720551494
ENSG00000115137,DNAJC27,-0.259604565298352,0.2739723237981338
ENSG00000119772,DNMT3A,3.544823732642607,-0.18459309644902583
ENSG00000138101,DTNB,-4.1460852861958335,-2.238162930182472
ENSG00000143970,ASXL2,-0.26589698320911476,-0.09939607602238175
ENSG00000084733,RAB10,-0.43225904452448266,0.1851887531036621
ENSG00000084754,HADHA,-3.96759510687097,-0.11248680812599655
ENSG00000138029,HADHB,-2.3395884753530356,0.7584686184982918
ENSG00000138018,SELENOI,-1.573292558113139,1.9468825410290422
ENSG00000213699,SLC35F6,7.197617175352607,3.056512248922945
ENSG00000084764,MAPRE3,1.64031225804734,0.877523515231357
ENSG00000119777,TMEM214,1.8850049277634415,0.9076138813205323
ENSG00000084693,AGBL5,-2.689694071893552,-0.8915538293614813
ENSG00000228474,OST4,-0.8684513599930219,-0.026303530347877777
ENSG00000138080,EMILIN1,3.9823224257479333,-2.4428621046860313
ENSG00000138030,KHK,-5.484438635879178,-0.7024516207596353
ENSG00000138028,CGREF1,-3.005214070369945,0.09095000111980307
ENSG00000143994,ABHD1,-0.8175789388732404,2.076366743051772
ENSG00000138073,PREB,1.4552273150351096,1.3433302953899144
ENSG00000138074,SLC5A6,2.7185616536717085,2.9979856948047026
ENSG00000138085,ATRAID,-1.6216601449409913,-0.18530333240726574
ENSG00000084774,CAD,1.2958196478923822,0.5762116275850032
ENSG00000115204,MPV17,6.648597539814824,2.637050686580657
ENSG00000115207,GTF3C2,-0.9275725525101803,-0.42082961906224275
ENSG00000115211,EIF2B4,0.9906396811398376,0.9580865993185566
ENSG00000115234,SNX17,-0.04292303132145013,-0.5097987654201911
ENSG00000163795,ZNF513,5.372252556352133,2.8816637424238953
ENSG00000115241,PPM1G,1.9905657007938857,0.033264419970720216
ENSG00000115216,NRBP1,0.12585596102955018,-0.16978454697469536
ENSG00000157992,KRTCAP3,-4.173314013043143,-4.365370234943413
ENSG00000138002,IFT172,-0.8947093844490689,-2.0553248100539863
ENSG00000115226,FNDC4,4.231595711425932,3.632052230194544
ENSG00000084734,GCKR,-3.246709469140445,1.6738257084595785
ENSG00000221843,SPATA31H1,-3.355755747087455,-0.07056798498562732
ENSG00000243943,ZNF512,1.8206960851799678,-0.51452393376092
ENSG00000176714,CCDC121,-4.3976832238889605,-1.542703493360734
ENSG00000198522,GPN1,-2.0787715818013255,0.5186896208615119
ENSG00000119760,SUPT7L,1.3486252138738222,3.1183497415616186
ENSG00000163798,SLC4A1AP,-0.0927049062593016,1.4812616975546429
ENSG00000243147,MRPL33,-2.680882762603817,-0.8521066011998121
ENSG00000171174,RBKS,-6.388899340629608,-0.4586793187430262
ENSG00000158019,BABAM2,2.5386495213917875,1.7153603645461566
ENSG00000075426,FOSL2,6.493838314600009,1.0023316489486211
ENSG00000213639,PPP1CB,1.8383028800893382,1.469761836413952
ENSG00000163806,SPDYA,0.38834056386066856,2.520782664169122
ENSG00000171103,TRMT61B,-2.127796388255733,0.31332021002672217
ENSG00000163811,WDR43,-2.2470663982393337,0.2246156253369952
ENSG00000115295,CLIP4,6.981568747249992,0.7825614764205993
ENSG00000119801,YPEL5,0.9608112330490624,2.3953360586430694
ENSG00000213626,LBH,9.74843580916111,-0.7411995253473344
ENSG00000172954,LCLAT1,-0.803429069881385,1.4412944242697387
ENSG00000158089,GALNT14,-3.1002007269468166,-3.330778044698261
ENSG00000013016,EHD3,-4.280603255409547,-2.819891406556583
ENSG00000158125,XDH,-7.071145832270102,-2.5057283374585966
ENSG00000277893,SRD5A2,-5.706469198818676,0.8211478363514926
ENSG00000162959,MEMO1,-5.621196757842309,-1.7529159384967559
ENSG00000162961,DPY30,-3.8324629888412627,0.5646988077191132
ENSG00000021574,SPAST,-1.2826163556248638,0.5160996521657397
ENSG00000152683,SLC30A6,-2.1471335905777935,0.7356022545056544
ENSG00000091106,NLRC4,1.5147232308617729,0.08874122402061839
ENSG00000119820,YIPF4,-4.224060242985248,-0.4979010306351341
ENSG00000115760,BIRC6,-4.925616997300947,-0.6607964493958056
ENSG00000018699,TTC27,-3.186504102878969,-0.5066955715913727
ENSG00000049323,LTBP1,1.9620272957741165,0.6027792165604272
ENSG00000152689,RASGRP3,2.5922634206504416,0.39989597309855585
ENSG00000119812,FAM98A,0.7197387341872225,0.07571463816625042
ENSG00000150938,CRIM1,5.663218762489672,-2.1243587912266957
ENSG00000171055,FEZ2,2.3029794582981675,0.6346922062520991
ENSG00000115808,STRN,-1.8910527998704683,-0.2129595419868719
ENSG00000008869,HEATR5B,-2.3902143780476512,0.32793890884376314
ENSG00000152133,GPATCH11,-3.4863324779612923,-0.9557198546909473
ENSG00000055332,EIF2AK2,-1.8300893937842682,-0.6547988558173773
ENSG00000218739,CEBPZOS,-2.1465828182249496,1.5598201238738945
ENSG00000115816,CEBPZ,-2.7178974978815966,-0.06628362841211449
ENSG00000003509,NDUFAF7,-3.3693805219153234,0.17749839757382546
ENSG00000115825,PRKD3,-1.3671002070389249,-0.7492402205813672
ENSG00000115828,QPCT,5.892133779567692,1.4343953784119803
ENSG00000163171,CDC42EP3,5.77096354497875,0.5105307393710139
ENSG00000115841,RMDN2,-4.043852479406187,-0.2431464742010563
ENSG00000138061,CYP1B1,2.452169415427167,-0.26650103420538046
ENSG00000119787,ATL2,-3.466880677831095,1.4150263774730183
ENSG00000143889,HNRNPLL,1.8155880766667938,0.5770630082084187
ENSG00000143891,GALM,-4.527861216551542,0.06228070872820518
ENSG00000115875,SRSF7,-0.35737190835216137,1.2625056968117339
ENSG00000152147,GEMIN6,-4.933268335521272,-1.2780773113328505
ENSG00000163214,DHX57,0.587626499107735,-1.4431229628485451
ENSG00000188010,MORN2,-0.714012455096477,0.3957464226649987
ENSG00000115904,SOS1,-1.0295317897322165,0.3990582639250079
ENSG00000011566,MAP4K3,-0.10436569265281509,0.4506922897467069
ENSG00000152154,TMEM178A,1.4534499254451942,1.559277951720842
ENSG00000138050,THUMPD2,-0.7936492644637615,1.9876682451287533
ENSG00000183023,SLC8A1,-0.27117832316999274,-4.775917454009769
ENSG00000162878,PKDCC,7.259432231230198,-0.08070885065597498
ENSG00000143924,EML4,-1.1569472592803123,0.9353563534541746
ENSG00000115944,COX7A2L,-3.002742943258446,0.630252826829573
ENSG00000057935,MTA3,-11.205610477293988,-4.09114204616477
ENSG00000162881,OXER1,-3.478713207076139,0.12279647273841818
ENSG00000162882,HAAO,-13.278183883954068,-5.641443394708536
ENSG00000152518,ZFP36L2,5.162674859896644,1.5752032059694154
ENSG00000115970,THADA,-3.0004543794363485,-1.801039977350902
ENSG00000152527,PLEKHH2,0.5156257426874024,-2.9252573568016027
ENSG00000138036,DYNC2LI1,-3.046956730704485,-0.9425720398351568
ENSG00000138075,ABCG5,-3.5652822757280758,1.0288764022191241
ENSG00000143921,ABCG8,-6.802356328849036,-1.346289486331342
ENSG00000138095,LRPPRC,-3.203886812043777,0.14607210861764258
ENSG00000138032,PPM1B,-2.2494488202978724,-0.06417529570050486
ENSG00000138079,SLC3A1,-2.128326384302192,-0.5911543513302642
ENSG00000138078,PREPL,-2.274674247059363,0.06872469778873772
ENSG00000143919,CAMKMT,-4.102313303720434,-2.3739397453014703
ENSG00000068784,SRBD1,-1.9353419081954943,-0.5132050778809852
ENSG00000171132,PRKCE,-0.5914874227793252,-0.42656916372204673
ENSG00000116016,EPAS1,-2.078070060971962,-3.651561274039594
ENSG00000250565,ATP6V1E2,3.6627577281981454,2.4584261163178796
ENSG00000119729,RHOQ,7.247905626189297,3.7822261948225915
ENSG00000151665,PIGF,4.703106818114255,3.1276051373328233
ENSG00000119878,CRIPT,-1.3629725270618165,1.2321373316979052
ENSG00000171150,SOCS5,0.0007515230701771526,-0.3852391599785726
ENSG00000180398,MCFD2,-5.324009428858433,-1.4691915840231642
ENSG00000068724,TTC7A,-0.08669039089858407,-0.32720749394772275
ENSG00000143933,CALM2,1.7318071893225597,0.8116529689980869
ENSG00000119888,EPCAM,11.055363771391265,0.206708271766782
ENSG00000095002,MSH2,1.289720236732109,0.17293086784061285
ENSG00000116062,MSH6,-3.49110065800278,-1.7725197958620844
ENSG00000138081,FBXO11,-1.7410024528269228,0.6450956972492957
ENSG00000170802,FOXN2,-2.8492051525619515,0.5028609754775739
ENSG00000162869,PPP1R21,1.0443669576553323,0.9558962230336604
ENSG00000243244,STON1,7.304989835606122,0.26870461385043
ENSG00000115239,ASB3,-2.755436682269637,0.40740831097165775
ENSG00000143942,CHAC2,-1.1544898961961607,1.0954912902846712
ENSG00000068912,ERLEC1,-1.612384588308328,-0.8798996248657716
ENSG00000119737,GPR75,-3.6974101654504152,-1.7756692676918837
ENSG00000068878,PSME4,-2.591426241186369,2.2149013909067117
ENSG00000170634,ACYP2,-6.73315327618898,-1.7280563591766562
ENSG00000115306,SPTBN1,2.84541994596409,0.4441529926929716
ENSG00000214595,EML6,-1.6155053876703969,2.0982170644720353
ENSG00000115310,RTN4,-4.803141291379126,-0.6331266980376843
ENSG00000162994,CLHC1,1.3903136877412867,-0.29550745927532746
ENSG00000143947,RPS27A,0.5783818976948106,0.758703051048909
ENSG00000085760,MTIF2,-2.035661873731704,0.8849099755650645
ENSG00000115355,CCDC88A,0.8809924558040967,-0.09376361233820188
ENSG00000163001,CFAP36,1.088714632354249,-1.5271120560317095
ENSG00000275052,PPP4R3B,-4.358445716384362,-0.6504482377360291
ENSG00000138035,PNPT1,-0.10208631162349673,1.7205900926012343
ENSG00000115380,EFEMP1,12.190251187525082,3.1590468444964066
ENSG00000028116,VRK2,-0.9647226310122715,1.947886013415934
ENSG00000115392,FANCL,-2.496244284297925,1.6201627013021374
ENSG00000115421,PAPOLG,2.591676307274611,0.5745269838776811
ENSG00000162924,REL,0.7223853040122571,0.6675494065667886
ENSG00000162927,PUS10,-3.9317212543405105,1.2079236026492532
ENSG00000162928,PEX13,-3.581724433212405,0.8085747252035249
ENSG00000162929,SANBR,2.9222302429966027,-0.4736145876214332
ENSG00000237651,C2orf74,-2.8532751748402383,-0.9140351227708281
ENSG00000115464,USP34,-3.3911990345257954,-0.08448445331598313
ENSG00000082898,XPO1,0.2816926734160215,1.2458274952726682
ENSG00000170264,FAM161A,-1.8813831162699437,-1.4174471268297808
ENSG00000115484,CCT4,-0.07058425100692961,0.9498645661350461
ENSG00000173163,COMMD1,-7.719635808821169,-2.9171309399243035
ENSG00000170340,B3GNT2,-1.8704445343531082,-0.1388278636384353
ENSG00000186889,TMEM17,-6.7314039014424285,-0.8866516991384683
ENSG00000115504,EHBP1,-3.350698703246001,-0.32028184101280877
ENSG00000143951,WDPCP,2.4283600958712346,2.143634412598058
ENSG00000014641,MDH1,0.04033021336364403,2.519491427917356
ENSG00000169764,UGP2,-1.7436613315531246,0.7022838111405036
ENSG00000143952,VPS54,-4.637202967450463,0.25166233505670477
ENSG00000197329,PELI1,2.5413751927881796,0.07973974629615972
ENSG00000119862,LGALSL,1.7963568536622618,2.8938105979868625
ENSG00000119844,AFTPH,-1.7023646319854,-0.07016651805793268
ENSG00000179833,SERTAD2,-3.65842020114172,0.4457682716199377
ENSG00000115902,SLC1A4,1.408539343305401,-0.6051776014258011
ENSG00000011523,CEP68,-1.0302271236504,-3.1079277403573013
ENSG00000138069,RAB1A,1.7429018801059293,2.665039065269907
ENSG00000138071,ACTR2,2.3985435165013533,0.9826578706395445
ENSG00000198369,SPRED2,-3.12215962501089,-2.481503738500274
ENSG00000143995,MEIS1,-0.41585990642114085,-2.0968289516929617
ENSG00000143971,ETAA1,-0.8784503760837624,0.2105305490222968
ENSG00000197223,C1D,-1.7418223515094822,0.24565911783732758
ENSG00000243667,DNAAF10,-2.70644255544555,-0.8596035633246255
ENSG00000115946,PNO1,1.2756786081363565,1.194895908066956
ENSG00000221823,PPP3R1,-3.938876226036103,0.017151424186456155
ENSG00000119865,CNRIP1,5.469637029022351,-0.1365976695072069
ENSG00000115956,PLEK,3.3157926906877626,-2.416042770645663
ENSG00000204923,FBXO48,-2.0002746115524097,1.1561517987049361
ENSG00000169621,APLF,-0.5445990302366639,0.7018022321809312
ENSG00000163219,ARHGAP25,4.373420976223085,-2.5750845097800017
ENSG00000163217,BMP10,-3.7779156518756385,-1.1180348473066724
ENSG00000169604,ANTXR1,9.430119671120112,0.846832738759658
ENSG00000198380,GFPT1,0.5585207531005565,0.1425928772933794
ENSG00000169599,NFU1,-2.3706969136569698,0.43618755887467187
ENSG00000115977,AAK1,6.341704046699087,2.0847701051370913
ENSG00000196975,ANXA4,6.948057736625371,-2.3131340836001444
ENSG00000087338,GMCL1,-2.117169271582023,-0.806121406107731
ENSG00000124380,SNRNP27,1.2200425066122784,1.0990425210153056
ENSG00000059728,MXD1,4.256208062037941,2.597987783104769
ENSG00000169564,PCBP1,0.807523743513593,0.39420507238016955
ENSG00000115998,C2orf42,-6.543171035038402,-0.2228975592211252
ENSG00000116001,TIA1,0.39267525327856884,1.9898678768310427
ENSG00000116005,PCYOX1,-5.230965105367666,-0.6679786788170039
ENSG00000143977,SNRPG,-3.4641490050450545,-0.8791302804154358
ENSG00000035141,FAM136A,-0.802527714927131,3.8945510463948145
ENSG00000163235,TGFA,3.92112362183781,-0.6314404241475525
ENSG00000152672,CLEC4F,2.7601410134407365,-0.8128799312507171
ENSG00000116031,CD207,5.4960858389064065,-0.38812656174793575
ENSG00000144043,TEX261,-2.079200610363341,-0.5378762655056244
ENSG00000144031,ANKRD53,0.4053688970511187,2.88893848404659
ENSG00000124357,NAGK,2.7259953157688033,-1.0982525378900516
ENSG00000124370,MCEE,-7.957116561950966,-1.1153022650433417
ENSG00000124383,MPHOSPH10,-2.5666335637276223,-0.4925242294628827
ENSG00000124374,PAIP2B,-10.94018979452485,-3.0736540719715975
ENSG00000075292,ZNF638,-3.5702764492078605,1.3570522826265268
ENSG00000135636,DYSF,-0.9478318056720272,-1.217803581777859
ENSG00000144036,EXOC6B,2.1749337289323156,-0.41963563134155396
ENSG00000116096,SPR,-2.690496590994012,-0.7328959595440011
ENSG00000144040,SFXN5,-5.521047279937364,-0.658466977625576
ENSG00000135631,RAB11FIP5,5.254801958939015,0.20839176305354482
ENSG00000135632,SMYD5,2.3984602508828083,0.32309960773023283
ENSG00000135617,PRADC1,-1.226339346874111,0.6185491282690918
ENSG00000135624,CCT7,-2.635610030309042,-2.2125208783463894
ENSG00000163013,FBXO41,3.3503101027601208,-2.0797372525402174
ENSG00000116127,ALMS1,-0.8842490850387172,-0.8082480776165961
ENSG00000144035,NAT8,0.963417971547754,0.02120555190960312
ENSG00000144034,TPRKB,0.008309531357530474,1.1936046525847777
ENSG00000144048,DUSP11,3.128167564111355,2.4260229006492344
ENSG00000124356,STAMBP,-0.9248878649525403,1.38443604617093
ENSG00000114956,DGUOK,2.841155313244543,3.1396227276085305
ENSG00000187605,TET3,-0.9698664635542243,-0.15960106729654655
ENSG00000163170,BOLA3,0.41594683573176905,1.7262287133798433
ENSG00000114978,MOB1A,2.6640235195656867,1.832233090190856
ENSG00000065911,MTHFD2,10.216843942835762,1.4301249508384424
ENSG00000188687,SLC4A5,1.3294177350764618,-2.0235732298044984
ENSG00000204843,DCTN1,-1.329142717810851,-3.9522060780440116
ENSG00000005448,WDR54,-0.3521378097111272,-0.3024416771857188
ENSG00000114993,RTKN,-4.093544141752865,-2.3743934350794813
ENSG00000115274,INO80B,-0.7018361665940076,-0.7292810023720963
ENSG00000274049,INO80B-WBP1,-0.6792385713329663,0.2491773702178976
ENSG00000239779,WBP1,-0.6524045854826497,0.2971062342885765
ENSG00000115275,MOGS,-0.6002452992499224,-1.1581961414304158
ENSG00000135637,CCDC142,-3.988353424835113,-3.061240447735587
ENSG00000204822,MRPL53,-2.683350659388448,-1.2478698977421083
ENSG00000115282,TTC31,-1.9278868478165967,1.1658236846744228
ENSG00000179528,LBX2,-3.3643343284682454,-2.152821974158355
ENSG00000115289,PCGF1,-3.8607068483467892,-1.078295632376864
ENSG00000115307,AUP1,0.4896398567792937,1.9845872216770981
ENSG00000115317,HTRA2,-0.7564776406242114,-0.5367298965692869
ENSG00000115318,LOXL3,3.3385256303234088,0.9827058799570451
ENSG00000115325,DOK1,5.877750197091111,0.30584697449848514
ENSG00000135622,SEMA4F,3.2105691195880848,-2.2828030269945305
ENSG00000159399,HK2,4.911151579110122,-1.4071406419573074
ENSG00000115350,POLE4,1.1970704986613732,1.794367607232193
ENSG00000115363,EVA1A,-0.9197472282248231,1.2435537698375354
ENSG00000115364,MRPL19,-2.421886858354237,1.60398556415762
ENSG00000005436,GCFC2,-3.112215578196696,1.9520664119285727
ENSG00000163541,SUCLG1,-1.4375755946680473,1.9744489145640391
ENSG00000115423,DNAH6,-1.0227375692140377,-0.27654119803875793
ENSG00000186854,TRABD2A,6.785268216450756,1.3850979502908134
ENSG00000034510,TMSB10,9.81760681793628,2.1522238754073735
ENSG00000176407,KCMF1,-0.13138967406486485,2.2168307865395174
ENSG00000152284,TCF7L1,-1.9224112163541962,-3.4061323741719605
ENSG00000152291,TGOLN2,-0.8498019022792972,-0.6321572964045253
ENSG00000042445,RETSAT,-2.9875449666346627,-0.5140492134698879
ENSG00000115459,ELMOD3,0.14134259831099716,1.051267729993147
ENSG00000042493,CAPG,11.943202761284784,3.2780320688877116
ENSG00000152292,SH2D6,-2.480321841726345,-1.2905196653514872
ENSG00000168906,MAT2A,0.9611484013605522,0.6503958063529015
ENSG00000115486,GGCX,-6.5618278208364345,-3.5228735955872286
ENSG00000118640,VAMP8,3.391806244918394,1.4076577379257138
ENSG00000168899,VAMP5,5.40816715070283,1.062358174506466
ENSG00000168894,RNF181,-1.9033006303997353,0.29955640664753264
ENSG00000168890,TMEM150A,-1.8593891099255762,-0.4715247754783764
ENSG00000168883,USP39,1.2001818586604336,1.7505151156519825
ENSG00000168887,C2orf68,-5.547104166626814,-2.049774592442805
ENSG00000115523,GNLY,0.31036591254753054,-1.1731478714423056
ENSG00000168874,ATOH8,-0.1976781989927221,-0.15540695925585365
ENSG00000115525,ST3GAL5,-4.984206749627611,-2.503535885025681
ENSG00000068654,POLR1A,0.8912260285428318,-0.6538642137948507
ENSG00000132300,PTCD3,-5.160491758128646,0.8310237595084528
ENSG00000132305,IMMT,-1.5162852872868011,0.4326667786134262
ENSG00000132313,MRPL35,-1.791728833777703,2.8779041695586187
ENSG00000068615,REEP1,-2.661739711181188,-3.9141822692521675
ENSG00000115548,KDM3A,0.3500624528336697,0.5417360765503024
ENSG00000115561,CHMP3,1.5514403096640228,-2.5237084333824003
ENSG00000249884,RNF103-CHMP3,0.1734705496599197,-3.0350599470265
ENSG00000239305,RNF103,-4.929877032187123,-0.14623027066349595
ENSG00000153561,RMND5A,-5.972109451722281,-0.39808675263954285
ENSG00000153563,CD8A,5.706789380246772,-0.5015931939821372
ENSG00000187627,RGPD1,-3.2711682398022472,1.7864884378625947
ENSG00000183281,PLGLB1,-3.1614892796473195,2.2550248780885567
ENSG00000125551,PLGLB2,-3.4332418672757643,1.9974443494105176
ENSG00000185304,RGPD2,-2.161186938670016,1.9565536927572842
ENSG00000172086,KRCC1,-1.701721223820822,1.4007666549845212
ENSG00000163586,FABP1,-2.5146662221018676,0.3183286301678174
ENSG00000144115,THNSL2,-3.1152017488823436,-0.13184758892268358
ENSG00000172071,EIF2AK3,1.041919333345873,0.15290783711055414
ENSG00000153574,RPIA,2.0645720313885905,-0.8934604057627147
ENSG00000259916,AQP7B,-7.526603248516997,-2.3500932438992512
ENSG00000144029,MRPS5,-3.574344097301875,0.581307565256697
ENSG00000144026,ZNF514,0.4411298396638492,-0.5852796198569312
ENSG00000275111,ZNF2,-2.57994958199849,-1.6071756426914896
ENSG00000115042,FAHD2A,-4.561283654672523,1.394064659372276
ENSG00000174501,ANKRD36C,2.1735004670607894,-0.2808687894326628
ENSG00000186281,GPAT2,2.084458287162491,0.9250924222103171
ENSG00000274286,ADRA2B,-6.6292976421350085,-4.266096286747623
ENSG00000084090,STARD7,-2.3057296238842184,1.551678536274236
ENSG00000135956,TMEM127,3.0498890822811,0.6790106182759216
ENSG00000144021,CIAO1,-5.49184128104041,0.28999161033357707
ENSG00000144028,SNRNP200,-4.929756409318928,-2.933807523246726
ENSG00000163121,NEURL3,6.975446201959775,0.4653094897314061
ENSG00000196843,ARID5A,-0.9870407627668609,-2.2603087618644904
ENSG00000114982,KANSL3,0.24423989749387734,-0.04369883914937333
ENSG00000114988,LMAN2L,-8.25727866756222,-2.2856660517989984
ENSG00000158158,CNNM4,-1.4542643690428263,-2.079290113683307
ENSG00000168763,CNNM3,-7.8920137842362825,-2.932295085719599
ENSG00000163126,ANKRD23,-2.123655714973508,-1.9687785626782652
ENSG00000213337,ANKRD39,-2.3304052833730093,-1.0802162801907937
ENSG00000168758,SEMA4C,1.5648897775125639,-0.5608253391231051
ENSG00000144199,FAHD2B,-1.3686237101408216,2.798703777840997
ENSG00000135976,ANKRD36,2.6950690814060696,-0.6374146286818325
ENSG00000196912,ANKRD36B,2.8461519916378113,-0.4331177994494054
ENSG00000135940,COX5B,-3.383983863153094,-0.7182703263621899
ENSG00000115073,ACTR1B,1.5393725409713368,1.0557251604659084
ENSG00000228486,C2orf92,0.28524522474072667,1.1785369162738872
ENSG00000115085,ZAP70,4.053047176242711,-1.3565618960256913
ENSG00000075568,TMEM131,-0.8338138454391596,-0.45776130384570485
ENSG00000040933,INPP4A,5.627875959926167,0.8719976951509607
ENSG00000183513,COA5,-2.787138025687427,2.6784508049864817
ENSG00000115446,UNC50,-1.653683457782536,1.061245091485402
ENSG00000071073,MGAT4A,1.4325660323184477,-0.2109742960863959
ENSG00000135951,TSGA10,-1.1039227242754686,-2.4269187733573676
ENSG00000273045,C2orf15,0.04569638277462528,-0.6412641993556855
ENSG00000144182,LIPT1,-1.0070326617614738,0.27641585724823187
ENSG00000158411,MITD1,2.6090199405597296,3.5202002895141518
ENSG00000185414,MRPL30,-2.79207396582296,0.9622599778619426
ENSG00000144214,LYG1,0.5473663674753046,0.7435978323786914
ENSG00000115514,TXNDC9,2.635096400274947,2.2286543271267814
ENSG00000158417,EIF5B,-0.6323257339939008,-0.4274498906130336
ENSG00000135945,REV1,-4.807044150787812,-0.3168496858535225
ENSG00000144218,AFF3,-0.849640165289231,-1.9403190924792384
ENSG00000170500,LONRF2,5.138224803547294,1.9513721018963717
ENSG00000115539,PDCL3,2.4710700220702018,0.45822411879527486
ENSG00000170485,NPAS2,2.5633963441097536,0.05843126737002859
ENSG00000071082,RPL31,2.4349098720959828,1.4272378889407014
ENSG00000204634,TBC1D8,1.7702994691480916,1.546383262831089
ENSG00000158435,CNOT11,3.725781198416275,4.2054220780444345
ENSG00000163162,RNF149,0.7422805611570337,1.1416665760657154
ENSG00000071054,MAP4K4,-1.743408236400826,-1.229418431295712
ENSG00000115590,IL1R2,0.5029151132806171,1.5989652476977934
ENSG00000115594,IL1R1,1.8590575305849406,1.5751027095149228
ENSG00000115598,IL1RL2,-7.293446453507371,-2.1298801315129072
ENSG00000115604,IL18R1,-3.0032381998452116,-3.0382214504980363
ENSG00000115607,IL18RAP,2.9257353379386193,-1.476016819068965
ENSG00000135953,SLC67A2,-5.431908299778117,-0.3964769283002294
ENSG00000170417,TMEM182,0.31125908982241934,0.6495371081800012
ENSG00000135972,MRPS9,-3.277159193441246,0.8043600628784923
ENSG00000135966,TGFBRAP1,-0.7386434323630032,-2.2280342296557514
ENSG00000135974,C2orf49,-1.8529465103058447,-0.7445593033113959
ENSG00000115641,FHL2,10.588206286259757,4.8245490315629755
ENSG00000071051,NCK2,6.47453126990693,-3.01847232317688
ENSG00000115652,UXS1,5.691573745217284,0.9038561913874578
ENSG00000153165,RGPD3,-4.817071370315857,-0.2757424748813382
ENSG00000144057,ST6GAL2,0.1778191988253632,-1.4293945268545185
ENSG00000196862,RGPD4,-3.9004504413256633,0.06075545363101022
ENSG00000198203,SULT1C2,7.312193968985251,3.3730841019236353
ENSG00000198075,SULT1C4,9.674313787143078,0.04696101300587141
ENSG00000135968,GCC2,0.4610744621473627,-0.555732941292036
ENSG00000169756,LIMS1,1.7590660833571496,0.2937626808166785
ENSG00000153201,RANBP2,-1.4699948021286189,0.47327680990513754
ENSG00000163006,CCDC138,-3.2889730365921803,-0.8456403518719428
ENSG00000135960,EDAR,-1.7394596292826892,0.8604961853655405
ENSG00000172985,SH3RF3,7.471768113440439,1.0004054673961573
ENSG00000186522,SEPTIN10,-2.7978835298299254,-0.630916783476631
ENSG00000198142,SOWAHC,-4.2239289599394585,-0.4259247430338908
ENSG00000015568,RGPD5,-3.1812996881341298,-0.4199618345225396
ENSG00000256977,LIMS3,4.649366229179243,1.5859761332921294
ENSG00000284337,ENSG00000284337,1.099120133763489,1.386619531979266
ENSG00000144063,MALL,5.341419115858009,1.824058677395381
ENSG00000175701,MTLN,0.7062227144849493,0.17660904698927876
ENSG00000256671,LIMS4,3.5673346346953987,2.1536064480928028
ENSG00000183054,RGPD6,-2.8243554028338336,-0.1594007392788078
ENSG00000153094,BCL2L11,-1.7828035019056465,-1.6964105234319904
ENSG00000153107,ANAPC1,-4.27121429065548,-0.6049440701847645
ENSG00000153208,MERTK,-3.4587795972024145,-1.4674508879202357
ENSG00000153214,TMEM87B,4.598867531845711,1.2250409140026413
ENSG00000144152,FBLN7,-5.777698492019724,-4.300499384970532
ENSG00000144161,ZC3H8,-3.656134520027428,-1.0473082013333113
ENSG00000188177,ZC3H6,-5.055797743827045,-1.1728301629415654
ENSG00000169629,RGPD8,-3.045417116769455,-0.3897271728815665
ENSG00000114999,TTL,8.865805577919248,5.054820239073866
ENSG00000125630,POLR1B,-4.0982286917212996,-0.7092421689637708
ENSG00000125611,CHCHD5,-2.402676920171778,-1.7424572524961146
ENSG00000144136,SLC20A1,5.4708638187494625,4.289528983713503
ENSG00000125538,IL1B,7.013007447682806,1.5512809466669928
ENSG00000136689,IL1RN,1.827749180539892,2.5349897046069443
ENSG00000125637,PSD4,-3.6644268074638124,-1.2123748927423028
ENSG00000136682,ZNG1B,-1.703649038020984,1.5975745895735431
ENSG00000144134,RABL2A,-1.5474026479065317,-2.8744848295103163
ENSG00000115084,SLC35F5,-3.0067072373760864,0.09532948382614836
ENSG00000115091,ACTR3,2.3109094307797915,0.5842641384797007
ENSG00000088205,DDX18,-2.170152521684505,-0.48341752715669406
ENSG00000125633,CCDC93,-2.912092959412815,-1.5766746635754714
ENSG00000125629,INSIG2,-1.4933674753041974,0.9756938697531762
ENSG00000019169,MARCO,-2.0124994379139207,-4.4195869987555225
ENSG00000115107,STEAP3,-0.6602826868475219,-0.07122786018472911
ENSG00000186132,C2orf76,0.228270926965513,-0.22442732107935423
ENSG00000155368,DBI,-7.045236349093001,-1.4005727544225506
ENSG00000171227,TMEM37,-4.665058802234608,-0.2997772697477904
ENSG00000080293,SCTR,5.97579499980672,-0.6987113156459457
ENSG00000144120,TMEM177,-5.422709814408342,0.2986110322997452
ENSG00000088179,PTPN4,-2.4212120539438957,0.1807285869955679
ENSG00000115109,EPB41L5,-8.642110235236752,-0.9480008351678413
ENSG00000226479,TMEM185B,8.195974050612886,1.9529890764294418
ENSG00000144118,RALB,4.559157379604803,0.4727777981040977
ENSG00000163083,INHBB,2.7911849305898437,0.042692703217501786
ENSG00000074054,CLASP1,-3.753121443937846,-0.7012272331449744
ENSG00000155438,NIFK,2.9524090140267107,2.8176715744631493
ENSG00000211460,TSN,-0.6418944651902976,0.8964763103174886
ENSG00000136732,GYPC,6.8202797913213065,0.08386300367984686
ENSG00000136717,BIN1,0.2906619981428415,-0.8327421679512137
ENSG00000163161,ERCC3,1.0137223291609654,1.0008898974514309
ENSG00000169967,MAP3K2,-3.1296890564809017,0.9528221910096006
ENSG00000115718,PROC,-2.385557218404335,0.6985467776252633
ENSG00000163166,IWS1,-1.1301047059948102,-0.7792060484132066
ENSG00000072163,LIMS2,-0.9647545031362187,-0.41969405741642873
ENSG00000144230,GPR17,-2.269920845513285,-1.412066425622391
ENSG00000136709,WDR33,-10.05978580155084,-3.6372879209538356
ENSG00000173349,SFT2D3,-8.019252641085776,-1.9058186204285412
ENSG00000144231,POLR2D,-6.483393387001911,-0.9665326616417554
ENSG00000144233,AMMECR1L,-1.1039637027333995,0.0496164657562778
ENSG00000136715,SAP130,-2.8269300282897865,-1.0358949280271135
ENSG00000136731,UGGT1,-1.1436566089749503,-1.3011971035319387
ENSG00000136720,HS6ST1,0.01700602822362623,-0.6070842686797884
ENSG00000222014,RAB6C,-0.25333528894047985,0.23034801736874935
ENSG00000136699,SMPD4,-0.8781696735874299,-0.8747546692897155
ENSG00000152082,MZT2B,-0.8962483291466228,-0.7602338499622435
ENSG00000136710,VMA22,1.246117190049589,0.8456593325599803
ENSG00000136718,IMP4,-1.2505735682721089,0.3196606896577846
ENSG00000072135,PTPN18,-0.21449297213069585,-0.2508378538602791
ENSG00000136002,ARHGEF4,-7.496228459093392,-4.372486126415506
ENSG00000152102,FAM168B,-6.211317273404528,-3.618677470393671
ENSG00000115762,PLEKHB2,6.5926174125947306,1.8596282043343453
ENSG00000233087,RAB6D,1.1918942824404832,2.173240027131208
ENSG00000173272,MZT2A,-1.7326676658139417,-1.419450854578128
ENSG00000183840,GPR39,2.2090598790288603,1.6804584247790368
ENSG00000176771,NCKAP5,-5.0670240005486065,-1.3734871789300789
ENSG00000152127,MGAT5,5.518496048623303,-2.1962884824750692
ENSG00000153086,ACMSD,-6.068931792599417,0.7486647479115859
ENSG00000082258,CCNT2,-0.7423957086771897,1.35216303416959
ENSG00000115839,RAB3GAP1,-3.2433519050113815,-1.6965583676872948
ENSG00000121988,ZRANB3,-5.35978284912358,-1.3443959844964086
ENSG00000048991,R3HDM1,-1.2371190242614984,0.45879366306790986
ENSG00000144224,UBXN4,-1.5479949560809358,1.612321668725828
ENSG00000076003,MCM6,6.544329394637265,1.7162354442499257
ENSG00000115866,DARS1,-1.1973052234271948,0.7497734832791088
ENSG00000121966,CXCR4,11.541457405219111,3.626678799725293
ENSG00000150540,HNMT,-4.281858467536447,0.1957825056891351
ENSG00000144228,SPOPL,-0.07089562847965766,0.5181192639231438
ENSG00000168702,LRP1B,-1.83178049065373,-1.4219969163662796
ENSG00000115919,KYNU,-8.444612360352352,-3.238970834965314
ENSG00000075884,ARHGAP15,4.422871095198885,-0.5158030687789543
ENSG00000121964,QTMAN,2.107397314589988,0.33997220623484475
ENSG00000169554,ZEB2,2.314637345709047,-2.2796908865022467
ENSG00000121989,ACVR2A,-0.3067982856981776,0.894231428631546
ENSG00000115947,ORC4,-2.0984104886139416,1.5640174305391883
ENSG00000204406,MBD5,1.5797743957591386,-1.1650373618847571
ENSG00000135999,EPC2,-0.9497016813763509,-0.9643093399849718
ENSG00000168288,MMADHC,-2.6381426048196035,0.8986209112463395
ENSG00000115963,RND3,6.655458011769214,3.976649051057785
ENSG00000184898,RBM43,-1.4966907641808742,-0.013237503972322488
ENSG00000123609,NMI,1.507481221392357,2.3135667194745664
ENSG00000080345,RIF1,-0.5320643804638212,0.3407402665678656
ENSG00000183091,NEB,2.8664012230420233,0.565383397285136
ENSG00000162980,ARL5A,-0.6650608143244325,0.6423439228303222
ENSG00000115145,STAM2,-0.9124538651933437,0.321334518718154
ENSG00000157827,FMNL2,5.973994222093319,0.9454116535653372
ENSG00000196504,PRPF40A,-0.8419563741876489,0.4854987690979129
ENSG00000177917,ARL6IP6,-1.303375177906893,-1.235695199453744
ENSG00000162989,KCNJ3,-5.742306888116403,-0.2652611945175443
ENSG00000153234,NR4A2,5.663031887363373,2.447522605788303
ENSG00000115159,GPD2,3.23814577672491,-0.10366911113793917
ENSG00000115165,CYTIP,6.605844839352461,-0.1323889798358018
ENSG00000123612,ACVR1C,-7.012665723707507,-1.0731544392392556
ENSG00000115170,ACVR1,-3.8620639923675246,-3.070032696191728
ENSG00000007001,UPP2,1.3306690534573082,0.2977352842340467
ENSG00000153237,CCDC148,1.9040646180548606,0.22452298605137957
ENSG00000144283,PKP4,1.6171586385809822,1.4823810421978976
ENSG00000115183,TANC1,5.309623687329928,-0.6043104424021583
ENSG00000196151,WDSUB1,-1.846787374498897,-0.5648529663571211
ENSG00000123636,BAZ2B,-1.9851958703705574,-0.3241206418511687
ENSG00000136536,MARCHF7,-2.4422372415690505,0.043001042803612284
ENSG00000241399,CD302,-4.1093612990652355,-0.8345511434933831
ENSG00000248672,LY75-CD302,-3.831709947028649,-0.8678903366022854
ENSG00000054219,LY75,4.186111233213363,-1.3915263605501196
ENSG00000153246,PLA2R1,3.7343288339845073,-2.994251173339664
ENSG00000153250,RBMS1,-1.1912562659459864,-1.1904998767139068
ENSG00000136560,TANK,-2.1187269922574106,0.6932042838569277
ENSG00000115233,PSMD14,2.583939158202795,2.2755340175173604
ENSG00000144290,SLC4A10,-3.335817247319616,-2.8833706625614233
ENSG00000197635,DPP4,-2.293579349357562,1.603471787162942
ENSG00000115267,IFIH1,-0.6205967160871284,0.5002741058037462
ENSG00000115271,GCA,0.9423869760974367,-0.18458118074090368
ENSG00000182263,FIGN,-1.6024351183918901,-0.3688325497026596
ENSG00000115290,GRB14,-5.2038399355832015,2.301986318266693
ENSG00000082438,COBLL1,-8.070926991905965,-0.3068451496621853
ENSG00000169507,SLC38A11,-5.401642160316068,-2.996955870009517
ENSG00000178662,CSRNP3,-4.665669414178394,-1.2594180002911533
ENSG00000115339,GALNT3,2.328589820085381,-0.3365512778822877
ENSG00000123607,TTC21B,-5.059887215326277,-1.8255244381084437
ENSG00000169432,SCN9A,-4.951959908413111,0.2040776197828762
ENSG00000136546,SCN7A,4.151407576955465,-3.15035827611078
ENSG00000198648,STK39,7.167748449871076,-1.8726717068311585
ENSG00000172292,CERS6,-0.5777048153154007,-0.0015400263587749881
ENSG00000163072,NOSTRIN,0.2393264838573192,0.09213403656242826
ENSG00000073734,ABCB11,-4.817314742894737,-1.9420025825837481
ENSG00000073737,DHRS9,6.130956283596439,3.349592491391128
ENSG00000081479,LRP2,-1.0645847867609661,-1.930979788395651
ENSG00000163093,BBS5,2.856919537579616,-0.03139312576901139
ENSG00000239474,KLHL41,-0.519005283842109,-0.4659749155862118
ENSG00000138399,FASTKD1,1.6561579984014176,4.708086752105892
ENSG00000138398,PPIG,-2.0436283304899687,0.4632226473297348
ENSG00000144362,PHOSPHO2,-1.4770711829349514,-0.16459303278527665
ENSG00000213160,KLHL23,-3.4888758271870444,-1.4102967629336607
ENSG00000138385,SSB,1.4739422834347675,1.1490345914645554
ENSG00000138382,METTL5,-0.3210481051106501,1.3741906678466418
ENSG00000144357,UBR3,-4.639375282282196,-0.015222729927186759
ENSG00000204334,ERICH2,-2.984525700338564,-0.3810086157463782
ENSG00000115806,GORASP2,-0.9574016734253195,-0.16567618828642178
ENSG00000198586,TLK1,-3.784744118111776,-0.2705260405255114
ENSG00000123600,METTL8,-2.9556402506828743,0.40545660016846424
ENSG00000115827,DCAF17,-1.028365121482218,0.48000472337579575
ENSG00000071967,CYBRD1,6.63153489450741,0.10478399687508552
ENSG00000077380,DYNC1I2,2.7268758604125525,-0.319713281045538
ENSG00000115840,SLC25A12,1.1949841321031187,-2.284240104349026
ENSG00000128708,HAT1,-0.24244636176367956,0.9780923616794924
ENSG00000172878,METAP1D,-4.156439450757843,-0.125320437088414
ENSG00000091409,ITGA6,6.63074469695551,1.9341642063650601
ENSG00000152256,PDK1,1.6478752681271025,2.0723311117256698
ENSG00000091428,RAPGEF4,-3.2815228854954124,0.5593513332466296
ENSG00000091436,MAP3K20,-0.6010365570146705,0.03015124845094218
ENSG00000172845,SP3,-1.6604223491517716,-0.15242825644583255
ENSG00000138430,OLA1,2.9194056260986283,2.5010640759045693
ENSG00000138433,CIRSR,-0.32930786395987666,0.9836796284583269
ENSG00000144306,SCRN3,-3.337281102381231,0.674782769646896
ENSG00000163328,GPR155,-1.147360133862045,0.9922570553688568
ENSG00000115935,WIPF1,7.936292737961103,0.9410914119945065
ENSG00000128656,CHN1,4.526142135602868,1.9144404227631937
ENSG00000115966,ATF2,-1.998020678828382,-0.11535921241455968
ENSG00000154518,ATP5MC3,-2.4956251206229623,0.9135178032422887
ENSG00000144320,LNPK,-0.47803111736745163,1.5176147792294692
ENSG00000128654,MTX2,-0.43547849274101735,3.0708528227908967
ENSG00000170144,HNRNPA3,-2.5333593499570184,-1.5619608846635982
ENSG00000116044,NFE2L2,0.5686559455094728,2.335853460960466
ENSG00000018510,AGPS,-1.671676842678461,-0.821651044804506
ENSG00000196659,IFT70B,-2.4967218409556855,-0.23930947131435631
ENSG00000197557,IFT70A,-3.9196567496536887,-0.6647996406812859
ENSG00000128655,PDE11A,-0.6502484075518766,1.2991409400651515
ENSG00000155636,RBM45,-0.41571037905151065,1.1173423997394394
ENSG00000079156,OSBPL6,-9.766314129852297,-2.864255599698336
ENSG00000180228,PRKRA,-0.0435220209949158,2.6207649860636257
ENSG00000204311,PJVK,-2.2906849000096625,1.013869644541248
ENSG00000079150,FKBP7,-0.6365646748706735,0.6143053271543106
ENSG00000116095,PLEKHA3,-0.6270143971895538,0.9383317003634376
ENSG00000155657,TTN,-0.7122425215945206,-2.2334935331979273
ENSG00000187231,SESTD1,0.5611274205677701,-0.7298008273183636
ENSG00000144331,ZNF385B,-6.391928802153725,0.8475310170021788
ENSG00000163510,CWC22,-2.25913720753694,-0.7630898585346103
ENSG00000170035,UBE2E3,-3.408569943780497,-0.975753225503855
ENSG00000115232,ITGA4,5.198646891222172,0.1451332551877487
ENSG00000188452,CERKL,6.671377992183188,0.4223877098455731
ENSG00000138434,ITPRID2,-5.2462729567526285,-1.4657125025032414
ENSG00000150722,PPP1R1C,-6.6598940751789835,-0.08978058214281426
ENSG00000115252,PDE1A,7.249007381678411,0.4694592359416012
ENSG00000077232,DNAJC10,4.603284992227714,2.3133581305938016
ENSG00000162998,FRZB,6.061064474039103,-0.06022000480172507
ENSG00000061676,NCKAP1,-1.4100388270585174,-0.0010923232016141371
ENSG00000162999,DUSP19,-1.4234178408672677,0.6558236461620829
ENSG00000163002,NUP35,-1.6861263148707657,0.5929083321371738
ENSG00000188738,FSIP2,0.831180523582744,1.6635699583513437
ENSG00000065548,ZC3H15,-0.8745165708053376,0.13032618555547135
ENSG00000138448,ITGAV,7.936295641383456,2.4301243943760684
ENSG00000144369,FAM171B,3.2300924707700194,-1.3962366298037379
ENSG00000064989,CALCRL,3.8718476193807754,0.77132546883734
ENSG00000003436,TFPI,-3.7579438858613514,-0.3722470278857188
ENSG00000168542,COL3A1,12.055030304332048,3.718273664287186
ENSG00000204262,COL5A2,6.2817742824170555,0.5288009435084083
ENSG00000115368,WDR75,-1.4497541674079275,0.8305630543031463
ENSG00000138449,SLC40A1,-1.426665112723859,-0.0008953308537409439
ENSG00000138381,ASNSD1,-3.180531546261424,1.2465544666328698
ENSG00000286053,ASDURF,-2.2230332025511994,-0.7596878558880572
ENSG00000151687,ANKAR,-4.682629695016325,-1.8603086930632462
ENSG00000128694,OSGEPL1,-6.9071801799509664,-1.7435313771724446
ENSG00000128699,ORMDL1,0.839608540439507,3.2828051491808785
ENSG00000064933,PMS1,0.4920601416035535,2.7006797555434376
ENSG00000187699,AKAP19,-6.9468730765076545,-2.2290035501743084
ENSG00000198130,HIBCH,-4.291766793555208,0.7115383457653135
ENSG00000151689,INPP1,1.8914032478319265,0.8036930361474715
ENSG00000151690,MFSD6,4.902119079974043,-3.555819822077081
ENSG00000189362,NEMP2,-2.6337602972928083,-2.401528657769329
ENSG00000138386,NAB1,-0.6436089432226801,1.746031457949492
ENSG00000115419,GLS,9.293547867058818,2.404070717055868
ENSG00000115415,STAT1,3.2870651023370177,-0.17298852316000107
ENSG00000138378,STAT4,0.9590414031055133,0.797150659281518
ENSG00000128641,MYO1B,-3.4093084310423687,0.774829635185709
ENSG00000173559,NABP1,7.2748673133832575,3.6430650361885344
ENSG00000168497,CAVIN2,1.8428728726889638,0.9450590030888765
ENSG00000196950,SLC39A10,3.9759445052676377,0.42476517092462257
ENSG00000081320,STK17B,7.902530499620277,0.8968344412800892
ENSG00000138411,HECW2,-1.9337962047005177,-1.8493134829299525
ENSG00000144395,CCDC150,-4.555753486846273,0.59355703039974
ENSG00000119041,GTF3C3,-3.315943221009828,-0.06314377599691545
ENSG00000197121,PGAP1,-0.17451569906499342,0.3965398279393749
ENSG00000065413,ANKRD44,3.171822371247659,0.10536498596493012
ENSG00000115524,SF3B1,-0.06869797563207816,2.253374031338571
ENSG00000115520,COQ10B,3.837622984726394,3.102322880040064
ENSG00000144381,HSPD1,-4.38102552910067,-0.9364337865826504
ENSG00000115541,HSPE1,-3.3303900562202675,-0.18766912725987994
ENSG00000270757,HSPE1-MOB4,-3.5632716629027277,0.011325704983944371
ENSG00000115540,MOB4,1.1037547669880365,1.6979204050001095
ENSG00000162944,RFTN2,6.040258003659863,0.24784651190862866
ENSG00000247626,MARS2,1.7260489822555831,1.3078743234611503
ENSG00000115896,PLCL1,3.248377835909255,-1.95156490044133
ENSG00000119042,SATB2,5.713061734806762,5.137885840391362
ENSG00000226124,FTCDNL1,-11.211765616362497,-3.9539118581457324
ENSG00000178074,C2orf69,1.9103878875245013,3.00600348164586
ENSG00000162971,TYW5,-2.7845170765611984,0.7288437912946051
ENSG00000162972,MAIP1,-4.455959085445938,0.65971269546914
ENSG00000196141,SPATS2L,-3.7743652358599644,-2.5322195117530963
ENSG00000155729,KCTD18,-3.4829548387602567,-0.012667473934136905
ENSG00000163535,SGO2,1.8886931723358047,0.5416444133199241
ENSG00000138356,AOX1,-8.385397825915073,-2.087373548556095
ENSG00000082153,BZW1,-0.3683711870565735,1.7930555635830159
ENSG00000013441,CLK1,0.29462855853837816,2.5247828070811353
ENSG00000240344,PPIL3,0.552111455328612,2.5128179200929925
ENSG00000196290,NIF3L1,-2.9412889950799,1.2486076331919453
ENSG00000115942,ORC2,-2.2559190256063566,1.5723805983590886
ENSG00000155744,HYCC2,-4.912697518437739,-1.1690928385515884
ENSG00000119013,NDUFB3,-3.3878684396043752,-0.10179870263698793
ENSG00000003402,CFLAR,-3.3178006391871033,-2.876185321747039
ENSG00000003400,CASP10,3.78378976821195,0.7253599819160098
ENSG00000064012,CASP8,3.0051637404121467,-0.7713401930956864
ENSG00000115993,TRAK2,0.7901267374551061,0.1140456328125114
ENSG00000082146,STRADB,-5.5437198333305515,1.0886269570633975
ENSG00000155755,TMEM237,2.000112068831917,-0.36972540604754484
ENSG00000003393,ALS2,-6.765969075523179,-0.6168270969922589
ENSG00000155760,FZD7,5.64604803782982,-1.583223888277717
ENSG00000182329,KIAA2012,-8.0595385900078,-3.666266592913181
ENSG00000116030,SUMO1,-2.012722799649848,2.8237419212317114
ENSG00000055044,NOP58,0.44085095400905155,2.8179170581224318
ENSG00000204217,BMPR2,0.22866894588561576,0.434900445331883
ENSG00000138439,FAM117B,-0.4408526037017101,-0.7140278036934082
ENSG00000163596,ICA1L,-1.0771407052843942,-2.8913995110096153
ENSG00000138442,WDR12,-1.9678522176694166,1.5079408014892324
ENSG00000138380,CARF,-3.092720429702235,-1.4266062569598463
ENSG00000144426,NBEAL1,-1.4138910822915798,0.8271748464921116
ENSG00000119004,CYP20A1,-5.828570413525267,-3.4574675821517586
ENSG00000138443,ABI2,-4.505058105805887,-0.4181455546293069
ENSG00000173166,RAPH1,-5.591891280033355,-0.5597678868897074
ENSG00000178562,CD28,4.14447192184349,-0.8373567066311732
ENSG00000116117,PARD3B,2.380495474045239,0.4746583082503026
ENSG00000118257,NRP2,-1.5623674769528948,-4.4508149729196615
ENSG00000114933,INO80D,0.2872299825226222,2.0376645140974743
ENSG00000023228,NDUFS1,-5.152200060498938,-0.6392866437090448
ENSG00000114942,EEF1B2,-4.714385253898546,-2.984990399306034
ENSG00000204186,ZDBF2,-1.0134456896360724,-0.9940557049000279
ENSG00000118246,FASTKD2,-3.3654598430108162,-0.18875004905486603
ENSG00000144410,CPO,-6.584142673032893,-3.490717052179863
ENSG00000118263,KLF7,2.5418799786886312,0.39818555792929045
ENSG00000118260,CREB1,-0.38018961353383623,-0.32818928262376984
ENSG00000144401,METTL21A,-2.322184980290841,-1.3282497671425508
ENSG00000163249,CCNYL1,-7.28903024901808,-2.6982166508896412
ENSG00000163251,FZD5,-9.832423990564724,-1.8474897875708183
ENSG00000178385,PLEKHM3,-4.656996536356637,-1.3278382480577222
ENSG00000138413,IDH1,-6.6238873283583635,0.3154772455110129
ENSG00000115020,PIKFYVE,-2.2499008690106606,-0.3712036080455673
ENSG00000078018,MAP2,6.097385364988352,-0.6996305712377648
ENSG00000197713,RPE,-0.7943576631582197,0.5081678300464723
ENSG00000144445,KANSL1L,-4.671196490374552,-2.0057153536033665
ENSG00000115361,ACADL,-5.524690580124776,1.2783386685012983
ENSG00000115365,LANCL1,0.7257357322764739,0.9822618765165229
ENSG00000021826,CPS1,-4.86951126496291,-0.40818352677630504
ENSG00000030419,IKZF2,3.3970773161984567,1.4007635528392655
ENSG00000144451,SPAG16,-0.8009513373812343,-0.2411693075221151
ENSG00000138376,BARD1,5.8956539406990425,0.9156128407566556
ENSG00000138363,ATIC,-0.7278535094869928,-0.17963294233175472
ENSG00000115414,FN1,-3.96711304839154,-2.107414409553269
ENSG00000118242,MREG,-4.839327667105758,-1.0577213341438116
ENSG00000115425,PECR,-11.526501890317915,-2.849008739663645
ENSG00000163449,TMEM169,-0.7240120879030902,1.6599339551823338
ENSG00000079246,XRCC5,-8.650514452806926,-3.9850401390350236
ENSG00000138375,SMARCAL1,-0.16568961304720195,-1.940096977729235
ENSG00000197756,RPL37A,0.5744421224102393,0.3328215811942922
ENSG00000115457,IGFBP2,2.1691661676799883,0.5053988818978766
ENSG00000115461,IGFBP5,0.8778744329421341,-4.112720382139991
ENSG00000079308,TNS1,0.8741047617782959,-2.6863967986115895
ENSG00000180871,CXCR2,-1.6258356351930943,-3.0942317226330536
ENSG00000163464,CXCR1,-0.8388717122759718,-2.0785902054873655
ENSG00000163466,ARPC2,6.342680169571963,1.76061733438865
ENSG00000127837,AAMP,-2.5173951522828255,-1.3595110209606658
ENSG00000127838,PNKD,0.02384591561989503,-0.37125160390027423
ENSG00000135926,TMBIM1,1.7863199778956331,-1.900121453414223
ENSG00000018280,SLC11A1,2.7361738379174954,-0.16849883808329333
ENSG00000144579,CTDSP1,-1.6213943352564586,-1.1653073214313396
ENSG00000127831,VIL1,-4.944076706490338,-2.7335178835588807
ENSG00000135913,USP37,-2.530029371552975,-0.4801516495669559
ENSG00000144580,CNOT9,5.092556293870897,3.386484883102964
ENSG00000115556,PLCD4,0.6093246710269916,0.8422952411195714
ENSG00000115568,ZNF142,-0.016485868144497512,-1.7922943012556762
ENSG00000074582,BCS1L,0.3630417932367434,1.6144104975383875
ENSG00000163481,RNF25,1.2159914807278802,0.4738629675590372
ENSG00000163482,STK36,1.127762489217347,1.1500447256992972
ENSG00000135912,TTLL4,-3.2287894005532807,-2.235559638195332
ENSG00000135929,CYP27A1,-5.085996338438595,0.3855643663475809
ENSG00000115592,PRKAG3,-5.749137428812983,-1.7233206170359863
ENSG00000187736,NHEJ1,-3.349204055676429,-0.07639159410242698
ENSG00000213901,SLC23A3,-0.6915678042048583,0.7339255849297877
ENSG00000115649,CNPPD1,1.2822605103109892,0.3029505803200974
ENSG00000144567,RETREG2,-3.8376482186363075,-1.8292354918378466
ENSG00000158552,ZFAND2B,-1.8358698741571908,0.3635342739352115
ENSG00000115657,ABCB6,-4.552319834236503,-1.2316686285287262
ENSG00000198925,ATG9A,-2.160997290575504,-0.7264286835665495
ENSG00000163516,ANKZF1,-1.9979439668580516,-0.18327840910252438
ENSG00000163521,GLB1L,-1.1131246992601842,-1.808047653586556
ENSG00000115661,STK16,-2.6465518521776534,-0.511146904299737
ENSG00000127824,TUBA4A,-0.8668963454876184,-1.7087251783993587
ENSG00000135924,DNAJB2,1.1717150731409223,1.1768134964284094
ENSG00000123992,DNPEP,-2.5567936300204215,-0.7457848867775911
ENSG00000144591,GMPPA,0.07123952176717367,0.5760358915994297
ENSG00000123989,CHPF,1.499166385257884,0.01150917154284185
ENSG00000124006,OBSL1,0.8701659068771144,-0.08515150486860067
ENSG00000144589,STK11IP,3.2388184513979668,0.4308811027475492
ENSG00000116106,EPHA4,5.178727806686661,-0.007115058186155202
ENSG00000163082,SGPP2,6.007733917208925,-3.2396072309129336
ENSG00000116120,FARSB,-1.1893160483229261,1.744709474669105
ENSG00000124003,MOGAT1,-8.866383131436466,-3.4906593962931525
ENSG00000123983,ACSL3,-1.221122753062545,0.025689501966473186
ENSG00000152056,AP1S3,6.046926884835049,1.841967150718988
ENSG00000085449,WDFY1,-0.4559099999192727,0.08897725518659783
ENSG00000135900,MRPL44,-1.8172742686651153,0.976480137310753
ENSG00000135919,SERPINE2,10.023736660694809,1.1545235706748909
ENSG00000124019,FAM124B,-4.912946912765224,-2.5399855511647678
ENSG00000036257,CUL3,-4.444808099366687,-1.404320207344901
ENSG00000135905,DOCK10,1.834840717323235,-2.0906937398040717
ENSG00000169047,IRS1,-7.362123533138268,-2.1476589435548883
ENSG00000144468,RHBDD1,-2.7412292213058884,-0.6955992890207018
ENSG00000081052,COL4A4,9.557471641615157,0.8701003937283263
ENSG00000169031,COL4A3,7.423889882690008,1.7380370821943305
ENSG00000168958,MFF,-0.298472861756357,2.65189306081846
ENSG00000173744,AGFG1,3.1370867337776653,2.3160568541617095
ENSG00000135917,SLC19A3,-3.337849974102332,2.041703519823467
ENSG00000153823,PID1,-4.076722449182693,-0.40898811835103166
ENSG00000153827,TRIP12,-1.3585980265157278,0.6774253949243768
ENSG00000153832,FBXO36,2.8427449889596406,1.2706656270887455
ENSG00000163053,SLC16A14,3.444262147806016,2.580352932068837
ENSG00000135899,SP110,1.8489797323834996,-1.5314198671219321
ENSG00000079263,SP140,5.175195098705986,-1.3586408267285037
ENSG00000185404,SP140L,-2.289216018874074,-2.3966369115689026
ENSG00000067066,SP100,0.9594645205298283,0.9702676308937662
ENSG00000135932,CAB39,-0.3901600298558447,0.40698577163610733
ENSG00000135916,ITM2C,4.058701456197264,-1.9100456168040365
ENSG00000204128,C2orf72,-5.131447147761396,-0.8430507679813901
ENSG00000173692,PSMD1,-0.03782477202122921,1.6348896343947779
ENSG00000135914,HTR2B,2.823739498665933,0.39456701494231905
ENSG00000135931,ARMC9,5.910594608170092,-1.7684058929238615
ENSG00000115053,NCL,-1.7951455146231523,-2.7327410274046846
ENSG00000171596,NMUR1,0.40902731313073776,-3.4555349838675684
ENSG00000187514,PTMA,5.2509978029936875,1.4724907155977784
ENSG00000156973,PDE6D,3.2601430538119787,3.3780410226201254
ENSG00000144524,COPS7B,-1.5569936896715597,-0.30857160402227873
ENSG00000144535,DIS3L2,-1.2748977947448072,-1.768291473109303
ENSG00000221944,TIGD1,-1.0853665022699654,0.05642390976386207
ENSG00000135930,EIF4E2,-4.762168562469585,-0.5000733889760358
ENSG00000115468,EFHD1,-5.80168447593318,-2.9410671308467355
ENSG00000204120,GIGYF2,-6.143989273584344,-3.3957135498157363
ENSG00000182600,SNORC,0.05315324642872372,1.6282065590522294
ENSG00000066248,NGEF,-0.23789943424400115,-0.25698034604044634
ENSG00000168918,INPP5D,5.588537125057686,-2.266823352292834
ENSG00000085978,ATG16L1,1.7746861477302467,2.1812071518150544
ENSG00000077044,DGKD,-1.6223177593286793,-1.5586550060735265
ENSG00000085982,USP40,-4.028825998622977,0.07404802061992773
ENSG00000242366,UGT1A8,-2.126893694600212,2.394783444140466
ENSG00000242515,UGT1A10,-2.2147488769465022,2.2827993191131815
ENSG00000241119,UGT1A9,-1.135481637895717,2.511409155257439
ENSG00000244122,UGT1A7,-2.3502426774138323,2.3596574923671185
ENSG00000167165,UGT1A6,-0.5078745443423339,3.551062658234535
ENSG00000288705,UGT1A5,-2.603518783071561,2.2364263243390954
ENSG00000244474,UGT1A4,-5.872188648260716,-0.8529969713623767
ENSG00000288702,UGT1A3,-4.272771354261987,1.18845828416413
ENSG00000241635,UGT1A1,-1.7624979015343005,0.037769798188362146
ENSG00000185038,MROH2A,-3.8003374860116472,-0.5177993047198525
ENSG00000144481,TRPM8,-1.9932948676625848,1.5117319366950766
ENSG00000072080,SPP2,-5.806369051904096,0.10247284543150084
ENSG00000188042,ARL4C,9.918353216016552,-0.0709231784459696
ENSG00000130147,SH3BP4,3.692805447244468,2.656055040334685
ENSG00000157985,AGAP1,-5.1283884743654555,-4.680093330482767
ENSG00000144476,ACKR3,7.262998457216408,3.4056229776750517
ENSG00000198612,COPS8,-0.19065908518351155,1.000883189253543
ENSG00000163359,COL6A3,8.265828124409463,-1.6775074351312942
ENSG00000115648,MLPH,-1.3310944796138058,-0.27432943392869175
ENSG00000124839,RAB17,-3.359981139506491,-0.1282755462146276
ENSG00000124831,LRRFIP1,-0.48476693178376284,-0.6827258448801873
ENSG00000132329,RAMP1,-1.0056528090105523,-0.8258105775642078
ENSG00000184182,UBE2F,1.2698807841712465,3.7636010949236867
ENSG00000258984,UBE2F-SCLY,-6.077172845207829,-0.764312314879508
ENSG00000132330,SCLY,-6.766966395104768,-1.5200624519319976
ENSG00000132323,ILKAP,-1.8554151806048302,-0.2660295225501109
ENSG00000132326,PER2,-6.747976175084865,-2.420173213275139
ENSG00000204104,TRAF3IP1,-0.7771000969739588,-0.14137093397369294
ENSG00000065802,ASB1,-1.3547416332006512,-3.2741470794786895
ENSG00000068024,HDAC4,-3.8466875055586303,-4.052027218167186
ENSG00000130414,NDUFA10,-3.6780761495458516,1.8095257207673816
ENSG00000172428,COPS9,2.397269449611612,1.3338715534850676
ENSG00000063660,GPC1,2.304737864484588,0.601808454796451
ENSG00000144504,ANKMY1,-3.104264339643742,-2.6967699170197825
ENSG00000188542,DUSP28,-3.124871577724711,-2.1811046066589905
ENSG00000142327,RNPEPL1,1.4062003732246475,-0.6538745005916793
ENSG00000142330,CAPN10,2.3007956481582372,0.01872693725495593
ENSG00000172482,AGXT,-3.5979436678169847,-1.0706740229728635
ENSG00000172478,MAB21L4,-2.834290405885081,-1.21146804625158
ENSG00000226321,CROCC2,-7.022255030506108,-2.5428033958257044
ENSG00000162804,SNED1,-5.4166114030497825,-2.4037613188383866
ENSG00000122085,MTERF4,-7.5213487002450865,-2.853933663241116
ENSG00000115687,PASK,2.002118695002823,-0.6797264443712207
ENSG00000115685,PPP1R7,-0.212200172257407,-0.4240792531086491
ENSG00000146205,ANO7,-6.143936943370615,-5.009747074505486
ENSG00000115677,HDLBP,-6.848058815778324,-3.8780237348917326
ENSG00000168385,SEPTIN2,4.306351489072943,1.689454348410804
ENSG00000006607,FARP2,-3.350730787313397,-0.690623809303932
ENSG00000115694,STK25,0.1397309262212635,0.10263130224599651
ENSG00000176720,BOK,-2.819276096236893,-1.0062940395630038
ENSG00000176946,THAP4,0.6506419175563614,0.24858936279571853
ENSG00000168397,ATG4B,0.7014150773439718,0.3719947884326859
ENSG00000168393,DTYMK,1.0712521564022361,-0.6790326753635602
ENSG00000168395,ING5,-3.6967705749640825,-2.531842741116685
ENSG00000180902,D2HGDH,-1.0837792002130633,-0.9233915386531575
ENSG00000204099,NEU4,-7.120157223931139,-3.1185259720257084
ENSG00000144619,CNTN4,4.629610110391035,-0.8779929638430638
ENSG00000072756,TRNT1,-0.33005514362765903,1.3033883218781994
ENSG00000113851,CRBN,-2.46604001957919,1.1298561458954761
ENSG00000175928,LRRN1,2.2799651379728614,-5.152560998423096
ENSG00000170364,SETMAR,-2.2696787851545985,-0.7541145992633915
ENSG00000150995,ITPR1,2.904895377652109,-1.3854249330940227
ENSG00000134107,BHLHE40,2.0902963831741554,2.4446228991348886
ENSG00000134108,ARL8B,0.9819776635424003,2.249936872424458
ENSG00000134109,EDEM1,-4.97697951014671,-1.0414617114732074
ENSG00000071282,LMCD1,8.190241058529919,0.5528193208516787
ENSG00000070950,RAD18,2.004332791141579,2.0322459881544215
ENSG00000196220,SRGAP3,-0.18566220342425313,-2.8834959233605457
ENSG00000134077,THUMPD3,-2.6120602171216394,0.8358441516862374
ENSG00000168137,SETD5,-2.76168519071797,-0.4957912353411732
ENSG00000163719,MTMR14,-1.2741251364508577,-1.2953539969502468
ENSG00000156983,BRPF1,1.3717700743203523,-1.1344537626273823
ENSG00000114026,OGG1,-4.531658135006407,-2.373560981629884
ENSG00000134072,CAMK1,-1.8496402971900938,-0.06635648037794754
ENSG00000171148,TADA3,-1.4468281684302196,-2.108430934855926
ENSG00000241553,ARPC4,4.326048752971473,1.4350421707092453
ENSG00000250151,ARPC4-TTLL3,5.69092579427468,-0.14283880525391945
ENSG00000214021,TTLL3,3.9571913440854907,0.009927888626190224
ENSG00000156990,RPUSD3,-1.541884876813652,-0.0418319463994974
ENSG00000171135,JAGN1,-2.959129980526629,1.8788568851114442
ENSG00000163701,IL17RE,-3.6819970064421788,-2.986852417259635
ENSG00000163702,IL17RC,-6.006981242614907,-1.8164430348777387
ENSG00000163703,CRELD1,0.6242317841472507,0.6736773099146642
ENSG00000163704,PRRT3,1.636719878802404,-1.5175576595995661
ENSG00000125037,EMC3,0.23793760599915784,3.048372023946105
ENSG00000144554,FANCD2,6.997949980727323,1.151303501581517
ENSG00000254999,BRK1,2.5836372713551388,2.395677284139064
ENSG00000134086,VHL,0.07821540255175859,-0.5389470124375629
ENSG00000134070,IRAK2,1.8773082818394988,-0.7776550222216648
ENSG00000157014,TATDN2,-2.7128356677638576,-2.7985140528782306
ENSG00000157017,GHRL,-0.532515870767107,-1.6447746755786856
ENSG00000157020,SEC13,0.6195912803404695,0.2709061152632513
ENSG00000157087,ATP2B2,-0.871506015003064,1.6731654113203405
ENSG00000157103,SLC6A1,-7.145118396091677,0.48524349164234143
ENSG00000197548,ATG7,4.326649021630465,-0.753455129118466
ENSG00000144560,VGLL4,7.585521192238395,-0.9987302212368464
ENSG00000144559,TAMM41,-1.4268020645101753,-0.9603764170283277
ENSG00000132170,PPARG,0.5762786993202732,0.6776152450708051
ENSG00000154743,TSEN2,-3.379393519579869,-1.7369516927026436
ENSG00000225526,MKRN2OS,-0.9720083414509978,-1.4790904258631201
ENSG00000075975,MKRN2,-5.701774406824671,-0.8412095689910377
ENSG00000132155,RAF1,-6.797659549965004,0.06336636886180308
ENSG00000144712,CAND2,-1.686357912640564,-2.082702774983729
ENSG00000144713,RPL32,-0.12131530310185486,0.2607127110548802
ENSG00000144711,IQSEC1,-5.064942469685898,-2.4576323540655745
ENSG00000132182,NUP210,-2.122350552125875,-0.7085622386885583
ENSG00000163517,HDAC11,7.261667151553464,1.3963160842752176
ENSG00000163520,FBLN2,8.322697258102611,0.9701711621162648
ENSG00000163528,CHCHD4,-2.978299701286372,-0.2214528804643306
ENSG00000170876,TMEM43,6.933803004729639,1.5733303388615953
ENSG00000154767,XPC,-3.1001582907102345,-0.7378513325558383
ENSG00000170860,LSM3,-1.7963021372540358,1.1401157048415886
ENSG00000131389,SLC6A6,8.788657311024865,-0.5201076174394091
ENSG00000144596,GRIP2,8.406560430669515,0.19114129953890843
ENSG00000154781,CCDC174,-3.0485800805130308,-1.3473889984927743
ENSG00000154783,FGD5,0.57170444274156,-3.156299100381781
ENSG00000177463,NR2C2,-2.88927040237054,-1.1458026662816825
ENSG00000131368,MRPS25,-3.775099274625565,-0.6194234253138953
ENSG00000131381,RBSN,-7.826489238308644,-3.7044187805547213
ENSG00000131375,CAPN7,-2.665383125070799,-0.16730560569980887
ENSG00000131370,SH3BP5,-2.519739911237775,-2.8797426347626285
ENSG00000206562,METTL6,-5.050757842732098,-2.9774518346188374
ENSG00000144597,EAF1,-2.1693487077031506,-0.21385949653787295
ENSG00000206561,COLQ,0.4515757689831844,-0.848162522778103
ENSG00000131373,HACL1,-6.808066816945317,-0.8665024482528304
ENSG00000169814,BTD,-10.663643283192476,-4.435075572357615
ENSG00000206560,ANKRD28,-5.584628417766103,-1.0715951836580653
ENSG00000131386,GALNT15,6.73622144130229,2.3334022509072
ENSG00000154813,DPH3,1.9039812076793983,2.420845692215288
ENSG00000154814,OXNAD1,-7.060974061673072,-2.881309746664642
ENSG00000131378,RFTN1,-3.1383100772999977,-2.449435616787704
ENSG00000154822,PLCL2,-4.679352555318638,-2.961122708170305
ENSG00000131374,TBC1D5,-2.3846643215578998,-1.9757550590967967
ENSG00000182568,SATB1,-2.8464843062130254,-1.000601049916765
ENSG00000144566,RAB5A,1.6470117786434597,2.41904372273911
ENSG00000183977,PP2D1,0.11677238464789454,1.4052252224374466
ENSG00000114166,KAT2B,-2.602597132387769,0.7380609127479947
ENSG00000151789,ZNF385D,1.5918992882836418,2.346722711907044
ENSG00000182247,UBE2E2,-2.8753405378008368,-2.699829667662293
ENSG00000170142,UBE2E1,-0.2056306637032978,0.450530531440558
ENSG00000197885,NKIRAS1,-0.4119378643595823,2.6054118580903545
ENSG00000174748,RPL15,-0.6162356167977424,-0.29211978839780456
ENSG00000174738,NR1D2,-1.6339416768980946,-0.18824970891107642
ENSG00000151090,THRB,-8.689847261640077,-2.829266888353186
ENSG00000077092,RARB,3.965453162915768,0.7141874845446964
ENSG00000077097,TOP2B,-0.8230127570218244,-0.5591484445604294
ENSG00000151092,NGLY1,-2.5481480723569154,1.3816241329997838
ENSG00000151093,OXSM,-2.823517058097018,1.8159353809550458
ENSG00000163491,NEK10,-4.688383654381221,-2.289452535560007
ENSG00000033867,SLC4A7,3.7629828780123966,-0.5258347321466695
ENSG00000163508,EOMES,1.3840416998727014,-1.7334044264397805
ENSG00000187118,CMC1,-4.349774388856616,-1.0016560658485172
ENSG00000163512,AZI2,-2.0665766018843765,-0.23183254983695692
ENSG00000206559,ZCWPW2,-4.522637791441506,-2.1431367079890595
ENSG00000144642,RBMS3,5.569499019444988,0.3393337989323558
ENSG00000163513,TGFBR2,1.183578250831445,-2.0833215553383098
ENSG00000163527,STT3B,-1.6463722266773948,0.014936484574498164
ENSG00000144645,OSBPL10,3.1138506192590456,-1.3308177323341843
ENSG00000152642,GPD1L,5.193016028193602,0.4153611824876266
ENSG00000170293,CMTM8,-7.522358799829101,-0.13034227468665877
ENSG00000153551,CMTM7,7.233276431874325,-1.7349835038066568
ENSG00000091317,CMTM6,-0.7518571799975413,1.8014681105040755
ENSG00000144635,DYNC1LI1,1.2778157699989976,0.8920065592306179
ENSG00000182973,CNOT10,-2.817514109239868,0.17139238799762962
ENSG00000170266,GLB1,-0.1211190788190986,-0.09818255941616948
ENSG00000188167,TMPPE,-2.1914219144760008,-3.2769730417732164
ENSG00000170275,CRTAP,1.4683964245905519,-0.7616241697226155
ENSG00000153558,FBXL2,4.129981096468255,-1.2966000033778435
ENSG00000153560,UBP1,2.9219197849890213,3.184090201959943
ENSG00000163539,CLASP2,-0.35742872053944713,-0.1913299060635908
ENSG00000170248,PDCD6IP,0.3771345055244642,1.1728069346999055
ENSG00000172995,ARPP21,3.132384794116096,2.687079680534962
ENSG00000168016,TRANK1,-1.5814480109297302,-1.0004435785752708
ENSG00000178567,EPM2AIP1,-0.48537265137587393,1.427688396587194
ENSG00000076242,MLH1,-1.3885949062812133,-0.5554925392311867
ENSG00000093167,LRRFIP2,-4.024582601408135,0.32685952223091186
ENSG00000144674,GOLGA4,-3.299194849738267,0.04314335295966394
ENSG00000144668,ITGA9,4.138889708615074,-1.22487763732376
ENSG00000144677,CTDSPL,0.06882874111988235,0.16314707737688078
ENSG00000187091,PLCD1,0.5962032919924458,-1.038602699818623
ENSG00000008226,DLEC1,-6.162425404765226,0.33141583919924117
ENSG00000060971,ACAA1,-6.932839267708603,-0.9455737229212492
ENSG00000172936,MYD88,-3.422548011326593,0.041398936032043844
ENSG00000172939,OXSR1,-2.1157052756300128,0.8332539919182548
ENSG00000093217,XYLB,-11.389541691060007,-3.3785726161113296
ENSG00000114739,ACVR2B,-8.709782111540687,-3.397310301277312
ENSG00000157036,EXOG,1.7666292017889738,-0.5212939994589392
ENSG00000168356,SCN11A,-3.4759286003414385,-1.32952302792779
ENSG00000114742,WDR48,-0.28396823763639306,1.4809626330637498
ENSG00000114745,GORASP1,3.119866209957775,2.1191153529310887
ENSG00000168026,TTC21A,4.17028618482608,2.627795872006788
ENSG00000144655,CSRNP1,5.34874044200667,2.584417706316633
ENSG00000168329,CX3CR1,0.9178968023504125,-2.940609027113905
ENSG00000144659,SLC25A38,-3.7726158661821083,1.0634409092122414
ENSG00000168028,RPSA,0.3695687898475516,-1.016676841111165
ENSG00000170011,MYRIP,-1.3146033617038642,0.28153673462857065
ENSG00000114784,EIF1B,1.0727842763817736,2.2763543608646453
ENSG00000188846,RPL14,-2.8011844436705284,-1.3570615827212635
ENSG00000177842,ZNF620,-2.832587954296623,-2.452249984230673
ENSG00000177873,ZNF619,-8.094920140746751,-3.8542950102902047
ENSG00000172888,ZNF621,-2.633121736541948,-1.754406563358148
ENSG00000168036,CTNNB1,-1.8873723213026374,-0.5897553008999511
ENSG00000168038,ULK4,-0.6551088130597494,-0.09011927059320417
ENSG00000182606,TRAK1,-1.5593852267350867,-0.49680307150312863
ENSG00000114812,VIPR1,-5.410478025051939,-2.5115384747805085
ENSG00000093183,SEC22C,-0.39349883117429274,-1.2363279964514784
ENSG00000008324,SS18L2,-0.3317286028467025,1.8787524757304233
ENSG00000114857,NKTR,-1.6845944545292129,-0.37550218276304637
ENSG00000114853,ZBTB47,3.2599893789528154,-2.025008879892932
ENSG00000181061,HIGD1A,1.3069680822045608,2.907997223576201
ENSG00000144648,ACKR2,0.6365955709009163,1.015341605845672
ENSG00000180432,CYP8B1,-3.3933790017758714,0.40349843720407935
ENSG00000182983,ZNF662,-0.6992305419920245,0.8144875596971787
ENSG00000144649,GASK1A,-9.41097808493461,-4.116825667007448
ENSG00000144647,POMGNT2,-2.1053100019408344,-2.9782118460845286
ENSG00000163788,SNRK,2.4847794469711926,1.8724907364209311
ENSG00000160746,ANO10,5.137644341083039,3.061856680598216
ENSG00000011198,ABHD5,-0.5523108854097971,2.8010838734826113
ENSG00000179152,TCAIM,-4.8257279680174445,1.1514289620202751
ENSG00000185219,ZNF445,-4.441989895415787,-2.284882042840483
ENSG00000178917,ZNF852,-2.2308671386482835,-2.249665705863009
ENSG00000196345,ZKSCAN7,-0.11578342050628469,-0.3553292335890302
ENSG00000144792,ZNF660,2.7288537915043083,-1.343184695545167
ENSG00000186448,ZNF197,-3.6843819882892386,-0.762527357894419
ENSG00000169981,ZNF35,6.191601150221037,4.273045425224876
ENSG00000196653,ZNF502,-2.0624624105776275,-1.195923237906116
ENSG00000186446,ZNF501,-0.9889686372628645,-1.9594022211982498
ENSG00000163807,KIAA1143,-1.9575793810962028,-0.38052192667563267
ENSG00000169964,TMEM42,-2.8639698621851006,1.2614541864438211
ENSG00000163812,ZDHHC3,-0.6216848315372978,0.09747564817891927
ENSG00000075914,EXOSC7,-0.3849910271489546,0.138886264645094
ENSG00000163815,CLEC3B,-0.9273071457053945,-1.8814386444109272
ENSG00000163814,CDCP1,8.437094045029657,0.10732448248978169
ENSG00000011376,LARS2,-1.610073276387942,-1.878108854506559
ENSG00000144791,LIMD1,-3.6777413466686952,-1.9432586168529833
ENSG00000211456,SACM1L,0.1513899500702232,1.5683114110420995
ENSG00000163818,LZTFL1,-2.538067683547559,-0.04758881565890348
ENSG00000163820,FYCO1,-0.9622815767887425,-2.174859665680823
ENSG00000172215,CXCR6,1.022868610648767,-2.9139718510669197
ENSG00000173578,XCR1,-1.9357861393271147,-4.20624443284493
ENSG00000163823,CCR1,2.6505925128276933,0.16961495147877229
ENSG00000121807,CCR2,6.702503314711531,-1.1732567923113961
ENSG00000160791,CCR5,7.016804405108277,0.19224030092877314
ENSG00000012223,LTF,2.159016186600728,1.7013078287569954
ENSG00000163825,RTP3,-4.179548661039117,-0.0038574498617246385
ENSG00000163827,LRRC2,-8.579702164574647,-2.6793339214903455
ENSG00000178038,ALS2CL,1.1303019171642719,-0.2150159527911408
ENSG00000181585,TMIE,-4.563648677055914,-2.933808401246442
ENSG00000160801,PTH1R,-4.528370681945233,-4.129616335408303
ENSG00000160799,CCDC12,-2.423222355282141,-0.8540715986690061
ENSG00000160796,NBEAL2,4.752970622757744,-0.2625911513907514
ENSG00000181555,SETD2,-4.770432747091111,-0.818864615215799
ENSG00000088727,KIF9,0.37451153662507464,-0.8933718438277991
ENSG00000114648,KLHL18,5.770531449188742,0.9753899083789884
ENSG00000076201,PTPN23,1.81705122648767,-0.4983688722949501
ENSG00000114650,SCAP,-3.5313985618106893,-2.1365183611324214
ENSG00000163832,ELP6,-4.808883534117436,-1.9442275459934188
ENSG00000173473,SMARCC1,-0.975528291379407,-2.4345632013473497
ENSG00000132153,DHX30,0.6682546372329935,-0.18337609341111544
ENSG00000047849,MAP4,4.361037558687011,0.4648576689758618
ENSG00000164048,ZNF589,0.9140105269035739,-0.8351081790238325
ENSG00000172113,NME6,-1.799829222160539,-1.5997610329304752
ENSG00000164050,PLXNB1,-1.030459027419379,-0.7380788556873349
ENSG00000164051,CCDC51,-2.097416127677018,-2.0545640395595326
ENSG00000232112,TMA7,-0.33980358019924506,0.3480777184665715
ENSG00000164053,ATRIP,-1.7855781259008192,-1.151340147218906
ENSG00000164054,SHISA5,0.23485962313120473,0.06143874089619711
ENSG00000213689,TREX1,-0.5381353391312754,-0.25429539802233364
ENSG00000114268,PFKFB4,3.7393195934056145,0.6063657592867157
ENSG00000010256,UQCRC1,-1.1415045725565953,1.0888562723314053
ENSG00000225697,SLC26A6,3.599255839423443,2.711756232362659
ENSG00000213672,NCKIPSD,-0.11879758152110206,-2.112238540525594
ENSG00000068745,IP6K2,1.8052995759282167,1.3998828066796143
ENSG00000114302,PRKAR2A,-4.413798237911769,-2.269965007058861
ENSG00000178537,SLC25A20,-4.922129203426863,0.1801004316397597
ENSG00000177479,ARIH2,-1.2151440083401437,1.1691247256576554
ENSG00000178467,P4HTM,3.0422514364184794,0.3160274492659735
ENSG00000178252,WDR6,1.2076183653106818,-0.05203897856796168
ENSG00000178149,DALRD3,1.7286742901260195,1.2459452875250676
ENSG00000178057,NDUFAF3,-1.1878319405093714,-0.3837845665788703
ENSG00000178035,IMPDH2,1.7581936886990739,-0.5941145364369965
ENSG00000198218,QRICH1,-1.1132181701273738,-0.07056261093245934
ENSG00000172053,QARS1,-1.1220404000691522,-0.051862763321139656
ENSG00000172046,USP19,-1.6123422051355583,-1.1309254771240118
ENSG00000172037,LAMB2,3.073377290322322,-0.10043567128357236
ENSG00000177352,CCDC71,-1.2017757968095373,-2.019049427688789
ENSG00000185909,KLHDC8B,-0.3009896830016285,-0.7439796329013324
ENSG00000188315,C3orf62,3.635828022723453,1.3368528479667712
ENSG00000114316,USP4,2.9065005045191623,0.45836930399650483
ENSG00000233276,GPX1,2.0314970623594233,1.197229989362232
ENSG00000067560,RHOA,4.702896445517844,1.669793942378305
ENSG00000145022,TCTA,-4.719364994197103,-1.6827550161848952
ENSG00000145020,AMT,-8.37338109158466,-2.0155910437322775
ENSG00000145029,NICN1,-1.4577652405397228,-0.5500644170601356
ENSG00000173402,DAG1,2.845214775656882,0.7872877819171024
ENSG00000164061,BSN,-5.145614109574671,-2.3639635634582685
ENSG00000164062,APEH,-0.6412379251677344,0.3251963516092599
ENSG00000173531,MST1,0.7600025321135685,1.2927751558396319
ENSG00000164068,RNF123,-3.0344372602339935,-1.6606275587530128
ENSG00000176020,AMIGO3,0.7945842536165492,-0.7966252966927654
ENSG00000173540,GMPPB,-0.18038864438571356,-0.3106902904444467
ENSG00000176095,IP6K1,-0.8984872484968268,-2.7099924824852004
ENSG00000182179,UBA7,1.4931391030986696,0.19193053843603247
ENSG00000183763,TRAIP,2.5175050413635516,-0.7648705756357286
ENSG00000164077,MON1A,1.108052433250579,1.223381292676623
ENSG00000004534,RBM6,0.8819856717130274,1.7060410464393783
ENSG00000003756,RBM5,-1.342042319373044,0.2245775106781501
ENSG00000001617,SEMA3F,-0.18603032707502776,-1.8349001309078972
ENSG00000114349,GNAT1,-7.1572307653191105,-4.198036785736283
ENSG00000188338,SLC38A3,-3.811778868068513,-0.36491590897238246
ENSG00000114353,GNAI2,1.0377391143527068,-1.0079428299578004
ENSG00000012171,SEMA3B,3.8866479292236047,-0.14237639148459735
ENSG00000179564,LSMEM2,-0.3373246916467143,1.14205811286089
ENSG00000214706,IFRD2,-0.8835378354226145,-0.9065246411664281
ENSG00000186792,HYAL3,3.3914506380086293,3.2021397424105875
ENSG00000243477,NAA80,3.41663981880978,2.4828716100756663
ENSG00000114378,HYAL1,-2.024920870997603,2.4278064145021725
ENSG00000068001,HYAL2,4.9179422465494715,1.5218050218800179
ENSG00000114383,TUSC2,1.5369573986254887,1.1902439623135859
ENSG00000068028,RASSF1,7.056933221632572,1.887686075970517
ENSG00000114388,NPRL2,-1.6538337744210845,0.42050420772527697
ENSG00000114395,CYB561D2,2.969103423233907,1.5329541049357231
ENSG00000126062,TMEM115,1.974825408612331,0.49445688314887615
ENSG00000088543,C3orf18,-3.808718469745965,-1.8570653127245509
ENSG00000114735,HEMK1,-1.0192529668585584,0.10549728890822731
ENSG00000114737,CISH,0.8460580067971101,0.41771805933934686
ENSG00000114738,MAPKAPK3,-0.6626266012995221,-1.3106067278029165
ENSG00000145050,MANF,2.851993479346187,0.9802081175477534
ENSG00000259956,RBM15B,-2.010309755576702,-2.9640707300741735
ENSG00000145041,DCAF1,-4.503099427159619,-1.9097277424694743
ENSG00000164080,RAD54L2,-7.219649015695288,-1.9467993093100715
ENSG00000164081,TEX264,-1.1204699639939926,0.1291173193950416
ENSG00000114767,RRP9,1.0486116368019318,0.42134165074797275
ENSG00000041880,PARP3,-0.09844227376484628,1.6248217419409297
ENSG00000090097,PCBP4,5.6887100231605805,1.963655485382156
ENSG00000114779,ABHD14B,-2.4159299554006073,1.3183618603898366
ENSG00000248487,ABHD14A,0.018837870026126868,0.3579681788061174
ENSG00000114786,ABHD14A-ACY1,-1.0742979352544029,0.7061053217667329
ENSG00000243989,ACY1,-1.0877482274725763,0.7182931620924013
ENSG00000162244,RPL29,-0.15956081358779753,0.21858160917173075
ENSG00000164086,DUSP7,1.851478048945731,-1.656970446032166
ENSG00000164087,POC1A,3.0480402211281707,3.275541083516794
ENSG00000023330,ALAS1,0.1252033621935995,2.1070641382925492
ENSG00000247596,TWF2,1.9009673838595125,-0.597782300363586
ENSG00000164088,PPM1M,5.557800780010348,-0.8424555149122821
ENSG00000164091,WDR82,-1.284698605042617,-2.39057033352388
ENSG00000168237,GLYCTK,-5.645125244141705,-1.383902965590809
ENSG00000114841,DNAH1,-0.27499678036891234,0.14146135495867698
ENSG00000163930,BAP1,-0.804911074085307,-0.47627886028874294
ENSG00000010318,PHF7,-2.2293794347909786,2.0343689780612366
ENSG00000010319,SEMA3G,8.394555466905897,1.4297740861352704
ENSG00000010322,NISCH,-0.84487307232376,-0.6643027949679524
ENSG00000010327,STAB1,0.4720493558317466,-0.09108948735302061
ENSG00000168268,NT5DC2,4.187141446652805,0.696280215789999
ENSG00000168273,UQCC5,-4.7381796817763435,-1.6761069821024162
ENSG00000163939,PBRM1,-1.791763035731566,0.8439868989482765
ENSG00000163938,GNL3,1.2046397808096245,2.2519031507023906
ENSG00000016864,GLT8D1,-2.689642167762491,1.7899294361308435
ENSG00000114902,SPCS1,-0.8672557729450295,3.0084875911318454
ENSG00000114904,NEK4,-4.940251059391227,-2.0227082753946544
ENSG00000055957,ITIH1,-7.891836315271051,-3.988932816941935
ENSG00000162267,ITIH3,1.1927188429577014,0.5072342905898076
ENSG00000055955,ITIH4,-3.4031404820780313,-0.7375087570986678
ENSG00000272573,MUSTN1,-0.09469160635032894,-0.138705628305426
ENSG00000248592,STIMATE-MUSTN1,-2.775573886124559,-0.20248639381822264
ENSG00000213533,STIMATE,-6.843057129705228,-2.3449620931948405
ENSG00000163935,SFMBT1,-6.061444814449403,0.3129230726418895
ENSG00000163933,RFT1,-3.9794210529324103,-3.5084262544347227
ENSG00000163932,PRKCD,5.910508444836446,-1.0516976286903423
ENSG00000163931,TKT,4.955488190133583,2.8004476602467663
ENSG00000272886,DCP1A,-1.9095957780475865,-1.3062679222258198
ENSG00000157388,CACNA1D,-0.08685925114924878,0.2753050978849181
ENSG00000016391,CHDH,-0.2155167229162224,1.606184133104792
ENSG00000056736,IL17RB,1.8350049078342412,2.464516637869428
ENSG00000113812,ACTR8,-0.08903083375690797,1.6762109592191055
ENSG00000113811,SELENOK,1.7401664295561619,1.582843797088451
ENSG00000114251,WNT5A,-2.989712549475993,-0.008352904860739085
ENSG00000180376,CCDC66,0.7719318621380986,0.9839505258589922
ENSG00000163946,TASOR,1.47197306554341,0.9431950492038914
ENSG00000163947,ARHGEF3,6.92660718565652,-1.7638603007623943
ENSG00000163666,HESX1,-2.752629699121505,0.5528914416722664
ENSG00000157500,APPL1,-1.2374821712217718,-1.0968716092265691
ENSG00000239388,ASB14,-3.433449144700742,-2.914183792543221
ENSG00000174840,PDE12,0.9283752581597874,1.8269525223283003
ENSG00000168374,ARF4,4.7544406080252095,3.5924780888019616
ENSG00000174839,DENND6A,1.9403194182881607,0.6848485242426053
ENSG00000163681,SLMAP,-3.8908922275140547,-1.4943672827801722
ENSG00000136068,FLNB,-1.0735989360450644,-0.5348000011115565
ENSG00000163687,DNASE1L3,-4.0397931397114535,-0.2726321705343413
ENSG00000163686,ABHD6,-4.108389659503088,0.48602421169227716
ENSG00000163684,RPP14,-8.865296268936104,-2.339351110543355
ENSG00000255154,HTD2,-7.369022393048393,-1.7004376225418738
ENSG00000168297,PXK,-0.24989607407847783,-1.371544402077328
ENSG00000168291,PDHB,-0.6490143277245288,2.0444505329103815
ENSG00000168301,KCTD6,-3.5254055428526287,0.9586854545177476
ENSG00000168306,ACOX2,-11.191020508883486,-1.5582347851786278
ENSG00000168309,FAM107A,2.7149087444023343,-0.7364908547424173
ENSG00000163689,CFAP20DC,-0.4821551753186087,1.274385201397875
ENSG00000189283,FHIT,1.711095100357519,1.8475456665710266
ENSG00000144724,PTPRG,-0.2691290096716831,-0.9645788566985827
ENSG00000163634,THOC7,-0.9001162768540605,1.579338366049176
ENSG00000163635,ATXN7,-4.8243239377754215,-1.7045428085991337
ENSG00000163636,PSMD6,-1.4011281626264829,2.4841701577709663
ENSG00000163637,PRICKLE2,4.392586968123573,0.3277760522300042
ENSG00000163638,ADAMTS9,9.539703702281644,2.865735270827616
ENSG00000151276,MAGI1,-5.069943503845835,-1.1495303558091448
ENSG00000144741,SLC25A26,-5.921796632934319,-0.6303439951998269
ENSG00000144749,LRIG1,-4.2081560345022755,-2.5983069579214613
ENSG00000163376,KBTBD8,2.408035162119576,0.6861647076554596
ENSG00000172340,SUCLG2,-2.654071898335375,0.0827983297093911
ENSG00000163378,EOGT,5.366120823255846,1.7265983330267294
ENSG00000144747,TMF1,-0.23442339669546366,-0.6302076297116321
ENSG00000144744,UBA3,1.4028876500831848,2.0376144895347026
ENSG00000144746,ARL6IP5,3.0170954090874083,1.1726418205995799
ENSG00000114541,FRMD4B,-3.3203312121867024,-1.848847782385106
ENSG00000187098,MITF,7.9697011618269435,1.7333224917233045
ENSG00000114861,FOXP1,-0.08625133333536865,-0.6290903559093028
ENSG00000163412,EIF4E3,1.2962593363595856,0.039849169245099667
ENSG00000163602,RYBP,0.36730354869372867,1.5864618643159978
ENSG00000144736,SHQ1,-0.9557443477882603,-0.06906590528556335
ENSG00000163605,PPP4R2,-1.4909399027503878,1.2019346068524297
ENSG00000255423,EBLN2,-3.271423960557922,-1.8709680188636613
ENSG00000121440,PDZRN3,6.935800096450082,0.022150653365133575
ENSG00000113805,CNTN3,-0.3676008375863807,0.5138269944893912
ENSG00000227124,ZNF717,-6.624888537768129,-2.576384437526864
ENSG00000185008,ROBO2,-1.7210761707428381,-2.9201779429152155
ENSG00000169855,ROBO1,7.348170130958526,1.3406144275630314
ENSG00000114480,GBE1,-4.3514083578414295,0.1855546146187421
ENSG00000083937,CHMP2B,0.3621054538456911,1.1624881653117105
ENSG00000163320,CGGBP1,-0.7042869421149092,1.463531241035017
ENSG00000175105,ZNF654,-2.214959365438393,-0.09581380809844449
ENSG00000179021,C3orf38,-0.7302524237782929,-0.1729115217947298
ENSG00000044524,EPHA3,11.695934971887391,3.832537906125955
ENSG00000184500,PROS1,-2.8377499242796516,0.41168836779299045
ENSG00000169379,ARL13B,1.6035681522444742,0.05060163489993225
ENSG00000178700,DHFR2,-5.4136735591675755,-2.0221803293955816
ENSG00000178694,NSUN3,-1.5560018283875292,0.6943782959989945
ENSG00000113966,ARL6,0.9765271830270833,0.466711380543668
ENSG00000080200,CRYBG3,4.782537919397495,1.938787535663381
ENSG00000170854,RIOX2,5.201304709677639,2.4623051319186953
ENSG00000080822,CLDND1,0.6617290488858704,1.3783947521207405
ENSG00000080819,CPOX,-7.396324277667544,-0.8563902674602468
ENSG00000064225,ST3GAL6,-7.258053219752692,-0.6735126679912388
ENSG00000057019,DCBLD2,-0.02840803608155124,1.860885481731001
ENSG00000144810,COL8A1,5.0708862941353425,-1.4980532749060542
ENSG00000184220,CMSS1,-0.3970088297841836,0.9639489781197201
ENSG00000168386,FILIP1L,9.362168408123841,1.7734356536979914
ENSG00000036054,TBC1D23,-1.4792806734982245,1.2685362649683147
ENSG00000114021,NIT2,-5.518149145544804,2.0716981138778796
ENSG00000154174,TOMM70,-5.05712529945553,0.0356503943768426
ENSG00000206535,LNP1,-8.52024777407702,-1.9510707974657377
ENSG00000181458,TMEM45A,1.7797506899634064,1.2535152816647706
ENSG00000144820,ADGRG7,-5.56871667070454,-0.8100410451542952
ENSG00000114354,TFG,0.5085702915926548,2.4859568081168426
ENSG00000154175,ABI3BP,1.706954473434404,-3.918673589949792
ENSG00000138468,SENP7,0.33167566651178293,0.35429455913774216
ENSG00000174173,TRMT10C,2.188709085193339,2.9339405745323885
ENSG00000081154,PCNP,1.6968671015900396,2.083132500220742
ENSG00000066422,ZBTB11,-1.5963889641961748,-0.5468761206516797
ENSG00000114391,RPL24,-2.1179868193710787,-0.17250290154436093
ENSG00000182504,CEP97,1.6928305666581953,1.0861600976164065
ENSG00000144815,NXPE3,3.392772336222751,-0.5816365249627643
ENSG00000144802,NFKBIZ,-3.300536368482298,-0.03755692566835998
ENSG00000170017,ALCAM,1.4273507648857526,2.3198555195714197
ENSG00000114423,CBLB,3.2527647180330264,0.37113361361083436
ENSG00000114439,BBX,1.2444899977797783,-0.14321394464079007
ENSG00000196776,CD47,1.0989332472902007,-0.7080563486417754
ENSG00000114446,IFT57,4.687138132042669,-2.0362351553505116
ENSG00000163507,CIP2A,3.808602334207604,0.2803053275515784
ENSG00000198919,DZIP3,0.5433849062940977,-0.0073652478310351575
ENSG00000163519,TRAT1,6.547297543864788,0.8533746014451153
ENSG00000241224,C3orf85,-6.944535632674763,0.7327953501666546
ENSG00000177707,NECTIN3,-4.3799860166069084,-0.29234317553509476
ENSG00000153283,CD96,6.0686573179622,-2.1620391590965373
ENSG00000240891,PLCXD2,-9.107767762437804,-2.1257298219128415
ENSG00000144824,PHLDB2,-4.7698162316064,0.15393984259583524
ENSG00000144827,ABHD10,-5.109869584329927,1.7626317681877086
ENSG00000174500,GCSAM,3.695820157359584,-3.4886097119845685
ENSG00000144848,ATG3,-0.5777029775306751,0.6664445333763354
ENSG00000138459,SLC35A5,-1.7819861128889352,0.02110050667683223
ENSG00000091986,CCDC80,9.009993302707121,-0.24120063472908804
ENSG00000163606,CD200R1,-0.3896908562963486,-1.8192816764185047
ENSG00000163607,GTPBP8,-0.9458034447411593,-0.8091030986913775
ENSG00000163608,RMP64,-1.9701279688525468,0.7058505488992587
ENSG00000206530,CFAP44,0.20404634393121798,1.3415536623311974
ENSG00000163611,SPICE1,-3.6163780754954304,-2.1704858818487094
ENSG00000072858,SIDT1,1.60770112381816,-4.378342143193568
ENSG00000176542,USF3,-4.6751882862475584,-0.6130249858632424
ENSG00000121579,NAA50,-2.8322533407386477,0.3333269631536353
ENSG00000114573,ATP6V1A,-0.568693892390224,1.1552822105235765
ENSG00000178075,GRAMD1C,-5.3053871196342435,0.8932970176501362
ENSG00000184307,ZDHHC23,0.7563538965019692,0.9274763088520689
ENSG00000163617,CCDC191,0.3851668191280691,-2.2543894068406107
ENSG00000151576,QTRT2,0.5333599164212692,-1.1059802841690407
ENSG00000181847,TIGIT,-3.828770868109879,-0.4305317126095976
ENSG00000181722,ZBTB20,-4.027114624983771,-0.5048545036910387
ENSG00000121578,B4GALT4,1.8276371460507115,0.8209784781205453
ENSG00000031081,ARHGAP31,3.1269979414059166,-1.7283727921316043
ENSG00000176142,TMEM39A,-0.08145498607219691,1.3136501317810165
ENSG00000163389,POGLUT1,1.8226387308325287,2.5274801630847574
ENSG00000113845,TIMMDC1,-2.1538379965648824,0.5252012737549887
ENSG00000144843,ADPRH,7.607070558439952,1.0965384339350872
ENSG00000144837,PLA1A,-3.007308740717847,-0.38463559692589583
ENSG00000121577,POPDC2,-1.1038535012409576,-0.8615388824382153
ENSG00000138495,COX17,-2.6100185808352774,0.5872520652646948
ENSG00000183833,CFAP91,5.3262153166485495,1.3418623209326166
ENSG00000144852,NR1I2,-6.584565710723582,-0.7520420538134599
ENSG00000082701,GSK3B,-4.532620716477039,0.2340740260135703
ENSG00000163428,LRRC58,-0.7520086223495128,0.9597664899544373
ENSG00000163430,FSTL1,8.247568795994981,1.7205402042381277
ENSG00000065518,NDUFB4,-1.3083654447602364,1.2247955970719349
ENSG00000113924,HGD,-3.5747515318739564,2.4945111680852556
ENSG00000144840,RABL3,-2.190158262369721,0.6508122987799302
ENSG00000153767,GTF2E1,2.714915953424281,0.952873673132814
ENSG00000180353,HCLS1,5.150538160403635,-2.1792079135057305
ENSG00000173230,GOLGB1,-0.19944113714485487,1.06179819853556
ENSG00000173226,IQCB1,1.1849477386137683,1.1837268201529692
ENSG00000145088,EAF2,1.2034799025721914,-1.2102496466229964
ENSG00000163406,SLC15A2,1.0398327764104718,-1.2550311590848535
ENSG00000114013,CD86,3.040770575145513,-1.818960843029276
ENSG00000121552,CSTA,-0.29618789072177554,2.530083498559571
ENSG00000160124,MIX23,-2.699956446796881,2.761091434716574
ENSG00000114023,FAM162A,-3.899640203447873,2.10089959128794
ENSG00000196981,WDR5B,-5.283077211680647,-0.5666347768268668
ENSG00000114030,KPNA1,-1.9844961320347956,1.626450950662435
ENSG00000138496,PARP9,-0.5855319694651827,2.283196179596705
ENSG00000163840,DTX3L,-1.632109800846904,0.7490071248910911
ENSG00000173200,PARP15,-3.1801939046897214,-1.2898113307522139
ENSG00000173193,PARP14,-2.4360329549962434,0.8199554424714844
ENSG00000169087,HSPBAP1,5.074708358946907,2.504707476719664
ENSG00000138463,SLC49A4,-0.9836757843440692,-1.3325038608966384
ENSG00000065485,PDIA5,-9.437218609294282,-4.893251232102172
ENSG00000121542,SEC22A,-2.6453794565911104,0.5217725152986001
ENSG00000173175,ADCY5,-3.4936600878890784,-6.460738218738035
ENSG00000206527,HACD2,-3.073360257696928,1.1642660387173451
ENSG00000065534,MYLK,-2.512334594712892,-2.510255266180084
ENSG00000175455,CCDC14,1.4086204318307343,1.8999691305570923
ENSG00000160145,KALRN,0.6011560516856874,0.2683517122852665
ENSG00000114491,UMPS,-5.829184434340106,-1.1724914092554866
ENSG00000082781,ITGB5,6.2564704090542484,-0.2175489010378398
ENSG00000173706,HEG1,6.884896586229371,0.12655058607142186
ENSG00000221955,SLC12A8,-1.7066789448659296,-2.6410512999554436
ENSG00000163848,ZNF148,-2.48990443611327,0.11562537443925222
ENSG00000114520,SNX4,-3.6600185595514856,0.031837261890402715
ENSG00000144909,OSBPL11,0.6787075658822302,0.8153666558939446
ENSG00000114544,SLC41A3,3.4215185976099347,0.07231015236823217
ENSG00000144908,ALDH1L1,-4.963783696984045,1.38116316405599
ENSG00000163884,KLF15,-6.198917056983207,-1.9872275561033466
ENSG00000070476,ZXDC,-3.6936440794781817,-1.6659237487116025
ENSG00000159650,UROC1,-3.0608892417287787,-0.8371668830656394
ENSG00000180767,CHST13,-1.2841577520214766,0.6907163168792843
ENSG00000180697,C3orf22,-5.186906896005514,-2.893772871339523
ENSG00000197763,TXNRD3,-9.169119631602843,-2.1240850363001136
ENSG00000159685,CHCHD6,-2.2293068423688602,-2.265765578020823
ENSG00000114554,PLXNA1,4.107830858852197,-0.7874801033595116
ENSG00000163870,TPRA1,-1.4248788925820233,0.11871985012693112
ENSG00000073111,MCM2,4.905298568811864,1.0457887947032327
ENSG00000114631,PODXL2,-4.675395683941066,-2.7907200002275605
ENSG00000114626,ABTB1,1.8760293588568864,-0.36427585863018336
ENSG00000074416,MGLL,0.4728675160830373,-0.7178429377092796
ENSG00000058262,SEC61A1,0.4363395789198381,0.43060474703443824
ENSG00000175792,RUVBL1,-0.8543740809054974,-0.33458574641570393
ENSG00000132394,EEFSEC,-3.264932315779435,-1.715795098349673
ENSG00000163902,RPN1,-1.4671878210460805,0.11544509712080428
ENSG00000075785,RAB7A,-1.680974045760073,1.6439933889503895
ENSG00000177646,ACAD9,-2.71214341449113,-1.7579999948783145
ENSG00000114656,CFAP92,-2.797782527994797,-1.5095476400859558
ENSG00000114654,EFCC1,0.48646820993392786,-2.6916948284739695
ENSG00000172780,RAB43,-0.5065057633521488,-1.5963889071343247
ENSG00000261796,ISY1-RAB43,-0.9351626907079496,-2.403350139927649
ENSG00000240682,ISY1,-0.5122592636364006,-2.0006359522946164
ENSG00000169714,CNBP,-6.579550321458348,-0.2299643045431805
ENSG00000181789,COPG1,0.6232192362520541,-0.5561529154625307
ENSG00000183624,HMCES,1.3369281530076689,1.0834525396353074
ENSG00000184897,H1-10,-0.13894531669567836,-0.5397080666944523
ENSG00000172771,EFCAB12,0.5436279103614362,0.49256242647916804
ENSG00000163913,IFT122,-4.153054780159074,-3.3980568715440325
ENSG00000129071,MBD4,1.0348000560338666,1.7909912062608144
ENSG00000004399,PLXND1,3.4565825733334026,-1.1956055894274096
ENSG00000172765,TMCC1,2.770161688819406,2.6162868656564324
ENSG00000206384,COL6A6,-7.215536749877228,-2.423956642874377
ENSG00000196455,PIK3R4,-6.571417673257432,-1.8021067840509446
ENSG00000017260,ATP2C1,-0.8183131438365858,-0.6398083427906578
ENSG00000034533,ASTE1,-9.680226260892654,-3.257345638521487
ENSG00000114670,NEK11,1.8757709799057276,-2.5222495473601696
ENSG00000198585,NUDT16,-8.531242166158602,-1.948040574158682
ENSG00000114686,MRPL3,-1.9959927445856402,1.2839085660665221
ENSG00000138246,DNAJC13,-1.7380597410507388,-1.2589621398549673
ENSG00000240303,ACAD11,-7.08257919586626,1.7382338204835763
ENSG00000274810,NPHP3-ACAD11,-6.982460316191096,1.4244428236211741
ENSG00000129048,ACKR4,-6.2034130693347445,-2.2306101150132
ENSG00000081307,UBA5,-4.143147057753504,0.697230561056884
ENSG00000113971,NPHP3,-2.126435799592216,-0.8823861968253179
ENSG00000091527,CDV3,-1.466396060709656,1.0692998447716473
ENSG00000163781,TOPBP1,0.3887307078165168,1.3128347149512076
ENSG00000091513,TF,-3.304560026645312,-0.04869513834806101
ENSG00000144867,SRPRB,0.6558200977344071,1.1774337204535381
ENSG00000154917,RAB6B,0.6401965596578014,-1.5561903409882416
ENSG00000174640,SLCO2A1,9.155065217024546,1.4594909333667503
ENSG00000163785,RYK,0.4508297856797139,0.44098244978919043
ENSG00000114019,AMOTL2,6.37102666320476,1.3017224710074384
ENSG00000129055,ANAPC13,0.2099270657961682,1.6446214648241397
ENSG00000182923,CEP63,-6.376127179136274,-1.631764867402941
ENSG00000154928,EPHB1,-5.59694478106447,-3.0639157296362054
ENSG00000073711,PPP2R3A,-0.6823270063732211,-1.2392190796255578
ENSG00000174579,MSL2,-3.440246230768857,-0.3726811065248244
ENSG00000114054,PCCB,-1.0972892912119134,2.719964202194407
ENSG00000118007,STAG1,-1.3128144594404598,-0.009977154109186254
ENSG00000168917,SLC35G2,0.23273227999479132,-1.1214557780918755
ENSG00000158092,NCK1,-1.5678575765443512,-1.1069127877809006
ENSG00000174564,IL20RB,-0.6054817041058452,0.5851859186425259
ENSG00000158163,DZIP1L,6.131162708473462,-3.2017567323352143
ENSG00000138231,DBR1,0.22985079967351293,-1.4371810746083582
ENSG00000114098,ARMC8,-1.0831258392832064,-0.09351030704669482
ENSG00000181322,NME9,-0.027359974570679447,0.4887382386674564
ENSG00000158186,MRAS,12.07058556583083,4.398704826656585
ENSG00000114107,CEP70,-3.1006625641759036,1.6744897358061115
ENSG00000158234,FAIM,9.781421878984839,3.4212652986293315
ENSG00000051382,PIK3CB,1.9864431024191118,1.194553529370578
ENSG00000175110,MRPS22,-4.5343684302128,-0.7335253462552074
ENSG00000184432,COPB2,-2.501192037394904,-0.9447465112346706
ENSG00000114115,RBP1,3.0923583362917,-0.9656594097340925
ENSG00000163864,NMNAT3,-6.327447122543979,-3.826800854115231
ENSG00000158258,CLSTN2,10.283332640799125,2.7610613742482104
ENSG00000114120,SLC25A36,5.1774147714153615,-0.25111651338587593
ENSG00000175093,SPSB4,-4.755654119011626,-4.964967255657536
ENSG00000155893,PXYLP1,-0.6981151442113678,0.9440382200696863
ENSG00000177311,ZBTB38,2.866347988304064,0.5538348865354373
ENSG00000155903,RASA2,2.102321501306635,0.6711649192508247
ENSG00000114125,RNF7,-0.3011321848964629,1.3281113015509884
ENSG00000069849,ATP1B3,11.024231923979306,3.4110852543077295
ENSG00000114126,TFDP2,-7.604048608263736,-2.9674161918105457
ENSG00000175066,GK5,0.717377949849092,-1.272055609989032
ENSG00000114127,XRN1,-3.2585823057939645,-0.555237621467646
ENSG00000175054,ATR,2.8320991604633314,2.662846585124347
ENSG00000120756,PLS1,-0.8318063215742645,-0.32722395343702426
ENSG00000144935,TRPC1,3.786179445643785,-1.1616108485791783
ENSG00000163710,PCOLCE2,-9.043021341275237,-0.4436636174060763
ENSG00000188582,PAQR9,0.3019718931068078,2.579897526829429
ENSG00000163714,U2SURP,-1.9770703954828721,0.6700259281464942
ENSG00000181804,SLC9A9,-1.2297177979253466,-3.4717689315668934
ENSG00000181744,DIPK2A,-0.43201090155711247,0.4858326511552247
ENSG00000152952,PLOD2,-1.3567928762256465,-0.9636529926341175
ENSG00000114698,PLSCR4,-2.454052745257115,-1.0662837152471107
ENSG00000188313,PLSCR1,3.3209873162109105,-0.22670041802942792
ENSG00000174963,ZIC4,-4.685274391654886,-2.6739961483032335
ENSG00000152977,ZIC1,-3.5289155392194713,-1.4522241102351545
ENSG00000144891,AGTR1,-0.5503898322648744,0.8184180838205533
ENSG00000163751,CPA3,3.8087917941337746,0.10957383807075147
ENSG00000163754,GYG1,4.03964783933311,-0.11119498969920989
ENSG00000071794,HLTF,-3.5171657002003482,-0.9624935146423804
ENSG00000163755,HPS3,-0.5594346993989403,1.2206805279545334
ENSG00000047457,CP,-2.6674794302153657,-1.5447814390739734
ENSG00000163762,TM4SF18,1.6745414854756746,0.7799040719437844
ENSG00000169908,TM4SF1,7.413040155847049,0.8901634325953572
ENSG00000169903,TM4SF4,4.899104434343733,2.015590447449658
ENSG00000018408,WWTR1,3.319895612822997,0.3984566331408713
ENSG00000114744,COMMD2,2.361665885465976,1.6046393005466388
ENSG00000082996,RNF13,-1.4135029164009052,0.5930977473380347
ENSG00000070087,PFN2,-4.585140266910179,-1.9903389340502426
ENSG00000196428,TSC22D2,3.7551228388795885,2.390803500110826
ENSG00000120742,SERP1,-1.6632764043965573,0.9021776345577824
ENSG00000144895,EIF2A,-4.888329629956343,-1.8056563887907149
ENSG00000198843,SELENOT,-0.30698833087863053,1.2180158903252554
ENSG00000181788,SIAH2,1.1079008868082938,5.171798907450594
ENSG00000174946,GPR171,4.516435598413133,-0.0020553024915206824
ENSG00000181631,P2RY13,1.169579081246415,-1.350672428545334
ENSG00000169313,P2RY12,1.2360245260874112,-0.37254833025991224
ENSG00000152580,IGSF10,0.9060368420073895,-2.7515977854593534
ENSG00000114771,AADAC,-3.0076701677408697,0.2864684285040048
ENSG00000198829,SUCNR1,-0.9476911599981483,1.6435469514916834
ENSG00000152601,MBNL1,-0.457293111555592,0.22728788974921862
ENSG00000169860,P2RY1,5.020258796005403,-1.4298122303189091
ENSG00000181467,RAP2B,9.361287649664751,3.5571557153051288
ENSG00000114790,ARHGEF26,-3.5279958448745243,0.22458601324550811
ENSG00000174953,DHX36,-2.591752993402446,-1.345299187376956
ENSG00000196549,MME,-10.292095218421274,-2.166504879731703
ENSG00000174928,C3orf33,1.9096030267718747,2.4011573907674846
ENSG00000169359,SLC33A1,-2.2192320083956747,-0.07661458434502384
ENSG00000163655,GMPS,-3.404452908609225,-1.2626414979679945
ENSG00000169282,KCNAB1,0.4594591011807699,1.5819624139140755
ENSG00000114850,SSR3,1.7276085651476105,1.8601848872386166
ENSG00000163659,TIPARP,0.6086373362152907,1.0921587667498276
ENSG00000197980,LEKR1,-0.34257158170113083,0.4302048611436583
ENSG00000163660,CCNL1,0.988287696275388,3.2135372751110878
ENSG00000197415,VEPH1,7.076284856236024,-1.6940139232313136
ENSG00000174891,RSRC1,-0.9065668807810475,-0.3738123889275717
ENSG00000079257,LXN,10.146303848788886,1.8562108541471116
ENSG00000168827,GFM1,-2.8079226878180297,-0.6880333473175568
ENSG00000118849,RARRES1,6.489418342597318,0.33471158912416515
ENSG00000118855,MFSD1,1.5638187254288762,0.9610267429861518
ENSG00000283154,IQCJ-SCHIP1,3.0819875594561594,4.07462948251132
ENSG00000151967,SCHIP1,3.0441944283407296,4.088691457986293
ENSG00000248710,TRIM59-IFT80,4.9556241793422515,2.1507638361879184
ENSG00000068885,IFT80,4.6343248651050075,1.8362545043515863
ENSG00000113810,SMC4,4.53433920301521,3.3609289086330025
ENSG00000186432,KPNA4,1.015809301738068,1.5731270229547079
ENSG00000163590,PPM1L,0.892579515047654,2.7173453582237794
ENSG00000169255,B3GALNT1,5.737353581485513,-0.9068854266708539
ENSG00000169251,NMD3,-4.334535226949298,-0.05709793708494718
ENSG00000121871,SLITRK3,-8.04928432529483,-3.9249986813963784
ENSG00000114200,BCHE,-8.341063105282611,-1.5885899923224358
ENSG00000114209,PDCD10,0.02366567338624996,0.40933193135628637
ENSG00000163536,SERPINI1,-0.9040658100881648,-2.905316536578202
ENSG00000173905,GOLIM4,-6.989554105167973,-4.124101656676961
ENSG00000085276,MECOM,5.137276776886507,-0.5250582899381557
ENSG00000184378,ACTRT3,-2.9580342535330506,-0.06502839565820152
ENSG00000085274,MYNN,-2.6106321987855945,0.238223370445844
ENSG00000171757,LRRC34,-2.4869094244022314,-1.5441045593709002
ENSG00000114248,LRRC31,1.3086048713755456,2.8641789781540887
ENSG00000008952,SEC62,-4.411914044108836,-0.15041042752515912
ENSG00000173890,GPR160,1.2392379328871983,-0.7633670216011749
ENSG00000173889,PHC3,-2.8302690505716,-1.502271115228492
ENSG00000163558,PRKCI,-1.9278043709600337,-1.1401552095990617
ENSG00000136603,SKIL,0.9120481560365157,0.8930106031900699
ENSG00000013297,CLDN11,12.768456805883988,6.2069150822684716
ENSG00000163584,RPL22L1,4.391848123016184,2.7191876413181983
ENSG00000163577,EIF5A2,5.805376348355133,1.5173229087763966
ENSG00000163581,SLC2A2,-5.845134450225921,-0.6055639266082833
ENSG00000154310,TNIK,0.9788345162922534,-2.570890130682243
ENSG00000075651,PLD1,-5.21439844660616,-2.496747830624463
ENSG00000075420,FNDC3B,1.824879859714669,0.45701571693510784
ENSG00000121858,TNFSF10,-11.091746024416537,-4.191012339012918
ENSG00000144959,NCEH1,4.113981346486706,-1.2544743744859033
ENSG00000114346,ECT2,6.9852814160325005,2.7636169038958007
ENSG00000177694,NAALADL2,-3.3207320710483526,-0.6666832706977744
ENSG00000177565,TBL1XR1,0.40734699346356557,0.8681261110921921
ENSG00000172667,ZMAT3,10.99635700708212,7.0409624628287855
ENSG00000121879,PIK3CA,-1.2558019945966554,0.24128545334384371
ENSG00000171121,KCNMB3,-2.894972754557849,-0.8953006856624385
ENSG00000121864,ZNF639,-2.6696232088929883,0.023721341499420574
ENSG00000171109,MFN1,-2.4352470766911165,-0.8927409289804895
ENSG00000114450,GNB4,3.107650516968198,-0.24404616061097265
ENSG00000136518,ACTL6A,0.0791216656985929,1.1730799930661144
ENSG00000136522,MRPL47,1.2391995077853921,3.0479185257048917
ENSG00000136521,NDUFB5,-1.1291071149116234,2.32631570995812
ENSG00000058056,USP13,-3.7749921301088287,-1.2418691941760311
ENSG00000163728,TTC14,-0.8189620048460784,0.36374574050481984
ENSG00000284862,CCDC39,-1.1877857807460876,-0.317971285799496
ENSG00000114416,FXR1,-7.233474772752734,-2.775054246634925
ENSG00000205981,DNAJC19,-9.157465786523966,-1.6502008593404007
ENSG00000058063,ATP11B,0.012189212804805774,0.6631919677800813
ENSG00000043093,DCUN1D1,-1.2338703090167489,1.8044693173673163
ENSG00000078070,MCCC1,-5.555164806904775,-0.603845025974284
ENSG00000078081,LAMP3,5.13728004192685,-0.3304563455603124
ENSG00000176597,B3GNT5,8.935508516067753,2.922778396191543
ENSG00000172578,KLHL6,6.763007065471736,-0.8766098423731479
ENSG00000114796,KLHL24,-2.8480194049818692,0.06184144774058136
ENSG00000163872,YEATS2,1.165580377319323,-3.708627147236755
ENSG00000180834,MAP6D1,-1.164779091365851,-0.2864325794208993
ENSG00000175193,PARL,-2.769959260971393,0.3265359082532772
ENSG00000114770,ABCC5,6.077738788257625,1.7962082674818256
ENSG00000145191,EIF2B5,-3.0760919699164906,0.047575576234698116
ENSG00000161202,DVL3,3.497991110175601,1.4950716862807012
ENSG00000161203,AP2M1,0.3372986424484522,-2.2182084678249883
ENSG00000161204,ABCF3,-0.6287070450402638,-0.42933453853585596
ENSG00000214160,ALG3,-0.048257668562743314,0.4907286469480354
ENSG00000284753,EEF1AKMT4,0.07717728973085777,1.1072963770810058
ENSG00000175166,PSMD2,0.8155295932184874,-0.32200574417042777
ENSG00000114867,EIF4G1,-1.78027512187153,-2.1076743507514055
ENSG00000114859,CLCN2,3.0553048379804433,-0.25998036468904767
ENSG00000163882,POLR2H,1.6704357726106724,2.259545861576719
ENSG00000090534,THPO,-1.192871780918763,-0.32863270647402393
ENSG00000090539,CHRD,0.8154034940702181,0.5070231357710504
ENSG00000182580,EPHB3,4.873236143807253,-0.5785803389595697
ENSG00000177383,MAGEF1,-1.848094869693434,-1.0239575619588202
ENSG00000156931,VPS8,1.3025673828732167,1.294533907419492
ENSG00000187068,C3orf70,-0.041380788697405885,-2.697692176671293
ENSG00000113790,EHHADH,-5.389664625361794,1.296889628854805
ENSG00000073803,MAP3K13,-2.599308017210424,1.644387354428402
ENSG00000163900,TMEM41A,-1.2621213575276717,2.8602907431799767
ENSG00000163904,SENP2,-7.043478048591926,-0.960770689315174
ENSG00000073792,IGF2BP2,1.9412649311232058,-5.445958416877995
ENSG00000136527,TRA2B,-1.1660263856414796,0.2721645896191333
ENSG00000244405,ETV5,1.0051207960909918,-2.8904836143218158
ENSG00000058866,DGKG,0.8947258963515785,-1.531569261012031
ENSG00000213139,CRYGS,0.8619935594196318,1.253063310558827
ENSG00000113838,TBCCD1,0.5667887448085316,1.1648533933359009
ENSG00000090520,DNAJB11,2.1120403417208338,0.8959712133830458
ENSG00000145192,AHSG,-4.891940376020676,-1.5807149959395153
ENSG00000090512,FETUB,-6.258243701431921,-0.33502350405210185
ENSG00000113905,HRG,-0.662610259786296,2.8207003854697072
ENSG00000113889,KNG1,-7.060729981235018,0.06952462904239853
ENSG00000156976,EIF4A2,-1.5975316457385298,0.38237675124341985
ENSG00000163918,RFC4,4.030988686607553,3.232393466193788
ENSG00000073849,ST6GAL1,-5.912904861914981,-2.0695133619890895
ENSG00000127241,MASP1,-3.8689179678003147,-0.9801148561478258
ENSG00000136514,RTP4,3.190931305100794,1.6125430215805907
ENSG00000113916,BCL6,1.6570560676853803,1.6217551347944033
ENSG00000145012,LPP,-0.8381177986097241,0.48259841032695533
ENSG00000188001,TPRG1,-2.8897019791270138,0.8268996540864221
ENSG00000073282,TP63,1.1165480242952441,0.0465198091676647
ENSG00000090530,P3H2,-1.5504241496506428,-3.643604039111799
ENSG00000163347,CLDN1,-1.3118843484073248,1.6551328020460256
ENSG00000113946,CLDN16,3.0644370145295055,1.6210436732693083
ENSG00000196083,IL1RAP,-4.213064334002973,-0.3391465136938446
ENSG00000205835,GMNC,-4.859010266977617,0.014110309960169966
ENSG00000152492,CCDC50,-0.35207286778731406,2.1420669564887826
ENSG00000180611,MB21D2,5.609985750542095,-0.4386635491329188
ENSG00000127249,ATP13A4,4.685869099620396,-5.2848846653813935
ENSG00000198836,OPA1,-2.737253043120744,0.15103532545165504
ENSG00000114315,HES1,4.558063205296292,3.222879837004022
ENSG00000178772,CPN2,-4.003306072607764,0.2922015215131194
ENSG00000133657,ATP13A3,-1.2869281341610057,0.5581303596898197
ENSG00000145014,TMEM44,-0.035721112902702384,-1.4948091846858447
ENSG00000041802,LSG1,0.6982564704911621,0.46548973007553557
ENSG00000185112,FAM43A,5.418534262153068,1.7943190689599635
ENSG00000173950,XXYLT1,5.406258664779484,-0.7149495942028221
ENSG00000114331,ACAP2,0.47565847540354644,0.06542195703013547
ENSG00000184203,PPP1R2,1.6629258333151367,1.046063442001474
ENSG00000176945,MUC20,-2.0219456249562353,-1.764151695675602
ENSG00000061938,TNK2,1.4876346977660868,-0.5003553881596138
ENSG00000072274,TFRC,0.9690692844631448,0.66792217994658
ENSG00000163959,SLC51A,1.3995995112795256,-0.20801491552335166
ENSG00000161217,PCYT1A,-3.9959545981482765,-1.614734057035384
ENSG00000163960,UBXN7,-2.3722632811125375,-0.7746190767661268
ENSG00000163961,RNF168,-1.9827364897857505,-0.5356067626349222
ENSG00000185798,WDR53,1.3161026446654336,2.44498766906093
ENSG00000174013,FBXO45,0.7111758858184941,2.2026265187264644
ENSG00000174004,NRROS,2.0834769937661717,-2.615703230707245
ENSG00000163964,PIGX,2.9315967298539936,3.0589918968647942
ENSG00000174007,CEP19,3.271544537193006,1.0644256169082027
ENSG00000180370,PAK2,-0.008929674979095375,1.0205356625913324
ENSG00000119231,SENP5,-0.028828991488562924,1.1014737398426184
ENSG00000114503,NCBP2,1.6604910573921083,2.1407044321299407
ENSG00000270170,NCBP2AS2,-1.02947153461993,1.264014613847692
ENSG00000119227,PIGZ,-0.19627667845764146,-0.04130386164945652
ENSG00000075711,DLG1,-3.835606945228345,-0.14948532507049306
ENSG00000161267,BDH1,-8.332798482801495,-1.7884277511976299
ENSG00000145016,RUBCN,2.021832050009494,-1.4824754046596107
ENSG00000122068,FYTTD1,-0.9173567825420907,-0.005283485323618368
ENSG00000186001,LRCH3,-2.327926803419359,-2.4888645091382595
ENSG00000114473,DRC9,1.1541550604524244,0.5441032527888723
ENSG00000182899,RPL35A,0.9208434622764781,0.948309629666667
ENSG00000185621,LMLN,-0.04314263786142064,1.4657286271904033
ENSG00000272602,ZNF595,-5.020565284652936,0.02274716596294365
ENSG00000250312,ZNF718,-1.5980643381497426,-2.261391928008966
ENSG00000131127,ZNF141,-1.8286291901322618,-0.9175405947266296
ENSG00000182903,ZNF721,-1.887219324038305,0.03302545048008989
ENSG00000174227,PIGG,-1.3740113451113514,-2.148487032358282
ENSG00000169020,ATP5ME,-1.1269607100615482,0.4778846480104129
ENSG00000215375,MYL5,-0.21745953769315873,0.32399025034566653
ENSG00000169026,SLC49A3,5.094353616323193,1.892548380733811
ENSG00000185619,PCGF3,0.38149262572481996,1.6579405957321762
ENSG00000178950,GAK,0.5952991837054163,-0.9566299267434475
ENSG00000127419,TMEM175,-0.62280005133797,-0.3465040287381616
ENSG00000145214,DGKQ,1.677281781315628,-0.8682753049396679
ENSG00000145217,SLC26A1,-2.4542087779577373,-1.5610322913191252
ENSG00000127415,IDUA,1.1534903436412949,-0.5895523630996046
ENSG00000127418,FGFRL1,-4.6825829897491955,-2.5228204821641613
ENSG00000159674,SPON2,7.229400245990004,2.3503014862120057
ENSG00000159692,CTBP1,-0.6306108352915532,-0.9736182641858124
ENSG00000090316,MAEA,4.903972196914339,2.7921623947601026
ENSG00000163945,UVSSA,-1.1067364914402429,-1.518134901437794
ENSG00000174137,FAM53A,-5.664092992983123,-3.048830582105428
ENSG00000163950,SLBP,0.870446164278939,0.8714447583235945
ENSG00000013810,TACC3,3.2455767329402216,-1.1658278108128368
ENSG00000168936,TMEM129,-1.3531015533321271,-1.4908929887174371
ENSG00000068078,FGFR3,1.7525320681986616,-0.4686154950597259
ENSG00000168924,LETM1,0.1265416118537825,-0.22769005160841996
ENSG00000109685,NSD2,0.6062105832260248,-0.26537546365711545
ENSG00000185049,NELFA,0.9025816092104185,-0.3244788621440537
ENSG00000130997,POLN,-1.4732380140718444,-0.7339553470647411
ENSG00000214367,HAUS3,-0.9392700272826823,0.3537261082685532
ENSG00000123933,MXD4,0.8654264746080016,-0.914375109160444
ENSG00000159733,ZFYVE28,-2.210718811930552,-2.618643534596321
ENSG00000063978,RNF4,2.285644365789898,-0.7610811077428016
ENSG00000125386,FAM193A,-0.7298047481711946,-0.6277504163874672
ENSG00000168884,TNIP2,4.365525952307703,1.1788440952381452
ENSG00000087266,SH3BP2,-7.285402602817684,-3.6077144052248014
ENSG00000087274,ADD1,-0.43702615472949485,-3.264689774031198
ENSG00000109736,SLC75A1,3.9956222175155087,-0.23682588509832297
ENSG00000087269,NOP14,-4.358141325028011,-2.4474682354246355
ENSG00000125388,GRK4,-1.8035852303326594,-0.3736287843599838
ENSG00000197386,HTT,-5.056355570860888,-2.5144756830623476
ENSG00000188981,MSANTD1,-1.350557500746503,-0.6409699723043604
ENSG00000159788,RGS12,-3.7715632944277333,-2.42507905988183
ENSG00000109758,HGFAC,0.3268529265073525,1.2106700975350653
ENSG00000163956,LRPAP1,-0.6924952575918357,-1.8837631608876368
ENSG00000132406,TMEM128,1.1490140068621295,1.941184026723415
ENSG00000145220,LYAR,-0.2841667157488722,-1.0283518559475973
ENSG00000168826,ZBTB49,-1.541960712225861,-0.08133747679596028
ENSG00000168818,STX18,1.5425274658454835,0.5530953757103106
ENSG00000173040,EVC2,7.158152696191032,0.8143595333153705
ENSG00000072840,EVC,7.788427232791184,2.318495972257448
ENSG00000072832,CRMP1,7.209301763692035,1.8842518155723689
ENSG00000109501,WFS1,1.2044307535158192,-1.6760502665801902
ENSG00000013288,MAN2B2,-1.2258325652129713,-0.9444788394533629
ENSG00000179010,MRFAP1,-0.49593248360328246,0.24861388277468635
ENSG00000170846,MRFAP1L2,-2.209261307747257,1.3794873068282933
ENSG00000178988,MRFAP1L1,-0.4352479633952301,1.7342653851231977
ENSG00000186222,BLOC1S4,1.8013287083837022,1.438740966891516
ENSG00000170871,KIAA0232,-3.114934461783293,-0.1593983626527257
ENSG00000132405,TBC1D14,-7.537953679075846,-3.5374375265929685
ENSG00000173011,TADA2B,-1.7716091010318176,-0.7381169012687134
ENSG00000109519,GRPEL1,-5.748670746964152,-0.005035615065795082
ENSG00000184985,SORCS2,3.4143286537844597,1.48507577216457
ENSG00000196526,AFAP1,8.451081019068242,-1.8046762592640815
ENSG00000163995,ABLIM2,5.1670097676504225,-0.4750766957933948
ENSG00000125089,SH3TC1,1.8331968401183332,-0.010807952819746862
ENSG00000087008,ACOX3,-0.30422903733573875,0.19541166472497973
ENSG00000155275,TRMT44,-3.3638339919758704,-1.4369214472084877
ENSG00000109625,CPZ,12.075857379065557,5.417106575067001
ENSG00000109667,SLC2A9,-1.6663761093894036,-0.6285462924823886
ENSG00000071127,WDR1,6.270505456139152,1.4100162118150363
ENSG00000178163,ZNF518B,-0.9259290232756681,-0.9469075661963541
ENSG00000002587,HS3ST1,5.382418628448889,-2.454898534212309
ENSG00000157869,RAB28,-0.09040242953442197,1.5756392533950236
ENSG00000038219,BOD1L1,-0.7971237481307526,-1.5973243932211403
ENSG00000137449,CPEB2,-3.1431011006620833,0.602507662215694
ENSG00000163145,C1QTNF7,3.9281202707601013,-2.3013413867175205
ENSG00000048342,CC2D2A,-2.994374900056292,-3.057905858059402
ENSG00000118564,FBXL5,-3.974902183499287,-0.7702701153743846
ENSG00000237765,FAM200B,-3.671041890488164,0.9212337069633882
ENSG00000109743,BST1,-0.8992235923709121,-0.35863784427932505
ENSG00000004468,CD38,-1.5996197140631547,-3.765661538797477
ENSG00000007062,PROM1,6.14229570218051,-4.604279992858046
ENSG00000169762,TAPT1,-5.012202189923199,2.351201821299205
ENSG00000169744,LDB2,1.1296326383522912,0.1944620978142055
ENSG00000151552,QDPR,-6.30553813838569,1.0552664125333797
ENSG00000002549,LAP3,-1.2756940526775746,-0.20029358106549544
ENSG00000118579,MED28,-5.208314897822387,-3.726539116717112
ENSG00000047662,FAM184B,-3.0457534234627706,-2.7268380726048775
ENSG00000163257,DCAF16,0.7402023641077721,-1.336202200698337
ENSG00000109805,NCAPG,2.2215030241505764,1.1727774250834084
ENSG00000178177,LCORL,-1.7659308911284102,-0.3495420885173754
ENSG00000145147,SLIT2,7.649821188816593,-1.9780919323574755
ENSG00000163138,PACRGL,1.007412028207347,1.1885241692751207
ENSG00000185774,KCNIP4,-0.6296304225983633,-1.0613178897649775
ENSG00000152990,ADGRA3,-7.013866424705526,-0.037117545735272886
ENSG00000249948,GBA3,-5.562457023549034,0.12913579348493548
ENSG00000109819,PPARGC1A,-0.6310552697679888,0.2846759877002252
ENSG00000109606,DHX15,-0.3957366681664774,-0.15656921906002522
ENSG00000181982,CCDC149,1.4096825572836835,-0.9893127767209816
ENSG00000109618,SEPSECS,-4.393159479236892,0.5120260393480567
ENSG00000038210,PI4K2B,-3.5283920748809505,1.7397217357651389
ENSG00000168228,ZCCHC4,-6.606959463243683,-3.3742090479989613
ENSG00000053900,ANAPC4,1.892599652969772,2.8729563068672332
ENSG00000157765,SLC34A2,6.605968076161853,-5.230886020270272
ENSG00000091490,SEL1L3,8.206827692245465,-1.7936976486969765
ENSG00000250317,SMIM20,-1.964813883307047,1.277157771631648
ENSG00000168214,RBPJ,-0.2893224391508867,0.05296200081025443
ENSG00000109680,TBC1D19,0.022423940926263687,-0.31232768116750126
ENSG00000109689,STIM2,0.7260544466026806,0.4505197239544725
ENSG00000169851,PCDH7,0.04247336898437575,-2.590145093013695
ENSG00000047365,ARAP2,1.8362303192014715,0.5312258602443648
ENSG00000154274,PGCKA1,-10.171205247601911,-2.160824616732819
ENSG00000181826,RELL1,1.773316476986373,0.32352090615143786
ENSG00000169299,PGM2,-0.4366881075123972,0.33819787186086675
ENSG00000065882,TBC1D1,-1.8535403010713825,-0.7026832188578183
ENSG00000109787,KLF3,-3.62459639387531,-1.5441089731796231
ENSG00000174123,TLR10,2.9296161156870566,-0.9764510387742912
ENSG00000174125,TLR1,0.23215227167303734,-0.7688854085465221
ENSG00000174130,TLR6,-0.1560599781693402,-1.625126832992792
ENSG00000197712,FAM114A1,-3.492456978027841,0.8650633187133138
ENSG00000121895,TMEM156,4.9628400108538715,-1.665620183105335
ENSG00000109790,KLHL5,0.6340438874501991,0.38657674879020076
ENSG00000157796,WDR19,-1.7643276091683078,0.8658846795065434
ENSG00000035928,RFC1,-4.207331298392388,-0.5855425178837604
ENSG00000134962,KLB,-1.960223557817269,2.2116365484180665
ENSG00000163682,RPL9,-0.12289627713522208,0.8417143735502889
ENSG00000121897,LIAS,-5.0534916433560735,1.1036788855008517
ENSG00000109814,UGDH,-3.1051517749679802,-0.8087295048789458
ENSG00000163683,SMIM14,-6.536289551840779,0.948246586621905
ENSG00000078140,UBE2K,-3.435430393702613,0.7001214940004447
ENSG00000121892,PDS5A,-5.7096464455591995,-0.5254933416840734
ENSG00000078177,N4BP2,-3.9232652669179395,-0.8110039219246474
ENSG00000168421,RHOH,6.061474761651412,-1.6443825371966836
ENSG00000163694,RBM47,-3.251795322259133,1.1954563927510669
ENSG00000179299,NSUN7,2.7118402048618617,4.415487453869848
ENSG00000163697,APBB2,0.5423080434250819,2.296465143265266
ENSG00000064042,LIMCH1,-1.766356380683252,-1.6757558476830259
ENSG00000109133,TMEM33,0.7314976769687445,2.8311068095892513
ENSG00000014824,SLC30A9,-1.1269905837464862,1.3116212914244985
ENSG00000124406,ATP8A1,-0.11854924935218733,-2.0827328524589834
ENSG00000151806,GUF1,-2.0405157717691327,1.7231764845049635
ENSG00000163281,GNPDA2,0.8977390603794922,-0.3958924750517865
ENSG00000169019,COMMD8,3.1506373987005625,1.880201590639243
ENSG00000145246,ATP10D,1.5356081541927786,-0.7353237687795412
ENSG00000170448,NFXL1,-3.2292415690188117,-1.4585095653041242
ENSG00000163293,NIPAL1,-4.683238177796507,-1.2302114469010184
ENSG00000198515,CNGA1,-4.101610673338809,-0.006085213953217445
ENSG00000074966,TXK,-2.1616668252956357,-1.6370320114464614
ENSG00000135605,TEC,-5.307749434979458,-1.8712370539030967
ENSG00000109171,SLAIN2,-2.6730120782617064,0.364282802802412
ENSG00000182223,ZAR1,0.5664889063646139,2.110729849612884
ENSG00000075539,FRYL,-2.1907366605516265,-0.9568137618138515
ENSG00000109180,OCIAD1,-2.701043434834027,2.105914764566967
ENSG00000145247,OCIAD2,-1.8796812676845882,1.703536782993673
ENSG00000109182,CWH43,-3.047078120569551,-0.5369105787918802
ENSG00000109184,DCUN1D4,-3.2945711829015374,1.071805907895636
ENSG00000188993,LRRC66,0.4769811619686756,0.8271883183024733
ENSG00000163069,SGCB,2.8732098991620885,0.7731803622780667
ENSG00000163071,SPATA18,5.4093119799624745,3.439716387746034
ENSG00000109189,USP46,0.6205938430491197,0.02762667909400814
ENSG00000184178,SCFD2,-0.9618046358166743,-0.147158795466825
ENSG00000145216,FIP1L1,-0.9739339862502019,0.5335857122594692
ENSG00000072201,LNX1,-0.003755717181902604,0.6027430355957869
ENSG00000109220,CHIC2,-2.5022558037675924,-0.8501849461264978
ENSG00000134853,PDGFRA,9.711194894627111,1.543757866365964
ENSG00000157404,KIT,3.763128427443713,-2.0540843189631777
ENSG00000128052,KDR,-3.9051137784495893,-3.775607984902391
ENSG00000128039,SRD5A3,-1.4967552518353466,0.8879567695159967
ENSG00000134851,TMEM165,7.798166096147495,3.4629522595842763
ENSG00000134852,CLOCK,-0.30367549825114903,0.6224108062055012
ENSG00000090989,EXOC1,0.5507105600594528,-0.08043209740786875
ENSG00000174799,CEP135,4.400464376864748,-0.3243645205693557
ENSG00000109265,CRACD,10.071462903521345,0.6024277964221181
ENSG00000157426,AASDH,-3.6248438483707095,0.006963401362160029
ENSG00000128059,PPAT,-1.9849939142307444,0.18787942558488716
ENSG00000128050,PAICS,-6.215698432942996,-0.6632817427297552
ENSG00000174780,SRP72,-2.8698423443991747,-0.9510057832179543
ENSG00000084093,REST,0.7720119485729,0.6211232014801403
ENSG00000084092,NOA1,-4.664487912453201,-3.086905513638767
ENSG00000047315,POLR2B,4.920058005596175,2.1171253733116475
ENSG00000163453,IGFBP7,13.131198835675322,5.110697212053135
ENSG00000145241,CENPC,-6.2819729689376835,-2.0298489239719677
ENSG00000033178,UBA6,1.3366460206440078,2.4728768470981457
ENSG00000083896,YTHDC1,-1.78574446928952,-0.1582242736163668
ENSG00000197888,UGT2B17,-4.088629458984954,-0.8747063174753413
ENSG00000196620,UGT2B15,-1.792465465747115,1.1812148940136455
ENSG00000109181,UGT2B10,-4.443527759053649,0.40974258731427393
ENSG00000135220,UGT2A3,-1.2735154060148905,-1.0505461308985244
ENSG00000171234,UGT2B7,-6.131370825768881,0.17747429349637653
ENSG00000213759,UGT2B11,-2.5728842227169215,0.2690121873805719
ENSG00000135226,UGT2B28,-2.8644221669204013,-0.9256271003115714
ENSG00000156096,UGT2B4,-3.3058446069471126,0.5912624366888753
ENSG00000173610,UGT2A1,-5.416135721504942,-1.4903964761807276
ENSG00000271271,UGT2A2,-5.408303508001476,-1.4753480844999525
ENSG00000173597,SULT1B1,-1.0726057675467995,1.6806051241985411
ENSG00000109193,SULT1E1,-9.092103350973609,-1.2421887519370034
ENSG00000132464,ENAM,0.5239909805968525,0.9104081106748084
ENSG00000132465,JCHAIN,6.248361356073685,0.7386973561435826
ENSG00000132467,UTP3,0.8314033273622281,-0.03443611179001728
ENSG00000018189,RUFY3,-1.9120049553243013,0.3514938929692504
ENSG00000132463,GRSF1,-2.687823103918188,0.42763271813982195
ENSG00000173542,MOB1B,1.986792152765489,1.8698738972172484
ENSG00000156136,DCK,4.326686736019783,0.9605733231766005
ENSG00000080493,SLC4A4,-2.879360124123949,-1.717198764479936
ENSG00000145321,GC,-7.144236095645348,-2.8416281517402
ENSG00000163626,COX18,-3.1916179320854563,1.3344093981185163
ENSG00000132466,ANKRD17,-2.9731206539877917,0.20012903743831698
ENSG00000163631,ALB,-5.845968624091084,-0.052987224976447554
ENSG00000081051,AFP,-0.027659860174524646,1.2021533816240675
ENSG00000079557,AFM,-3.1243209099104425,2.150237783012178
ENSG00000169435,RASSF6,2.256998413338886,-0.23025551349204537
ENSG00000124875,CXCL6,14.509251825010352,3.7181002680661743
ENSG00000081041,CXCL2,1.978111888687983,2.408793778242513
ENSG00000163738,MTHFD2L,-2.6527578022261,0.4671246322631413
ENSG00000174808,BTC,0.1804258510748955,-1.997612608977229
ENSG00000169116,PARM1,6.586965303105397,-1.4063147845002177
ENSG00000163743,RCHY1,-1.0077399742135318,0.4269979919815849
ENSG00000174796,THAP6,-4.3798927307495195,-0.6892841931049152
ENSG00000138757,G3BP2,-1.4094172722267222,-0.4194514446261468
ENSG00000138768,USO1,-2.8332084065921803,0.01868109776528646
ENSG00000138744,NAAA,-11.371407190537024,-4.3215894297245425
ENSG00000198301,SDAD1,0.7729397613986984,0.6066033211968134
ENSG00000138755,CXCL9,7.40541060702961,2.8681764738377318
ENSG00000169245,CXCL10,8.755841349000496,3.252747502448185
ENSG00000169248,CXCL11,4.478961194383524,0.8684473913002746
ENSG00000138750,NUP54,-2.2124205041884624,0.45560926667675034
ENSG00000138760,SCARB2,-2.461513109689581,0.12382015476666657
ENSG00000189157,FAM47E,-2.9288004985979423,0.038775844056157645
ENSG00000272414,FAM47E-STBD1,-0.5520057250902531,1.5845545153957223
ENSG00000118804,STBD1,-0.7616747050570651,1.2188693743285544
ENSG00000163749,CCDC158,-4.6557028818998125,-0.6329717157816457
ENSG00000138771,SHROOM3,-4.839832273368636,-2.7812143432525853
ENSG00000186212,SOWAHB,-10.738635772296693,-3.4012044328986257
ENSG00000138758,SEPTIN11,2.11977184138211,0.28800637338285945
ENSG00000118816,CCNI,-0.1601619137032419,0.3945012244782922
ENSG00000138764,CCNG2,3.554821455530198,0.8033903851533785
ENSG00000138767,CNOT6L,-0.052464086104350195,0.15273978392168766
ENSG00000169288,MRPL1,0.28989368910800245,2.588289341651101
ENSG00000138759,FRAS1,3.6710801592269005,-5.340970914796927
ENSG00000138772,ANXA3,7.927312612533192,-1.647052654894252
ENSG00000138756,BMP2K,-2.8336907958507322,-1.112272473746441
ENSG00000163291,PAQR3,-1.7364277616088755,0.2423990149189265
ENSG00000163297,ANTXR2,-0.13816058698449238,-0.19392525355735118
ENSG00000138670,RASGEF1B,-0.046341469360867575,1.0308182686494747
ENSG00000138668,HNRNPD,-2.3576294946488794,-1.847185131481762
ENSG00000152795,HNRNPDL,-1.540185291133778,-0.3990513734317847
ENSG00000145293,ENOPH1,3.696853734560587,2.190649452949789
ENSG00000249242,TMEM150C,-4.557823864712991,0.12531417230098854
ENSG00000145284,SCD5,7.533513717412652,-4.184957220748896
ENSG00000138674,SEC31A,-0.6665378438068561,0.8915044323977821
ENSG00000168152,THAP9,-3.4478988580171723,0.9598804703442615
ENSG00000189308,LIN54,-2.8911685228792345,-0.5075698174297685
ENSG00000138663,COPS4,-0.22481546752801468,1.2989670725695408
ENSG00000145287,PLAC8,-0.021564616516210083,0.8446749126822312
ENSG00000173085,COQ2,0.5124408296610281,3.0344016626263195
ENSG00000173083,HPSE,5.027172373663522,1.3897044514748986
ENSG00000163312,HELQ,-4.861794735023393,-0.26258261152014156
ENSG00000163319,MRPS18C,-4.227241974807894,-1.173330852552583
ENSG00000163322,ABRAXAS1,-3.429847283065602,-1.243887933338636
ENSG00000138678,GPAT3,-1.5025757717862767,-0.009143851420388913
ENSG00000163624,CDS1,-0.5953832645320565,-4.986600910782244
ENSG00000163625,WDFY3,-3.7741857723688033,-2.907599334644179
ENSG00000138639,ARHGAP24,2.3789188565447796,-2.0046177613601683
ENSG00000109339,MAPK10,6.837195645190569,-1.5013574531141263
ENSG00000163629,PTPN13,4.697558422042565,-3.8793728769552205
ENSG00000172493,AFF1,-4.756400564360605,-1.299489220386051
ENSG00000145332,KLHL8,-5.136652997865104,-1.2563786583796606
ENSG00000170509,HSD17B13,-1.7847637376874623,2.1596953182131307
ENSG00000198189,HSD17B11,-3.267977387958249,-0.6369892884714222
ENSG00000170502,NUDT9,-4.604939954770511,-0.5434419797974781
ENSG00000152583,SPARCL1,3.960248606408208,-2.0824690183788555
ENSG00000118785,SPP1,10.229069909167098,0.3588777752943609
ENSG00000118762,PKD2,-5.031449901633131,-2.992591658906583
ENSG00000118777,ABCG2,-6.439501953578756,-0.5639867691195347
ENSG00000163644,PPM1K,-7.490025349582836,-2.407689221528189
ENSG00000138642,HERC6,-0.8177879083367781,-1.0075126261522356
ENSG00000138646,HERC5,-5.547403103337825,-2.4852713772350024
ENSG00000145337,PYURF,-2.6080467476094014,0.974917850155754
ENSG00000255072,PIGY,-2.6137358420732357,0.9715337571800671
ENSG00000138641,HERC3,-3.5720656774461417,-2.0515539704503514
ENSG00000177432,NAP1L5,0.5489749999510394,0.7979331032920421
ENSG00000138640,FAM13A,-5.966835179307289,-1.027019597140035
ENSG00000180346,TIGD2,-5.619214863227662,0.5672393654533651
ENSG00000185477,GPRIN3,8.389667581689125,0.6759777164629521
ENSG00000138722,MMRN1,0.2896837246499701,-1.7304710147010012
ENSG00000163104,SMARCAD1,0.5108168286481564,1.1192639463094436
ENSG00000163110,PDLIM5,-3.748495440893471,-0.26987711034942186
ENSG00000138696,BMPR1B,-1.3857022962221643,-2.3585275633291514
ENSG00000182168,UNC5C,5.665153725613134,-0.4319151702740535
ENSG00000138698,RAP1GDS1,-4.972329472826387,-0.4084479518459793
ENSG00000168785,TSPAN5,-0.824040173262222,-4.224977255704697
ENSG00000151247,EIF4E,0.33177958826563064,0.710103162411176
ENSG00000164024,METAP1,-4.64632457370115,-0.3410444105072938
ENSG00000197894,ADH5,-5.084971162129902,0.3661014801575309
ENSG00000198099,ADH4,-8.59785961816513,0.5937518983874942
ENSG00000172955,ADH6,-10.129915646001194,-1.0928518942665908
ENSG00000187758,ADH1A,-6.457894666002502,2.0512794696131604
ENSG00000196616,ADH1B,-8.604551135381756,-0.4256180872948421
ENSG00000248144,ADH1C,-5.726723826106434,1.2105341146543191
ENSG00000196344,ADH7,-6.840664201892308,-1.2737184774191246
ENSG00000145331,TRMT10A,-5.580334982901185,1.3219048614786881
ENSG00000138823,MTTP,-4.658227689425627,0.49219900166272024
ENSG00000070190,DAPP1,4.053346944324614,-2.413672474407748
ENSG00000109270,LAMTOR3,-1.5175682766770136,1.05263327306589
ENSG00000164031,DNAJB14,1.5035692918746781,1.330564366141964
ENSG00000164032,H2AZ1,5.791385472386412,2.973932298056243
ENSG00000164035,EMCN,5.369053817823982,0.9856548770191397
ENSG00000138814,PPP3CA,-2.867304376040307,-0.6076224061861726
ENSG00000138821,SLC39A8,-3.745510624638463,0.8883182715785962
ENSG00000109320,NFKB1,3.7606584033883554,0.3882584166126466
ENSG00000109323,MANBA,0.34402872008478586,0.8907822719777233
ENSG00000109332,UBE2D3,-1.597597972118111,1.1299425800252638
ENSG00000145354,CISD2,0.2432795978360665,3.431829255100187
ENSG00000164037,SLC9B1,-1.0470572506320956,-0.6097829108840217
ENSG00000164038,SLC9B2,-4.330177530722824,0.8563096173590256
ENSG00000164039,BDH2,-1.459575895897105,2.688902983668351
ENSG00000168772,CXXC4,-7.148807565939117,-3.418730501089666
ENSG00000168769,TET2,-1.6381547016568476,0.02923244142967635
ENSG00000138777,PPA2,0.020590472001946896,3.1103137587740393
ENSG00000138785,INTS12,-0.461138073262618,1.2820815498551803
ENSG00000138780,GSTCD,0.6701556418545245,-0.6765499604410656
ENSG00000168743,NPNT,7.410933031363377,-0.081132428283649
ENSG00000145348,TBCK,-1.176344668624747,0.8632481438304057
ENSG00000164022,AIMP1,-0.016310524050937913,2.307153816759627
ENSG00000138801,PAPSS1,6.082424970435338,-1.5574829366465535
ENSG00000164023,SGMS2,-1.853028098526933,0.16579978832671396
ENSG00000155016,CYP2U1,-5.512430275224071,-2.6473098490755573
ENSG00000138796,HADH,-10.436381048044169,-2.51661522560574
ENSG00000109475,RPL34,0.13299092900401738,0.6895758713224869
ENSG00000198856,OSTC,-1.5325744204772784,0.9654373147357301
ENSG00000164089,ETNPPL,-3.2028425434255605,0.3950982237906127
ENSG00000188517,COL25A1,-8.010918931528892,-3.625754727888192
ENSG00000138802,SEC24B,-6.609906501543915,-1.6291433471635337
ENSG00000005059,MCUB,6.167062229728284,-0.07861965841823548
ENSG00000138794,CASP6,-1.9206515883209334,1.392383364908539
ENSG00000123739,PLA2G12A,-5.816489777097016,0.869191128419154
ENSG00000205403,CFI,-4.696554741388951,0.028994969534962934
ENSG00000109534,GAR1,-0.3140994900066527,0.21340108960616572
ENSG00000183423,LRIT3,-2.3470961180360312,0.5925934318741715
ENSG00000170522,ELOVL6,-1.3493372289906274,1.6002887247966329
ENSG00000138792,ENPEP,-4.982052351724015,-1.9786232621330786
ENSG00000174749,FAM241A,2.399632250149219,1.4812192286004078
ENSG00000138660,AP1AR,-2.4923982290177915,0.35463208679939806
ENSG00000145365,TIFA,-0.13694923765686448,0.6314500556976302
ENSG00000073331,ALPK1,2.4044731853905037,0.983328856503137
ENSG00000138658,ZGRF1,2.6793318946848594,1.3854483578969221
ENSG00000174720,LARP7,-0.29588558039453267,0.5379333169059153
ENSG00000145362,ANK2,1.818741482415029,-3.208427054212939
ENSG00000145349,CAMK2D,-4.328148778915546,-0.455359415263052
ENSG00000180801,ARSJ,7.384084956583225,0.9166442059461116
ENSG00000164100,NDST3,-4.944260999338125,-2.1837462071549347
ENSG00000164099,PRSS12,-5.711457905880267,-3.871313024376247
ENSG00000145388,METTL14,-3.831766780649815,-0.30898482065272315
ENSG00000150961,SEC24D,-1.542387886003285,-0.5854071790598037
ENSG00000172403,SYNPO2,0.7694724925764158,-3.4349722867960457
ENSG00000145390,USP53,-1.3595902310942423,-0.39249653128651096
ENSG00000164096,ARLN,-0.9278962568645492,1.5518497090658003
ENSG00000138735,PDE5A,0.1992591816843039,-1.835958056963737
ENSG00000164111,ANXA5,7.805781152938389,1.615293047502847
ENSG00000123737,EXOSC9,3.0471278246931157,2.38819606615456
ENSG00000145386,CCNA2,5.766300737429766,3.4757325119713713
ENSG00000138686,BBS7,1.3903560240069441,-1.255875189601019
ENSG00000138688,BLTP1,-1.979612495910148,-0.008326267436529625
ENSG00000181004,BBS12,5.086715904669305,1.0662368913313394
ENSG00000138685,FGF2,-4.323482763887519,-1.1213825552575563
ENSG00000170917,NUDT6,-6.800266378019553,0.37617162707842405
ENSG00000145375,AFG2A,-2.5322369331360486,-1.8497612850752607
ENSG00000164056,SPRY1,6.618225365389355,-0.6194420776409034
ENSG00000151458,ANKRD50,0.9266305765979075,-0.3889609156485123
ENSG00000196159,FAT4,-3.0106820435046187,-1.8627142754014323
ENSG00000164066,INTU,3.7056384484139433,-0.5396518242686077
ENSG00000164070,HSPA4L,6.440591679963015,5.175789197400027
ENSG00000142731,PLK4,4.30828371152475,2.0313046415816087
ENSG00000164073,MFSD8,-3.4373386358481945,0.8834443001924718
ENSG00000164074,ABHD18,-6.843515303770205,0.6285495091067568
ENSG00000138709,LARP1B,-7.995550750251355,-1.1365857846086822
ENSG00000164040,PGRMC2,-3.4759327561071474,1.5982171453032454
ENSG00000077684,JADE1,-0.6223663573954865,-0.09917812520250609
ENSG00000151466,SCLT1,3.6915219047523316,2.707528435746809
ENSG00000151470,C4orf33,1.8437452020374052,1.485910463418463
ENSG00000189184,PCDH18,1.5900504408682792,-2.559552799295534
ENSG00000151014,NOCT,1.7868567162373896,0.4944615238770644
ENSG00000109381,ELF2,-3.7512422156079333,-1.134828636197137
ENSG00000109390,NDUFC1,-2.566666010477617,0.4550623888234034
ENSG00000164134,NAA15,-0.6460685924416101,0.047945652363914085
ENSG00000172007,RAB33B,-3.379761554414052,-0.18338701781589414
ENSG00000145391,SETD7,-4.708217336858037,-1.1297951667267248
ENSG00000085871,MGST2,-4.322437393380658,1.4608576465098435
ENSG00000196782,MAML3,-7.704874543122605,-4.8167942132558
ENSG00000153130,SCOC,1.7663325729473356,2.5358320766740134
ENSG00000153132,CLGN,-1.0128437820192804,0.48974879663465254
ENSG00000179387,ELMOD2,0.461033384949012,2.2540458122144975
ENSG00000109436,TBC1D9,4.820043628876242,1.7579386669372834
ENSG00000170153,RNF150,2.9224412353134603,-2.5247807879315847
ENSG00000109445,ZNF330,-6.061328946677561,-0.7913936626647563
ENSG00000164136,IL15,2.8014705318294997,0.04144734460981169
ENSG00000109452,INPP4B,5.07691216905075,-1.571825964675838
ENSG00000170185,USP38,-0.9272779006663023,0.5925768695098762
ENSG00000109458,GAB1,-4.519860077799497,-2.048330108001061
ENSG00000153147,SMARCA5,2.3767854837453397,0.305252609695978
ENSG00000164161,HHIP,-4.212747897010714,-1.118745272942697
ENSG00000164162,ANAPC10,-1.4891589857806216,1.047992262994845
ENSG00000164163,ABCE1,0.7425121585680347,1.550546934355563
ENSG00000164164,OTUD4,-1.8002277989546935,1.4159994228165402
ENSG00000170365,SMAD1,-2.8851437521712047,0.3153723503021043
ENSG00000151612,ZNF827,6.244986319270246,0.5902391779522349
ENSG00000164167,LSM6,-5.775379719458395,-2.76213358478502
ENSG00000120519,SLC10A7,-2.801223990468754,-0.8955658946767502
ENSG00000151617,EDNRA,2.3747359228018565,-2.07252041223259
ENSG00000164168,TMEM184C,-2.4800933489223587,-0.2766114592327325
ENSG00000164169,PRMT9,-2.136591111437115,1.4873406036259778
ENSG00000071205,ARHGAP10,1.5272883210760932,1.1721194259087115
ENSG00000151623,NR3C2,-8.272419829814615,-2.616871430487146
ENSG00000170390,DCLK2,4.945850704349102,-0.2170743098840005
ENSG00000198589,LRBA,-3.3039032398602726,-1.9164763299071752
ENSG00000181541,MAB21L2,3.5455193344242204,-3.895699731768426
ENSG00000145425,RPS3A,-0.2951863851748304,0.11087029068612901
ENSG00000109686,SH3D19,-1.5242309015823567,-0.13811481792358776
ENSG00000164142,FHIP1A,-8.038089567327626,-5.147947299459323
ENSG00000059691,GATB,-4.551215455718693,-1.2443437289548989
ENSG00000109670,FBXW7,-3.6653258752712063,-1.5741725195469216
ENSG00000170006,TMEM154,3.900502464921641,2.041386077040627
ENSG00000164144,ARFIP1,1.4445860401721975,1.1568446453282317
ENSG00000109654,TRIM2,-2.166379111043448,-1.2893266060981354
ENSG00000121210,TMEM131L,-6.259521894987408,-0.059021269637521113
ENSG00000137462,TLR2,3.4086769299857407,-0.2575871725972965
ENSG00000171566,PLRG1,-0.8783897870113803,1.7686504564171277
ENSG00000171564,FGB,-1.8393312700680697,-0.40046159095365863
ENSG00000171560,FGA,-1.4604717740971314,-0.0853671600225615
ENSG00000171557,FGG,-1.8296490443738893,-0.2076064563860315
ENSG00000121207,LRAT,-1.2230215920059326,0.5268042601142562
ENSG00000164114,MAP9,6.4066827254940035,-0.1700521060508615
ENSG00000164116,GUCY1A1,7.450632496769471,1.9810340734487126
ENSG00000061918,GUCY1B1,4.092230404323586,0.12710060094544104
ENSG00000151790,TDO2,-4.821221908374215,-0.9591441984704624
ENSG00000256043,CTSO,-1.5067996251763258,1.849041540789524
ENSG00000145431,PDGFC,-1.2539699168082856,-1.2198179249084817
ENSG00000109738,GLRB,3.585083584143381,-1.7145979331798165
ENSG00000164125,GASK1B,4.490339744634642,0.9380433567925658
ENSG00000164124,TMEM144,6.541429753564252,2.301786179166207
ENSG00000171509,RXFP1,-5.655157590072256,-2.693134285151536
ENSG00000205208,C4orf46,3.1224356326982914,0.9413029753217927
ENSG00000171503,ETFDH,-6.316021331801321,-0.8514238477786269
ENSG00000171497,PPID,-4.749598302510754,0.28340882292855335
ENSG00000052795,FNIP2,-7.186518692223231,-2.9245026974686987
ENSG00000109756,RAPGEF2,-5.308792034575296,-2.0225489630300606
ENSG00000145414,NAF1,-1.3454922061710688,0.03497948421626867
ENSG00000164128,NPY1R,-1.3660757421683074,0.7295445718382121
ENSG00000164129,NPY5R,0.3048724039972451,-2.436872326756488
ENSG00000198498,TMA16,1.8412131461126795,1.242195949768756
ENSG00000145416,MARCHF1,0.286810645093669,-1.2740880472117666
ENSG00000170088,TMEM192,-6.3089081948488825,-0.16332995476101717
ENSG00000109466,KLHL2,-4.965934502502228,-0.10694774880970462
ENSG00000052802,MSMO1,0.24961913606775107,3.0608313365958764
ENSG00000109472,CPE,2.8909108030250463,1.0865306522010052
ENSG00000109511,ANXA10,-6.986018104711593,0.41506721701941274
ENSG00000137628,DDX60,0.2544448745348591,-0.09803187745578038
ENSG00000181381,DDX60L,-2.218748647918202,0.565807197203311
ENSG00000129116,PALLD,6.720165722070204,0.19109502558623254
ENSG00000145439,CBR4,-5.731011966289547,-0.4676610014239364
ENSG00000154447,SH3RF1,-2.6967392102578427,-2.028968520826148
ENSG00000137601,NEK1,-1.948338806587974,-0.1418692875268663
ENSG00000109572,CLCN3,-2.3579041703361474,-1.14815020279557
ENSG00000056050,HPF1,-0.31108188957470306,1.178076048475675
ENSG00000198948,MFAP3L,-5.501286727356953,0.05291143631762666
ENSG00000109576,AADAT,-10.767965673614308,-2.5569348658330115
ENSG00000109586,GALNT7,3.1340629680383167,-2.5570285614290893
ENSG00000164104,HMGB2,6.368523738555154,0.47614222521991745
ENSG00000164105,SAP30,2.695497529173131,0.8632642606847075
ENSG00000164107,HAND2,5.046511294366493,-1.2838158905616324
ENSG00000164117,FBXO8,-1.5186857256138842,1.4742526037815789
ENSG00000164118,CEP44,-1.151647332762219,0.40296401705057955
ENSG00000164120,HPGD,-1.3083163571797138,2.7287690017662443
ENSG00000150625,GPM6A,-0.421353423062155,-0.6000922020744832
ENSG00000129128,SPCS3,0.8238564717844841,1.220451608208628
ENSG00000150630,VEGFC,7.90494666457494,1.2158461537179013
ENSG00000038002,AGA,2.817494692147251,1.5332077635327044
ENSG00000129187,DCTD,-3.168482466004208,-1.1770691886230016
ENSG00000151718,WWC2,-3.573424929505672,-1.1002338281381503
ENSG00000177300,CLDN22,-0.6938898861761879,1.6679618262355842
ENSG00000168564,CDKN2AIP,-2.4807696587147885,-0.28066120415077145
ENSG00000168556,ING2,-1.9996646476554243,1.099707839353803
ENSG00000182552,RWDD4,-0.5401620696791438,1.9369857049959849
ENSG00000168538,TRAPPC11,-3.917288488618237,-1.6200830763313088
ENSG00000173320,STOX2,-2.706645084442327,-1.6643773343110027
ENSG00000168310,IRF2,-7.171698765306775,-3.265559702900651
ENSG00000164305,CASP3,0.3546804392534374,1.8397915977452024
ENSG00000164306,PRIMPOL,-0.6593153404829342,0.41913817924653896
ENSG00000151725,CENPU,6.388906464769546,4.403539494872787
ENSG00000151726,ACSL1,-6.768502607060498,-0.39180330299128785
ENSG00000151729,SLC25A4,-3.622998137026084,-0.5427466728872967
ENSG00000164323,CFAP97,0.5793488956244432,0.5880712731872488
ENSG00000109762,SNX25,-3.2859862789687755,-1.802685700832647
ENSG00000109771,LRP2BP,-2.636021128917993,-1.7407726022667778
ENSG00000186352,ANKRD37,0.6593953353809421,1.6789831355894973
ENSG00000109775,UFSP2,-3.626052712882893,-0.4900376187636976
ENSG00000154553,PDLIM3,8.051288181084997,1.9519548080495146
ENSG00000154556,SORBS2,-4.132164892368973,-0.2205004573368764
ENSG00000164342,TLR3,-0.6446430511782814,-0.10822168139573181
ENSG00000109794,FAM149A,-6.029323668079266,-2.3025170011659783
ENSG00000145476,CYP4V2,-7.022967933394601,-0.25276939016203104
ENSG00000164344,KLKB1,-10.669918518481856,-1.4100247352106186
ENSG00000088926,F11,-8.786819554229192,0.014177036471610846
ENSG00000083857,FAT1,11.342154789499666,5.647694488616216
ENSG00000109536,FRG1,-0.5340116616955631,1.5147523654286046
ENSG00000164366,CCDC127,-2.436196658678306,-3.404069479642192
ENSG00000073578,SDHA,-4.2043498872038665,-1.1165594653929332
ENSG00000249915,PDCD6,3.1434897920336193,3.2644428621398416
ENSG00000180104,EXOC3,-1.3907407564429863,-2.321959757307706
ENSG00000066230,SLC9A3,0.7861778468436914,-1.2180444768516496
ENSG00000112877,CEP72,-1.55581678437282,-2.9303082424032136
ENSG00000171368,TPPP,-3.400779553910531,-2.116542404234593
ENSG00000206077,ZDHHC11B,-3.543822533641253,-0.8046901785588384
ENSG00000188818,ZDHHC11,-1.6418794699600807,0.11687840358882921
ENSG00000028310,BRD9,-1.2338504841863187,-2.232077577120472
ENSG00000113504,SLC12A7,1.3904104293601554,0.07785044504836015
ENSG00000174358,SLC6A19,3.8101985507213083,-3.6260503481817805
ENSG00000049656,CLPTM1L,-5.8385714807125195,-5.205834675410719
ENSG00000153395,LPCAT1,8.404607795585797,1.2168860313479397
ENSG00000171421,MRPL36,-2.3856504189010717,0.500877681920143
ENSG00000145494,NDUFS6,0.002998768534515285,0.31627181363180884
ENSG00000164151,ICE1,-0.6912226771254949,0.3878494291920599
ENSG00000133398,MED10,-0.24879250381244833,-0.06999043486867208
ENSG00000037474,NSUN2,-4.264130989746658,-0.40468884168036906
ENSG00000145545,SRD5A1,-6.839180928270119,-1.1892206365482905
ENSG00000112941,TENT4A,-4.172843065529382,-0.7975635835320306
ENSG00000124275,MTRR,-1.5691751163045566,0.9354044367351665
ENSG00000124279,FASTKD3,-2.954779603218327,0.011870890465756127
ENSG00000112902,SEMA5A,-2.8755201447614436,-2.0394025956226423
ENSG00000150756,ATPSCKMT,-3.7194405914736586,-1.0840308812067487
ENSG00000150753,CCT5,3.6642568451940556,2.6298533565880544
ENSG00000164237,CMBL,-7.9024605637711804,1.7622638292429529
ENSG00000145495,MARCHF6,-3.017289839963312,0.94266080980487
ENSG00000112977,DAP,-0.8777140383100034,-0.45303741802958525
ENSG00000169862,CTNND2,3.8936716645404554,-3.658603395299648
ENSG00000039139,DNAH5,6.4914652650659885,1.6559829871789384
ENSG00000038382,TRIO,-0.05394335138784206,-1.0011800746205886
ENSG00000145569,OTULINL,3.5493154461890417,-2.6924524550838247
ENSG00000154124,OTULIN,-6.139372018429844,-1.1741000733572027
ENSG00000154122,ANKH,-2.2879231501803723,-0.7947791369366755
ENSG00000183580,FBXL7,5.229384965813793,0.02314122223281058
ENSG00000173545,ZNF622,-2.2108591361677865,-1.5009771944801231
ENSG00000154153,RETREG1,-2.5518476734392888,0.3011976155280036
ENSG00000145555,MYO10,3.0400268022575676,-2.262133839105596
ENSG00000176788,BASP1,1.8572012415124353,-0.9086633863761961
ENSG00000113361,CDH6,11.294452163954249,0.6586452411785282
ENSG00000113360,DROSHA,-2.7657476207619602,-1.047797440445268
ENSG00000082213,C5orf22,-0.9316937637946521,0.7574372479065039
ENSG00000133401,PDZD2,-2.3586158537615662,-3.165638589756879
ENSG00000113384,GOLPH3,3.0934110341868464,2.067842543815419
ENSG00000150712,MTMR12,-4.454717948292132,-2.696439690413372
ENSG00000056097,ZFR,-2.4440954420463292,-1.4236160457255942
ENSG00000113387,SUB1,2.8862306569013523,2.175551082136042
ENSG00000113389,NPR3,5.912635183469274,3.1954797836836235
ENSG00000113407,TARS1,0.3743028162728739,1.4546603324144762
ENSG00000151388,ADAMTS12,6.912529147689476,-0.5267635749418796
ENSG00000164175,SLC45A2,-2.744139602363506,1.0254922309858228
ENSG00000242110,AMACR,-5.244468979140476,0.993285415109288
ENSG00000273294,C1QTNF3-AMACR,-4.801561884118117,1.3672037084920698
ENSG00000082196,C1QTNF3,-0.2116145032394428,1.220941448545664
ENSG00000039560,RAI14,-8.970729523574606,-1.96445425913475
ENSG00000113456,RAD1,1.093058848492741,2.02291846067731
ENSG00000113460,BRIX1,1.1252914999023274,1.601241587451778
ENSG00000168724,DNAJC21,-3.6685216483670398,-0.33591845654169106
ENSG00000113492,AGXT2,-5.864813784315058,-0.4668082279817269
ENSG00000113494,PRLR,-3.5975887352095417,-0.850576651103185
ENSG00000152582,SPEF2,0.977790449849515,-1.0558096333361178
ENSG00000168685,IL7R,7.4667333982632424,0.14101362659570654
ENSG00000145626,UGT3A1,-0.986338857089961,0.41734107899028955
ENSG00000164187,LMBRD2,-1.6482747022947948,0.5529713163761779
ENSG00000145604,SKP2,-6.922612026418355,-1.3235678375488955
ENSG00000152620,NADK2,-4.844595156418539,1.053939010262701
ENSG00000164188,RANBP3L,-3.0471728568686,1.9228968521306986
ENSG00000079215,SLC1A3,7.915102512988408,2.220352356205726
ENSG00000164190,NIPBL,-1.9474755599101399,-0.6444883679650991
ENSG00000197603,CPLANE1,0.7486358993784723,0.6506524292459431
ENSG00000113569,NUP155,-2.7839846753720403,-1.5218974480932344
ENSG00000082068,WDR70,-1.5483849945240367,0.7415739948744126
ENSG00000164318,EGFLAM,-11.257878107828478,-7.997325255154958
ENSG00000113594,LIFR,0.11220189009341336,0.7831862324742397
ENSG00000145623,OSMR,10.505873411340113,3.5098298370703547
ENSG00000164327,RICTOR,-0.8712069065594142,0.750550947742231
ENSG00000082074,FYB1,5.570671776818197,0.2744126655483074
ENSG00000113600,C9,-3.096260661293468,-1.0045188671595549
ENSG00000153071,DAB2,5.516875959707039,2.3017885527270323
ENSG00000113638,TTC33,-2.783707252288253,-0.0710148139713101
ENSG00000171522,PTGER4,4.015852341641948,-3.4827017467920185
ENSG00000132356,PRKAA1,-2.854739897502374,0.09275165747344115
ENSG00000145592,RPL37,-0.572132461458386,0.18872135577777743
ENSG00000132357,CARD6,5.244393226002672,1.1879430935044244
ENSG00000112936,C7,10.853921724762529,1.6321275541209463
ENSG00000039537,C6,-7.269215815935828,-1.65194877865082
ENSG00000182836,PLCXD3,11.894386625559628,3.2455061463804786
ENSG00000083720,OXCT1,4.88634833831847,-2.801933396132819
ENSG00000205765,RIMOC1,-0.7519687243835086,0.7983207830555263
ENSG00000151876,FBXO4,-2.171137784261531,0.7138790029781652
ENSG00000112964,GHR,-5.497542194140204,-1.4045148111583692
ENSG00000198865,CCDC152,-2.9603128023019822,1.8048879486278189
ENSG00000250722,SELENOP,-3.4120427432016354,0.9387013064600924
ENSG00000177721,ANXA2R,6.892291374037788,1.950324359993558
ENSG00000172262,ZNF131,0.8340871441224841,1.5997785057969318
ENSG00000112972,HMGCS1,1.2264339608457753,2.5816815147246595
ENSG00000151882,CCL28,6.290707641175493,-1.242594701283364
ENSG00000151881,TMEM267,4.096086159400388,2.552558748870427
ENSG00000172244,C5orf34,0.2154052877414152,-0.8987819748312456
ENSG00000172239,PAIP1,-0.7540192267884475,1.5790719802211994
ENSG00000112992,NNT,-1.4155083445114685,-0.47757945976357713
ENSG00000112996,MRPS30,-3.1180391921567128,0.44556890780032105
ENSG00000170571,EMB,6.231170346040453,0.5863204242561961
ENSG00000151883,PARP8,6.285921835979837,-0.7170283189257314
ENSG00000152684,PELO,2.3690590858931913,0.6339012756539146
ENSG00000213949,ITGA1,-2.2732548913364985,-0.12859350415762769
ENSG00000164171,ITGA2,6.263326525742494,-0.7234132078952556
ENSG00000164172,MOCS2,-6.905303214989616,0.4450550348454743
ENSG00000134363,FST,0.16578087370462666,0.10174396485162063
ENSG00000164258,NDUFS4,-4.09809467770384,0.23997976540536942
ENSG00000185305,ARL15,4.244718095854259,1.8513364325045392
ENSG00000178996,SNX18,0.43338693131024714,0.13190480893727602
ENSG00000113088,GZMK,5.507701492657284,-0.04961682388833549
ENSG00000145649,GZMA,5.578880609545416,0.5974678889228081
ENSG00000164294,GPX8,9.57448799163571,1.7864019385890284
ENSG00000067248,DHX29,-1.2650799180970225,0.7232710027820687
ENSG00000039123,MTREX,-1.6182246644764848,0.033136804665824644
ENSG00000067113,PLPP1,2.5838740134159948,0.47249306914314526
ENSG00000177058,SLC38A9,-0.08443855654583686,1.6844244636037684
ENSG00000134352,IL6ST,0.32289580456434874,1.1969580018054744
ENSG00000164512,ANKRD55,-3.964383562333039,-2.4878667356266675
ENSG00000095015,MAP3K1,3.3928681637562526,0.12107856116054125
ENSG00000155542,SETD9,-2.9853324131113297,2.3380563338449636
ENSG00000155545,MIER3,-0.3866620636457157,1.2396108827070398
ENSG00000062194,GPBP1,-2.234962911752411,0.4573106976725443
ENSG00000145632,PLK2,12.287330230440267,7.744032090586743
ENSG00000175857,GAPT,6.424551172893464,0.7779455345550008
ENSG00000113448,PDE4D,6.647004628125102,2.254247490506067
ENSG00000164181,ELOVL7,8.401882605109115,-2.387163012167838
ENSG00000049167,ERCC8,-1.7198287277675488,0.5875617725977273
ENSG00000164182,NDUFAF2,-0.354453299311361,1.1577997886603308
ENSG00000188725,SMIM15,-0.5238230973034257,1.0325576325240342
ENSG00000130449,ZSWIM6,1.9620206583919735,0.23458265034702871
ENSG00000068796,KIF2A,3.2572941348340354,-0.599809247639886
ENSG00000086189,DIMT1,2.6539368620724244,1.6038716977285845
ENSG00000086200,IPO11,-1.0373946127033915,-0.4903271255606834
ENSG00000186105,LRRC70,1.5818753538150323,0.15216226854849313
ENSG00000164197,RNF180,0.48179291539388835,0.1851931684745658
ENSG00000186479,RGS7BP,1.9780008806850549,-0.0934918938362682
ENSG00000153006,SREK1IP1,-0.3565068858050568,1.1761827201780581
ENSG00000153015,CWC27,-2.848621740077004,-2.27428510079054
ENSG00000049192,ADAMTS6,2.488801135906513,0.7225451065269709
ENSG00000123219,CENPK,6.758142766148729,2.908965675177166
ENSG00000113593,PPWD1,-1.884049001983529,0.08359568661964636
ENSG00000113595,TRIM23,-2.1427037643522784,-0.5937613688803858
ENSG00000113597,TRAPPC13,1.883891625332602,2.6886820095575725
ENSG00000253251,SHLD3,-0.015134802360702375,0.2925462670667559
ENSG00000197860,SGTB,3.320848217382364,0.967095123475532
ENSG00000123213,NLN,-1.1573257998146689,0.8810925858506162
ENSG00000112851,ERBIN,-1.5080001471695361,0.3823468244111591
ENSG00000153914,SREK1,0.39735170185326246,2.4800862320140102
ENSG00000069020,MAST4,-3.290310966755123,-1.3791695588020174
ENSG00000134061,CD180,1.5926595853525614,-1.5390751988088955
ENSG00000145675,PIK3R1,-5.558927166214189,-1.481426291692532
ENSG00000145740,SLC30A5,-0.9685106696762964,1.1201816139365914
ENSG00000134057,CCNB1,6.011813412969893,2.565801837519173
ENSG00000153044,CENPH,3.732192246004531,1.94498801920484
ENSG00000134056,KGD4,-3.5483855049478397,1.1401540567999349
ENSG00000134058,CDK7,0.3684778644732079,2.7335030183985407
ENSG00000183323,CCDC125,-3.1623924774774697,-0.2837403584183972
ENSG00000085231,AK6,-0.054320261244384466,1.6004372318972537
ENSG00000273841,TAF9,-0.10060375185488256,2.4233182399867523
ENSG00000152942,RAD17,-1.6621791228054528,1.493206159810781
ENSG00000152939,MARVELD2,-3.3447053583938375,0.7288968817933787
ENSG00000197822,OCLN,-2.070236888961057,-0.45547791300498836
ENSG00000183474,GTF2H2C,-0.45026883670534856,0.7013523634976696
ENSG00000205572,SERF1B,3.787347075490964,-0.4673953629759691
ENSG00000205571,SMN2,-1.9106413153319746,-0.4213046313814092
ENSG00000172058,SERF1A,3.8435667949288836,-0.45154215518447793
ENSG00000172062,SMN1,-2.374806556450875,-0.27265450694351906
ENSG00000249437,NAIP,1.2363277181780084,-1.671460913005696
ENSG00000145736,GTF2H2,0.32822615124724625,1.0608001766209534
ENSG00000145734,BDP1,-0.38542115420867323,-0.12085373660008247
ENSG00000131844,MCCC2,-7.468873173348465,0.30651860045083545
ENSG00000131711,MAP1B,9.201250470756491,0.8894198186396316
ENSG00000113048,MRPS27,-2.1097824306741226,1.065334920056504
ENSG00000049883,PTCD2,-7.138250002251445,-1.6449368650545324
ENSG00000178175,ZNF366,1.9135404281514388,-2.4786032344139186
ENSG00000083312,TNPO1,-0.03635963137933122,0.21454195082979405
ENSG00000157107,FCHO2,2.62466262925536,2.24073188982576
ENSG00000145741,BTF3,-4.247148963988669,-2.1006825286183424
ENSG00000164331,ANKRA2,-1.3770686769536602,1.0774711438006648
ENSG00000164338,UTP15,1.1680976203378066,1.98803712188114
ENSG00000214944,ARHGEF28,-2.0078100014562765,-0.05013044557470825
ENSG00000171617,ENC1,1.4611578179002118,0.4059838280189436
ENSG00000049860,HEXB,5.456145473621327,4.028822711056033
ENSG00000164347,GFM2,-5.010427145757443,-1.3072072007367068
ENSG00000164346,NSA2,-1.953633090697018,-0.212477441719155
ENSG00000198780,FAM169A,8.233964103622414,4.140026989999446
ENSG00000176928,GCNT4,10.296509682886583,2.810724952798437
ENSG00000113161,HMGCR,2.3712806439478142,3.0749719960635526
ENSG00000113163,CERT1,-3.502520236641904,-0.5736258821324424
ENSG00000122008,POLK,-3.1670644849284124,-1.0682738583206224
ENSG00000152359,POC5,1.841048101124149,0.885026245017688
ENSG00000145703,IQGAP2,-7.735344270584911,-1.8024732642446646
ENSG00000164220,F2RL2,-5.053706664531666,-2.3371575981327437
ENSG00000181104,F2R,3.6379246215539673,0.852556388059901
ENSG00000164251,F2RL1,9.175487934241598,3.410132118053933
ENSG00000145708,CRHBP,-1.2144373762161578,2.724661639536359
ENSG00000164252,AGGF1,-3.1828246511927083,-0.36340288087573397
ENSG00000132846,ZBED3,-4.940830080045221,-1.0261935750796274
ENSG00000113231,PDE8B,2.584098445520801,2.702361824885758
ENSG00000164253,WDR41,3.4994337627466545,3.0012696561261225
ENSG00000171530,TBCA,-2.9406698634460797,0.8160862161596649
ENSG00000132842,AP3B1,-0.5069669654510149,-0.7005596607886153
ENSG00000085365,SCAMP1,1.0714217244315047,1.1402143581181852
ENSG00000145685,LHFPL2,4.812342251421618,0.6151206469671192
ENSG00000113273,ARSB,-3.1118384076722467,-1.6121918156367072
ENSG00000132837,DMGDH,-8.450015292490976,-1.663401435155662
ENSG00000132840,BHMT2,-5.617057277012398,1.8901793660910262
ENSG00000145692,BHMT,-6.102779817070337,0.012840124569323444
ENSG00000152409,JMY,0.3134110856430257,1.4389216132226577
ENSG00000152413,HOMER1,4.106549608935782,1.3933428539712127
ENSG00000164329,TENT2,-1.2455652078696795,0.9425603666339442
ENSG00000164309,CMYA5,-4.806089305040266,-2.048457230777666
ENSG00000177034,MTX3,-2.028854041590652,-0.6017052416906947
ENSG00000113296,THBS4,-3.623391205720281,-3.1113339690997397
ENSG00000164300,SERINC5,-4.082326728986985,-0.2688759941987039
ENSG00000039319,ZFYVE16,-1.588569303806366,0.4477506531428444
ENSG00000152380,FAM151B,-2.4586397985097705,0.0388861816345992
ENSG00000228716,DHFR,-5.4809678126236,0.29790186057502654
ENSG00000113318,MSH3,-4.994534367864068,-0.19327177552738883
ENSG00000113319,RASGRF2,1.8330028443097541,-2.061877185519454
ENSG00000131730,CKMT2,-1.6888478986591788,-2.058906448145974
ENSG00000131732,ZCCHC9,-4.961524725436769,-0.12125803362271047
ENSG00000172497,ACOT12,2.945656648657475,4.9746012398395925
ENSG00000145687,SSBP2,4.413978419000695,1.0379502295611
ENSG00000152348,ATG10,-3.6593780783400884,-0.6673414012898977
ENSG00000186468,RPS23,-1.6009621533043676,-0.7277513945574685
ENSG00000174695,TMEM167A,1.3282832059422953,1.9253835741808096
ENSG00000152422,XRCC4,1.7632055681514363,0.12106469564939827
ENSG00000038427,VCAN,12.99030619457409,2.841147156536762
ENSG00000127184,COX7C,-1.5820845574493272,1.2427488354499507
ENSG00000145715,RASA1,-1.2269092348632529,-1.0883671439237304
ENSG00000134480,CCNH,-0.4944771432212171,1.1018180132287645
ENSG00000164180,TMEM161B,-5.050689000058986,-1.3341598935087262
ENSG00000081189,MEF2C,2.102955238533393,-2.0626935105253814
ENSG00000153140,CETN3,-0.7284266659949503,0.1915071963154524
ENSG00000176055,MBLAC2,-5.275434893386632,-0.7727278509138303
ENSG00000113356,POLR3G,-4.801699562577992,-0.9289499200715857
ENSG00000176018,LYSMD3,-1.334246178647095,0.6115755205132539
ENSG00000164199,ADGRV1,-11.12590559278882,-3.7217039585912106
ENSG00000113369,ARRDC3,-8.173143102308588,-3.0235234246992317
ENSG00000175745,NR2F1,2.9245002420884783,-0.9904659929434744
ENSG00000113391,ARB2A,-2.379380647066316,-1.1353867939811062
ENSG00000185261,KIAA0825,-0.8132270490735672,0.062774324286685
ENSG00000133302,SLF1,0.5267578984388774,-0.03505276213921282
ENSG00000175471,MCTP1,5.81611384870714,0.38988427948380466
ENSG00000198677,SKIC3,-2.09102407335269,-0.6203571581205708
ENSG00000164291,ARSK,-3.0483443414598885,-0.3701279953546381
ENSG00000175449,RFESD,-2.8061140191866727,-0.5110824748373067
ENSG00000145757,SPATA9,-4.9282390540139325,-2.76420660948811
ENSG00000164292,RHOBTB3,-2.944123983579558,-0.5610151952306517
ENSG00000173221,GLRX,0.9075945086125445,3.1173632881651328
ENSG00000118985,ELL2,-3.3112882973302082,1.317357349756828
ENSG00000164307,ERAP1,-2.587011468951573,-2.260783168669135
ENSG00000164308,ERAP2,1.1549039716560172,0.5153236033429278
ENSG00000113441,LNPEP,1.709611154203507,0.0002178391356100605
ENSG00000058729,RIOK2,-2.4814635208885294,-0.10650495960315742
ENSG00000174136,RGMB,1.1663086640884208,0.36394559172019153
ENSG00000153922,CHD1,-0.40787829123591607,0.9045090867137915
ENSG00000174132,FAM174A,0.895899848930662,2.3286016774923755
ENSG00000113532,ST8SIA4,3.3916563265239437,-0.16523666316567245
ENSG00000173930,SLCO4C1,-5.090598950675642,-0.8504241000565487
ENSG00000145730,PAM,3.780468530801044,-1.7721297949571089
ENSG00000145723,GIN1,-5.847371509617925,-0.5472022896418314
ENSG00000145725,PPIP5K2,-2.338961626230277,-0.10774327469247373
ENSG00000112874,NUDT12,-2.360940779734729,0.6252219797690067
ENSG00000184349,EFNA5,2.1786115065704363,-4.495603381432481
ENSG00000145743,FBXL17,-1.9906988241374886,0.31827881620726856
ENSG00000151422,FER,0.1890660417399774,-0.7307946661672493
ENSG00000198961,PJA2,-2.135101769902172,-1.2382550630392442
ENSG00000112893,MAN2A1,-3.4891814567307624,-0.18613843581900807
ENSG00000186952,TMEM232,-4.128994936330063,-3.2028725886857354
ENSG00000164209,SLC25A46,-1.1807051463958202,0.9861953138683773
ENSG00000145777,TSLP,-4.281769801105345,0.5819516127288452
ENSG00000134987,WDR36,-1.0617379278865533,1.4513225005316628
ENSG00000152495,CAMK4,0.8775387372614205,2.2731433103016805
ENSG00000164211,STARD4,2.065541159752723,3.3932198972806624
ENSG00000134986,NREP,-0.10829932029731279,2.9238564546396035
ENSG00000129595,EPB41L4A,7.753778955704656,3.2388012320624986
ENSG00000134982,APC,-0.6100031460280271,0.12456881551411941
ENSG00000153037,SRP19,0.7652415442601991,2.8935197814851934
ENSG00000129625,REEP5,-2.230932370479445,1.5648255177163157
ENSG00000172795,DCP2,0.611356022035597,0.6806878162968992
ENSG00000171444,MCC,-5.68742560136533,-1.886664692972738
ENSG00000047188,YTHDC2,0.34316368465461744,1.7095230201460678
ENSG00000080709,KCNN2,-12.46941422263916,-3.332347631180484
ENSG00000152503,TRIM36,0.6600418054099976,-0.4306991483605194
ENSG00000164219,PGGT1B,-1.2362362913640175,0.292708362427773
ENSG00000164221,CCDC112,5.48816459517315,-0.06702995344194601
ENSG00000145780,FEM1C,1.1211863786267302,1.4193134771727285
ENSG00000243414,TICAM2,-0.40785351175948176,-0.013334808352612793
ENSG00000251201,TMED7-TICAM2,-1.2689494332367142,-1.201711000277799
ENSG00000134970,TMED7,0.197534609585445,1.0505837937827518
ENSG00000129596,CDO1,-6.333687914271989,2.240534828533975
ENSG00000145782,ATG12,-2.1734440505303056,0.8013059995807463
ENSG00000177879,AP3S1,-1.0011949296416058,0.9111433111716782
ENSG00000145781,COMMD10,-1.37244841886982,0.11113120234172215
ENSG00000092421,SEMA6A,-2.92685710359467,-4.846807911333614
ENSG00000169570,DTWD2,-0.9023431196819284,0.9234741036500183
ENSG00000172869,DMXL1,-2.223980084992335,-0.051819692882866496
ENSG00000145779,TNFAIP8,8.061491369007824,0.4158856731362916
ENSG00000133835,HSD17B4,-6.216637504644477,-0.08130472747736861
ENSG00000151304,SRFBP1,-0.751569471009463,-0.833975895721264
ENSG00000113083,LOX,6.944130472229789,1.1894763525393488
ENSG00000064692,SNCAIP,-3.1492795485643095,-2.500038234170315
ENSG00000205302,SNX2,-2.9884710220103186,-0.4380023136339733
ENSG00000064652,SNX24,-1.0951925217512453,-0.3484828951616475
ENSG00000168938,PPIC,5.122520278228261,1.2418327396669755
ENSG00000168944,CEP120,-3.3491091750219675,-0.5308415573773337
ENSG00000151292,CSNK1G3,-2.334207353736843,-0.19223231419894612
ENSG00000168916,ZNF608,0.6534822099317804,-1.9967065471926182
ENSG00000155324,GRAMD2B,-5.289389997310261,-0.18400226518697563
ENSG00000164904,ALDH7A1,-9.997523390820582,-3.552692970273243
ENSG00000164902,PHAX,-3.5248877371182195,-0.7545488588438382
ENSG00000113368,LMNB1,0.8007305318525565,-0.1601780515127743
ENSG00000173926,MARCHF3,4.3870393494896955,-2.8950060096739296
ENSG00000164241,C5orf63,-2.0964167015918367,-1.5226183202766883
ENSG00000145794,MEGF10,-8.563628702071297,-4.099540901963481
ENSG00000164244,PRRC1,0.7102333645508642,1.3251587879617241
ENSG00000064651,SLC12A2,7.754907852562473,-1.9599806769971835
ENSG00000066583,ISOC1,-3.4812289536875074,1.9687311495173434
ENSG00000198108,CHSY3,1.8834113485675905,-0.38790760970720717
ENSG00000169567,HINT1,-3.2101688706148366,0.0703871625610836
ENSG00000186687,LYRM7,-1.9666343981716803,0.23108532219016684
ENSG00000158985,CDC42SE2,1.2596794897558987,-0.21256865839179884
ENSG00000158987,RAPGEF6,1.0857765904294185,-0.45275834467422715
ENSG00000217128,FNIP1,-2.028717102720136,-0.2535649557410479
ENSG00000164398,ACSL6,-0.5980028167389861,0.867613926481474
ENSG00000072682,P4HA2,5.433179917069654,1.2425900865545114
ENSG00000197208,SLC22A4,-2.7896776075197622,-1.5562140725033742
ENSG00000197375,SLC22A5,0.2010937368337738,1.0245238316643788
ENSG00000125347,IRF1,2.882421916840167,0.046375398349595504
ENSG00000113522,RAD50,-2.851215969710247,-1.2738876020357384
ENSG00000131437,KIF3A,4.545782445183748,-0.16724810058161294
ENSG00000164402,SEPTIN8,11.228237025094522,1.8663227786124648
ENSG00000198944,SOWAHA,-0.22532638877586192,-0.3297230990984241
ENSG00000164403,SHROOM1,3.678054294781627,1.437870021658197
ENSG00000164404,GDF9,-2.8519193677331334,-1.1160815334647307
ENSG00000164405,UQCRQ,0.8290864703564151,1.649004547404502
ENSG00000164406,LEAP2,4.783580928116286,4.044813008662879
ENSG00000072364,AFF4,1.3585330583111366,2.3388122033181946
ENSG00000155329,ZCCHC10,1.851425995163377,2.361498429653962
ENSG00000170606,HSPA4,2.749900902470209,1.8465622199162495
ENSG00000113583,C5orf15,-0.4079764985468061,2.4122153871784424
ENSG00000213585,VDAC1,2.917712824249753,4.230495447089655
ENSG00000081059,TCF7,-1.6016767430462275,-3.7045545848549617
ENSG00000113558,SKP1,-0.7090268731652973,0.33161778789768753
ENSG00000113575,PPP2CA,2.013686965501019,2.6526243320258995
ENSG00000006837,CDKL3,-1.442146830098924,-0.9812362765726392
ENSG00000119048,UBE2B,1.7362310689395917,2.872570011461476
ENSG00000237190,CDKN2AIPNL,-3.120163054175072,0.8619231851306616
ENSG00000043143,JADE2,-1.2591945977404848,-5.3022378898321225
ENSG00000152700,SAR1B,-4.505013179416566,2.3304653439314116
ENSG00000113615,SEC24A,-0.7844347420332146,1.3389232997135103
ENSG00000164615,CAMLG,3.2017939184818123,2.8884656048982644
ENSG00000145833,DDX46,-4.229044714429371,-0.4456334524544435
ENSG00000181904,C5orf24,-2.216610261368843,0.13116380857938198
ENSG00000113621,TXNDC15,-0.10415229054404104,-0.3491537449130333
ENSG00000132570,PCBD2,-6.474988882943042,1.5130303277358905
ENSG00000152705,CATSPER3,-4.997493534187369,-1.846318104422498
ENSG00000113648,MACROH2A1,10.593032229848722,4.73723737512243
ENSG00000145824,CXCL14,-4.650349408618813,-0.10945389511421331
ENSG00000145826,LECT2,-2.5555628917300357,1.083056141420139
ENSG00000120708,TGFBI,8.457102485519341,4.72120065520948
ENSG00000113658,SMAD5,-0.06285507712776148,0.3716896493059428
ENSG00000146021,KLHL3,4.690821689381947,2.2094066180883374
ENSG00000177733,HNRNPA0,-1.9006415409734698,-2.176351973916365
ENSG00000078795,PKD2L2,-0.18076484447516716,-0.2788741887440157
ENSG00000031003,FAM13B,-0.7629863596145043,-1.2396804643762107
ENSG00000112983,BRD8,-1.4597604084407456,-0.6484955893507006
ENSG00000112984,KIF20A,5.242065918671294,2.57757981447098
ENSG00000094880,CDC23,-0.8200068218347563,0.9881234891364984
ENSG00000120733,KDM3B,-0.5279190961614131,-2.041964068658449
ENSG00000120738,EGR1,5.184750608879228,2.4281179273423246
ENSG00000120705,ETF1,4.6853156488399526,4.441629102744797
ENSG00000113013,HSPA9,-4.131998348793183,0.23737845941548494
ENSG00000044115,CTNNA1,2.17931064447165,-1.2110442952069949
ENSG00000120725,SIL1,-0.22540324518260374,0.2983596127189416
ENSG00000015479,MATR3,-1.4448448025835054,-0.656733674807728
ENSG00000120727,PAIP2,-2.1303728065398646,-0.3039696261069991
ENSG00000170482,SLC23A1,-5.69689168640848,-1.0337224205054267
ENSG00000170476,MZB1,6.938218740477146,1.0386716172937625
ENSG00000170469,SPATA24,-0.6344008337204725,-1.5813324054505076
ENSG00000170464,DNAJC18,4.307401653156914,-1.6749367315089387
ENSG00000249751,ECSCR,4.9940122311174635,-0.6080733507687794
ENSG00000184584,STING1,9.552776004593722,1.3657124243915697
ENSG00000131508,UBE2D2,-0.05776341989147088,1.5736123547647003
ENSG00000171604,CXXC5,-2.549988004482709,-0.7839040033689968
ENSG00000185129,PURA,-2.517304101414334,-0.1451067606971248
ENSG00000182700,IGIP,-1.7620198188949028,0.8930740313466774
ENSG00000120306,CYSTM1,4.269083662621681,2.563430144660778
ENSG00000113068,PFDN1,5.267178935340771,2.7605268756333006
ENSG00000113070,HBEGF,8.827103040962784,3.065610067406881
ENSG00000131503,ANKHD1,-5.841556799188897,-1.0291340023784439
ENSG00000254996,ANKHD1-EIF4EBP3,-6.529235025121134,-1.487377036114768
ENSG00000213523,SRA1,3.6431739621107138,2.354442231634497
ENSG00000243056,EIF4EBP3,-0.9807637371513074,-0.011464871180763756
ENSG00000113108,APBB3,5.2233911593156375,2.4042318332860395
ENSG00000176087,SLC35A4,-0.2165570864746734,-0.9473808865196879
ENSG00000170458,CD14,-0.5283553408233187,-0.22299419009919266
ENSG00000131495,NDUFA2,-1.6002294680121751,0.5636222505995613
ENSG00000113119,TMCO6,-3.718704330932821,-0.11330135993735689
ENSG00000113141,IK,-0.48877078424585,-0.569441131887342
ENSG00000120314,WDR55,-1.4690305480572385,-1.4124956712965773
ENSG00000256453,DND1,-0.15995737120863213,-0.26705279643412005
ENSG00000170445,HARS1,-0.05120061233238286,-0.8709884946842603
ENSG00000112855,HARS2,-1.0545480156852636,0.27659862474963764
ENSG00000146007,ZMAT2,-2.1145932935712497,-0.349288717982842
ENSG00000243232,PCDHAC2,-1.2665095398937523,-2.4796032078233723
ENSG00000113209,PCDHB5,-0.5172362276758606,-2.5500226463765445
ENSG00000187372,PCDHB13,-3.1295158154441736,-3.4987708686914205
ENSG00000120327,PCDHB14,-2.3909969131583493,-3.51322555411348
ENSG00000113248,PCDHB15,3.8426526197165933,-2.25716347229492
ENSG00000178913,TAF7,-2.09463957573552,-0.1525891693689091
ENSG00000081853,PCDHGA2,-2.804657676643261,-4.351882276560795
ENSG00000254245,PCDHGA3,-4.670417436246197,-4.710200726856208
ENSG00000254221,PCDHGB1,-3.0664928785561205,-4.31386062269415
ENSG00000262576,PCDHGA4,-3.970640030495309,-4.896488734244855
ENSG00000253910,PCDHGB2,-3.1643798420413938,-4.49893714273753
ENSG00000253485,PCDHGA5,-3.815896057159174,-5.462257118083943
ENSG00000262209,PCDHGB3,-4.855225144426236,-5.15266104467253
ENSG00000253731,PCDHGA6,-4.155300045244668,-4.873105179016382
ENSG00000253537,PCDHGA7,-4.507048593202286,-4.747170797739003
ENSG00000253953,PCDHGB4,-5.440691472809996,-4.3412243932921655
ENSG00000253767,PCDHGA8,-4.9811092600428255,-4.47834484814512
ENSG00000276547,PCDHGB5,-4.397536794061161,-4.0375099520733135
ENSG00000261934,PCDHGA9,-6.119870780890555,-6.097768800817518
ENSG00000253305,PCDHGB6,-6.961562122302695,-5.264433716237547
ENSG00000253846,PCDHGA10,-4.228658665286631,-3.953033108991878
ENSG00000254122,PCDHGB7,-4.4232615182690544,-7.208392066216997
ENSG00000253873,PCDHGA11,-5.635109538117832,-5.943117875664061
ENSG00000253159,PCDHGA12,-0.3623104238140104,-3.8619013722476847
ENSG00000240184,PCDHGC3,0.7158740893161614,-5.338219484053092
ENSG00000242419,PCDHGC4,-3.254861435766171,-5.795826461781549
ENSG00000240764,PCDHGC5,-2.727473957660022,-5.075203701668786
ENSG00000131504,DIAPH1,-5.571558683819918,-1.976430305363593
ENSG00000171720,HDAC3,-6.478019696714846,-0.4484588356600358
ENSG00000197948,FCHSD1,5.4049438175962665,-1.5380568678633773
ENSG00000120318,ARAP3,4.533899144835739,-0.311263144893813
ENSG00000156453,PCDH1,-5.217412366101798,-3.8709138095419
ENSG00000081791,DELE1,-2.437894475971447,-0.47523697222310524
ENSG00000113555,PCDH12,-0.6377529925346137,-3.513722375462586
ENSG00000013561,RNF14,-2.6793166001292352,0.45732853266415063
ENSG00000113552,GNPDA1,7.154976302912938,4.021792714250284
ENSG00000131507,NDFIP1,-3.69365837384111,1.0648147760035482
ENSG00000187678,SPRY4,0.7410274392303036,-1.5225686601020898
ENSG00000113578,FGF1,5.31842925822577,0.5211630659662372
ENSG00000145819,ARHGAP26,-0.9406736187251189,-1.0498212309554018
ENSG00000113580,NR3C1,-3.780620881450352,-0.4514493939727073
ENSG00000145817,YIPF5,0.6497359746072626,0.6549790713170612
ENSG00000186314,PRELID2,-2.8578472960070465,-3.1424541916161153
ENSG00000156463,SH3RF2,-7.6280448138461825,-3.3968276311071413
ENSG00000173261,PLAC8L1,-1.3768661953297194,0.5242275870789036
ENSG00000133706,LARS1,-1.1612091111902567,-0.17019129098318705
ENSG00000091009,RBM27,-1.0067702084146943,-0.2598070665435009
ENSG00000113649,TCERG1,1.3824812242033024,1.6350653908773518
ENSG00000113657,DPYSL3,10.522226711590632,2.2260021932393372
ENSG00000176049,JAKMIP2,-8.047743072934582,-2.4128397137961395
ENSG00000145868,FBXO38,-6.186126247405238,-1.267193094757891
ENSG00000169252,ADRB2,-7.365508724516658,-2.4832646029538177
ENSG00000173210,ABLIM3,1.5647140507743358,0.5348880786333501
ENSG00000157510,AFAP1L1,1.2811264681248768,-2.5136249784160087
ENSG00000164284,GRPEL2,1.8115752824181957,2.641550817066626
ENSG00000145882,PCYOX1L,9.670682615328746,1.5809424443448428
ENSG00000113712,CSNK1A1,0.3702886598293844,2.2888586931745505
ENSG00000183111,ARHGEF37,2.573016316804203,-0.4987443999466427
ENSG00000155846,PPARGC1B,-2.8654313375975646,-0.4198694961590276
ENSG00000155850,SLC26A2,6.176715232611002,1.3791119913016405
ENSG00000164296,TIGD6,-4.3307585245566464,-1.3288761397679087
ENSG00000113716,HMGXB3,2.5276115241749735,-0.11021353736341241
ENSG00000182578,CSF1R,1.4393598802534717,-4.754440623120011
ENSG00000113721,PDGFRB,7.6177171006254465,-0.139318776907313
ENSG00000070814,TCOF1,2.0060792771054365,-0.8838932234477579
ENSG00000019582,CD74,6.638019567041403,1.0164312654842462
ENSG00000164587,RPS14,-1.3909244122197932,-1.1140272765585237
ENSG00000070614,NDST1,-6.846848404390601,-4.059684224521831
ENSG00000171992,SYNPO,0.0070173639110673106,-1.02138594421187
ENSG00000086589,RBM22,-0.07602253110486766,1.7800509311399506
ENSG00000132912,DCTN4,-0.17086385979817742,1.3379284665299986
ENSG00000256235,SMIM3,9.471563690806374,2.702266662402832
ENSG00000145908,ZNF300,1.403162245358184,-1.8263735133678365
ENSG00000211445,GPX3,8.121911110336264,3.0963758406638924
ENSG00000145901,TNIP1,0.7375606109262756,-1.2236472112572279
ENSG00000197043,ANXA6,-0.8150825232735172,-1.8608111724934746
ENSG00000198624,CCDC69,-4.384618093797859,-0.5045537222914211
ENSG00000196743,GM2A,4.8857646174373395,2.9857481771888446
ENSG00000123643,SLC36A1,3.708761469900696,-1.158120448893365
ENSG00000113140,SPARC,6.988355168393321,-0.7622511674542435
ENSG00000177556,ATOX1,-0.10686908993543959,0.3495687723294863
ENSG00000145907,G3BP1,-1.5467095510631967,0.16571172801520007
ENSG00000055147,FAM114A2,-0.8381474830102791,0.14105641039805208
ENSG00000037749,MFAP3,1.4842564255015094,1.7356648580715406
ENSG00000164574,GALNT10,7.021752527607957,-0.9695779616883395
ENSG00000164576,SAP30L,-7.35683743697153,-2.4214908597535505
ENSG00000155506,LARP1,-3.4195366226024833,-1.8696369495029188
ENSG00000170271,FAXDC2,-6.727940126081636,-0.46476907087547376
ENSG00000155508,CNOT8,-1.0833572146848038,0.22467359828708822
ENSG00000082516,GEMIN5,-6.20373624606325,-1.9018542764943414
ENSG00000082515,MRPL22,-3.6962958187006123,0.2570244597776916
ENSG00000170624,SGCD,6.553604268602824,1.3956328806571152
ENSG00000145850,TIMD4,-3.7903908541192535,-5.9135301236234925
ENSG00000135077,HAVCR2,4.336081684997902,-0.037889746139395886
ENSG00000155868,MED7,-0.8080220535938518,0.950491048519595
ENSG00000113263,ITK,7.447954184549036,0.11915734772989921
ENSG00000055163,CYFIP2,1.4494050534539418,0.9558183571575446
ENSG00000135074,ADAM19,5.961103243667705,1.2422104729963168
ENSG00000113272,THG1L,-1.5187813200967604,0.3214348988375967
ENSG00000155858,LSM11,-2.751713973242666,-0.7882296711734016
ENSG00000113282,CLINT1,-3.809016701099188,-1.1554709385069917
ENSG00000145860,RNF145,5.942194436776654,0.3257769424828068
ENSG00000164332,UBLCP1,2.279245454763963,1.5903359355292979
ENSG00000170214,ADRA1B,-2.750084799259246,0.34550108007882874
ENSG00000113312,TTC1,-0.17857986115282845,1.0814587562592202
ENSG00000170234,PWWP2A,-0.7939157124847303,0.24859101457035782
ENSG00000221886,FAM200C,-3.2104790272959765,-1.94159126228492
ENSG00000164609,SLU7,-0.729696199547027,0.49402985263758925
ENSG00000164611,PTTG1,7.393410773305588,2.5584589756963267
ENSG00000113328,CCNG1,-3.387776005903299,0.37734571598764544
ENSG00000170584,NUDCD2,-6.88525691368208,-0.7906812580155322
ENSG00000072571,HMMR,4.650949621455653,2.5792830744254927
ENSG00000038274,MAT2B,-1.7632993602255311,0.08501944619165838
ENSG00000145934,TENM2,-0.565691497370611,0.41964739021013825
ENSG00000113645,WWC1,6.8745643677633375,0.7622000206332352
ENSG00000113643,RARS1,-1.1158051106988252,1.428853496418943
ENSG00000120137,PANK3,-1.9287112088620084,1.416147805679609
ENSG00000184347,SLIT3,3.6827402514200562,-3.020797009430422
ENSG00000040275,SPDL1,3.6652874224621046,1.2083413352983936
ENSG00000134516,DOCK2,3.202152311378449,-3.215217571015379
ENSG00000234511,C5orf58,4.576351777887583,-0.6133078255578996
ENSG00000043462,LCP2,5.080393715503058,-1.713115178911248
ENSG00000094755,GABRP,4.413672812907852,-2.4067717403587863
ENSG00000204764,RANBP17,2.0645689265328184,0.8172190894088882
ENSG00000181163,NPM1,0.47813110354138416,0.8848733824039132
ENSG00000072803,FBXW11,0.4431174817661328,0.3678723821304735
ENSG00000072786,STK10,6.555111942297113,-0.7998263564519856
ENSG00000168246,UBTD2,1.1121008131431613,1.974186708872289
ENSG00000174705,SH3PXD2B,4.5408084040960945,-1.382495509046589
ENSG00000214357,NEURL1B,5.859342898940995,-2.1302669384272663
ENSG00000120129,DUSP1,4.234609285993543,3.3020284483326843
ENSG00000113719,ERGIC1,-0.5665639127109828,1.7259490212376212
ENSG00000037241,RPL26L1,0.584172028469834,1.6286874010899874
ENSG00000113732,ATP6V0E1,2.0425523072423157,2.7294047487216693
ENSG00000164463,CREBRF,-0.9094093689421975,0.3163424652531598
ENSG00000113734,BNIP1,1.2392285085199237,1.0097206828730483
ENSG00000145919,BOD1,-0.9633000644928075,2.2214427996945485
ENSG00000113742,CPEB4,1.337075050435544,1.4258622480208454
ENSG00000184845,DRD1,-5.708451928037773,-1.8042810387753911
ENSG00000164466,SFXN1,-6.484181173799091,0.987728930515931
ENSG00000051596,THOC3,-3.8951069597629395,-1.9185688137359267
ENSG00000170085,SIMC1,-1.2668485584753326,-0.3767854321031707
ENSG00000122203,KIAA1191,-3.607393067344225,-0.3356832513925567
ENSG00000175414,ARL10,-0.0813970333862973,-2.134427455261003
ENSG00000048162,NOP16,2.1370809215070796,1.4615970936104665
ENSG00000146066,HIGD2A,1.3862033985287197,1.5360360534203694
ENSG00000175416,CLTB,1.6240140035475252,0.31115717930338077
ENSG00000113194,FAF2,-4.216146312170281,0.21992598480304873
ENSG00000146083,RNF44,3.030694334410472,-0.5286030499154927
ENSG00000074276,CDHR2,3.8919634609715272,2.500941043312936
ENSG00000048140,TSPAN17,2.062408525783452,-0.08105964629534561
ENSG00000160883,HK3,1.8459569988355329,-0.48529504826681563
ENSG00000087206,UIMC1,0.3432530686854207,0.7963806522274349
ENSG00000113761,ZNF346,-2.1154142920547647,-1.597397649723234
ENSG00000160867,FGFR4,-2.943293153669457,-1.7831909501994234
ENSG00000165671,NSD1,-4.322103835758128,-2.5610529465194882
ENSG00000169228,RAB24,2.4974139317833264,1.6874069153100164
ENSG00000213347,MXD3,2.4934892451800765,2.16801169183246
ENSG00000169230,PRELID1,0.9947852453266516,1.2802229795883715
ENSG00000169223,LMAN2,-0.5906676736435321,-1.0300611547134362
ENSG00000169220,RGS14,-1.4398035959595565,-1.0142762533065826
ENSG00000131183,SLC34A1,-6.943998895125966,-1.9248790855668427
ENSG00000131187,F12,-1.922651454907608,0.049985932451000706
ENSG00000198055,GRK6,2.8195314229524855,-1.0475241254460335
ENSG00000113758,DBN1,8.854426560133458,0.8787138631997998
ENSG00000196923,PDLIM7,6.547767042713485,0.5946661071809647
ENSG00000146094,DOK3,3.5729486467235616,-1.74162330151696
ENSG00000183258,DDX41,0.8762575178381753,0.03163179958770097
ENSG00000146067,FAM193B,1.565249020109197,0.6631824441456527
ENSG00000184840,TMED9,1.8066297294046743,-0.6376714051660005
ENSG00000027847,B4GALT7,0.7052283440516536,-0.3480547178769385
ENSG00000145916,RMND5B,-0.5239065360674658,-0.7507511143926043
ENSG00000145912,NHP2,-1.5591412767059603,-1.3693838933681999
ENSG00000197451,HNRNPAB,5.738842100311981,2.0536340598025697
ENSG00000175309,PHYKPL,0.8283536402439778,0.5980794970709166
ENSG00000113240,CLK4,-1.0474603139108882,1.8008774195560382
ENSG00000169131,ZNF354A,2.8836538946839374,0.8612682553757732
ENSG00000178338,ZNF354B,-0.6817977660951543,0.3532193633967516
ENSG00000198939,ZFP2,-0.517191126362926,0.4259982286338324
ENSG00000234284,ZNF879,-3.5435214516884876,-2.0842949790061396
ENSG00000177932,ZNF354C,-5.363278156838924,-2.984654939120951
ENSG00000087116,ADAMTS2,11.319476200123411,3.1953607330993172
ENSG00000176783,RUFY1,-1.575919666314906,-2.499172900338968
ENSG00000169045,HNRNPH1,-1.414662552864841,0.283829439921094
ENSG00000127022,CANX,-1.612228765115482,-1.262582799325675
ENSG00000161021,MAML1,-2.2059402579977165,-3.036995687681953
ENSG00000161013,MGAT4B,0.9387062832974924,0.36651020878057733
ENSG00000161011,SQSTM1,6.6074208126004725,3.467488235090389
ENSG00000161010,MRNIP,3.3261242313177948,2.045334594933859
ENSG00000197226,TBC1D9B,-4.261393095777873,-3.8687029141958855
ENSG00000113269,RNF130,-7.040562976002891,-0.0012324464112766628
ENSG00000050748,MAPK9,-2.052969372136132,1.4246784502633856
ENSG00000131459,GFPT2,6.70395240340194,-0.8850166210316397
ENSG00000113300,CNOT6,2.604772539178917,0.8772465387656206
ENSG00000037280,FLT4,0.284022535271469,-2.956105435715434
ENSG00000131446,MGAT1,-1.9367975735586036,-2.274482414836254
ENSG00000196670,ZFP62,-3.1170738236175954,-2.848660533783868
ENSG00000165810,BTNL9,4.261602098453167,0.7170755177373794
ENSG00000146063,TRIM41,0.039079771885217045,-0.41820295930171336
ENSG00000204628,RACK1,0.9860294270291647,0.4635111043159479
ENSG00000183718,TRIM52,-0.9305101484735148,-0.28536295428465813
ENSG00000112679,DUSP22,6.985131946387175,2.805290215860273
ENSG00000137265,IRF4,6.3876130672908795,-0.12893469420998022
ENSG00000112685,EXOC2,0.2474144870018988,-0.3523033657942327
ENSG00000112699,GMDS,-0.8926861601031337,-1.7758390799500603
ENSG00000145949,MYLK4,-5.136736221589584,-2.894032286312613
ENSG00000124535,WRNIP1,-1.550075012932182,-0.3381862368980018
ENSG00000021355,SERPINB1,7.930046839005744,1.9512553653688085
ENSG00000170542,SERPINB9,10.140793272324085,2.987513094799424
ENSG00000124570,SERPINB6,3.1280173166946046,-0.950837686360477
ENSG00000124588,NQO2,-2.569825704150674,-0.3188984682109191
ENSG00000137275,RIPK1,-3.11566601744577,-0.7826596125089442
ENSG00000137274,BPHL,-5.162339564076035,1.3285100668389993
ENSG00000137267,TUBB2A,0.5197315185394303,-0.910864521139316
ENSG00000137285,TUBB2B,1.7681764700424976,-0.6681889977324361
ENSG00000180822,PSMG4,-6.764254062605649,-2.9676885747441033
ENSG00000137266,SLC22A23,-3.7607686536567084,-1.1950932202957745
ENSG00000168994,PXDC1,0.5048115340582434,2.3304872957269644
ENSG00000145945,FAM50B,-3.1236027267544806,-2.2339509981180186
ENSG00000112739,PRP4K,-0.5677708981610499,0.38794364455264396
ENSG00000198721,ECI2,-8.692215459264922,-1.5214475415054258
ENSG00000153046,CDYL,-1.2566008752255347,-2.335629489158154
ENSG00000124787,RPP40,0.6941279742159073,1.638091562829092
ENSG00000214113,LYRM4,1.1940094607735376,0.9352853000058682
ENSG00000219607,PPP1R3G,-1.4669170280816652,0.031049706623598617
ENSG00000145982,FARS2,-6.059831593942868,-2.7945679629699973
ENSG00000124785,NRN1,-1.0236779502876214,-4.016813427154888
ENSG00000124491,F13A1,9.0961402869172,0.23652603277225448
ENSG00000112799,LY86,5.314792586471764,2.3007882137099775
ENSG00000124782,RREB1,-2.8756753621180358,-0.14133797348600613
ENSG00000124783,SSR1,-1.3925234667944515,0.05303849905282593
ENSG00000124784,RIOK1,2.526436623063085,2.193513347896068
ENSG00000096696,DSP,-0.9505474816962234,-0.9689154974071037
ENSG00000168566,SNRNP48,-5.616214839162931,-1.6042834626351699
ENSG00000153162,BMP6,2.3396454972784317,2.6434344846241027
ENSG00000239264,TXNDC5,2.368377020358971,-0.6347376196230036
ENSG00000259040,BLOC1S5-TXNDC5,2.3461770738202343,-0.6329228544807222
ENSG00000188428,BLOC1S5,-0.34344091433883234,1.4492422163588294
ENSG00000124802,EEF1E1,4.08897027158212,3.473303227064563
ENSG00000124786,SLC35B3,-1.9835370636865262,0.31182353171572225
ENSG00000111846,GCNT2,-6.630002198171705,-2.005279339342601
ENSG00000111845,PAK1IP1,1.8759957873960968,1.7170905831861065
ENSG00000111843,TMEM14C,-0.32383563677676086,1.5975293910282784
ENSG00000137210,TMEM14B,-3.202502308557831,1.0470159148937797
ENSG00000111837,MAK,-2.4458608056910296,-1.6664101859794855
ENSG00000197977,ELOVL2,2.9171372280717844,2.710136544010508
ENSG00000224531,SMIM13,1.6621331169506326,2.935767891978089
ENSG00000111859,NEDD9,8.151128049548953,1.5397105998244955
ENSG00000205269,TMEM170B,-2.2357837653687085,1.5833867352085984
ENSG00000095951,HIVEP1,-2.4372078890549127,-0.4870774245803091
ENSG00000078401,EDN1,4.390905126461047,0.14000531121059515
ENSG00000112137,PHACTR1,5.4863872252099055,-1.2382421068742846
ENSG00000145979,TBC1D7,3.5923343245822013,2.911844877256125
ENSG00000145990,GFOD1,-3.5064701388488193,-1.1398566945711408
ENSG00000124523,SIRT5,-7.140127125987711,-0.016298637581116198
ENSG00000225921,NOL7,-2.5037276418525587,-0.18032720467708666
ENSG00000010017,RANBP9,-3.6092152683452587,0.200415567196513
ENSG00000050393,MCUR1,-0.5570411971335726,3.580375509881312
ENSG00000112149,CD83,8.21240299769209,2.9991225793207943
ENSG00000008083,JARID2,-0.5391317302254537,-2.485315303478983
ENSG00000047579,DTNBP1,1.8440721206149384,-1.9240004743995034
ENSG00000007944,MYLIP,1.819022162487086,-3.8918719112229923
ENSG00000137198,GMPR,3.038176473088626,0.3093017887977659
ENSG00000124788,ATXN1,-4.49855433185095,-1.0151304199801061
ENSG00000112186,CAP2,6.21149100911339,1.6663880836965503
ENSG00000137414,FAM8A1,-2.726792695842446,1.5625298458530197
ENSG00000124789,NUP153,-3.0170728806891374,-0.6230202350256607
ENSG00000137177,KIF13A,-2.2100531971333743,-0.29441515670797874
ENSG00000187566,NHLRC1,-3.986216540541873,0.007136149108369361
ENSG00000137364,TPMT,-4.5748859539512425,1.4553749667065248
ENSG00000165097,KDM1B,-2.746149853293146,-2.242286070531192
ENSG00000124795,DEK,-0.2812637941339173,0.23858321241184616
ENSG00000137393,RNF144B,-3.591411090492843,1.0064464951242766
ENSG00000172201,ID4,8.461576069831045,1.4963709059416512
ENSG00000172197,MBOAT1,4.002808257450546,0.3574521332130021
ENSG00000112242,E2F3,12.467377797018443,5.942504541991792
ENSG00000145996,CDKAL1,-1.1713800662063805,-0.6495327475507986
ENSG00000124766,SOX4,14.432701042998227,4.09870964462096
ENSG00000146038,DCDC2,13.506643644629623,3.604092816108646
ENSG00000124532,MRS2,-3.5821773123757086,2.4977001018990075
ENSG00000112293,GPLD1,-3.924592768217354,0.3782091520889764
ENSG00000112294,ALDH5A1,-6.847246239321593,-0.8905989236921277
ENSG00000111802,TDP2,0.6590594980605172,2.5603786296361846
ENSG00000112304,ACOT13,-9.49480130181365,-0.03391725318271149
ENSG00000112308,C6orf62,-1.499933309174529,1.1191052329655735
ENSG00000112312,GMNN,2.5261215658751417,0.24018094147049618
ENSG00000111913,RIPOR2,0.7632878234318912,-4.007781152386759
ENSG00000079691,CARMIL1,1.3121518665182328,-2.0246520570592907
ENSG00000079689,SCGN,2.8870481412638562,-3.8373970746484556
ENSG00000146039,SLC17A4,-0.8041059918118101,0.5979596852772937
ENSG00000124568,SLC17A1,-1.9764637862415053,1.8522982914548027
ENSG00000124564,SLC17A3,-0.39695585869148226,2.1812207332149285
ENSG00000112337,SLC17A2,-10.975041906523398,-0.8491990704912493
ENSG00000112343,TRIM38,3.0015838146766223,0.9020671259839832
ENSG00000187837,H1-2,2.017620119996222,1.5707160902927275
ENSG00000180596,H2BC4,-1.1119227332761694,-0.28924550257411413
ENSG00000010704,HFE,-0.6310035500020158,-0.3108558705645918
ENSG00000180573,H2AC6,0.5107726000117434,-0.38846383910384125
ENSG00000158373,H2BC5,-0.19845084395499019,0.8448902514906959
ENSG00000277075,H2AC8,3.7134910745360314,1.6168105068107226
ENSG00000186470,BTN3A2,0.00799230813686178,-1.1419461891232052
ENSG00000124508,BTN2A2,8.393726790456975,2.7036288117097924
ENSG00000026950,BTN3A1,1.6168537853914242,-0.7687526802897283
ENSG00000111801,BTN3A3,1.5504692023772788,0.6993467411186547
ENSG00000112763,BTN2A1,4.346030415169931,0.5377955709334464
ENSG00000182952,HMGN4,9.454326210580726,4.0492829059092
ENSG00000146109,ABT1,-1.7716162444528682,-0.26007261814226335
ENSG00000181315,ZNF322,-0.1374615329929081,0.3363454431465132
ENSG00000197903,H2BC12,1.850228124061789,1.598245443080992
ENSG00000124613,ZNF391,3.1355550894358353,-1.8902092172561402
ENSG00000096654,ZNF184,0.6626561262157724,0.9179522847047632
ENSG00000197238,H4C11,-3.7677688910377474,-3.0244852518661647
ENSG00000273542,H4C12,-3.664582666398184,-3.153629294501627
ENSG00000197279,ZNF165,3.4224964088232905,1.7186320469078304
ENSG00000196812,ZSCAN16,-3.040660073711498,-0.9852117323629895
ENSG00000198315,ZKSCAN8,-1.2907968432240462,0.2421907544991127
ENSG00000226314,ZKSCAN8P1,-4.3202714157598905,-1.9539188922131332
ENSG00000137185,ZSCAN9,2.6112770183708056,1.8946318267627285
ENSG00000187626,ZKSCAN4,-3.034883291541155,-0.731085542501658
ENSG00000189134,NKAPL,-1.6081016839084206,-0.8702561161810751
ENSG00000197062,ZSCAN26,1.0371732517781522,1.265362474235777
ENSG00000137338,PGBD1,4.967669470240557,4.240457273225128
ENSG00000235109,ZSCAN31,-1.0827215523739127,0.04942688840411054
ENSG00000189298,ZKSCAN3,1.7213773068766298,1.4345763311447186
ENSG00000158691,ZSCAN12,-3.3477527223676002,-2.4689025473102313
ENSG00000232040,SCAND3,-0.20935439794485142,0.08498758832402081
ENSG00000204713,TRIM27,1.0817665293577272,1.6069336226386068
ENSG00000197935,ZNF311,-2.6121534712036527,-0.5068459825992174
ENSG00000204681,GABBR1,5.225086105550576,0.2776501081510706
ENSG00000213886,UBD,15.073596461191775,6.52703077590451
ENSG00000204642,HLA-F,4.619838255828075,-0.009502452934653648
ENSG00000204632,HLA-G,1.9163490016445832,0.4078571904745255
ENSG00000206503,HLA-A,6.831876420471881,2.147718744815424
ENSG00000066379,POLR1H,2.8510253888734844,2.8445717665483152
ENSG00000204619,PPP1R11,-1.117408093149889,-0.07831587428790662
ENSG00000204618,RNF39,1.9727993271285746,3.064556726839799
ENSG00000204616,TRIM31,7.416150727115168,2.567267148706011
ENSG00000204613,TRIM10,1.6808621418229177,0.9478266811899442
ENSG00000204610,TRIM15,7.752361608068922,4.419361840835467
ENSG00000234127,TRIM26,1.7401594700741057,1.2824195867725106
ENSG00000204599,TRIM39,0.4811472462231304,0.10795312537796425
ENSG00000248167,TRIM39-RPP21,-0.2997599523186048,-0.49395010484917323
ENSG00000241370,RPP21,0.39188612605257744,-0.028100840898300002
ENSG00000204592,HLA-E,0.25671991669590716,-4.738678854906962
ENSG00000204590,GNL1,1.3490704109581255,-0.3326621183043729
ENSG00000204576,PRR3,-2.6870852585627314,-0.9943790308841464
ENSG00000204574,ABCF1,0.35676992037040417,-0.7070950889725245
ENSG00000204569,PPP1R10,-1.4594299956872265,0.9131724703504741
ENSG00000204568,MRPS18B,-3.7630255069111804,0.26767733385900605
ENSG00000137343,ATAT1,-1.233000672498747,-2.2225085622320897
ENSG00000204564,C6orf136,1.6007907539815858,2.71993301215842
ENSG00000204560,DHX16,0.3053243898783234,-0.3961084127477515
ENSG00000146112,PPP1R18,6.66474828469329,0.06766039700025005
ENSG00000137404,NRM,2.8111686361253803,-1.4403908357115462
ENSG00000137337,MDC1,0.8917472178321969,0.6611430337260872
ENSG00000196230,TUBB,-2.3067068239314237,-2.796479897873493
ENSG00000137312,FLOT1,3.494455645414492,0.22434830449742224
ENSG00000137331,IER3,10.77376952786705,3.972380301616285
ENSG00000204580,DDR1,3.341033666088541,-3.7574130017473837
ENSG00000213780,GTF2H4,-2.954102601761941,-0.08510362983630804
ENSG00000137411,VARS2,-3.770631432691878,-2.021355813381022
ENSG00000204536,CCHCR1,0.6918002399553146,-0.49891468924858073
ENSG00000137310,TCF19,7.777337368482278,1.1591908683737335
ENSG00000204531,POU5F1,3.621373473629391,1.9232105757490707
ENSG00000204525,HLA-C,3.042701227530447,0.5732792035439306
ENSG00000234745,HLA-B,6.085839232639019,1.6992449696622465
ENSG00000204520,MICA,1.4686582536548813,2.002154441793348
ENSG00000204516,MICB,6.070495882085153,1.75680029195021
ENSG00000198563,DDX39B,0.43971740289373556,0.5782861110742648
ENSG00000254870,ATP6V1G2-DDX39B,0.42452063278861474,0.5604247051637237
ENSG00000204498,NFKBIL1,-0.7794281251291486,-0.792406970322295
ENSG00000232810,TNF,4.422631722359414,-1.4464970272279227
ENSG00000227507,LTB,6.704681635260151,0.16180462351515493
ENSG00000204482,LST1,3.3020798024530067,-0.6977615632810688
ENSG00000204472,AIF1,4.302408247467045,0.20778158126231497
ENSG00000204469,PRRC2A,0.9726869533735361,-1.2866477801752898
ENSG00000204463,BAG6,-1.2132082718411823,-0.8141507190117313
ENSG00000204444,APOM,-6.052156438128782,-0.6277056334819356
ENSG00000204439,C6orf47,2.7394285346104628,0.09538774817981177
ENSG00000204438,GPANK1,-5.747050649047081,-4.097629826185396
ENSG00000204435,CSNK2B,-0.5258250452705046,0.8768892626144138
ENSG00000240053,LY6G5B,-0.27336363305909356,-1.4608951673620627
ENSG00000204427,ABHD16A,1.602021617380374,0.09190468819967988
ENSG00000213722,DDAH2,1.082198253691749,-1.9597991100986265
ENSG00000213719,CLIC1,7.836824513173526,1.4889066728166422
ENSG00000204410,MSH5,2.1264396709882885,0.732304767695641
ENSG00000255152,MSH5-SAPCD1,2.4933106036577826,1.39524394197796
ENSG00000228727,SAPCD1,3.2418259274340913,2.241120795797927
ENSG00000204396,VWA7,5.961951746397396,2.461206739892552
ENSG00000204394,VARS1,1.7939243156434321,0.21945497783515558
ENSG00000204392,LSM2,3.2882645619725377,2.285250222681614
ENSG00000204390,HSPA1L,-0.3814315268438749,0.24840498309942735
ENSG00000204389,HSPA1A,0.5893197022009523,0.2750176915655182
ENSG00000204388,HSPA1B,1.7447446227924432,0.41349717599181285
ENSG00000204386,NEU1,3.3674973651198172,2.559857215901384
ENSG00000204371,EHMT2,1.4591523539064322,-0.7886051829076686
ENSG00000166278,C2,-2.7262993112329577,-1.3962358385446398
ENSG00000204366,ZBTB12,-4.642767402968233,-4.988922905576617
ENSG00000243649,CFB,-4.000634366687,-2.3953525184277127
ENSG00000204356,NELFE,-2.623739414350049,-1.9865229286326724
ENSG00000204351,SKIC2,0.44733896241035037,1.2326652265948175
ENSG00000204348,DXO,2.220877539784398,1.5141516459247628
ENSG00000204344,WHR1,2.3401472722637977,1.3170784409096659
ENSG00000244731,C4A,-5.415364682704876,-3.3838249238507387
ENSG00000224389,C4B,-5.2578668799437365,-3.331346631102366
ENSG00000231852,CYP21A2,3.655749916083059,1.9263216098615394
ENSG00000168477,TNXB,5.044632471626521,-0.45080213577306705
ENSG00000213676,ATF6B,-0.055462419802555916,-1.7777946327078116
ENSG00000204315,FKBPL,-1.4859814856194151,-0.271472884996926
ENSG00000221988,PPT2,-1.413315813716873,0.29378616482795045
ENSG00000258388,PPT2-EGFL8,1.1210280360395732,0.853370178065026
ENSG00000241404,EGFL8,2.5297462601902287,1.5380947218889605
ENSG00000204310,AGPAT1,1.7923246995655784,-0.17805200030828097
ENSG00000204308,RNF5,-4.364579971016165,0.7490146344613451
ENSG00000204305,AGER,0.8990122837209444,0.45065519574200036
ENSG00000204304,PBX2,0.5269669758093836,-0.779096582913252
ENSG00000213654,GPSM3,6.083463084992473,0.2611631790478771
ENSG00000204301,NOTCH4,1.2955456146113165,-1.2206818784973812
ENSG00000204287,HLA-DRA,6.340233466678286,1.4072911350436423
ENSG00000198502,HLA-DRB5,2.9657858338329697,-0.9907511075137792
ENSG00000196126,HLA-DRB1,5.510754339401949,0.12973523986423205
ENSG00000196735,HLA-DQA1,3.950811934956365,0.32667909271419115
ENSG00000179344,HLA-DQB1,2.997847516898563,-0.02799362098336688
ENSG00000237541,HLA-DQA2,3.667218225879548,-0.6123523502378321
ENSG00000232629,HLA-DQB2,3.8218581922119066,-1.5444353259633745
ENSG00000241106,HLA-DOB,4.085075584349111,-1.0842984913250049
ENSG00000204267,TAP2,5.931511335259973,0.49933173787430746
ENSG00000204264,PSMB8,1.486840692686498,0.3565786653576017
ENSG00000240065,PSMB9,1.2248356925979762,-1.6255929661968844
ENSG00000168394,TAP1,7.672737649869808,2.081247710146865
ENSG00000242574,HLA-DMB,6.7173793606764844,2.579166372349577
ENSG00000204257,HLA-DMA,8.295431837004664,2.922095468305058
ENSG00000204256,BRD2,-1.627209118190706,-0.4845017442969734
ENSG00000204252,HLA-DOA,6.329243091201535,-0.7264917724696223
ENSG00000231389,HLA-DPA1,5.503127754420358,0.4088337706942423
ENSG00000223865,HLA-DPB1,6.396163588914309,-0.7381154109536423
ENSG00000204248,COL11A2,-3.164329789623276,-2.5240610580536953
ENSG00000204231,RXRB,-0.9005467463049844,0.38866875034227594
ENSG00000112473,SLC39A7,0.42840135571938204,-0.12592384527850192
ENSG00000204228,HSD17B8,-4.468780493943849,0.9962663028563773
ENSG00000204227,RING1,-2.154916893956064,-0.3923579478462764
ENSG00000223501,VPS52,-2.452679070668984,0.5306129785009096
ENSG00000231500,RPS18,-0.07966290869176063,-0.25772260497028404
ENSG00000227057,WDR46,1.539446185839569,0.0372665244764317
ENSG00000204220,PFDN6,-0.8365223850693804,1.0635885396102067
ENSG00000237441,RGL2,1.6869471174412363,0.18854264651235875
ENSG00000231925,TAPBP,2.484136621823801,1.3549676033507616
ENSG00000236104,ZBTB22,1.3586898619871133,0.6386733884576532
ENSG00000204209,DAXX,6.47067518494186,2.0049733003682353
ENSG00000112511,PHF1,3.377346772690081,1.534786883519552
ENSG00000112514,CUTA,-1.9531293575685338,-0.42281127644838046
ENSG00000197283,SYNGAP1,4.5291360065365955,-1.507752022046526
ENSG00000213588,ZBTB9,1.248729568219963,-0.5340516605283961
ENSG00000030110,BAK1,5.281134278303237,0.4808965920415879
ENSG00000096433,ITPR3,5.475844971879353,-2.559838856768543
ENSG00000137288,UQCC2,1.16331065675253,0.6528552499314816
ENSG00000161896,IP6K3,3.468060655383874,1.9292416887314094
ENSG00000161904,LEMD2,0.7085624645624932,-0.07901129225840044
ENSG00000137309,HMGA1,5.9068728953918095,1.4162946487365156
ENSG00000186577,SMIM29,3.730231652202882,0.5822736737081227
ENSG00000272325,NUDT3,-3.718598896256707,-0.64175117720821
ENSG00000270800,RPS10-NUDT3,-1.1932057658093012,-1.258642592514697
ENSG00000124614,RPS10,-0.42062426238449907,-1.204509558528777
ENSG00000196821,ILRUN,-7.777914610757792,-1.6578591259361584
ENSG00000124562,SNRPC,-0.28865775181474373,1.0516653448594488
ENSG00000065060,BLTP3A,-3.0029707655302462,-2.723559470405302
ENSG00000064995,TAF11,-2.3818759248041586,0.9175822364967929
ENSG00000064999,ANKS1A,-3.2247887730935134,-4.281998961460832
ENSG00000065029,ZNF76,0.030982765244105145,0.1610986477646094
ENSG00000023892,DEF6,7.031539230643807,1.1857615462809437
ENSG00000112033,PPARD,4.5882739612422485,0.27325741197399694
ENSG00000112039,FANCE,1.8275492686782497,-0.8520400639508705
ENSG00000198755,RPL10A,-0.4114462132796651,-0.7567698930159044
ENSG00000007866,TEAD3,1.7923572520351976,-0.07337921648326362
ENSG00000096060,FKBP5,-1.5958798171008777,-1.0892482682109144
ENSG00000157343,ARMC12,-0.9704317601366685,-0.33483005121669374
ENSG00000096063,SRPK1,2.553998811267569,3.790094623529289
ENSG00000112062,MAPK14,-4.462375943046015,-0.17701746577750757
ENSG00000156711,MAPK13,5.642101916728202,-0.6074854539767447
ENSG00000096070,BRPF3,-5.793875294425227,-4.396663386449732
ENSG00000112078,KCTD20,-1.3437410347225551,-0.26219986552656466
ENSG00000112079,STK38,2.0255487044967007,1.9062518763477991
ENSG00000112081,SRSF3,1.749866660261809,1.3977597586248274
ENSG00000124762,CDKN1A,11.255225023353177,5.733572835957171
ENSG00000198663,C6orf89,-4.572427821019819,-1.7892611355404329
ENSG00000137168,PPIL1,1.9974244967844554,1.9374830225347526
ENSG00000137409,MTCH1,1.966815922942371,0.7562793940697186
ENSG00000146192,FGD2,2.1057956205433768,-2.999908937308489
ENSG00000137193,PIM1,4.55538058856479,2.5643609320419105
ENSG00000172738,TMEM217,8.360907342855743,4.309179524251988
ENSG00000065491,TBC1D22B,4.8599655190678295,3.29222303278915
ENSG00000112130,RNF8,1.343586811665814,1.8794504560046603
ENSG00000137200,CMTR1,-0.16394980108242752,0.28252015368218336
ENSG00000198937,CCDC167,-0.6497507017186631,0.16800836046373246
ENSG00000156639,ZFAND3,-4.867859630383865,-3.0746754686711206
ENSG00000183826,BTBD9,-3.4133532368352877,-3.8697527817779704
ENSG00000124767,GLO1,-3.3222838625465063,2.2905452486355338
ENSG00000112167,SAYSD1,-0.16577845857561435,3.143742547553255
ENSG00000164626,KCNK5,-5.4127082473300385,-3.6552279056380947
ENSG00000124780,KCNK17,-1.0699254889078933,-2.948189520520688
ENSG00000164627,KIF6,-4.937696402738447,-3.5908582819349304
ENSG00000146122,DAAM2,-8.494093701917894,-7.963818656398196
ENSG00000124615,MOCS1,-7.377360627048686,-3.4209972848760235
ENSG00000124602,UNC5CL,2.0571457897119574,1.6289100687170033
ENSG00000124596,OARD1,-6.9520006822739004,-0.2888555004792957
ENSG00000001167,NFYA,-3.2412330911097573,-0.693123006774054
ENSG00000095970,TREM2,10.951204582206103,4.616060482662056
ENSG00000137166,FOXP4,0.49503808093063156,-1.0814314939265588
ENSG00000112561,TFEB,0.6358112106958369,-0.7893402614926638
ENSG00000137218,FRS3,0.6492255800993763,-0.09208417300728321
ENSG00000278224,PRICKLE4,1.2037705732642385,0.7881090533567814
ENSG00000214736,TOMM6,-0.8260976687196958,2.04998498679517
ENSG00000164663,USP49,-2.5807741094469923,-2.2391740128794697
ENSG00000124641,MED20,-0.5382232021646576,0.576749212984343
ENSG00000112578,BYSL,5.760272888705473,2.328269461482179
ENSG00000112576,CCND3,6.855325787661225,0.04246976139750696
ENSG00000137413,TAF8,-2.2279332811226027,-1.7852591982247472
ENSG00000112599,GUCA1B,0.04198413901455972,0.7219930607347963
ENSG00000048544,MRPS10,-2.780139325785181,0.7675731841764891
ENSG00000124496,TRERF1,4.339369914780496,-3.0716985093246145
ENSG00000024048,UBR2,-5.6704697906610875,-1.1724020948733709
ENSG00000124659,TBCC,1.300445141716216,-0.14724132230545028
ENSG00000112624,BICRAL,-3.0543827083698027,-2.2149144226751574
ENSG00000146223,RPL7L1,-3.098750506171402,-0.08021421530468129
ENSG00000137161,CNPY3,-5.531170498751821,-2.79688650466634
ENSG00000124587,PEX6,-6.624438913069092,-3.198236927150392
ENSG00000124713,GNMT,-8.14186388703359,-1.5686734178879778
ENSG00000112640,PPP2R5D,-2.1207213123156046,-0.24630973848575405
ENSG00000124733,MEA1,-0.4303476395702407,0.3342339301814898
ENSG00000124702,KLHDC3,-4.938685382519444,-1.896130705376971
ENSG00000124541,RRP36,1.2002500436892605,0.8452357530477295
ENSG00000044090,CUL7,0.5121438687685802,-1.6038632486729092
ENSG00000137171,KLC4,-5.565216812668013,-2.8054490566714643
ENSG00000112651,MRPL2,-4.615673199810282,-1.5813259826870292
ENSG00000112655,PTK7,10.66699049964826,0.6994165546206702
ENSG00000112658,SRF,3.0383058655729025,1.3068980382774011
ENSG00000112659,CUL9,-0.18927510884258367,-0.8635265601454589
ENSG00000112667,DNPH1,-1.5409298445802475,0.42890280313337276
ENSG00000146216,TTBK1,-3.472184679179447,-1.8017008782209636
ENSG00000137204,SLC22A7,-3.822742046778949,-0.6993034900173877
ENSG00000146215,CRIP3,-1.5728237358629602,1.205033028825815
ENSG00000171467,ZNF318,-1.9146573190623022,0.4024772140271403
ENSG00000124574,ABCC10,2.8051910863517326,-0.7040953244910508
ENSG00000137221,TJAP1,1.1650794289510735,-0.049658138521559515
ENSG00000171453,POLR1C,-0.23605337433200926,0.6883788613786291
ENSG00000137207,YIPF3,-0.4988161670242251,-1.0625547450067774
ENSG00000124571,XPO5,-0.6048325907131603,-0.37875733141866563
ENSG00000170734,POLH,1.8570035202547197,0.3979625558410621
ENSG00000172432,GTPBP2,5.936712249511797,1.440272370074484
ENSG00000124688,MAD2L1BP,2.541965232618178,2.2733981255376214
ENSG00000172426,RSPH9,-0.529953744689955,0.7155438577478824
ENSG00000096080,MRPS18A,-2.234086334699771,-0.5413352451780401
ENSG00000112715,VEGFA,-1.0125711202660388,0.9116628045964944
ENSG00000180992,MRPL14,-2.5187307709214215,0.22181999907258296
ENSG00000137216,TMEM63B,-2.05968542663462,-0.5622328998927082
ENSG00000112759,SLC29A1,-2.1041552969519572,0.19314984422486325
ENSG00000096384,HSP90AB1,2.758922537626222,0.5055941623664104
ENSG00000157593,SLC35B2,0.9253930732305257,-0.5515581812177002
ENSG00000146232,NFKBIE,9.47909355739554,2.516070245123704
ENSG00000124608,AARS2,-0.6144432133864469,-1.5580539876409203
ENSG00000096401,CDC5L,-4.930038311351615,-1.671440630582397
ENSG00000196284,SUPT3H,-2.393331393501639,-2.3154466348359835
ENSG00000124813,RUNX2,6.601508378205115,-1.0348031841286383
ENSG00000112782,CLIC5,4.574369372796993,-1.6599335996063653
ENSG00000001561,ENPP4,1.1032255197851488,0.6069689579949463
ENSG00000112796,ENPP5,8.758381247219434,-0.06438173421585072
ENSG00000172348,RCAN2,6.842391494776667,-0.5256744320574025
ENSG00000146233,CYP39A1,-3.9291674792693256,1.6130364974557727
ENSG00000153291,SLC25A27,-1.0714657005484476,1.6385651209064134
ENSG00000180113,TDRD6,-1.9049786481471183,0.2163625216106419
ENSG00000146070,PLA2G7,6.989221288978488,3.3797271335321875
ENSG00000069122,ADGRF5,-0.3145039000407926,-1.5481725373109574
ENSG00000146072,TNFRSF21,10.50000945950601,0.5583141480880789
ENSG00000198087,CD2AP,-0.8169824524953018,0.1349166645707249
ENSG00000146085,MMUT,-6.83805728199701,-0.8264217825221576
ENSG00000031691,CENPQ,0.2524012565965449,0.33535631513001285
ENSG00000203972,GLYATL3,-7.558894408238663,-2.892921950072876
ENSG00000197261,C6orf141,-1.2915423448513965,-3.1270521585031856
ENSG00000170927,PKHD1,3.5854499964746673,-2.5020136607364263
ENSG00000112118,MCM3,7.232722638434161,1.535299867833191
ENSG00000170915,PAQR8,4.744552757578806,-3.9125145489187365
ENSG00000096093,EFHC1,3.774932643877935,1.5734523225172603
ENSG00000065308,TRAM2,-2.4280907370602223,-0.8408703434364407
ENSG00000096092,TMEM14A,-5.333319269858076,-0.39471809530995366
ENSG00000244067,GSTA2,-7.0119275913504024,-1.8102307550876247
ENSG00000243955,GSTA1,-7.440207198722627,0.7785021582682479
ENSG00000170899,GSTA4,0.9114824511543342,2.723428939142727
ENSG00000112144,CILK1,-0.5530217055857034,1.5863808251627178
ENSG00000112146,FBXO9,-6.051769099698044,-0.7159077432957609
ENSG00000012660,ELOVL5,1.3359217380786566,2.3333313891789413
ENSG00000001084,GCLC,-5.761123501296471,0.3753776406403004
ENSG00000124743,KLHL31,-0.028755922901388592,0.13577839258294208
ENSG00000137269,LRRC1,10.665651204407883,1.295932663771104
ENSG00000146147,MLIP,-0.108448534498371,1.0841956391375898
ENSG00000146151,HMGCLL1,-0.26746707946755277,-2.557225721977905
ENSG00000112175,BMP5,2.161069595287171,-1.2455160858745173
ENSG00000124749,COL21A1,-0.3437122113796294,-3.786350188788942
ENSG00000151914,DST,-1.3267408634276154,1.2106929404761388
ENSG00000168116,KIAA1586,-2.188045319459432,-0.3213484662845055
ENSG00000112200,ZNF451,-2.02988419586227,1.2456596385771141
ENSG00000112208,BAG2,-2.7652868770136743,0.14550828319726192
ENSG00000112210,RAB23,-0.938296239248408,-0.5814750687752419
ENSG00000146143,PRIM2,1.1621047337597072,-0.03677854442049206
ENSG00000146166,LGSN,-3.7815141263919143,1.6969456381959105
ENSG00000112245,PTP4A1,1.864236591855662,3.3757903564756226
ENSG00000118482,PHF3,-5.357900600151818,-1.9119262941524884
ENSG00000188107,EYS,1.052328314079977,0.08074817142762347
ENSG00000214558,ZC3H11C,-1.4312541009773379,1.8174785666483222
ENSG00000135298,ADGRB3,1.9042812671337441,-4.439445172768388
ENSG00000168216,LMBRD1,-2.3112709094551263,0.6142235657899953
ENSG00000082269,FAM135A,2.715409703552185,0.9721396000196176
ENSG00000154079,SDHAF4,-1.326977069599148,0.25030343513075726
ENSG00000112305,SMAP1,0.9402236349407783,1.547455501368331
ENSG00000112309,B3GAT2,2.1001861027016604,3.0871751648474954
ENSG00000119900,OGFRL1,5.082558624157352,0.3256278246148951
ENSG00000164430,CGAS,5.071194454647965,-1.1487168842301936
ENSG00000135297,MTO1,-7.010853429525169,-1.684750392497016
ENSG00000156508,EEF1A1,-2.645980910821137,-1.5795652160448863
ENSG00000119899,SLC17A5,0.2773718753334242,0.852374705627433
ENSG00000156535,CD109,6.80701538864389,1.5106324332598517
ENSG00000111799,COL12A1,5.541859086168493,-1.163948828027477
ENSG00000112695,COX7A2,-3.9674896981875727,-1.1743539154083125
ENSG00000112697,TMEM30A,0.41101698171800266,2.2820834572202595
ENSG00000118407,FILIP1,2.1676400584348485,-0.5819715251736411
ENSG00000112701,SENP6,-0.44279979037331607,1.354037972273404
ENSG00000196586,MYO6,2.853695482952617,1.893292045656497
ENSG00000269964,MEI4,-4.012595167328011,-2.072160479541698
ENSG00000146243,IRAK1BP1,-1.7376955237597438,-1.7600101684629132
ENSG00000146247,PHIP,-0.13937476505860585,-0.0668548822268062
ENSG00000118418,HMGN3,-1.5485967302782724,3.120587563872908
ENSG00000135338,LCA5,1.9750505829358216,-2.1568368231384465
ENSG00000198478,SH3BGRL2,-4.9700984171205835,0.8075222591853439
ENSG00000083123,BCKDHB,-10.574602935436086,-2.277504955151206
ENSG00000112773,TENT5A,0.6946373831496863,2.3233506753463806
ENSG00000005700,IBTK,-2.2608079580381735,0.3011035317226737
ENSG00000118420,UBE3D,-3.8342932369351703,-1.4848498357931421
ENSG00000083097,DOP1A,-2.5702956302347086,-0.31422308412981625
ENSG00000013375,PGM3,1.01240406386901,1.8746173950390135
ENSG00000013392,RWDD2A,-0.7878683293546351,1.584196269217701
ENSG00000065833,ME1,4.407918404578044,3.2863193672910076
ENSG00000065615,CYB5R4,-1.0750521087182736,-1.2487047308752213
ENSG00000135315,CEP162,-0.5713904574972807,-0.44411288727430737
ENSG00000135318,NT5E,-4.402127524562214,-2.206407195853919
ENSG00000135317,SNX14,-0.06818824913459141,2.1274813483421418
ENSG00000135316,SYNCRIP,-1.5219467042716006,-0.37201820655018564
ENSG00000188994,ZNF292,-0.3847781277627014,-0.10368653504453669
ENSG00000111850,SMIM8,-3.630719223335389,0.21420502590167892
ENSG00000164414,SLC35A1,-1.6294609777159854,1.3004875648288494
ENSG00000146282,RARS2,-3.19364059368179,-0.1181106764277479
ENSG00000135336,ORC3,-2.036496440149692,0.6633964706669985
ENSG00000135334,AKIRIN2,0.47700324192488003,0.7298298303575518
ENSG00000111880,RNGTT,-0.24583889058091585,0.992465445741603
ENSG00000146278,PNRC1,4.163179538891108,2.0182077785591512
ENSG00000146281,PM20D2,1.2388610950931547,-0.14040627893953123
ENSG00000111886,GABRR2,1.5404276103122996,0.1545640939645179
ENSG00000198833,UBE2J1,1.1630807551082878,0.7960939813749093
ENSG00000025039,RRAGD,-0.9234834729196951,0.46301446097591387
ENSG00000135299,ANKRD6,0.8246913173439047,-0.2923349922012022
ENSG00000083099,LYRM2,-2.148352492867495,0.30378126919579607
ENSG00000112159,MDN1,-4.959604253067962,-1.2989247272580298
ENSG00000118412,CASP8AP2,-0.575487601475423,-0.19608268304554205
ENSG00000112182,BACH2,-1.3581021254491636,-1.2283498852716217
ENSG00000135341,MAP3K7,1.14178143724512,1.9575790155723714
ENSG00000172469,MANEA,-2.738566059453958,0.019695987912222473
ENSG00000014123,UFL1,-2.9383064318846235,-0.15965660757487843
ENSG00000123545,NDUFAF4,1.9139387547075981,3.508610565999376
ENSG00000186231,KLHL32,-3.394844516292471,-0.48963416078474115
ENSG00000146263,MMS22L,2.726884589671434,0.3248594558821359
ENSG00000112234,FBXL4,-4.779642475780568,-0.7828150111407408
ENSG00000132423,COQ3,-2.0899783227564557,1.806140913138438
ENSG00000132424,PNISR,-1.52295860565927,-0.0048192922484121955
ENSG00000123552,USP45,-1.533386708296217,-0.477816715067903
ENSG00000112237,CCNC,-0.7969298599813389,1.8566990693305747
ENSG00000112249,ASCC3,2.6005881120429164,1.8194185249409647
ENSG00000085382,HACE1,-2.2621312438449555,-1.7522675770612373
ENSG00000085377,PREP,-1.243785822275088,-0.6861031693005619
ENSG00000057657,PRDM1,7.412944671134847,-0.5133699786601829
ENSG00000057663,ATG5,-1.8330175923854357,1.5786242393356194
ENSG00000112297,CRYBG1,-2.5491609434768283,-0.5111060973415068
ENSG00000130347,RTN4IP1,-2.77718330417425,0.02102338121455409
ENSG00000130348,QRSL1,-2.181292495112383,0.2841192207352293
ENSG00000272398,CD24,13.409382204389034,2.971183045766687
ENSG00000130349,MTRES1,-0.16723269657436135,2.4160848964251542
ENSG00000164494,PDSS2,-2.8053481541414036,0.6117629634847743
ENSG00000112320,SOBP,3.578915900680372,0.23149817494350866
ENSG00000146285,SCML4,6.334366913404352,1.590627161059889
ENSG00000025796,SEC63,-4.202522147657417,-0.4212515663246426
ENSG00000081087,OSTM1,4.357373011442327,2.910166142784583
ENSG00000112335,SNX3,-2.077707287013337,-0.25524039499967455
ENSG00000135537,AFG1L,-3.3447193319732658,0.16586786586489538
ENSG00000118689,FOXO3,-1.4957615548511458,-1.3958096071393415
ENSG00000118690,ARMC2,2.917572783452462,0.3539396545155839
ENSG00000080546,SESN1,7.205104687412243,4.768636926271547
ENSG00000183137,CEP57L1,-4.520255358072629,-0.06291742340987908
ENSG00000135535,CD164,-0.549169584724206,0.5279123728489833
ENSG00000135587,SMPD2,3.596556835433619,2.0068488989396647
ENSG00000135596,MICAL1,7.397023400052725,-0.956891431911452
ENSG00000112365,ZBTB24,0.6323704571307655,1.0254164412932425
ENSG00000155085,AK9,-4.072987713688781,-1.4554585525276427
ENSG00000112367,FIG4,1.0427542119796056,0.1088320751596894
ENSG00000112290,WASF1,0.07137714231763437,1.156885552241836
ENSG00000168438,CDC40,-3.3807639732219514,-1.3139669631745976
ENSG00000053328,METTL24,9.39456543377749,3.098812769223765
ENSG00000203797,DDO,-2.1069621376764216,0.2331870565275954
ENSG00000155111,CDK19,-3.6957327527094628,-2.2507210234066393
ENSG00000123505,AMD1,3.0384134783000403,1.3602611139950664
ENSG00000155115,GTF3C6,4.937134794082138,3.10461817102423
ENSG00000197498,RPF2,-1.2525732670954326,1.7984178333981065
ENSG00000112394,SLC16A10,-13.373583716472066,-3.9101521877989116
ENSG00000173214,SLC60A2,-4.425363261255801,-1.3869988564296127
ENSG00000009413,REV3L,-1.5635134488452422,0.26790289294934366
ENSG00000056972,TRAF3IP2,1.8218448652290804,0.0011170583890240389
ENSG00000010810,FYN,1.9198178580217689,-0.5576523559858992
ENSG00000112761,CCN6,-0.787239933741558,1.3459089250827418
ENSG00000074935,TUBE1,-3.8633586034785843,0.15007848614820357
ENSG00000203778,FAM229B,0.46405147034770067,1.0373291091192671
ENSG00000112769,LAMA4,4.434097097062186,-1.8287696210226247
ENSG00000277443,MARCKS,8.291796290299269,2.5712675894185826
ENSG00000196591,HDAC2,1.8359137746258853,1.5836266088670066
ENSG00000111816,FRK,-4.203000395439882,-1.6106842193689588
ENSG00000178425,NT5DC1,-4.202667706237851,1.2729944636878459
ENSG00000123500,COL10A1,2.9007306354333418,-0.5889406337591171
ENSG00000187189,TSPYL4,-2.6571245178234326,-0.8366640356042038
ENSG00000111817,DSE,0.9692415024635805,-1.7234031123830562
ENSG00000189241,TSPYL1,-0.5514460347592901,0.7765925384969059
ENSG00000188820,CALHM6,3.055198307161998,1.5814374588829274
ENSG00000178033,CALHM5,-0.06624350307936043,-3.3289485018652756
ENSG00000111832,RWDD1,-0.803560277654727,1.238654781727912
ENSG00000153975,ZUP1,2.4857852098252935,2.186291238192716
ENSG00000196911,KPNA5,0.4734088149414611,-0.4758422491143984
ENSG00000164465,DCBLD1,-0.18585736487929824,0.8772251734907092
ENSG00000047932,GOPC,-1.5631054818368264,0.5178829426277609
ENSG00000153989,NUS1,-1.9183480268012825,0.7553908505835135
ENSG00000111860,CEP85L,2.127248517158052,0.8779944600959524
ENSG00000111877,MCM9,-2.513238284957986,-1.251239575443204
ENSG00000111875,ASF1A,-0.8471587465743218,0.9660969044785365
ENSG00000111879,FAM184A,-6.69318112334376,-1.1851467694268285
ENSG00000111885,MAN1A1,-3.8273258928444935,-0.8164670137878264
ENSG00000146350,TBC1D32,-1.1044354772332725,-1.9295104027303902
ENSG00000152661,GJA1,6.346015336111179,-0.1030705687079212
ENSG00000025156,HSF2,-1.2507949506552798,0.6026920705820161
ENSG00000111897,SERINC1,-2.4697734166781546,-0.31017118848712366
ENSG00000172594,SMPDL3A,-5.887865651980296,-1.1107698054284083
ENSG00000146373,RNF217,-2.704498864915032,0.896505172749828
ENSG00000111907,TPD52L1,-5.9243130541005815,-1.359353231526731
ENSG00000111906,HDDC2,1.4968604346654675,1.471877240336612
ENSG00000135547,HEY2,-5.680341844783018,-2.239523008319442
ENSG00000111912,NCOA7,4.822239965414486,1.4069039002452994
ENSG00000111911,HINT3,-0.48013428029682315,1.2494349156845201
ENSG00000066651,TRMT11,0.10174819237069904,2.185217935986222
ENSG00000203760,CENPW,5.4082878238675125,1.8092899914190663
ENSG00000146374,RSPO3,-2.964429849395167,-0.5900999865196292
ENSG00000118518,RNF146,-2.2169745248281822,1.2595426482863261
ENSG00000093144,ECHDC1,-1.178319352725425,2.075244658290435
ENSG00000172673,THEMIS,5.297331695961394,-0.6643764073668628
ENSG00000152894,PTPRK,-4.3394150248120065,-2.020138547727835
ENSG00000196569,LAMA2,12.190831535654267,2.6675190705683534
ENSG00000146376,ARHGAP18,2.6359127381157936,-1.074364045814677
ENSG00000198945,L3MBTL3,-7.940187985637664,-4.71768469538255
ENSG00000164483,SAMD3,2.2338554832957462,-2.2390757029153634
ENSG00000256162,SMLR1,-9.0744108484842,-0.9534414601730697
ENSG00000079819,EPB41L2,-1.0207292794091338,-4.374113956552859
ENSG00000118507,AKAP7,6.744390223562166,2.3426061748998346
ENSG00000118520,ARG1,-4.817375168423412,1.2948183034283696
ENSG00000112282,MED23,-2.279479512029852,0.012228978707616307
ENSG00000154269,ENPP3,-8.704931915538097,-3.2982744971576627
ENSG00000180658,OR2A4,1.5109698872324158,0.05289376463686355
ENSG00000236761,CTAGE9,2.4191057729732757,2.0254861524467582
ENSG00000197594,ENPP1,-8.320069892452628,0.5315922116011386
ENSG00000118523,CCN2,8.86038247924704,3.044323926691445
ENSG00000079931,MOXD1,15.177596777635863,6.364024502262472
ENSG00000079950,STX7,2.3339083178694295,-0.3097259150718123
ENSG00000112299,VNN1,0.40077068656016435,1.7526361553955476
ENSG00000112303,VNN2,4.2193976399377915,-0.6964436421517725
ENSG00000146409,SLC18B1,3.2454875196027513,2.3168067256536036
ENSG00000112306,RPS12,1.6509637138255566,0.9306639128427527
ENSG00000118526,TCF21,0.4075967820059199,-4.060397308671345
ENSG00000028839,TBPL1,0.8129413295052024,2.051405533753694
ENSG00000146411,SLC2A12,-0.17781833393096522,1.1583585911237342
ENSG00000118515,SGK1,9.368197939781824,5.975865337716737
ENSG00000118514,ALDH8A1,-6.610283503642433,-0.1181761046079493
ENSG00000112339,HBS1L,-5.907204602069797,-2.2287434237286554
ENSG00000135541,AHI1,2.175309338620506,2.570988854830016
ENSG00000171408,PDE7B,-0.3828088029920812,-0.14288524958826757
ENSG00000029363,BCLAF1,-1.0682197411737016,0.2815188433775458
ENSG00000135525,MAP7,-5.47096858278918,-1.4793102261254993
ENSG00000197442,MAP3K5,-1.6525369170754585,-0.7279890454868977
ENSG00000112357,PEX7,-2.292812261219728,0.6837720402953753
ENSG00000027697,IFNGR1,6.975627611570364,3.258948341938313
ENSG00000118503,TNFAIP3,9.663472800634494,2.1117795976161027
ENSG00000112378,PERP,6.547124429812803,4.478151954332858
ENSG00000051620,HEBP2,-7.848340229650194,-1.563336378055659
ENSG00000135540,NHSL1,-8.348691405942851,-2.1246467990461197
ENSG00000024862,CCDC28A,-1.7498569527787284,3.5476363243913838
ENSG00000135597,REPS1,-5.7548902079075335,-0.1374345876641722
ENSG00000146386,ABRACL,5.196238139091679,4.090217557474717
ENSG00000112406,HECA,2.835241641034516,0.8567467430263296
ENSG00000164440,TXLNB,0.37138466314929935,-2.605055808290849
ENSG00000164442,CITED2,-6.805359879086893,-2.6319152695661163
ENSG00000009844,VTA1,-2.577044342244297,0.334558173170744
ENSG00000112414,ADGRG6,-5.426765094222513,-0.39401612197943586
ENSG00000010818,HIVEP2,2.7535545549025118,0.39261527118668577
ENSG00000146416,AIG1,-10.279871721258836,-0.5858038846962208
ENSG00000189007,ADAT2,-0.09187764303453462,1.1753408080699606
ENSG00000034693,PEX3,-3.332119518164887,0.07467309560066748
ENSG00000001036,FUCA2,2.9146266024973313,2.8242688754573346
ENSG00000112419,PHACTR2,3.0544771413804597,1.4235952874946562
ENSG00000135521,LTV1,0.5077664273322987,1.0845167633288308
ENSG00000118495,PLAGL1,5.823143018247113,-1.4979804811215789
ENSG00000169976,SF3B5,1.7950780122572645,0.8654165287762721
ENSG00000135604,STX11,7.086985772346025,2.157929349601141
ENSG00000152818,UTRN,1.226353809069903,-1.129274521478086
ENSG00000112425,EPM2A,-5.967945961608258,0.49172027402198676
ENSG00000118496,FBXO30,1.0029547011389133,0.7833839060013802
ENSG00000146414,SHPRH,-4.257414106680467,-1.3480571021750416
ENSG00000118508,RAB32,4.02749311091438,2.4205454276557923
ENSG00000164506,STXBP5,1.6889039601376918,0.01928616540565487
ENSG00000203727,SAMD5,-0.7139283858735634,0.31462615004902256
ENSG00000111961,SASH1,1.579593474252606,-0.6326283196904043
ENSG00000111962,UST,1.49797687792081,-2.874057701075789
ENSG00000055208,TAB2,-5.083555681941838,-0.42133061962658724
ENSG00000177688,SUMO4,-1.8577012678116018,-0.08580170132677614
ENSG00000131013,PPIL4,-1.1771039429158618,0.015318631908027736
ENSG00000055211,GINM1,-0.38870829991393085,0.8454782581068216
ENSG00000186625,KATNA1,-0.11231946194070033,0.1686516423498013
ENSG00000131023,LATS1,-0.8719392721244226,-0.09424153373677073
ENSG00000120253,NUP43,-0.2745831346086457,-0.10052442335847485
ENSG00000120265,PCMT1,-3.7284119622664296,-0.20680560304999074
ENSG00000120256,LRP11,-1.300342201981148,0.014656078986802086
ENSG00000009765,IYD,-6.964548972734093,-1.0042286877599569
ENSG00000120278,PLEKHG1,1.9594160337433064,-1.1367391881046596
ENSG00000120254,MTHFD1L,8.188954642989332,1.7674436195690812
ENSG00000131016,AKAP12,-0.7477246709993753,-0.9936773481892106
ENSG00000181472,ZBTB2,0.5665673890474693,0.9111838817013865
ENSG00000155906,RMND1,-8.454271956123685,-1.8117738119315538
ENSG00000146476,DCPH1,-1.4708157898216991,1.5760547332376575
ENSG00000120262,CCDC170,0.24081991162280636,-1.1612520695231767
ENSG00000091831,ESR1,-7.247448488682769,-1.2632961996459051
ENSG00000131018,SYNE1,-3.3981443046603514,-1.7144758664381292
ENSG00000120279,MYCT1,0.050425646865668854,1.2616465571721123
ENSG00000112029,FBXO5,0.5718334014097086,1.0749089245841865
ENSG00000112031,MTRF1L,-3.0188405692617635,-0.3212186565356792
ENSG00000074706,IPCEF1,1.5667304167196565,-1.9385356111298049
ENSG00000153721,CNKSR3,-6.858027891107187,-1.2503642688966077
ENSG00000213079,SCAF8,-2.8781142768776187,-1.8448853881688356
ENSG00000146426,TIAM2,3.716648751245986,0.334512342107373
ENSG00000029639,TFB1M,-5.796164307260225,-2.0687989337872783
ENSG00000049618,ARID1B,-0.9935900076638988,-1.4063774128564523
ENSG00000215712,TMEM242,-1.3411937888477796,1.7640553363316713
ENSG00000175048,ZDHHC14,-6.458249538482219,-2.5973191969753926
ENSG00000130340,SNX9,-1.923391350843999,-0.2722084811482302
ENSG00000078269,SYNJ2,1.2559058643395673,-1.5407769423020146
ENSG00000122335,SERAC1,1.9107143507590687,0.5912301062143244
ENSG00000272047,GTF2H5,-0.05325426129514166,2.3207372114548344
ENSG00000130338,TULP4,1.8235567534151191,0.3679335601113548
ENSG00000146433,TMEM181,1.7453051233983585,1.4407643200434257
ENSG00000146425,DYNLT1,6.592837334071693,3.6773110030047507
ENSG00000164674,SYTL3,8.409937213311196,3.552398965557839
ENSG00000092820,EZR,7.8173275984954325,1.3871212106034767
ENSG00000130363,RSPH3,-0.7159884972395628,-0.7327620522529128
ENSG00000164691,TAGAP,4.707754906677128,-2.727270058584034
ENSG00000164694,FNDC1,9.861951594612936,3.380529077567812
ENSG00000291237,SOD2,4.495616632222545,2.19585135571899
ENSG00000146457,WTAP,1.8679653977687103,2.139364306629473
ENSG00000120437,ACAT2,-1.4406659119496055,2.144790425643314
ENSG00000120438,TCP1,-0.8356505025684922,2.3173490183196357
ENSG00000112110,MRPL18,-1.005123474706312,1.267516467622061
ENSG00000197081,IGF2R,-1.6402569410532304,-1.4150213871209678
ENSG00000175003,SLC22A1,-6.3759340022447315,0.6824715777512543
ENSG00000146477,SLC22A3,-5.415873970936627,1.143923762978503
ENSG00000198670,LPA,-6.438911609526822,-0.7650914194200815
ENSG00000122194,PLG,-7.551050170416737,-2.376409721594601
ENSG00000085511,MAP3K4,-6.279222928132716,-2.402844653006487
ENSG00000026652,AGPAT4,4.040451735407815,-1.3858773397920905
ENSG00000185345,PRKN,-0.21293704490425527,-0.018979173017366076
ENSG00000112530,PACRG,-7.660425212935889,-2.7719506365289917
ENSG00000112531,QKI,0.11663417814542289,0.6998827004457373
ENSG00000112541,PDE10A,0.31904921774035294,-1.8999143497539632
ENSG00000176381,PRR18,-0.702033257690493,0.38696071566125034
ENSG00000198818,SFT2D1,-0.27410615326022647,0.5215767404932473
ENSG00000060762,MPC1,-3.9754449177617137,0.23844741084351442
ENSG00000071242,RPS6KA2,-1.9378823302701762,-2.787461667259529
ENSG00000026297,RNASET2,1.962547006963832,-0.8810688246146248
ENSG00000213066,CEP43,-7.22043353073774,-0.7174623902955735
ENSG00000112486,CCR6,6.859478987030956,0.4619792167805234
ENSG00000112494,UNC93A,-1.7893608041497626,-0.5400407963921592
ENSG00000120440,TTLL2,-4.181902836602862,-0.45144819005448417
ENSG00000130396,AFDN,-2.8756857709467742,0.016842280374046496
ENSG00000164488,DACT2,1.114509819203675,-0.645505563305906
ENSG00000112562,SMOC2,9.919126100078394,2.520070290283432
ENSG00000186340,THBS2,16.289097508313215,7.449591967703659
ENSG00000184465,WDR27,-0.7205954229559781,-0.4719019376754628
ENSG00000185127,C6orf120,-3.058236537439725,1.8500870937314624
ENSG00000130024,PHF10,-5.1845708189256206,1.1799934698294257
ENSG00000184786,DYNLT2,-1.6189923040190999,-0.525803238289488
ENSG00000130023,ERMARD,-4.931208539207052,0.5730662261124918
ENSG00000198719,DLL1,4.577559856164358,0.7857084459023206
ENSG00000112584,FAM120B,-1.6247793369571992,-0.5662914383533422
ENSG00000008018,PSMB1,-2.7987308262180695,1.161934826658781
ENSG00000112592,TBP,-0.049864397779793394,0.6364627937146395
ENSG00000071994,PDCD2,-2.06984482389575,0.6443351997673027
ENSG00000177706,FAM20C,-1.3754846174073956,-0.07012815642823239
ENSG00000197461,PDGFA,12.853218957060031,4.777503992061428
ENSG00000188191,PRKAR1B,0.6383120475630244,-0.6840569674999007
ENSG00000164818,DNAAF5,1.0496239121528026,-0.36405424949844717
ENSG00000164828,SUN1,0.777191781531477,1.3751597259804849
ENSG00000239857,GET4,-2.239824883673753,0.39691816556111453
ENSG00000240230,COX19,0.13639552867990845,-0.9261722243567977
ENSG00000146540,CHLSN,3.0791546224121302,0.828015250640474
ENSG00000164849,GPR146,-2.4443757995242286,-0.4092429963680946
ENSG00000164850,GPER1,-5.826203450101007,-1.2918411054522403
ENSG00000178381,ZFAND2A,-3.0378101007505007,0.646116253982607
ENSG00000164877,MICALL2,5.703569069714395,0.6776866801793195
ENSG00000164880,INTS1,-0.17472416532618737,-0.9045343985784566
ENSG00000198517,MAFK,5.879146686388732,1.4270223408120546
ENSG00000164855,TMEM184A,1.0875463363513052,-0.35431130037127173
ENSG00000157778,PSMG3,3.874339958563707,2.153365393520736
ENSG00000225968,ELFN1,-4.811160502398601,-2.1172733303519244
ENSG00000002822,MAD1L1,-1.1561047010179906,-1.8097326953784816
ENSG00000122687,MRM2,-1.6118256768548789,0.42139470420166597
ENSG00000106268,NUDT1,4.465180758436563,0.265030372191042
ENSG00000106266,SNX8,-0.6793387104755791,-2.1383308386170863
ENSG00000106263,EIF3B,-2.3942774361008703,-1.9082113533568983
ENSG00000136213,CHST12,-1.7074911202551775,-3.239470148683618
ENSG00000106003,LFNG,5.872228672095105,-0.9080725406925768
ENSG00000106009,BRAT1,1.5201480911823777,-0.03464956921291897
ENSG00000106012,IQCE,3.1333425891450233,-1.731181111527422
ENSG00000136295,TTYH3,7.032107721542993,2.1109148003875053
ENSG00000174945,AMZ1,-1.5330734175491667,-1.2283710609023086
ENSG00000146535,GNA12,5.713709184753373,1.334311496154265
ENSG00000198286,CARD11,4.71028200233994,-2.2240658391912635
ENSG00000164916,FOXK1,-2.5168934598285686,-4.134160395136053
ENSG00000242802,AP5Z1,1.4596588420397998,-0.22636651920823095
ENSG00000146587,RBAK,-2.7905069157829647,1.0502701956088154
ENSG00000157954,WIPI2,1.0435757403055719,2.138438518134156
ENSG00000164638,SLC29A4,0.7587317674533415,-0.7489242723704804
ENSG00000182095,TNRC18,-0.9532630370147258,-2.6244678413878115
ENSG00000155034,FBXL18,0.30844609645556736,-1.800765204988544
ENSG00000075624,ACTB,4.5177364016981825,0.7292239287799848
ENSG00000075618,FSCN1,1.9526350248721858,-1.0992950058840318
ENSG00000011275,RNF216,-3.705971098617498,-4.0721036986224615
ENSG00000122674,CCZ1,3.3599113773082716,3.654463676504332
ENSG00000122512,PMS2,-1.1895456477918709,0.3310341817427375
ENSG00000106305,AIMP2,-0.9102559099311384,0.2836142038466924
ENSG00000086232,EIF2AK1,-4.411743456518737,1.3903560633420398
ENSG00000106346,USP42,1.9966128821270879,1.2535755211301765
ENSG00000008256,CYTH3,6.812470854365917,-1.8338595061652123
ENSG00000178397,FAM220A,1.9203321611131583,1.0069919894244015
ENSG00000136238,RAC1,2.6943473174190187,1.4923095219071192
ENSG00000164535,DAGLB,0.5838420074535469,0.4785335592418283
ENSG00000136240,KDELR2,-2.25134074352012,2.4098453182574575
ENSG00000136247,ZDHHC4,-3.6355344744547184,-1.0541992298841756
ENSG00000146576,INTS15,-1.6580190994082262,-1.8806252912372508
ENSG00000205903,ZNF316,1.3937641180068174,0.06054258412170434
ENSG00000164631,ZNF12,-0.7516989641418182,0.8441728295705898
ENSG00000146574,CCZ1B,3.1742834583012804,3.3736907748594236
ENSG00000106392,C1GALT1,-3.5821530138081963,0.19969984143551775
ENSG00000215018,COL28A1,-9.534101377135324,-6.423855243307597
ENSG00000164654,MIOS,-7.541538663820556,-1.73161438880354
ENSG00000106399,RPA3,-2.6098792218349445,0.4102491647809397
ENSG00000219545,UMAD1,-2.707597299562863,-0.5522267124769998
ENSG00000106415,GLCCI1,-1.7421913174667238,0.5195908516213733
ENSG00000003147,ICA1,-0.6739514950474842,-0.4699830639636257
ENSG00000189043,COXFA4,-1.7248670701975972,0.8710461180710476
ENSG00000106443,PHF14,-2.607515394014748,-0.24643376542040593
ENSG00000005108,THSD7A,-0.8683362327150239,0.2360151759855079
ENSG00000106460,TMEM106B,-1.5213998169471499,0.41729776003344005
ENSG00000122644,ARL4A,6.556163988291496,3.053357833664785
ENSG00000006468,ETV1,-1.7258265732284308,-2.0305750286669517
ENSG00000136267,DGKB,-1.5464759671972768,0.1462079981923604
ENSG00000187546,AGMO,-7.814529148310865,-0.5412957836936703
ENSG00000214960,CRPPA,-4.172020736940028,-0.5297504847377087
ENSG00000106524,ANKMY2,-4.048391602930213,-1.816681218689951
ENSG00000136261,BZW2,-1.7965959302342092,-0.5635682645658145
ENSG00000106537,TSPAN13,-1.6152703745421402,-1.3715827834489633
ENSG00000106546,AHR,0.11773243413507727,2.5870829734811944
ENSG00000071189,SNX13,-1.949152046071508,-0.3520225075611756
ENSG00000048052,HDAC9,1.6198611427632676,-1.339364796181303
ENSG00000105849,POLR1F,0.19209266422453272,0.4646003925331994
ENSG00000183742,MACC1,9.672679198195507,-0.0070480347767670455
ENSG00000105855,ITGB8,6.832963270384375,-2.7157499516781987
ENSG00000105866,SP4,-1.439693934684918,-1.8043399929853812
ENSG00000105877,DNAH11,-0.7604549252486779,-1.1938871078988669
ENSG00000164649,CDCA7L,-3.305009628669087,-3.5635051220848784
ENSG00000136237,RAPGEF5,3.98098213879981,0.26061814794337235
ENSG00000196683,TOMM7,-2.275748596144572,-1.168110726118177
ENSG00000122591,HYCC1,-2.03760278889859,-0.8281500435934824
ENSG00000122550,KLHL7,-0.8581047833745862,0.24672972764564402
ENSG00000136243,NUP42,0.7755009827941549,2.2471770162390405
ENSG00000136235,GPNMB,9.239528571121337,3.8016042069918834
ENSG00000156928,MALSU1,-3.7491351321415483,1.4389212910808344
ENSG00000136231,IGF2BP3,-3.6615861709411095,-1.3035054897056753
ENSG00000164548,TRA2A,2.2059849210755242,2.787970762428065
ENSG00000169193,CCDC126,-2.546381677380099,0.30451983312816694
ENSG00000188732,FAM221A,-4.448784148758163,-0.7654567101718627
ENSG00000196335,STK31,-2.1538643913247957,0.4436490742590037
ENSG00000105926,PALS2,-1.1876142250565846,1.0861909425238971
ENSG00000105928,GSDME,2.2996803396015286,-1.3438706175537978
ENSG00000070882,OSBPL3,10.980621566463734,0.7719424176829652
ENSG00000172115,CYCS,5.046251944825206,3.9072406609367416
ENSG00000153790,SPMIP4,5.511596443599494,1.564964794106858
ENSG00000050344,NFE2L3,0.916074941667552,-0.26965089458746316
ENSG00000122566,HNRNPA2B1,-1.4618215055574595,-0.7679989067815004
ENSG00000122565,CBX3,1.4278130374750857,1.736223873957902
ENSG00000086300,SNX10,2.2137937234693967,2.7789250461813
ENSG00000005020,SKAP2,4.761831228977899,1.955921471439802
ENSG00000106049,HIBADH,-8.100043546535538,-0.7862229906957375
ENSG00000106052,TAX1BP1,0.9786843128238425,1.1899500650673793
ENSG00000153814,JAZF1,4.943772113434775,3.0335814306728714
ENSG00000146592,CREB5,8.941252781958491,1.0407947396719828
ENSG00000106066,CPVL,1.3692350071180157,-2.4536316292703915
ENSG00000106069,CHN2,-6.872419225776994,-0.42704253861364366
ENSG00000122574,WIPF3,7.973446299553873,2.0547893993597706
ENSG00000136193,SCRN1,7.694955181426074,-3.2452982195458717
ENSG00000106080,FKBP14,4.294844797062286,1.4897659207405338
ENSG00000106086,PLEKHA8,2.719476695972845,1.8523838139749527
ENSG00000180354,MTURN,0.948111521237583,-1.7657460912520662
ENSG00000180233,ZNRF2,-1.9690549236682877,0.7874943688316716
ENSG00000106100,NOD1,3.11023280819758,-2.1981908305967726
ENSG00000006625,GGCT,4.240919479929241,4.4691608401838705
ENSG00000106105,GARS1,3.6740403100809735,2.4359097036572677
ENSG00000241644,INMT,11.744557567768764,4.6578364605048375
ENSG00000254959,INMT-MINDY4,10.042940762686282,2.1211777515859405
ENSG00000106125,MINDY4,7.153487916491535,-0.11200834669758686
ENSG00000240583,AQP1,10.706115104981503,-1.5611184869078982
ENSG00000106355,LSM5,0.5429966069678231,2.7675262075564526
ENSG00000105778,AVL9,-1.469890470330768,0.02267342939581352
ENSG00000170852,KBTBD2,3.848296702147561,1.3323148275337837
ENSG00000122642,FKBP9,5.681959813987818,-0.34460786007775907
ENSG00000122643,NT5C3A,0.3184024274101423,1.4794431751908923
ENSG00000164610,RP9,-1.3932474655686526,0.245988937418474
ENSG00000122507,BBS9,-3.552381017747369,-2.78003050307918
ENSG00000164619,BMPER,-3.5535564195092277,-1.7987237817089041
ENSG00000173852,DPY19L1,-1.8649807515934447,0.10961592901461183
ENSG00000122557,HERPUD2,-0.11545007485202244,0.40935303929801026
ENSG00000122545,SEPTIN7,3.3963345195250683,0.4368708841684733
ENSG00000122547,EEPD1,2.7477275465495,0.30685505379203565
ENSG00000164542,MATCAP2,-0.9328617446437353,1.6291432700550603
ENSG00000011426,ANLN,5.66439852661296,1.6223349760327068
ENSG00000136250,AOAH,-0.1547850664689879,-4.010510234519361
ENSG00000155849,ELMO1,-8.247574499184065,-4.1849257561951525
ENSG00000086289,EPDR1,7.593082633553746,4.212343224499394
ENSG00000010270,STARD3NL,3.7623145524755506,0.9101831376752179
ENSG00000289746,TARP,2.492634649673817,-1.2376872732180457
ENSG00000006715,VPS41,2.836737800464881,1.3224049364919925
ENSG00000106536,POU6F2,-4.7325966136696005,-1.5075357922858275
ENSG00000241127,YAE1,-1.5935084408216673,0.324817457548095
ENSG00000006451,RALA,2.0051231304235215,0.6952997974706779
ENSG00000065883,CDK13,-4.3218405416245105,0.5548965745779063
ENSG00000168303,MPLKIP,-9.036066791531782,-1.5254577676048082
ENSG00000175600,SUGCT,-9.770962880643635,-1.2381458546869268
ENSG00000122641,INHBA,0.35005488433356696,1.0519600756305028
ENSG00000136197,C7orf25,-4.847382233509606,-0.12974975959851515
ENSG00000106588,PSMA2,-5.263005358200117,-0.384208357182127
ENSG00000106591,MRPL32,-3.7845856643705136,2.0936288357477446
ENSG00000106603,COA1,-1.6702500093231483,-0.5759620731110802
ENSG00000164543,STK17A,5.385619971379455,1.3139002422969008
ENSG00000106605,BLVRA,7.2995840253385,1.113730408322042
ENSG00000062582,MRPS24,-5.639031581190265,-0.8215993289767406
ENSG00000270617,URGCP-MRPS24,-5.559196679302052,-0.8235609707015409
ENSG00000106608,URGCP,2.5607139791534785,1.9914729404339817
ENSG00000078967,UBE2D4,-7.4680099105456,-0.5846459532670589
ENSG00000136206,SPDYE1,-2.946638831480921,-2.75163579958946
ENSG00000136279,DBNL,-1.495559269641616,-2.3702755939857956
ENSG00000164708,PGAM2,-2.975295216229237,-2.1083580488556444
ENSG00000122678,POLM,-1.4630457295280475,-0.8064917272421981
ENSG00000106624,AEBP1,12.339820686584186,5.1270975932902845
ENSG00000106628,POLD2,-3.034041114823299,0.6262727981058973
ENSG00000106633,GCK,-3.0663343886900876,-0.5133695843805909
ENSG00000106636,YKT6,2.508824978626281,0.7882293743220165
ENSG00000058404,CAMK2B,-3.0741387501810964,-0.20125845897590008
ENSG00000015676,NUDCD3,-3.6740767273580572,-2.8057536790686948
ENSG00000015520,NPC1L1,-0.4210090045734029,1.9741751455643302
ENSG00000136271,DDX56,0.03942015796685513,0.6994547373084972
ENSG00000158604,TMED4,-1.1186847617611355,0.59523607371112
ENSG00000105953,OGDH,-1.3699975095636372,-0.8490702155505091
ENSG00000122515,ZMIZ2,1.5492189670316237,-0.7667207982865701
ENSG00000196262,PPIA,2.5630661897941622,3.233597757356446
ENSG00000105968,H2AZ2,-3.419401853579054,0.4879402026520675
ENSG00000146676,PURB,0.32891027596808997,1.5093434914127728
ENSG00000136286,MYO1G,5.009658658240979,-1.9129208664736532
ENSG00000136280,CCM2,0.2081605742379844,0.13654984938093898
ENSG00000136270,TBRG4,0.07085537362594117,-0.07569381645549336
ENSG00000122679,RAMP3,1.4595114763106374,1.5937208106935197
ENSG00000164742,ADCY1,-12.465739803134863,-6.199635211284977
ENSG00000146678,IGFBP1,2.5846128900447547,1.6080121353572103
ENSG00000146674,IGFBP3,0.25598294012044975,1.058004948741584
ENSG00000136205,TNS3,1.5682895742647853,-1.0677766713676853
ENSG00000158683,PKD1L1,-0.7704135461383437,0.6086341493258117
ENSG00000136273,HUS1,-1.961492716293542,0.4705603293218518
ENSG00000183696,UPP1,2.6045759709332623,-0.40428269049495985
ENSG00000218305,CDC14C,-3.2531131411866383,-0.6362784396678179
ENSG00000185811,IKZF1,5.762141717280144,-1.8897358180662671
ENSG00000132436,FIGNL1,2.734679520090679,1.2698608749283562
ENSG00000132437,DDC,-7.222212706026397,-0.4678152136793999
ENSG00000106070,GRB10,-5.559496435060911,-2.763515668757888
ENSG00000106078,COBL,-9.679327934185867,-4.034548252437263
ENSG00000132432,SEC61G,0.7396081099032941,1.5659867460532748
ENSG00000146648,EGFR,-5.954075249566587,-0.301225764602431
ENSG00000132434,LANCL2,1.2326288481870873,2.215092684512672
ENSG00000154978,VOPP1,8.81189421837391,1.0238066090620148
ENSG00000178665,ZNF713,1.5990375247971458,-0.862828149835794
ENSG00000239789,MRPS17,0.38135915046125013,2.7250192416201653
ENSG00000146729,NIPSNAP2,2.467141402512896,0.6137203801304473
ENSG00000146733,PSPH,2.639953881720407,2.23783603969521
ENSG00000146731,CCT6A,5.0790402963610415,3.138777191592224
ENSG00000129103,SUMF2,2.7588004042784675,-0.7358025684965691
ENSG00000164776,PHKG1,3.0353895582225268,1.895973995560927
ENSG00000106153,CHCHD2,-2.3429150691497975,-0.44715384784224743
ENSG00000214652,ZNF727,3.5069890130680577,-1.2782703772004658
ENSG00000234444,ZNF736,1.5856049601224786,-0.8653347278715894
ENSG00000173041,ZNF680,-4.268904374071672,0.15670901756991173
ENSG00000196247,ZNF107,1.8357079227238433,-1.08320141442546
ENSG00000197008,ZNF138,-1.620417391964934,-0.029336525629979727
ENSG00000198039,ZNF273,2.5910719588779276,-0.9470812667525709
ENSG00000152926,ZNF117,3.396594897833194,2.5579405516224525
ENSG00000213462,ERV3-1,3.012217531421036,1.7116120520245928
ENSG00000146757,ZNF92,1.2129518114087972,0.6517030950844998
ENSG00000196715,VKORC1L1,-8.065977135046161,-2.451195863266711
ENSG00000169919,GUSB,1.153389622057816,2.0883493297196214
ENSG00000126522,ASL,-1.4772274070545481,0.38055580242420584
ENSG00000241258,CRCP,1.4407088075484127,0.8575729228232446
ENSG00000169902,TPST1,-2.1259810601082836,0.054797165670631316
ENSG00000243335,KCTD7,0.34474055816745874,-3.154705805509144
ENSG00000154710,RABGEF1,-2.056012967409697,1.2241496848855908
ENSG00000106609,TMEM248,-2.6555102065631373,0.9454057787615202
ENSG00000126524,SBDS,-1.3982936399988122,0.6855186961348304
ENSG00000198874,TYW1,-4.018535999655493,-1.496762613174557
ENSG00000158321,AUTS2,-1.1775647483962957,0.13944355136427178
ENSG00000277149,TYW1B,-1.8298980515255223,-0.4523739074094525
ENSG00000196313,POM121,-1.6618561075775053,-1.1364727782786768
ENSG00000155428,TRIM74,-0.6194026975533559,-1.3115235901409685
ENSG00000275976,SPDYE11,-3.884316226647017,-2.3010760244027453
ENSG00000274570,SPDYE10,-3.8451423210836384,-2.772327161978255
ENSG00000130305,NSUN5,0.8152158402625952,0.0977608050611829
ENSG00000009954,BAZ1B,-5.156717735584926,-3.4104005356663274
ENSG00000106635,BCL7B,1.485625366751389,0.32430681684456963
ENSG00000106638,TBL2,-0.7718768704547936,-0.6309998080379404
ENSG00000009950,MLXIPL,-0.802052258945307,0.6769568430007145
ENSG00000176428,VPS37D,-1.0048199206806718,2.1613180909369856
ENSG00000176410,DNAJC30,-1.5347025735068884,-0.0945273966700075
ENSG00000071462,BUD23,-0.3325870951709849,0.3960818833305378
ENSG00000106089,STX1A,3.4872049615982044,0.1523211009954889
ENSG00000106077,ABHD11,3.35919900867527,0.5589947156830032
ENSG00000049540,ELN,2.2323992280983176,-2.6622631916095534
ENSG00000106683,LIMK1,6.08375676726371,-0.29056702581393334
ENSG00000106682,EIF4H,-4.011866248296327,-1.5405332651491312
ENSG00000086730,LAT2,3.637684423834192,-0.6067059821019839
ENSG00000049541,RFC2,2.2441231947076306,2.001898355830943
ENSG00000106665,CLIP2,3.2825382746884975,-1.942112758835222
ENSG00000006704,GTF2IRD1,-2.585800663803877,-0.8738100894949894
ENSG00000263001,GTF2I,-1.1615978271958667,-0.8815179825928476
ENSG00000158517,NCF1,2.625965572717988,-2.6665882732118247
ENSG00000196275,GTF2IRD2,-5.6334530199359225,-3.377167015691252
ENSG00000274070,CASTOR2,3.5516035212160126,-1.2964887319679832
ENSG00000274523,RCC1L,-1.601862186035598,-1.200554328752091
ENSG00000174428,GTF2IRD2B,-5.941440924338102,-3.5611954707502465
ENSG00000286038,SPDYE13,-2.640353988583848,-0.38336975046791466
ENSG00000286137,SPDYE14,-2.873584033426364,-0.9390273286457531
ENSG00000272391,POM121C,-0.8130864297638923,-0.768567357050621
ENSG00000127946,HIP1,-0.7254330935202754,-2.115094872034508
ENSG00000106178,CCL24,0.9531756633534677,-0.051426425974913356
ENSG00000005486,RHBDD2,4.21821653842271,2.1257347718555835
ENSG00000127948,POR,0.8908053239318157,0.6901742480350577
ENSG00000189077,TMEM120A,-5.281483916661178,-0.44641715224022316
ENSG00000127952,STYXL1,0.6395761700786069,2.333683317200961
ENSG00000146701,MDH2,-1.6756857954967572,-0.8043490177263158
ENSG00000106211,HSPB1,1.4774510524949112,-0.6208851546263059
ENSG00000170027,YWHAG,0.5216099313476427,0.11378139329004536
ENSG00000146700,SSC4D,-1.92505600201735,-0.5088440164871425
ENSG00000188372,ZP3,0.6150570726423097,0.7257303035302013
ENSG00000091073,DTX2,0.18094535463019903,-1.8521889573789894
ENSG00000146707,POMZP3,-0.7988804472321113,-0.5544551649693468
ENSG00000186645,SPDYE17,-3.7979154968243907,-3.1565030494128896
ENSG00000205482,SPDYE18,-3.0318309832236148,-2.986372720122779
ENSG00000135205,CCDC146,9.647276475941005,5.362021765243701
ENSG00000127951,FGL2,3.233065379004116,-0.07840377828247233
ENSG00000186088,GSAP,-1.236875370173571,1.5510126552332368
ENSG00000127947,PTPN12,4.255946044997458,1.5698941601138867
ENSG00000187257,RSBN1L,-3.16429537943834,-0.38997806855869416
ENSG00000135211,TMEM60,0.5289464262653546,1.6960163269431043
ENSG00000006576,PHTF2,0.6485471174550627,-0.36012124100063037
ENSG00000187391,MAGI2,-3.748482572630573,-2.683883785735182
ENSG00000127955,GNAI1,-4.113508270358202,-0.2544281987833057
ENSG00000135218,CD36,0.6671225495457043,1.5642980492710068
ENSG00000075223,SEMA3C,4.397291927379291,-1.6069280918943205
ENSG00000019991,HGF,6.818866795819358,1.656755670732186
ENSG00000153956,CACNA2D1,6.801277586579468,0.910991829434976
ENSG00000186472,PCLO,6.058854173461689,0.2525836214569934
ENSG00000153993,SEMA3D,4.396269120945058,-0.8311133460354091
ENSG00000164659,ELAPOR2,10.395574781720104,2.164362434910038
ENSG00000135164,DMTF1,2.306007173199823,1.6614947185522326
ENSG00000135185,TMEM243,4.548716540310835,-0.08359688197463919
ENSG00000005469,CROT,-5.210338010081761,-0.6115189068645616
ENSG00000005471,ABCB4,1.8929786504822292,1.132933140228381
ENSG00000085563,ABCB1,3.6418466336488557,1.3531944363600823
ENSG00000105784,RUNDC3B,-4.598216980167652,0.7161948397031835
ENSG00000075303,SLC25A40,0.5562881986700484,1.7806393141681156
ENSG00000006634,DBF4,3.4344615879683946,2.814704145087651
ENSG00000008277,ADAM22,0.023587089988373618,-2.6395265215087167
ENSG00000075142,SRI,1.74191170163126,-0.29567728689309886
ENSG00000127954,STEAP4,5.348132644552055,0.9207354778556126
ENSG00000164647,STEAP1,-2.13741308933042,-0.4487681180205393
ENSG00000157214,STEAP2,-1.0389474963082446,-1.6827848425310699
ENSG00000105792,CFAP69,-0.21657821688217788,1.2246058682109329
ENSG00000157224,CLDN12,-2.961983608329801,0.9182123655753517
ENSG00000058091,CDK14,-4.925008313830715,-1.9478776755220841
ENSG00000251154,PTTG1IP2,-5.224903377453473,-1.6358877266197565
ENSG00000157240,FZD1,6.002467768546952,-4.643636646014902
ENSG00000127989,MTERF1,-3.1045684068212447,-0.3402997072737049
ENSG00000127914,AKAP9,-3.7920382313137524,1.2988354817588459
ENSG00000001630,CYP51A1,0.32763450202019884,3.3375700810098157
ENSG00000001631,KRIT1,-3.929462917552864,-0.5882508557346511
ENSG00000001629,ANKIB1,0.06029711200411805,0.5771769058457936
ENSG00000157259,GATAD1,-4.1098813206868074,-1.7905298235524676
ENSG00000127980,PEX1,-4.966454579733896,-0.9364352691665331
ENSG00000127993,RBM48,-5.531543402868511,-1.945942467225427
ENSG00000234545,FAM133B,-1.0417561650261762,0.12944887376353248
ENSG00000105810,CDK6,0.5456458898223804,2.4963351851337294
ENSG00000205413,SAMD9,3.1542006194965637,-0.2058939802311018
ENSG00000177409,SAMD9L,5.359338752449578,0.9708718160026781
ENSG00000004766,VPS50,-0.15559008611093408,0.8225430423557294
ENSG00000105825,TFPI2,2.4110172700451673,0.37256810828267156
ENSG00000127920,GNG11,3.7036135468045863,1.187323433553181
ENSG00000105829,BET1,-1.0395370027522104,1.1733238355090387
ENSG00000164692,COL1A2,12.608683620549389,4.637197856556048
ENSG00000127995,CASD1,0.3919678730749587,0.5464157275353935
ENSG00000127990,SGCE,-1.7158956007974835,-1.104214500503113
ENSG00000242265,PEG10,-0.9712716790977626,0.06724303679574681
ENSG00000158528,PPP1R9A,-1.013417990021051,-1.9459124752956882
ENSG00000005421,PON1,-6.605440399349716,-0.28259429605991604
ENSG00000105852,PON3,-7.970891318615759,-1.8743819926077137
ENSG00000105854,PON2,1.0827559166509624,2.3129695334975504
ENSG00000005981,ASB4,-7.7351670322942265,-1.885622379018111
ENSG00000004799,PDK4,-4.590179636342842,0.6688541698490247
ENSG00000004864,SLC25A13,-8.909956755497687,-1.3527285541149243
ENSG00000127922,SEM1,-3.342197673072985,0.2743585807628004
ENSG00000196636,SDHAF3,-3.8557357092137434,0.19192967302512323
ENSG00000070669,ASNS,6.45824031025636,2.494365869456689
ENSG00000164715,LMTK2,-4.710945589193901,-2.6668533420118545
ENSG00000205356,TECPR1,1.1854210239579226,-1.4772888898120065
ENSG00000164713,BRI3,-0.15753063681715132,0.2473203087176956
ENSG00000006453,BAIAP2L1,2.2770301942311453,1.2482821682061183
ENSG00000196367,TRRAP,-3.4420001840712886,-2.2180578135208986
ENSG00000198742,SMURF1,-0.7186386133199837,-1.680266380532042
ENSG00000241685,ARPC1A,-0.6536533470836238,0.2526456659460202
ENSG00000130429,ARPC1B,6.4798434563497285,-0.2146211537199874
ENSG00000106244,PDAP1,1.003162143693009,-0.1977876741836575
ENSG00000106245,BUD31,-1.9721226650280181,-1.2913520652382855
ENSG00000106246,PTCD1,0.13364383123583792,-0.12313691844065415
ENSG00000248919,ATP5MF-PTCD1,-0.4768236455543815,0.6631197708922989
ENSG00000160917,CPSF4,-1.2879569764492045,-0.5512199349026816
ENSG00000241468,ATP5MF,-0.9590129788254621,0.9934774727343525
ENSG00000198556,ZNF789,-0.9702492014841753,-0.1698171369998931
ENSG00000160908,ZNF394,0.6491288782726231,0.5738121249836315
ENSG00000196652,ZKSCAN5,-2.625355308201045,0.1569813936618098
ENSG00000221909,FAM200A,-1.9305671119161167,0.3838766133166233
ENSG00000197343,ZNF655,-2.147099889470081,-0.8846672637422109
ENSG00000244219,TMEM225B,0.03875960341889893,0.3236957199079372
ENSG00000197037,ZSCAN25,-3.2699016239675154,-0.24022180457785228
ENSG00000106258,CYP3A5,-3.288334135668826,0.8387686531163494
ENSG00000282301,CYP3A7-CYP3A51P,2.9978313385394593,3.840935401464031
ENSG00000160870,CYP3A7,3.626220434331903,4.585064666863154
ENSG00000160868,CYP3A4,-5.444210634366149,1.4839521729778178
ENSG00000021461,CYP3A43,-2.5259719489510326,2.870793473408141
ENSG00000146833,TRIM4,-2.2950834539836924,-0.5434084863566444
ENSG00000176402,GJC3,-4.057054027627416,-0.6332262138878032
ENSG00000160862,AZGP1,-8.892021267078947,-1.7971797595869416
ENSG00000106261,ZKSCAN1,-7.611163312382176,-1.668752983700436
ENSG00000166529,ZSCAN21,-4.240928740185181,-1.330042189478754
ENSG00000166526,ZNF3,-3.561635288235983,-0.10638144457819625
ENSG00000168090,COPS6,-1.3435021211278657,-0.29258687395003263
ENSG00000166508,MCM7,3.4166285091806965,0.7836523722824281
ENSG00000221838,AP4M1,3.7012754614142347,-0.7289686590882928
ENSG00000106290,TAF6,2.5110246902230595,-1.7444745673982438
ENSG00000166997,CNPY4,4.185487207713842,-0.6172439705802186
ENSG00000188186,LAMTOR4,2.2765879554711956,0.5771915284927859
ENSG00000146826,TRAPPC14,4.677680089851853,2.08088317643099
ENSG00000197093,GAL3ST4,8.580795545351934,0.35125125840048893
ENSG00000066923,STAG3,0.5904846858327623,0.04184327021061642
ENSG00000213413,PVRIG,1.7584840929468333,-1.2508111596791542
ENSG00000214300,SPDYE3,-3.4222199538520317,-2.9653995056018045
ENSG00000121716,PILRB,0.6965988176397346,1.310934366466788
ENSG00000085514,PILRA,4.728591203271816,0.9144818435383402
ENSG00000078487,ZCWPW1,-3.662880027646967,0.03899576263108482
ENSG00000146834,MEPCE,-0.6101325735065473,-0.382482394186154
ENSG00000160813,PPP1R35,4.138309787998042,2.433440488078569
ENSG00000166925,TSC22D4,3.007158527241572,-0.07420491259018
ENSG00000106351,AGFG2,-4.996755259765864,-2.0120712465932074
ENSG00000205307,SAP25,1.2226997986489034,0.12994390625594315
ENSG00000077454,LRCH4,2.457160089434278,0.19258975155484068
ENSG00000106336,FBXO24,-0.9644811827444304,-0.4348728868575248
ENSG00000106333,PCOLCE,-1.661332975293374,-0.2971619170747168
ENSG00000106330,MOSPD3,-1.4155889652626128,-0.35920719899165404
ENSG00000106327,TFR2,-4.980721611073078,-1.7617107957698646
ENSG00000172354,GNB2,1.661742622667353,-0.33223387277482247
ENSG00000146830,GIGYF1,-0.4712169608888463,-1.1356338900643783
ENSG00000172336,POP7,-0.5635416312014448,0.6667623411643699
ENSG00000130427,EPO,1.970883302721937,-0.510783659074436
ENSG00000196411,EPHB4,-2.1905778359745924,-2.3796621830358142
ENSG00000146828,SLC12A9,1.5966701537533619,-1.3627930942545405
ENSG00000087077,TRIP6,5.105603133040158,2.046403913991704
ENSG00000087087,SRRT,-0.03481940081127078,-0.24673681485691767
ENSG00000169894,MUC3A,1.7250275393197634,-0.3702286127393877
ENSG00000169871,TRIM56,-2.392594237823941,-3.4589978697867934
ENSG00000106366,SERPINE1,4.281956683725775,2.1510154977004907
ENSG00000106367,AP1S1,1.1767636534610517,1.7082779585209504
ENSG00000106384,MOGAT3,2.9511976207787565,1.5340950948699072
ENSG00000106397,PLOD3,3.597207209962438,0.5611142843166147
ENSG00000106400,ZNHIT1,-2.8587393065903344,0.18304289531705353
ENSG00000106404,CLDN15,-1.9497782327224822,-1.3187763656162519
ENSG00000214253,FIS1,-1.1246170444096042,-0.479839336554333
ENSG00000128581,IFT22,2.069433975564194,0.38912141189333627
ENSG00000160963,COL26A1,-0.861765167637149,0.4958183774437518
ENSG00000257923,CUX1,-2.846559270551008,-3.442564537235477
ENSG00000260097,SPDYE6,-1.803465346209816,-2.4910196326847904
ENSG00000128563,PRKRIP1,1.0280984965405089,0.16295093756541615
ENSG00000160991,ORAI2,5.562179998795298,-1.5382186964261038
ENSG00000160993,ALKBH4,0.5382587807371209,-0.10333084043827201
ENSG00000161036,LRWD1,-0.5980460911226811,-1.2440641997832453
ENSG00000005075,POLR2J,-1.9856202967402754,0.0051250153685496675
ENSG00000170667,RASA4B,1.3512153504981457,-2.4920909954235277
ENSG00000284981,UPK3BL2,-0.7206381205994519,-1.8076563634270135
ENSG00000205238,SPDYE2,-1.8353337394556357,-2.715413923478299
ENSG00000285437,POLR2J3,-2.4668163917095987,-1.3231163340109393
ENSG00000105808,RASA4,1.4206643158018821,-2.59221596515691
ENSG00000267368,UPK3BL1,0.23100565944251958,-0.4309108458395789
ENSG00000173678,SPDYE2B,-1.354807103193756,-2.6326774093426577
ENSG00000228049,POLR2J2,-1.3288227195104958,-0.7860537122266834
ENSG00000222011,FAM185A,-8.014662584602869,-2.4768907233156647
ENSG00000128606,LRRC17,4.764184793383313,1.3241006053749556
ENSG00000170632,ARMC10,-3.9823929689276936,0.006999005718811117
ENSG00000161048,NAPEPLD,-5.542208258675705,-1.0273070771550947
ENSG00000105819,PMPCB,-2.685183781384133,2.3611262064168628
ENSG00000105821,DNAJC2,1.4630664584962545,3.360563707164591
ENSG00000161057,PSMC2,-0.4053372221130321,1.4329256999922708
ENSG00000170615,SLC26A5,-4.2700296615839815,-0.21751450477712744
ENSG00000189056,RELN,-5.5088272981110205,-3.6692397776405468
ENSG00000164815,ORC5,-2.0365191050267826,1.4539744329968776
ENSG00000005483,KMT2E,-2.5561458045025893,-2.1592371480305563
ENSG00000135250,SRPK2,-1.2648741854780132,-0.5847404457243432
ENSG00000091127,PUS7,-1.2441259624704333,0.458453539229104
ENSG00000135249,RINT1,-2.277035504700657,0.13172142800231387
ENSG00000185055,EFCAB10,0.36532543257800776,1.7232484192540567
ENSG00000146776,ATXN7L1,-7.498647655252186,-3.808054971918765
ENSG00000128536,CDHR3,-4.190288609997567,-0.34344241657503977
ENSG00000008282,SYPL1,2.8116346511651424,1.4284290053881423
ENSG00000105835,NAMPT,0.9546480980450158,1.5178364503728827
ENSG00000253276,CCDC71L,5.541220253651443,2.728934766134395
ENSG00000105851,PIK3CG,6.157953871547148,0.1435447983005977
ENSG00000005249,PRKAR2B,-0.5410280232520698,-1.8653247730030722
ENSG00000105856,HBP1,-2.21247918698922,-0.6768778268187665
ENSG00000164597,COG5,-1.0761648461616853,-0.21497371937183343
ENSG00000105865,DUS4L,-1.326380276877547,0.8703640781277534
ENSG00000288558,DUS4L-BCAP29,2.023664685201073,2.6222525941258414
ENSG00000075790,BCAP29,2.2736421938978584,2.901073659456893
ENSG00000105879,CBLL1,0.02932550440546757,-0.6298574274238979
ENSG00000091140,DLD,-2.4667730785298687,-0.09111630498156613
ENSG00000091136,LAMB1,7.932886620706428,-0.23545309193837669
ENSG00000135241,PNPLA8,-1.8360767317186026,0.7850350917224
ENSG00000177683,THAP5,-2.625604960526758,0.29081819043838564
ENSG00000128590,DNAJB9,-0.6021446856468325,1.1801986026581157
ENSG00000184903,IMMP2L,-3.648427405359494,-0.6576851894796577
ENSG00000173114,LRRN3,-1.417307227732012,-1.4551779139129113
ENSG00000128512,DOCK4,-2.4305204711737107,-1.2724802741913397
ENSG00000198839,ZNF277,-1.2865795056790212,1.3781797074036297
ENSG00000006652,IFRD1,2.0024518820214823,3.731972211350548
ENSG00000181016,LSMEM1,-0.8151875785827656,0.8928465708164731
ENSG00000146802,TMEM168,-0.1903196352140919,0.2752882282052594
ENSG00000164603,SAMTOR,0.8655329878788045,-0.4246232790224616
ENSG00000214194,SMIM30,-1.0523675630743068,0.8498735934018073
ENSG00000128573,FOXP2,-5.2800776266463405,-0.3338584608911436
ENSG00000135272,MDFIC,4.616334249332579,1.7709029412114599
ENSG00000105967,TFEC,5.087027875743563,1.624257453449002
ENSG00000135269,TES,7.748209343262531,0.7803938873472128
ENSG00000105971,CAV2,8.265948733121832,4.616390791692419
ENSG00000105974,CAV1,3.523634304513198,-1.7685978896354506
ENSG00000105976,MET,-6.851641844776262,-1.1709120786201817
ENSG00000198898,CAPZA2,0.6563812929050781,0.9114274406774245
ENSG00000004866,ST7,-8.000193143941882,0.3067752319860693
ENSG00000105989,WNT2,-2.6679071147705495,0.9954183360050826
ENSG00000001626,CFTR,9.821051071538765,-1.673547847114384
ENSG00000077063,CTTNBP2,-2.036627935604169,-3.5988196993097294
ENSG00000128534,LSM8,-0.7345916426595651,0.8810774471069935
ENSG00000106025,TSPAN12,-3.2372090607660513,-0.6582812774121728
ENSG00000071243,ING3,-2.6012137712271794,-0.6588704629876929
ENSG00000106034,CPED1,-6.6940606368018996,-3.0068994048409023
ENSG00000196937,FAM3C,2.736028664476227,0.2257488748104453
ENSG00000008311,AASS,-6.112349933376322,-0.05121331165350366
ENSG00000081803,CADPS2,-3.3492097023818825,-2.6550998378885162
ENSG00000128609,NDUFA5,-1.1088550389774559,1.8435923143561461
ENSG00000106299,WASL,-2.6778265138487023,0.12093327598920627
ENSG00000170775,GPR37,-2.083522216941876,-1.479546006419982
ENSG00000128513,POT1,-3.5242582684627903,-0.5314934566087652
ENSG00000179603,GRM8,-1.8922592535962235,0.19130260695593282
ENSG00000048405,ZNF800,-1.2164081744800825,0.5995156112126595
ENSG00000179562,GCC1,-2.4155834078997493,-0.6063515559155755
ENSG00000004059,ARF5,0.4884982244761339,0.32048982117316827
ENSG00000197157,SND1,-2.888137399829287,-0.9547586341153174
ENSG00000128594,LRRC4,-2.8173026653617534,-3.706810934596019
ENSG00000106344,RBM28,-1.8419279303964755,-1.2911436337508897
ENSG00000106348,IMPDH1,5.247880135843222,-1.7394452729971324
ENSG00000135245,HILPDA,1.4241682169856282,-0.32242478396051055
ENSG00000165055,METTL2B,-3.057299329544717,-1.900483016027716
ENSG00000205085,GARIN1A,2.0569400415881884,0.8569902008617416
ENSG00000128595,CALU,3.781354931848281,1.5874707685476945
ENSG00000128617,OPN1SW,0.22859554495288584,-0.09154671984033744
ENSG00000128524,ATP6V1F,4.80918436808882,1.9911509571296218
ENSG00000128604,IRF5,1.6419001774305986,0.3646060814962729
ENSG00000064419,TNPO3,-6.50787741861698,-2.5989067028031823
ENSG00000158457,TSPAN33,-5.664277595789755,-1.5259157093849611
ENSG00000128602,SMO,-7.939743327768963,-3.0170729859781553
ENSG00000158467,AHCYL2,-2.6053309760107664,-1.1275578113282905
ENSG00000106459,NRF1,-0.5483260925086149,-1.2490971901991317
ENSG00000186591,UBE2H,-2.636076323667565,1.1819085033357388
ENSG00000091732,ZC3HC1,-4.466419193928776,-0.293527984349079
ENSG00000128607,KLHDC10,-9.290177726360634,-1.2054781797190095
ENSG00000146842,TMEM209,-1.12868589705146,-0.2550141094371679
ENSG00000106477,CEP41,1.6226043572154822,-1.986065924983564
ENSG00000106484,MEST,-4.775702288549719,-0.38725057419209447
ENSG00000158623,COPG2,0.8784134260737344,-0.1452153555933035
ENSG00000128585,MKLN1,-4.366654729122625,0.6438168440173802
ENSG00000128567,PODXL,7.621722459233186,-0.9323160618645641
ENSG00000221866,PLXNA4,1.4571264414180516,0.8181082620378181
ENSG00000106554,CHCHD3,-0.9258674495212535,-0.5264739650146801
ENSG00000131558,EXOC4,-4.866430128132833,-3.281155169800594
ENSG00000205060,SLC35B4,-4.682420732178503,0.3140665815649414
ENSG00000085662,AKR1B1,7.981821964740814,1.8883067257525818
ENSG00000198074,AKR1B10,11.891012349899432,5.310500936209713
ENSG00000172331,BPGM,0.04118980764894153,0.5163759966503183
ENSG00000122786,CALD1,1.276463990869034,0.5214304278972964
ENSG00000146856,AGBL3,3.189198004722494,-0.30281511156645136
ENSG00000122783,CYREN,-0.1939781810941318,0.13688808974481304
ENSG00000146859,TMEM140,1.187565727154035,1.84508566195039
ENSG00000105875,WDR91,2.1856270575286296,1.5364474355295472
ENSG00000080802,CNOT4,-2.3613533156441715,-0.13037750640285622
ENSG00000155561,NUP205,-0.9780848327150178,-0.8957209548312707
ENSG00000243317,STMP1,-0.7334259809983653,2.2661115561227083
ENSG00000189320,FAM180A,3.7686906432702516,1.00657057306368
ENSG00000105887,MTPN,1.1211543297746138,0.6522312213202668
ENSG00000181072,CHRM2,-0.20600865401181295,0.2943272137736022
ENSG00000105894,PTN,2.3082410187917044,-1.9700025064831201
ENSG00000182158,CREB3L2,-0.8866123081997656,-1.2588866373336922
ENSG00000122787,AKR1D1,-11.334808436176491,-3.080211832234107
ENSG00000122779,TRIM24,-7.927644792886065,-1.6640682453928686
ENSG00000122778,KIAA1549,1.3855140215648567,-0.7436632569551429
ENSG00000146858,ZC3HAV1L,5.1763349738857345,0.6396308821610118
ENSG00000105939,ZC3HAV1,-2.478104771153553,-1.0339592775521609
ENSG00000105948,IFT56,1.5666469473878648,-1.2951454229193533
ENSG00000157741,UBN2,-2.459096038323556,0.2413651112446079
ENSG00000164898,FMC1,-3.0217554648317173,-0.0725139040863726
ENSG00000146963,LUC7L2,-4.631194233713602,-0.895868749516593
ENSG00000269955,FMC1-LUC7L2,-5.592900349588629,-0.8589929767927731
ENSG00000064393,HIPK2,-6.362042196667575,-3.6243386655300998
ENSG00000059377,TBXAS1,0.46126721558549866,-3.9208243709959745
ENSG00000059378,PARP12,3.6386132815554886,1.5127257882822627
ENSG00000006459,KDM7A,-1.1764362574709895,0.4356586587907748
ENSG00000157800,SLC37A3,5.703081240405351,2.2929066444593387
ENSG00000133606,MKRN1,-2.3160212066430588,-0.5107410198993789
ENSG00000146966,DENND2A,-0.5324300204617705,-6.168975425270914
ENSG00000133597,ADCK2,0.2615374295293308,-0.39157573156736214
ENSG00000090266,NDUFB2,-0.06850913342272026,0.8882783074636319
ENSG00000157764,BRAF,-3.7252146649111193,-0.5520888598747252
ENSG00000090263,MRPS33,-2.7522389087182773,1.5598816799475814
ENSG00000006530,AGK,-4.365283500894961,-1.6351265720748964
ENSG00000257093,DENND11,-4.079821489706109,-2.068917567967481
ENSG00000106028,SSBP1,-1.2988293530069677,0.5440582324943938
ENSG00000106123,EPHB6,4.072135513442012,-3.065326131925733
ENSG00000197448,GSTK1,-3.3615486010210787,0.33793225132149335
ENSG00000178826,TMEM139,1.2014788437283699,0.9956902460412081
ENSG00000106144,CASP2,2.0671070425310076,-1.418909900878377
ENSG00000159840,ZYX,5.943614377669441,1.1729151313023118
ENSG00000146904,EPHA1,0.5230816859879567,-0.5595604681042001
ENSG00000271079,CTAGE15,2.297361734450643,1.469462349030227
ENSG00000170379,TCAF2,4.703264160222638,1.3557002452032427
ENSG00000271321,CTAGE6,1.376151139356976,1.3108492991591838
ENSG00000198420,TCAF1,0.2446843562691136,0.4837039755481403
ENSG00000213214,ARHGEF35,3.483337448865297,1.3462520080477287
ENSG00000288784,CTAGE4,3.646655028704277,2.1776861530631293
ENSG00000289604,CTAGE8,2.9759343442022246,2.140067785467924
ENSG00000050327,ARHGEF5,5.770390476408988,1.689242446666824
ENSG00000196511,TPK1,-1.6017263844950849,-1.1074486156018264
ENSG00000174469,CNTNAP2,-1.6680342724944452,2.246875850582997
ENSG00000055130,CUL1,-1.5401303795548078,1.9057268976465118
ENSG00000106462,EZH2,3.8093595516976606,2.9125007828661165
ENSG00000155660,PDIA4,-2.4016091203391103,-2.519556099171654
ENSG00000197362,ZNF786,2.096912031962016,1.0770926858833219
ENSG00000204947,ZNF425,-1.542693732817537,-0.3325872979306342
ENSG00000197024,ZNF398,-6.669817886190735,-2.7870917797963406
ENSG00000170265,ZNF282,-0.12302615617192769,-1.2175788853054874
ENSG00000170260,ZNF212,-1.8293688027657806,-0.7766994651753331
ENSG00000204946,ZNF783,1.74281944242572,-1.19966359282753
ENSG00000196453,ZNF777,-1.1732350368297628,-1.9756035710143227
ENSG00000181220,ZNF746,2.642475506740272,1.042931000223247
ENSG00000133619,KRABD3,3.2072021437480815,-0.8869902079414482
ENSG00000181444,ZNF467,-1.7170603545921839,-1.8410426341361883
ENSG00000106479,ZNF862,-1.3944548752923673,-0.860635971605491
ENSG00000171130,ATP6V0E2,-1.3998775563789359,0.3462763587457673
ENSG00000106526,ACTR3C,-5.160240764237604,-1.1350053486507359
ENSG00000127399,LRRC61,-2.299757942099887,-1.329162661510973
ENSG00000106538,RARRES2,-1.3897871564783806,-0.12384762381039648
ENSG00000214022,REPIN1,-3.721389066391214,-1.8567947744856013
ENSG00000284691,ENSG00000284691,-0.3749768554611421,0.5603810845351093
ENSG00000171115,GIMAP8,0.7503590917289354,-2.5805186149162243
ENSG00000179144,GIMAP7,2.11559835019709,-2.860556599391975
ENSG00000133574,GIMAP4,2.5454225360541707,-0.664289382543107
ENSG00000133561,GIMAP6,1.019561049266226,-2.953056876485144
ENSG00000106560,GIMAP2,-0.30476689080484737,-1.7480828940634154
ENSG00000213203,GIMAP1,1.5936510366277845,-2.8365150058281077
ENSG00000281887,GIMAP1-GIMAP5,3.769166487279399,-0.13852890897857859
ENSG00000196329,GIMAP5,4.121317830137101,0.7148471285127447
ENSG00000106565,TMEM176B,-4.9359959656753,-0.6056873856224244
ENSG00000002933,TMEM176A,-2.4051185376743147,0.8268678353399239
ENSG00000002726,AOC1,-1.6685905413509452,-0.8078937250560102
ENSG00000164867,NOS3,2.982161801269856,0.4122163686989985
ENSG00000197150,ABCB8,1.2215607319505288,0.022139948029176952
ENSG00000164885,CDK5,0.21303173379602178,0.4182817263207341
ENSG00000164889,SLC4A2,1.1132438286283692,-0.0886714320311143
ENSG00000164896,FASTK,0.5541938572430986,0.42698752276253876
ENSG00000164897,TMUB1,-1.3380264261826242,-0.44243663660173127
ENSG00000133612,AGAP3,-0.6106967856780607,-1.127786035259356
ENSG00000285292,ABCF2-H2BK1,5.301006625354956,0.7559888587164291
ENSG00000033050,ABCF2,6.216402391827016,1.8749682237344925
ENSG00000033100,CHPF2,2.395672463920678,-0.7159808475433258
ENSG00000082014,SMARCD3,6.160049242504202,-0.1810332411846689
ENSG00000013374,NUB1,-0.19368500816903186,-1.0196913765698488
ENSG00000187260,WDR86,4.717566069236665,3.1500453189195037
ENSG00000106615,RHEB,-0.30266331060475715,2.1178531731471573
ENSG00000106617,PRKAG2,-7.259394753395783,-1.680576466095514
ENSG00000178234,GALNT11,-2.9922089245239154,-1.3147644893753923
ENSG00000055609,KMT2C,-2.6018526991321935,-0.16529819823218084
ENSG00000133627,ACTR3B,-8.132286083986934,-3.513518826775298
ENSG00000157212,PAXIP1,-6.192650051148055,-2.155130041198796
ENSG00000186480,INSIG1,3.1327426611349907,4.134339506615426
ENSG00000184863,RBM33,-3.9992095814844477,-1.201674899047537
ENSG00000164690,SHH,-2.8993514212154285,0.3364018551868541
ENSG00000105982,RNF32,-4.640518248054514,-1.637666729388247
ENSG00000105983,LMBR1,-3.9778229158931206,-0.8948798890120416
ENSG00000146909,NOM1,-3.903981537678149,-1.6687369996079096
ENSG00000009335,UBE3C,-2.7057135986388716,-0.6622925692307217
ENSG00000105993,DNAJB6,3.5021117757010654,1.2056076072644462
ENSG00000146918,NCAPG2,-0.7835155806837872,-0.7762411028259696
ENSG00000117868,ESYT2,-1.0838516955324233,-0.7081800026966283
ENSG00000126870,DYNC2I1,-1.1123787419513786,-1.4871177306159753
ENSG00000172748,ZNF596,-0.8986887938218837,0.7452958919145111
ENSG00000147364,FBXO25,-2.4916504905797234,1.1886030872994517
ENSG00000180190,TDRP,-2.976122958750973,-0.1504564341654074
ENSG00000104714,ERICH1,-3.1718469798996276,-4.327914395937065
ENSG00000182372,CLN8,-2.201326401612037,-0.8177906213186604
ENSG00000104728,ARHGEF10,3.4608638535759297,-2.3374921313203685
ENSG00000176595,KBTBD11,-8.828449624342332,-2.691365019044253
ENSG00000036448,MYOM2,-4.431618929845774,-3.1108886881884885
ENSG00000147316,MCPH1,-3.427741935888683,-2.621719285389088
ENSG00000091879,ANGPT2,-2.678819923423286,-2.061600816541197
ENSG00000155189,AGPAT5,-3.450005162228945,-1.5216593559963711
ENSG00000164825,DEFB1,7.2351849653678855,3.674932534720152
ENSG00000275342,PRAG1,7.7180379324011605,0.8878536819955509
ENSG00000253958,CLDN23,-0.8414609992891008,1.1989147001735905
ENSG00000147324,MFHAS1,7.10738429236506,2.316093408978849
ENSG00000104626,ERI1,3.093668734105465,2.204121930323395
ENSG00000173281,PPP1R3B,0.48581863170659206,2.981052237200382
ENSG00000173273,TNKS,-3.6468877495642533,-0.6484147599069723
ENSG00000175806,MSRA,-4.547714729825625,0.1820166033275956
ENSG00000171056,SOX7,1.9364443179596194,1.866448910986791
ENSG00000254093,PINX1,4.571317971228895,3.57577926801674
ENSG00000104643,MTMR9,0.9177563014881142,0.6068977532650924
ENSG00000136574,GATA4,-0.783818331671054,1.1133015979764083
ENSG00000154328,NEIL2,-1.047734238765473,0.2580332104867833
ENSG00000079459,FDFT1,0.5401063698625338,1.9035781792584427
ENSG00000164733,CTSB,0.847000626218875,-0.8682684833564004
ENSG00000186523,FAM86B1,0.13593466884608932,-0.6866565118558033
ENSG00000154359,LONRF1,-0.9166478503281826,1.1974183102274178
ENSG00000250305,TRMT9B,3.5978989606515066,0.3159065712687966
ENSG00000164741,DLC1,0.5231558775626933,1.7149054371439805
ENSG00000164743,C8orf48,-0.1613141465034182,-0.6442148446450503
ENSG00000104723,TUSC3,5.434323357842572,0.4476605471168121
ENSG00000038945,MSR1,5.066199527421433,2.9625027428634305
ENSG00000155970,MICU3,-2.360423819806186,0.7245637602728273
ENSG00000104219,ZDHHC2,-0.19480992776340347,0.35764093790217594
ENSG00000198791,CNOT7,-2.942086192100876,-0.2001765105708024
ENSG00000155975,VPS37A,-1.3834393206939963,0.837415859308274
ENSG00000003987,MTMR7,-2.6904549599740477,-0.1218087862317509
ENSG00000003989,SLC7A2,-4.314268665354461,0.20319563301466106
ENSG00000129422,MTUS1,-2.7167106850019085,0.8331789894876771
ENSG00000104760,FGL1,4.15548692527129,2.6923267960763737
ENSG00000078674,PCM1,-0.5820736584780863,1.4083068416612572
ENSG00000104763,ASAH1,4.290343716270812,1.98488361931899
ENSG00000171428,NAT1,-8.707626682864772,-1.3079248140294706
ENSG00000156006,NAT2,-5.5586661304500184,0.6591155143184282
ENSG00000156011,PSD3,-2.8782013682222582,0.1494761768864685
ENSG00000104611,SH2D4A,-4.159927069747479,-0.8738106831298253
ENSG00000147408,CSGALNACT1,3.506213981320307,-2.8002612853671813
ENSG00000104613,INTS10,-5.889638236241753,-0.9342781581934151
ENSG00000175445,LPL,7.88027882222305,2.916532273505272
ENSG00000147416,ATP6V1B2,0.5688451797585707,0.43276530855797796
ENSG00000168546,GFRA2,-1.8332867140447955,-4.269119612663041
ENSG00000147443,DOK2,4.093362664769954,-0.2757084861330044
ENSG00000130227,XPO7,-1.417209443989066,0.5459888470896729
ENSG00000158856,DMTN,2.6247963742644953,1.029226465568456
ENSG00000158863,FHIP2B,2.2975797496785386,-0.47989237457193046
ENSG00000275074,NUDT18,3.099441848637699,-0.2363364004165666
ENSG00000168476,REEP4,3.3702267730610416,0.5584894574571934
ENSG00000168487,BMP1,-0.9859382167009273,-0.6295830818556584
ENSG00000168490,PHYHIP,-5.390591203308057,-4.164447867718695
ENSG00000168495,POLR3D,1.3389204320259007,-2.216138476092859
ENSG00000197181,PIWIL2,-4.92283389024565,-0.354103822622044
ENSG00000104635,SLC39A14,-4.2093541565274615,1.7553518701482953
ENSG00000120910,PPP3CC,2.838815167486981,1.552528956507187
ENSG00000120896,SORBS3,0.34971879469552075,-1.0277808435037852
ENSG00000120913,PDLIM2,-1.7307501577935367,-2.2200603706786413
ENSG00000241852,C8orf58,2.299113608325442,-0.06263668608499574
ENSG00000158941,CCAR2,2.116237159315385,-0.14683116314825576
ENSG00000147439,BIN3,1.6582493102062534,-0.05941437047022469
ENSG00000008853,RHOBTB2,2.495214274921344,-1.9430924247625379
ENSG00000120889,TNFRSF10B,8.256408826577896,5.397909118259562
ENSG00000173530,TNFRSF10D,5.242667371085108,4.316814240555816
ENSG00000104689,TNFRSF10A,5.149445988525586,1.8142704619388996
ENSG00000147457,CHMP7,1.6096791792891623,0.05414326546912508
ENSG00000104679,R3HCC1,-2.322843159608067,-1.2644824511377115
ENSG00000134013,LOXL2,8.72229143125846,0.3891943261284619
ENSG00000197217,ENTPD4,4.389483627297867,1.4604403026025754
ENSG00000147454,SLC25A37,-6.931918159024181,-2.2379680145590406
ENSG00000167034,NKX3-1,-0.08707247355149407,1.132626082060688
ENSG00000042980,ADAM28,6.760305998140885,-2.844205980818779
ENSG00000147459,DOCK5,2.1988447654306618,2.2112368961671267
ENSG00000147437,GNRH1,1.943813990846895,0.9216840066914349
ENSG00000104756,KCTD9,2.39359099909893,1.2234098073704414
ENSG00000221914,PPP2R2A,0.9361775950733765,2.152241366773632
ENSG00000104765,BNIP3L,3.6836896183634096,1.4533267103699754
ENSG00000240694,PNMA2,6.790087477796574,-0.41630070085465126
ENSG00000092964,DPYSL2,8.07897068916725,3.7557887375127352
ENSG00000120907,ADRA1A,-5.519529042461448,0.9678800484166893
ENSG00000104228,TRIM35,3.761044115951166,1.7604821517517197
ENSG00000120899,PTK2B,-4.8830484172476325,-3.038231067863208
ENSG00000120915,EPHX2,-9.967473299712156,-2.0626006188508255
ENSG00000120885,CLU,-3.582954905432584,-1.9058992626681086
ENSG00000168077,SCARA3,-4.988078445289244,-1.0690821979643546
ENSG00000147419,CCDC25,-4.058043720277684,-0.47069428391117757
ENSG00000168079,SCARA5,-2.408269360325392,-1.258445620876133
ENSG00000189233,NUGGC,-4.0623432265664725,-1.2522382552551314
ENSG00000134014,ELP3,-3.1127276600278404,-0.7625054639971044
ENSG00000186918,ZNF395,-8.561868898546166,-3.449047828506892
ENSG00000214050,FBXO16,3.386630896724439,1.0519780678629804
ENSG00000104290,FZD3,4.340701467033204,1.1572809082020599
ENSG00000012232,EXTL3,-2.9864033916550228,-3.076726969328201
ENSG00000104299,INTS9,6.998679804309415,2.779046700435489
ENSG00000147421,HMBOX1,-6.037399593515951,-3.2644763841539484
ENSG00000197892,KIF13B,-4.7184109541743045,-3.714805000098765
ENSG00000133872,SARAF,-1.3663326893692953,1.3906189643709657
ENSG00000104660,LEPROTL1,6.038474503717629,2.391958275093841
ENSG00000104671,DCTN6,-0.7602119214034967,0.40084090608681927
ENSG00000157110,RBPMS,4.160327177808658,0.9130450863375291
ENSG00000197265,GTF2E2,2.2957916992935172,3.02800848188178
ENSG00000104687,GSR,2.996332383920424,1.240326762200175
ENSG00000104691,UBXN8,-0.7458896063604237,1.6773865183085244
ENSG00000104695,PPP2CB,2.0843449791737796,1.5382947545310177
ENSG00000165392,WRN,-0.9335327673495504,-0.1768179460322734
ENSG00000157168,NRG1,8.730032739638851,6.716576726071253
ENSG00000172728,POFUT3,-2.904766482872511,-1.4862589611474923
ENSG00000129696,TTI2,-0.11716458756972431,0.7074447416492361
ENSG00000198042,MAK16,0.8792370793736977,2.0452078712115656
ENSG00000133874,RNF122,6.688312700614629,1.247470868426102
ENSG00000183779,ZNF703,5.998927176391682,-0.5657934078406629
ENSG00000147475,ERLIN2,-6.149361372996757,-2.8625081873082054
ENSG00000147471,PLPBP,-5.227342704033769,0.6799466180632222
ENSG00000020181,ADGRA2,6.473248634590051,-3.2112961956698083
ENSG00000104221,BRF2,4.3931423245294035,-0.8865505577757138
ENSG00000156675,RAB11FIP1,5.341571902207646,-0.6758526701343394
ENSG00000187840,EIF4EBP1,-1.1733832471237848,1.0711728902542583
ENSG00000129691,ASH2L,-6.813878654330756,-2.5437194552614186
ENSG00000175324,LSM1,0.6590479199506356,2.028643292448979
ENSG00000156735,BAG4,-2.285825931988117,1.4093615956427519
ENSG00000085788,DDHD2,-2.4934200207889115,-1.8839812765134714
ENSG00000147535,PLPP5,-1.1330937900161306,0.27347941709658125
ENSG00000147548,NSD3,-1.1574279349621392,-0.7061809755587922
ENSG00000077782,FGFR1,0.9424528830903012,-6.342545169233058
ENSG00000147526,TACC1,4.875519359195528,0.14013765418197097
ENSG00000169499,PLEKHA2,2.216849731940301,-0.43862187999200203
ENSG00000169490,TM2D2,-4.302882694761296,0.003455970024484755
ENSG00000168615,ADAM9,1.6044917141187842,-1.5636800872085534
ENSG00000131203,IDO1,3.4809186801538687,-1.5941401809652067
ENSG00000188676,IDO2,-0.26479061786306707,3.230005793431829
ENSG00000176907,TCIM,2.859590058568551,1.9960802089415965
ENSG00000104332,SFRP1,-0.8820526418156331,-1.5718094042470945
ENSG00000147533,GOLGA7,0.7678426903907849,3.0088904320244736
ENSG00000158669,GPAT4,2.50227190958313,2.649338491538875
ENSG00000083168,KAT6A,-1.8090303505154552,-1.423742052693486
ENSG00000070718,AP3M2,4.781854062664557,-0.1373797018265677
ENSG00000104368,PLAT,8.24877233415991,-0.07611785405689922
ENSG00000104365,IKBKB,4.246612966425142,1.1971182737784543
ENSG00000070501,POLB,3.017788771344727,3.725912267499576
ENSG00000078668,VDAC3,0.84495663682465,3.3872349138540807
ENSG00000168575,SLC20A2,-9.253473107417667,-2.916646174021595
ENSG00000176209,SMIM19,-5.662374134581244,1.4584528622827773
ENSG00000131931,THAP1,-0.38484096170974585,0.990162586482116
ENSG00000120925,RNF170,-5.813902452624278,0.034114671872960266
ENSG00000168172,HOOK3,2.1498663143743735,0.8230095756196745
ENSG00000168522,FNTA,1.382958580065291,2.621849549296478
ENSG00000185900,POMK,-2.235883514693141,-2.068212256906466
ENSG00000165102,HGSNAT,0.6637163106050995,1.5454534331104477
ENSG00000164808,SPIDR,1.275526459516611,1.4087095433430141
ENSG00000221869,CEBPD,3.262786147393242,2.1371134136323424
ENSG00000253729,PRKDC,0.5064220088270086,0.6123967697081629
ENSG00000104738,MCM4,4.404411815580121,1.3605600060075769
ENSG00000169139,UBE2V2,-0.37311309296604944,1.9947220543731454
ENSG00000019549,SNAI2,-0.3445462339882689,-2.2296583394476706
ENSG00000147481,SNTG1,-8.661973321687391,-2.7550067018945614
ENSG00000168300,PCMTD1,-0.7756067288625295,1.2599282058043901
ENSG00000023287,RB1CC1,-1.0595069135099995,0.3907172759688066
ENSG00000288611,NPBWR1,2.8760780207357177,0.4608509438762887
ENSG00000047249,ATP6V1H,1.08812449452312,0.5621718282943993
ENSG00000187735,TCEA1,-3.605333124778893,-0.8539313890785394
ENSG00000120992,LYPLA1,-1.4023904328205599,1.152942505206265
ENSG00000137547,MRPL15,-1.1991249940309028,2.414466743454833
ENSG00000167904,TMEM68,-0.12987794936736932,2.241065975310386
ENSG00000137574,TGS1,-2.896006519311608,-2.291563480740132
ENSG00000254087,LYN,3.908618936487711,-0.2462770852273265
ENSG00000008988,RPS20,-0.982449848507679,0.41965911933992067
ENSG00000181690,PLAG1,-3.950552884085126,-3.9508311061862376
ENSG00000170791,CHCHD7,-6.19331694561859,-2.714254864544749
ENSG00000104331,BPNT2,0.15581574944848434,2.38276597713023
ENSG00000169122,FAM110B,-5.523529370753742,-2.4894177258787895
ENSG00000215114,UBXN2B,-3.4154583447655695,0.25663097777585575
ENSG00000167910,CYP7A1,-0.9915222069374381,3.21603755617694
ENSG00000137575,SDCBP,2.9261754924065633,1.9067231051907807
ENSG00000035681,NSMAF,5.553760809441369,1.637199225217003
ENSG00000198846,TOX,3.0328040991689105,-2.213964342870675
ENSG00000104388,RAB2A,-1.0062363650078403,2.227301814930214
ENSG00000171316,CHD7,2.7352467779572414,1.0716800673971532
ENSG00000177182,CLVS1,1.0172382592643763,2.416837212022895
ENSG00000198363,ASPH,-0.9434727230537167,-0.5148410049610127
ENSG00000137563,GGH,-2.102622836509601,1.024786340112405
ENSG00000137561,TTPA,-4.542774718427599,0.7167943609688273
ENSG00000185728,YTHDF3,-0.8843651401049742,1.183065794303594
ENSG00000172817,CYP7B1,-2.0295901806032823,-0.20024465774855954
ENSG00000104442,ARMC1,-1.7581554393089815,0.555617834756368
ENSG00000066855,MTFR1,-7.304773081732604,-1.773838221185391
ENSG00000205268,PDE7A,2.8720507006486318,-0.6375544095100371
ENSG00000147573,TRIM55,-6.357403283566923,-2.8672544931269144
ENSG00000179041,RRS1,1.0208213725683184,-0.6364891709871494
ENSG00000147576,ADHFE1,-7.483097008221253,-0.7574729077795306
ENSG00000169085,VXN,-1.2658551885919678,2.2857137654604647
ENSG00000185697,MYBL1,2.659099383829492,0.47691427354743304
ENSG00000175073,VCPIP1,-1.3317265178610402,0.004189484505553588
ENSG00000288602,C8orf44-SGK3,-3.4727114575844924,-0.8985939495656733
ENSG00000104205,SGK3,-3.1419500905400652,-0.800479602878484
ENSG00000178460,MCMDC2,-0.454589306922893,1.0918891325276874
ENSG00000121022,COPS5,-0.7456398005923195,2.3611514542737986
ENSG00000104218,CSPP1,-0.6557511108481745,-0.20339891402598542
ENSG00000066777,ARFGEF1,-3.3263535950178533,-1.6119009058255185
ENSG00000046889,PREX2,0.3319845350481719,-0.9177546426259873
ENSG00000137573,SULF1,4.5287563930818076,-2.3400700259841813
ENSG00000137571,SLCO5A1,1.0274465806661839,-0.8081117629448105
ENSG00000140396,NCOA2,-3.7313099210667757,-1.456554699952276
ENSG00000067167,TRAM1,0.19817929283104713,0.6885552437683321
ENSG00000147592,LACTB2,-1.9805770532908007,1.0329600745258722
ENSG00000221947,XKR9,-1.0831514491393974,0.4184555685468204
ENSG00000178860,MSC,7.581491945005498,-0.06274384674756903
ENSG00000147601,TERF1,-3.7514911820366765,-1.2742727876830349
ENSG00000164764,SBSPON,1.1763439548222407,-1.5379760937513403
ENSG00000147604,RPL7,-1.949999443624791,-0.4554061448441446
ENSG00000121039,RDH10,-2.375701904441177,0.7907063784157301
ENSG00000040341,STAU2,-2.9615331653454384,-0.13994252121549008
ENSG00000104343,UBE2W,0.29451562202437603,1.5565978631960389
ENSG00000154582,ELOC,0.36134572415012617,2.0237575378394412
ENSG00000175606,TMEM70,1.0776229053984194,2.949558366450434
ENSG00000154589,LY96,4.990871968734262,2.6644074191426084
ENSG00000104381,GDAP1,0.4988672357936724,-1.9577569649256852
ENSG00000121005,CRISPLD1,-0.5136685054692507,-1.8950408068801627
ENSG00000164749,HNF4G,-3.199231414556482,-0.31190421052159767
ENSG00000091656,ZFHX4,-5.226988340027804,-1.2303727866303082
ENSG00000164751,PEX2,-4.194408578008604,-0.9996379286649935
ENSG00000104427,ZC2HC1A,3.7947816834564496,-1.1310068761635963
ENSG00000104432,IL7,-0.591646469342717,-0.41638458650960625
ENSG00000164683,HEY1,4.624077261649161,-0.1225564695187403
ENSG00000147586,MRPS28,-1.3465872155532013,1.7732755794121675
ENSG00000076554,TPD52,-2.966005898097388,-0.8012329626507767
ENSG00000205189,ZBTB10,-2.2319256628347657,0.6607501924238454
ENSG00000164684,ZNF704,0.7014161563194241,-0.9586044436341706
ENSG00000076641,PAG1,6.0396253455978295,0.8168488816416207
ENSG00000164687,FABP5,9.499746940310215,3.2133888355643445
ENSG00000170323,FABP4,9.773394175447748,3.160811098749578
ENSG00000133731,IMPA1,-4.050885355411233,0.9359379182692779
ENSG00000253598,SLC10A5,-5.71835125669995,-0.8064487502019421
ENSG00000104231,ZFAND1,-3.1484335568918347,0.8896470921376064
ENSG00000164695,CHMP4C,0.09028701973181673,-1.6247905445708457
ENSG00000104497,SNX16,0.5734699641487212,0.5889374892475328
ENSG00000133739,LRRCC1,-2.228566994796938,-1.459039188785034
ENSG00000133740,E2F5,1.8147611904934582,1.4326468372152632
ENSG00000176731,RBIS,-2.4737301133792444,0.7457679700144
ENSG00000185015,CA13,-5.101736788240501,-0.47201262667679655
ENSG00000164879,CA3,0.403161248579971,-0.45085772786055905
ENSG00000104267,CA2,-4.978736415322504,-1.6926675364047437
ENSG00000123124,WWP1,-5.917710680967666,-0.9425490301767137
ENSG00000176623,RMDN1,-6.322710870182716,-0.14352327862119146
ENSG00000085719,CPNE3,-1.8695800700462626,0.8623472447403828
ENSG00000104312,RIPK2,5.8461393849244825,2.7130134952385623
ENSG00000164823,OSGIN2,0.7007660519570789,1.1409312995715415
ENSG00000104320,NBN,-0.9215536181225568,-0.55804686903927
ENSG00000104325,DECR1,-0.30719774100069486,5.310064877345049
ENSG00000180694,TMEM64,-1.7889860246454086,1.6148582822869704
ENSG00000155099,PIP4P2,7.762810186996534,1.4977753850784754
ENSG00000155100,OTUD6B,-0.23258469485028962,-0.6836339244515104
ENSG00000079102,RUNX1T1,2.9498969118297165,-3.1567122974809183
ENSG00000205133,TRIQK,-0.6661550820777085,0.930662143814972
ENSG00000188343,CIBAR1,-1.6415203175370618,0.42842238634038415
ENSG00000183808,RBM12B,-2.277647216114922,-0.9255333141188947
ENSG00000164953,TMEM67,2.585955849298185,-0.4385836683587142
ENSG00000164951,PDP1,3.6711878183443107,-1.3257671651585121
ENSG00000164949,GEM,13.309705642253544,4.522826160807948
ENSG00000197275,RAD54B,-3.7771606518498353,0.8779453488627474
ENSG00000265817,FSBP,-4.042778878819482,-0.6913408160495275
ENSG00000164944,VIRMA,-3.773445809184263,-0.31595652442682015
ENSG00000156162,DPY19L4,-1.9811385523287592,-0.05374794641467614
ENSG00000164941,INTS8,-0.471619093143509,1.6974533628377089
ENSG00000175305,CCNE2,2.988747048857407,2.4955934318621886
ENSG00000156170,NDUFAF6,-1.4307185501699624,2.5206003235496643
ENSG00000164938,TP53INP1,1.5300521486089993,3.4236747565523546
ENSG00000175895,PLEKHF2,0.04885941756580255,0.3405720043885301
ENSG00000156172,CFAP418,-0.10578062016470806,0.6257558396357826
ENSG00000156467,UQCRB,-1.4284210352410625,1.5922485872025058
ENSG00000156469,MTERF3,1.2303924949633926,3.9512110247764123
ENSG00000156471,PTDSS1,-2.8455846492291217,0.08162709374550328
ENSG00000169439,SDC2,-7.856136955841847,-0.34593881388494696
ENSG00000104324,CPQ,-3.8924748173507666,-0.8434871285692942
ENSG00000180543,TSPYL5,1.7423063818933808,-0.35804391285284115
ENSG00000147649,MTDH,-1.7098813139388758,-0.2544494973037745
ENSG00000104341,LAPTM4B,3.4008101936570605,1.5322412317175687
ENSG00000132561,MATN2,-1.6850917033012391,-2.1265444172789696
ENSG00000156482,RPL30,-3.714961271532674,-1.4412431534856966
ENSG00000177459,ERICH5,6.513076377043134,1.5151129702552821
ENSG00000132541,RIDA,-3.8289275788005437,2.7045656513175818
ENSG00000104356,POP1,-0.24420439935622348,0.9308461206005004
ENSG00000104361,NIPAL2,9.485650193690198,4.5169364333850925
ENSG00000104375,STK3,-5.529038724318906,-0.4270914872091337
ENSG00000132549,VPS13B,-1.8939781517059187,-0.7562348191845882
ENSG00000164919,COX6C,-0.2862921636504143,2.5858276859631237
ENSG00000147669,POLR2K,1.9954689969975714,3.164895516435877
ENSG00000104450,SPAG1,1.136169214073124,1.6910470589075013
ENSG00000034677,RNF19A,3.5425957468202025,1.8926426064138682
ENSG00000186106,ANKRD46,-2.9084113055712417,1.209682927887026
ENSG00000070756,PABPC1,-1.6937427089336101,-1.654079634100757
ENSG00000164924,YWHAZ,6.0661273353580505,2.4361895290729305
ENSG00000120963,ZNF706,-4.583090943059353,-0.8320381050779202
ENSG00000083307,GRHL2,6.974282978277288,-3.309927654031297
ENSG00000104490,NCALD,0.5950222793872652,0.9410088738162413
ENSG00000048392,RRM2B,5.127786747509131,4.073521681434109
ENSG00000104517,UBR5,-3.9155465623701917,-1.2803386406991708
ENSG00000155090,KLF10,0.8011434359769505,0.9556596209621853
ENSG00000155096,AZIN1,-2.723048039631589,-0.8843643295132738
ENSG00000155097,ATP6V1C1,1.5399447041161654,2.0215731851995216
ENSG00000164929,BAALC,-2.3479712055865076,-1.8439537810172304
ENSG00000164930,FZD6,2.835293906475626,0.023708073213234506
ENSG00000164933,SLC25A32,-0.7785342064978057,0.8660469613688558
ENSG00000164934,DCAF13,2.572374952916673,2.674052758221283
ENSG00000147647,DPYS,-9.010313792007448,-0.14064154321152206
ENSG00000147650,LRP12,1.7532584260425879,-1.7459498892450622
ENSG00000169946,ZFPM2,3.5380884199694824,-1.4883108862932224
ENSG00000164830,OXR1,-3.863103908832767,-1.1939274355325356
ENSG00000154188,ANGPT1,6.368843820997613,0.6941913448465326
ENSG00000104408,EIF3E,-2.562110988967594,0.3355923379504777
ENSG00000104412,EMC2,-2.466073575342261,-0.07471814111790807
ENSG00000164841,TMEM74,-5.995629631159324,-4.540275328281864
ENSG00000120526,NUDCD1,-1.5960079237907214,-0.4841206509592007
ENSG00000120533,ENY2,-3.8897580587268212,0.473563365084088
ENSG00000205038,PKHD1L1,-1.2604113090578484,-3.3382105808275746
ENSG00000147654,EBAG9,-4.407607533383233,0.9416197384848697
ENSG00000147642,SYBU,-1.7975523465996546,-0.4473431909788067
ENSG00000104447,TRPS1,1.5377285128734435,-1.4538210905424833
ENSG00000147677,EIF3H,-1.8602431301437123,-0.6153922984346265
ENSG00000147679,UTP23,-2.2852553562707825,-1.8448657277362606
ENSG00000164754,RAD21,-0.21195125577763718,0.09055374806970591
ENSG00000164758,MED30,-1.9577754310778583,-0.46848144479123216
ENSG00000182197,EXT1,6.923361229908768,3.9624885198485083
ENSG00000177570,SAMD12,2.036027782349618,1.7860080248573598
ENSG00000164761,TNFRSF11B,6.4189417027504705,1.7661601361139279
ENSG00000184374,COLEC10,-4.002556818272674,-1.880324413015921
ENSG00000147676,MAL2,-2.04974280766754,0.541239335523802
ENSG00000136960,ENPP2,5.429413056843471,1.634878863733292
ENSG00000064313,TAF2,-1.7779900412758394,-0.015466011887693904
ENSG00000136982,DSCC1,3.652139095984062,1.7354059329310298
ENSG00000155792,DEPTOR,-3.0378892053988205,-1.6048721651616251
ENSG00000187955,COL14A1,9.159519217012019,0.9425945013165019
ENSG00000172172,MRPL13,0.5624677900439755,3.242127936678548
ENSG00000172167,MTBP,0.49827139363719686,0.18478474787444324
ENSG00000172164,SNTB1,-5.832289776441094,1.3656974112056863
ENSG00000178764,ZHX2,-4.056101875082545,-1.6610013027075228
ENSG00000136986,DERL1,-0.7729545274102401,1.5865199455908041
ENSG00000156787,TBC1D31,0.026541870503302006,-1.3572844530396382
ENSG00000189376,C8orf76,1.312493612334842,3.202142885637196
ENSG00000259305,ZHX1-C8orf76,-2.6904061757530275,0.8577814865847077
ENSG00000165156,ZHX1,-3.336884744637973,-0.37710858835107386
ENSG00000156802,ATAD2,-0.6171839068398989,0.7583865493830741
ENSG00000156795,NTAQ1,-0.7553982454901562,-0.11953785515091181
ENSG00000156804,FBXO32,-1.4722520597844757,-1.9993379593898053
ENSG00000104537,ANXA13,6.429576032980032,2.544898380158099
ENSG00000176853,FAM91A1,-1.0184592033240134,1.0227144427971948
ENSG00000164983,TMEM65,1.4826704855831954,-0.13715455261354179
ENSG00000183665,TYW2,-0.5791962789960877,0.7547218832571194
ENSG00000170881,RNF139,-3.8080327842693094,0.363105459304753
ENSG00000147687,TATDN1,-7.487711331080815,-1.7653879466355864
ENSG00000147684,NDUFB9,-2.0478081803813524,1.628788528557504
ENSG00000170873,MTSS1,-7.5317185209950095,-1.3886644223915143
ENSG00000180938,ZNF572,-5.698959841013407,-2.694389754599299
ENSG00000104549,SQLE,1.6550656877142849,2.1063459502967077
ENSG00000164961,WASHC5,-1.1941330428462231,-0.6182987188095416
ENSG00000156831,NSMCE2,0.46941306384554077,1.124409444877837
ENSG00000173334,TRIB1,-0.47238837995886646,2.0861709982655507
ENSG00000168672,LRATD2,-6.053813458962781,-1.7936954613364673
ENSG00000136997,MYC,12.37830166492112,5.839139364957779
ENSG00000153310,CYRIB,3.8390811130754097,0.6059580373145572
ENSG00000153317,ASAP1,6.023266759377726,0.5925219750157769
ENSG00000132294,EFR3A,-0.9583732141173901,0.6243164265228548
ENSG00000129295,DNAAF11,3.3825775425488187,-0.7111233961800824
ENSG00000165071,TMEM71,3.7350258406156374,-0.41476950643509974
ENSG00000129292,PHF20L1,-0.6034709122515581,0.9149507701651802
ENSG00000155926,SLA,6.0576281996265555,-0.3294358460948975
ENSG00000104415,CCN4,10.628406652721775,3.4207831258091943
ENSG00000104419,NDRG1,1.3517499248376095,0.3932190411080771
ENSG00000008513,ST3GAL1,-10.957714487935768,-5.606600049981847
ENSG00000066827,ZFAT,-3.138901091998057,-2.5768925668041844
ENSG00000131773,KHDRBS3,-3.1525308424350316,-2.286724362414293
ENSG00000167632,TRAPPC9,-2.8732420749255208,-2.8354501195138497
ENSG00000104472,CHRAC1,-0.8278869602013762,1.6467100732680366
ENSG00000123908,AGO2,0.813110968590605,-0.33401065315781636
ENSG00000169398,PTK2,-4.428563769508999,-2.783425360015633
ENSG00000105339,DENND3,3.7777278438166686,-2.933986912106309
ENSG00000022567,SLC45A4,6.5866072552821775,-3.2951708034668483
ENSG00000171045,TSNARE1,-1.8431254018837198,-2.7215863813046934
ENSG00000234616,JRK,-3.411340566326347,-4.085262617320445
ENSG00000130193,THEM6,-1.015419597739487,-0.20478820987772128
ENSG00000284505,LYNX1-SLURP2,-1.6964281815458921,-1.3844283760277758
ENSG00000180155,LYNX1,-2.3238808884155557,-1.1607204721109792
ENSG00000160932,LY6E,-0.788551216295507,-0.5958459651676801
ENSG00000277494,GPIHBP1,2.254197785810002,-1.7756229820313683
ENSG00000181638,ZFP41,-3.4785305214923756,-3.714373582102314
ENSG00000185730,ZNF696,-4.331470153265806,-3.669099978283349
ENSG00000184428,TOP1MT,-0.1652107189845983,0.6834633722207871
ENSG00000014164,ZC3H3,-1.2543190679754619,-1.7768495657823564
ENSG00000104518,GSDMD,0.3904474847835214,0.016681507108052978
ENSG00000147813,NAPRT,-1.159608372183087,-0.5111574833172128
ENSG00000104529,EEF1D,-0.0078077855595298255,-0.17936005070162891
ENSG00000179886,TIGD5,-1.9827257680039427,-2.0354134093781244
ENSG00000104524,PYCR3,-1.299760727790813,-0.9648679760210853
ENSG00000104522,GFUS,1.8672108816954813,0.27710598590654595
ENSG00000183309,ZNF623,-3.256132154472424,-2.7704502868503567
ENSG00000181135,ZNF707,1.7832394687557311,-0.18933001288072343
ENSG00000180921,FAM83H,-1.7189511688691985,-1.9587973570411008
ENSG00000180900,SCRIB,1.2592411971884827,-0.5976221355209039
ENSG00000179950,PUF60,0.8231930771567223,0.16129676547575333
ENSG00000185189,NRBP2,0.1389198392311645,0.39073841800162823
ENSG00000178209,PLEC,0.2503450828016571,-1.5399767850227568
ENSG00000178685,PARP10,-0.6432670940732956,-1.1852037818417807
ENSG00000178719,GRINA,-2.9973589139796424,-1.5731821384468467
ENSG00000178814,OPLAH,-1.379605281653957,-0.26028347612882113
ENSG00000178896,EXOSC4,-0.41895949475123034,-1.074135209231733
ENSG00000197858,GPAA1,0.5013594269215276,-0.3374588013602803
ENSG00000179091,CYC1,-0.9498782662428474,0.48182872102535546
ENSG00000179526,SHARPIN,1.0373343437532576,0.1143777658648716
ENSG00000179632,MAF1,0.6345510814844031,-0.320122520279199
ENSG00000235173,HGH1,1.8424707234123614,0.9998919485866322
ENSG00000179832,MROH1,3.0807008410998926,0.4608317019192341
ENSG00000261236,BOP1,1.6545030017440079,0.02650561219640912
ENSG00000185122,HSF1,0.13815979678855458,-0.7399732071744025
ENSG00000185000,DGAT1,-2.2855367352517244,-0.19094134835235346
ENSG00000185803,SLC52A2,3.674341773956024,0.4743946292590874
ENSG00000182325,FBXL6,2.6294754336351587,1.109908887920287
ENSG00000173137,ADCK5,-0.4575021785974023,-0.1703861663705366
ENSG00000071894,CPSF1,1.0629928038215224,-0.3139556416148298
ENSG00000160948,VPS28,0.024287654306372083,-0.45870892616787107
ENSG00000160949,TONSL,-0.4629647543274488,-1.3364995653247649
ENSG00000187954,ZFTRAF1,0.42492856202072243,0.32880358339929366
ENSG00000167702,KIFC2,2.6251774127593097,1.1973906754275478
ENSG00000160973,FOXH1,2.053007010938664,1.1411367345489856
ENSG00000160972,PPP1R16A,-2.2364277876050958,-1.5869974914408909
ENSG00000167701,GPT,-3.090460922167226,-0.9696358116355246
ENSG00000167700,SLC33A2,-0.3397388603280756,0.13234362162487376
ENSG00000160957,RECQL4,2.32122304074782,0.551951863304159
ENSG00000160959,LRRC14,1.1406129258526214,0.10794588318166612
ENSG00000213563,C8orf82,-3.7905095747919266,-0.6819277134633316
ENSG00000198169,ZNF251,0.23021496033332164,1.0874005543873535
ENSG00000196378,ZNF34,-1.6301702248347723,-0.5066140399411133
ENSG00000161016,RPL8,0.617396559243478,-0.4345067870520103
ENSG00000197363,ZNF517,-3.331227895728297,-1.9785328141089722
ENSG00000147789,ZNF7,-3.3802373948417705,-0.4914194026097881
ENSG00000170619,COMMD5,1.833995716418677,-0.046799564273414904
ENSG00000196150,ZNF250,-1.485184951026264,-1.9188941488271753
ENSG00000170631,ZNF16,-0.054846662185193684,0.3516665313177587
ENSG00000182307,C8orf33,-3.054834703358027,-3.4570519174101135
ENSG00000181404,WASHC1,-0.7739355282510625,-0.43011444868548365
ENSG00000172785,ZNG1A,-0.18141275312171048,0.9391178265983232
ENSG00000107099,DOCK8,6.28058483047982,0.3142730201669923
ENSG00000107104,KANK1,-5.350578240306534,-2.0866232361452526
ENSG00000080503,SMARCA2,-8.536394202252671,-4.122046027551055
ENSG00000147852,VLDLR,1.9291864587295653,-1.2193584267262125
ENSG00000080608,PUM3,4.191347485952399,2.7622918632056215
ENSG00000080298,RFX3,3.3683682921551785,0.30287644732170277
ENSG00000107249,GLIS3,5.5675720391750545,-0.4737126491175613
ENSG00000106688,SLC1A1,-4.462953667099261,-1.4282474150429956
ENSG00000106686,SPATA6L,5.420923601109082,4.250628308416305
ENSG00000205808,PLPP6,1.5198230408375704,3.6139127645387585
ENSG00000106993,CDC37L1,0.27165584581566604,3.3878534792375268
ENSG00000147853,AK3,-3.1967014355452217,2.2906943469137135
ENSG00000120158,RCL1,-6.9215947798067745,-0.14429080082921572
ENSG00000096968,JAK2,-0.016723974750531258,-1.8608437518200758
ENSG00000107020,PLGRKT,2.3470842106788536,3.1619565360063175
ENSG00000120217,CD274,0.8419955172449327,0.06565351120787166
ENSG00000197646,PDCD1LG2,-2.3692485968632657,-3.8463672890965106
ENSG00000107036,RIC1,-2.9356191973809787,-1.3541144191725376
ENSG00000099219,ERMP1,3.11146282895886,0.9604398376701637
ENSG00000183354,BRD10,-3.068830243700365,-1.0725102984122257
ENSG00000137040,RANBP6,-0.07430188152411758,1.6880531994199632
ENSG00000137033,IL33,0.9626535602253714,0.50096843492053
ENSG00000147854,UHRF2,-2.470656431626569,-0.7747979543281064
ENSG00000178445,GLDC,-2.716958306628915,-1.2595657572195675
ENSG00000107077,KDM4C,-5.235069999811638,-2.026309624041366
ENSG00000137038,DMAC1,-1.1325409456377382,1.0057712409962292
ENSG00000153707,PTPRD,-8.30541514471939,-4.8110967150239095
ENSG00000153714,LURAP1L,2.3241342166501457,1.2418788833133425
ENSG00000107186,MPDZ,-7.693984658612873,-2.090677561754764
ENSG00000147862,NFIB,-1.4454194226706711,0.7313483315225351
ENSG00000175893,ZDHHC21,1.4978259932856566,0.9267483070129562
ENSG00000164946,FREM1,-1.5700138510569532,-5.487205751271449
ENSG00000155158,TTC39B,1.6404874147365625,1.3605406696720568
ENSG00000164975,SNAPC3,-0.2979075777645188,0.24885157952950876
ENSG00000164985,PSIP1,-1.1281714573578105,-1.7110194774973948
ENSG00000164989,CCDC171,-0.260379721721386,-2.3926859123967517
ENSG00000044459,CNTLN,-6.800449217390942,-1.1055509412409275
ENSG00000178031,ADAMTSL1,-0.13958660227196718,-1.7913324930727246
ENSG00000155876,RRAGA,1.5733667395500004,2.1353266720619213
ENSG00000147874,HAUS6,0.6075193941736938,1.6060785200345973
ENSG00000147872,PLIN2,2.6372792642647425,1.7802186138405316
ENSG00000137154,RPS6,0.5339474773296586,0.16789258071231705
ENSG00000137145,DENND4C,-2.7148775859549454,-1.2929715567122826
ENSG00000177076,ACER2,4.79591389846117,2.170657495838466
ENSG00000171843,MLLT3,3.528445728952358,-2.276342709803123
ENSG00000188352,FOCAD,3.578866517056157,0.940378926580986
ENSG00000188921,HACD4,2.927209423079964,-0.5788562971532252
ENSG00000198642,KLHL9,-0.008564379954700132,0.24824776659903222
ENSG00000099810,MTAP,-2.947448537850667,-0.7577151994852634
ENSG00000147883,CDKN2B,9.641134361870714,3.8838901180746284
ENSG00000176399,DMRTA1,-7.900489677461334,-1.8444877468203058
ENSG00000198680,TUSC1,-3.427210164331858,-1.4093189702574886
ENSG00000120159,CAAP1,-0.2759261004215118,2.4213257637474617
ENSG00000137055,PLAA,0.38666709793684934,1.458507925047192
ENSG00000096872,IFT74,-2.467491582475477,-0.8390015159525355
ENSG00000184434,LRRC19,-3.924186292524524,-1.8859262745680418
ENSG00000120156,TEK,-0.4379174035035276,-0.9171498494920033
ENSG00000120162,MOB3B,5.017826736294635,-1.7370464959747525
ENSG00000147894,C9orf72,-0.6314584523291198,1.289992025865411
ENSG00000122729,ACO1,-5.417607518616733,-0.9450703876490348
ENSG00000107201,RIGI,-2.2114112814508324,-0.5466337804076793
ENSG00000197579,TOPORS,-2.0392157455105164,1.0705938604045824
ENSG00000235453,SMIM27,-2.300020107962146,-0.6114649665854673
ENSG00000165264,NDUFB6,-1.675288737816303,1.1029681151854125
ENSG00000137074,APTX,-0.7305021795572999,2.6866647673093587
ENSG00000086061,DNAJA1,-0.3052582479733701,1.6619921911076587
ENSG00000122692,SMU1,-0.9630827609639135,0.8364656301973198
ENSG00000086062,B4GALT1,1.3060926483794089,1.269479740235414
ENSG00000107262,BAG1,-1.4073216054653976,-0.777571056416966
ENSG00000086065,CHMP5,0.7654749539539744,1.4999555010392172
ENSG00000086102,NFX1,-8.012737842502924,-3.3685584574569405
ENSG00000165269,AQP7,-3.322446819405523,0.5259985689831655
ENSG00000165272,AQP3,-7.37072043089213,-4.395861317480187
ENSG00000165271,NOL6,2.667485820686508,0.47780348608376305
ENSG00000010438,PRSS3,0.934942305663526,-0.9490174350029446
ENSG00000107341,UBE2R2,-3.219028621515497,0.5564955509508278
ENSG00000137073,UBAP2,0.04840141010732495,0.3527736798983602
ENSG00000198876,DCAF12,0.07731075333594051,0.5720393758807863
ENSG00000165006,UBAP1,-2.864686712832451,1.611437877877708
ENSG00000186638,KIF24,-0.4522860497725313,2.5675905062507915
ENSG00000164978,NUDT2,0.07131987800007102,0.51465292060474
ENSG00000164976,MYORG,-7.799220104281805,-2.657906877287103
ENSG00000164970,FAM219A,3.1985911261353093,0.24584138572324754
ENSG00000168913,ENHO,-2.9122834915786964,0.932527142638295
ENSG00000122756,CNTFR,-2.2754272624880856,-0.4616604785330979
ENSG00000164967,RPP25L,-0.72394203010182,0.3529602996330909
ENSG00000137100,DCTN3,-2.59756536323016,-1.430584371757148
ENSG00000205143,ARID3C,-5.0435946567750705,1.0038180989446068
ENSG00000147955,SIGMAR1,-5.706481117108324,-0.5058048313641759
ENSG00000213930,GALT,-3.2572962872223457,0.6908150896265783
ENSG00000137070,IL11RA,-0.912369349491928,0.12131230958655002
ENSG00000187186,ENSG00000187186,-3.7616144671504954,-2.3853634698172694
ENSG00000172724,CCL19,7.985867333039171,-0.8493604634149594
ENSG00000137077,CCL21,8.88198562752192,-0.20980673582686138
ENSG00000137094,DNAJB5,2.2206151177870024,-0.1972427230628592
ENSG00000165280,VCP,-0.529079953469193,-1.0064479927560528
ENSG00000221829,FANCG,2.3494357817202696,0.9016531979198624
ENSG00000165282,PIGO,-5.29253245131789,-4.269444170062513
ENSG00000165283,STOML2,-3.941503601552788,-1.4262441921198998
ENSG00000005238,ATOSB,1.324061353606575,0.11214550777336627
ENSG00000198722,UNC13B,-0.8241567261353065,0.5230907461363526
ENSG00000198853,RUSC2,4.127350509904924,0.27909120123477515
ENSG00000215187,CIMIP2B,0.09687914387940576,0.9702590183112823
ENSG00000107140,TESK1,2.445089635330494,-0.0812231698313788
ENSG00000137101,CD72,5.629176632366567,2.335140508618781
ENSG00000159884,CCDC107,5.190273987716738,1.9435236819466064
ENSG00000137135,ARHGEF39,6.7958780374877215,2.9237703310855068
ENSG00000198467,TPM2,3.964130153907582,-2.14969308665264
ENSG00000137076,TLN1,2.6845315914360923,-2.564809498790942
ENSG00000107175,CREB3,4.427422981335256,1.7245701693199544
ENSG00000070610,GBA2,-0.6486898021469375,-0.02099764648482238
ENSG00000107185,RGP1,-4.9882804981802185,-3.488120339328394
ENSG00000215183,MSMP,-2.9270575428806644,-2.861184833204104
ENSG00000159899,NPR2,-1.3869317321572314,-1.6670072482054052
ENSG00000137098,SPAG8,-0.10827600513862765,-0.6153183851499217
ENSG00000137133,HINT2,-3.342784898742125,1.0618606123294456
ENSG00000137103,TMEM8B,-2.44384833569493,-2.320088620575314
ENSG00000122707,RECK,3.336830531078443,-0.5086075610864526
ENSG00000122694,GLIPR2,11.342143739371918,4.279519014806186
ENSG00000122705,CLTA,3.3810367297042077,1.551899084167936
ENSG00000159921,GNE,-8.702342871810401,-1.818648317812395
ENSG00000137075,RNF38,-1.344917216935129,-0.8119208121217766
ENSG00000147905,ZCCHC7,-3.9298293010289322,-1.781154994121446
ENSG00000137106,GRHPR,-6.79933019891138,-1.2820206828209848
ENSG00000168795,ZBTB5,-7.947869322871916,-2.673272830084243
ENSG00000137054,POLR1E,-0.43112800078169145,-0.7276516761028617
ENSG00000147912,FBXO10,1.6546561248975267,-0.3948161684940506
ENSG00000175768,TOMM5,1.9191243214768312,3.2087597406881914
ENSG00000070601,FRMPD1,2.410019937500986,-0.4070132604794862
ENSG00000165275,TRMT10B,-3.504159125271864,-2.197366260182431
ENSG00000107371,EXOSC3,-2.35115359064827,1.2277067553303391
ENSG00000122741,DCAF10,-3.5125525144995495,0.6254884782490122
ENSG00000122696,SLC25A51,1.8921461769672066,-0.6390158420106689
ENSG00000107338,SHB,4.067850619222558,1.2632382847481352
ENSG00000137124,ALDH1B1,3.8049369034556593,4.058604355818201
ENSG00000180071,ANKRD18A,3.920581036030818,1.7215274022040084
ENSG00000215126,ZNG1F,0.09475671751523458,3.1141157132355444
ENSG00000154529,CNTNAP3B,4.196360492661955,1.7469194947566322
ENSG00000147996,ZNG1E,-0.683933754507755,1.932551721886691
ENSG00000274349,ZNF658,-6.196822085327261,-1.3966686011888034
ENSG00000196873,ZNG1C,-0.5520325627733533,2.7556872962589676
ENSG00000154330,PGM5,-1.715881310162019,-2.2934647216670214
ENSG00000187866,PABIR1,-1.5137011474256403,0.7477965747979627
ENSG00000165060,FXN,-6.601416156165025,-0.6615708101332874
ENSG00000119139,TJP2,-7.8151925173310035,-1.8906511479749337
ENSG00000107282,APBA1,-5.637532417521883,-1.3141143498785492
ENSG00000188647,PTAR1,0.6990213789135288,1.8482259979945308
ENSG00000165072,MAMDC2,-3.4917371922708527,-2.575570226453473
ENSG00000198887,SMC5,-1.0928739613371792,-0.26296472701594925
ENSG00000119138,KLF9,-1.8350966495553103,0.6645284799298603
ENSG00000083067,TRPM3,-5.865109696108638,-3.7762347273557095
ENSG00000135048,CEMIP2,1.5775828107141752,1.2607868005333287
ENSG00000107362,ABHD17B,-4.954432606260021,-1.7509050275145175
ENSG00000155621,C9orf85,-3.6152360133287176,-0.9582220583118173
ENSG00000119125,GDA,1.9651831888641322,2.8819426677011393
ENSG00000107372,ZFAND5,2.796549331042609,2.8618298648946583
ENSG00000165092,ALDH1A1,-0.3108887721438388,2.13998019395602
ENSG00000135046,ANXA1,10.384656844754371,1.8395485894644608
ENSG00000135045,C9orf40,1.0592210015513297,2.2100574108993594
ENSG00000156017,CARNMT1,-3.935776027305163,0.2486771979604934
ENSG00000106733,NMRK1,-6.36207430971219,-0.09442621294383959
ENSG00000134996,OSTF1,0.07608265336373772,-0.14898536952408292
ENSG00000099139,PCSK5,8.836618536182309,1.9610507925043823
ENSG00000135002,RFK,0.06623173435948806,1.516192536534352
ENSG00000187210,GCNT1,-0.5393377448667519,-3.0967855122788746
ENSG00000106772,PRUNE2,-0.8508571634240703,-1.036462954457742
ENSG00000197969,VPS13A,-0.27695441528121106,0.9441279329567542
ENSG00000156049,GNA14,-0.060134340449677165,-1.5870477838022923
ENSG00000156052,GNAQ,0.46990874034981334,1.6256497398420582
ENSG00000148019,CEP78,-0.13105750628562518,0.49675579579470774
ENSG00000135069,PSAT1,-5.595362434088266,1.524834188828998
ENSG00000106829,TLE4,0.14489493692315902,-2.816619448341341
ENSG00000196781,TLE1,-1.5969743821685132,-1.137433306870793
ENSG00000165105,RASEF,9.457859964144552,2.732517199762968
ENSG00000172159,FRMD3,3.1568278251591058,-1.7425875506604154
ENSG00000148057,IDNK,-10.172527096248153,-3.243827481342798
ENSG00000135018,UBQLN1,-2.301398065717497,1.032771701073688
ENSG00000165113,GKAP1,-2.9756286971585397,2.0220422533781983
ENSG00000165115,KIF27,-2.735877505077483,-0.4194935742217337
ENSG00000165118,QNG1,-4.034026603671447,-0.9987746143143574
ENSG00000165119,HNRNPK,-2.21288721415876,-0.10973274827076024
ENSG00000178966,RMI1,-3.224986179020549,-1.2870589501976215
ENSG00000148053,NTRK2,3.500421545210264,-1.7935661411894923
ENSG00000135049,AGTPBP1,2.683695941542897,0.33126437517114943
ENSG00000135040,NAA35,-1.4594402596839866,-0.6666841468203581
ENSG00000135052,GOLM1,10.769493856109476,2.984204674874818
ENSG00000135070,ISCA1,1.1235348899165978,2.7915414943375163
ENSG00000083223,TUT7,-4.500724788783698,-0.627132649600891
ENSG00000180447,GAS1,1.7502217544537264,-3.531595885715348
ENSG00000196730,DAPK1,-3.9034138209430242,-0.916126972258487
ENSG00000135047,CTSL,-3.0485121059067883,-1.6156601779461823
ENSG00000156345,CDK20,0.9487792786394234,-1.4927882459081672
ENSG00000106723,SPIN1,0.2845368740169202,0.7775127133023487
ENSG00000213694,S1PR3,6.0972560819329615,1.9856518290041936
ENSG00000148082,SHC3,2.5009801398627993,0.9093130544766649
ENSG00000123975,CKS2,6.8039225329706685,4.9642697574328505
ENSG00000187742,SECISBP2,-5.373215082260521,-2.1787993767563507
ENSG00000187764,SEMA4D,5.860853929398505,-2.6929529727436092
ENSG00000130222,GADD45G,1.9743166772301086,2.478700030019426
ENSG00000165025,SYK,5.723089297256071,-2.2902902932434044
ENSG00000148090,AUH,-7.586091191200944,-1.7177930859573936
ENSG00000165030,NFIL3,1.9958996311179464,2.1935745772288047
ENSG00000090054,SPTLC1,1.8122975786894056,1.3129670874027954
ENSG00000196305,IARS1,0.6084003353578425,1.0367620545157614
ENSG00000198000,NOL8,-0.17643704240964247,0.1382545914517951
ENSG00000188312,CENPP,1.3214482479034098,0.0779198903378365
ENSG00000106809,OGN,1.287449040459974,-2.7482843703165805
ENSG00000106819,ASPN,7.793740508383504,2.9483096935615545
ENSG00000106823,ECM2,-2.833241557653788,1.0626066863429995
ENSG00000127080,IPPK,3.7803576083444557,2.7355971504509533
ENSG00000185963,BICD2,4.345034003445235,-0.41047585819196836
ENSG00000127081,ZNF484,0.4039390342134517,0.9757950561100951
ENSG00000127084,FGD3,5.562035649063448,-2.6862865003326486
ENSG00000157303,SUSD3,1.8323828018696513,0.1396971077583227
ENSG00000165233,CARD19,2.907236780798621,-0.21969658665063493
ENSG00000131669,NINJ1,2.3916287625311052,1.1787319042147575
ENSG00000165238,WNK2,4.784162472113501,-4.327301788162394
ENSG00000188938,FAM120AOS,-7.652799258540151,-3.9449178777756484
ENSG00000048828,FAM120A,-4.479427874331415,-1.2232634491161354
ENSG00000197724,PHF2,-0.19791132430443373,-2.330261635297314
ENSG00000158079,PTPDC1,5.79087464602326,2.304463182214129
ENSG00000175787,ZNF169,0.06026717582118271,-1.23582193364603
ENSG00000148110,SLC71A2,-1.3750197547237961,-1.2060262993211273
ENSG00000165140,FBP1,-1.0569656127798075,1.992209760576705
ENSG00000148120,AOPEP,-3.571092299156391,-0.4075650813700853
ENSG00000158169,FANCC,-6.2774760189002485,-1.3109447558390304
ENSG00000185920,PTCH1,0.5041162960850388,-3.096517021194295
ENSG00000182150,ERCC6L2,-3.4046077994743467,-1.4025950855623048
ENSG00000130948,HSD17B3,0.019414567959920286,1.5622236162564054
ENSG00000130958,SLC35D2,-3.96222358847849,1.696425791168581
ENSG00000165244,ZNF367,3.9788548139422915,3.241805506599198
ENSG00000130956,HABP4,5.791337346013885,3.0780790821295576
ENSG00000081377,CDC14B,-7.636865671807872,-0.7541490139969832
ENSG00000158122,PRXL2C,5.650345095018538,2.997469727500885
ENSG00000081386,ZNF510,-2.427220061978818,0.9142544901899591
ENSG00000196597,ZNF782,-4.614318974611851,-2.0293677364967286
ENSG00000197816,CCDC180,-0.043830316600342,-0.22739622192399928
ENSG00000196116,TDRD7,1.8377622787065926,0.5290404963064788
ENSG00000136842,TMOD1,1.4741884545417772,1.4023325530663973
ENSG00000136925,TSTD2,0.06482944200256406,1.6917550098031995
ENSG00000136937,NCBP1,-4.06523472676083,-0.16444366734333093
ENSG00000136936,XPA,-4.02418561260126,-0.14832470767672723
ENSG00000136932,TRMO,-4.339340051669835,-0.9597844113804741
ENSG00000136938,ANP32B,-1.6064060380136858,-0.22518709474511445
ENSG00000106785,TRIM14,-1.382964928274312,-0.4517200050417188
ENSG00000095380,NANS,0.310358825812792,-0.0012388159499197844
ENSG00000106789,CORO2A,-3.6580673680771887,-1.7822790033207074
ENSG00000095383,TBC1D2,-5.556229871906212,-2.504458066496022
ENSG00000165138,ANKS6,3.2588020681053647,-0.5678210062841138
ENSG00000119514,GALNT12,3.925127884592784,-2.4073415956022672
ENSG00000106799,TGFBR1,2.8602825417790547,1.369230828228385
ENSG00000119523,ALG2,-0.6883870530305443,2.6658802466265725
ENSG00000106803,SEC61B,-1.6776592050299606,0.33561726516960316
ENSG00000136874,STX17,-7.196980498552344,-2.0635272079586193
ENSG00000023318,ERP44,-3.4689654402183603,0.18952231920107127
ENSG00000119509,INVS,-10.596911958340085,-3.664307678342626
ENSG00000136891,TEX10,0.6073732116192413,0.8299556337190389
ENSG00000066697,MSANTD3,6.967526843738047,3.5017372944669267
ENSG00000148123,PLPPR1,-0.9554921288742445,0.8629259789744094
ENSG00000136881,BAAT,-5.480489163891145,0.3451677202797188
ENSG00000136897,MRPL50,0.16758838439804874,2.90155347411248
ENSG00000136870,ZNF189,-3.6756112037029403,-1.9176572393081879
ENSG00000136872,ALDOB,-4.461151929953839,2.1161078655160637
ENSG00000165152,PGAP4,7.721832137572892,1.9604670685585557
ENSG00000155827,RNF20,-2.5248393357884313,-2.128593644716574
ENSG00000198785,GRIN3A,-8.806664469678086,-4.184400307558215
ENSG00000136824,SMC2,1.333518408192924,0.3862470100244163
ENSG00000136783,NIPSNAP3A,1.4926239257355909,2.0174750104558945
ENSG00000165028,NIPSNAP3B,0.629751419869511,-0.9144053280300198
ENSG00000165029,ABCA1,-1.9878600832889584,-0.40565918639985094
ENSG00000070214,SLC44A1,-3.947878218314669,0.2329749811539685
ENSG00000106701,FSD1L,4.16869859259609,1.518339687742024
ENSG00000106692,FKTN,-0.794443562529861,-0.13334133700114645
ENSG00000095209,TMEM38B,-2.6593409013301867,-0.3425474146900492
ENSG00000148143,ZNF462,5.607671721490136,-2.219953220139762
ENSG00000119318,RAD23B,-2.212669763646877,0.9640279563291598
ENSG00000136826,KLF4,8.443278584805219,2.4103530486510665
ENSG00000070061,ELP1,1.3301040512266922,3.6174181192332266
ENSG00000119328,ABITRAM,0.5252154606154552,3.5639464491262483
ENSG00000119326,CTNNAL1,1.3248664939120458,2.394662001736647
ENSG00000106771,TMEM245,-1.1924161668868416,0.37877896608681727
ENSG00000095203,EPB41L4B,-4.620004914890501,1.1179288676795722
ENSG00000070159,PTPN3,-5.056569458200381,-0.4414197699097429
ENSG00000157654,PALM2AKAP2,-4.780839140223488,-1.5001555793913417
ENSG00000136810,TXN,3.9822831667796836,3.1024190102734077
ENSG00000165124,SVEP1,10.135519836206376,1.4802299937775265
ENSG00000198121,LPAR1,4.20904050997449,-2.325153170771838
ENSG00000136813,ECPAS,-4.447304782151351,0.39856471538136873
ENSG00000173258,ZNF483,-0.1684107047904378,-0.40127898388803107
ENSG00000106853,PTGR1,-2.0120427876819917,0.8814715694311461
ENSG00000059769,DNAJC25,-8.543058620590713,0.6691903378375348
ENSG00000244115,DNAJC25-GNG10,0.12790968305775233,1.0964579097007976
ENSG00000242616,GNG10,0.7592287340672484,1.333104530177957
ENSG00000148154,UGCG,6.168840860135784,3.2617935071773116
ENSG00000106868,SUSD1,4.166862432549111,-0.8057032280135775
ENSG00000119314,PTBP3,2.725708293471121,1.283042879309712
ENSG00000119471,HSDL2,-5.781211777897058,0.5501315563006303
ENSG00000165185,KIAA1958,-6.2386726623038,-0.4258605534601562
ENSG00000148153,INIP,-0.032238601179218264,0.5972529313352403
ENSG00000148158,SNX30,-1.3539641414917982,-1.131415413800404
ENSG00000136866,ZFP37,-0.8499763127891952,-1.1330543337485228
ENSG00000136867,SLC31A2,-4.558016030537115,-2.638631807002413
ENSG00000119321,FKBP15,-1.7678611148688417,-2.2831108171565258
ENSG00000136868,SLC31A1,-7.1838037580011385,-0.9323934780053309
ENSG00000176386,CDC26,-4.8430409965276136,-1.5311366454209605
ENSG00000136875,PRPF4,0.28144189579123585,1.3943933498203922
ENSG00000148225,WDR31,-4.111530487060084,-1.3229651055837732
ENSG00000119411,BSPRY,4.578209222384732,-1.7562292921233256
ENSG00000119431,HDHD3,-3.623310916519716,-0.2673141104174158
ENSG00000148218,ALAD,-8.62396637676068,-1.3899638837727224
ENSG00000148229,POLE3,-2.44959073817313,-0.09023694883377613
ENSG00000157653,C9orf43,-6.478790547022121,-1.1058087625549675
ENSG00000138835,RGS3,5.327057197222273,2.1260121949889523
ENSG00000157657,ZNF618,0.06764322706793259,-2.651997553350185
ENSG00000106927,AMBP,-5.905119436927216,-0.8477838384807308
ENSG00000136883,KIF12,-0.4685809346278247,-0.49673115063472895
ENSG00000196739,COL27A1,1.4739924344499815,0.3417047877092099
ENSG00000229314,ORM1,-5.703815723123747,-1.1238361498913525
ENSG00000228278,ORM2,-5.269424557763833,-0.21107447438779364
ENSG00000106948,AKNA,1.5189726385928133,-2.714210253783569
ENSG00000095397,WHRN,1.6780192425278904,-0.09475964526446685
ENSG00000136888,ATP6V1G1,1.1566902752359964,1.0772917626790064
ENSG00000157693,TMEM268,-2.9142176021616315,-2.169085324483336
ENSG00000106952,TNFSF8,6.38563572701953,1.5536360789609316
ENSG00000041982,TNC,2.1681596315351803,-0.07871497246014778
ENSG00000148219,ASTN2,2.9828782855209375,1.6728243850781588
ENSG00000119401,TRIM32,1.4640447219760508,-1.1429881077579793
ENSG00000136869,TLR4,0.04371255006771008,-0.4290929329732526
ENSG00000136861,CDK5RAP2,2.3600626799676103,1.6438859805507653
ENSG00000106780,MEGF9,-2.88042599389285,-0.9449102448584812
ENSG00000119402,FBXW2,-5.798620538900329,-0.7819734965910472
ENSG00000214654,B3GALT9,-3.477294574402396,-0.516195807518453
ENSG00000095261,PSMD5,-3.476925530737021,-0.3078297703836206
ENSG00000119403,PHF19,8.131383524564047,-1.1841507389540502
ENSG00000056558,TRAF1,6.598654587493489,1.1346254050695073
ENSG00000106804,C5,-4.432921681281482,-0.2368490154909735
ENSG00000119397,CNTRL,-1.1246489258239207,-2.6144924490679324
ENSG00000119396,RAB14,-3.4771678150616454,0.9766238976476174
ENSG00000148180,GSN,12.734282698354592,5.67699390973654
ENSG00000148175,STOM,3.1080960050815833,4.115307856354384
ENSG00000204136,GGTA1,4.411340292978309,0.4261537564965364
ENSG00000136848,DAB2IP,1.9351352664790653,-1.2994389849812296
ENSG00000175764,TTLL11,-2.8039536316026066,-1.630221069915011
ENSG00000119421,NDUFA8,-1.4694079185181712,0.3392665684572912
ENSG00000119446,RBM18,1.1777160012404226,1.796905275424576
ENSG00000148187,MRRF,-3.3195134501932886,0.8777004489888189
ENSG00000095303,PTGS1,5.3122511644505845,1.1699071515527366
ENSG00000136940,PDCL,1.7035235154106425,-0.40701394650844525
ENSG00000056586,RC3H2,0.7837904653779569,1.562092470444938
ENSG00000186130,ZBTB6,-0.2491510261037231,-0.008662654425822265
ENSG00000171448,ZBTB26,-0.8391578575374359,-0.9356079367417681
ENSG00000011454,RABGAP1,-3.2439259222429375,-2.73678235662167
ENSG00000165209,STRBP,-5.238735926001593,-1.196849948022081
ENSG00000148204,CRB2,-0.14904108334462707,-0.13525386684380314
ENSG00000119522,DENND1A,-4.631040218248814,-2.840568908785727
ENSG00000106689,LHX2,-0.11594701856214625,-1.8723704252508837
ENSG00000119408,NEK6,-4.529661994872982,-1.636460444522571
ENSG00000136930,PSMB7,-5.134856765337152,-0.27709274943652423
ENSG00000148200,NR6A1,-0.9383018026240786,-0.29099458159857833
ENSG00000185585,OLFML2A,0.7408634664830754,-4.979947606839379
ENSG00000136918,WDR38,2.0425935389892937,0.4135219355605206
ENSG00000136942,RPL35,0.7336500382660958,0.1305721420419738
ENSG00000136950,ARPC5L,4.003095720042116,2.857304668843612
ENSG00000136935,GOLGA1,-1.0278906415486748,2.1401625094810712
ENSG00000173611,SCAI,-5.703046111592766,-1.4234789970740727
ENSG00000119414,PPP6C,0.2751576491347919,2.124060604556177
ENSG00000136933,RABEPK,-4.944257927335389,-1.5997120759644965
ENSG00000044574,HSPA5,0.8400305916968195,-0.41381011564076836
ENSG00000165219,GAPVD1,-2.4872545681716933,0.10951034517066725
ENSG00000119487,MAPKAP1,-3.5967418693768436,-0.7488110687129496
ENSG00000167081,PBX3,-0.2714776281866232,1.195965953867967
ENSG00000196814,MVB12B,-2.03751735253236,-1.497764587352402
ENSG00000169155,ZBTB43,-0.37396413478198093,-0.7949475287255319
ENSG00000177125,ZBTB34,0.5330315732984647,-0.7896443139190908
ENSG00000136828,RALGPS1,5.0119301075606035,1.0134369558313545
ENSG00000136859,ANGPTL2,7.958302233893725,1.6750378298824833
ENSG00000136895,GARNL3,-1.9909154977618546,0.12201138940866191
ENSG00000136856,SLC2A8,0.5842894351160677,0.9918750269114831
ENSG00000196152,ZNF79,2.8583795580056117,1.8597165816161356
ENSG00000197958,RPL12,2.066490848262071,1.443254402350722
ENSG00000148356,LRSAM1,0.5773291112291146,-0.2193545762742153
ENSG00000136830,NIBAN2,7.706813162889616,1.1444697855112609
ENSG00000136854,STXBP1,7.56010272883167,2.869947486593884
ENSG00000160404,TOR2A,2.0821370841574303,0.3534066007077001
ENSG00000095370,SH2D3C,4.8392765042616075,-0.23950538392071483
ENSG00000136807,CDK9,2.27082461779586,1.5431584037002004
ENSG00000136877,FPGS,-2.49112911151807,0.01753965689014628
ENSG00000106991,ENG,4.879671141883694,1.0491957413879367
ENSG00000106992,AK1,4.7195029422788775,2.1848707234503806
ENSG00000160408,ST6GALNAC6,1.177247413368467,0.002092791139693389
ENSG00000136908,DPM2,2.841654294404777,2.3255174023198757
ENSG00000167106,EEIG1,1.6048523526770795,0.6060646310515299
ENSG00000171169,NAIF1,2.2322844367458266,1.323341364417718
ENSG00000148339,SLC25A25,0.8348842535030537,0.4072837778305044
ENSG00000148334,PTGES2,1.455431781735206,0.4276397051944879
ENSG00000148346,LCN2,7.514992568579594,-0.7005817342942544
ENSG00000171159,BBLN,3.1333710863653774,0.8249917626758836
ENSG00000148337,CIZ1,0.24046276009282147,-2.1597447990690464
ENSG00000106976,DNM1,-3.560067865275603,-3.3925554672412135
ENSG00000167110,GOLGA2,-0.23904318947209596,-0.9572253994803532
ENSG00000175854,SWI5,-0.8007964431803546,0.7998579230551308
ENSG00000167112,TRUB2,-2.7289283457149835,-0.5949611452492344
ENSG00000167113,COQ4,0.6371075910129953,0.20709523334852398
ENSG00000167114,SLC27A4,3.3068984937448405,0.6098275828698048
ENSG00000167118,URM1,1.6782628828650537,0.14708056569013347
ENSG00000167123,CERCAM,8.420400918624017,-0.5246570745219034
ENSG00000136811,ODF2,4.209197849796325,0.9622641334176619
ENSG00000119392,GLE1,-4.71894132284172,0.35104971945532976
ENSG00000197694,SPTAN1,5.15402252883762,-0.8421474955199967
ENSG00000119333,DYNC2I2,-0.7658311688214068,-0.36394106117516467
ENSG00000119335,SET,0.7009434507644197,0.7297853317624473
ENSG00000160447,PKN3,2.628983730223174,0.8164684747569494
ENSG00000160446,ZDHHC12,0.03422084157834912,-0.7841008835218198
ENSG00000160445,ZER1,-3.2691215462442225,-2.4403704190136732
ENSG00000107021,TBC1D13,-3.8564263758651567,-1.8849162887479693
ENSG00000167136,ENDOG,-0.505369871561177,0.19455210777574863
ENSG00000198917,SPOUT1,0.7073448593408842,0.6141218597483165
ENSG00000171097,KYAT1,0.8121363082861961,1.4953389008507443
ENSG00000136802,LRRC8A,-0.561981697546356,-2.130832611411187
ENSG00000175287,PHYHD1,-4.166484660816859,-0.3168868926445011
ENSG00000175283,DOLK,2.936257039285152,2.4311213126674254
ENSG00000095319,NUP188,1.6400245340916764,0.016607437963744844
ENSG00000148341,SH3GLB2,2.2183109330616224,-0.13431584815983127
ENSG00000148343,MIGA2,-0.7339959157222388,-0.5773267751608762
ENSG00000167130,DOLPP1,-5.001453166206198,-0.25384570988711996
ENSG00000095321,CRAT,-3.747191170476177,-0.6668259221580951
ENSG00000119383,PTPA,2.085843544094675,0.5039974022408348
ENSG00000148335,NTMT1,2.095613723644979,1.2416351366774625
ENSG00000148331,ASB6,2.176607118592246,0.5757183159021327
ENSG00000136816,TOR1B,-3.6090909148229278,-1.0021284179141074
ENSG00000136827,TOR1A,-3.145431223845579,-0.09425248838842132
ENSG00000136819,C9orf78,-3.3804037113699943,-0.5336979059583165
ENSG00000136878,USP20,1.4084940368030228,0.19259257811084138
ENSG00000187239,FNBP1,1.653934368934855,-1.4066408413728393
ENSG00000148358,GPR107,-0.33404511077445714,-0.2200594555807816
ENSG00000107130,NCS1,1.7371291005307885,-2.8314356563865783
ENSG00000130707,ASS1,-4.307367432183586,-0.019311068343036496
ENSG00000107164,FUBP3,-7.263758637961496,-3.4959731588000458
ENSG00000130713,EXOSC2,-7.0536103642369135,-3.246694825230062
ENSG00000097007,ABL1,-0.9177310654985745,-3.593181080322263
ENSG00000050555,LAMC3,13.287788503359083,4.895345676133577
ENSG00000126878,AIF1L,6.446885491339633,0.031131845455218948
ENSG00000126883,NUP214,-2.731051568090006,-0.643476814544922
ENSG00000126882,FAM78A,5.000577785696544,-2.6532634101390236
ENSG00000288701,PRRC2B,-1.6962463828874907,-3.014345537303623
ENSG00000130714,POMT1,-2.263758512127615,-0.6408805026967266
ENSG00000130717,UCK1,-6.040115565404512,-3.312086801761199
ENSG00000283526,PRRT1B,-7.929984400279578,-3.621176552326646
ENSG00000107263,RAPGEF1,-0.5668341362460396,-2.970320788526267
ENSG00000160563,MED27,1.9345431063720944,-0.49752020495714605
ENSG00000107290,SETX,-0.044343812044166764,-0.05359897988018925
ENSG00000125482,TTF1,-0.5997541765581212,-1.7158956098253486
ENSG00000125485,DDX31,0.4911544722627433,1.0340220451646132
ENSG00000125484,GTF3C4,-4.00344295687691,-1.84896635459432
ENSG00000165699,TSC1,-3.1416915575658866,-1.4244741332011968
ENSG00000148308,GTF3C5,0.15593618567045944,-0.6558470992338152
ENSG00000160271,RALGDS,6.756724422716266,0.967408544490529
ENSG00000148296,SURF6,-1.5629339295581706,-1.1154255460520885
ENSG00000148297,MED22,0.474471948633717,-2.8013871626771927
ENSG00000148303,RPL7A,1.4684162290701728,0.09280812054024842
ENSG00000148290,SURF1,-2.951351332983136,0.37048568336903825
ENSG00000148291,SURF2,0.35443310245258947,0.19127400399365
ENSG00000148248,SURF4,-2.8970539260310413,-0.42723958997958766
ENSG00000198870,STKLD1,-3.6921737983399847,-2.66132967875386
ENSG00000148300,REXO4,-1.280026517201646,-1.259804009018695
ENSG00000160323,ADAMTS13,-2.7010644201391547,-2.3355653097187257
ENSG00000160325,CACFD1,-2.1521133915476853,-1.7654164039494922
ENSG00000160326,SLC2A6,4.825086445600255,-0.2896447921502505
ENSG00000197859,ADAMTSL2,8.673712091810739,3.0541309457412904
ENSG00000196990,FAM163B,1.9895277505750382,-0.45372566503816025
ENSG00000123454,DBH,-3.598636183016613,-3.7146853101271495
ENSG00000123453,SARDH,-7.379937055912183,-2.9579195743643685
ENSG00000160293,VAV2,0.9571628422598488,0.9051725123043978
ENSG00000235106,BRD3OS,-0.3326330896471598,-1.6550115707994009
ENSG00000169925,BRD3,-0.8447245077375758,-2.0751111569400873
ENSG00000196363,WDR5,-3.5132141991637167,-0.6694417354855967
ENSG00000186350,RXRA,-5.736676468819886,-2.8361095943365493
ENSG00000130635,COL5A1,11.715957789245644,3.4210549550886515
ENSG00000160339,FCN2,-5.237210686768965,-2.01584684900811
ENSG00000085265,FCN1,5.921817940997605,0.589053879353133
ENSG00000196422,PPP1R26,-3.039935760515963,-1.7890794955726133
ENSG00000122140,MRPS2,-0.7310707091645784,-0.19185653482056994
ENSG00000130559,CAMSAP1,2.89700304437326,-2.0597677042503286
ENSG00000130560,UBAC1,-0.5871520400148189,0.3665831547258777
ENSG00000148411,NACC2,-3.0544783831489197,-3.1974189588538096
ENSG00000238227,TMEM250,0.10144364994864358,-1.4597068523796863
ENSG00000165661,QSOX2,-0.044191290400765686,-1.23454354061307
ENSG00000165684,SNAPC4,-0.7175240328795531,-1.448307797124893
ENSG00000165689,ENTR1,0.866872908440671,0.5203978899650492
ENSG00000165688,PMPCA,0.7917868588605116,0.4570092237771293
ENSG00000148384,INPP5E,1.910617493458763,0.9541817523319778
ENSG00000148396,SEC16A,1.8746646142892613,1.0172844965237158
ENSG00000148400,NOTCH1,0.5450768637335057,-1.2895979027648845
ENSG00000172889,EGFL7,2.1634486276582536,-0.0009836180401672934
ENSG00000169692,AGPAT2,-1.5023311281218614,-0.8808725162104907
ENSG00000165716,DIPK1B,-2.781822590581386,-1.2879102122564465
ENSG00000244187,TMEM141,0.5944446856211064,1.0884100688161562
ENSG00000213213,CCDC183,1.0029382007786043,-0.4856785733640991
ENSG00000196642,RABL6,0.6552688265557104,-1.6721975084700664
ENSG00000054148,PHPT1,3.088617889647133,1.7652925247317346
ENSG00000177943,MAMDC4,1.7675080211222791,1.7073101213572932
ENSG00000107223,EDF1,1.5277725696051823,0.9007374524500276
ENSG00000127191,TRAF2,4.463099610436552,0.6493502671468603
ENSG00000159069,FBXW5,1.221143393789044,0.4566694581196114
ENSG00000176919,C8G,1.0023484780431684,0.3513657090082203
ENSG00000184925,LCN12,0.1806205112015363,-0.20596095366947165
ENSG00000107317,PTGDS,10.09966224407398,3.638848027809278
ENSG00000107331,ABCA2,2.853640708794619,-0.05103877210269264
ENSG00000107281,NPDC1,3.055895126256012,-0.5711242121488941
ENSG00000197355,UAP1L1,7.0620516221160194,2.169383313223973
ENSG00000177239,MAN1B1,0.8922502634046824,-0.5880872909851061
ENSG00000176978,DPP7,1.5744976959141614,0.6319290989178483
ENSG00000176248,ANAPC2,-0.3441798577918631,-1.1241577766505655
ENSG00000176101,SSNA1,1.621226172128695,0.3785965466519212
ENSG00000176058,TPRN,2.4151283121402645,0.7868312135427938
ENSG00000187713,TMEM203,0.27289103292468053,2.1865919888504135
ENSG00000188566,NDOR1,2.5150578049268897,0.27129727778284085
ENSG00000188229,TUBB4B,1.8138157365035172,0.23226765830019389
ENSG00000188163,CIMIP2A,1.4786911936248357,0.8509203432204749
ENSG00000197768,STPG3,-1.235973410625143,-0.8293299081461676
ENSG00000188986,NELFB,1.2837960964261632,-0.7377248398329495
ENSG00000198113,TOR4A,4.397294073853413,-1.5092423677360265
ENSG00000198435,NRARP,4.185261737032133,-1.6603831757259064
ENSG00000187609,EXD3,0.9202166183855084,-0.9118459232951089
ENSG00000188747,NOXA1,0.024041012637953062,-0.711036197550962
ENSG00000188833,ENTPD8,0.33187128609911,0.776131284923584
ENSG00000165802,NSMF,1.315081865761034,0.7840151553352785
ENSG00000130653,PNPLA7,-2.204691600693095,-1.1122938680374665
ENSG00000182154,MRPL41,0.977817049633354,1.2627721448577174
ENSG00000148399,DPH7,1.416214180803343,1.1885097268356881
ENSG00000165724,ZMYND19,1.2448874588019025,1.094489245654122
ENSG00000197070,ARRDC1,-0.01146661557286565,-0.8602457674270281
ENSG00000181090,EHMT1,-4.360656385118301,-2.0962468500539106
ENSG00000015171,ZMYND11,-0.27752310565957516,0.6733924047124227
ENSG00000151240,DIP2C,-3.2334424058624776,0.3415919619962638
ENSG00000107929,LARP4B,-0.6422690235611022,-1.3307042922584444
ENSG00000107937,GTPBP4,2.1303260953697323,0.5280620881287416
ENSG00000148377,IDI2,-1.8958188154571263,-2.220751368355346
ENSG00000067064,IDI1,1.9453287580553533,3.7752899760069556
ENSG00000047056,WDR37,-3.9494331722836042,-1.4737163522502736
ENSG00000067057,PFKP,10.760910641218357,0.6896032880947649
ENSG00000107959,PITRM1,0.5573832616670935,1.3117128324591287
ENSG00000067082,KLF6,7.673614864306671,3.1672873014256626
ENSG00000165568,AKR1E2,-1.7019787243979752,-1.0836486799424139
ENSG00000187134,AKR1C1,-1.4567559113078739,1.3970470488609348
ENSG00000151632,AKR1C2,-1.0512478843731374,1.1638621917793028
ENSG00000196139,AKR1C3,-2.932347252728175,0.374668510863728
ENSG00000264006,AKR1C8,-5.310186647531485,-0.7172283944687348
ENSG00000198610,AKR1C4,-6.852035901687497,0.8469868165538939
ENSG00000173848,NET1,-8.594193428207124,-2.1199890444027067
ENSG00000196372,ASB13,-5.722990591716513,-2.108752148615007
ENSG00000108021,TASOR2,-1.5380793677942166,1.4217385012055221
ENSG00000057608,GDI2,-4.4433212434045135,-0.5633121176503717
ENSG00000134461,ANKRD16,-3.7574095567081893,-1.8931061744566604
ENSG00000134452,FBH1,0.6331442124934609,-0.9924524404562938
ENSG00000134470,IL15RA,6.464395776346561,0.5990149624302642
ENSG00000134453,RBM17,-1.1347780960309584,-0.28541042860630617
ENSG00000170525,PFKFB3,4.508309751908282,-1.0440157951450915
ENSG00000065675,PRKCQ,4.386847014941232,-1.6585193631428028
ENSG00000198879,SFMBT2,6.311715202525278,-1.5874956177377588
ENSG00000123243,ITIH5,6.230195888844835,-3.4322214628088874
ENSG00000151655,ITIH2,-5.230015657219252,-2.136615762123994
ENSG00000151657,KIN,-5.323807543063426,-1.330974340804453
ENSG00000165629,ATP5F1C,-3.563758978170669,0.8734809575013159
ENSG00000165632,TAF3,-2.5561926520832903,-2.8416782371017777
ENSG00000048740,CELF2,5.006450746895411,-2.232157351253501
ENSG00000148429,USP6NL,0.7071702860063926,2.2295964912578623
ENSG00000134463,ECHDC3,-2.9577116817326696,-0.6094668470646047
ENSG00000148426,PROSER2,-0.8036230810476143,0.37444432047526904
ENSG00000151461,UPF2,-6.930721882755026,-2.6721052042546947
ENSG00000181192,DHTKD1,-9.151520719230799,-2.74930913822315
ENSG00000065665,SEC61A2,-6.73742286999011,-1.711850146256008
ENSG00000165609,NUDT5,-4.507174615343236,0.9271953534997699
ENSG00000151465,CDC123,-0.5554505988891395,0.489389113292806
ENSG00000183049,CAMK1D,-1.4144508097881918,0.0250261391013635
ENSG00000151468,CCDC3,9.259447012931338,1.4689488899903138
ENSG00000123240,OPTN,2.1219374257710695,0.02944406209088246
ENSG00000107537,PHYH,-4.832465993395713,2.088824549021755
ENSG00000086475,SEPHS1,-7.086207664895673,-0.734501407375078
ENSG00000165626,BEND7,-4.939084432193956,-1.6517423906481121
ENSG00000165630,PRPF18,-5.170408399260503,-2.5787424019888543
ENSG00000151474,FRMD4A,-4.012266271695684,-4.630010815895169
ENSG00000065809,FAM107B,-1.1490329860037378,1.07066526643611
ENSG00000185267,CDNF,-9.507280384717784,-3.641725005925412
ENSG00000187522,HSPA14,0.33563550013600707,1.7903590833903642
ENSG00000152455,SUV39H2,0.9047190260768253,0.4288441418381043
ENSG00000152457,DCLRE1C,2.662429070398714,-0.8515876025860377
ENSG00000152464,RPP38,-0.8695316611395676,0.264284779592356
ENSG00000152465,NMT2,-2.2411863095830706,-0.7036497287613381
ENSG00000148468,FAM171A1,0.9345404561417832,-2.9112999130657387
ENSG00000148481,MINDY3,-2.875075431999546,-0.07507890354184997
ENSG00000165983,PTER,-2.124974493617594,-0.07878129049962501
ENSG00000165985,C1QL3,-1.5470681575668137,-0.5026713415597933
ENSG00000148484,RSU1,4.060455425100825,1.5031875379463078
ENSG00000107614,TRDMT1,-1.009064491197385,-2.722378533179912
ENSG00000026025,VIM,11.605297761536114,1.2427247114545736
ENSG00000148488,ST8SIA6,0.6852210500978385,-0.11409674310765827
ENSG00000136738,STAM,-1.2813377626486546,-1.5870804073892628
ENSG00000260314,MRC1,-0.4436452942330902,-0.5435842903074936
ENSG00000165995,CACNB2,-5.527270477853017,-1.833139904428816
ENSG00000241058,NSUN6,-4.302477025455502,-1.0392542671122464
ENSG00000165997,ARL5B,1.6969820259458486,1.972020994903247
ENSG00000120594,PLXDC2,6.329071737333845,-0.7620061568388925
ENSG00000078114,NEBL,0.7009484203809715,-0.7209063654450443
ENSG00000180592,SKIDA1,-9.991557812572836,-2.539756250249859
ENSG00000078403,MLLT10,-5.472257155408784,-0.9259472467918307
ENSG00000136770,DNAJC1,-1.5864127327152766,-0.05095309354576694
ENSG00000148444,COMMD3,-0.3868078985213324,1.849692494463807
ENSG00000269897,COMMD3-BMI1,-0.9816281869373167,1.2562719711749006
ENSG00000168283,BMI1,-0.7049920427863597,0.5888551617984342
ENSG00000150867,PIP4K2A,6.298655004558193,0.8765536712633608
ENSG00000148450,MSRB2,-3.522985722096465,0.5427935336821421
ENSG00000165312,OTUD1,0.783869313775157,0.3210695929387314
ENSG00000120549,KIAA1217,-3.69400071816529,-2.5099821943004352
ENSG00000107863,ARHGAP21,1.510499655269686,1.536750049910379
ENSG00000151023,ENKUR,0.8930152282078248,0.6452521424938503
ENSG00000185875,THNSL1,-8.599143905999462,-2.328358024218536
ENSG00000077420,APBB1IP,0.7894024573448557,-1.3903358129595722
ENSG00000148459,PDSS1,1.1092907549259956,0.3472259175404828
ENSG00000136754,ABI1,1.4399683144555502,0.0892829427536576
ENSG00000107890,ANKRD26,-2.0151051774455286,0.15208350967329534
ENSG00000136758,YME1L1,-3.0411832163112407,-0.45191972294601906
ENSG00000120539,MASTL,-3.338758105270582,-1.165975064475956
ENSG00000107897,ACBD5,-4.864445999073024,-0.2542229972008683
ENSG00000099246,RAB18,-0.23690345083334083,1.2061326351783597
ENSG00000150054,MPP7,1.2004025444627966,-1.6695622019946768
ENSG00000095787,WAC,-2.758325384327852,-0.5587400919014932
ENSG00000095739,BAMBI,7.087300464875215,2.1672608874562984
ENSG00000120563,LYZL1,-3.2516881621918707,-1.1607252815890317
ENSG00000197321,SVIL,-1.7452476366659884,-1.0831947528605907
ENSG00000165757,JCAD,6.60323485166749,0.2679611978660931
ENSG00000107951,MTPAP,-1.272265947765187,1.6546776059216985
ENSG00000107968,MAP3K8,5.390466295722131,0.25389271348002457
ENSG00000183621,ZNF438,-0.1956521458213282,-1.3694945419622166
ENSG00000148516,ZEB1,0.8261908395348286,0.2253720695047749
ENSG00000165322,ARHGAP12,-0.9060411630088425,0.17814441771956468
ENSG00000170759,KIF5B,3.9504016013496415,1.371206695881215
ENSG00000120616,EPC1,-3.354692419468252,-0.7724046853454098
ENSG00000216937,CCDC7,-1.3572450442211457,-0.19996664741037262
ENSG00000150093,ITGB1,2.8430970193808056,-0.24241681205010132
ENSG00000099250,NRP1,4.700177649975514,0.5495959482896617
ENSG00000148498,PARD3,-7.519517805201532,-3.779574698333451
ENSG00000108094,CUL2,-2.616796520727952,0.4364275058066354
ENSG00000095794,CREM,2.9684059723429663,3.6009546376140604
ENSG00000108100,CCNY,-1.5944443936806625,1.2506234956074036
ENSG00000177283,FZD8,3.0317053507898413,1.4515925170281967
ENSG00000198105,ZNF248,-2.044521236130252,0.036742215047334915
ENSG00000175395,ZNF25,1.4846808265484772,0.17767892835446608
ENSG00000189180,ZNF33A,-3.9884413001709413,-0.6398137230195714
ENSG00000075407,ZNF37A,-3.471362983797818,-2.187657686186879
ENSG00000196693,ZNF33B,-6.893228306488252,-2.5453305555100507
ENSG00000165733,BMS1,-1.4850623497940973,-0.3343292306748975
ENSG00000165731,RET,2.746978048828382,1.9090884526661736
ENSG00000169826,CSGALNACT2,4.690279459104474,0.4764717163204718
ENSG00000169813,HNRNPF,-1.2928493490569324,-0.1247159997686255
ENSG00000243660,ZNF487,-1.583640130537729,-0.050790374792089275
ENSG00000196793,ZNF239,0.41595027898686504,-1.3646376091465158
ENSG00000198298,ZNF485,-6.125130263371247,-3.3874000525556833
ENSG00000169740,ZNF32,-1.708912713113471,0.8109559118280616
ENSG00000107562,CXCL12,6.513912490989098,1.8309776799809803
ENSG00000107551,RASSF4,5.842214826325633,2.16163790026547
ENSG00000165507,DEPP1,2.9834680398378683,-0.2232974108956391
ENSG00000165512,ZNF22,-1.3354521009967322,1.4520323901083236
ENSG00000012779,ALOX5,7.4943932686110255,-0.6633340436544585
ENSG00000165406,MARCHF8,-4.26385752105843,-0.051098827394599665
ENSG00000172671,ZFAND4,-7.081933870346357,-1.249596635855002
ENSG00000172661,WASHC2C,1.0630643321681421,-0.06748155649234985
ENSG00000188234,AGAP4,0.07410354063409244,0.7218448997639783
ENSG00000265354,TIMM23,-0.23066122880191095,3.999773439562437
ENSG00000266412,NCOA4,-1.7187834407419267,0.7427165668432424
ENSG00000264230,ANXA8L1,5.585987759840729,-1.3690712535591667
ENSG00000204176,SYT15,-5.104299097029502,-3.0036313840538584
ENSG00000204179,PTPN20,-2.00154308861865,-0.675548902061981
ENSG00000263761,GDF2,-2.799998406719713,-2.6627067557434954
ENSG00000265190,ANXA8,5.633070192942518,-1.0294949555193416
ENSG00000204172,AGAP9,-0.3455127810824845,0.3815850233727017
ENSG00000277758,SYT15B,-4.675781896887098,-2.7368357587147036
ENSG00000107643,MAPK8,-3.4895450222491626,1.5800360973062944
ENSG00000128805,ARHGAP22,4.681582456866039,-1.2700510141147157
ENSG00000128815,WDFY4,2.3726400274303763,-4.17160066543526
ENSG00000165633,VSTM4,2.0730621239614346,0.2444271520535946
ENSG00000204161,TMEM273,3.9721531482852406,-1.1181952722839887
ENSG00000225830,ERCC6,-4.877720630319694,-1.8757929182318518
ENSG00000197444,OGDHL,-1.894327544278772,1.3021894299196486
ENSG00000227345,PARG,-1.4883850670800363,-0.21916795623517027
ENSG00000204152,TIMM23B,-2.365252380800821,-1.1161773770508205
ENSG00000178440,TIMM23B-AGAP6,0.4961642584349217,1.1075752160557353
ENSG00000204149,AGAP6,0.8228110469277855,1.1746227173032133
ENSG00000099290,WASHC2A,3.1049330307629885,0.6371562428333394
ENSG00000188611,ASAH2,-2.9884806002712674,-0.1424346990950633
ENSG00000198964,SGMS1,-4.0961189357211065,-1.574197158894512
ENSG00000204147,ASAH2B,-4.562639113845748,-0.5063363800427183
ENSG00000148584,A1CF,-6.451162816032345,-0.4600392618164366
ENSG00000185532,PRKG1,5.136377648332088,-1.3422324189715982
ENSG00000177613,CSTF2T,-1.4162304145534554,-1.1659203805350162
ENSG00000165471,MBL2,-0.5857703221141589,0.40713413650724495
ENSG00000122952,ZWINT,9.178837022460888,4.36160714823072
ENSG00000151151,IPMK,0.8182245828638204,1.3412435916347725
ENSG00000122873,CISD1,0.7724345174640813,3.2505295535916185
ENSG00000072401,UBE2D1,3.262968625708522,1.770085417781073
ENSG00000108064,TFAM,-2.186547589269423,-0.11274987306344422
ENSG00000122870,BICC1,10.524807181946901,-1.2331965081601322
ENSG00000165443,PHYHIPL,2.0824205767046995,0.06159579810776004
ENSG00000148541,FAM13C,6.183625907690303,0.8192142332636645
ENSG00000165449,SLC16A9,-1.512714381495539,-2.9809975382797025
ENSG00000108091,CCDC6,1.8276616087871937,2.132310946551852
ENSG00000151150,ANK3,5.690936251675907,-0.42922676612551575
ENSG00000170312,CDK1,6.269917438204758,1.8015094167455725
ENSG00000072422,RHOBTB1,2.873058066894747,2.0807365112175193
ENSG00000196932,TMEM26,1.6088710024825608,0.17213114284476327
ENSG00000150347,ARID5B,6.995495778208146,1.3812688008535874
ENSG00000181915,ADO,2.7692282146629683,0.7894729979900098
ENSG00000122877,EGR2,8.755875782074696,2.0190494727522594
ENSG00000148572,NRBF2,-0.7506593716105816,1.8160705054302002
ENSG00000171988,JMJD1C,-4.330588854880852,-1.335073736659034
ENSG00000165476,REEP3,-0.42905354044009586,1.734106581431112
ENSG00000183230,CTNNA3,-9.226550535212441,-2.347062058754904
ENSG00000108176,DNAJC12,-9.992049212348174,-3.14546547106602
ENSG00000096717,SIRT1,-6.20035717664641,-2.1693700289725966
ENSG00000148634,HERC4,-0.572712778729385,1.4646468340997865
ENSG00000179774,ATOH7,-1.3499066839114287,1.0987357895256409
ENSG00000108187,PBLD,-10.178754198333557,-2.0814738747660635
ENSG00000096746,HNRNPH3,-1.9771849560589638,-0.9086707739349851
ENSG00000204130,RUFY2,-2.4219722978301963,-1.7048184450089452
ENSG00000138346,DNA2,0.15738271091399206,2.5160250284993912
ENSG00000122912,SLC25A16,-3.8979673637208436,1.0156436197280865
ENSG00000138336,TET1,0.5253834455451059,-1.5567372062026188
ENSG00000060339,CCAR1,0.35966423865901914,0.5631283960585711
ENSG00000107625,DDX50,-0.1280824521756995,-0.3759079433449651
ENSG00000165732,DDX21,1.7846080166581395,0.6829317918152392
ENSG00000198954,KIFBP,2.588154145180229,0.12245889844346954
ENSG00000122862,SRGN,6.423846249715021,2.965904088398412
ENSG00000122958,VPS26A,1.0912158691821479,1.9286396348089663
ENSG00000156502,SUPV3L1,-3.6038435760472507,1.9805628650710596
ENSG00000156510,HKDC1,10.165977284128418,3.0334360596197922
ENSG00000156515,HK1,6.5465900204187895,-2.559668828492543
ENSG00000099282,TSPAN15,2.731301840264563,-6.304270738528012
ENSG00000099284,MACROH2A2,5.664125284174322,3.6677881541520305
ENSG00000042286,AIFM2,3.5183034195509038,2.2038653653512092
ENSG00000156521,TYSND1,-1.7851123013970769,0.36134122862573687
ENSG00000079332,SAR1A,-3.1827800031662505,0.551929718030418
ENSG00000180817,PPA1,5.354004343961616,3.736484830398841
ENSG00000172731,LRRC20,1.213693103032262,0.18519934425005197
ENSG00000148730,EIF4EBP2,-8.092189828040535,-1.5397773575386857
ENSG00000107719,PALD1,4.657493790342975,-2.8813702759709936
ENSG00000180644,PRF1,0.7918528267844009,-3.0913173367554836
ENSG00000166224,SGPL1,-4.832942390289273,-1.4461125763879
ENSG00000166228,PCBD1,-6.306265094002612,0.4305085479460742
ENSG00000107731,UNC5B,8.097699671000635,-0.2771024653074393
ENSG00000198246,SLC29A3,7.25022670106728,3.8411228262772648
ENSG00000107736,CDH23,-5.696698954996886,-1.9970548848588185
ENSG00000214688,C10orf105,-5.341434113425223,-3.456844178836101
ENSG00000107738,VSIR,5.865558529652478,-2.4872143882811444
ENSG00000197746,PSAP,0.9712168355896235,-1.9086346795000437
ENSG00000122863,CHST3,7.191951318204716,-2.615756841254421
ENSG00000107742,SPOCK2,4.377102442640615,-3.5793780226688945
ENSG00000138303,ASCC1,-5.1835565152627625,-1.2992029124123263
ENSG00000166295,ANAPC16,-6.002890923337418,0.1298245723640455
ENSG00000168209,DDIT4,4.143736323255453,1.936737208066452
ENSG00000148719,DNAJB12,0.9190528003228058,0.8229251586979734
ENSG00000107745,MICU1,-8.586930658016797,0.9215756863504334
ENSG00000156026,MCU,3.430742216636831,1.9263508355454246
ENSG00000138315,OIT3,-2.8552993525429637,0.09880398930942394
ENSG00000138308,PLA2G12B,-4.935169173424704,0.142854235762504
ENSG00000122884,P4HA1,0.6164745351814702,-0.5051611360729191
ENSG00000122882,ECD,-1.9995963152792595,-0.7573525784632954
ENSG00000166321,NUDT13,-3.365278579041512,-1.001824265395432
ENSG00000138286,FAM149B1,-4.988061821185694,-0.956644641053625
ENSG00000213551,DNAJC9,2.8057825395796123,2.2557905408139916
ENSG00000182180,MRPS16,-0.8171440462925995,3.3620385994921946
ENSG00000156042,CFAP70,-1.3362538753652915,0.960242370441494
ENSG00000138279,ANXA7,-0.17473809975220272,1.5990768297264935
ENSG00000166343,MSS51,-0.7795130369081895,-2.054749260415556
ENSG00000107758,PPP3CB,0.5815479536996053,0.2255242952863739
ENSG00000166348,USP54,-1.621658120886595,-2.444399998169242
ENSG00000172650,AGAP5,-0.19540636075661882,-0.0989338578577423
ENSG00000176986,SEC24C,2.3574617566329357,1.408674738764418
ENSG00000196968,POFUT4,0.763412293116426,-3.5568298825588633
ENSG00000172586,CHCHD1,-1.1472742070799467,1.0323133476341235
ENSG00000214655,ZSWIM8,-1.3642987937720998,-0.37795715578023553
ENSG00000166507,NDST2,-0.9032390327290484,-3.1764255875912726
ENSG00000148660,CAMK2G,-3.186882422688576,-1.8666074640383434
ENSG00000122861,PLAU,12.885902799762226,4.555228212232393
ENSG00000035403,VCL,7.1781575114183935,0.3809206155223808
ENSG00000185009,AP3M1,-0.9895941438132315,0.3326123207178839
ENSG00000156110,ADK,-7.087993848920381,0.3211273378544546
ENSG00000156650,KAT6B,-2.9641890005912788,-2.563487626868544
ENSG00000156671,SAMD8,0.37446838889120926,0.7986874414864572
ENSG00000165637,VDAC2,0.6721145901264859,1.7698171778075493
ENSG00000165644,COMTD1,1.0020330784559595,0.6419823360686484
ENSG00000165655,ZNF503,-0.1796996378938121,0.38295611198109675
ENSG00000148655,LRMDA,-2.9036923452309886,-0.4179953144078609
ENSG00000156113,KCNMA1,-7.253607065709429,-3.2999828340953745
ENSG00000151208,DLG5,2.820499709511559,-0.26470635011060273
ENSG00000148606,POLR3A,-3.980786958538245,-1.6023918239373889
ENSG00000138326,RPS24,0.6714658841872009,1.6441016401584514
ENSG00000108175,ZMIZ1,2.7705531755046997,-1.3680856323689239
ENSG00000108179,PPIF,0.3588211682849333,2.282805110185489
ENSG00000165424,ZCCHC24,-5.812316952578864,-2.860513871263659
ENSG00000253626,EIF5AL1,-0.4252170942262683,0.026901479181913553
ENSG00000188199,NUTM2B,-1.7637667725997992,-1.6548849901241613
ENSG00000228570,NUTM2E,-3.635063145186269,-2.7453169954249077
ENSG00000133661,SFTPD,-2.3999943887802737,-0.02157704415894563
ENSG00000133678,TMEM254,-2.770904626175074,3.5657468196012396
ENSG00000122359,ANXA11,5.502297594878802,-0.7362519905104976
ENSG00000151224,MAT1A,-10.834725803442954,-3.979447423048684
ENSG00000122378,PRXL2A,-3.409894975472229,1.904898187498697
ENSG00000108219,TSPAN14,3.384867634022143,-2.2046886431849497
ENSG00000185737,NRG3,1.6716832944534912,-1.1853850022947243
ENSG00000165678,GHITM,-1.9561331861946207,1.5073307017539015
ENSG00000107771,CCSER2,-0.0893345286415954,0.6032889469550046
ENSG00000182771,GRID1,2.0569594684431225,0.7354249706837985
ENSG00000062650,WAPL,-2.4236256279778052,-0.5558387834520856
ENSG00000107779,BMPR1A,-0.1793203754480253,0.31238228054029477
ENSG00000173269,MMRN2,1.547731021212572,-0.9321409616360882
ENSG00000148671,ADIRF,0.1618468539479532,0.3617626487693659
ENSG00000148672,GLUD1,-7.298761791430467,0.20152533483716809
ENSG00000122376,SHLD2,-5.442043930962234,0.5688460088642864
ENSG00000184923,NUTM2A,-3.429347114564356,-2.549857038864623
ENSG00000214562,NUTM2D,-3.073739733105335,-2.388126915975974
ENSG00000107789,MINPP1,-1.7100961647931006,1.9103327580574325
ENSG00000198682,PAPSS2,-2.621859205876176,1.8316946525795559
ENSG00000138138,ATAD1,-1.022515839083614,1.2470120277501169
ENSG00000227268,KLLN,-3.864173704203894,-2.0039042721175275
ENSG00000171862,PTEN,-0.7319803487034798,1.5056565605212109
ENSG00000184719,RNLS,-8.260579576769825,-2.967279350366048
ENSG00000204022,LIPJ,-5.287128552983172,-2.032246067036283
ENSG00000138134,STAMBPL1,4.19045182892553,-0.34539080095855806
ENSG00000107796,ACTA2,5.251612405208105,-1.5849066334391417
ENSG00000026103,FAS,5.6718098682119535,3.442093848002588
ENSG00000107798,LIPA,0.903208742315388,0.45279620212537564
ENSG00000119922,IFIT2,-0.5413591188315583,-0.8706748604883235
ENSG00000119917,IFIT3,-0.0837668205445186,-0.397798207368358
ENSG00000185745,IFIT1,-4.597915606279401,-0.19839089214836714
ENSG00000152778,IFIT5,1.7994251275124096,1.8286081873321611
ENSG00000152779,SLC16A12,-1.3825700066289894,-1.0420008648122125
ENSG00000152782,PANK1,-4.4632216384913885,1.2200676788704505
ENSG00000138182,KIF20B,-0.20564541957479318,-0.7612014502272042
ENSG00000148688,RPP30,-0.9264020212344173,1.569371228629838
ENSG00000180628,PCGF5,-2.9583311872106592,0.49269276868173106
ENSG00000165338,HECTD2,1.2604999358592301,0.45915017792816887
ENSG00000119938,PPP1R3C,-5.198115117210053,-0.4183848359054885
ENSG00000107854,TNKS2,-1.4723148551658998,0.44143680180711
ENSG00000095564,BTAF1,-0.03420654888953726,1.9802091919505613
ENSG00000107864,CPEB3,-2.672866745795681,0.6510552103596279
ENSG00000198060,MARCHF5,-1.3278618850725794,1.2896888739755634
ENSG00000119912,IDE,-0.3507548373725172,1.5407507812730714
ENSG00000138160,KIF11,0.9805947480096561,0.18821716605137495
ENSG00000152804,HHEX,-3.007833019082771,0.515316854171031
ENSG00000138190,EXOC6,2.664039914814111,1.9326433647571926
ENSG00000095596,CYP26A1,-0.3989031987994759,1.0366247360527847
ENSG00000138119,MYOF,8.088843605668686,-1.3293797330991368
ENSG00000138207,RBP4,-4.7840296635646,0.37723592332304035
ENSG00000095464,PDE6C,-2.955387090875234,-0.4783360728093538
ENSG00000148690,FRA10AC1,-4.365346705528713,-1.3622596320073395
ENSG00000108231,LGI1,-5.410609565511978,-0.9679542444718746
ENSG00000176273,SLC35G1,4.080324597924087,1.7588224521917908
ENSG00000138193,PLCE1,1.7777190822311322,-2.566333823418116
ENSG00000173145,NOC3L,-0.9279160501870494,0.6012377053386178
ENSG00000108239,TBC1D12,0.29795271258599704,1.7030253034530753
ENSG00000119969,HELLS,7.637702736377695,2.53960179467964
ENSG00000108242,CYP2C18,-5.041550519827432,0.745718598278269
ENSG00000165841,CYP2C19,-12.828969331667805,-5.8649562566802
ENSG00000138109,CYP2C9,-5.337660533384085,1.691771257080476
ENSG00000138115,CYP2C8,-8.31048680307405,-1.3368623370040922
ENSG00000107438,PDLIM1,5.7611527910363405,2.3342538349066766
ENSG00000095637,SORBS1,-3.579932206252748,-1.2753798184878247
ENSG00000059573,ALDH18A1,2.8743292490518733,1.2456603339255363
ENSG00000119977,TCTN3,0.14343791138873557,0.5202459676728936
ENSG00000138185,ENTPD1,8.140906851650312,0.25154009382995435
ENSG00000188649,CC2D2B,0.9207996503694056,-0.38881049988330413
ENSG00000107443,CCNJ,-1.4684848179453056,-2.201941824910019
ENSG00000177853,ZNF518A,-1.5128911031403405,0.3818933751282459
ENSG00000095585,BLNK,-0.5492154398082304,1.5138208722970314
ENSG00000077147,TM9SF3,-0.22818406496548477,1.0102709559607657
ENSG00000155629,PIK3AP1,-1.0277776935142573,-1.5031111999466615
ENSG00000196233,LCOR,-1.4385397974030762,-0.05727972796376591
ENSG00000269891,ARHGAP19-SLIT1,-2.1778927756418325,-1.7403408312290725
ENSG00000213390,ARHGAP19,-3.7816992186106475,-2.591676206258212
ENSG00000165879,FRAT1,-1.77475975808376,0.8296947062526386
ENSG00000181274,FRAT2,-0.8548043700882358,0.025036820920367554
ENSG00000052749,RRP12,5.993326096444314,2.2732463715194635
ENSG00000171314,PGAM1,1.286587956845231,1.44623725589917
ENSG00000171311,EXOSC1,-0.6904444883918917,-0.22022594999450099
ENSG00000171307,ZDHHC16,-6.4792333198159255,-0.9728154359679972
ENSG00000155229,MMS19,-1.432048846989611,-0.25597852197638693
ENSG00000165886,UBTD1,1.8212506416168992,0.21389590059789904
ENSG00000241935,HOGA1,-6.463713351910032,-0.39631801444156767
ENSG00000171160,MORN4,-4.175866379698059,-1.254872647031933
ENSG00000155252,PI4K2A,6.686038890948228,4.678184007228791
ENSG00000119986,AVPI1,-1.380761261175602,1.6029654699188705
ENSG00000155254,MARVELD1,7.814902104855498,-0.3884519298924023
ENSG00000155256,ZFYVE27,3.5754406122628506,0.8107189998046853
ENSG00000120057,SFRP5,6.651621861505476,-4.076111666421014
ENSG00000166024,R3HCC1L,-2.212527295463142,-0.598567300026206
ENSG00000138131,LOXL4,13.766742036245374,4.7551683902696285
ENSG00000119943,PYROXD2,4.2815570129621126,1.5198996595573053
ENSG00000107521,HPS1,3.6385600459107503,1.3456899446589154
ENSG00000120053,GOT1,0.3193498633497284,1.3871915259590708
ENSG00000155287,SLC25A28,0.7064506074350032,1.404466853725594
ENSG00000198018,ENTPD7,2.110247398000575,1.77750823714582
ENSG00000014919,COX15,-4.22602517275202,1.6966765237130568
ENSG00000119929,CUTC,-5.629081127139803,0.642476440477559
ENSG00000023839,ABCC2,-3.8014344505311812,2.885477501383282
ENSG00000107554,DNMBP,-6.767284578110762,-1.1832603161259772
ENSG00000120054,CPN1,-3.8627684484786244,-1.5432494688363378
ENSG00000107566,ERLIN1,-1.8754721030454207,2.1343672825514126
ENSG00000213341,CHUK,-0.6682916043852037,1.1942641151508662
ENSG00000095485,CWF19L1,-1.5006547771153969,-0.39535921781281924
ENSG00000196072,BLOC1S2,4.314503434256578,4.5717349550469395
ENSG00000107593,PKD2L1,-0.6180195663301784,0.4897911054914279
ENSG00000099194,SCD,1.4018268737874546,3.241610080002071
ENSG00000075826,SEC31B,0.10930813438212979,0.983319704958018
ENSG00000166136,NDUFB8,-2.6094336211173115,0.8392756640036654
ENSG00000166135,HIF1AN,-5.1081392074493905,-3.6774778416884697
ENSG00000119906,SLF2,-1.1990792379208834,0.3513482978956134
ENSG00000055950,MRPL43,-6.055658469163527,-1.9389948609906658
ENSG00000095539,SEMA4G,-4.5505884127891765,-0.13850246910438804
ENSG00000107815,TWNK,-0.19646795925199576,-1.0305629301484027
ENSG00000107816,LZTS2,2.8842144818356497,-0.34892588282398457
ENSG00000107819,SFXN3,9.110801336357106,-0.08994570534253975
ENSG00000166167,BTRC,-1.408666105750248,1.169235075061603
ENSG00000166171,DPCD,2.926431672081339,0.2215511903303197
ENSG00000166169,POLL,-0.9503169995689148,-0.4013384809004631
ENSG00000107829,FBXW4,-2.324768123733568,-2.3157620814202082
ENSG00000107833,NPM3,3.4317281728193927,1.1230458393763048
ENSG00000198408,OGA,-3.5334814511034236,0.04653487287373481
ENSG00000120049,KCNIP2,-1.8693145219679612,-2.767141246434926
ENSG00000120029,ARMH3,-5.8546184990586925,-3.5761197807081726
ENSG00000166189,HPS6,0.5534131605213533,-1.1635796964104275
ENSG00000198728,LDB1,3.901096983170652,0.5094499536062599
ENSG00000148840,PPRC1,4.187359250199262,0.4708473546635632
ENSG00000166197,NOLC1,0.9532387517826932,-0.8846069552612968
ENSG00000107862,GBF1,-1.4450036774339543,-1.3959256272920617
ENSG00000077150,NFKB2,7.859704882893284,1.691037465167147
ENSG00000107872,FBXL15,0.017311037758942945,-0.03669474645979566
ENSG00000107874,CUEDC2,0.2648223242410095,-0.4171415475515206
ENSG00000138111,SLC68A1,3.5135123276209543,1.6100559020857348
ENSG00000138107,ACTR1A,6.450967534555341,2.3307229111292704
ENSG00000107882,SUFU,0.22472713743815953,-1.3721339186704036
ENSG00000171206,TRIM8,3.3015185655417465,0.41598603828630026
ENSG00000138175,ARL3,-3.82806844226189,-2.260239477144268
ENSG00000156398,SFXN2,-9.881884151854102,-2.82325496419413
ENSG00000166272,WBP1L,-6.901002386106968,-4.134201299255454
ENSG00000148795,CYP17A1,-4.286667018513799,-2.316425888440544
ENSG00000166275,BORCS7,-0.37376384498957366,1.4127446136577113
ENSG00000214435,AS3MT,-2.260109399895882,-0.1068398870816577
ENSG00000148842,CNNM2,-7.631092862758169,-4.055338826074641
ENSG00000076685,NT5C2,-1.3954452318199257,-0.822506271434852
ENSG00000156374,PCGF6,-2.2051723870700393,1.8270736343902578
ENSG00000148835,TAF5,-1.3834294200994761,1.6311188629800875
ENSG00000173915,ATP5MK,-1.3686378912843986,1.5184018705161308
ENSG00000148843,PDCD11,-1.9130128971901257,-2.0232678408344404
ENSG00000138172,CALHM2,6.9221399542465365,-0.6872358886878652
ENSG00000107957,SH3PXD2A,-7.364570588366382,-3.782040985861216
ENSG00000107960,STN1,0.04200759240574768,-0.8183504618969631
ENSG00000065613,SLK,-1.6696671389958229,-0.6988310536323021
ENSG00000156384,SFR1,2.5576293136140182,1.3659385996200633
ENSG00000148834,GSTO1,0.2087379046304857,1.7550685151232537
ENSG00000065621,GSTO2,1.479754814217413,0.9221067247511096
ENSG00000148841,ITPRIP,6.362877593472552,1.7718279056551192
ENSG00000108039,XPNPEP1,5.894814215939727,1.764939198187364
ENSG00000148700,ADD3,1.1407148049100366,-0.9457250805953725
ENSG00000119950,MXI1,-7.269825643862616,-0.8316424980129637
ENSG00000119953,SMNDC1,-0.5447472791456047,0.14429097796643803
ENSG00000138166,DUSP5,5.361818942483736,4.017520157767726
ENSG00000108055,SMC3,-2.117556722098677,-1.7732725615432952
ENSG00000150593,PDCD4,1.1804975332356447,-0.18813189604192548
ENSG00000214413,BBIP1,0.833124989192628,2.579120928708108
ENSG00000108061,SHOC2,-1.0872303332953226,-0.3435856039849237
ENSG00000119927,GPAM,-5.7230538311352515,-0.200919093590309
ENSG00000197142,ACSL5,-8.6788635996878,-2.0988295530598675
ENSG00000023041,ZDHHC6,-7.198033896106354,-1.405778145780354
ENSG00000151532,VTI1A,-0.5162265726556597,-1.100326009837065
ENSG00000148737,TCF7L2,-0.006432594194895231,0.35982458204117973
ENSG00000148702,HABP2,-5.0832973725899135,-1.7613041421237978
ENSG00000197893,NRAP,-4.268602910767239,-0.6345890423454488
ENSG00000165806,CASP7,-0.9952007125262314,0.8211872549108649
ENSG00000198924,DCLRE1A,-5.342994345400821,-0.22714966643187315
ENSG00000196865,NHLRC2,-3.4675274499148983,-0.1483299246642313
ENSG00000165813,CCDC186,-0.4712859194692785,-0.35053994041662506
ENSG00000169129,AFAP1L2,-3.282379536980073,-6.3864342668892915
ENSG00000099204,ABLIM1,0.8069002731451204,-0.40976008778963763
ENSG00000151553,FHIP2A,-1.907272235637901,1.001651519807068
ENSG00000165832,TRUB1,-1.4756829956143231,0.4749091507393576
ENSG00000107518,ATRNL1,-3.774576634423474,-0.723703932588301
ENSG00000151892,GFRA1,-10.45527541665598,-3.334647399759022
ENSG00000165868,HSPA12A,3.965369375286975,-1.5330626392169258
ENSG00000188316,ENO4,3.099936906308094,4.095901567452656
ENSG00000187164,SHTN1,1.38516485579428,1.7360291142232747
ENSG00000165646,SLC18A2,-0.6456695995278972,1.6955233326354442
ENSG00000165650,PDZD8,-2.115675386735813,0.1935270354566948
ENSG00000107560,RAB11FIP2,-0.09908544311379303,0.0015891665067330294
ENSG00000165669,FAM204A,-3.787217292263995,-1.3682313391583514
ENSG00000151893,CACUL1,2.4154049192378935,3.0106864679718637
ENSG00000107581,EIF3A,-2.6270520609710575,-2.2592812468099566
ENSG00000119979,DENND10,-3.5132782356752625,0.9406921300606382
ENSG00000183605,SFXN4,-1.9393070995048038,1.6574065924406585
ENSG00000165672,PRDX3,-3.259825892225289,0.7199636598437191
ENSG00000198873,GRK5,6.169271391521774,-1.4075738208806456
ENSG00000148908,RGS10,10.458288047736536,2.0213702526153394
ENSG00000151923,TIAL1,-2.217779791531275,1.3031262362334324
ENSG00000151929,BAG3,7.066526567095552,2.6860742393345696
ENSG00000198825,INPP5F,5.488651102074129,2.1603329617764713
ENSG00000197771,MCMBP,-2.25396125354682,-0.7449817774227497
ENSG00000107651,SEC23IP,-0.40987850250535146,0.038504946499798125
ENSG00000203805,PLPP4,11.50098451669548,4.922477592820703
ENSG00000120008,WDR11,-0.740864554610614,0.9446086691690003
ENSG00000066468,FGFR2,6.245267228441306,-2.0618778226261236
ENSG00000107669,ATE1,-2.4832484064853,-0.20587441834923145
ENSG00000107672,NSMCE4A,-2.803025681028322,2.746994735566901
ENSG00000138162,TACC2,1.0984020508464376,1.2421500118457458
ENSG00000138152,BTBD16,-0.20067347973763336,1.7578284599104375
ENSG00000107679,PLEKHA1,-0.7081893723132017,1.0056263309273032
ENSG00000166033,HTRA1,9.974185525397667,4.855162168201663
ENSG00000119965,C10orf88,-1.419546574868387,0.13662310300811192
ENSG00000179988,PSTK,-3.9179760516100366,-0.2913706623741459
ENSG00000095574,IKZF5,-4.229557157615623,-0.5459247377844572
ENSG00000196177,ACADSB,-11.121678322500841,-3.268719441680583
ENSG00000154473,BUB3,2.0064700232881503,1.608480719294629
ENSG00000121898,CPXM2,6.638060556777346,0.9115680006019581
ENSG00000182022,CHST15,4.916367462165244,0.6655131520672773
ENSG00000065154,OAT,-9.156460515788662,-2.449747936677699
ENSG00000107902,LHPP,-4.762444726647586,-1.295657175453542
ENSG00000189319,FAM53B,-0.7106145060685287,-3.3299231348340594
ENSG00000203791,EEF1AKMT2,-3.619929707037606,0.22572307224815952
ENSG00000165660,ABRAXAS2,-0.4868193309994126,1.2894585109072143
ENSG00000019995,ZRANB1,-7.9244069921279054,-1.1419189003960453
ENSG00000175029,CTBP2,-2.2149962488100763,-0.5929146682355417
ENSG00000107938,EDRF1,-3.1444670039046843,-1.9045094417972708
ENSG00000188690,UROS,-5.414858923888816,-1.3093577361020134
ENSG00000107949,BCCIP,-3.475978584343955,0.28493323843279644
ENSG00000089876,DHX32,0.08916930920698753,3.070065979390983
ENSG00000150760,DOCK1,-1.426590242024251,-2.7101994673736023
ENSG00000180745,CLRN3,-5.3504915137938545,0.02230678761895776
ENSG00000132334,PTPRE,6.519498609658387,-1.864802635456435
ENSG00000148773,MKI67,7.8049611052162815,2.4693085171586366
ENSG00000170430,MGMT,-4.179084544822573,-1.398389151826674
ENSG00000237489,C10orf143,-2.6375869690826046,-0.9441086263825759
ENSG00000108010,GLRX3,0.2607680838296316,0.762303957958112
ENSG00000175470,PPP2R2D,-7.723373716443712,-0.46662749166465356
ENSG00000176171,BNIP3,-4.521675000117551,2.3289288254969787
ENSG00000165752,STK32C,0.5780506115608927,-1.2639781824348653
ENSG00000148814,LRRC27,2.485504458444748,-0.7034817252235714
ENSG00000171813,PWWP2B,5.396282837716935,1.2042556032017018
ENSG00000068383,INPP5A,-3.9438325917981585,-1.9547047569944427
ENSG00000148826,NKX6-2,-0.3180668761574714,1.0294223185222764
ENSG00000151651,ADAM8,1.8178745543838035,-0.8187566199370248
ENSG00000130640,TUBGCP2,-2.6342428978204917,-1.2989611453341077
ENSG00000198546,ZNF511,-6.440684108336867,-2.4630294371182386
ENSG00000165828,PRAP1,1.1380226893512169,1.7529191926551695
ENSG00000148803,FUOM,-2.3117402852570286,-0.3060832408815992
ENSG00000127884,ECHS1,-5.071453916155511,-0.019296680444504777
ENSG00000148832,PAOX,-2.902214569330568,-1.4487058623873756
ENSG00000148824,MTG1,-0.18902989232915715,0.3982858309191593
ENSG00000203772,SPRN,-1.2787472773477888,-1.2524740562112004
ENSG00000214279,SCART1,-3.1443321227373096,-1.6656541645368268
ENSG00000130649,CYP2E1,-8.635778816710708,-1.3191052009885609
ENSG00000171772,SYCE1,-3.14689311090425,-0.6020272665272156
ENSG00000177951,BET1L,-1.063490838282273,-0.837778672391113
ENSG00000177963,RIC8A,-0.19930729219990104,-1.1410586376913407
ENSG00000142082,SIRT3,-4.805132013491601,-0.6821746440555284
ENSG00000185627,PSMD13,1.210782190327858,1.630586887157598
ENSG00000174885,NLRP6,-3.6197524508030603,-1.771852739675408
ENSG00000142102,PGGHG,0.5323333837658628,0.4841812385445489
ENSG00000185201,IFITM2,3.6862388879822814,1.2830302764300072
ENSG00000142089,IFITM3,1.9709912219569201,0.12076202209440873
ENSG00000185885,IFITM1,2.3438710395983815,-0.11965607524813321
ENSG00000185187,SIGIRR,-2.9438040030791073,-0.9892713345857583
ENSG00000185101,ANO9,4.303458224450934,-1.1217792453208286
ENSG00000174915,PTDSS2,1.2258769514864631,0.08364311439661269
ENSG00000023191,RNH1,0.7171842122465165,-0.9074094099523093
ENSG00000174775,HRAS,3.095320315418299,0.7264143748381031
ENSG00000185522,LMNTD2,1.1806217968584731,0.7497897215526301
ENSG00000099849,RASSF7,0.8371282244271182,-0.1562993198376812
ENSG00000070047,PHRF1,-1.3374459998296249,-1.7651229950588752
ENSG00000185507,IRF7,1.8425254058470757,0.5969416928514846
ENSG00000099834,CDHR5,-2.0227068630778513,-1.2618902537161636
ENSG00000177030,DEAF1,0.6116092041686013,-0.9390735530617247
ENSG00000177106,EPS8L2,1.15986993384859,1.1496920494637026
ENSG00000177042,TMEM80,-1.5056371545751863,-1.8269578523002707
ENSG00000177156,TALDO1,-0.9372196143103385,-0.14355651027715394
ENSG00000177225,GATD1,0.6386890093095916,-0.9599020130616855
ENSG00000177542,SLC25A22,-1.0973834490371899,-1.2221214798900482
ENSG00000177595,PIDD1,1.040215876378809,0.17961467094018196
ENSG00000177600,RPLP2,2.044761710242753,-0.029909228546614083
ENSG00000177666,PNPLA2,-0.5950364703228261,-0.3995082953077865
ENSG00000177685,CRACR2B,3.3005577802647217,0.189855229292305
ENSG00000177697,CD151,4.904867499474938,1.7104525024321673
ENSG00000177700,POLR2L,0.5625478807437335,-0.20191403466616234
ENSG00000214063,TSPAN4,3.7286103612342787,0.13643170085664627
ENSG00000177830,CHID1,-2.766276185600807,-1.4991958581587759
ENSG00000183020,AP2A2,-2.9030603127718453,-1.8027051071827604
ENSG00000184956,MUC6,7.588852212181366,0.3469567346095991
ENSG00000078902,TOLLIP,-3.947259596498302,-1.8214381656722802
ENSG00000182208,MOB2,2.0904087291986206,0.04114606171396838
ENSG00000244242,IFITM10,-1.1778877669666332,-1.2180978038584784
ENSG00000117984,CTSD,4.695860465176552,1.5558810328691919
ENSG00000130592,LSP1,6.877629826207892,-0.4542867199250035
ENSG00000214026,MRPL23,-1.2255679344358972,0.5152569235876908
ENSG00000167244,IGF2,-2.2422846237912957,0.07583627702269662
ENSG00000129965,INS-IGF2,-2.2338514689636644,0.08644014616918878
ENSG00000180176,TH,-4.592386233132413,-2.743465693832889
ENSG00000110665,C11orf21,1.0951963293797407,-3.1512768486607308
ENSG00000064201,TSPAN32,1.7658571350005434,-3.1671325308351936
ENSG00000110651,CD81,2.8732789402883565,1.1616408290128344
ENSG00000184281,TSSC4,2.4327501378389136,1.0224431202634037
ENSG00000129757,CDKN1C,3.5644028568124195,-0.7603591541179204
ENSG00000110628,SLC67A1,1.8495522751075357,1.3850106107020546
ENSG00000205531,NAP1L4,-1.7357009142867283,0.3289030408854294
ENSG00000110619,CARS1,0.8859292079990702,1.8789784389558946
ENSG00000021762,OSBPL5,4.475143767898765,-1.8678698709938657
ENSG00000005801,ZNF195,1.590252926174614,2.3698243817629114
ENSG00000129749,CHRNA10,-0.43295383638111856,0.12741204704069878
ENSG00000110713,NUP98,-2.991164316332775,-0.17625020439570113
ENSG00000148985,PGAP2,-2.9404657890343513,1.6803359831842992
ENSG00000177105,RHOG,4.816678953859214,0.8151055236547068
ENSG00000167323,STIM1,-2.593592642059533,-3.3716939158339456
ENSG00000167325,RRM1,-1.1331230555539866,1.1868641240743754
ENSG00000132109,TRIM21,4.208597043384266,0.6457605215016657
ENSG00000167333,TRIM68,1.6311367906475924,0.02277812626623993
ENSG00000244734,HBB,1.3060449579996274,0.3717071800690472
ENSG00000175518,UBQLNL,0.3025845385834013,0.44972806205252736
ENSG00000121236,TRIM6,2.5157379793115613,-0.19705301985801554
ENSG00000258588,TRIM6-TRIM34,1.3233433495003288,-1.3798467484784378
ENSG00000258659,TRIM34,1.0276459403855944,-1.2906757150746209
ENSG00000132256,TRIM5,1.5158420485104378,0.5090060224537393
ENSG00000132274,TRIM22,11.915092110774811,6.341508950563712
ENSG00000180878,C11orf42,-3.558372783720887,-1.6609886504992464
ENSG00000051009,FHIP1B,-0.7540385106437489,0.18907614556185676
ENSG00000170955,CAVIN3,3.4731789030796145,0.19992678671398742
ENSG00000166311,SMPD1,0.5996114465443186,0.044749926838942376
ENSG00000166313,APBB1,0.5339964071907943,-4.344024208668518
ENSG00000110169,HPX,-2.4174682175946387,0.8876135672629397
ENSG00000110171,TRIM3,1.1746513792734967,-0.43217432820170754
ENSG00000132254,ARFIP2,-0.8815761691869896,0.984631506937993
ENSG00000132286,TIMM10B,0.1175231996242668,2.1238974915149376
ENSG00000132275,RRP8,-6.087190050310717,-1.6222062044960954
ENSG00000179532,DNHD1,-0.625728828462104,1.4017786199718887
ENSG00000166333,ILK,4.4920403027144316,-0.011888627882029094
ENSG00000166337,TAF10,3.9487866636863815,0.8816045017880759
ENSG00000166340,TPP1,3.189543441954246,2.2221185092269535
ENSG00000166341,DCHS1,2.422463949938489,-1.105397654185825
ENSG00000158042,MRPL17,4.390979181458823,2.827735633069499
ENSG00000149050,ZNF214,-4.5739494464272195,-1.943838889526867
ENSG00000158077,NLRP14,-4.869044030830841,-1.3225827954903508
ENSG00000170743,SYT9,-6.200616272097055,-0.8341328137616006
ENSG00000183801,OLFML1,1.9036999375460961,-2.2459079346923088
ENSG00000166387,PPFIBP2,-2.5948605952863724,-0.46827705372018497
ENSG00000166394,CYB5R2,0.40325228835277266,1.1225962239133416
ENSG00000175390,EIF3F,-2.6794158355699866,-1.7860757353385224
ENSG00000166402,TUB,-2.4833907464714047,-5.27070422615588
ENSG00000166405,RIC3,-3.0583145024516876,-3.073400480735146
ENSG00000166436,TRIM66,-5.396909865584403,-3.1616929960761255
ENSG00000166441,RPL27A,0.44639228639270795,0.2841181836547963
ENSG00000166444,DENND2B,-0.5622696893912158,-1.128721598574157
ENSG00000166452,AKIP1,3.4400306242784127,1.0824491272790653
ENSG00000175348,TMEM9B,4.435233101627286,1.9525281825006287
ENSG00000175356,SCUBE2,3.8082968625186497,-0.4445184088218114
ENSG00000184014,DENND5A,3.633746119015732,-0.5002354085294689
ENSG00000166471,TMEM41B,-0.5058899183995722,3.2502497264685863
ENSG00000205339,IPO7,-1.2222587484751914,-0.0399592974663613
ENSG00000166478,ZNF143,-1.5535164040272813,-1.0943132837837901
ENSG00000166483,WEE1,2.265405677924473,2.812227832959214
ENSG00000133789,SWAP70,7.576505080047192,1.156240702576592
ENSG00000133812,SBF2,-3.0958951730616495,-2.108879085083071
ENSG00000148926,ADM,4.7065600418226685,2.820201923865266
ENSG00000133805,AMPD3,8.493930660072497,1.3495949499694957
ENSG00000110315,RNF141,-1.2345181430440941,0.9035398870331907
ENSG00000133800,LYVE1,-4.578565264049115,-3.204768348650394
ENSG00000072952,IRAG1,5.671478983927785,-2.642201817234011
ENSG00000198730,CTR9,0.864573907101749,-0.46279304587979203
ENSG00000110321,EIF4G2,-0.1339940902218262,0.184717690958747
ENSG00000236287,ZBED5,2.2771746616273605,1.479562747755372
ENSG00000110328,GALNT18,-0.8331037280824721,-1.1046167602292882
ENSG00000254598,CSNK2A3,-2.1246318110268816,-1.8547552979021702
ENSG00000170242,USP47,-4.377763352011824,0.21086024277158505
ENSG00000050165,DKK3,11.493159343795302,2.8510540473153
ENSG00000133816,MICAL2,-2.7946955922497736,-2.3269957552202913
ENSG00000197702,PARVA,5.22843312096681,0.7413894816627796
ENSG00000187079,TEAD1,-2.0072780017236185,-0.15128607761339424
ENSG00000133794,BMAL1,-0.5308879047218358,0.2610636862081079
ENSG00000148925,BTBD10,2.1050788075523794,-0.20584103349905064
ENSG00000197601,FAR1,6.3748379930234025,1.263473885608769
ENSG00000262655,SPON1,8.781373286805367,2.063704273562616
ENSG00000133818,RRAS2,-1.5281196047122827,0.9214766877691624
ENSG00000129083,COPB1,-0.7287614523327677,0.7041682821006812
ENSG00000129084,PSMA1,0.6180030893735999,3.6878378239253364
ENSG00000152270,PDE3B,-4.531883669662998,0.473329744092184
ENSG00000186104,CYP2R1,-0.2771283678712477,1.4339153417138242
ENSG00000110693,SOX6,2.64172105929322,2.4148100720008694
ENSG00000110696,C11orf58,-1.1693249405092097,-0.07789228276014086
ENSG00000166689,PLEKHA7,-3.4697305655417483,-2.035533271116265
ENSG00000110700,RPS13,-1.2276214851066927,0.6083721727205003
ENSG00000011405,PIK3C2A,0.15752630933439268,0.5415518615429823
ENSG00000070081,NUCB2,-1.1608770935068426,-0.8214241721390576
ENSG00000129158,SERGEF,-0.31510929750144434,1.6776313282810598
ENSG00000166788,SAAL1,-0.536013826312348,0.1895686372110655
ENSG00000148965,SAA4,-1.5025452877871066,0.47154320062394856
ENSG00000255071,SAA2-SAA4,0.9142345860350304,1.0675821628275726
ENSG00000134339,SAA2,4.599415337919853,1.8483201082508902
ENSG00000173432,SAA1,3.8743446967561312,1.5310060071339313
ENSG00000110756,HPS5,3.9824916987384866,3.079599210866522
ENSG00000110768,GTF2H1,-2.347855030615462,0.7215803877584622
ENSG00000134333,LDHA,-2.849874448058818,-0.7214710084755223
ENSG00000074319,TSG101,1.8612111878586441,1.7932793806886078
ENSG00000151116,UEVLD,0.170097646342362,0.33125946675309614
ENSG00000247595,MISFA,-0.9461129288347276,-1.110310422966308
ENSG00000179119,SPTY2D1,-0.5555843516304896,-0.46279379686049604
ENSG00000151117,TMEM86A,0.009205266746253804,-2.6377171275009936
ENSG00000177054,ZDHHC13,7.275506378620356,0.8887237747535208
ENSG00000166833,NAV2,1.5829139609928211,0.6172793811890193
ENSG00000109854,HTATIP2,1.745470852812163,1.860404664865984
ENSG00000185238,PRMT3,0.38463447843921794,1.8282974412159707
ENSG00000183161,FANCF,-1.2553336890046471,-0.39257947026006146
ENSG00000148935,GAS2,-4.895152988774469,1.1518031317556778
ENSG00000198168,SVIP,-2.0348411228394765,0.9272786919521694
ENSG00000134343,ANO3,0.22630674984739557,1.3509921236322266
ENSG00000148942,SLC5A12,-1.902932024931829,-0.7433390989979666
ENSG00000176971,FIBIN,1.1840063054074514,-3.3662265805589215
ENSG00000129151,BBOX1,-8.152699058238234,-1.4120320119851884
ENSG00000109881,CCDC34,1.0390396791598917,0.32156842074600167
ENSG00000205213,LGR4,-3.6318858518179566,0.6868412541923867
ENSG00000148943,LIN7C,-3.0456955800032675,1.6958989179581694
ENSG00000176697,BDNF,-4.429622570978235,-2.41915282583862
ENSG00000169519,METTL15,-1.9291922513110713,0.7490226431091843
ENSG00000152219,ARL14EP,-1.2123195273771477,1.3494763586710496
ENSG00000170959,DCDC1,-6.669684786653562,-2.1025990462482915
ENSG00000170946,DNAJC24,-1.5830378853724347,1.0721229758417987
ENSG00000148950,IMMP1L,-3.2294233780903516,0.7964415095487848
ENSG00000109911,ELP4,-2.2500919643508683,0.6881893350433637
ENSG00000049449,RCN1,-1.5076404186241916,0.4536148261667077
ENSG00000149100,EIF3M,-1.1115828721587877,0.5412885032550265
ENSG00000186714,CCDC73,-0.609454032535892,2.9473362748550898
ENSG00000135378,PRRG4,-6.849686037213423,-2.0927339963529823
ENSG00000060749,QSER1,-2.9575619843128953,-0.5162103944632426
ENSG00000121690,DEPDC7,-3.3177529691422407,2.6363090156543763
ENSG00000176148,TCP11L1,3.3601961749934843,0.5182976575153774
ENSG00000176102,CSTF3,0.9738953817497842,3.553514759937148
ENSG00000110422,HIPK3,0.0352435900536469,0.5372126459414006
ENSG00000205177,C11orf91,4.6481706065864605,1.7233542696386148
ENSG00000085063,CD59,10.190248880558652,4.279165863119778
ENSG00000110429,FBXO3,-3.1431738692768105,-0.2117672631840795
ENSG00000135363,LMO2,4.095057689595579,-0.6864463041277865
ENSG00000135387,CAPRIN1,0.9293835077313491,0.6489596992194453
ENSG00000135372,NAT10,-1.247179002712746,-1.0513822238921895
ENSG00000166016,ABTB2,-5.334082283288392,-2.6960111648226794
ENSG00000121691,CAT,-8.731178411490323,-1.7570910617893511
ENSG00000135373,EHF,6.736931510743868,-4.789170364879369
ENSG00000149089,APIP,2.5554850269698215,3.001420529535106
ENSG00000110435,PDHX,-2.9869672526306315,0.2387675781470987
ENSG00000026508,CD44,5.1822146800985935,-2.494726900750357
ENSG00000110436,SLC1A2,-1.4805908414092976,1.7658088218427193
ENSG00000149090,PAMR1,-0.6740635129379154,-2.711447276601887
ENSG00000166326,TRIM44,-6.088563169474399,-2.127490725180715
ENSG00000179241,LDLRAD3,5.207480730589814,-1.6754331522134154
ENSG00000110442,COMMD9,0.17771737132129709,1.196365875804355
ENSG00000135362,PRR5L,2.0436722093863637,-2.3549291245669672
ENSG00000175104,TRAF6,-5.186755575333219,-0.745974203524767
ENSG00000166349,RAG1,-5.32507225360378,-1.4951445885021866
ENSG00000166352,IFTAP,-1.9905435273855292,0.8478348472305193
ENSG00000148948,LRRC4C,5.34071253127118,0.22320936924894652
ENSG00000166181,API5,-3.940523680783603,-0.1848532629499162
ENSG00000052841,TTC17,-6.216286158475315,-1.9584396402349418
ENSG00000149084,HSD17B12,-0.056501318726626434,2.852467653155506
ENSG00000166199,ALKBH3,-4.292195288888839,-2.153509435198554
ENSG00000187479,C11orf96,6.874841982604729,0.5746624505513698
ENSG00000110455,ACCS,1.5603723239419933,1.5148988792000038
ENSG00000151348,EXT2,-1.9477754716665259,-1.1524706066104684
ENSG00000085117,CD82,-3.3126326692602026,-4.102745241797117
ENSG00000157570,TSPAN18,0.6514007757865402,-3.2674246140763175
ENSG00000175274,TP53I11,2.2692923648586096,-3.2994595087519185
ENSG00000019485,PRDM11,-2.7262977208964134,-5.7947366428528655
ENSG00000181830,SLC35C1,5.45733619039376,0.9020069147827267
ENSG00000121671,CRY2,-4.674987600400321,-0.9277650808211377
ENSG00000121653,MAPK8IP1,-3.4254399014576182,-1.3739168259902166
ENSG00000121680,PEX16,-1.8278674802732697,-1.0913540704500404
ENSG00000165905,LARGE2,-3.0960075958700433,-1.4085757508255679
ENSG00000135365,PHF21A,0.8329291997650091,-1.2340820827308805
ENSG00000149091,DGKZ,3.3503806479300753,-0.2927028707358477
ENSG00000110492,MDK,7.159505034379049,0.35288305579690643
ENSG00000110497,AMBRA1,-4.049622972371955,-3.5560043088263007
ENSG00000180423,HARBI1,-1.0242138334269428,-1.2952549519074954
ENSG00000175224,ATG13,0.4380876187079434,1.0640985777191654
ENSG00000175220,ARHGAP1,0.8882395404939099,-1.4241814791360312
ENSG00000175213,ZNF408,-1.545551061531958,-0.9868900455819396
ENSG00000180210,F2,-6.3445623866032115,-3.3029672019182708
ENSG00000175216,CKAP5,-3.633118897139462,-1.3336443515616851
ENSG00000134569,LRP4,-5.268158570790044,-4.330786853522352
ENSG00000149179,CSTPP1,0.3012109425290468,-1.4647786472466287
ENSG00000149182,ARFGAP2,-4.1819946501920615,-1.4939638539055151
ENSG00000165912,PACSIN3,-7.412267682693333,-3.566545535274801
ENSG00000134574,DDB2,8.486348986531604,6.0260513074109605
ENSG00000134575,ACP2,-3.8420097825540576,-1.1868001099141363
ENSG00000025434,NR1H3,-3.8681146091219496,-0.09515861376826804
ENSG00000110514,MADD,-2.8654535273461166,-1.9761106127250372
ENSG00000066336,SPI1,2.915344077847612,-2.59585257920501
ENSG00000165915,SLC39A13,2.2521363323734036,-0.45124506558751365
ENSG00000165916,PSMC3,-0.4270260297378613,0.20341794885266615
ENSG00000149187,CELF1,-6.077759213015767,-0.3618113542693411
ENSG00000213619,NDUFS3,-1.9240539432020953,1.2672619212281253
ENSG00000110536,PTPMT1,-3.0695486891250625,1.6906502297356905
ENSG00000123444,KBTBD4,-2.4300182170983966,-0.9268528991555819
ENSG00000109919,MTCH2,-3.72707692028828,2.455519742688388
ENSG00000165923,AGBL2,-5.17392662221001,-0.9633013593870451
ENSG00000109920,FNBP4,-0.4719864706380135,0.43566062194482535
ENSG00000030066,NUP160,-3.3262167009116648,-1.341281726527696
ENSG00000149177,PTPRJ,-4.871176022306427,-2.591003032629107
ENSG00000086205,FOLH1,-9.925330682946054,-2.4697756468846728
ENSG00000183908,LRRC55,-5.6655852119405985,-5.487849803269911
ENSG00000134817,APLNR,-1.0180027509920113,-2.170647642626697
ENSG00000149115,TNKS1BP1,-0.5525777260689684,-1.8450538126346403
ENSG00000149136,SSRP1,-4.616983535169313,-3.199490451454138
ENSG00000109991,P2RX3,-6.938428583023344,-1.3055081501910344
ENSG00000186652,PRG2,-2.791580853140614,-0.7684133186268057
ENSG00000134802,SLC43A3,-4.895454983278502,-1.860749331038735
ENSG00000186907,RTN4RL2,-1.8039768374539462,-1.788340398971128
ENSG00000149150,SLC43A1,-3.588562446647985,-0.09811692399611412
ENSG00000134809,TIMM10,-2.3311471516334126,0.6376118700002629
ENSG00000156587,UBE2L6,1.5131289658335147,-0.03871946406166324
ENSG00000149131,SERPING1,-2.7836799481686727,-0.4565158934136131
ENSG00000172409,CLP1,-0.08041817783752611,0.5226141869457961
ENSG00000156599,ZDHHC5,-0.6577981147280865,-0.8603610102818873
ENSG00000156603,MED19,0.33279384228378006,1.0153796032925473
ENSG00000213593,TMX2,-0.861836725120906,2.7673802141053394
ENSG00000288534,ENSG00000288534,0.18598085120476365,0.6630906699457277
ENSG00000211450,SELENOH,-3.1933716421797147,-0.9509546170786122
ENSG00000198561,CTNND1,0.23901543865919372,0.577975149701874
ENSG00000110031,LPXN,0.535985145735446,-0.2141097542876761
ENSG00000186660,ZFP91,-1.8243816417307925,0.10539586817715968
ENSG00000149124,GLYAT,-10.745131455927398,-0.04420950022795189
ENSG00000166840,GLYATL1,-9.142134923646466,-0.44450703177713863
ENSG00000189057,FAM111B,7.878087156754964,4.030719341050019
ENSG00000166801,FAM111A,3.113369949856476,3.773192179366714
ENSG00000110042,DTX4,-2.5443862932126486,-0.7940462275614547
ENSG00000197629,MPEG1,1.450013896045023,-2.323744469506843
ENSG00000110048,OSBP,-5.378626664052982,-1.605956348187891
ENSG00000166889,PATL1,-5.564236908298423,-0.5395679185295362
ENSG00000166900,STX3,11.047656976556048,4.017420539642984
ENSG00000166902,MRPL16,-1.9824503288195165,1.476424374215509
ENSG00000110077,MS4A6A,-0.5509462717061702,-1.234861805199509
ENSG00000110079,MS4A4A,2.2246209116038522,-0.48647524050867563
ENSG00000214787,MS4A4E,0.7277545707445138,-2.137641748135541
ENSG00000166927,MS4A7,2.0286658034991367,-0.4632010993195076
ENSG00000166928,MS4A14,5.074775955449057,1.2983433134174038
ENSG00000156738,MS4A1,4.702296058399614,1.4795523426418866
ENSG00000110104,CCDC86,2.7785924705665854,-0.1770686987350538
ENSG00000110107,PRPF19,-1.1328278210000984,-0.7739867182683846
ENSG00000110108,TMEM109,-1.2750317967742077,-3.6278315401803543
ENSG00000110446,SLC15A3,3.190292018650676,-1.2060489212670837
ENSG00000013725,CD6,8.11085334246649,-0.09194830691725402
ENSG00000110448,CD5,7.294091971198249,-0.7744569887264668
ENSG00000167987,VPS37C,4.456127752616452,0.32297660083144986
ENSG00000167992,VWCE,-0.4252460826330869,-0.14169628412065963
ENSG00000167986,DDB1,-2.837032813843753,-2.2475084042739883
ENSG00000149476,TKFC,-1.4882923688214316,0.8113216032737219
ENSG00000162144,CYB561A3,0.3016642833197468,-0.6516422632268878
ENSG00000149483,TMEM138,3.915847239996295,4.911883410180882
ENSG00000187049,TMEM216,1.0509088017509307,0.053068770936160005
ENSG00000149532,CPSF7,-1.6594522355202916,0.7655927766449218
ENSG00000167985,SDHAF2,-3.757935352969118,-0.42793005702600734
ENSG00000162148,SAXO4,-1.0134589420773708,-0.7353583371452279
ENSG00000011347,SYT7,0.4083041408524519,0.6299681547184856
ENSG00000124920,MYRF,4.635759346422603,-0.22690127210258734
ENSG00000134825,TMEM258,0.40023163344441054,0.5280651040214582
ENSG00000168496,FEN1,4.360384089637333,2.00579512071041
ENSG00000134824,FADS2,-0.6053124212028346,1.5850506834540719
ENSG00000149485,FADS1,0.08796074360037397,2.681022837756652
ENSG00000221968,FADS3,2.4571832481441644,0.3362925592756248
ENSG00000167994,RAB3IL1,1.9411878793144344,-1.1385205378490637
ENSG00000167995,BEST1,-1.2011845830614742,-0.44399933081152776
ENSG00000167996,FTH1,-1.5050629939853741,-0.9046672714445189
ENSG00000149503,INCENP,1.008106922646412,-1.4043025514262866
ENSG00000162174,ASRGL1,6.188825979649653,0.2571488497570794
ENSG00000124942,AHNAK,2.753838462376609,-1.4833188877287864
ENSG00000254772,EEF1G,-1.8627895449526435,-1.0508021128613962
ENSG00000149016,TUT1,-0.7356340825083149,-1.0178722047968054
ENSG00000149480,MTA2,3.389532034275812,1.254105748906376
ENSG00000149499,EML3,-1.906257230431131,-2.6430533555967908
ENSG00000149489,ROM1,0.7782380487014389,-0.9363931699775285
ENSG00000149541,B3GAT3,2.3377004218988464,-0.2616510421120912
ENSG00000089597,GANAB,-1.9277389907345341,0.06876505196767052
ENSG00000185085,INTS5,-1.2309124489849232,-1.1471765202074466
ENSG00000278615,C11orf98,0.3662269615504891,1.6486198126147187
ENSG00000162194,LBHD1,0.24953844940745254,1.2891774127375268
ENSG00000214756,CSKMT,3.4494123303343436,2.014858160927012
ENSG00000204922,UQCC3,-0.3686674403986414,0.5524332096413788
ENSG00000162191,UBXN1,1.6519800379561107,0.1959480153593156
ENSG00000168000,BSCL2,1.3163986805136136,0.7754445224584703
ENSG00000234857,HNRNPUL2-BSCL2,-1.1438834725569882,-2.1566799933324843
ENSG00000214753,HNRNPUL2,-1.7793243377872594,-2.060418967903809
ENSG00000162222,TTC9C,-2.739700532856445,-2.022294747757949
ENSG00000185670,ZBTB3,-2.906552435334584,-2.5852808801234097
ENSG00000168002,POLR2G,3.4315240811277743,2.8590260550997253
ENSG00000162227,TAF6L,-2.9355746541549332,-0.5333492703806294
ENSG00000168569,TMEM223,-1.514585230703665,0.8127509395189807
ENSG00000185475,TMEM179B,-3.531359809700077,-1.478252760764188
ENSG00000162231,NXF1,2.178465266087374,1.9484206842265288
ENSG00000162236,STX5,0.8496536347489346,1.2818933970098434
ENSG00000133316,WDR74,0.9198964562944699,2.0437745901210307
ENSG00000168003,SLC3A2,-1.1228543578475014,-1.3250087851879875
ENSG00000196600,SLC22A25,-7.562590054323477,-1.1422760147468314
ENSG00000184999,SLC22A10,-3.970232047382667,-1.6542527123324922
ENSG00000149742,SLC22A9,-3.6834919258979495,1.2715841273183033
ENSG00000133321,PLAAT4,0.10439358896910202,0.1895265516366679
ENSG00000133328,PLAAT2,-2.4077917422808963,0.0668349172651546
ENSG00000176485,PLAAT3,-3.571051111365997,-0.6626985706329048
ENSG00000184743,ATL3,2.9152893846427723,2.2416665661845543
ENSG00000133318,RTN3,-2.1378462329382404,1.875006682709811
ENSG00000188070,ZFTA,-3.0770970322487776,-0.34489247800787315
ENSG00000168005,SPINDOC,5.570999757940935,-0.15687438479575672
ENSG00000072518,MARK2,2.7145269897132347,-0.6208943845113443
ENSG00000110583,NAA40,3.8534626037116846,0.48655411254367686
ENSG00000176340,COX8A,0.3576406277483334,1.4908337579598325
ENSG00000167770,OTUB1,1.4394896232934988,0.22521700793513136
ENSG00000133315,MACROD1,-3.366546035225715,-0.2910403084362804
ENSG00000168439,STIP1,2.085878867557568,0.3365480164489873
ENSG00000149781,FERMT3,5.0656687896088295,-1.0557959344626529
ENSG00000149743,TRPT1,0.2390131769510172,0.8449487735053202
ENSG00000149761,NUDT22,0.9234125293836063,0.08132972136529637
ENSG00000110011,DNAJC4,-0.0638805120683689,-0.2913490282790612
ENSG00000173511,VEGFB,-0.2962878971605624,-2.2756407116568766
ENSG00000173486,FKBP2,-1.3351626560065466,-0.5997409397285951
ENSG00000286264,ENSG00000286264,-1.3475175041228096,-0.6277509613755748
ENSG00000173457,PPP1R14B,0.35946323748657555,-0.7880458357739919
ENSG00000149782,PLCB3,1.2534438079638197,-1.5394399315361638
ENSG00000002330,BAD,0.6615631713822409,0.21231696052485483
ENSG00000173264,GPR137,1.510287323911322,0.08933123533285414
ENSG00000173153,ESRRA,-1.009076497038118,-0.5008350022685013
ENSG00000173113,TRMT112,-0.6707877195158664,0.06925853665319939
ENSG00000126432,PRDX5,-1.0236185882280138,0.7104305136875187
ENSG00000168071,CCDC88B,5.0369400149106625,0.3962321252277526
ENSG00000162302,RPS6KA4,3.207387395463788,-0.4884932824359225
ENSG00000068831,RASGRP2,-0.9695627191991414,-3.6333574354546148
ENSG00000168066,SF1,-1.7626616368128945,-1.5438318756233518
ENSG00000168067,MAP4K2,2.6772467904144475,0.08065896693224026
ENSG00000133895,MEN1,-0.04315354542888917,0.28474012133359344
ENSG00000110047,EHD1,-1.0805429483742204,-2.4305633957837
ENSG00000110046,ATG2A,0.7931241431458775,-0.35734792311474883
ENSG00000068971,PPP2R5B,3.183008055518015,0.23874840933591257
ENSG00000168062,BATF2,-0.8373483175138597,-2.432005763334899
ENSG00000213465,ARL2,3.1155660829682117,-1.055367048591872
ENSG00000273003,ARL2-SNX15,1.8425722623995584,-1.5160354048830589
ENSG00000110025,SNX15,0.7240855353227618,-0.8583628663615388
ENSG00000146670,CDCA5,6.551524477038284,2.2970147716116416
ENSG00000162300,ZFPL1,-0.30914413337123714,-0.19059478894453305
ENSG00000149823,VPS51,-1.44722646462308,-1.3074209426097319
ENSG00000149809,TM7SF2,-0.29630847065428806,3.285253666400745
ENSG00000149806,FAU,-0.688194663083602,-0.824607077966293
ENSG00000162298,SYVN1,-1.5620384997377634,-0.5866022914805095
ENSG00000149792,MRPL49,-2.4903014309354607,1.1047641429737016
ENSG00000204710,SPDYC,-4.857904614289181,-2.481351320283354
ENSG00000014216,CAPN1,1.7085117014984714,-1.4261244053253423
ENSG00000014138,POLA2,-0.10439314039206901,-1.941356497569064
ENSG00000149798,CDC42EP2,-0.05699988881976816,-1.857462166104394
ENSG00000133884,DPF2,0.36588710815475406,-1.5328001431626344
ENSG00000162241,SLC25A45,2.496503969985228,0.04680951727436589
ENSG00000126391,FRMD8,3.0483316519669947,-1.142561890710272
ENSG00000142186,SCYL1,-0.3951585772891226,-0.3531973674890496
ENSG00000168056,LTBP3,1.6410715639146212,0.005232405609562797
ENSG00000173465,ZNRD2,-0.8917405464570424,-1.3692978764782906
ENSG00000176973,FAM89B,0.8088765929624562,-0.6554346547311813
ENSG00000173442,EHBP1L1,3.472786063895065,-2.584115459061068
ENSG00000173327,MAP3K11,0.22438436216385516,-0.7618256650754555
ENSG00000197136,PCNX3,0.383975662503953,-1.3295245805385567
ENSG00000213445,SIPA1,0.7742725032414619,-1.150111344961332
ENSG00000173039,RELA,0.4185286537906387,-0.6191655392088282
ENSG00000172977,KAT5,1.1490826691623985,-0.2558277215427686
ENSG00000172922,RNASEH2C,-0.5425381940894306,-0.4801403024303633
ENSG00000254470,AP5B1,2.1892050610147895,-0.0451195365521889
ENSG00000172757,CFL1,6.772947764338332,2.017691876612725
ENSG00000172803,SNX32,5.91640469084949,3.50889769634212
ENSG00000172732,MUS81,2.9515307754344136,0.3181910197819134
ENSG00000172638,EFEMP2,7.898026896881001,1.167933702044142
ENSG00000172543,CTSW,4.179265548140618,0.14678157451337354
ENSG00000172500,FIBP,3.371913033365751,1.9755584569882547
ENSG00000175573,C11orf68,0.7725485758825233,-0.08016985867877321
ENSG00000175550,DRAP1,1.6458380731910451,0.5193916543347926
ENSG00000175467,SART1,-0.15159834460898006,-1.6054894473957078
ENSG00000175376,EIF1AD,-0.27787314513976447,0.08142270325377651
ENSG00000175334,BANF1,2.45046144912754,0.6011445682535956
ENSG00000087365,SF3B2,-0.04592924843760367,-1.0401459479472575
ENSG00000175115,PACS1,7.2643972177103135,-0.3163050515224426
ENSG00000174996,KLC2,6.1137877170880754,0.6357186752906588
ENSG00000174903,RAB1B,0.3918635159279128,-0.5482142122046798
ENSG00000174851,YIF1A,-0.2936881373005425,0.7179281832996565
ENSG00000174807,CD248,7.186104249593706,0.9544807211467043
ENSG00000174744,BRMS1,4.795413796429507,2.0823213003505936
ENSG00000174684,B4GAT1,-4.288526683618137,-2.0621563099766798
ENSG00000174669,SLC29A2,-1.6369151615233417,-1.2087399819626432
ENSG00000174547,MRPL11,-5.504241118015828,-1.4803705253856074
ENSG00000174516,PELI3,-3.8310700882914137,-3.803878804984446
ENSG00000254986,DPP3,3.703801303658655,0.7782366927967282
ENSG00000174483,BBS1,-0.15187194669627474,-3.470955816936752
ENSG00000174165,ZDHHC24,-1.7042042122146686,-2.5390722230590557
ENSG00000174080,CTSF,-3.3334043987596473,-0.3927876848857364
ENSG00000173992,CCS,-2.3347922565739365,-0.21647132713166367
ENSG00000239306,RBM14,-2.8016421150617172,-1.6533680570333036
ENSG00000248643,RBM14-RBM4,0.32756465535965673,0.5686585743483513
ENSG00000173933,RBM4,-2.3763401517024594,-0.5412119585264402
ENSG00000173914,RBM4B,-6.716803598090597,-2.994620066898352
ENSG00000173898,SPTBN2,-4.901726177391982,-2.2211446386094016
ENSG00000173715,TOP6BL,8.76485161263985,3.0425649807654596
ENSG00000173653,RCE1,-0.40968229918885446,-1.1187758391752864
ENSG00000173599,PC,-0.5581723981281067,-0.4679972503442218
ENSG00000173227,SYT12,1.883286422811576,-0.33778640226070983
ENSG00000173156,RHOD,1.7321679186252275,1.3112588093878499
ENSG00000173120,KDM2A,-1.8189387419440448,-0.5835388135368378
ENSG00000173020,GRK2,2.424347370854379,-1.1990202740441487
ENSG00000172932,ANKRD13D,4.737330319013812,0.47160887520072386
ENSG00000172830,SSH3,2.080135267864111,-0.5142199148719736
ENSG00000172613,RAD9A,1.4793671344006765,0.9721886181377114
ENSG00000175482,POLD4,1.6690454226261182,0.9183334124698568
ENSG00000172531,PPP1CA,0.3277043122200347,-0.5429438420930529
ENSG00000175463,TBC1D10C,5.6755399301387985,0.2079485903423538
ENSG00000172508,CARNS1,-3.986395722606376,-4.5467533144459304
ENSG00000175634,RPS6KB2,-0.6762968040739455,-0.07865010278543819
ENSG00000172725,CORO1B,1.7342357092742042,-1.3291550606658264
ENSG00000175544,CABP4,0.2271117553469448,-1.2250238644108131
ENSG00000172663,TMEM134,-0.35248888156944347,-0.7887053382292677
ENSG00000110711,AIP,0.34269015832231153,-1.0930317375789156
ENSG00000110697,PITPNM1,4.009369276500496,0.06852834368265238
ENSG00000167797,CDK2AP2,1.4695361696203664,0.11742166561726573
ENSG00000084207,GSTP1,8.413885803354292,0.04149738109758007
ENSG00000167792,NDUFV1,0.3686512182998439,0.8590054785846486
ENSG00000167799,NUDT8,-2.8372054623411787,-0.847118100324095
ENSG00000132744,ACY3,-2.685655692325051,0.18419109558964675
ENSG00000110057,UNC93B1,2.288140263863916,-0.6621262725808619
ENSG00000006534,ALDH3B1,5.263067200070913,0.35925621793090035
ENSG00000110717,NDUFS8,0.8880466530290461,0.4969921607558439
ENSG00000110719,TCIRG1,2.332900750789737,0.5316636893084891
ENSG00000110721,CHKA,0.310639476966918,1.6954395542888896
ENSG00000110066,KMT5B,-3.676344900468708,-0.03162786478583048
ENSG00000171067,C11orf24,0.7994801313706492,1.2996454980948875
ENSG00000162337,LRP5,-1.8128303629242821,-1.8859095934208172
ENSG00000110075,PPP6R3,-3.0314797131168802,1.2267567760669673
ENSG00000110090,CPT1A,0.6665978593579286,0.5595509934577889
ENSG00000197345,MRPL21,0.20284059106750102,1.1491701127433758
ENSG00000132740,IGHMBP2,-0.5168420569925174,0.1310632530076218
ENSG00000162341,TPCN2,-3.7861138413859026,-1.0566227845209424
ENSG00000110092,CCND1,10.521125633920736,5.321406515158544
ENSG00000149716,LTO1,-0.4486624922565287,-1.8450286596094352
ENSG00000131620,ANO1,-4.104286324157369,-1.3600825609547273
ENSG00000168040,FADD,2.698900413958562,0.7971329709203487
ENSG00000131626,PPFIA1,-0.8536222717763018,0.6843591658912661
ENSG00000085733,CTTN,1.7343375056920174,-1.0706871967773388
ENSG00000162105,SHANK2,0.946199822799146,1.6772438716296036
ENSG00000172893,DHCR7,1.012071450943455,2.219589450126144
ENSG00000172890,NADSYN1,3.7160034962258135,2.4669188747561317
ENSG00000254469,XNDC1N,-3.58071078376561,-2.7378340313045033
ENSG00000137522,RNF121,-4.485068787283193,-3.231910897557772
ENSG00000137496,IL18BP,1.515855803579634,-2.490099169939131
ENSG00000137497,NUMA1,-1.1609566308170975,-2.6221408722347035
ENSG00000284922,LRTOMT,-5.492717204374501,-2.2061386297377505
ENSG00000149357,LAMTOR1,0.048788168427487094,-1.8056949091903887
ENSG00000110200,ANAPC15,-1.7637996470226998,-0.6375606961172632
ENSG00000165457,FOLR2,0.8939458644346573,-3.5823680868644536
ENSG00000165458,INPPL1,1.6665863025976568,0.45287719984002184
ENSG00000162129,CLPB,-1.5473039144818397,-0.02497543725553742
ENSG00000186642,PDE2A,-1.610515299904507,-2.622733399415977
ENSG00000186635,ARAP1,-0.30417304948427665,-1.5839850927515964
ENSG00000214530,STARD10,-1.8428750143654027,1.132825458099072
ENSG00000168010,ATG16L2,2.1463432242966265,0.4500089643893966
ENSG00000137478,FCHSD2,-0.2260673517365948,-0.9491302185697053
ENSG00000175591,P2RY2,-5.7589511198137675,-2.905283709531099
ENSG00000110237,ARHGEF17,3.9651970322026524,-3.627618961888312
ENSG00000054967,RELT,4.732298937588818,-1.6772824820159604
ENSG00000054965,FAM168A,-5.6277193891497435,-3.1207491860105403
ENSG00000021300,PLEKHB1,6.638503982816568,-2.8323486735861176
ENSG00000175582,RAB6A,2.621476324265297,2.316568226237594
ENSG00000175581,MRPL48,-1.9038596037848106,1.2216765341688558
ENSG00000181924,COA4,-3.5437362315288596,0.6371274214289275
ENSG00000175575,PAAF1,-3.900994625555113,1.1390051180840355
ENSG00000175567,UCP2,3.567233738887167,-2.327338328166036
ENSG00000175564,UCP3,0.35074219633828135,-1.0319725579414396
ENSG00000168014,C2CD3,0.8600455653343391,-1.304392134955647
ENSG00000214517,PPME1,5.121567441684769,1.8634688160666424
ENSG00000149380,P4HA3,0.5536949317923492,-2.3157852529554313
ENSG00000165434,PGM2L1,2.6870319723290352,-0.7215275675300128
ENSG00000175538,KCNE3,-0.9605046759971546,-1.0919169415249705
ENSG00000175536,LIPT2,-7.0861260051515265,-1.9198615875555913
ENSG00000077514,POLD3,3.8546034315982203,1.8835325768571576
ENSG00000054938,CHRDL2,8.908011234851358,4.468953368331748
ENSG00000166439,RNF169,-5.451793633471257,-2.1594880507067074
ENSG00000166435,XRRA1,-1.8426598021207519,0.1990042574217306
ENSG00000118363,SPCS2,-3.9693848616745924,-1.6348279092592024
ENSG00000162139,NEU3,-7.396214404497409,-3.835348073891644
ENSG00000137491,SLCO2B1,-3.2004029952017556,-2.215561970435632
ENSG00000137486,ARRB1,1.1058427717881623,-2.491046112635516
ENSG00000149273,RPS3,-0.1393621038453896,-1.8384810410987509
ENSG00000158555,GDPD5,1.0769778230155664,-0.33747829054749634
ENSG00000149257,SERPINH1,8.350569275500037,1.8585406913486116
ENSG00000171533,MAP6,3.6907181474455926,0.7330351019596274
ENSG00000166391,MOGAT2,-7.682489514636221,-1.2953855175047804
ENSG00000062282,DGAT2,-8.646717446229065,-1.539502224428293
ENSG00000198382,UVRAG,-1.2624716115781305,-0.5716898045344988
ENSG00000085741,WNT11,0.9028972272459891,1.2822595228552316
ENSG00000137492,THAP12,1.0921735754324937,1.1402874799454992
ENSG00000179240,GVQW3,-3.9352233448537923,-3.341935978256403
ENSG00000158636,EMSY,-1.7892208241776726,-0.049426918327585036
ENSG00000137507,LRRC32,9.042764415097103,0.9898702389972903
ENSG00000182704,TSKU,-2.739327379523318,-0.951480569092878
ENSG00000078124,ACER3,5.2932674839914045,2.714646092718566
ENSG00000149260,CAPN5,-5.7232842182776045,-1.8152187437745675
ENSG00000137474,MYO7A,1.8542783674561711,1.631755568146384
ENSG00000178795,GDPD4,0.14890184047584812,2.170358129639168
ENSG00000149269,PAK1,2.4325940595417643,-0.4121706283424977
ENSG00000074201,CLNS1A,-3.765985990802577,-1.0726677698263276
ENSG00000178301,AQP11,-9.762418295349168,-3.6939190884564375
ENSG00000048649,RSF1,-1.9976579265074697,-1.1995048210652064
ENSG00000087884,AAMDC,-3.410922133369701,-1.4216673914008926
ENSG00000149262,INTS4,-5.145758685764729,-3.19323202141746
ENSG00000151364,KCTD14,-2.653408386433132,-1.2047910138445808
ENSG00000259112,NDUFC2-KCTD14,-2.577435445074865,-0.05124117753976429
ENSG00000151365,THRSP,-4.764077706612916,-0.004771773782399571
ENSG00000151366,NDUFC2,-5.117713479871431,-0.0034275934109960467
ENSG00000159063,ALG8,-3.5135458943118296,0.8958839605225851
ENSG00000188997,KCTD21,-4.692043180755739,-0.6821310648556691
ENSG00000118369,USP35,4.567354649864813,2.177830194462147
ENSG00000033327,GAB2,2.1479078005847736,-3.0565658499288486
ENSG00000137513,NARS2,-4.644675537824888,0.428101872824583
ENSG00000137509,PRCP,2.7831432399659235,2.973708445990074
ENSG00000137502,RAB30,-1.274789134611454,0.3446313610059889
ENSG00000165494,PCF11,-2.4498025509703787,-0.7324156780834898
ENSG00000137494,ANKRD42,-0.3873820140564071,-1.505123455544533
ENSG00000137500,CCDC90B,-2.3819116596799086,1.1089927811392692
ENSG00000150672,DLG2,-6.454603385116305,-2.5143301711933166
ENSG00000171204,TMEM126B,0.37358901034877584,1.8452571774614088
ENSG00000171202,TMEM126A,-3.2294998920049425,0.9436629448108863
ENSG00000137504,CREBZF,-1.6264882685249686,0.4822344489579386
ENSG00000137501,SYTL2,4.415324940587375,-1.2300462457512156
ENSG00000073921,PICALM,-1.9975615245239058,0.009375935787239015
ENSG00000074266,EED,-1.4767459609590559,-0.5681747156357656
ENSG00000149196,HIKESHI,-0.99018373449888,0.9359967271475808
ENSG00000151376,ME3,2.776810231445322,0.29588337644960067
ENSG00000150687,PRSS23,5.647725567340218,1.9239720115455328
ENSG00000174804,FZD4,-5.026743890134944,0.24776605931118906
ENSG00000166575,TMEM135,-2.7159361059131757,0.7354312115809689
ENSG00000109861,CTSC,4.817206240770395,0.7266882093425874
ENSG00000077616,NAALAD2,-2.1656216800685497,-3.0472897097280596
ENSG00000110172,CHORDC1,1.3995069492449321,2.26585907574433
ENSG00000180773,SLC36A4,1.3988538195556268,2.1179764324733172
ENSG00000166002,SMCO4,0.3131189272728747,1.1948292731994072
ENSG00000166004,CEP295,0.5082957783334474,1.6718876757762953
ENSG00000166012,TAF1D,2.1043967752072326,2.85006351105068
ENSG00000182919,C11orf54,-4.773896350231041,-0.02213571036002857
ENSG00000042429,MED17,-0.10997522011142298,-0.046031561075514704
ENSG00000110218,PANX1,-1.8138416838425555,-0.38087469880967684
ENSG00000020922,MRE11,0.38041507304891753,-0.030885623901860018
ENSG00000168876,ANKRD49,0.6880972323776915,2.3560251869003475
ENSG00000134627,PIWIL4,8.889567728918832,0.7512801976658084
ENSG00000196371,FUT4,9.155942665457335,-0.3922071125326621
ENSG00000166025,AMOTL1,-8.472796704221016,-4.522171802140989
ENSG00000150316,CWC15,-3.267281223955636,0.42804811227588335
ENSG00000263465,SRSF8,-2.133245557757326,0.09248126764644898
ENSG00000149218,ENDOD1,6.90849840120334,-0.6456214818852735
ENSG00000149212,SESN3,0.7055980325243649,0.4722538798772745
ENSG00000077458,FAM76B,-0.9331941751771499,1.7126404112784823
ENSG00000166037,CEP57,-0.02190395119444782,1.59594520219469
ENSG00000087053,MTMR2,5.317366988451096,0.05144058619240206
ENSG00000184384,MAML2,5.763609916283576,-1.4869783244484542
ENSG00000149231,CCDC82,-1.8058403266128173,0.5616097490304742
ENSG00000183340,JRKL,0.13955342422394826,-0.6689713838313803
ENSG00000165895,ARHGAP42,-2.9608427089882374,0.238107336163393
ENSG00000082175,PGR,1.9783260004148053,-2.118670509158166
ENSG00000137693,YAP1,5.321894290360415,2.521024030164959
ENSG00000023445,BIRC3,9.589462181222588,2.105102465546064
ENSG00000110330,BIRC2,0.6565645648721012,3.4970963200937404
ENSG00000152558,TMEM123,0.9896372303895508,1.9351857987114198
ENSG00000137673,MMP7,12.328388317102329,1.633384972143702
ENSG00000137692,DCUN1D5,-1.67876547274391,0.3751841025061523
ENSG00000187240,DYNC2H1,2.204842500639083,-2.3128005051996348
ENSG00000170962,PDGFD,8.04599669880293,-1.5588976431685586
ENSG00000196954,CASP4,8.400901089254162,2.896403310811864
ENSG00000137752,CASP1,8.977015389217806,2.600510232915582
ENSG00000204397,CARD16,9.294571891556867,3.1513051005070056
ENSG00000170903,MSANTD4,-0.9923899566120112,-0.5961769412849507
ENSG00000182359,KBTBD3,-4.057371474851253,-0.9089311946381172
ENSG00000149313,AASDHPPT,-1.4931261363817634,0.8844977349790523
ENSG00000152402,GUCY1A2,2.125545241729478,-0.751433089562448
ENSG00000152404,CWF19L2,-4.29989541383061,-2.3861141771893664
ENSG00000137760,ALKBH8,-3.7012943717162416,-1.1443677901763945
ENSG00000110660,SLC35F2,8.76630118513946,-1.3891829598467555
ENSG00000166266,CUL5,-2.259825181359754,-0.013021946788485337
ENSG00000075239,ACAT1,-7.084801479224335,-1.661076891640496
ENSG00000149308,NPAT,-1.6867163695391822,-0.07112892086888054
ENSG00000149311,ATM,-0.11508569569988983,-0.09393931311108912
ENSG00000166323,C11orf65,-3.9817395459190315,-2.0700847071245856
ENSG00000178202,POGLUT3,0.47405793123784346,-0.31635398952433125
ENSG00000110723,EXPH5,-6.2811934070480175,0.7751033824041617
ENSG00000178105,DDX10,0.42029512465106933,0.5822589744202668
ENSG00000137710,RDX,-3.4803848979547696,-0.820964056447472
ENSG00000149289,ZC3H12C,-4.541182890343881,-1.2532718977924648
ENSG00000137714,FDX1,-2.8663198512413492,2.4096521329932226
ENSG00000137727,ARHGAP20,-4.764994486243902,-1.0363029145598437
ENSG00000214290,POU2AF3,2.820671391224528,-1.5389567787933263
ENSG00000110777,POU2AF1,5.055897680487711,-1.293993599630182
ENSG00000170145,SIK2,-4.323670263876709,-1.9506096980107244
ENSG00000137713,PPP2R1B,0.23112896463292282,1.4103003384968733
ENSG00000086848,ALG9,-1.2428010653087758,1.1028423698446173
ENSG00000255561,FDXACB1,-0.45645325102250706,0.2374794101830127
ENSG00000137720,CFAP68,-7.912452955983769,-0.8369097663253269
ENSG00000109846,CRYAB,4.755855455110729,-2.4998391159553446
ENSG00000254445,HSPB2-C11orf52,-1.9741351645517362,0.2869602100787925
ENSG00000149300,C11orf52,-1.7734743525265217,0.4740514305016031
ENSG00000150764,DIXDC1,-2.7589567378511686,-0.4241477183889199
ENSG00000150768,DLAT,0.8111138689573673,0.9215850560789616
ENSG00000150773,PIH1D2,1.7885255049464368,2.301127371857007
ENSG00000150776,NKAPD1,-3.257595150760156,-0.15376536908336205
ENSG00000150779,TIMM8B,-2.339301691333217,0.6008836068180698
ENSG00000204370,SDHD,-2.5449381733917122,1.2963472752143406
ENSG00000150782,IL18,8.895966296485303,1.8745039144896167
ENSG00000197580,BCO2,-3.5189188071346957,-1.979514852362362
ENSG00000150787,PTS,1.1754710422589287,2.739017025051243
ENSG00000149294,NCAM1,-0.5324061909883265,-4.947925376101996
ENSG00000149292,TTC12,-5.188307510596637,-3.675217291966494
ENSG00000166682,TMPRSS5,-1.0804002002347681,-0.6955644360762187
ENSG00000086827,ZW10,-3.3102146949252473,-0.5298648320968788
ENSG00000048028,USP28,-3.393555251394519,-1.5388627693137402
ENSG00000109906,ZBTB16,-1.2306480974623142,-0.9488030518775837
ENSG00000166741,NNMT,3.737275878601328,2.5595616419207023
ENSG00000180425,C11orf71,-8.625007106539815,-0.7391870616426348
ENSG00000076053,RBM7,-2.049618930927217,0.2940352730413176
ENSG00000076043,REXO2,0.35103060864931246,0.886209192826185
ENSG00000182985,CADM1,0.14999928877757296,3.8923665271086993
ENSG00000137656,BUD13,-2.512053491561648,-1.0036922191378521
ENSG00000109917,ZPR1,-3.284039252432786,-0.10238620717111765
ENSG00000110243,APOA5,-6.478613262385027,-2.210481622161314
ENSG00000110244,APOA4,-0.9564400261176915,-0.9648812970587389
ENSG00000110245,APOC3,-2.237520048638495,1.3027903551708844
ENSG00000118137,APOA1,0.5546373143666811,0.9802132596797227
ENSG00000160584,SIK3,-4.220416082870075,-0.40385553133143004
ENSG00000168092,PAFAH1B2,5.158895472535524,4.002138141016707
ENSG00000149577,SIDT2,-2.223566047951172,-1.0821708494499935
ENSG00000149591,TAGLN,8.049201044589493,1.0895168882311046
ENSG00000160613,PCSK7,5.882391922334241,0.09454684898954523
ENSG00000167257,RNF214,-2.7713733548151365,0.459172713377073
ENSG00000186318,BACE1,-7.369082785186879,-0.32679246831841063
ENSG00000110274,CEP164,-0.5835935006659763,-0.5790616974917934
ENSG00000137731,FXYD2,8.83420530979087,0.09700822777216805
ENSG00000255245,FXYD6-FXYD2,7.876540163508111,-0.909299444004767
ENSG00000137726,FXYD6,0.10508200785167301,-4.618807610443903
ENSG00000110324,IL10RA,3.2102087528826724,-2.001252265979526
ENSG00000255274,SMIM35,4.131426148827894,-0.213341111926475
ENSG00000177098,SCN4B,4.16352404182798,-1.674240731014177
ENSG00000160593,JAML,9.92171553098646,1.3708050919400352
ENSG00000160588,MPZL3,6.689000363590268,4.151477872766671
ENSG00000149573,MPZL2,1.1658417612471432,0.7644323618857602
ENSG00000198851,CD3E,7.443421149990991,-0.8750730810022666
ENSG00000167286,CD3D,6.996725479297447,-0.2551184704366678
ENSG00000160654,CD3G,5.453100294730712,-1.162413315004525
ENSG00000110344,UBE4A,-3.0997550101560254,0.8601581739084745
ENSG00000167283,ATP5MG,-0.45343467731645176,0.9401676787514056
ENSG00000118058,KMT2A,-3.0462422641465694,-1.6320441393300713
ENSG00000172425,TTC36,-8.578058967677414,-2.9559690124270963
ENSG00000149582,TMEM25,-3.1594537454965073,-0.2737422143426451
ENSG00000118096,IFT46,-8.198575866989485,-2.1717068194427696
ENSG00000095139,ARCN1,-0.7599887438870754,0.6565395168613927
ENSG00000019144,PHLDB1,7.302254379404575,-2.3338710706368406
ENSG00000118094,TREH,3.124412013102964,1.5644008760727286
ENSG00000110367,DDX6,-1.2915876956400103,0.23619054361307515
ENSG00000160683,CXCR5,1.0215630422213284,-1.291582828133574
ENSG00000186174,BCL9L,-0.4383413430231121,-3.2618862273187132
ENSG00000186166,CENATAC,0.48965060500753416,0.9358545752295232
ENSG00000118181,RPS25,0.1548022172210005,0.8230434726746337
ENSG00000196655,TRAPPC4,3.345071759269321,0.7012580139034993
ENSG00000137700,SLC37A4,-5.770419227121727,-2.0638803268639054
ENSG00000149428,HYOU1,1.2662539449295054,-1.2980094463725593
ENSG00000160695,VPS11,1.1582326539508996,-1.5063459849665137
ENSG00000256269,HMBS,-0.486819620820805,-0.027274471053489298
ENSG00000188486,H2AX,4.716759705382891,2.1589519377379274
ENSG00000172269,DPAGT1,2.5215245039046668,2.899033164029308
ENSG00000172375,C2CD2L,2.5416705707636424,0.7451447321004516
ENSG00000172273,HINFP,0.17730054383334395,-0.4135661281150616
ENSG00000160703,NLRX1,-0.509191305911787,-1.4539048437796058
ENSG00000110395,CBL,3.481257551942205,-0.9981504568209469
ENSG00000076706,MCAM,7.886866489412675,-0.5070960349363459
ENSG00000173456,RNF26,1.4924958179439325,0.35460952573915594
ENSG00000223953,C1QTNF5,8.06418186937948,1.3710926287395668
ENSG00000235718,MFRP,8.06418186937948,1.3710926287395668
ENSG00000036672,USP2,-0.2413299705228795,1.803880895560031
ENSG00000154096,THY1,14.839082711890166,5.77767154232178
ENSG00000110400,NECTIN1,-0.39719639185885736,-1.726626995936882
ENSG00000184232,OAF,-1.5229503829242383,0.8259547556799929
ENSG00000181264,TLCD5,6.8677243171302225,-0.47950606686601144
ENSG00000196914,ARHGEF12,-3.374482185794453,-0.46683285331992186
ENSG00000154114,TBCEL,-2.4880111046033133,-0.9571837754286563
ENSG00000109927,TECTA,2.2817982835976327,1.0485378351715582
ENSG00000109929,SC5D,-2.2250638460536916,2.1399563417786007
ENSG00000137642,SORL1,-6.606193469356836,-1.3317140952524475
ENSG00000154127,UBASH3B,3.540027883912273,-2.592573549319777
ENSG00000109943,CRTAM,4.146951749129451,-0.8585828331978013
ENSG00000109971,HSPA8,-0.07139355989972562,-0.1889918471180857
ENSG00000166250,CLMP,3.64247932262586,-1.364611592770234
ENSG00000023171,GRAMD1B,7.3879000778183,-5.3592412617570435
ENSG00000166261,ZNF202,0.15944035921283087,0.4633139202601312
ENSG00000110002,VWA5A,7.9583184135822265,2.0399431547541726
ENSG00000154144,TBRG1,-1.232492890000132,2.242533282656002
ENSG00000110013,SIAE,0.7965113693597587,0.6140588187746152
ENSG00000019102,VSIG2,9.914262644611906,2.4064722270966854
ENSG00000149564,ESAM,2.858104794586099,-2.1556645912289105
ENSG00000120458,MSANTD2,-0.15558442076635537,-1.08998964593526
ENSG00000154134,ROBO3,1.8947542918670024,-2.3807964703129683
ENSG00000154133,ROBO4,1.7144845514140523,-0.16362419538520923
ENSG00000165478,HEPACAM,-0.06292400197710252,-0.3264347558725157
ENSG00000221932,HEPN1,0.34884816013748376,0.18315240024497859
ENSG00000149548,CCDC15,-1.9008940015131448,0.12709585742315788
ENSG00000134955,SLC37A2,2.563014815117246,-0.5181775333296622
ENSG00000150433,TMEM218,-1.162101685943745,2.1087841441193973
ENSG00000149557,FEZ1,-1.1491105571543188,-1.0590418666111807
ENSG00000149547,EI24,-6.4671503609647125,0.07286084412296068
ENSG00000134910,STT3A,-5.177544880447606,-2.52175926597097
ENSG00000149554,CHEK1,4.426436729391293,1.8937529594916476
ENSG00000198331,HYLS1,-6.823072679986461,-1.236603238622034
ENSG00000110060,PUS3,-3.1030254680224125,0.6904197525292639
ENSG00000064309,CDON,-5.761676810538037,-2.799968160428501
ENSG00000165526,RPUSD4,-6.382206156603479,-2.2153455908182806
ENSG00000197798,FAM118B,-2.2858686202991776,0.8338895890759573
ENSG00000182934,SRPRA,-4.944270657134451,-1.7929711340314578
ENSG00000110074,FOXRED1,-4.436385798081028,-0.05235843875421235
ENSG00000150455,TIRAP,-3.3560571118851343,-2.552179591221999
ENSG00000110063,DCPS,1.297079438800118,1.4653364558646111
ENSG00000110080,ST3GAL4,0.8833062371302149,-3.0033964770868273
ENSG00000134954,ETS1,1.7047555428034467,-1.483737824980985
ENSG00000151702,FLI1,5.438208842713895,-0.5416690100486797
ENSG00000134909,ARHGAP32,-5.958627452831413,-1.0632738284843866
ENSG00000151715,TMEM45B,3.418439061383655,0.8930957265009632
ENSG00000170322,NFRKB,-1.0482402543413027,-0.3069144271657405
ENSG00000170325,PRDM10,-3.546759452036781,-1.9840473737130215
ENSG00000084234,APLP2,-5.157254777396361,-4.20286348152196
ENSG00000149418,ST14,9.721529890636914,2.0809583025706098
ENSG00000196323,ZBTB44,-3.0657832392026845,-0.11572586727085518
ENSG00000120451,SNX19,-0.8416614830818622,-0.7030558819680269
ENSG00000166086,JAM3,7.249556140817964,-1.2802962770180522
ENSG00000151503,NCAPD3,-4.638012866336265,-2.686356118154704
ENSG00000151502,VPS26B,-3.724791176884259,0.03669900565697433
ENSG00000151500,THYN1,-2.778026697480337,0.7639740573138107
ENSG00000151498,ACAD8,-1.412630734923792,2.0538305865858244
ENSG00000109956,B3GAT1,-3.0137279765510927,-1.710293102154145
ENSG00000111181,SLC6A12,-3.4444515772460242,2.0532636025482
ENSG00000010379,SLC6A13,-7.242204175923352,-1.3311504023975058
ENSG00000073614,KDM5A,-3.2421906507277165,-1.755806957636819
ENSG00000120647,CCDC77,1.6661518789236547,0.8591962463726792
ENSG00000171840,NINJ2,0.36963727372400296,-1.1869339463448687
ENSG00000060237,WNK1,-0.8651964208686352,-0.457944798367971
ENSG00000002016,RAD52,-0.5898814368579953,1.460888015025899
ENSG00000082805,ERC1,-4.485751162856173,-3.3383925583273526
ENSG00000111186,WNT5B,0.12017378173465963,0.07947631381297045
ENSG00000171823,FBXL14,-5.532275171635057,-5.476103319168888
ENSG00000006831,ADIPOR2,-3.891429100297654,1.0969150714872786
ENSG00000151062,CACNA2D4,-2.3920634815278112,-3.425224147585313
ENSG00000151065,DCP1B,-4.5954674882653626,-1.4342216858782473
ENSG00000151067,CACNA1C,7.200675641266365,-0.9777050991779052
ENSG00000004478,FKBP4,-5.287215331971101,-1.9021315591742651
ENSG00000111203,ITFG2,-2.3881794449997478,-3.1446156382506745
ENSG00000053702,NRIP2,-0.5989156777393327,-3.7124149263194917
ENSG00000111206,FOXM1,2.305298022902521,0.8344857408537155
ENSG00000171792,RHNO1,9.745737490406226,3.3917584555216473
ENSG00000078246,TULP3,5.702155738374323,1.8147036879000513
ENSG00000197905,TEAD4,5.952018950612484,-0.014909823202586249
ENSG00000011105,TSPAN9,-3.1611646194554632,-1.416391481000741
ENSG00000130038,CRACR2A,0.7854284231325765,-1.6570888594265232
ENSG00000111224,PARP11,-0.9969426453534657,-0.31832603944862364
ENSG00000118971,CCND2,8.17674626849389,-1.2984508474845744
ENSG00000078237,TIGAR,8.335808635876052,3.733765724741165
ENSG00000047621,FERRY3,4.129216640428525,3.2648955126713415
ENSG00000111247,RAD51AP1,5.1243562008080294,2.1003239385664907
ENSG00000010219,DYRK4,4.692593522423211,2.815402848955909
ENSG00000111254,AKAP3,-4.6212340899331865,-1.1493687292136772
ENSG00000139180,NDUFA9,-1.7062715104457735,1.770372679288272
ENSG00000185652,NTF3,-2.2084144205341203,-1.6362385151131043
ENSG00000110799,VWF,10.391063680766031,3.7988056305867253
ENSG00000010278,CD9,4.31621081316524,-0.17802749089425968
ENSG00000008323,PLEKHG6,-2.0912401130639773,-2.2285584669509837
ENSG00000067182,TNFRSF1A,0.20975575838770324,-0.7731817198550167
ENSG00000111319,SCNN1A,5.910941305811642,1.1250075115724778
ENSG00000111321,LTBR,0.4975283236159602,-0.40167244420369785
ENSG00000139193,CD27,3.466837837020755,-1.7497708022021776
ENSG00000139192,TAPBPL,-1.4163335608365912,-1.3612491344912354
ENSG00000139190,VAMP1,1.406098042424238,-0.0003868700454195055
ENSG00000111639,MRPL51,-0.6972176886221585,0.6524084892156901
ENSG00000010292,NCAPD2,-0.4998747260956505,-2.5864870169696257
ENSG00000111640,GAPDH,1.9540265330414592,1.4522917972935994
ENSG00000010295,IFFO1,1.2990436061407058,0.0705695994095763
ENSG00000111641,NOP2,5.83373124540816,2.5786139481060313
ENSG00000111642,CHD4,2.9738088869470505,-0.10983498506323496
ENSG00000184574,LPAR5,1.7834426057132597,-3.6086772303894867
ENSG00000111644,ACRBP,1.4725568816306192,-0.35764879074405687
ENSG00000111653,ING4,-0.8624330889795924,0.34403932385285396
ENSG00000126746,ZNF384,1.701182901476549,0.2667637987528058
ENSG00000111652,COPS7A,-0.45972685784815637,0.5965955055076644
ENSG00000089693,MLF2,1.478365659717746,2.827414506280345
ENSG00000159335,PTMS,-3.1783499737708483,-0.6310174925209048
ENSG00000089692,LAG3,-2.175676721201064,-0.0024383241665450503
ENSG00000010610,CD4,-3.9207409359374665,-1.0628808647299808
ENSG00000250510,GPR162,1.4302467941080776,1.5348533094894572
ENSG00000110811,P3H3,6.157978092267358,0.061261697594694534
ENSG00000111667,USP5,1.3254676725626657,-0.2511322951349521
ENSG00000111669,TPI1,0.3591137947974948,0.8528853426020964
ENSG00000111671,SPSB2,2.334323885897804,0.9560293959489583
ENSG00000010626,LRRC23,1.1327912061146177,0.06366845611809915
ENSG00000111674,ENO2,7.107053865743929,1.1433075458014088
ENSG00000111676,ATN1,1.669394915339627,-1.5153057759840096
ENSG00000111678,C12orf57,-0.4511817737255901,-1.5248434613820188
ENSG00000111679,PTPN6,3.4857643904855378,-0.25073752786680403
ENSG00000215021,PHB2,-2.795449591376795,0.6229761175249302
ENSG00000126749,EMG1,-6.223323959050252,-1.5454874489981552
ENSG00000111684,LPCAT3,-5.314222713940424,-1.906017278206546
ENSG00000182326,C1S,-6.976693200216226,-2.2510463733105914
ENSG00000159403,C1R,-4.760371602396116,-1.091362550183057
ENSG00000139178,C1RL,-6.0130382233396205,-1.9524696466375688
ENSG00000139194,RBP5,-8.46758723185325,-2.2883783613705164
ENSG00000139182,CLSTN3,-1.181706387714101,-1.4562670660154355
ENSG00000139197,PEX5,-6.296729352172578,-2.8470753058345224
ENSG00000177675,CD163L1,1.9386760035905224,-2.470266191730258
ENSG00000177575,CD163,-1.1040933405068285,-3.7086506378819473
ENSG00000173262,SLC2A14,10.923664610208185,6.353368665260642
ENSG00000059804,SLC2A3,9.509996493578038,2.6155974080338753
ENSG00000065970,FOXJ2,-0.06929060995342917,-1.0167730788056628
ENSG00000171860,C3AR1,4.741016902026994,0.968633285799071
ENSG00000089818,NECAP1,1.4538513696368762,2.9469665854848444
ENSG00000111729,CLEC4A,0.6488261254661014,-0.9935282753637625
ENSG00000166532,RIMKLB,3.7695921592487656,-1.3820437536689338
ENSG00000111752,PHC1,5.3507370692588205,0.5216976309944106
ENSG00000003056,M6PR,0.2640266647037815,-1.3732321646629726
ENSG00000139187,KLRG1,-2.517187767476952,-2.663347730591849
ENSG00000175899,A2M,5.359796243125664,3.4347419480932455
ENSG00000126838,PZP,-1.9911148265814629,-0.856324033662043
ENSG00000111796,KLRB1,4.0267112247127255,0.5747963110405139
ENSG00000069493,CLEC2D,8.138238190497116,1.8094357443345552
ENSG00000110848,CD69,8.470639275675188,1.523936899723244
ENSG00000150045,KLRF1,0.2179995846114159,0.47057548075619776
ENSG00000110852,CLEC2B,4.567141687929472,2.196430571701681
ENSG00000172322,CLEC12A,-0.18994732577249168,0.7098783966813719
ENSG00000165682,CLEC1B,-4.363185074877664,0.6291981992559239
ENSG00000150048,CLEC1A,1.179787482581999,-0.8726965237204153
ENSG00000172243,CLEC7A,5.802138162176161,1.0898295035239187
ENSG00000139112,GABARAPL1,1.6411329756477469,3.926725993250695
ENSG00000134539,KLRD1,0.005537978230678875,-1.8138288458227754
ENSG00000213809,KLRK1,4.786590297959968,1.3240382166540898
ENSG00000134545,KLRC1,-0.15412960408081802,-0.8850485430765462
ENSG00000180574,EIF2S3B,-2.9831825823572555,-2.3791772758078222
ENSG00000111196,MAGOHB,-1.7084810061242401,0.4189857280292302
ENSG00000060138,YBX3,6.465050355273647,-0.08136047243005957
ENSG00000231887,PRH1,-5.52066660314272,-1.6170484885255147
ENSG00000111215,PRR4,-1.3434430764316803,1.581545430100182
ENSG00000275778,ENSG00000275778,-5.399456499385624,-1.514285352321855
ENSG00000212127,TAS2R14,-4.963762354293351,-1.4175190227744823
ENSG00000255837,TAS2R20,-3.210106292147592,-1.6855228885787
ENSG00000256537,SMIM10L1,-3.073372713893522,2.419333042087939
ENSG00000139083,ETV6,5.7907369840119305,2.1135014972608266
ENSG00000070018,LRP6,-5.0251173712039225,-0.7178167760124285
ENSG00000111261,MANSC1,0.5870545913537982,-0.7522027575651411
ENSG00000165714,BORCS5,-3.8908509701420955,-3.863364337343632
ENSG00000111266,DUSP16,-3.88464518472817,-1.576862565210334
ENSG00000111269,CREBL2,-2.886243383548388,0.09638616080713751
ENSG00000183150,GPR19,-4.648522909344092,-4.868248869097627
ENSG00000111276,CDKN1B,-4.242590607206417,-2.349550753979337
ENSG00000178878,APOLD1,7.247177321763661,2.1458488855908198
ENSG00000213782,DDX47,-2.1674026905005666,1.3281074030378197
ENSG00000013583,HEBP1,-2.9062947940592943,0.07717383271629603
ENSG00000084444,FAM234B,0.012777268094825298,0.8459252800239678
ENSG00000134531,EMP1,8.603138542868468,2.063685856093558
ENSG00000171681,ATF7IP,-1.999926952867487,-0.6273897405399899
ENSG00000121316,PLBD1,1.987265033932608,-1.3103215727775084
ENSG00000070019,GUCY2C,-5.632440702657853,-2.411021368772835
ENSG00000246705,H2AJ,2.563734503226824,0.6557043858352328
ENSG00000084463,WBP11,-5.552364097559428,-3.250587723391933
ENSG00000182993,C12orf60,-3.4394227897471517,0.20509581585092063
ENSG00000179256,SMCO3,-3.1427516189987386,-0.1477581105540616
ENSG00000111339,ART4,-1.6759555886471476,-0.1489060613503321
ENSG00000111341,MGP,9.289313268082243,0.42110141530685796
ENSG00000111348,ARHGDIB,6.308112017300276,0.6094014094536448
ENSG00000134533,RERG,5.82712600937116,-2.0133616232992013
ENSG00000151490,PTPRO,1.7830563868735692,-1.0990199270237404
ENSG00000151491,EPS8,-1.642168172488874,-1.5277093982576684
ENSG00000023734,STRAP,-1.0662102939766867,0.7464925196164989
ENSG00000023697,DERA,-4.696634172428399,1.2200202013259294
ENSG00000008394,MGST1,-2.025905739794609,3.646976691617609
ENSG00000139144,PIK3C2G,-6.261504316380479,-1.6230235290700623
ENSG00000139151,PLCZ1,-3.3757733115477193,-0.3502130512503331
ENSG00000052126,PLEKHA5,-4.020583844030173,-2.1498023415480354
ENSG00000139154,AEBP2,-0.5669478134964777,-0.2637539461444331
ENSG00000172572,PDE3A,3.777203484941661,-2.9305681148958604
ENSG00000139155,SLCO1C1,2.756503815492255,-1.9233653912076645
ENSG00000111700,SLCO1B3,-7.64489297213054,-1.1528674547696292
ENSG00000257046,SLCO1B3-SLCO1B7,-8.588913557807276,-2.0975753885029356
ENSG00000134538,SLCO1B1,-3.986410268274576,0.5200719266563344
ENSG00000084453,SLCO1A2,-5.2597317024451815,0.2167779735651534
ENSG00000121351,IAPP,-0.5572464498776206,2.0785802198900027
ENSG00000121350,PYROXD1,-0.8924477562411374,0.9223251359895019
ENSG00000004700,RECQL,3.5754460502000227,1.8081390525506171
ENSG00000111711,GOLT1B,2.3497465728735136,2.1170252522598423
ENSG00000134548,SPX,-3.1170891186602185,0.2619021929311498
ENSG00000111713,GYS2,-6.721801653587391,0.7491231711946149
ENSG00000111716,LDHB,7.935255537422053,-0.12313300749411177
ENSG00000121361,KCNJ8,-3.819195783512617,0.6182903009908889
ENSG00000069431,ABCC9,-7.578908367793968,-2.116869300029136
ENSG00000111726,CMAS,-4.413106344349076,-0.5936077644655169
ENSG00000111731,C2CD5,-1.0277296966659164,-0.15289090536276873
ENSG00000139163,ETNK1,1.4381877420067557,2.46248675284084
ENSG00000134532,SOX5,-7.190883646826561,-2.2679444392131334
ENSG00000060982,BCAT1,8.93502797299746,2.9152792392419813
ENSG00000118308,IRAG2,1.3907352842727327,-1.404465897226208
ENSG00000205707,ETFRF1,-2.4218657600947417,1.1921853940414915
ENSG00000133703,KRAS,0.03546640401327237,1.6532574470152956
ENSG00000123094,RASSF8,3.829325255349137,0.26146051100962303
ENSG00000123095,BHLHE41,8.345782855820662,1.053321945804668
ENSG00000123096,SSPN,6.265464775781246,-0.8747915288011342
ENSG00000123104,ITPR2,-7.479370852230506,-1.006017895481372
ENSG00000064102,INTS13,1.1181542125953998,2.798036803251988
ENSG00000111790,FGFR1OP2,1.0031607816468515,1.4963736358964752
ENSG00000064115,TM7SF3,3.467702412016591,3.3866364444857586
ENSG00000152944,MED21,-0.224330805600749,1.1918011506305144
ENSG00000211455,STK38L,2.4975727784334727,1.6811233276299824
ENSG00000029153,BMAL2,10.293441954725353,3.9448896561560387
ENSG00000110841,PPFIBP1,-4.238651067160501,-1.8514722666653918
ENSG00000174236,REP15,-1.7852325559945597,0.24376625550320236
ENSG00000061794,MRPS35,-2.3270595965284366,1.4335900535575503
ENSG00000087448,KLHL42,0.9147844744525438,0.7689394457459491
ENSG00000123106,CCDC91,0.8128684733939994,0.8245264793079189
ENSG00000064763,FAR2,1.2957445033519797,-0.08964156306728224
ENSG00000087502,ERGIC2,-0.24233202221844538,1.308054567348377
ENSG00000133687,TMTC1,-4.1064556953205145,-2.487722693306603
ENSG00000133704,IPO8,-3.0717788714459284,-0.2926632270824739
ENSG00000110888,CAPRIN2,-0.03146487365983428,1.6644653983427027
ENSG00000110900,TSPAN11,-0.028652431580206413,-1.6282903912445226
ENSG00000013573,DDX11,1.2794994624543803,-0.26521700308877116
ENSG00000139146,SINHCAF,9.459422806550322,1.850188126826691
ENSG00000170456,DENND5B,-5.993268823887327,-1.101631805550254
ENSG00000139160,ETFBKMT,-7.94949881157495,-0.9378529898348053
ENSG00000151743,AMN1,-1.9152536924310255,-0.3080800574200829
ENSG00000188375,H3-5,-0.33707061589082576,-1.516863286691935
ENSG00000174718,RESF1,-1.475412080746271,-0.26014350719351204
ENSG00000151746,BICD1,6.287983798428112,0.4644091685223057
ENSG00000139132,FGD4,-4.570373048320213,-1.112237509325528
ENSG00000087470,DNM1L,2.5320419367739624,1.3941607419082827
ENSG00000139131,YARS2,-0.2849378693855758,1.1820183972544442
ENSG00000057294,PKP2,-4.0459044831066855,-1.6127388904173947
ENSG00000139133,ALG10,-2.0239565741811645,0.12060479010426114
ENSG00000175548,ALG10B,-1.169426123540296,1.0096774946054639
ENSG00000139117,CPNE8,-1.4578027442432184,0.8726950655795737
ENSG00000139116,KIF21A,-2.5648053061435268,1.1916230537207164
ENSG00000151229,SLC2A13,-2.4786116101742595,-0.8926540718438668
ENSG00000188906,LRRK2,-4.941232259773468,-2.3293638708997677
ENSG00000018236,CNTN1,-1.7074220250329486,-3.154918234005018
ENSG00000165966,PDZRN4,3.766632949732068,-0.8662533729161932
ENSG00000151233,GXYLT1,-3.619120644332168,-0.9905152005112183
ENSG00000015153,YAF2,0.7350600440045546,1.6038571554378818
ENSG00000134283,PPHLN1,-1.6112267081882186,-0.8222319274595226
ENSG00000139168,ZCRB1,-2.0213172951222145,1.117225394660325
ENSG00000139174,PRICKLE1,7.808222074919809,-0.9124584527229055
ENSG00000129317,PUS7L,0.09055269034418917,0.8313231306115655
ENSG00000198001,IRAK4,2.8074338349592316,1.687749267954206
ENSG00000151239,TWF1,1.0351336218780143,1.8719792599673577
ENSG00000139173,TMEM117,1.0279633675987823,1.131656906653401
ENSG00000184613,NELL2,7.6556041853309695,1.5339216958420276
ENSG00000177119,ANO6,-3.6326120432033853,-0.902497327293349
ENSG00000189079,ARID2,-1.5276109473168815,-0.2721873676440842
ENSG00000139218,SCAF11,-1.1386936508112153,-0.03404091300167336
ENSG00000111371,SLC38A1,8.305937526242863,0.39476936606282403
ENSG00000134294,SLC38A2,3.6531038576999264,2.8343314126307244
ENSG00000139209,SLC38A4,-5.5967168643889,-1.160654562035509
ENSG00000139211,AMIGO2,6.564294446616967,0.9579067622566293
ENSG00000179715,PCED1B,3.0312084102303785,-3.306121744746875
ENSG00000005175,RPAP3,-0.01714026893266752,0.6456061037347497
ENSG00000079337,RAPGEF3,2.025458853872764,-2.1138946430944254
ENSG00000211584,SLC48A1,3.9736013594607993,2.0203057664814765
ENSG00000061273,HDAC7,5.203357483322189,-1.9689921810101823
ENSG00000134291,TMEM106C,5.054710208471742,2.945236049367405
ENSG00000079387,SENP1,-0.8445820847997574,-0.7248464392958246
ENSG00000152556,PFKM,2.497527655113192,-1.4094680954899443
ENSG00000177981,ASB8,-4.4725961670978,-1.123632258550776
ENSG00000167528,ZNF641,1.6332192296187547,-0.002595476293924865
ENSG00000139620,KANSL2,-1.4695434969618018,0.17762054863273144
ENSG00000129315,CCNT1,-0.5611646071305412,1.661684148065874
ENSG00000257987,SPMIP11,0.702860155641211,-0.08749614734827123
ENSG00000174233,ADCY6,-0.19900194452418662,-1.4052049071239676
ENSG00000167535,CACNB3,6.878455964412147,0.043602550893530025
ENSG00000174243,DDX23,-2.3186877237428356,-2.0383831943840134
ENSG00000172602,RND1,0.4580680011839278,-0.030609169206064376
ENSG00000134287,ARF3,3.4101040209109703,-0.19546461416711647
ENSG00000134285,FKBP11,2.3811772969357374,-0.6426648251464973
ENSG00000181929,PRKAG1,-0.612766564312034,1.5219790056591431
ENSG00000167548,KMT2D,-0.8031623433800384,-1.8528023156352753
ENSG00000139636,LMBR1L,2.274764889416573,0.998786333762969
ENSG00000123416,TUBA1B,5.059281602764099,0.6807762091776591
ENSG00000167552,TUBA1A,7.694508901213586,0.5349115064260106
ENSG00000167553,TUBA1C,3.780614608931417,0.9528806854272297
ENSG00000178401,DNAJC22,-1.4190748489039318,-0.8534106374384581
ENSG00000123352,SPATS2,8.076650844859765,2.51103438712688
ENSG00000187778,MCRS1,3.0661744177674235,0.9508847395717394
ENSG00000110844,PRPF40B,3.434333886002312,-0.3954782075428157
ENSG00000135436,FAM186B,-5.538565253828571,-2.5605037362006393
ENSG00000161791,FMNL3,8.267432885492678,-0.5999186810248338
ENSG00000139644,TMBIM6,-7.068544729755201,-2.13905313153259
ENSG00000167566,NCKAP5L,3.4470444047460846,0.10706929504337091
ENSG00000186666,BCDIN3D,-3.0941017535337663,0.7031787365019754
ENSG00000161800,RACGAP1,4.80607667932615,0.8456053068144869
ENSG00000066117,SMARCD1,3.373678486327752,0.42587011687642
ENSG00000167588,GPD1,-4.652845483031862,-0.4476918067201358
ENSG00000178449,COX14,-1.5588644373932992,0.4874249806170932
ENSG00000139624,CERS5,2.093045910001238,-0.047716622313034376
ENSG00000050405,LIMA1,8.788802023910804,2.5416188023983737
ENSG00000161813,LARP4,-3.1891565739707675,1.2247770985828168
ENSG00000066084,DIP2B,-7.196593369320524,-1.9708679984006707
ENSG00000123268,ATF1,-1.9319988420683778,-0.013159583094838894
ENSG00000185432,TMT1A,-6.749111443391094,-0.3942701408957301
ENSG00000110911,SLC11A2,-5.730095453323033,-2.8640120353494614
ENSG00000050426,LETMD1,-4.542174342720953,1.06057585655718
ENSG00000110925,CSRNP2,6.076628369226733,1.6348219767747396
ENSG00000135457,TFCP2,1.287822310011032,0.7013786696345848
ENSG00000184271,POU6F1,2.1989359303207867,-0.0418086702733002
ENSG00000183283,DAZAP2,1.0057402330200083,2.5874767505418994
ENSG00000170545,SMAGP,3.570960695414284,-0.45207981594371094
ENSG00000110934,BIN2,4.971792830748695,-1.675427073888936
ENSG00000139629,GALNT6,6.728827185357789,1.1438583640715527
ENSG00000196876,SCN8A,-6.392693622525614,-1.8365403354774974
ENSG00000261308,FIGNL2,-5.134494492726693,-3.457790184630379
ENSG00000139567,ACVRL1,3.55766857002795,-2.5366122978722148
ENSG00000135503,ACVR1B,-4.3148948983815005,-1.720290995746627
ENSG00000161835,TAMALIN,4.973109519911099,1.1945745716844038
ENSG00000123395,ATG101,3.8280117508421014,2.0425672597577185
ENSG00000135480,KRT7,11.318613775785755,-0.5581637381592969
ENSG00000170421,KRT8,8.32401438362122,2.8262781732370463
ENSG00000111057,KRT18,10.18046080873413,4.200140451269935
ENSG00000063046,EIF4B,-5.733520676727493,-2.926606703363887
ENSG00000111077,TNS2,-0.2191932620448713,-0.33314317659310294
ENSG00000167778,SPRYD3,3.750360461577555,-0.5069763681348579
ENSG00000167779,IGFBP6,5.901317811350982,-0.25244863529320605
ENSG00000167780,SOAT2,-4.639908895972805,-1.2861334800279958
ENSG00000139631,CSAD,-1.4919462559405612,0.2086927745378054
ENSG00000139651,ZNF740,-7.178490878888635,-3.8209129376039055
ENSG00000139626,ITGB7,-2.076335962636574,-2.132271686514191
ENSG00000172819,RARG,4.778793017865022,-2.4007480917819204
ENSG00000182544,SLC61A1,3.1081897759797035,0.4557524865153267
ENSG00000135476,ESPL1,0.3192294822082453,-0.11187015036961928
ENSG00000123349,PFDN5,-0.30026620264307086,0.10135954633109677
ENSG00000139637,MYG1,0.12187345958882632,-0.07464314186033785
ENSG00000094914,AAAS,2.1216927021314573,2.3784998897655036
ENSG00000185591,SP1,-1.2750266658870766,0.6735959977523369
ENSG00000205352,PRR13,1.7996752097736592,2.123521193235005
ENSG00000197111,PCBP2,-4.2581061221847945,-1.0252407358612183
ENSG00000139625,MAP3K12,-0.3347874808422034,2.2773360140717367
ENSG00000139546,TARBP2,0.3475637241715126,1.2433600678191483
ENSG00000139574,NPFF,0.9834953863038395,0.3555373872615887
ENSG00000267281,ATF7-NPFF,-3.3523462045666603,-1.7868249858624599
ENSG00000170653,ATF7,-5.1408368347182725,-2.6240472929711496
ENSG00000135390,ATP5MC2,-0.39081442403067773,1.193724057313456
ENSG00000012822,CALCOCO1,0.43910344935229945,-0.09605296366595005
ENSG00000123415,SMUG1,-5.671974359146609,-1.023335662341843
ENSG00000094916,CBX5,-0.8061609545898881,-1.113296850478733
ENSG00000135486,HNRNPA1,-0.10373086783961864,-3.0120833828237616
ENSG00000111481,COPZ1,-0.6593287755841281,1.6427851897220682
ENSG00000161642,ZNF385A,1.0940219052721134,-2.407493134546852
ENSG00000161638,ITGA5,0.5389198141151517,0.522945421392152
ENSG00000123338,NCKAP1L,2.567698491890874,-2.6912833416724578
ENSG00000123360,PDE1B,-0.8225997143262921,-5.465754042530755
ENSG00000135447,PPP1R1A,-11.555920605011371,-3.3250147261066836
ENSG00000135426,TESPA1,6.42702050161574,-0.863799054663949
ENSG00000135424,ITGA7,2.030715595499988,-0.23630408120454005
ENSG00000170439,TMT1B,0.9709949889408063,0.5182370463490142
ENSG00000135441,BLOC1S1,-2.8451552131494102,-0.574641125416698
ENSG00000135437,RDH5,-2.4127676282879658,-0.2601760576182497
ENSG00000135404,CD63,4.761758232439966,0.6148789500862066
ENSG00000135414,GDF11,-2.9747165659455126,-4.852649022529675
ENSG00000205323,SARNP,0.6630420926545784,0.09282155756068235
ENSG00000123353,ORMDL2,2.6699692912661632,2.146550391013956
ENSG00000135392,DNAJC14,-2.1301419869579763,-2.5750812363332853
ENSG00000123342,MMP19,8.437405658941671,4.0563505182033985
ENSG00000170473,PYM1,-0.40475620711051025,0.7050385876705374
ENSG00000065357,DGKA,9.499245058456552,0.648196307251078
ENSG00000185664,PMEL,-4.96301602841751,-1.6001215331108727
ENSG00000123374,CDK2,2.6936112857348506,3.2202250112835618
ENSG00000111540,RAB5B,-2.1417619322441808,0.9876822214907507
ENSG00000139531,SUOX,-4.531522687109316,1.8537906974379483
ENSG00000123411,IKZF4,-1.5248103975537384,-1.6938156621092912
ENSG00000197728,RPS26,-0.22551518227569198,0.8367791789401027
ENSG00000065361,ERBB3,-7.767663879353603,-3.380054099818404
ENSG00000170515,PA2G4,1.5032438506749344,1.5322358297050531
ENSG00000229117,RPL41,-2.810273211284206,-1.3803374444808614
ENSG00000135482,ZC3H10,-4.82508250069186,-3.9667449516936824
ENSG00000139641,ESYT1,0.6563468968892138,-0.47792517539018364
ENSG00000196465,MYL6B,1.294109312234447,-0.04418704087779409
ENSG00000092841,MYL6,3.6883030799934735,1.708094637747276
ENSG00000139613,SMARCC2,-0.1874880503957452,-1.6178460520883882
ENSG00000181852,RNF41,-1.3129529361432113,-2.921353441906534
ENSG00000139579,NABP2,1.6745439437840073,1.1815982189007
ENSG00000139540,SLC39A5,-3.436700123300006,-0.8675526503879365
ENSG00000139645,ANKRD52,0.7182096495561651,-0.8855514366172896
ENSG00000135469,COQ10A,-7.34059831090097,-0.8569254693474291
ENSG00000062485,CS,1.5597686258537158,1.4014728764523674
ENSG00000257727,CNPY2,-5.044578228097171,-1.7337009263486631
ENSG00000135473,PAN2,-3.4584110981304486,1.0482097149478353
ENSG00000110944,IL23A,-0.13924380923861385,-0.464180823873588
ENSG00000170581,STAT2,0.2268024805569776,1.0291295024986824
ENSG00000175336,APOF,-7.433411163553202,-3.8788498922237378
ENSG00000111602,TIMELESS,-3.278830053170261,-1.329407822457671
ENSG00000135517,MIP,-2.8222865310644156,-0.3203457066732793
ENSG00000176422,SPRYD4,-7.387205262034071,-0.8501315442243548
ENSG00000135423,GLS2,-5.980722488322935,-0.3107882774549462
ENSG00000076067,RBMS2,3.8869462875401948,-2.863329308069382
ENSG00000076108,BAZ2A,-1.577796248622205,-2.0041290788228436
ENSG00000110955,ATP5F1B,-2.1984433273200286,-0.45927330457447874
ENSG00000110958,PTGES3,-1.4640210895934893,0.12247031632812964
ENSG00000196531,NACA,-1.5361663694295096,0.36801406278855203
ENSG00000198056,PRIM1,-4.559633411270682,-2.1490881850400734
ENSG00000025423,HSD17B6,-6.566308788190679,0.5028933796266155
ENSG00000139547,RDH16,-5.759694904124288,-0.3403816741385436
ENSG00000166856,ACKR5,-2.9444843052475864,-0.08954794650538205
ENSG00000166860,ZBTB39,-4.795869904884805,-0.6170308126478716
ENSG00000166881,NEMP1,1.495387733460165,1.9563982162332878
ENSG00000166886,NAB2,3.688927561141528,2.0099009290858434
ENSG00000166888,STAT6,0.716980305368585,-0.7452204422294092
ENSG00000123384,LRP1,-0.2409253209793875,-1.129542117079145
ENSG00000182199,SHMT2,-5.759671593549932,-1.5259087228041346
ENSG00000185633,COXFA4L2,0.9976308014804868,-2.446460605991189
ENSG00000185482,STAC3,0.4464928214906732,-0.9297474403350348
ENSG00000179912,R3HDM2,-5.108236912229419,-1.9482777386638293
ENSG00000175189,INHBC,-3.5540352942536004,0.7748754769349123
ENSG00000139269,INHBE,-1.7879177844053178,-0.8333416905286566
ENSG00000111087,GLI1,7.633910390919262,1.4385796851760697
ENSG00000123329,ARHGAP9,6.752423015445991,0.6677494525156435
ENSG00000166986,MARS1,3.1261939349323162,1.714415352040885
ENSG00000175197,DDIT3,1.8607951255547093,2.555305034852689
ENSG00000166987,MBD6,1.3354270923289837,0.049879551007041605
ENSG00000175203,DCTN2,6.309519703224615,1.236268804696831
ENSG00000166908,PIP4K2C,2.2271127648332785,1.0877925464711629
ENSG00000178498,DTX3,7.401184258293616,0.20929863319159087
ENSG00000240771,ARHGEF25,7.767465501184391,0.36287888000774676
ENSG00000135506,OS9,-2.3700778128226228,-0.9133362836585392
ENSG00000135439,AGAP2,4.041337872421291,-3.6034929270110863
ENSG00000135452,TSPAN31,-1.204243705544073,0.10354253004767887
ENSG00000135446,CDK4,2.181076757308586,1.540343816745074
ENSG00000139266,MARCHF9,2.768583093309387,0.5044715215250967
ENSG00000037897,METTL1,3.493255674338091,2.8371294034191226
ENSG00000123427,EEF1AKMT3,-2.5618081610641594,0.5235491619823462
ENSG00000123297,TSFM,-3.370839738330141,0.46242657485623756
ENSG00000135407,AVIL,-1.1022884429382056,0.9731893494267719
ENSG00000175215,CTDSP2,-8.02497040398049,-4.799084584667166
ENSG00000166896,ATP23,-5.854574618523044,-0.20820103584349892
ENSG00000139263,LRIG3,-5.612479068052441,-2.1237260374017497
ENSG00000118596,SLC16A7,2.0288313922414294,0.28929437863511803
ENSG00000198673,TAFA2,-3.1878678703370102,-1.3878778670571015
ENSG00000135655,USP15,-3.3342007927784065,0.902828818400003
ENSG00000061987,MON2,-4.045240370921861,-0.2682278184277114
ENSG00000111110,PPM1H,-3.893108356040883,-0.7227720246457412
ENSG00000166148,AVPR1A,-2.3341457526053118,0.0853195806743042
ENSG00000118600,RXYLT1,-3.631305565280841,0.34325353709243295
ENSG00000196935,SRGAP1,4.843852090870053,-0.7411447948884039
ENSG00000174206,KICS2,-6.512313150663591,-0.6611970205487636
ENSG00000184575,XPOT,-1.853258004331886,1.178596616614377
ENSG00000183735,TBK1,0.2567507209692686,1.7066371611867823
ENSG00000153179,RASSF3,8.962881713761808,1.7895499805487955
ENSG00000135677,GNS,3.183507878144417,1.9667868840278764
ENSG00000174106,LEMD3,-1.5874466322932996,0.15486901591467062
ENSG00000174099,MSRB3,6.295441037590068,-1.3712720928958932
ENSG00000139233,LLPH,0.09562391099763114,1.984279679896918
ENSG00000155957,TMBIM4,-1.2165550393821647,0.5860560815040494
ENSG00000090376,IRAK3,4.541009900849834,-1.3566322073859918
ENSG00000127311,HELB,-0.8901078579811108,-1.9315416809288728
ENSG00000111530,CAND1,-2.1187880440992486,0.33749382913370923
ENSG00000127334,DYRK2,1.0600119569419346,-1.3607572955489675
ENSG00000111554,MDM1,-1.1040588608948123,-0.15303399056752182
ENSG00000127314,RAP1B,-1.0812709730107721,-0.04313544899890331
ENSG00000111581,NUP107,-1.3467183029045486,-0.5878667833574619
ENSG00000175782,SLC35E3,-5.777667578529014,-2.7398589101421376
ENSG00000135679,MDM2,6.210817777309505,5.112581520126919
ENSG00000135678,CPM,3.0767615288361814,2.0221123305058013
ENSG00000111605,CPSF6,-2.077163901356135,-0.9040991660107996
ENSG00000090382,LYZ,9.3767676735348,2.5565118696630686
ENSG00000127337,YEATS4,-1.4977003350697013,0.29648432380099027
ENSG00000166225,FRS2,-0.8887341263484535,0.9893495169082086
ENSG00000166226,CCT2,2.449117733794625,1.8119981257072029
ENSG00000127328,RAB3IP,0.16552173408361784,-0.6384518481783824
ENSG00000111596,CNOT2,-1.5950587794469986,1.3279849258746015
ENSG00000135643,KCNMB4,-2.3554235991079944,-2.993906670735799
ENSG00000127329,PTPRB,-0.2763844476994037,0.016447318749343937
ENSG00000127324,TSPAN8,4.260060660298354,2.1123089068905174
ENSG00000139292,LGR5,-3.195806057929537,0.11853198085688897
ENSG00000133858,ZFC3H1,1.2680803102140543,1.3876263870438457
ENSG00000173451,THAP2,-0.26489076260955496,1.604755730467645
ENSG00000139291,TMEM19,0.33268144785596127,1.8930031317749478
ENSG00000080371,RAB21,-0.37839595272233917,1.4074065204262967
ENSG00000121749,TBC1D15,-1.5762496711920264,0.9385969074681841
ENSG00000072657,TRHDE,-4.980863844414046,-1.1675323654993843
ENSG00000253719,ATXN7L3B,-5.433869347517709,-1.0180689057485643
ENSG00000180881,CAPS2,-0.09466447895100104,1.310684338967043
ENSG00000173401,GLIPR1L1,-0.7343856058571107,0.2600945111927319
ENSG00000139278,GLIPR1,3.313748855223217,0.14616785948574565
ENSG00000111615,KRR1,-2.463989420587998,-0.08980724644753035
ENSG00000139289,PHLDA1,8.90676351962905,3.590662555817142
ENSG00000187109,NAP1L1,7.381725009499873,1.76315414809565
ENSG00000179941,BBS10,-1.696619787886919,0.11185342693843434
ENSG00000091039,OSBPL8,0.9844335450380358,1.0021307124113483
ENSG00000186908,ZDHHC17,-1.0125677302989275,0.21146148018897945
ENSG00000175183,CSRP2,-1.6820209794915977,-1.2293615979875865
ENSG00000067798,NAV3,10.677835583951582,3.229629798384106
ENSG00000067715,SYT1,-9.86389545902068,-5.019667001537595
ENSG00000177425,PAWR,3.1306500933707375,2.6418772994265995
ENSG00000058272,PPP1R12A,1.3044971843009459,-0.17948432913261453
ENSG00000111052,LIN7A,-1.1963888411286385,2.3005327258589667
ENSG00000111058,ACSS3,-0.6563919806321074,2.200875049484657
ENSG00000139220,PPFIA2,-0.23520598954579877,-0.5374591129038062
ENSG00000133773,CCDC59,-1.4669724521256662,1.0630874489238258
ENSG00000127720,METTL25,-3.166689261012829,-0.39432423281070544
ENSG00000179104,TMTC2,4.324823426847327,-0.7110219250197949
ENSG00000198774,RASSF9,3.5408908907002643,-0.732371947491729
ENSG00000133641,RLIG1,-2.3562065324718975,1.7683809358969358
ENSG00000198707,CEP290,1.6475114459674516,1.2230854128149649
ENSG00000139324,TMTC3,-1.0725034974843297,0.9275307848321339
ENSG00000049130,KITLG,2.7161191743233983,-0.5626977772601199
ENSG00000139318,DUSP6,2.0842302317761434,1.4903277217248916
ENSG00000139323,POC1B,0.3218758817185214,0.09369919955152889
ENSG00000259075,POC1B-GALNT4,0.7422807513495516,-1.3600041815090533
ENSG00000257594,GALNT4,0.9465337074787464,-1.459493938311613
ENSG00000070961,ATP2B1,-2.7018907233816334,-1.9343518905226684
ENSG00000139329,LUM,13.49803364429542,5.045291140752822
ENSG00000011465,DCN,9.662443969000318,3.4102897480082555
ENSG00000133639,BTG1,3.175336865392346,1.647653604320672
ENSG00000102189,EEA1,-0.9046338754117041,-0.04909809241427361
ENSG00000173598,NUDT4,-4.368277620270058,-1.8297963536943114
ENSG00000177889,UBE2N,0.3083322546562009,1.3494544555102632
ENSG00000198015,MRPL42,-0.07390780201266903,2.090173816613412
ENSG00000120833,SOCS2,2.6466650877412676,2.0675090744593616
ENSG00000169372,CRADD,-7.896830695745858,-2.7059687630792517
ENSG00000136040,PLXNC1,7.648008429786198,0.370241893880543
ENSG00000173588,CEP83,4.145616150625258,1.9135222558154434
ENSG00000057704,TMCC3,1.5589586952671726,-1.4127678699905284
ENSG00000184752,NDUFA12,-1.8637550872366198,1.4178596627012565
ENSG00000120798,NR2C1,-1.463184775321553,2.5309700087072042
ENSG00000180263,FGD6,3.311142564143518,1.4823905066586254
ENSG00000028203,VEZT,-1.5236574166306989,-0.013905456861020488
ENSG00000111142,METAP2,-2.824181979214618,0.30768176666843466
ENSG00000074527,NTN4,-6.252270691788791,-5.890984318720684
ENSG00000139343,SNRPF,-2.812037209002529,-0.4890908325852829
ENSG00000165972,CCDC38,-3.8025442763903903,0.17600596585869463
ENSG00000139344,AMDHD1,-2.9777730722043807,0.1196035970469082
ENSG00000084110,HAL,-1.85420354882629,-0.5709500869258226
ENSG00000111144,LTA4H,-0.46778638254562294,-0.7741911842231839
ENSG00000111145,ELK3,3.9126596992200016,-1.7014754961645506
ENSG00000059758,CDK17,1.373995575838597,1.095510142217395
ENSG00000139350,NEDD1,0.6724984212539281,-0.7460956296704536
ENSG00000120802,TMPO,1.1037862618968526,1.5650808680479138
ENSG00000075415,SLC25A3,1.2479421148779832,3.333172378814749
ENSG00000166130,IKBIP,4.4812996606123425,2.3958048610662104
ENSG00000120868,APAF1,2.2707105952584916,-0.17079007860468864
ENSG00000185046,ANKS1B,4.931220600590326,3.155879183245206
ENSG00000111647,BLTP3B,-3.7425009103542948,-0.23624230999556178
ENSG00000075089,ACTR6,-0.7426496886122647,1.1812548170692219
ENSG00000166153,DEPDC4,-3.915865649694254,-1.039208575350969
ENSG00000136021,SCYL2,1.0074333221015246,2.32637944760503
ENSG00000179520,SLC17A8,-2.716927005616855,-1.2199433210386006
ENSG00000012504,NR1H4,-6.438481351067133,-0.6078583125979765
ENSG00000139354,GAS2L3,6.942526716833579,1.181914573890501
ENSG00000120800,UTP20,-1.53231626781976,-0.9154492686673324
ENSG00000120805,ARL1,0.21807153453904443,2.185619508194562
ENSG00000166211,SPIC,-0.9294177448423974,0.5998252556921353
ENSG00000111666,CHPT1,-4.550980181385697,0.14174278747405605
ENSG00000139351,SYCP3,-1.3993767808197715,1.3693238213766552
ENSG00000111670,GNPTAB,-1.7743940405688239,-2.275457943117886
ENSG00000136048,DRAM1,8.219563114862906,2.075357385937776
ENSG00000120860,WASHC3,-2.2457960104660226,0.795080511487638
ENSG00000075188,NUP37,0.7676413224492571,1.0922438358318352
ENSG00000017427,IGF1,-3.031430115503143,0.7518049388198236
ENSG00000171759,PAH,-4.511273271276862,2.5520210503954037
ENSG00000139352,ASCL1,0.32889784108303505,0.157249383207449
ENSG00000136011,STAB2,-5.0012484167862254,-2.0057971077894363
ENSG00000111696,NT5DC3,-7.311268642460622,-2.0747378965390566
ENSG00000166598,HSP90B1,-2.099294320987844,-1.2031353354152607
ENSG00000204954,UQCC6,-3.809545315684358,-1.0255295553830337
ENSG00000139372,TDG,3.0117196846494005,3.6578577943287414
ENSG00000120820,GLT8D2,6.82231793034734,0.31166751684167393
ENSG00000111727,HCFC2,-1.5822400801374827,0.35786897216290314
ENSG00000120837,NFYB,-0.6511341641502808,2.546572745861235
ENSG00000198431,TXNRD1,4.248874525316542,2.1131108186294676
ENSG00000171310,CHST11,6.410264461872384,-1.5999171108873569
ENSG00000136052,SLC41A2,-4.943155802693606,-0.12181662646446638
ENSG00000151131,NOPCHAP1,-5.155800045694062,-2.564099670170349
ENSG00000136010,ALDH1L2,4.977765378430166,-0.6307601140991104
ENSG00000136051,WASHC4,0.3188438408133155,0.7774401538323394
ENSG00000136044,APPL2,0.34514880636170975,-1.0094416017382735
ENSG00000074590,NUAK1,-3.948181024076755,-3.3557367310121466
ENSG00000136026,CKAP4,4.127600567539534,0.2164304170415813
ENSG00000166046,TCP11L2,0.5727711239159533,-0.6551864576362464
ENSG00000013503,POLR3B,-6.444491762568092,-2.2150154935246698
ENSG00000111785,RIC8B,3.587986541307017,-0.05938442021219501
ENSG00000151135,TMEM263,1.813293887882659,2.158504489341613
ENSG00000120832,MTERF2,0.3914113079609922,3.217461220457569
ENSG00000008405,CRY1,2.266141196768635,1.6202449438710205
ENSG00000151136,ABTB3,-2.2119525683702532,-0.06163363405752432
ENSG00000136045,PWP1,-2.398021426336561,0.6340316427436815
ENSG00000110851,PRDM4,-0.2081672303103834,-2.693909514948139
ENSG00000174600,CMKLR1,1.4925134391733001,-4.5250825903246135
ENSG00000198855,FICD,2.063047372011123,0.3662800085232179
ENSG00000075856,SART3,-0.9063254572187733,-1.7514621284823766
ENSG00000136003,ISCU,4.746789166895365,4.851359250626511
ENSG00000110876,SELPLG,5.060830365004545,-1.8099076959384455
ENSG00000110880,CORO1C,3.978299996052251,1.3147054610894022
ENSG00000084112,SSH1,-0.4228096360093327,-1.71954134114896
ENSG00000110887,DAO,-2.786312531998734,1.3583944136321482
ENSG00000135093,USP30,-9.579524908390196,-1.0864774210748358
ENSG00000189046,ALKBH2,-1.5383204531195591,1.2517538424478694
ENSG00000076248,UNG,-6.49070309992124,-1.5372180806347626
ENSG00000076555,ACACB,-8.430294598516685,-2.0423046889200753
ENSG00000110906,KCTD10,10.44087955466847,2.226746671877847
ENSG00000151148,UBE3B,-2.789016374091126,-0.7994749201067938
ENSG00000139428,MMAB,-1.55043702798519,2.3241132613704614
ENSG00000110921,MVK,1.155498864025957,2.1419827872012838
ENSG00000111199,TRPV4,2.993890943009094,0.23419964856079165
ENSG00000139433,GLTP,4.276194093597326,0.9034321452995002
ENSG00000139437,TCHP,-0.4056397509297957,-3.0376390757797496
ENSG00000139436,GIT2,2.5708734591492566,-0.10411763236349059
ENSG00000076513,ANKRD13A,1.298123933886128,1.846296095275924
ENSG00000174456,C12orf76,-0.43677471584611105,1.1022944334470137
ENSG00000122970,IFT81,-1.929872850242047,-1.9977790369955686
ENSG00000174437,ATP2A2,-2.241882851076461,-2.2450054999087583
ENSG00000196510,ANAPC7,3.085877570208969,2.5443379185069332
ENSG00000111229,ARPC3,6.698928483509887,3.816015806796743
ENSG00000111231,GPN3,-2.5791002979947084,-0.45297293828134094
ENSG00000204856,FAM216A,-0.3735703509699423,0.9681749769520983
ENSG00000111237,VPS29,-2.1821367906043982,0.8043621045431688
ENSG00000151164,RAD9B,-2.051826453863433,1.389596002352068
ENSG00000196850,PPTC7,-2.8638837663949546,0.019879789082278346
ENSG00000204852,TCTN1,-2.622151563633378,-2.698687307219392
ENSG00000122986,HVCN1,4.6615540952664745,-0.7520997515297433
ENSG00000186298,PPP1CC,-2.4655912932506663,-0.17353968172713324
ENSG00000111249,CUX2,-4.970223881103471,-1.2611041525017075
ENSG00000198324,PHETA1,0.830596125844233,-0.14605503946266415
ENSG00000111252,SH2B3,3.3503313561967394,2.598246308190663
ENSG00000204842,ATXN2,-2.932558300803352,-1.246022787161105
ENSG00000089234,BRAP,-3.481760367099269,-1.1819078189343752
ENSG00000111271,ACAD10,-5.62389181300451,-1.5268568814998966
ENSG00000111275,ALDH2,-10.580759574901958,-2.2525888728064882
ENSG00000089022,MAPKAPK5,-5.277091742084925,-3.1903909606847867
ENSG00000198270,TMEM116,-5.7988672571818025,-0.19510148689272208
ENSG00000089248,ERP29,-4.639006874412565,-0.6505305025225961
ENSG00000111300,NAA25,-3.5938060642821528,-0.8821710403972246
ENSG00000135148,TRAFD1,2.438737781536621,0.05750696547907275
ENSG00000173064,HECTD4,-3.4598671828496235,-1.2378520198504415
ENSG00000089009,RPL6,0.7978283284258669,1.3109337644855739
ENSG00000179295,PTPN11,0.25539818997311226,0.8698680313294583
ENSG00000089127,OAS1,1.4289290232844616,1.0461582329848567
ENSG00000111331,OAS3,1.9394188608755771,-0.3744550419204171
ENSG00000111335,OAS2,2.561745582329036,1.3770921345777085
ENSG00000135144,DTX1,2.7504967263623747,0.4874279924913097
ENSG00000111344,RASAL1,4.28787138593387,1.1085581223495804
ENSG00000186710,CFAP73,0.3717332956673927,0.3558327692251255
ENSG00000123064,DDX54,-0.7703094837608043,-1.909602471386493
ENSG00000139405,RITA1,0.8234075990382513,2.8800837817148
ENSG00000186815,TPCN1,-0.7891561956292296,-1.2611026440438515
ENSG00000089060,SLC8B1,-0.5474346813715609,-1.7062905121288496
ENSG00000151176,PLBD2,4.153042503850047,1.304700609674263
ENSG00000135094,SDS,-0.9994385574520405,0.05929020934523599
ENSG00000139410,SDSL,2.3610520832861437,1.4450224680598676
ENSG00000122965,RBM19,1.5568542250425634,-1.2104043689810928
ENSG00000135111,TBX3,-7.072053456041161,-0.6146378911916135
ENSG00000123066,MED13L,-2.8636325660551267,-2.0617599533783344
ENSG00000258102,MAP1LC3B2,3.753507318912514,1.8494790653745181
ENSG00000111412,SPRING1,5.752388667692643,0.17792017171542832
ENSG00000174989,FBXW8,0.7171155542792687,-2.7086102122161075
ENSG00000135108,FBXO21,-1.4599120730939132,0.27272717353912085
ENSG00000111445,RFC5,-1.617530984416504,0.9335930822625865
ENSG00000176871,WSB2,1.8195228450822925,0.5683014847361951
ENSG00000176834,VSIG10,7.505240914300457,2.1113693906939357
ENSG00000089220,PEBP1,-6.063024634188696,2.2330395205548115
ENSG00000135090,TAOK3,-1.6022796467431732,-0.9017655391528709
ENSG00000111707,SUDS3,-2.190857103648736,1.8265488747066922
ENSG00000152137,HSPB8,9.352647008037113,1.9453115308160687
ENSG00000111725,PRKAB1,2.9803774773947005,2.630691933466917
ENSG00000122966,CIT,8.073592278113598,2.6087116214918695
ENSG00000135127,BICDL1,8.278282106284745,1.501589315475407
ENSG00000111737,RAB35,3.2071918941047275,-0.9097976051221702
ENSG00000089154,GCN1,-1.7741894193991412,-2.0230821712742038
ENSG00000089157,RPLP0,-1.7155848369544715,-0.04654144299048527
ENSG00000089159,PXN,-0.3682431452913164,-1.1516356586240812
ENSG00000089163,SIRT4,-2.675105644382773,-0.19420520559406754
ENSG00000111775,COX6A1,-2.013443640834329,0.8081986042129571
ENSG00000170855,TRIAP1,0.44736217731339145,3.5863311464768124
ENSG00000257218,GATC,-4.6958418914643785,0.6629180047134817
ENSG00000111786,SRSF9,-2.4280206253286774,-2.0599722917078096
ENSG00000088986,DYNLL1,6.3327521157927595,2.942577808832826
ENSG00000110871,COQ5,-5.933693320591286,0.0689000144928726
ENSG00000022840,RNF10,1.0856252499125676,0.43569117289272696
ENSG00000167272,POP5,-1.6337249011232324,1.5745094855948436
ENSG00000110917,MLEC,-4.841642514470037,-2.6728263613858685
ENSG00000175970,UNC119B,-6.252367037819675,-4.372214402851047
ENSG00000122971,ACADS,-3.4391230694188675,-1.1623562862875896
ENSG00000157837,SPPL3,-0.930110411798473,0.10940176670197586
ENSG00000135100,HNF1A,-4.467168313000067,-2.7383696300700837
ENSG00000157895,C12orf43,-2.952858739853769,-1.2098426079598843
ENSG00000135114,OASL,1.5792076014879841,0.10519604518628536
ENSG00000089041,P2RX7,1.0906721308479959,-1.0130780145468843
ENSG00000135124,P2RX4,1.1446779612556368,-2.2698316760337467
ENSG00000110931,CAMKK2,-6.276129812779877,-2.6029557450388583
ENSG00000089053,ANAPC5,-3.061730297961253,1.8144174046385746
ENSG00000170633,RNF34,2.1620184119122805,-0.9161836119694313
ENSG00000089094,KDM2B,-0.24276629909326966,-0.8722772928382546
ENSG00000188735,TMEM120B,0.672353457045088,-1.3901395387129274
ENSG00000139725,RHOF,3.4820178231004157,-1.8587882346890596
ENSG00000139718,SETD1B,0.40470452614246794,-0.5464972734732004
ENSG00000158104,HPD,-3.5625543271406226,-0.15963672880530547
ENSG00000110801,PSMD9,1.0277479094526132,0.38742347717348086
ENSG00000158023,CFAP251,-0.08250814349409748,-1.593906849768289
ENSG00000110987,BCL7A,1.8334417950770816,0.3806963845104659
ENSG00000175727,MLXIP,0.9127201529367583,-1.1406556963937249
ENSG00000176383,B3GNT4,0.6532705722284312,1.6750442653417295
ENSG00000184047,DIABLO,-0.20666092549154422,1.1644789273740754
ENSG00000139719,VPS33A,-0.504358513787708,-0.40610659671403676
ENSG00000130779,CLIP1,-3.09609666924922,-0.6630778455254048
ENSG00000033030,ZCCHC8,-4.011174142044965,0.5230228636546556
ENSG00000111011,RSRC2,-1.7560062627937498,0.2861021053408758
ENSG00000184445,KNTC1,4.6183576198266305,2.595476688393683
ENSG00000182782,HCAR2,-1.430822249088842,-2.1347031297063057
ENSG00000255398,HCAR3,-0.24698519951756617,-1.5715825341714695
ENSG00000139726,DENR,1.5020367370866408,1.9780197408537914
ENSG00000130787,HIP1R,4.596635183687264,0.8250835672841943
ENSG00000139722,VPS37B,1.7746379803615302,-1.7801391885693563
ENSG00000111325,OGFOD2,-1.1444143773932494,-0.3469527790677592
ENSG00000182196,ARL6IP4,-1.134764173848472,-0.03241859906316082
ENSG00000090975,PITPNM2,-2.7437994673488664,-1.5606721401323975
ENSG00000051825,MPHOSPH9,-5.7795064592161305,-0.7204115145800065
ENSG00000130921,MTRFR,-2.2392724484109814,0.1985728749137232
ENSG00000111328,CDK2AP1,3.3079028328890563,1.9557074838024313
ENSG00000139697,SBNO1,-6.860872162385095,-2.818208195521486
ENSG00000183955,KMT5A,3.225139627214075,1.7077196800305183
ENSG00000150977,RILPL2,1.7354431942102762,-0.08080075844725149
ENSG00000184209,SNRNP35,0.28738441222870814,0.09082587946064065
ENSG00000188026,RILPL1,-0.11893064529914507,-2.336851494432886
ENSG00000086598,TMED2,-0.9423910059686817,1.58133795040835
ENSG00000111364,DDX55,-1.0706760248799245,-0.31089091067844843
ENSG00000111361,EIF2B1,0.022372874278967874,2.103942118878996
ENSG00000111358,GTF2H3,-1.4688219253046781,0.5286259058147045
ENSG00000168778,TCTN2,2.7599440267213136,-3.2425922636382887
ENSG00000185344,ATP6V0A2,2.713917646502262,2.835433239602953
ENSG00000119242,CCDC92,-1.659548283118077,-2.5474364993355576
ENSG00000179195,ZNF664,-0.7347605801496312,0.3445879178940292
ENSG00000196498,NCOR2,0.3294702968891341,-1.7509813058777202
ENSG00000073060,SCARB1,-0.9334313365107232,-1.1678432294502168
ENSG00000150991,UBC,2.965570879367067,1.304042409081486
ENSG00000150990,DHX37,1.2382970924570529,-1.3086182457044147
ENSG00000184992,BRI3BP,-0.0769502002913333,0.7766588531697372
ENSG00000081760,AACS,5.550261185239565,2.520595725479118
ENSG00000139370,SLC15A4,4.017638018684556,3.145144528514078
ENSG00000151948,GLT1D1,-2.5533115961976294,-0.7332091916305796
ENSG00000111450,STX2,1.101240497552201,0.5205086011379122
ENSG00000132341,RAN,1.9583847346188683,0.8725552122236421
ENSG00000111452,ADGRD1,2.1460157816635896,0.18482318128277433
ENSG00000061936,SFSWAP,-0.23756619677125787,-0.5088932912067414
ENSG00000177169,ULK1,-0.5955580980859166,-0.39646311889294206
ENSG00000177192,PUS1,2.143990722174284,0.8287197022806911
ENSG00000183495,EP400,1.179662059866947,-0.0289504746954317
ENSG00000185163,DDX51,0.07828666330280097,-0.7572113707937295
ENSG00000184967,NOC4L,1.5413443639693074,0.1790937754975645
ENSG00000112787,FBRSL1,-0.08833847437787641,-0.7062062547793785
ENSG00000204583,LRCOL1,5.197469050533948,1.8186096492106893
ENSG00000177084,POLE,-3.8228412522870037,-0.7116635225862734
ENSG00000176894,PXMP2,-6.920786846163497,-2.03794930248895
ENSG00000247077,PGAM5,2.770703687801449,2.1202270649456767
ENSG00000176915,ANKLE2,3.0888766225938307,0.2244227091107623
ENSG00000090615,GOLGA3,1.4584008603441365,-0.7081119438582908
ENSG00000072609,CHFR,4.4922837666733075,0.5747441184512745
ENSG00000196458,ZNF605,-1.9720705096573485,-0.1958026518442293
ENSG00000198393,ZNF26,-1.007704526814129,-1.0130066227640908
ENSG00000198040,ZNF84,-0.7071869715773804,1.9871131326047995
ENSG00000196387,ZNF140,0.7672898225385151,2.9719574621957072
ENSG00000214029,ZNF891,-3.3089497655210147,-1.275339474940064
ENSG00000256223,ZNF10,1.194386237747449,2.472908376740402
ENSG00000090612,ZNF268,-3.869567747225558,-0.5591147204189726
ENSG00000121390,PSPC1,0.11113895578950306,-0.39113540737201996
ENSG00000196199,MPHOSPH8,-3.132741264474492,-3.0617754552245517
ENSG00000132950,ZMYM5,0.3597667920776502,0.2654285384605845
ENSG00000121741,ZMYM2,0.6336162646577227,2.477860148307956
ENSG00000165474,GJB2,-3.079897391475508,0.6047498251470331
ENSG00000165475,CRYL1,-6.478527244030553,-1.7777274735376334
ENSG00000032742,IFT88,-4.732665579348082,0.3114361745000527
ENSG00000172458,IL17D,1.5109720190793312,1.1544597804276282
ENSG00000150456,EEF1AKMT1,-3.4627369710714007,0.6438377728715673
ENSG00000132953,XPO4,-2.1759253680743904,-0.46208411120011944
ENSG00000150457,LATS2,4.4472278506673275,0.9238675896758984
ENSG00000150459,SAP18,-2.717045556135602,0.26654280036494393
ENSG00000173141,MRPL57,-3.0774719397824573,0.6248658571395306
ENSG00000180776,ZDHHC20,0.09293982487540219,0.32639835811658174
ENSG00000165487,MICU2,0.8978797153845045,1.7550313020240713
ENSG00000151835,SACS,2.9892007225082318,-0.16051302258866773
ENSG00000127863,TNFRSF19,0.15350705947903892,-3.7617936667964997
ENSG00000027001,MIPEP,-2.957510586556894,-1.1166126200695377
ENSG00000182957,SPATA13,-1.9397848580922392,-0.6533612631204272
ENSG00000102699,PARP4,-0.12414812418162798,-0.22433257778844132
ENSG00000151849,CPAP,0.5957884326133813,0.09805087244383105
ENSG00000151846,PABPC3,-0.22930177544877303,0.07817913919794772
ENSG00000139505,MTMR6,0.9351009487426356,0.8359143771813651
ENSG00000139496,NUP58,1.6153131621815378,1.740749926852717
ENSG00000127870,RNF6,1.1070003465055291,0.4832584524376716
ENSG00000132964,CDK8,-0.3989352109075651,2.447716049553115
ENSG00000132970,WASF3,-0.3315662638559019,-0.6781590590725297
ENSG00000152484,USP12,-2.857475676781731,1.4090259481117415
ENSG00000122026,RPL21,-0.509281935092326,0.45708586321558636
ENSG00000122035,RASL11A,2.1615142745529674,-0.8214109426483729
ENSG00000122034,GTF3A,-1.9049417190607605,2.1147990779259054
ENSG00000122033,MTIF3,-4.225608420147508,0.7948227444306368
ENSG00000139517,LNX2,-0.7530904469489941,0.43768728958805964
ENSG00000186184,POLR1D,-0.5641232832241951,1.850904840280807
ENSG00000122025,FLT3,0.1333390211117638,-3.960223717188055
ENSG00000152520,PAN3,0.3578499474318147,0.830879043915895
ENSG00000102755,FLT1,1.559514922469277,-0.3017885931849936
ENSG00000132963,POMP,1.3971881903807484,2.101990342123442
ENSG00000139508,SLC46A3,-3.537982657962398,1.0453598801735442
ENSG00000132938,MTUS2,-4.267661959811963,-3.1902048100620712
ENSG00000139514,SLC7A1,8.283894214401332,-0.42512702134548663
ENSG00000122042,UBL3,-1.197843632301663,1.1801867202976586
ENSG00000102781,KATNAL1,-0.9966832654445424,0.884779815494873
ENSG00000189403,HMGB1,-2.47896476973042,1.4031411022834979
ENSG00000132952,USPL1,-2.9020343864533173,1.8182771300772311
ENSG00000132965,ALOX5AP,9.422726481642458,1.2556381868394935
ENSG00000120694,HSPH1,2.976378397598599,2.455826680949234
ENSG00000187676,B3GLCT,-1.7557359672956099,-0.5003407781455829
ENSG00000073910,FRY,0.4231051844510062,0.10633393676213101
ENSG00000139618,BRCA2,2.22009374061443,0.6542116214682699
ENSG00000139597,N4BP2L1,-4.4801049690620145,1.0879704894701734
ENSG00000244754,N4BP2L2,-2.5523245727980814,0.6674521114405214
ENSG00000083642,PDS5B,-1.6683436031635719,0.010469575462046216
ENSG00000133121,STARD13,-4.486031969745099,-3.413098160561789
ENSG00000133119,RFC3,-2.65179631845118,-1.6404907494978003
ENSG00000172915,NBEA,3.065263241547385,-3.056240465499855
ENSG00000133104,SPART,2.319090369428603,1.6915834030517276
ENSG00000133111,RFXAP,-2.7258405963263295,-1.9037382652409993
ENSG00000120693,SMAD9,2.5223301896519517,-0.25851632138016306
ENSG00000120697,ALG5,-2.4997209063128314,-0.09479022670737393
ENSG00000120699,EXOSC8,-0.3939160517038689,1.8120430065565352
ENSG00000102710,SUPT20H,0.04912203034988325,0.8798112094571668
ENSG00000133110,POSTN,-6.503065764911446,-5.347305469349489
ENSG00000120686,UFM1,0.2741857081686088,1.4365552072552077
ENSG00000150893,FREM2,3.701368884964423,3.1982759106796577
ENSG00000120685,PROSER1,1.3300963109143298,1.866985186501999
ENSG00000188811,NHLRC3,-2.189457255017142,1.609184160015934
ENSG00000183722,LHFPL6,5.766842205289799,-2.4468658293142376
ENSG00000133103,COG6,-1.7466500592220602,0.4966950938723425
ENSG00000150907,FOXO1,-0.14432233670772732,0.9270073967743265
ENSG00000102738,MRPS31,-3.1632893560750075,0.8334599333291091
ENSG00000102743,SLC25A15,-2.3313020936717295,0.5122995289865838
ENSG00000120690,ELF1,0.1324616801415735,-1.1518793962965075
ENSG00000120688,WBP4,-2.531728327141828,0.6601900511795047
ENSG00000165572,KBTBD6,-2.478310401650517,-0.6689586832465421
ENSG00000120696,KBTBD7,-4.638112709610603,-0.9185843999623236
ENSG00000120662,MTRF1,-1.733438906833072,1.2273281760444228
ENSG00000172766,NAA16,-1.278877435649158,-1.1394828417977765
ENSG00000102760,RGCC,12.360973179263398,3.304552464195048
ENSG00000102763,VWA8,-6.506687485790251,-2.399062042478716
ENSG00000102780,DGKH,3.030372641610016,-1.3160686564966855
ENSG00000023516,AKAP11,-0.24521635176791615,-0.2904113243955467
ENSG00000120659,TNFSF11,3.331734864468368,0.9874768334442604
ENSG00000133106,EPSTI1,2.066090984831168,0.45352258253954797
ENSG00000120675,DNAJC15,-2.8038724957904777,-0.31111350282614864
ENSG00000151773,CCDC122,2.1658724332414137,2.6691306512979054
ENSG00000179630,LACC1,5.9532595650538935,3.5820085727404827
ENSG00000151778,SERP2,0.910132371220095,0.6758166315410208
ENSG00000102804,TSC22D1,3.5919279741968,1.308349954665577
ENSG00000083635,NUFIP1,-1.5345394547791475,-0.13764900607993524
ENSG00000133114,GPALPP1,-1.4855942654549357,-0.7524506122905914
ENSG00000188342,GTF2F2,2.477024814145072,2.905698752101179
ENSG00000133112,TPT1,-4.608224856932143,-0.7330431856069223
ENSG00000174032,SLC25A30,0.27708555390461487,2.4836727329921175
ENSG00000136152,COG3,-2.246302339599412,2.3412534638609794
ENSG00000123200,ZC3H13,1.5802656306594025,1.8505365480703786
ENSG00000080618,CPB2,-8.191967488994642,-1.783665325478712
ENSG00000136167,LCP1,4.503006151125702,-0.08696065697138344
ENSG00000102445,RUBCNL,3.7360527215778987,-1.3620089217951483
ENSG00000136141,LRCH1,1.5899170124738111,1.2716843943357978
ENSG00000139684,ESD,-4.2771268560820594,0.6380418245033725
ENSG00000136143,SUCLA2,-2.6101487996137864,-0.49538443358202566
ENSG00000136146,MED4,-0.022964485304769716,1.5250269371398117
ENSG00000136159,NUDT15,-0.8304866489291695,-0.2039524126938911
ENSG00000136156,ITM2B,0.40788784021823776,0.95159663829877
ENSG00000139687,RB1,4.325213412627455,2.3510799597658076
ENSG00000139679,LPAR6,4.112471698955393,2.104699603687963
ENSG00000136161,RCBTB2,0.9222367829046594,-0.5967335748987347
ENSG00000152207,CYSLTR2,0.46425796890676946,-3.163387974706493
ENSG00000102531,FNDC3A,-1.6099412515223406,0.26797628119183714
ENSG00000102543,CDADC1,-5.483517382471875,0.4107196290120551
ENSG00000102547,CAB39L,-1.5907542234435477,-2.3922630467593073
ENSG00000136169,SETDB2,-4.562539575218897,-1.0845862155500818
ENSG00000136147,PHF11,1.6201023071680352,1.76757402702985
ENSG00000136144,RCBTB1,3.3601181581899224,0.7130773378386014
ENSG00000123179,EBPL,-7.119895653333248,0.2573530143284839
ENSG00000102753,KPNA3,0.9434487542488569,2.1250716737207016
ENSG00000123178,SPRYD7,-0.6520056140769152,3.2244337900992206
ENSG00000204977,TRIM13,-2.8687751112913813,0.17721677730843494
ENSG00000198553,KCNRG,-4.202024530625221,-2.1739996307162106
ENSG00000136104,RNASEH2B,0.9920115447593857,1.1256643560646449
ENSG00000253309,SERPINE3,-1.6556169689828206,-0.36652430870513536
ENSG00000102786,INTS6,-0.45195299132020733,1.5015166176855834
ENSG00000139668,WDFY2,-0.6290788569187284,-0.54145242446521
ENSG00000102796,DHRS12,-3.992389017866048,0.7199835504025183
ENSG00000281106,TMEM272,-3.573380272101084,-1.0740941758656457
ENSG00000123191,ATP7B,-8.792593217822443,-3.456276153353387
ENSG00000253710,ALG11,-2.9508155160594565,-1.2908253736756432
ENSG00000253797,UTP14C,-3.267904985987634,-1.5569227773033147
ENSG00000197168,NEK5,-1.7296136327296767,-0.6685279308490296
ENSG00000136098,NEK3,1.2991447529738678,0.9909015288782363
ENSG00000136114,THSD1,5.513833542169953,1.1200778791811437
ENSG00000136100,VPS36,-1.1651981815308683,0.17274909621616327
ENSG00000136108,CKAP2,3.8996605484659743,2.562755000010972
ENSG00000139675,HNRNPA1L2,-1.0005883607587356,-3.689135297557504
ENSG00000165416,SUGT1,-3.197120107691024,0.04821314108428113
ENSG00000118946,PCDH17,6.199533516327152,2.3190834428504683
ENSG00000083544,TDRD3,-3.041752424163424,0.13900507944516013
ENSG00000184226,PCDH9,2.921798801156574,0.48237760953435344
ENSG00000276644,DACH1,-2.4570944704342073,-2.5517251537056618
ENSG00000204899,MZT1,4.536588959167589,3.481535412552729
ENSG00000136122,BORA,0.15761562035015647,1.13201722657302
ENSG00000083520,DIS3,-2.8358828377078757,-0.40573853303858715
ENSG00000083535,PIBF1,-3.582305401267741,-1.136293395179477
ENSG00000102554,KLF5,4.420679391082878,-3.845381760162956
ENSG00000118922,KLF12,-5.548921227261115,-0.38221667289379063
ENSG00000136111,TBC1D4,-1.0798495380050728,0.37508621606334386
ENSG00000188243,COMMD6,0.9917669891759952,1.9526444112132415
ENSG00000118939,UCHL3,-0.9426808870082547,1.398504170179844
ENSG00000136153,LMO7,-5.369746945681418,-1.0168103311769603
ENSG00000178695,KCTD12,7.739682830986928,0.7223942049716969
ENSG00000102805,CLN5,-1.232311862848869,1.517327060998939
ENSG00000005812,FBXL3,-1.7460184222500763,-0.5288302517517838
ENSG00000005810,MYCBP2,-4.2515470246823295,-2.4842039155767117
ENSG00000139737,SLAIN1,-2.3722143368273283,-1.3341016942993118
ENSG00000136160,EDNRB,2.246176309802737,-0.26160854952402945
ENSG00000152193,OBI1,-0.5173763634493228,0.19240157313856668
ENSG00000139746,RBM26,-2.0262480131838374,-0.3691482142302466
ENSG00000102471,NDFIP2,-2.6209104895880566,0.6428653774032963
ENSG00000136158,SPRY2,-0.058767671708923414,-1.1867268557039201
ENSG00000184564,SLITRK6,-6.9219291092609545,-4.654865596911865
ENSG00000179399,GPC5,-5.7516164492299415,-0.591959359840751
ENSG00000183098,GPC6,-0.9332830445044142,0.8154795593916399
ENSG00000080166,DCT,-5.548389931942724,-2.27427142407863
ENSG00000088451,TGDS,-2.7274686144772646,1.4274879407037178
ENSG00000152749,GPR180,-2.9577446039519217,-0.4912555713342977
ENSG00000125257,ABCC4,9.335588700482328,3.4850117822999174
ENSG00000134873,CLDN10,7.604217974573593,-4.2631626252149815
ENSG00000134874,DZIP1,5.273059728262252,-2.5537252096300262
ENSG00000102580,DNAJC3,-1.7976120266519044,-0.5781112237423696
ENSG00000102595,UGGT2,1.852030958978523,2.059929091798692
ENSG00000139793,MBNL2,1.8324257760349902,1.8329477304087758
ENSG00000125249,RAP2A,3.6771542101762305,1.7329703290792904
ENSG00000065150,IPO5,-5.740192216338748,-0.8615041905606898
ENSG00000152767,FARP1,-0.2547915909699386,-0.596088257799067
ENSG00000102572,STK24,3.772552174928004,-0.8555529633931331
ENSG00000088386,SLC15A1,-0.7622177804284838,0.750833018131384
ENSG00000088387,DOCK9,1.0158593487439296,-1.9346439646763307
ENSG00000134882,UBAC2,-5.02623713867381,-0.5629106249404345
ENSG00000125245,GPR18,-1.7966769191520804,-2.6494489115872946
ENSG00000169508,GPR183,1.3848587063822617,-1.6384905798849778
ENSG00000125304,TM9SF2,-1.5246892829248586,0.6834469725525835
ENSG00000125246,CLYBL,-3.3277398202978326,1.6919942274194404
ENSG00000175198,PCCA,-4.265281153815287,-0.39981423943589695
ENSG00000134864,GGACT,-4.974627562219038,0.411830961595516
ENSG00000125247,TMTC4,-6.613477368296195,-1.6929057193218546
ENSG00000102452,NALCN,15.257468338701116,6.4282345245694446
ENSG00000198542,ITGBL1,16.55698621486234,8.902522210436377
ENSG00000102466,FGF14,9.622119744514873,4.199692838343187
ENSG00000134900,TPP2,-3.232260474470048,-0.34595351041577294
ENSG00000139780,METTL21C,-2.526778581243088,-0.4329684274203025
ENSG00000151287,TEX30,-2.4595597573623866,2.6077889151169407
ENSG00000134901,POGLUT2,-0.295295713304793,0.5006233936052364
ENSG00000134897,BIVM,-3.064969026950434,2.21915049970712
ENSG00000270181,BIVM-ERCC5,-4.427703464702489,1.031113700050114
ENSG00000134899,ERCC5,-3.439585115575885,1.1312123660877158
ENSG00000125266,EFNB2,0.8990815640059914,-3.7247348534097227
ENSG00000134884,ARGLU1,3.0749486133928254,1.2780071368511539
ENSG00000174405,LIG4,-2.910755693008683,1.8856172327509546
ENSG00000139826,ABHD13,-0.42260910112430006,1.3066195580467008
ENSG00000102524,TNFSF13B,3.331598513365868,0.5225202862182317
ENSG00000041515,MYO16,-8.331942984067796,-1.5675116852320834
ENSG00000185950,IRS2,-0.5322058467699106,0.26422863199796054
ENSG00000187498,COL4A1,11.492185358520798,3.0206193579040685
ENSG00000134871,COL4A2,11.466581659208039,3.453357546133399
ENSG00000139832,RAB20,6.5369932910858655,3.543276383876566
ENSG00000213995,NAXD,0.8210435106107681,2.4478536824421027
ENSG00000134905,CARS2,-2.7303801204369194,-0.38881219442436127
ENSG00000153487,ING1,-8.150827976877302,-2.156401819094952
ENSG00000088448,ANKRD10,0.8500748300270702,1.1536378188145564
ENSG00000102606,ARHGEF7,-1.1007762575878808,0.3446434787168518
ENSG00000153498,SPACA7,0.031127281260988012,2.790274831962561
ENSG00000126216,TUBGCP3,-6.248378235456237,-1.596461985871898
ENSG00000068650,ATP11A,-0.18664225796430323,-1.4821179237178803
ENSG00000126217,MCF2L,2.3200581312030333,0.10563089263406629
ENSG00000057593,F7,-6.015079022755443,-0.5125119254025469
ENSG00000126218,F10,-2.9474551000246354,-1.9439233343537208
ENSG00000126231,PROZ,-3.6745871220807182,-0.6976663562286718
ENSG00000126226,PCID2,-3.369842010796478,-0.5529104853989133
ENSG00000139842,CUL4A,-3.488541377706519,-0.6815637052976636
ENSG00000185896,LAMP1,3.2592135573121475,1.6357829906601244
ENSG00000139835,GRTP1,-1.8029346865927216,0.5424113546346642
ENSG00000150401,DCUN1D2,-6.156666919529009,-3.435462951612194
ENSG00000150403,SLC9D1,5.4412838195114235,-1.402760636707051
ENSG00000198176,TFDP1,-1.3859394139067354,-2.0807225857104608
ENSG00000184497,TMEM255B,-1.5804200492976428,-2.7891892494893664
ENSG00000183087,GAS6,5.508219462794151,1.8229275925722908
ENSG00000185989,RASA3,4.831641073044747,-1.0587968564805936
ENSG00000130177,CDC16,0.6087237198441625,3.508671882056094
ENSG00000169062,UPF3A,-1.7449970512660686,-1.1472649447018473
ENSG00000198824,CHAMP1,-0.1860510263963089,0.10991447210570092
ENSG00000136319,TTC5,-2.4221335184776938,-3.713089751099881
ENSG00000100814,CCNB1IP1,-2.7969387865573636,3.549880710113753
ENSG00000129484,PARP2,1.0314901715559708,0.5106425178928408
ENSG00000129566,TEP1,6.103642683692942,0.5562686756402629
ENSG00000092094,OSGEP,-2.5960593104904413,-1.1077565836402938
ENSG00000100823,APEX1,-1.6662371497888406,-0.1338485806660961
ENSG00000165782,PIP4P1,2.8560433344294713,2.6306211314235646
ENSG00000198805,PNP,-4.400931706893776,0.5336701821686346
ENSG00000258818,RNASE4,-3.940254563291548,0.21820748051137717
ENSG00000214274,ANG,-5.793350439999619,-1.7738635202084334
ENSG00000169413,RNASE6,7.616779939056181,0.7104349000961777
ENSG00000129538,RNASE1,10.480538112279513,4.745734731450604
ENSG00000165792,METTL17,-1.114945006423001,1.3817197101389713
ENSG00000165795,NDRG2,-9.067204190530832,-5.090886025289131
ENSG00000179636,TPPP2,-9.535635386621726,-3.6604220175625697
ENSG00000206150,RNASE13,-6.344543044326056,-2.986327538051452
ENSG00000165801,ARHGEF40,-3.840666099152814,-3.2545536166024767
ENSG00000165804,ZNF219,-2.7954411298689763,-2.7423299954993117
ENSG00000232070,TMEM253,-1.9953110699397913,-0.9586565945213932
ENSG00000092199,HNRNPC,-0.901607275831857,2.0288622885096066
ENSG00000092200,RPGRIP1,-1.2821471430981326,-0.6796735183105084
ENSG00000092201,SUPT16H,-1.5207957167832276,-1.7173840195862402
ENSG00000100888,CHD8,-1.6774884207930172,-1.989938030094812
ENSG00000129472,RAB2B,0.12607003511778414,0.8999387659145243
ENSG00000092203,TOX4,-4.874248226122447,-0.9583214776002624
ENSG00000165819,METTL3,0.5811454992838961,1.286005458589491
ENSG00000165821,SALL2,5.401895045382309,-1.218191400598658
ENSG00000129562,DAD1,0.06488508666699079,1.252146176185391
ENSG00000100439,ABHD4,5.134576533890004,3.008631290790845
ENSG00000155463,OXA1L,-2.9707028177288026,1.1690453734824393
ENSG00000155465,SLC7A7,3.565378526657442,-2.434569204640606
ENSG00000172590,MRPL52,0.010841593650591624,0.4440844334160228
ENSG00000157227,MMP14,10.446808070530075,0.8179252798799749
ENSG00000197324,LRP10,3.622442205600389,-2.3997490772918573
ENSG00000100461,RBM23,-5.299447382350113,-2.214005684637522
ENSG00000100462,PRMT5,-1.8595744908224803,-0.9681142908878787
ENSG00000092036,HAUS4,-4.7122325053925165,-1.7562117894372522
ENSG00000129474,AJUBA,7.060109860084033,3.753734338641576
ENSG00000100802,C14orf93,-2.0405491284382316,-0.9871362990487753
ENSG00000100804,PSMB5,0.8240493113540048,1.3081036529123267
ENSG00000100813,ACIN1,1.2228937653226448,-0.06162838733516267
ENSG00000179933,C14orf119,4.242237094307086,4.501013235328778
ENSG00000092068,SLC7A8,-0.22823710767615063,-1.0392725922116142
ENSG00000290292,HOMEZ,-4.7059560395278845,-1.8846931014300006
ENSG00000235194,PPP1R3E,-4.562415035099398,-1.0746598016521411
ENSG00000129473,BCL2L2,-7.896222279531779,-4.651334772382493
ENSG00000258643,BCL2L2-PABPN1,2.146607327585579,2.484094722170151
ENSG00000100836,PABPN1,1.3834690717170866,2.205970106700154
ENSG00000092096,SLC22A17,4.557842802323064,-1.141190395452459
ENSG00000129460,NGDN,-2.2601010228536333,-0.1754043452235027
ENSG00000136367,ZFHX2,-1.5898490730274522,-2.5839236076790044
ENSG00000259431,THTPA,-3.3253336720300366,-2.8596477435183534
ENSG00000213983,AP1G2,1.7272400373088077,-0.5306605227432094
ENSG00000100867,DHRS2,-5.416621702103275,-1.380367068275625
ENSG00000157326,DHRS4,-4.929997377577753,0.25669753541901286
ENSG00000187630,DHRS4L2,-2.934050942791377,1.2759605203137758
ENSG00000186648,CARMIL3,-9.190702995318983,-4.810817553243165
ENSG00000129535,NRL,-10.337731366710818,-5.14391477137025
ENSG00000100889,PCK2,-8.895071063893903,-4.177435536328419
ENSG00000100897,DCAF11,-11.403655385888342,-4.994986805517498
ENSG00000139914,FITM1,-7.266500055979821,-2.4887825729186144
ENSG00000092010,PSME1,-2.455031883553405,-1.2309708230475176
ENSG00000100908,EMC9,-1.100932049891893,0.1831591451019152
ENSG00000100911,PSME2,0.9189849372569571,2.0477066742155654
ENSG00000092098,RNF31,-0.9914151642605625,-1.5361393254999862
ENSG00000213928,IRF9,1.800595917183026,-0.05518915796122301
ENSG00000100918,REC8,2.958416833619854,-0.4397285087433321
ENSG00000196497,IPO4,-1.617054861572315,-2.9008756317225153
ENSG00000100926,TM9SF1,-1.4735164608882045,-1.279381371405733
ENSG00000139908,TSSK4,-1.3238572499059797,-2.620809602201713
ENSG00000254505,CHMP4A,2.71463687848566,0.43862484586589845
ENSG00000213920,MDP1,-2.3746587561266255,0.09500728523295689
ENSG00000255526,NEDD8-MDP1,-3.198017251343729,-1.075354283283967
ENSG00000129559,NEDD8,-2.0115966752108245,0.35261777042648174
ENSG00000100938,GMPR2,-0.17015791327159305,1.2646122050244515
ENSG00000092330,TINF2,1.47985925044624,-0.6213701325471496
ENSG00000100949,RABGGTA,0.07116187511231391,-0.3505543028149552
ENSG00000157379,DHRS1,-4.304226322326951,-0.14755599132008124
ENSG00000196943,NOP9,-8.138705731376106,-2.9126510174377236
ENSG00000136305,CIDEB,-7.498408364408263,-2.3711139048475793
ENSG00000213906,LTB4R2,-5.2157635122919626,-3.4319581295946877
ENSG00000213903,LTB4R,-1.6127664474111567,-0.20823316178515466
ENSG00000129467,ADCY4,2.792446134772324,-1.1912134552061728
ENSG00000129465,RIPK3,9.622553945336497,2.5369292220190274
ENSG00000100968,NFATC4,7.573718051628504,0.6005202474646981
ENSG00000205978,NYNRIN,-0.22719162550010458,-0.5553747719949795
ENSG00000100441,KHNYN,-7.944044179964025,-4.294733548361286
ENSG00000139899,CBLN3,-3.574390667586862,-2.144178582329025
ENSG00000100445,SDR39U1,-4.1295766506320195,-1.6122948779037527
ENSG00000100450,GZMH,4.51223361492063,1.5753565983759503
ENSG00000100453,GZMB,1.0370207146968904,-1.5460410575856802
ENSG00000168952,STXBP6,-0.7045447337438061,-4.020199769999673
ENSG00000184304,PRKD1,3.9684525593373934,0.07710681684361509
ENSG00000092140,G2E3,-0.22519380086608387,0.07533890907292029
ENSG00000092108,SCFD1,-2.0208142669753584,0.18612286625899513
ENSG00000196792,STRN3,-2.901349518194786,0.34921785859946386
ENSG00000100478,AP4S1,-6.180097777489051,-3.4460044481710748
ENSG00000092148,HECTD1,-7.5173154838613225,-2.223279144577775
ENSG00000129493,HEATR5A,-0.4886893283771366,-0.6078549302627799
ENSG00000129480,DTD2,-3.2595041687365836,0.05884042659481812
ENSG00000151413,NUBPL,-4.789003552768245,-1.7107789136058245
ENSG00000100852,ARHGAP5,-1.7429749137312351,0.13246664420161924
ENSG00000151320,AKAP6,-6.862304631833929,-2.2141117309149503
ENSG00000129521,EGLN3,3.438358519549381,-1.5100940948662256
ENSG00000165389,SPTSSA,2.6617671761842607,2.039251842721935
ENSG00000129518,EAPP,-3.6800112447766455,-1.0191856866109992
ENSG00000129515,SNX6,1.4845369195563518,0.8634089357975211
ENSG00000165410,CFL2,-3.3955476486001337,0.7144277698053462
ENSG00000198604,BAZ1A,0.4724280924941209,-0.20991949192162437
ENSG00000100883,SRP54,-4.42747151668543,-1.476645781764221
ENSG00000151327,FAM177A1,1.0769386009504234,1.6156777564917424
ENSG00000092020,PPP2R3C,-0.2239484876343598,1.0294880211912867
ENSG00000100890,PRORP,-4.045668881082131,0.23030592052903018
ENSG00000100902,PSMA6,-1.2933079773142568,2.222266501017763
ENSG00000100906,NFKBIA,0.7337706471768336,0.2273607630283185
ENSG00000174373,RALGAPA1,-2.8659729999115253,-1.0628766726441616
ENSG00000100916,BRMS1L,-0.629382408941782,0.10382273838801845
ENSG00000151332,MBIP,-2.7929997097047945,0.8268819744537589
ENSG00000151338,MIPOL1,-1.4663183433070694,-1.3893624972333316
ENSG00000129514,FOXA1,-2.705066264385585,1.6115654641462498
ENSG00000139865,TTC6,-4.988435093846136,0.0914624274690595
ENSG00000139874,SSTR1,-8.399306384403708,-2.306454040669574
ENSG00000176435,CLEC14A,8.058827617429795,1.731777354668948
ENSG00000100934,SEC23A,-1.1730696536641814,0.17204927681826457
ENSG00000092208,GEMIN2,-1.889507154396877,-0.5598680478880644
ENSG00000182400,TRAPPC6B,-2.930883278831036,1.3634798138491997
ENSG00000100941,PNN,0.9678014738648415,1.726815163131698
ENSG00000150527,MIA2,-6.694425132697677,0.12505117039751365
ENSG00000165355,FBXO33,-1.950974159436731,0.13059625148887297
ENSG00000179476,DORIP1,-3.6808200931641757,-0.05139937522486065
ENSG00000179454,KLHL28,-1.4864243861366837,-0.49589351781552343
ENSG00000198718,TOGARAM1,-2.230972738509923,-1.0052808293896156
ENSG00000185246,PRPF39,0.29088928964048566,2.366686018792252
ENSG00000100442,FKBP3,-0.9952841272072145,1.4794306322144952
ENSG00000187790,FANCM,0.8096453707748082,0.9116093623483199
ENSG00000129534,MIS18BP1,1.8323737518821037,-0.25443259288856324
ENSG00000213741,RPS29,-1.6768972161394844,-0.23993268402031753
ENSG00000165501,LRR1,-0.4234682000110117,2.9828336034918665
ENSG00000165502,RPL36AL,-3.0898876865568945,-0.5835857115899143
ENSG00000168282,MGAT2,-2.1540533795624697,0.3588437189260408
ENSG00000165506,DNAAF2,-3.872633852518732,-0.46165887884146184
ENSG00000100479,POLE2,-3.3758548806122253,-1.0544436238409278
ENSG00000197776,KLHDC1,-3.190676739967152,-0.8179877904481854
ENSG00000165516,KLHDC2,-8.286088654943798,-0.18082207074824297
ENSG00000165525,NEMF,-1.9801485790920768,1.4057382537133714
ENSG00000165527,ARF6,3.685697348413356,2.712987953127985
ENSG00000100483,VCPKMT,-0.3425624226059158,0.9364453899060267
ENSG00000100485,SOS2,-1.6607331439016175,-0.6506717068891209
ENSG00000087299,L2HGDH,-7.387103296622429,-1.1656409769831142
ENSG00000125375,DMAC2L,-7.657092309473873,-3.0790618827595493
ENSG00000100490,CDKL1,-7.33196814606679,-3.8229197155881267
ENSG00000012983,MAP4K5,1.0946456424144149,0.2832511637462123
ENSG00000198513,ATL1,1.4330599054596513,-0.7333269595957234
ENSG00000151748,SAV1,0.06529962602640552,1.179494186240974
ENSG00000100503,NIN,5.759359703911637,1.5020088847241861
ENSG00000100504,PYGL,-1.688455805983163,1.050619548633438
ENSG00000131969,ABHD12B,-4.459151337246146,-2.045472294625291
ENSG00000100505,TRIM9,4.716822452135835,3.025758417684553
ENSG00000139921,TMX1,1.3997849459730813,0.9555036898516748
ENSG00000139926,FRMD6,8.555711187403736,2.327529685346164
ENSG00000186469,GNG2,0.9026044871129506,-2.5645462697330426
ENSG00000087302,RTRAF,-0.8265503603253117,1.6044900523883718
ENSG00000087303,NID2,-4.715898685747542,-7.41211868834666
ENSG00000168229,PTGDR,2.8968811019303096,-1.236386887277709
ENSG00000125384,PTGER2,4.441105776669935,0.34125896929244215
ENSG00000087301,TXNDC16,-1.5524775573981306,1.1061408809868678
ENSG00000180998,GPR137C,2.0125707574237977,3.391270007716348
ENSG00000197930,ERO1A,2.6788529526529405,3.3196163633838744
ENSG00000100519,PSMC6,-2.867118901104807,0.5222743568532798
ENSG00000198252,STYX,-3.3021259930704403,0.42318323671464014
ENSG00000100522,GNPNAT1,-3.835219095857072,1.4088477370928185
ENSG00000073712,FERMT2,-5.796564380608932,-0.6262382144132947
ENSG00000100523,DDHD1,3.5124186309859846,1.3480707089683968
ENSG00000100526,CDKN3,3.67331292436974,1.3773707216617517
ENSG00000100528,CNIH1,-1.0385356727786736,0.9400585511618219
ENSG00000197045,GMFB,1.7162305637940023,1.5293651529101169
ENSG00000100532,CGRRF1,0.2696104678804633,1.3625271698787778
ENSG00000020577,SAMD4A,-5.461448506520828,0.11505882943409176
ENSG00000131979,GCH1,-3.879854833334632,0.13457805668127162
ENSG00000198554,WDHD1,6.007784564589901,2.2194100365692004
ENSG00000180008,SOCS4,3.788651857655508,2.2200386347805976
ENSG00000168175,MAPK1IP1L,3.1226410097603754,2.7832183879715364
ENSG00000131981,LGALS3,12.851310851433091,2.8600474742935393
ENSG00000178974,FBXO34,-1.3927120583769639,-0.756767666155785
ENSG00000126775,ATG14,-1.6111278761359544,0.12348644597083706
ENSG00000126777,KTN1,-5.235744752034885,-2.822747213414957
ENSG00000139946,PELI2,-0.79957474442621,-3.7554577245889043
ENSG00000070269,TMEM260,-2.815344949898572,0.6516946762246995
ENSG00000070367,EXOC5,-0.5043277076965197,1.2268469646751832
ENSG00000053770,AP5M1,0.9126039517524839,2.276625123769328
ENSG00000139977,NAA30,-2.603158308880016,0.3388741652833463
ENSG00000100557,CCDC198,2.671469862642705,1.0211102907712348
ENSG00000139971,ARMH4,-1.4860285137294502,-2.055835042291748
ENSG00000131966,ACTR10,1.246715584781256,1.5295415569507684
ENSG00000100567,PSMA3,-2.348123520347402,1.4185358791113971
ENSG00000032219,ARID4A,-4.022143658010553,-0.4212145508859008
ENSG00000100575,TIMM9,-0.27484648440950293,2.3862546188542884
ENSG00000100578,KIAA0586,-1.191208408487073,0.00836275146295925
ENSG00000165617,DACT1,8.51312809892485,-0.49938648395851154
ENSG00000100592,DAAM1,0.3823222448296536,0.8372441209861299
ENSG00000126790,L3HYPDH,-0.0922038083871701,0.7579771632025691
ENSG00000181619,GPR135,-2.298633426739723,-1.9140291899205477
ENSG00000050130,JKAMP,0.8726922567670898,2.5889140306505514
ENSG00000139970,RTN1,7.946942750549641,1.949622385302734
ENSG00000131951,LRRC9,-3.333074289466128,-0.39876049711577577
ENSG00000126773,PCNX4,0.44652042249735047,1.9525908729036174
ENSG00000100612,DHRS7,3.228830150543946,2.7207533044017542
ENSG00000100614,PPM1A,-4.527387783338833,0.1585421318189981
ENSG00000020426,MNAT1,-3.1487748639623585,0.26521311712906315
ENSG00000126814,TRMT5,-2.1377580707526853,0.3078996573490694
ENSG00000139974,SLC38A6,3.077669599684362,1.5859226478262056
ENSG00000027075,PRKCH,1.6497629193774987,-2.6272857973675254
ENSG00000182107,TMEM30B,1.2443445975574474,1.0108003136961896
ENSG00000100644,HIF1A,3.1148361194434218,0.4450807860129351
ENSG00000023608,SNAPC1,0.1378284782573617,0.9328374762088871
ENSG00000126785,RHOJ,3.6160950922964115,-0.7998639213395016
ENSG00000154001,PPP2R5E,1.0368981540604847,1.4686608416541116
ENSG00000140006,WDR89,0.7280001602001791,2.4594220612985325
ENSG00000126821,SGPP1,1.3242942810440865,1.5358494638033824
ENSG00000054654,SYNE2,-0.3861367934486537,-2.369093048746256
ENSG00000100714,MTHFD1,-8.24619129756262,-2.023219933733731
ENSG00000089775,ZBTB25,-5.66465305984165,-1.4881167044433714
ENSG00000179841,AKAP5,0.15311289750181928,0.3543627492481813
ENSG00000126804,ZBTB1,2.2031038610921083,2.209010931521627
ENSG00000126822,PLEKHG3,-1.1752805589325066,-0.6726476720073379
ENSG00000070182,SPTB,-0.46405612309683386,-1.1581996786425535
ENSG00000258289,CHURC1,-2.6286128732354483,-0.959266456570658
ENSG00000125954,CHURC1-FNTB,-1.1156684598957833,0.06370162049214863
ENSG00000176153,GPX2,7.588196968901778,3.3119990214250428
ENSG00000139998,RAB15,0.5563725627583755,0.8559545459510239
ENSG00000257365,FNTB,0.3030567096234608,-0.05243862836808956
ENSG00000125952,MAX,1.4699966327385823,0.5049225671147879
ENSG00000033170,FUT8,5.383387215636924,-0.7852548323738419
ENSG00000196553,CCDC196,-8.755530043583233,-2.270834564474237
ENSG00000171723,GPHN,-6.851957375127827,-0.25102808897187523
ENSG00000072415,PALS1,-5.217885453671182,-1.166545759986113
ENSG00000100554,ATP6V1D,-1.1439380460317883,0.5058681672149059
ENSG00000134001,EIF2S1,-0.397936141064186,1.939119106854545
ENSG00000100558,PLEK2,-1.4266364912097769,-0.28184153291480807
ENSG00000198133,TMEM229B,4.376186531827777,-1.96095839102076
ENSG00000054690,PLEKHH1,2.6467104693672656,1.6109076337421806
ENSG00000100564,PIGH,-4.779910571261161,-0.37145439902808547
ENSG00000081181,ARG2,-3.618195282273734,0.36877220622058626
ENSG00000100568,VTI1B,-7.28211992703328,-1.6356755933850293
ENSG00000072042,RDH11,0.8438880988976026,3.674255630175346
ENSG00000139988,RDH12,2.5002785348034555,1.231915352925588
ENSG00000072121,ZFYVE26,0.07665620631464769,-1.1066728885505306
ENSG00000182185,RAD51B,-1.7531244616043806,-1.8076406059330707
ENSG00000185650,ZFP36L1,0.8807578446210083,1.1900276878064036
ENSG00000072110,ACTN1,5.71893810072708,0.6209985042475566
ENSG00000139990,DCAF5,-4.058126073084644,-0.059483101345679606
ENSG00000081177,EXD2,-1.204823684854841,0.02801091822858929
ENSG00000100626,GALNT16,4.438067607436966,-1.7116586589077836
ENSG00000100632,ERH,-0.28625939082843743,1.6549648303624993
ENSG00000029364,SLC39A9,-3.266461108648071,1.2518993240380794
ENSG00000100647,SUSD6,3.718074584509606,-0.837323350694849
ENSG00000100650,SRSF5,-0.9317049399918926,1.0281688953305856
ENSG00000100652,SLC10A1,-5.593374298854026,3.1722592819387816
ENSG00000198732,SMOC1,-4.845104929761674,-0.4440520016843904
ENSG00000133983,COX16,-3.0744000017996767,0.5707265150816394
ENSG00000258644,SYNJ2BP-COX16,-3.8332173780198464,0.3583079246914196
ENSG00000213463,SYNJ2BP,-4.676089517392827,0.018913073896831827
ENSG00000133997,MED6,-3.600705979797451,-0.3264380758982354
ENSG00000133985,TTC9,10.370842256499815,3.6350077032793506
ENSG00000006432,MAP3K9,-3.157565418935907,-2.366773667425233
ENSG00000100731,PCNX1,-4.656845618404188,-1.1739109283607845
ENSG00000197555,SIPA1L1,-1.9569556214760429,-0.18850754460552072
ENSG00000205683,DPF3,-3.204219060093227,1.0534678308388963
ENSG00000119599,DCAF4,1.6471720573291733,0.5155884865556623
ENSG00000165861,ZFYVE1,-5.976312255926927,-2.674882300983137
ENSG00000119707,RBM25,-1.6463394177256372,-0.0819390393690234
ENSG00000080815,PSEN1,1.4222749485808575,2.0967418568049823
ENSG00000100767,PAPLN,8.288257836840328,-0.9313105650440047
ENSG00000133961,NUMB,-6.6511743482243135,-1.642065215385054
ENSG00000187105,HEATR4,-3.827045817869295,-1.0417039728146156
ENSG00000170468,RIOX1,2.217390714969692,1.0258321451730281
ENSG00000184227,ACOT1,-1.3884090368889894,1.2795173446104906
ENSG00000119673,ACOT2,-1.8767300185222808,1.1814692792639676
ENSG00000177465,ACOT4,-3.638369658248721,-0.5863901510490973
ENSG00000205669,ACOT6,-2.983542812620838,2.0525235427459463
ENSG00000119661,DNAL1,4.877960957949387,2.018560119249163
ENSG00000176903,PNMA1,8.973946205629694,-0.43402830508165324
ENSG00000156030,MIDEAS,3.0593906299007467,-1.2974448754538623
ENSG00000140043,PTGR2,-5.642900545098104,-0.5363200046978156
ENSG00000119725,ZNF410,5.5813017485141945,4.907120286834135
ENSG00000156050,FAM161B,-2.787404744332129,-3.409220232741726
ENSG00000119723,COQ6,-3.1893912203239214,3.28741204347845
ENSG00000187097,ENTPD5,-5.3851539381113165,-0.713387105145896
ENSG00000119636,BBOF1,-8.703585495358025,-1.5751008934752524
ENSG00000119711,ALDH6A1,-8.020027072537529,-2.396395630675768
ENSG00000205659,LIN52,-1.1568742411373252,1.635144474069806
ENSG00000119688,ABCD4,-4.4632712022852,-1.7020683502743894
ENSG00000119655,NPC2,6.188722872115717,2.783029379400025
ENSG00000165898,ISCA2,-3.734263559204229,-0.2830472681568119
ENSG00000119681,LTBP2,13.96933869193284,5.722454210021638
ENSG00000119682,AREL1,0.847616459006816,0.8349964172140196
ENSG00000119616,FCF1,-3.1025216324473095,-0.728550170533402
ENSG00000119596,YLPM1,-1.228512038153748,-2.4464973032157378
ENSG00000119608,PROX2,-2.1053072175416188,-0.8816996943468375
ENSG00000119689,DLST,-1.535357735294308,-0.33843449891057986
ENSG00000198208,RPS6KL1,4.721864133040924,2.083149079405365
ENSG00000119630,PGF,3.3840499640792983,-2.0205636425003215
ENSG00000119718,EIF2B2,-0.8953976515144648,-1.3857366763570602
ENSG00000119684,MLH3,0.43651561683177925,0.9898305006800207
ENSG00000119640,ACYP1,4.151748120328847,3.100573026446501
ENSG00000119703,ZC2HC1C,1.125820027459444,3.082370772491854
ENSG00000119638,NEK9,-3.0185361095913232,-0.2723258296644958
ENSG00000170348,TMED10,-2.3678269675028782,-0.5102546182145848
ENSG00000170345,FOS,7.047831435427277,3.02178068839039
ENSG00000140044,JDP2,5.860436005876997,1.5378086757487734
ENSG00000119686,FLVCR2,3.8093327430620465,2.6488817557352777
ENSG00000119685,TTLL5,0.805090490070564,0.3984306888940938
ENSG00000133935,ERG28,-0.14525662827428834,3.1951401222220737
ENSG00000119650,IFT43,4.447964375263696,2.9422246381199533
ENSG00000119699,TGFB3,10.972789926434356,1.6992109022328292
ENSG00000089916,GPATCH2L,-1.3252426060667493,-1.2226058623641107
ENSG00000071246,VASH1,4.409822961145136,-1.1643361337072926
ENSG00000013523,ANGEL1,-3.7151260652609515,-0.38660623848695913
ENSG00000119669,IRF2BPL,-0.92307091391346,-1.3063784285069853
ENSG00000198894,CIPC,-6.253383183388358,-1.660166071564709
ENSG00000009830,POMT2,1.0722170956070876,0.6808284012907458
ENSG00000100577,GSTZ1,-8.686342151725732,-2.442134056048869
ENSG00000100580,TMED8,-5.2504023180838875,-1.639193744223785
ENSG00000165555,NOXRED1,-2.508031369400164,-1.1351191121509339
ENSG00000151445,VIPAS39,-5.2966309807643155,-1.219298373659958
ENSG00000100591,AHSA1,-1.163860956661225,-1.484060084015229
ENSG00000100596,SPTLC2,2.440903234689956,-0.9237800569674071
ENSG00000100601,ALKBH1,-1.8691248553501045,1.126552365993707
ENSG00000119705,SLIRP,-2.8531859990008135,-0.12457355094169932
ENSG00000100603,SNW1,-1.5383094205184478,-1.0926643435410468
ENSG00000063761,ADCK1,3.707462837835881,2.177075029229462
ENSG00000100629,CEP128,0.772282121490556,-1.7189456736630775
ENSG00000165417,GTF2A1,-0.2603065337876602,1.0440978930010452
ENSG00000140022,STON2,1.8864948419414398,0.6588200595739525
ENSG00000071537,SEL1L,-0.26495388667523057,0.9507314711412405
ENSG00000185070,FLRT2,4.551957278246248,-3.8902047416163246
ENSG00000054983,GALC,1.7154940747814882,0.8948622297022722
ENSG00000140030,GPR65,3.098953906083486,0.7118242485946402
ENSG00000042317,SPATA7,0.8744427556570069,1.7737903469681864
ENSG00000070778,PTPN21,2.267721176664893,1.703551441250547
ENSG00000100722,ZC3H14,-3.9980939644534756,0.7419639410921041
ENSG00000165521,EML5,-0.7827845351913036,2.399931841277534
ENSG00000165533,TTC8,1.288772497187389,1.6700066812501462
ENSG00000053254,FOXN3,-4.578783805733599,-0.3649250938411557
ENSG00000140025,EFCAB11,3.2837824188883094,1.281218237495922
ENSG00000042088,TDP1,2.1764867284725855,1.7201918841293178
ENSG00000100764,PSMC1,-4.931266319330037,-1.9968976626920596
ENSG00000119720,NRDE2,-6.274508471784956,-2.4940669844944914
ENSG00000198668,CALM1,-6.471318044233578,-2.506947718127022
ENSG00000165914,TTC7B,-3.4144652285615518,-1.4070913391494972
ENSG00000100784,RPS6KA5,-1.356610933967897,-1.4874807261272585
ENSG00000133943,DGLUCY,0.5625574488262145,1.3720690267152684
ENSG00000119714,GPR68,1.7952183529465386,-2.0024183629916847
ENSG00000015133,CCDC88C,0.7408289572560675,-3.7133744057082216
ENSG00000100796,PPP4R3A,-2.2737977645479495,2.297851458749114
ENSG00000165929,TC2N,7.695195107203776,0.43258959970365646
ENSG00000140092,FBLN5,14.636578481838729,7.75218941111698
ENSG00000100815,TRIP11,-1.7292966794912927,-0.7461694382496104
ENSG00000066427,ATXN3,-3.533789683305904,-1.6139144333346442
ENSG00000183648,NDUFB1,-1.5573273530011333,1.2739701776960273
ENSG00000165934,CPSF2,1.4888864704949358,2.120931705540351
ENSG00000100599,RIN3,-2.5077713496891194,-3.8551248607555997
ENSG00000100600,LGMN,-1.45231690763093,-2.7209311424962612
ENSG00000066455,GOLGA5,-3.0550834884586218,-0.3029069123751837
ENSG00000100605,ITPK1,-0.46572007669897886,-0.7740191285769743
ENSG00000165943,MOAP1,0.04248779436188971,0.2968232040441105
ENSG00000153485,LYSET,1.0005672203380707,2.399401685859249
ENSG00000170270,GON7,-0.7500319668441946,1.7934896438362953
ENSG00000012963,UBR7,-0.5695951409692398,1.9554691933857373
ENSG00000011114,BTBD7,-1.0769088397763877,-0.7711846925651576
ENSG00000089723,OTUB2,-0.2478464418194694,-1.1397589213054038
ENSG00000089737,DDX24,2.3000972340238923,0.7288072559122561
ENSG00000165948,IFI27L1,1.9046905719825329,0.553797724046578
ENSG00000165949,IFI27,1.9774154379253746,1.3408832986621
ENSG00000119632,IFI27L2,7.9904159753577275,1.3515639183225538
ENSG00000119698,PPP4R4,-4.953677193255762,-0.32996334647882974
ENSG00000140093,SERPINA10,-5.7754538881694035,0.15705500108946904
ENSG00000170099,SERPINA6,-3.105276944061807,0.4391773839003292
ENSG00000197249,SERPINA1,-0.18281022322381515,-0.145605871212624
ENSG00000186910,SERPINA11,2.018897331630746,1.7094596127753832
ENSG00000165953,SERPINA12,4.010131235589535,2.6258862107316245
ENSG00000100665,SERPINA4,-4.573076771904587,0.16427533703781855
ENSG00000188488,SERPINA5,-7.376338998433589,-1.3902447016522643
ENSG00000196136,SERPINA3,-2.175063845770928,-1.1781732652340542
ENSG00000100697,DICER1,-2.2730331757835756,-0.1320157157038887
ENSG00000165959,CLMN,-4.927433566055055,-0.5464813251751273
ENSG00000176438,SYNE3,-7.65312683091033,-4.309799950870799
ENSG00000182512,GLRX5,-5.13055461963645,0.6438017944751024
ENSG00000227051,C14orf132,-8.97818672176243,-4.119811491568128
ENSG00000066739,ATG2B,-3.980011647665596,0.6187730783664774
ENSG00000100744,GSKIP,3.4253339423379447,1.816805011192345
ENSG00000140057,AK7,0.26428363062360316,0.5063704044620339
ENSG00000090060,PAPOLA,-2.606010432236078,0.6116891981683077
ENSG00000100749,VRK1,2.9953100591649098,0.5069353212279972
ENSG00000127152,BCL11B,7.83181513838667,0.33278138449526873
ENSG00000183576,SETD3,-3.9108634302565326,0.7045684740145707
ENSG00000090061,CCNK,-0.6178898750470732,-0.38357275114562295
ENSG00000205476,CCDC85C,-3.283054233534072,-3.40771059891668
ENSG00000182218,HHIPL1,-0.04093186698263914,-2.8085608642168474
ENSG00000036530,CYP46A1,-1.59833404406995,0.8745596257838222
ENSG00000066629,EML1,0.6010213970855144,-1.214950165569983
ENSG00000196405,EVL,0.40036246681658716,-1.4873414164779408
ENSG00000168350,DEGS2,1.3769158524879173,-0.3310416127746173
ENSG00000100811,YY1,-4.920274542456399,-0.5251995381503118
ENSG00000197119,SLC25A29,2.2679560838470243,2.293955480009689
ENSG00000140107,SLC25A47,-1.0756127902660775,0.4284599348975762
ENSG00000140105,WARS1,5.303793502179275,2.0238985026246517
ENSG00000176473,WDR25,-0.5274686941418941,-0.5611035745370773
ENSG00000078304,PPP2R5C,-2.517342578762411,0.19535152069470418
ENSG00000197102,DYNC1H1,0.7479010330210091,-1.4598319300685338
ENSG00000080824,HSP90AA1,1.093689699088315,0.7061820148531238
ENSG00000140153,WDR20,-5.613631138415794,-3.503396282284024
ENSG00000080823,MOK,3.669448188415485,-0.536144385932569
ENSG00000022976,ZNF839,-3.2137592571001092,-1.1589070506859604
ENSG00000100865,CINP,-4.297751814235496,-2.375504260327491
ENSG00000196663,TECPR2,-2.610242696220495,-3.403842897068411
ENSG00000156381,ANKRD9,1.8530691878628556,1.374719395413673
ENSG00000089902,RCOR1,-2.9073243030005687,-0.4448495693153298
ENSG00000131323,TRAF3,1.3040317090260598,-1.902874752745399
ENSG00000166126,AMN,-1.0663460420367858,-0.09006837659793253
ENSG00000198752,CDC42BPB,-3.554567638021643,-3.7277141628873047
ENSG00000205436,EXOC3L4,-1.9346311483499312,-0.8659710048525916
ENSG00000185215,TNFAIP2,7.744950981603054,2.272511851554307
ENSG00000100664,EIF5,-3.925199393852997,0.10734615623716229
ENSG00000075413,MARK3,1.4401055102582143,1.827115388262456
ENSG00000166165,CKB,4.424055020778076,-0.9471388973657104
ENSG00000166166,TRMT61A,1.3743566014257123,-0.1257429773730743
ENSG00000166170,BAG5,-0.18300941102926202,0.08469506627872585
ENSG00000126214,KLC1,0.7665915639189302,-1.94726087390175
ENSG00000256053,COA8,-1.3878360043447342,-0.41540649930915896
ENSG00000126215,XRCC3,1.0206438171426115,-1.953150429658834
ENSG00000100711,ZFYVE21,-3.4420709867310313,-1.730792540950611
ENSG00000088808,PPP1R13B,-0.376787416473842,-0.5151764512628714
ENSG00000156411,ATP5MJ,-2.8470178363398304,1.0172777410113512
ENSG00000166183,ASPG,-4.662272020402671,-2.773493071251799
ENSG00000184601,C14orf180,-3.3586853672690706,-2.6692223771775168
ENSG00000203485,INF2,2.56357156797555,-0.4413471855265269
ENSG00000185100,ADSS1,-0.9343879611003725,-0.7218385873289548
ENSG00000184990,SIVA1,-1.6809274773128597,-1.0430610170226648
ENSG00000142208,AKT1,0.4530204545140406,0.34198176010853487
ENSG00000179627,ZBTB42,-3.3736883340793136,-2.3198919495323715
ENSG00000099814,CEP170B,1.1811599847460883,-0.7090431536877861
ENSG00000166428,PLD4,3.504679588221491,-2.4890620116521576
ENSG00000140104,CLBA1,0.7025575382942605,-0.8621834442691978
ENSG00000183828,NUDT14,5.238542404462273,2.684130083580274
ENSG00000185024,BRF1,-1.5371279523469374,-2.223088491025015
ENSG00000184887,BTBD6,-1.8644716812053053,-1.0503235721159356
ENSG00000179364,PACS2,1.9366416163751672,-0.6924163209141031
ENSG00000182979,MTA1,-0.16579932241135334,-0.806850953812649
ENSG00000182809,CRIP2,5.021693198194556,0.2976086951645788
ENSG00000213145,CRIP1,5.396935971082258,-1.6927611611454423
ENSG00000185347,TEDC1,-3.3511383018268712,-1.8030604176656206
ENSG00000170113,NIPA1,1.8762637009949432,1.5488638466541358
ENSG00000140157,NIPA2,0.4279745167094358,0.37900947831585474
ENSG00000273749,CYFIP1,1.0493939942671002,-1.1361910134181175
ENSG00000275835,TUBGCP5,-3.6303665508083567,-1.4883275721549718
ENSG00000261739,GOLGA8S,-0.6812145941859727,1.0625203653964705
ENSG00000182636,NDN,5.900383000782613,-0.980651793625638
ENSG00000128739,SNRPN,0.5046234441622116,-3.3617511831723057
ENSG00000273173,SNURF,0.6225155577490165,-3.183291544675267
ENSG00000114062,UBE3A,-3.4898365907073376,0.11180839831606577
ENSG00000166206,GABRB3,6.339263568236314,1.8589981521200285
ENSG00000128731,HERC2,-2.6368450689442247,-1.096016348911077
ENSG00000188626,GOLGA8M,-0.8944736570555442,1.3718265270733183
ENSG00000185115,NSMCE3,3.1314612208385775,1.6141245502894153
ENSG00000104067,TJP1,3.4721703807484205,1.6907583373998984
ENSG00000179938,GOLGA8J,-0.3887290289794846,1.4565203276115375
ENSG00000261247,GOLGA8T,-1.5773994746766233,0.3613358652996422
ENSG00000186399,GOLGA8R,-1.9025990860100972,-0.12699939658163487
ENSG00000178115,GOLGA8Q,-2.883630718903827,-1.8441713767062702
ENSG00000261794,GOLGA8H,-0.48772280974858695,1.37203359922125
ENSG00000198690,FAN1,-10.420030051581636,-3.55650079150337
ENSG00000166912,MTMR10,-7.328888800484386,-1.086916094497389
ENSG00000169926,KLF13,-8.488456831359663,-5.830228276649649
ENSG00000249931,GOLGA8K,-0.9900981236852939,0.7793625012386549
ENSG00000206127,GOLGA8O,-1.4180489354345618,0.16647463989431127
ENSG00000232653,GOLGA8N,-0.9055557209568574,0.5694036333271972
ENSG00000288864,ARHGAP11A-SCG5,-4.623562982063601,0.0812832573601908
ENSG00000198826,ARHGAP11A,3.3576397218060765,0.10307958028132386
ENSG00000166922,SCG5,-5.3704388870844,0.07466418023533362
ENSG00000166923,GREM1,1.6718504236398517,1.6455685483540292
ENSG00000248905,FMN1,8.147091168890634,-0.37810658514488854
ENSG00000198838,RYR3,-1.6886109193127021,-1.518995020917897
ENSG00000169857,AVEN,-4.276402389598306,-1.228564484923484
ENSG00000184984,CHRM5,-2.8620146159309328,-1.0716417083873397
ENSG00000134153,EMC7,0.23562879080048194,2.326789113942786
ENSG00000182405,PGBD4,-5.483428364684818,-2.6789421461250935
ENSG00000134152,KATNBL1,1.212132792054028,1.7813235770753326
ENSG00000128463,EMC4,-3.0183384335324384,0.22115857491655738
ENSG00000140199,SLC12A6,-5.176666546963208,-1.2270998694198383
ENSG00000182117,NOP10,1.2242273668637684,2.6370051018012783
ENSG00000176454,LPCAT4,6.008029257654884,-1.798907020569081
ENSG00000175265,GOLGA8A,1.903048105857776,0.8373455227552375
ENSG00000215252,GOLGA8B,1.1551536025414342,0.7913709330181494
ENSG00000021776,AQR,-2.1604844090373057,-0.49872796501197775
ENSG00000198146,ZNF770,-1.6024732370705668,2.005978245290131
ENSG00000134146,DPH6,-3.5214024531912074,-1.0192195578576273
ENSG00000186073,CDIN1,2.1498444487236026,1.1804626538998009
ENSG00000134138,MEIS2,-0.7819312260973176,-2.4272333341956838
ENSG00000166068,SPRED1,3.298960317452086,-0.8935492708381385
ENSG00000171262,FAM98B,2.241433456573489,1.7749916395903875
ENSG00000172575,RASGRP1,2.9898115128506113,-2.4853767155861113
ENSG00000137801,THBS1,14.547585949522585,6.120942160037964
ENSG00000166073,GPR176,8.574462687428548,-0.9215452679769112
ENSG00000128829,EIF2AK4,2.540425390024688,2.481198951140606
ENSG00000140319,SRP14,-0.6175725156671806,-0.08996672992693373
ENSG00000104081,BMF,-1.6883835384762202,-1.9399550185194543
ENSG00000137841,PLCB2,3.6935205342338158,-0.9741875870170186
ENSG00000259330,INAFM2,5.9780153433943575,2.913682697636588
ENSG00000188549,CCDC9B,8.927023575743387,2.4131123729097905
ENSG00000128944,KNSTRN,-1.2127969979950568,-0.08127403955541074
ENSG00000128928,IVD,-5.727291918746121,0.18424744068052193
ENSG00000140320,BAHD1,-1.2091731215929513,-1.061726685140064
ENSG00000169105,CHST14,1.6702755438560024,-1.9592991340435812
ENSG00000128891,CCDC32,3.4104712268449493,0.6001104244681319
ENSG00000166133,RPUSD2,-1.3270162230599007,0.2656456043154877
ENSG00000137812,KNL1,1.1140759959817093,1.9201620628022031
ENSG00000051180,RAD51,2.299936449963213,1.050316693716271
ENSG00000137824,RMDN3,-4.419784458417784,-1.7491421311930064
ENSG00000137880,GCHFR,-5.4189275053922845,-2.593855349308985
ENSG00000104129,DNAJC17,-4.8959485499634265,-1.9997110988770808
ENSG00000188277,C15orf62,-3.896253471891659,-2.7442599180985465
ENSG00000166140,ZFYVE19,-2.7489478142227393,-1.3425192888463227
ENSG00000166145,SPINT1,12.492072649634046,0.6073539578779166
ENSG00000104142,VPS18,3.68675655730303,1.0517422012203625
ENSG00000128917,DLL4,1.2687138230817354,-2.5611612769495724
ENSG00000128908,INO80,-6.2124823533542575,-4.362257024495233
ENSG00000187446,CHP1,-4.3444910425406675,0.891626032760943
ENSG00000137804,NUSAP1,5.87435895278262,2.4750792266108
ENSG00000137806,NDUFAF1,-1.8882147905459077,1.0074865964919357
ENSG00000137815,RTF1,-3.1804964412562016,-1.862102317724736
ENSG00000062524,LTK,-0.34292788724315565,0.6577007282564591
ENSG00000103932,RPAP1,-0.9797909601693685,-1.4389240405434915
ENSG00000092445,TYRO3,2.8726257476005914,-2.8859544542156366
ENSG00000174197,MGA,-2.765315949474902,-1.4314761146596786
ENSG00000137802,MAPKBP1,0.21147793222082606,-1.714417576022521
ENSG00000243789,JMJD7,1.8871076589053841,0.4435175600078979
ENSG00000168970,JMJD7-PLA2G4B,1.1052396582982362,0.5497643194388478
ENSG00000243708,PLA2G4B,0.9583064463088754,0.5551899156652704
ENSG00000137877,SPTBN5,3.3626613275108386,0.9770581380639269
ENSG00000103966,EHD4,9.931104417907516,3.2500347871043274
ENSG00000166887,VPS39,-0.5227080367399753,0.04917200632243864
ENSG00000103978,TMEM87A,-0.6761630104560337,-0.8402067023260967
ENSG00000214013,GANC,-5.518059257444466,-1.547285827316739
ENSG00000092529,CAPN3,-2.387669631631077,-0.11426739027652191
ENSG00000103994,ZNF106,-3.360362561597456,-2.388880261301065
ENSG00000092531,SNAP23,-0.24106025476227022,0.4582650130374349
ENSG00000180979,LRRC57,0.30863925234901257,-0.13753987417202204
ENSG00000137814,HAUS2,0.39468683887350176,0.5324730001999182
ENSG00000159433,STARD9,2.8366632791221353,-1.1540295672488667
ENSG00000140326,CDAN1,-2.3782354073947176,-1.2856116971590679
ENSG00000128881,TTBK2,-2.223231777254719,-0.8475883303091928
ENSG00000159459,UBR1,-0.04138907487234978,0.3892584624155087
ENSG00000137842,TMEM62,-1.3757585188955888,0.6930165674808517
ENSG00000166946,CCNDBP1,2.0623989356776775,0.2244925689389678
ENSG00000168806,LCMT2,-0.8968223605432177,0.2546967521058319
ENSG00000168803,MAPDA,-4.832571175257675,1.0192062765046361
ENSG00000140265,ZSCAN29,-2.1422695589715763,-0.22331404738536867
ENSG00000137822,TUBGCP4,-6.398815814265027,-2.527761891903882
ENSG00000067369,TP53BP1,2.0376246628238186,-1.4005446569196653
ENSG00000168781,PPIP5K1,2.3711633543106863,0.6740639171819682
ENSG00000166762,CATSPER2,-0.2749769616642961,0.37577871359715903
ENSG00000167004,PDIA3,-1.2035719850742443,-0.812925529931242
ENSG00000128886,ELL3,-0.2913222462174341,2.587012896897257
ENSG00000140264,SERF2,2.030941721899707,1.5539600740514825
ENSG00000184716,SERINC4,-2.4995978275849726,-1.6840194200255478
ENSG00000242028,HYPK,-4.6222081033039935,-1.859037821237769
ENSG00000140259,MFAP1,-0.9533933019938894,-1.972878475323787
ENSG00000092470,WDR76,4.860721681651855,0.2497256266132002
ENSG00000166734,GOLM2,-1.5781399040386046,0.08546911809159873
ENSG00000137770,CTDSPL2,-1.596299957655222,0.12255962973338384
ENSG00000104131,EIF3J,0.7176052553473237,2.4779409215931825
ENSG00000104133,SPG11,-2.533530649000993,-0.007185646565451759
ENSG00000229474,PATL2,4.591726577132582,2.29486548172953
ENSG00000166710,B2M,4.0233477217764575,3.107207526181556
ENSG00000185880,TRIM69,3.7941834482497026,2.782663855860061
ENSG00000167014,TERB2,-7.6671670924531865,-3.2263499180398814
ENSG00000140263,SORD,-11.353888901015317,-3.2219020357923815
ENSG00000137857,DUOX1,0.3904557497479664,-2.6570322858388282
ENSG00000138606,SHF,-7.432577089716725,-3.6324350424448597
ENSG00000137860,SLC28A2,-2.9960907037869586,-1.34891921244506
ENSG00000171766,GATM,-4.691873378424103,-0.9554917877689937
ENSG00000171763,AFG2B,-3.3557071732033132,-1.3441664347641162
ENSG00000104154,SLC30A4,-1.1388003939527527,0.8170622639114901
ENSG00000104164,BLOC1S6,0.9442952812979956,1.4855311909164692
ENSG00000137767,SQOR,-3.3141731987753373,-1.9371096390552638
ENSG00000137872,SEMA6D,-0.1937594531486284,-1.1791682060586457
ENSG00000128951,DUT,2.410018169727997,2.7426761336240726
ENSG00000166147,FBN1,9.315895269971941,0.2845213189311512
ENSG00000103995,CEP152,1.4108121464921801,-0.4236841486675303
ENSG00000255302,EID1,-0.14156659603430213,0.3841687051543792
ENSG00000138593,SECISBP2L,-2.355909231343443,-0.6580490272278133
ENSG00000166200,COPS2,-1.3300897616714695,0.37423209252212636
ENSG00000156958,GALK2,-4.073062911294487,-1.0763049648073428
ENSG00000166262,FAM227B,-5.206066765281328,-1.4125421719584246
ENSG00000140285,FGF7,5.742732566905719,-0.0927803528861648
ENSG00000104047,DTWD1,-2.072797807778225,-0.6383684787675977
ENSG00000104043,ATP8B4,0.5777354610294739,-0.47329744235244847
ENSG00000140284,SLC27A2,-6.708135161330727,-1.5885653259408468
ENSG00000140287,HDC,1.7656175486928152,0.3451172108766866
ENSG00000104064,GABPB1,-2.610617278598157,0.05788671063901984
ENSG00000138592,USP8,-3.488308009124001,-0.9053064859947201
ENSG00000170236,USP50,-1.8528515023621472,1.6641436766305775
ENSG00000092439,TRPM7,-4.290936550465153,0.017092609237225734
ENSG00000138600,SPPL2A,-2.622850314213291,0.9076841833793392
ENSG00000081014,AP4E1,0.7443715105565579,1.4341694437651142
ENSG00000104093,DMXL2,3.2481808864307933,2.996963504239286
ENSG00000140280,LYSMD2,5.112028068961952,3.2511212663081115
ENSG00000128872,TMOD2,3.5966548729797303,-3.062817724679601
ENSG00000138594,TMOD3,1.8382900760763787,0.7245751455344283
ENSG00000166477,LEO1,-3.456765415593056,-3.165701884944677
ENSG00000069956,MAPK6,-0.7174410525362434,1.417223003651498
ENSG00000137875,BCL2L10,-1.9745656864860597,1.022666555034053
ENSG00000069966,GNB5,1.7060823656316821,1.397630765520174
ENSG00000128833,MYO5C,3.592425151775695,0.17324686852467422
ENSG00000197535,MYO5A,7.08279535841201,0.36286431206174113
ENSG00000128989,ARPP19,1.3839737614693344,1.7496163287882065
ENSG00000047346,ATOSA,-4.923351832366185,0.35331290392287645
ENSG00000169856,ONECUT1,-2.6299671389450965,-1.2677649647051825
ENSG00000166415,WDR72,-3.22372337508706,1.2697987275273521
ENSG00000137876,RSL24D1,-0.23309822934969973,0.8118951718230338
ENSG00000069974,RAB27A,-0.24096914340238856,0.6511065322698346
ENSG00000225973,PIGBOS1,-1.1766775219034178,0.586298451493127
ENSG00000069943,PIGB,-3.251496600458931,-0.9720234483818462
ENSG00000260916,CCPG1,-1.5632993002712232,-0.10103637929881365
ENSG00000069869,NEDD4,-1.6153879136630789,1.1326269603401777
ENSG00000181827,RFX7,-0.15467499238228827,1.6048915876430216
ENSG00000151575,TEX9,2.1334310082874763,-0.34553965187583935
ENSG00000138587,MNS1,3.7144530827365685,-0.21105937298559138
ENSG00000137871,ZNF280D,-3.695931015413486,-0.1665930173341079
ENSG00000140262,TCF12,-0.8868785636129403,-0.21498287223933782
ENSG00000128849,CGNL1,-3.911705122639362,-1.2682457554837232
ENSG00000137878,GCOM1,-0.7967257616947915,-0.4072301044351167
ENSG00000255529,POLR2M,-1.072859099096907,-0.15127676398770198
ENSG00000128918,ALDH1A2,0.33655639628123923,-3.3532016624647625
ENSG00000103569,AQP9,-6.061283818114685,1.27431351854985
ENSG00000166035,LIPC,-7.650746341454636,-2.162642794236409
ENSG00000137845,ADAM10,1.873263364833614,0.7033491466307693
ENSG00000128923,MINDY2,1.187901319300909,-0.013432180907627128
ENSG00000157450,RNF111,-1.4600024278997321,-0.29575450334881886
ENSG00000137776,SLTM,-2.773837973752319,0.04262969262477221
ENSG00000157456,CCNB2,3.02334969887622,-0.551287826788702
ENSG00000157483,MYO1E,-1.6335184315778561,-1.4039007703905937
ENSG00000140307,GTF2A2,0.37481197911631126,2.146153421299413
ENSG00000140299,BNIP2,-1.1635454262740261,0.5260683306764444
ENSG00000182718,ANXA2,14.307979912900313,5.450761455329673
ENSG00000128915,ICE2,-2.484896932457858,0.20431668845567325
ENSG00000069667,RORA,-3.398457782848247,-0.8266750385066391
ENSG00000129003,VPS13C,1.3670706221697793,0.1963213012403602
ENSG00000171914,TLN2,-0.6500224850142012,-1.2273215191168818
ENSG00000140416,TPM1,7.460047488486135,1.0818152592586296
ENSG00000103642,LACTB,2.62419425636035,3.0081675835231185
ENSG00000185088,RPS27L,9.05866878828119,7.213246259610839
ENSG00000166128,RAB8B,4.018247562253038,1.0888209627212024
ENSG00000138613,APH1B,5.8707463625398955,-1.1890236431213206
ENSG00000140455,USP3,-0.37305093133335493,2.231622158881753
ENSG00000197361,FBXL22,-5.526419806078642,-3.7335023064441852
ENSG00000103657,HERC1,-2.4553144841964203,-1.1126191883513077
ENSG00000035664,DAPK2,3.3678758850026362,-0.6402935530112495
ENSG00000166797,CIAO2A,-4.275377183933236,1.1730739537261292
ENSG00000028528,SNX1,-6.048774146659555,-1.437107162665882
ENSG00000157734,SNX22,1.561648521423131,-0.10125151775670406
ENSG00000166794,PPIB,0.8971049047594738,-0.5608223294660161
ENSG00000169118,CSNK1G1,0.7929500265261291,-0.4112491979095202
ENSG00000166803,PCLAF,7.023317241513804,5.2926781158597445
ENSG00000103671,TRIP4,0.9020605682022493,-0.20977715516845954
ENSG00000180357,ZNF609,-2.5105866549959974,-3.0369951777031647
ENSG00000180304,OAZ2,1.6729452464670909,2.3961429458887555
ENSG00000166831,RBPMS2,1.2530504336650763,-1.7599789099165515
ENSG00000241839,PLEKHO2,5.382379648774385,0.3531117188717927
ENSG00000166839,ANKDD1A,2.6119390964661213,-0.9721882890578357
ENSG00000090487,SPG21,-1.943263060478267,1.762703353696798
ENSG00000103707,MTFMT,-0.595367044054573,2.3257921749191204
ENSG00000246922,UBAP1L,-1.5868835415878098,-0.33956661093529633
ENSG00000090470,PDCD7,-2.6449743415364253,-0.9873697072182892
ENSG00000166855,CLPX,-6.263162983416886,-1.473163276007129
ENSG00000138615,CILP,6.35928386095139,2.0953745110697937
ENSG00000138617,PARP16,-8.43383928486463,-2.2615857596759192
ENSG00000074603,DPP8,-1.4714848762037556,-0.5363582161702722
ENSG00000074696,HACD3,-2.9584213698913358,0.8252386879615567
ENSG00000138614,INTS14,-3.6031693363423396,0.5768220670379265
ENSG00000074621,SLC24A1,-4.056264987182146,-2.913414124819123
ENSG00000174485,DENND4A,0.39066035306386065,1.2409127312015695
ENSG00000103769,RAB11A,2.1100506591039614,1.9785121643403885
ENSG00000157890,MEGF11,-3.087140458492249,-1.8013717039235502
ENSG00000166938,DIS3L,-6.566552849359876,-2.3052066061950964
ENSG00000075131,TIPIN,-4.040382386448038,-1.9965674832347018
ENSG00000169032,MAP2K1,-6.689216051305788,-1.7630259947717755
ENSG00000174446,SNAPC5,-5.565582748048616,-0.973706608451051
ENSG00000174444,RPL4,-1.402554857297745,-1.5907216191380333
ENSG00000174442,ZWILCH,2.58633663249964,2.0706534859381867
ENSG00000137834,SMAD6,-0.838106707783577,-2.0802260233658934
ENSG00000166949,SMAD3,-1.7929956146162431,-1.6544127428722442
ENSG00000103591,AAGAB,5.754385951200466,4.297868429947768
ENSG00000103599,IQCH,-3.6129795700399407,-0.4029436505240528
ENSG00000189227,C15orf61,-6.44293359363438,-1.5306126726097937
ENSG00000137764,MAP2K5,-5.718444361836819,-2.526827737647672
ENSG00000033800,PIAS1,-3.106696058400543,-1.7386086076148217
ENSG00000129007,CALML4,-3.475043939012331,-2.415666809549353
ENSG00000128973,CLN6,1.728775396549916,0.634984598860003
ENSG00000169018,FEM1B,-0.5516575946418366,1.0026237418325685
ENSG00000137809,ITGA11,3.487332326188802,-2.600895925395955
ENSG00000103647,CORO2B,3.6086296707750063,-1.4694087632632116
ENSG00000140350,ANP32A,-1.7592181565207903,-0.8050985573156095
ENSG00000138604,GLCE,-0.7824164390353414,2.0696072608287666
ENSG00000137819,PAQR5,13.831972110730762,4.6862577088364645
ENSG00000137807,KIF23,7.189413773184661,1.4206021528267105
ENSG00000137818,RPLP1,1.0944593539551584,-0.3479169523247575
ENSG00000140332,TLE3,7.2496439377871775,2.9964294250362036
ENSG00000137831,UACA,2.542675230997258,0.34472872062718113
ENSG00000166173,LARP6,7.3020513135647445,2.1020898824520047
ENSG00000129028,THAP10,2.094430045701924,1.4950047432343079
ENSG00000187720,THSD4,-5.107598169137189,-3.797934119598386
ENSG00000066933,MYO9A,-4.93833338239693,-2.372847853762416
ENSG00000166192,SENP8,-4.014416256198679,-0.11899380527018376
ENSG00000067225,PKM,8.01320805500175,-1.2828409077000513
ENSG00000137817,PARP6,3.7737692627041817,3.0424964446163316
ENSG00000140488,CELF6,2.2967622301371162,1.4827851557737535
ENSG00000213614,HEXA,4.097686379041726,1.5146827648424532
ENSG00000166233,ARIH1,-2.627558880396193,-0.1113525821767599
ENSG00000215186,GOLGA6B,-6.889280869865004,-1.5355668534391473
ENSG00000140463,BBS4,-3.830958152086214,0.27750895632897854
ENSG00000159322,ADPGK,-0.11131503071460633,-0.7121996920473108
ENSG00000067141,NEO1,6.788422385397422,-0.7493601994148417
ENSG00000156642,NPTN,0.6898904452756278,-0.7635705186539385
ENSG00000103855,CD276,0.9934638741282945,0.2368053995690595
ENSG00000129038,LOXL1,11.644034924079422,3.83008282936353
ENSG00000067221,STOML1,0.8890040040205182,-0.8048747078596699
ENSG00000140464,PML,3.6508115656253897,-1.1840174873702658
ENSG00000159289,GOLGA6A,-7.296882448733769,-1.574026569244106
ENSG00000129009,ISLR,8.678917492392404,1.478296684429661
ENSG00000140459,CYP11A1,4.806370739098807,3.8478534672627074
ENSG00000138629,UBL7,1.9657841766949662,-0.3501605356066645
ENSG00000179361,ARID3B,0.2916955460476461,-1.187146548925039
ENSG00000179335,CLK3,0.566800143900385,1.06796534469811
ENSG00000179151,EDC3,-1.191712319677456,-1.5904838593370505
ENSG00000140465,CYP1A1,-3.287943079324911,0.4398697355727988
ENSG00000140505,CYP1A2,-6.761729783497899,-0.220189917588224
ENSG00000103653,CSK,1.4396054225026746,-0.9541643381250221
ENSG00000140474,ULK3,3.019817681262223,2.383176196688756
ENSG00000140497,SCAMP2,2.312796183686115,0.34401612677670745
ENSG00000178802,MPI,-2.6583051567163656,-1.2360277807209625
ENSG00000178761,FAM219B,1.8446671523661913,-0.7961696391954248
ENSG00000178741,COX5A,-2.1090916743510184,0.9776884322845284
ENSG00000178718,RPP25,6.675268513622451,1.0832148632476875
ENSG00000198794,SCAMP5,1.2724805048889554,-1.4060305884052404
ENSG00000138621,PPCDC,-0.44364101303028985,-0.8876563018844524
ENSG00000167173,C15orf39,2.7095872848786495,-2.2007556238650476
ENSG00000167195,GOLGA6C,-5.989133512772996,0.024255514844274965
ENSG00000140478,GOLGA6D,-7.661460437026794,-1.6312340867814965
ENSG00000140365,COMMD4,2.643841700246828,1.919912642373109
ENSG00000140398,NEIL1,-1.141063051857399,-0.24367370876302766
ENSG00000140400,MAN2C1,0.44437303269720246,0.16468857860364858
ENSG00000169375,SIN3A,-3.7956978603492724,-2.1644196204019095
ENSG00000169410,PTPN9,-0.8864293333552434,-0.23791947338690217
ENSG00000169371,SNUPN,-4.122897522401998,-0.6437850850282678
ENSG00000177971,IMP3,-2.5095815734822353,0.4662197815582839
ENSG00000173548,SNX33,-1.2058808973004378,-0.6803194957947833
ENSG00000140367,UBE2Q2,6.31596178379046,1.2585163531896597
ENSG00000167196,FBXO22,-2.2416986513376926,1.2696120334414818
ENSG00000169752,NRG4,-1.5412168077262374,1.5128974168861338
ENSG00000140374,ETFA,-3.388091276641693,0.8151520222064397
ENSG00000140386,SCAPER,-6.477026964859991,-3.06402097686175
ENSG00000117906,RCN2,3.1908325655831136,1.5346923687133136
ENSG00000140368,PSTPIP1,5.818299857210369,-0.13438608221240558
ENSG00000140391,TSPAN3,2.067587086456375,1.6319586561189656
ENSG00000173517,PEAK1,3.4062580126706883,-0.04127831142675487
ENSG00000140382,HMG20A,-2.096622574962683,0.4362267542596595
ENSG00000167202,TBC1D2B,-3.0930443255138216,-2.1132712668721623
ENSG00000166411,IDH3A,2.190395238420126,2.499566345920776
ENSG00000103740,ACSBG1,2.726503142900543,4.197860346997987
ENSG00000140403,DNAJA4,3.6625019042270766,-1.684457645105163
ENSG00000140395,SKIC8,-1.0672368943058081,1.6771906423160394
ENSG00000136381,IREB2,-3.391334168674759,-0.6620244694855419
ENSG00000188266,HYKK,-5.817537053998655,0.5930197896678739
ENSG00000041357,PSMA4,0.16343347256084537,2.396894933931338
ENSG00000185787,MORF4L1,-0.22827599987603395,-0.5032852038975688
ENSG00000103811,CTSH,-4.584426451472248,-2.9118442791814667
ENSG00000136371,MTHFS,-5.453268336052595,1.1020620063000657
ENSG00000259332,ST20-MTHFS,-5.281302365189942,1.3071442393419446
ENSG00000140379,BCL2A1,8.266004472992408,2.0745827679063225
ENSG00000086666,ZFAND6,-1.3685729931252928,1.1117887726394329
ENSG00000103876,FAH,-2.700575624011262,1.0626358399130373
ENSG00000259417,CTXND1,-4.240049590889681,-1.426940550153382
ENSG00000172379,ARNT2,4.9345984525902855,-3.4965947798633072
ENSG00000136379,ABHD17C,5.622620705791039,2.918483863626108
ENSG00000103888,CEMIP,-0.43098919350526804,-2.723310252998488
ENSG00000117899,MESD,-3.545153700486092,-1.487138683582065
ENSG00000140406,TLNRD1,-2.637533024705715,-0.9364139352870529
ENSG00000172349,IL16,0.5327342570478238,0.19167713487669025
ENSG00000172345,STARD5,-2.325740501239993,0.9112135374853975
ENSG00000188869,TMC3,-9.436252256412784,-3.8987981118879578
ENSG00000140598,EFL1,0.01103550021437711,-0.010729743985182862
ENSG00000188659,SAXO2,0.3183181985634169,-0.05164137504989851
ENSG00000278662,GOLGA6L10,0.16623881582153893,0.6242051421186566
ENSG00000197978,GOLGA6L9,-0.04854598709251728,-0.06759386247819296
ENSG00000182774,RPS17,-0.4624258963830406,0.7202186833506901
ENSG00000186628,FSD2,-2.8034164280843763,-2.190523217401313
ENSG00000156232,WHAMM,-1.2800889614842443,-0.8571169716940403
ENSG00000103942,HOMER2,-13.084075950711831,-6.287097372674779
ENSG00000169612,RAMAC,-2.2986836326323674,-0.37977941972861196
ENSG00000169609,C15orf40,-5.842798167193491,-3.2322284179910934
ENSG00000064726,BTBD1,1.986276818536873,1.8626342020504776
ENSG00000136404,TM6SF1,6.076749774190738,-0.503683899786204
ENSG00000166503,HDGFL3,8.057650279634812,-0.26126925258956757
ENSG00000156218,ADAMTSL3,-8.305298555223807,-4.353648360776793
ENSG00000184206,GOLGA6L4,1.1930523542594507,2.1704360427692024
ENSG00000176371,ZSCAN2,-6.0691347484710265,-3.1228535935355684
ENSG00000177082,WDR73,-0.17202513860060087,-0.8116701315496417
ENSG00000140612,SEC11A,-1.3021461545466664,-0.09714589525708937
ENSG00000166716,ZNF592,-7.122803253541611,-3.728876535566097
ENSG00000136383,ALPK3,4.642610407077995,-0.3541011123659399
ENSG00000156222,SLC28A1,0.6540416646882056,2.1720356864495556
ENSG00000073417,PDE8A,-5.411691520821476,0.591492839979412
ENSG00000170776,AKAP13,-2.308234744938523,-2.3508496381521966
ENSG00000183655,KLHL25,4.112661653515585,0.7891655028336397
ENSG00000259494,MRPL46,-5.4261195496628964,-0.786690645176474
ENSG00000181991,MRPS11,-3.657791157142878,-1.3896747214417888
ENSG00000140543,DET1,-4.596874576686715,-3.031211791190243
ENSG00000181026,AEN,11.43449333574655,6.163734566217658
ENSG00000172183,ISG20,7.911419042258615,1.0715002191014062
ENSG00000140545,MFGE8,6.058642499144526,-2.3821031844159974
ENSG00000140526,ABHD2,-3.8890410508401394,-2.970442400125123
ENSG00000140525,FANCI,6.745355259887988,4.637559473865342
ENSG00000140521,POLG,-0.3195882783869652,-1.6395154662320288
ENSG00000166819,PLIN1,-4.0669006035171416,0.5904420475589944
ENSG00000166821,PEX11A,-6.437845560223149,0.02699049843691792
ENSG00000166825,ANPEP,-3.0361097532781063,-0.9452461592880356
ENSG00000157823,AP3S2,-7.583219929736422,-3.682079869568993
ENSG00000250021,ARPIN-AP3S2,-7.187718748181412,-3.8017781333382747
ENSG00000242498,ARPIN,0.9265898391039743,-2.5599547233141546
ENSG00000140548,ZNF710,-0.17821777058034244,-1.5300818676069923
ENSG00000182054,IDH2,2.1535370046361946,1.7862543629185033
ENSG00000185033,SEMA4B,0.44793365910351496,-0.3556877283431847
ENSG00000185043,CIB1,2.9811624316811494,2.051664818264176
ENSG00000183208,GDPGP1,3.3513617280759904,3.1521750498849372
ENSG00000182768,NGRN,3.064760289151464,2.836935873415019
ENSG00000196391,ZNF774,-6.0911727184809745,-4.228162617946628
ENSG00000140575,IQGAP1,4.124973963353795,-1.5225117985695364
ENSG00000140577,CRTC3,4.176109397254903,0.6830208687610324
ENSG00000197299,BLM,4.328294407965441,-0.07614727231952942
ENSG00000140564,FURIN,-2.2083658625195133,-1.5817620058445887
ENSG00000182511,FES,-1.909822211922402,-2.0015435154234273
ENSG00000196547,MAN2A2,-3.2873025463377945,0.14150389171878083
ENSG00000184508,HDDC3,-2.3908420713001535,0.3159060687774199
ENSG00000140553,UNC45A,2.3327398155698424,-0.8453513754316236
ENSG00000166965,RCCD1,0.34520129308174924,1.162885843852615
ENSG00000198901,PRC1,6.9385352263991615,1.6869160790793822
ENSG00000184056,VPS33B,1.2231902453085637,0.1576892883345007
ENSG00000176463,SLCO3A1,9.029418335178123,-1.1821527388975763
ENSG00000185442,FAM174B,-0.6266030174999261,-3.292553179816664
ENSG00000173575,CHD2,-3.6960556806607463,-1.0526018880619992
ENSG00000140563,MCTP2,4.714479509709859,1.2544610834584635
ENSG00000185551,NR2F2,-0.29896030451122724,-3.5616209766467684
ENSG00000140450,ARRDC4,5.291287535136366,3.244275283219897
ENSG00000140443,IGF1R,-1.8269182395944565,-6.097344398986787
ENSG00000182253,SYNM,-2.9944603428986367,-4.082093450840798
ENSG00000103852,TTC23,-0.8979851095713384,-0.7404001807627045
ENSG00000168904,LRRC28,-6.349045343877469,0.3129635080756607
ENSG00000068305,MEF2A,-3.903469933796921,-0.6127441975984839
ENSG00000183060,LYSMD4,-0.6524658944798668,1.0617765244214856
ENSG00000140470,ADAMTS17,-2.9440394103698893,-0.5410694842218302
ENSG00000140471,LINS1,-2.413247104124577,-0.5204684501705001
ENSG00000183475,ASB7,-2.9261567919701785,1.7543218651296166
ENSG00000184254,ALDH1A3,5.859649819993193,0.4290046624707431
ENSG00000154237,LRRK1,2.4436918578766784,-3.7760261335860514
ENSG00000131873,CHSY1,7.084567706631323,0.6614134849571349
ENSG00000131871,SELENOS,3.4812568547160985,1.447406123506265
ENSG00000131876,SNRPA1,0.0763992556934642,1.0121068289774078
ENSG00000140479,PCSK6,-2.292167977893909,0.1144386306881739
ENSG00000184277,TM2D3,0.5541243745789053,2.530699411929828
ENSG00000185418,TARS3,-5.904794446793358,-2.7898051893442415
ENSG00000161980,POLR3K,-0.24143751194711366,-0.2148271645403042
ENSG00000161981,SNRNP25,-5.137366988851756,-1.3182845580441196
ENSG00000007384,RHBDF1,8.445236364911114,1.2497832307090455
ENSG00000103152,MPG,-0.26528436283775253,-0.33087106151177215
ENSG00000103148,NPRL3,-1.931177001959588,-1.227048291427774
ENSG00000188536,HBA2,1.9709862264441549,0.6192388826426144
ENSG00000206172,HBA1,1.5516702564661002,0.3636130268344454
ENSG00000007392,LUC7L,1.312376362771437,2.0186122300450084
ENSG00000167930,FAM234A,1.3572518600313377,-0.5040701977748209
ENSG00000103126,AXIN1,1.968197707422753,-0.8207662715475873
ENSG00000086504,MRPL28,-0.030113076909043867,-0.11492623306170904
ENSG00000129925,PGAP6,2.2951126814829084,0.7788005879136242
ENSG00000103202,NME4,-1.1078076445617608,0.35487122576896357
ENSG00000242612,DECR2,-2.360041043937213,-0.6597379825288643
ENSG00000090565,RAB11FIP3,-2.0723039017249634,-2.0847105480780392
ENSG00000103326,CAPN15,-1.7477695463430047,-1.7968969241534158
ENSG00000007541,PIGQ,0.5120569405413078,-0.8331847998964601
ENSG00000197562,RAB40C,0.43874359935475876,0.01085576731426946
ENSG00000130731,METTL26,-0.7216026692015373,0.3202444681025574
ENSG00000172366,MCRIP2,0.4206670794809792,0.5746337284937393
ENSG00000161996,WDR90,1.1062580667125634,0.23293262714979052
ENSG00000140983,RHOT2,1.4835141840604105,0.2396622348702398
ENSG00000103266,STUB1,0.7717295134973589,0.3096601414722288
ENSG00000161999,JMJD8,0.7076457749313263,0.36192332415647815
ENSG00000127580,WDR24,-0.45232702239777384,-1.1970877035270993
ENSG00000103260,METRN,-0.651981303367315,-1.2916397947592893
ENSG00000103245,CIAO3,0.8233788526492622,0.5063035663089651
ENSG00000007376,RPUSD1,0.9387145400554981,-0.3467773317497501
ENSG00000103227,LMF1,-1.330606179634709,-1.793329791807663
ENSG00000196557,CACNA1H,-7.365363699554016,-3.7979889090227648
ENSG00000116176,TPSG1,-4.309497463285235,-2.336936341387577
ENSG00000103275,UBE2I,4.772815536498595,0.493940468353022
ENSG00000007516,BAIAP3,0.6257996085791605,0.328953205421565
ENSG00000007520,TSR3,-0.108392925404528,-0.1996235840059975
ENSG00000090581,GNPTG,1.3881137830063293,0.1794445535880753
ENSG00000059145,UNKL,-0.09295001227015239,-1.4861728819836872
ENSG00000174109,UQCC4,0.9739655037984226,0.1899282589507259
ENSG00000103249,CLCN7,2.7501918230168965,0.29549562903838544
ENSG00000100726,TELO2,1.7746420991397467,0.13518653466329186
ENSG00000187535,IFT140,0.9498454063920541,-2.4964915021930203
ENSG00000131634,TMEM204,7.165326112855388,1.0576826979085168
ENSG00000007545,CRAMP1,-0.6034379378193083,-2.0806528943712714
ENSG00000206053,JPT2,-4.585072782395094,-2.0413833378273467
ENSG00000138834,MAPK8IP3,0.6711220178571902,-0.8002242826869802
ENSG00000103024,NME3,1.4353363794502887,0.4747077957843419
ENSG00000074071,MRPS34,0.5650683171349505,1.018917141041102
ENSG00000162032,SPSB3,0.34846496809507227,0.9188566118931418
ENSG00000095906,NUBP2,-1.1730953766646162,-0.9871378054721365
ENSG00000099769,IGFALS,-5.586208162425697,-3.0322209494651124
ENSG00000063854,HAGH,-2.6865933644443385,0.9058941588219135
ENSG00000180185,FAHD1,-1.86539180207538,1.9398675201915312
ENSG00000162039,MEIOB,-7.028867423908853,-0.9324275153507275
ENSG00000198736,MSRB1,-1.6588139857284983,0.7019474643247278
ENSG00000140990,NDUFB10,-3.6233403506323594,-0.7226559430407699
ENSG00000140988,RPS2,1.0011900708617507,0.29226538978646166
ENSG00000183751,TBL3,0.2936260181295949,-0.7606849086844024
ENSG00000127554,GFER,-0.15890032908044732,-0.2710260044594223
ENSG00000167962,ZNF598,0.892204027332286,0.11998754191609275
ENSG00000065054,NHERF2,-1.884697920534205,-1.2191406275271168
ENSG00000065057,NTHL1,-2.524203059361957,-1.0677227492549433
ENSG00000103197,TSC2,-1.5215228083982872,-1.2335684435759833
ENSG00000008710,PKD1,-1.5187196337813418,-2.226263235930374
ENSG00000167964,RAB26,-2.287521919233271,0.6875902347259075
ENSG00000131653,TRAF7,0.7953810393898484,-0.17479248585414883
ENSG00000167965,MLST8,0.8514247562646132,0.43454255984134815
ENSG00000184207,PGP,5.877103558693133,3.6595589768477854
ENSG00000167967,E4F1,0.9100167548295459,0.19001374934211854
ENSG00000167969,ECI1,-1.5094123952822391,0.07210519403705162
ENSG00000205937,RNPS1,1.7077506651889027,-0.8371379569752381
ENSG00000167972,ABCA3,3.1018713429488503,-2.3381059978381074
ENSG00000162063,CCNF,0.9583518328977971,-1.1386799684692972
ENSG00000162062,TEDC2,-0.09729014840617152,-0.13313052270752998
ENSG00000162065,TBC1D24,-1.8517500133515592,0.4489262705750729
ENSG00000185883,ATP6V0C,2.4972232623080686,0.9248028790515674
ENSG00000162066,AMDHD2,-0.09665712708774017,-1.0884531721156203
ENSG00000205923,CEMP1,-0.27455153623821804,-0.8701978343433187
ENSG00000140992,PDPK1,-5.542212890938458,-3.319062429525526
ENSG00000167977,KCTD5,2.4916684460225857,0.8507996396886187
ENSG00000167978,SRRM2,0.24119492238325355,0.26159290236873906
ENSG00000103363,ELOB,-0.14105530411464282,-0.4155710442695909
ENSG00000059122,FLYWCH1,1.8085063406526902,-0.25330509903535214
ENSG00000006327,TNFRSF12A,14.969712409482083,6.9976695727093094
ENSG00000131652,THOC6,2.043178223459129,0.5767875465705785
ENSG00000103145,HCFC1R1,1.445293015609781,-0.8965344660566991
ENSG00000008516,MMP25,2.808936843463601,-1.1557427899962827
ENSG00000008517,IL32,13.630811180539775,6.660780220125277
ENSG00000122386,ZNF205,0.4170050188747315,-0.27781845950782214
ENSG00000085644,ZNF213,0.5883346995171065,-1.797845575605259
ENSG00000010539,ZNF200,5.3391996136578435,2.628335380085037
ENSG00000006194,ZNF263,0.036649395060831744,-0.15346447483478215
ENSG00000140993,TIGD7,-3.170351848355095,-0.8982540640949997
ENSG00000162086,ZNF75A,-2.989285847178477,0.29075461777862505
ENSG00000140987,ZSCAN32,-3.0557701029987174,-1.7403396486090175
ENSG00000103343,ZNF174,-1.583016110454824,-1.6662857776801343
ENSG00000167981,ZNF597,1.6819125084425761,1.4939441383988932
ENSG00000122390,NAA60,-3.5238990916777753,-1.5587439942579386
ENSG00000103351,CLUAP1,-2.60962243036067,-2.5307390381917036
ENSG00000167984,NLRC3,2.795632381686869,-3.111977211003614
ENSG00000188827,SLX4,0.9143326994604943,-0.8394092796712291
ENSG00000213918,DNASE1,-3.088252064401281,-1.9943861508105682
ENSG00000126602,TRAP1,-4.304646830509104,-2.28002337958382
ENSG00000005339,CREBBP,-2.930811685447286,-2.2483573661635847
ENSG00000162104,ADCY9,-0.6275990155790532,-1.8358396339853005
ENSG00000090447,TFAP4,-2.4525545406740323,-2.055753156966265
ENSG00000126603,GLIS2,8.105686626202127,1.8484140824761406
ENSG00000217930,PAM16,-0.38449536801679823,1.0235319063769204
ENSG00000103426,CORO7-PAM16,1.5442118592928589,0.19801471512703825
ENSG00000262246,CORO7,2.7581738067972292,-0.7699881155217837
ENSG00000168140,VASN,0.16547721060413087,-1.7579308261495252
ENSG00000103423,DNAJA3,-2.320843489804381,0.09667716387176507
ENSG00000153406,NMRAL1,-0.5947554519362227,-0.3924644525045331
ENSG00000103415,HMOX2,1.5972299615858874,-0.13474644993206183
ENSG00000089486,CDIP1,2.377483771952756,0.9767365661897361
ENSG00000205832,C16orf96,-1.8657219107487963,-1.1238175835100543
ENSG00000153443,UBALD1,1.4501143981937636,0.14802269163376053
ENSG00000102858,MGRN1,-1.086345539446454,-1.983344877124315
ENSG00000168101,NUDT16L1,1.5144417268978347,1.1083338595645376
ENSG00000168096,ANKS3,0.23198328014450462,-0.7583528905326564
ENSG00000103199,ZNF500,-1.707795849595577,-2.895475690182068
ENSG00000067836,ROGDI,-0.5460372200302578,0.6083999138481245
ENSG00000140632,GLYR1,-0.6302452282762806,-1.474449644633962
ENSG00000118900,UBN1,-5.33046989979199,-4.002279672808614
ENSG00000118898,PPL,-4.021932797806825,-3.33088879543332
ENSG00000103174,NAGPA,1.505252677293259,-0.017160695949684467
ENSG00000033011,ALG1,1.4636590657327888,0.6721296961826155
ENSG00000118894,EEF2KMT,4.087555456275285,2.1745635375774386
ENSG00000067365,METTL22,-5.0542208201853915,-2.7279984755652973
ENSG00000183044,ABAT,-8.882403644712925,-3.0531787341559737
ENSG00000184857,TMEM186,-2.7432231514052106,0.08469766854246434
ENSG00000140650,PMM2,2.5510857752820746,1.38992943312414
ENSG00000153048,CARHSP1,-3.8538674852940296,-0.63986114664618
ENSG00000187555,USP7,-2.9032989046610904,-0.18517865816162113
ENSG00000182831,HAPSTR1,-3.066955199884754,-0.1221111518552224
ENSG00000166669,ATF7IP2,-6.182195847058864,-1.2636460850163997
ENSG00000213853,EMP2,-4.331970973595335,-1.737756842434671
ENSG00000103274,NUBP1,-1.1764203411562781,-1.648923760839351
ENSG00000166676,TVP23A,0.7218781658222708,-0.3888155050324768
ENSG00000179583,CIITA,1.4478243122770802,-2.403938389438235
ENSG00000182108,DEXI,-1.4677287691524283,-0.2457124272598466
ENSG00000038532,CLEC16A,-0.9938101564521218,-1.2346725287039202
ENSG00000189067,LITAF,5.498343242684692,3.046284751686541
ENSG00000184602,SNN,1.8056188818685874,-2.7317970264141573
ENSG00000153066,TXNDC11,-6.473461871234522,-1.6164197336410793
ENSG00000122299,ZC3H7A,-3.039367518784444,-0.3108729239838606
ENSG00000171490,RSL1D1,-3.1021837227814664,-0.4800317451371242
ENSG00000103342,GSPT1,-3.427901393885332,-0.21352931047074192
ENSG00000234719,NPIPB2,-2.0617762218623867,-2.1838820730184243
ENSG00000048471,SNX29,1.202328017359259,-1.671145094097221
ENSG00000103381,CPPED1,-7.4127528119892405,-1.8114241626057552
ENSG00000237515,SHISA9,-7.567597688255991,-2.8614848997744957
ENSG00000175595,ERCC4,-1.0650096390909196,0.5076055591269051
ENSG00000186260,MRTFB,-0.34182578664105473,0.09836482968253428
ENSG00000140694,PARN,0.8449799293134554,1.9292431446575504
ENSG00000103429,BFAR,-1.997968996131905,-0.8215412403727937
ENSG00000224712,NPIPA3,-0.5141653256078901,0.2708286397276178
ENSG00000254852,NPIPA2,-0.550640092451078,0.1957003983357714
ENSG00000103512,NOMO1,-1.3650109780784878,-1.0572601251392275
ENSG00000183426,NPIPA1,0.8413613492340629,1.548985247699887
ENSG00000179889,PDXDC1,-9.375833318083957,-1.7264204117972068
ENSG00000157045,NTAN1,-0.5993248975709686,-0.2531419187829589
ENSG00000085721,RRN3,-0.6138606014487354,2.5646643020129742
ENSG00000183793,NPIPA5,-0.26571056917501457,0.2703233528886756
ENSG00000156968,MPV17L,-3.3422999106416826,-0.9172761375883598
ENSG00000166780,BMERB1,-7.315302341036827,-3.1261979466943153
ENSG00000166783,MARF1,-3.934957424988834,-1.4040184663922617
ENSG00000072864,NDE1,5.178718383340227,-2.655419175746185
ENSG00000133392,MYH11,2.446288155874885,-4.031264023161427
ENSG00000133393,CEP20,-1.1491614067815885,2.100925175690924
ENSG00000103222,ABCC1,7.683184642243445,-0.7310292772151848
ENSG00000091262,ABCC6,-5.701518916676681,-1.4713118795321005
ENSG00000103226,NOMO3,-1.371362770216161,-1.63286673699102
ENSG00000214967,NPIPA7,0.6171200733610619,0.8030265936833311
ENSG00000103489,XYLT1,5.606859475966059,-2.518357590411813
ENSG00000214940,NPIPA8,0.6187022335527314,0.18312286502661554
ENSG00000185164,NOMO2,0.9306202395033697,0.9273490448836462
ENSG00000134419,RPS15A,-2.547452364966912,-1.0152822331149896
ENSG00000170540,ARL6IP1,-3.255754844617909,1.1260233624246099
ENSG00000157106,SMG1,-5.623409333148976,-1.5128178264307883
ENSG00000167186,COQ7,-4.919181024950873,-0.1382565230201162
ENSG00000205730,ITPRIPL2,2.536195296635715,0.4540700795138045
ENSG00000103528,SYT17,-1.3246750790335047,0.23426776334939123
ENSG00000006007,GDE1,-5.135064249569306,-0.9570942825874286
ENSG00000103540,CCP110,-2.769055612044181,-1.9061798973802841
ENSG00000103544,VPS35L,-1.267509624298316,-1.5087288024969239
ENSG00000103550,KNOP1,2.4006415202196765,-0.8020931912054057
ENSG00000174628,IQCK,8.198329152084279,-0.16477591348759538
ENSG00000167191,GPRC5B,10.47343863961874,-0.3039648946207969
ENSG00000183549,ACSM5,-8.061613683940308,-2.0431211123143083
ENSG00000183747,ACSM2A,-5.685120856315717,1.6623294487024
ENSG00000066813,ACSM2B,-8.033062494527858,0.483237314029837
ENSG00000005187,ACSM3,-8.980567230665732,-1.3771697352299102
ENSG00000166743,ACSM1,3.9712779028830143,2.510135212233593
ENSG00000066654,THUMPD1,-0.7552055606355165,1.0412294716362345
ENSG00000196678,ERI2,-6.25107198252902,1.1415236619918536
ENSG00000005189,REXO5,1.787157303331501,1.1855672171775384
ENSG00000188215,DCUN1D3,-0.45409158377663833,2.125030137996154
ENSG00000102897,LYRM1,-4.657620680012236,0.9777603133659083
ENSG00000011638,LDAF1,7.439290813740384,-0.460475929845812
ENSG00000175311,ANKS4B,-5.822576212747043,0.841189940177151
ENSG00000103316,CRYM,0.416516546860173,2.193705606569322
ENSG00000197006,METTL9,5.449593001240108,1.128876334444922
ENSG00000140749,IGSF6,4.555743708205994,1.0396504356284346
ENSG00000185864,NPIPB4,-0.5542859818590958,-0.8931096388838022
ENSG00000140740,UQCRC2,-1.9985001481005906,1.5503392511754355
ENSG00000155714,PDZD9,-2.7330533138891018,-0.46264245651589253
ENSG00000185716,MOSMO,-0.6768831733762819,1.4552304810977463
ENSG00000103319,EEF2K,-1.8935781479972476,-2.618938550765894
ENSG00000058600,POLR3E,-2.6651752350028435,-1.926081802300516
ENSG00000140743,CDR2,4.855723284909988,2.166365555317574
ENSG00000243716,NPIPB5,0.057679695974535955,-0.7073088202855133
ENSG00000103404,USP31,-5.002212660053551,-0.2068247600360926
ENSG00000168434,COG7,-2.0957011639343626,-1.6417711471562564
ENSG00000103365,GGA2,-1.4440832285583276,-1.4613252324357666
ENSG00000103356,EARS2,-1.7171935576076056,-0.6455942808666232
ENSG00000103353,UBFD1,-2.767990211810784,-0.11293485051929533
ENSG00000004779,NDUFAB1,-2.457614682766012,1.4591535184662752
ENSG00000083093,PALB2,-5.251055629923614,-1.6294903513484431
ENSG00000166847,DCTN5,-3.838977293724513,-3.454427889746727
ENSG00000166851,PLK1,2.4836512955280288,0.2678211655867966
ENSG00000166501,PRKCB,1.0076243508054215,-3.639886526973728
ENSG00000122257,RBBP6,-0.6013221297417791,2.105490594511022
ENSG00000090905,TNRC6A,-2.9445222473216894,1.0502029369300565
ENSG00000140750,ARHGAP17,1.365119782943468,-1.5806520782934748
ENSG00000205629,LCMT1,3.3259413495610954,1.0290970292361712
ENSG00000155592,ZKSCAN2,-5.371455628133846,-2.202672800877804
ENSG00000155666,KDM8,-4.173582845747787,-0.4406403203209138
ENSG00000169189,NSMCE1,-2.2477443237348287,-0.6410205800141258
ENSG00000077238,IL4R,1.620711793382711,-0.6255936908274794
ENSG00000077235,GTF3C1,-0.11619563567642271,-1.0556023593961235
ENSG00000047578,KATNIP,5.11046956579708,0.5203483198479484
ENSG00000169180,XPO6,-0.7463508490265818,-0.9876627743246639
ENSG00000198156,NPIPB6,-2.054092825176303,-1.0060195033326338
ENSG00000205609,EIF3CL,-1.7195175518260162,-2.2262595655772244
ENSG00000188603,CLN3,-0.11606819631260061,-0.6829983554333658
ENSG00000184730,APOBR,2.436123091647096,-2.186457294265312
ENSG00000197272,IL27,-4.186371831160992,-1.2324952429118534
ENSG00000176046,NUPR1,-3.290856524210287,-0.4737225056065401
ENSG00000176476,SGF29,-3.8186946763510723,-1.5470301361144272
ENSG00000197165,SULT1A2,-5.4748769891644615,-2.220372731474748
ENSG00000196502,SULT1A1,-4.388508504361121,-1.8619650884089183
ENSG00000255524,NPIPB8,-2.969301409525748,-1.8342207599447773
ENSG00000184110,EIF3C,-2.319958016895157,-2.691879670486083
ENSG00000196993,NPIPB9,-2.2076884812456603,-0.8210147624916964
ENSG00000168488,ATXN2L,2.6086984978342396,0.23198937450165083
ENSG00000178952,TUFM,-0.7536382768211609,0.6704083143292533
ENSG00000178188,SH2B1,1.35383575179068,-0.06231274801820523
ENSG00000196296,ATP2A1,1.0827598258189377,0.09019709917372415
ENSG00000177548,RABEP2,2.5231527142889805,-1.2380453698055391
ENSG00000176953,NFATC2IP,1.9505297174866358,0.5472539227743365
ENSG00000169682,SPNS1,1.7495967262957581,-0.027086393160221545
ENSG00000213658,LAT,3.990035247349328,0.5571606949107711
ENSG00000254206,NPIPB11,-1.1065676913612956,-1.1226381214590555
ENSG00000183336,BOLA2,1.376269223592857,0.18834541785314296
ENSG00000181625,SLX1B,0.18945737004094318,0.9360115970797914
ENSG00000213648,SULT1A4,-0.8643020487256486,0.1681769726198607
ENSG00000103485,QPRT,-3.3972109384524174,1.6505745085679377
ENSG00000197471,SPN,4.069505220566853,-2.1046801682260297
ENSG00000185905,C16orf54,6.529204110128867,-0.39092687472274273
ENSG00000174992,ZG16,-5.974826751008891,-0.9349138510101929
ENSG00000079616,KIF22,-0.3397848038240028,0.5543143829318926
ENSG00000103495,MAZ,0.12953042981055105,-0.11594194317402896
ENSG00000280789,PAGR1,-1.515833836395289,-2.550356497481812
ENSG00000013364,MVP,7.413161978975436,1.4516085300715496
ENSG00000103502,CDIPT,0.5861013340420351,0.025836723592237855
ENSG00000174943,KCTD13,0.8667108834235725,-1.5705533611809055
ENSG00000149932,TMEM219,0.8489932533895669,0.9021320065977719
ENSG00000149930,TAOK2,1.2926788790101023,-1.6498584895384083
ENSG00000149929,HIRIP3,-3.561876060413598,-2.5471157537431366
ENSG00000169592,INO80E,1.2699224592738607,-0.5835579263780787
ENSG00000285043,ENSG00000285043,4.59838218419579,0.48994674592205195
ENSG00000149925,ALDOA,4.472831279281992,0.30416276090319994
ENSG00000149923,PPP4C,2.060225094615824,0.8796831213599872
ENSG00000090238,YPEL3,0.7705348787369092,-0.3988565321806582
ENSG00000102886,GDPD3,2.8944818552756115,0.6603393692376283
ENSG00000102882,MAPK3,2.9107297773936973,-1.9045415976543925
ENSG00000102879,CORO1A,5.441213056564839,-1.3020269051562958
ENSG00000169627,BOLA2B,1.9557712807521856,0.8322425835141648
ENSG00000132207,SLX1A,-0.07073420802124852,0.32465484145086715
ENSG00000261052,SULT1A3,-0.7588073787701709,0.23158085406248038
ENSG00000198064,NPIPB13,-0.3124297534499796,-0.6499667336132167
ENSG00000169217,CD2BP2,2.5103648650963537,-0.49527784704114486
ENSG00000169221,TBC1D10B,1.689362449886927,-0.16475885987034036
ENSG00000180035,ZNF48,0.19408664153455632,-1.5897453764299683
ENSG00000180096,SEPTIN1,4.82631690309735,-1.9490381392733225
ENSG00000179958,DCTPP1,0.4862267063093731,-0.935325676635092
ENSG00000179918,SEPHS2,-3.377597515551123,2.022713984707921
ENSG00000005844,ITGAL,4.1467751827802175,-1.084380070443802
ENSG00000169957,ZNF768,-0.5983681545963412,-0.021464002028191303
ENSG00000169955,ZNF747,-5.282710128916302,-0.8160332384210355
ENSG00000169951,ZNF764,-2.895283503659464,-1.4029643535625187
ENSG00000229809,ZNF688,-1.3003881400934676,-0.7150191215857153
ENSG00000197162,ZNF785,-0.06512528312666324,-2.136446037218078
ENSG00000156853,ZNF689,-1.5910423839583536,-0.9987721307632614
ENSG00000156858,PRR14,1.1166981170395607,0.08251584765170457
ENSG00000156860,FBRS,1.1717746598360261,-0.7157386790350331
ENSG00000080603,SRCAP,-0.9725025205977016,-2.076076080862777
ENSG00000281991,TMEM265,0.793639278049751,-0.031244388796025355
ENSG00000156873,PHKG2,-1.3933201140799196,-0.1475394219959194
ENSG00000196118,CFAP119,-0.04425936107003978,0.5004995468826466
ENSG00000103549,RNF40,-1.5088899005736922,-2.5003492966752434
ENSG00000102870,ZNF629,-1.5923713154867198,-1.7008764554115943
ENSG00000099385,BCL7C,0.2739528033195624,-1.3595200193431893
ENSG00000099364,FBXL19,2.2681251419291,-0.771829109122391
ENSG00000175938,ORAI3,-5.4633510165549595,-0.9088994539440111
ENSG00000099381,SETD1A,-0.8710084873502919,-1.5467550625403845
ENSG00000099377,HSD3B7,-1.2180265004287074,-0.048111854202939716
ENSG00000099365,STX1B,-4.277323890015946,-2.288085522415439
ENSG00000103496,STX4,1.6014042236823935,-1.316407967690677
ENSG00000167395,ZNF646,-1.4857343386956152,-2.2356725278441525
ENSG00000151006,PRSS53,-0.8208011101169971,-0.33943989680805337
ENSG00000167397,VKORC1,-1.8047870046717356,-0.06548206126154807
ENSG00000103507,BCKDK,-0.45106563223852775,0.2773123262275411
ENSG00000103510,KAT8,-0.666740412646997,0.18341155326580633
ENSG00000052344,PRSS8,2.5578728556531964,1.0327897383887155
ENSG00000089280,FUS,-0.9030542371212628,-2.2355109409233287
ENSG00000103490,PYCARD,7.887397502529275,3.1080708843946994
ENSG00000169896,ITGAM,7.564546129551782,1.2046007640378351
ENSG00000140678,ITGAX,8.351017239344207,1.8261529363881108
ENSG00000156886,ITGAD,-1.6614624999911163,-0.5397139570719461
ENSG00000140691,ARMC5,-2.8878148023311256,-0.8349431877654283
ENSG00000140682,TGFB1I1,3.0667074252153665,-2.6081769901488583
ENSG00000140675,SLC5A2,-2.6488210096952693,-1.7992646458222932
ENSG00000140688,RUSF1,-4.099326996536549,-2.0903095738399764
ENSG00000197302,KRABD5,4.043981358730472,2.3275133305430153
ENSG00000185947,ZNF267,4.237710662369428,1.442994087369108
ENSG00000069329,VPS35,0.6051962719180547,-0.18344256010546497
ENSG00000155330,C16orf87,-5.2485177418561255,-0.9644263408885305
ENSG00000166123,GPT2,-2.4824899857549068,0.741300321916746
ENSG00000069345,DNAJA2,0.6277507602341094,1.5890244007652876
ENSG00000129636,ITFG1,-0.8500679723277705,1.483496950289499
ENSG00000102893,PHKB,-4.114586852838027,-0.6020787442958203
ENSG00000121270,ABCC11,-5.537942267894118,-2.6910781012331975
ENSG00000102910,LONP2,-7.149783771114249,-2.2141644303554875
ENSG00000196470,SIAH1,-3.494160911738881,0.5973919312216062
ENSG00000102921,N4BP1,-3.254314402496412,-1.5720332163325512
ENSG00000205423,CNEP1R1,1.0118673847083532,1.5279632125319258
ENSG00000155393,HEATR3,2.604523767535944,2.937357993113028
ENSG00000121274,TENT4B,-3.734268395257933,-0.5422785211976477
ENSG00000121281,ADCY7,5.066627372288907,-2.2356584430030124
ENSG00000166164,BRD7,1.926909585859798,0.7770755235053903
ENSG00000140807,NKD1,-0.10613482215737835,-3.0535356350990366
ENSG00000167208,SNX20,6.760027995465442,-1.4015450128165525
ENSG00000167207,NOD2,7.58229569061892,1.0146329080635503
ENSG00000083799,CYLD,2.690484055887887,2.327202140286123
ENSG00000103449,SALL1,-1.2285290943017348,1.9674836356185539
ENSG00000103460,TOX3,1.1842132636518863,-0.9894563648300073
ENSG00000177200,CHD9,-2.288204603857101,-0.41935373789517166
ENSG00000103479,RBL2,-7.350380582943022,-2.2897025628594956
ENSG00000166971,AKTIP,-1.257016568995099,1.693831491079761
ENSG00000103494,RPGRIP1L,-0.8542423037267761,-2.1469394350715527
ENSG00000140718,FTO,-3.6096182096190046,-2.780970893332994
ENSG00000087245,MMP2,11.902197352258517,2.865683358463718
ENSG00000087253,LPCAT2,4.714658883309315,0.05432649755718909
ENSG00000198848,CES1,-1.3055901898009714,2.725012174775198
ENSG00000159398,CES5A,-5.444638269738225,-0.16666729627786547
ENSG00000087258,GNAO1,-4.869416070154206,-2.3835628174365584
ENSG00000159461,AMFR,-0.3014055070414639,1.5672980012294222
ENSG00000167005,NUDT21,-0.9670020914497083,0.3322081572540071
ENSG00000087263,OGFOD1,5.12314038475319,3.6262657008816532
ENSG00000125124,BBS2,3.0197986238786587,1.5520721977511927
ENSG00000125148,MT2A,-2.002677472192788,-0.2799549046979193
ENSG00000169715,MT1E,-4.501153184296535,0.16982678473446114
ENSG00000205364,MT1M,-4.8942638022425795,-0.18504277530654034
ENSG00000205362,MT1A,-2.9686014828462715,-1.249451175253524
ENSG00000198417,MT1F,-5.445898601065063,-0.4490968638415079
ENSG00000125144,MT1G,-3.4660493020382055,0.41616846989964174
ENSG00000205358,MT1H,-4.723016826681277,-0.10684935941696258
ENSG00000187193,MT1X,-4.2831000793314935,-0.067036612925987
ENSG00000102900,NUP93,7.345328684244744,1.12339594774879
ENSG00000051108,HERPUD1,-1.7820394426619939,0.5924530091819422
ENSG00000087237,CETP,-3.915990224408078,-4.7194066504522745
ENSG00000140853,NLRC5,4.3820538875315425,-0.9135563851450709
ENSG00000140848,CPNE2,1.4144153236173624,-2.7416007358018137
ENSG00000172775,PSME3IP1,0.1874985462177078,0.7700915556214966
ENSG00000159579,RSPRY1,-3.7677833408141934,-0.19750579831446166
ENSG00000102931,ARL2BP,4.856753579873184,3.01468266267808
ENSG00000006210,CX3CL1,0.6105973121843389,-1.0553973632722777
ENSG00000005194,CIAPIN1,2.976188837019927,2.4569142202582115
ENSG00000088682,COQ9,-1.4694046240982668,2.0228119548579935
ENSG00000102978,POLR2C,-3.9418698025712793,-0.2567963947504297
ENSG00000125170,DOK4,1.0214941529536428,0.5590998079352761
ENSG00000159618,ADGRG5,-0.9623157821804568,-1.0249841668556732
ENSG00000182885,ADGRG3,9.2853995272436,2.118652409021432
ENSG00000140854,KATNB1,0.4986850858348188,-1.7844848393362285
ENSG00000140859,KIFC3,3.3071199217396816,0.1413039992454616
ENSG00000166188,ZNF319,1.9855089662707883,-1.1890475207249245
ENSG00000103005,USB1,5.132327567101721,1.831576708206376
ENSG00000102996,MMP15,2.753237568315688,0.23858212680771518
ENSG00000070761,CFAP20,-3.536322883667634,0.8572989873229534
ENSG00000070770,CSNK2A2,-4.2398072440199,-2.7517275362118285
ENSG00000103021,CFAP263,0.7564333942256911,-0.7426256698068621
ENSG00000181938,GINS3,2.286114733789219,-0.7967246392121409
ENSG00000103034,NDRG4,0.5121729866480964,-1.891389052127254
ENSG00000103037,SETD6,-3.760607553595065,1.4804317120903454
ENSG00000125107,CNOT1,-5.501462851226918,-1.937334569014802
ENSG00000103042,SLC38A7,3.4089092936451926,2.0061571477552573
ENSG00000125166,GOT2,-3.3758344076641804,3.061920859411684
ENSG00000140937,CDH11,8.837014535870251,-0.20498046317397103
ENSG00000179776,CDH5,2.3512212491904108,-0.008533065340551023
ENSG00000166546,BEAN1,-3.841851767160379,-3.5073123179650985
ENSG00000166548,TK2,-3.240300702357831,-1.3227583248333592
ENSG00000217555,CKLF,5.3691833171553505,0.4267760442864163
ENSG00000254788,CKLF-CMTM1,3.1144027639215968,-0.7757419704929736
ENSG00000140931,CMTM3,7.214906383587631,-0.5282232200648047
ENSG00000183723,CMTM4,-1.3912700285534674,-1.1818133549853056
ENSG00000135720,DYNC1LI2,0.5864772312806004,1.5719835520353975
ENSG00000159593,NAE1,0.9390306910836181,2.4919545421720173
ENSG00000172840,PDP2,-1.7727571537866178,1.095707828901657
ENSG00000166595,CIAO2B,1.0657328667220305,1.305042917244771
ENSG00000172831,CES2,-2.0621472822287505,0.9357032765771277
ENSG00000172828,CES3,-5.621408249161589,-0.5285611015389137
ENSG00000172824,CES4A,-2.667354642219842,1.7945818371648257
ENSG00000067955,CBFB,3.8807726112658756,1.3690782729687858
ENSG00000125149,PHAF1,-4.1536120914671,1.7279424737966493
ENSG00000237172,B3GNT9,3.4489235104462437,3.589433535994328
ENSG00000102871,TRADD,2.8609886944868723,0.6315039291979074
ENSG00000102878,HSF4,3.3454958611621666,2.6895530315533245
ENSG00000140939,NOL3,3.2094901309504356,1.3997515720529703
ENSG00000196123,MATCAP1,3.248470582976093,2.2946692757875202
ENSG00000179044,EXOC3L1,1.0714105287562303,-0.48189515714519615
ENSG00000205250,E2F4,3.3512572765726283,0.8019865748736056
ENSG00000102890,ELMO3,0.03130333213668776,-0.8893639442178104
ENSG00000168701,TMEM208,0.40214055492842604,1.3406745624775034
ENSG00000135723,FHOD1,5.936579698657397,-0.8574373996188402
ENSG00000176387,HSD11B2,-3.940742033355549,-2.813352483746315
ENSG00000159720,ATP6V0D1,3.5870542863224943,1.3280275880568855
ENSG00000039523,RIPOR1,2.6145832478320394,-0.5071303690563207
ENSG00000102974,CTCF,-1.605295443154878,-1.7317758077410965
ENSG00000102977,ACD,2.834252990900328,0.30343016735510725
ENSG00000124074,ENKD1,-1.4999654485547893,-1.3408409928921385
ENSG00000159761,C16orf86,-3.3226214171236075,-2.3498003732470893
ENSG00000141098,GFOD2,-3.7007494234987,-1.9933710012070935
ENSG00000141084,RANBP10,-1.5957648675743314,0.2051073556882907
ENSG00000102904,TSNAXIP1,0.705654842182996,0.29930131347873395
ENSG00000102901,CENPT,1.976766215745211,1.3438112573795815
ENSG00000168286,THAP11,0.5426426044884824,-0.37822359207454603
ENSG00000102898,NUTF2,1.1770603626863825,1.35919257640282
ENSG00000038358,EDC4,0.6266077308313093,-0.3838099307489497
ENSG00000159792,PSKH1,-4.611098877791224,-4.256171204590205
ENSG00000141086,CTRL,-0.9072281858156821,-1.2368953942880327
ENSG00000205220,PSMB10,1.8257967467842546,-0.66709393935501
ENSG00000213398,LCAT,-5.550051778195857,-0.9456156308817542
ENSG00000124067,SLC12A4,4.915872685192344,1.3538975579336159
ENSG00000167261,DPEP2,-0.25374398330419523,-2.238561245382333
ENSG00000167264,DUS2,-1.614187096585584,0.03965391063665537
ENSG00000182810,DDX28,-1.2862405229607101,-0.20369981137964016
ENSG00000072736,NFATC3,-7.273950323918502,0.09947359801216435
ENSG00000103067,ESRP2,-6.071338267045738,0.20420106835751078
ENSG00000103066,PLA2G15,0.0027723038981403896,-0.0348840861031175
ENSG00000103064,SLC7A6,9.134491958886244,1.3479248739060714
ENSG00000103061,SLC7A6OS,5.42763444265823,-0.7741094112503721
ENSG00000132600,PRMT7,-0.609463230358221,-0.564504008919277
ENSG00000103056,SMPD3,-0.399385055718696,-3.2040298867441246
ENSG00000184939,ZFP90,-0.23842170363279555,-1.2924173946725483
ENSG00000039068,CDH1,0.6231749310085094,0.5852174859554604
ENSG00000103047,TANGO6,-8.803085605415898,-5.635726727906183
ENSG00000103044,HAS3,-4.892714142587068,-1.5143915660683627
ENSG00000286140,DERPC,-1.6274163916637183,0.8483137591066202
ENSG00000168802,CHTF8,-1.6161422934686054,0.8605302965988411
ENSG00000141076,UTP4,0.9664943311520863,1.8754437837963278
ENSG00000168807,SNTB2,2.447496847807085,0.3228997506981263
ENSG00000132612,VPS4A,-4.640633883519526,-3.779828441076843
ENSG00000213380,COG8,-7.894950953291214,-3.556290234255468
ENSG00000258429,PDF,-6.530551856200407,-1.8985525401993883
ENSG00000132603,NIP7,4.04413368864975,2.7562543425029076
ENSG00000157315,TMED6,-3.453184742953193,-1.1422027011525397
ENSG00000132604,TERF2,-1.7300359876642533,-1.9134985023800013
ENSG00000103018,CYB5B,-0.8596901585507386,2.0218636821452813
ENSG00000102908,NFAT5,-0.14809980992133873,1.2047679942049805
ENSG00000181019,NQO1,5.842749530279093,-0.4627779119799376
ENSG00000141101,NOB1,-2.3166548420056814,-2.2646956759146866
ENSG00000198373,WWP2,-0.3408758121253329,-2.7340152327093845
ENSG00000157322,CLEC18A,-2.5272449250104447,-2.0925532786916325
ENSG00000090857,PDPR,-2.938933599029388,-1.8035345982022595
ENSG00000223496,EXOSC6,-0.5573147654852741,1.5212636761466505
ENSG00000090861,AARS1,-3.790013231223007,-2.549345284253063
ENSG00000157349,DDX19B,-5.546404357555331,-1.1657189630070561
ENSG00000168872,DDX19A,0.008465457150821235,0.2736815294136998
ENSG00000157350,ST3GAL2,-1.5963755971420368,-2.5151222094523065
ENSG00000157353,FCSK,0.0717683652953566,-0.11051705644646433
ENSG00000103051,COG4,0.7579369615614907,1.5901523779945819
ENSG00000189091,SF3B3,-2.3150564863457954,-2.8457647119371097
ENSG00000132613,MTSS2,-0.48370751582918753,-0.6623164992767375
ENSG00000103043,VAC14,-1.6696402306700036,-3.118575862018297
ENSG00000157423,HYDIN,-4.016241608194469,-2.953775138688785
ENSG00000180917,CMTR2,-0.7092787029618611,1.2258616296782456
ENSG00000167377,ZNF23,-0.3361866492832471,0.9725161579262961
ENSG00000157429,ZNF19,-4.955914697399881,-2.1286468716325966
ENSG00000140835,CHST4,7.918792012683911,-3.842587714017202
ENSG00000198650,TAT,-2.708919798689562,-1.082756038919883
ENSG00000140832,MARVELD3,0.08926218855204317,-0.9022163483148845
ENSG00000040199,PHLPP2,2.4950339755217645,0.2119846902297527
ENSG00000166747,AP1G1,-1.97011217495522,1.690457696011285
ENSG00000224470,ATXN1L,-3.6785867408382913,-2.979901442524768
ENSG00000182149,IST1,2.60438779726291,0.4131246714329685
ENSG00000102984,ZNF821,-0.42574481998707286,-1.823280340249908
ENSG00000277481,PKD1L3,-1.889688707331046,-1.137243982296233
ENSG00000102967,DHODH,-4.309451453333119,-0.974856312315952
ENSG00000257017,HP,-2.9522536959808634,-0.023653733954079804
ENSG00000261701,HPR,-2.795274775793645,-0.14848771162964947
ENSG00000140830,TXNL4B,-1.2828359108857406,2.0320083847563555
ENSG00000140829,DHX38,-0.4349750487011847,-1.6238044108329235
ENSG00000140836,ZFHX3,-0.9158881953728784,-1.5654416629939953
ENSG00000103035,PSMD7,2.18598743153199,3.172274131525502
ENSG00000196436,NPIPB15,-2.7521651406469725,-1.6878880424957998
ENSG00000090863,GLG1,-3.662741812316472,-5.056063731727651
ENSG00000168411,RFWD3,-0.044887510813446815,0.0671800893741487
ENSG00000168404,MLKL,4.978546450011531,0.032886582525159115
ENSG00000103091,WDR59,-4.4544793974420385,0.06559404596348609
ENSG00000186187,ZNRF1,-1.967738220971189,-0.10152649473904109
ENSG00000166816,LDHD,-3.5290799823513197,-0.45482303210060754
ENSG00000184517,ZFP1,-7.556905526016903,-0.7858814759071031
ENSG00000050820,BCAR1,3.441565426138711,0.37834212370099946
ENSG00000153774,CFDP1,-0.6422267424604517,-0.66950386163746
ENSG00000166822,TMEM170A,-1.180259660623459,0.8960229813630329
ENSG00000205084,TMEM231,2.6228523182982384,0.8608062255457576
ENSG00000034713,GABARAPL2,1.117303963441987,1.4598381211013918
ENSG00000065457,ADAT1,2.709315123136974,1.91501654129977
ENSG00000065427,KARS1,-1.3606094443840238,0.48919332775508506
ENSG00000166848,TERF2IP,0.7553142798375384,0.9554603465507369
ENSG00000103111,MON1B,-4.924228909159538,-3.0576930580489883
ENSG00000140876,NUDT7,-1.7555461398568468,2.884199390237976
ENSG00000186153,WWOX,-7.902569491328547,-3.6261350352258575
ENSG00000178573,MAF,-4.330606314160867,-1.2295716689251497
ENSG00000166446,CDYL2,-0.5610836866866623,-0.5515966250780121
ENSG00000103121,CMC2,-6.086409355629426,-0.4448670070055712
ENSG00000166451,CENPN,-0.33896604507213046,2.1445140010161907
ENSG00000166454,ATMIN,-3.982202491864931,-0.07493038917890657
ENSG00000166455,C16orf46,-2.7253931736763763,-0.17605142850081087
ENSG00000140905,GCSH,-4.651187439318492,0.19955908135100175
ENSG00000135697,BCO1,-1.2198020713885291,-0.704828105174502
ENSG00000261609,GAN,-3.3400128742848203,-2.677468745778736
ENSG00000153815,CMIP,-0.1533387599738878,-1.6571689041382045
ENSG00000197943,PLCG2,0.8519581477444109,1.8069382568818937
ENSG00000184860,SDR42E1,-2.8600186505411966,-0.7142464351140025
ENSG00000086696,HSD17B2,0.9590230125080028,-0.4245970540705775
ENSG00000135698,MPHOSPH6,6.359060752995125,4.69826758238073
ENSG00000140945,CDH13,4.269321390066792,-0.7966555151889277
ENSG00000230989,HSBP1,0.06319456946507934,1.7408176578370889
ENSG00000103150,MLYCD,-9.038815472305366,-3.2110385937245836
ENSG00000140961,OSGIN1,1.4395585599828962,2.0519713640558375
ENSG00000103154,NECAB2,-0.08714188521565168,0.7811892486778786
ENSG00000140943,MBTPS1,-6.49791094254194,-3.5911581343072285
ENSG00000103160,HSDL1,2.1594969708705545,1.3126005812643748
ENSG00000154099,DNAAF1,2.9359790233128327,1.7376138299355541
ENSG00000103168,TAF1C,1.6140248554517687,0.26734304606800335
ENSG00000103175,WFDC1,4.676665362721853,-0.7660691317533754
ENSG00000140950,MEAK7,4.9572040369332795,-0.6590122671862916
ENSG00000103187,COTL1,5.130935274431859,1.2366412177614754
ENSG00000135686,KLHL36,-1.4358918211285434,-1.6216485015764364
ENSG00000103194,USP10,-1.0979309953943854,-0.31108342091690633
ENSG00000103196,CRISPLD2,10.96207483010588,1.474363524393714
ENSG00000153786,ZDHHC7,5.861596477636624,2.2488772486723936
ENSG00000135709,KIAA0513,2.9595824008785234,-1.2795300770265086
ENSG00000131149,GSE1,0.942453695279846,0.7801681618865518
ENSG00000131153,GINS2,2.7189723155693497,0.8065739638264321
ENSG00000131148,EMC8,4.485295562290471,3.23130704345709
ENSG00000131143,COX4I1,2.1467928926878495,2.0178711341495044
ENSG00000140968,IRF8,6.010942428150169,1.5327764957517704
ENSG00000103241,FOXF1,3.387435656512097,-1.42897985302031
ENSG00000103248,MTHFSD,-1.1083322755895197,-2.375710685483257
ENSG00000260456,C16orf95,-1.9868066171755114,-0.1766446528567639
ENSG00000103264,FBXO31,-2.569453792205662,-0.23655752699212068
ENSG00000140941,MAP1LC3B,7.098542398138475,4.028328115502629
ENSG00000140948,ZCCHC14,-6.13468784317543,-1.8434559967678978
ENSG00000104731,KLHDC4,-0.3511015855081857,-1.0704850263266783
ENSG00000103257,SLC7A5,0.1724720797000375,0.42478105557640294
ENSG00000174990,CA5A,-2.4627449164896507,0.6546473763438628
ENSG00000172530,BANP,-4.942238619062907,-2.0630063363684927
ENSG00000179588,ZFPM1,-0.81454280587482,-1.8154341468757953
ENSG00000158545,ZC3H18,-0.652556380887155,-2.578365038288711
ENSG00000051523,CYBA,3.194647298851626,-2.34801534013415
ENSG00000167508,MVD,2.016588110855557,2.0361625729580033
ENSG00000158717,RNF166,3.4197625596315233,-0.10417089999759938
ENSG00000174177,CTU2,1.199885677991417,-0.30938972880155663
ENSG00000103335,PIEZO1,5.02828580723017,0.5591741485917927
ENSG00000198931,APRT,0.8284958585161211,0.07207629160142592
ENSG00000141012,GALNS,0.2230180542829867,-1.0132081680314922
ENSG00000167515,TRAPPC2L,-1.466174392872578,0.05550311011046527
ENSG00000129993,CBFA2T3,-2.4561585300499496,-1.127616951182607
ENSG00000176715,ACSF3,-2.4193982137567716,-2.596136213961299
ENSG00000170100,ZNF778,-4.047793144233568,-2.1031464829181377
ENSG00000167522,ANKRD11,-0.8523784416233375,-2.4567788999149793
ENSG00000167526,RPL13,2.887554686813619,1.4010321561434782
ENSG00000131165,CHMP1A,3.1253266389175267,0.9044745454912806
ENSG00000167523,SPATA33,-0.12121354062588989,-0.5593623603478879
ENSG00000185324,CDK10,-0.1351598646180231,0.051035786635272785
ENSG00000158792,SPATA2L,1.3986597669771084,-0.1904935152493536
ENSG00000075399,VPS9D1,1.1296573229436047,0.38772868009708095
ENSG00000158805,ZNF276,1.4359702466177857,-0.1574476882883305
ENSG00000187741,FANCA,2.45624360234777,0.7175637409667585
ENSG00000204991,SPIRE2,-0.7189699802401861,-1.095562501192279
ENSG00000141002,TCF25,0.10774539639075843,-0.8014131126058881
ENSG00000140995,DEF8,0.1923309602457635,-1.3397304799732723
ENSG00000003249,DBNDD1,6.872240765056892,0.5616289763848247
ENSG00000141013,DRC4,0.9486156013156251,-1.8920260401795785
ENSG00000181031,RPH3AL,-0.6816502120452961,-0.9780920661632342
ENSG00000187624,LIAT1,-0.6252836983988944,-1.5829211623936983
ENSG00000183688,RFLNB,0.9901361504635219,-0.19441466895629372
ENSG00000141252,VPS53,-1.1637451958471763,-1.7880628235680196
ENSG00000167695,TLCD3A,4.990809417996925,-0.6496912885519794
ENSG00000179409,GEMIN4,-7.291471600089705,-3.8865686512820927
ENSG00000167699,GLOD4,-1.5848983766146725,2.2182856332961647
ENSG00000171861,MRM3,-0.9636524301088234,0.6759173904557417
ENSG00000167693,NXN,1.6248679940486876,0.4460313240405073
ENSG00000177370,TIMM22,0.46404194321945047,-1.6956815377619958
ENSG00000159842,ABR,6.976916897803473,-0.9799183693672706
ENSG00000108953,YWHAE,-6.556054184959206,-2.4270686761536107
ENSG00000167193,CRK,-0.11380726139620521,1.456949901836316
ENSG00000197879,MYO1C,4.246242678482997,-0.5543622174290949
ENSG00000132376,INPP5K,1.848854004974196,0.7220952174451445
ENSG00000174238,PITPNA,2.8712407189890152,0.9507390187354627
ENSG00000167703,SLC43A2,3.975751848549207,-0.449077664178661
ENSG00000074660,SCARF1,1.411355678101569,-0.15934838784781566
ENSG00000167705,RILP,-1.5908024867334145,-0.7895464516241121
ENSG00000174231,PRPF8,-3.888865554546457,-2.361725635862342
ENSG00000185561,TLCD2,3.2356263868597503,0.6512221734434932
ENSG00000167716,WDR81,-0.8837261765664072,-1.1063585697360736
ENSG00000167711,SERPINF2,-4.707152088694151,-0.7574618413057
ENSG00000132386,SERPINF1,-4.1429874711596915,-0.041463882039127375
ENSG00000186532,SMYD4,-3.7463111948572534,-3.4677695295330913
ENSG00000132383,RPA1,-1.7092340289169965,-2.204583842104382
ENSG00000108963,DPH1,0.3975342185021505,0.6354206944175786
ENSG00000262664,OVCA2,2.3198320110362953,2.568833238869789
ENSG00000177374,HIC1,2.8635747697638587,-1.2866138659783593
ENSG00000070366,SMG6,-4.11251671648661,-4.848169527967355
ENSG00000167720,SRR,-1.868203247671305,0.4079038171051934
ENSG00000167721,TSR1,-1.4761835942587402,-0.6579343758940671
ENSG00000141258,SGSM2,0.6936534256469767,-0.08425036591529157
ENSG00000070444,MNT,0.2099903730454715,-2.4377227253848237
ENSG00000127804,METTL16,-4.030514088535881,-4.1509918658399
ENSG00000007168,PAFAH1B1,-0.33954427822491173,1.2038001985007787
ENSG00000132361,CLUH,-1.833109395654731,-0.9461825811782124
ENSG00000132359,RAP1GAP2,4.179352133905643,-3.0414083445049656
ENSG00000108381,ASPA,-6.239233072048205,-0.5325812621890551
ENSG00000167723,TRPV3,1.0559016821586469,0.2852226548690065
ENSG00000196689,TRPV1,-2.5147739207153514,-0.7847893392871161
ENSG00000197417,SHPK,-4.598397947854411,-2.130803949960995
ENSG00000040531,CTNS,4.531484170631216,1.3036368934565385
ENSG00000213977,TAX1BP3,10.347713346297402,1.3748830753071257
ENSG00000257950,P2RX5-TAX1BP3,6.990016927091482,0.28536479585654
ENSG00000127774,EMC6,-0.07898791381353243,1.125552445816352
ENSG00000083457,ITGAE,4.897832462054237,3.247568756238695
ENSG00000074356,NCBP3,0.5102201746644148,0.313113107313377
ENSG00000004660,CAMKK1,4.279101277385033,-0.6877847312955004
ENSG00000074370,ATP2A3,5.8991888968055255,-2.311890434500213
ENSG00000074755,ZZEF1,-5.171553387020477,-3.098793875486055
ENSG00000167740,CYB5D2,-6.558661893568253,-0.2909005673328682
ENSG00000185722,ANKFY1,-1.7577037534085533,-0.9413761950613756
ENSG00000132388,UBE2G1,-3.1493116512541133,0.4829414221296299
ENSG00000182557,SPNS3,0.4462895845531347,-1.653606274948784
ENSG00000183018,SPNS2,3.9861318922177538,0.25161714131523183
ENSG00000132382,MYBBP1A,2.36980698834803,-0.6369168943079723
ENSG00000141456,PELP1,-0.02616930167322779,-1.4288036249743299
ENSG00000141480,ARRB2,3.8161817351469467,0.9884030216910703
ENSG00000161920,MED11,-0.8013162961689797,0.15264916146163607
ENSG00000161921,CXCL16,2.3076147273847147,1.7264039405280354
ENSG00000141497,ZMYND15,5.47417328503468,1.477809967481073
ENSG00000142484,TM4SF5,1.8376952005186036,0.9194169483335741
ENSG00000182327,GLTPD2,-1.8419290093624037,-0.646981664302052
ENSG00000142507,PSMB6,-1.8476647134904751,0.3419445714311004
ENSG00000129219,PLD2,4.354698938835801,0.5460464612164071
ENSG00000141503,MINK1,1.890771577377084,-1.1010515170956343
ENSG00000108556,CHRNE,-1.2685883816488799,-0.7166343789264168
ENSG00000205710,C17orf107,-1.2437161087770416,-1.1648260721623687
ENSG00000185245,GP1BA,-2.0571973624372903,-2.2361882973379013
ENSG00000108528,SLC25A11,-0.6651161433489818,0.8266569777111028
ENSG00000108523,RNF167,-2.076092605009035,0.7987255037813443
ENSG00000108518,PFN1,1.5740248887694048,0.5123584856609343
ENSG00000108515,ENO3,-2.535578349156001,0.26720672286651936
ENSG00000091640,SPAG7,-1.1294471136819493,-0.4811284732239157
ENSG00000108509,CAMTA2,-0.6178911874366152,-2.0155303000298783
ENSG00000129250,KIF1C,-3.2233076211154494,-2.7433335311196934
ENSG00000180787,ZFP3,4.2221657502781245,1.3757642478364853
ENSG00000167840,ZNF232,0.13089095020820068,1.4003734344163572
ENSG00000129204,USP6,-0.10952225918445423,-0.30140864238838416
ENSG00000180626,ZNF594,-6.1488506639155105,-4.448967719075148
ENSG00000161929,SCIMP,-1.564481108304324,-4.091963930367819
ENSG00000029725,RABEP1,-5.387085680750497,-0.5456098843007191
ENSG00000108559,NUP88,-9.451910281537634,-2.25653073506809
ENSG00000129197,RPAIN,-4.463769956409098,-0.8339616200408613
ENSG00000108561,C1QBP,-2.7284560446303794,-0.08654403624554026
ENSG00000005100,DHX33,-2.172188035222186,0.8629872914793515
ENSG00000072849,DERL2,-0.6990084429432498,2.041929717679027
ENSG00000167842,MIS12,0.3751533312860132,1.7018791019345747
ENSG00000091592,NLRP1,5.6282036601685235,-0.24037878277717242
ENSG00000286190,ENSG00000286190,5.289063389618495,1.6136266856336934
ENSG00000179314,WSCD1,-2.0471748228473636,-2.6603166659219206
ENSG00000091622,PITPNM3,-8.341974742141646,-3.898905782642798
ENSG00000198920,KIAA0753,1.561957786900247,-0.19080190629092755
ENSG00000129235,TXNDC17,1.1141963000333814,1.83948104017885
ENSG00000108590,MED31,-1.733855695033189,1.4489765040416243
ENSG00000256806,C17orf100,-1.4823754846986936,0.5112523265980128
ENSG00000141485,SLC13A5,-5.898284074177164,-0.16582283761643418
ENSG00000132530,XAF1,-0.5872803583450092,0.238597093371766
ENSG00000108839,ALOX12,-1.8034581266832088,-1.6958035050984814
ENSG00000219200,RNASEK,3.412646091461411,1.7032343554841765
ENSG00000161939,RNASEK-C17orf49,3.531533037688351,1.7283374479956695
ENSG00000258315,BACC1,2.895003033259068,1.0045520975499806
ENSG00000161940,BCL6B,6.233519870397569,1.8125075199685217
ENSG00000174327,SLC16A13,-0.2852398261866413,0.08558035569000433
ENSG00000174326,SLC16A11,-0.2434072627372499,0.4090908291556134
ENSG00000132514,CLEC10A,5.29658534721667,1.2383853902600657
ENSG00000161944,ASGR2,-0.864912571136816,0.9396025095533368
ENSG00000141505,ASGR1,-1.4414655658861337,0.5645072885773448
ENSG00000132535,DLG4,0.7148929760556806,-1.3469916002624633
ENSG00000072778,ACADVL,1.2762806921802072,2.041588145358021
ENSG00000004975,DVL2,2.5476980249618366,0.443251353454191
ENSG00000040633,PHF23,4.434038521392404,2.7565876224848553
ENSG00000170296,GABARAP,1.601309455928636,2.023932758095959
ENSG00000175826,CTDNEP1,3.0810838635333333,1.4067419639236627
ENSG00000170291,ELP5,-1.4638091924859267,0.8589665426222491
ENSG00000181885,CLDN7,7.933660102793396,2.052447170967622
ENSG00000181856,SLC2A4,-3.839251781997482,-0.5168176142594196
ENSG00000006047,YBX2,-3.047911531777287,-1.0007007640644383
ENSG00000132507,EIF5A,-0.2170210815017434,0.1865959545194444
ENSG00000132522,GPS2,1.4733017198356155,1.738801078089934
ENSG00000215041,NEURL4,1.046387378377812,-0.30555915654289617
ENSG00000072818,ACAP1,3.738614464040216,-1.2802381286918616
ENSG00000213859,KCTD11,2.767064914234214,-1.133781045554169
ENSG00000174292,TNK1,-0.553750548905671,-1.3292610570893235
ENSG00000187838,PLSCR3,3.084424791731482,-0.6341412765805072
ENSG00000205544,TMEM256,-3.8077447617061067,-0.002500329217157566
ENSG00000169992,NLGN2,2.252859872553949,-0.633153166960539
ENSG00000181284,TMEM102,2.1201875287881795,0.7456212938659831
ENSG00000170175,CHRNB1,-2.8228502835507197,0.38530812081789423
ENSG00000174282,ZBTB4,4.982506745257358,-1.1961753396003008
ENSG00000181222,POLR2A,1.251078626510773,-0.91674837208092
ENSG00000239697,TNFSF12,6.190250819908733,0.6862785908415352
ENSG00000248871,TNFSF12-TNFSF13,6.636765670730239,0.5314964898215019
ENSG00000161955,TNFSF13,5.492714423596935,-0.027206257059789934
ENSG00000161956,SENP3,1.3697389157027196,0.5303953403160225
ENSG00000161960,EIF4A1,4.879220572532535,1.8628978980257047
ENSG00000129226,CD68,2.1788529703949244,-0.18867941360991405
ENSG00000129255,MPDU1,-1.3112327850699592,1.4346725115543033
ENSG00000129245,FXR2,-1.2099251042158499,-0.2667645672400812
ENSG00000129214,SHBG,2.1672114978159867,1.4551210581064464
ENSG00000141504,SAT2,-2.875651005064199,1.3080073413061544
ENSG00000129244,ATP1B2,2.9319373256757713,-1.6382496510123614
ENSG00000141510,TP53,2.1488656293935713,-0.03098470871113821
ENSG00000141499,WRAP53,-0.471667209317637,-0.9300312386110037
ENSG00000108947,EFNB3,4.8668500113789435,0.934390132261395
ENSG00000183914,DNAH2,7.2529864544061935,1.8714588854339271
ENSG00000132510,KDM6B,2.0273616252600157,-0.34500146373469326
ENSG00000183011,NAA38,-1.2449493927534119,-0.5075528846685451
ENSG00000182224,CYB5D1,-6.914382848437308,-2.208739038472173
ENSG00000170004,CHD3,7.11357274295688,-3.1693442404176215
ENSG00000179859,RNF227,2.8535641435154084,-0.9177459628294141
ENSG00000170049,KCNAB3,0.755947748378204,-0.03840757879887364
ENSG00000170043,TRAPPC1,0.8771275131611495,-1.8899861338804567
ENSG00000170037,CNTROB,0.5215575591516419,-0.48281752759191987
ENSG00000132518,GUCY2D,-1.483674655333175,-0.01627844779389788
ENSG00000179094,PER1,1.1569623196583152,0.840280955755309
ENSG00000220205,VAMP2,0.3277536792105075,-0.5481668929207364
ENSG00000179029,TMEM107,3.9705419291787067,0.08355440498471746
ENSG00000196544,BORCS6,1.5502082797096037,-0.15183658729100102
ENSG00000178971,CTC1,1.1977192793403146,-1.0327171725124493
ENSG00000178921,PFAS,0.1503320180772782,-0.49088297939347014
ENSG00000125434,SLC25A35,3.4264420837206537,0.39018337238625994
ENSG00000108961,RANGRF,3.75514819234136,1.204889698426431
ENSG00000198844,ARHGEF15,2.602763125557389,0.0904096806495379
ENSG00000184619,KRABD2,-0.708931789673463,-1.4180378321341696
ENSG00000161970,RPL26,-0.2235105204300732,0.7110391607814437
ENSG00000166579,NDEL1,-3.5163609259085593,0.35936972087623853
ENSG00000133026,MYH10,1.9834931402176725,-1.8043821880670672
ENSG00000276231,PIK3R6,4.192489773024559,-0.8267008816906264
ENSG00000141506,PIK3R5,5.448352703335345,-2.5142432299274753
ENSG00000065320,NTN1,-2.5392243886322183,-1.5631585698543224
ENSG00000170310,STX8,-1.219242854168416,0.9318104476076386
ENSG00000154914,USP43,1.1100697811516682,0.7447693069205734
ENSG00000065325,GLP2R,-6.031340754833174,-4.3312518123472605
ENSG00000007237,GAS7,5.999193482900188,-3.004099222796405
ENSG00000109063,MYH3,-2.029600842301814,-0.5583217077523732
ENSG00000133028,SCO1,-6.018036078393614,-1.9211833118460668
ENSG00000170222,ADPRM,-5.981287186435527,-1.930936495574446
ENSG00000187824,TMEM220,-6.70733886054034,-0.10715856764554574
ENSG00000154957,ZNF18,-1.022240458315979,1.790913673578982
ENSG00000065559,MAP2K4,-1.2257731655660224,1.5699864758240203
ENSG00000006740,ARHGAP44,1.6222739925030594,-3.9446194846736895
ENSG00000006744,ELAC2,0.9890540422213846,1.0591998765312074
ENSG00000153976,HS3ST3A1,-7.387753384203171,-5.386730477446276
ENSG00000006695,COX10,-2.10918794380813,-0.5995410385849992
ENSG00000125430,HS3ST3B1,-5.909833691150095,-1.322105576918
ENSG00000109099,PMP22,8.07900651341381,-0.6552480399013291
ENSG00000239704,CDRT4,-0.750069838524875,-0.8651709964528673
ENSG00000259024,TVP23C-CDRT4,-1.7248451396513278,-1.2140055348552132
ENSG00000175106,TVP23C,-1.671436073266628,-0.7987361283848972
ENSG00000221926,TRIM16,-0.36075301876790367,-1.5321264843169597
ENSG00000187607,ZNF286A,0.6864203094129009,-1.8604386334307972
ENSG00000170425,ADORA2B,-2.5776235145611164,-2.9346333863352094
ENSG00000214941,ZSWIM7,-2.0246150178588866,0.5007424220406831
ENSG00000011295,TTC19,-5.869267354107905,-0.5784898634377811
ENSG00000141027,NCOR1,-6.404204006253336,-3.073064720592755
ENSG00000108474,PIGL,-4.364865386367658,-0.361312485389519
ENSG00000166582,CENPV,-7.559703922205944,-1.0585190915449358
ENSG00000170315,UBB,-7.079938069465689,-4.155439987864817
ENSG00000187688,TRPV2,6.826935480552251,-0.3774974682403751
ENSG00000181350,LRRC75A,0.7546907273854044,0.5766032654042079
ENSG00000141040,ZNF287,0.5858994294024866,-2.4289846961044987
ENSG00000197566,ZNF624,0.6544453517617753,-0.56903786580705
ENSG00000170160,CCDC144A,-0.004596231513053079,1.0363430347495513
ENSG00000133030,MPRIP,0.08198523886547034,-2.179112957113501
ENSG00000179598,PLD6,-4.7927393587614935,-1.2360490379996991
ENSG00000154803,FLCN,-2.143006150991533,-2.8595267025826034
ENSG00000141030,COPS3,-0.5634645838278952,2.2764508698527353
ENSG00000205309,NT5M,-1.4501495419030004,-1.3032254971988262
ENSG00000141026,MED9,4.1347533119490345,3.0375011520240016
ENSG00000108551,RASD1,7.378187192765191,2.8402464448251337
ENSG00000133027,PEMT,-3.9584348424260227,-2.4896481889637836
ENSG00000108557,RAI1,1.6224982019978704,-1.320688733488313
ENSG00000072310,SREBF1,-3.467136359669104,-2.5395474370137143
ENSG00000175662,TOM1L2,-0.7060757589957343,-1.8143303135451865
ENSG00000171962,DRC3,-0.740577068895051,-3.77612527186952
ENSG00000171953,ATPAF2,-3.1926620934727583,-0.8554649877537198
ENSG00000141034,GID4,-5.182488365006528,-1.0979822413878075
ENSG00000108591,DRG2,-1.194194670980456,-0.09455261701393657
ENSG00000091536,MYO15A,-2.3119642441603725,-0.41353125767320426
ENSG00000091542,ALKBH5,-2.8510918272118975,-0.3240187683768806
ENSG00000131899,LLGL1,2.6408778754273325,-2.276950025523015
ENSG00000177731,FLII,3.5039238470962646,-0.578014038102345
ENSG00000177427,MIEF2,0.012962067309778932,-1.6201282521692106
ENSG00000177302,TOP3A,-2.9787358101874126,-1.9546948193387432
ENSG00000176994,SMCR8,-1.6680007567846793,2.9725809195455444
ENSG00000176974,SHMT1,-4.57842804109625,1.1370654341416173
ENSG00000240445,FOXO3B,-1.9082132788952983,-2.6565598050901427
ENSG00000171928,TVP23B,-2.3333157645325615,-0.0656524344659694
ENSG00000141127,PRPSAP2,-0.4973009200458995,2.8048163791013963
ENSG00000154025,SLC5A10,2.8942952284574575,1.2955126288860395
ENSG00000188522,FAM83G,4.473535544423195,2.1406237201257023
ENSG00000154016,GRAP,0.5809837678685099,-1.0919557813364509
ENSG00000189152,GRAPL,-3.8597922936727356,-5.046953695725759
ENSG00000072134,EPN2,-2.430755127947794,-3.7818486886831466
ENSG00000108641,B9D1,-5.883660777280409,-4.080015171275422
ENSG00000166484,MAPK7,8.475083064862563,1.791024236214181
ENSG00000166482,MFAP4,10.98229292927913,2.6900132212496306
ENSG00000128482,RNF112,5.590217019083525,0.00988261349367118
ENSG00000142494,SLC47A1,-11.110079749462871,-2.4130654129350346
ENSG00000072210,ALDH3A2,-6.939312940026876,-0.2546079873875876
ENSG00000180638,SLC47A2,-5.7132147010352,-3.007136206156829
ENSG00000083290,ULK2,-0.03706554644205612,-0.6774587345122781
ENSG00000108599,AKAP10,-1.3236478724311773,-1.1340885362504065
ENSG00000128487,SPECC1,7.610255434299914,-1.5655847191323173
ENSG00000124422,USP22,0.1091326477871259,-1.726621774926247
ENSG00000109016,DHRS7B,5.158278127349518,2.67171165032689
ENSG00000178307,TMEM11,-0.6843189431333252,-0.49482849196034445
ENSG00000274180,NATD1,-1.2151104513200162,-1.8533037743753982
ENSG00000034152,MAP2K3,1.7098709477904512,1.3361394133609732
ENSG00000109046,WSB1,4.572120563304342,-0.6569368010071982
ENSG00000141068,KSR1,4.343124655200682,-0.3186707529155576
ENSG00000168961,LGALS9,6.694750232874168,0.6776184932186162
ENSG00000232859,LYRM9,-2.978752345711788,-1.8832543743148362
ENSG00000087095,NLK,0.04458299840728028,1.6117900646556327
ENSG00000109084,TMEM97,-0.8132832833223761,3.01791723315822
ENSG00000109083,IFT20,-0.6622779150310742,1.5060610840732724
ENSG00000109079,TNFAIP1,1.9459300473189274,1.5136724679179663
ENSG00000004142,POLDIP2,-3.826930559608419,0.40373024357620674
ENSG00000244045,VMA12,2.496035746015952,2.230673652171447
ENSG00000004139,SARM1,-10.278287620821269,-5.0287189009073385
ENSG00000109072,VTN,-1.5478537245995583,0.013759187059814803
ENSG00000076351,SLC46A1,-10.924205889524004,-4.39573571686106
ENSG00000167524,RSKR,-1.385808561789374,-0.8553456978289561
ENSG00000109103,UNC119,6.08454098960501,2.973027241722164
ENSG00000087111,PIGS,3.7536627819460318,-0.3241029082008865
ENSG00000109107,ALDOC,-1.0244678143075199,1.3484614096444412
ENSG00000076382,SPAG5,0.07138776186896037,1.126342831471528
ENSG00000007202,BLTP2,-5.302783593218885,-3.8771452957969585
ENSG00000132581,SDF2,-0.9026856249354603,-0.33646168000384624
ENSG00000109111,SUPT6H,-2.16816659155392,-1.602392870638814
ENSG00000109113,RAB34,9.454344035898005,1.3855300848540841
ENSG00000198242,RPL23A,-0.021665364797909186,-0.7240261283410083
ENSG00000160606,TLCD1,3.2278587395499887,2.8646545104110572
ENSG00000160602,NEK8,2.745271376954096,1.7199458485688977
ENSG00000076604,TRAF4,2.440869052284334,1.9307771277513752
ENSG00000173065,FAM222B,2.0416254253952797,-0.271633538370429
ENSG00000132591,ERAL1,-1.0478118858246983,1.0796434619324833
ENSG00000132589,FLOT2,2.8219844309612485,-1.1022165549613852
ENSG00000167536,DHRS13,2.129786854117306,-0.11965792155015721
ENSG00000109118,PHF12,0.9130760962078688,-0.8493555463797964
ENSG00000179761,PIPOX,-7.9734463241779565,-0.11176542982956543
ENSG00000196535,MYO18A,-2.072744924053742,-1.2254122139675747
ENSG00000108256,NUFIP2,1.328323419612101,1.5304158791119091
ENSG00000160551,TAOK1,1.0079637190566306,0.8357216841052493
ENSG00000168792,ABHD15,-11.672983181769071,-2.7201269420628424
ENSG00000167543,TP53I13,-0.9716280097037497,-0.3318993625735774
ENSG00000108262,GIT1,3.098972799501279,-0.5496623587063793
ENSG00000141298,SSH2,3.151915548798318,-0.14543235881985078
ENSG00000126653,NSRP1,-1.1121210753738562,-0.7501165602039065
ENSG00000108578,BLMH,0.8814109115708039,-0.4636172099816359
ENSG00000108582,CPD,0.10296815734359814,-0.457501361213086
ENSG00000108587,GOSR1,-6.650820944243926,-2.3303946965325064
ENSG00000176390,CRLF3,1.6047845133837613,-2.1147498476712996
ENSG00000176208,ATAD5,-0.04401220714524908,0.34369806007126014
ENSG00000172171,TEFM,-1.1232580415959537,1.0680232911261658
ENSG00000184060,ADAP2,0.7376010510879706,-2.5543156430080463
ENSG00000181481,RNF135,2.791135765779102,0.5541063492266523
ENSG00000196712,NF1,-1.9825316152103474,-0.8783350943999895
ENSG00000185862,EVI2B,3.909193267349631,-0.6037975635900341
ENSG00000126860,EVI2A,6.471752813616052,1.6497640633258455
ENSG00000131242,RAB11FIP4,-2.6069883798928166,-1.8092990783231602
ENSG00000172301,COPRS,1.1764775528269156,2.7804268879612914
ENSG00000108651,UTP6,0.8417850101346337,1.9616919349234303
ENSG00000178691,SUZ12,0.19898889594829747,1.333541725856674
ENSG00000185158,LRRC37B,2.010590505509891,-0.14408437118130896
ENSG00000126858,RHOT1,-3.7698211680126064,0.13968662859939096
ENSG00000108666,C17orf75,-2.269008688104192,1.4227638288201219
ENSG00000010244,ZNF207,-3.860555505410533,-2.189894279592262
ENSG00000108671,PSMD11,-1.1746818205646452,0.8343788657292667
ENSG00000176749,CDK5R1,-0.1810038976501425,-1.3050808505102809
ENSG00000176658,MYO1D,1.8951614309470253,-2.5730474885653694
ENSG00000006042,TMEM98,0.6949557315775178,-1.5051270089327242
ENSG00000108691,CCL2,12.220626858665577,3.950101872210717
ENSG00000132141,CCT6B,-7.812135312937922,-2.6015990934635433
ENSG00000198783,ZNF830,-0.9975371822200171,-0.543991521470861
ENSG00000005156,LIG3,-6.843222465016621,-3.8997897795980236
ENSG00000092871,RFFL,1.0473793101365207,1.4114559545410879
ENSG00000185379,RAD51D,-1.5298888846773644,-3.445141333259162
ENSG00000073536,NLE1,-3.4701680014383802,-3.370350872144395
ENSG00000166750,SLFN5,4.3085468167888115,-0.5397478181745893
ENSG00000172716,SLFN11,10.837000588658837,2.3598793567233525
ENSG00000172123,SLFN12,6.973980729863607,0.6064302689702641
ENSG00000154760,SLFN13,8.95029652820721,-0.0061000854169894194
ENSG00000108733,PEX12,-4.550609557389985,-0.033979162205141016
ENSG00000006125,AP2B1,0.4101487659386123,-0.44494726647804983
ENSG00000270647,TAF15,-3.7520301054603165,-2.793488543579908
ENSG00000271503,CCL5,6.683503877798165,1.017993392449175
ENSG00000275152,CCL16,-0.9447415122404806,2.6827284369774613
ENSG00000276409,CCL14,-3.4039967766277828,-1.7948423861172196
ENSG00000275718,CCL15,0.21706945764054325,0.8339300364644658
ENSG00000274736,CCL23,-8.301370946233657,-5.081847768014425
ENSG00000275385,CCL18,4.218431692333917,0.171313305192308
ENSG00000277632,CCL3,5.308788749658854,1.6872774692350436
ENSG00000275302,CCL4,6.913168477544997,1.9321936043603962
ENSG00000274808,TBC1D3B,-0.45355220142292557,-0.3024927432432496
ENSG00000276085,CCL3L3,2.0384855250536806,0.8963687854793988
ENSG00000276070,CCL4L2,4.178065757463778,1.8833937600684678
ENSG00000274933,TBC1D3I,0.14787677485648876,0.48833059776146825
ENSG00000260287,TBC1D3G,-0.6859577497975647,0.17741685752952482
ENSG00000274226,TBC1D3H,-0.3246951046014674,-0.06510024294207382
ENSG00000275954,TBC1D3F,-0.021231096837753153,0.3268415619691923
ENSG00000273611,ZNHIT3,-5.4255206440597314,-1.0216620791207776
ENSG00000278259,MYO19,2.2013667024836585,1.1731160383140236
ENSG00000277161,PIGW,-2.502901773866898,-0.5570035000400302
ENSG00000278311,GGNBP2,-3.721609413374568,-0.8936235507129487
ENSG00000278535,DHRS11,-0.23256105439252917,1.4287114548606772
ENSG00000278619,MRM1,-2.149961946990366,-1.3227627352223315
ENSG00000275700,AATF,-1.2617405757133655,-2.3614832638026657
ENSG00000278540,ACACA,-4.215553687335117,-0.8922026955177251
ENSG00000276234,TADA2A,-1.8969772981047912,-1.6851359097015082
ENSG00000276023,DUSP14,0.7893376816089702,5.1807550019696
ENSG00000275066,SYNRG,-1.2649408955495818,-1.2091733137547422
ENSG00000278053,DDX52,3.9759329805146066,3.3628609382819032
ENSG00000275410,HNF1B,4.365814094671961,-1.813756245777258
ENSG00000273513,TBC1D3K,-0.6914246874785918,-0.2180008622660761
ENSG00000274512,TBC1D3L,0.7478940403789862,0.7297692055698637
ENSG00000274419,TBC1D3D,-0.25881594931919677,0.10135733834560254
ENSG00000278299,TBC1D3C,0.5463861077104039,0.6011851970260206
ENSG00000278599,TBC1D3E,-1.1569545828508763,0.3491855409455718
ENSG00000274611,TBC1D3,0.2287422150401428,0.44924101407016265
ENSG00000278845,MRPL45,-4.4673745441618555,0.42051238973030647
ENSG00000274211,SOCS7,-5.163489143208429,-4.027438663035728
ENSG00000275832,ARHGAP23,4.936388965658205,-1.7195756525666732
ENSG00000277363,SRCIN1,-1.1954990405744497,-2.644833469087424
ENSG00000273604,EPOP,0.3392940418614999,1.16461428219317
ENSG00000275023,MLLT6,-0.11291525046374792,-2.8954830914321064
ENSG00000277972,CISD3,-4.666428035033597,-1.9925785394475666
ENSG00000277258,PCGF2,1.8648303667102175,0.2545458428351259
ENSG00000277791,PSMB3,1.351681812236684,2.3528804710785054
ENSG00000276293,PIP4K2B,-3.9619535335848957,-2.146623680419293
ENSG00000273559,CWC25,-0.09736790367236481,1.303409490588045
ENSG00000125691,RPL23,0.10900862832208454,-0.11979764176172236
ENSG00000002834,LASP1,6.294337107683938,2.2046308877595435
ENSG00000263874,LASP1NB,1.5356852133781158,-0.4364442242551546
ENSG00000161381,PLXDC1,5.000864925667622,-1.5070984598146016
ENSG00000108298,RPL19,0.09494423593238735,-0.27896874430932095
ENSG00000108306,FBXL20,-1.1650091469147912,0.6996398899506554
ENSG00000125686,MED1,-1.0250597137717175,-0.02622278342130873
ENSG00000167258,CDK12,-2.877218576583451,-0.7536369268363764
ENSG00000131748,STARD3,0.6586436487312333,-0.33551031964471634
ENSG00000161395,PGAP3,-2.135906747158984,-0.28854619403304527
ENSG00000141736,ERBB2,1.4195116013088287,-0.3033409410554645
ENSG00000141741,MIEN1,-0.2727632014209873,1.7039828487225717
ENSG00000141738,GRB7,-2.498915369994725,-1.877585275351458
ENSG00000161405,IKZF3,6.095705416774105,0.37551251149887005
ENSG00000073605,GSDMB,-0.8491581465038754,0.7814629410770011
ENSG00000172057,ORMDL3,-4.832762326858798,-1.4774232528803246
ENSG00000204913,LRRC3C,-4.882441542784755,-1.09623818688097
ENSG00000108344,PSMD3,-1.954480206740149,-0.6030141141267827
ENSG00000008838,MED24,-0.11670699922287976,-0.353182948098099
ENSG00000126351,THRA,-1.6481649640895912,-3.926475073656645
ENSG00000126368,NR1D1,0.4521160807330943,0.4774097142343003
ENSG00000188895,MSL1,0.15329623513954793,1.8086474445651537
ENSG00000108349,CASC3,0.18359521990634312,-0.9600938923501477
ENSG00000108352,RAPGEFL1,-5.333374771224384,-2.74272247314253
ENSG00000171475,WIPF2,-1.8173325504912456,-3.546287630699908
ENSG00000094804,CDC6,5.600211586979844,2.0731860211281674
ENSG00000131759,RARA,-0.27004099614270166,-1.4162963912571986
ENSG00000183153,GJD3,1.0040738142469525,-0.9586458862420395
ENSG00000131747,TOP2A,8.222810892548676,3.522318962706644
ENSG00000141753,IGFBP4,-2.2654920124741524,-0.340512354790629
ENSG00000126353,CCR7,4.951529793515659,-0.49427567429786096
ENSG00000073584,SMARCE1,-1.2351845654322238,-0.5558466766920627
ENSG00000213424,KRT222,1.8307345777632476,0.7461583631961607
ENSG00000186395,KRT10,-2.4560858075954304,-0.5354137244473327
ENSG00000171345,KRT19,3.7961439520478253,-5.854706271483818
ENSG00000173812,EIF1,0.6360934243839544,0.8028036376505124
ENSG00000173801,JUP,-1.0110381899092684,-1.6734417582536496
ENSG00000141696,P3H4,3.5880583551117744,-0.98267910649891
ENSG00000141756,FKBP10,8.57191688755456,0.7370477936889999
ENSG00000141698,NT5C3B,-3.8689168127734987,-0.3973104887541542
ENSG00000178502,KLHL11,-0.9043484297435749,0.4618320370032963
ENSG00000131473,ACLY,5.901803303373427,2.5796575302718976
ENSG00000173786,CNP,-0.5943157849179241,-1.0847184229380313
ENSG00000168259,DNAJC7,-4.167389113289648,-1.5816505986775204
ENSG00000168256,NKIRAS2,2.0026382885484044,0.5600091514471881
ENSG00000108771,DHX58,-0.6653023430932785,0.14590607453458096
ENSG00000108773,KAT2A,1.4308637967160234,1.1000712231413086
ENSG00000108774,RAB5C,0.5622170503687844,-0.3427187623446159
ENSG00000167925,GHDC,-0.15598365113808813,-1.0452998448737283
ENSG00000173757,STAT5B,-7.5635662569628,-3.2187658702065556
ENSG00000126561,STAT5A,1.9937169393593894,-2.7198635667485695
ENSG00000168610,STAT3,2.7312448264899585,0.8798672530875531
ENSG00000177469,CAVIN1,7.731270698169378,-0.8486691105465844
ENSG00000033627,ATP6V0A1,2.639733397440428,0.5479986360317188
ENSG00000108784,NAGLU,-0.709748455703996,-0.1652046213876937
ENSG00000068120,COASY,-1.6153522844824801,-0.7194597651720599
ENSG00000108788,MLX,-3.1870992474976276,0.7586805269499499
ENSG00000131470,PSMC3IP,-0.2636110553888922,2.6232438859562306
ENSG00000141699,RETREG3,-3.223219365839206,0.2774288524898307
ENSG00000131462,TUBG1,2.4911455216033,0.4274757379883688
ENSG00000037042,TUBG2,2.810884674903991,0.6042110901563732
ENSG00000068137,PLEKHH3,-1.6313781263319949,-1.441937806083212
ENSG00000108797,CNTNAP1,4.194332145497563,-1.840713082368857
ENSG00000108799,EZH1,-2.2169012933701238,-2.8811242378754445
ENSG00000131477,RAMP2,5.631647586836217,1.6242309874932799
ENSG00000131475,VPS25,0.24530823546853647,0.9706110560142767
ENSG00000183978,COA3,-0.4248350057731988,1.6597517207998271
ENSG00000176563,CNTD1,4.345234134239621,3.8625877427212285
ENSG00000126581,BECN1,2.1942514328921074,0.1494897406609291
ENSG00000131467,PSME3,5.0707230414927835,2.3541119197003457
ENSG00000131480,AOC2,1.413190192927674,2.17410660362684
ENSG00000131471,AOC3,2.1623452021363874,-3.599946033581846
ENSG00000131482,G6PC1,-2.189926567643028,-0.6462930011595602
ENSG00000266967,AARSD1,-0.5630106662354304,-0.758364374372458
ENSG00000108825,PTGES3L-AARSD1,-0.5786228040708492,-0.7899433801406379
ENSG00000198863,RUNDC1,2.969558916156022,-1.07376407738975
ENSG00000131469,RPL27,1.0660563172791149,0.8809760269687783
ENSG00000108828,VAT1,4.008177333673586,0.8698439981666056
ENSG00000068079,IFI35,0.8297221288957122,-1.1134607318765735
ENSG00000108830,RND2,-8.200751025428154,-2.263967506775981
ENSG00000012048,BRCA1,-6.177428806547152,-3.2536667869079774
ENSG00000188554,NBR1,-4.464253402840758,-0.8356602246404247
ENSG00000184988,TMEM106A,0.7183313474098124,-2.9574471968979608
ENSG00000175906,ARL4D,-4.7037753384481995,-0.2823905779142224
ENSG00000067596,DHX8,0.8395889277267853,-1.0405402219806195
ENSG00000175832,ETV4,5.985235242358264,-2.5450686999177363
ENSG00000108861,DUSP3,-3.2114104485784503,-0.19006338851969612
ENSG00000161647,MPP3,4.35459480600182,-0.8601603815089692
ENSG00000161653,NAGS,-6.339546833524719,-2.290239967980465
ENSG00000091947,TMEM101,-4.87875902915431,-3.4617329333332636
ENSG00000161654,LSM12,-2.0213433049844207,1.6078185311821411
ENSG00000141349,G6PC3,3.0967412046423624,0.5863185928038346
ENSG00000108840,HDAC5,-1.14835224663026,-1.7035554464467653
ENSG00000125319,HROB,0.6446588366663598,-0.5973125077831191
ENSG00000161664,ASB16,-0.7491519934049973,-3.34387361616582
ENSG00000168591,TMUB2,0.6461683623660125,0.46183911509224346
ENSG00000087152,ATXN7L3,1.1589867322650604,-0.30869966042094077
ENSG00000108312,UBTF,-0.3530948837466492,-1.9188414654242054
ENSG00000013306,SLC25A39,1.2122758245738117,1.2650016089437714
ENSG00000030582,GRN,3.0076401914558795,-0.4536273046223977
ENSG00000186566,GPATCH8,-2.327587602263861,-2.2032275716015297
ENSG00000180336,MEIOC,-1.1502322970398946,1.0775914920767018
ENSG00000180329,CCDC43,-0.41138863385325125,-0.2586563605001742
ENSG00000161692,DBF4B,-0.1721674391454018,-1.4328159301182588
ENSG00000182963,GJC1,2.4706633504431665,-1.0933750108612588
ENSG00000108883,EFTUD2,2.301228498652564,-0.05131242022007027
ENSG00000136448,NMT1,-3.192042816137465,0.2058614025689827
ENSG00000172992,DCAKD,-2.8454009848106057,-0.18796932705837566
ENSG00000181513,ACBD4,-2.430406783960683,-0.4845115249040146
ENSG00000186834,HEXIM1,-2.48871279699843,-0.8625408149641498
ENSG00000168517,HEXIM2,-5.905603187029893,-2.870997857118318
ENSG00000184922,FMNL1,5.9817755113588165,-1.239061362464457
ENSG00000006062,MAP3K14,2.730401846082654,0.25060969464181276
ENSG00000159314,ARHGAP27,8.813648197475093,1.8811972559017769
ENSG00000225190,PLEKHM1,1.8618375680263104,-0.6865914175785907
ENSG00000120071,KANSL1,-2.550154643824451,-2.6846398293379456
ENSG00000228696,ARL17B,-0.3833262399725729,0.09762906308806231
ENSG00000176681,LRRC37A,0.792795178061151,0.9192214298025395
ENSG00000185829,ARL17A,-0.2776019855428547,-0.07703236064970696
ENSG00000238083,LRRC37A2,0.9419903149797907,0.8190541422943971
ENSG00000073969,NSF,-0.6143338797858244,-0.9546615521701385
ENSG00000108379,WNT3,1.6926937279147758,2.8711278383914376
ENSG00000108433,GOSR2,0.15421791019874267,0.09877129281428096
ENSG00000004897,CDC27,0.8272842753332134,1.942768829467332
ENSG00000259207,ITGB3,0.47555258853596427,-0.8501646479890014
ENSG00000178852,EFCAB13,-3.147737570879404,-1.2019448769961367
ENSG00000141279,NPEPPS,-2.162781924855921,-1.059672253874635
ENSG00000108424,KPNB1,-4.922302272038006,-4.475898279426063
ENSG00000198933,TBKBP1,3.403573099508057,-1.0911587363314232
ENSG00000073861,TBX21,3.046456220766144,-0.8015222946108219
ENSG00000006025,OSBPL7,5.667947124535899,-0.7333301398589048
ENSG00000159111,MRPL10,-2.0459146197039257,-0.8252390996569127
ENSG00000141294,LRRC46,-1.087306748197529,-0.39870111986663814
ENSG00000141295,SCRN2,0.4045525890983855,0.3951921360801036
ENSG00000167182,SP2,-0.9705403197373061,-2.687169167247551
ENSG00000108439,PNPO,-3.9183611381807664,1.5930117839814164
ENSG00000167183,PRR15L,5.006593043225339,-1.838680137386271
ENSG00000108465,CDK5RAP3,0.31804539556416667,0.8538415781730354
ENSG00000005243,COPZ2,-1.6946818091109421,0.6364836216788661
ENSG00000082641,NFE2L1,-2.322871541077488,-0.9886235263878754
ENSG00000108468,CBX1,-1.3344751483091284,-2.9278366860878973
ENSG00000002919,SNX11,1.6854113810140479,1.07568188640934
ENSG00000141293,SKAP1,-3.8052761940979454,1.391361344086509
ENSG00000173917,HOXB2,5.4472442351102215,0.8557908830014181
ENSG00000120093,HOXB3,2.480484862703369,-2.907761550754036
ENSG00000182742,HOXB4,3.6205238224946727,-2.4268405760494716
ENSG00000136436,CALCOCO2,-6.090340797151345,-0.7005241085549629
ENSG00000159199,ATP5MC1,0.3111256795981988,1.963641768747166
ENSG00000159202,UBE2Z,6.330958625024961,2.562235209333103
ENSG00000159210,SNF8,-0.621676551307523,0.7111053814548337
ENSG00000108798,ABI3,1.5532727131464037,-3.423206439361998
ENSG00000198740,ZNF652,-2.659788596811368,1.196631923862588
ENSG00000167085,PHB1,-0.8290343918429248,0.17999022233127004
ENSG00000064300,NGFR,0.11882098937921759,-4.864350646440773
ENSG00000121067,SPOP,-4.972536260021519,-1.2884250496158398
ENSG00000121073,SLC35B1,-0.8069821678317581,1.1348639844653292
ENSG00000121104,FAM117A,-4.363421070072256,-1.1886756951550248
ENSG00000136504,KAT7,-5.66809150507956,-3.2078448110290054
ENSG00000005884,ITGA3,8.423398318177275,-3.0137293350674415
ENSG00000005882,PDK2,-4.359059413691314,-0.5443594437359797
ENSG00000167100,SAMD14,-2.486465808543158,0.048272154839494597
ENSG00000108819,PPP1R9B,4.469470490852054,0.5589275112202503
ENSG00000108823,SGCA,5.01301295585064,0.4532429800541377
ENSG00000108821,COL1A1,11.095402023444745,3.9158180798149766
ENSG00000167105,TMEM92,8.401427804089536,4.668046019021678
ENSG00000015532,XYLT2,-0.17813915284899934,-1.6090492121397024
ENSG00000108826,MRPL27,2.9704569500932156,2.6648602112869204
ENSG00000154920,EME1,4.119462966769438,3.2737809497018753
ENSG00000108829,LRRC59,0.5952659120570157,-0.11905180705736176
ENSG00000167107,ACSF2,-3.6697913703354113,0.2353186507338984
ENSG00000136457,CHAD,-4.151920936987501,-1.0683693994116703
ENSG00000136444,RSAD1,-3.2098243089192486,-0.0019450259711875225
ENSG00000006282,SPATA20,1.4304713974972563,0.9494070108231399
ENSG00000108846,ABCC3,0.7327611620814307,0.8151057264588473
ENSG00000154945,ANKRD40,-0.6564191107362174,-0.9547041591910003
ENSG00000108848,LUC7L3,0.050695153786705464,0.988753506345445
ENSG00000141232,TOB1,-2.916764268305647,0.11544504174455598
ENSG00000008294,SPAG9,-6.159539851745336,-2.135038614349541
ENSG00000239672,NME1,2.6014879568582576,2.017078338266266
ENSG00000011052,NME1-NME2,3.805156573416221,1.9079390910378211
ENSG00000243678,NME2,3.324279305470427,1.5812360313571492
ENSG00000011258,MBTD1,-4.736353536514966,-0.5234920617374592
ENSG00000011260,UTP18,-0.4998776878898341,-0.3661558402771932
ENSG00000141198,TOM1L1,-6.016057207810933,-1.6170215876955605
ENSG00000166260,COX11,-4.5555168011474345,-0.19693146574306444
ENSG00000166263,STXBP4,3.7070254382380647,0.9234997418563509
ENSG00000108924,HLF,-4.434392138949789,0.7339907258488169
ENSG00000108960,MMD,6.480322062027401,3.8151946800974867
ENSG00000166292,TMEM100,6.8422264459722735,2.492082375620438
ENSG00000141179,PCTP,-4.637081013437781,-0.013643538588214767
ENSG00000214226,C17orf67,-0.29448491492089973,0.9266722122381218
ENSG00000153933,DGKE,-1.2838331579533129,-0.566645768772289
ENSG00000121060,TRIM25,-4.533517456870984,-1.6855486954021621
ENSG00000121058,COIL,-3.097740957662919,0.3116270261654171
ENSG00000121064,SCPEP1,9.97673947191815,4.101722248884533
ENSG00000121057,AKAP1,-8.272053556242042,-2.376243423015122
ENSG00000153944,MSI2,1.9825419700258808,-0.7860366316825408
ENSG00000181610,MRPS23,-0.293362059667722,0.058923039568967474
ENSG00000180891,CUEDC1,4.478414273529215,-1.394935225445517
ENSG00000136451,VEZF1,2.0848593611648525,0.42937815967264364
ENSG00000136450,SRSF1,-2.1219111356452367,0.4995214756588374
ENSG00000264364,DYNLL2,-7.87758326243135,-3.093479372356716
ENSG00000011143,MKS1,-0.26322323015015037,0.9205051958075516
ENSG00000005379,TSPOAP1,-0.8513501709375288,-1.8679679257265218
ENSG00000213246,SUPT4H1,-1.273986455570104,1.8145024914884322
ENSG00000108375,RNF43,-5.587854689036872,-1.6329692755126959
ENSG00000108389,MTMR4,-8.25344918356,-1.2395034294519953
ENSG00000108387,SEPTIN4,-0.3013841652764912,0.05954015023751835
ENSG00000121101,TEX14,-2.9411715104854688,-2.041115852210087
ENSG00000108384,RAD51C,1.409736678683951,2.91124286256516
ENSG00000175175,PPM1E,-7.867486644157309,-3.0724833573849923
ENSG00000108395,TRIM37,-1.179291976445994,-0.4614773116863266
ENSG00000182628,SKA2,3.5071416425709305,3.3533778006550023
ENSG00000068489,PRR11,3.1144254235484903,-0.15332470640966478
ENSG00000167447,SMG8,-2.1296164177172656,-0.885070215373631
ENSG00000153982,GDPD1,3.039210339609992,1.1048023802860105
ENSG00000175155,YPEL2,-3.220000611433366,-1.670734692827645
ENSG00000108406,DHX40,-2.2319472347214573,-0.5708799633025607
ENSG00000141367,CLTC,-0.27922767094360756,1.3259251533264234
ENSG00000141378,PTRH2,0.2372412257518854,1.9598222609288078
ENSG00000062716,VMP1,7.435313735358557,4.549127655208655
ENSG00000108423,TUBD1,-2.8676912767230207,0.3664220281858332
ENSG00000108443,RPS6KB1,-3.3764741879676947,-0.07669413458536146
ENSG00000189050,RNFT1,0.2757066516930953,2.3570647142466217
ENSG00000068097,HEATR6,0.9337383292046517,-0.15246510763934276
ENSG00000167434,CA4,0.4876583663985348,1.269296553163234
ENSG00000170832,USP32,-2.3169345588762775,-0.5206509239707873
ENSG00000062725,APPBP2,-1.6149598413004749,-0.139884049323151
ENSG00000170836,PPM1D,3.4486189297680094,1.915715370649559
ENSG00000141376,BCAS3,-6.104463271694161,-2.794415511754991
ENSG00000121068,TBX2,3.6485740052889946,-2.4968006914314356
ENSG00000136492,BRIP1,-3.966242467682562,0.5371282969718361
ENSG00000108506,INTS2,-2.0300585626804475,-0.6815109479885403
ENSG00000108510,MED13,-5.038608752430274,-1.0698386449921087
ENSG00000087995,METTL2A,-5.194946228115909,-2.1251218853835057
ENSG00000146872,TLK2,-3.8162744182412682,-1.3556529532567136
ENSG00000011028,MRC2,8.625244339987463,2.140593526655419
ENSG00000170921,TANC2,3.7874900585204814,-1.1893591809050932
ENSG00000008283,CYB561,2.5036413308780068,-0.5341217929760979
ENSG00000159640,ACE,3.6174593813795974,-1.8935113574756188
ENSG00000136485,DCAF7,-3.9244484068149323,-3.6798254389410836
ENSG00000136463,TACO1,-3.983261215516461,-0.024389952625454903
ENSG00000198909,MAP3K3,1.920764060749748,-1.2486653309847542
ENSG00000266173,STRADA,2.0893981525649763,0.927017150251145
ENSG00000136490,LIMD2,4.122171944631396,-1.354852911032918
ENSG00000108588,CCDC47,-3.739264445637095,-1.7239419970824177
ENSG00000198231,DDX42,-3.1112653990726216,-0.7638823439129288
ENSG00000108592,FTSJ3,-1.0370327935634345,-2.101660580802862
ENSG00000087191,PSMC5,-0.14787345665559046,0.7034236575103389
ENSG00000108604,SMARCD2,-1.1644054121823333,0.8571713636534268
ENSG00000007312,CD79B,2.640447064930622,-0.35946771935672883
ENSG00000224383,PRR29,5.673509707891868,1.4889809951737731
ENSG00000108622,ICAM2,4.610094217872167,0.13637900723394314
ENSG00000178607,ERN1,-3.2418674970103205,-1.2593292745763045
ENSG00000136478,TEX2,-1.9250035475773488,0.3884201884316549
ENSG00000261371,PECAM1,6.986121922248404,-0.006896275238199538
ENSG00000271605,MILR1,4.733264989625086,-0.7090019124928411
ENSG00000256525,POLG2,-1.8043181641133406,0.12737853978519
ENSG00000108654,DDX5,9.029486777670776,6.541392057797586
ENSG00000258890,CEP95,-1.4232474574883611,0.04074617853481282
ENSG00000108854,SMURF2,4.865972098122113,0.8212854645619229
ENSG00000176809,LRRC37A3,2.0964324876310503,1.6136517533421257
ENSG00000120063,GNA13,3.1178188412537713,1.4037327234345893
ENSG00000108370,RGS9,9.140851514781103,3.4420424819309883
ENSG00000168646,AXIN2,1.4755983008188027,0.2014555277525799
ENSG00000154240,CEP112,5.010121581006401,1.4953783145547017
ENSG00000091583,APOH,-5.777523039852389,2.010252821049124
ENSG00000154229,PRKCA,-7.2359266540331335,-4.035956099010857
ENSG00000198265,HELZ,-5.245705143777031,-1.4921083185516792
ENSG00000197170,PSMD12,-1.2544334749465598,1.7433053168104238
ENSG00000154217,PITPNC1,-4.079244253014246,-2.3768546240140838
ENSG00000130935,NOL11,-2.54489959091104,0.22365833817368633
ENSG00000171634,BPTF,-2.4410218920940085,-2.5566477444136506
ENSG00000186665,C17orf58,0.8739148472831959,2.668565535257152
ENSG00000182481,KPNA2,10.53581015503774,5.180566374489208
ENSG00000196704,AMZ2,-3.840522360813928,0.955049712031188
ENSG00000141337,ARSG,4.310778363694753,2.496454178909416
ENSG00000108932,SLC16A6,0.6430232119802891,-1.7233935781552419
ENSG00000070540,WIPI1,6.420490361590834,3.750550193118378
ENSG00000108946,PRKAR1A,-0.23885518995077892,0.2243015690133586
ENSG00000108950,FAM20A,-1.7258608452111863,2.9990792713440415
ENSG00000141338,ABCA8,-5.901006148225604,-1.5056199842871487
ENSG00000154258,ABCA9,-0.8796126342312864,1.0282533330082244
ENSG00000154262,ABCA6,-6.843174103472885,-0.928907502685714
ENSG00000154263,ABCA10,-0.422395466832413,0.25976556536691475
ENSG00000154265,ABCA5,-4.481775726399423,0.503187494406263
ENSG00000108984,MAP2K6,-3.3324179161569853,-0.9001423444593492
ENSG00000153822,KCNJ16,6.9674367366125,-3.8708791796843705
ENSG00000123700,KCNJ2,1.4108962925399589,-0.4558500140923587
ENSG00000125398,SOX9,13.191467570232689,3.385603383617255
ENSG00000133195,SLC39A11,0.33603415729916425,0.4360936605868455
ENSG00000180616,SSTR2,0.22567583794528795,-0.9007946892132176
ENSG00000166685,COG1,-0.09913058688126059,-0.8281144988890731
ENSG00000133193,VCF1,1.701000217678581,1.8913560848241582
ENSG00000141219,MTNAP1,-0.842338598104312,0.9883408548119514
ENSG00000187959,CPSF4L,-2.189352395378173,-0.23063141239450569
ENSG00000179604,CDC42EP4,-0.897782313304428,0.14530958275606545
ENSG00000172809,RPL38,-0.9000147996146847,-0.5952133899075989
ENSG00000141540,TTYH2,2.6382823816367287,-4.1151613329359344
ENSG00000170412,GPRC5C,-3.2892648132124696,-1.0076012017467217
ENSG00000167851,CD300A,3.8982688205385223,0.3748924209023044
ENSG00000167850,CD300C,2.9075917701671785,-0.33106370109486305
ENSG00000186407,CD300E,3.397995491672948,0.14420922874336248
ENSG00000172794,RAB37,-7.519234303720375,-2.4569693171325353
ENSG00000186074,CD300LF,8.637173197277669,2.0812545019125
ENSG00000109062,NHERF1,0.38697579805126575,-0.3686545589127194
ENSG00000109065,NAT9,1.9298035375281326,1.0533532041326732
ENSG00000109066,SLC38A12,0.6152516439425078,-0.4380638389826432
ENSG00000161513,FDXR,5.5467161045880395,2.3879775397039027
ENSG00000172782,FADS6,-4.6781071351855985,-2.25519695055336
ENSG00000167861,HID1,3.0292051395219417,-2.523786388135781
ENSG00000109089,CDR2L,7.520886926813438,1.1312063526624803
ENSG00000167862,MRPL58,-2.852534108198877,0.4275148224885958
ENSG00000180901,KCTD2,1.2199257770672696,-0.09552983092760663
ENSG00000167863,ATP5PD,-1.2824737616295614,2.2448109455527065
ENSG00000170190,SLC16A5,3.9197040623139014,0.5588901554543566
ENSG00000125449,ARMC7,1.9964669454863297,-0.22923579695684804
ENSG00000125458,NT5C,0.3969354886219766,-0.14829533126114494
ENSG00000189159,JPT1,8.342806004334962,2.4226001356218783
ENSG00000188612,SUMO2,2.0380209374940006,1.930333889122069
ENSG00000125450,NUP85,-1.3090556869036891,0.5896185483912837
ENSG00000125447,GGA3,0.5880411731416099,-1.3086371263969612
ENSG00000125445,MRPS7,-2.8041080987342104,-0.9400859135483874
ENSG00000125457,MIF4GD,3.9209386565787656,1.6745717354235192
ENSG00000125454,SLC25A19,2.2340450306590696,-0.08185041640723689
ENSG00000177885,GRB2,1.8583402114109304,0.9644799680153412
ENSG00000177728,TMEM94,-0.9671204784065232,-1.295768368943656
ENSG00000177303,CASKIN2,1.7114009862070825,-0.08252636651348516
ENSG00000182173,TSEN54,2.3131689064202057,0.5586330685048624
ENSG00000073350,LLGL2,-2.945914184350682,-2.1290369946329224
ENSG00000266714,MYO15B,2.170300171755138,-0.3452295643558115
ENSG00000108469,RECQL5,-0.8956113521400481,-0.302989200869467
ENSG00000259120,ERLN,-2.519433590952201,-2.2535290378933346
ENSG00000161526,SAP30BP,0.4956830809712317,0.36113686608770273
ENSG00000108479,GALK1,-5.055345710159201,-3.1947514660917427
ENSG00000132475,H3-3B,-0.3284651589130329,-1.2690204212055183
ENSG00000132478,UNK,-1.45588143225431,-2.203460681311439
ENSG00000092929,UNC13D,3.082446294116802,-0.3400118628275168
ENSG00000132471,WBP2,-1.414678889185775,-0.09711967690092309
ENSG00000132481,TRIM47,1.7723288401650956,-0.4892997236568006
ENSG00000141569,TRIM65,-1.105382963898327,-3.4178607910143914
ENSG00000204316,MRPL38,-0.6881526729356775,-0.34856542685256064
ENSG00000188878,FBF1,2.1934839960885286,-0.6214805474926753
ENSG00000161533,ACOX1,-5.174104060689648,1.0210261714088724
ENSG00000257949,TEN1,-1.0974757324353748,-0.1876533485565738
ENSG00000261408,TEN1-CDK3,-1.5695962846414466,0.2695022594806026
ENSG00000250506,CDK3,-0.9637134803396438,0.8419591248339294
ENSG00000167881,SRP68,-0.8570092001473826,0.5895004508601683
ENSG00000186919,ZACN,1.7672945784416874,0.5638073770109697
ENSG00000182473,EXOC7,0.15541826470109293,-0.9036656200867097
ENSG00000141576,RNF157,7.916415578992605,2.4842054659485395
ENSG00000185262,UBALD2,6.563421616311779,1.9786259460872853
ENSG00000129646,QRICH2,-2.0940421923293693,-1.344416979963858
ENSG00000161542,PRPSAP1,-6.432302356999055,0.813372516669346
ENSG00000175931,UBE2O,1.527113932225377,-0.07467427669714391
ENSG00000129667,RHBDF2,7.162320381325011,0.7698220202809223
ENSG00000161544,CYGB,7.354300858869296,2.9439151482531636
ENSG00000214140,PRCD,1.9373867399671096,-0.032702069346410616
ENSG00000070731,ST6GALNAC2,0.18335709896145613,-0.82941526430344
ENSG00000182534,MXRA7,4.326382922693918,0.5750147909329189
ENSG00000070495,JMJD6,0.9058862465540813,0.026046904835843817
ENSG00000181038,METTL23,-3.1920030474012058,0.539262875951332
ENSG00000161547,SRSF2,-0.3287303641073217,1.9932685915747645
ENSG00000092931,MFSD11,-1.9860878921730318,0.18584056873642796
ENSG00000129657,SEC14L1,0.35028539832672856,-1.9288721872523251
ENSG00000184640,SEPTIN9,2.3260863928922597,-1.6596239808339837
ENSG00000078687,TNRC6C,-3.4127259176806644,-2.8153040497159765
ENSG00000141524,TMC6,2.934550140830587,-2.25337267521705
ENSG00000167895,TMC8,4.930302357403722,-1.042384346412635
ENSG00000108639,SYNGR2,3.31476404008965,0.8245426508644247
ENSG00000183077,AFMID,-5.281730193530322,-0.767492950304035
ENSG00000184557,SOCS3,8.168876894500317,3.3804744462480096
ENSG00000087157,PGS1,0.5260214857158841,-2.160195571670671
ENSG00000108669,CYTH1,-6.007506081213782,-3.0160800556970457
ENSG00000055483,USP36,1.3935011913146391,-0.07141471362054344
ENSG00000035862,TIMP2,6.9402634648528965,-1.1434070486798518
ENSG00000108679,LGALS3BP,5.469479037223769,1.8973462591557908
ENSG00000171302,CANT1,1.3886030842400776,-2.5218002863337454
ENSG00000173918,C1QTNF1,4.418812215010669,-0.6195625861763018
ENSG00000167280,ENGASE,1.1173335163365155,0.3113750167540558
ENSG00000182156,ENPP7,4.125225038618556,2.308578751691173
ENSG00000141570,CBX8,5.595969300116184,2.892088376398357
ENSG00000141582,CBX4,3.2808482923418643,1.3498068595570698
ENSG00000167291,TBC1D16,-1.8653127343581977,-3.2520999458927125
ENSG00000141519,CCDC40,3.8983117457992082,1.4487823573319807
ENSG00000171298,GAA,0.992207400177996,-0.5652118866250239
ENSG00000141543,EIF4A3,0.5469266338275998,-0.5621559887579135
ENSG00000141527,CARD14,0.8772263264213135,-0.7045081833155942
ENSG00000181523,SGSH,1.6725283256608452,-0.642289886363318
ENSG00000181045,SLC26A11,1.069918970768339,-0.48186170997774613
ENSG00000173821,RNF213,3.0090025920184944,0.2878754187716968
ENSG00000173818,ENDOV,-2.3119802577161033,-1.0699822810567938
ENSG00000141564,RPTOR,-1.9970998350524838,-2.4147320409017348
ENSG00000176108,CHMP6,-1.3610606944671986,-1.7393154180208015
ENSG00000175866,BAIAP2,-2.764331863543862,-1.3836741096204648
ENSG00000167302,TEPSIN,1.9796321682076439,1.022314171448375
ENSG00000224877,NDUFAF8,3.2757415640764993,3.611143789400982
ENSG00000157637,SLC38A10,-1.4285443248046839,-1.9219826666144408
ENSG00000266074,BAHCC1,-0.2952946869981663,-1.465098234152244
ENSG00000184009,ACTG1,5.550986316686658,1.5930752103503003
ENSG00000185504,FAAP100,0.8409916077262183,-0.5553093652298309
ENSG00000182446,NPLOC4,1.3848477423457053,0.4564475551551839
ENSG00000204237,OXLD1,1.9114675708034283,1.1821651017248385
ENSG00000185298,CCDC137,2.627479499485436,0.23436748137835237
ENSG00000214087,ARL16,-0.2596906667999925,-0.3771736970055321
ENSG00000185359,HGS,1.1184124526883237,-0.8111332923771585
ENSG00000262814,MRPL12,-1.6979895190222687,-1.128976567632891
ENSG00000183048,SLC25A10,-1.3822209896983308,0.08872621816540725
ENSG00000215644,GCGR,-0.5565371128017954,0.1661399256559962
ENSG00000225663,MCRIP1,0.7987228200094324,-0.7243272537629258
ENSG00000185624,P4HB,-0.1734467163032279,-0.49936160872835994
ENSG00000141522,ARHGDIA,2.03252511739006,-0.3766810681958717
ENSG00000183684,ALYREF,0.9395531382026655,-0.23388715111639583
ENSG00000141552,ANAPC11,-1.2323912274327373,-1.1304256734456186
ENSG00000185813,PCYT2,-1.8695544495765466,0.8915319550050327
ENSG00000187531,SIRT7,-0.7670264814679528,-0.5796486775419849
ENSG00000197063,MAFG,2.192952232814107,-0.27870446094481693
ENSG00000183010,PYCR1,0.5014084218686384,-0.08535171535960334
ENSG00000185269,NOTUM,0.8495353944857259,2.167407834882421
ENSG00000169696,ASPSCR1,0.12846419054737962,0.6735699552760978
ENSG00000169689,CENPX,-0.7243963547705693,0.1601853404913708
ENSG00000169683,LRRC45,-0.6967294462722102,-0.24384270090238272
ENSG00000169750,RAC3,-0.8148309972462177,0.49676295535778836
ENSG00000169738,DCXR,-4.398445088419416,0.18417440304098967
ENSG00000169733,RFNG,-2.2584843093247318,-0.6755426576461699
ENSG00000169727,GPS1,-0.11018613496698255,0.5543778410482916
ENSG00000169718,DUS1L,-0.5855702471266871,-0.36225038942443166
ENSG00000169710,FASN,0.676211944525401,0.7083937115476162
ENSG00000176155,CCDC57,-0.6328736536738573,-1.5622950349496347
ENSG00000141551,CSNK1D,2.863793042088089,0.2528351240178901
ENSG00000141574,SECTM1,2.2956650175661606,-1.229821155593625
ENSG00000181396,OGFOD3,-0.6383134214177281,-0.5933972635764981
ENSG00000169660,HEXD,-0.6656372927039944,-0.21529168882889319
ENSG00000178927,CYBC1,1.5919013802544677,-0.7108127853950391
ENSG00000141562,NARF,1.9366606576814829,1.0928613492499548
ENSG00000141568,FOXK2,2.405394581728999,1.4578798175711798
ENSG00000141580,WDR45B,-0.1384292665675733,1.0681977576623563
ENSG00000141542,RAB40B,-1.2410226863892977,0.5986727702927034
ENSG00000141560,FN3KRP,-2.3573677896177014,-0.17464789525468588
ENSG00000167363,FN3K,-1.2004178457385404,-0.7851963585192158
ENSG00000141556,TBCD,0.4613532091880006,-0.14740549907959272
ENSG00000176845,METRNL,5.159562278571118,-1.002467314451085
ENSG00000101557,USP14,0.16488146095674003,1.7136722458220084
ENSG00000079134,THOC1,-0.260189001528197,2.2403575325942304
ENSG00000176890,TYMS,4.815881901060833,3.3700720578142747
ENSG00000132199,ENOSF1,-6.462285976936616,-2.5884345523643204
ENSG00000176105,YES1,-3.284147767036438,0.0020409928581010236
ENSG00000101574,METTL4,2.0791900934762872,1.3519150557115873
ENSG00000101596,SMCHD1,0.338287662191089,0.271361541778742
ENSG00000132205,EMILIN2,6.865423606259849,0.33467154765619295
ENSG00000101577,LPIN2,0.7776818580927005,1.73152118759893
ENSG00000101605,MYOM1,3.369322868364936,1.0586328808965115
ENSG00000101608,MYL12A,8.583312146241951,3.5477930407244958
ENSG00000118680,MYL12B,8.480758204245802,5.286188654362586
ENSG00000177426,TGIF1,4.665467656057655,2.117830724323314
ENSG00000198081,ZBTB14,-4.908610509329835,0.045464553569784974
ENSG00000082397,EPB41L3,2.303698260108158,-2.1701709138594367
ENSG00000206432,TMEM200C,3.7075208498787737,-0.5495129905094673
ENSG00000154655,L3MBTL4,-6.955279489662188,-2.818468514556003
ENSG00000173482,PTPRM,5.9286119238528805,1.5639814858184697
ENSG00000206418,RAB12,-3.0776397312701897,-0.3853785169862677
ENSG00000168502,MTCL1,8.957018502332426,0.5823704094580716
ENSG00000178127,NDUFV2,-4.264553245169022,1.5956906975843064
ENSG00000101745,ANKRD12,-0.20222629736190426,0.7861225473866179
ENSG00000128791,TWSG1,3.1543917260126344,0.7733265373074906
ENSG00000017797,RALBP1,1.183501948766587,-1.074905436557862
ENSG00000154845,PPP4R1,9.382430039070766,4.47041165070775
ENSG00000168461,RAB31,6.35419286592249,0.8674006706093338
ENSG00000101558,VAPA,1.309260341256817,2.5408862902867284
ENSG00000154856,APCDD1,3.477376125776064,-6.613894321802473
ENSG00000134265,NAPG,2.4263596282071127,2.758154900489789
ENSG00000154864,PIEZO2,3.707876632954271,4.041490738413265
ENSG00000141404,GNAL,1.8473917028356526,2.3436577974002684
ENSG00000255112,CHMP1B,3.460018607145121,2.2856511504392394
ENSG00000154889,MPPE1,-2.379131994435357,-0.406257652014966
ENSG00000141401,IMPA2,-2.9968183382399745,-0.5204611273438428
ENSG00000176014,TUBB6,6.964653451182602,2.4892332245835918
ENSG00000141385,AFG3L2,-2.146723789682981,0.2917176936435596
ENSG00000134278,SPIRE1,1.3879266302220383,0.06728306316288837
ENSG00000128789,PSMG2,1.444509015959566,3.5234157986470036
ENSG00000101624,CEP76,-0.7414490544416783,0.7867264267646712
ENSG00000175354,PTPN2,2.8086406158672026,2.187799595811578
ENSG00000085415,SEH1L,0.3117199895218685,2.558934538817751
ENSG00000101639,CEP192,0.07336274838587935,1.963012450700128
ENSG00000168675,LDLRAD4,-5.12119453707845,-2.3719084657944522
ENSG00000177150,FAM210A,-3.6704361116025463,0.3325845667282809
ENSG00000101654,RNMT,-1.8338680962444327,-0.16690797053597933
ENSG00000175322,ZNF519,0.2137144998029603,-0.6995521794840007
ENSG00000067900,ROCK1,-0.33713873814171763,-0.7151838562358597
ENSG00000141449,GREB1L,-5.625272217990501,-1.3130608926806944
ENSG00000141446,ESCO1,-0.7225160504849472,0.6233920349302002
ENSG00000167088,SNRPD1,1.4183676313029485,1.3469300989311737
ENSG00000158201,ABHD3,-0.3819549079448993,1.2294956525854963
ENSG00000101752,MIB1,-0.7052276332553633,0.6413174294344883
ENSG00000141448,GATA6,4.5540568049731345,0.391435362660352
ENSG00000101773,RBBP8,4.556968162819424,1.2090944040047764
ENSG00000134508,CABLES1,-4.788507616110721,-0.8117480845318107
ENSG00000134490,SLC35D4,-0.2885668538007688,-0.38700141700041274
ENSG00000101782,RIOK3,-1.449959899431561,1.4431728789201235
ENSG00000141452,RMC1,-1.0065050696509206,2.1928277158932716
ENSG00000141458,NPC1,3.4532306855727524,2.5156904010997883
ENSG00000154065,ANKRD29,10.273593632676489,6.076243966574932
ENSG00000053747,LAMA3,8.02709346800998,2.735412243769159
ENSG00000168234,TTC39C,-1.6353514874553423,2.863343258302925
ENSG00000154040,CABYR,5.272756138555692,3.305231598813942
ENSG00000141447,OSBPL1A,3.187947576196762,0.468046429326879
ENSG00000154059,IMPACT,-2.061404236378716,-0.2907936646199191
ENSG00000198795,ZNF521,2.4655202878670686,-1.7779324969591461
ENSG00000141380,SS18,-1.6846126469300409,0.9381758888812468
ENSG00000134504,KCTD1,6.736221146142267,1.3339103956815097
ENSG00000171885,AQP4,6.74708003139181,4.6750086441167005
ENSG00000154080,CHST9,10.775470165481511,5.955699483729633
ENSG00000170558,CDH2,-2.816424588114023,-0.7381347500897417
ENSG00000134755,DSC2,0.5094929579293822,-0.49940944273126675
ENSG00000134760,DSG1,-5.455125619744819,-0.9046387369292547
ENSG00000046604,DSG2,1.3976015301059397,-0.7568679395744268
ENSG00000118271,TTR,-7.275123777158517,-0.7916673711958597
ENSG00000118276,B4GALT6,-2.947577611358897,-2.21611498011658
ENSG00000153339,TRAPPC8,-2.596344682683311,0.9740250815504051
ENSG00000101695,RNF125,-3.119181208916815,-0.6336794396912644
ENSG00000134758,RNF138,-0.9677118569364207,0.830275479083276
ENSG00000141441,GAREM1,-3.3155359689361266,-0.19535742932901362
ENSG00000141434,MEP1B,-1.786049546135209,1.0297649907021247
ENSG00000141431,ASXL3,-7.51519435421689,-2.738615630671312
ENSG00000101746,NOL4,-4.915449579365245,-0.08308208001275044
ENSG00000134769,DTNA,14.78427722049953,7.116766107785516
ENSG00000166974,MAPRE2,-0.9752145662965932,-0.016255004272707475
ENSG00000186812,ZNF397,-2.3630406270240054,-1.63235704322409
ENSG00000186814,ZSCAN30,-1.4342644008322938,-0.26873482308229674
ENSG00000172466,ZNF24,-0.9456470343484403,1.9889359622323006
ENSG00000186496,ZNF396,-2.8414255097791927,-1.3668649370969168
ENSG00000153391,INO80C,0.7744026682581677,1.5978765088248397
ENSG00000141429,GALNT1,1.5361800265131438,1.419029625351248
ENSG00000141428,RMP24,-0.2675880498938132,2.285817687607966
ENSG00000141425,RPRD1A,-0.629708351829031,1.2915422276515562
ENSG00000141424,SLC39A6,0.3118982341807048,0.18095104345728544
ENSG00000134759,ELP2,-5.290080805403945,1.606039713649514
ENSG00000075643,MOCOS,-5.15417535487371,1.135113446710445
ENSG00000134779,TPGS2,5.034314158041002,-1.0010290177944847
ENSG00000150477,KIAA1328,-3.872788568650422,-3.8508170065661593
ENSG00000078142,PIK3C3,-3.9701812483073553,-1.4506139629400143
ENSG00000152217,SETBP1,-2.3380809200765733,-2.538727552795633
ENSG00000141469,SLC14A1,-0.849592413705803,-1.379355832586517
ENSG00000152223,EPG5,-1.4083700517558977,-0.2481074344496062
ENSG00000197046,SIGLEC15,-1.2556737915387541,-2.5501673838730046
ENSG00000152229,PSTPIP2,3.6047137588371667,1.1225208458056977
ENSG00000152234,ATP5F1A,-0.6921361157720819,1.6205248402695809
ENSG00000152240,HAUS1,2.04034271493423,1.5129089444989534
ENSG00000152242,ARK2N,-0.014093070501635692,1.2972135867292622
ENSG00000141622,ARK2C,-6.599067601781507,-1.6347063297475928
ENSG00000078043,PIAS2,-1.1278539672598538,0.6183163678153722
ENSG00000167216,KATNAL2,-2.630388873282685,0.526601266724459
ENSG00000167220,HDHD2,-5.097729368854417,-0.6927159925719024
ENSG00000134049,IER3IP1,-0.9110188008658305,0.9169351163945462
ENSG00000175387,SMAD2,0.8957190632255156,0.2204671779610988
ENSG00000134030,CTIF,-1.0788968973933548,-0.8600876631410811
ENSG00000101665,SMAD7,1.1565644031993072,-1.074161320545774
ENSG00000141627,DYM,-4.4503998850892605,-1.4549374418956127
ENSG00000177576,C18orf32,0.2748934248968673,2.361802485070607
ENSG00000215472,RPL17-C18orf32,1.2992969983776745,1.5367100457847425
ENSG00000265681,RPL17,1.2473316781874855,0.90739072273865
ENSG00000101670,LIPG,-6.122179272924165,-1.394236750481042
ENSG00000167315,ACAA2,-8.365625263699888,-2.8596283564524585
ENSG00000167306,MYO5B,-1.3372241997553114,0.5520915422488132
ENSG00000141644,MBD1,-2.029830593070051,-1.1888779370736213
ENSG00000154832,CXXC1,0.27587118429541374,-0.5752241176128238
ENSG00000141639,MAPK4,0.06592257616870689,-0.48584677848366226
ENSG00000134042,MRO,-0.8640261747486239,3.53589097237301
ENSG00000082212,ME2,2.3149547932793935,1.3697745012699143
ENSG00000141642,ELAC1,-4.715584372192013,0.43084460123402823
ENSG00000141646,SMAD4,-4.668114105814994,0.5329128660170152
ENSG00000176624,MEX3C,2.5302064884513706,0.8840435418535209
ENSG00000134046,MBD2,1.317104900996921,2.42618211945114
ENSG00000101751,POLI,0.6552220160432263,1.673280439476693
ENSG00000166845,C18orf54,3.5717912608715507,-0.6397166490098035
ENSG00000041353,RAB27B,2.877019496607845,0.9150747567114126
ENSG00000166510,CCDC68,2.814859040976899,1.0082825843134289
ENSG00000196628,TCF4,4.598542087450603,-0.7274669174811278
ENSG00000091164,TXNL1,-2.5513342950786084,1.506586875340311
ENSG00000091157,WDR7,-2.749916804687931,-0.2418512363803912
ENSG00000119547,ONECUT2,-0.7423246464856607,2.0007733421712914
ENSG00000066926,FECH,-3.7488232408852604,0.7440974848745282
ENSG00000134440,NARS1,2.305526937331603,1.9333895989085035
ENSG00000081923,ATP8B1,3.3730580379921395,0.955363661743499
ENSG00000049759,NEDD4L,9.026196684515623,3.6032695705262268
ENSG00000198796,ALPK2,4.432593199396343,3.522493000978124
ENSG00000172175,MALT1,-0.12151753455465647,2.1908053335608466
ENSG00000074657,ZNF532,6.850617001083865,-2.606723437451801
ENSG00000166562,SEC11C,-1.3123504759150115,-0.08946207593149338
ENSG00000074695,LMAN1,-4.723347521228601,-0.45963664554371036
ENSG00000183287,CCBE1,3.132003807120211,-2.078277473341133
ENSG00000176641,RNF152,-3.4533138982308196,-1.2441143808197266
ENSG00000197563,PIGN,-2.8213471976852618,0.5560075843880632
ENSG00000134444,RELCH,-1.2936545354347893,0.6040656165875042
ENSG00000141664,ZCCHC2,-2.690534695661294,1.2740007882288553
ENSG00000081913,PHLPP1,-8.686046836780244,-2.4895888078981465
ENSG00000171791,BCL2,9.527155311335227,-0.78215064793581
ENSG00000119537,KDSR,-3.5389491350533766,0.31698081595485683
ENSG00000119541,VPS4B,-1.209568801835798,-0.7300289355541671
ENSG00000166401,SERPINB8,9.465969746526424,4.208274832091717
ENSG00000071991,CDH19,0.3797410937708388,-3.7819107166890276
ENSG00000171451,DSEL,2.385805431519557,-0.4910178891578547
ENSG00000166479,TMX3,0.12624285625843149,2.340094039465158
ENSG00000150636,CCDC102B,6.739707993472466,0.07810354836751815
ENSG00000206052,DOK6,-8.85917877213609,-5.94451484382809
ENSG00000150637,CD226,2.9723431958731523,-0.5987326498513417
ENSG00000176225,RTTN,-9.885762157946164,-4.3512491232747905
ENSG00000170677,SOCS6,-0.8926441059596683,0.9711920968477962
ENSG00000141665,FBXO15,-5.898968575003483,-3.1243303435821517
ENSG00000075336,TIMM21,-2.93658877133997,2.14321888564768
ENSG00000166347,CYB5A,-4.919145754067523,2.2504386992181065
ENSG00000133313,CNDP2,-0.9714940503263284,0.12879503651907967
ENSG00000150656,CNDP1,-9.640611325438392,-1.8223703277194467
ENSG00000215421,ZNF407,-8.364552297368878,-4.636302629841959
ENSG00000180011,PTGR3,-6.533137772985389,-1.0459557230236043
ENSG00000179981,TSHZ1,-3.6640879083677547,-2.43980662147386
ENSG00000101493,ZNF516,-3.655949532740725,-1.6808155815281027
ENSG00000130856,ZNF236,-3.0242713071818397,-1.5351834845444559
ENSG00000197971,MBP,-3.6222974513627824,-1.7919274843076796
ENSG00000166377,ATP9B,-5.554025681184127,-4.398900750534622
ENSG00000060069,CTDP1,0.02939026256111796,-1.009368797981085
ENSG00000178342,KCNG2,-2.0749122418036396,-0.5194372725739015
ENSG00000122490,SLC66A2,-3.3908513439654198,-1.045769493587381
ENSG00000226742,HSBP1L1,-5.718862023714347,-0.17785453825073413
ENSG00000141759,TXNL4A,-2.751126519573826,0.8321240218109411
ENSG00000101546,RBFA,-2.6822621243135587,-0.45160920660691206
ENSG00000101544,ADNP2,-2.557831460992289,-1.5193634415445485
ENSG00000178184,PARD6G,-3.6657697303774497,-2.0683248477188867
ENSG00000105556,MIER2,4.932760390157917,0.3613316594067697
ENSG00000129946,SHC2,2.392895617248246,1.2849833259033676
ENSG00000099804,CDC34,0.4326658484160942,1.0339282142857908
ENSG00000172270,BSG,4.599464638933179,0.4578748843749431
ENSG00000099821,POLRMT,0.1786325233536703,0.0504372192645074
ENSG00000070423,RNF126,0.9418549653141409,0.17215968258851272
ENSG00000070404,FSTL3,11.911138519578344,3.4587293048129295
ENSG00000099864,PALM,1.6294786329919138,-1.7521692826342905
ENSG00000011304,PTBP1,0.6503574803413901,-0.43340426099120505
ENSG00000129951,PLPPR3,1.9049069336918916,1.833052640792003
ENSG00000175221,MED16,-0.49727606068677305,-1.4304820609223081
ENSG00000198858,R3HDM4,3.729376575895305,1.3518287389073982
ENSG00000116017,ARID3A,-0.11836789995257344,-2.3152788728985754
ENSG00000065268,WDR18,-0.8443439272652221,-0.42499905792684683
ENSG00000182087,TMEM259,1.1006792503825673,0.8056471300000239
ENSG00000064666,CNN2,7.600335722913769,1.5845450461416792
ENSG00000064687,ABCA7,5.485282893476373,1.185234170359231
ENSG00000180448,ARHGAP45,0.9132726485388988,-1.7882623983340908
ENSG00000099817,POLR2E,-0.863959089126769,-0.8704449341435827
ENSG00000167468,GPX4,-1.2068376292136491,0.9850331216646984
ENSG00000064932,SBNO2,3.1619077829213444,-0.2545208905060519
ENSG00000118046,STK11,0.3712211406627338,-0.4396331301715158
ENSG00000099624,ATP5F1D,-0.250550692302404,-0.23883009337975253
ENSG00000167470,MIDN,3.911923804253849,1.1251762223097286
ENSG00000099622,CIRBP,-1.880688835571164,-1.6793552605530226
ENSG00000228300,FAM174C,1.0258657451252091,-0.017617290287433626
ENSG00000099617,EFNA2,-2.2756511117174654,-1.154723260370585
ENSG00000160953,PWWP3A,-3.6628298876866423,-1.4596955324040746
ENSG00000115286,NDUFS7,-0.30450187343764973,-0.8392091039290833
ENSG00000130005,GAMT,-1.1001570412237391,0.32667986251309117
ENSG00000071626,DAZAP1,-0.2823047343399083,-0.47976155016061733
ENSG00000115268,RPS15,1.0456536084115007,0.2389895664524759
ENSG00000119559,C19orf25,1.40783259623853,0.12892035588656106
ENSG00000115255,REEP6,-0.7344079081015611,0.3267820873995715
ENSG00000181588,MEX3D,3.215603285511058,1.855996603092892
ENSG00000071655,MBD3,1.1118984859762786,0.04873326734787152
ENSG00000127540,UQCR11,-1.3196028426269106,-0.4782315090967308
ENSG00000071564,TCF3,1.4799913364588742,-1.8184290281630366
ENSG00000079313,REXO1,-0.46061266477298496,-0.8294548871357191
ENSG00000129911,KLF16,3.536007353522776,0.46860517174333693
ENSG00000129968,ABHD17A,-0.5991036756140279,-1.9139375260746836
ENSG00000227500,SCAMP4,2.1537820740600537,-0.653706684302715
ENSG00000133275,CSNK1G2,1.703619451915922,-0.5704149196778916
ENSG00000133243,BTBD2,-0.41714604717835607,-1.5643005726282533
ENSG00000099875,MKNK2,-0.6323106237295182,-0.7579981903091607
ENSG00000172081,MOB3A,5.074546978187177,-1.238533338602016
ENSG00000099840,IZUMO4,-3.6894272236019687,-1.5387283218442862
ENSG00000065000,AP3D1,0.4147156346021261,-0.8976751451740234
ENSG00000104885,DOT1L,-0.009997696434103505,-0.679722498359287
ENSG00000104886,PLEKHJ1,0.3892170763771391,-0.18644303435548795
ENSG00000104897,SF3A2,0.41170631646924954,-1.7145459671038061
ENSG00000104904,OAZ1,1.696831448011306,0.5375998685656549
ENSG00000130332,LSM7,0.8015305516364293,-0.404909515475365
ENSG00000005206,SPPL2B,0.5637634624899316,-0.7114408472459095
ENSG00000178297,TMPRSS9,-1.2249870440050326,-0.2572078261197431
ENSG00000099800,TIMM13,-0.9392742591974774,-0.8149554004849507
ENSG00000176619,LMNB2,4.258017673506187,-0.16180800850297405
ENSG00000099860,GADD45B,3.065978127519216,1.8294252457096132
ENSG00000176533,GNG7,-5.286970356022434,-3.4531744482352877
ENSG00000141873,SLC39A3,2.0740559479551943,0.7110466887692592
ENSG00000104969,SGTA,-0.38201867516647314,-1.0250742191305118
ENSG00000172009,THOP1,-4.885474695563937,-2.5628793076036662
ENSG00000172006,ZNF554,-5.815104442445647,-2.1431930640397643
ENSG00000186300,ZNF555,-0.20247240003033012,0.506539078050121
ENSG00000171970,ZNF57,0.5610648005259963,0.9568167833622474
ENSG00000175691,ZNF77,-0.1392853464264738,0.4040494360100656
ENSG00000065717,TLE2,-1.8181564837580684,-1.9266955597494928
ENSG00000104964,TLE5,0.3357556337783935,-0.8339589273296556
ENSG00000088256,GNA11,-0.1399214995383728,-0.8323621722139108
ENSG00000125912,NCLN,0.7262097706506278,-0.4429846539359775
ENSG00000141905,NFIC,-2.8314643731314364,-2.1693984890748523
ENSG00000095932,SMIM24,2.898613795948495,-0.38753689436887906
ENSG00000105325,FZR1,-0.2514280250108239,-1.1764414546121016
ENSG00000161091,MFSD12,0.34190042014091354,-1.425993982891098
ENSG00000183397,TEKTIP1,0.17583868091213517,-1.7196336123638474
ENSG00000064961,HMG20B,0.1657533228457944,-0.16634002123048605
ENSG00000179855,GIPC3,3.242712902941902,-0.7469118182991111
ENSG00000006638,TBXA2R,0.8915623015278896,-0.6252107364707564
ENSG00000105298,CACTIN,0.6731780948436052,-0.44351901436289676
ENSG00000186111,PIP5K1C,3.247692983323014,-0.6697112116257014
ENSG00000105289,TJP3,0.6942764617786186,-1.9277407611252437
ENSG00000011132,APBA3,0.8583352771743861,-0.7867503619660903
ENSG00000183617,MRPL54,0.28428371264260116,0.33409607610912634
ENSG00000167657,DAPK3,4.515973402782256,0.8719324676026965
ENSG00000167658,EEF2,-2.6054883286361825,-2.9782124724339276
ENSG00000105229,PIAS4,-0.7073741438566811,-1.7523176238308262
ENSG00000178951,ZBTB7A,-0.7812968685334148,-2.111040780630373
ENSG00000126934,MAP2K2,0.685239757041541,-0.4983795432008976
ENSG00000060566,CREB3L3,-0.7261563600354425,0.021674201895617223
ENSG00000077463,SIRT6,2.4744784070691055,-0.1615168837718897
ENSG00000089847,ANKRD24,-1.3608576526751943,-0.7234149313223502
ENSG00000105248,YJU2,-1.033639822251981,-1.6116262678992777
ENSG00000105251,SHD,-4.801363232697632,-2.1295006011558923
ENSG00000178078,STAP2,2.1402716321490063,1.6039249843594414
ENSG00000008382,MPND,-2.9826458620424856,-1.3307528895877534
ENSG00000141985,SH3GL1,0.33191473074211225,-1.1348788315073466
ENSG00000167670,CHAF1A,-0.07784960654565778,-1.2007246054994556
ENSG00000167671,UBXN6,-1.6090704235721256,-0.6335337552593134
ENSG00000167674,HDGFL2,0.6584831806348387,-0.7205108264656783
ENSG00000167676,PLIN4,-0.9643686868286078,-1.179402156360833
ENSG00000214456,PLIN5,-2.7116133542326715,-0.6189110292666402
ENSG00000171236,LRG1,0.8197432356539578,0.5833552111774314
ENSG00000185361,TNFAIP8L1,-3.294815871958622,-0.22337032773029092
ENSG00000074842,MYDGF,1.1915684117791419,-0.3186146621176238
ENSG00000142002,DPP9,1.2911720418832753,0.16461060232386354
ENSG00000141965,FEM1A,0.8290330275084253,0.05670434044853447
ENSG00000127666,TICAM1,2.73270894953738,0.2429711559349277
ENSG00000105355,PLIN3,5.539067745946853,0.45983442298822474
ENSG00000127663,KDM4B,-2.526326343897556,-1.7131270936428098
ENSG00000105426,PTPRS,-1.8621109166919225,-2.71109721670226
ENSG00000130254,SAFB2,-1.9579157394659663,-1.1137832919103068
ENSG00000160633,SAFB,-3.4735139516541977,-2.082600016691981
ENSG00000130255,RPL36,0.6960763040898559,-0.15869603394561418
ENSG00000174917,MICOS13,0.00990113894943241,0.32729171648059135
ENSG00000196365,LONP1,-0.07307151207899376,-0.32327129313215086
ENSG00000141994,DUS3L,0.4564365290193042,-0.4447328772984134
ENSG00000171119,NRTN,-0.9324002403748706,0.49872838817804144
ENSG00000156413,FUT6,1.9148303123036647,-0.8192908895593942
ENSG00000174886,NDUFA11,-0.4592407667348895,-0.04064930963861415
ENSG00000187650,VMAC,-1.5191604765973477,-1.391257431865474
ENSG00000105519,CAPS,0.6405900273543591,-0.3531838749518767
ENSG00000031823,RANBP3,0.021154068440703458,-1.5029558856392484
ENSG00000130382,MLLT1,1.235399063068488,-0.5668855340284439
ENSG00000125656,CLPP,-2.7899238524762664,-1.8092225212501467
ENSG00000125652,ALKBH7,-1.872889305121857,-0.8933939442277551
ENSG00000125651,GTF2F1,1.2361441799778294,-1.2206234517444041
ENSG00000088247,KHSRP,-2.281856585497968,-2.7453041919651167
ENSG00000125648,SLC25A23,-1.5910125198548062,0.1423087125710841
ENSG00000130545,CRB3,-2.794175727081004,-2.368459573825375
ENSG00000205744,DENND1C,-2.2483928526634887,-3.6449682828888688
ENSG00000125735,TNFSF14,4.287076490222617,2.7209628126080356
ENSG00000125730,C3,-3.4513275290745753,-1.7463605287398767
ENSG00000125734,GPR108,1.7686127849539586,0.8764434366928378
ENSG00000125733,TRIP10,2.0180082799165135,-2.1663274364053304
ENSG00000125731,SH2D3A,-1.4699439257360165,-3.480517755348118
ENSG00000141968,VAV1,2.790747177645543,-4.078600560398622
ENSG00000174837,ADGRE1,-1.778676446319222,-2.6312712985968156
ENSG00000130544,ZNF557,-1.274772625747831,-1.5549394807591428
ENSG00000171105,INSR,-1.7747815514409195,1.083465771634149
ENSG00000104880,ARHGEF18,2.598998201717048,-2.0732601135596465
ENSG00000104883,PEX11G,-4.040193735740638,-1.50924352344491
ENSG00000198816,ZNF358,-1.1632147517294884,-0.12366002856551712
ENSG00000090674,MCOLN1,2.154535489141449,0.6836336788478853
ENSG00000032444,PNPLA6,1.6728866153502298,-0.47256730250119217
ENSG00000076826,CAMSAP3,-0.6790306764798759,-0.45433050789384005
ENSG00000076924,XAB2,-0.5676189234016246,-1.0551634823738556
ENSG00000229833,PET100,-2.1769937480293238,-0.06929387620499772
ENSG00000174788,PCP2,-2.6517997616771978,-1.4360426908311554
ENSG00000076944,STXBP2,2.016721871373208,-0.4156596798333485
ENSG00000181029,TRAPPC5,-0.9814737330840899,-0.6711861321026312
ENSG00000182566,CLEC4G,-3.6130559487722893,0.8204871333079858
ENSG00000090659,CD209,-0.5280073844100835,-2.2104577878030796
ENSG00000104938,CLEC4M,-6.9323472792123955,-1.3379399519227007
ENSG00000142459,EVI5L,2.3537184536890012,-0.1947519387958739
ENSG00000171017,LRRC8E,1.9632306086394178,1.1763285396859848
ENSG00000076984,MAP2K7,-0.5732148152589412,-0.9782302902044261
ENSG00000260001,TGFBR3L,-4.76874582233181,-1.519377919195146
ENSG00000104976,SNAPC2,3.329085380173482,0.9622762188585102
ENSG00000104980,TIMM44,0.3704207422276215,0.5018033509196645
ENSG00000066044,ELAVL1,-0.7240819524225255,0.7206409645082501
ENSG00000090661,CERS4,-1.8215065143952545,0.6002758226463965
ENSG00000167775,CD320,2.9082044013177897,-0.12105855962981528
ENSG00000233927,RPS28,0.9956170739457968,-0.28603428701656836
ENSG00000267855,NDUFA7,-0.1412680920290675,0.9879378280750086
ENSG00000186994,KANK3,0.6157247411029602,-1.794878390488708
ENSG00000167772,ANGPTL4,1.3426861193301707,0.42551239704366756
ENSG00000185236,RAB11B,0.5590942404871307,-0.6545693717079458
ENSG00000099785,MARCHF2,2.4203098768878752,1.0829195592348315
ENSG00000099783,HNRNPM,-2.096795724434653,-1.6758968913588534
ENSG00000133246,PRAM1,0.7925584590009309,-1.49108224019105
ENSG00000133250,ZNF414,-1.340768124355869,-2.085204899951608
ENSG00000142347,MYO1F,4.511495254423145,-0.08471439108912517
ENSG00000142303,ADAMTS10,7.719355250268841,1.8323034259489344
ENSG00000167785,ZNF558,-0.6423900822919517,1.6198725364351723
ENSG00000130803,ZNF317,1.267790374787922,1.1258485834645204
ENSG00000196110,ZNF699,3.3054568756948863,0.1348486980881737
ENSG00000188321,ZNF559,1.3276829224650082,1.078112544914327
ENSG00000270011,ZNF559-ZNF177,0.5739997661086529,0.06418807622663425
ENSG00000188629,ZNF177,0.2999502903725477,-0.31628506254823974
ENSG00000174652,ZNF266,1.3254676318873477,1.3965915262272681
ENSG00000130818,ZNF426,4.249212087096587,0.945912993008042
ENSG00000197961,ZNF121,-1.4859856404320424,1.7694221273416135
ENSG00000171469,ZNF561,0.25542778728779814,1.3826144469906871
ENSG00000171466,ZNF562,-0.19627249510849612,-0.27103938771544295
ENSG00000196605,ZNF846,-1.5843648775981332,-1.5851658404258202
ENSG00000127452,FBXL12,-0.25355879373794854,-0.3405381133476936
ENSG00000198258,UBL5,-1.272690883796998,-0.19631202419319307
ENSG00000127445,PIN1,1.792885698509967,0.8758629645337789
ENSG00000105088,OLFM2,0.8201083973637037,1.9619324363869224
ENSG00000080573,COL5A3,5.157912792332626,3.3330482621159683
ENSG00000130813,SHFL,-1.5827878091265888,0.27608862176826615
ENSG00000130812,ANGPTL6,-3.3989455753311533,-1.384733633450116
ENSG00000243207,PPAN-P2RY11,2.070842636089231,0.05392885973571227
ENSG00000130810,PPAN,2.0122396625955905,-0.2736510143097126
ENSG00000130811,EIF3G,0.9474057262051857,-0.23292492820917948
ENSG00000130816,DNMT1,6.288396198522026,0.15260284000476135
ENSG00000267534,S1PR2,7.417197924905368,3.0546206110214578
ENSG00000105364,MRPL4,0.7764833335879352,0.4759116338912455
ENSG00000090339,ICAM1,6.927221856172655,1.3967113791294123
ENSG00000220201,ZGLP1,2.921194483886218,2.0833872838362284
ENSG00000267673,FDX2,3.348298601463169,2.2905558656336145
ENSG00000161847,RAVER1,0.5317216782953933,-1.5428419209852982
ENSG00000076662,ICAM3,-5.741469071706554,-3.7282536145559018
ENSG00000105397,TYK2,0.12318237663239913,-0.38965404854380664
ENSG00000105401,CDC37,0.8739337811502962,-0.8217387401401895
ENSG00000065989,PDE4A,7.279740142214297,1.2527148606622558
ENSG00000079999,KEAP1,-0.5517668995167487,-0.5510705839906843
ENSG00000130734,ATG4D,1.350231466031625,-0.18547810982556995
ENSG00000129347,KRI1,1.235365894041151,-0.02917174973866058
ENSG00000129353,SLC44A2,2.9828937235788144,-4.279248085918547
ENSG00000129351,ILF3,0.49945960048981924,-1.6713946049898374
ENSG00000213339,QTRT1,1.8612728284704154,0.8029159762691981
ENSG00000079805,DNM2,2.3498783184841856,-0.13351501393878268
ENSG00000099203,TMED1,-0.4354411202716822,-0.7710035445390211
ENSG00000214212,C19orf38,0.8813448271140903,-1.8670308495833026
ENSG00000142453,CARM1,1.2893495812371394,-0.3087777250514905
ENSG00000130733,YIPF2,1.1340568469120278,-0.25563163660581445
ENSG00000142444,TIMM29,0.669616081989386,0.19336084924610683
ENSG00000127616,SMARCA4,3.9354479920281076,0.02295760560898123
ENSG00000130164,LDLR,4.825515657722454,3.770525986964375
ENSG00000161888,SPC24,5.007797650592034,1.8978281226754237
ENSG00000197256,KANK2,-2.2974538188456726,-3.0430937405125222
ENSG00000130158,DOCK6,1.7190324529672918,-0.7533060642055154
ENSG00000130173,ANGPTL8,0.7428312424003086,1.0481010740765788
ENSG00000105514,RAB3D,4.750859729266192,-1.0695186962791194
ENSG00000105518,TMEM205,-0.7053891229570821,1.0369843875812892
ENSG00000183401,CCDC159,2.6174954912917383,0.7350121156086802
ENSG00000105520,PLPPR2,3.4580203920417225,-0.46603636092044554
ENSG00000173928,SWSAP1,-0.4934424020657544,-0.3663546446220895
ENSG00000187266,EPOR,0.11881246478252783,-1.0135274733769803
ENSG00000205517,RGL3,2.6825225372661703,0.4487795210590148
ENSG00000130175,PRKCSH,-0.5430376387260221,-1.8055384927041982
ENSG00000161914,ZNF653,1.1189294919710533,0.80212258521087
ENSG00000130159,ECSIT,-3.906378129965601,-2.4753977587265203
ENSG00000130165,ELOF1,-0.2032167739901947,0.05615166388779587
ENSG00000198551,ZNF627,-2.861448025776073,-0.7238266779192067
ENSG00000102575,ACP5,4.165361040308821,3.8876886123448036
ENSG00000197933,ZNF823,-2.0157712087920143,0.6671399432455251
ENSG00000197044,ZNF441,-1.0035229836415471,1.069695208976282
ENSG00000177599,ZNF491,-3.8812159727551685,-1.1001821790812962
ENSG00000171295,ZNF440,-2.2080568449590516,-0.8476916774390618
ENSG00000171291,ZNF439,7.247253129134098,-0.19775234035812017
ENSG00000198429,ZNF69,-1.8528620932260895,-1.6381849601647938
ENSG00000196757,ZNF700,-0.7796512590086696,1.463043560404845
ENSG00000197054,ZNF763,5.179296790240538,3.664602795627785
ENSG00000197647,ZNF433,0.503650043668224,1.4847983631506154
ENSG00000223547,ZNF844,1.6635402885848027,0.6068834243546598
ENSG00000132010,ZNF20,1.6036318838868227,1.6954824726347841
ENSG00000196646,ZNF136,-0.5991689768592092,-0.7856239870238759
ENSG00000197857,ZNF44,-1.5009515671083458,0.2835709061478907
ENSG00000188868,ZNF563,-2.8460912201574926,0.32975133375897014
ENSG00000198342,ZNF442,-4.070177834881379,-0.43403409709445867
ENSG00000196466,ZNF799,0.7342186428969373,2.1810134471827993
ENSG00000180855,ZNF443,-0.20537162421544122,1.4028788694262213
ENSG00000242852,ZNF709,0.13368042926737234,-2.6049711520438183
ENSG00000249709,ZNF564,-1.7100335927580803,1.3794367723253669
ENSG00000188033,ZNF490,-4.6857346572318095,-3.8795746345747486
ENSG00000173875,ZNF791,-5.04239883628323,-3.5926121137516924
ENSG00000104774,MAN2B1,3.067114705663963,-0.3624639129261606
ENSG00000123154,WDR83,-0.9877858777176296,-0.03552241270167079
ENSG00000105583,WDR83OS,0.3031871160223612,1.2209968279370012
ENSG00000095059,DHPS,-1.6921694906982043,-0.17317694438713122
ENSG00000132004,FBXW9,2.990479164960967,1.130495011698681
ENSG00000105576,TNPO2,2.108504485206026,0.6762126175655252
ENSG00000123144,TRIR,-0.5734990590479674,1.0711511751691152
ENSG00000198356,GET3,1.3839556147596708,-1.1641894686272303
ENSG00000095066,HOOK2,-1.381139329584709,-2.224038377358244
ENSG00000171223,JUNB,7.262613878537522,3.0919379857549
ENSG00000167815,PRDX2,-0.29639798346264484,0.4766400726962823
ENSG00000104889,RNASEH2A,4.292067953320795,1.7460395066646797
ENSG00000105612,DNASE2,0.23057441894864514,-0.700918952702186
ENSG00000105607,GCDH,-6.538604166357873,-1.9395340202979758
ENSG00000161860,SYCE2,-5.406256611673265,-2.272368449405039
ENSG00000179115,FARSA,0.5508126479771971,-0.3718615082464401
ENSG00000179218,CALR,1.584624326349296,-0.4613520721517891
ENSG00000179262,RAD23A,-0.9976112437917901,-0.9429867604788331
ENSG00000179271,GADD45GIP1,-0.25794289575461316,0.1323881329131654
ENSG00000008441,NFIX,-3.7389165768044648,-3.979264809595992
ENSG00000104903,LYL1,-0.4399602174370006,-1.9561337627357247
ENSG00000104907,TRMT1,3.0726776262044724,0.8717185382894903
ENSG00000160877,NACC1,2.7256959710097624,0.36759110859976585
ENSG00000104915,STX10,2.165939349513786,0.7344374870331224
ENSG00000160888,IER2,2.7898237244371864,1.3408817177643488
ENSG00000104957,YJU2B,2.1185533984157887,0.8079523225911956
ENSG00000037757,MRI1,-1.28638197867803,-1.2708488282270833
ENSG00000104979,C19orf53,1.4547971614531567,0.5153458665750987
ENSG00000132024,CC2D1A,1.4232560497536708,-0.5883712207344045
ENSG00000132017,DCAF15,2.252366637418391,-0.02066679324436913
ENSG00000132005,RFX1,0.19434072571538605,-0.9972230077979474
ENSG00000104998,IL27RA,7.393807400375238,-0.12289223199753353
ENSG00000187867,PALM3,-1.5092859435053698,-0.9031223086844422
ENSG00000141854,MISP3,-0.23276218588416403,-0.40231943501207984
ENSG00000141858,SAMD1,5.498886195145349,2.7777509862414984
ENSG00000072062,PRKACA,0.99824163896129,1.1184747231515615
ENSG00000105011,ASF1B,5.324212530503383,0.4405298949333235
ENSG00000072071,ADGRL1,3.9404364083877894,-2.387448457542537
ENSG00000123146,ADGRE5,6.004579039124478,-1.7528991549172437
ENSG00000123136,DDX39A,6.474233327979434,3.0116574424821256
ENSG00000123143,PKN1,1.7443440270076969,-1.5951245770845495
ENSG00000123159,GIPC1,3.7876719366511913,0.627978036668648
ENSG00000132002,DNAJB1,2.2065568475874207,2.056189500379236
ENSG00000099797,TECR,-1.8545106060778396,-0.43461489528929736
ENSG00000099795,NDUFB7,-1.3749698407528141,-1.156350648949393
ENSG00000160961,ZNF333,1.6678813574418412,-1.4655956986405738
ENSG00000127507,ADGRE2,5.342723876804637,0.4191952355454764
ENSG00000105137,SYDE1,4.397522392301479,-1.1009248789062636
ENSG00000105135,HACL2,-2.3458089762154417,-0.885259431520517
ENSG00000074181,NOTCH3,6.614501848763862,-2.849723151908206
ENSG00000141867,BRD4,-1.438817711212458,-0.7694760654046896
ENSG00000105127,AKAP8,-2.5849673982531227,-1.0323185038763227
ENSG00000011243,AKAP8L,1.680223386517552,2.4093482919625187
ENSG00000011451,WIZ,-0.3518445780416395,-1.7054853878512684
ENSG00000105122,RASAL3,5.504265413723335,0.03565632398818934
ENSG00000161031,PGLYRP2,-3.353481210828414,-0.970826264955502
ENSG00000171954,CYP4F22,1.0934002309668627,1.83771602248324
ENSG00000186529,CYP4F3,-9.387318312433328,-1.361729996966256
ENSG00000186204,CYP4F12,-5.521944400081884,-0.7599681908761654
ENSG00000186115,CYP4F2,-4.134494316013214,1.2121080000779167
ENSG00000171903,CYP4F11,-8.423035074870656,-3.167986707349896
ENSG00000167460,TPM4,10.051720738943047,2.1718229670267784
ENSG00000167461,RAB8A,-0.7300668512088468,0.6634771125426147
ENSG00000196684,HSH2D,5.770052504928309,-0.4689200492830757
ENSG00000105058,FAM32A,0.08898520407975415,1.9764362988989552
ENSG00000072958,AP1M1,-2.0968322067098546,-1.6235003247458055
ENSG00000127528,KLF2,6.133585361928167,1.0896332897867875
ENSG00000127527,EPS15L1,-2.2384532241301147,-2.856553011756742
ENSG00000105072,C19orf44,-1.0959700945892534,-0.004886922964967889
ENSG00000085872,CHERP,-0.643842005258427,-0.7481708354468092
ENSG00000127526,SLC35E1,-2.402771146950607,-1.1666415039398181
ENSG00000105085,MED26,-0.9004644294227004,-0.6292792838336736
ENSG00000214046,SMIM7,-2.5582282783795227,1.062347148149273
ENSG00000072954,TMEM38A,-3.6892409715330206,-0.5990013257708486
ENSG00000127511,SIN3B,1.4421849989900442,-0.09397790827846929
ENSG00000131351,HAUS8,-0.43191239419118654,0.29836363490571094
ENSG00000099331,MYO9B,2.9340267502263937,0.279425982983584
ENSG00000053501,USE1,-1.318269840170955,-1.1632672995216453
ENSG00000099330,OCEL1,-4.1886315859238215,-0.5831058354471912
ENSG00000160113,NR2F6,-1.428825154272062,0.45983179973757193
ENSG00000130307,USHBP1,1.0192365522625066,-1.307643251872926
ENSG00000105393,BABAM1,1.0700136494688939,1.75092307509162
ENSG00000127220,ABHD8,-1.25373050676835,-1.5077197136559355
ENSG00000130312,MRPL34,-2.910851084708218,0.5567358434383476
ENSG00000130311,DDA1,0.9642825135456145,-0.945873271511584
ENSG00000074855,ANO8,1.8088423390607222,-0.19048587065474762
ENSG00000130299,GTPBP3,1.1357725806063816,-0.23065310310971454
ENSG00000130300,PLVAP,8.308783729387441,-0.09085977051317251
ENSG00000130303,BST2,-2.0974503114114675,-1.3415940067311811
ENSG00000141971,MVB12A,-1.0552489511950969,-1.5603611482191022
ENSG00000130304,SLC27A1,0.7494706356390928,-1.7093222134297295
ENSG00000130313,PGLS,0.9856074564687352,0.26054496274130723
ENSG00000130309,COLGALT1,2.7260143966356534,0.05090730011696445
ENSG00000130479,MAP1S,2.214797653064002,-1.2385700522416687
ENSG00000130475,FCHO1,4.356650555400102,-0.728008901853341
ENSG00000179913,B3GNT3,8.208671291923213,-2.938383797619025
ENSG00000105639,JAK3,8.436642184658021,-0.08764503469601619
ENSG00000105640,RPL18A,1.611565441426088,-0.3496718367339189
ENSG00000007080,CCDC124,1.0794642456467718,-0.631572436030269
ENSG00000105643,ARRDC2,10.3825802332432,2.338729473747062
ENSG00000096996,IL12RB1,4.048772070507678,-2.377115754171545
ENSG00000099308,MAST3,-0.5001729682783651,-0.16971153403472825
ENSG00000105647,PIK3R2,1.3496278111533364,0.4047035142247741
ENSG00000216490,IFI30,7.968326236425888,4.1938247746365205
ENSG00000254858,MPV17L2,4.236620936667423,2.830156920774059
ENSG00000130518,IQCN,2.483902871073591,1.1216541200174392
ENSG00000130522,JUND,7.182760396145903,4.233100058644868
ENSG00000130520,LSM4,4.5674218577068375,3.3804278164184507
ENSG00000130517,PGPEP1,-4.691681984838014,-2.02279928404474
ENSG00000175489,LRRC25,3.169952916100891,0.22423725998896218
ENSG00000130511,SSBP4,3.427785032482749,0.2640302291946319
ENSG00000105655,ISYNA1,5.28481791747348,-0.28102084441020436
ENSG00000105656,ELL,-0.043347217638077355,-1.6243511395505228
ENSG00000105701,FKBP8,-1.4979801883430919,-2.083760481923915
ENSG00000105700,KXD1,1.123975902803535,-0.7387050373735166
ENSG00000221983,UBA52,0.715211811899632,1.1094217815293643
ENSG00000006015,REX1BD,0.792575232527849,0.7009733106416431
ENSG00000167487,KLHL26,-0.07007791063947467,-1.2470100738132457
ENSG00000105662,CRTC1,-0.6496089446990575,-2.1467559139336796
ENSG00000005007,UPF1,-1.6237333411740273,-1.743057673351277
ENSG00000105669,COPE,1.2164908031867592,0.10323234204358847
ENSG00000105671,DDX49,0.05331712794467449,-0.709940277173482
ENSG00000051128,HOMER3,3.6110988095715264,-0.3165064592197972
ENSG00000064607,SUGP2,0.621038276974075,-0.07081926951988102
ENSG00000105676,ARMC6,-2.1258383145582336,-0.4647761768542074
ENSG00000181035,SLC25A42,-2.8978549277785413,0.3453897774259324
ENSG00000064545,TMEM161A,-0.2441141190354462,-0.4998460803223802
ENSG00000254901,BORCS8,0.6375213764524043,-0.2915306127161431
ENSG00000064490,RFXANK,2.424506676038646,0.3059435481094335
ENSG00000184162,NR2C2AP,3.847858755173321,0.9432125320943596
ENSG00000187664,HAPLN4,-2.932975202264733,-0.28293094285734716
ENSG00000213996,TM6SF2,-3.864998536744902,0.5498994362564584
ENSG00000105705,SUGP1,-3.066264106575646,-1.7536226963867667
ENSG00000129933,MAU2,-0.40332070375691076,-1.1672967631904447
ENSG00000167491,GATAD2A,4.347826290152398,1.2170156210277976
ENSG00000186010,NDUFA13,0.31497206340991446,0.17766421144658026
ENSG00000250067,YJEFN3,0.26152713785988047,-0.32419800117609043
ENSG00000064547,LPAR2,8.669692156672049,2.4473043454155814
ENSG00000089639,GMIP,4.960164756367972,-1.6755813157019637
ENSG00000105726,ATP13A1,2.0620911253442804,-0.03154021044390847
ENSG00000181896,ZNF101,4.569404180713714,0.13445783859174293
ENSG00000105708,ZNF14,5.029328053206949,-0.6610106882483536
ENSG00000081665,ZNF506,3.2261761451048176,0.9353557667741884
ENSG00000256771,ZNF253,-2.4062482412931483,-0.5772817864743114
ENSG00000197124,ZNF682,1.2044694486143273,1.7506425353332906
ENSG00000256229,ZNF486,4.095362592038264,-1.9350925439404336
ENSG00000237440,ZNF737,3.595453101023964,-0.18744628594925908
ENSG00000188171,ZNF626,0.21148527201332531,-0.3878624649470395
ENSG00000118620,ZNF430,6.201635500079896,0.2659027175969923
ENSG00000160352,ZNF714,4.92675394684782,0.39140930695024706
ENSG00000196705,ZNF431,7.58320647598753,1.4178866040052462
ENSG00000182141,ZNF708,2.997060277567243,0.39376021550213114
ENSG00000172687,ZNF738,6.16527792016691,-0.7639050129843907
ENSG00000196268,ZNF493,0.23860050225528523,1.3035427609224282
ENSG00000197013,ZNF429,-6.6477667023176625,-1.4725364447403386
ENSG00000197020,ZNF100,1.1261069570876858,1.234289182957812
ENSG00000198521,ZNF43,5.532372061961477,-0.844072046072964
ENSG00000160321,ZNF208,4.747958081230072,0.13652537346461574
ENSG00000167232,ZNF91,-4.057811362939951,-1.3219773039185159
ENSG00000197372,ZNF675,3.1611710825054518,0.8734265413372694
ENSG00000288920,RPSA2,2.940523655055112,0.8104957881129496
ENSG00000213967,ZNF726,-3.023856178566246,-1.4396255828256694
ENSG00000213096,ZNF254,-3.773743646849401,-0.5024214700567656
ENSG00000169021,UQCRFS1,-0.8680362273409953,1.4474828116897438
ENSG00000105171,POP4,-0.28001765662347955,2.0051508174943518
ENSG00000166289,PLEKHF1,0.8856353294059353,-0.2170821402890838
ENSG00000131943,C19orf12,2.9139231000809556,3.006733338801914
ENSG00000105176,URI1,-5.083002997741269,-1.7466341743582767
ENSG00000121297,TSHZ3,7.855685616359536,0.28827553451887433
ENSG00000168813,ZNF507,-3.844841880893507,-0.7668537327589949
ENSG00000178904,DPY19L3,-1.08919521188994,-1.1076539868304849
ENSG00000105185,PDCD5,-2.3053644469888988,-0.00940059415487118
ENSG00000105186,ANKRD27,0.32707361623571624,-1.696228579285757
ENSG00000213965,NUDT19,-2.7658880472672145,0.5291621388896198
ENSG00000021488,SLC7A9,-5.5543444820004275,-1.019256335796987
ENSG00000121289,CEP89,0.8183532979514021,-4.013101560379433
ENSG00000131944,FAAP24,-2.46137948470476,-3.847670540732286
ENSG00000131941,RHPN2,-1.652003485953668,-0.34046217075702295
ENSG00000076650,GPATCH1,-3.450499346858684,-0.8285057517895115
ENSG00000166359,WDR88,-3.301271593272724,-2.268795754515418
ENSG00000130881,LRP3,-0.7970094726543555,-0.8006462647125313
ENSG00000130876,SLC7A10,-2.3314060541133315,0.47675490294849937
ENSG00000245848,CEBPA,-3.6135744458927457,-0.5474614618331753
ENSG00000153879,CEBPG,1.577472842976784,3.8104149415337063
ENSG00000124299,PEPD,-0.1293596516561857,1.1365410330728514
ENSG00000153885,KCTD15,1.9694578275899903,0.23006365787292302
ENSG00000257103,LSM14A,-1.4168118496233728,0.6375646808357588
ENSG00000166398,GARRE1,0.09025212521444795,-1.7244060094172082
ENSG00000105220,GPI,4.410322126442428,3.0275547680489656
ENSG00000126249,PDCD2L,0.1808134683286588,0.6100589250573093
ENSG00000126261,UBA2,-0.762586741960772,0.3064497915837311
ENSG00000205209,SCGB2B2,-3.450630019835432,-0.8806067842760611
ENSG00000089335,ZNF302,-3.9521456749122033,0.8298831722456099
ENSG00000197841,ZNF181,-3.36738613235966,0.7023712759056518
ENSG00000153896,ZNF599,-6.035604294472743,-2.808034305307291
ENSG00000168661,ZNF30,-4.89907977016573,-0.808917310038008
ENSG00000180884,ZNF792,-3.078243054149426,-3.0405733843355263
ENSG00000089351,GRAMD1A,4.207603009231447,-0.19735011826781082
ENSG00000105711,SCN1B,-1.643284382276598,-4.7884031866006085
ENSG00000105707,HPN,-1.4624109811832793,0.19969233116986868
ENSG00000153902,LGI4,0.11492151933017888,-0.6613632617506895
ENSG00000266964,FXYD1,-3.527332109967799,-0.21759724755634188
ENSG00000089327,FXYD5,7.751493236571961,2.878189980766509
ENSG00000105699,LSR,-1.944043671354558,-1.3611723865674257
ENSG00000105698,USF2,-1.532576143933524,-1.662676835653751
ENSG00000105697,HAMP,-0.75312827509128,0.4249901453431548
ENSG00000012124,CD22,1.5450105848457756,-0.3687304370087552
ENSG00000161249,DMKN,7.610251795467242,-0.6040357244469072
ENSG00000105679,GAPDHS,-0.2513593881960024,-1.3447921419659377
ENSG00000105677,TMEM147,2.680058636558918,1.7160263790882813
ENSG00000249115,HAUS5,0.3880281324353011,-0.8808659596067299
ENSG00000126254,RBM42,1.5752218566676806,0.07394644298212293
ENSG00000126267,COX6B1,0.9294005767785706,1.713200332907806
ENSG00000272333,KMT2B,0.6610276158577839,-1.0446060957147378
ENSG00000126246,IGFLR1,-0.9240910414639135,-1.141574918618096
ENSG00000161265,U2AF1L4,1.9639313895852077,2.0913335583378574
ENSG00000205155,PSENEN,2.267028639229632,2.198866592380633
ENSG00000267796,LIN37,0.8671517826801199,-0.09465952804314441
ENSG00000004776,HSPB6,7.365679529605081,1.4497505253172482
ENSG00000167595,PROSER3,2.9125357734055264,-0.8369922898468635
ENSG00000004777,ARHGAP33,1.8286750270562027,-0.40683695732084674
ENSG00000250799,PRODH2,-3.227919389389171,-1.3839902139095748
ENSG00000167604,NFKBID,6.711615069800601,1.8614590568012102
ENSG00000126264,HCST,7.422298394027474,1.8210639116311127
ENSG00000011600,TYROBP,4.700755196372524,1.8055000698772854
ENSG00000126243,LRFN3,-0.8625373597422014,-2.2023610145959958
ENSG00000205138,SDHAF1,-1.603633211115804,0.4696187244267526
ENSG00000181392,SYNE4,0.026866707331243696,0.7763362637654252
ENSG00000239382,ALKBH6,1.4070474183233646,1.8397636816472893
ENSG00000105270,CLIP3,7.308624236598301,1.5325418127107795
ENSG00000105258,POLR2I,-2.5642143373319346,-1.248920938148279
ENSG00000105254,TBCB,4.6626780169978,0.9692872975835269
ENSG00000126247,CAPNS1,4.705496371241446,0.5217480737113795
ENSG00000161281,COX7A1,4.967978224580945,-0.08886547221341629
ENSG00000196357,ZNF565,-4.5019414926247885,-2.691938351921298
ENSG00000167635,ZNF146,-1.4075053683725052,0.6631785946875512
ENSG00000142065,ZFP14,-1.6457148080316804,-0.2095851126794386
ENSG00000181007,ZFP82,5.740114336833237,1.7290979360889351
ENSG00000186017,ZNF566,-1.903455613700088,0.6947406351822768
ENSG00000254004,ZNF260,1.5034473328509803,1.5674605648280624
ENSG00000186020,ZNF529,2.7715189938009663,1.9865442422252644
ENSG00000161298,ZNF382,7.05529730641355,3.261059788313213
ENSG00000197808,ZNF461,1.4432699181047637,2.2081668763618367
ENSG00000189042,ZNF567,-0.4206270446812654,-0.11450710746943982
ENSG00000267041,ZNF850,-1.4270262683514208,-2.343412724234745
ENSG00000197863,ZNF790,-1.1034881508964176,1.3482078845197374
ENSG00000251247,ZNF345,-3.799677983291375,-2.426714412443336
ENSG00000185869,ZNF829,0.6367176880318005,-0.48710508507582967
ENSG00000198453,ZNF568,2.5999843828582856,2.0439980941251146
ENSG00000197050,ZNF420,-2.410314671944859,-0.05424085577639714
ENSG00000196967,ZNF585A,-1.726522242757709,-0.3388877736967903
ENSG00000245680,ZNF585B,4.036830881398141,3.8661003904904243
ENSG00000188283,ZNF383,-3.2493973974432406,-1.9447658728004804
ENSG00000181666,ZNF875,1.310635353282137,1.8656674052103528
ENSG00000189164,ZNF527,-1.8085883829772231,-0.44116016177753314
ENSG00000196437,ZNF569,-1.550393408797344,0.30744051210828144
ENSG00000171827,ZNF570,1.958048101533877,0.9789323626865434
ENSG00000188227,ZNF793,5.302634673858521,1.165947997666644
ENSG00000171817,ZNF540,-1.8479873221862553,0.4072388847186171
ENSG00000180479,ZNF571,-0.4975221695520019,0.1535876419642288
ENSG00000120784,ZFP30,3.00936961019634,1.8652764603543008
ENSG00000198182,ZNF607,8.368281800954364,3.7105750575322887
ENSG00000189144,ZNF573,-1.8470069747334539,-1.3222094046138073
ENSG00000105738,SIPA1L3,2.9919676412146434,-1.186201632644849
ENSG00000167642,SPINT2,10.2591924592375,1.753516983250783
ENSG00000167645,YIF1B,1.5618121253801567,0.8182577392471877
ENSG00000099337,KCNK6,2.8724061626627067,-1.1947836444600302
ENSG00000099338,CATSPERG,-3.4610751971405542,-2.812285362806301
ENSG00000099341,PSMD8,-1.2147992468972015,0.33807234833388194
ENSG00000130244,FAM98C,0.3846627582497784,-0.3422064335480587
ENSG00000171777,RASGRP4,1.4060522003128235,-2.81486190565777
ENSG00000104814,MAP4K1,4.319788034028317,-1.3208762072786557
ENSG00000178982,EIF3K,2.129615294184306,1.3422843668844153
ENSG00000130402,ACTN4,1.663281722634308,-1.744555808070787
ENSG00000182472,CAPN12,2.367269792381933,1.6779548345362891
ENSG00000171747,LGALS4,8.482172383665041,4.7363883742532
ENSG00000104823,ECH1,-4.077461546705961,-0.11928282045549571
ENSG00000104824,HNRNPL,-0.5073273036504552,0.3969159729537543
ENSG00000187994,RINL,2.9007906657538296,-0.3632312564990042
ENSG00000068903,SIRT2,-0.5377852529257663,-0.19605298207205676
ENSG00000104825,NFKBIB,0.1370748762069822,-0.359702126169044
ENSG00000262484,CCER2,0.12631268909581547,0.2886305831492602
ENSG00000104835,SARS2,0.007635378891690004,-0.2837170752555916
ENSG00000128626,MRPS12,0.6286521227104719,0.5762029421811271
ENSG00000269190,FBXO17,0.9022826272191514,2.2947377670664344
ENSG00000161243,FBXO27,1.0465358142324932,2.6828976253921724
ENSG00000130669,PAK4,-1.6043184921729872,-2.2424421178386664
ENSG00000130755,GMFG,6.923396732190555,2.071124781091057
ENSG00000179134,SAMD4B,-1.443842695894629,-2.537711075262016
ENSG00000006712,PAF1,-0.7418274956563179,-0.5623055746658708
ENSG00000063322,MED29,-1.1730876691395418,-0.9601714131535178
ENSG00000128016,ZFP36,6.945397636935241,2.943340609892767
ENSG00000090924,PLEKHG2,7.439627308604875,0.27524693630663427
ENSG00000105193,RPS16,0.07525570895957562,-0.7504762102478251
ENSG00000196235,SUPT5H,0.9881187712147513,-0.314359438318394
ENSG00000105197,TIMM50,-0.9628028197861771,0.200873063323476
ENSG00000176401,EID2B,0.9434738079977432,-0.5931973140469806
ENSG00000176396,EID2,2.1477303206651315,2.703597651030347
ENSG00000105204,DYRK1B,0.8160461546850323,-1.2453887199674891
ENSG00000105202,FBL,-0.05978189918257418,-0.6506430618183859
ENSG00000275395,FCGBP,6.546312190228873,0.8790084853914095
ENSG00000013275,PSMC4,2.854707921514142,2.0167199717462028
ENSG00000187187,ZNF546,-6.07184167039714,-1.732301680763469
ENSG00000128000,ZNF780B,-1.3099446540407884,-0.002933790123003476
ENSG00000197782,ZNF780A,-3.307226572690183,-0.2314382171705776
ENSG00000130758,MAP3K10,2.057922445785516,-0.14989391037794864
ENSG00000105221,AKT2,-4.666317619801014,-1.8394015194497693
ENSG00000160392,C19orf47,-5.15561105856,-4.279731531681636
ENSG00000105223,PLD3,0.635287308342573,-0.9924203135018731
ENSG00000105227,PRX,-2.346324149416548,-4.2672495517343565
ENSG00000197019,SERTAD1,7.0928244182948665,3.716790882015132
ENSG00000167565,SERTAD3,6.18539957982714,2.838242813531096
ENSG00000090013,BLVRB,-2.748771949735359,-0.14972618467681575
ENSG00000160410,SHKBP1,2.5458727366774303,-0.8582814439171663
ENSG00000090006,LTBP4,4.03582204678146,-2.846344923340874
ENSG00000105245,NUMBL,3.2065321492438934,0.38895719841244497
ENSG00000123815,COQ8B,1.5468035422431499,0.338516744854522
ENSG00000086544,ITPKC,5.800853467121521,1.6481288209391036
ENSG00000188493,ACTMAP,-0.577807487616354,-0.9005590276246229
ENSG00000077312,SNRPA,1.6306679427491841,1.0698427314150494
ENSG00000269858,EGLN2,1.7412974717718164,-0.2962419681454239
ENSG00000255974,CYP2A6,-4.030690599145186,-0.5188674718208282
ENSG00000198077,CYP2A7,-3.4166772800516165,-0.2983525498854078
ENSG00000197408,CYP2B6,-2.2540122895515893,0.5639797722466998
ENSG00000197838,CYP2A13,-2.571013900594993,-0.08917254724272392
ENSG00000167601,AXL,1.3414368943712869,-3.711645440853203
ENSG00000105323,HNRNPUL1,-1.7645293670417606,-3.598903569928021
ENSG00000105329,TGFB1,4.734727790790921,-1.5259842376191954
ENSG00000142039,CCDC97,2.161443603894521,-1.6355590720640996
ENSG00000142046,TMEM91,1.8226140354230635,-0.307313937657365
ENSG00000123810,B9D2,-0.6159747115778894,-1.9693832460360932
ENSG00000077348,EXOSC5,1.0104715488626368,0.2355324624659626
ENSG00000248098,BCKDHA,-2.1561222882804825,-1.1362500365610744
ENSG00000105341,DMAC2,-2.947847230430123,-1.5304368649042763
ENSG00000007129,CEACAM21,0.030383669200742702,-3.448773326121901
ENSG00000105372,RPS19,4.480515429069387,1.9517292750579698
ENSG00000076928,ARHGEF1,2.930309229769665,-0.631043720579489
ENSG00000105404,RABAC1,0.6830704988744211,-0.5159750378044904
ENSG00000105732,ZNF574,-0.6952420919279186,-2.3503272794554046
ENSG00000028277,POU2F2,2.2650052875148847,-2.6355032319198832
ENSG00000160570,DEDD2,-0.570443652130524,-0.04527196700443817
ENSG00000167625,ZNF526,-3.9485686137372946,-4.226850215073409
ENSG00000105723,GSK3A,1.601226879026264,-0.15880033007704172
ENSG00000105722,ERF,0.6336999455315202,-0.2920027082925139
ENSG00000079432,CIC,1.292829025793945,-0.9379573919287486
ENSG00000079462,PAFAH1B3,2.968832085559123,-0.5246081347866974
ENSG00000105429,MEGF8,-0.5771985592373747,-1.5619512832401325
ENSG00000079385,CEACAM1,-0.18087299907137583,0.7540790471846561
ENSG00000176531,PHLDB3,-1.1525850230797565,-0.5201603473093589
ENSG00000105755,ETHE1,-1.3516047055518428,-0.5928581059549278
ENSG00000073050,XRCC1,3.3392702715035254,0.578631981335949
ENSG00000167378,IRGQ,-1.5418336388487017,-0.36490738991456134
ENSG00000124444,ZNF576,-3.1425814735358237,-1.5336984038285573
ENSG00000226763,SRRM5,-1.4535520116609266,-1.9362030376098212
ENSG00000131116,ZNF428,0.014531585504448738,-0.18954735936184416
ENSG00000105767,CADM4,-2.144118070387145,-1.7905012467944887
ENSG00000011422,PLAUR,10.556023776770182,3.088586601620161
ENSG00000105771,SMG9,2.887921910107694,0.33817822548598503
ENSG00000167637,ZNF283,-2.8907102894095793,-1.8754066193383678
ENSG00000176222,ZNF404,-0.18280970439149688,1.2877812167000855
ENSG00000124459,ZNF45,-3.971177918273059,-2.1006901706286554
ENSG00000159905,ZNF221,-0.5053771161070435,-0.7129138785373856
ENSG00000204920,ZNF155,-2.4566986396571444,-1.7902191205853193
ENSG00000159882,ZNF230,-2.8446591070273595,-0.9907291329939075
ENSG00000159885,ZNF222,0.2051893842353624,-0.026839006332724995
ENSG00000178386,ZNF223,-1.505858462922274,-0.6112035335415222
ENSG00000186026,ZNF284,1.6760932142184375,-0.4422947646689014
ENSG00000267680,ZNF224,0.35639229554972734,2.239401507148808
ENSG00000256294,ZNF225,-1.3915725285476999,0.1851854848097905
ENSG00000263002,ZNF234,0.18548412848713847,-0.8087974252930576
ENSG00000167380,ZNF226,-2.451254146306524,-1.248330673676637
ENSG00000131115,ZNF227,-3.9111947373463183,-2.8074820905929387
ENSG00000159917,ZNF235,-0.9856784869464659,-0.9728360743361811
ENSG00000159915,ZNF233,1.8871065871697081,0.8918293528596695
ENSG00000062370,ZNF112,-1.218468142231437,-0.9292062893111496
ENSG00000267508,ZNF285,-1.3657756994586339,0.5346613823203256
ENSG00000278318,ZNF229,0.0696511642337545,-0.3558001739634094
ENSG00000167384,ZNF180,-1.0720723982661942,0.48637415579420074
ENSG00000216588,IGSF23,-2.454624157587648,0.07330023722297334
ENSG00000073008,PVR,4.062510254940532,2.2994033735087163
ENSG00000186567,CEACAM19,0.7297777956276612,0.09381571440113404
ENSG00000069399,BCL3,2.8871169066960376,1.2235607025612345
ENSG00000142273,CBLC,-1.1892263525524516,-1.363205481164996
ENSG00000187244,BCAM,2.7468496998433993,-1.3432500010430415
ENSG00000130202,NECTIN2,1.678520271228686,-0.2030549342983807
ENSG00000130204,TOMM40,1.9805506004451017,0.44472665153224966
ENSG00000130203,APOE,0.023097798757835984,0.3298924769913863
ENSG00000130208,APOC1,-2.4887352422591507,1.5792557742471032
ENSG00000234906,APOC2,-2.4224469184379798,0.8230919524431185
ENSG00000267467,APOC4,-3.2936796864708526,0.7511186503188604
ENSG00000104853,CLPTM1,-1.5466879808363174,-1.6136286328278688
ENSG00000104856,RELB,9.386770017543629,2.7757726055224508
ENSG00000104859,CLASRP,0.42842823725927254,0.05219708602762305
ENSG00000142252,GEMIN7,2.246028146176028,2.8933152552455477
ENSG00000007047,MARK4,-2.127882932250361,-2.6025092389095392
ENSG00000104866,PPP1R37,1.6217867432879627,-0.36861526601870204
ENSG00000189114,BLOC1S3,-0.714226911806255,-0.3777483634833418
ENSG00000007255,TRAPPC6A,-0.21234616070661383,0.07467462247193636
ENSG00000283632,EXOC3L2,0.41736310919324354,-1.3056365195732798
ENSG00000104884,ERCC2,1.5740974445060747,0.5393792748115424
ENSG00000104881,PPP1R13L,4.34576840374078,-0.07760791606066435
ENSG00000117877,POLR1G,2.9502915845991318,0.7845258205199123
ENSG00000012061,ERCC1,0.41270006243867596,-0.054738269478754466
ENSG00000125753,VASP,7.861246329323833,1.4524596486533876
ENSG00000125741,OPA3,-1.7365026228148834,-2.140417222627523
ENSG00000125746,EML2,7.028753379656443,1.1261197932621416
ENSG00000125743,SNRPD2,1.5091025150867505,0.6640097044941967
ENSG00000011478,QPCTL,-0.6118367168442068,-1.3216623849599451
ENSG00000177051,FBXO46,-1.6444537777192954,-0.9719221674260244
ENSG00000177045,SIX5,1.1700722924110516,0.04456881840853144
ENSG00000104936,DMPK,2.283148995721827,-1.2767971846560109
ENSG00000185800,DMWD,2.685600646495698,-0.6505540553532867
ENSG00000125755,SYMPK,0.042634253616445766,-0.9130602821242573
ENSG00000170608,FOXA3,-0.9751171707838838,1.7973363729060348
ENSG00000170604,IRF2BP1,-0.5714064326913805,-0.4800838823112613
ENSG00000176182,MYPOP,-0.0012449224397092357,-0.21608548501358865
ENSG00000104967,NOVA2,1.5628859535948127,-0.8014943717593271
ENSG00000104983,CCDC61,0.11453035506668159,-0.6335157131136014
ENSG00000011485,PPP5C,-1.62367224152411,-1.8148069619718656
ENSG00000169515,CCDC8,8.04774694757924,-1.5484712367832976
ENSG00000160014,CALM3,-2.9077851295001467,-2.2823977801146773
ENSG00000160013,PTGIR,2.834995804194007,0.5194063666248766
ENSG00000105287,PRKD2,1.8981441836004298,-0.7153632270090978
ENSG00000090372,STRN4,1.9148156684028907,-0.5786326788485378
ENSG00000181027,FKRP,-0.5622416986774258,-1.8012977306439626
ENSG00000105281,SLC1A5,6.151965306446766,-1.8467507996008212
ENSG00000042753,AP2S1,0.8568490628922295,1.4441468539439883
ENSG00000160007,ARHGAP35,-10.212334945420691,-4.434889134873704
ENSG00000130749,ZC3H4,-1.0657974952102791,-2.6747579110115423
ENSG00000142230,SAE1,5.736078072894283,2.376165648811069
ENSG00000105321,CCDC9,0.18842045615078448,-2.383282793041981
ENSG00000257704,INAFM1,1.9103258895826096,-0.921467269156729
ENSG00000197405,C5AR1,9.565280680472883,4.508026224380714
ENSG00000134830,C5AR2,-2.6189037701112183,-3.008745528323851
ENSG00000134815,DHX34,0.9603657274696548,-0.6366539488908837
ENSG00000118162,KPTN,0.026738642863520214,0.44286002989618106
ENSG00000105402,NAPA,0.9139337808892554,0.8740060942104637
ENSG00000063169,BICRA,0.08112173936033396,-1.1008148763155738
ENSG00000024422,EHD2,6.755550806171139,-1.5376930583996902
ENSG00000105373,NOP53,-1.5527797822998617,-2.464342297755214
ENSG00000178980,SELENOW,2.7213345402309375,0.9139583299049724
ENSG00000105398,SULT2A1,0.8717272984078707,3.583014450136154
ENSG00000105507,CABP5,7.2624409128217575,3.0257448000206457
ENSG00000105499,PLA2G4C,7.786275680267306,2.044073648578633
ENSG00000105486,LIG1,2.801569219959939,0.32775037891704173
ENSG00000105483,CARD8,2.3181004792190607,0.9145251471649893
ENSG00000142227,EMP3,8.732279073437285,2.206498812937809
ENSG00000161558,TMEM143,-2.8414056617346137,-0.32756490160768953
ENSG00000105438,KDELR1,0.751040531640032,0.7177339369364033
ENSG00000105447,GRWD1,1.6577503739560178,0.25502491397181737
ENSG00000182324,KCNJ14,0.04635410299202252,0.03194829785797107
ENSG00000105443,CYTH2,8.949279692369482,1.7411477122648809
ENSG00000063177,RPL18,0.3676433384003195,-0.5987295852924621
ENSG00000063176,SPHK2,-1.5870589280417766,-0.8809096030334513
ENSG00000105516,DBP,-3.3860144173986475,-0.9436345120647407
ENSG00000063180,CA11,3.0939560363158534,-2.9115850579295848
ENSG00000105538,RASIP1,2.6994636301539945,-0.3318238560970992
ENSG00000174951,FUT1,6.292087280632242,3.410476047496501
ENSG00000105550,FGF21,4.7269105600149395,3.7777415772155
ENSG00000105552,BCAT2,-4.2221850343651255,-3.213796432715277
ENSG00000087076,HSD17B14,-8.78939194942102,-3.8277097235999835
ENSG00000105559,PLEKHA4,1.5750732033312336,-1.273420398411836
ENSG00000087074,PPP1R15A,8.01198970831534,1.8219878253410875
ENSG00000104805,NUCB1,-0.03716274980347651,-1.1734894822345383
ENSG00000087088,BAX,10.037114495840562,4.502415111900545
ENSG00000087086,FTL,1.3604528906222035,2.742463586736588
ENSG00000104812,GYS1,-1.139311804536547,-1.1318951781304363
ENSG00000183207,RUVBL2,-0.6768247143401561,-1.0989952888308243
ENSG00000104852,SNRNP70,-0.1814877545312287,0.0883180338452296
ENSG00000104863,LIN7B,1.7792949715455095,0.5191418182314321
ENSG00000130528,HRC,1.9757463570194296,-2.1959788404169753
ENSG00000130529,TRPM4,3.3462002450958663,-0.028877999851541727
ENSG00000063127,SLC6A16,-3.821788007805912,-0.7184416550676258
ENSG00000104894,CD37,3.6985699198186337,-2.420536834719155
ENSG00000074219,TEAD2,6.989722995626655,0.1853503667720415
ENSG00000104872,PIH1D1,-1.917346738760712,-0.16630451659324713
ENSG00000161618,ALDH16A1,0.39620470827269344,-0.5980672313304106
ENSG00000090554,FLT3LG,2.788452404590146,-0.8104985945859602
ENSG00000142541,RPL13A,0.33496630539306954,-0.5304582131154528
ENSG00000142534,RPS11,-0.5048067566693882,-0.7990519589717977
ENSG00000104870,FCGRT,-3.1709703116359953,-1.8914492208219078
ENSG00000142552,RCN3,1.6344146981263483,0.07638123762937156
ENSG00000142546,NOSIP,0.6046285014589843,0.054295672930563435
ENSG00000126460,PRRG2,0.370414807684465,-0.3020444533596765
ENSG00000126464,PRR12,0.7037816671860975,-1.8309306708445203
ENSG00000126458,RRAS,6.110636120135286,0.6768138475559676
ENSG00000126461,SCAF1,0.061807638922800126,-1.7743817571562381
ENSG00000126456,IRF3,2.1957482927931733,0.21546542687370326
ENSG00000126453,BCL2L12,0.38456740104466985,-0.593195341045796
ENSG00000126457,PRMT1,1.8501088592895842,0.09284772642281233
ENSG00000196961,AP2A1,1.0341077369412703,-0.8217520124245257
ENSG00000010361,FUZ,-0.9747589671829431,-1.3632829577914996
ENSG00000104973,MED25,0.48433074095248724,-1.4230947033425156
ENSG00000104960,PTOV1,-0.8772468530299377,-0.5642105777894383
ENSG00000039650,PNKP,1.4213772149369621,-0.8447683908974727
ENSG00000204673,AKT1S1,-1.3215033467963948,-0.5396278070910913
ENSG00000104946,TBC1D17,-0.61285110603358,-0.9135282635954821
ENSG00000104951,IL4I1,-0.9249426312147596,-1.2179558332729905
ENSG00000213024,NUP62,-0.7295316061378162,-1.1696580266469605
ENSG00000169136,ATF5,-2.7128035825086227,-0.12392555013374298
ENSG00000161640,SIGLEC11,-1.8715710844723135,-1.9933269631643014
ENSG00000161643,SIGLEC16,-1.0882711068984248,-2.747944312354594
ENSG00000105053,VRK3,-0.45040947894826255,0.23880229876988718
ENSG00000142528,ZNF473,-2.0814429455370114,-0.5491110187941861
ENSG00000105357,MYH14,-0.780901989527819,-1.6868040468041572
ENSG00000131398,KCNC3,0.17518210194782877,-1.4895990404779234
ENSG00000131408,NR1H2,-0.289597763717942,-1.4280743143709707
ENSG00000131400,NAPSA,-1.77258801013649,-0.34408240355711195
ENSG00000062822,POLD1,2.3098839662033366,0.1710351040512081
ENSG00000161671,EMC10,-0.4405588452727155,-1.6785784222916942
ENSG00000204653,ASPDH,-2.7301443732617154,-0.5281561268153399
ENSG00000105472,CLEC11A,8.096819857187098,2.349651536329408
ENSG00000129450,SIGLEC9,1.5563440241245234,-1.6484060581113806
ENSG00000168995,SIGLEC7,-1.393277138590472,-3.7281017549956714
ENSG00000105383,CD33,1.4156935385550182,-3.1887053475669163
ENSG00000186806,VSIG10L,5.342796300964254,1.4798917193168268
ENSG00000105379,ETFB,-0.6800176324643116,-0.11511295489312286
ENSG00000160318,CLDND2,1.0555153068007228,-0.07961400761898071
ENSG00000105374,NKG7,1.2210101842255063,-2.602370840343342
ENSG00000142512,SIGLEC10,3.3680263428017456,-1.3747273165351563
ENSG00000105497,ZNF175,-5.624524442539186,-2.716684583120834
ENSG00000268500,SIGLEC5,-0.3185728857534634,-4.157247269700786
ENSG00000254415,SIGLEC14,-0.5813627097069574,0.5950241507317392
ENSG00000171051,FPR1,2.100315292028819,-1.18249307510109
ENSG00000187474,FPR3,6.236151651462534,3.4722902820188137
ENSG00000161551,ZNF577,-3.200152511771141,-1.3873122190302238
ENSG00000198093,ZNF649,-1.5953454410712147,-1.0106746575835028
ENSG00000176024,ZNF613,0.08307455009630267,0.944314336739619
ENSG00000256683,ZNF350,-5.6245114701422505,-3.6555470301210953
ENSG00000197619,ZNF615,-3.8626340573379876,-0.5563938299862731
ENSG00000142556,ZNF614,1.9421997748455775,1.2541150320160497
ENSG00000256087,ZNF432,1.260521061294297,-0.44160437056915725
ENSG00000197608,ZNF841,0.27349693591952096,-0.6486326244464108
ENSG00000204611,ZNF616,-4.838882559925721,-1.271477589468358
ENSG00000196267,ZNF836,1.5029978386061424,-0.7157304849881161
ENSG00000105568,PPP2R1A,1.0831920358433682,-1.4972227004482908
ENSG00000196214,ZNF766,-1.72994980802787,-0.7886588666240739
ENSG00000198464,ZNF480,-1.031889617498594,0.5085874470205911
ENSG00000221923,ZNF880,2.578043805933717,-1.1537981494873137
ENSG00000167555,ZNF528,-1.5015018579916128,-2.3065981059811005
ENSG00000198482,ZNF808,-2.0609405111647425,-0.43498128277170045
ENSG00000167562,ZNF701,3.212087421635572,0.23579033962326199
ENSG00000167766,ZNF83,7.698136937987707,3.314362618149049
ENSG00000213020,ZNF611,3.5462486832765574,-0.01953670118195757
ENSG00000189190,ZNF600,1.8944082822385646,3.017886518801959
ENSG00000198538,ZNF28,5.349340649375098,1.4970739969642166
ENSG00000204604,ZNF468,5.358145854099366,1.5342678034268469
ENSG00000182986,ZNF320,6.239235156093762,0.2727156377665425
ENSG00000213793,ZNF888,7.529044750880295,1.249761750871429
ENSG00000180257,ZNF816,5.210226110568585,2.165302833372123
ENSG00000170949,ZNF160,-1.2525016120832242,-1.918642605033939
ENSG00000170954,ZNF415,0.6806155187346122,-1.8995940655608157
ENSG00000197937,ZNF347,0.9475602838325692,-1.3661549907780026
ENSG00000213799,ZNF845,1.2449215314445183,-0.4083173166171625
ENSG00000203326,ZNF525,3.181039207539009,-0.037227529047000815
ENSG00000196417,ZNF765,-0.8613891989266321,-1.274050350549141
ENSG00000160336,ZNF761,2.16888913872598,1.2454052544127516
ENSG00000198346,ZNF813,2.1844668385558506,-0.4086579610316983
ENSG00000130844,ZNF331,4.386328212228635,2.0187576373337914
ENSG00000179820,MYADM,6.424435255257151,-0.5970228232380776
ENSG00000170909,OSCAR,3.9522242365131106,-0.23363273947482882
ENSG00000170906,NDUFA3,0.19324745292942075,0.37892377355195916
ENSG00000105619,TFPT,1.025649760830536,-0.8639459089120228
ENSG00000105618,PRPF31,-1.0871155119918907,-0.9435175629397241
ENSG00000088038,CNOT3,-0.7724032230867688,-2.072801326788789
ENSG00000105617,LENG1,-0.004365176194255265,-1.128014160762318
ENSG00000167608,TMC4,6.042451436238901,1.663251363682892
ENSG00000125505,MBOAT7,0.9424751914962871,-0.6733909672401296
ENSG00000170892,TSEN34,1.4810251134934573,0.8205167266273699
ENSG00000170889,RPS9,0.1322626813318682,-0.7592596252391892
ENSG00000204577,LILRB3,3.991183687099419,0.01226075484821232
ENSG00000244482,LILRA6,3.6098726508369863,-0.07545419837904227
ENSG00000105609,LILRB5,-0.5757080648513742,-1.1659587460326413
ENSG00000131042,LILRB2,3.743320254416336,0.04095736461411286
ENSG00000187116,LILRA5,1.8464197901542714,-0.21906927766624168
ENSG00000167613,LAIR1,8.772404495449884,-0.9499227755691286
ENSG00000167615,LENG8,2.1888592443250148,-0.9409398172155784
ENSG00000275183,LENG9,2.8450494499932883,0.28491165476068364
ENSG00000239998,LILRA2,1.1430940961950231,-1.9325110604438471
ENSG00000104974,LILRA1,1.7758828133148796,-1.5613298222849423
ENSG00000104972,LILRB1,1.8810471720567858,-1.92689959226153
ENSG00000186818,LILRB4,3.714683562023187,-0.46969299466343367
ENSG00000160439,RDH13,1.727839361337799,-0.8942215325006776
ENSG00000125503,PPP1R12C,1.507845137181256,-0.0765289525660412
ENSG00000080031,PTPRH,6.183512976546171,3.498595862421347
ENSG00000180089,TMEM86B,0.4614023517680529,0.21529567523881826
ENSG00000105063,PPP6R1,0.8790789869224591,-1.7113135769393406
ENSG00000133265,HSPBP1,0.543546739350375,0.05437984516887443
ENSG00000180061,TMEM150B,6.772755082048532,2.5801549711168357
ENSG00000133247,KMT5C,1.5858169191763858,-0.1641095206781212
ENSG00000108107,RPL28,0.7587016358573759,-0.964995004711525
ENSG00000063241,ISOC2,-0.8253686762548511,0.4913456359547754
ENSG00000179954,SSC5D,6.8287968951699565,0.8930646915973747
ENSG00000179943,FIZ1,-0.04376941586063587,-0.5858248596967256
ENSG00000171443,ZNF524,0.249868977351893,0.20209757917691717
ENSG00000261221,ZNF865,-0.08244685497696715,-1.149249873926532
ENSG00000179922,ZNF784,-2.2113831898943337,-1.1141973188711751
ENSG00000171425,ZNF581,1.5579701001093549,0.44248892800115447
ENSG00000213015,ZNF580,0.41861912322672007,-1.8428215206730973
ENSG00000173581,CCDC106,-0.7923638792279896,-0.9286309979732706
ENSG00000063244,U2AF2,1.18502038872111,-0.32358225094942605
ENSG00000063245,EPN1,-3.572271934593902,-2.767337324261018
ENSG00000223638,RFPL4A,-6.67263763878064,-1.249360302850975
ENSG00000229292,RFPL4AL1,-5.641919410016797,-1.9081098990685692
ENSG00000179873,NLRP11,-2.9747320254617438,-1.1888463242704905
ENSG00000142409,ZNF787,-0.72792495802072,-0.5939628432336582
ENSG00000167685,ZNF444,-3.3210720650927597,-2.0895132903651286
ENSG00000131848,ZSCAN5A,0.011341061676010818,0.6935184971610782
ENSG00000018869,ZNF582,-1.174447664772447,-0.31163356860082114
ENSG00000198440,ZNF583,-1.6460299959687206,-0.8692077511756789
ENSG00000198046,ZNF667,2.705069641987837,0.8788532269371278
ENSG00000196263,ZNF471,-1.3201326640013353,-1.427924127857656
ENSG00000196867,ZFP28,1.792002599772659,-1.547334451791507
ENSG00000197016,ZNF470,-4.095687232916521,-1.1475424260416798
ENSG00000198300,PEG3,-6.358368807694797,-3.440997443452839
ENSG00000083844,ZNF264,-3.579904313389672,-3.2028598149013017
ENSG00000105146,AURKC,-2.1547754838273137,-0.2994197076963789
ENSG00000204524,ZNF805,2.1902872942602793,2.7479652526245752
ENSG00000197714,ZNF460,-1.9777820156853239,-1.0854790899402864
ENSG00000178229,ZNF543,1.0967091837320002,0.12694425852642402
ENSG00000131845,ZNF304,2.468797606441333,1.7463192959870304
ENSG00000152433,ZNF547,3.3490942313440804,1.6081404779945292
ENSG00000256060,TRAPPC2B,5.2294507084341655,3.112836091600806
ENSG00000188785,ZNF548,1.7742642648672324,1.76645031066614
ENSG00000186272,ZNF17,-3.5177933707507805,-1.7821060496083765
ENSG00000186230,ZNF749,-2.689227978904912,-1.5632039678531433
ENSG00000197128,ZNF772,-2.899965337672311,-1.0142740712085032
ENSG00000105136,ZNF419,-0.5959542906125673,1.2296007711034271
ENSG00000152439,ZNF773,0.013447483800477911,-0.45675358424419094
ENSG00000121406,ZNF549,0.28037171290436463,-2.00343383937672
ENSG00000251369,ZNF550,-0.4944131192319971,0.3940242884441221
ENSG00000083817,ZNF416,-2.815112216615005,-1.2113525664796216
ENSG00000171649,ZIK1,4.833038404840001,-0.7444001607352987
ENSG00000183647,ZNF530,-1.128502014146933,-0.9099718992345266
ENSG00000213762,ZNF134,-3.53955984905974,-2.392109532219372
ENSG00000121417,ZNF211,2.6363708143576527,2.6634603989534904
ENSG00000204519,ZNF551,-3.0040085717093756,-2.4643585134537203
ENSG00000179909,ZNF154,1.853960309916871,-1.7477939827665092
ENSG00000083814,ZNF671,3.791428714425912,1.2825860898315042
ENSG00000152443,ZNF776,-3.244315883964434,-0.4005488377477191
ENSG00000178935,ZNF552,-3.693162302896555,-1.7920709728671294
ENSG00000083828,ZNF586,-5.6172084039713805,-3.2070334837673338
ENSG00000269343,ZNF587B,-1.6853142243370893,-1.1679795291255999
ENSG00000204514,ZNF814,-1.1618102453682906,-0.4036502434316128
ENSG00000198466,ZNF587,-2.355658737815016,-2.765176078167924
ENSG00000173480,ZNF417,-3.885606409711959,-1.9271050067027264
ENSG00000196724,ZNF418,-1.7382897735370866,-1.1288246838206808
ENSG00000152454,ZNF256,2.4891491408425446,1.3556120306244912
ENSG00000177025,C19orf18,0.5469207629972955,2.391497710553798
ENSG00000166704,ZNF606,-4.104333109343597,-0.17543243270780637
ENSG00000176293,ZNF135,6.064834284834442,1.0941287863880411
ENSG00000121413,ZSCAN18,1.360844821527267,-0.7174360127551542
ENSG00000181894,ZNF329,-0.8639102194766991,0.1398762469140466
ENSG00000171606,ZNF274,0.7379590651163246,2.4052764359281107
ENSG00000198131,ZNF544,3.8755311949996383,2.177357998159975
ENSG00000278129,ZNF8,4.974464587984423,1.862679986383659
ENSG00000142396,ERVK3-1,2.810331333257269,2.9729654759661455
ENSG00000182318,ZSCAN22,-7.145899495267296,-2.8182643862006582
ENSG00000121410,A1BG,-0.15308235501758855,0.1109259441530768
ENSG00000174586,ZNF497,-1.4482838825274182,-1.720190787198514
ENSG00000152475,ZNF837,-4.285616326840984,-3.244611237041778
ENSG00000083845,RPS5,-0.23296102673265648,-1.3895862520278144
ENSG00000171574,ZNF584,-3.3071166700699606,-2.4541205543267903
ENSG00000131849,ZNF132,1.5087565505486455,-0.15312232139999582
ENSG00000249471,ZNF324B,-3.553655465957487,-3.6909316176087668
ENSG00000083812,ZNF324,-5.196704065961908,-2.9708449711852656
ENSG00000083838,ZNF446,-4.181708544231036,-3.036869625245014
ENSG00000083807,SLC27A5,-6.241020307418338,-2.120910671455994
ENSG00000119574,ZBTB45,-0.4549543966604529,-2.664610152888033
ENSG00000130726,TRIM28,0.47269078461134634,-0.9402010023793017
ENSG00000130724,CHMP2A,-2.2188790454837206,-0.9768550614393937
ENSG00000130725,UBE2M,1.416970740270742,0.7889236258185788
ENSG00000099326,MZF1,-0.0889078554397004,-1.020135584069633
ENSG00000196476,C20orf96,2.3363933688733116,1.1523550796742896
ENSG00000247315,ZCCHC3,2.407337512271659,1.0745842944456492
ENSG00000177732,SOX12,1.498865014456741,-0.5475598426228812
ENSG00000101255,TRIB3,3.5877116363402144,3.3803440842304577
ENSG00000125826,RBCK1,2.588396295660663,1.5322707141102785
ENSG00000125875,TBC1D20,3.2493110911725545,1.571434822734454
ENSG00000101266,CSNK2A1,-4.014288588692342,-1.16407134246628
ENSG00000271303,SRXN1,8.246153126917026,4.912853477479667
ENSG00000125818,PSMF1,-2.213696737226415,-0.4804835050738245
ENSG00000125895,TMEM74B,2.516238056986717,-0.0788266445227614
ENSG00000125775,SDCBP2,8.122749935438891,2.4630517389426596
ENSG00000088832,FKBP1A,4.65277575532584,2.045216951082364
ENSG00000088833,NSFL1C,-3.0873001301513505,-1.5978629039740169
ENSG00000196209,SIRPB2,3.472175438493752,-1.4477870193503495
ENSG00000101307,SIRPB1,2.3299752795293887,-1.624504415052743
ENSG00000089012,SIRPG,5.064550455452474,-2.0833097842887436
ENSG00000198053,SIRPA,5.929341098498277,1.3970549992288255
ENSG00000125834,STK35,-5.356435582540882,-1.9915723099456653
ENSG00000125835,SNRPB,2.386434503778585,0.23212883238212578
ENSG00000088876,ZNF343,-5.539014583938668,-1.9748606631039058
ENSG00000101361,NOP56,3.892736650297956,2.168754071135437
ENSG00000101365,IDH3B,-2.2542318259517606,0.42601647604758
ENSG00000088881,EBF4,1.6005527837609856,-1.3205124031284703
ENSG00000132635,PCED1A,-0.10178583850683369,-0.7257142684348065
ENSG00000215305,VPS16,1.819310034304637,1.375290805185162
ENSG00000132670,PTPRA,-1.259375657508616,-1.3714230709848951
ENSG00000125901,MRPS26,-2.2263799376471547,-0.1383419791897678
ENSG00000185019,UBOX5,-2.5674334048571987,-2.256142491036438
ENSG00000215251,FASTKD5,-0.8712976257770574,1.4981692449972674
ENSG00000088899,LZTS3,-3.0973856583167563,-1.972667404486559
ENSG00000198171,DDRGK1,-1.1049683293664656,-0.7973173995143674
ENSG00000125877,ITPA,2.4796699802202067,0.7282339160092935
ENSG00000088854,DNAAF9,5.87860429739818,-0.39993925571984995
ENSG00000088812,ATRN,-2.7402140421449097,-1.046325484543261
ENSG00000088827,SIGLEC1,1.0306006689090275,0.32719038477384277
ENSG00000132622,HSPA12B,2.770035425928707,-0.270261296283253
ENSG00000101220,ADISSP,0.22508790527347664,-0.33804660314150653
ENSG00000125817,CENPB,0.5141998801712492,-1.2656219297056965
ENSG00000101224,CDC25B,2.1798152779863793,0.28220957546393316
ENSG00000125843,AP5S1,-2.939820643061441,-1.7779216751268954
ENSG00000088888,MAVS,-5.983175315975131,-4.02855742349448
ENSG00000125779,PANK2,-1.1924387288823566,-1.6594024152087774
ENSG00000101236,RNF24,3.307679058674875,-3.1207971673202746
ENSG00000171867,PRNP,1.3856674584508495,-0.8444720004234068
ENSG00000101265,RASSF2,6.2300600820526855,-0.4096271043563175
ENSG00000089057,SLC23A2,-4.244126747055852,-1.1287790095435102
ENSG00000089063,TMEM230,-2.9343215815907926,1.9497458374370473
ENSG00000132646,PCNA,6.885231524049621,4.888417691028157
ENSG00000101290,CDS2,-5.840634252981392,-3.373016041470682
ENSG00000125772,GPCPD1,5.4849260082367355,1.7177441459671097
ENSG00000171984,SHLD1,0.6289146813741726,-0.9715050507681405
ENSG00000089195,TRMT6,2.144393005511586,0.22589158952123325
ENSG00000125885,MCM8,-1.6953307874060042,-1.2372248630195912
ENSG00000088766,CRLS1,-1.9108518403873083,3.1655666169758687
ENSG00000125872,LRRN4,-3.9931846378175657,-0.9859404841713835
ENSG00000125845,BMP2,7.675900035802271,3.329189740435809
ENSG00000101323,HAO1,-7.218194788576015,0.5499569315548912
ENSG00000125827,TMX4,-1.5867140431063662,-0.9214555524608306
ENSG00000182621,PLCB1,-1.6226267614844414,-2.774882204028926
ENSG00000132623,ANKEF1,0.6411941658810184,1.0816613323349862
ENSG00000132639,SNAP25,8.010304122729043,1.2309594296637743
ENSG00000125863,MKKS,-1.8947887529024978,0.4578686265723173
ENSG00000149346,SLX4IP,-2.4154496688557097,0.60429973818695
ENSG00000101384,JAG1,10.397331639708552,-0.46521134080155374
ENSG00000132640,BTBD3,3.214197224278843,0.08418271673680168
ENSG00000172296,SPTLC3,-1.2365364914852541,0.7135732664995079
ENSG00000101230,ISM1,0.7846156213839699,2.24790597726519
ENSG00000089123,TASP1,-1.6989424330228637,-1.4226330737324677
ENSG00000089048,ESF1,-0.6500219701785879,0.0037649774442718217
ENSG00000101247,NDUFAF5,0.7162423528820248,2.627248792444556
ENSG00000172264,MACROD2,-3.7074181310645202,-0.7596167035284854
ENSG00000125848,FLRT3,1.006447940189308,1.3489367720583751
ENSG00000089177,KIF16B,-0.3152070913289968,-0.565589378686248
ENSG00000125870,SNRPB2,0.26900185459783416,1.2092056266031082
ENSG00000125868,DSTN,2.011777787953999,1.65616494340714
ENSG00000125844,RRBP1,2.1676964071217983,-0.7253309475646456
ENSG00000089006,SNX5,-4.8022223483305435,-1.1219601003291586
ENSG00000125871,MGME1,-0.007951786117237158,2.3195864016028853
ENSG00000149474,KAT14,-4.927900223280642,-0.21305871302570614
ENSG00000232838,PET117,-4.175620724905612,-1.3626886406934107
ENSG00000125846,ZNF133,-2.553941883413732,-1.9452364317685307
ENSG00000089091,DZANK1,0.6070025778687567,-1.6296791393176604
ENSG00000132664,POLR3F,-0.5837642347823302,1.4319788948959673
ENSG00000089050,RBBP9,-2.4084986426570114,1.0286334634381677
ENSG00000101310,SEC23B,0.06315918751448428,0.08706062534982002
ENSG00000232388,SMIM26,-0.5918014646680163,1.8653254124589667
ENSG00000125821,DTD1,3.434640394660438,-0.06449043831141835
ENSG00000132669,RIN2,5.1709050395652225,0.1431830190414335
ENSG00000173418,NAA20,-0.9443761849360283,0.5593216076653704
ENSG00000101343,CRNKL1,-1.952548179091169,-1.0377229731226585
ENSG00000188559,RALGAPA2,-6.044532272614854,-3.193294806944949
ENSG00000088970,KIZ,-2.7386777961685445,-0.6195384783287611
ENSG00000088930,XRN2,-1.679793659888011,-1.4557657139720073
ENSG00000125798,FOXA2,-1.201326586666521,1.4902562391842038
ENSG00000178726,THBD,10.065773902340837,3.5868844071659494
ENSG00000125810,CD93,6.978162038105779,2.427332378722322
ENSG00000132661,NXT1,6.5427493029999315,3.728681947387711
ENSG00000125812,GZF1,0.9019738332011314,2.416181958380999
ENSG00000125814,NAPB,-1.3680580221731928,0.41605742286976205
ENSG00000101439,CST3,2.4353238258211443,0.10405921673575987
ENSG00000077984,CST7,2.3850454960167657,-2.5160719430817484
ENSG00000101474,APMAP,0.32661630019318166,1.009487778251909
ENSG00000154930,ACSS1,6.981528203765361,-1.5053601943542927
ENSG00000197586,ENTPD6,2.460702441448594,-0.3312190848641344
ENSG00000100994,PYGB,6.920480598420862,0.46217035682585406
ENSG00000100997,ABHD12,5.167488472570168,1.8207420194173958
ENSG00000101003,GINS1,5.591522526875868,1.8188394214951897
ENSG00000101004,NINL,-0.8421233901114511,-0.09090579370991851
ENSG00000170191,NANP,-2.6663064044171727,0.5887261287412422
ENSG00000130684,ZNF337,0.3767767278497965,0.0971686942988774
ENSG00000101294,HM13,1.829516483401623,1.6784000968511656
ENSG00000125968,ID1,4.655758533870003,2.655427948225123
ENSG00000171552,BCL2L1,6.148115574358676,1.7270605617874504
ENSG00000088325,TPX2,2.6437360043633094,-0.1924003483556214
ENSG00000088356,PDRG1,2.1052275305393002,1.079473847318464
ENSG00000101331,CCM2L,3.835395009749284,0.20435286668300934
ENSG00000101336,HCK,3.510113857724117,-2.2127159087212704
ENSG00000101337,TM9SF4,-1.3235913759846614,-0.789787980061265
ENSG00000126003,PLAGL2,-2.9177239872306524,-0.9700789896438602
ENSG00000101346,POFUT1,-6.109884965862967,-2.1925201015089217
ENSG00000101350,KIF3B,-5.3093173845081845,-2.968102013815769
ENSG00000171456,ASXL1,-1.727518465810595,-0.20284796775578734
ENSG00000197183,NOL4L,1.1729957255421692,-1.6959778208340193
ENSG00000149600,COMMD7,-0.5546863767523453,0.7958669532586443
ENSG00000088305,DNMT3B,-2.0136767796622306,-1.9414044354231836
ENSG00000101367,MAPRE1,5.8432482145501545,0.6052182304536058
ENSG00000215529,EFCAB8,3.819596434896295,3.246579977918429
ENSG00000101391,CDK5RAP1,-0.24392336027783965,1.2525636116774665
ENSG00000101400,SNTA1,-1.9396821985597208,-0.994706976055891
ENSG00000078699,CBFA2T2,-2.1600445865814595,-1.5802233478477963
ENSG00000125967,NECAB3,0.809830288135883,0.5159107656453185
ENSG00000101417,PXMP4,0.8631453925921726,2.480782213989343
ENSG00000131061,ZNF341,1.9812048449178161,0.05022318153961887
ENSG00000101421,CHMP4B,3.6848205214489016,0.41699200470115255
ENSG00000125970,RALY,1.637844410995092,-1.3732687089434399
ENSG00000125977,EIF2S2,1.4579162630882996,1.7793860933474295
ENSG00000101444,AHCY,-9.110179491454153,-4.817302359316092
ENSG00000078747,ITCH,-6.495487719948612,-1.187536176526774
ENSG00000125971,DYNLRB1,3.813735787722517,1.6218070893031018
ENSG00000101460,MAP1LC3A,2.25570392270115,1.3691934521708655
ENSG00000101464,PIGU,-0.5720648569363089,-0.320104380288254
ENSG00000198646,NCOA6,-0.1445681790839085,0.03454193242447696
ENSG00000078804,TP53INP2,-3.43069175570269,0.1568955871422505
ENSG00000131067,GGT7,-0.07380405315359635,-1.0529148657886382
ENSG00000131069,ACSS2,-1.4178374351494472,2.0072534337342947
ENSG00000100983,GSS,3.1006688254711268,1.7039462416894156
ENSG00000078814,MYH7B,-1.5570375676446906,-1.0984430373836964
ENSG00000100991,TRPC4AP,-3.3285524820843895,-1.6273883128481395
ENSG00000088298,EDEM2,-1.0827546018751726,0.5188029270081687
ENSG00000101000,PROCR,7.322776123652739,0.04011392148109017
ENSG00000126005,MMP24OS,0.9140419069901613,-0.7100753405030807
ENSG00000125966,MMP24,2.3477269384467703,-1.3787643866240353
ENSG00000242372,EIF6,-0.08858470530247269,0.6213408962361797
ENSG00000101019,UQCC1,-0.43185442820517694,2.582328826938502
ENSG00000126001,CEP250,-2.2148550272304193,-3.7343761299674054
ENSG00000125991,ERGIC3,-0.032422459343205784,0.34849189610711034
ENSG00000061656,SPAG4,4.891010817633323,2.1466888316256925
ENSG00000214078,CPNE1,-0.86327262735274,-0.12352893115020891
ENSG00000244462,RBM12,-1.7659656313886214,-1.6637363796020785
ENSG00000244005,NFS1,-6.938656829326948,0.010430416311350662
ENSG00000125995,ROMO1,0.10339118354327231,-0.49261096232914403
ENSG00000131051,RBM39,-1.0236179938369891,2.013651480940113
ENSG00000025293,PHF20,0.11974928713839766,-1.2026322714259516
ENSG00000171222,SCAND1,-1.4493740568161322,-0.7929924523329872
ENSG00000088367,EPB41L1,2.4267626497322836,1.3413039813709255
ENSG00000131043,AAR2,2.221893597069213,1.710736938857343
ENSG00000080845,DLGAP4,3.152592324851523,0.15208108963935293
ENSG00000101335,MYL9,4.185468953092396,-3.475925588813066
ENSG00000118707,TGIF2,3.6129384252635064,0.6592244587270895
ENSG00000259399,TGIF2-RAB5IF,3.6478083112689976,3.7792441436380955
ENSG00000101084,RAB5IF,3.3818970486328377,3.5812548315720774
ENSG00000101082,SLA2,6.124368674251717,3.0142425379175646
ENSG00000101079,NDRG3,2.6871877231468755,0.04726666051418837
ENSG00000149636,DSN1,4.957007789551585,3.4313075312174925
ENSG00000149639,MTCL2,4.420198569799975,-2.462022868083728
ENSG00000101342,TLDC2,2.304129721306259,-2.677726361011973
ENSG00000101347,SAMHD1,3.3769625852794225,-2.351373600884878
ENSG00000080839,RBL1,-0.43829479892726125,-1.8564180159764045
ENSG00000101353,MROH8,-7.811957467832056,-2.724244388136912
ENSG00000118705,RPN2,1.3272821193553197,2.0094808668681154
ENSG00000101363,MANBAL,1.2891885781670867,1.3698130157093817
ENSG00000197122,SRC,8.548313317519632,1.904199101771474
ENSG00000166619,BLCAP,-2.175384916449071,2.2086394680578416
ENSG00000053438,NNAT,-2.9905425642249446,-2.067689594460733
ENSG00000132792,CTNNBL1,-6.138264656229355,-2.439862523534442
ENSG00000101407,TTI1,-4.990200642521727,-1.1120700570583202
ENSG00000101413,RPRD1B,-4.3999855205947584,0.3305008289171869
ENSG00000198959,TGM2,3.7576085953506895,0.08656811754400577
ENSG00000149633,KIAA1755,0.8468617084523176,-0.9085234108561966
ENSG00000129988,LBP,2.4721252588735054,1.2349200506613576
ENSG00000170471,RALGAPB,0.48899512455029365,0.555309596900038
ENSG00000101442,ACTR5,-1.7564696306756404,0.13395196973314716
ENSG00000101445,PPP1R16B,3.565494429848357,-3.35190188902776
ENSG00000101447,FAM83D,-5.268616468267687,-1.7405542094694562
ENSG00000101452,DHX35,-5.750845963393099,-2.885853698826808
ENSG00000204103,MAFB,-2.9919446225366624,-1.8244540491809595
ENSG00000198900,TOP1,0.5140800402313394,0.5388513945432063
ENSG00000124181,PLCG1,5.34396107584497,-0.5199475075726199
ENSG00000174306,ZHX3,-11.338798579753847,-4.6339887704796725
ENSG00000132793,LPIN3,-1.1328804161923147,-0.4071015496481789
ENSG00000183798,EMILIN3,-0.5828225722625858,0.09113286016792978
ENSG00000124177,CHD6,-2.702315818964225,-0.870107101709293
ENSG00000196090,PTPRT,-5.978665369307215,-3.3972780630997654
ENSG00000124193,SRSF6,0.4149465845805731,2.535006717672794
ENSG00000185513,L3MBTL1,2.115986930691606,0.6446321568351355
ENSG00000101049,SGK2,-1.5637811610359618,0.5852394500514528
ENSG00000101052,IFT52,6.963016711505757,0.9710647595121933
ENSG00000124191,TOX2,-1.6653714124076358,-3.0742396850243727
ENSG00000132823,OSER1,-1.9726907295537572,2.6206938392904333
ENSG00000197296,FITM2,-0.2947334881333635,0.33612846417705006
ENSG00000101076,HNF4A,-4.804251479010837,-0.8735326827866636
ENSG00000124120,TTPAL,-6.568494779878388,-2.197163600750065
ENSG00000132824,SERINC3,-0.5492009045658965,1.3206098267107365
ENSG00000168734,PKIG,1.0221523641693184,0.22304431837143546
ENSG00000196839,ADA,6.994306539328928,1.5363540659080452
ENSG00000166913,YWHAB,4.038853325521719,1.4957161472119611
ENSG00000101104,PABPC1L,1.472471044351226,0.8299061806819839
ENSG00000025772,TOMM34,1.4527988279064654,0.16496139877602775
ENSG00000101109,STK4,1.348594827005662,-1.1995310791230487
ENSG00000124107,SLPI,3.7674774166014577,0.35648313335453824
ENSG00000124145,SDC4,3.1920412817845607,2.4117927781865434
ENSG00000204070,SYS1,0.5798888008224624,0.23544201262656023
ENSG00000254806,SYS1-DBNDD2,4.091019193494465,-2.194979989182133
ENSG00000244274,DBNDD2,6.303085073033388,-1.1569981524938822
ENSG00000124155,PIGT,1.0380120633776124,-0.9841033291302155
ENSG00000101457,DNTTIP1,2.4966968874895406,2.000977354711339
ENSG00000124104,SNX21,0.12479108496577411,-0.3974420244020804
ENSG00000101473,ACOT8,-0.7923616417905354,-0.5495661672646118
ENSG00000132801,ZSWIM3,-2.1230709025376235,-0.5819167430507601
ENSG00000168612,ZSWIM1,-1.708262237480388,-1.8334636219928264
ENSG00000149634,SPATA25,-2.9312735196532893,-1.766570143899507
ENSG00000124257,NEURL2,-4.484643895401661,-1.8504715121141013
ENSG00000064601,CTSA,4.9542700711308605,2.232581037613139
ENSG00000100979,PLTP,5.402398746904688,0.895283792680659
ENSG00000100982,PCIF1,-0.04854824478608661,-2.0775004527395438
ENSG00000198026,ZNF335,1.2885219697093102,-0.4924131984223128
ENSG00000124160,NCOA5,2.8158325281645658,0.756529853275146
ENSG00000101017,CD40,-0.5452687781159251,-0.9417099683188228
ENSG00000080189,SLC35H1,-0.9575114206254881,-1.4600149016657014
ENSG00000062598,ELMO2,6.065619678519707,1.7384227530466991
ENSG00000198185,ZNF334,-1.361894856926721,-0.036388649498594654
ENSG00000158296,SLC13A3,-2.13732667767795,0.4802368144018471
ENSG00000172315,TP53RK,3.322916157465971,2.720904965951858
ENSG00000197496,SLC2A10,1.0612153748931281,1.1926980371351457
ENSG00000101040,ZMYND8,-0.09991156543214781,-0.2807082590054527
ENSG00000124151,NCOA3,0.1664718723812797,-0.3170141441929013
ENSG00000196562,SULF2,11.299530993693455,6.137536857444844
ENSG00000124126,PREX1,5.414476905823979,-0.9443627397281195
ENSG00000124198,ARFGEF2,-1.9401514494627536,-0.278454860022715
ENSG00000124207,CSE1L,-1.2252775983035564,0.9497520611167488
ENSG00000124214,STAU1,-3.897121555634015,0.5294475587911122
ENSG00000124228,DDX27,3.6506159041240474,0.39784618864148574
ENSG00000124201,ZNFX1,3.0885399619962186,-0.443518938789892
ENSG00000158445,KCNB1,-0.6993660100421808,1.3584349487084213
ENSG00000124212,PTGIS,9.295004588293931,2.159463446144417
ENSG00000158470,B4GALT5,2.7967141595823906,0.27155621334579216
ENSG00000197818,SLC9A8,-5.667778371592991,-3.3213429263104466
ENSG00000158480,SPATA2,1.6790705601833356,0.20116865675259224
ENSG00000124226,RNF114,-1.2260125266924606,1.3505201754168175
ENSG00000124216,SNAI1,9.103680013527697,2.4355276812474473
ENSG00000244687,UBE2V1,-0.9935686511603894,0.7409146866553814
ENSG00000124208,PEDS1-UBE2V1,0.23843249619188947,1.2025953246954206
ENSG00000240849,PEDS1,3.3282725950231717,1.390778827660391
ENSG00000172216,CEBPB,1.6955378833632055,2.1166961708763354
ENSG00000196396,PTPN1,4.371163804579547,0.7133955817981501
ENSG00000042062,RIPOR3,-0.224834230205612,-1.0135172819573322
ENSG00000124171,PARD6B,-1.6285959780879746,0.09477718882935628
ENSG00000124243,BCAS4,1.7698052866571357,-2.1287468320925824
ENSG00000101126,ADNP,-3.275008578058726,-1.2749507192633978
ENSG00000000419,DPM1,0.31915249668981843,2.3176715003899093
ENSG00000124217,MOCS3,-5.434193309318234,-1.9273135711369807
ENSG00000101096,NFATC2,-0.5561291021772831,0.07678144242883535
ENSG00000054793,ATP9A,5.64905915012256,2.2057014944896465
ENSG00000101115,SALL4,-3.7027973378398107,-1.2691009081864078
ENSG00000020256,ZFP64,-4.663086547752606,-4.414308859756238
ENSG00000182463,TSHZ2,4.999675113416926,3.825805921568032
ENSG00000171940,ZNF217,1.5739124574786707,0.2827238858263639
ENSG00000101132,PFDN4,2.3252659351385465,1.7284254561835204
ENSG00000054803,CBLN4,-7.673857451456269,-3.9135309374647864
ENSG00000124098,FAM210B,-1.4715588189883553,3.305977475549246
ENSG00000087586,AURKA,4.212684359702437,2.406687020572483
ENSG00000101138,CSTF1,-2.4675642326036575,-0.15936002312038985
ENSG00000087589,CASS4,6.728862467713918,1.7352367788182237
ENSG00000022277,RTF2,0.20277157155146705,-0.09544209789296142
ENSG00000101146,RAE1,-1.872493953320934,0.15306908852247597
ENSG00000132819,RBM38,3.805858209924347,1.1593556677502002
ENSG00000124253,PCK1,-1.6141125937521437,0.3458328124469199
ENSG00000124256,ZBP1,6.237081021496393,-0.04098229659614804
ENSG00000124225,PMEPA1,9.086264444352315,-3.8276428112294085
ENSG00000124209,RAB22A,0.9870195690391931,1.1433755697364454
ENSG00000124164,VAPB,-3.9526531444819892,-0.37880505851746554
ENSG00000124222,STX16,-0.07543156105076025,-0.2952319668167893
ENSG00000254995,STX16-NPEPL1,-0.354894780161713,-2.0396583783645235
ENSG00000215440,NPEPL1,1.9503905431173933,-0.1222826883063591
ENSG00000087460,GNAS,-0.5039806924279907,-1.4769304009203776
ENSG00000101158,NELFCD,-5.8425346568423,-1.6153582332526844
ENSG00000101160,CTSZ,-1.5100539728413243,-0.28646835845325314
ENSG00000101162,TUBB1,-6.200104203897873,-4.6009409345634795
ENSG00000124172,ATP5F1E,-0.583628930685061,1.384577598491984
ENSG00000101166,PRELID3B,1.652618336907744,2.495036902852847
ENSG00000124203,ZNF831,4.406269944629903,-2.658036697853609
ENSG00000196074,SYCP2,2.188800458940523,0.18464340971259058
ENSG00000196227,FAM217B,-1.046160195573261,-2.1931078071062764
ENSG00000132825,PPP1R3D,3.118193230153381,-2.191902248775745
ENSG00000130699,TAF4,-2.9389696621228625,-0.6548183469717408
ENSG00000149657,LSM14B,-6.412481647264866,-3.793698507740849
ENSG00000101182,PSMA7,0.47086153946013043,1.2410096574044356
ENSG00000184402,SS18L1,-6.574798135895907,0.6083810755799405
ENSG00000101181,MTG2,-2.8180456439242274,-1.2445666964532893
ENSG00000130706,ADRM1,0.5976915836020759,0.11720607337250388
ENSG00000130702,LAMA5,2.3362113025408995,0.25046040428477917
ENSG00000171858,RPS21,0.04456249562954543,-0.31823235175492876
ENSG00000149679,CABLES2,-0.7569772861654911,0.5259466920867573
ENSG00000101189,MRGBP,0.9937056896534007,1.1556937509436036
ENSG00000060491,OGFR,-1.0519826347752497,-0.9472434640497713
ENSG00000092758,COL9A3,-1.4921673967202191,-0.14030622085822106
ENSG00000101190,TCFL5,-6.456452551791268,-2.834817593607353
ENSG00000101191,DIDO1,-2.9537509385804377,-2.501768978700497
ENSG00000101193,GID8,-9.127957289639905,-3.6779220397347547
ENSG00000101194,SLC17A9,0.9767298966970887,0.8135585139004226
ENSG00000149658,YTHDF1,-0.16099548483743678,1.6708932471038214
ENSG00000101199,ARFGAP1,2.340542455816451,0.6418960089715599
ENSG00000101204,CHRNA4,-4.359328557818388,-2.557168274600304
ENSG00000125534,PPDPF,3.417618192660038,-0.4365966705725146
ENSG00000101213,PTK6,1.6420796128429769,0.545456620824285
ENSG00000130589,HELZ2,1.700214303069044,-0.6487435693236889
ENSG00000101216,GMEB2,-1.1385240947930422,-1.6183008197678748
ENSG00000197457,STMN3,9.078447817204678,0.4355532277514442
ENSG00000258366,RTEL1,-0.6733249685898822,-1.052241979527313
ENSG00000026036,RTEL1-TNFRSF6B,-0.8850468019452218,-1.3753865033923705
ENSG00000101246,ARFRP1,0.49194667795677194,-0.2734760216513481
ENSG00000197114,ZGPAT,-4.088347064279386,-1.3302859816877601
ENSG00000203896,LIME1,-2.808402020094319,-0.7448092616477192
ENSG00000125520,SLC2A4RG,-2.55389067561263,-0.32170458671622987
ENSG00000130584,ZBTB46,0.9076986769249449,0.13049398232633838
ENSG00000183260,ABHD16B,-0.8878249071167694,-1.3734746257185104
ENSG00000101150,TPD52L2,3.2213390664411077,0.2956289010469181
ENSG00000101152,DNAJC5,0.08308220157942381,-1.9171629908867316
ENSG00000198276,UCKL1,-0.04643689792075337,-0.08609466408291888
ENSG00000196700,ZNF512B,-1.5854508362531465,-1.409128378054362
ENSG00000130590,SAMD10,1.1701886067426455,-0.650488522299085
ENSG00000101161,PRPF6,-0.29929742173900487,-1.129275229630437
ENSG00000171703,TCEA2,-0.954333240508527,-1.7719568260902796
ENSG00000171700,RGS19,3.8906545239699097,-2.6587914080855697
ENSG00000203880,PCMTD2,0.3305120863268006,2.3834447477058207
ENSG00000155304,HSPA13,1.2092021049978596,0.2369483114859118
ENSG00000155307,SAMSN1,4.923388705139668,1.2112428619326434
ENSG00000180530,NRIP1,-3.445698903687234,0.1429385145086617
ENSG00000155313,USP25,-2.360075559382316,-0.8909243615580653
ENSG00000154639,CXADR,-3.3597488626727596,-0.7585398446293957
ENSG00000154640,BTG3,-1.8112822587667594,-1.8325966749396845
ENSG00000154642,C21orf91,0.18506511522466215,0.5419201356841001
ENSG00000154654,NCAM2,-11.479653245839945,-4.6984830842265835
ENSG00000154719,MRPL39,-4.734282550133393,0.35777986336413975
ENSG00000154721,JAM2,4.673817607348485,-0.10421884404199183
ENSG00000154723,ATP5PF,-4.603436840893593,0.35476439253765596
ENSG00000154727,GABPA,-2.4187833149233176,-0.21006753334548647
ENSG00000142192,APP,0.31136075323556145,-2.084245363691952
ENSG00000166265,CYYR1,5.816058816938517,1.645535633150453
ENSG00000154734,ADAMTS1,9.345988541751698,1.785943956593201
ENSG00000154736,ADAMTS5,-0.8354568020404304,-0.8014653079220369
ENSG00000156239,HEMK2,-3.3349082285866367,-0.6174099731830562
ENSG00000198862,LTN1,-0.9549248007726809,0.7308491228924412
ENSG00000156253,RWDD2B,-5.642524163591864,0.5856849523080054
ENSG00000156256,USP16,-1.798071068282917,-0.028096338285559602
ENSG00000156261,CCT8,-1.8671091600825278,0.22135200193032878
ENSG00000156265,MAP3K7CL,-0.38943074137560374,-0.1722472238440934
ENSG00000156273,BACH1,-1.213431658981515,-0.5819340499789292
ENSG00000156299,TIAM1,-5.772427536601671,-2.8464450754275483
ENSG00000142168,SOD1,-9.168067460322813,-2.1441128633120337
ENSG00000156304,SCAF4,-2.5312876824162576,-1.3506518169214652
ENSG00000142149,HUNK,4.5276347926467935,-2.266159035891744
ENSG00000159055,MIS18A,-0.6054910637588354,-0.4267915351456618
ENSG00000170262,MRAP,1.0953102224471003,0.3682477407650033
ENSG00000142207,URB1,-3.3553384785435747,-3.314629338063363
ENSG00000265590,CFAP298-TCP10L,-7.791895834641413,-5.164154151022077
ENSG00000166979,EVA1C,5.14057388040677,-0.7609069498483444
ENSG00000242220,TCP10L,-7.282941809702335,-3.897107996275489
ENSG00000159079,CFAP298,-0.366838605159194,0.729109798989878
ENSG00000159082,SYNJ1,-2.464003829096003,-1.0846273648225744
ENSG00000159086,PAXBP1,-0.48516521404589696,1.952625708840124
ENSG00000159110,IFNAR2,3.1661570478975745,0.803350375969036
ENSG00000243646,IL10RB,0.7392680313455012,-0.5002404820080465
ENSG00000142166,IFNAR1,-2.8152132336303577,-0.8388522989382892
ENSG00000159128,IFNGR2,8.50081676604022,2.9799114657180388
ENSG00000142188,TMEM50B,2.757300756896197,1.5782582533122294
ENSG00000177692,DNAJC28,-4.754128408775149,-0.7570291857213599
ENSG00000159131,GART,-2.207663085518551,-1.182356150050524
ENSG00000159140,SON,-2.2191425878108335,-0.8916040657795694
ENSG00000159147,DONSON,1.938222244503822,4.11483489827366
ENSG00000205758,CRYZL1,-3.4411189197538308,-1.55411861376108
ENSG00000205726,ITSN1,-4.751644465990388,-0.7213252405605769
ENSG00000241837,ATP5PO,-2.3102098234057578,1.156754416598971
ENSG00000243927,MRPS6,-0.28494951483283343,2.791236542846052
ENSG00000198743,SLC5A3,-2.610672876560644,0.3053560848345221
ENSG00000205670,SMIM11,-4.523829619257848,-0.6675860216974228
ENSG00000180509,KCNE1,-2.1413541540598553,0.19902973966205362
ENSG00000159200,RCAN1,0.07717597400552872,2.0851535093405404
ENSG00000159212,CLIC6,11.826480413443981,1.4492045826728714
ENSG00000159216,RUNX1,7.435129463374264,1.3260692387102202
ENSG00000185917,SETD4,-0.6824810822844447,-0.7311779695906842
ENSG00000159228,CBR1,-0.15538757932468672,0.8110920592710282
ENSG00000142197,DOP1B,-0.1967219789552743,-0.5785702362143496
ENSG00000159256,MORC3,-3.2748492847750055,-0.7856078976998492
ENSG00000159259,CHAF1B,3.611633681732203,-0.795011762608754
ENSG00000159261,CLDN14,-6.616058773664462,-1.6929233348169634
ENSG00000159267,HLCS,-8.75725211971457,-3.313645137340608
ENSG00000185808,PIGP,-3.2033849716996934,1.79865414929239
ENSG00000182670,TTC3,-3.3066825826081354,-0.05385247544767695
ENSG00000157538,VPS26C,-0.6733928991247221,1.1611165968022996
ENSG00000157540,DYRK1A,-1.1833962917484655,0.40709403649028636
ENSG00000157551,KCNJ15,4.27008981433652,-5.603734476357728
ENSG00000157554,ERG,1.3533403936075274,0.6986795747901242
ENSG00000157557,ETS2,3.734469368577635,2.4882409036075437
ENSG00000183527,PSMG1,-0.46728615030903037,2.6293456278345553
ENSG00000185658,BRWD1,-2.961953208590043,0.31457017389728126
ENSG00000205581,HMGN1,5.4249251530415314,2.889969698246044
ENSG00000182093,GET1,-1.31918581189218,0.9827880614108508
ENSG00000285815,GET1-SH3BGR,-4.132520617958886,-2.062754450510367
ENSG00000157578,LCA5L,0.5702625252752905,-0.1657496075583986
ENSG00000185437,SH3BGR,-2.108386270404212,0.2903495026852565
ENSG00000182240,BACE2,10.848967231678659,1.4600218908663176
ENSG00000183844,FAM3B,8.067114637436138,0.12390263636865449
ENSG00000183486,MX2,4.705562284816965,0.5511368049896174
ENSG00000157601,MX1,1.338845027524521,-0.04175466900135237
ENSG00000184012,TMPRSS2,5.776043972937518,2.545347552563134
ENSG00000183421,RIPK4,6.483715667003821,3.6705472698475785
ENSG00000141956,PRDM15,1.1374840193424551,-0.3885417828997499
ENSG00000157617,C2CD2,0.5167791707845729,-2.7848904510165564
ENSG00000173276,ZBTB21,3.0459509822713984,3.0340185072277803
ENSG00000160179,ABCG1,-2.5331902742654457,-3.7776011715374715
ENSG00000160185,UBASH3A,6.540075505904002,-1.0489583802932747
ENSG00000160190,SLC37A1,5.799382629487104,-1.54135151987437
ENSG00000160191,PDE9A,2.94579526232692,-0.052168297410226036
ENSG00000160193,WDR4,-0.2524054896058625,-0.9071487072369819
ENSG00000160194,NDUFV3,-5.4757455438829545,-0.9699665785427288
ENSG00000160199,PKNOX1,-1.5910186746331634,-1.3237960672604292
ENSG00000160200,CBS,-7.134623461617978,-2.930646066021055
ENSG00000160201,U2AF1,0.5888215161312037,0.6457914534345893
ENSG00000160202,CRYAA,0.8979565156062703,-0.42351206523727997
ENSG00000142178,SIK1,6.706604715109878,2.732942789948187
ENSG00000234289,H2BC12L,2.2418788646544145,0.6243377371696928
ENSG00000160208,RRP1B,-0.7385924498841918,-0.6244591330637771
ENSG00000160209,PDXK,-3.275389794049278,-2.4914534097431935
ENSG00000160213,CSTB,7.354008686075152,4.412164962736946
ENSG00000160214,RRP1,2.062273820472917,0.9814009535977224
ENSG00000160216,AGPAT3,-6.388866172485018,-2.3903653703956764
ENSG00000160218,TRAPPC10,-0.6407127693547215,-0.1117862230415278
ENSG00000241945,PWP2,0.2500998028316968,-0.5599472354792933
ENSG00000160221,GATD3,-3.547623758143305,0.5200124721521195
ENSG00000142182,DNMT3L,-3.850753986480021,0.17237481229325313
ENSG00000141959,PFKL,0.629680654867647,-0.7286788486216682
ENSG00000160226,CFAP410,-0.8170796356122372,-0.3438238821469859
ENSG00000142185,TRPM2,4.964217505627585,0.2807058674474493
ENSG00000160233,LRRC3,-8.320606692632404,-3.6171864468462815
ENSG00000175894,TSPEAR,-4.035459090594787,-2.6172814630371892
ENSG00000184787,UBE2G2,-0.019005461035052375,1.676784340177656
ENSG00000184900,SUMO3,-4.567603796996167,-2.4384990911197546
ENSG00000183255,PTTG1IP,1.0224551885031885,0.007056908735635576
ENSG00000160255,ITGB2,5.455447150698083,-0.8311339606516954
ENSG00000160256,SLX9,0.1052910778905633,-0.5679901455906822
ENSG00000197381,ADARB1,0.26037620777574666,-1.601740694508738
ENSG00000186866,POFUT2,0.7150975546774354,0.6184440969476516
ENSG00000182871,COL18A1,-0.7181296748220014,-0.7458472417212297
ENSG00000173638,SLC19A1,0.2548023500974513,1.2424733345891432
ENSG00000142156,COL6A1,3.4292165089636204,-1.2807723552462948
ENSG00000142173,COL6A2,3.679122167390589,-1.538863824843718
ENSG00000160282,FTCD,-3.204516490085811,-0.5973101180265574
ENSG00000160285,LSS,-1.4661094205988374,1.5314580815426795
ENSG00000160294,MCM3AP,-2.344953155468345,-0.6325311898851668
ENSG00000182362,YBEY,-3.0083634732691076,-0.4923411776384605
ENSG00000160298,C21orf58,-0.3134045545711686,-1.8915063208863083
ENSG00000160299,PCNT,-1.2571775900715463,-1.5386888835067662
ENSG00000160305,DIP2A,1.8112122772857346,-0.4480408453870668
ENSG00000160310,PRMT2,4.314181290099234,-2.749713239522829
ENSG00000177663,IL17RA,1.585496524760105,-1.6577826014475652
ENSG00000069998,HDHD5,-1.479983035315234,-0.4389582246495569
ENSG00000093072,ADA2,5.124764694257743,0.1209950051982816
ENSG00000099954,CECR2,-7.359437457822406,-2.048505617437809
ENSG00000182902,SLC25A18,3.3648171436442924,4.725322030933625
ENSG00000131100,ATP6V1E1,5.649999768479018,2.272172571496185
ENSG00000099968,BCL2L13,-6.095076093286764,-0.49736862740960125
ENSG00000015475,BID,-1.8918156479760069,0.0338752777978236
ENSG00000243156,MICAL3,-1.42547045188853,-1.2272829031463872
ENSG00000215193,PEX26,-2.6130863743114885,-2.6609629837309625
ENSG00000183785,TUBA8,2.9379161513323444,1.4884864840491216
ENSG00000184979,USP18,-0.9783147772638908,0.15100333495666712
ENSG00000183628,DGCR6,1.1697907084520032,1.5541566284191026
ENSG00000100033,PRODH,1.570530292672546,2.0611401656334807
ENSG00000070413,DGCR2,-0.48365290807576033,-1.9614984673410032
ENSG00000100056,ESS2,1.0881953858815863,-0.9309744002246244
ENSG00000100075,SLC25A1,-1.2308825258755625,0.4048894581345695
ENSG00000070371,CLTCL1,2.5130134784153935,2.9287078439689282
ENSG00000100084,HIRA,-3.31134134077979,-1.5740683371596502
ENSG00000242259,C22orf39,-2.8821271865236637,-0.2777856432706174
ENSG00000185608,MRPL40,-4.52835761386816,-0.4013057155588967
ENSG00000070010,UFD1,1.2816726360119879,2.625426326061038
ENSG00000184113,CLDN5,2.9452584796618466,-0.017683848219339396
ENSG00000215012,RTL10,-3.5711662347683517,-2.2470425837394323
ENSG00000184470,TXNRD2,-3.4442780808089166,-0.9732581804838725
ENSG00000093010,COMT,-0.04925799002580033,-0.020735528772268776
ENSG00000099889,ARVCF,-1.1129175552461654,-2.342064675945032
ENSG00000183597,TANGO2,2.9773495380657238,0.1592162346075759
ENSG00000128191,DGCR8,-1.1566944336881937,-0.01071938224962269
ENSG00000099899,TRMT2A,-0.9460872110878574,-1.0948762865916637
ENSG00000099901,RANBP1,-1.818760862493128,0.7182402255694109
ENSG00000099904,ZDHHC8,0.10146484953436853,-0.9188180192612811
ENSG00000128185,DGCR6L,-0.5685709298503707,0.6348071718610352
ENSG00000185252,ZNF74,-1.545881971200985,-1.1443167332074793
ENSG00000099910,KLHL22,-2.8215180690103168,-2.36641576339247
ENSG00000099917,MED15,1.6806138692063934,-0.804658861050529
ENSG00000241973,PI4KA,-1.5664292411576,-1.0889255372906186
ENSG00000099937,SERPIND1,-7.195822028563889,-1.8797203183540023
ENSG00000099940,SNAP29,-2.8578096846066163,1.2098442339868094
ENSG00000099942,CRKL,-6.88828865833351,-2.427517939803605
ENSG00000099949,LZTR1,2.3017385722350516,1.117748936139002
ENSG00000184436,THAP7,-1.3210431200066604,-0.09528550404200802
ENSG00000169635,HIC2,-1.3811521686577248,-2.6964718179148637
ENSG00000185651,UBE2L3,1.7861323358917847,2.3503614829789794
ENSG00000161179,YDJC,0.7104259002708785,-0.16080295957693044
ENSG00000128228,SDF2L1,0.6876499648231026,-0.9530739772941992
ENSG00000100023,PPIL2,-0.23759140249243352,-0.9789248357284651
ENSG00000100027,YPEL1,-3.554172597019291,-1.2466300222712776
ENSG00000100030,MAPK1,-0.0850618730933806,1.0075717846463756
ENSG00000100034,PPM1F,0.7784214068805454,-3.565238154835188
ENSG00000100038,TOP3B,1.1929985708000859,0.9142264668678037
ENSG00000100121,GGTLC2,2.1436717488436874,1.1764372543393393
ENSG00000254709,IGLL5,7.209455990064573,1.0585962405748879
ENSG00000186716,BCR,-1.828465608304634,-2.4079481023974796
ENSG00000159496,RGL4,0.08937460371799848,-2.448237316154408
ENSG00000187792,ZNF70,-0.030087174395381784,-3.062538983796176
ENSG00000169314,C22orf15,-1.7263543191136932,1.0080034941607814
ENSG00000250479,CHCHD10,-2.060374434937838,-0.08137604437067984
ENSG00000099956,SMARCB1,1.5871504121713838,-0.5709258169690918
ENSG00000099958,DERL3,5.902196701784391,1.9206571784707112
ENSG00000133460,SLC2A11,-3.0222095497644346,-1.6717632332765782
ENSG00000099977,DDT,-4.3394638807004835,-1.6197238443686317
ENSG00000240972,MIF,-0.3469538450075341,-0.6476945305213526
ENSG00000133433,GSTT2B,-2.904544620310186,-1.262208910538194
ENSG00000099974,DDTL,-4.63128781960302,-1.7386324098939827
ENSG00000099984,GSTT2,-3.0281347927445683,-1.3015894716021665
ENSG00000099991,CABIN1,0.8676896025994947,-0.6877356739777231
ENSG00000099998,GGT5,6.710900693177967,1.0614556268139141
ENSG00000100014,SPECC1L,0.6225999515959119,0.8676120901424597
ENSG00000258555,SPECC1L-ADORA2A,-3.035968727068004,-2.6990601408443093
ENSG00000128271,ADORA2A,-2.6944789670610234,-1.4556721302889624
ENSG00000100024,UPB1,-7.633223909679805,-0.12843649934824672
ENSG00000138867,GUCD1,-3.240364095742997,-1.5691760527776955
ENSG00000100028,SNRPD3,-4.080969562442443,-0.05059328811454859
ENSG00000178026,LRRC75B,-0.5776336125116859,-0.14016872481222256
ENSG00000100031,GGT1,1.617123133881555,0.4293605479026195
ENSG00000197077,KIAA1671,-3.3436862169572525,-1.7163414248760556
ENSG00000100053,CRYBB3,-3.2346665861347836,1.0417594523300129
ENSG00000100077,GRK3,5.342246557430643,-0.15230336031082256
ENSG00000100099,HPS4,-4.575699936929923,-2.818305801139402
ENSG00000100104,SRRD,-5.664277799295225,-1.036493479559075
ENSG00000100109,TFIP11,-2.449325523603823,-1.8268146999007158
ENSG00000128294,TPST2,-3.658147210291695,0.16319365755014323
ENSG00000180957,PITPNB,-0.6282796086390893,1.946107418450865
ENSG00000100154,TTC28,-1.529378433261738,-1.7121485201262168
ENSG00000183765,CHEK2,4.6714029854185934,2.790101924152648
ENSG00000100209,HSCB,-1.9593155981889445,0.8433705940968584
ENSG00000159873,CCDC117,-3.7537615892158143,0.54877608040147
ENSG00000100219,XBP1,-2.7334746481030083,2.271739117871592
ENSG00000183579,ZNRF3,-7.255344564871016,-2.53254592272637
ENSG00000183762,KREMEN1,-2.1646981183761977,-3.1364930047298687
ENSG00000186998,EMID1,4.708994836508728,1.4734294965155943
ENSG00000100263,RHBDD3,0.4208231587330632,-0.16539664696545248
ENSG00000182944,EWSR1,-1.8534492769425415,-0.3087888058916983
ENSG00000185340,GAS2L1,1.4408457155855205,-0.4019119032114806
ENSG00000100280,AP1B1,1.4641745379122684,-0.9597658043599446
ENSG00000128250,RFPL1,-2.3330230897349753,-0.23602942292599205
ENSG00000100296,THOC5,-0.6916459583470101,0.44911697370085557
ENSG00000184117,NIPSNAP1,-5.35830100992347,0.27087431954686636
ENSG00000186575,NF2,-2.5602359877044383,-2.4860729554059957
ENSG00000100319,ZMAT5,-0.9695369318323587,-0.8793122619261782
ENSG00000184076,UQCR10,-2.3395254618412737,0.3021696965774637
ENSG00000100325,ASCC2,-1.2296051704026243,-0.32604155499251464
ENSG00000100330,MTMR3,-6.516914159166007,-4.072729652512893
ENSG00000176635,HORMAD2,-9.868261153902392,-3.8473128249939093
ENSG00000239282,CASTOR1,0.21458015533656863,-0.20961740753356758
ENSG00000099992,TBC1D10A,2.521421357198883,0.7841792429718321
ENSG00000099995,SF3A1,-1.4100761513037658,-2.5192369314436474
ENSG00000099999,RNF215,2.502281508480118,1.0408324404188063
ENSG00000100003,SEC14L2,-11.249310188960566,-4.002949981880731
ENSG00000242114,MTFP1,3.863347314013245,2.343270828620465
ENSG00000100012,SEC14L3,-5.519652485226127,-0.07927073313080779
ENSG00000133488,SEC14L4,-3.822657891596592,-2.9217833938946622
ENSG00000100029,PES1,0.3906248532430191,-0.33376602999311705
ENSG00000185339,TCN2,0.3491621366792556,-1.7946343410402121
ENSG00000167065,DUSP18,3.1677131515154007,-1.587734703088794
ENSG00000133422,MORC2,-2.269103995687384,-1.4988339979828265
ENSG00000253352,TUG1,0.3428326628558271,1.7625089804521832
ENSG00000183963,SMTN,-0.7913053626255591,-4.056338064600086
ENSG00000198832,SELENOM,6.914340658014516,-0.3438614489703464
ENSG00000138942,RNF185,-2.9776463248069454,1.5931519828124459
ENSG00000182541,LIMK2,11.0612857210004,3.4420318277501387
ENSG00000100100,PIK3IP1,9.569970673789092,3.1364684657706507
ENSG00000100105,PATZ1,-1.7039454580040219,-0.18267844550770526
ENSG00000185721,DRG1,-3.3602600703542422,-1.1370850843654068
ENSG00000184708,EIF4ENIF1,-4.1214559647781135,-3.839859118600366
ENSG00000198089,SFI1,2.800122442677906,-0.8205867283016863
ENSG00000241878,PISD,1.718271473115179,0.2864681466395122
ENSG00000183530,PRR14L,-3.6103740095173684,-1.1629175340291205
ENSG00000100150,DEPDC5,-6.4729956937913595,-1.412572335343342
ENSG00000128245,YWHAH,10.128077048166631,2.865108435325457
ENSG00000100170,SLC5A1,5.8141953170544705,-4.812098923980528
ENSG00000100220,RTCB,1.1406885682189587,-0.2933305002062176
ENSG00000100225,FBXO7,-2.4562878660517993,2.304031565731604
ENSG00000100234,TIMP3,7.328852956963851,0.25474298787526306
ENSG00000133424,LARGE1,-5.601236637704872,-2.137574748980367
ENSG00000100281,HMGXB4,0.08903085356083486,0.3755356308511304
ENSG00000100284,TOM1,-0.4627458381561494,-0.6033750136161086
ENSG00000100292,HMOX1,1.9829660272793257,1.6711712755626649
ENSG00000100297,MCM5,4.23642620604391,0.14131874519603405
ENSG00000221963,APOL6,-3.2146502282442717,0.12989676343851397
ENSG00000128313,APOL5,-4.933908900301545,-2.025496982797591
ENSG00000100320,RBFOX2,-7.066142670088282,-2.560105405135222
ENSG00000128284,APOL3,4.850286857475554,1.7955935231960725
ENSG00000100336,APOL4,-0.128860415798766,-2.2212849639079044
ENSG00000128335,APOL2,1.666351861832261,1.4286440014208899
ENSG00000100342,APOL1,-2.669334844976901,-2.130331554229212
ENSG00000100345,MYH9,3.2100968019796574,-2.336846379957722
ENSG00000100348,TXN2,-3.429558062979886,-0.9586504547371233
ENSG00000100350,FOXRED2,-3.846217245004346,-1.8115270067982132
ENSG00000100353,EIF3D,0.12478026200919205,-2.772997931655274
ENSG00000100360,IFT27,-0.870738967162129,-0.2951720366996815
ENSG00000100365,NCF4,6.2452506145313,0.8161046815704324
ENSG00000100368,CSF2RB,3.8320483810885353,-2.3046726051503046
ENSG00000128311,TST,-1.0998311445764943,0.17364852219980456
ENSG00000128309,MPST,-1.8564805627974055,-0.3706755363705179
ENSG00000100379,KCTD17,7.111204253049304,-0.18691194700712513
ENSG00000187045,TMPRSS6,-3.305589223556852,-1.1359833537926582
ENSG00000100385,IL2RB,0.8870794463319982,-1.2537480816873872
ENSG00000133466,C1QTNF6,-1.0347120720763199,-0.7399432409531816
ENSG00000128340,RAC2,5.472403711314416,-2.831608481809874
ENSG00000100055,CYTH4,5.543209666238383,-1.7161580709165367
ENSG00000100060,MFNG,3.065014312622269,-0.31170073595285563
ENSG00000100065,CARD10,1.3905382854834085,-0.9043354883616209
ENSG00000128283,CDC42EP1,3.019363677677866,-0.5525456936819058
ENSG00000100079,LGALS2,2.2349456762406246,-4.442146249884423
ENSG00000100083,GGA1,1.203765435410827,-0.2654540898168556
ENSG00000100092,SH3BP1,3.8064885188649806,-1.5273200964810716
ENSG00000241360,PDXP,-3.432223674667588,0.49774844488003295
ENSG00000100097,LGALS1,1.4524491208085222,-0.8826034239553562
ENSG00000273899,NOL12,0.8514584397302484,-1.3954754416097288
ENSG00000100106,TRIOBP,1.1584558981022592,-2.426973433035848
ENSG00000189060,H1-0,-3.0564551487235336,-1.3716044934142426
ENSG00000100116,GCAT,-4.14845755720295,-0.6285937789865395
ENSG00000100124,ANKRD54,-1.8481460418051652,-1.7184582762731941
ENSG00000100129,EIF3L,-5.621843786107011,-2.543712705913708
ENSG00000100139,MICALL1,2.2571152579421145,-1.0908566471308327
ENSG00000128346,C22orf23,0.24561744655171092,-2.105493612832377
ENSG00000100142,POLR2F,-1.8459769919074536,-0.3827478823463741
ENSG00000100151,PICK1,1.248435840605018,0.5295990123004058
ENSG00000128298,BAIAP2L2,5.0561335357365005,-0.12048233272569615
ENSG00000184381,PLA2G6,1.7039465505601978,1.0931764875492205
ENSG00000185022,MAFF,9.726830166664806,2.693782146985283
ENSG00000198792,TMEM184B,6.690315741614553,1.098210825676734
ENSG00000213923,CSNK1E,6.155271988202351,1.0971176156786229
ENSG00000283900,TPTEP2-CSNK1E,5.507943768953892,0.5282748988064342
ENSG00000100196,KDELR3,8.860153379714797,5.153453386798034
ENSG00000100201,DDX17,1.1689679456092117,2.9072751105490564
ENSG00000100211,CBY1,-1.2283372421585017,-1.4762677656190926
ENSG00000100216,TOMM22,-3.30818459358461,-0.7787827685841768
ENSG00000100221,JOSD1,4.77205331270155,2.233385665089214
ENSG00000100226,GTPBP1,-1.928141601231948,-2.222010380178242
ENSG00000100242,SUN2,-3.53322681640891,-2.680696951200391
ENSG00000100246,DNAL4,2.9660144531360495,0.19115480516892278
ENSG00000221890,NPTXR,0.92217713296016,-2.435108933389712
ENSG00000183741,CBX6,0.499597696767864,-2.5487381153850173
ENSG00000244509,APOBEC3C,8.0706248591447,-1.0291956972128338
ENSG00000243811,APOBEC3D,6.175728938482883,-0.9709147280234456
ENSG00000128394,APOBEC3F,5.085279403887894,-1.0268332129795805
ENSG00000239713,APOBEC3G,7.792811525378639,0.6391474012168221
ENSG00000100307,CBX7,-3.927165380372103,-3.409326918372169
ENSG00000100311,PDGFB,3.3343111612063607,-0.6714439669705531
ENSG00000100316,RPL3,-2.719100797653947,-2.094465368862156
ENSG00000100321,SYNGR1,1.61751069972289,-3.3835496748749656
ENSG00000100324,TAB1,-2.5032958791562847,-2.697992229728958
ENSG00000100335,MIEF1,-5.928492770935305,-3.294678872373619
ENSG00000128272,ATF4,0.12958199233848616,2.0661829321252827
ENSG00000187051,RPS19BP1,-0.03628677764811348,-0.09391169679758492
ENSG00000100351,GRAP2,6.797048768969528,-1.7705482802488322
ENSG00000133477,FAM83F,4.507763722374635,0.9849902047147775
ENSG00000100354,TNRC6B,-5.98028685020643,-3.385635657017123
ENSG00000239900,ADSL,-1.805390402833482,-0.20156602267777798
ENSG00000100359,SGSM3,1.4489517059909576,0.14600305973742778
ENSG00000196588,MRTFA,2.8546660694653685,-1.739507985878581
ENSG00000128285,MCHR1,1.2696244626516102,1.1431811608333147
ENSG00000100372,SLC25A17,-1.997351333754748,3.502518621200396
ENSG00000100380,ST13,-9.394551494696087,-3.1624024692186663
ENSG00000196236,XPNPEP3,-6.754008391108662,-1.588322544918757
ENSG00000172404,DNAJB7,-4.749748524674476,-2.131193818629654
ENSG00000100387,RBX1,2.3380065754205197,2.0263348803660106
ENSG00000100393,EP300,-1.8532997776689843,-1.8993064264159023
ENSG00000100395,L3MBTL2,1.150937361781095,0.41752765347323695
ENSG00000100401,RANGAP1,5.238620360751303,1.3922763031490424
ENSG00000100403,ZC3H7B,-3.9871710601793096,-3.4126494752568504
ENSG00000167074,TEF,-7.786683647290417,-3.0148273294208665
ENSG00000183864,TOB2,-2.4069448236857993,-1.58592624042119
ENSG00000100412,ACO2,1.1681817467412083,0.35285815122250747
ENSG00000100410,PHF5A,0.5721356349389851,2.638459808830881
ENSG00000100413,POLR3H,-1.5594357807540333,-0.9621242017722864
ENSG00000100417,PMM1,-2.99229759564709,-1.9619037630501455
ENSG00000100418,DESI1,0.09488540025334943,1.9683170408291721
ENSG00000196419,XRCC6,-0.6147556290130122,-0.672196373433608
ENSG00000100138,SNU13,1.7982815325282644,0.6670643591311902
ENSG00000167077,MEI1,6.332533781775732,-0.24086789533372113
ENSG00000100147,CCDC134,-4.378541113895402,-3.1526070268317343
ENSG00000198911,SREBF2,-1.1771459744326243,-0.28542736304233746
ENSG00000234965,SHISA8,1.3777234265258476,2.707146682975735
ENSG00000183066,WBP2NL,-5.19496082862663,-1.4297259760746046
ENSG00000198951,NAGA,-3.1753398566144018,-1.7377587517504636
ENSG00000183172,SMDT1,-4.4318057660721655,-1.1889384686371642
ENSG00000184983,NDUFA6,-2.8534037853801983,0.715531565267425
ENSG00000100197,CYP2D6,-0.9364236833571405,0.17310433161253225
ENSG00000100207,TCF20,-0.788551334167117,-1.5585945699976504
ENSG00000235568,NFAM1,2.508135324436775,-2.159683060902677
ENSG00000189306,RRP7A,1.4500895311989441,-1.0747912369307204
ENSG00000183569,SERHL2,1.3427695081248299,-1.4790237419791243
ENSG00000100227,POLDIP3,-3.5380118713759985,-3.8429398153389056
ENSG00000100243,CYB5R3,0.9886672964317162,-0.6396089895799782
ENSG00000242247,ARFGAP3,1.1757271643587333,0.9248944409539116
ENSG00000100266,PACSIN2,4.621120476255039,1.890261530176639
ENSG00000100271,TTLL1,8.099902114270686,3.1294997366076345
ENSG00000100294,MCAT,0.06385415237607452,0.6315012567255444
ENSG00000100300,TSPO,5.422784203400567,1.2209164984585472
ENSG00000100304,TTLL12,-2.3312031961117303,-2.2698178425802453
ENSG00000186732,MPPED1,0.2529341626340173,0.6874658033547194
ENSG00000186976,EFCAB6,-5.006502618490904,-4.358786922733802
ENSG00000100344,PNPLA3,-4.877366541267854,-2.236013696675469
ENSG00000100347,SAMM50,-3.8450737953464724,-2.1517703798800887
ENSG00000188677,PARVB,4.151941956513587,1.0914117019318124
ENSG00000138964,PARVG,6.657179106814841,0.2584523588681418
ENSG00000188636,RTL6,-1.3380189452943827,-3.8098329059082867
ENSG00000186654,PRR5,-0.47663375932692853,-0.13846343633601235
ENSG00000248405,PRR5-ARHGAP8,-1.4185840328271324,-2.647085421948063
ENSG00000093000,NUP50,-0.165357615138325,1.228129683733165
ENSG00000100364,KIAA0930,4.159583842081284,-0.0010491684621486616
ENSG00000100376,FAM118A,1.3315342471615284,-0.17621330046219297
ENSG00000077942,FBLN1,5.441994255461117,-2.630504646204613
ENSG00000130638,ATXN10,-2.6646977487456898,0.04480430031136783
ENSG00000186951,PPARA,-8.245025930428689,-1.5296804886310091
ENSG00000205643,CDPF1,-1.470513060007136,-0.7092772478197032
ENSG00000130943,PKDREJ,-3.8487294867223256,-0.43802836742330453
ENSG00000075234,TTC38,-6.836347542684416,-1.3372702596776511
ENSG00000075218,GTSE1,1.3770704405489784,0.1442257934441648
ENSG00000100416,TRMU,-0.6785267938926162,0.14207532837271544
ENSG00000075275,CELSR1,-0.16737495999103497,0.5406447102429641
ENSG00000075240,GRAMD4,-2.2138545501481333,-0.5113224053140388
ENSG00000100422,CERK,0.634676291916849,0.803006010685364
ENSG00000054611,TBC1D22A,-1.8248564213025367,-3.235806343124672
ENSG00000100425,BRD1,-1.2735669128713185,-1.6684363491619536
ENSG00000100426,ZBED4,-1.7823443464161246,-2.786010607501954
ENSG00000182858,ALG12,-2.710191459192394,-2.485650794082622
ENSG00000184164,CRELD2,1.6033490731542528,0.08492627115519842
ENSG00000198355,PIM3,4.835785832297129,2.8991593993961997
ENSG00000170638,TRABD,1.5225454922213209,0.3920219004160694
ENSG00000073169,SELENOO,-0.34371441308337414,0.600879527905953
ENSG00000128159,TUBGCP6,1.1270930594849253,0.009854978144016976
ENSG00000100429,HDAC10,1.2463222141456718,-0.5868929646687578
ENSG00000188130,MAPK12,3.079297184761053,0.16103310982773578
ENSG00000185386,MAPK11,4.6247418585526585,0.8280557143180046
ENSG00000196576,PLXNB2,-0.3458404171332692,-1.9083756060284938
ENSG00000100239,PPP6R2,-5.063566028349984,-2.567204020630019
ENSG00000100241,SBF1,-1.3315100690119073,-2.3605249987374575
ENSG00000100253,MIOX,-0.8688770244007891,-1.5098605300554864
ENSG00000100258,LMF2,1.2134518150356115,0.07761343811171181
ENSG00000025770,NCAPH2,2.1446028998059163,0.44434348205940455
ENSG00000284194,SCO2,2.9454570826955124,1.2527688659988299
ENSG00000025708,TYMP,3.1275494398642874,0.22344651932439397
ENSG00000177989,CIMAP1B,2.008806228537411,0.40242709269491517
ENSG00000205560,CPT1B,2.502211859818942,1.8293646788902624
ENSG00000254413,CHKB-CPT1B,2.2361909824435116,1.5040854643051937
ENSG00000100288,CHKB,1.915640428764579,1.1601614566916216
ENSG00000100299,ARSA,0.8696466839643046,-0.18918129342380657
ENSG00000251322,SHANK3,-0.20853361774624607,-0.5755457691348095
ENSG00000079974,RABL2B,0.35999501115136023,-1.840268288635294
ENSG00000182378,PLCXD1,-3.6350683782617605,-2.5809686783800236
ENSG00000178605,GTPBP6,-1.104574711813295,-0.9161742807829114
ENSG00000167393,PPP2R3B,1.5848864773470566,1.0410353994489117
ENSG00000198223,CSF2RA,7.496919541836569,0.347112103644221
ENSG00000185291,IL3RA,3.1882452698268615,-2.5044052285540275
ENSG00000169100,SLC25A6,2.145012817171977,-1.0093774200674848
ENSG00000169093,ASMTL,-3.6004577517098006,-1.7679982546915773
ENSG00000182162,P2RY8,6.836492176014532,0.17074684076127566
ENSG00000197976,AKAP17A,1.2897964648570033,0.7887768966557372
ENSG00000196433,ASMT,-0.6477162377383348,0.7181935570949256
ENSG00000169084,DHRSX,-4.439042026104284,-1.2577961610336061
ENSG00000214717,ZBED1,-3.0200595218695043,-1.1388284732682503
ENSG00000002586,CD99,0.46399769616306097,0.5641942148148722
ENSG00000124343,XG,-1.9142865035975318,0.9804533007136309
ENSG00000056998,GYG2,-3.1219660827930262,0.515126475292875
ENSG00000006756,ARSD,-5.9857350268163225,-2.2228437811986175
ENSG00000157399,ARSL,-0.5397468046684729,-0.8010324118900398
ENSG00000062096,ARSF,-0.4842392901607813,-0.2958556461861657
ENSG00000101825,MXRA5,2.656012638551341,-1.1374289936059345
ENSG00000183943,PRKX,10.143892173181609,1.4308641340740171
ENSG00000146938,NLGN4X,-2.0957243994692756,-2.7501037392763656
ENSG00000130021,PUDP,-1.3861187372349175,-0.6458839476316337
ENSG00000101846,STS,1.9825993332830372,0.6861492941858068
ENSG00000006757,PNPLA4,-6.212508707763366,-1.8705714845441488
ENSG00000011201,ANOS1,7.013796762220233,0.30971730470208647
ENSG00000177138,FAM9B,-1.9134989659045398,0.555017540201594
ENSG00000101849,TBL1X,-9.215971698745165,-4.171513322611053
ENSG00000101850,GPR143,-0.24843848592087694,1.3506140318316406
ENSG00000146950,SHROOM2,-3.2973847690060256,-1.584106930772076
ENSG00000047644,WWC3,5.828482570526541,-0.3794708450293104
ENSG00000073464,CLCN4,-5.123656744469471,-2.121498423475033
ENSG00000101871,MID1,7.855210182184162,4.3855066268029255
ENSG00000004961,HCCS,2.605359435961369,2.052793528797579
ENSG00000047648,ARHGAP6,1.4738390125115148,-4.246220193814644
ENSG00000005302,MSL3,3.2374788194834547,-0.19478941842951122
ENSG00000101911,PRPS2,-1.4595494863233582,0.806312349822466
ENSG00000196664,TLR7,6.5673108461261585,0.43733609883538727
ENSG00000101916,TLR8,3.216818750038746,0.3119880139266724
ENSG00000205542,TMSB4X,9.510089084194792,2.406415512805397
ENSG00000176896,TCEANC,-5.8205128714812915,-0.6387784318202282
ENSG00000123595,RAB9A,1.0831236134768303,2.0463063763895017
ENSG00000196459,TRAPPC2,0.023837186619768688,1.591639766685293
ENSG00000046651,OFD1,1.5620747459632027,1.155098641552922
ENSG00000046653,GPM6B,-1.980750084401143,-3.8080743280125597
ENSG00000046647,GEMIN8,-2.809717990089194,-3.0432485926737307
ENSG00000130150,MOSPD2,1.1397628326191231,1.0099089149845115
ENSG00000102048,ASB9,-5.237383192577472,-0.3342568349760006
ENSG00000165195,PIGA,0.7463726030218625,1.7864042825353035
ENSG00000087842,PIR,0.061097670505275654,2.553872433242395
ENSG00000102010,BMX,5.436471761310993,-0.24105160208755932
ENSG00000130234,ACE2,3.192407567754907,2.885924385166988
ENSG00000147003,CLTRN,-0.8172720129248318,2.927963598559816
ENSG00000169239,CA5B,2.342279061695748,-0.4191507222511081
ENSG00000169249,ZRSR2,3.734206807433422,1.7450858232872366
ENSG00000182287,AP1S2,2.3348799494603036,-0.05809339510095006
ENSG00000047230,CTPS2,-2.3785793662570964,0.29209215753082407
ENSG00000169895,SYAP1,-4.568945837392,-0.17418641148457709
ENSG00000086712,TXLNG,-3.7760812118232154,-0.8931219932003948
ENSG00000102054,RBBP7,0.12404304619095807,1.6016051650855958
ENSG00000169891,REPS2,-5.546616076979997,0.46414205745099374
ENSG00000188158,NHS,4.5469664837953605,-0.20102669680137536
ENSG00000047634,SCML1,-2.1594067518557756,1.6655886519303975
ENSG00000131831,RAI2,5.521450161795923,-2.0529355298688587
ENSG00000102098,SCML2,-1.6796721495624474,0.023402990515731876
ENSG00000008086,CDKL5,-0.7748231394364831,-1.601153868550045
ENSG00000044446,PHKA2,-3.66937432294599,0.31876468878547
ENSG00000173698,ADGRG2,0.3989075200156459,-1.2959959698426982
ENSG00000131828,PDHA1,-0.6882713973556387,3.196371665338292
ENSG00000180815,MAP3K15,-2.071812730948122,2.949196088064332
ENSG00000147010,SH3KBP1,3.491456860719771,-0.6358205578041686
ENSG00000173681,BCLAF3,0.31554728570631474,-1.7998706479466793
ENSG00000173674,EIF1AX,-0.8775579452232806,1.0211192857216347
ENSG00000177189,RPS6KA3,-0.18974683798098124,0.6853810106049517
ENSG00000149970,CNKSR2,-9.792924466546074,-4.713536759514846
ENSG00000012174,MBTPS2,-3.369208899870253,-0.4105221350953885
ENSG00000230797,YY2,-3.2836249872355108,-1.2855320600317344
ENSG00000102172,SMS,3.7982692061272885,2.8346551371839945
ENSG00000123131,PRDX4,-1.2265791759906592,0.18805081773041027
ENSG00000123130,ACOT9,7.5231787186818675,2.3500242699586433
ENSG00000130066,SAT1,-1.7608947141133722,2.0599012865256845
ENSG00000184831,APOO,0.49662081378522754,2.6740503998866902
ENSG00000174010,KLHL15,-2.436068278289314,0.6941942393117577
ENSG00000130741,EIF2S3,0.8098074198405149,1.238438731615052
ENSG00000005889,ZFX,-1.183592884805033,0.3034583405486603
ENSG00000067992,PDK3,-5.583892920285876,-2.3143405747393917
ENSG00000101868,POLA1,-2.2128742422538603,-2.314361502244395
ENSG00000120280,TASL,3.5201090712242133,-1.8003466372731436
ENSG00000198814,GK,-0.5140499299446766,0.7197381546351017
ENSG00000157625,TAB3,-0.195799276376691,2.1597107085987384
ENSG00000198947,DMD,-4.268236308392134,-0.9427095850280692
ENSG00000147027,TMEM47,2.270680327048234,1.1092393002644219
ENSG00000130962,PRRG1,-1.1099294698035007,0.8849713213420646
ENSG00000047597,XK,-0.1490894141006036,-0.47470373725826515
ENSG00000165168,CYBB,2.993808953449062,-0.2989071290318166
ENSG00000165169,DYNLT3,-0.8490783525181154,1.1917419606245576
ENSG00000147041,SYTL5,-4.442542683716975,-3.0184546910648966
ENSG00000101955,SRPX,9.245945935717746,3.263119455911824
ENSG00000156313,RPGR,2.7855194289858116,-0.39474225646433925
ENSG00000036473,OTC,-2.2683338614039044,1.39195422240128
ENSG00000156298,TSPAN7,-1.7815458956073877,-0.9180418124473838
ENSG00000165175,MID1IP1,1.7073786943781117,0.950131465651087
ENSG00000183337,BCOR,-0.7889096225461365,-1.4295075432976163
ENSG00000182220,ATP6AP2,3.1977249043160993,2.05643554259613
ENSG00000185753,CXorf38,4.098016513594221,1.1181396277527171
ENSG00000180182,MED14,-3.499471885625841,-0.6522718204254281
ENSG00000124486,USP9X,-3.413970062687896,0.06789754345453491
ENSG00000215301,DDX3X,1.020147760106016,0.6409564719355372
ENSG00000147044,CASK,1.9757624084111842,1.3918610002787455
ENSG00000171659,GPR34,3.1960535937711954,0.21884564114462876
ENSG00000189221,MAOA,-10.874610782621664,-4.199391214809316
ENSG00000069535,MAOB,-9.232140963018079,-0.6584695412991175
ENSG00000069509,FUNDC1,0.6326269193546822,1.0375379269024165
ENSG00000147050,KDM6A,-2.1341109922441537,-0.3719602484745923
ENSG00000147113,DIPK2B,8.007989959700565,0.9593545738948428
ENSG00000147121,KRABD4,-0.8172750470396537,0.9404277634347776
ENSG00000251192,ZNF674,-0.4516522163143388,1.3945481870320524
ENSG00000147119,CHST7,-5.426449819372111,-2.050384162746562
ENSG00000065923,SLC9A7,-6.974461996898366,-3.044500080054701
ENSG00000102218,RP2,1.9398817987908004,0.8575545232025765
ENSG00000102221,JADE3,-4.992688197436263,-0.6856781579179867
ENSG00000130988,RGN,-5.223814046870771,2.8032763617331407
ENSG00000147123,NDUFB11,-2.679371191699693,-0.1144176941682448
ENSG00000182872,RBM10,-0.6147252920345102,-0.6863734120625885
ENSG00000130985,UBA1,0.8721157270530865,-0.4258455495835375
ENSG00000102225,CDK16,3.3421630481010793,1.3375687351731207
ENSG00000102226,USP11,3.18539176313443,-1.7923115094833117
ENSG00000147124,ZNF41,-2.406216025748183,-0.9739723387026419
ENSG00000078061,ARAF,-3.228711954871986,-1.718206640663878
ENSG00000008056,SYN1,1.8644065557321314,0.07937719589641697
ENSG00000102265,TIMP1,12.224521059834585,5.331101364451046
ENSG00000126759,CFP,-4.518948112444147,-4.896615240138242
ENSG00000126767,ELK1,-5.738921321285144,-3.070174183638223
ENSG00000126756,UXT,-3.1243515918352425,0.018313226814977004
ENSG00000197779,ZNF81,-0.877097339358681,0.3479179648107055
ENSG00000147118,ZNF182,1.2613658981968614,1.646029610341888
ENSG00000221994,ZNF630,-1.652276872708936,-1.4291079105714293
ENSG00000068438,FTSJ1,4.9798284555329095,1.4954681345198702
ENSG00000102312,PORCN,-1.8066953870416835,-2.241653846797933
ENSG00000147155,EBP,-2.001685026826578,2.534308560777472
ENSG00000068354,TBC1D25,0.6618414853058838,-0.7517331906790155
ENSG00000102317,RBM3,7.657158549026062,2.2957827665687116
ENSG00000101940,WDR13,5.03516846972184,1.5781143629804224
ENSG00000015285,WAS,4.421705721783637,-0.7230510802608531
ENSG00000101945,SUV39H1,-5.354466463788162,-3.5018372651942555
ENSG00000171433,GLOD5,-0.8659621137816277,0.9453828831051218
ENSG00000094631,HDAC6,5.10914968824967,4.978213039264873
ENSG00000126768,TIMM17B,0.013794682931600797,0.26368438105327685
ENSG00000102103,PQBP1,0.43766577613284724,0.4849851150269254
ENSG00000102100,SLC35A2,2.4587890539920463,1.0532088990147712
ENSG00000102096,PIM2,7.120635843148465,1.349436330267292
ENSG00000068308,OTUD5,0.6735876478062595,0.11800391112016057
ENSG00000068400,GRIPAP1,0.6569661654271719,-0.43152559049274075
ENSG00000068323,TFE3,3.646786381768234,0.21115179818139146
ENSG00000147144,CCDC120,2.9451785360698475,-0.07777302864009664
ENSG00000243279,PRAF2,6.526370368246278,1.6924392413251517
ENSG00000196998,WDR45,0.6990272255973535,1.2232619907459075
ENSG00000068394,GPKOW,0.6174878016412753,-0.9249355620181864
ENSG00000269313,MAGIX,-2.577264175110153,-2.0348847615647765
ENSG00000102007,PLP2,9.886732171131468,2.1356743380749204
ENSG00000012211,PRICKLE3,5.439286813588086,0.5167307790989707
ENSG00000101997,CCDC22,2.371210296029014,0.07481217793264122
ENSG00000049768,FOXP3,4.119655836380533,0.4135244770616654
ENSG00000049769,PPP1R3F,-3.228879691483331,-3.454892614036608
ENSG00000273820,USP27X,1.7208351270535536,-1.4437070750603151
ENSG00000171365,CLCN5,-4.562769015459838,0.34023854460640085
ENSG00000147082,CCNB3,-4.623424124524654,-2.0309829251160525
ENSG00000158352,SHROOM4,4.452195205590413,0.43481518686312726
ENSG00000189369,GSPT2,-5.9560102896041665,-2.5163717034177897
ENSG00000179222,MAGED1,-0.7211155888186493,-0.9533451036061374
ENSG00000179304,FAM156B,1.9616764648601377,0.8424062921930842
ENSG00000268350,FAM156A,2.3841206933690073,1.2661425105965043
ENSG00000184205,TSPYL2,2.9497818093524164,1.4620187471765174
ENSG00000126012,KDM5C,-0.41950733944051416,-1.4031243385276098
ENSG00000124313,IQSEC2,3.8882988708405817,-0.8434815011919038
ENSG00000072501,SMC1A,-2.6387127273012565,-2.735287594865476
ENSG00000072506,HSD17B10,-5.356848099988623,-0.8067490932685162
ENSG00000086758,HUWE1,-5.572732036607594,-2.8035232019877583
ENSG00000172943,PHF8,-3.20239568285694,-0.752572234121735
ENSG00000184083,FAM120C,-3.627517253030373,1.0859492501658097
ENSG00000196632,WNK3,-4.3165890815239445,-1.178527458635514
ENSG00000158526,TSR2,-3.263875554611346,-1.7345249109714833
ENSG00000102302,FGD1,3.356776684218108,-0.3024265602694489
ENSG00000130119,GNL3L,-0.2588605865438709,-2.3075059041986794
ENSG00000102316,MAGED2,5.237300000975663,1.9716084858416327
ENSG00000067445,TRO,-1.9318669499264536,0.35740754758160276
ENSG00000158571,PFKFB1,-6.644535384421102,-1.7802109657460852
ENSG00000169188,APEX2,4.694788933404224,1.5128179977087397
ENSG00000182518,VCF2,-5.214708427601693,0.6886608655905297
ENSG00000187601,MAGEH1,-1.5618492570356322,-0.021134680926911956
ENSG00000247746,USP51,-2.8520036060528886,-0.5657354939310902
ENSG00000083750,RRAGB,-2.577019589791946,-1.2180312217164058
ENSG00000102349,KLF8,3.534920282919759,-0.19204820576321766
ENSG00000188021,UBQLN2,-1.7108342546502717,0.29213261857106604
ENSG00000204272,NBDY,3.3681810765526667,-1.1310164726110696
ENSG00000204271,SPIN3,-5.257826258220904,-1.5395189980767883
ENSG00000186787,SPIN2B,-0.5331006964255817,-0.15733765897493165
ENSG00000147059,SPIN2A,-0.004596019913615898,-0.18167153223672827
ENSG00000165591,FAAH2,-5.143156897600602,-1.4258957993113635
ENSG00000198455,ZXDB,-1.519470963196039,-0.47122182871381113
ENSG00000198205,ZXDA,-0.9196148602653504,-0.8442376949539527
ENSG00000186767,SPIN4,2.2810567902669407,0.056350215041795444
ENSG00000131089,ARHGEF9,-3.9478904661600445,-1.5953369487387978
ENSG00000184675,AMER1,-10.00323656044543,-4.249190794202257
ENSG00000126970,ZC4H2,1.6162534819213032,2.118194840616028
ENSG00000102053,ZC3H12B,1.025672150662145,0.5960100625590699
ENSG00000001497,LAS1L,-4.091940109760045,-2.8287768126508577
ENSG00000147065,MSN,8.610251477178597,2.855291299944198
ENSG00000155659,VSIG4,0.6015085750765714,-3.012920588375232
ENSG00000089472,HEPH,9.239081203468432,1.0910105579792047
ENSG00000131080,EDA2R,11.639696997017332,5.5748080429154365
ENSG00000169083,AR,-10.395159515816268,-1.8147639216487317
ENSG00000079482,OPHN1,0.63840835688639,-2.2555560941115718
ENSG00000181704,YIPF6,-1.583915487902314,1.485759274608042
ENSG00000130052,STARD8,-3.604998091028875,-3.30797276061714
ENSG00000090776,EFNB1,-0.1257331764404785,-3.8339604620759604
ENSG00000181191,PJA1,5.213938335661702,-0.811254935136793
ENSG00000158813,EDA,-5.227118064594601,-5.012001613579218
ENSG00000089289,IGBP1,1.5643781520089604,-0.7164289643935237
ENSG00000120509,PDZD11,2.1263900364304233,2.583075026386947
ENSG00000082458,DLG3,7.609628716262696,-2.42984205022454
ENSG00000147164,SNX12,0.6443066325544118,-0.160116096363061
ENSG00000184481,FOXO4,-4.513298847670852,-4.679036377206738
ENSG00000147168,IL2RG,7.69427148179498,-0.6446337881605633
ENSG00000184634,MED12,-0.26154418334464513,-2.3172875564047897
ENSG00000169562,GJB1,-7.564503271354987,-2.979109035617841
ENSG00000147130,ZMYM3,-1.7636201911229183,0.0012480714181808239
ENSG00000147140,NONO,-3.0953297719176196,-1.351612570368403
ENSG00000147166,ITGB1BP2,-1.4608759452690914,-0.7533335694072194
ENSG00000147133,TAF1,-3.610388542234922,-2.3543371627576657
ENSG00000147162,OGT,1.8887493851224824,1.0857802817047315
ENSG00000147174,GCNA,-1.958986416115567,-1.1609674709404043
ENSG00000204131,NHSL2,3.1058942046924596,-0.9752412148144964
ENSG00000242732,RTL5,-1.3885846784567792,-0.4077944729142748
ENSG00000102309,PIN4,-1.0004087533355728,1.6169066191681736
ENSG00000198034,RPS4X,0.6914767946543126,0.5734645890093879
ENSG00000147099,HDAC8,-5.119268695845556,-0.8722291651980377
ENSG00000067177,PHKA1,-5.459666228915147,-2.830602083597295
ENSG00000186462,NAP1L2,1.8811583441610962,-1.0778636300298414
ENSG00000204116,CHIC1,2.229137029065283,0.12728178976240329
ENSG00000147100,SLC16A2,-7.8362646226900905,-0.7439849754778451
ENSG00000131263,RLIM,-0.3694367319078692,0.3487806686251322
ENSG00000131269,ABCB7,-6.699535696193616,-0.8101193919580605
ENSG00000094841,UPRT,-1.0494298955323256,-0.15161893882061403
ENSG00000102390,PBDC1,0.8796877775170506,1.1225918032210778
ENSG00000198934,MAGEE1,5.770543003989229,0.9637801723877981
ENSG00000085224,ATRX,-0.8549994947183429,-0.6472289920233569
ENSG00000102158,MAGT1,-2.5844985315652735,-0.9615823300604255
ENSG00000131174,COX7B,-0.7402365137339595,2.461738318403055
ENSG00000165240,ATP7A,0.5550516255176151,-0.2814094823725748
ENSG00000102144,PGK1,1.6593599466229922,0.8389692532781939
ENSG00000226784,PGAM4,0.19282335799935857,1.4296773013355137
ENSG00000187325,TAF9B,-0.8118720362010371,0.776637676479592
ENSG00000173198,CYSLTR1,2.0934566487223627,-1.907578198068006
ENSG00000078589,P2RY10,6.6735030901129795,0.5029781131031558
ENSG00000147138,GPR174,7.020866755252678,1.47014392714703
ENSG00000078596,ITM2A,5.534076818504127,-1.7448243010184568
ENSG00000165288,BRWD3,-2.1858238457335006,-1.0800795549686435
ENSG00000198157,HMGN5,-2.6044599394508743,0.16664603121659868
ENSG00000131171,SH3BGRL,4.533088263118563,0.9876431134525837
ENSG00000072133,RPS6KA6,-2.904555934747047,-2.7844340090656727
ENSG00000165259,HDX,0.3849977810807002,-1.031833451771389
ENSG00000155008,APOOL,-2.192922888487257,0.27176006390652707
ENSG00000184788,SATL1,-1.6803339371646568,1.2608063546144463
ENSG00000147180,ZNF711,5.031265727714151,-0.5392038055153653
ENSG00000188419,CHM,-0.8883108878696515,-0.17095026347070183
ENSG00000102271,KLHL4,0.12942293782915762,-0.8190143253567818
ENSG00000186310,NAP1L3,2.769775252483137,-0.7932197382627089
ENSG00000147202,DIAPH2,-5.290272803091506,-1.4121574029643729
ENSG00000000003,TSPAN6,-1.3039086040555508,3.2522992164472777
ENSG00000102359,SRPX2,6.5752972214949965,3.6021547921409964
ENSG00000102362,SYTL4,-0.6174584521265837,0.47831427995418196
ENSG00000101811,CSTF2,1.212910652331888,-0.9272102457400728
ENSG00000188917,TRMT2B,-5.1383588771558,-2.343928099154398
ENSG00000102387,TAF7L,-0.13237232987335548,0.7279905853266798
ENSG00000126953,TIMM8A,-2.0756988336718885,1.967997361909624
ENSG00000010671,BTK,4.301985616399278,-0.8320031090681579
ENSG00000241343,RPL36A,0.7999590555091219,0.20892674855979584
ENSG00000257529,RPL36A-HNRNPH2,1.43006123786168,0.8180076316641508
ENSG00000102393,GLA,8.703944539623341,5.784429350229326
ENSG00000126945,HNRNPH2,0.687140714064188,0.033715567138541534
ENSG00000196440,ARMCX4,-0.1686100587330867,-1.8220975267175843
ENSG00000126947,ARMCX1,6.366798093713094,-0.5932264521033943
ENSG00000198960,ARMCX6,3.5088060841563173,-0.6287315712689773
ENSG00000102401,ARMCX3,1.7220583793525188,-0.4234099671188825
ENSG00000184867,ARMCX2,6.246313488947786,-2.0541722128864865
ENSG00000166432,ZMAT1,-2.62163718604911,0.10680026800296297
ENSG00000125962,ARMCX5,-3.3870580150691105,-1.2912761677938966
ENSG00000198932,GPRASP1,0.33566684107456,-2.172572797306465
ENSG00000158301,GPRASP2,-7.660899932495886,-3.1129916060572516
ENSG00000286237,ARMCX5-GPRASP2,-7.112802906512287,-3.297513069596517
ENSG00000198908,GPRASP3,-3.290670081615913,-0.6084374428253125
ENSG00000133169,BEX1,2.2834892896864356,-2.2345846098457947
ENSG00000147206,NXF3,4.640852510905903,2.679359591657825
ENSG00000102409,BEX4,5.912391352421309,-1.570314181531987
ENSG00000180964,TCEAL8,4.128468838450959,2.0655623116287876
ENSG00000185222,TCEAL9,12.545833349120784,5.095495114352087
ENSG00000166681,BEX3,2.474606505507181,1.2336813187472833
ENSG00000133142,TCEAL4,5.079795739857321,2.9486762318295083
ENSG00000196507,TCEAL3,6.676467096524247,0.04304627491388372
ENSG00000172465,TCEAL1,1.7879222093045302,1.1825228186294157
ENSG00000123562,MORF4L2,0.8498406097004881,1.8378951836298838
ENSG00000166707,ZCCHC18,0.6519563759262307,1.5617451790102492
ENSG00000123575,FAM199X,1.038626964210855,1.49391355933713
ENSG00000189108,IL1RAPL2,-4.441127010813653,-1.7672900783321717
ENSG00000123572,NRK,-4.094195885000088,-1.3731506129985327
ENSG00000123561,SERPINA7,-0.1823789168945462,1.9804534518848507
ENSG00000157502,PWWP3B,5.53788868969364,0.6227227055166168
ENSG00000147231,RADX,-6.105127573030098,-2.178575987204886
ENSG00000133135,RNF128,-3.6685018803754357,1.2518540539187393
ENSG00000133138,TBC1D8B,-1.7616343921210433,0.4388792673430113
ENSG00000133131,MORC4,2.7853774257509665,1.7620337986437418
ENSG00000165376,CLDN2,2.8720519504637676,2.203787377824427
ENSG00000147223,RIPPLY1,2.3756350535260324,2.1659565459365004
ENSG00000089682,RBM41,-4.371980194411616,-0.6095395696217341
ENSG00000198088,NUP62CL,-5.860849655234698,-2.0965491761222212
ENSG00000147224,PRPS1,-6.283456609143101,-1.7204162119891395
ENSG00000157514,TSC22D3,2.75478040733972,1.1027393094947864
ENSG00000080561,MID2,2.9270079204012354,1.94412871232629
ENSG00000101843,PSMD10,1.4801683910581425,1.674279041346497
ENSG00000101844,ATG4A,2.3976761687364516,3.9520062699065224
ENSG00000188153,COL4A5,3.8798148062182842,0.5861546929003657
ENSG00000101888,NXT2,-0.589116966356041,0.8239685856814233
ENSG00000068366,ACSL4,4.467051007675132,1.8736071013994529
ENSG00000157600,TMEM164,5.3592514476276865,-2.0374626162141065
ENSG00000101935,AMMECR1,-1.0637970763096813,0.1081185755418152
ENSG00000243978,RTL9,-3.5760526222609736,-1.420255323427669
ENSG00000077264,PAK3,5.751266901737551,0.5931473491792597
ENSG00000260802,SERTM2,-6.046472223747738,-1.0098930866228988
ENSG00000101901,ALG13,-0.5939457999630116,0.5685230092231707
ENSG00000072315,TRPC5,-7.2007919510373695,-2.870919758092374
ENSG00000187823,RTL4,-6.532979705259344,-1.6618528533854346
ENSG00000126016,AMOT,-1.3552460340544008,-0.17645027244535375
ENSG00000123496,IL13RA2,-2.5710712934426163,2.355694562418849
ENSG00000102024,PLS3,-0.9449596674416185,0.15535341064638497
ENSG00000003096,KLHL13,-2.237633218835288,0.5390451475588665
ENSG00000131725,WDR44,-1.5573145913429358,-0.5585821169362005
ENSG00000147251,DOCK11,2.972829155183385,-1.2414074933581944
ENSG00000131724,IL13RA1,-5.48527443563851,-0.22532622542025163
ENSG00000175556,LONRF3,-2.7392705112213678,0.22400292014803533
ENSG00000101856,PGRMC1,-5.06783606822937,2.3424848776667706
ENSG00000077713,SLC25A43,-0.3656336362204431,0.3714429945644527
ENSG00000005022,SLC25A5,-2.948554906194341,-0.2646694158559119
ENSG00000077721,UBE2A,4.186779679504459,3.2320676572086597
ENSG00000018610,STEEP1,-1.1650697932599243,-1.1626412319531034
ENSG00000186416,NKRF,0.19980352384737735,1.8906208347834286
ENSG00000125354,SEPTIN6,7.901359776879744,3.344626596191194
ENSG00000198918,RPL39,0.2279577533281975,0.881611936400386
ENSG00000125351,UPF3B,-1.172295918293165,-0.030737816273343124
ENSG00000125352,RNF113A,-1.2224604604354408,-1.3672775650866313
ENSG00000125356,NDUFA1,-1.1369155297871996,-0.14543388722899214
ENSG00000101882,NKAP,-0.8382445067251898,0.308650132701038
ENSG00000177485,ZBTB33,3.8521406539479655,2.903785009981088
ENSG00000125355,TMEM255A,2.8381486920508276,0.15345781275424178
ENSG00000005893,LAMP2,3.0869979561954364,2.8021142887727555
ENSG00000158290,CUL4B,-0.5490818730505341,1.342997784335684
ENSG00000232119,MCTS1,-1.7677636849658447,1.2942526685534828
ENSG00000171155,C1GALT1C1,-0.4659271114297403,0.772648069171861
ENSG00000182890,GLUD2,-3.251369866201992,-1.4714827541366966
ENSG00000125675,GRIA3,2.521768446409635,4.142217647014113
ENSG00000125676,THOC2,-0.8689416684245166,0.734208516973266
ENSG00000101966,XIAP,-1.6280451498916382,-0.3209214563196324
ENSG00000101972,STAG2,-1.8214492613491229,-0.843992915979607
ENSG00000183918,SH2D1A,2.3001273657090096,-1.7868373349417097
ENSG00000009694,TENM1,-3.385318660388713,1.5201585630280265
ENSG00000102038,SMARCA1,-5.522174931500819,-0.6538041553490846
ENSG00000122126,OCRL,-2.05333649175087,2.4521058520300505
ENSG00000122121,XPNPEP2,-0.49737838815484,-0.5135832802801912
ENSG00000122122,SASH3,6.6857241788913395,-1.0447798863486712
ENSG00000188706,ZDHHC9,-2.3671519455765724,0.5450947570601001
ENSG00000156697,UTP14A,0.3008057425268722,-2.470787684366274
ENSG00000085185,BCORL1,-0.05347723915314514,-1.3720309145137028
ENSG00000102034,ELF4,4.7140101474546015,-1.1036422837137934
ENSG00000156709,AIFM1,-2.690136022452098,0.8733608062440966
ENSG00000056277,ZNF280C,-1.1798172991036289,-0.6267382216926187
ENSG00000102078,SLC25A14,-1.0224011182293922,-0.360134188525199
ENSG00000134597,RBMX2,3.145896050907756,2.2705521612933737
ENSG00000165675,ENOX2,-1.8617946506256144,-2.1007392186700136
ENSG00000134602,STK26,-0.5139145640128311,-0.67490985784399
ENSG00000165694,FRMD7,-2.0923563049882032,-1.072310579585893
ENSG00000123728,RAP2C,-0.5748102800575698,2.68186406809388
ENSG00000076770,MBNL3,-5.692145410399179,-1.1154137071494397
ENSG00000076716,GPC4,11.827430794884053,3.5954968147544983
ENSG00000147257,GPC3,9.987600619538048,3.3223020471730376
ENSG00000156531,PHF6,0.06935638294614052,0.12444482156527077
ENSG00000165704,HPRT1,-3.245172833617837,0.3060353077458908
ENSG00000156504,PABIR2,2.9930489956315145,2.289587276190391
ENSG00000156500,PABIR3,-0.4086627519083139,-1.1887895242242297
ENSG00000101928,MOSPD1,3.8972952375279952,2.3071768414384684
ENSG00000184785,SMIM10,5.103138707832537,-1.17226487372087
ENSG00000212747,RTL8B,6.566774107984784,0.22524140933424808
ENSG00000134590,RTL8C,7.938332755187194,2.235470977769378
ENSG00000203950,RTL8A,6.480157169572791,3.058840143361721
ENSG00000186376,ZNF75D,-3.5173089060745633,-0.9371353386609156
ENSG00000173275,ZNF449,1.6552084300920626,1.7638766687486243
ENSG00000165359,INTS6L,8.221262723546728,0.8711226032340715
ENSG00000169446,MMGT1,2.7344490956462866,1.2971720175549835
ENSG00000198689,SLC9A6,1.93278780030996,1.5595061475185508
ENSG00000022267,FHL1,-0.38401054664936457,-2.3581912265827394
ENSG00000129680,MAP7D3,1.4697401564065962,-0.8111734964802125
ENSG00000102241,HTATSF1,-0.3537531459628773,-1.1070090712617369
ENSG00000102245,CD40LG,5.785098689184506,-0.717101593854149
ENSG00000129675,ARHGEF6,2.2550150373981435,-2.108670310065029
ENSG00000147274,RBMX,-0.1000362591224583,-0.10542464204593993
ENSG00000101981,F9,-5.229273949369834,0.035886618671308414
ENSG00000101974,ATP11C,-6.428293112644695,-0.6225482847956352
ENSG00000182195,LDOC1,4.925264571816363,-3.504732953380161
ENSG00000102081,FMR1,-1.6456659433653038,0.8354613804734532
ENSG00000010404,IDS,-0.9991550563831971,-0.8480820862142435
ENSG00000197620,EOLA1,-6.055248804678663,-1.8073576258157151
ENSG00000283697,HSFX3,-3.171471904199075,-0.632469192138935
ENSG00000268738,HSFX2,-3.9751451843128485,-1.954711872514357
ENSG00000269556,TMEM185A,0.02601710909084391,-2.1876998387536712
ENSG00000171116,HSFX1,-4.210256973460746,-2.6890260468953606
ENSG00000197021,EOLA2,-3.501797232364929,0.03190297656157597
ENSG00000283463,HSFX4,-1.230842037322514,0.5610688854047761
ENSG00000013619,MAMLD1,-5.407781483896113,-2.448284408521224
ENSG00000171100,MTM1,-5.447743447647003,-1.0203776703057994
ENSG00000063601,MTMR1,-6.074808756108767,-3.1978551047970494
ENSG00000102181,CD99L2,-4.526482884105543,-3.2128228092881543
ENSG00000029993,HMGB3,0.29832784785192307,0.7673372305931047
ENSG00000160131,VMA21,0.9828041599058089,2.657535106825568
ENSG00000102287,GABRE,11.075867329479543,6.082566446845295
ENSG00000147400,CETN2,2.004746006893397,2.0364141976867467
ENSG00000147383,NSDHL,0.9045879331389569,1.9683141103409727
ENSG00000147394,ZNF185,1.1454786450325452,-3.7730125073571465
ENSG00000235961,PNMA6A,-0.6778642096522884,-2.2298512835795523
ENSG00000063587,ZNF275,-8.716533565668795,-2.6386349356131515
ENSG00000189420,ZFP92,-2.299341783712791,-2.0171156186383876
ENSG00000213397,HAUS7,3.8175232162892203,1.1487590139193558
ENSG00000182492,BGN,4.833974201631744,-0.6509115776632715
ENSG00000262919,CCNQ,2.6423041804474057,2.1616008169643117
ENSG00000130821,SLC6A8,8.000408137429568,1.134019279473302
ENSG00000185825,BCAP31,2.796510339674871,0.4058767173853747
ENSG00000101986,ABCD1,1.334518920095662,-0.6166695517992342
ENSG00000067829,IDH3G,2.7242394643512027,1.0662370566442745
ENSG00000180879,SSR4,0.7362016510800256,0.32997306442049246
ENSG00000089820,ARHGAP4,4.282340228886086,-0.863633736453294
ENSG00000102030,NAA10,3.1287629042333402,1.5290052902892246
ENSG00000102032,RENBP,3.8780790983896876,0.349217794350068
ENSG00000172534,HCFC1,0.6984137659041252,-0.9259815501325893
ENSG00000177854,TMEM187,-0.4641684699558775,-0.3628081986112713
ENSG00000184216,IRAK1,2.0236798683306927,-0.8765573220245791
ENSG00000169057,MECP2,-2.280155602903459,-4.3753389045713895
ENSG00000196924,FLNA,7.2956383179638555,-2.7217984848305252
ENSG00000102119,EMD,1.5861846946835412,1.541745462052367
ENSG00000147403,RPL10,0.725486253920158,-0.2691792357788218
ENSG00000013563,DNASE1L1,-1.1247849060768556,-1.8439183821302234
ENSG00000102125,TAFAZZIN,2.4872196455214386,1.6784398798516729
ENSG00000071553,ATP6AP1,3.3464808904391625,1.320586324675612
ENSG00000203879,GDI1,4.698609960495394,0.14113980082876545
ENSG00000071859,FAM50A,3.7473495923631353,0.8954099683385063
ENSG00000130827,PLXNA3,6.697733644640316,0.17889879698593478
ENSG00000196976,LAGE3,1.323379440005691,0.6473413899834879
ENSG00000102178,UBL4A,0.0012329595939882016,-1.0989302379681245
ENSG00000126903,SLC10A3,4.762556884092027,-0.12210423318311955
ENSG00000071889,FAM3A,-1.3385290865110755,-0.31179192868083955
ENSG00000160211,G6PD,4.687245397365641,-0.39482088882314986
ENSG00000269335,IKBKG,4.542224847859382,1.406151328587322
ENSG00000160219,GAB3,5.982523714405495,-1.4224923708101052
ENSG00000130826,DKC1,0.17822141608895778,0.1745959206594164
ENSG00000130830,MPP1,4.793594929331377,2.9487294860213953
ENSG00000185010,F8,-1.5255320987127532,-0.7522722954574379
ENSG00000288722,F8A1,1.1153379207255516,2.698522858825795
ENSG00000165775,FUNDC2,-2.1156494767208405,-1.1008990438209523
ENSG00000182712,CMC4,-0.031160210273637648,3.892936215692031
ENSG00000214827,MTCP1,0.42552925526480384,2.644530319574206
ENSG00000185515,BRCC3,-0.1177853625138932,1.4455929157840277
ENSG00000155959,VBP1,0.8955151710979127,1.0781736001530193
ENSG00000155962,CLIC2,2.546387537787242,0.6784957489545058
ENSG00000288709,F8A2,-2.4323789627086154,-1.787480382531302
ENSG00000185973,TMLHE,-5.861850869915762,-1.2629211878266648
ENSG00000277150,F8A3,-1.6856249330123834,-1.38774649935835
ENSG00000168939,SPRY3,-1.3436363208912099,-0.9370420567947518
ENSG00000124333,VAMP7,-0.045677765573777014,2.1908038298356307
ENSG00000187634,SAMD11,7.682595531133361,3.423573337765921
ENSG00000131591,C1orf159,0.6975601103993817,-0.7719775753882351
ENSG00000169962,TAS1R3,0.7759336685101705,-0.550323991086858
ENSG00000116151,MORN1,-1.7868219410315866,-1.535185013502502
ENSG00000188807,TMEM201,2.5811533755013603,-1.27101245820498
ENSG00000142632,ARHGEF19,3.3634609702122047,-0.5861165894763763
ENSG00000117115,PADI2,4.671524104376572,-0.9603952651188946
ENSG00000158747,NBL1,2.6275885043162606,-2.3443011139666248
ENSG00000133216,EPHB2,9.097620549993737,1.6549868042446199
ENSG00000001460,STPG1,6.172724807319711,1.2487052947471717
ENSG00000092853,CLSPN,7.382464808708974,2.031835764781185
ENSG00000183386,FHL3,3.0267199006072,-2.11317700031398
ENSG00000117400,MPL,0.1750467064345517,-0.31601881299164525
ENSG00000196517,SLC6A9,5.000470753162659,0.750368872913514
ENSG00000085831,TTC39A,4.024151389557166,-0.06649407436006542
ENSG00000085840,ORC1,6.579218225700544,2.219404957362689
ENSG00000157193,LRP8,1.4127431674491215,-2.3663819037880485
ENSG00000118473,SGIP1,9.172530943793937,3.0879128720294955
ENSG00000134258,VTCN1,11.292547423969006,1.225593131206772
ENSG00000159164,SV2A,7.904219852796696,1.8511671158665528
ENSG00000143450,OAZ3,-1.2985803186932758,-1.907531088866847
ENSG00000183856,IQGAP3,11.504017380468376,3.781264691361512
ENSG00000158859,ADAMTS4,8.026649560773269,2.862682993410592
ENSG00000162745,OLFML2B,6.504494316568609,-1.008333175884032
ENSG00000120334,CENPL,2.675795392649235,0.9053492147539542
ENSG00000135835,KIAA1614,0.45479460269501104,-3.886980084002951
ENSG00000170075,GPR37L1,3.235745541650004,1.7361555485681994
ENSG00000133067,LGR6,8.798832657028068,2.626051214101141
ENSG00000170382,LRRN2,2.705597284518741,-1.0240823061606397
ENSG00000263961,RHEX,4.478756656666469,-0.10193317769851931
ENSG00000143476,DTL,8.061378428822072,3.5017268053964994
ENSG00000186197,EDARADD,0.7931031633633785,-2.3766265402556623
ENSG00000162849,KIF26B,3.962880647652433,-1.826757087266174
ENSG00000171848,RRM2,7.910873144296797,3.51412604279735
ENSG00000170745,KCNS3,5.244524179868339,-1.1224453433974577
ENSG00000084710,EFR3B,-0.31812252346687137,-0.6819434775065398
ENSG00000084731,KIF3C,5.010758241044913,-0.9650565091874025
ENSG00000163803,PLB1,3.157270466446853,-1.7764161579743527
ENSG00000003137,CYP26B1,2.3184890946511243,1.2299680133381734
ENSG00000176204,LRRTM4,-3.9673530728607855,-2.317739813178237
ENSG00000172116,CD8B,5.68109933150817,0.16656245458201485
ENSG00000155066,PROM2,3.0287734263042547,-4.006387103905374
ENSG00000115041,KCNIP3,0.23802653220969527,0.602567394464613
ENSG00000198885,ITPRIPL1,2.862316237669439,-2.776969494694452
ENSG00000121152,NCAPH,7.539658396800831,1.7473184726568582
ENSG00000115526,CHST10,3.9701086673897574,-1.9720226799419762
ENSG00000144061,NPHP1,3.8798862652293984,-0.9909716554243869
ENSG00000169679,BUB1,8.233658429426223,3.423359180361744
ENSG00000153093,ACOXL,-2.3585695858430653,-1.0083137788851628
ENSG00000169607,CKAP2L,2.4963003751812525,0.1101266819178675
ENSG00000163075,CFAP221,14.030733335150378,5.915967604951489
ENSG00000115112,TFCP2L1,1.1568510458544334,0.91248255393347
ENSG00000169994,MYO7B,5.391585507162439,-0.6236969307446744
ENSG00000150551,LYPD1,3.870799758581743,1.086487208322174
ENSG00000187123,LYPD6,0.4591145949838192,-3.778846551835545
ENSG00000179921,GPBAR1,2.887488857714208,-2.9884476944492246
ENSG00000188760,TMEM198,1.4931352949731833,0.4828607296238587
ENSG00000156966,B3GNT7,3.9993210982539593,-5.557842428229383
ENSG00000123485,HJURP,7.508540902592266,3.906374298700845
ENSG00000144488,ESPNL,-7.845755920768238,-3.792982016045194
ENSG00000196639,HRH1,2.5059244296124525,-0.6235666191118645
ENSG00000163576,EFHB,0.07807545494457185,-0.4576772142073613
ENSG00000144681,STAC,3.9319814109906575,1.2373312768253042
ENSG00000136059,VILL,4.011366086474721,-2.837645463458764
ENSG00000244607,CCDC13,0.7870766262855289,0.07018587940452341
ENSG00000121797,CCRL2,7.318652288437149,3.3544873565481232
ENSG00000164045,CDC25A,4.47463343014943,1.2020818748949376
ENSG00000114270,COL7A1,2.555381171807604,0.49215259356697105
ENSG00000008300,CELSR3,1.50216447689251,-0.2688999259099301
ENSG00000164078,MST1R,5.731361897339888,-1.8331141227346786
ENSG00000144857,BOC,5.461786396575636,-1.0297146750463966
ENSG00000051341,POLQ,6.24424095937714,2.2020827334879547
ENSG00000082684,SEMA5B,3.560904642035518,-1.8407926158845043
ENSG00000179348,GATA2,6.483968909806808,0.9550967297246347
ENSG00000175040,CHST2,4.354948139581209,-0.20825591644068003
ENSG00000213186,TRIM59,5.852030124860351,1.0447994201484976
ENSG00000175182,FAM131A,5.051552360088506,1.159798242402439
ENSG00000163923,RPL39L,3.6716233506854423,0.6238981679331722
ENSG00000114279,FGF12,3.756640552737553,2.938860046327631
ENSG00000163975,MELTF,3.65291355569695,-1.1364635162323093
ENSG00000133256,PDE6B,3.2435727707165993,-1.8280518971734876
ENSG00000168993,CPLX1,-3.315779877685152,-2.3609394865110254
ENSG00000170801,HTRA3,3.77014890744957,-1.8664130428974246
ENSG00000182308,DCAF4L1,-0.9540366286105797,0.0913639556647273
ENSG00000171476,HOPX,4.2468604967907435,-1.6218524181023946
ENSG00000145335,SNCA,2.4592066110458,-0.7882622632423428
ENSG00000163106,HPGDS,-0.27062199246807767,-2.817171098609984
ENSG00000138778,CENPE,4.681639636009526,1.3113157985046933
ENSG00000164109,MAD2L1,5.05047074950915,2.116036526240464
ENSG00000138738,PRDM5,2.88699269843174,-1.7762118937001101
ENSG00000063438,AHRR,-1.3961533005198894,-1.4304123473780845
ENSG00000215218,UBE2QL1,0.007504298357109272,2.217715205726625
ENSG00000164236,ANKRD33B,2.9410700027745142,-2.5766361972572764
ENSG00000157111,TMEM171,7.22126302748077,3.244294018285553
ENSG00000061455,PRDM6,6.137933588266076,1.0019206783392238
ENSG00000228672,PROB1,1.268096288751884,-1.3395126100436134
ENSG00000204956,PCDHGA1,-0.6126972418777752,-3.901151601869977
ENSG00000164620,RELL2,4.590416899930084,-0.3781078613332
ENSG00000156475,PPP2R2B,2.8101366433936787,-2.4480238017431595
ENSG00000169247,SH3TC2,1.401774305925538,-2.266894541580144
ENSG00000135083,CCNJL,-3.0173009165362883,-4.119262332637011
ENSG00000145936,KCNMB1,0.5661670630518081,-4.541788726090348
ENSG00000113749,HRH2,2.657133358550922,-3.416178638495219
ENSG00000169258,GPRIN1,6.716088901314747,2.3956107227570747
ENSG00000050767,COL23A1,3.4330643770424256,0.6729306934384857
ENSG00000274750,H3C6,0.3745128060195496,0.6571489262633837
ENSG00000237649,KIFC1,6.217575206340068,1.3034742010854616
ENSG00000010030,ETV7,5.842573625042531,0.7566332836565479
ENSG00000112139,MDGA1,0.7098855666030371,-1.6024492327849007
ENSG00000124731,TREM1,4.1548562892637735,1.3652563463032987
ENSG00000244694,PTCHD4,9.719226646294427,5.668514079670518
ENSG00000146242,TPBG,4.0004349314511325,-3.4016196838858144
ENSG00000178409,BEND3,3.669727467086177,0.6576447603437426
ENSG00000185250,PPIL6,1.8613218120493675,0.18232219457969778
ENSG00000047936,ROS1,-0.7647032547898409,0.46298252081827296
ENSG00000135549,PKIB,1.417331197269508,-0.3493154291175501
ENSG00000189367,KIAA0408,0.8633789187741794,-0.7822526522013626
ENSG00000016402,IL20RA,5.48855434846135,-2.424906002242885
ENSG00000178199,ZC3H12D,4.188216469036797,-0.632375094640149
ENSG00000131019,ULBP3,2.512914616514635,1.3023099619802236
ENSG00000105963,ADAP1,3.918076069300181,-1.8456836941808785
ENSG00000146555,SDK1,-0.23258073638259222,-1.5858604653871309
ENSG00000236609,ZNF853,3.429952538984064,-3.007645041269721
ENSG00000255690,TRIL,0.603199080567999,-1.6739876101794344
ENSG00000106571,GLI3,5.612808451313846,-1.3560455698415286
ENSG00000091129,NRCAM,2.2779286917520825,-0.8009870997111059
ENSG00000128578,STRIP2,1.148346357037605,-0.21189569912458944
ENSG00000213199,ASIC3,1.5383682771648048,0.9828813809873385
ENSG00000155093,PTPRN2,4.389311602000348,-0.06862900945299791
ENSG00000198010,DLGAP2,-0.2242116372442354,0.8944760122930377
ENSG00000136573,BLK,-0.1771753255137736,-2.4621755880994636
ENSG00000061337,LZTS1,5.369240166235918,-2.6796356430200863
ENSG00000158806,NPM2,8.09941597063526,4.39193053969146
ENSG00000173535,TNFRSF10C,6.71876433181082,3.164374579747383
ENSG00000171320,ESCO2,2.748835812961702,0.5338429995528108
ENSG00000120875,DUSP4,7.250170858669333,-1.6111966702149643
ENSG00000147536,GINS4,6.200214121983448,2.75167556000991
ENSG00000184489,PTP4A3,4.96078566654394,-0.6054035885238306
ENSG00000250571,GLI4,0.646571806479845,0.5048077875771927
ENSG00000204839,MROH6,-0.25779628654766257,-0.6099905722839846
ENSG00000261150,EPPK1,3.6498120705958845,-0.02231302324537294
ENSG00000179698,WDR97,1.4886016876472359,0.6618135275173181
ENSG00000147799,ARHGAP39,2.2465396630310823,0.09546945665304073
ENSG00000235387,SPAAR,0.367685903261964,0.23104368514059556
ENSG00000137142,IGFBPL1,7.83265021736309,2.8504447140832974
ENSG00000106714,CNTNAP3,3.9686473244847535,1.0491251051127528
ENSG00000187024,PTRH1,4.049111909104454,1.2794253072195625
ENSG00000136840,ST6GALNAC4,6.661609888686031,1.063010498698566
ENSG00000188483,IER5L,8.07386263808207,4.033661970769914
ENSG00000148357,HMCN2,0.25385613044377536,0.4957633674608283
ENSG00000165698,SPACA9,1.0599727885027317,-1.1211849692218678
ENSG00000148288,GBGT1,7.21118171309363,-0.5451195859067253
ENSG00000130558,OLFM1,5.7461353367882095,-0.28836772562597945
ENSG00000160360,GPSM1,5.395749663910504,-0.48362884514929044
ENSG00000213221,DNLZ,2.4605565464640775,0.08027852557171225
ENSG00000107485,GATA3,1.606206264616114,-1.9562094316158334
ENSG00000165996,HACD1,1.749717429328386,-1.1916720709132966
ENSG00000099256,PRTFDC1,6.712278067989591,1.5364244787368735
ENSG00000204175,GPRIN2,6.356877261975347,-3.557863978461053
ENSG00000189129,PLAC9,3.94852105150754,-2.320245298025262
ENSG00000174721,FGFBP3,-3.831316830712737,-2.6011478580603513
ENSG00000155265,GOLGA7B,6.9108871447844935,-1.6135767571567037
ENSG00000186862,PDZD7,2.2992263318837693,0.23747133584588961
ENSG00000107821,KAZALD1,2.9269939735956414,-0.6236747953385219
ENSG00000059915,PSD,1.912119408758305,1.1967630848158026
ENSG00000107954,NEURL1,-4.996963992318903,-4.16974182779146
ENSG00000119913,TECTB,0.3557456430922403,1.8443926844851888
ENSG00000148848,ADAM12,2.6057069330264846,-0.8575979141464652
ENSG00000171798,KNDC1,2.6126438977490603,-0.43137289298566217
ENSG00000161328,LRRC56,-0.3294761535955611,-1.896953029941145
ENSG00000053918,KCNQ1,2.990896044296202,-3.4324676002188257
ENSG00000006611,USH1C,6.3999881757269215,-5.172585678450154
ENSG00000019505,SYT13,8.091342117393818,-3.100114355492077
ENSG00000006118,TMEM132A,7.487544788541039,0.02265372861381303
ENSG00000134780,DAGLA,8.095238184514486,1.5577773614325503
ENSG00000171219,CDC42BPG,4.047335060634783,-1.6640162349968892
ENSG00000168061,SAC3D1,2.2897247795839206,1.8362572846029634
ENSG00000168060,NAALADL1,5.035173327578386,-0.5758037501599687
ENSG00000172935,MRGPRF,2.040651425916749,1.0120629054873296
ENSG00000171631,P2RY6,1.2407669433605941,-3.8401028196474303
ENSG00000165490,DDIAS,4.670530571550614,2.2299647136900806
ENSG00000186280,KDM4D,0.7188163065987457,1.2574656199273602
ENSG00000204381,LAYN,8.9117278171901,0.25680843998313435
ENSG00000109944,JHY,8.13110557514689,-0.07686279745178845
ENSG00000064199,SPA17,10.207829612572452,3.4806655319454953
ENSG00000120457,KCNJ5,9.987734943713352,3.678202776573254
ENSG00000149328,GLB1L2,3.059935103176086,-2.0376824492120735
ENSG00000120645,IQSEC3,-2.2948494486364264,-2.3971979502451664
ENSG00000139044,B4GALNT3,6.233362788593092,-0.9582719639726486
ENSG00000111424,VDR,8.388871727914577,2.0981174240453764
ENSG00000123358,NR4A1,6.551284839709422,1.857902149465845
ENSG00000111490,TBC1D30,5.200391521743238,0.6109787123281781
ENSG00000180481,GLIPR1L2,-3.275105852147731,-1.390500536489341
ENSG00000187510,PLEKHG7,-0.6389267521357817,-0.7000134367601388
ENSG00000235162,C12orf75,8.469209300537656,-0.9596317836672554
ENSG00000183160,TMEM119,5.630527288767995,-3.0494769587684525
ENSG00000166111,SVOP,-3.2204684397443857,-0.5926598878484028
ENSG00000139445,FOXN4,4.173746128704235,2.2698750613758167
ENSG00000139438,FAM222A,0.29343810189059866,-0.33716835069726636
ENSG00000088992,TESC,9.742129629123955,-1.6700195180094919
ENSG00000150967,ABCB9,2.645099413643216,-0.9327318137366409
ENSG00000152213,ARL11,1.7001582614015753,-1.1501741462476416
ENSG00000150510,FAM124A,-4.568090388580453,-5.125662634202231
ENSG00000153531,ADPRHL1,-0.2164789077712712,1.0306549216334064
ENSG00000185271,KLHL33,-4.7038478301935145,-4.743664217946502
ENSG00000139880,CDH24,7.7206606035035925,0.7127886835290674
ENSG00000100842,EFS,3.9194355631841367,-2.606714157769328
ENSG00000092295,TGM1,-1.298517454459148,-2.697778503720672
ENSG00000125378,BMP4,0.45742200293739005,-3.1638915019403617
ENSG00000126803,HSPA2,9.346750539377098,1.7378998263162821
ENSG00000140090,SLC24A4,0.3104083506500568,-2.6868391928554094
ENSG00000185567,AHNAK2,4.433694572767808,-0.7069165099570134
ENSG00000170779,CDCA4,2.1039510470417615,-1.03551050253477
ENSG00000183484,GPR132,6.684798971161435,-0.4458583079438199
ENSG00000184916,JAG2,6.570937983654387,0.10170485113446733
ENSG00000206190,ATP10A,7.682474419263329,-0.46030526395880084
ENSG00000034053,APBA2,3.5478635561532252,-0.08837888959663838
ENSG00000169918,OTUD7A,-2.665151782093757,-3.4733756977986707
ENSG00000156970,BUB1B,7.060039408504395,2.9272037949902385
ENSG00000140323,DISP2,-0.3436928554761726,-1.8019881983654273
ENSG00000128965,CHAC1,2.612173626003132,2.1556356609138323
ENSG00000183578,TNFAIP8L3,6.99331049912804,0.27354640911175626
ENSG00000263155,MYZAP,2.192842356590021,-1.0232722010210835
ENSG00000074410,CA12,7.989322430559031,2.747314017100848
ENSG00000188501,LCTL,1.2690423846280068,1.2346785753257543
ENSG00000138623,SEMA7A,9.093237875333898,1.2957551768401183
ENSG00000136378,ADAMTS7,2.006674499787001,-1.9863075938351602
ENSG00000166557,TMED3,9.664190368076316,3.1452412003147128
ENSG00000214575,CPEB1,1.6170083255026089,-0.24694726615984647
ENSG00000166813,KIF7,4.945852263347967,1.2180960715440732
ENSG00000185518,SV2B,1.3853431756071564,-1.144334299777391
ENSG00000127586,CHTF18,2.5904074829377137,0.4998160179971568
ENSG00000197774,EME2,1.9914221346870753,0.8647603880508115
ENSG00000162076,FLYWCH2,1.3086545312978548,-1.491101977590251
ENSG00000162073,PAQR4,10.185069488216211,1.725969070297444
ENSG00000103313,MEFV,1.902714315143815,-1.8981528166425297
ENSG00000103184,SEC14L5,-6.227332622127624,-3.369976327441901
ENSG00000175643,RMI2,7.068062672068239,2.2363194179633714
ENSG00000170537,TMC7,5.647047397517002,0.06292251028027472
ENSG00000122254,HS3ST2,7.912392303110414,2.8795888706956045
ENSG00000103522,IL21R,5.006040140520931,-1.8437030563438694
ENSG00000149927,DOC2A,2.578563908345028,0.7659479456588555
ENSG00000179965,ZNF771,-1.6525004327262836,-0.7991327947635507
ENSG00000167394,ZNF668,0.8118052764256136,-0.3292982592297566
ENSG00000102935,ZNF423,3.013381690913863,-1.0384535997465292
ENSG00000102934,PLLP,-3.2150476834990203,-4.568685509143736
ENSG00000135736,CCDC102A,6.596697881458021,1.026523597279171
ENSG00000205336,ADGRG1,9.908428098653975,2.3862097590217295
ENSG00000159713,TPPP3,7.2242784328206096,-0.5402816805622289
ENSG00000159714,ZDHHC1,3.9966544881228296,-0.512043819577953
ENSG00000159753,CARMIL2,4.679738372162175,-1.130638083372861
ENSG00000157368,IL34,7.145182738662467,-0.17239665919996514
ENSG00000185669,SNAI3,1.9021010518233903,-0.341638151909777
ENSG00000258839,MC1R,2.8235460425362113,0.6814843739151657
ENSG00000272636,DOC2B,3.66296796540443,-1.8161379847365176
ENSG00000185924,RTN4RL1,2.4459328445248603,0.22744768190536968
ENSG00000196388,INCA1,0.8630045755715489,-0.29879362691781125
ENSG00000161958,FGF11,1.9764201046496073,-0.1514976628877041
ENSG00000214860,EVPLL,-0.41913842786909555,0.9633334858968811
ENSG00000007216,SLC13A2,-4.748398979919386,-2.7091726069995334
ENSG00000181291,TMEM132E,3.066872320612897,-0.2554606048813902
ENSG00000270885,RASL10B,-4.467460250036871,-2.408950733425871
ENSG00000187595,ZNF385C,1.4667542536705425,-0.835956282110329
ENSG00000267221,C17orf113,1.9690100122611311,-0.2454225014201701
ENSG00000161649,CD300LG,5.343935611276406,1.515639572110378
ENSG00000161714,PLCD3,2.308471847865087,-2.768961012963254
ENSG00000186868,MAPT,-0.29516142870087303,-2.3230698006458184
ENSG00000167083,GNGT2,2.7782454741819094,-0.45437337267170513
ENSG00000196169,KIF19,-2.362474418064412,-0.7469874831254879
ENSG00000132470,ITGB4,2.907817876938716,-5.5345376677274345
ENSG00000167900,TK1,2.516261603224143,0.2544965613773566
ENSG00000089685,BIRC5,5.827646214601593,3.203068615100446
ENSG00000173894,CBX2,6.7550826012229415,0.795802573191077
ENSG00000181409,AATK,1.4469191305007072,-1.4193334490909983
ENSG00000141577,CEP131,2.7728322627983775,-0.5646176779668894
ENSG00000141526,SLC16A3,6.4873387302855505,0.21721742931520818
ENSG00000080986,NDC80,5.746492050639589,2.5837630585322766
ENSG00000134775,FHOD3,3.228492539420874,-2.00552101313862
ENSG00000184828,ZBTB7C,3.644194540491135,0.2164438261616728
ENSG00000141655,TNFRSF11A,4.8207516194489255,-0.8934610156246983
ENSG00000131196,NFATC1,7.6230605234933995,1.2510059298770366
ENSG00000141934,PLPP2,8.772784567727426,-2.055064764495045
ENSG00000197766,CFD,-0.8509097418338013,-2.066565214977005
ENSG00000115257,PCSK4,-0.2183763763352195,-0.03899281503315925
ENSG00000185761,ADAMTSL5,4.100776927238725,1.6816860164166154
ENSG00000130270,ATP8B3,4.41466542376207,1.1580737755386652
ENSG00000104953,TLE6,-2.0556648230239514,-3.3224263991866403
ENSG00000060558,GNA15,5.574837651175767,0.7523147187106635
ENSG00000007264,MATK,4.515992290829545,0.3478109825583151
ENSG00000167680,SEMA6B,3.1921664308768585,-0.4898701641563892
ENSG00000276043,UHRF1,7.317102300212855,0.8566871758956409
ENSG00000167733,HSD11B1L,0.502287046530297,1.3458968526693091
ENSG00000087903,RFX2,1.4174852312069286,-1.1448020023639403
ENSG00000244165,P2RY11,2.000272451521112,-0.04368673741896126
ENSG00000180739,S1PR5,-0.776940140122963,-1.9294077495189261
ENSG00000132003,ZSWIM4,5.563146756507694,-0.7468338510124222
ENSG00000160111,CPAMD8,-2.509058362183795,-4.879304244997689
ENSG00000213999,MEF2B,0.7134112290542635,-1.020807764181853
ENSG00000184635,ZNF93,6.086548810558879,1.9718657692775134
ENSG00000213988,ZNF90,-2.6135021373704737,-2.5332616521659883
ENSG00000105750,ZNF85,3.552451145825153,-1.1259367927978894
ENSG00000142279,WTIP,3.8135931843833437,-4.316099132659584
ENSG00000161277,THAP8,-0.7137564074935715,-2.313782292000621
ENSG00000075702,WDR62,2.6475013616069654,0.3177550701192618
ENSG00000196218,RYR1,-0.7143872397070267,-3.60183085482074
ENSG00000167578,RAB4B,4.388925435564855,1.9057503125455915
ENSG00000167600,CYP2S1,-1.2306461522809424,-4.868797944446864
ENSG00000177191,B3GNT8,-1.775746846270593,-4.227547469031108
ENSG00000079435,LIPE,1.0753172657897387,-2.5287141460702887
ENSG00000177464,GPR4,4.323568422038305,-0.30876630786193054
ENSG00000204851,PNMA8B,2.1287744160549935,-2.8032344160737477
ENSG00000197380,DACT3,7.95933127333642,1.343851110147851
ENSG00000185453,ZSWIM9,-0.04950449579081257,-1.9071318814342668
ENSG00000177380,PPFIA3,2.421007303778491,0.28438516304994793
ENSG00000142544,CTU1,1.0947237225833057,-0.6059464330363127
ENSG00000142549,IGLON5,1.3764997786930053,-1.6035752364016023
ENSG00000105366,SIGLEC8,4.447676238597791,-0.29058468836472484
ENSG00000171049,FPR2,0.39098522241574757,-1.3049086848824283
ENSG00000108106,UBE2S,3.305449681301871,-0.5730817874220843
ENSG00000197483,ZNF628,-1.977262268945993,-2.5011988196812482
ENSG00000090971,NAT14,4.57163790435335,1.3586002194497657
ENSG00000218891,ZNF579,2.4067880724693382,0.14914262092052252
ENSG00000197951,ZNF71,2.9803207901489905,-0.9993111167417791
ENSG00000125841,NRSN2,8.764728182436,0.6392103222091122
ENSG00000125898,FAM110A,4.101805978374804,-0.24936416208952367
ENSG00000088826,SMOX,4.021951991650096,0.38350403447186954
ENSG00000101311,FERMT1,7.641269867095211,1.1693420340414087
ENSG00000185052,SLC24A3,4.4689448877462405,-2.0561569482409903
ENSG00000064655,EYA2,5.307268910123884,2.9779726502120614
ENSG00000101134,DOK5,2.952932627598242,0.6539374215877258
ENSG00000183778,B3GALT5,5.151393306982297,-4.7905560791092165
ENSG00000160183,TMPRSS3,9.419905982180564,1.270283089254238
ENSG00000160223,ICOSLG,1.9482231171515372,0.35801933386201706
ENSG00000184702,SEPTIN5,8.601481242423406,2.462098074299859
ENSG00000185838,GNB1L,1.075437511445733,0.06202047390089461
ENSG00000099957,P2RX6,-0.39501434741748725,-1.1558325479682303
ENSG00000099994,SUSD2,11.870826304615298,4.598464433664952
ENSG00000169184,MN1,3.316183245763557,0.3226103869989381
ENSG00000128342,LIF,14.331636397645735,5.21169998404798
ENSG00000187860,CCDC157,0.16171216537003272,-1.1619235640486096
ENSG00000214491,SEC14L6,4.4640199488822185,-3.940123391727226
ENSG00000128242,GAL3ST1,-0.030026424722532655,-2.1287173029863373
ENSG00000100036,SLC35E4,1.9863397000486718,-2.5324932323703266
ENSG00000184792,OSBP2,-0.16702205588380054,-2.66588196509878
ENSG00000100399,CHADL,0.7355744256098717,0.4928471713914949
ENSG00000177096,PHETA2,5.574938234513228,-1.1006889416094148
ENSG00000128274,A4GALT,1.865622027993098,-3.4297449577680594
ENSG00000159307,SCUBE1,0.6673762775490206,0.726105546203107
ENSG00000073146,MOV10L1,-1.4110424349890716,-1.6194655397997453
ENSG00000073150,PANX2,-1.6109046768762294,-0.9270062773200335
ENSG00000205593,DENND6B,3.397609818809559,-0.39997622317763587
ENSG00000128165,ADM2,-1.0024589407979156,-1.7019775833949267
ENSG00000102057,KCND1,4.57705937305083,1.814182104916171
ENSG00000102003,SYP,0.097887564548071,-2.262704053510418
ENSG00000102384,CENPI,4.847131757420484,1.349138595366016
ENSG00000269743,SLC25A53,-0.4356021563841921,-2.7032762977471445
ENSG00000196972,SMIM10L2B,-0.9936549749322585,-0.893110909463206
ENSG00000178947,SMIM10L2A,-1.6355706569319202,-3.156572463238091
ENSG00000129682,FGF13,5.7748421618955685,0.29167144601989603
ENSG00000067840,PDZD4,5.5621266128253675,1.115976011040333
ENSG00000117245,KIF17,3.0485909246324434,-0.5791038223275563
ENSG00000181652,ATG9B,3.013265184590704,0.9596150866574742
ENSG00000121764,HCRTR1,-1.145968673483492,-0.6376310987624472
ENSG00000173567,ADGRF3,-0.9136732618140551,-1.2132167340595439
ENSG00000167971,CASKIN1,0.28335620069699696,0.6856504985434342
ENSG00000103546,SLC6A2,3.4689293368200307,3.925913831690212
ENSG00000198003,ODAD3,0.1773299232582337,-1.117338803749501
ENSG00000100314,CABP7,0.19489204165424173,0.08568235584388238
ENSG00000085999,RAD54L,4.500744776103107,3.2681983328755306
ENSG00000241186,CRIPTO,-3.3639325342790563,-1.5786142681345348
ENSG00000114405,CEP15,2.4869402044988442,1.368791259164321
ENSG00000160401,CFAP157,2.267539953823388,0.5624241143073784
ENSG00000183134,PTGDR2,-2.909787179004872,-2.5388702925115254
ENSG00000111665,CDCA3,2.4638689831223037,0.3410143452081031
ENSG00000175711,QTGAL,3.5086646166281517,1.3834008471964028
ENSG00000115266,APC2,-0.8637149226341926,-2.147047521750871
ENSG00000132016,BRME1,1.0258369621150925,-0.4134876335319012
