chr,k,slope_t,p,q,period
1,1,0.70817,0.47923,0.5477,2066.0
1,2,2.06736,0.03931,0.0607,1033.0
1,3,1.11784,0.26427,0.33062,688.66667
1,4,0.20081,0.84095,0.87106,516.5
1,5,2.51518,0.01227,0.02113,413.2
1,6,1.18257,0.23764,0.30084,344.33333
1,7,1.04634,0.296,0.36533,295.14286
1,8,1.66234,0.09719,0.13568,258.25
1,9,5.47282,0.0,0.0,229.55556
1,10,4.90408,0.0,0.0,206.6
1,11,2.71182,0.00696,0.01265,187.81818
1,12,3.04125,0.0025,0.00503,172.16667
1,13,3.64693,0.0003,0.00072,158.92308
1,14,2.91723,0.00372,0.00722,147.57143
1,15,5.72033,0.0,0.0,137.73333
1,16,4.50275,1e-05,3e-05,129.125
1,17,2.9332,0.00354,0.0069,121.52941
1,18,1.91047,0.05675,0.08421,114.77778
1,19,-2.23105,0.0262,0.04201,108.73684
1,20,-7.05329,0.0,0.0,103.3
1,21,-11.16247,0.0,0.0,98.38095
1,22,-12.76908,0.0,0.0,93.90909
1,23,-11.43914,0.0,0.0,89.82609
1,24,-9.86311,0.0,0.0,86.08333
1,25,-11.36476,0.0,0.0,82.64
1,26,-8.79118,0.0,0.0,79.46154
1,27,-4.65236,0.0,1e-05,76.51852
1,28,-2.65573,0.00821,0.01466,73.78571
1,29,-1.26997,0.2048,0.26403,71.24138
1,30,-0.80371,0.42201,0.49376,68.86667
1,31,-3.96228,9e-05,0.00023,66.64516
1,32,-2.62845,0.00889,0.01576,64.5625
1,33,-0.03548,0.97171,0.97821,62.60606
1,34,-1.47287,0.14153,0.18963,60.76471
1,35,-3.68912,0.00025,0.00062,59.02857
1,36,0.97416,0.33054,0.40132,57.38889
1,37,4.70278,0.0,1e-05,55.83784
1,38,0.51364,0.60777,0.6674,54.36842
1,39,0.24308,0.80806,0.84344,52.97436
1,40,-0.53009,0.59633,0.65742,51.65
1,41,3.13096,0.00186,0.00385,50.39024
1,42,-2.36377,0.01854,0.03063,49.19048
1,43,-3.80206,0.00016,0.00042,48.04651
1,44,-3.82423,0.00015,0.00039,46.95455
1,45,-4.6326,0.0,2e-05,45.91111
1,46,-3.75935,0.00019,0.00048,44.91304
1,47,1.02529,0.30581,0.37558,43.95745
1,48,2.13649,0.03321,0.05214,43.04167
1,49,0.33115,0.74069,0.78599,42.16327
1,50,0.0218,0.98262,0.98617,41.32
1,51,2.2146,0.02732,0.04365,40.5098
1,52,-0.3044,0.76097,0.80327,39.73077
1,53,-2.04565,0.04141,0.06364,38.98113
1,54,-0.77144,0.44088,0.51194,38.25926
1,55,2.36624,0.01842,0.03045,37.56364
1,56,2.02473,0.04352,0.0665,36.89286
1,57,2.70488,0.00711,0.01288,36.24561
1,58,-0.57699,0.56425,0.62851,35.62069
1,59,-1.71027,0.08795,0.12447,35.01695
1,60,-2.93357,0.00353,0.00689,34.43333
1,61,-4.76305,0.0,1e-05,33.86885
1,62,-5.33646,0.0,0.0,33.32258
1,63,-6.47939,0.0,0.0,32.79365
1,64,-2.98624,0.00299,0.00593,32.28125
1,65,-1.98569,0.04771,0.07218,31.78462
1,66,-0.12952,0.89701,0.91971,31.30303
1,67,-0.16233,0.87112,0.89758,30.83582
1,68,-1.87797,0.06107,0.08992,30.38235
1,69,-4.02893,7e-05,0.00018,29.94203
1,70,-2.6632,0.00804,0.0144,29.51429
1,71,-0.00343,0.99726,0.998,29.09859
1,72,-0.53841,0.59058,0.65198,28.69444
1,73,1.67608,0.09446,0.13249,28.30137
1,74,8.16531,0.0,0.0,27.91892
1,75,7.75379,0.0,0.0,27.54667
1,76,7.17791,0.0,0.0,27.18421
1,77,3.82735,0.00015,0.00038,26.83117
1,78,4.56813,1e-05,2e-05,26.48718
1,79,3.894,0.00011,0.0003,26.1519
1,80,3.86599,0.00013,0.00033,25.825
1,81,2.99353,0.00292,0.0058,25.50617
1,82,1.28589,0.19919,0.25766,25.19512
1,83,1.08179,0.27996,0.34772,24.89157
1,84,-2.27483,0.02342,0.03785,24.59524
1,85,-7.14203,0.0,0.0,24.30588
1,86,-9.75642,0.0,0.0,24.02326
1,87,-10.41947,0.0,0.0,23.74713
1,88,-9.47259,0.0,0.0,23.47727
1,89,-9.64616,0.0,0.0,23.21348
1,90,-9.83963,0.0,0.0,22.95556
1,91,-9.3952,0.0,0.0,22.7033
1,92,-6.14192,0.0,0.0,22.45652
1,93,-8.80712,0.0,0.0,22.21505
1,94,-5.14604,0.0,0.0,21.97872
1,95,-1.09514,0.27408,0.34113,21.74737
1,96,-0.7038,0.48195,0.55036,21.52083
1,97,-2.06691,0.03935,0.06075,21.29897
1,98,-0.20778,0.8355,0.86632,21.08163
1,99,0.55489,0.57926,0.64179,20.86869
1,100,-1.9796,0.0484,0.07308,20.66
1,101,-2.29276,0.02235,0.03629,20.45545
1,102,4.3994,1e-05,4e-05,20.2549
1,103,3.5298,0.00046,0.00107,20.05825
1,104,2.8191,0.00504,0.00951,19.86538
1,105,3.55729,0.00042,0.00098,19.67619
1,106,9.10682,0.0,0.0,19.49057
1,107,8.29502,0.0,0.0,19.30841
1,108,7.59986,0.0,0.0,19.12963
1,109,7.92664,0.0,0.0,18.95413
1,110,2.45518,0.01448,0.02453,18.78182
1,111,1.08127,0.28019,0.34795,18.61261
1,112,0.51907,0.60399,0.66397,18.44643
1,113,0.23344,0.81553,0.84966,18.28319
1,114,-2.9368,0.0035,0.00683,18.12281
1,115,-0.71198,0.47687,0.5455,17.96522
1,116,1.40828,0.15978,0.21201,17.81034
1,117,0.49303,0.62225,0.67986,17.65812
1,118,0.77419,0.43925,0.51047,17.50847
1,119,0.38423,0.701,0.75126,17.36134
1,120,2.36959,0.01826,0.03021,17.21667
1,121,4.82474,0.0,1e-05,17.07438
1,122,4.91976,0.0,0.0,16.93443
1,123,6.02171,0.0,0.0,16.79675
1,124,5.43425,0.0,0.0,16.66129
1,125,6.4596,0.0,0.0,16.528
1,126,2.06333,0.03969,0.06123,16.39683
1,127,1.8441,0.06587,0.09602,16.26772
1,128,2.07497,0.03859,0.05979,16.14062
1,129,2.55784,0.01088,0.01891,16.0155
1,130,-0.11866,0.9056,0.92624,15.89231
1,131,4.07998,5e-05,0.00015,15.77099
1,132,1.90004,0.05811,0.08603,15.65152
1,133,3.96478,9e-05,0.00023,15.53383
1,134,3.51388,0.00049,0.00113,15.41791
1,135,3.49539,0.00052,0.0012,15.3037
1,136,-0.1584,0.87422,0.90058,15.19118
1,137,0.39651,0.69193,0.74325,15.08029
1,138,-1.71256,0.08753,0.12401,14.97101
1,139,-0.04568,0.96359,0.97223,14.86331
1,140,-1.32378,0.18629,0.24288,14.75714
1,141,-3.16686,0.00165,0.00345,14.65248
1,142,-2.28128,0.02303,0.03727,14.5493
1,143,2.22372,0.0267,0.04274,14.44755
1,144,2.01286,0.04476,0.06828,14.34722
1,145,-0.5801,0.56216,0.62673,14.24828
1,146,-2.55145,0.01108,0.01922,14.15068
1,147,-1.44087,0.15036,0.20041,14.05442
1,148,-3.64087,0.00031,0.00073,13.95946
1,149,-8.76827,0.0,0.0,13.86577
1,150,-4.90567,0.0,0.0,13.77333
1,151,-4.06631,6e-05,0.00016,13.68212
1,152,-4.36895,2e-05,5e-05,13.59211
1,153,1.14081,0.2546,0.31999,13.50327
1,154,7.98742,0.0,0.0,13.41558
1,155,8.02809,0.0,0.0,13.32903
1,156,9.99271,0.0,0.0,13.24359
1,157,6.53012,0.0,0.0,13.15924
1,158,7.1708,0.0,0.0,13.07595
1,159,0.79837,0.42511,0.49644,12.99371
1,160,-2.03863,0.04211,0.0646,12.9125
1,161,-2.80271,0.0053,0.00993,12.8323
1,162,-3.90511,0.00011,0.00029,12.75309
1,163,-6.21398,0.0,0.0,12.67485
1,164,-2.99069,0.00295,0.00585,12.59756
1,165,0.69173,0.48949,0.55777,12.52121
1,166,3.59281,0.00037,0.00086,12.44578
1,167,2.18828,0.0292,0.04633,12.37126
1,168,0.55453,0.57951,0.642,12.29762
1,169,-0.15309,0.8784,0.90387,12.22485
1,170,-1.10548,0.26958,0.33646,12.15294
1,171,-0.57186,0.56772,0.63152,12.08187
1,172,-1.66706,0.09624,0.13459,12.01163
1,173,-5.41528,0.0,0.0,11.9422
1,174,-5.57913,0.0,0.0,11.87356
1,175,-4.30751,2e-05,6e-05,11.80571
1,176,-3.93727,0.0001,0.00026,11.73864
1,177,-1.65492,0.09868,0.13752,11.67232
1,178,-2.58914,0.00995,0.01743,11.60674
1,179,-2.44482,0.0149,0.02517,11.5419
1,180,-3.70837,0.00024,0.00058,11.47778
1,181,-4.41159,1e-05,4e-05,11.41436
1,182,-6.06347,0.0,0.0,11.35165
1,183,-6.48928,0.0,0.0,11.28962
1,184,-2.45687,0.01442,0.02443,11.22826
1,185,-3.39178,0.00076,0.00169,11.16757
1,186,-1.52089,0.12904,0.17464,11.10753
1,187,-4.59288,1e-05,2e-05,11.04813
1,188,-3.90748,0.00011,0.00028,10.98936
1,189,-7.01976,0.0,0.0,10.93122
1,190,-5.31712,0.0,0.0,10.87368
1,191,-6.31976,0.0,0.0,10.81675
1,192,-5.13089,0.0,0.0,10.76042
1,193,-0.92079,0.35769,0.42959,10.70466
1,194,-3.17791,0.00159,0.00334,10.64948
1,195,-2.86397,0.00439,0.0084,10.59487
1,196,2.39919,0.01686,0.0281,10.54082
1,197,1.0754,0.28281,0.35087,10.48731
1,198,1.63469,0.10286,0.1426,10.43434
1,199,1.8981,0.05837,0.08635,10.38191
1,200,0.60636,0.5446,0.61028,10.33
1,201,-1.98456,0.04784,0.07234,10.27861
1,202,-2.44661,0.01483,0.02506,10.22772
1,203,-6.79373,0.0,0.0,10.17734
1,204,-8.67582,0.0,0.0,10.12745
1,205,-4.21117,3e-05,9e-05,10.07805
1,206,-1.27479,0.20308,0.26208,10.02913
1,207,-2.74687,0.00627,0.0115,9.98068
1,208,-1.00424,0.31584,0.38596,9.93269
1,209,-0.02098,0.98327,0.98672,9.88517
1,210,4.86465,0.0,1e-05,9.8381
1,211,4.31446,2e-05,6e-05,9.79147
1,212,10.39318,0.0,0.0,9.74528
1,213,8.99094,0.0,0.0,9.69953
1,214,9.71337,0.0,0.0,9.65421
1,215,6.44634,0.0,0.0,9.6093
1,216,6.01405,0.0,0.0,9.56481
1,217,3.41707,0.00069,0.00156,9.52074
1,218,2.03941,0.04203,0.06451,9.47706
1,219,1.41842,0.15681,0.20831,9.43379
1,220,-0.98376,0.3258,0.39634,9.39091
1,221,-2.78368,0.00562,0.01044,9.34842
1,222,-0.92667,0.35463,0.42648,9.30631
1,223,-2.40233,0.01672,0.0279,9.26457
1,224,-1.80422,0.07191,0.10393,9.22321
1,225,-0.90914,0.3638,0.43578,9.18222
1,226,1.14511,0.25281,0.31803,9.14159
1,227,1.26935,0.20501,0.26428,9.10132
1,228,2.694,0.00734,0.01327,9.0614
1,229,5.45316,0.0,0.0,9.02183
1,230,7.86478,0.0,0.0,8.98261
1,231,9.55195,0.0,0.0,8.94372
1,232,7.22208,0.0,0.0,8.90517
1,233,6.4308,0.0,0.0,8.86695
1,234,5.23469,0.0,0.0,8.82906
1,235,6.32892,0.0,0.0,8.79149
1,236,-1.79664,0.07311,0.10545,8.75424
1,237,-1.46139,0.14465,0.19342,8.7173
1,238,0.59812,0.55008,0.61552,8.68067
1,239,2.25068,0.02492,0.0401,8.64435
1,240,4.30804,2e-05,6e-05,8.60833
1,241,6.70957,0.0,0.0,8.57261
1,242,9.62698,0.0,0.0,8.53719
1,243,7.54951,0.0,0.0,8.50206
1,244,6.54754,0.0,0.0,8.46721
1,245,4.46631,1e-05,3e-05,8.43265
1,246,3.61886,0.00033,0.00079,8.39837
1,247,-2.00365,0.04575,0.06959,8.36437
1,248,-1.18106,0.23824,0.30144,8.33065
1,249,-1.6754,0.0946,0.13264,8.29719
1,250,1.69211,0.09136,0.12875,8.264
1,251,2.69017,0.00742,0.0134,8.23108
1,252,0.44484,0.65666,0.71133,8.19841
1,253,-1.11796,0.26422,0.33062,8.16601
1,254,-0.85219,0.39459,0.46747,8.13386
1,255,-3.08811,0.00215,0.00438,8.10196
1,256,-4.97415,0.0,0.0,8.07031
1,257,-5.80932,0.0,0.0,8.03891
1,258,-5.22952,0.0,0.0,8.00775
1,259,-1.7781,0.07611,0.1094,7.97683
1,260,0.86675,0.38657,0.45927,7.94615
1,261,0.11419,0.90914,0.92891,7.91571
1,262,2.79104,0.00549,0.01024,7.8855
1,263,0.92504,0.35547,0.42729,7.85551
1,264,1.39117,0.16491,0.21794,7.82576
1,265,0.6885,0.49152,0.55971,7.79623
1,266,-3.79132,0.00017,0.00043,7.76692
1,267,-5.33922,0.0,0.0,7.73783
1,268,-0.18562,0.85283,0.8811,7.70896
1,269,1.24846,0.21255,0.27277,7.6803
1,270,4.73924,0.0,1e-05,7.65185
1,271,1.86735,0.06255,0.09179,7.62362
1,272,3.24804,0.00125,0.00268,7.59559
1,273,3.29505,0.00107,0.00231,7.56777
1,274,0.18855,0.85053,0.87908,7.54015
1,275,-7.1761,0.0,0.0,7.51273
1,276,-2.40682,0.01652,0.0276,7.48551
1,277,-2.29531,0.02221,0.03608,7.45848
1,278,-0.8509,0.39531,0.4682,7.43165
1,279,-0.62271,0.53381,0.60027,7.40502
1,280,-0.47391,0.63581,0.6921,7.37857
1,281,1.49255,0.1363,0.18346,7.35231
1,282,0.20086,0.84091,0.87106,7.32624
1,283,-4.48413,1e-05,3e-05,7.30035
1,284,-4.42159,1e-05,4e-05,7.27465
1,285,-4.12331,4e-05,0.00013,7.24912
1,286,-6.13353,0.0,0.0,7.22378
1,287,-6.52735,0.0,0.0,7.19861
1,288,1.31813,0.18817,0.24506,7.17361
1,289,2.72313,0.00673,0.01228,7.14879
1,290,2.52821,0.01183,0.02043,7.12414
1,291,0.40277,0.68732,0.73906,7.09966
1,292,-1.2392,0.21596,0.27657,7.07534
1,293,-1.65672,0.09832,0.13709,7.05119
1,294,-1.49096,0.13672,0.18397,7.02721
1,295,-2.614,0.00927,0.01636,7.00339
1,296,-2.79079,0.0055,0.01025,6.97973
1,297,-7.77962,0.0,0.0,6.95623
1,298,-4.96172,0.0,0.0,6.93289
1,299,-5.45372,0.0,0.0,6.9097
1,300,-3.31915,0.00098,0.00214,6.88667
1,301,-3.55562,0.00042,0.00098,6.86379
1,302,-0.15973,0.87317,0.8996,6.84106
1,303,-0.9454,0.345,0.41645,6.81848
1,304,2.71558,0.00689,0.01252,6.79605
1,305,3.40462,0.00073,0.00162,6.77377
1,306,5.04728,0.0,0.0,6.75163
1,307,2.86178,0.00442,0.00845,6.72964
1,308,4.22654,3e-05,8e-05,6.70779
1,309,5.87242,0.0,0.0,6.68608
1,310,6.22122,0.0,0.0,6.66452
1,311,7.47738,0.0,0.0,6.64309
1,312,9.99832,0.0,0.0,6.62179
1,313,10.02404,0.0,0.0,6.60064
1,314,8.90564,0.0,0.0,6.57962
1,315,2.77058,0.00584,0.01082,6.55873
1,316,1.42196,0.15578,0.20702,6.53797
1,317,2.77509,0.00576,0.0107,6.51735
1,318,2.82379,0.00497,0.00939,6.49686
1,319,-0.525,0.59986,0.66081,6.47649
1,320,4.76152,0.0,1e-05,6.45625
1,321,6.69732,0.0,0.0,6.43614
1,322,5.29643,0.0,0.0,6.41615
1,323,1.67016,0.09563,0.13388,6.39628
1,324,3.14363,0.00179,0.0037,6.37654
1,325,0.44437,0.657,0.71159,6.35692
1,326,-3.90129,0.00011,0.00029,6.33742
1,327,2.90303,0.00389,0.00752,6.31804
1,328,5.43139,0.0,0.0,6.29878
1,329,6.34849,0.0,0.0,6.27964
1,330,3.69392,0.00025,0.00061,6.26061
1,331,6.01753,0.0,0.0,6.24169
1,332,4.28063,2e-05,7e-05,6.22289
1,333,-3.78306,0.00018,0.00044,6.2042
1,334,1.3232,0.18649,0.24302,6.18563
1,335,-1.90121,0.05796,0.08586,6.16716
1,336,-3.99081,8e-05,0.00021,6.14881
1,337,-3.08886,0.00214,0.00437,6.13056
1,338,-2.74944,0.00623,0.01143,6.11243
1,339,1.58413,0.11391,0.1562,6.0944
1,340,2.87737,0.00421,0.00809,6.07647
1,341,4.74677,0.0,1e-05,6.05865
1,342,4.50351,1e-05,3e-05,6.04094
1,343,4.59318,1e-05,2e-05,6.02332
1,344,3.49972,0.00052,0.00119,6.00581
1,345,3.39179,0.00076,0.00169,5.98841
1,346,5.86582,0.0,0.0,5.9711
1,347,6.34485,0.0,0.0,5.95389
1,348,2.99075,0.00295,0.00585,5.93678
1,349,6.32011,0.0,0.0,5.91977
1,350,2.6753,0.00776,0.01394,5.90286
1,351,2.93299,0.00354,0.0069,5.88604
1,352,2.79064,0.0055,0.01025,5.86932
1,353,2.82752,0.00491,0.00929,5.85269
1,354,1.18445,0.2369,0.30012,5.83616
1,355,-0.4785,0.63254,0.68922,5.81972
1,356,-1.00385,0.31603,0.38613,5.80337
1,357,-0.58932,0.55596,0.62086,5.78711
1,358,-0.0836,0.93342,0.94713,5.77095
1,359,-0.22538,0.8218,0.85494,5.75487
1,360,-2.58767,0.01,0.0175,5.73889
1,361,-1.62998,0.10385,0.14374,5.72299
1,362,-0.64269,0.52078,0.58793,5.70718
1,363,-3.05367,0.0024,0.00485,5.69146
1,364,-1.09726,0.27315,0.34024,5.67582
1,365,-1.58155,0.1145,0.15694,5.66027
1,366,1.33157,0.18372,0.23982,5.64481
1,367,-0.86333,0.38844,0.46117,5.62943
1,368,-0.29535,0.76787,0.8097,5.61413
1,369,-0.52408,0.6005,0.6613,5.59892
1,370,0.47213,0.63708,0.69303,5.58378
1,371,1.99322,0.04688,0.07111,5.56873
1,372,-0.6964,0.48656,0.55494,5.55376
1,373,-0.76847,0.44264,0.51362,5.53887
1,374,2.89176,0.00403,0.00775,5.52406
1,375,-0.47363,0.63601,0.6921,5.50933
1,376,-1.0758,0.28263,0.35077,5.49468
1,377,-1.70031,0.08981,0.12681,5.48011
1,378,-1.98461,0.04784,0.07234,5.46561
1,379,-3.19767,0.00149,0.00315,5.45119
1,380,-5.14131,0.0,0.0,5.43684
1,381,-4.02794,7e-05,0.00018,5.42257
1,382,-0.9112,0.36271,0.43469,5.40838
1,383,3.83389,0.00015,0.00037,5.39426
1,384,2.89304,0.00401,0.00773,5.38021
1,385,0.84956,0.39605,0.46897,5.36623
1,386,-0.03526,0.97189,0.97821,5.35233
1,387,-4.47546,1e-05,3e-05,5.3385
1,388,-7.39631,0.0,0.0,5.32474
1,389,-10.4693,0.0,0.0,5.31105
1,390,-9.95857,0.0,0.0,5.29744
1,391,-7.83197,0.0,0.0,5.28389
1,392,-7.14789,0.0,0.0,5.27041
1,393,-0.51431,0.60731,0.66699,5.257
1,394,-1.0706,0.28496,0.35332,5.24365
1,395,-2.54263,0.01136,0.01966,5.23038
1,396,-0.69899,0.48494,0.55334,5.21717
1,397,-5.902,0.0,0.0,5.20403
1,398,-8.05623,0.0,0.0,5.19095
1,399,-8.68172,0.0,0.0,5.17794
1,400,-8.50137,0.0,0.0,5.165
1,401,-7.11591,0.0,0.0,5.15212
1,402,-7.21158,0.0,0.0,5.1393
1,403,-7.00583,0.0,0.0,5.12655
1,404,-5.36948,0.0,0.0,5.11386
1,405,-4.81701,0.0,1e-05,5.10123
1,406,1.92392,0.05504,0.08192,5.08867
1,407,-2.48605,0.0133,0.02272,5.07617
1,408,3.57083,0.0004,0.00093,5.06373
1,409,3.02241,0.00266,0.00532,5.05134
1,410,5.05785,0.0,0.0,5.03902
1,411,2.20728,0.02783,0.04438,5.02676
1,412,1.71067,0.08788,0.12438,5.01456
1,413,0.69972,0.48449,0.55301,5.00242
1,414,1.67306,0.09506,0.13319,4.99034
1,415,0.82349,0.41069,0.48277,4.97831
1,416,1.6261,0.10467,0.1447,4.96635
1,417,2.0359,0.04238,0.06496,4.95444
1,418,1.02119,0.30775,0.37764,4.94258
1,419,-1.85862,0.06378,0.09335,4.93079
1,420,-2.61545,0.00923,0.0163,4.91905
1,421,0.33211,0.73997,0.78558,4.90736
1,422,1.08204,0.27985,0.34772,4.89573
1,423,5.18064,0.0,0.0,4.88416
1,424,5.76669,0.0,0.0,4.87264
1,425,6.51905,0.0,0.0,4.86118
1,426,7.39964,0.0,0.0,4.84977
1,427,4.95055,0.0,0.0,4.83841
1,428,5.21499,0.0,0.0,4.8271
1,429,2.36863,0.0183,0.03028,4.81585
1,430,3.19919,0.00148,0.00313,4.80465
1,431,2.5397,0.01145,0.01981,4.7935
1,432,2.26558,0.02398,0.03867,4.78241
1,433,0.01931,0.9846,0.98776,4.77136
1,434,-1.72865,0.0846,0.12026,4.76037
1,435,0.41989,0.67478,0.72741,4.74943
1,436,0.10031,0.92015,0.937,4.73853
1,437,-3.6509,0.00029,0.00071,4.72769
1,438,-5.68241,0.0,0.0,4.71689
1,439,1.49772,0.13495,0.18179,4.70615
1,440,-0.25979,0.79515,0.83277,4.69545
1,441,0.76995,0.44176,0.51278,4.68481
1,442,1.98401,0.0479,0.07242,4.67421
1,443,0.88709,0.37554,0.44797,4.66366
1,444,0.1122,0.91071,0.93005,4.65315
1,445,-3.02866,0.00261,0.00522,4.6427
1,446,-3.13595,0.00183,0.00379,4.63229
1,447,2.07698,0.03841,0.05954,4.62192
1,448,4.20228,3e-05,9e-05,4.61161
1,449,5.19083,0.0,0.0,4.60134
1,450,9.44168,0.0,0.0,4.59111
1,451,10.55974,0.0,0.0,4.58093
1,452,8.9849,0.0,0.0,4.5708
1,453,6.33054,0.0,0.0,4.56071
1,454,6.08602,0.0,0.0,4.55066
1,455,-0.56163,0.57467,0.63767,4.54066
1,456,-1.74489,0.08173,0.11658,4.5307
1,457,-1.91155,0.05661,0.08404,4.52079
1,458,-1.04338,0.29737,0.3667,4.51092
1,459,-1.03602,0.30079,0.37019,4.50109
1,460,-0.37739,0.70607,0.75545,4.4913
1,461,-2.28132,0.02303,0.03727,4.48156
1,462,-2.51797,0.01217,0.02098,4.47186
1,463,-2.00742,0.04534,0.06903,4.4622
1,464,-4.2876,2e-05,7e-05,4.45259
1,465,-3.64386,0.0003,0.00073,4.44301
1,466,-0.21385,0.83077,0.86255,4.43348
1,467,0.08801,0.92991,0.94473,4.42398
1,468,0.56564,0.57194,0.63544,4.41453
1,469,1.25792,0.20912,0.26884,4.40512
1,470,6.44939,0.0,0.0,4.39574
1,471,5.6868,0.0,0.0,4.38641
1,472,7.43539,0.0,0.0,4.37712
1,473,6.68572,0.0,0.0,4.36786
1,474,4.77421,0.0,1e-05,4.35865
1,475,6.19067,0.0,0.0,4.34947
1,476,-1.32882,0.18463,0.24088,4.34034
1,477,-1.96633,0.04992,0.07509,4.33124
1,478,0.26815,0.78872,0.82732,4.32218
1,479,-1.93511,0.05365,0.08008,4.31315
1,480,-3.616,0.00034,0.0008,4.30417
1,481,-4.46325,1e-05,3e-05,4.29522
1,482,-0.77609,0.43813,0.50934,4.28631
1,483,-5.49504,0.0,0.0,4.27743
1,484,-5.6893,0.0,0.0,4.2686
1,485,-4.63386,0.0,2e-05,4.25979
1,486,-7.75873,0.0,0.0,4.25103
1,487,-7.38916,0.0,0.0,4.2423
1,488,-7.91408,0.0,0.0,4.23361
1,489,-5.65564,0.0,0.0,4.22495
1,490,-5.25467,0.0,0.0,4.21633
1,491,0.684,0.49435,0.56241,4.20774
1,492,3.8107,0.00016,0.0004,4.19919
1,493,3.53366,0.00046,0.00106,4.19067
1,494,5.05694,0.0,0.0,4.18219
1,495,6.8339,0.0,0.0,4.17374
1,496,3.49855,0.00052,0.00119,4.16532
1,497,5.21034,0.0,0.0,4.15694
1,498,4.19481,3e-05,0.0001,4.14859
1,499,5.75014,0.0,0.0,4.14028
1,500,5.10968,0.0,0.0,4.132
1,501,-0.08675,0.93092,0.94527,4.12375
1,502,-3.83027,0.00015,0.00038,4.11554
1,503,-3.89827,0.00011,0.00029,4.10736
1,504,-5.65677,0.0,0.0,4.09921
1,505,-5.39391,0.0,0.0,4.09109
1,506,-3.10012,0.00206,0.00423,4.083
1,507,0.33341,0.73899,0.7848,4.07495
1,508,4.37516,2e-05,5e-05,4.06693
1,509,4.12555,4e-05,0.00013,4.05894
1,510,1.79289,0.07371,0.1062,4.05098
1,511,-1.3211,0.18718,0.24381,4.04305
1,512,-0.26913,0.78796,0.8267,4.03516
1,513,-1.65467,0.09873,0.13753,4.02729
1,514,0.56494,0.57241,0.63575,4.01946
1,515,0.08749,0.93032,0.94504,4.01165
1,516,-1.88893,0.05959,0.08793,4.00388
1,517,1.76117,0.07893,0.11302,3.99613
1,518,-2.12551,0.03412,0.05344,3.98842
1,519,0.1647,0.86926,0.89613,3.98073
1,520,2.04685,0.04129,0.06348,3.97308
1,521,2.82212,0.005,0.00943,3.96545
1,522,0.97544,0.3299,0.40079,3.95785
1,523,4.48213,1e-05,3e-05,3.95029
1,524,9.39882,0.0,0.0,3.94275
1,525,2.93675,0.0035,0.00683,3.93524
1,526,3.03492,0.00255,0.00513,3.92776
1,527,4.08721,5e-05,0.00015,3.9203
1,528,3.89915,0.00011,0.00029,3.91288
1,529,1.84008,0.06646,0.09683,3.90548
1,530,1.91094,0.05669,0.08413,3.89811
1,531,2.30264,0.02179,0.03545,3.89077
1,532,5.60469,0.0,0.0,3.88346
1,533,8.55799,0.0,0.0,3.87617
1,534,7.16133,0.0,0.0,3.86891
1,535,3.63363,0.00031,0.00075,3.86168
1,536,-2.61963,0.00912,0.01612,3.85448
1,537,-2.17025,0.03055,0.04834,3.8473
1,538,-6.13895,0.0,0.0,3.84015
1,539,-5.74595,0.0,0.0,3.83302
1,540,-3.66755,0.00028,0.00067,3.82593
1,541,1.80223,0.07222,0.10426,3.81885
1,542,4.74624,0.0,1e-05,3.81181
1,543,6.01372,0.0,0.0,3.80479
1,544,8.93702,0.0,0.0,3.79779
1,545,8.84953,0.0,0.0,3.79083
1,546,4.60581,1e-05,2e-05,3.78388
1,547,3.76238,0.00019,0.00048,3.77697
1,548,3.95799,9e-05,0.00024,3.77007
1,549,6.38907,0.0,0.0,3.76321
1,550,5.19929,0.0,0.0,3.75636
1,551,6.01829,0.0,0.0,3.74955
1,552,6.70268,0.0,0.0,3.74275
1,553,8.07354,0.0,0.0,3.73599
1,554,4.6681,0.0,1e-05,3.72924
1,555,1.31799,0.18822,0.24509,3.72252
1,556,0.73424,0.46321,0.53249,3.71583
1,557,4.58777,1e-05,2e-05,3.70916
1,558,4.39833,1e-05,4e-05,3.70251
1,559,3.34693,0.00089,0.00196,3.69589
1,560,4.56162,1e-05,2e-05,3.68929
1,561,1.64258,0.10121,0.14056,3.68271
1,562,-1.9716,0.04931,0.07428,3.67616
1,563,-4.20319,3e-05,9e-05,3.66963
1,564,-2.96803,0.00317,0.00626,3.66312
1,565,0.47865,0.63244,0.68922,3.65664
1,566,-3.76028,0.00019,0.00048,3.65018
1,567,-6.47269,0.0,0.0,3.64374
1,568,-5.95168,0.0,0.0,3.63732
1,569,-10.14132,0.0,0.0,3.63093
1,570,-8.53051,0.0,0.0,3.62456
1,571,-4.17474,4e-05,0.0001,3.61821
1,572,-3.5922,0.00037,0.00087,3.61189
1,573,-2.11264,0.03522,0.05496,3.60558
1,574,-1.3766,0.16937,0.2233,3.5993
1,575,-3.93495,0.0001,0.00026,3.59304
1,576,-3.07426,0.00225,0.00456,3.58681
1,577,-0.66353,0.50736,0.57551,3.58059
1,578,-4.26903,2e-05,7e-05,3.57439
1,579,-5.76709,0.0,0.0,3.56822
1,580,-5.57397,0.0,0.0,3.56207
1,581,-6.22606,0.0,0.0,3.55594
1,582,-5.52761,0.0,0.0,3.54983
1,583,-3.69907,0.00025,0.0006,3.54374
1,584,-2.58224,0.01015,0.01773,3.53767
1,585,5.71937,0.0,0.0,3.53162
1,586,2.42368,0.01578,0.0265,3.5256
1,587,1.43657,0.15158,0.20168,3.51959
1,588,-0.9257,0.35513,0.42693,3.51361
1,589,-0.34707,0.72871,0.77584,3.50764
1,590,-4.78009,0.0,1e-05,3.50169
1,591,-1.94363,0.0526,0.07876,3.49577
1,592,0.92876,0.35354,0.42554,3.48986
1,593,-0.08739,0.9304,0.94504,3.48398
1,594,-1.92856,0.05446,0.08113,3.47811
1,595,-0.00297,0.99764,0.99813,3.47227
1,596,-3.41548,0.0007,0.00157,3.46644
1,597,-2.0378,0.04219,0.06471,3.46064
1,598,-1.22341,0.22186,0.28306,3.45485
1,599,-7.6936,0.0,0.0,3.44908
1,600,-8.93459,0.0,0.0,3.44333
1,601,-7.60011,0.0,0.0,3.4376
1,602,-8.65192,0.0,0.0,3.43189
1,603,-12.05854,0.0,0.0,3.4262
1,604,-1.73547,0.08339,0.11872,3.42053
1,605,0.07378,0.94122,0.95361,3.41488
1,606,-0.54574,0.58553,0.64759,3.40924
1,607,-0.50873,0.61121,0.67036,3.40362
1,608,-0.63246,0.52743,0.5943,3.39803
1,609,4.29148,2e-05,7e-05,3.39245
1,610,3.03076,0.00259,0.00519,3.38689
1,611,1.73906,0.08275,0.11791,3.38134
1,612,-0.0124,0.99011,0.99229,3.37582
1,613,2.8208,0.00502,0.00946,3.37031
1,614,-2.40792,0.01647,0.02753,3.36482
1,615,-4.14804,4e-05,0.00012,3.35935
1,616,-5.4661,0.0,0.0,3.3539
1,617,-5.119,0.0,0.0,3.34846
1,618,4.48542,1e-05,3e-05,3.34304
1,619,3.96394,9e-05,0.00023,3.33764
1,620,6.47437,0.0,0.0,3.33226
1,621,2.40103,0.01678,0.02799,3.32689
1,622,2.71832,0.00683,0.01244,3.32154
1,623,-0.00012,0.9999,0.9999,3.31621
1,624,1.72061,0.08605,0.12217,3.3109
1,625,4.23368,3e-05,8e-05,3.3056
1,626,4.21083,3e-05,9e-05,3.30032
1,627,4.41924,1e-05,4e-05,3.29506
1,628,3.55414,0.00042,0.00099,3.28981
1,629,-1.18192,0.2379,0.30109,3.28458
1,630,-4.09059,5e-05,0.00014,3.27937
1,631,-1.26859,0.20528,0.26458,3.27417
1,632,3.36947,0.00082,0.00182,3.26899
1,633,0.26917,0.78793,0.8267,3.26382
1,634,-0.05391,0.95704,0.96738,3.25868
1,635,-0.60847,0.5432,0.60899,3.25354
1,636,0.05213,0.95845,0.96821,3.24843
1,637,-1.88615,0.05996,0.08843,3.24333
1,638,-1.25233,0.21114,0.27116,3.23824
1,639,-1.22528,0.22115,0.28235,3.23318
1,640,-1.34373,0.17976,0.23526,3.22812
1,641,0.85987,0.39035,0.463,3.22309
1,642,3.2508,0.00124,0.00266,3.21807
1,643,2.72446,0.00671,0.01223,3.21306
1,644,3.43133,0.00066,0.00149,3.20807
1,645,-1.56036,0.11942,0.16299,3.2031
1,646,-4.58055,1e-05,2e-05,3.19814
1,647,-5.78977,0.0,0.0,3.1932
1,648,-6.4105,0.0,0.0,3.18827
1,649,-7.14462,0.0,0.0,3.18336
1,650,-5.61033,0.0,0.0,3.17846
1,651,5.31536,0.0,0.0,3.17358
1,652,4.95398,0.0,0.0,3.16871
1,653,0.98811,0.32367,0.39403,3.16386
1,654,-0.43554,0.66339,0.71706,3.15902
1,655,-0.98588,0.32475,0.39521,3.1542
1,656,-3.3889,0.00077,0.00171,3.14939
1,657,-6.36916,0.0,0.0,3.1446
1,658,-2.2733,0.02351,0.03797,3.13982
1,659,-3.16227,0.00168,0.0035,3.13505
1,660,-4.98113,0.0,0.0,3.1303
1,661,-4.22394,3e-05,9e-05,3.12557
1,662,-1.69578,0.09066,0.12786,3.12085
1,663,-1.72022,0.08613,0.12225,3.11614
1,664,-0.96143,0.33689,0.40789,3.11145
1,665,-0.11603,0.90768,0.92771,3.10677
1,666,4.84553,0.0,1e-05,3.1021
1,667,6.25063,0.0,0.0,3.09745
1,668,1.56563,0.11818,0.16144,3.09281
1,669,1.38365,0.1672,0.22076,3.08819
1,670,3.50521,0.00051,0.00117,3.08358
1,671,0.68307,0.49494,0.56301,3.07899
1,672,-4.14004,4e-05,0.00012,3.0744
1,673,-5.6234,0.0,0.0,3.06984
1,674,-3.75584,0.0002,0.00049,3.06528
1,675,-4.0311,7e-05,0.00018,3.06074
1,676,-6.04328,0.0,0.0,3.05621
1,677,-8.85723,0.0,0.0,3.0517
1,678,-6.54344,0.0,0.0,3.0472
1,679,-7.02796,0.0,0.0,3.04271
1,680,-5.95772,0.0,0.0,3.03824
1,681,-4.07972,5e-05,0.00015,3.03377
1,682,4.64375,0.0,2e-05,3.02933
1,683,3.90657,0.00011,0.00029,3.02489
1,684,4.53209,1e-05,2e-05,3.02047
1,685,1.27473,0.2031,0.26208,3.01606
1,686,-1.12761,0.26012,0.32607,3.01166
1,687,-5.09882,0.0,0.0,3.00728
1,688,-4.19597,3e-05,0.0001,3.00291
1,689,-5.79617,0.0,0.0,2.99855
1,690,1.06168,0.28899,0.35755,2.9942
1,691,1.50331,0.13351,0.18001,2.98987
1,692,5.45255,0.0,0.0,2.98555
1,693,2.78481,0.0056,0.01041,2.98124
1,694,0.39878,0.69026,0.74173,2.97695
1,695,0.7944,0.42741,0.4989,2.97266
1,696,-0.69515,0.48734,0.5557,2.96839
1,697,2.46606,0.01406,0.0239,2.96413
1,698,1.52723,0.12745,0.17272,2.95989
1,699,-0.82127,0.41195,0.48408,2.95565
1,700,-0.28659,0.77457,0.81479,2.95143
1,701,0.5413,0.58859,0.65025,2.94722
1,702,1.94367,0.0526,0.07876,2.94302
1,703,1.71185,0.08766,0.12417,2.93883
1,704,6.66904,0.0,0.0,2.93466
1,705,7.37951,0.0,0.0,2.9305
1,706,0.62692,0.53105,0.59784,2.92635
1,707,-0.54075,0.58896,0.6506,2.92221
1,708,-0.15278,0.87865,0.90403,2.91808
1,709,-4.58384,1e-05,2e-05,2.91396
1,710,-3.41841,0.00069,0.00155,2.90986
1,711,-6.20567,0.0,0.0,2.90577
1,712,-5.84897,0.0,0.0,2.90169
1,713,-7.24017,0.0,0.0,2.89762
1,714,-1.03709,0.30029,0.36971,2.89356
1,715,-3.2893,0.00109,0.00236,2.88951
1,716,-3.71638,0.00023,0.00056,2.88547
1,717,-4.88478,0.0,1e-05,2.88145
1,718,-3.67155,0.00027,0.00066,2.87744
1,719,-5.70968,0.0,0.0,2.87344
1,720,-2.29836,0.02203,0.03583,2.86944
1,721,0.42845,0.66855,0.72201,2.86546
1,722,1.38436,0.16698,0.2205,2.8615
1,723,7.45379,0.0,0.0,2.85754
1,724,9.61682,0.0,0.0,2.85359
1,725,10.80289,0.0,0.0,2.84966
1,726,8.94268,0.0,0.0,2.84573
1,727,2.95787,0.00327,0.00644,2.84182
1,728,2.79872,0.00537,0.01004,2.83791
1,729,-3.04362,0.00248,0.005,2.83402
1,730,-3.53545,0.00045,0.00105,2.83014
1,731,-4.20529,3e-05,9e-05,2.82627
1,732,-4.51576,1e-05,3e-05,2.8224
1,733,-4.92475,0.0,0.0,2.81855
1,734,-3.41607,0.0007,0.00156,2.81471
1,735,-0.40938,0.68247,0.73483,2.81088
1,736,0.77389,0.43943,0.51061,2.80707
1,737,1.03947,0.29918,0.36856,2.80326
1,738,-0.08597,0.93153,0.9457,2.79946
1,739,-3.74332,0.00021,0.00051,2.79567
1,740,-7.54816,0.0,0.0,2.79189
1,741,0.23741,0.81246,0.84725,2.78812
1,742,-1.03663,0.3005,0.36988,2.78437
1,743,-2.07262,0.03881,0.06006,2.78062
1,744,-2.43426,0.01534,0.02583,2.77688
1,745,-1.6821,0.09329,0.13112,2.77315
1,746,-1.85801,0.06386,0.09343,2.76944
1,747,-1.17162,0.24201,0.30585,2.76573
1,748,-0.36489,0.71537,0.76393,2.76203
1,749,-2.05357,0.04063,0.06261,2.75834
1,750,-0.55941,0.57618,0.63899,2.75467
1,751,2.58026,0.01021,0.01782,2.751
1,752,2.45576,0.01446,0.0245,2.74734
1,753,3.58953,0.00037,0.00087,2.74369
1,754,5.89153,0.0,0.0,2.74005
1,755,7.04399,0.0,0.0,2.73642
1,756,6.27492,0.0,0.0,2.7328
1,757,6.14424,0.0,0.0,2.72919
1,758,-0.92043,0.35787,0.42976,2.72559
1,759,-2.88904,0.00406,0.00782,2.722
1,760,-6.99187,0.0,0.0,2.71842
1,761,-2.77843,0.00571,0.0106,2.71485
1,762,-2.14836,0.03225,0.05078,2.71129
1,763,-6.28838,0.0,0.0,2.70773
1,764,-4.94462,0.0,0.0,2.70419
1,765,-3.23888,0.00129,0.00276,2.70065
1,766,0.67827,0.49797,0.56589,2.69713
1,767,-4.90734,0.0,0.0,2.69361
1,768,-6.3889,0.0,0.0,2.6901
1,769,1.80763,0.07138,0.10329,2.68661
1,770,2.04278,0.04169,0.06402,2.68312
1,771,-2.69396,0.00734,0.01327,2.67964
1,772,-3.03625,0.00254,0.00511,2.67617
1,773,-1.75084,0.0807,0.11528,2.6727
1,774,-0.84474,0.39874,0.47176,2.66925
1,775,-2.19041,0.02904,0.04611,2.66581
1,776,-1.56423,0.11851,0.16182,2.66237
1,777,1.50277,0.13365,0.18017,2.65894
1,778,4.89594,0.0,1e-05,2.65553
1,779,-2.1219,0.03443,0.05385,2.65212
1,780,-1.64943,0.0998,0.13889,2.64872
1,781,3.76859,0.00019,0.00047,2.64533
1,782,4.46587,1e-05,3e-05,2.64194
1,783,4.0494,6e-05,0.00017,2.63857
1,784,5.26234,0.0,0.0,2.6352
1,785,6.85076,0.0,0.0,2.63185
1,786,4.83823,0.0,1e-05,2.6285
1,787,5.28155,0.0,0.0,2.62516
1,788,3.19702,0.00149,0.00315,2.62183
1,789,2.41976,0.01595,0.02675,2.6185
1,790,-0.49766,0.61898,0.67732,2.61519
1,791,-1.51154,0.1314,0.17756,2.61188
1,792,-1.16299,0.24549,0.30952,2.60859
1,793,0.81829,0.41365,0.48579,2.6053
1,794,-0.43561,0.66334,0.71706,2.60202
1,795,-0.6479,0.5174,0.58451,2.59874
1,796,-1.48355,0.13868,0.18632,2.59548
1,797,1.1945,0.23295,0.29565,2.59222
1,798,5.46292,0.0,0.0,2.58897
1,799,7.12182,0.0,0.0,2.58573
1,800,9.24399,0.0,0.0,2.5825
1,801,9.38453,0.0,0.0,2.57928
1,802,7.85695,0.0,0.0,2.57606
1,803,5.05265,0.0,0.0,2.57285
1,804,3.13514,0.00184,0.0038,2.56965
1,805,0.39287,0.69462,0.74566,2.56646
1,806,-0.77659,0.43784,0.50912,2.56328
1,807,-1.47227,0.14169,0.18979,2.5601
1,808,-1.23,0.21938,0.28045,2.55693
1,809,-0.44104,0.65941,0.71369,2.55377
1,810,3.80502,0.00016,0.00041,2.55062
1,811,3.56055,0.00041,0.00097,2.54747
1,812,0.77608,0.43813,0.50934,2.54433
1,813,3.87357,0.00012,0.00032,2.54121
1,814,2.72816,0.00663,0.01211,2.53808
1,815,0.02075,0.98346,0.98681,2.53497
1,816,4.57631,1e-05,2e-05,2.53186
1,817,8.48832,0.0,0.0,2.52876
1,818,3.06983,0.00228,0.00462,2.52567
1,819,4.44437,1e-05,4e-05,2.52259
1,820,2.63523,0.00872,0.01548,2.51951
1,821,-0.20306,0.83918,0.8696,2.51644
1,822,-1.80902,0.07116,0.10305,2.51338
1,823,-1.8985,0.05831,0.08628,2.51033
1,824,-4.05405,6e-05,0.00017,2.50728
1,825,-5.97019,0.0,0.0,2.50424
1,826,-4.54931,1e-05,2e-05,2.50121
1,827,-1.12991,0.25915,0.32502,2.49819
1,828,2.77406,0.00578,0.01073,2.49517
1,829,3.50359,0.00051,0.00117,2.49216
1,830,2.51226,0.01237,0.02127,2.48916
1,831,3.11042,0.00199,0.0041,2.48616
1,832,2.04093,0.04188,0.0643,2.48317
1,833,-3.18902,0.00153,0.00322,2.48019
1,834,-4.70977,0.0,1e-05,2.47722
1,835,-5.264,0.0,0.0,2.47425
1,836,-4.79302,0.0,1e-05,2.47129
1,837,-2.49085,0.01313,0.02246,2.46834
1,838,-8.57299,0.0,0.0,2.46539
1,839,-9.2293,0.0,0.0,2.46246
1,840,-9.33168,0.0,0.0,2.45952
1,841,-3.90335,0.00011,0.00029,2.4566
1,842,0.73911,0.46025,0.53019,2.45368
1,843,3.86143,0.00013,0.00034,2.45077
1,844,6.88545,0.0,0.0,2.44787
1,845,7.34137,0.0,0.0,2.44497
1,846,8.6136,0.0,0.0,2.44208
1,847,6.24797,0.0,0.0,2.4392
1,848,2.66233,0.00806,0.01443,2.43632
1,849,0.3832,0.70177,0.7518,2.43345
1,850,-0.97002,0.33259,0.40347,2.43059
1,851,-0.91386,0.36131,0.43327,2.42773
1,852,-5.56525,0.0,0.0,2.42488
1,853,-2.42766,0.01561,0.02625,2.42204
1,854,-2.41006,0.01638,0.02739,2.4192
1,855,-3.03929,0.00252,0.00506,2.41637
1,856,-4.58658,1e-05,2e-05,2.41355
1,857,-5.64697,0.0,0.0,2.41074
1,858,-3.63878,0.00031,0.00074,2.40793
1,859,-4.77982,0.0,1e-05,2.40512
1,860,1.4673,0.14304,0.19154,2.40233
1,861,2.01025,0.04504,0.06863,2.39954
1,862,1.83067,0.06785,0.09865,2.39675
1,863,4.19058,3e-05,0.0001,2.39397
1,864,2.61503,0.00924,0.01632,2.3912
1,865,2.78111,0.00566,0.01052,2.38844
1,866,-1.72999,0.08436,0.11995,2.38568
1,867,-3.87924,0.00012,0.00032,2.38293
1,868,-6.20628,0.0,0.0,2.38018
1,869,-7.57167,0.0,0.0,2.37745
1,870,-6.55189,0.0,0.0,2.37471
1,871,-7.54729,0.0,0.0,2.37199
1,872,-4.75633,0.0,1e-05,2.36927
1,873,-0.91535,0.36053,0.43254,2.36655
1,874,0.38382,0.70131,0.75147,2.36384
1,875,4.51776,1e-05,3e-05,2.36114
1,876,4.78345,0.0,1e-05,2.35845
1,877,1.93057,0.05421,0.0808,2.35576
1,878,3.15627,0.00171,0.00357,2.35308
1,879,1.67901,0.09389,0.13178,2.3504
1,880,-2.96675,0.00318,0.00628,2.34773
1,881,-6.68904,0.0,0.0,2.34506
1,882,-4.45634,1e-05,3e-05,2.3424
1,883,-4.34278,2e-05,5e-05,2.33975
1,884,-5.17115,0.0,0.0,2.3371
1,885,-4.15322,4e-05,0.00011,2.33446
1,886,3.12542,0.0019,0.00391,2.33183
1,887,5.28983,0.0,0.0,2.3292
1,888,6.77607,0.0,0.0,2.32658
1,889,7.01059,0.0,0.0,2.32396
1,890,6.61882,0.0,0.0,2.32135
1,891,3.80498,0.00016,0.00041,2.31874
1,892,2.90547,0.00386,0.00747,2.31614
1,893,2.67586,0.00774,0.01392,2.31355
1,894,0.54996,0.58264,0.64496,2.31096
1,895,0.64909,0.51663,0.58403,2.30838
1,896,2.48235,0.01344,0.02293,2.3058
1,897,1.35223,0.17703,0.23205,2.30323
1,898,3.21816,0.00139,0.00295,2.30067
1,899,-0.19068,0.84887,0.87754,2.29811
1,900,0.0223,0.98222,0.98599,2.29556
1,901,-0.76578,0.44423,0.51512,2.29301
1,902,-3.85061,0.00014,0.00035,2.29047
1,903,0.34059,0.73358,0.78012,2.28793
1,904,1.48044,0.1395,0.18731,2.2854
1,905,2.2094,0.02768,0.04418,2.28287
1,906,1.23613,0.2171,0.27785,2.28035
1,907,2.86496,0.00438,0.00838,2.27784
1,908,2.42284,0.01582,0.02655,2.27533
1,909,-0.21841,0.82722,0.8596,2.27283
1,910,0.74788,0.45495,0.52522,2.27033
1,911,1.57873,0.11515,0.1577,2.26784
1,912,0.47658,0.63391,0.69049,2.26535
1,913,-0.42481,0.67119,0.72424,2.26287
1,914,0.70345,0.48216,0.55055,2.26039
1,915,1.23642,0.21699,0.27775,2.25792
1,916,-0.26722,0.78943,0.8279,2.25546
1,917,1.74958,0.08092,0.11558,2.253
1,918,4.64775,0.0,2e-05,2.25054
1,919,0.83826,0.40236,0.47513,2.2481
1,920,-4.79273,0.0,1e-05,2.24565
1,921,-5.73456,0.0,0.0,2.24321
1,922,-4.93715,0.0,0.0,2.24078
1,923,-5.79832,0.0,0.0,2.23835
1,924,-0.36541,0.71499,0.7636,2.23593
1,925,3.73567,0.00021,0.00053,2.23351
1,926,6.88407,0.0,0.0,2.2311
1,927,5.09312,0.0,0.0,2.22869
1,928,5.56257,0.0,0.0,2.22629
1,929,5.01431,0.0,0.0,2.2239
1,930,3.18542,0.00155,0.00326,2.22151
1,931,1.73894,0.08277,0.11793,2.21912
1,932,-0.80471,0.42144,0.49332,2.21674
1,933,0.768,0.44292,0.51389,2.21436
1,934,-1.40759,0.15999,0.21225,2.21199
1,935,1.07403,0.28343,0.35154,2.20963
1,936,2.7147,0.00691,0.01255,2.20726
1,937,2.79324,0.00546,0.01019,2.20491
1,938,4.8753,0.0,1e-05,2.20256
1,939,3.54188,0.00044,0.00103,2.20021
1,940,5.25991,0.0,0.0,2.19787
1,941,3.93834,0.0001,0.00025,2.19554
1,942,1.5387,0.12463,0.16924,2.19321
1,943,3.14473,0.00178,0.00369,2.19088
1,944,2.5523,0.01105,0.01918,2.18856
1,945,2.21454,0.02733,0.04365,2.18624
1,946,-1.41435,0.158,0.20977,2.18393
1,947,-1.97385,0.04905,0.07397,2.18163
1,948,-1.0166,0.30993,0.37994,2.17932
1,949,-1.23773,0.2165,0.27719,2.17703
1,950,-1.45423,0.14663,0.19582,2.17474
1,951,-1.2401,0.21563,0.27621,2.17245
1,952,-1.00451,0.31571,0.38585,2.17017
1,953,-0.2916,0.77074,0.81221,2.16789
1,954,0.45057,0.65253,0.70746,2.16562
1,955,-0.8403,0.40122,0.47408,2.16335
1,956,0.70827,0.47917,0.54769,2.16109
1,957,0.09721,0.92261,0.93884,2.15883
1,958,-3.69487,0.00025,0.00061,2.15658
1,959,0.89286,0.37244,0.44475,2.15433
1,960,-0.03099,0.97529,0.98019,2.15208
1,961,-2.37053,0.01821,0.03014,2.14984
1,962,-3.18943,0.00153,0.00322,2.14761
1,963,-2.71749,0.00685,0.01247,2.14538
1,964,-3.652,0.00029,0.00071,2.14315
1,965,-2.32935,0.02031,0.0333,2.14093
1,966,-1.25779,0.20916,0.26886,2.13872
1,967,-2.60152,0.00961,0.01687,2.1365
1,968,-1.95427,0.05133,0.07704,2.1343
1,969,-1.46009,0.14501,0.19382,2.13209
1,970,-2.18542,0.02941,0.04662,2.1299
1,971,-5.41342,0.0,0.0,2.1277
1,972,-0.26989,0.78738,0.82635,2.12551
1,973,2.93579,0.00351,0.00685,2.12333
1,974,-0.74478,0.45682,0.52705,2.12115
1,975,-1.89455,0.05884,0.08697,2.11897
1,976,-0.4753,0.63482,0.69118,2.1168
1,977,-0.01468,0.9883,0.99067,2.11464
1,978,-2.53159,0.01172,0.02025,2.11247
1,979,-1.38024,0.16824,0.22196,2.11032
1,980,0.87516,0.38198,0.4542,2.10816
1,981,-3.29639,0.00106,0.0023,2.10601
1,982,-6.57529,0.0,0.0,2.10387
1,983,-2.58205,0.01016,0.01773,2.10173
1,984,-4.46491,1e-05,3e-05,2.09959
1,985,-5.32166,0.0,0.0,2.09746
1,986,-5.97597,0.0,0.0,2.09533
1,987,-3.52911,0.00046,0.00107,2.09321
1,988,0.4764,0.63404,0.69055,2.09109
1,989,-1.22824,0.22004,0.28122,2.08898
1,990,-1.78789,0.07451,0.10721,2.08687
1,991,0.32275,0.74704,0.79116,2.08476
1,992,-2.07629,0.03847,0.05961,2.08266
1,993,-3.2421,0.00128,0.00273,2.08056
1,994,-2.79696,0.00539,0.01009,2.07847
1,995,-3.30136,0.00104,0.00227,2.07638
1,996,-2.66872,0.00791,0.01418,2.0743
1,997,-0.73694,0.46157,0.53103,2.07222
1,998,-3.07767,0.00222,0.00452,2.07014
1,999,-1.93805,0.05328,0.07962,2.06807
1,1000,-2.50031,0.01279,0.02192,2.066
1,1001,-1.93654,0.05347,0.07986,2.06394
1,1002,-2.73015,0.0066,0.01204,2.06188
1,1003,-1.71149,0.08773,0.12422,2.05982
1,1004,-0.64881,0.51681,0.58405,2.05777
1,1005,-3.85809,0.00013,0.00034,2.05572
1,1006,-5.23239,0.0,0.0,2.05368
1,1007,-6.4603,0.0,0.0,2.05164
1,1008,-6.7054,0.0,0.0,2.0496
1,1009,-11.88994,0.0,0.0,2.04757
1,1010,-10.16975,0.0,0.0,2.04554
1,1011,-7.63082,0.0,0.0,2.04352
1,1012,-6.38859,0.0,0.0,2.0415
1,1013,-4.91098,0.0,0.0,2.03949
1,1014,-2.06398,0.03963,0.06115,2.03748
1,1015,-5.60849,0.0,0.0,2.03547
1,1016,1.30625,0.19218,0.24946,2.03346
1,1017,-2.81319,0.00513,0.00966,2.03147
1,1018,-2.73537,0.00649,0.01188,2.02947
1,1019,-0.68718,0.49234,0.56051,2.02748
1,1020,-2.75511,0.00612,0.01128,2.02549
1,1021,-2.22037,0.02692,0.04308,2.02351
1,1022,-7.58886,0.0,0.0,2.02153
1,1023,-2.72451,0.00671,0.01223,2.01955
1,1024,-1.44548,0.14907,0.19884,2.01758
1,1025,1.10256,0.27085,0.33766,2.01561
1,1026,2.12395,0.03425,0.05363,2.01365
1,1027,3.72306,0.00022,0.00055,2.01168
1,1028,8.2274,0.0,0.0,2.00973
1,1029,4.39926,1e-05,4e-05,2.00777
1,1030,2.19072,0.02902,0.0461,2.00583
1,1031,2.33641,0.01994,0.03274,2.00388
1,1032,-0.79376,0.42778,0.49922,2.00194
1,1033,-3.14016,0.00181,0.00374,2.0
2,1,-0.16403,0.86979,0.89658,1252.0
2,2,0.49833,0.61851,0.67703,626.0
2,3,-0.50584,0.61323,0.67206,417.33333
2,4,0.36463,0.71557,0.76405,313.0
2,5,-2.68086,0.00763,0.01374,250.4
2,6,-2.07864,0.03825,0.05932,208.66667
2,7,0.73578,0.46227,0.53163,178.85714
2,8,4.07311,6e-05,0.00015,156.5
2,9,1.47668,0.14051,0.18843,139.11111
2,10,2.54714,0.01121,0.01943,125.2
2,11,4.64028,0.0,2e-05,113.81818
2,12,7.73069,0.0,0.0,104.33333
2,13,5.87331,0.0,0.0,96.30769
2,14,4.43087,1e-05,4e-05,89.42857
2,15,4.8559,0.0,1e-05,83.46667
2,16,5.86821,0.0,0.0,78.25
2,17,-1.01314,0.31158,0.38149,73.64706
2,18,0.9013,0.36795,0.43991,69.55556
2,19,3.45076,0.00062,0.0014,65.89474
2,20,0.12878,0.89759,0.91997,62.6
2,21,-0.04917,0.96081,0.96992,59.61905
2,22,1.26652,0.20603,0.26534,56.90909
2,23,-0.5335,0.59397,0.65504,54.43478
2,24,-0.31962,0.74941,0.79342,52.16667
2,25,-0.67667,0.49899,0.56691,50.08
2,26,2.18844,0.02918,0.04631,48.15385
2,27,1.7957,0.07326,0.10563,46.37037
2,28,1.23484,0.21758,0.27839,44.71429
2,29,-1.03397,0.30174,0.37122,43.17241
2,30,-0.54216,0.588,0.64967,41.73333
2,31,0.36801,0.71305,0.76194,40.3871
2,32,-1.01443,0.31096,0.38088,39.125
2,33,0.20271,0.83946,0.86972,37.93939
2,34,3.20664,0.00145,0.00306,36.82353
2,35,13.09565,0.0,0.0,35.77143
2,36,5.25005,0.0,0.0,34.77778
2,37,4.36739,2e-05,5e-05,33.83784
2,38,2.95114,0.00334,0.00656,32.94737
2,39,3.14521,0.00178,0.00369,32.10256
2,40,6.16877,0.0,0.0,31.3
2,41,5.54579,0.0,0.0,30.53659
2,42,8.69494,0.0,0.0,29.80952
2,43,8.51511,0.0,0.0,29.11628
2,44,9.18962,0.0,0.0,28.45455
2,45,3.97634,8e-05,0.00022,27.82222
2,46,6.17722,0.0,0.0,27.21739
2,47,5.41847,0.0,0.0,26.6383
2,48,3.15151,0.00174,0.00362,26.08333
2,49,1.67016,0.09563,0.13388,25.55102
2,50,-1.79315,0.07367,0.10616,25.04
2,51,-7.75599,0.0,0.0,24.54902
2,52,-8.06214,0.0,0.0,24.07692
2,53,-4.56982,1e-05,2e-05,23.62264
2,54,-5.13588,0.0,0.0,23.18519
2,55,2.9548,0.0033,0.00649,22.76364
2,56,0.37988,0.70423,0.75387,22.35714
2,57,-0.9591,0.33806,0.40916,21.96491
2,58,1.95375,0.05139,0.07713,21.58621
2,59,2.80162,0.00532,0.00996,21.22034
2,60,-0.77982,0.43593,0.50725,20.86667
2,61,-1.8987,0.05829,0.08627,20.52459
2,62,-3.29735,0.00106,0.0023,20.19355
2,63,6.20173,0.0,0.0,19.87302
2,64,3.28886,0.00109,0.00236,19.5625
2,65,2.89924,0.00394,0.00759,19.26154
2,66,3.21835,0.00139,0.00295,18.9697
2,67,2.07183,0.03889,0.06014,18.68657
2,68,0.13389,0.89355,0.91692,18.41176
2,69,-6.94945,0.0,0.0,18.14493
2,70,-7.37464,0.0,0.0,17.88571
2,71,-6.51044,0.0,0.0,17.6338
2,72,-6.3656,0.0,0.0,17.38889
2,73,-4.50802,1e-05,3e-05,17.15068
2,74,-2.96843,0.00316,0.00625,16.91892
2,75,-1.62081,0.10581,0.1461,16.69333
2,76,-4.14873,4e-05,0.00011,16.47368
2,77,-2.57923,0.01024,0.01786,16.25974
2,78,-3.10783,0.00201,0.00413,16.05128
2,79,-0.45866,0.64671,0.70237,15.8481
2,80,3.61041,0.00034,0.00081,15.65
2,81,7.13588,0.0,0.0,15.45679
2,82,9.82513,0.0,0.0,15.26829
2,83,0.94081,0.34734,0.41893,15.08434
2,84,-0.05202,0.95854,0.96821,14.90476
2,85,-2.77594,0.00575,0.01068,14.72941
2,86,-4.52846,1e-05,2e-05,14.55814
2,87,-6.08478,0.0,0.0,14.3908
2,88,-6.91783,0.0,0.0,14.22727
2,89,-7.95367,0.0,0.0,14.06742
2,90,-9.17011,0.0,0.0,13.91111
2,91,-7.82341,0.0,0.0,13.75824
2,92,3.53225,0.00046,0.00106,13.6087
2,93,2.63885,0.00863,0.01534,13.46237
2,94,3.49784,0.00052,0.00119,13.31915
2,95,3.5363,0.00045,0.00105,13.17895
2,96,2.50345,0.01268,0.02175,13.04167
2,97,1.98841,0.04741,0.07181,12.90722
2,98,5.22032,0.0,0.0,12.77551
2,99,2.86224,0.00442,0.00844,12.64646
2,100,3.17775,0.00159,0.00334,12.52
2,101,2.16414,0.03101,0.049,12.39604
2,102,-3.28604,0.0011,0.00238,12.27451
2,103,-5.74797,0.0,0.0,12.15534
2,104,-2.10337,0.03603,0.05614,12.03846
2,105,-5.98145,0.0,0.0,11.92381
2,106,-3.78639,0.00018,0.00044,11.81132
2,107,-3.26445,0.00119,0.00255,11.70093
2,108,-3.08006,0.0022,0.00449,11.59259
2,109,-4.01597,7e-05,0.00019,11.48624
2,110,-5.72602,0.0,0.0,11.38182
2,111,-5.10155,0.0,0.0,11.27928
2,112,-7.10822,0.0,0.0,11.17857
2,113,-6.21408,0.0,0.0,11.07965
2,114,-4.25819,3e-05,7e-05,10.98246
2,115,0.2589,0.79584,0.83325,10.88696
2,116,1.50187,0.13388,0.18046,10.7931
2,117,6.13235,0.0,0.0,10.70085
2,118,5.99444,0.0,0.0,10.61017
2,119,7.65502,0.0,0.0,10.52101
2,120,7.28215,0.0,0.0,10.43333
2,121,7.59038,0.0,0.0,10.34711
2,122,7.14338,0.0,0.0,10.2623
2,123,3.67363,0.00027,0.00066,10.17886
2,124,3.16932,0.00164,0.00343,10.09677
2,125,-2.68893,0.00745,0.01344,10.016
2,126,-4.32018,2e-05,6e-05,9.93651
2,127,-5.65523,0.0,0.0,9.85827
2,128,-5.83097,0.0,0.0,9.78125
2,129,-6.63994,0.0,0.0,9.70543
2,130,-5.07264,0.0,0.0,9.63077
2,131,-4.11923,5e-05,0.00013,9.55725
2,132,-1.32849,0.18473,0.24099,9.48485
2,133,-1.13777,0.25586,0.32142,9.41353
2,134,-0.74252,0.45819,0.52835,9.34328
2,135,-0.25633,0.79782,0.83478,9.27407
2,136,2.31118,0.0213,0.03473,9.20588
2,137,1.99074,0.04715,0.07145,9.13869
2,138,0.66447,0.50675,0.57495,9.07246
2,139,-3.46079,0.00059,0.00135,9.00719
2,140,-2.81732,0.00507,0.00955,8.94286
2,141,-1.00378,0.31606,0.38613,8.87943
2,142,-0.19637,0.84441,0.87366,8.8169
2,143,5.29999,0.0,0.0,8.75524
2,144,0.45358,0.65036,0.70542,8.69444
2,145,-3.91447,0.00011,0.00028,8.63448
2,146,-1.3757,0.16965,0.22358,8.57534
2,147,-2.49958,0.01281,0.02196,8.51701
2,148,-6.18391,0.0,0.0,8.45946
2,149,-2.50173,0.01274,0.02184,8.40268
2,150,-3.83734,0.00014,0.00037,8.34667
2,151,-5.29393,0.0,0.0,8.29139
2,152,-1.83236,0.0676,0.09833,8.23684
2,153,-0.02853,0.97725,0.98187,8.18301
2,154,-2.17581,0.03012,0.04769,8.12987
2,155,-3.27144,0.00116,0.00249,8.07742
2,156,2.67628,0.00773,0.01391,8.02564
2,157,1.39977,0.16232,0.21491,7.97452
2,158,-0.61078,0.54167,0.60761,7.92405
2,159,-0.89023,0.37385,0.44622,7.87421
2,160,-0.60138,0.54791,0.61344,7.825
2,161,-1.85092,0.06488,0.0947,7.7764
2,162,-2.15252,0.03192,0.05033,7.7284
2,163,-6.46276,0.0,0.0,7.68098
2,164,-5.23278,0.0,0.0,7.63415
2,165,-3.0162,0.00271,0.00542,7.58788
2,166,-1.50112,0.13407,0.18069,7.54217
2,167,1.03171,0.3028,0.37237,7.49701
2,168,4.66498,0.0,1e-05,7.45238
2,169,5.57813,0.0,0.0,7.40828
2,170,5.15988,0.0,0.0,7.36471
2,171,1.96434,0.05015,0.07542,7.32164
2,172,-2.34599,0.01944,0.03198,7.27907
2,173,-4.49868,1e-05,3e-05,7.23699
2,174,-5.43354,0.0,0.0,7.1954
2,175,-7.8637,0.0,0.0,7.15429
2,176,-6.59551,0.0,0.0,7.11364
2,177,-7.39274,0.0,0.0,7.07345
2,178,-3.19092,0.00152,0.00321,7.03371
2,179,1.31148,0.19041,0.24755,6.99441
2,180,2.35458,0.019,0.03132,6.95556
2,181,-2.82775,0.00491,0.00929,6.91713
2,182,-0.12,0.90454,0.92534,6.87912
2,183,3.27772,0.00113,0.00244,6.84153
2,184,-4.48906,1e-05,3e-05,6.80435
2,185,-1.35456,0.17628,0.23132,6.76757
2,186,6.18283,0.0,0.0,6.73118
2,187,6.02235,0.0,0.0,6.69519
2,188,5.71525,0.0,0.0,6.65957
2,189,1.5266,0.12761,0.17287,6.62434
2,190,1.20863,0.22748,0.28944,6.58947
2,191,-3.55829,0.00042,0.00098,6.55497
2,192,-4.82568,0.0,1e-05,6.52083
2,193,-7.64703,0.0,0.0,6.48705
2,194,-3.26021,0.0012,0.00258,6.45361
2,195,-5.24468,0.0,0.0,6.42051
2,196,-9.05107,0.0,0.0,6.38776
2,197,-10.06459,0.0,0.0,6.35533
2,198,-9.24899,0.0,0.0,6.32323
2,199,-7.5025,0.0,0.0,6.29146
2,200,-5.73772,0.0,0.0,6.26
2,201,-2.14517,0.03251,0.05114,6.22886
2,202,-0.71549,0.4747,0.54321,6.19802
2,203,2.32129,0.02075,0.03393,6.16749
2,204,3.45275,0.00061,0.00139,6.13725
2,205,-2.31973,0.02083,0.03405,6.10732
2,206,-3.00335,0.00283,0.00563,6.07767
2,207,-3.62263,0.00033,0.00078,6.04831
2,208,-1.08185,0.27994,0.34772,6.01923
2,209,-2.6074,0.00945,0.01665,5.99043
2,210,-0.25528,0.79863,0.83545,5.9619
2,211,-0.83137,0.40623,0.47876,5.93365
2,212,-2.52372,0.01198,0.02067,5.90566
2,213,-4.04811,6e-05,0.00017,5.87793
2,214,-6.07699,0.0,0.0,5.85047
2,215,-6.60732,0.0,0.0,5.82326
2,216,-4.32553,2e-05,6e-05,5.7963
2,217,1.54514,0.12306,0.16741,5.76959
2,218,1.61406,0.10726,0.14783,5.74312
2,219,2.73065,0.00659,0.01203,5.71689
2,220,-2.65834,0.00815,0.01456,5.69091
2,221,2.03165,0.04282,0.06555,5.66516
2,222,-0.77848,0.43672,0.50794,5.63964
2,223,-6.25639,0.0,0.0,5.61435
2,224,-5.43189,0.0,0.0,5.58929
2,225,-0.62112,0.53486,0.60118,5.56444
2,226,-2.32036,0.0208,0.034,5.53982
2,227,-2.8179,0.00506,0.00954,5.51542
2,228,2.5575,0.01089,0.01892,5.49123
2,229,4.82689,0.0,1e-05,5.46725
2,230,6.92626,0.0,0.0,5.44348
2,231,0.88476,0.37679,0.44909,5.41991
2,232,-0.78934,0.43035,0.50187,5.39655
2,233,-3.90908,0.00011,0.00028,5.37339
2,234,-1.89735,0.05846,0.08648,5.35043
2,235,-2.86676,0.00435,0.00834,5.32766
2,236,-2.54346,0.01133,0.01962,5.30508
2,237,-4.44506,1e-05,3e-05,5.2827
2,238,2.05233,0.04075,0.06277,5.2605
2,239,-3.53048,0.00046,0.00107,5.23849
2,240,-2.88609,0.0041,0.00788,5.21667
2,241,-5.52753,0.0,0.0,5.19502
2,242,-3.20421,0.00146,0.00308,5.17355
2,243,-5.57776,0.0,0.0,5.15226
2,244,-4.29294,2e-05,7e-05,5.13115
2,245,-4.96834,0.0,0.0,5.1102
2,246,-6.30351,0.0,0.0,5.08943
2,247,-8.30213,0.0,0.0,5.06883
2,248,-10.72779,0.0,0.0,5.04839
2,249,-5.21451,0.0,0.0,5.02811
2,250,-3.04028,0.00251,0.00505,5.008
2,251,-0.82463,0.41005,0.48218,4.98805
2,252,-2.86627,0.00436,0.00835,4.96825
2,253,-0.85925,0.39069,0.46334,4.94862
2,254,2.32696,0.02044,0.03348,4.92913
2,255,-0.49394,0.62161,0.6796,4.9098
2,256,0.71082,0.47759,0.5462,4.89062
2,257,0.13961,0.88903,0.91293,4.8716
2,258,3.19547,0.0015,0.00316,4.85271
2,259,-1.78976,0.07421,0.10687,4.83398
2,260,0.47835,0.63265,0.68927,4.81538
2,261,-1.48044,0.1395,0.18731,4.79693
2,262,-1.06058,0.28949,0.35804,4.77863
2,263,3.30845,0.00102,0.00222,4.76046
2,264,1.50879,0.1321,0.17835,4.74242
2,265,0.84863,0.39657,0.46947,4.72453
2,266,1.94949,0.0519,0.07779,4.70677
2,267,1.01439,0.31098,0.38088,4.68914
2,268,6.77999,0.0,0.0,4.67164
2,269,5.91164,0.0,0.0,4.65428
2,270,2.7006,0.0072,0.01303,4.63704
2,271,2.75202,0.00618,0.01138,4.61993
2,272,1.68412,0.0929,0.13067,4.60294
2,273,-3.16744,0.00165,0.00345,4.58608
2,274,-5.47711,0.0,0.0,4.56934
2,275,-6.82022,0.0,0.0,4.55273
2,276,-4.00528,7e-05,0.0002,4.53623
2,277,0.12136,0.90347,0.92453,4.51986
2,278,2.15078,0.03206,0.05053,4.5036
2,279,1.3084,0.19145,0.24871,4.48746
2,280,2.46028,0.01428,0.02425,4.47143
2,281,1.16196,0.24591,0.31001,4.45552
2,282,-6.5245,0.0,0.0,4.43972
2,283,-7.1521,0.0,0.0,4.42403
2,284,-5.05736,0.0,0.0,4.40845
2,285,-3.20894,0.00143,0.00304,4.39298
2,286,-3.2486,0.00125,0.00268,4.37762
2,287,-0.6999,0.48437,0.55295,4.36237
2,288,-2.34619,0.01943,0.03197,4.34722
2,289,-3.50813,0.0005,0.00116,4.33218
2,290,-2.2053,0.02797,0.04458,4.31724
2,291,-1.8942,0.05888,0.08701,4.30241
2,292,-0.09644,0.92321,0.93936,4.28767
2,293,4.80751,0.0,1e-05,4.27304
2,294,9.09802,0.0,0.0,4.2585
2,295,3.96854,8e-05,0.00023,4.24407
2,296,2.58669,0.01002,0.01754,4.22973
2,297,-3.04626,0.00246,0.00496,4.21549
2,298,-1.92152,0.05534,0.08229,4.20134
2,299,-3.82143,0.00015,0.00039,4.18729
2,300,-0.03347,0.97331,0.97897,4.17333
2,301,-2.0641,0.03962,0.06115,4.15947
2,302,-4.00779,7e-05,0.0002,4.1457
2,303,-2.64076,0.00858,0.01525,4.13201
2,304,-2.89865,0.00394,0.00761,4.11842
2,305,-3.28628,0.0011,0.00238,4.10492
2,306,-2.89737,0.00396,0.00763,4.0915
2,307,-3.09034,0.00213,0.00435,4.07818
2,308,-7.26298,0.0,0.0,4.06494
2,309,-7.0238,0.0,0.0,4.05178
2,310,-9.17902,0.0,0.0,4.03871
2,311,-7.66318,0.0,0.0,4.02572
2,312,-6.69291,0.0,0.0,4.01282
2,313,-2.34336,0.01957,0.03219,4.0
2,314,-2.38113,0.0177,0.02941,3.98726
2,315,0.97184,0.33169,0.40257,3.9746
2,316,3.00216,0.00284,0.00565,3.96203
2,317,2.07446,0.03864,0.05985,3.94953
2,318,-0.21091,0.83306,0.86424,3.93711
2,319,-6.22013,0.0,0.0,3.92476
2,320,-2.32466,0.02056,0.03365,3.9125
2,321,1.62067,0.10583,0.14612,3.90031
2,322,0.11603,0.90769,0.92771,3.8882
2,323,2.06848,0.0392,0.06057,3.87616
2,324,3.68119,0.00026,0.00064,3.8642
2,325,-2.61439,0.00926,0.01634,3.85231
2,326,-5.33275,0.0,0.0,3.84049
2,327,-5.94716,0.0,0.0,3.82875
2,328,-5.91471,0.0,0.0,3.81707
2,329,-8.1686,0.0,0.0,3.80547
2,330,-2.96092,0.00324,0.00638,3.79394
2,331,-1.58039,0.11477,0.15723,3.78248
2,332,-2.72074,0.00678,0.01236,3.77108
2,333,-4.59769,1e-05,2e-05,3.75976
2,334,1.60242,0.10981,0.15094,3.7485
2,335,4.22761,3e-05,8e-05,3.73731
2,336,5.06263,0.0,0.0,3.72619
2,337,3.76647,0.00019,0.00047,3.71513
2,338,7.95659,0.0,0.0,3.70414
2,339,1.19023,0.23463,0.29739,3.69322
2,340,4.65651,0.0,1e-05,3.68235
2,341,1.06713,0.28652,0.35503,3.67155
2,342,3.97935,8e-05,0.00022,3.66082
2,343,4.41824,1e-05,4e-05,3.65015
2,344,8.31591,0.0,0.0,3.63953
2,345,8.99138,0.0,0.0,3.62899
2,346,5.92849,0.0,0.0,3.6185
2,347,2.91014,0.0038,0.00737,3.60807
2,348,1.28051,0.20107,0.25983,3.5977
2,349,0.28698,0.77427,0.81456,3.58739
2,350,-0.31621,0.752,0.79557,3.57714
2,351,-4.23235,3e-05,8e-05,3.56695
2,352,-4.20788,3e-05,9e-05,3.55682
2,353,-2.78993,0.00551,0.01027,3.54674
2,354,0.62916,0.52958,0.59639,3.53672
2,355,3.33287,0.00094,0.00205,3.52676
2,356,2.28176,0.023,0.03724,3.51685
2,357,2.47901,0.01356,0.02313,3.507
2,358,2.75651,0.0061,0.01124,3.49721
2,359,-1.64001,0.10175,0.14118,3.48747
2,360,-3.08556,0.00217,0.00441,3.47778
2,361,0.26355,0.79225,0.83051,3.46814
2,362,1.02723,0.3049,0.3747,3.45856
2,363,0.48488,0.62801,0.68488,3.44904
2,364,-1.33704,0.18193,0.23768,3.43956
2,365,-2.90861,0.00382,0.0074,3.43014
2,366,-3.41071,0.00071,0.00159,3.42077
2,367,-4.49913,1e-05,3e-05,3.41144
2,368,-4.64497,0.0,2e-05,3.40217
2,369,-6.15169,0.0,0.0,3.39295
2,370,-5.08629,0.0,0.0,3.38378
2,371,-3.19617,0.0015,0.00316,3.37466
2,372,-1.3959,0.16348,0.21628,3.36559
2,373,-1.60495,0.10925,0.15026,3.35657
2,374,-1.00686,0.31458,0.38465,3.34759
2,375,-3.03631,0.00254,0.00511,3.33867
2,376,-3.74777,0.0002,0.0005,3.32979
2,377,-3.12814,0.00188,0.00388,3.32095
2,378,4.04489,6e-05,0.00017,3.31217
2,379,6.00378,0.0,0.0,3.30343
2,380,8.07493,0.0,0.0,3.29474
2,381,9.94294,0.0,0.0,3.28609
2,382,6.30023,0.0,0.0,3.27749
2,383,-0.17812,0.85871,0.88625,3.26893
2,384,-0.48461,0.6282,0.68495,3.26042
2,385,-2.54146,0.0114,0.01972,3.25195
2,386,-0.80076,0.42372,0.49541,3.24352
2,387,-1.35664,0.17562,0.23054,3.23514
2,388,-1.64154,0.10143,0.14078,3.2268
2,389,0.48115,0.63066,0.68747,3.21851
2,390,6.25522,0.0,0.0,3.21026
2,391,6.21713,0.0,0.0,3.20205
2,392,5.41178,0.0,0.0,3.19388
2,393,4.00069,7e-05,0.0002,3.18575
2,394,-0.48472,0.62813,0.68494,3.17766
2,395,-2.35691,0.01888,0.03116,3.16962
2,396,-5.15771,0.0,0.0,3.16162
2,397,-1.26087,0.20805,0.26764,3.15365
2,398,-0.0352,0.97194,0.97821,3.14573
2,399,0.42204,0.67321,0.7261,3.13784
2,400,2.56611,0.01063,0.0185,3.13
2,401,4.61554,1e-05,2e-05,3.12219
2,402,1.22815,0.22007,0.28123,3.11443
2,403,-1.20242,0.22987,0.29207,3.1067
2,404,-4.64056,0.0,2e-05,3.09901
2,405,-5.73805,0.0,0.0,3.09136
2,406,-7.20133,0.0,0.0,3.08374
2,407,-4.61186,1e-05,2e-05,3.07617
2,408,2.22709,0.02647,0.04241,3.06863
2,409,9.35537,0.0,0.0,3.06112
2,410,5.39952,0.0,0.0,3.05366
2,411,8.32412,0.0,0.0,3.04623
2,412,8.87268,0.0,0.0,3.03883
2,413,9.11582,0.0,0.0,3.03148
2,414,8.66022,0.0,0.0,3.02415
2,415,8.47585,0.0,0.0,3.01687
2,416,6.94453,0.0,0.0,3.00962
2,417,5.97121,0.0,0.0,3.0024
2,418,1.70754,0.08846,0.1251,2.99522
2,419,2.59301,0.00984,0.01725,2.98807
2,420,1.0081,0.31398,0.38402,2.98095
2,421,3.51578,0.00049,0.00113,2.97387
2,422,4.3055,2e-05,6e-05,2.96682
2,423,3.25046,0.00124,0.00266,2.95981
2,424,1.45821,0.14553,0.19448,2.95283
2,425,4.80012,0.0,1e-05,2.94588
2,426,0.81474,0.41568,0.48772,2.93897
2,427,-2.94624,0.00339,0.00665,2.93208
2,428,-4.31456,2e-05,6e-05,2.92523
2,429,0.12928,0.8972,0.91975,2.91841
2,430,-3.02888,0.00261,0.00522,2.91163
2,431,-0.74853,0.45456,0.52496,2.90487
2,432,1.12818,0.25988,0.32586,2.89815
2,433,3.91351,0.00011,0.00028,2.89145
2,434,6.11533,0.0,0.0,2.88479
2,435,5.24581,0.0,0.0,2.87816
2,436,7.17791,0.0,0.0,2.87156
2,437,6.69265,0.0,0.0,2.86499
2,438,8.49914,0.0,0.0,2.85845
2,439,7.78319,0.0,0.0,2.85194
2,440,8.8664,0.0,0.0,2.84545
2,441,7.48145,0.0,0.0,2.839
2,442,8.18641,0.0,0.0,2.83258
2,443,2.65841,0.00815,0.01456,2.82619
2,444,0.2594,0.79545,0.83299,2.81982
2,445,-2.83909,0.00474,0.009,2.81348
2,446,3.26616,0.00118,0.00253,2.80717
2,447,0.34218,0.73238,0.77901,2.80089
2,448,1.63004,0.10384,0.14374,2.79464
2,449,2.04902,0.04108,0.06319,2.78842
2,450,1.55812,0.11995,0.16365,2.78222
2,451,3.70105,0.00024,0.0006,2.77605
2,452,4.70598,0.0,1e-05,2.76991
2,453,5.72158,0.0,0.0,2.7638
2,454,6.97648,0.0,0.0,2.75771
2,455,8.35684,0.0,0.0,2.75165
2,456,6.84898,0.0,0.0,2.74561
2,457,7.78006,0.0,0.0,2.73961
2,458,7.52032,0.0,0.0,2.73362
2,459,4.52704,1e-05,3e-05,2.72767
2,460,4.72601,0.0,1e-05,2.72174
2,461,2.85293,0.00454,0.00866,2.71584
2,462,2.23592,0.02588,0.04152,2.70996
2,463,2.60462,0.00952,0.01676,2.7041
2,464,1.10127,0.27141,0.33827,2.69828
2,465,0.76786,0.443,0.51393,2.69247
2,466,3.53311,0.00046,0.00106,2.6867
2,467,4.53105,1e-05,2e-05,2.68094
2,468,3.88755,0.00012,0.00031,2.67521
2,469,2.40358,0.01667,0.02781,2.66951
2,470,4.78921,0.0,1e-05,2.66383
2,471,5.92872,0.0,0.0,2.65817
2,472,-1.36428,0.17321,0.22788,2.65254
2,473,-1.79367,0.07358,0.10608,2.64693
2,474,-1.52304,0.1285,0.17395,2.64135
2,475,-2.73407,0.00652,0.01192,2.63579
2,476,-6.0848,0.0,0.0,2.63025
2,477,-4.75078,0.0,1e-05,2.62474
2,478,-1.77038,0.07739,0.11104,2.61925
2,479,-3.59006,0.00037,0.00087,2.61378
2,480,-5.8247,0.0,0.0,2.60833
2,481,-3.63349,0.00031,0.00075,2.60291
2,482,-2.98411,0.00301,0.00597,2.59751
2,483,-3.58324,0.00038,0.00089,2.59213
2,484,-5.81951,0.0,0.0,2.58678
2,485,-3.42319,0.00068,0.00153,2.58144
2,486,-0.74188,0.45857,0.52844,2.57613
2,487,0.94664,0.34436,0.41604,2.57084
2,488,3.42265,0.00068,0.00153,2.56557
2,489,3.75461,0.0002,0.00049,2.56033
2,490,0.17834,0.85854,0.88625,2.5551
2,491,-1.55237,0.12132,0.16523,2.5499
2,492,-1.28532,0.19938,0.25788,2.54472
2,493,1.0611,0.28925,0.35784,2.53955
2,494,2.08593,0.03758,0.05841,2.53441
2,495,0.72795,0.46705,0.53641,2.52929
2,496,-0.36076,0.71846,0.76681,2.52419
2,497,-3.36553,0.00083,0.00184,2.51911
2,498,-4.85264,0.0,1e-05,2.51406
2,499,-5.01748,0.0,0.0,2.50902
2,500,-5.87467,0.0,0.0,2.504
2,501,2.89753,0.00396,0.00763,2.499
2,502,3.70763,0.00024,0.00058,2.49402
2,503,3.66954,0.00027,0.00066,2.48907
2,504,4.25119,3e-05,8e-05,2.48413
2,505,7.04022,0.0,0.0,2.47921
2,506,6.9216,0.0,0.0,2.47431
2,507,1.72486,0.08529,0.12114,2.46943
2,508,2.19339,0.02882,0.04585,2.46457
2,509,-1.6183,0.10635,0.14668,2.45972
2,510,0.84349,0.39943,0.47242,2.4549
2,511,1.68181,0.09335,0.13116,2.4501
2,512,4.74756,0.0,1e-05,2.44531
2,513,4.07349,6e-05,0.00015,2.44055
2,514,4.37659,2e-05,5e-05,2.4358
2,515,3.10133,0.00206,0.00421,2.43107
2,516,3.42082,0.00069,0.00154,2.42636
2,517,3.80546,0.00016,0.00041,2.42166
2,518,0.10716,0.91471,0.93307,2.41699
2,519,1.44309,0.14974,0.19966,2.41233
2,520,1.20236,0.2299,0.29207,2.40769
2,521,0.00528,0.99579,0.99708,2.40307
2,522,-4.58526,1e-05,2e-05,2.39847
2,523,-4.11994,5e-05,0.00013,2.39388
2,524,0.2965,0.76699,0.80895,2.38931
2,525,-1.05865,0.29037,0.35895,2.38476
2,526,5.23448,0.0,0.0,2.38023
2,527,8.11475,0.0,0.0,2.37571
2,528,9.77478,0.0,0.0,2.37121
2,529,8.27391,0.0,0.0,2.36673
2,530,2.13632,0.03323,0.05214,2.36226
2,531,1.58546,0.11361,0.15582,2.35782
2,532,-0.9443,0.34556,0.41693,2.35338
2,533,-4.1127,5e-05,0.00013,2.34897
2,534,-3.98478,8e-05,0.00021,2.34457
2,535,1.73882,0.0828,0.11794,2.34019
2,536,1.5323,0.1262,0.17123,2.33582
2,537,0.5312,0.59556,0.65665,2.33147
2,538,-2.63728,0.00867,0.01539,2.32714
2,539,-2.0294,0.04304,0.06585,2.32282
2,540,-2.03951,0.04202,0.06451,2.31852
2,541,-4.78496,0.0,1e-05,2.31423
2,542,-3.11995,0.00193,0.00398,2.30996
2,543,-1.98771,0.04749,0.0719,2.30571
2,544,-3.12216,0.00192,0.00395,2.30147
2,545,-1.93793,0.0533,0.07963,2.29725
2,546,-3.02304,0.00266,0.00531,2.29304
2,547,0.10294,0.91806,0.93555,2.28885
2,548,-3.79051,0.00017,0.00043,2.28467
2,549,-1.56959,0.11726,0.16033,2.28051
2,550,-4.88084,0.0,1e-05,2.27636
2,551,-3.24229,0.00128,0.00273,2.27223
2,552,-3.96507,9e-05,0.00023,2.26812
2,553,-3.422,0.00068,0.00154,2.26401
2,554,3.18827,0.00154,0.00323,2.25993
2,555,1.46402,0.14393,0.19261,2.25586
2,556,-1.94942,0.05191,0.0778,2.2518
2,557,1.12636,0.26065,0.32654,2.24776
2,558,-2.07396,0.03869,0.0599,2.24373
2,559,-7.19549,0.0,0.0,2.23971
2,560,-5.61318,0.0,0.0,2.23571
2,561,-4.42297,1e-05,4e-05,2.23173
2,562,-3.74807,0.0002,0.0005,2.22776
2,563,-1.27964,0.20138,0.26016,2.2238
2,564,-2.01293,0.04476,0.06828,2.21986
2,565,2.50123,0.01275,0.02187,2.21593
2,566,0.24766,0.80451,0.84064,2.21201
2,567,0.70592,0.48063,0.54911,2.20811
2,568,3.85344,0.00013,0.00035,2.20423
2,569,3.39009,0.00076,0.0017,2.20035
2,570,1.23136,0.21887,0.27992,2.19649
2,571,3.5472,0.00043,0.00101,2.19264
2,572,2.96387,0.00321,0.00633,2.18881
2,573,-2.94053,0.00346,0.00676,2.18499
2,574,-1.30321,0.19321,0.25064,2.18118
2,575,-1.26762,0.20563,0.26494,2.17739
2,576,0.08146,0.93512,0.94829,2.17361
2,577,4.40116,1e-05,4e-05,2.16984
2,578,7.0228,0.0,0.0,2.16609
2,579,5.37854,0.0,0.0,2.16235
2,580,5.92134,0.0,0.0,2.15862
2,581,6.79611,0.0,0.0,2.15491
2,582,4.83832,0.0,1e-05,2.1512
2,583,5.83446,0.0,0.0,2.14751
2,584,3.57417,0.00039,0.00092,2.14384
2,585,1.64099,0.10154,0.14092,2.14017
2,586,-3.25397,0.00123,0.00263,2.13652
2,587,-2.80285,0.0053,0.00993,2.13288
2,588,-1.68145,0.09342,0.13122,2.12925
2,589,-4.65233,0.0,1e-05,2.12564
2,590,-3.4385,0.00064,0.00146,2.12203
2,591,-2.76648,0.00592,0.01094,2.11844
2,592,-5.75059,0.0,0.0,2.11486
2,593,-4.77844,0.0,1e-05,2.1113
2,594,-0.61238,0.54062,0.60684,2.10774
2,595,3.15485,0.00172,0.00358,2.1042
2,596,2.56824,0.01056,0.01839,2.10067
2,597,8.24296,0.0,0.0,2.09715
2,598,8.66888,0.0,0.0,2.09365
2,599,1.55742,0.12012,0.16383,2.09015
2,600,1.47931,0.1398,0.18766,2.08667
2,601,-3.47189,0.00057,0.0013,2.08319
2,602,-3.44825,0.00062,0.00141,2.07973
2,603,-0.21288,0.83152,0.86318,2.07629
2,604,2.86163,0.00442,0.00845,2.07285
2,605,-0.64813,0.51725,0.58441,2.06942
2,606,-3.08089,0.0022,0.00447,2.06601
2,607,-1.79117,0.07398,0.10657,2.0626
2,608,-3.5078,0.0005,0.00116,2.05921
2,609,-4.14731,4e-05,0.00012,2.05583
2,610,-7.6471,0.0,0.0,2.05246
2,611,0.85366,0.39378,0.46667,2.0491
2,612,-3.0593,0.00236,0.00477,2.04575
2,613,-0.33914,0.73467,0.78111,2.04241
2,614,-0.31784,0.75077,0.7946,2.03909
2,615,0.94956,0.34288,0.41435,2.03577
2,616,-1.6569,0.09828,0.13706,2.03247
2,617,4.53101,1e-05,2e-05,2.02917
2,618,3.93388,0.0001,0.00026,2.02589
2,619,1.33808,0.18159,0.23729,2.02262
2,620,1.63247,0.10333,0.14315,2.01935
2,621,1.68644,0.09245,0.13008,2.0161
2,622,2.75099,0.0062,0.0114,2.01286
2,623,-0.30814,0.75813,0.80087,2.00963
2,624,3.80257,0.00016,0.00042,2.00641
2,625,4.51445,1e-05,3e-05,2.0032
2,626,3.81315,0.00016,0.0004,2.0
3,1,0.90615,0.36537,0.43741,1084.0
3,2,0.57815,0.56347,0.62784,542.0
3,3,0.92026,0.35796,0.42982,361.33333
3,4,0.94991,0.3427,0.41418,271.0
3,5,0.14134,0.88767,0.91181,216.8
3,6,-0.5217,0.60216,0.66246,180.66667
3,7,1.94278,0.05271,0.07888,154.85714
3,8,0.1436,0.88589,0.91017,135.5
3,9,-0.25245,0.80081,0.83732,120.44444
3,10,-0.10993,0.91252,0.93132,108.4
3,11,-0.29706,0.76656,0.80867,98.54545
3,12,-0.47613,0.63423,0.69062,90.33333
3,13,-1.55411,0.12091,0.16471,83.38462
3,14,0.13076,0.89603,0.91889,77.42857
3,15,-0.553,0.58056,0.64301,72.26667
3,16,-1.71476,0.08712,0.12351,67.75
3,17,-3.46078,0.00059,0.00135,63.76471
3,18,-3.4049,0.00073,0.00162,60.22222
3,19,-2.00299,0.04582,0.06967,57.05263
3,20,-3.20198,0.00147,0.0031,54.2
3,21,-3.70949,0.00024,0.00058,51.61905
3,22,0.60396,0.54619,0.61179,49.27273
3,23,2.61339,0.00929,0.01638,47.13043
3,24,6.37914,0.0,0.0,45.16667
3,25,10.60995,0.0,0.0,43.36
3,26,7.85475,0.0,0.0,41.69231
3,27,6.04925,0.0,0.0,40.14815
3,28,3.29541,0.00107,0.00231,38.71429
3,29,-0.00318,0.99746,0.99806,37.37931
3,30,-0.28559,0.77533,0.81522,36.13333
3,31,-2.07433,0.03865,0.05986,34.96774
3,32,-3.25975,0.00121,0.00259,33.875
3,33,-2.32268,0.02067,0.03382,32.84848
3,34,5.21965,0.0,0.0,31.88235
3,35,3.97682,8e-05,0.00022,30.97143
3,36,0.57922,0.56275,0.62725,30.11111
3,37,0.14121,0.88777,0.91182,29.2973
3,38,1.38075,0.16809,0.22185,28.52632
3,39,-1.11442,0.26573,0.33219,27.79487
3,40,-2.22459,0.02664,0.04265,27.1
3,41,-1.48572,0.1381,0.1857,26.43902
3,42,-4.40913,1e-05,4e-05,25.80952
3,43,-6.99155,0.0,0.0,25.2093
3,44,-6.85256,0.0,0.0,24.63636
3,45,-3.63263,0.00032,0.00075,24.08889
3,46,-4.99129,0.0,0.0,23.56522
3,47,-1.88966,0.05949,0.08784,23.06383
3,48,-0.9679,0.33365,0.40456,22.58333
3,49,-3.09226,0.00212,0.00433,22.12245
3,50,-3.66126,0.00028,0.00068,21.68
3,51,-3.11769,0.00195,0.00401,21.2549
3,52,-4.28322,2e-05,7e-05,20.84615
3,53,-3.07466,0.00224,0.00456,20.45283
3,54,-2.49234,0.01307,0.02237,20.07407
3,55,-3.03141,0.00258,0.00518,19.70909
3,56,-6.32217,0.0,0.0,19.35714
3,57,-4.14282,4e-05,0.00012,19.01754
3,58,-4.77075,0.0,1e-05,18.68966
3,59,-6.10724,0.0,0.0,18.37288
3,60,-6.64056,0.0,0.0,18.06667
3,61,-4.0105,7e-05,0.00019,17.77049
3,62,-0.15539,0.87659,0.90228,17.48387
3,63,0.27087,0.78662,0.82565,17.20635
3,64,3.36842,0.00083,0.00183,16.9375
3,65,4.65995,0.0,1e-05,16.67692
3,66,-1.05181,0.29349,0.3625,16.42424
3,67,0.07896,0.9371,0.95012,16.1791
3,68,-1.36218,0.17387,0.22869,15.94118
3,69,-4.14609,4e-05,0.00012,15.71014
3,70,-1.49547,0.13554,0.18253,15.48571
3,71,3.64549,0.0003,0.00072,15.26761
3,72,4.94957,0.0,0.0,15.05556
3,73,2.66083,0.00809,0.01448,14.84932
3,74,2.67171,0.00784,0.01407,14.64865
3,75,-4.03662,6e-05,0.00018,14.45333
3,76,-9.0615,0.0,0.0,14.26316
3,77,-8.31381,0.0,0.0,14.07792
3,78,-6.9022,0.0,0.0,13.89744
3,79,-7.64751,0.0,0.0,13.72152
3,80,-7.91034,0.0,0.0,13.55
3,81,-0.05237,0.95826,0.96821,13.38272
3,82,0.24151,0.80928,0.84447,13.21951
3,83,2.61024,0.00937,0.01653,13.06024
3,84,3.37452,0.00081,0.00179,12.90476
3,85,4.33054,2e-05,6e-05,12.75294
3,86,4.3972,1e-05,4e-05,12.60465
3,87,5.32337,0.0,0.0,12.45977
3,88,2.13763,0.03312,0.05201,12.31818
3,89,1.37249,0.17064,0.22471,12.17978
3,90,0.9375,0.34904,0.42075,12.04444
3,91,1.27974,0.20134,0.26014,11.91209
3,92,7.47789,0.0,0.0,11.78261
3,93,9.3207,0.0,0.0,11.65591
3,94,7.94699,0.0,0.0,11.53191
3,95,6.92198,0.0,0.0,11.41053
3,96,5.27455,0.0,0.0,11.29167
3,97,2.7315,0.00657,0.012,11.17526
3,98,-1.94303,0.05268,0.07884,11.06122
3,99,-2.01223,0.04483,0.06838,10.94949
3,100,-1.13498,0.25703,0.3228,10.84
3,101,-3.4887,0.00054,0.00123,10.73267
3,102,-0.72771,0.4672,0.53652,10.62745
3,103,-0.51253,0.60855,0.66796,10.52427
3,104,-0.75942,0.44802,0.51903,10.42308
3,105,3.40435,0.00073,0.00162,10.32381
3,106,5.64373,0.0,0.0,10.22642
3,107,6.19725,0.0,0.0,10.13084
3,108,1.51091,0.13156,0.17767,10.03704
3,109,1.7512,0.08064,0.11524,9.94495
3,110,-0.88072,0.37897,0.4512,9.85455
3,111,-5.55096,0.0,0.0,9.76577
3,112,-6.27425,0.0,0.0,9.67857
3,113,-4.56108,1e-05,2e-05,9.59292
3,114,-3.82448,0.00015,0.00039,9.50877
3,115,-4.5329,1e-05,2e-05,9.42609
3,116,-3.88535,0.00012,0.00031,9.34483
3,117,-4.85181,0.0,1e-05,9.26496
3,118,-2.97292,0.00312,0.00617,9.18644
3,119,-1.85975,0.06362,0.09317,9.10924
3,120,0.00506,0.99597,0.99716,9.03333
3,121,0.63251,0.5274,0.5943,8.95868
3,122,1.27158,0.20422,0.26339,8.88525
3,123,1.18225,0.23777,0.30096,8.81301
3,124,1.66489,0.09668,0.13514,8.74194
3,125,-2.85757,0.00448,0.00855,8.672
3,126,-4.133,4e-05,0.00012,8.60317
3,127,0.49682,0.61957,0.67782,8.53543
3,128,0.40703,0.68419,0.73628,8.46875
3,129,2.0708,0.03899,0.06027,8.4031
3,130,2.64911,0.00837,0.01492,8.33846
3,131,0.75013,0.4536,0.52397,8.27481
3,132,-7.61542,0.0,0.0,8.21212
3,133,-6.51005,0.0,0.0,8.15038
3,134,-5.09456,0.0,0.0,8.08955
3,135,-1.11667,0.26477,0.33115,8.02963
3,136,-1.22699,0.22051,0.28164,7.97059
3,137,0.56946,0.56935,0.63305,7.91241
3,138,-0.38276,0.70209,0.75199,7.85507
3,139,2.01081,0.04498,0.06858,7.79856
3,140,-0.32369,0.74633,0.79057,7.74286
3,141,-2.72801,0.00664,0.01211,7.68794
3,142,-1.89475,0.05881,0.08694,7.6338
3,143,-0.69789,0.48563,0.554,7.58042
3,144,-3.44551,0.00063,0.00142,7.52778
3,145,-0.58922,0.55603,0.62086,7.47586
3,146,-1.85598,0.06415,0.09379,7.42466
3,147,-1.1984,0.23143,0.29383,7.37415
3,148,-2.35574,0.01894,0.03123,7.32432
3,149,-1.14043,0.25475,0.32015,7.27517
3,150,-1.80747,0.0714,0.10331,7.22667
3,151,-8.15385,0.0,0.0,7.17881
3,152,-5.75082,0.0,0.0,7.13158
3,153,-6.88606,0.0,0.0,7.08497
3,154,-7.99556,0.0,0.0,7.03896
3,155,-6.81923,0.0,0.0,6.99355
3,156,-8.05343,0.0,0.0,6.94872
3,157,-7.37883,0.0,0.0,6.90446
3,158,-3.2969,0.00106,0.0023,6.86076
3,159,-0.92751,0.35419,0.42611,6.81761
3,160,-1.01267,0.3118,0.38172,6.775
3,161,0.32756,0.74341,0.788,6.73292
3,162,8.57172,0.0,0.0,6.69136
3,163,7.87,0.0,0.0,6.65031
3,164,6.30107,0.0,0.0,6.60976
3,165,3.95709,9e-05,0.00024,6.5697
3,166,3.70393,0.00024,0.00059,6.53012
3,167,2.77086,0.00584,0.01082,6.49102
3,168,-3.35465,0.00087,0.00191,6.45238
3,169,-3.30623,0.00103,0.00223,6.4142
3,170,-1.35016,0.17769,0.23281,6.37647
3,171,-1.69621,0.09058,0.12776,6.33918
3,172,-1.992,0.04701,0.07128,6.30233
3,173,2.85147,0.00457,0.00869,6.2659
3,174,5.46485,0.0,0.0,6.22989
3,175,3.87906,0.00012,0.00032,6.19429
3,176,4.49474,1e-05,3e-05,6.15909
3,177,6.01668,0.0,0.0,6.12429
3,178,4.40727,1e-05,4e-05,6.08989
3,179,2.57881,0.01025,0.01788,6.05587
3,180,4.81799,0.0,1e-05,6.02222
3,181,4.26334,2e-05,7e-05,5.98895
3,182,6.59691,0.0,0.0,5.95604
3,183,6.18378,0.0,0.0,5.9235
3,184,7.95776,0.0,0.0,5.8913
3,185,5.10496,0.0,0.0,5.85946
3,186,-2.37571,0.01796,0.02979,5.82796
3,187,-4.89928,0.0,1e-05,5.79679
3,188,-2.88276,0.00414,0.00796,5.76596
3,189,-1.91181,0.05658,0.08401,5.73545
3,190,-1.90694,0.05721,0.08485,5.70526
3,191,-2.37475,0.01801,0.02986,5.67539
3,192,2.04456,0.04152,0.06379,5.64583
3,193,2.00082,0.04605,0.06998,5.61658
3,194,-2.03864,0.04211,0.0646,5.58763
3,195,-2.02326,0.04368,0.0667,5.55897
3,196,-1.14734,0.25189,0.31703,5.53061
3,197,-2.00164,0.04596,0.06986,5.50254
3,198,-2.03099,0.04288,0.06565,5.47475
3,199,1.59937,0.11049,0.15183,5.44724
3,200,2.60616,0.00948,0.01669,5.42
3,201,4.30176,2e-05,6e-05,5.39303
3,202,1.96021,0.05063,0.07612,5.36634
3,203,-2.59976,0.00966,0.01696,5.3399
3,204,-3.25626,0.00122,0.00261,5.31373
3,205,-2.75028,0.00621,0.01142,5.2878
3,206,-2.83835,0.00475,0.00901,5.26214
3,207,-3.29138,0.00108,0.00234,5.23671
3,208,-2.1595,0.03137,0.04953,5.21154
3,209,1.88793,0.05972,0.08811,5.1866
3,210,1.35676,0.17558,0.23052,5.1619
3,211,5.39307,0.0,0.0,5.13744
3,212,5.31802,0.0,0.0,5.11321
3,213,7.19446,0.0,0.0,5.0892
3,214,5.5498,0.0,0.0,5.06542
3,215,1.90672,0.05724,0.08488,5.04186
3,216,5.65264,0.0,0.0,5.01852
3,217,0.45525,0.64916,0.70442,4.99539
3,218,-1.78175,0.07551,0.10857,4.97248
3,219,3.11509,0.00196,0.00404,4.94977
3,220,0.61118,0.54141,0.60738,4.92727
3,221,1.77322,0.07691,0.11041,4.90498
3,222,1.3234,0.18642,0.243,4.88288
3,223,1.30043,0.19416,0.25178,4.86099
3,224,0.97705,0.3291,0.39997,4.83929
3,225,-0.17891,0.85809,0.88598,4.81778
3,226,1.65758,0.09815,0.13688,4.79646
3,227,2.5268,0.01188,0.0205,4.77533
3,228,0.15173,0.87948,0.90461,4.75439
3,229,-2.03462,0.04251,0.06515,4.73362
3,230,-2.69335,0.00736,0.01328,4.71304
3,231,-2.38817,0.01737,0.0289,4.69264
3,232,-2.87367,0.00426,0.00818,4.67241
3,233,-4.07838,5e-05,0.00015,4.65236
3,234,-2.59729,0.00972,0.01707,4.63248
3,235,-3.89017,0.00012,0.0003,4.61277
3,236,-3.14162,0.0018,0.00373,4.59322
3,237,-4.14146,4e-05,0.00012,4.57384
3,238,-0.77153,0.44083,0.51194,4.55462
3,239,1.14096,0.25453,0.31995,4.53556
3,240,2.64751,0.00841,0.01498,4.51667
3,241,1.01832,0.30911,0.37912,4.49793
3,242,0.33286,0.73941,0.78507,4.47934
3,243,3.6206,0.00033,0.00079,4.46091
3,244,4.16427,4e-05,0.00011,4.44262
3,245,1.70452,0.08902,0.12584,4.42449
3,246,2.72309,0.00674,0.01228,4.4065
3,247,4.35701,2e-05,5e-05,4.38866
3,248,5.18508,0.0,0.0,4.37097
3,249,2.32519,0.02054,0.03362,4.35341
3,250,6.63484,0.0,0.0,4.336
3,251,4.74455,0.0,1e-05,4.31873
3,252,5.74776,0.0,0.0,4.30159
3,253,4.13958,4e-05,0.00012,4.28458
3,254,5.88668,0.0,0.0,4.26772
3,255,3.94856,9e-05,0.00024,4.25098
3,256,5.86358,0.0,0.0,4.23438
3,257,1.86206,0.06329,0.09277,4.2179
3,258,3.50469,0.00051,0.00117,4.20155
3,259,-0.49839,0.61847,0.67703,4.18533
3,260,-9.24069,0.0,0.0,4.16923
3,261,-8.01995,0.0,0.0,4.15326
3,262,-3.22276,0.00137,0.00291,4.1374
3,263,0.54489,0.58612,0.64795,4.12167
3,264,2.66382,0.00802,0.01437,4.10606
3,265,3.33202,0.00094,0.00206,4.09057
3,266,8.05667,0.0,0.0,4.07519
3,267,6.54951,0.0,0.0,4.05993
3,268,4.10179,5e-05,0.00014,4.04478
3,269,2.09964,0.03635,0.0566,4.02974
3,270,0.23746,0.81242,0.84725,4.01481
3,271,1.15284,0.24963,0.31442,4.0
3,272,0.21924,0.82657,0.8592,3.98529
3,273,2.7944,0.00544,0.01016,3.9707
3,274,4.88545,0.0,1e-05,3.9562
3,275,7.99529,0.0,0.0,3.94182
3,276,9.47883,0.0,0.0,3.92754
3,277,8.36553,0.0,0.0,3.91336
3,278,5.89291,0.0,0.0,3.89928
3,279,7.81554,0.0,0.0,3.8853
3,280,5.43326,0.0,0.0,3.87143
3,281,-4.00815,7e-05,0.0002,3.85765
3,282,-0.94571,0.34484,0.41633,3.84397
3,283,-2.84708,0.00463,0.0088,3.83039
3,284,-5.33433,0.0,0.0,3.8169
3,285,-6.43168,0.0,0.0,3.80351
3,286,-2.42671,0.01565,0.02629,3.79021
3,287,-2.11677,0.03486,0.05449,3.777
3,288,-0.21554,0.82945,0.86147,3.76389
3,289,2.22647,0.02651,0.04247,3.75087
3,290,4.0301,7e-05,0.00018,3.73793
3,291,2.98013,0.00305,0.00603,3.72509
3,292,2.56277,0.01073,0.01866,3.71233
3,293,0.57095,0.56834,0.632,3.69966
3,294,-2.7106,0.00699,0.01269,3.68707
3,295,-0.08436,0.93281,0.94682,3.67458
3,296,-0.6119,0.54093,0.60712,3.66216
3,297,-0.73981,0.45983,0.52982,3.64983
3,298,-1.30508,0.19258,0.24995,3.63758
3,299,0.9071,0.36487,0.43691,3.62542
3,300,-1.43673,0.15154,0.20165,3.61333
3,301,-0.13747,0.89072,0.9142,3.60133
3,302,1.62789,0.10429,0.14427,3.5894
3,303,1.80794,0.07133,0.10324,3.57756
3,304,2.83879,0.00475,0.009,3.56579
3,305,0.58093,0.5616,0.62631,3.5541
3,306,2.75095,0.0062,0.0114,3.54248
3,307,1.66418,0.09682,0.13526,3.53094
3,308,-1.02344,0.30669,0.37657,3.51948
3,309,-2.92534,0.00363,0.00705,3.50809
3,310,-2.4302,0.01551,0.02609,3.49677
3,311,-8.95722,0.0,0.0,3.48553
3,312,-7.4419,0.0,0.0,3.47436
3,313,-9.39086,0.0,0.0,3.46326
3,314,-5.42769,0.0,0.0,3.45223
3,315,-6.49063,0.0,0.0,3.44127
3,316,-4.93023,0.0,0.0,3.43038
3,317,0.68812,0.49176,0.55991,3.41956
3,318,-2.27343,0.0235,0.03796,3.40881
3,319,1.14667,0.25217,0.31729,3.39812
3,320,1.10136,0.27137,0.33826,3.3875
3,321,2.56919,0.01054,0.01835,3.37695
3,322,5.55317,0.0,0.0,3.36646
3,323,4.6383,0.0,2e-05,3.35604
3,324,5.6267,0.0,0.0,3.34568
3,325,7.56526,0.0,0.0,3.33538
3,326,5.51547,0.0,0.0,3.32515
3,327,1.24354,0.21436,0.27484,3.31498
3,328,-4.57346,1e-05,2e-05,3.30488
3,329,-7.41946,0.0,0.0,3.29483
3,330,-4.84627,0.0,1e-05,3.28485
3,331,-4.03886,6e-05,0.00017,3.27492
3,332,-2.3625,0.01861,0.03072,3.26506
3,333,-2.23041,0.02625,0.04207,3.25526
3,334,1.27666,0.20243,0.26128,3.24551
3,335,1.3948,0.16381,0.21663,3.23582
3,336,0.75284,0.45196,0.52257,3.22619
3,337,2.60925,0.0094,0.01657,3.21662
3,338,3.78773,0.00017,0.00044,3.2071
3,339,5.04822,0.0,0.0,3.19764
3,340,3.8048,0.00016,0.00041,3.18824
3,341,2.088,0.0374,0.05813,3.17889
3,342,0.72362,0.4697,0.53871,3.16959
3,343,-3.99438,8e-05,0.00021,3.16035
3,344,-5.7614,0.0,0.0,3.15116
3,345,-2.68318,0.00758,0.01365,3.14203
3,346,-2.95194,0.00333,0.00654,3.13295
3,347,0.34822,0.72785,0.77526,3.12392
3,348,0.08811,0.92983,0.94473,3.11494
3,349,-2.53467,0.01162,0.02009,3.10602
3,350,-2.80872,0.0052,0.00977,3.09714
3,351,-3.21899,0.00139,0.00294,3.08832
3,352,-3.29453,0.00107,0.00232,3.07955
3,353,-2.48354,0.0134,0.02286,3.07082
3,354,-0.76616,0.44401,0.51491,3.06215
3,355,-0.65281,0.51424,0.58179,3.05352
3,356,-0.04399,0.96493,0.97314,3.04494
3,357,0.46601,0.64145,0.69711,3.03641
3,358,2.8392,0.00474,0.00899,3.02793
3,359,4.51011,1e-05,3e-05,3.0195
3,360,4.61127,1e-05,2e-05,3.01111
3,361,3.26681,0.00118,0.00253,3.00277
3,362,0.96879,0.3332,0.40412,2.99448
3,363,-2.35598,0.01893,0.03122,2.98623
3,364,-2.81284,0.00514,0.00966,2.97802
3,365,-2.4945,0.01299,0.02224,2.96986
3,366,-3.4452,0.00063,0.00142,2.96175
3,367,-3.2877,0.00109,0.00237,2.95368
3,368,1.80722,0.07144,0.10334,2.94565
3,369,5.48513,0.0,0.0,2.93767
3,370,4.946,0.0,0.0,2.92973
3,371,4.69665,0.0,1e-05,2.92183
3,372,4.32528,2e-05,6e-05,2.91398
3,373,5.65485,0.0,0.0,2.90617
3,374,5.53906,0.0,0.0,2.8984
3,375,4.10502,5e-05,0.00014,2.89067
3,376,4.16444,4e-05,0.00011,2.88298
3,377,9.38999,0.0,0.0,2.87533
3,378,2.02609,0.04338,0.06632,2.86772
3,379,3.17316,0.00162,0.00339,2.86016
3,380,-2.74691,0.00627,0.0115,2.85263
3,381,-2.62847,0.00889,0.01576,2.84514
3,382,-1.70208,0.08948,0.1264,2.8377
3,383,-1.57848,0.1152,0.15775,2.83029
3,384,-2.95042,0.00335,0.00657,2.82292
3,385,-1.26173,0.20774,0.26728,2.81558
3,386,4.03811,6e-05,0.00018,2.80829
3,387,3.1891,0.00153,0.00322,2.80103
3,388,0.32949,0.74195,0.78693,2.79381
3,389,-1.69123,0.09153,0.12893,2.78663
3,390,-0.7175,0.47347,0.54204,2.77949
3,391,-3.53489,0.00045,0.00106,2.77238
3,392,1.48091,0.13938,0.18722,2.76531
3,393,2.7032,0.00714,0.01294,2.75827
3,394,1.46427,0.14386,0.19255,2.75127
3,395,5.22458,0.0,0.0,2.7443
3,396,5.66528,0.0,0.0,2.73737
3,397,3.28687,0.0011,0.00237,2.73048
3,398,-3.79198,0.00017,0.00043,2.72362
3,399,-0.30362,0.76157,0.80365,2.71679
3,400,0.5063,0.61291,0.67186,2.71
3,401,0.58103,0.56153,0.62631,2.70324
3,402,2.11057,0.0354,0.05523,2.69652
3,403,0.97088,0.33216,0.40305,2.68983
3,404,-0.42412,0.6717,0.72463,2.68317
3,405,1.00114,0.31733,0.38736,2.67654
3,406,1.63858,0.10205,0.14155,2.66995
3,407,2.6985,0.00724,0.01311,2.66339
3,408,0.29117,0.77107,0.81233,2.65686
3,409,-2.75296,0.00616,0.01135,2.65037
3,410,-4.05067,6e-05,0.00017,2.6439
3,411,-2.98151,0.00303,0.00601,2.63747
3,412,-7.68043,0.0,0.0,2.63107
3,413,-6.44143,0.0,0.0,2.6247
3,414,-4.88048,0.0,1e-05,2.61836
3,415,-0.45404,0.65003,0.70521,2.61205
3,416,-1.6965,0.09053,0.1277,2.60577
3,417,0.26367,0.79216,0.83051,2.59952
3,418,2.29932,0.02197,0.03574,2.5933
3,419,0.45595,0.64866,0.70402,2.58711
3,420,2.56535,0.01065,0.01853,2.58095
3,421,2.96588,0.00319,0.0063,2.57482
3,422,4.37941,2e-05,5e-05,2.56872
3,423,2.65075,0.00833,0.01485,2.56265
3,424,-0.64887,0.51678,0.58405,2.5566
3,425,1.74546,0.08163,0.11652,2.55059
3,426,-2.4581,0.01437,0.02437,2.5446
3,427,-2.14583,0.03246,0.05107,2.53864
3,428,-0.99247,0.32154,0.39177,2.53271
3,429,-3.12593,0.00189,0.00391,2.52681
3,430,0.37102,0.71081,0.75978,2.52093
3,431,1.55043,0.12179,0.16584,2.51508
3,432,1.66942,0.09577,0.13403,2.50926
3,433,2.10713,0.0357,0.05567,2.50346
3,434,8.5038,0.0,0.0,2.4977
3,435,3.11201,0.00198,0.00408,2.49195
3,436,1.60936,0.10829,0.14907,2.48624
3,437,4.30404,2e-05,6e-05,2.48055
3,438,1.22191,0.22242,0.28365,2.47489
3,439,0.80817,0.41945,0.49139,2.46925
3,440,-1.8583,0.06382,0.09339,2.46364
3,441,1.20742,0.22795,0.28988,2.45805
3,442,4.26089,3e-05,7e-05,2.45249
3,443,3.46377,0.00059,0.00134,2.44695
3,444,3.73015,0.00022,0.00054,2.44144
3,445,0.76881,0.44244,0.51345,2.43596
3,446,0.05229,0.95833,0.96821,2.43049
3,447,2.8114,0.00516,0.0097,2.42506
3,448,1.43767,0.15127,0.2014,2.41964
3,449,2.92133,0.00367,0.00713,2.41425
3,450,3.33615,0.00092,0.00203,2.40889
3,451,6.30726,0.0,0.0,2.40355
3,452,4.16702,4e-05,0.00011,2.39823
3,453,4.9277,0.0,0.0,2.39294
3,454,-0.17265,0.86301,0.89042,2.38767
3,455,-1.85859,0.06378,0.09335,2.38242
3,456,-0.56498,0.57239,0.63575,2.37719
3,457,-0.44334,0.65775,0.71212,2.37199
3,458,0.50726,0.61224,0.67134,2.36681
3,459,-2.01209,0.04485,0.06839,2.36166
3,460,3.91094,0.00011,0.00028,2.35652
3,461,0.13365,0.89375,0.91702,2.35141
3,462,0.07894,0.93711,0.95012,2.34632
3,463,0.00975,0.99223,0.99412,2.34125
3,464,3.0377,0.00253,0.00509,2.33621
3,465,1.94993,0.05185,0.07773,2.33118
3,466,-5.3805,0.0,0.0,2.32618
3,467,-5.00386,0.0,0.0,2.3212
3,468,-5.60828,0.0,0.0,2.31624
3,469,-4.31416,2e-05,6e-05,2.3113
3,470,-3.15779,0.0017,0.00355,2.30638
3,471,-0.89843,0.36947,0.44168,2.30149
3,472,5.25681,0.0,0.0,2.29661
3,473,0.72135,0.4711,0.54007,2.29175
3,474,-4.9792,0.0,0.0,2.28692
3,475,-7.97577,0.0,0.0,2.28211
3,476,-3.82546,0.00015,0.00038,2.27731
3,477,-3.10529,0.00203,0.00416,2.27254
3,478,-4.96609,0.0,0.0,2.26778
3,479,-1.88872,0.05961,0.08796,2.26305
3,480,1.3524,0.17697,0.23205,2.25833
3,481,-1.51454,0.13064,0.17664,2.25364
3,482,-7.63548,0.0,0.0,2.24896
3,483,-8.20105,0.0,0.0,2.24431
3,484,-6.04298,0.0,0.0,2.23967
3,485,-4.77003,0.0,1e-05,2.23505
3,486,-5.30958,0.0,0.0,2.23045
3,487,1.90238,0.0578,0.08565,2.22587
3,488,1.71512,0.08706,0.12343,2.22131
3,489,2.90433,0.00387,0.00749,2.21677
3,490,4.2952,2e-05,6e-05,2.21224
3,491,1.17798,0.23947,0.30291,2.20774
3,492,-2.07209,0.03886,0.06011,2.20325
3,493,-3.89483,0.00011,0.0003,2.19878
3,494,-3.05912,0.00236,0.00477,2.19433
3,495,-1.45545,0.14629,0.19542,2.1899
3,496,-0.18154,0.85603,0.88413,2.18548
3,497,5.17442,0.0,0.0,2.18109
3,498,5.96225,0.0,0.0,2.17671
3,499,5.22655,0.0,0.0,2.17234
3,500,5.30612,0.0,0.0,2.168
3,501,6.41544,0.0,0.0,2.16367
3,502,7.97249,0.0,0.0,2.15936
3,503,3.78347,0.00018,0.00044,2.15507
3,504,4.93924,0.0,0.0,2.15079
3,505,5.07749,0.0,0.0,2.14653
3,506,4.06536,6e-05,0.00016,2.14229
3,507,5.34614,0.0,0.0,2.13807
3,508,5.84078,0.0,0.0,2.13386
3,509,4.85611,0.0,1e-05,2.12967
3,510,1.95661,0.05105,0.07667,2.12549
3,511,2.98096,0.00304,0.00602,2.12133
3,512,0.91916,0.35854,0.43041,2.11719
3,513,-3.24086,0.00129,0.00274,2.11306
3,514,-1.50576,0.13288,0.17928,2.10895
3,515,-4.12951,4e-05,0.00012,2.10485
3,516,-5.22775,0.0,0.0,2.10078
3,517,-7.54193,0.0,0.0,2.09671
3,518,-8.6781,0.0,0.0,2.09266
3,519,-9.66828,0.0,0.0,2.08863
3,520,-10.85161,0.0,0.0,2.08462
3,521,-10.64098,0.0,0.0,2.08061
3,522,-10.17085,0.0,0.0,2.07663
3,523,-5.27179,0.0,0.0,2.07266
3,524,-1.64272,0.10119,0.14054,2.0687
3,525,-2.07876,0.03824,0.05931,2.06476
3,526,0.01746,0.98608,0.98885,2.06084
3,527,-1.35913,0.17483,0.22972,2.05693
3,528,0.04135,0.96704,0.97454,2.05303
3,529,-0.21125,0.83279,0.86414,2.04915
3,530,-4.05955,6e-05,0.00016,2.04528
3,531,-4.11508,5e-05,0.00013,2.04143
3,532,-6.02874,0.0,0.0,2.03759
3,533,-5.92561,0.0,0.0,2.03377
3,534,-7.35298,0.0,0.0,2.02996
3,535,-6.9875,0.0,0.0,2.02617
3,536,-8.95094,0.0,0.0,2.02239
3,537,-8.67282,0.0,0.0,2.01862
3,538,-7.55626,0.0,0.0,2.01487
3,539,-7.30923,0.0,0.0,2.01113
3,540,-7.04035,0.0,0.0,2.00741
3,541,-6.12475,0.0,0.0,2.0037
3,542,-3.84828,0.00014,0.00035,2.0
4,1,1.27152,0.20424,0.26339,759.0
4,2,0.90485,0.36606,0.43802,379.5
4,3,0.6059,0.5449,0.61055,253.0
4,4,0.44188,0.6588,0.7131,189.75
4,5,-0.76521,0.44458,0.51539,151.8
4,6,0.99874,0.31849,0.3886,126.5
4,7,1.29291,0.19675,0.25484,108.42857
4,8,3.04406,0.00248,0.00499,94.875
4,9,6.12102,0.0,0.0,84.33333
4,10,7.42183,0.0,0.0,75.9
4,11,0.78754,0.43141,0.50298,69.0
4,12,7.03042,0.0,0.0,63.25
4,13,8.17211,0.0,0.0,58.38462
4,14,6.97765,0.0,0.0,54.21429
4,15,4.77457,0.0,1e-05,50.6
4,16,6.80835,0.0,0.0,47.4375
4,17,5.24299,0.0,0.0,44.64706
4,18,2.85148,0.00457,0.00869,42.16667
4,19,3.67715,0.00027,0.00065,39.94737
4,20,0.54778,0.58413,0.6463,37.95
4,21,2.55481,0.01097,0.01906,36.14286
4,22,1.09627,0.27358,0.34064,34.5
4,23,0.83496,0.40421,0.47671,33.0
4,24,-0.10133,0.91934,0.93646,31.625
4,25,3.97539,8e-05,0.00022,30.36
4,26,-3.22283,0.00137,0.00291,29.19231
4,27,-5.48663,0.0,0.0,28.11111
4,28,-5.64932,0.0,0.0,27.10714
4,29,-2.7517,0.00618,0.01138,26.17241
4,30,-11.70828,0.0,0.0,25.3
4,31,-11.27744,0.0,0.0,24.48387
4,32,-9.55912,0.0,0.0,23.71875
4,33,-6.25747,0.0,0.0,23.0
4,34,-5.06359,0.0,0.0,22.32353
4,35,-4.66423,0.0,1e-05,21.68571
4,36,-1.54599,0.12286,0.16715,21.08333
4,37,0.33055,0.74115,0.78625,20.51351
4,38,-2.42678,0.01565,0.02629,19.97368
4,39,-3.28783,0.00109,0.00237,19.46154
4,40,-5.94286,0.0,0.0,18.975
4,41,-6.00497,0.0,0.0,18.5122
4,42,-3.46176,0.00059,0.00135,18.07143
4,43,1.94015,0.05303,0.07928,17.65116
4,44,2.79131,0.00549,0.01024,17.25
4,45,5.47326,0.0,0.0,16.86667
4,46,5.12552,0.0,0.0,16.5
4,47,4.31899,2e-05,6e-05,16.14894
4,48,-3.94031,0.0001,0.00025,15.8125
4,49,-7.2481,0.0,0.0,15.4898
4,50,-6.63833,0.0,0.0,15.18
4,51,-6.59519,0.0,0.0,14.88235
4,52,-6.75354,0.0,0.0,14.59615
4,53,-5.39688,0.0,0.0,14.32075
4,54,-3.5245,0.00047,0.00109,14.05556
4,55,-2.25934,0.02437,0.03925,13.8
4,56,-6.36736,0.0,0.0,13.55357
4,57,-2.88737,0.00408,0.00785,13.31579
4,58,-8.94053,0.0,0.0,13.08621
4,59,-9.79697,0.0,0.0,12.86441
4,60,-8.07891,0.0,0.0,12.65
4,61,-3.34266,0.0009,0.00199,12.44262
4,62,-3.31655,0.00099,0.00216,12.24194
4,63,2.49003,0.01316,0.02249,12.04762
4,64,6.19316,0.0,0.0,11.85938
4,65,0.92703,0.35444,0.42631,11.67692
4,66,3.11436,0.00197,0.00405,11.5
4,67,2.86331,0.0044,0.00842,11.32836
4,68,0.95752,0.33885,0.40997,11.16176
4,69,0.10757,0.91439,0.93285,11.0
4,70,1.44128,0.15025,0.20028,10.84286
4,71,-0.47167,0.6374,0.69332,10.69014
4,72,2.09547,0.03672,0.05715,10.54167
4,73,-4.27718,2e-05,7e-05,10.39726
4,74,-2.57232,0.01044,0.01819,10.25676
4,75,2.19051,0.02903,0.04611,10.12
4,76,1.65243,0.09919,0.13811,9.98684
4,77,-1.94528,0.0524,0.07849,9.85714
4,78,-0.59567,0.55172,0.61694,9.73077
4,79,2.62406,0.009,0.01594,9.60759
4,80,-0.84268,0.39988,0.4729,9.4875
4,81,-2.21751,0.02712,0.04337,9.37037
4,82,0.76732,0.44332,0.51423,9.2561
4,83,3.88415,0.00012,0.00031,9.14458
4,84,6.95555,0.0,0.0,9.03571
4,85,7.65052,0.0,0.0,8.92941
4,86,1.80247,0.07218,0.10422,8.82558
4,87,-3.26679,0.00118,0.00253,8.72414
4,88,-3.07349,0.00225,0.00457,8.625
4,89,-1.08185,0.27994,0.34772,8.52809
4,90,-3.37443,0.00081,0.00179,8.43333
4,91,-8.66064,0.0,0.0,8.34066
4,92,2.81287,0.00514,0.00966,8.25
4,93,1.31461,0.18935,0.24638,8.16129
4,94,-3.88372,0.00012,0.00031,8.07447
4,95,-4.72082,0.0,1e-05,7.98947
4,96,-2.28775,0.02265,0.03672,7.90625
4,97,1.54213,0.12379,0.16827,7.82474
4,98,0.78985,0.43006,0.50159,7.7449
4,99,-0.95703,0.3391,0.41022,7.66667
4,100,-2.43518,0.0153,0.02578,7.59
4,101,-3.93632,0.0001,0.00026,7.51485
4,102,-3.84925,0.00014,0.00035,7.44118
4,103,-4.43771,1e-05,4e-05,7.36893
4,104,-4.93045,0.0,0.0,7.29808
4,105,-3.961,9e-05,0.00023,7.22857
4,106,-1.83139,0.06775,0.09852,7.16038
4,107,-1.34751,0.17854,0.23377,7.09346
4,108,-0.56137,0.57484,0.63774,7.02778
4,109,-0.24594,0.80585,0.84168,6.9633
4,110,5.92157,0.0,0.0,6.9
4,111,6.94884,0.0,0.0,6.83784
4,112,3.32391,0.00097,0.00211,6.77679
4,113,-4.19419,3e-05,0.0001,6.71681
4,114,-4.48632,1e-05,3e-05,6.65789
4,115,-7.24135,0.0,0.0,6.6
4,116,-6.18308,0.0,0.0,6.5431
4,117,-6.32998,0.0,0.0,6.48718
4,118,2.18937,0.02912,0.04623,6.4322
4,119,5.23149,0.0,0.0,6.37815
4,120,11.00772,0.0,0.0,6.325
4,121,10.36342,0.0,0.0,6.27273
4,122,9.1737,0.0,0.0,6.22131
4,123,3.87819,0.00012,0.00032,6.17073
4,124,2.62403,0.009,0.01594,6.12097
4,125,-2.50473,0.01263,0.02168,6.072
4,126,-5.81802,0.0,0.0,6.02381
4,127,-4.55497,1e-05,2e-05,5.97638
4,128,-5.72659,0.0,0.0,5.92969
4,129,-3.21458,0.00141,0.00298,5.88372
4,130,-6.9906,0.0,0.0,5.83846
4,131,-6.44568,0.0,0.0,5.79389
4,132,2.28495,0.02281,0.03696,5.75
4,133,2.61745,0.00918,0.01622,5.70677
4,134,3.35127,0.00088,0.00193,5.66418
4,135,2.71453,0.00691,0.01255,5.62222
4,136,1.52195,0.12877,0.1743,5.58088
4,137,-2.75839,0.00606,0.01118,5.54015
4,138,-6.07954,0.0,0.0,5.5
4,139,-5.24422,0.0,0.0,5.46043
4,140,-4.89397,0.0,1e-05,5.42143
4,141,-3.37412,0.00081,0.00179,5.38298
4,142,-2.66048,0.0081,0.01449,5.34507
4,143,-1.02169,0.30751,0.37744,5.30769
4,144,0.25632,0.79783,0.83478,5.27083
4,145,-2.02292,0.04371,0.06674,5.23448
4,146,-4.84806,0.0,1e-05,5.19863
4,147,-3.6557,0.00029,0.0007,5.16327
4,148,-0.51938,0.60377,0.6638,5.12838
4,149,7.27765,0.0,0.0,5.09396
4,150,8.2428,0.0,0.0,5.06
4,151,9.26527,0.0,0.0,5.02649
4,152,9.22851,0.0,0.0,4.99342
4,153,10.25803,0.0,0.0,4.96078
4,154,5.19268,0.0,0.0,4.92857
4,155,0.85792,0.39142,0.46399,4.89677
4,156,2.01047,0.04502,0.06861,4.86538
4,157,-1.12755,0.26015,0.32607,4.83439
4,158,-4.17406,4e-05,0.0001,4.8038
4,159,-1.32216,0.18683,0.24341,4.77358
4,160,-2.19555,0.02867,0.04563,4.74375
4,161,-2.72836,0.00663,0.01211,4.71429
4,162,-2.81594,0.00509,0.00958,4.68519
4,163,7.63405,0.0,0.0,4.65644
4,164,6.70467,0.0,0.0,4.62805
4,165,5.73352,0.0,0.0,4.6
4,166,7.5447,0.0,0.0,4.57229
4,167,7.68228,0.0,0.0,4.54491
4,168,6.43725,0.0,0.0,4.51786
4,169,7.41256,0.0,0.0,4.49112
4,170,5.70142,0.0,0.0,4.46471
4,171,5.19622,0.0,0.0,4.4386
4,172,3.93705,0.0001,0.00026,4.41279
4,173,3.31212,0.00101,0.00219,4.38728
4,174,2.47686,0.01365,0.02324,4.36207
4,175,2.93715,0.00349,0.00682,4.33714
4,176,0.19949,0.84198,0.87195,4.3125
4,177,-0.26344,0.79234,0.83052,4.28814
4,178,-2.70337,0.00714,0.01293,4.26404
4,179,-3.61625,0.00034,0.0008,4.24022
4,180,-4.16445,4e-05,0.00011,4.21667
4,181,-4.11022,5e-05,0.00013,4.19337
4,182,-5.60552,0.0,0.0,4.17033
4,183,-6.72456,0.0,0.0,4.14754
4,184,-6.91848,0.0,0.0,4.125
4,185,-3.38543,0.00078,0.00173,4.1027
4,186,2.24979,0.02498,0.04018,4.08065
4,187,4.3839,1e-05,4e-05,4.05882
4,188,2.47842,0.01359,0.02315,4.03723
4,189,8.65853,0.0,0.0,4.01587
4,190,6.47262,0.0,0.0,3.99474
4,191,8.03395,0.0,0.0,3.97382
4,192,-0.52161,0.60222,0.66246,3.95312
4,193,-1.47686,0.14046,0.18839,3.93264
4,194,-4.4258,1e-05,4e-05,3.91237
4,195,-1.88249,0.06046,0.08908,3.89231
4,196,-5.85314,0.0,0.0,3.87245
4,197,-4.69316,0.0,1e-05,3.85279
4,198,-2.57682,0.01031,0.01797,3.83333
4,199,-5.02551,0.0,0.0,3.81407
4,200,-4.70833,0.0,1e-05,3.795
4,201,-3.34688,0.00089,0.00196,3.77612
4,202,-2.35295,0.01908,0.03145,3.75743
4,203,-2.02945,0.04304,0.06585,3.73892
4,204,-0.04722,0.96236,0.97129,3.72059
4,205,-2.07905,0.03822,0.05928,3.70244
4,206,-4.80407,0.0,1e-05,3.68447
4,207,-0.16469,0.86927,0.89613,3.66667
4,208,0.84038,0.40117,0.47408,3.64904
4,209,-1.23528,0.21741,0.27822,3.63158
4,210,-0.2285,0.81937,0.85304,3.61429
4,211,0.04985,0.96027,0.96957,3.59716
4,212,2.36018,0.01872,0.03091,3.58019
4,213,-0.72314,0.47,0.53897,3.56338
4,214,-1.65101,0.09948,0.13848,3.54673
4,215,-1.63329,0.10315,0.14293,3.53023
4,216,-1.34619,0.17897,0.23429,3.51389
4,217,-1.1921,0.23389,0.29661,3.4977
4,218,2.45993,0.0143,0.02426,3.48165
4,219,4.27792,2e-05,7e-05,3.46575
4,220,4.60191,1e-05,2e-05,3.45
4,221,5.10124,0.0,0.0,3.43439
4,222,6.05188,0.0,0.0,3.41892
4,223,0.03434,0.97262,0.97849,3.40359
4,224,0.07103,0.94341,0.95563,3.38839
4,225,-0.57515,0.5655,0.62961,3.37333
4,226,-3.06817,0.00229,0.00465,3.35841
4,227,-3.86852,0.00013,0.00033,3.34361
4,228,-0.72059,0.47156,0.54041,3.32895
4,229,-1.56921,0.11735,0.1604,3.31441
4,230,-0.30966,0.75697,0.79973,3.3
4,231,-3.79317,0.00017,0.00043,3.28571
4,232,-4.38464,1e-05,4e-05,3.27155
4,233,-7.07927,0.0,0.0,3.25751
4,234,-6.13418,0.0,0.0,3.24359
4,235,-6.4103,0.0,0.0,3.22979
4,236,-6.29357,0.0,0.0,3.2161
4,237,-7.28719,0.0,0.0,3.20253
4,238,-5.09474,0.0,0.0,3.18908
4,239,-1.84206,0.06617,0.09644,3.17573
4,240,-3.87959,0.00012,0.00031,3.1625
4,241,-0.87957,0.3796,0.45189,3.14938
4,242,2.5143,0.0123,0.02116,3.13636
4,243,5.56178,0.0,0.0,3.12346
4,244,5.06648,0.0,0.0,3.11066
4,245,4.92744,0.0,0.0,3.09796
4,246,7.87352,0.0,0.0,3.08537
4,247,9.06261,0.0,0.0,3.07287
4,248,4.02586,7e-05,0.00018,3.06048
4,249,6.96158,0.0,0.0,3.04819
4,250,6.29766,0.0,0.0,3.036
4,251,-0.86513,0.38746,0.46021,3.0239
4,252,2.86853,0.00433,0.0083,3.0119
4,253,1.16415,0.24502,0.30908,3.0
4,254,0.8785,0.38017,0.45236,2.98819
4,255,-2.02758,0.04323,0.0661,2.97647
4,256,-3.15927,0.0017,0.00353,2.96484
4,257,-5.46554,0.0,0.0,2.95331
4,258,-5.43988,0.0,0.0,2.94186
4,259,-4.96483,0.0,0.0,2.9305
4,260,-3.80616,0.00016,0.00041,2.91923
4,261,1.4803,0.13954,0.18733,2.90805
4,262,4.25343,3e-05,8e-05,2.89695
4,263,6.82882,0.0,0.0,2.88593
4,264,7.24108,0.0,0.0,2.875
4,265,9.12787,0.0,0.0,2.86415
4,266,7.89248,0.0,0.0,2.85338
4,267,8.79176,0.0,0.0,2.8427
4,268,10.32504,0.0,0.0,2.83209
4,269,8.60361,0.0,0.0,2.82156
4,270,8.14617,0.0,0.0,2.81111
4,271,7.7427,0.0,0.0,2.80074
4,272,5.02019,0.0,0.0,2.79044
4,273,5.41684,0.0,0.0,2.78022
4,274,-0.74681,0.45559,0.52579,2.77007
4,275,-4.69884,0.0,1e-05,2.76
4,276,-7.01456,0.0,0.0,2.75
4,277,-6.52214,0.0,0.0,2.74007
4,278,-7.99644,0.0,0.0,2.73022
4,279,-5.39345,0.0,0.0,2.72043
4,280,-6.10186,0.0,0.0,2.71071
4,281,1.67295,0.09508,0.1332,2.70107
4,282,1.08669,0.2778,0.34546,2.69149
4,283,1.85288,0.0646,0.09435,2.68198
4,284,5.76906,0.0,0.0,2.67254
4,285,5.42533,0.0,0.0,2.66316
4,286,5.15612,0.0,0.0,2.65385
4,287,3.01191,0.00275,0.00549,2.6446
4,288,3.21419,0.00141,0.00299,2.63542
4,289,5.09106,0.0,0.0,2.6263
4,290,7.15,0.0,0.0,2.61724
4,291,10.17825,0.0,0.0,2.60825
4,292,8.24461,0.0,0.0,2.59932
4,293,10.1637,0.0,0.0,2.59044
4,294,5.91696,0.0,0.0,2.58163
4,295,2.69207,0.00738,0.01333,2.57288
4,296,-1.78918,0.0743,0.10697,2.56419
4,297,-3.18826,0.00154,0.00323,2.55556
4,298,-5.45328,0.0,0.0,2.54698
4,299,-2.49948,0.01282,0.02196,2.53846
4,300,-0.3619,0.71761,0.76607,2.53
4,301,-2.7559,0.00611,0.01126,2.52159
4,302,-4.09719,5e-05,0.00014,2.51325
4,303,-4.65683,0.0,1e-05,2.50495
4,304,-2.8428,0.00469,0.0089,2.49671
4,305,-4.85978,0.0,1e-05,2.48852
4,306,-3.55731,0.00042,0.00098,2.48039
4,307,-2.79179,0.00548,0.01022,2.47231
4,308,3.65182,0.00029,0.00071,2.46429
4,309,2.41723,0.01606,0.02691,2.45631
4,310,6.02778,0.0,0.0,2.44839
4,311,11.07824,0.0,0.0,2.44051
4,312,8.46931,0.0,0.0,2.43269
4,313,7.38829,0.0,0.0,2.42492
4,314,2.36848,0.01831,0.03028,2.4172
4,315,-1.44995,0.14782,0.19728,2.40952
4,316,-7.14316,0.0,0.0,2.4019
4,317,-7.3203,0.0,0.0,2.39432
4,318,-6.4237,0.0,0.0,2.38679
4,319,-5.65507,0.0,0.0,2.37931
4,320,-4.56351,1e-05,2e-05,2.37188
4,321,-7.94717,0.0,0.0,2.36449
4,322,-2.31868,0.02089,0.03412,2.35714
4,323,-1.70883,0.08822,0.1248,2.34985
4,324,0.94805,0.34364,0.41522,2.34259
4,325,1.52327,0.12844,0.1739,2.33538
4,326,0.05711,0.95449,0.96529,2.32822
4,327,0.80739,0.4199,0.49179,2.3211
4,328,0.83381,0.40486,0.47731,2.31402
4,329,1.80683,0.0715,0.10341,2.30699
4,330,0.19689,0.84401,0.87341,2.3
4,331,0.31944,0.74955,0.79348,2.29305
4,332,0.51844,0.60443,0.6643,2.28614
4,333,-3.19022,0.00153,0.00321,2.27928
4,334,-2.16615,0.03086,0.04878,2.27246
4,335,-2.70994,0.007,0.01271,2.26567
4,336,-2.04652,0.04132,0.06352,2.25893
4,337,-1.10465,0.26994,0.33667,2.25223
4,338,-1.26629,0.20611,0.26541,2.24556
4,339,0.6797,0.49707,0.56508,2.23894
4,340,1.33821,0.18155,0.23729,2.23235
4,341,5.60509,0.0,0.0,2.22581
4,342,1.35315,0.17673,0.23182,2.2193
4,343,0.62173,0.53445,0.60079,2.21283
4,344,-0.08269,0.93414,0.94758,2.2064
4,345,-4.08934,5e-05,0.00014,2.2
4,346,-5.44301,0.0,0.0,2.19364
4,347,-5.29897,0.0,0.0,2.18732
4,348,0.33679,0.73645,0.78273,2.18103
4,349,-1.61237,0.10763,0.14827,2.17479
4,350,-0.11038,0.91216,0.93108,2.16857
4,351,-3.53263,0.00046,0.00106,2.16239
4,352,-1.03489,0.30131,0.37074,2.15625
4,353,-1.70051,0.08977,0.12678,2.15014
4,354,3.02571,0.00263,0.00527,2.14407
4,355,2.43216,0.01542,0.02597,2.13803
4,356,4.01142,7e-05,0.00019,2.13202
4,357,-3.46224,0.00059,0.00135,2.12605
4,358,-5.85749,0.0,0.0,2.12011
4,359,-7.20535,0.0,0.0,2.11421
4,360,-7.83135,0.0,0.0,2.10833
4,361,-6.52732,0.0,0.0,2.10249
4,362,-6.53436,0.0,0.0,2.09669
4,363,1.39556,0.16358,0.21636,2.09091
4,364,4.57752,1e-05,2e-05,2.08516
4,365,2.85828,0.00447,0.00853,2.07945
4,366,1.5042,0.13328,0.17972,2.07377
4,367,0.25467,0.7991,0.83585,2.06812
4,368,2.1778,0.02997,0.04747,2.0625
4,369,1.34163,0.18044,0.23603,2.05691
4,370,3.3004,0.00105,0.00228,2.05135
4,371,6.49504,0.0,0.0,2.04582
4,372,4.43631,1e-05,4e-05,2.04032
4,373,2.37411,0.01804,0.02989,2.03485
4,374,-1.45032,0.14771,0.19717,2.02941
4,375,-3.36612,0.00083,0.00184,2.024
4,376,-3.82906,0.00015,0.00038,2.01862
4,377,-4.47685,1e-05,3e-05,2.01326
4,378,-6.13454,0.0,0.0,2.00794
4,379,-1.83656,0.06698,0.0975,2.00264
5,1,-0.28732,0.77401,0.81448,895.0
5,2,0.05828,0.95356,0.96455,447.5
5,3,0.90507,0.36595,0.43794,298.33333
5,4,8.04277,0.0,0.0,223.75
5,5,8.1862,0.0,0.0,179.0
5,6,7.5085,0.0,0.0,149.16667
5,7,7.72365,0.0,0.0,127.85714
5,8,6.32789,0.0,0.0,111.875
5,9,6.46022,0.0,0.0,99.44444
5,10,3.83726,0.00014,0.00037,89.5
5,11,2.76522,0.00594,0.01098,81.36364
5,12,1.35014,0.17769,0.23281,74.58333
5,13,1.26738,0.20572,0.26501,68.84615
5,14,4.87935,0.0,1e-05,63.92857
5,15,6.64985,0.0,0.0,59.66667
5,16,7.36809,0.0,0.0,55.9375
5,17,10.36044,0.0,0.0,52.64706
5,18,9.1722,0.0,0.0,49.72222
5,19,10.10927,0.0,0.0,47.10526
5,20,7.33598,0.0,0.0,44.75
5,21,5.86292,0.0,0.0,42.61905
5,22,2.18152,0.0297,0.04707,40.68182
5,23,-1.18121,0.23819,0.30141,38.91304
5,24,-1.37493,0.16988,0.22383,37.29167
5,25,-2.71115,0.00698,0.01267,35.8
5,26,0.02879,0.97705,0.9818,34.42308
5,27,5.27509,0.0,0.0,33.14815
5,28,8.24749,0.0,0.0,31.96429
5,29,6.36895,0.0,0.0,30.86207
5,30,5.67572,0.0,0.0,29.83333
5,31,6.09887,0.0,0.0,28.87097
5,32,6.03205,0.0,0.0,27.96875
5,33,4.99536,0.0,0.0,27.12121
5,34,5.01653,0.0,0.0,26.32353
5,35,3.92396,0.0001,0.00027,25.57143
5,36,-1.20597,0.2285,0.29048,24.86111
5,37,0.51086,0.60972,0.66902,24.18919
5,38,-0.19843,0.8428,0.87244,23.55263
5,39,-1.43306,0.15258,0.20291,22.94872
5,40,-1.4543,0.14661,0.19582,22.375
5,41,1.5546,0.12079,0.16457,21.82927
5,42,-2.63056,0.00884,0.01568,21.30952
5,43,-6.08319,0.0,0.0,20.81395
5,44,-6.39544,0.0,0.0,20.34091
5,45,-6.18684,0.0,0.0,19.88889
5,46,-7.56605,0.0,0.0,19.45652
5,47,-11.38265,0.0,0.0,19.04255
5,48,-10.1116,0.0,0.0,18.64583
5,49,-8.5583,0.0,0.0,18.26531
5,50,-6.52477,0.0,0.0,17.9
5,51,-6.59726,0.0,0.0,17.54902
5,52,-3.31577,0.00099,0.00217,17.21154
5,53,2.0233,0.04367,0.0667,16.88679
5,54,2.07428,0.03866,0.05986,16.57407
5,55,-0.8534,0.39392,0.46678,16.27273
5,56,-2.88968,0.00406,0.0078,15.98214
5,57,-2.60625,0.00948,0.01669,15.70175
5,58,-1.0593,0.29007,0.35862,15.43103
5,59,0.42744,0.66928,0.72272,15.16949
5,60,3.47699,0.00056,0.00128,14.91667
5,61,0.2376,0.81231,0.84725,14.67213
5,62,0.97727,0.329,0.39989,14.43548
5,63,0.59103,0.55482,0.61972,14.20635
5,64,1.98049,0.0483,0.07294,13.98438
5,65,-2.26955,0.02374,0.03831,13.76923
5,66,0.97776,0.32875,0.39964,13.56061
5,67,0.09042,0.92799,0.94317,13.35821
5,68,-3.71701,0.00023,0.00056,13.16176
5,69,-3.62101,0.00033,0.00079,12.97101
5,70,-4.67245,0.0,1e-05,12.78571
5,71,-5.18272,0.0,0.0,12.60563
5,72,-3.69319,0.00025,0.00061,12.43056
5,73,4.21049,3e-05,9e-05,12.26027
5,74,3.68211,0.00026,0.00064,12.09459
5,75,2.87024,0.00431,0.00826,11.93333
5,76,2.51982,0.01211,0.02087,11.77632
5,77,2.39556,0.01703,0.02836,11.62338
5,78,-1.06242,0.28865,0.35727,11.47436
5,79,-4.65448,0.0,1e-05,11.32911
5,80,-7.93128,0.0,0.0,11.1875
5,81,-8.70667,0.0,0.0,11.04938
5,82,-9.45188,0.0,0.0,10.91463
5,83,-9.99138,0.0,0.0,10.78313
5,84,-11.42462,0.0,0.0,10.65476
5,85,-7.94635,0.0,0.0,10.52941
5,86,-5.91523,0.0,0.0,10.40698
5,87,-4.62418,1e-05,2e-05,10.28736
5,88,-4.39716,1e-05,4e-05,10.17045
5,89,-5.19369,0.0,0.0,10.05618
5,90,-2.81433,0.00512,0.00963,9.94444
5,91,-0.9125,0.36203,0.43407,9.83516
5,92,-1.47099,0.14204,0.19023,9.72826
5,93,-6.03406,0.0,0.0,9.62366
5,94,-1.43673,0.15153,0.20165,9.52128
5,95,5.30036,0.0,0.0,9.42105
5,96,5.47481,0.0,0.0,9.32292
5,97,2.65733,0.00818,0.0146,9.2268
5,98,3.02605,0.00263,0.00526,9.13265
5,99,0.77181,0.44066,0.5118,9.0404
5,100,4.64782,0.0,2e-05,8.95
5,101,0.6928,0.48881,0.55719,8.86139
5,102,-2.31417,0.02114,0.03447,8.77451
5,103,0.91202,0.36228,0.43432,8.68932
5,104,0.70727,0.47979,0.54822,8.60577
5,105,-1.21506,0.22502,0.28656,8.52381
5,106,-4.2765,2e-05,7e-05,8.4434
5,107,-4.02741,7e-05,0.00018,8.36449
5,108,0.37707,0.70631,0.75562,8.28704
5,109,-1.18355,0.23726,0.3005,8.21101
5,110,-2.49046,0.01314,0.02248,8.13636
5,111,-2.05664,0.04034,0.06217,8.06306
5,112,-2.92487,0.00363,0.00706,7.99107
5,113,-2.45054,0.01467,0.02482,7.92035
5,114,-3.35262,0.00087,0.00193,7.85088
5,115,-3.28483,0.00111,0.00239,7.78261
5,116,-3.79576,0.00017,0.00043,7.71552
5,117,-3.18989,0.00153,0.00322,7.64957
5,118,-1.01752,0.30949,0.37954,7.58475
5,119,-0.68488,0.49379,0.56191,7.52101
5,120,1.0927,0.27515,0.34238,7.45833
5,121,-2.51041,0.01243,0.02137,7.39669
5,122,-5.27748,0.0,0.0,7.33607
5,123,-3.7976,0.00017,0.00042,7.27642
5,124,-7.50795,0.0,0.0,7.21774
5,125,-6.08604,0.0,0.0,7.16
5,126,-5.89381,0.0,0.0,7.10317
5,127,-5.31938,0.0,0.0,7.04724
5,128,-5.65951,0.0,0.0,6.99219
5,129,3.74085,0.00021,0.00052,6.93798
5,130,-0.30144,0.76323,0.80532,6.88462
5,131,-2.5457,0.01126,0.01951,6.83206
5,132,-4.33522,2e-05,5e-05,6.7803
5,133,-2.10542,0.03585,0.05589,6.72932
5,134,-0.85025,0.39567,0.46857,6.6791
5,135,-1.6697,0.09572,0.13397,6.62963
5,136,-1.57321,0.11642,0.15929,6.58088
5,137,-0.57564,0.56517,0.62938,6.53285
5,138,-0.64933,0.51648,0.58393,6.48551
5,139,-4.21891,3e-05,9e-05,6.43885
5,140,-4.71471,0.0,1e-05,6.39286
5,141,-4.65806,0.0,1e-05,6.34752
5,142,-2.98581,0.00299,0.00594,6.30282
5,143,-2.63865,0.00863,0.01534,6.25874
5,144,-0.56167,0.57464,0.63767,6.21528
5,145,0.09502,0.92435,0.94032,6.17241
5,146,-1.59202,0.11213,0.15392,6.13014
5,147,-5.11073,0.0,0.0,6.08844
5,148,-6.02983,0.0,0.0,6.0473
5,149,-5.62925,0.0,0.0,6.00671
5,150,-7.48102,0.0,0.0,5.96667
5,151,-6.98393,0.0,0.0,5.92715
5,152,-5.56663,0.0,0.0,5.88816
5,153,-3.35615,0.00086,0.0019,5.84967
5,154,-7.96263,0.0,0.0,5.81169
5,155,-4.40687,1e-05,4e-05,5.77419
5,156,-4.59334,1e-05,2e-05,5.73718
5,157,-3.99053,8e-05,0.00021,5.70064
5,158,-2.89756,0.00396,0.00763,5.66456
5,159,-1.76283,0.07865,0.1127,5.62893
5,160,0.50406,0.61449,0.67323,5.59375
5,161,0.77974,0.43598,0.50725,5.55901
5,162,-1.35868,0.17497,0.22987,5.52469
5,163,-1.12261,0.26224,0.32832,5.4908
5,164,-5.73209,0.0,0.0,5.45732
5,165,-5.20122,0.0,0.0,5.42424
5,166,-6.33241,0.0,0.0,5.39157
5,167,-4.77345,0.0,1e-05,5.35928
5,168,-6.07728,0.0,0.0,5.32738
5,169,-6.99569,0.0,0.0,5.29586
5,170,-8.96999,0.0,0.0,5.26471
5,171,-3.65634,0.00029,0.0007,5.23392
5,172,-2.26404,0.02408,0.03882,5.20349
5,173,-1.65305,0.09906,0.13795,5.17341
5,174,-3.32613,0.00096,0.0021,5.14368
5,175,-5.47706,0.0,0.0,5.11429
5,176,-3.90643,0.00011,0.00029,5.08523
5,177,-6.70625,0.0,0.0,5.0565
5,178,-5.34396,0.0,0.0,5.02809
5,179,-1.63201,0.10342,0.14327,5.0
5,180,0.58348,0.55988,0.62474,4.97222
5,181,-0.78502,0.43288,0.50429,4.94475
5,182,2.05138,0.04085,0.06289,4.91758
5,183,0.88597,0.37614,0.44849,4.89071
5,184,-1.44062,0.15043,0.20048,4.86413
5,185,-2.69814,0.00725,0.01312,4.83784
5,186,-0.11443,0.90895,0.92882,4.81183
5,187,-0.71711,0.4737,0.54225,4.7861
5,188,0.09257,0.92629,0.94173,4.76064
5,189,-3.10599,0.00202,0.00415,4.73545
5,190,-2.84514,0.00466,0.00884,4.71053
5,191,-1.95728,0.05097,0.07658,4.68586
5,192,-2.17756,0.02999,0.04749,4.66146
5,193,-4.2587,3e-05,7e-05,4.63731
5,194,4.56133,1e-05,2e-05,4.6134
5,195,3.61692,0.00033,0.0008,4.58974
5,196,-1.75548,0.0799,0.11432,4.56633
5,197,0.93976,0.34788,0.41953,4.54315
5,198,-6.16371,0.0,0.0,4.5202
5,199,-7.61409,0.0,0.0,4.49749
5,200,-7.78288,0.0,0.0,4.475
5,201,-6.75546,0.0,0.0,4.45274
5,202,-5.51123,0.0,0.0,4.43069
5,203,-2.94128,0.00345,0.00675,4.40887
5,204,-2.72074,0.00678,0.01236,4.38725
5,205,2.96207,0.00323,0.00636,4.36585
5,206,1.2476,0.21287,0.27307,4.34466
5,207,-0.21668,0.82856,0.86073,4.32367
5,208,-3.63977,0.00031,0.00074,4.30288
5,209,-3.81362,0.00016,0.0004,4.2823
5,210,-2.91645,0.00373,0.00723,4.2619
5,211,-0.81215,0.41716,0.48934,4.24171
5,212,1.62421,0.10508,0.14522,4.2217
5,213,2.37371,0.01806,0.02992,4.20188
5,214,10.23421,0.0,0.0,4.18224
5,215,6.97498,0.0,0.0,4.16279
5,216,6.82427,0.0,0.0,4.14352
5,217,2.74687,0.00627,0.0115,4.12442
5,218,2.51118,0.01241,0.02132,4.1055
5,219,-0.33184,0.74018,0.78565,4.08676
5,220,-5.76835,0.0,0.0,4.06818
5,221,-5.9755,0.0,0.0,4.04977
5,222,-4.55224,1e-05,2e-05,4.03153
5,223,-4.2583,3e-05,7e-05,4.01345
5,224,-9.46557,0.0,0.0,3.99554
5,225,-9.33127,0.0,0.0,3.97778
5,226,-8.56266,0.0,0.0,3.96018
5,227,-10.25055,0.0,0.0,3.94273
5,228,-8.36015,0.0,0.0,3.92544
5,229,-6.37006,0.0,0.0,3.9083
5,230,-6.39828,0.0,0.0,3.8913
5,231,-5.3099,0.0,0.0,3.87446
5,232,-7.19751,0.0,0.0,3.85776
5,233,-7.05103,0.0,0.0,3.8412
5,234,-2.11307,0.03518,0.05492,3.82479
5,235,-2.9015,0.00391,0.00755,3.80851
5,236,-0.28073,0.77906,0.81856,3.79237
5,237,0.506,0.61312,0.67201,3.77637
5,238,1.19931,0.23108,0.29349,3.7605
5,239,-0.40705,0.68418,0.73628,3.74477
5,240,-3.80651,0.00016,0.00041,3.72917
5,241,-4.38602,1e-05,4e-05,3.71369
5,242,-5.1614,0.0,0.0,3.69835
5,243,0.15742,0.87499,0.90113,3.68313
5,244,-2.73503,0.0065,0.01189,3.66803
5,245,1.87733,0.06116,0.09002,3.65306
5,246,2.94684,0.00339,0.00664,3.63821
5,247,3.65922,0.00029,0.00069,3.62348
5,248,6.15164,0.0,0.0,3.60887
5,249,8.34183,0.0,0.0,3.59438
5,250,7.52944,0.0,0.0,3.58
5,251,2.10042,0.03628,0.0565,3.56574
5,252,-0.76458,0.44495,0.51565,3.55159
5,253,0.729,0.46641,0.53574,3.53755
5,254,-1.91281,0.05645,0.08385,3.52362
5,255,-0.52021,0.60319,0.66323,3.5098
5,256,3.90969,0.00011,0.00028,3.49609
5,257,6.96269,0.0,0.0,3.48249
5,258,1.82961,0.06801,0.09885,3.46899
5,259,-4.59552,1e-05,2e-05,3.4556
5,260,-5.79192,0.0,0.0,3.44231
5,261,-3.73561,0.00021,0.00053,3.42912
5,262,-2.73352,0.00653,0.01193,3.41603
5,263,-1.75373,0.0802,0.11469,3.40304
5,264,-1.35252,0.17693,0.23202,3.39015
5,265,4.9944,0.0,0.0,3.37736
5,266,5.43926,0.0,0.0,3.36466
5,267,4.98938,0.0,0.0,3.35206
5,268,4.11405,5e-05,0.00013,3.33955
5,269,6.54127,0.0,0.0,3.32714
5,270,1.43633,0.15165,0.20172,3.31481
5,271,1.33315,0.1832,0.23921,3.30258
5,272,3.34815,0.00089,0.00195,3.29044
5,273,6.42411,0.0,0.0,3.27839
5,274,4.93783,0.0,0.0,3.26642
5,275,3.33518,0.00093,0.00204,3.25455
5,276,2.54456,0.0113,0.01956,3.24275
5,277,5.3402,0.0,0.0,3.23105
5,278,1.29098,0.19742,0.25554,3.21942
5,279,4.70404,0.0,1e-05,3.20789
5,280,6.10505,0.0,0.0,3.19643
5,281,6.37601,0.0,0.0,3.18505
5,282,6.79675,0.0,0.0,3.17376
5,283,7.14881,0.0,0.0,3.16254
5,284,7.6563,0.0,0.0,3.15141
5,285,6.93813,0.0,0.0,3.14035
5,286,7.22005,0.0,0.0,3.12937
5,287,8.45259,0.0,0.0,3.11847
5,288,0.02558,0.97961,0.98383,3.10764
5,289,-1.33702,0.18194,0.23768,3.09689
5,290,-2.44935,0.01472,0.02489,3.08621
5,291,-6.39467,0.0,0.0,3.0756
5,292,-8.63634,0.0,0.0,3.06507
5,293,-9.21819,0.0,0.0,3.05461
5,294,-7.31595,0.0,0.0,3.04422
5,295,-5.39946,0.0,0.0,3.0339
5,296,-1.31431,0.18945,0.24647,3.02365
5,297,1.21053,0.22675,0.28854,3.01347
5,298,8.24138,0.0,0.0,3.00336
5,299,7.6584,0.0,0.0,2.99331
5,300,3.50005,0.00051,0.00119,2.98333
5,301,3.24409,0.00127,0.00271,2.97342
5,302,4.37576,2e-05,5e-05,2.96358
5,303,0.11818,0.90598,0.92654,2.9538
5,304,-0.83961,0.4016,0.47431,2.94408
5,305,1.72285,0.08565,0.12162,2.93443
5,306,6.9381,0.0,0.0,2.92484
5,307,5.68433,0.0,0.0,2.91531
5,308,11.15602,0.0,0.0,2.90584
5,309,11.00559,0.0,0.0,2.89644
5,310,12.16279,0.0,0.0,2.8871
5,311,12.0447,0.0,0.0,2.87781
5,312,10.33883,0.0,0.0,2.86859
5,313,6.40917,0.0,0.0,2.85942
5,314,-0.40874,0.68294,0.73509,2.85032
5,315,-0.91649,0.35994,0.43198,2.84127
5,316,0.4483,0.65417,0.70901,2.83228
5,317,-1.02648,0.30525,0.37504,2.82334
5,318,1.28489,0.19954,0.25805,2.81447
5,319,-0.28822,0.77332,0.81408,2.80564
5,320,-2.38767,0.01739,0.02892,2.79688
5,321,1.85285,0.0646,0.09435,2.78816
5,322,5.19958,0.0,0.0,2.7795
5,323,6.60155,0.0,0.0,2.7709
5,324,8.17673,0.0,0.0,2.76235
5,325,9.56416,0.0,0.0,2.75385
5,326,8.34253,0.0,0.0,2.7454
5,327,7.58352,0.0,0.0,2.737
5,328,8.84251,0.0,0.0,2.72866
5,329,7.47812,0.0,0.0,2.72036
5,330,7.73912,0.0,0.0,2.71212
5,331,4.33205,2e-05,6e-05,2.70393
5,332,-1.69104,0.09157,0.12897,2.69578
5,333,-2.92404,0.00364,0.00708,2.68769
5,334,-2.8926,0.00402,0.00773,2.67964
5,335,-3.02513,0.00264,0.00528,2.67164
5,336,-3.01767,0.0027,0.0054,2.66369
5,337,2.6056,0.0095,0.01671,2.65579
5,338,0.47616,0.6342,0.69062,2.64793
5,339,-0.55546,0.57887,0.6415,2.64012
5,340,2.35852,0.0188,0.03103,2.63235
5,341,-0.31715,0.75129,0.79498,2.62463
5,342,0.58247,0.56056,0.62537,2.61696
5,343,-0.55148,0.58159,0.64388,2.60933
5,344,0.62824,0.53019,0.59694,2.60174
5,345,-0.38666,0.6992,0.7497,2.5942
5,346,-1.77321,0.07692,0.11041,2.58671
5,347,3.53004,0.00046,0.00107,2.57925
5,348,4.41634,1e-05,4e-05,2.57184
5,349,6.75475,0.0,0.0,2.56447
5,350,6.66552,0.0,0.0,2.55714
5,351,7.2721,0.0,0.0,2.54986
5,352,9.22389,0.0,0.0,2.54261
5,353,5.8193,0.0,0.0,2.53541
5,354,5.89811,0.0,0.0,2.52825
5,355,-0.12873,0.89763,0.91997,2.52113
5,356,0.24543,0.80624,0.84192,2.51404
5,357,-4.95085,0.0,0.0,2.507
5,358,-5.36124,0.0,0.0,2.5
5,359,-6.39357,0.0,0.0,2.49304
5,360,-3.04003,0.00251,0.00505,2.48611
5,361,-3.68447,0.00026,0.00063,2.47922
5,362,-5.2004,0.0,0.0,2.47238
5,363,-3.81754,0.00015,0.00039,2.46556
5,364,-2.59697,0.00973,0.01708,2.45879
5,365,-1.61757,0.1065,0.14686,2.45205
5,366,-0.86267,0.38881,0.46154,2.44536
5,367,0.60347,0.54652,0.61202,2.43869
5,368,2.03433,0.04254,0.06519,2.43207
5,369,0.22974,0.8184,0.85212,2.42547
5,370,-3.01266,0.00275,0.00548,2.41892
5,371,-0.21181,0.83235,0.86395,2.4124
5,372,0.43963,0.66043,0.71463,2.40591
5,373,-0.30369,0.76151,0.80365,2.39946
5,374,0.99556,0.32004,0.39032,2.39305
5,375,-0.88818,0.37495,0.44737,2.38667
5,376,0.71287,0.47632,0.54493,2.38032
5,377,-4.74016,0.0,1e-05,2.37401
5,378,-5.53086,0.0,0.0,2.36772
5,379,-4.99661,0.0,0.0,2.36148
5,380,-4.88455,0.0,1e-05,2.35526
5,381,-5.59218,0.0,0.0,2.34908
5,382,-3.61932,0.00033,0.00079,2.34293
5,383,-2.74979,0.00622,0.01143,2.33681
5,384,-2.80387,0.00528,0.0099,2.33073
5,385,-4.94256,0.0,0.0,2.32468
5,386,-1.97958,0.0484,0.07308,2.31865
5,387,0.80846,0.41928,0.49131,2.31266
5,388,4.79109,0.0,1e-05,2.3067
5,389,6.39974,0.0,0.0,2.30077
5,390,7.2478,0.0,0.0,2.29487
5,391,7.56871,0.0,0.0,2.289
5,392,5.96819,0.0,0.0,2.28316
5,393,0.65957,0.50989,0.57791,2.27735
5,394,-0.12505,0.90054,0.92239,2.27157
5,395,-0.77041,0.44149,0.51253,2.26582
5,396,1.3544,0.17633,0.23136,2.2601
5,397,-1.5566,0.12032,0.16405,2.25441
5,398,-1.53048,0.12665,0.17179,2.24874
5,399,0.57123,0.56815,0.63186,2.24311
5,400,-1.27189,0.20411,0.26332,2.2375
5,401,1.04896,0.2948,0.36398,2.23192
5,402,1.66761,0.09614,0.13447,2.22637
5,403,1.0771,0.28205,0.35019,2.22084
5,404,6.2834,0.0,0.0,2.21535
5,405,6.23086,0.0,0.0,2.20988
5,406,3.64827,0.0003,0.00072,2.20443
5,407,3.47615,0.00056,0.00129,2.19902
5,408,3.41151,0.00071,0.00159,2.19363
5,409,1.47757,0.14027,0.18818,2.18826
5,410,1.67463,0.09475,0.13279,2.18293
5,411,2.27871,0.02318,0.0375,2.17762
5,412,1.99526,0.04666,0.0708,2.17233
5,413,2.86101,0.00443,0.00846,2.16707
5,414,3.47176,0.00057,0.0013,2.16184
5,415,1.83696,0.06692,0.09745,2.15663
5,416,-0.53577,0.5924,0.65367,2.15144
5,417,-2.93593,0.00351,0.00685,2.14628
5,418,-1.77749,0.07621,0.10951,2.14115
5,419,-1.9793,0.04843,0.07311,2.13604
5,420,-3.60089,0.00035,0.00084,2.13095
5,421,-3.26687,0.00118,0.00253,2.12589
5,422,-2.7896,0.00552,0.01028,2.12085
5,423,1.69009,0.09175,0.12921,2.11584
5,424,-0.28598,0.77503,0.81511,2.11085
5,425,1.0052,0.31538,0.38553,2.10588
5,426,2.93806,0.00348,0.00681,2.10094
5,427,-0.78292,0.43411,0.50543,2.09602
5,428,-2.39526,0.01704,0.02837,2.09112
5,429,-0.72976,0.46594,0.53538,2.08625
5,430,-1.51173,0.13135,0.17753,2.0814
5,431,-0.90666,0.36511,0.43714,2.07657
5,432,-2.44393,0.01494,0.02523,2.07176
5,433,4.93004,0.0,0.0,2.06697
5,434,2.08328,0.03783,0.05873,2.06221
5,435,-1.0271,0.30496,0.37473,2.05747
5,436,3.01382,0.00274,0.00546,2.05275
5,437,1.26795,0.20551,0.26482,2.04805
5,438,1.69869,0.09011,0.12719,2.04338
5,439,4.70147,0.0,1e-05,2.03872
5,440,6.28367,0.0,0.0,2.03409
5,441,4.75539,0.0,1e-05,2.02948
5,442,1.6735,0.09497,0.13309,2.02489
5,443,1.35252,0.17693,0.23202,2.02032
5,444,-4.55312,1e-05,2e-05,2.01577
5,445,-2.96044,0.00325,0.00639,2.01124
5,446,-1.48777,0.13756,0.18504,2.00673
5,447,-1.10391,0.27026,0.33701,2.00224
6,1,-1.3138,0.18963,0.24667,1052.0
6,2,-1.08696,0.27768,0.34535,526.0
6,3,-1.00151,0.31715,0.38723,350.66667
6,4,0.75549,0.45038,0.52109,263.0
6,5,5.85867,0.0,0.0,210.4
6,6,8.30253,0.0,0.0,175.33333
6,7,7.3399,0.0,0.0,150.28571
6,8,2.95889,0.00326,0.00642,131.5
6,9,2.69861,0.00724,0.0131,116.88889
6,10,0.12407,0.90132,0.92309,105.2
6,11,-2.47237,0.01382,0.02351,95.63636
6,12,-4.06143,6e-05,0.00016,87.66667
6,13,-4.66353,0.0,1e-05,80.92308
6,14,1.53019,0.12672,0.17185,75.14286
6,15,1.7171,0.08669,0.123,70.13333
6,16,0.83614,0.40355,0.4761,65.75
6,17,4.28415,2e-05,7e-05,61.88235
6,18,2.99891,0.00287,0.0057,58.44444
6,19,5.30826,0.0,0.0,55.36842
6,20,-0.74225,0.45835,0.52836,52.6
6,21,0.42312,0.67242,0.72534,50.09524
6,22,3.24878,0.00125,0.00268,47.81818
6,23,-5.7267,0.0,0.0,45.73913
6,24,-7.99273,0.0,0.0,43.83333
6,25,-4.64775,0.0,2e-05,42.08
6,26,-6.10741,0.0,0.0,40.46154
6,27,-8.07966,0.0,0.0,38.96296
6,28,-3.33983,0.00091,0.00201,37.57143
6,29,3.76518,0.00019,0.00047,36.27586
6,30,1.35793,0.17521,0.23013,35.06667
6,31,-2.33172,0.02019,0.03311,33.93548
6,32,-0.41164,0.68082,0.73336,32.875
6,33,-2.75136,0.00619,0.01139,31.87879
6,34,-3.05076,0.00243,0.00489,30.94118
6,35,-3.31146,0.00101,0.0022,30.05714
6,36,1.69951,0.08996,0.12699,29.22222
6,37,-4.57188,1e-05,2e-05,28.43243
6,38,-5.44136,0.0,0.0,27.68421
6,39,-7.19489,0.0,0.0,26.97436
6,40,-7.86591,0.0,0.0,26.3
6,41,-9.30633,0.0,0.0,25.65854
6,42,-3.34546,0.00089,0.00197,25.04762
6,43,-1.1005,0.27174,0.3386,24.46512
6,44,0.25228,0.80095,0.83735,23.90909
6,45,1.20648,0.22831,0.29027,23.37778
6,46,5.63829,0.0,0.0,22.86957
6,47,5.61437,0.0,0.0,22.38298
6,48,-1.10085,0.27159,0.33845,21.91667
6,49,0.62628,0.53147,0.59818,21.46939
6,50,-1.86783,0.06248,0.0917,21.04
6,51,-7.184,0.0,0.0,20.62745
6,52,-4.86232,0.0,1e-05,20.23077
6,53,-5.1687,0.0,0.0,19.84906
6,54,-6.5367,0.0,0.0,19.48148
6,55,-8.21234,0.0,0.0,19.12727
6,56,-0.40271,0.68736,0.73906,18.78571
6,57,2.02834,0.04315,0.066,18.45614
6,58,0.90353,0.36676,0.4387,18.13793
6,59,5.20246,0.0,0.0,17.83051
6,60,6.81575,0.0,0.0,17.53333
6,61,11.3908,0.0,0.0,17.2459
6,62,3.52084,0.00048,0.00111,16.96774
6,63,-1.30734,0.19181,0.24905,16.69841
6,64,-5.44734,0.0,0.0,16.4375
6,65,-6.36926,0.0,0.0,16.18462
6,66,-5.01148,0.0,0.0,15.93939
6,67,-4.01119,7e-05,0.00019,15.70149
6,68,-6.0687,0.0,0.0,15.47059
6,69,0.90926,0.36373,0.43576,15.24638
6,70,6.89623,0.0,0.0,15.02857
6,71,2.86148,0.00443,0.00845,14.8169
6,72,2.55005,0.01112,0.01928,14.61111
6,73,0.23075,0.81762,0.85139,14.41096
6,74,-0.14275,0.88655,0.91076,14.21622
6,75,-5.85193,0.0,0.0,14.02667
6,76,-10.64368,0.0,0.0,13.84211
6,77,-7.44555,0.0,0.0,13.66234
6,78,-9.10066,0.0,0.0,13.48718
6,79,-8.98811,0.0,0.0,13.31646
6,80,-7.60864,0.0,0.0,13.15
6,81,-6.47243,0.0,0.0,12.98765
6,82,-2.65965,0.00812,0.01452,12.82927
6,83,-0.11237,0.91058,0.93,12.6747
6,84,0.26229,0.79323,0.83128,12.52381
6,85,4.77206,0.0,1e-05,12.37647
6,86,3.47422,0.00057,0.00129,12.23256
6,87,5.68359,0.0,0.0,12.09195
6,88,1.87462,0.06154,0.09048,11.95455
6,89,0.79903,0.42472,0.49611,11.82022
6,90,-3.1888,0.00154,0.00323,11.68889
6,91,-0.72694,0.46766,0.53687,11.56044
6,92,-2.98227,0.00303,0.006,11.43478
6,93,-4.69173,0.0,1e-05,11.31183
6,94,-0.1469,0.88328,0.90796,11.19149
6,95,1.12485,0.26129,0.32725,11.07368
6,96,-5.31823,0.0,0.0,10.95833
6,97,-4.43323,1e-05,4e-05,10.84536
6,98,-4.16642,4e-05,0.00011,10.73469
6,99,-3.79663,0.00017,0.00042,10.62626
6,100,-1.82908,0.06809,0.09891,10.52
6,101,5.88637,0.0,0.0,10.41584
6,102,4.5428,1e-05,2e-05,10.31373
6,103,10.19495,0.0,0.0,10.21359
6,104,10.75355,0.0,0.0,10.11538
6,105,12.02259,0.0,0.0,10.01905
6,106,9.04521,0.0,0.0,9.92453
6,107,3.23939,0.00129,0.00276,9.83178
6,108,4.2401,3e-05,8e-05,9.74074
6,109,5.25424,0.0,0.0,9.65138
6,110,5.50806,0.0,0.0,9.56364
6,111,7.14096,0.0,0.0,9.47748
6,112,6.29154,0.0,0.0,9.39286
6,113,7.64931,0.0,0.0,9.30973
6,114,3.88898,0.00012,0.0003,9.22807
6,115,0.02377,0.98105,0.98509,9.14783
6,116,-0.5009,0.6167,0.67542,9.06897
6,117,3.02975,0.0026,0.00521,8.99145
6,118,6.9036,0.0,0.0,8.91525
6,119,4.72095,0.0,1e-05,8.84034
6,120,9.38587,0.0,0.0,8.76667
6,121,8.69788,0.0,0.0,8.69421
6,122,2.91737,0.00372,0.00721,8.62295
6,123,3.57354,0.00039,0.00092,8.55285
6,124,5.89339,0.0,0.0,8.48387
6,125,4.01869,7e-05,0.00019,8.416
6,126,5.9812,0.0,0.0,8.34921
6,127,7.98048,0.0,0.0,8.28346
6,128,10.70668,0.0,0.0,8.21875
6,129,3.48331,0.00055,0.00125,8.15504
6,130,7.43183,0.0,0.0,8.09231
6,131,7.97152,0.0,0.0,8.03053
6,132,6.55928,0.0,0.0,7.9697
6,133,2.45885,0.01434,0.02433,7.90977
6,134,2.01849,0.04417,0.06742,7.85075
6,135,0.49823,0.61858,0.67704,7.79259
6,136,-0.3476,0.72831,0.77559,7.73529
6,137,-3.70703,0.00024,0.00058,7.67883
6,138,-2.83935,0.00474,0.00899,7.62319
6,139,-3.88414,0.00012,0.00031,7.56835
6,140,-2.74971,0.00622,0.01143,7.51429
6,141,-6.91461,0.0,0.0,7.46099
6,142,-8.72873,0.0,0.0,7.40845
6,143,-9.62959,0.0,0.0,7.35664
6,144,-9.35858,0.0,0.0,7.30556
6,145,-7.96593,0.0,0.0,7.25517
6,146,-4.65979,0.0,1e-05,7.20548
6,147,-2.6589,0.00814,0.01455,7.15646
6,148,0.17951,0.85762,0.88559,7.10811
6,149,4.26096,3e-05,7e-05,7.0604
6,150,3.89986,0.00011,0.00029,7.01333
6,151,1.08374,0.2791,0.34691,6.96689
6,152,3.55292,0.00042,0.00099,6.92105
6,153,3.70207,0.00024,0.00059,6.87582
6,154,-2.01013,0.04505,0.06864,6.83117
6,155,0.88578,0.37624,0.44854,6.7871
6,156,2.34281,0.0196,0.03223,6.74359
6,157,-0.14849,0.88203,0.90681,6.70064
6,158,2.78474,0.0056,0.01041,6.65823
6,159,3.92016,0.0001,0.00027,6.61635
6,160,5.1433,0.0,0.0,6.575
6,161,6.53018,0.0,0.0,6.53416
6,162,8.74575,0.0,0.0,6.49383
6,163,10.26955,0.0,0.0,6.45399
6,164,6.93336,0.0,0.0,6.41463
6,165,7.91839,0.0,0.0,6.37576
6,166,7.69017,0.0,0.0,6.33735
6,167,6.1484,0.0,0.0,6.2994
6,168,1.67562,0.09455,0.1326,6.2619
6,169,6.30188,0.0,0.0,6.22485
6,170,6.65102,0.0,0.0,6.18824
6,171,8.66647,0.0,0.0,6.15205
6,172,6.10731,0.0,0.0,6.11628
6,173,5.95908,0.0,0.0,6.08092
6,174,-0.82586,0.40935,0.48158,6.04598
6,175,-1.80127,0.07237,0.10446,6.01143
6,176,-5.33609,0.0,0.0,5.97727
6,177,-8.807,0.0,0.0,5.9435
6,178,-6.2347,0.0,0.0,5.91011
6,179,-6.29737,0.0,0.0,5.87709
6,180,-5.09918,0.0,0.0,5.84444
6,181,-4.13831,4e-05,0.00012,5.81215
6,182,-3.32818,0.00095,0.00208,5.78022
6,183,-0.98488,0.32525,0.39576,5.74863
6,184,1.32908,0.18454,0.2408,5.71739
6,185,-0.3367,0.73651,0.78273,5.68649
6,186,0.24633,0.80555,0.84154,5.65591
6,187,-2.4066,0.01653,0.02761,5.62567
6,188,1.20316,0.22959,0.29175,5.59574
6,189,3.48409,0.00055,0.00125,5.56614
6,190,1.93727,0.05338,0.07974,5.53684
6,191,1.29909,0.19462,0.25228,5.50785
6,192,7.98902,0.0,0.0,5.47917
6,193,4.44598,1e-05,3e-05,5.45078
6,194,-1.29046,0.1976,0.25574,5.42268
6,195,-0.12962,0.89693,0.91971,5.39487
6,196,3.97222,8e-05,0.00022,5.36735
6,197,3.55676,0.00042,0.00098,5.3401
6,198,-0.28366,0.77681,0.81655,5.31313
6,199,-1.5201,0.12923,0.17488,5.28643
6,200,-2.44067,0.01507,0.02543,5.26
6,201,-9.20507,0.0,0.0,5.23383
6,202,-7.37219,0.0,0.0,5.20792
6,203,-5.79991,0.0,0.0,5.18227
6,204,-6.54828,0.0,0.0,5.15686
6,205,-5.83961,0.0,0.0,5.13171
6,206,-2.19739,0.02854,0.04544,5.1068
6,207,-3.12496,0.0019,0.00392,5.08213
6,208,-2.84698,0.00463,0.0088,5.05769
6,209,-2.19596,0.02864,0.04559,5.03349
6,210,-0.6455,0.51895,0.58607,5.00952
6,211,4.01769,7e-05,0.00019,4.98578
6,212,-0.34914,0.72716,0.77461,4.96226
6,213,2.82721,0.00492,0.0093,4.93897
6,214,-2.07296,0.03878,0.06002,4.91589
6,215,0.54556,0.58566,0.64766,4.89302
6,216,-6.92268,0.0,0.0,4.87037
6,217,-1.28657,0.19895,0.25742,4.84793
6,218,0.57319,0.56682,0.63087,4.82569
6,219,-3.48634,0.00054,0.00124,4.80365
6,220,-4.10205,5e-05,0.00014,4.78182
6,221,-6.56844,0.0,0.0,4.76018
6,222,-7.72567,0.0,0.0,4.73874
6,223,-6.55009,0.0,0.0,4.71749
6,224,-3.33936,0.00091,0.00201,4.69643
6,225,-3.05412,0.0024,0.00485,4.67556
6,226,3.43532,0.00065,0.00147,4.65487
6,227,-0.33858,0.7351,0.78148,4.63436
6,228,-4.88061,0.0,1e-05,4.61404
6,229,-8.09063,0.0,0.0,4.59389
6,230,-6.90307,0.0,0.0,4.57391
6,231,-2.1242,0.03423,0.0536,4.55411
6,232,-0.25887,0.79586,0.83325,4.53448
6,233,-0.75365,0.45148,0.52212,4.51502
6,234,-2.15538,0.0317,0.04999,4.49573
6,235,-0.93254,0.35159,0.42344,4.4766
6,236,-2.40701,0.01651,0.02759,4.45763
6,237,-6.06222,0.0,0.0,4.43882
6,238,1.45324,0.1469,0.19616,4.42017
6,239,3.98012,8e-05,0.00022,4.40167
6,240,-0.82393,0.41045,0.48253,4.38333
6,241,-3.95048,9e-05,0.00024,4.36515
6,242,-5.02394,0.0,0.0,4.34711
6,243,-4.20874,3e-05,9e-05,4.32922
6,244,-1.393,0.16435,0.21729,4.31148
6,245,-10.1199,0.0,0.0,4.29388
6,246,-10.45338,0.0,0.0,4.27642
6,247,-11.74801,0.0,0.0,4.25911
6,248,-7.28161,0.0,0.0,4.24194
6,249,-7.64673,0.0,0.0,4.2249
6,250,-1.00253,0.31666,0.38677,4.208
6,251,-0.95088,0.34221,0.41367,4.19124
6,252,-0.42485,0.67116,0.72424,4.1746
6,253,3.38411,0.00078,0.00174,4.1581
6,254,3.34103,0.00091,0.002,4.14173
6,255,4.36667,2e-05,5e-05,4.12549
6,256,4.5226,1e-05,3e-05,4.10938
6,257,4.9674,0.0,0.0,4.09339
6,258,1.01608,0.31017,0.3802,4.07752
6,259,-1.6261,0.10467,0.1447,4.06178
6,260,-0.6351,0.52571,0.59265,4.04615
6,261,-4.16529,4e-05,0.00011,4.03065
6,262,-2.52091,0.01207,0.02082,4.01527
6,263,-1.14118,0.25444,0.31992,4.0
6,264,1.53755,0.12491,0.1696,3.98485
6,265,-1.98511,0.04778,0.07227,3.96981
6,266,-2.49911,0.01283,0.02197,3.95489
6,267,-1.25834,0.20896,0.26868,3.94007
6,268,-5.8568,0.0,0.0,3.92537
6,269,-3.55499,0.00042,0.00099,3.91078
6,270,-3.88132,0.00012,0.00031,3.8963
6,271,-4.71017,0.0,1e-05,3.88192
6,272,-2.29184,0.02241,0.03637,3.86765
6,273,0.58835,0.55661,0.62138,3.85348
6,274,-5.82284,0.0,0.0,3.83942
6,275,1.09715,0.2732,0.34025,3.82545
6,276,3.72974,0.00022,0.00054,3.81159
6,277,3.80142,0.00017,0.00042,3.79783
6,278,5.36869,0.0,0.0,3.78417
6,279,5.43071,0.0,0.0,3.77061
6,280,4.30217,2e-05,6e-05,3.75714
6,281,-4.84013,0.0,1e-05,3.74377
6,282,-6.40727,0.0,0.0,3.7305
6,283,-8.5075,0.0,0.0,3.71731
6,284,-8.97463,0.0,0.0,3.70423
6,285,-5.28079,0.0,0.0,3.69123
6,286,-4.76626,0.0,1e-05,3.67832
6,287,-7.13093,0.0,0.0,3.66551
6,288,-8.79479,0.0,0.0,3.65278
6,289,-8.92319,0.0,0.0,3.64014
6,290,-10.54137,0.0,0.0,3.62759
6,291,-7.27343,0.0,0.0,3.61512
6,292,1.6352,0.10275,0.14251,3.60274
6,293,4.84067,0.0,1e-05,3.59044
6,294,5.44639,0.0,0.0,3.57823
6,295,8.61389,0.0,0.0,3.5661
6,296,7.81652,0.0,0.0,3.55405
6,297,0.9647,0.33525,0.4063,3.54209
6,298,0.85793,0.39142,0.46399,3.5302
6,299,2.1564,0.03162,0.04989,3.51839
6,300,1.89402,0.05891,0.08702,3.50667
6,301,-4.53782,1e-05,2e-05,3.49502
6,302,-4.0235,7e-05,0.00019,3.48344
6,303,-3.18919,0.00153,0.00322,3.47195
6,304,-3.77226,0.00018,0.00046,3.46053
6,305,-3.12365,0.00191,0.00393,3.44918
6,306,-3.61226,0.00034,0.00081,3.43791
6,307,-1.80874,0.0712,0.10308,3.42671
6,308,-2.29551,0.02219,0.03607,3.41558
6,309,-5.91259,0.0,0.0,3.40453
6,310,-4.37501,2e-05,5e-05,3.39355
6,311,-4.2482,3e-05,8e-05,3.38264
6,312,-7.21548,0.0,0.0,3.37179
6,313,-5.87032,0.0,0.0,3.36102
6,314,-4.42313,1e-05,4e-05,3.35032
6,315,6.19087,0.0,0.0,3.33968
6,316,6.13143,0.0,0.0,3.32911
6,317,7.49142,0.0,0.0,3.31861
6,318,2.58509,0.01007,0.01761,3.30818
6,319,-2.67384,0.00779,0.01399,3.29781
6,320,-0.49227,0.62279,0.6803,3.2875
6,321,0.96563,0.33478,0.40581,3.27726
6,322,-1.58603,0.11348,0.15567,3.26708
6,323,-0.46186,0.64442,0.70018,3.25697
6,324,2.75289,0.00616,0.01135,3.24691
6,325,-0.31253,0.75479,0.79785,3.23692
6,326,-0.64902,0.51668,0.58403,3.22699
6,327,-1.92305,0.05515,0.08206,3.21713
6,328,-0.07876,0.93726,0.95017,3.20732
6,329,0.86173,0.38933,0.46205,3.19757
6,330,1.57545,0.1159,0.15864,3.18788
6,331,4.49772,1e-05,3e-05,3.17825
6,332,-1.17772,0.23957,0.30301,3.16867
6,333,-1.01012,0.31302,0.38298,3.15916
6,334,-4.93367,0.0,0.0,3.1497
6,335,-5.99507,0.0,0.0,3.1403
6,336,-3.99737,8e-05,0.0002,3.13095
6,337,2.64105,0.00857,0.01524,3.12166
6,338,6.00099,0.0,0.0,3.11243
6,339,4.49002,1e-05,3e-05,3.10324
6,340,5.46197,0.0,0.0,3.09412
6,341,6.13015,0.0,0.0,3.08504
6,342,5.09001,0.0,0.0,3.07602
6,343,2.12719,0.03398,0.05323,3.06706
6,344,2.08411,0.03775,0.05864,3.05814
6,345,3.38875,0.00077,0.00171,3.04928
6,346,4.81872,0.0,1e-05,3.04046
6,347,4.6069,1e-05,2e-05,3.0317
6,348,6.36789,0.0,0.0,3.02299
6,349,8.97052,0.0,0.0,3.01433
6,350,8.86389,0.0,0.0,3.00571
6,351,7.10522,0.0,0.0,2.99715
6,352,3.60288,0.00035,0.00083,2.98864
6,353,3.43287,0.00066,0.00148,2.98017
6,354,-4.22904,3e-05,8e-05,2.97175
6,355,-3.05363,0.0024,0.00485,2.96338
6,356,-2.84264,0.00469,0.0089,2.95506
6,357,-0.39212,0.69517,0.74601,2.94678
6,358,1.39618,0.16339,0.21619,2.93855
6,359,8.29551,0.0,0.0,2.93036
6,360,6.15079,0.0,0.0,2.92222
6,361,8.07396,0.0,0.0,2.91413
6,362,-0.73755,0.4612,0.53083,2.90608
6,363,-1.18286,0.23753,0.30073,2.89807
6,364,-8.98966,0.0,0.0,2.89011
6,365,-7.54552,0.0,0.0,2.88219
6,366,-6.89319,0.0,0.0,2.87432
6,367,-4.48167,1e-05,3e-05,2.86649
6,368,-3.00525,0.00281,0.0056,2.8587
6,369,0.22004,0.82595,0.85864,2.85095
6,370,0.90727,0.36478,0.43686,2.84324
6,371,-3.3764,0.0008,0.00178,2.83558
6,372,-0.1508,0.8802,0.90517,2.82796
6,373,-0.61924,0.53609,0.60217,2.82038
6,374,-2.36625,0.01842,0.03045,2.81283
6,375,-2.81422,0.00512,0.00963,2.80533
6,376,-3.77066,0.00019,0.00047,2.79787
6,377,-4.39645,1e-05,4e-05,2.79045
6,378,-5.76562,0.0,0.0,2.78307
6,379,-3.27857,0.00113,0.00244,2.77573
6,380,-1.756,0.07981,0.11421,2.76842
6,381,1.66429,0.0968,0.13525,2.76115
6,382,1.56434,0.11849,0.16182,2.75393
6,383,3.37695,0.0008,0.00178,2.74674
6,384,3.06461,0.00232,0.0047,2.73958
6,385,2.7811,0.00566,0.01052,2.73247
6,386,3.4995,0.00052,0.00119,2.72539
6,387,5.14013,0.0,0.0,2.71835
6,388,3.46806,0.00058,0.00132,2.71134
6,389,3.65593,0.00029,0.0007,2.70437
6,390,5.55456,0.0,0.0,2.69744
6,391,4.25513,3e-05,8e-05,2.69054
6,392,1.09834,0.27268,0.33969,2.68367
6,393,1.13217,0.2582,0.32399,2.67684
6,394,1.20503,0.22887,0.29087,2.67005
6,395,4.08001,5e-05,0.00015,2.66329
6,396,6.15145,0.0,0.0,2.65657
6,397,3.97628,8e-05,0.00022,2.64987
6,398,8.4542,0.0,0.0,2.64322
6,399,6.82296,0.0,0.0,2.63659
6,400,3.85447,0.00013,0.00035,2.63
6,401,1.72544,0.08518,0.12101,2.62344
6,402,-1.61932,0.10612,0.14646,2.61692
6,403,-3.2911,0.00108,0.00234,2.61042
6,404,-2.55333,0.01102,0.01913,2.60396
6,405,-4.16943,4e-05,0.00011,2.59753
6,406,-0.57178,0.56778,0.63152,2.59113
6,407,-2.85386,0.00453,0.00864,2.58477
6,408,-2.98687,0.00298,0.00592,2.57843
6,409,-6.36172,0.0,0.0,2.57213
6,410,-5.55549,0.0,0.0,2.56585
6,411,-7.73954,0.0,0.0,2.55961
6,412,-8.28506,0.0,0.0,2.5534
6,413,-4.55825,1e-05,2e-05,2.54722
6,414,-5.07179,0.0,0.0,2.54106
6,415,3.09197,0.00212,0.00433,2.53494
6,416,3.30354,0.00104,0.00225,2.52885
6,417,7.02868,0.0,0.0,2.52278
6,418,8.12661,0.0,0.0,2.51675
6,419,6.97416,0.0,0.0,2.51074
6,420,5.13514,0.0,0.0,2.50476
6,421,0.88477,0.37678,0.44909,2.49881
6,422,-3.1135,0.00197,0.00406,2.49289
6,423,-9.85107,0.0,0.0,2.487
6,424,-10.27686,0.0,0.0,2.48113
6,425,-9.88166,0.0,0.0,2.47529
6,426,-9.58139,0.0,0.0,2.46948
6,427,-8.4345,0.0,0.0,2.4637
6,428,-3.64999,0.0003,0.00071,2.45794
6,429,-2.92372,0.00364,0.00709,2.45221
6,430,-0.51131,0.6094,0.66874,2.44651
6,431,2.19258,0.02888,0.04591,2.44084
6,432,1.75366,0.08021,0.11469,2.43519
6,433,3.36659,0.00083,0.00184,2.42956
6,434,1.93487,0.05367,0.08011,2.42396
6,435,-0.63918,0.52305,0.59003,2.41839
6,436,-3.29665,0.00106,0.0023,2.41284
6,437,-3.42298,0.00068,0.00153,2.40732
6,438,-2.34986,0.01924,0.03169,2.40183
6,439,-0.26121,0.79406,0.83171,2.39636
6,440,-3.19468,0.0015,0.00317,2.39091
6,441,-4.38267,1e-05,5e-05,2.38549
6,442,-2.42765,0.01561,0.02625,2.38009
6,443,1.19391,0.23318,0.29586,2.37472
6,444,3.97626,8e-05,0.00022,2.36937
6,445,4.54094,1e-05,2e-05,2.36404
6,446,7.86939,0.0,0.0,2.35874
6,447,6.45148,0.0,0.0,2.35347
6,448,4.71727,0.0,1e-05,2.34821
6,449,3.96271,9e-05,0.00023,2.34298
6,450,-1.33864,0.18141,0.23715,2.33778
6,451,0.12233,0.9027,0.92393,2.33259
6,452,1.61856,0.10629,0.14665,2.32743
6,453,5.39935,0.0,0.0,2.3223
6,454,2.13899,0.03301,0.05187,2.31718
6,455,3.63539,0.00031,0.00075,2.31209
6,456,3.47649,0.00056,0.00128,2.30702
6,457,0.09764,0.92227,0.93868,2.30197
6,458,-1.09003,0.27632,0.34375,2.29694
6,459,-2.55079,0.0111,0.01925,2.29194
6,460,0.72483,0.46896,0.53805,2.28696
6,461,-0.40108,0.68856,0.74019,2.282
6,462,1.97293,0.04916,0.07411,2.27706
6,463,-2.82845,0.0049,0.00927,2.27214
6,464,-1.35695,0.17552,0.2305,2.26724
6,465,-7.28315,0.0,0.0,2.26237
6,466,-7.56405,0.0,0.0,2.25751
6,467,-5.9276,0.0,0.0,2.25268
6,468,2.15181,0.03198,0.05041,2.24786
6,469,1.19073,0.23443,0.29718,2.24307
6,470,8.56535,0.0,0.0,2.2383
6,471,9.63451,0.0,0.0,2.23355
6,472,5.18038,0.0,0.0,2.22881
6,473,6.3488,0.0,0.0,2.2241
6,474,4.26404,2e-05,7e-05,2.21941
6,475,2.82034,0.00502,0.00947,2.21474
6,476,1.1325,0.25807,0.32386,2.21008
6,477,1.77092,0.0773,0.11093,2.20545
6,478,-1.87492,0.06149,0.09043,2.20084
6,479,2.77501,0.00577,0.0107,2.19624
6,480,0.79958,0.4244,0.49591,2.19167
6,481,-2.93041,0.00357,0.00695,2.18711
6,482,-2.94995,0.00336,0.00658,2.18257
6,483,-4.16465,4e-05,0.00011,2.17805
6,484,-4.20804,3e-05,9e-05,2.17355
6,485,-5.63605,0.0,0.0,2.16907
6,486,1.23664,0.21691,0.27768,2.16461
6,487,1.37587,0.16959,0.22357,2.16016
6,488,2.19404,0.02878,0.04578,2.15574
6,489,2.46015,0.01429,0.02425,2.15133
6,490,4.98553,0.0,0.0,2.14694
6,491,5.13295,0.0,0.0,2.14257
6,492,1.28471,0.1996,0.25809,2.13821
6,493,3.07167,0.00227,0.0046,2.13387
6,494,5.04566,0.0,0.0,2.12955
6,495,4.7047,0.0,1e-05,2.12525
6,496,4.7271,0.0,1e-05,2.12097
6,497,4.60883,1e-05,2e-05,2.1167
6,498,4.41136,1e-05,4e-05,2.11245
6,499,4.43658,1e-05,4e-05,2.10822
6,500,-2.93015,0.00357,0.00696,2.104
6,501,-1.96359,0.05023,0.07553,2.0998
6,502,0.0741,0.94097,0.95345,2.09562
6,503,-0.71588,0.47446,0.54299,2.09145
6,504,-1.25572,0.20991,0.26972,2.0873
6,505,-1.7631,0.07861,0.11268,2.08317
6,506,0.59191,0.55423,0.6192,2.07905
6,507,-0.63126,0.52821,0.59505,2.07495
6,508,-5.73366,0.0,0.0,2.07087
6,509,0.5848,0.559,0.62383,2.0668
6,510,0.8071,0.42007,0.49188,2.06275
6,511,-0.11557,0.90805,0.92799,2.05871
6,512,0.59748,0.5505,0.61586,2.05469
6,513,4.04446,6e-05,0.00017,2.05068
6,514,-3.41602,0.0007,0.00156,2.04669
6,515,-5.24655,0.0,0.0,2.04272
6,516,-5.58183,0.0,0.0,2.03876
6,517,0.32577,0.74476,0.78916,2.03482
6,518,-0.09255,0.9263,0.94173,2.03089
6,519,0.28552,0.77538,0.81522,2.02697
6,520,0.65787,0.51098,0.57877,2.02308
6,521,6.68946,0.0,0.0,2.01919
6,522,2.04432,0.04154,0.06382,2.01533
6,523,-2.39597,0.01701,0.02834,2.01147
6,524,-1.90472,0.0575,0.08524,2.00763
6,525,5.10416,0.0,0.0,2.00381
6,526,4.07614,5e-05,0.00015,2.0
7,1,3.67095,0.00027,0.00066,934.0
7,2,2.84698,0.00463,0.0088,467.0
7,3,0.50526,0.61364,0.67244,311.33333
7,4,0.96979,0.33271,0.40356,233.5
7,5,0.77364,0.43958,0.51066,186.8
7,6,0.02779,0.97784,0.98236,155.66667
7,7,-1.16655,0.24405,0.30801,133.42857
7,8,0.19859,0.84268,0.87241,116.75
7,9,0.51507,0.60677,0.66659,103.77778
7,10,3.77978,0.00018,0.00045,93.4
7,11,1.11442,0.26573,0.33219,84.90909
7,12,3.1018,0.00205,0.0042,77.83333
7,13,-1.01892,0.30882,0.37882,71.84615
7,14,-0.52226,0.60176,0.66218,66.71429
7,15,0.5295,0.59674,0.65766,62.26667
7,16,2.64624,0.00844,0.01503,58.375
7,17,3.32501,0.00096,0.0021,54.94118
7,18,1.04018,0.29885,0.3683,51.88889
7,19,1.65163,0.09935,0.13832,49.15789
7,20,0.87864,0.3801,0.45233,46.7
7,21,-2.1821,0.02965,0.047,44.47619
7,22,-2.57572,0.01034,0.01803,42.45455
7,23,-6.07122,0.0,0.0,40.6087
7,24,-7.82971,0.0,0.0,38.91667
7,25,-6.96353,0.0,0.0,37.36
7,26,-4.57073,1e-05,2e-05,35.92308
7,27,-5.23113,0.0,0.0,34.59259
7,28,-2.74543,0.0063,0.01155,33.35714
7,29,-2.53097,0.01174,0.02028,32.2069
7,30,0.58172,0.56107,0.62586,31.13333
7,31,2.85102,0.00457,0.0087,30.12903
7,32,2.40981,0.01639,0.0274,29.1875
7,33,6.87861,0.0,0.0,28.30303
7,34,4.12551,4e-05,0.00013,27.47059
7,35,7.29246,0.0,0.0,26.68571
7,36,1.88249,0.06046,0.08908,25.94444
7,37,0.25079,0.80209,0.83837,25.24324
7,38,-0.39525,0.69286,0.74401,24.57895
7,39,-6.27103,0.0,0.0,23.94872
7,40,-5.3937,0.0,0.0,23.35
7,41,-3.23258,0.00132,0.00282,22.78049
7,42,-2.35618,0.01892,0.03121,22.2381
7,43,-2.92555,0.00362,0.00705,21.72093
7,44,-1.01365,0.31133,0.38124,21.22727
7,45,1.16407,0.24505,0.30908,20.75556
7,46,0.49786,0.61884,0.67725,20.30435
7,47,0.14054,0.8883,0.91227,19.87234
7,48,0.03475,0.97229,0.97836,19.45833
7,49,2.73651,0.00647,0.01184,19.06122
7,50,3.05347,0.00241,0.00485,18.68
7,51,1.66082,0.09749,0.13603,18.31373
7,52,1.68102,0.0935,0.13132,17.96154
7,53,0.21559,0.82941,0.86147,17.62264
7,54,-1.89235,0.05913,0.08732,17.2963
7,55,-4.19751,3e-05,9e-05,16.98182
7,56,-5.2013,0.0,0.0,16.67857
7,57,-8.06144,0.0,0.0,16.38596
7,58,-4.46118,1e-05,3e-05,16.10345
7,59,-1.78355,0.07522,0.10817,15.83051
7,60,-2.51015,0.01244,0.02138,15.56667
7,61,-2.10526,0.03586,0.0559,15.31148
7,62,-5.84371,0.0,0.0,15.06452
7,63,-3.66775,0.00028,0.00067,14.8254
7,64,-3.46236,0.00059,0.00135,14.59375
7,65,1.54139,0.12397,0.16849,14.36923
7,66,2.90024,0.00392,0.00757,14.15152
7,67,1.11386,0.26597,0.33244,13.9403
7,68,1.89981,0.05814,0.08606,13.73529
7,69,-1.70125,0.08963,0.1266,13.53623
7,70,-9.78706,0.0,0.0,13.34286
7,71,-8.44485,0.0,0.0,13.15493
7,72,-6.43882,0.0,0.0,12.97222
7,73,-3.41216,0.00071,0.00158,12.79452
7,74,0.82523,0.40971,0.48189,12.62162
7,75,2.87422,0.00426,0.00817,12.45333
7,76,2.65376,0.00826,0.01473,12.28947
7,77,-1.86052,0.06351,0.09304,12.12987
7,78,-2.58615,0.01004,0.01756,11.97436
7,79,1.82556,0.06862,0.09958,11.82278
7,80,7.33561,0.0,0.0,11.675
7,81,6.53138,0.0,0.0,11.53086
7,82,2.89644,0.00397,0.00765,11.39024
7,83,2.38759,0.0174,0.02893,11.25301
7,84,4.45132,1e-05,3e-05,11.11905
7,85,3.41971,0.00069,0.00155,10.98824
7,86,6.83106,0.0,0.0,10.86047
7,87,6.85934,0.0,0.0,10.73563
7,88,12.62488,0.0,0.0,10.61364
7,89,10.99698,0.0,0.0,10.49438
7,90,7.04337,0.0,0.0,10.37778
7,91,7.02773,0.0,0.0,10.26374
7,92,6.32189,0.0,0.0,10.15217
7,93,5.60057,0.0,0.0,10.04301
7,94,4.65469,0.0,1e-05,9.93617
7,95,4.92583,0.0,0.0,9.83158
7,96,1.05199,0.29341,0.36244,9.72917
7,97,-1.77602,0.07645,0.10979,9.62887
7,98,-3.53245,0.00046,0.00106,9.53061
7,99,-2.90038,0.00392,0.00757,9.43434
7,100,-2.85551,0.00451,0.00859,9.34
7,101,3.44508,0.00063,0.00142,9.24752
7,102,2.12264,0.03437,0.05379,9.15686
7,103,1.78238,0.07541,0.10843,9.06796
7,104,0.99511,0.32025,0.39054,8.98077
7,105,-1.94223,0.05277,0.07895,8.89524
7,106,-2.61169,0.00933,0.01646,8.81132
7,107,-3.71643,0.00023,0.00056,8.72897
7,108,-3.81272,0.00016,0.0004,8.64815
7,109,-6.44767,0.0,0.0,8.56881
7,110,-8.15299,0.0,0.0,8.49091
7,111,-7.06156,0.0,0.0,8.41441
7,112,-4.46199,1e-05,3e-05,8.33929
7,113,-7.80387,0.0,0.0,8.26549
7,114,-3.98413,8e-05,0.00021,8.19298
7,115,-5.65264,0.0,0.0,8.12174
7,116,-2.61873,0.00914,0.01616,8.05172
7,117,-2.85361,0.00454,0.00864,7.98291
7,118,0.6964,0.48656,0.55494,7.91525
7,119,0.09825,0.92178,0.93829,7.84874
7,120,5.80876,0.0,0.0,7.78333
7,121,4.13597,4e-05,0.00012,7.71901
7,122,-2.95733,0.00328,0.00645,7.65574
7,123,-4.77485,0.0,1e-05,7.5935
7,124,-7.4179,0.0,0.0,7.53226
7,125,-10.58291,0.0,0.0,7.472
7,126,-6.77422,0.0,0.0,7.4127
7,127,0.28079,0.77901,0.81856,7.35433
7,128,0.7362,0.46202,0.53149,7.29688
7,129,0.31397,0.7537,0.79686,7.24031
7,130,-0.99409,0.32075,0.39105,7.18462
7,131,-0.5915,0.55451,0.61944,7.12977
7,132,0.77381,0.43948,0.51061,7.07576
7,133,0.62897,0.52971,0.59647,7.02256
7,134,2.75911,0.00605,0.01116,6.97015
7,135,2.98108,0.00304,0.00602,6.91852
7,136,2.42649,0.01566,0.0263,6.86765
7,137,-0.33319,0.73916,0.78489,6.81752
7,138,1.37315,0.17044,0.22449,6.76812
7,139,1.04525,0.29651,0.36577,6.71942
7,140,1.44626,0.14885,0.19857,6.67143
7,141,-1.54372,0.12341,0.16779,6.62411
7,142,-1.39014,0.16522,0.21832,6.57746
7,143,-5.21752,0.0,0.0,6.53147
7,144,-3.89781,0.00011,0.00029,6.48611
7,145,-5.75248,0.0,0.0,6.44138
7,146,-4.67446,0.0,1e-05,6.39726
7,147,-4.08228,5e-05,0.00015,6.35374
7,148,-1.01129,0.31246,0.38243,6.31081
7,149,-2.00431,0.04568,0.0695,6.26846
7,150,-4.03948,6e-05,0.00017,6.22667
7,151,-5.24866,0.0,0.0,6.18543
7,152,-6.81646,0.0,0.0,6.14474
7,153,-7.79638,0.0,0.0,6.10458
7,154,-7.42526,0.0,0.0,6.06494
7,155,-5.84844,0.0,0.0,6.02581
7,156,-6.81513,0.0,0.0,5.98718
7,157,-5.02919,0.0,0.0,5.94904
7,158,-5.66878,0.0,0.0,5.91139
7,159,-6.23266,0.0,0.0,5.87421
7,160,-1.6047,0.10931,0.15031,5.8375
7,161,-0.36012,0.71894,0.76716,5.80124
7,162,0.86889,0.3854,0.45804,5.76543
7,163,-0.51882,0.60416,0.66409,5.73006
7,164,2.81376,0.00513,0.00964,5.69512
7,165,5.39626,0.0,0.0,5.66061
7,166,4.76254,0.0,1e-05,5.62651
7,167,7.12383,0.0,0.0,5.59281
7,168,10.57653,0.0,0.0,5.55952
7,169,1.22916,0.2197,0.28081,5.52663
7,170,3.83388,0.00015,0.00037,5.49412
7,171,3.05179,0.00242,0.00488,5.46199
7,172,0.12044,0.90419,0.92518,5.43023
7,173,-2.83762,0.00476,0.00903,5.39884
7,174,2.06977,0.03908,0.06039,5.36782
7,175,2.63524,0.00872,0.01548,5.33714
7,176,0.86053,0.38999,0.46273,5.30682
7,177,-3.74774,0.0002,0.0005,5.27684
7,178,-5.63465,0.0,0.0,5.24719
7,179,-1.78899,0.07433,0.10698,5.21788
7,180,-5.25388,0.0,0.0,5.18889
7,181,-3.65538,0.00029,0.0007,5.16022
7,182,-2.76124,0.00601,0.0111,5.13187
7,183,0.36741,0.7135,0.76233,5.10383
7,184,-0.66013,0.50953,0.57758,5.07609
7,185,-0.33797,0.73555,0.78189,5.04865
7,186,-0.21849,0.82715,0.8596,5.02151
7,187,-0.09139,0.92722,0.94248,4.99465
7,188,3.5916,0.00037,0.00087,4.96809
7,189,2.27981,0.02312,0.0374,4.9418
7,190,1.66736,0.09618,0.13452,4.91579
7,191,1.65528,0.09861,0.13744,4.89005
7,192,0.1233,0.90193,0.92349,4.86458
7,193,-4.05492,6e-05,0.00016,4.83938
7,194,0.83112,0.40638,0.47887,4.81443
7,195,5.94267,0.0,0.0,4.78974
7,196,5.93889,0.0,0.0,4.76531
7,197,6.86512,0.0,0.0,4.74112
7,198,7.37195,0.0,0.0,4.71717
7,199,5.39317,0.0,0.0,4.69347
7,200,6.0793,0.0,0.0,4.67
7,201,1.8294,0.06804,0.09887,4.64677
7,202,-3.42808,0.00067,0.00151,4.62376
7,203,-5.64986,0.0,0.0,4.60099
7,204,-2.58429,0.01009,0.01764,4.57843
7,205,-3.05605,0.00239,0.00482,4.5561
7,206,-4.35424,2e-05,5e-05,4.53398
7,207,-0.73823,0.46079,0.53066,4.51208
7,208,3.01418,0.00273,0.00545,4.49038
7,209,-1.13071,0.25882,0.32464,4.4689
7,210,-1.70207,0.08948,0.1264,4.44762
7,211,-2.39475,0.01707,0.02841,4.42654
7,212,-2.80065,0.00533,0.00999,4.40566
7,213,-2.40979,0.01639,0.0274,4.38498
7,214,-1.46351,0.14407,0.19274,4.36449
7,215,-2.09777,0.03652,0.05684,4.34419
7,216,-2.18769,0.02924,0.04638,4.32407
7,217,-0.80646,0.42043,0.49225,4.30415
7,218,-4.52028,1e-05,3e-05,4.2844
7,219,-1.33877,0.18137,0.23712,4.26484
7,220,1.17146,0.24208,0.30587,4.24545
7,221,4.07918,5e-05,0.00015,4.22624
7,222,-0.89063,0.37363,0.44602,4.20721
7,223,-1.49618,0.13536,0.1823,4.18834
7,224,-3.35179,0.00088,0.00193,4.16964
7,225,-9.33873,0.0,0.0,4.15111
7,226,-11.08125,0.0,0.0,4.13274
7,227,-8.79576,0.0,0.0,4.11454
7,228,-8.20437,0.0,0.0,4.09649
7,229,-7.95796,0.0,0.0,4.0786
7,230,-6.81297,0.0,0.0,4.06087
7,231,-3.53025,0.00046,0.00107,4.04329
7,232,-0.42664,0.66986,0.72319,4.02586
7,233,2.31599,0.02104,0.03434,4.00858
7,234,2.93615,0.0035,0.00684,3.99145
7,235,4.34092,2e-05,5e-05,3.97447
7,236,7.80635,0.0,0.0,3.95763
7,237,6.80998,0.0,0.0,3.94093
7,238,7.18402,0.0,0.0,3.92437
7,239,6.21489,0.0,0.0,3.90795
7,240,-0.42694,0.66964,0.72303,3.89167
7,241,-3.92438,0.0001,0.00027,3.87552
7,242,-4.46364,1e-05,3e-05,3.8595
7,243,-5.71853,0.0,0.0,3.84362
7,244,-6.07446,0.0,0.0,3.82787
7,245,-1.74386,0.08191,0.11682,3.81224
7,246,-0.20893,0.8346,0.86557,3.79675
7,247,4.4485,1e-05,3e-05,3.78138
7,248,6.66744,0.0,0.0,3.76613
7,249,4.13152,4e-05,0.00012,3.751
7,250,5.9196,0.0,0.0,3.736
7,251,8.4018,0.0,0.0,3.72112
7,252,7.38978,0.0,0.0,3.70635
7,253,8.79892,0.0,0.0,3.6917
7,254,10.61472,0.0,0.0,3.67717
7,255,5.39209,0.0,0.0,3.66275
7,256,6.72773,0.0,0.0,3.64844
7,257,4.62571,0.0,2e-05,3.63424
7,258,4.63381,0.0,2e-05,3.62016
7,259,4.12603,4e-05,0.00013,3.60618
7,260,3.71241,0.00023,0.00057,3.59231
7,261,-1.4916,0.13655,0.18376,3.57854
7,262,-0.46615,0.64135,0.69707,3.56489
7,263,-0.26939,0.78776,0.82667,3.55133
7,264,-4.07808,5e-05,0.00015,3.53788
7,265,-10.98772,0.0,0.0,3.52453
7,266,-10.76236,0.0,0.0,3.51128
7,267,-7.51987,0.0,0.0,3.49813
7,268,-6.423,0.0,0.0,3.48507
7,269,-4.90312,0.0,0.0,3.47212
7,270,1.26719,0.20579,0.26507,3.45926
7,271,1.14603,0.25243,0.31759,3.44649
7,272,-3.82271,0.00015,0.00039,3.43382
7,273,-2.12991,0.03376,0.05292,3.42125
7,274,-0.74912,0.4542,0.52461,3.40876
7,275,-1.35565,0.17594,0.2309,3.39636
7,276,3.22801,0.00134,0.00286,3.38406
7,277,3.23369,0.00132,0.00281,3.37184
7,278,1.27891,0.20163,0.26042,3.35971
7,279,-0.79894,0.42477,0.49612,3.34767
7,280,0.00339,0.9973,0.998,3.33571
7,281,-1.58062,0.11471,0.15719,3.32384
7,282,4.59877,1e-05,2e-05,3.31206
7,283,5.90993,0.0,0.0,3.30035
7,284,8.2035,0.0,0.0,3.28873
7,285,5.97129,0.0,0.0,3.27719
7,286,5.4471,0.0,0.0,3.26573
7,287,-1.70541,0.08885,0.12564,3.25436
7,288,-9.58342,0.0,0.0,3.24306
7,289,-7.36922,0.0,0.0,3.23183
7,290,-6.72406,0.0,0.0,3.22069
7,291,-5.73597,0.0,0.0,3.20962
7,292,-4.14869,4e-05,0.00011,3.19863
7,293,-2.30806,0.02148,0.03499,3.18771
7,294,-0.22406,0.82282,0.85585,3.17687
7,295,3.47623,0.00056,0.00129,3.1661
7,296,8.96784,0.0,0.0,3.15541
7,297,0.61066,0.54176,0.60764,3.14478
7,298,-3.14514,0.00178,0.00369,3.13423
7,299,-4.05659,6e-05,0.00016,3.12375
7,300,-3.45816,0.0006,0.00136,3.11333
7,301,-2.12208,0.03441,0.05384,3.10299
7,302,-2.77267,0.00581,0.01077,3.09272
7,303,2.51429,0.0123,0.02116,3.08251
7,304,2.15335,0.03186,0.05024,3.07237
7,305,2.14488,0.03253,0.05117,3.0623
7,306,1.66322,0.09701,0.13549,3.05229
7,307,-1.16776,0.24356,0.30751,3.04235
7,308,-3.35146,0.00088,0.00193,3.03247
7,309,0.30607,0.7597,0.8021,3.02265
7,310,-0.78276,0.43421,0.50548,3.0129
7,311,-5.49847,0.0,0.0,3.00322
7,312,-2.60772,0.00944,0.01664,2.99359
7,313,3.07293,0.00226,0.00458,2.98403
7,314,3.09308,0.00211,0.00432,2.97452
7,315,3.43178,0.00066,0.00149,2.96508
7,316,3.98469,8e-05,0.00021,2.9557
7,317,5.01304,0.0,0.0,2.94637
7,318,3.327,0.00095,0.00209,2.93711
7,319,1.61532,0.10699,0.14749,2.9279
7,320,1.18369,0.2372,0.30047,2.91875
7,321,5.35061,0.0,0.0,2.90966
7,322,7.73725,0.0,0.0,2.90062
7,323,7.34529,0.0,0.0,2.89164
7,324,4.82171,0.0,1e-05,2.88272
7,325,5.16657,0.0,0.0,2.87385
7,326,1.63486,0.10282,0.14257,2.86503
7,327,1.04862,0.29495,0.36413,2.85627
7,328,1.88527,0.06008,0.08858,2.84756
7,329,-0.31471,0.75314,0.79652,2.83891
7,330,1.47461,0.14106,0.18907,2.8303
7,331,3.64396,0.0003,0.00073,2.82175
7,332,1.39766,0.16295,0.21569,2.81325
7,333,-2.33477,0.02002,0.03286,2.8048
7,334,-2.08932,0.03728,0.05795,2.79641
7,335,-6.72527,0.0,0.0,2.78806
7,336,1.19261,0.23369,0.29639,2.77976
7,337,-3.63674,0.00031,0.00074,2.77151
7,338,-1.81908,0.06961,0.10086,2.76331
7,339,-3.69907,0.00024,0.0006,2.75516
7,340,-4.75908,0.0,1e-05,2.74706
7,341,-5.26624,0.0,0.0,2.739
7,342,-3.23433,0.00132,0.0028,2.73099
7,343,-1.50624,0.13275,0.17914,2.72303
7,344,0.05417,0.95682,0.96726,2.71512
7,345,-0.18952,0.84978,0.87839,2.70725
7,346,-3.93108,0.0001,0.00026,2.69942
7,347,-1.33809,0.18159,0.23729,2.69164
7,348,2.34403,0.01954,0.03214,2.68391
7,349,3.82801,0.00015,0.00038,2.67622
7,350,4.97651,0.0,0.0,2.66857
7,351,2.97426,0.00311,0.00614,2.66097
7,352,4.43962,1e-05,4e-05,2.65341
7,353,1.8712,0.06201,0.09111,2.64589
7,354,2.02537,0.04346,0.0664,2.63842
7,355,0.34506,0.73022,0.77705,2.63099
7,356,2.28082,0.02306,0.0373,2.6236
7,357,2.871,0.0043,0.00825,2.61625
7,358,1.79656,0.07312,0.10545,2.60894
7,359,1.43685,0.1515,0.20165,2.60167
7,360,1.57688,0.11557,0.15821,2.59444
7,361,-0.23555,0.8139,0.84841,2.58726
7,362,-0.45719,0.64777,0.70329,2.58011
7,363,-0.03256,0.97404,0.97922,2.573
7,364,-5.05969,0.0,0.0,2.56593
7,365,-5.24785,0.0,0.0,2.5589
7,366,-5.54028,0.0,0.0,2.55191
7,367,1.16698,0.24388,0.30787,2.54496
7,368,5.25651,0.0,0.0,2.53804
7,369,6.62965,0.0,0.0,2.53117
7,370,6.43518,0.0,0.0,2.52432
7,371,6.58062,0.0,0.0,2.51752
7,372,9.06627,0.0,0.0,2.51075
7,373,6.02317,0.0,0.0,2.50402
7,374,2.95786,0.00327,0.00644,2.49733
7,375,2.80838,0.00521,0.00978,2.49067
7,376,3.66559,0.00028,0.00067,2.48404
7,377,2.19107,0.02899,0.04607,2.47745
7,378,-1.03805,0.29984,0.3692,2.4709
7,379,1.80798,0.07132,0.10324,2.46438
7,380,-0.31647,0.7518,0.79544,2.45789
7,381,-0.07182,0.94278,0.95509,2.45144
7,382,-2.60339,0.00956,0.0168,2.44503
7,383,-2.03339,0.04264,0.06531,2.43864
7,384,0.96014,0.33754,0.40858,2.43229
7,385,4.09192,5e-05,0.00014,2.42597
7,386,6.07114,0.0,0.0,2.41969
7,387,2.92455,0.00364,0.00707,2.41344
7,388,3.54778,0.00043,0.00101,2.40722
7,389,3.53661,0.00045,0.00105,2.40103
7,390,1.53045,0.12666,0.17179,2.39487
7,391,-0.05531,0.95592,0.96654,2.38875
7,392,1.09063,0.27606,0.34347,2.38265
7,393,2.70601,0.00709,0.01284,2.37659
7,394,6.03086,0.0,0.0,2.37056
7,395,6.95938,0.0,0.0,2.36456
7,396,8.50944,0.0,0.0,2.35859
7,397,6.2494,0.0,0.0,2.35264
7,398,1.59409,0.11167,0.15337,2.34673
7,399,1.54306,0.12357,0.16798,2.34085
7,400,-0.93509,0.35028,0.42206,2.335
7,401,-4.06784,6e-05,0.00016,2.32918
7,402,-4.16549,4e-05,0.00011,2.32338
7,403,-3.68737,0.00026,0.00063,2.31762
7,404,-5.11867,0.0,0.0,2.31188
7,405,-3.86671,0.00013,0.00033,2.30617
7,406,-2.85058,0.00458,0.00871,2.30049
7,407,-3.33872,0.00092,0.00201,2.29484
7,408,2.4385,0.01516,0.02557,2.28922
7,409,2.12229,0.0344,0.05382,2.28362
7,410,5.36256,0.0,0.0,2.27805
7,411,0.57333,0.56673,0.63084,2.27251
7,412,0.19158,0.84816,0.8769,2.26699
7,413,-2.60672,0.00947,0.01668,2.2615
7,414,-1.61365,0.10735,0.14793,2.25604
7,415,-4.47939,1e-05,3e-05,2.2506
7,416,-6.87265,0.0,0.0,2.24519
7,417,-7.46278,0.0,0.0,2.23981
7,418,-4.43676,1e-05,4e-05,2.23445
7,419,-3.7625,0.00019,0.00048,2.22912
7,420,-2.36425,0.01852,0.0306,2.22381
7,421,2.60579,0.00949,0.01671,2.21853
7,422,2.33915,0.01979,0.03253,2.21327
7,423,2.80445,0.00527,0.00989,2.20804
7,424,2.73679,0.00647,0.01183,2.20283
7,425,-1.06216,0.28877,0.35737,2.19765
7,426,-2.19253,0.02889,0.04591,2.19249
7,427,-6.92451,0.0,0.0,2.18735
7,428,-7.07566,0.0,0.0,2.18224
7,429,-5.96502,0.0,0.0,2.17716
7,430,-6.23672,0.0,0.0,2.17209
7,431,-1.16572,0.24439,0.3084,2.16705
7,432,0.99275,0.3214,0.39168,2.16204
7,433,1.16412,0.24503,0.30908,2.15704
7,434,0.87135,0.38406,0.4565,2.15207
7,435,1.974,0.04903,0.07395,2.14713
7,436,-0.2101,0.83369,0.8648,2.1422
7,437,-0.54004,0.58946,0.65107,2.1373
7,438,-0.00747,0.99404,0.99563,2.13242
7,439,-0.52446,0.60024,0.66108,2.12756
7,440,-0.80856,0.41922,0.49131,2.12273
7,441,-2.65559,0.00822,0.01466,2.11791
7,442,-4.3845,1e-05,4e-05,2.11312
7,443,-2.73926,0.00642,0.01175,2.10835
7,444,-1.23284,0.21832,0.27931,2.1036
7,445,0.66372,0.50723,0.57543,2.09888
7,446,1.56928,0.11733,0.1604,2.09417
7,447,1.67479,0.09472,0.13277,2.08949
7,448,0.74646,0.45581,0.52598,2.08482
7,449,-4.85664,0.0,1e-05,2.08018
7,450,-4.17426,4e-05,0.0001,2.07556
7,451,-2.79211,0.00547,0.01022,2.07095
7,452,-0.6593,0.51006,0.57799,2.06637
7,453,-1.24314,0.21451,0.27496,2.06181
7,454,-0.78425,0.43333,0.5047,2.05727
7,455,-2.1303,0.03372,0.05288,2.05275
7,456,-3.32299,0.00097,0.00212,2.04825
7,457,-5.0907,0.0,0.0,2.04376
7,458,-3.69041,0.00025,0.00062,2.0393
7,459,-0.43711,0.66226,0.71601,2.03486
7,460,1.42522,0.15483,0.20582,2.03043
7,461,3.23954,0.00129,0.00275,2.02603
7,462,4.08047,5e-05,0.00015,2.02165
7,463,2.56868,0.01055,0.01837,2.01728
7,464,2.80869,0.00521,0.00977,2.01293
7,465,2.31804,0.02092,0.03417,2.0086
7,466,-0.75259,0.45211,0.52264,2.00429
7,467,-2.69102,0.00741,0.01337,2.0
8,1,0.28834,0.77323,0.81406,706.0
8,2,-0.00373,0.99703,0.99792,353.0
8,3,0.49547,0.62052,0.67857,235.33333
8,4,-0.12923,0.89724,0.91975,176.5
8,5,-0.96854,0.33333,0.40422,141.2
8,6,-1.46626,0.14332,0.19189,117.66667
8,7,-1.29899,0.19466,0.25229,100.85714
8,8,1.91872,0.05569,0.08279,88.25
8,9,3.95953,9e-05,0.00023,78.44444
8,10,4.98108,0.0,0.0,70.6
8,11,5.50724,0.0,0.0,64.18182
8,12,7.59776,0.0,0.0,58.83333
8,13,-1.49444,0.13581,0.18284,54.30769
8,14,-3.20562,0.00145,0.00307,50.42857
8,15,-3.52589,0.00047,0.00109,47.06667
8,16,-5.54008,0.0,0.0,44.125
8,17,-5.28957,0.0,0.0,41.52941
8,18,-3.75985,0.00019,0.00048,39.22222
8,19,-2.8208,0.00502,0.00946,37.15789
8,20,-2.5092,0.01247,0.02143,35.3
8,21,-0.73806,0.46089,0.53067,33.61905
8,22,0.95854,0.33834,0.40945,32.09091
8,23,-1.90893,0.05695,0.08448,30.69565
8,24,-0.75645,0.4498,0.5206,29.41667
8,25,-1.43995,0.15062,0.20065,28.24
8,26,-3.99067,8e-05,0.00021,27.15385
8,27,-4.6239,1e-05,2e-05,26.14815
8,28,-0.77454,0.43905,0.51028,25.21429
8,29,0.38703,0.69893,0.74948,24.34483
8,30,1.93986,0.05306,0.07932,23.53333
8,31,2.08071,0.03806,0.05906,22.77419
8,32,1.94327,0.05265,0.07881,22.0625
8,33,0.56671,0.57121,0.63485,21.39394
8,34,0.95802,0.3386,0.40972,20.76471
8,35,-0.15558,0.87644,0.90228,20.17143
8,36,0.27737,0.78163,0.82101,19.61111
8,37,-0.03973,0.96833,0.97554,19.08108
8,38,3.39421,0.00075,0.00168,18.57895
8,39,1.64537,0.10064,0.13993,18.10256
8,40,3.85105,0.00014,0.00035,17.65
8,41,8.42919,0.0,0.0,17.21951
8,42,6.85685,0.0,0.0,16.80952
8,43,6.60898,0.0,0.0,16.4186
8,44,4.94336,0.0,0.0,16.04545
8,45,3.02955,0.0026,0.00521,15.68889
8,46,-2.74175,0.00637,0.01167,15.34783
8,47,-4.46231,1e-05,3e-05,15.02128
8,48,-3.67531,0.00027,0.00065,14.70833
8,49,-3.06322,0.00233,0.00471,14.40816
8,50,-3.27212,0.00116,0.00249,14.12
8,51,-1.92491,0.05491,0.08176,13.84314
8,52,2.8881,0.00408,0.00784,13.57692
8,53,1.46611,0.14336,0.19193,13.32075
8,54,1.9712,0.04935,0.07432,13.07407
8,55,2.73676,0.00647,0.01183,12.83636
8,56,2.26591,0.02396,0.03865,12.60714
8,57,5.02178,0.0,0.0,12.38596
8,58,-0.95367,0.3408,0.41213,12.17241
8,59,-0.6562,0.51205,0.57991,11.9661
8,60,0.8009,0.42364,0.49539,11.76667
8,61,-0.68541,0.49346,0.56159,11.57377
8,62,-2.70134,0.00718,0.013,11.3871
8,63,-2.32584,0.0205,0.03356,11.20635
8,64,-3.59804,0.00036,0.00085,11.03125
8,65,-5.16633,0.0,0.0,10.86154
8,66,-5.91423,0.0,0.0,10.69697
8,67,-7.07247,0.0,0.0,10.53731
8,68,-5.2406,0.0,0.0,10.38235
8,69,-6.34421,0.0,0.0,10.23188
8,70,-3.6182,0.00033,0.00079,10.08571
8,71,-6.30104,0.0,0.0,9.94366
8,72,-6.42526,0.0,0.0,9.80556
8,73,-6.83496,0.0,0.0,9.67123
8,74,-4.59233,1e-05,2e-05,9.54054
8,75,-2.33718,0.0199,0.03269,9.41333
8,76,-0.12323,0.90198,0.92349,9.28947
8,77,-0.87638,0.38132,0.45358,9.16883
8,78,-3.40123,0.00073,0.00164,9.05128
8,79,-5.06221,0.0,0.0,8.93671
8,80,-4.78105,0.0,1e-05,8.825
8,81,-5.51731,0.0,0.0,8.71605
8,82,-6.26007,0.0,0.0,8.60976
8,83,-2.41702,0.01607,0.02693,8.50602
8,84,0.43493,0.66384,0.71746,8.40476
8,85,3.97431,8e-05,0.00022,8.30588
8,86,3.19416,0.00151,0.00318,8.2093
8,87,3.32652,0.00096,0.00209,8.11494
8,88,4.53117,1e-05,2e-05,8.02273
8,89,1.79934,0.07268,0.10487,7.93258
8,90,0.5927,0.5537,0.61874,7.84444
8,91,-0.69948,0.48464,0.55312,7.75824
8,92,-0.00433,0.99655,0.99754,7.67391
8,93,0.31399,0.75369,0.79686,7.5914
8,94,3.79832,0.00017,0.00042,7.51064
8,95,2.72708,0.00666,0.01214,7.43158
8,96,3.50474,0.00051,0.00117,7.35417
8,97,5.40787,0.0,0.0,7.27835
8,98,-1.2927,0.19682,0.25486,7.20408
8,99,-5.73746,0.0,0.0,7.13131
8,100,-5.33137,0.0,0.0,7.06
8,101,-4.49034,1e-05,3e-05,6.9901
8,102,-5.38321,0.0,0.0,6.92157
8,103,-4.22907,3e-05,8e-05,6.85437
8,104,-3.7009,0.00024,0.0006,6.78846
8,105,-1.02238,0.30718,0.37713,6.72381
8,106,-1.22295,0.22203,0.28322,6.66038
8,107,-1.0254,0.30576,0.37557,6.59813
8,108,-0.88751,0.37531,0.44775,6.53704
8,109,-1.0008,0.3175,0.38751,6.47706
8,110,-1.85227,0.06469,0.09444,6.41818
8,111,-2.60618,0.00948,0.01669,6.36036
8,112,-6.18637,0.0,0.0,6.30357
8,113,-8.09324,0.0,0.0,6.24779
8,114,-4.7094,0.0,1e-05,6.19298
8,115,-3.65219,0.00029,0.00071,6.13913
8,116,-0.34662,0.72905,0.77605,6.08621
8,117,1.34316,0.17994,0.23548,6.03419
8,118,6.13774,0.0,0.0,5.98305
8,119,7.44277,0.0,0.0,5.93277
8,120,3.81424,0.00016,0.0004,5.88333
8,121,0.68189,0.49569,0.56367,5.83471
8,122,-1.49959,0.13447,0.18118,5.78689
8,123,-0.48724,0.62634,0.68336,5.73984
8,124,-0.12008,0.90447,0.92534,5.69355
8,125,2.29641,0.02214,0.03599,5.648
8,126,0.42175,0.67343,0.72626,5.60317
8,127,4.11739,5e-05,0.00013,5.55906
8,128,1.74012,0.08257,0.1177,5.51562
8,129,6.74791,0.0,0.0,5.47287
8,130,6.34002,0.0,0.0,5.43077
8,131,4.81325,0.0,1e-05,5.38931
8,132,5.17903,0.0,0.0,5.34848
8,133,5.49514,0.0,0.0,5.30827
8,134,3.44627,0.00063,0.00142,5.26866
8,135,5.61652,0.0,0.0,5.22963
8,136,7.64666,0.0,0.0,5.19118
8,137,9.86939,0.0,0.0,5.15328
8,138,10.62303,0.0,0.0,5.11594
8,139,11.55884,0.0,0.0,5.07914
8,140,12.1756,0.0,0.0,5.04286
8,141,7.93925,0.0,0.0,5.00709
8,142,3.82066,0.00015,0.00039,4.97183
8,143,3.39029,0.00076,0.0017,4.93706
8,144,4.06716,6e-05,0.00016,4.90278
8,145,6.51367,0.0,0.0,4.86897
8,146,5.11156,0.0,0.0,4.83562
8,147,-0.50135,0.61638,0.67515,4.80272
8,148,-2.20787,0.02779,0.04433,4.77027
8,149,-2.84265,0.00469,0.0089,4.73826
8,150,-6.42128,0.0,0.0,4.70667
8,151,-5.81456,0.0,0.0,4.6755
8,152,-2.0656,0.03948,0.06093,4.64474
8,153,1.3225,0.18672,0.24329,4.61438
8,154,0.38221,0.7025,0.75235,4.58442
8,155,1.44399,0.14948,0.19934,4.55484
8,156,1.33165,0.18369,0.23982,4.52564
8,157,-5.35772,0.0,0.0,4.49682
8,158,-0.79471,0.42723,0.49875,4.46835
8,159,-1.53008,0.12675,0.17186,4.44025
8,160,1.58175,0.11445,0.1569,4.4125
8,161,0.10829,0.91382,0.93236,4.38509
8,162,-0.21441,0.83033,0.8623,4.35802
8,163,0.82912,0.40751,0.47981,4.33129
8,164,0.56588,0.57178,0.63535,4.30488
8,165,-1.24052,0.21547,0.27609,4.27879
8,166,0.6892,0.49108,0.55939,4.25301
8,167,1.62799,0.10427,0.14427,4.22754
8,168,0.78376,0.43362,0.50497,4.20238
8,169,-0.1955,0.8451,0.87419,4.17751
8,170,5.56171,0.0,0.0,4.15294
8,171,6.26964,0.0,0.0,4.12865
8,172,5.42981,0.0,0.0,4.10465
8,173,5.92081,0.0,0.0,4.08092
8,174,3.75218,0.0002,0.0005,4.05747
8,175,5.86902,0.0,0.0,4.03429
8,176,4.52443,1e-05,3e-05,4.01136
8,177,0.05742,0.95423,0.96513,3.9887
8,178,-5.0538,0.0,0.0,3.96629
8,179,-7.65771,0.0,0.0,3.94413
8,180,-7.77296,0.0,0.0,3.92222
8,181,-8.92764,0.0,0.0,3.90055
8,182,-8.09589,0.0,0.0,3.87912
8,183,-5.79072,0.0,0.0,3.85792
8,184,-5.33966,0.0,0.0,3.83696
8,185,-2.1398,0.03294,0.05177,3.81622
8,186,1.56691,0.11789,0.16107,3.7957
8,187,1.71179,0.08767,0.12417,3.7754
8,188,2.08451,0.03771,0.05859,3.75532
8,189,0.52345,0.60094,0.66163,3.73545
8,190,2.32851,0.02036,0.03336,3.71579
8,191,1.66299,0.09706,0.13554,3.69634
8,192,3.91279,0.00011,0.00028,3.67708
8,193,4.84401,0.0,1e-05,3.65803
8,194,1.92551,0.05484,0.08166,3.63918
8,195,-1.33096,0.18392,0.24004,3.62051
8,196,-3.04555,0.00247,0.00497,3.60204
8,197,-4.55058,1e-05,2e-05,3.58376
8,198,-3.80364,0.00016,0.00041,3.56566
8,199,-1.1684,0.24331,0.30723,3.54774
8,200,-1.02138,0.30766,0.37757,3.53
8,201,1.00167,0.31708,0.38718,3.51244
8,202,1.87725,0.06117,0.09002,3.49505
8,203,0.6867,0.49265,0.56079,3.47783
8,204,-0.16855,0.86623,0.89328,3.46078
8,205,1.16387,0.24514,0.30915,3.4439
8,206,0.25769,0.79677,0.83386,3.42718
8,207,3.72124,0.00023,0.00055,3.41063
8,208,7.05253,0.0,0.0,3.39423
8,209,7.76026,0.0,0.0,3.37799
8,210,7.77099,0.0,0.0,3.3619
8,211,6.97296,0.0,0.0,3.34597
8,212,6.45662,0.0,0.0,3.33019
8,213,4.70241,0.0,1e-05,3.31455
8,214,5.55953,0.0,0.0,3.29907
8,215,6.43975,0.0,0.0,3.28372
8,216,3.15467,0.00172,0.00358,3.26852
8,217,3.94094,9e-05,0.00025,3.25346
8,218,2.67974,0.00766,0.01378,3.23853
8,219,3.17456,0.00161,0.00337,3.22374
8,220,1.99205,0.04701,0.07128,3.20909
8,221,-3.97891,8e-05,0.00022,3.19457
8,222,-8.16267,0.0,0.0,3.18018
8,223,-5.85939,0.0,0.0,3.16592
8,224,-4.73832,0.0,1e-05,3.15179
8,225,-4.80168,0.0,1e-05,3.13778
8,226,-2.23438,0.02598,0.04167,3.12389
8,227,0.04549,0.96374,0.97229,3.11013
8,228,-2.20033,0.02832,0.04512,3.09649
8,229,-2.37101,0.01819,0.03011,3.08297
8,230,-0.49704,0.61942,0.67773,3.06957
8,231,0.043,0.96572,0.97351,3.05628
8,232,0.29001,0.77195,0.81308,3.0431
8,233,0.97438,0.33043,0.40124,3.03004
8,234,3.20113,0.00147,0.00311,3.01709
8,235,3.46377,0.00059,0.00134,3.00426
8,236,-0.10417,0.91708,0.93483,2.99153
8,237,-1.30144,0.19382,0.25137,2.9789
8,238,-4.70857,0.0,1e-05,2.96639
8,239,-4.28828,2e-05,7e-05,2.95397
8,240,-6.2273,0.0,0.0,2.94167
8,241,-7.13139,0.0,0.0,2.92946
8,242,-6.71763,0.0,0.0,2.91736
8,243,-5.59382,0.0,0.0,2.90535
8,244,-2.43591,0.01527,0.02573,2.89344
8,245,-2.31558,0.02106,0.03437,2.88163
8,246,2.45774,0.01438,0.02439,2.86992
8,247,3.93542,0.0001,0.00026,2.8583
8,248,1.84859,0.06522,0.09513,2.84677
8,249,-2.65498,0.00823,0.01468,2.83534
8,250,-2.94178,0.00344,0.00674,2.824
8,251,-7.38609,0.0,0.0,2.81275
8,252,-5.66799,0.0,0.0,2.80159
8,253,-3.61947,0.00033,0.00079,2.79051
8,254,-1.20799,0.22773,0.28964,2.77953
8,255,0.57754,0.56388,0.62816,2.76863
8,256,1.68288,0.09314,0.13094,2.75781
8,257,3.85666,0.00013,0.00034,2.74708
8,258,-0.99097,0.32227,0.39252,2.73643
8,259,-3.36794,0.00083,0.00183,2.72587
8,260,-2.96422,0.00321,0.00633,2.71538
8,261,-4.05179,6e-05,0.00017,2.70498
8,262,-5.45175,0.0,0.0,2.69466
8,263,-6.69216,0.0,0.0,2.68441
8,264,-6.11166,0.0,0.0,2.67424
8,265,-3.88239,0.00012,0.00031,2.66415
8,266,1.76103,0.07896,0.11304,2.65414
8,267,1.76138,0.0789,0.113,2.64419
8,268,4.59636,1e-05,2e-05,2.63433
8,269,5.67481,0.0,0.0,2.62454
8,270,6.99179,0.0,0.0,2.61481
8,271,3.67624,0.00027,0.00065,2.60517
8,272,1.40209,0.16162,0.21405,2.59559
8,273,-2.71427,0.00691,0.01256,2.58608
8,274,-3.44606,0.00063,0.00142,2.57664
8,275,-2.52786,0.01184,0.02044,2.56727
8,276,-5.93022,0.0,0.0,2.55797
8,277,-5.68454,0.0,0.0,2.54874
8,278,-4.42498,1e-05,4e-05,2.53957
8,279,-2.13702,0.03317,0.05208,2.53047
8,280,0.11155,0.91123,0.93038,2.52143
8,281,1.43636,0.15164,0.20172,2.51246
8,282,2.43287,0.01539,0.02593,2.50355
8,283,3.7264,0.00022,0.00054,2.4947
8,284,-1.74517,0.08168,0.11656,2.48592
8,285,-9.1521,0.0,0.0,2.47719
8,286,-11.28344,0.0,0.0,2.46853
8,287,-11.154,0.0,0.0,2.45993
8,288,-11.6666,0.0,0.0,2.45139
8,289,-11.43591,0.0,0.0,2.44291
8,290,-4.76416,0.0,1e-05,2.43448
8,291,-7.29112,0.0,0.0,2.42612
8,292,-0.38599,0.6997,0.75015,2.41781
8,293,0.22783,0.81989,0.8534,2.40956
8,294,-1.4067,0.16025,0.21254,2.40136
8,295,-1.93258,0.05396,0.08047,2.39322
8,296,0.30593,0.75981,0.80213,2.38514
8,297,3.38628,0.00077,0.00172,2.3771
8,298,3.71642,0.00023,0.00056,2.36913
8,299,4.96756,0.0,0.0,2.3612
8,300,6.21572,0.0,0.0,2.35333
8,301,6.27611,0.0,0.0,2.34551
8,302,3.00067,0.00285,0.00568,2.33775
8,303,1.70367,0.08918,0.12603,2.33003
8,304,0.65529,0.51264,0.58034,2.32237
8,305,1.8211,0.0693,0.10045,2.31475
8,306,3.71652,0.00023,0.00056,2.30719
8,307,0.78047,0.43555,0.50687,2.29967
8,308,1.9667,0.04987,0.07504,2.29221
8,309,-2.00838,0.04524,0.0689,2.28479
8,310,0.19679,0.84409,0.87341,2.27742
8,311,0.24917,0.80335,0.8396,2.2701
8,312,0.16925,0.86568,0.8928,2.26282
8,313,0.38716,0.69884,0.74946,2.25559
8,314,3.23754,0.0013,0.00277,2.24841
8,315,3.32877,0.00095,0.00208,2.24127
8,316,3.31946,0.00098,0.00214,2.23418
8,317,2.29334,0.02232,0.03624,2.22713
8,318,2.35162,0.01915,0.03156,2.22013
8,319,2.5515,0.01108,0.01922,2.21317
8,320,2.30325,0.02175,0.0354,2.20625
8,321,2.884,0.00413,0.00793,2.19938
8,322,5.56159,0.0,0.0,2.19255
8,323,5.88336,0.0,0.0,2.18576
8,324,7.42398,0.0,0.0,2.17901
8,325,7.25847,0.0,0.0,2.17231
8,326,5.1371,0.0,0.0,2.16564
8,327,4.45097,1e-05,3e-05,2.15902
8,328,1.30436,0.19282,0.2502,2.15244
8,329,0.63405,0.52639,0.59333,2.1459
8,330,0.59868,0.54971,0.6153,2.13939
8,331,-2.11496,0.03502,0.0547,2.13293
8,332,-2.52652,0.01188,0.02051,2.12651
8,333,-3.33014,0.00094,0.00207,2.12012
8,334,-5.29955,0.0,0.0,2.11377
8,335,-7.35024,0.0,0.0,2.10746
8,336,-7.68839,0.0,0.0,2.10119
8,337,-6.69525,0.0,0.0,2.09496
8,338,-5.42387,0.0,0.0,2.08876
8,339,-3.54185,0.00044,0.00103,2.0826
8,340,-1.61221,0.10766,0.1483,2.07647
8,341,1.82774,0.06829,0.09915,2.07038
8,342,6.62371,0.0,0.0,2.06433
8,343,6.55945,0.0,0.0,2.05831
8,344,7.72962,0.0,0.0,2.05233
8,345,6.69249,0.0,0.0,2.04638
8,346,4.65791,0.0,1e-05,2.04046
8,347,6.899,0.0,0.0,2.03458
8,348,5.80108,0.0,0.0,2.02874
8,349,5.46175,0.0,0.0,2.02292
8,350,5.89986,0.0,0.0,2.01714
8,351,2.27376,0.02348,0.03794,2.0114
8,352,1.67651,0.09438,0.13239,2.00568
8,353,-0.17031,0.86484,0.89203,2.0
9,1,1.18615,0.23623,0.29931,775.0
9,2,0.5232,0.60111,0.66168,387.5
9,3,0.19434,0.846,0.87494,258.33333
9,4,0.23448,0.81473,0.849,193.75
9,5,-0.5986,0.54976,0.6153,155.0
9,6,-0.53403,0.5936,0.65471,129.16667
9,7,-4.23139,3e-05,8e-05,110.71429
9,8,-4.39865,1e-05,4e-05,96.875
9,9,-9.91479,0.0,0.0,86.11111
9,10,-7.60176,0.0,0.0,77.5
9,11,-6.51863,0.0,0.0,70.45455
9,12,-5.59605,0.0,0.0,64.58333
9,13,-2.95644,0.00329,0.00646,59.61538
9,14,1.36218,0.17387,0.22869,55.35714
9,15,5.15142,0.0,0.0,51.66667
9,16,3.77599,0.00018,0.00046,48.4375
9,17,5.01063,0.0,0.0,45.58824
9,18,2.97246,0.00312,0.00617,43.05556
9,19,2.94582,0.0034,0.00666,40.78947
9,20,1.96883,0.04963,0.07468,38.75
9,21,1.92991,0.05429,0.08089,36.90476
9,22,1.65079,0.09952,0.13852,35.22727
9,23,0.30675,0.75919,0.80173,33.69565
9,24,4.15,4e-05,0.00011,32.29167
9,25,4.09289,5e-05,0.00014,31.0
9,26,4.77067,0.0,1e-05,29.80769
9,27,4.75562,0.0,1e-05,28.7037
9,28,-0.94199,0.34674,0.4183,27.67857
9,29,3.57267,0.00039,0.00093,26.72414
9,30,3.9449,9e-05,0.00025,25.83333
9,31,1.16119,0.24622,0.31032,25.0
9,32,-1.75095,0.08068,0.11527,24.21875
9,33,-1.74497,0.08172,0.11657,23.48485
9,34,-2.33162,0.02019,0.03311,22.79412
9,35,0.87245,0.38346,0.45584,22.14286
9,36,0.91769,0.3593,0.43128,21.52778
9,37,0.67128,0.50241,0.57041,20.94595
9,38,-2.07066,0.039,0.06028,20.39474
9,39,-1.40853,0.15971,0.21196,19.87179
9,40,-11.33257,0.0,0.0,19.375
9,41,-8.84614,0.0,0.0,18.90244
9,42,-3.38665,0.00077,0.00172,18.45238
9,43,-0.24395,0.80739,0.84289,18.02326
9,44,1.05932,0.29006,0.35862,17.61364
9,45,2.13808,0.03308,0.05197,17.22222
9,46,4.31369,2e-05,6e-05,16.84783
9,47,3.78224,0.00018,0.00045,16.48936
9,48,-2.21503,0.02729,0.04361,16.14583
9,49,-0.55976,0.57594,0.63882,15.81633
9,50,-2.4303,0.0155,0.02609,15.5
9,51,-5.08332,0.0,0.0,15.19608
9,52,-6.30286,0.0,0.0,14.90385
9,53,-3.69891,0.00025,0.0006,14.62264
9,54,-3.09654,0.00209,0.00427,14.35185
9,55,-3.27687,0.00114,0.00245,14.09091
9,56,5.71182,0.0,0.0,13.83929
9,57,8.96091,0.0,0.0,13.59649
9,58,9.19559,0.0,0.0,13.36207
9,59,8.15735,0.0,0.0,13.13559
9,60,8.1681,0.0,0.0,12.91667
9,61,2.3746,0.01801,0.02987,12.70492
9,62,0.34408,0.73096,0.77774,12.5
9,63,-2.75176,0.00618,0.01138,12.30159
9,64,-4.06716,6e-05,0.00016,12.10938
9,65,-4.75144,0.0,1e-05,11.92308
9,66,-4.47372,1e-05,3e-05,11.74242
9,67,3.62078,0.00033,0.00079,11.56716
9,68,0.48538,0.62766,0.68457,11.39706
9,69,-2.4486,0.01475,0.02494,11.23188
9,70,-5.75712,0.0,0.0,11.07143
9,71,-7.78152,0.0,0.0,10.91549
9,72,-6.65761,0.0,0.0,10.76389
9,73,-9.98549,0.0,0.0,10.61644
9,74,-9.62318,0.0,0.0,10.47297
9,75,0.93334,0.35118,0.42305,10.33333
9,76,0.38428,0.70096,0.75126,10.19737
9,77,1.10527,0.26967,0.33649,10.06494
9,78,1.82808,0.06824,0.09909,9.9359
9,79,2.00507,0.04559,0.06939,9.81013
9,80,0.40942,0.68244,0.73483,9.6875
9,81,0.59629,0.5513,0.61655,9.5679
9,82,-0.20542,0.83735,0.86796,9.45122
9,83,-1.9422,0.05278,0.07895,9.33735
9,84,-2.46077,0.01426,0.02422,9.22619
9,85,-2.75012,0.00621,0.01142,9.11765
9,86,-0.93592,0.34985,0.4216,9.01163
9,87,1.47287,0.14153,0.18963,8.90805
9,88,2.5856,0.01006,0.01759,8.80682
9,89,2.60362,0.00955,0.0168,8.70787
9,90,7.26174,0.0,0.0,8.61111
9,91,5.08485,0.0,0.0,8.51648
9,92,4.26636,2e-05,7e-05,8.42391
9,93,-0.31217,0.75506,0.79795,8.33333
9,94,-0.87929,0.37974,0.45196,8.24468
9,95,-0.75902,0.44826,0.51925,8.15789
9,96,-4.54866,1e-05,2e-05,8.07292
9,97,-6.37218,0.0,0.0,7.98969
9,98,-2.76081,0.00602,0.01111,7.90816
9,99,-4.59873,1e-05,2e-05,7.82828
9,100,-3.91943,0.0001,0.00027,7.75
9,101,-1.71118,0.08778,0.12427,7.67327
9,102,0.7867,0.4319,0.50344,7.59804
9,103,-0.42531,0.67083,0.72409,7.52427
9,104,2.33756,0.01988,0.03267,7.45192
9,105,5.10693,0.0,0.0,7.38095
9,106,-3.44396,0.00063,0.00143,7.31132
9,107,-3.02016,0.00268,0.00536,7.24299
9,108,3.39458,0.00075,0.00168,7.17593
9,109,2.3196,0.02084,0.03406,7.11009
9,110,-0.58056,0.56185,0.6265,7.04545
9,111,1.8708,0.06207,0.09116,6.98198
9,112,3.95604,9e-05,0.00024,6.91964
9,113,2.58324,0.01012,0.01769,6.85841
9,114,-6.54873,0.0,0.0,6.79825
9,115,-2.2747,0.02342,0.03785,6.73913
9,116,3.09887,0.00207,0.00424,6.68103
9,117,4.45801,1e-05,3e-05,6.62393
9,118,3.25195,0.00124,0.00265,6.5678
9,119,3.88394,0.00012,0.00031,6.51261
9,120,5.21918,0.0,0.0,6.45833
9,121,3.91524,0.00011,0.00028,6.40496
9,122,2.89508,0.00399,0.00768,6.35246
9,123,5.46453,0.0,0.0,6.30081
9,124,4.4939,1e-05,3e-05,6.25
9,125,3.27744,0.00113,0.00245,6.2
9,126,4.22566,3e-05,8e-05,6.15079
9,127,4.42285,1e-05,4e-05,6.10236
9,128,0.62954,0.52934,0.59618,6.05469
9,129,1.06639,0.28686,0.35531,6.00775
9,130,2.46964,0.01392,0.02368,5.96154
9,131,1.86221,0.06327,0.09277,5.91603
9,132,-2.6303,0.00884,0.01568,5.87121
9,133,-2.10336,0.03603,0.05614,5.82707
9,134,-4.9893,0.0,0.0,5.78358
9,135,-7.60472,0.0,0.0,5.74074
9,136,-3.43068,0.00066,0.00149,5.69853
9,137,-2.41929,0.01597,0.02678,5.65693
9,138,-3.15823,0.0017,0.00354,5.61594
9,139,-1.83685,0.06694,0.09746,5.57554
9,140,3.26638,0.00118,0.00253,5.53571
9,141,0.28725,0.77406,0.81448,5.49645
9,142,-0.89206,0.37287,0.44521,5.45775
9,143,3.82962,0.00015,0.00038,5.41958
9,144,5.1511,0.0,0.0,5.38194
9,145,3.44472,0.00063,0.00143,5.34483
9,146,2.41893,0.01599,0.0268,5.30822
9,147,2.59505,0.00979,0.01716,5.27211
9,148,0.86855,0.38559,0.45821,5.23649
9,149,-1.02488,0.30601,0.37578,5.20134
9,150,-3.27188,0.00116,0.00249,5.16667
9,151,3.11434,0.00197,0.00405,5.13245
9,152,-3.1274,0.00189,0.00389,5.09868
9,153,2.12866,0.03386,0.05306,5.06536
9,154,1.93458,0.05371,0.08014,5.03247
9,155,2.65063,0.00834,0.01486,5.0
9,156,1.22518,0.22119,0.28237,4.96795
9,157,-1.26179,0.20772,0.26728,4.93631
9,158,-5.59213,0.0,0.0,4.90506
9,159,-4.05238,6e-05,0.00017,4.87421
9,160,-6.51011,0.0,0.0,4.84375
9,161,-2.67462,0.00777,0.01396,4.81366
9,162,-3.11753,0.00195,0.00401,4.78395
9,163,-4.47126,1e-05,3e-05,4.7546
9,164,-4.08142,5e-05,0.00015,4.72561
9,165,-2.63458,0.00873,0.0155,4.69697
9,166,-3.06781,0.0023,0.00465,4.66867
9,167,-3.95905,9e-05,0.00024,4.64072
9,168,1.68055,0.09359,0.13143,4.6131
9,169,0.80337,0.42222,0.49393,4.5858
9,170,0.09339,0.92564,0.94154,4.55882
9,171,-1.62796,0.10428,0.14427,4.53216
9,172,-0.61119,0.5414,0.60738,4.50581
9,173,-1.00721,0.31441,0.3845,4.47977
9,174,-4.0258,7e-05,0.00018,4.45402
9,175,-4.25035,3e-05,8e-05,4.42857
9,176,-2.8931,0.00401,0.00773,4.40341
9,177,-4.06433,6e-05,0.00016,4.37853
9,178,-4.3115,2e-05,6e-05,4.35393
9,179,2.79089,0.00549,0.01025,4.32961
9,180,8.08088,0.0,0.0,4.30556
9,181,7.23787,0.0,0.0,4.28177
9,182,5.44107,0.0,0.0,4.25824
9,183,4.83647,0.0,1e-05,4.23497
9,184,4.79157,0.0,1e-05,4.21196
9,185,3.54297,0.00044,0.00103,4.18919
9,186,-1.25354,0.2107,0.27067,4.16667
9,187,-0.06361,0.94931,0.96073,4.14439
9,188,-0.53502,0.59292,0.6541,4.12234
9,189,-0.20893,0.83461,0.86557,4.10053
9,190,-0.43191,0.66602,0.7196,4.07895
9,191,-4.50496,1e-05,3e-05,4.05759
9,192,-2.91616,0.00373,0.00723,4.03646
9,193,-0.52228,0.60175,0.66218,4.01554
9,194,0.54899,0.58331,0.64563,3.99485
9,195,-0.11803,0.9061,0.92656,3.97436
9,196,1.86461,0.06293,0.09228,3.95408
9,197,-3.48237,0.00055,0.00126,3.93401
9,198,-3.07557,0.00224,0.00455,3.91414
9,199,-4.68208,0.0,1e-05,3.89447
9,200,-2.08368,0.03779,0.05869,3.875
9,201,-1.23108,0.21898,0.28001,3.85572
9,202,1.68187,0.09333,0.13116,3.83663
9,203,3.74213,0.00021,0.00052,3.81773
9,204,7.28465,0.0,0.0,3.79902
9,205,4.66397,0.0,1e-05,3.78049
9,206,4.47134,1e-05,3e-05,3.76214
9,207,7.40252,0.0,0.0,3.74396
9,208,1.92241,0.05523,0.08215,3.72596
9,209,4.96197,0.0,0.0,3.70813
9,210,8.07836,0.0,0.0,3.69048
9,211,7.13649,0.0,0.0,3.67299
9,212,4.65116,0.0,1e-05,3.65566
9,213,3.72282,0.00022,0.00055,3.6385
9,214,-0.45806,0.64715,0.70277,3.6215
9,215,-1.05149,0.29364,0.36263,3.60465
9,216,-3.39837,0.00074,0.00166,3.58796
9,217,-3.07092,0.00227,0.00461,3.57143
9,218,-1.29012,0.19771,0.25585,3.55505
9,219,-2.77431,0.00578,0.01072,3.53881
9,220,-4.12276,5e-05,0.00013,3.52273
9,221,-3.31792,0.00099,0.00215,3.50679
9,222,-3.02076,0.00267,0.00535,3.49099
9,223,-4.66478,0.0,1e-05,3.47534
9,224,-3.54694,0.00043,0.00101,3.45982
9,225,-3.08541,0.00217,0.00441,3.44444
9,226,-4.13304,4e-05,0.00012,3.4292
9,227,-3.79218,0.00017,0.00043,3.4141
9,228,-6.02255,0.0,0.0,3.39912
9,229,-6.37196,0.0,0.0,3.38428
9,230,-3.44001,0.00064,0.00145,3.36957
9,231,-2.98363,0.00301,0.00597,3.35498
9,232,-4.70843,0.0,1e-05,3.34052
9,233,-1.65988,0.09768,0.13628,3.32618
9,234,1.71515,0.08705,0.12343,3.31197
9,235,-4.14263,4e-05,0.00012,3.29787
9,236,0.78521,0.43277,0.50422,3.2839
9,237,0.41206,0.6805,0.73318,3.27004
9,238,0.26196,0.79348,0.83136,3.2563
9,239,-1.21553,0.22484,0.28637,3.24268
9,240,0.83037,0.4068,0.4792,3.22917
9,241,0.83821,0.40239,0.47513,3.21577
9,242,-0.28566,0.77528,0.81522,3.20248
9,243,0.01506,0.98799,0.99056,3.1893
9,244,-1.87499,0.06148,0.09043,3.17623
9,245,-0.2425,0.80851,0.84376,3.16327
9,246,-1.86914,0.0623,0.09146,3.15041
9,247,-2.39921,0.01686,0.0281,3.13765
9,248,-4.7386,0.0,1e-05,3.125
9,249,-2.58305,0.01013,0.0177,3.11245
9,250,-1.68166,0.09338,0.13118,3.1
9,251,-4.22345,3e-05,9e-05,3.08765
9,252,-0.49324,0.6221,0.67984,3.0754
9,253,3.87479,0.00012,0.00032,3.06324
9,254,3.49725,0.00052,0.0012,3.05118
9,255,3.31938,0.00098,0.00214,3.03922
9,256,6.17756,0.0,0.0,3.02734
9,257,5.96492,0.0,0.0,3.01556
9,258,6.23588,0.0,0.0,3.00388
9,259,5.27172,0.0,0.0,2.99228
9,260,2.76098,0.00601,0.01111,2.98077
9,261,3.08642,0.00216,0.0044,2.96935
9,262,1.20509,0.22884,0.29087,2.95802
9,263,1.61423,0.10722,0.1478,2.94677
9,264,-0.76487,0.44478,0.51556,2.93561
9,265,3.26195,0.0012,0.00257,2.92453
9,266,0.03398,0.97291,0.97868,2.91353
9,267,0.62321,0.53349,0.60004,2.90262
9,268,-0.10665,0.91512,0.93321,2.89179
9,269,-5.84476,0.0,0.0,2.88104
9,270,-7.23208,0.0,0.0,2.87037
9,271,-6.07776,0.0,0.0,2.85978
9,272,-6.29133,0.0,0.0,2.84926
9,273,-5.17344,0.0,0.0,2.83883
9,274,0.47085,0.63799,0.6938,2.82847
9,275,4.858,0.0,1e-05,2.81818
9,276,4.18232,4e-05,0.0001,2.80797
9,277,5.68848,0.0,0.0,2.79783
9,278,5.64597,0.0,0.0,2.78777
9,279,3.69374,0.00025,0.00061,2.77778
9,280,6.13472,0.0,0.0,2.76786
9,281,10.80621,0.0,0.0,2.75801
9,282,9.41424,0.0,0.0,2.74823
9,283,8.04332,0.0,0.0,2.73852
9,284,5.56885,0.0,0.0,2.72887
9,285,4.69222,0.0,1e-05,2.7193
9,286,1.01056,0.31281,0.38276,2.70979
9,287,-1.79321,0.07365,0.10616,2.70035
9,288,0.20837,0.83504,0.86593,2.69097
9,289,-1.94629,0.05228,0.07832,2.68166
9,290,-7.26893,0.0,0.0,2.67241
9,291,-4.62817,0.0,2e-05,2.66323
9,292,-3.85986,0.00013,0.00034,2.65411
9,293,-4.596,1e-05,2e-05,2.64505
9,294,-2.52389,0.01197,0.02066,2.63605
9,295,1.54436,0.12325,0.16762,2.62712
9,296,5.36727,0.0,0.0,2.61824
9,297,1.22,0.22314,0.28446,2.60943
9,298,3.68609,0.00026,0.00063,2.60067
9,299,3.97392,8e-05,0.00022,2.59197
9,300,1.95747,0.05095,0.07656,2.58333
9,301,-1.06437,0.28777,0.35631,2.57475
9,302,1.22748,0.22033,0.28144,2.56623
9,303,-1.5144,0.13067,0.17666,2.55776
9,304,-4.26548,2e-05,7e-05,2.54934
9,305,-5.45508,0.0,0.0,2.54098
9,306,-4.39814,1e-05,4e-05,2.53268
9,307,-2.59627,0.00975,0.01711,2.52443
9,308,-0.97651,0.32937,0.40024,2.51623
9,309,4.61962,1e-05,2e-05,2.50809
9,310,6.00178,0.0,0.0,2.5
9,311,5.61544,0.0,0.0,2.49196
9,312,5.29721,0.0,0.0,2.48397
9,313,-2.74746,0.00626,0.01149,2.47604
9,314,-8.40264,0.0,0.0,2.46815
9,315,-5.98072,0.0,0.0,2.46032
9,316,-6.04368,0.0,0.0,2.45253
9,317,-5.69138,0.0,0.0,2.44479
9,318,-1.41965,0.15645,0.20786,2.43711
9,319,-3.96376,9e-05,0.00023,2.42947
9,320,-5.18213,0.0,0.0,2.42188
9,321,-5.88912,0.0,0.0,2.41433
9,322,-6.25061,0.0,0.0,2.40683
9,323,-4.55141,1e-05,2e-05,2.39938
9,324,-5.83105,0.0,0.0,2.39198
9,325,-3.9563,9e-05,0.00024,2.38462
9,326,-3.88203,0.00012,0.00031,2.3773
9,327,-3.73949,0.00021,0.00052,2.37003
9,328,-4.73527,0.0,1e-05,2.3628
9,329,-1.36475,0.17306,0.22772,2.35562
9,330,-0.0437,0.96516,0.97314,2.34848
9,331,-0.50404,0.6145,0.67323,2.34139
9,332,1.62119,0.10572,0.14601,2.33434
9,333,0.52598,0.59918,0.66013,2.32733
9,334,1.33093,0.18393,0.24004,2.32036
9,335,-0.70001,0.48431,0.55294,2.31343
9,336,-1.69163,0.09145,0.12886,2.30655
9,337,-1.38293,0.16742,0.22102,2.2997
9,338,-2.55023,0.01112,0.01928,2.2929
9,339,-0.66298,0.5077,0.57577,2.28614
9,340,2.93372,0.00353,0.00689,2.27941
9,341,0.37064,0.71109,0.76,2.27273
9,342,1.60947,0.10826,0.14906,2.26608
9,343,0.80384,0.42194,0.49373,2.25948
9,344,-4.21242,3e-05,9e-05,2.25291
9,345,-4.48206,1e-05,3e-05,2.24638
9,346,-4.52905,1e-05,2e-05,2.23988
9,347,-3.18587,0.00155,0.00326,2.23343
9,348,-1.35981,0.17462,0.22947,2.22701
9,349,4.77344,0.0,1e-05,2.22063
9,350,4.65759,0.0,1e-05,2.21429
9,351,4.167,4e-05,0.00011,2.20798
9,352,3.81985,0.00015,0.00039,2.2017
9,353,2.75519,0.00612,0.01128,2.19547
9,354,4.83285,0.0,1e-05,2.18927
9,355,4.3912,1e-05,4e-05,2.1831
9,356,6.21823,0.0,0.0,2.17697
9,357,4.65594,0.0,1e-05,2.17087
9,358,7.07947,0.0,0.0,2.1648
9,359,6.9266,0.0,0.0,2.15877
9,360,1.38085,0.16806,0.22184,2.15278
9,361,1.50487,0.1331,0.17951,2.14681
9,362,0.81567,0.41515,0.4872,2.14088
9,363,-0.03762,0.97001,0.97684,2.13499
9,364,-2.97571,0.00309,0.00612,2.12912
9,365,-3.95342,9e-05,0.00024,2.12329
9,366,-5.21447,0.0,0.0,2.11749
9,367,-5.62529,0.0,0.0,2.11172
9,368,-3.30541,0.00103,0.00224,2.10598
9,369,-3.13497,0.00184,0.0038,2.10027
9,370,-2.86311,0.0044,0.00842,2.09459
9,371,2.11644,0.03489,0.05452,2.08895
9,372,1.9982,0.04634,0.07036,2.08333
9,373,2.9166,0.00373,0.00723,2.07775
9,374,1.10952,0.26784,0.33449,2.07219
9,375,0.89498,0.37131,0.44356,2.06667
9,376,1.24799,0.21273,0.27292,2.06117
9,377,-0.16299,0.8706,0.8972,2.0557
9,378,-0.70406,0.48179,0.55024,2.05026
9,379,0.89371,0.37199,0.44426,2.04485
9,380,4.08733,5e-05,0.00015,2.03947
9,381,3.60808,0.00035,0.00082,2.03412
9,382,-4.44786,1e-05,3e-05,2.0288
9,383,-2.5164,0.01223,0.02107,2.0235
9,384,-2.07645,0.03846,0.0596,2.01823
9,385,-2.80755,0.00522,0.00981,2.01299
9,386,-4.73705,0.0,1e-05,2.00777
9,387,0.45593,0.64868,0.70402,2.00258
10,1,-3.4176,0.00069,0.00156,731.0
10,2,0.5124,0.60864,0.66798,365.5
10,3,0.8,0.42416,0.49575,243.66667
10,4,3.36435,0.00084,0.00185,182.75
10,5,3.50294,0.00051,0.00117,146.2
10,6,5.88385,0.0,0.0,121.83333
10,7,5.3426,0.0,0.0,104.42857
10,8,3.26834,0.00117,0.00252,91.375
10,9,0.75699,0.44948,0.52044,81.22222
10,10,0.50347,0.6149,0.67359,73.1
10,11,-1.01155,0.31233,0.38233,66.45455
10,12,-7.23954,0.0,0.0,60.91667
10,13,-2.59844,0.00969,0.01702,56.23077
10,14,-0.45077,0.65239,0.70739,52.21429
10,15,-3.9143,0.00011,0.00028,48.73333
10,16,-0.74402,0.45728,0.52743,45.6875
10,17,-1.58532,0.11364,0.15585,43.0
10,18,4.40524,1e-05,4e-05,40.61111
10,19,0.11343,0.90974,0.92943,38.47368
10,20,-4.16423,4e-05,0.00011,36.55
10,21,-2.80514,0.00526,0.00987,34.80952
10,22,-3.43765,0.00065,0.00146,33.22727
10,23,-2.84869,0.0046,0.00876,31.78261
10,24,-9.99474,0.0,0.0,30.45833
10,25,-10.55401,0.0,0.0,29.24
10,26,-6.64108,0.0,0.0,28.11538
10,27,-5.4034,0.0,0.0,27.07407
10,28,-6.17851,0.0,0.0,26.10714
10,29,-5.98557,0.0,0.0,25.2069
10,30,0.73786,0.46101,0.53076,24.36667
10,31,1.53283,0.12607,0.17108,23.58065
10,32,1.67235,0.0952,0.13335,22.84375
10,33,5.54116,0.0,0.0,22.15152
10,34,6.06821,0.0,0.0,21.5
10,35,5.80956,0.0,0.0,20.88571
10,36,3.22647,0.00135,0.00287,20.30556
10,37,2.70984,0.00701,0.01271,19.75676
10,38,-1.38612,0.16644,0.21985,19.23684
10,39,-0.47505,0.63499,0.69129,18.74359
10,40,-3.43949,0.00064,0.00145,18.275
10,41,-3.9731,8e-05,0.00022,17.82927
10,42,-0.85984,0.39036,0.463,17.40476
10,43,1.88257,0.06045,0.08908,17.0
10,44,1.3746,0.16998,0.22394,16.61364
10,45,0.25587,0.79817,0.83506,16.24444
10,46,1.24859,0.21251,0.27274,15.8913
10,47,1.39291,0.16438,0.2173,15.55319
10,48,-1.47565,0.14078,0.18875,15.22917
10,49,-1.97858,0.04851,0.07322,14.91837
10,50,0.6659,0.50584,0.57404,14.62
10,51,0.39956,0.68968,0.74131,14.33333
10,52,-1.87892,0.06094,0.08974,14.05769
10,53,-0.95082,0.34224,0.41367,13.79245
10,54,1.97489,0.04893,0.07381,13.53704
10,55,0.40912,0.68266,0.73493,13.29091
10,56,2.12104,0.0345,0.05395,13.05357
10,57,3.92895,0.0001,0.00026,12.82456
10,58,-0.97175,0.33173,0.40258,12.60345
10,59,-0.79631,0.4263,0.49772,12.38983
10,60,-3.43074,0.00066,0.00149,12.18333
10,61,-2.23992,0.02562,0.04111,11.98361
10,62,-1.96997,0.0495,0.07451,11.79032
10,63,-0.7387,0.4605,0.53041,11.60317
10,64,-1.1136,0.26609,0.33251,11.42188
10,65,0.19729,0.84369,0.87328,11.24615
10,66,2.80126,0.00532,0.00997,11.07576
10,67,0.71043,0.47783,0.54641,10.91045
10,68,-0.60403,0.54615,0.61179,10.75
10,69,1.09866,0.27254,0.33956,10.5942
10,70,5.62112,0.0,0.0,10.44286
10,71,2.20813,0.02777,0.04431,10.29577
10,72,3.04805,0.00245,0.00493,10.15278
10,73,3.87698,0.00012,0.00032,10.0137
10,74,5.43555,0.0,0.0,9.87838
10,75,0.51457,0.60712,0.6669,9.74667
10,76,5.86646,0.0,0.0,9.61842
10,77,-0.90802,0.36438,0.43643,9.49351
10,78,-4.8266,0.0,1e-05,9.37179
10,79,-3.34309,0.0009,0.00199,9.25316
10,80,-0.68882,0.49131,0.55959,9.1375
10,81,-3.97979,8e-05,0.00022,9.02469
10,82,5.56494,0.0,0.0,8.91463
10,83,3.6058,0.00035,0.00083,8.80723
10,84,2.35868,0.0188,0.03103,8.70238
10,85,2.74525,0.0063,0.01156,8.6
10,86,-1.56005,0.1195,0.16307,8.5
10,87,-8.16778,0.0,0.0,8.4023
10,88,-8.61909,0.0,0.0,8.30682
10,89,-6.52089,0.0,0.0,8.21348
10,90,-4.70766,0.0,1e-05,8.12222
10,91,-2.73924,0.00642,0.01175,8.03297
10,92,-1.74525,0.08167,0.11655,7.94565
10,93,3.6443,0.0003,0.00073,7.86022
10,94,3.03833,0.00253,0.00508,7.7766
10,95,1.28251,0.20037,0.25899,7.69474
10,96,2.37837,0.01783,0.0296,7.61458
10,97,-1.92319,0.05513,0.08205,7.53608
10,98,-1.62458,0.105,0.14513,7.45918
10,99,-1.62744,0.10439,0.14436,7.38384
10,100,-1.88934,0.05953,0.08787,7.31
10,101,0.69444,0.48779,0.55615,7.23762
10,102,3.86792,0.00013,0.00033,7.16667
10,103,3.17136,0.00163,0.00341,7.09709
10,104,8.78622,0.0,0.0,7.02885
10,105,4.28796,2e-05,7e-05,6.9619
10,106,3.82267,0.00015,0.00039,6.89623
10,107,4.17221,4e-05,0.0001,6.83178
10,108,3.41769,0.00069,0.00156,6.76852
10,109,2.81024,0.00518,0.00973,6.70642
10,110,-0.06485,0.94833,0.9599,6.64545
10,111,0.81614,0.41488,0.48695,6.58559
10,112,0.94633,0.34452,0.41618,6.52679
10,113,0.97441,0.33041,0.40124,6.46903
10,114,0.2359,0.81363,0.84821,6.41228
10,115,2.66126,0.00808,0.01447,6.35652
10,116,-1.88951,0.05951,0.08784,6.30172
10,117,-1.21893,0.22355,0.2849,6.24786
10,118,1.23133,0.21888,0.27992,6.19492
10,119,0.8192,0.41313,0.48535,6.14286
10,120,-6.13135,0.0,0.0,6.09167
10,121,-4.04401,6e-05,0.00017,6.04132
10,122,-4.96284,0.0,0.0,5.9918
10,123,0.56259,0.57401,0.63725,5.94309
10,124,1.06555,0.28724,0.3557,5.89516
10,125,2.0834,0.03782,0.05873,5.848
10,126,5.23661,0.0,0.0,5.80159
10,127,2.38542,0.0175,0.02909,5.75591
10,128,-1.01078,0.3127,0.38268,5.71094
10,129,-5.22659,0.0,0.0,5.66667
10,130,-3.65637,0.00029,0.0007,5.62308
10,131,-3.5125,0.00049,0.00114,5.58015
10,132,2.28149,0.02302,0.03726,5.53788
10,133,3.15916,0.0017,0.00354,5.49624
10,134,0.6497,0.51624,0.58373,5.45522
10,135,1.541,0.12407,0.1686,5.41481
10,136,-0.55181,0.58137,0.6437,5.375
10,137,-4.16446,4e-05,0.00011,5.33577
10,138,1.6668,0.0963,0.13464,5.2971
10,139,-5.78028,0.0,0.0,5.25899
10,140,0.68615,0.493,0.56113,5.22143
10,141,8.04741,0.0,0.0,5.1844
10,142,7.03118,0.0,0.0,5.14789
10,143,3.74494,0.00021,0.00051,5.11189
10,144,4.23361,3e-05,8e-05,5.07639
10,145,7.38972,0.0,0.0,5.04138
10,146,5.95495,0.0,0.0,5.00685
10,147,-1.12165,0.26265,0.32879,4.97279
10,148,-0.5524,0.58097,0.64333,4.93919
10,149,3.61924,0.00033,0.00079,4.90604
10,150,-0.5588,0.57659,0.63933,4.87333
10,151,-0.75017,0.45357,0.52397,4.84106
10,152,2.12862,0.03386,0.05306,4.80921
10,153,0.99111,0.3222,0.39249,4.77778
10,154,-0.63689,0.52454,0.59151,4.74675
10,155,-2.30991,0.02137,0.03484,4.71613
10,156,-2.95213,0.00333,0.00654,4.6859
10,157,-2.62582,0.00896,0.01587,4.65605
10,158,-2.92057,0.00368,0.00715,4.62658
10,159,3.92669,0.0001,0.00027,4.59748
10,160,4.29822,2e-05,6e-05,4.56875
10,161,3.83143,0.00015,0.00038,4.54037
10,162,3.66569,0.00028,0.00067,4.51235
10,163,1.48464,0.13839,0.18598,4.48466
10,164,2.54515,0.01128,0.01953,4.45732
10,165,-2.24621,0.02521,0.04051,4.4303
10,166,-0.97254,0.33134,0.4022,4.40361
10,167,-0.14843,0.88208,0.90681,4.37725
10,168,-0.72308,0.47003,0.53897,4.35119
10,169,-1.06938,0.28551,0.35391,4.32544
10,170,0.50703,0.6124,0.67144,4.3
10,171,0.35008,0.72645,0.77394,4.27485
10,172,-1.04449,0.29686,0.36612,4.25
10,173,2.95952,0.00325,0.00641,4.22543
10,174,4.79481,0.0,1e-05,4.20115
10,175,2.78891,0.00553,0.0103,4.17714
10,176,4.56878,1e-05,2e-05,4.15341
10,177,5.11674,0.0,0.0,4.12994
10,178,6.58414,0.0,0.0,4.10674
10,179,2.3483,0.01932,0.03181,4.0838
10,180,3.53786,0.00045,0.00105,4.06111
10,181,3.76329,0.00019,0.00048,4.03867
10,182,0.48912,0.62501,0.68232,4.01648
10,183,-5.27809,0.0,0.0,3.99454
10,184,-0.36418,0.71591,0.76433,3.97283
10,185,-0.86638,0.38677,0.45945,3.95135
10,186,-2.6382,0.00864,0.01536,3.93011
10,187,-2.31445,0.02112,0.03445,3.90909
10,188,-2.42356,0.01579,0.0265,3.8883
10,189,-0.37209,0.71001,0.75909,3.86772
10,190,-3.68561,0.00026,0.00063,3.84737
10,191,-4.26688,2e-05,7e-05,3.82723
10,192,-3.17405,0.00161,0.00338,3.80729
10,193,1.22759,0.22029,0.28142,3.78756
10,194,-1.93347,0.05385,0.08033,3.76804
10,195,-5.80067,0.0,0.0,3.74872
10,196,-5.32656,0.0,0.0,3.72959
10,197,-1.17459,0.24082,0.30443,3.71066
10,198,-0.48941,0.6248,0.68221,3.69192
10,199,-2.48399,0.01338,0.02284,3.67337
10,200,-1.00468,0.31563,0.38579,3.655
10,201,3.5344,0.00045,0.00106,3.63682
10,202,5.39522,0.0,0.0,3.61881
10,203,4.22382,3e-05,9e-05,3.60099
10,204,6.70478,0.0,0.0,3.58333
10,205,5.64832,0.0,0.0,3.56585
10,206,0.56786,0.57044,0.63405,3.54854
10,207,2.49799,0.01287,0.02204,3.5314
10,208,1.57835,0.11524,0.15777,3.51442
10,209,-0.55261,0.58082,0.64324,3.49761
10,210,-4.87268,0.0,1e-05,3.48095
10,211,-2.90515,0.00386,0.00747,3.46445
10,212,-0.30782,0.75837,0.80104,3.44811
10,213,-1.14688,0.25208,0.31722,3.43192
10,214,2.02983,0.043,0.06581,3.41589
10,215,4.99906,0.0,0.0,3.4
10,216,3.40771,0.00072,0.00161,3.38426
10,217,2.50278,0.0127,0.02178,3.36866
10,218,2.83439,0.00481,0.00911,3.35321
10,219,1.29797,0.19501,0.25271,3.3379
10,220,3.28631,0.0011,0.00238,3.32273
10,221,6.39985,0.0,0.0,3.30769
10,222,2.65942,0.00813,0.01453,3.29279
10,223,1.95506,0.05124,0.07691,3.27803
10,224,0.45369,0.65028,0.70541,3.26339
10,225,-1.22109,0.22273,0.28397,3.24889
10,226,-10.40918,0.0,0.0,3.23451
10,227,-10.14846,0.0,0.0,3.22026
10,228,-9.94257,0.0,0.0,3.20614
10,229,-9.87231,0.0,0.0,3.19214
10,230,-10.76174,0.0,0.0,3.17826
10,231,-10.94389,0.0,0.0,3.1645
10,232,-5.58603,0.0,0.0,3.15086
10,233,-4.74199,0.0,1e-05,3.13734
10,234,-8.28358,0.0,0.0,3.12393
10,235,-7.09354,0.0,0.0,3.11064
10,236,-8.28086,0.0,0.0,3.09746
10,237,-6.73929,0.0,0.0,3.08439
10,238,-3.75253,0.0002,0.0005,3.07143
10,239,-1.80366,0.072,0.10403,3.05858
10,240,2.65659,0.00819,0.01463,3.04583
10,241,5.7582,0.0,0.0,3.0332
10,242,3.83021,0.00015,0.00038,3.02066
10,243,0.81649,0.41468,0.48677,3.00823
10,244,-2.86052,0.00444,0.00847,2.9959
10,245,-2.70743,0.00706,0.01279,2.98367
10,246,-4.78456,0.0,1e-05,2.97154
10,247,-7.94619,0.0,0.0,2.95951
10,248,-6.40791,0.0,0.0,2.94758
10,249,-3.43,0.00066,0.0015,2.93574
10,250,-6.8809,0.0,0.0,2.924
10,251,-4.54918,1e-05,2e-05,2.91235
10,252,0.02057,0.9836,0.98685,2.90079
10,253,-0.61976,0.53575,0.60198,2.88933
10,254,1.75446,0.08008,0.11453,2.87795
10,255,-3.64711,0.0003,0.00072,2.86667
10,256,-3.47045,0.00057,0.00131,2.85547
10,257,-4.91139,0.0,0.0,2.84436
10,258,-6.98359,0.0,0.0,2.83333
10,259,-9.19367,0.0,0.0,2.82239
10,260,-4.52906,1e-05,2e-05,2.81154
10,261,3.02792,0.00261,0.00523,2.80077
10,262,8.18501,0.0,0.0,2.79008
10,263,7.73349,0.0,0.0,2.77947
10,264,9.39738,0.0,0.0,2.76894
10,265,8.46442,0.0,0.0,2.75849
10,266,6.12788,0.0,0.0,2.74812
10,267,0.66784,0.5046,0.57271,2.73783
10,268,-3.79547,0.00017,0.00043,2.72761
10,269,-1.5665,0.11798,0.16118,2.71747
10,270,1.29219,0.197,0.25503,2.70741
10,271,1.63504,0.10279,0.14254,2.69742
10,272,8.86869,0.0,0.0,2.6875
10,273,4.84047,0.0,1e-05,2.67766
10,274,8.1817,0.0,0.0,2.66788
10,275,7.91654,0.0,0.0,2.65818
10,276,4.1771,4e-05,0.0001,2.64855
10,277,5.04662,0.0,0.0,2.63899
10,278,4.16982,4e-05,0.00011,2.6295
10,279,-1.10824,0.26839,0.33514,2.62007
10,280,-0.66309,0.50764,0.57576,2.61071
10,281,-0.85822,0.39126,0.4639,2.60142
10,282,-4.00527,7e-05,0.0002,2.5922
10,283,-5.68183,0.0,0.0,2.58304
10,284,2.39585,0.01702,0.02834,2.57394
10,285,1.73743,0.08304,0.11826,2.56491
10,286,3.79628,0.00017,0.00042,2.55594
10,287,6.40219,0.0,0.0,2.54704
10,288,4.88289,0.0,1e-05,2.53819
10,289,-2.16512,0.03094,0.04889,2.52941
10,290,-4.41954,1e-05,4e-05,2.52069
10,291,-4.00899,7e-05,0.0002,2.51203
10,292,-4.62732,0.0,2e-05,2.50342
10,293,-4.32734,2e-05,6e-05,2.49488
10,294,-0.64748,0.51768,0.58476,2.48639
10,295,-2.31627,0.02102,0.03432,2.47797
10,296,-1.58034,0.11478,0.15723,2.46959
10,297,2.51306,0.01234,0.02123,2.46128
10,298,0.69888,0.48501,0.55336,2.45302
10,299,-1.80338,0.07204,0.10406,2.44482
10,300,-2.41454,0.01618,0.02709,2.43667
10,301,-1.37943,0.16849,0.22221,2.42857
10,302,-0.1239,0.90146,0.92313,2.42053
10,303,0.92767,0.35411,0.42606,2.41254
10,304,1.80653,0.07155,0.10347,2.40461
10,305,6.10709,0.0,0.0,2.39672
10,306,6.19557,0.0,0.0,2.38889
10,307,5.77273,0.0,0.0,2.38111
10,308,6.95057,0.0,0.0,2.37338
10,309,5.34803,0.0,0.0,2.3657
10,310,0.57975,0.56239,0.62692,2.35806
10,311,-1.83299,0.06751,0.0982,2.35048
10,312,-1.85251,0.06465,0.09441,2.34295
10,313,-5.91641,0.0,0.0,2.33546
10,314,-9.59683,0.0,0.0,2.32803
10,315,-1.68232,0.09325,0.13107,2.32063
10,316,-6.88373,0.0,0.0,2.31329
10,317,-2.04901,0.04108,0.06319,2.30599
10,318,0.18562,0.85283,0.8811,2.29874
10,319,2.65859,0.00815,0.01456,2.29154
10,320,1.82871,0.06815,0.09896,2.28437
10,321,4.84561,0.0,1e-05,2.27726
10,322,3.8459,0.00014,0.00036,2.27019
10,323,0.46778,0.64018,0.69604,2.26316
10,324,-3.97397,8e-05,0.00022,2.25617
10,325,-3.49766,0.00052,0.0012,2.24923
10,326,-2.76237,0.00599,0.01107,2.24233
10,327,-4.25379,3e-05,8e-05,2.23547
10,328,-5.7291,0.0,0.0,2.22866
10,329,1.66368,0.09692,0.13538,2.22188
10,330,1.74501,0.08171,0.11657,2.21515
10,331,1.77284,0.07698,0.11049,2.20846
10,332,-1.69341,0.09111,0.12842,2.20181
10,333,-4.05216,6e-05,0.00017,2.1952
10,334,-3.1314,0.00186,0.00384,2.18862
10,335,-3.72421,0.00022,0.00055,2.18209
10,336,-6.30311,0.0,0.0,2.1756
10,337,-4.93816,0.0,0.0,2.16914
10,338,-3.75942,0.00019,0.00048,2.16272
10,339,-2.62221,0.00905,0.01601,2.15634
10,340,-2.65618,0.0082,0.01464,2.15
10,341,2.27625,0.02333,0.03772,2.1437
10,342,2.92083,0.00368,0.00714,2.13743
10,343,0.37614,0.707,0.7562,2.1312
10,344,2.37172,0.01815,0.03007,2.125
10,345,-2.21079,0.02759,0.04403,2.11884
10,346,0.11059,0.91199,0.93107,2.11272
10,347,0.72112,0.47124,0.54012,2.10663
10,348,2.90815,0.00383,0.00741,2.10057
10,349,1.97246,0.04921,0.07417,2.09456
10,350,6.61218,0.0,0.0,2.08857
10,351,9.22875,0.0,0.0,2.08262
10,352,3.5445,0.00044,0.00102,2.0767
10,353,5.22166,0.0,0.0,2.07082
10,354,4.0228,7e-05,0.00019,2.06497
10,355,-0.96064,0.33728,0.40832,2.05915
10,356,-2.74746,0.00626,0.01149,2.05337
10,357,-3.76947,0.00019,0.00047,2.04762
10,358,-2.95196,0.00333,0.00654,2.0419
10,359,-2.0776,0.03835,0.05946,2.03621
10,360,-1.64188,0.10136,0.1407,2.03056
10,361,3.41944,0.00069,0.00155,2.02493
10,362,4.67777,0.0,1e-05,2.01934
10,363,6.23327,0.0,0.0,2.01377
10,364,4.34876,2e-05,5e-05,2.00824
10,365,4.0207,7e-05,0.00019,2.00274
11,1,-0.63379,0.52656,0.59345,1319.0
11,2,-0.30661,0.75929,0.80175,659.5
11,3,0.00658,0.99475,0.99625,439.66667
11,4,-0.0461,0.96325,0.972,329.75
11,5,2.3641,0.01853,0.03061,263.8
11,6,0.10194,0.91885,0.93616,219.83333
11,7,-1.57186,0.11673,0.15963,188.42857
11,8,-2.22889,0.02635,0.04222,164.875
11,9,-2.42724,0.01563,0.02626,146.55556
11,10,-5.33545,0.0,0.0,131.9
11,11,0.61041,0.54192,0.60775,119.90909
11,12,5.38246,0.0,0.0,109.91667
11,13,5.02039,0.0,0.0,101.46154
11,14,4.45878,1e-05,3e-05,94.21429
11,15,8.65361,0.0,0.0,87.93333
11,16,10.71658,0.0,0.0,82.4375
11,17,5.51694,0.0,0.0,77.58824
11,18,3.95043,9e-05,0.00024,73.27778
11,19,5.06156,0.0,0.0,69.42105
11,20,4.80852,0.0,1e-05,65.95
11,21,3.09589,0.00209,0.00428,62.80952
11,22,1.15494,0.24877,0.31341,59.95455
11,23,1.25937,0.20859,0.26823,57.34783
11,24,-4.30054,2e-05,6e-05,54.95833
11,25,-4.24698,3e-05,8e-05,52.76
11,26,-5.94468,0.0,0.0,50.73077
11,27,-4.43936,1e-05,4e-05,48.85185
11,28,-5.38668,0.0,0.0,47.10714
11,29,-4.32099,2e-05,6e-05,45.48276
11,30,-3.15085,0.00174,0.00362,43.96667
11,31,3.0835,0.00218,0.00444,42.54839
11,32,3.27903,0.00113,0.00243,41.21875
11,33,-1.55637,0.12037,0.16409,39.9697
11,34,0.65787,0.51098,0.57877,38.79412
11,35,-0.0588,0.95314,0.96432,37.68571
11,36,1.36823,0.17197,0.22634,36.63889
11,37,-4.7008,0.0,1e-05,35.64865
11,38,-3.08996,0.00213,0.00435,34.71053
11,39,-4.72583,0.0,1e-05,33.82051
11,40,-3.25239,0.00124,0.00265,32.975
11,41,-0.54772,0.58417,0.6463,32.17073
11,42,1.02182,0.30745,0.37741,31.40476
11,43,2.08145,0.038,0.05897,30.67442
11,44,2.37164,0.01816,0.03007,29.97727
11,45,5.10222,0.0,0.0,29.31111
11,46,5.43457,0.0,0.0,28.67391
11,47,6.70414,0.0,0.0,28.06383
11,48,0.21133,0.83274,0.86414,27.47917
11,49,0.64663,0.51822,0.58531,26.91837
11,50,1.55683,0.12026,0.164,26.38
11,51,3.34995,0.00088,0.00194,25.86275
11,52,1.14824,0.25152,0.3166,25.36538
11,53,4.24685,3e-05,8e-05,24.88679
11,54,4.1591,4e-05,0.00011,24.42593
11,55,3.6885,0.00026,0.00062,23.98182
11,56,2.86343,0.0044,0.00842,23.55357
11,57,3.12124,0.00192,0.00396,23.14035
11,58,1.23968,0.21578,0.27638,22.74138
11,59,-3.90746,0.00011,0.00028,22.35593
11,60,-5.49297,0.0,0.0,21.98333
11,61,-4.91733,0.0,0.0,21.62295
11,62,-5.32586,0.0,0.0,21.27419
11,63,-3.3406,0.00091,0.002,20.93651
11,64,-1.11574,0.26517,0.33161,20.60938
11,65,2.04454,0.04152,0.06379,20.29231
11,66,2.37492,0.018,0.02985,19.98485
11,67,-0.32287,0.74695,0.79115,19.68657
11,68,3.83951,0.00014,0.00036,19.39706
11,69,4.09338,5e-05,0.00014,19.11594
11,70,4.3786,2e-05,5e-05,18.84286
11,71,1.24978,0.21207,0.27229,18.57746
11,72,-2.01051,0.04501,0.06861,18.31944
11,73,0.1048,0.91658,0.93442,18.06849
11,74,-4.45126,1e-05,3e-05,17.82432
11,75,4.70226,0.0,1e-05,17.58667
11,76,7.97507,0.0,0.0,17.35526
11,77,9.27562,0.0,0.0,17.12987
11,78,10.08673,0.0,0.0,16.91026
11,79,9.2673,0.0,0.0,16.6962
11,80,5.71248,0.0,0.0,16.4875
11,81,6.04966,0.0,0.0,16.28395
11,82,6.06299,0.0,0.0,16.08537
11,83,4.00776,7e-05,0.0002,15.89157
11,84,-4.54106,1e-05,2e-05,15.70238
11,85,-1.55629,0.12039,0.16409,15.51765
11,86,-2.63289,0.00878,0.01557,15.33721
11,87,-3.50337,0.00051,0.00117,15.16092
11,88,-5.17537,0.0,0.0,14.98864
11,89,-5.63831,0.0,0.0,14.82022
11,90,-7.03507,0.0,0.0,14.65556
11,91,-2.4114,0.01632,0.0273,14.49451
11,92,-3.19187,0.00152,0.0032,14.33696
11,93,-3.86847,0.00013,0.00033,14.1828
11,94,0.77876,0.43656,0.5078,14.03191
11,95,4.23544,3e-05,8e-05,13.88421
11,96,5.23928,0.0,0.0,13.73958
11,97,5.77656,0.0,0.0,13.59794
11,98,4.90482,0.0,0.0,13.45918
11,99,8.46796,0.0,0.0,13.32323
11,100,4.69747,0.0,1e-05,13.19
11,101,3.59952,0.00036,0.00084,13.05941
11,102,3.59451,0.00036,0.00086,12.93137
11,103,-0.22754,0.82011,0.85355,12.80583
11,104,0.1514,0.87973,0.90478,12.68269
11,105,0.54616,0.58524,0.64735,12.5619
11,106,0.75389,0.45133,0.52208,12.4434
11,107,0.59338,0.55324,0.61845,12.3271
11,108,-1.85547,0.06423,0.09388,12.21296
11,109,-0.12146,0.90339,0.92453,12.10092
11,110,0.84948,0.3961,0.46897,11.99091
11,111,-0.25768,0.79678,0.83386,11.88288
11,112,-0.5953,0.55196,0.61715,11.77679
11,113,-0.61594,0.53827,0.60447,11.67257
11,114,5.46026,0.0,0.0,11.57018
11,115,1.87321,0.06173,0.09072,11.46957
11,116,1.82956,0.06802,0.09885,11.37069
11,117,5.64397,0.0,0.0,11.2735
11,118,2.32813,0.02038,0.03338,11.17797
11,119,0.4378,0.66175,0.71568,11.08403
11,120,-1.9427,0.05272,0.07888,10.99167
11,121,-2.83738,0.00477,0.00904,10.90083
11,122,-5.3138,0.0,0.0,10.81148
11,123,-5.2596,0.0,0.0,10.72358
11,124,-4.99976,0.0,0.0,10.6371
11,125,-5.97129,0.0,0.0,10.552
11,126,-5.30551,0.0,0.0,10.46825
11,127,-7.85486,0.0,0.0,10.38583
11,128,-7.26403,0.0,0.0,10.30469
11,129,-5.81523,0.0,0.0,10.22481
11,130,-5.29984,0.0,0.0,10.14615
11,131,-4.44622,1e-05,3e-05,10.0687
11,132,-0.03122,0.97511,0.9801,9.99242
11,133,2.06788,0.03926,0.06064,9.91729
11,134,0.61522,0.53874,0.60494,9.84328
11,135,-0.56586,0.57179,0.63535,9.77037
11,136,-0.79152,0.42909,0.50059,9.69853
11,137,-3.45423,0.00061,0.00138,9.62774
11,138,-5.74535,0.0,0.0,9.55797
11,139,-2.48469,0.01335,0.02279,9.48921
11,140,-2.12883,0.03385,0.05305,9.42143
11,141,-5.85105,0.0,0.0,9.35461
11,142,-7.32673,0.0,0.0,9.28873
11,143,-5.99797,0.0,0.0,9.22378
11,144,-5.94595,0.0,0.0,9.15972
11,145,-6.97057,0.0,0.0,9.09655
11,146,-4.48988,1e-05,3e-05,9.03425
11,147,-3.5845,0.00038,0.00089,8.97279
11,148,-1.05459,0.29222,0.3611,8.91216
11,149,-0.91158,0.36251,0.4345,8.85235
11,150,0.90595,0.36548,0.43748,8.79333
11,151,1.90471,0.0575,0.08524,8.7351
11,152,-0.39365,0.69404,0.7452,8.67763
11,153,-1.76991,0.07746,0.11112,8.62092
11,154,-0.62497,0.53233,0.59901,8.56494
11,155,0.10383,0.91735,0.93501,8.50968
11,156,0.86364,0.38828,0.46107,8.45513
11,157,1.89531,0.05873,0.08684,8.40127
11,158,2.0366,0.04231,0.06488,8.3481
11,159,3.30171,0.00104,0.00227,8.2956
11,160,4.53153,1e-05,2e-05,8.24375
11,161,5.23506,0.0,0.0,8.19255
11,162,4.6271,0.0,2e-05,8.14198
11,163,5.4769,0.0,0.0,8.09202
11,164,4.91393,0.0,0.0,8.04268
11,165,2.89611,0.00397,0.00766,7.99394
11,166,-0.42162,0.67352,0.72628,7.94578
11,167,-2.58844,0.00997,0.01746,7.8982
11,168,0.09577,0.92375,0.93981,7.85119
11,169,-1.67811,0.09407,0.13197,7.80473
11,170,-0.50947,0.61069,0.66986,7.75882
11,171,1.12695,0.2604,0.32626,7.71345
11,172,0.60968,0.54241,0.60816,7.6686
11,173,6.97435,0.0,0.0,7.62428
11,174,4.96875,0.0,0.0,7.58046
11,175,2.71946,0.00681,0.0124,7.53714
11,176,3.46271,0.00059,0.00134,7.49432
11,177,4.50605,1e-05,3e-05,7.45198
11,178,-0.71654,0.47405,0.54259,7.41011
11,179,-2.75861,0.00606,0.01118,7.36872
11,180,-1.74096,0.08242,0.11751,7.32778
11,181,-1.66171,0.09731,0.13582,7.28729
11,182,-2.47897,0.01357,0.02313,7.24725
11,183,-5.43908,0.0,0.0,7.20765
11,184,-1.93325,0.05387,0.08036,7.16848
11,185,-5.3827,0.0,0.0,7.12973
11,186,-5.19422,0.0,0.0,7.0914
11,187,-6.72123,0.0,0.0,7.05348
11,188,-7.03062,0.0,0.0,7.01596
11,189,-2.69687,0.00728,0.01316,6.97884
11,190,2.47709,0.01364,0.02323,6.94211
11,191,3.31819,0.00098,0.00215,6.90576
11,192,3.4258,0.00067,0.00152,6.86979
11,193,2.66911,0.0079,0.01417,6.8342
11,194,0.8085,0.41926,0.49131,6.79897
11,195,0.51342,0.60793,0.66742,6.7641
11,196,-0.80411,0.42179,0.49367,6.72959
11,197,0.34349,0.7314,0.77813,6.69543
11,198,0.11982,0.90468,0.9254,6.66162
11,199,-0.83799,0.40251,0.47516,6.62814
11,200,-3.25075,0.00124,0.00266,6.595
11,201,-3.30669,0.00102,0.00223,6.56219
11,202,-3.89014,0.00012,0.0003,6.5297
11,203,-2.48631,0.01329,0.0227,6.49754
11,204,-2.10094,0.03624,0.05644,6.46569
11,205,-3.86032,0.00013,0.00034,6.43415
11,206,-2.94707,0.00339,0.00664,6.40291
11,207,-2.80539,0.00526,0.00986,6.37198
11,208,-1.88165,0.06057,0.0892,6.34135
11,209,-0.93245,0.35164,0.42344,6.311
11,210,0.1129,0.91016,0.92969,6.28095
11,211,1.82231,0.06912,0.10025,6.25118
11,212,2.64551,0.00846,0.01506,6.2217
11,213,5.29401,0.0,0.0,6.19249
11,214,3.09047,0.00213,0.00435,6.16355
11,215,3.59964,0.00036,0.00084,6.13488
11,216,2.15628,0.03163,0.04989,6.10648
11,217,-0.05566,0.95564,0.96636,6.07834
11,218,-2.13607,0.03325,0.05217,6.05046
11,219,-1.97557,0.04885,0.07372,6.02283
11,220,-5.23749,0.0,0.0,5.99545
11,221,-4.43483,1e-05,4e-05,5.96833
11,222,-1.57517,0.11597,0.15871,5.94144
11,223,-0.39901,0.69009,0.74167,5.9148
11,224,-4.1275,4e-05,0.00012,5.88839
11,225,-1.71806,0.08652,0.12277,5.86222
11,226,-2.32474,0.02056,0.03364,5.83628
11,227,0.13344,0.89391,0.91709,5.81057
11,228,-1.52884,0.12705,0.17223,5.78509
11,229,1.88371,0.06029,0.08888,5.75983
11,230,-1.4046,0.16087,0.21326,5.73478
11,231,2.71143,0.00697,0.01266,5.70996
11,232,0.4925,0.62262,0.68019,5.68534
11,233,3.49947,0.00052,0.00119,5.66094
11,234,3.88292,0.00012,0.00031,5.63675
11,235,6.30119,0.0,0.0,5.61277
11,236,3.17635,0.0016,0.00336,5.58898
11,237,2.41492,0.01616,0.02707,5.5654
11,238,-1.98053,0.04829,0.07294,5.54202
11,239,-1.98597,0.04768,0.07215,5.51883
11,240,-6.65826,0.0,0.0,5.49583
11,241,-6.8113,0.0,0.0,5.47303
11,242,-4.42302,1e-05,4e-05,5.45041
11,243,1.34918,0.178,0.23315,5.42798
11,244,-1.54643,0.12275,0.16705,5.40574
11,245,-5.16902,0.0,0.0,5.38367
11,246,-4.74262,0.0,1e-05,5.36179
11,247,-5.27272,0.0,0.0,5.34008
11,248,-3.78055,0.00018,0.00045,5.31855
11,249,-2.58643,0.01003,0.01755,5.29719
11,250,0.37854,0.70522,0.75461,5.276
11,251,-0.98162,0.32685,0.39757,5.25498
11,252,-0.17314,0.86262,0.89011,5.23413
11,253,-3.1524,0.00173,0.00361,5.21344
11,254,-3.21462,0.00141,0.00298,5.19291
11,255,-0.93257,0.35157,0.42344,5.17255
11,256,-1.87638,0.06129,0.09017,5.15234
11,257,-2.67591,0.00774,0.01392,5.1323
11,258,-0.07838,0.93756,0.95038,5.1124
11,259,-0.84782,0.39702,0.46995,5.09266
11,260,1.86187,0.06332,0.09279,5.07308
11,261,0.41027,0.68182,0.73436,5.05364
11,262,3.43479,0.00065,0.00147,5.03435
11,263,-0.97069,0.33226,0.40312,5.01521
11,264,-2.40088,0.01679,0.02799,4.99621
11,265,-0.75475,0.45082,0.52154,4.97736
11,266,-4.49941,1e-05,3e-05,4.95865
11,267,-3.2821,0.00112,0.00241,4.94007
11,268,-3.07451,0.00225,0.00456,4.92164
11,269,-4.89126,0.0,1e-05,4.90335
11,270,-3.90783,0.00011,0.00028,4.88519
11,271,-3.68084,0.00026,0.00064,4.86716
11,272,-7.19008,0.0,0.0,4.84926
11,273,-6.94606,0.0,0.0,4.8315
11,274,-7.42157,0.0,0.0,4.81387
11,275,-7.32817,0.0,0.0,4.79636
11,276,-8.33199,0.0,0.0,4.77899
11,277,-9.32184,0.0,0.0,4.76173
11,278,-8.4086,0.0,0.0,4.7446
11,279,-8.23228,0.0,0.0,4.7276
11,280,-6.7075,0.0,0.0,4.71071
11,281,-6.84993,0.0,0.0,4.69395
11,282,0.5233,0.60104,0.66168,4.6773
11,283,0.03946,0.96854,0.97566,4.66078
11,284,0.74219,0.45839,0.52836,4.64437
11,285,-1.35683,0.17556,0.23052,4.62807
11,286,-1.52594,0.12777,0.17307,4.61189
11,287,-2.23284,0.02608,0.04182,4.59582
11,288,3.59864,0.00036,0.00085,4.57986
11,289,4.72643,0.0,1e-05,4.56401
11,290,5.0021,0.0,0.0,4.54828
11,291,2.29679,0.02212,0.03596,4.53265
11,292,4.86417,0.0,1e-05,4.51712
11,293,2.58261,0.01014,0.01771,4.50171
11,294,3.95955,9e-05,0.00023,4.48639
11,295,5.14586,0.0,0.0,4.47119
11,296,7.18909,0.0,0.0,4.45608
11,297,4.45771,1e-05,3e-05,4.44108
11,298,2.49927,0.01282,0.02197,4.42617
11,299,-5.95131,0.0,0.0,4.41137
11,300,-4.76475,0.0,1e-05,4.39667
11,301,-5.75112,0.0,0.0,4.38206
11,302,-4.99714,0.0,0.0,4.36755
11,303,-4.68855,0.0,1e-05,4.35314
11,304,-3.72925,0.00022,0.00054,4.33882
11,305,0.73752,0.46121,0.53083,4.32459
11,306,4.92798,0.0,0.0,4.31046
11,307,5.11719,0.0,0.0,4.29642
11,308,6.6565,0.0,0.0,4.28247
11,309,9.46099,0.0,0.0,4.26861
11,310,7.28235,0.0,0.0,4.25484
11,311,1.62622,0.10465,0.1447,4.24116
11,312,-1.14102,0.25451,0.31995,4.22756
11,313,-1.36193,0.17395,0.22874,4.21406
11,314,-5.37234,0.0,0.0,4.20064
11,315,-5.81011,0.0,0.0,4.1873
11,316,-2.30923,0.02141,0.03489,4.17405
11,317,-0.75612,0.45,0.52071,4.16088
11,318,-2.15055,0.03208,0.05054,4.1478
11,319,-6.70864,0.0,0.0,4.1348
11,320,0.16566,0.8685,0.89553,4.12188
11,321,-0.10694,0.91488,0.93307,4.10903
11,322,1.16977,0.24275,0.30664,4.09627
11,323,4.0212,7e-05,0.00019,4.08359
11,324,6.19773,0.0,0.0,4.07099
11,325,6.42651,0.0,0.0,4.05846
11,326,3.51415,0.00049,0.00113,4.04601
11,327,2.9388,0.00348,0.00679,4.03364
11,328,1.97127,0.04935,0.07432,4.02134
11,329,0.97507,0.33009,0.40092,4.00912
11,330,-1.03065,0.3033,0.37291,3.99697
11,331,-0.80089,0.42365,0.49539,3.98489
11,332,-0.90338,0.36684,0.43874,3.97289
11,333,-3.94609,9e-05,0.00025,3.96096
11,334,-5.75933,0.0,0.0,3.9491
11,335,-2.02589,0.0434,0.06634,3.93731
11,336,-2.40638,0.01654,0.02762,3.9256
11,337,-2.00315,0.0458,0.06965,3.91395
11,338,-0.44511,0.65647,0.71119,3.90237
11,339,-0.01476,0.98823,0.99067,3.89086
11,340,0.69221,0.48918,0.55755,3.87941
11,341,-1.05974,0.28987,0.35846,3.86804
11,342,-0.2208,0.82535,0.85811,3.85673
11,343,0.03332,0.97344,0.97897,3.84548
11,344,1.13718,0.25611,0.32168,3.8343
11,345,-0.81829,0.41365,0.48579,3.82319
11,346,0.3142,0.75353,0.79685,3.81214
11,347,-0.52068,0.60287,0.66301,3.80115
11,348,-0.73466,0.46295,0.53226,3.79023
11,349,-2.92341,0.00365,0.00709,3.77937
11,350,-1.10598,0.26937,0.33623,3.76857
11,351,-2.80554,0.00526,0.00986,3.75783
11,352,0.52061,0.60291,0.66301,3.74716
11,353,2.71708,0.00686,0.01248,3.73654
11,354,3.24464,0.00127,0.00271,3.72599
11,355,-0.08638,0.9312,0.94547,3.71549
11,356,-1.36188,0.17396,0.22874,3.70506
11,357,-1.54672,0.12268,0.16698,3.69468
11,358,-4.37047,2e-05,5e-05,3.68436
11,359,-6.31717,0.0,0.0,3.67409
11,360,-2.14197,0.03277,0.05152,3.66389
11,361,-0.79392,0.42769,0.49917,3.65374
11,362,3.77223,0.00018,0.00046,3.64365
11,363,1.80353,0.07202,0.10404,3.63361
11,364,5.88567,0.0,0.0,3.62363
11,365,4.52794,1e-05,2e-05,3.6137
11,366,4.87421,0.0,1e-05,3.60383
11,367,0.50043,0.61703,0.67571,3.59401
11,368,2.62129,0.00908,0.01605,3.58424
11,369,-0.49347,0.62193,0.67982,3.57453
11,370,-0.95497,0.34014,0.41143,3.56486
11,371,1.04702,0.29569,0.36499,3.55526
11,372,0.16389,0.8699,0.8966,3.5457
11,373,1.11276,0.26644,0.33291,3.53619
11,374,-0.83543,0.40395,0.47649,3.52674
11,375,-0.20573,0.8371,0.8678,3.51733
11,376,-1.2486,0.21251,0.27274,3.50798
11,377,-2.11499,0.03502,0.0547,3.49867
11,378,-0.98123,0.32704,0.3977,3.48942
11,379,-1.14128,0.2544,0.3199,3.48021
11,380,-0.06701,0.94661,0.95838,3.47105
11,381,2.80254,0.0053,0.00993,3.46194
11,382,2.55417,0.01099,0.01909,3.45288
11,383,3.30168,0.00104,0.00227,3.44386
11,384,6.6251,0.0,0.0,3.4349
11,385,5.24287,0.0,0.0,3.42597
11,386,2.81873,0.00505,0.00952,3.4171
11,387,0.37115,0.71071,0.75976,3.40827
11,388,-3.95296,9e-05,0.00024,3.39948
11,389,-4.69727,0.0,1e-05,3.39075
11,390,-6.49377,0.0,0.0,3.38205
11,391,-4.74449,0.0,1e-05,3.3734
11,392,-2.84678,0.00463,0.0088,3.3648
11,393,-4.17241,4e-05,0.0001,3.35623
11,394,3.6135,0.00034,0.00081,3.34772
11,395,1.48587,0.13806,0.18567,3.33924
11,396,2.44647,0.01483,0.02507,3.33081
11,397,1.27088,0.20447,0.26365,3.32242
11,398,3.58766,0.00037,0.00088,3.31407
11,399,5.39386,0.0,0.0,3.30576
11,400,5.24451,0.0,0.0,3.2975
11,401,6.74919,0.0,0.0,3.28928
11,402,8.74816,0.0,0.0,3.28109
11,403,7.83098,0.0,0.0,3.27295
11,404,8.19636,0.0,0.0,3.26485
11,405,6.69238,0.0,0.0,3.25679
11,406,6.2621,0.0,0.0,3.24877
11,407,0.23866,0.81148,0.84659,3.24079
11,408,-5.32616,0.0,0.0,3.23284
11,409,-4.3443,2e-05,5e-05,3.22494
11,410,-2.83153,0.00485,0.00919,3.21707
11,411,-6.01965,0.0,0.0,3.20925
11,412,-4.0657,6e-05,0.00016,3.20146
11,413,-1.08122,0.28022,0.34795,3.1937
11,414,-6.49979,0.0,0.0,3.18599
11,415,-5.42925,0.0,0.0,3.17831
11,416,-6.33026,0.0,0.0,3.17067
11,417,-4.51884,1e-05,3e-05,3.16307
11,418,-4.68944,0.0,1e-05,3.1555
11,419,-5.08475,0.0,0.0,3.14797
11,420,-2.59715,0.00973,0.01707,3.14048
11,421,-3.24223,0.00128,0.00273,3.13302
11,422,-0.25426,0.79941,0.83609,3.12559
11,423,-1.9717,0.0493,0.07427,3.1182
11,424,-4.55043,1e-05,2e-05,3.11085
11,425,-0.69522,0.4873,0.5557,3.10353
11,426,-1.99692,0.04648,0.07056,3.09624
11,427,2.42255,0.01583,0.02656,3.08899
11,428,3.92276,0.0001,0.00027,3.08178
11,429,3.80326,0.00016,0.00041,3.07459
11,430,7.41474,0.0,0.0,3.06744
11,431,7.7466,0.0,0.0,3.06032
11,432,2.4591,0.01433,0.02432,3.05324
11,433,2.09273,0.03697,0.05751,3.04619
11,434,2.82595,0.00494,0.00933,3.03917
11,435,-0.29289,0.76975,0.81126,3.03218
11,436,-1.75361,0.08022,0.11469,3.02523
11,437,4.92879,0.0,0.0,3.01831
11,438,7.73776,0.0,0.0,3.01142
11,439,8.60211,0.0,0.0,3.00456
11,440,9.48994,0.0,0.0,2.99773
11,441,8.97837,0.0,0.0,2.99093
11,442,7.5901,0.0,0.0,2.98416
11,443,4.78989,0.0,1e-05,2.97743
11,444,2.7224,0.00675,0.0123,2.97072
11,445,1.15036,0.25065,0.31562,2.96404
11,446,0.32753,0.74343,0.788,2.9574
11,447,0.67966,0.4971,0.56508,2.95078
11,448,1.0157,0.31035,0.38032,2.9442
11,449,-1.4374,0.15135,0.20148,2.93764
11,450,-0.55776,0.5773,0.6399,2.93111
11,451,3.73485,0.00021,0.00053,2.92461
11,452,1.40109,0.16192,0.21442,2.91814
11,453,2.26729,0.02388,0.03851,2.9117
11,454,2.67222,0.00783,0.01405,2.90529
11,455,1.28622,0.19907,0.25755,2.8989
11,456,2.45228,0.0146,0.02471,2.89254
11,457,0.73339,0.46373,0.53302,2.88621
11,458,0.46689,0.64082,0.69665,2.87991
11,459,-2.05217,0.04077,0.06279,2.87364
11,460,-2.68069,0.00764,0.01375,2.86739
11,461,-3.80763,0.00016,0.00041,2.86117
11,462,-2.26391,0.02409,0.03883,2.85498
11,463,-0.25205,0.80112,0.83744,2.84881
11,464,0.89621,0.37065,0.44288,2.84267
11,465,-3.22252,0.00137,0.00291,2.83656
11,466,-0.40905,0.68271,0.73493,2.83047
11,467,-2.25203,0.02483,0.03997,2.82441
11,468,-2.86892,0.00433,0.00829,2.81838
11,469,0.3302,0.74141,0.78644,2.81237
11,470,5.71698,0.0,0.0,2.80638
11,471,5.6218,0.0,0.0,2.80042
11,472,8.36377,0.0,0.0,2.79449
11,473,9.38494,0.0,0.0,2.78858
11,474,6.39887,0.0,0.0,2.7827
11,475,7.68491,0.0,0.0,2.77684
11,476,3.85311,0.00013,0.00035,2.77101
11,477,-1.04047,0.29872,0.36818,2.7652
11,478,-1.7626,0.07869,0.11272,2.75941
11,479,-7.99662,0.0,0.0,2.75365
11,480,-7.8136,0.0,0.0,2.74792
11,481,-6.41821,0.0,0.0,2.7422
11,482,-5.70202,0.0,0.0,2.73651
11,483,-0.60681,0.5443,0.61002,2.73085
11,484,3.07919,0.00221,0.0045,2.72521
11,485,0.82273,0.41112,0.48316,2.71959
11,486,5.00088,0.0,0.0,2.71399
11,487,2.9166,0.00373,0.00723,2.70842
11,488,-0.61494,0.53893,0.60502,2.70287
11,489,-4.81421,0.0,1e-05,2.69734
11,490,-1.8959,0.05866,0.08675,2.69184
11,491,0.48907,0.62505,0.68232,2.68635
11,492,3.14256,0.00179,0.00372,2.68089
11,493,1.16444,0.2449,0.30901,2.67546
11,494,2.28604,0.02275,0.03686,2.67004
11,495,2.93434,0.00353,0.00688,2.66465
11,496,1.99947,0.0462,0.07018,2.65927
11,497,-6.95705,0.0,0.0,2.65392
11,498,-7.21747,0.0,0.0,2.64859
11,499,-9.96413,0.0,0.0,2.64329
11,500,-6.77543,0.0,0.0,2.638
11,501,-3.17407,0.00161,0.00338,2.63273
11,502,-3.64709,0.0003,0.00072,2.62749
11,503,1.85398,0.06444,0.09414,2.62227
11,504,4.17615,4e-05,0.0001,2.61706
11,505,-0.1166,0.90723,0.92743,2.61188
11,506,0.22787,0.81986,0.8534,2.60672
11,507,2.25218,0.02482,0.03996,2.60158
11,508,3.00035,0.00286,0.00568,2.59646
11,509,4.24797,3e-05,8e-05,2.59136
11,510,2.08985,0.03723,0.05789,2.58627
11,511,6.98857,0.0,0.0,2.58121
11,512,9.02481,0.0,0.0,2.57617
11,513,2.63427,0.00874,0.01551,2.57115
11,514,4.14918,4e-05,0.00011,2.56615
11,515,3.96804,9e-05,0.00023,2.56117
11,516,4.62447,1e-05,2e-05,2.5562
11,517,1.86484,0.0629,0.09225,2.55126
11,518,2.52857,0.01182,0.02041,2.54633
11,519,0.71751,0.47345,0.54204,2.54143
11,520,1.91324,0.05639,0.08378,2.53654
11,521,0.04395,0.96497,0.97314,2.53167
11,522,-1.54618,0.12281,0.16711,2.52682
11,523,-4.20606,3e-05,9e-05,2.52199
11,524,-0.35745,0.72093,0.76887,2.51718
11,525,-0.21743,0.82798,0.8603,2.51238
11,526,0.05345,0.9574,0.96755,2.5076
11,527,-0.9929,0.32133,0.39166,2.50285
11,528,-2.45739,0.0144,0.02441,2.49811
11,529,-5.17742,0.0,0.0,2.49338
11,530,-4.2894,2e-05,7e-05,2.48868
11,531,-3.82404,0.00015,0.00039,2.48399
11,532,-5.26958,0.0,0.0,2.47932
11,533,-4.96967,0.0,0.0,2.47467
11,534,-3.24841,0.00125,0.00268,2.47004
11,535,0.55817,0.57703,0.63974,2.46542
11,536,-4.40861,1e-05,4e-05,2.46082
11,537,-2.84078,0.00472,0.00895,2.45624
11,538,-4.92978,0.0,0.0,2.45167
11,539,-4.29046,2e-05,7e-05,2.44712
11,540,-7.03704,0.0,0.0,2.44259
11,541,-6.14289,0.0,0.0,2.43808
11,542,-1.36185,0.17397,0.22874,2.43358
11,543,-0.31842,0.75032,0.79421,2.4291
11,544,3.96142,9e-05,0.00023,2.42463
11,545,5.13863,0.0,0.0,2.42018
11,546,2.46087,0.01426,0.02422,2.41575
11,547,-1.21842,0.22374,0.28511,2.41133
11,548,-0.79149,0.4291,0.50059,2.40693
11,549,0.13466,0.89295,0.91639,2.40255
11,550,-1.22341,0.22186,0.28306,2.39818
11,551,2.37926,0.01779,0.02954,2.39383
11,552,0.57835,0.56333,0.62776,2.38949
11,553,-2.31903,0.02087,0.03409,2.38517
11,554,-2.92985,0.00358,0.00696,2.38087
11,555,-7.79302,0.0,0.0,2.37658
11,556,-4.88324,0.0,1e-05,2.3723
11,557,-2.01062,0.045,0.06861,2.36804
11,558,-5.23369,0.0,0.0,2.3638
11,559,-2.55274,0.01104,0.01916,2.35957
11,560,-4.25627,3e-05,8e-05,2.35536
11,561,-5.80716,0.0,0.0,2.35116
11,562,-4.82823,0.0,1e-05,2.34698
11,563,-3.85209,0.00014,0.00035,2.34281
11,564,-3.81049,0.00016,0.0004,2.33865
11,565,-3.00498,0.00281,0.0056,2.33451
11,566,-3.39587,0.00075,0.00167,2.33039
11,567,-3.60658,0.00035,0.00082,2.32628
11,568,-6.44786,0.0,0.0,2.32218
11,569,-3.37261,0.00081,0.0018,2.3181
11,570,-5.05296,0.0,0.0,2.31404
11,571,-6.74353,0.0,0.0,2.30998
11,572,-5.91561,0.0,0.0,2.30594
11,573,0.49965,0.61758,0.67624,2.30192
11,574,-2.1482,0.03227,0.05079,2.29791
11,575,-1.53883,0.1246,0.16923,2.29391
11,576,-1.8169,0.06994,0.10133,2.28993
11,577,-1.12316,0.26201,0.32807,2.28596
11,578,-3.32177,0.00097,0.00213,2.28201
11,579,-6.69221,0.0,0.0,2.27807
11,580,-3.18922,0.00153,0.00322,2.27414
11,581,-5.49157,0.0,0.0,2.27022
11,582,-1.0822,0.27978,0.34771,2.26632
11,583,1.06294,0.28841,0.35707,2.26244
11,584,2.3191,0.02087,0.03409,2.25856
11,585,5.63256,0.0,0.0,2.2547
11,586,6.32737,0.0,0.0,2.25085
11,587,6.7758,0.0,0.0,2.24702
11,588,6.87252,0.0,0.0,2.2432
11,589,3.21963,0.00138,0.00294,2.23939
11,590,4.27617,2e-05,7e-05,2.23559
11,591,0.94568,0.34485,0.41633,2.23181
11,592,0.57218,0.5675,0.63135,2.22804
11,593,-6.51221,0.0,0.0,2.22428
11,594,1.96607,0.04995,0.07512,2.22054
11,595,4.81957,0.0,1e-05,2.21681
11,596,2.81118,0.00517,0.00971,2.21309
11,597,6.40924,0.0,0.0,2.20938
11,598,8.39373,0.0,0.0,2.20569
11,599,5.47027,0.0,0.0,2.202
11,600,5.84339,0.0,0.0,2.19833
11,601,8.43997,0.0,0.0,2.19468
11,602,2.36319,0.01857,0.03067,2.19103
11,603,2.66005,0.00811,0.01451,2.1874
11,604,-0.39843,0.69051,0.74189,2.18377
11,605,-2.41522,0.01615,0.02705,2.18017
11,606,-0.80778,0.41967,0.49159,2.17657
11,607,-1.26854,0.2053,0.26458,2.17298
11,608,2.11404,0.0351,0.0548,2.16941
11,609,0.80868,0.41915,0.49131,2.16585
11,610,-0.2637,0.79214,0.83051,2.1623
11,611,-0.44431,0.65705,0.71159,2.15876
11,612,-4.1423,4e-05,0.00012,2.15523
11,613,-3.03356,0.00257,0.00515,2.15171
11,614,-3.64203,0.0003,0.00073,2.14821
11,615,-4.98436,0.0,0.0,2.14472
11,616,-2.05619,0.04038,0.06223,2.14123
11,617,0.36599,0.71456,0.7633,2.13776
11,618,-1.46092,0.14478,0.19354,2.1343
11,619,-2.98675,0.00298,0.00592,2.13086
11,620,-5.71522,0.0,0.0,2.12742
11,621,-5.48558,0.0,0.0,2.12399
11,622,-6.06908,0.0,0.0,2.12058
11,623,-2.46693,0.01402,0.02384,2.11717
11,624,-3.54656,0.00043,0.00102,2.11378
11,625,2.60676,0.00946,0.01668,2.1104
11,626,2.00019,0.04612,0.07008,2.10703
11,627,4.22682,3e-05,8e-05,2.10367
11,628,4.89931,0.0,1e-05,2.10032
11,629,3.13864,0.00182,0.00376,2.09698
11,630,1.1831,0.23744,0.30065,2.09365
11,631,3.14013,0.00181,0.00374,2.09033
11,632,2.22318,0.02673,0.04279,2.08703
11,633,2.34889,0.01929,0.03176,2.08373
11,634,4.19136,3e-05,0.0001,2.08044
11,635,4.48512,1e-05,3e-05,2.07717
11,636,2.91595,0.00374,0.00724,2.0739
11,637,1.42011,0.15631,0.20771,2.07064
11,638,5.03391,0.0,0.0,2.0674
11,639,9.7302,0.0,0.0,2.06416
11,640,9.09504,0.0,0.0,2.06094
11,641,8.68802,0.0,0.0,2.05772
11,642,6.54418,0.0,0.0,2.05452
11,643,3.27262,0.00115,0.00248,2.05132
11,644,2.28657,0.02272,0.03682,2.04814
11,645,1.49871,0.1347,0.18146,2.04496
11,646,-1.17541,0.2405,0.3041,2.0418
11,647,3.37157,0.00082,0.00181,2.03864
11,648,4.55733,1e-05,2e-05,2.03549
11,649,4.88199,0.0,1e-05,2.03236
11,650,4.0439,6e-05,0.00017,2.02923
11,651,1.24806,0.2127,0.27292,2.02611
11,652,-0.81866,0.41344,0.48566,2.02301
11,653,-1.28307,0.20017,0.25877,2.01991
11,654,-2.49018,0.01315,0.02249,2.01682
11,655,-2.5941,0.00981,0.01721,2.01374
11,656,0.92627,0.35484,0.42663,2.01067
11,657,5.3949,0.0,0.0,2.00761
11,658,8.48829,0.0,0.0,2.00456
11,659,2.25334,0.02475,0.03985,2.00152
12,1,-2.69417,0.00734,0.01326,1040.0
12,2,-3.13224,0.00186,0.00384,520.0
12,3,-2.7986,0.00537,0.01004,346.66667
12,4,-1.36789,0.17208,0.22645,260.0
12,5,-2.24712,0.02515,0.04043,208.0
12,6,1.64415,0.10089,0.1402,173.33333
12,7,3.1779,0.00159,0.00334,148.57143
12,8,2.37062,0.01821,0.03014,130.0
12,9,-0.26192,0.79351,0.83136,115.55556
12,10,-0.63213,0.52764,0.59447,104.0
12,11,-7.53003,0.0,0.0,94.54545
12,12,-9.8079,0.0,0.0,86.66667
12,13,-5.55296,0.0,0.0,80.0
12,14,-0.05858,0.95332,0.9644,74.28571
12,15,-1.90042,0.05806,0.086,69.33333
12,16,-0.59924,0.54934,0.61497,65.0
12,17,-2.16783,0.03073,0.04859,61.17647
12,18,-2.54973,0.01113,0.0193,57.77778
12,19,-6.4733,0.0,0.0,54.73684
12,20,-5.95763,0.0,0.0,52.0
12,21,-4.03546,6e-05,0.00018,49.52381
12,22,-4.96258,0.0,0.0,47.27273
12,23,-6.04468,0.0,0.0,45.21739
12,24,-1.29459,0.19617,0.25412,43.33333
12,25,-0.7521,0.45241,0.5229,41.6
12,26,1.87383,0.06164,0.09061,40.0
12,27,6.09463,0.0,0.0,38.51852
12,28,3.83332,0.00015,0.00037,37.14286
12,29,5.67956,0.0,0.0,35.86207
12,30,2.96574,0.00319,0.0063,34.66667
12,31,-0.60235,0.54726,0.61279,33.54839
12,32,1.90007,0.0581,0.08603,32.5
12,33,6.06313,0.0,0.0,31.51515
12,34,2.82353,0.00497,0.00939,30.58824
12,35,3.25683,0.00122,0.00261,29.71429
12,36,1.80414,0.07192,0.10393,28.88889
12,37,1.60776,0.10863,0.14951,28.10811
12,38,-1.65355,0.09896,0.13783,27.36842
12,39,-0.19875,0.84255,0.87236,26.66667
12,40,-1.79342,0.07362,0.10613,26.0
12,41,-2.29356,0.02231,0.03623,25.36585
12,42,-1.91148,0.05662,0.08404,24.7619
12,43,0.18184,0.8558,0.88398,24.18605
12,44,-5.61228,0.0,0.0,23.63636
12,45,0.65525,0.51267,0.58034,23.11111
12,46,-4.42453,1e-05,4e-05,22.6087
12,47,-3.8153,0.00016,0.0004,22.12766
12,48,2.16262,0.03113,0.04915,21.66667
12,49,0.12274,0.90237,0.9237,21.22449
12,50,2.76676,0.00591,0.01093,20.8
12,51,2.43172,0.01544,0.02599,20.39216
12,52,2.11685,0.03486,0.05449,20.0
12,53,-3.49724,0.00052,0.0012,19.62264
12,54,-4.49578,1e-05,3e-05,19.25926
12,55,-2.72803,0.00664,0.01211,18.90909
12,56,-3.36569,0.00083,0.00184,18.57143
12,57,-3.13008,0.00187,0.00386,18.24561
12,58,1.77519,0.07659,0.10997,17.93103
12,59,2.572,0.01045,0.01821,17.62712
12,60,1.98903,0.04734,0.07172,17.33333
12,61,2.00683,0.04541,0.06912,17.04918
12,62,8.66233,0.0,0.0,16.77419
12,63,4.38343,1e-05,4e-05,16.50794
12,64,-1.29511,0.19599,0.25392,16.25
12,65,-5.8747,0.0,0.0,16.0
12,66,-6.93111,0.0,0.0,15.75758
12,67,-7.21449,0.0,0.0,15.52239
12,68,-2.10157,0.03618,0.05636,15.29412
12,69,-1.40951,0.15942,0.21161,15.07246
12,70,-0.34801,0.72801,0.77535,14.85714
12,71,5.97093,0.0,0.0,14.64789
12,72,5.34582,0.0,0.0,14.44444
12,73,10.12141,0.0,0.0,14.24658
12,74,10.98183,0.0,0.0,14.05405
12,75,6.78623,0.0,0.0,13.86667
12,76,9.38466,0.0,0.0,13.68421
12,77,9.01147,0.0,0.0,13.50649
12,78,3.97723,8e-05,0.00022,13.33333
12,79,7.37192,0.0,0.0,13.16456
12,80,9.41793,0.0,0.0,13.0
12,81,5.84407,0.0,0.0,12.83951
12,82,5.33964,0.0,0.0,12.68293
12,83,5.28221,0.0,0.0,12.53012
12,84,3.08914,0.00214,0.00436,12.38095
12,85,2.77394,0.00578,0.01073,12.23529
12,86,-0.81734,0.41419,0.48631,12.09302
12,87,-2.18085,0.02975,0.04714,11.95402
12,88,-3.63039,0.00032,0.00076,11.81818
12,89,-5.96521,0.0,0.0,11.68539
12,90,-5.78141,0.0,0.0,11.55556
12,91,-4.26145,3e-05,7e-05,11.42857
12,92,1.37562,0.16967,0.22358,11.30435
12,93,2.15835,0.03146,0.04966,11.1828
12,94,6.07415,0.0,0.0,11.06383
12,95,0.88923,0.37439,0.44681,10.94737
12,96,5.0012,0.0,0.0,10.83333
12,97,4.82586,0.0,1e-05,10.72165
12,98,6.69534,0.0,0.0,10.61224
12,99,6.99411,0.0,0.0,10.50505
12,100,4.76429,0.0,1e-05,10.4
12,101,1.64927,0.09984,0.13891,10.29703
12,102,3.74798,0.0002,0.0005,10.19608
12,103,-2.32798,0.02038,0.03339,10.09709
12,104,-1.51096,0.13155,0.17767,10.0
12,105,0.13279,0.89443,0.91744,9.90476
12,106,3.65226,0.00029,0.00071,9.81132
12,107,2.69639,0.00729,0.01318,9.71963
12,108,0.60369,0.54638,0.61193,9.62963
12,109,1.04541,0.29643,0.36572,9.54128
12,110,4.25036,3e-05,8e-05,9.45455
12,111,-0.84464,0.39879,0.47177,9.36937
12,112,2.29736,0.02209,0.03592,9.28571
12,113,3.27192,0.00116,0.00249,9.20354
12,114,4.03226,7e-05,0.00018,9.12281
12,115,6.47294,0.0,0.0,9.04348
12,116,5.24174,0.0,0.0,8.96552
12,117,1.61945,0.1061,0.14644,8.88889
12,118,1.89401,0.05891,0.08702,8.81356
12,119,-4.34894,2e-05,5e-05,8.7395
12,120,-7.17538,0.0,0.0,8.66667
12,121,-7.57575,0.0,0.0,8.59504
12,122,-6.64502,0.0,0.0,8.52459
12,123,-8.15448,0.0,0.0,8.45528
12,124,3.01661,0.00271,0.00541,8.3871
12,125,5.41351,0.0,0.0,8.32
12,126,6.428,0.0,0.0,8.25397
12,127,9.28882,0.0,0.0,8.18898
12,128,7.54333,0.0,0.0,8.125
12,129,5.47945,0.0,0.0,8.06202
12,130,4.57876,1e-05,2e-05,8.0
12,131,-2.38849,0.01736,0.02888,7.93893
12,132,-4.04568,6e-05,0.00017,7.87879
12,133,-8.18813,0.0,0.0,7.81955
12,134,-5.19075,0.0,0.0,7.76119
12,135,-8.30101,0.0,0.0,7.7037
12,136,-4.80658,0.0,1e-05,7.64706
12,137,-5.54326,0.0,0.0,7.59124
12,138,-2.60246,0.00958,0.01684,7.53623
12,139,-2.68582,0.00752,0.01355,7.48201
12,140,-0.27372,0.78443,0.82369,7.42857
12,141,-1.78847,0.07442,0.10709,7.37589
12,142,1.31174,0.19032,0.24747,7.32394
12,143,0.31988,0.74922,0.7933,7.27273
12,144,-1.95159,0.05165,0.07748,7.22222
12,145,0.92627,0.35484,0.42663,7.17241
12,146,3.56439,0.00041,0.00095,7.12329
12,147,6.25935,0.0,0.0,7.07483
12,148,4.45857,1e-05,3e-05,7.02703
12,149,4.46867,1e-05,3e-05,6.97987
12,150,2.1123,0.03525,0.055,6.93333
12,151,3.21311,0.00141,0.003,6.88742
12,152,0.39609,0.69224,0.7435,6.84211
12,153,0.90363,0.36671,0.43869,6.79739
12,154,0.30721,0.75884,0.80144,6.75325
12,155,-1.91655,0.05597,0.08317,6.70968
12,156,-3.09187,0.00212,0.00433,6.66667
12,157,0.03889,0.96899,0.97592,6.6242
12,158,0.62302,0.53361,0.60011,6.58228
12,159,2.4401,0.01509,0.02547,6.54088
12,160,6.32366,0.0,0.0,6.5
12,161,2.59007,0.00993,0.01739,6.45963
12,162,5.53958,0.0,0.0,6.41975
12,163,5.87123,0.0,0.0,6.38037
12,164,5.62907,0.0,0.0,6.34146
12,165,-2.122,0.03442,0.05384,6.30303
12,166,-0.43848,0.66126,0.7153,6.26506
12,167,-4.29868,2e-05,6e-05,6.22754
12,168,-2.14412,0.03259,0.05125,6.19048
12,169,-4.80937,0.0,1e-05,6.15385
12,170,-3.77322,0.00018,0.00046,6.11765
12,171,-2.6038,0.00954,0.01679,6.08187
12,172,-4.21134,3e-05,9e-05,6.04651
12,173,-6.27984,0.0,0.0,6.01156
12,174,-7.04868,0.0,0.0,5.97701
12,175,-6.19289,0.0,0.0,5.94286
12,176,-1.81651,0.07,0.10141,5.90909
12,177,-5.4208,0.0,0.0,5.87571
12,178,3.34353,0.0009,0.00198,5.8427
12,179,3.61843,0.00033,0.00079,5.81006
12,180,2.67389,0.00779,0.01399,5.77778
12,181,-5.16545,0.0,0.0,5.74586
12,182,-5.73564,0.0,0.0,5.71429
12,183,-5.35483,0.0,0.0,5.68306
12,184,-0.28393,0.77661,0.81642,5.65217
12,185,1.79931,0.07268,0.10487,5.62162
12,186,2.53155,0.01172,0.02025,5.5914
12,187,1.03166,0.30282,0.37237,5.5615
12,188,0.44725,0.65492,0.70975,5.53191
12,189,1.46184,0.14453,0.1933,5.50265
12,190,-0.39035,0.69647,0.74733,5.47368
12,191,-0.26547,0.79077,0.82922,5.44503
12,192,0.96376,0.33572,0.40677,5.41667
12,193,2.01356,0.04469,0.06819,5.3886
12,194,-0.83963,0.40159,0.47431,5.36082
12,195,0.70736,0.47973,0.54821,5.33333
12,196,-4.10853,5e-05,0.00013,5.30612
12,197,-7.20835,0.0,0.0,5.27919
12,198,-6.86084,0.0,0.0,5.25253
12,199,-1.35853,0.17502,0.22991,5.22613
12,200,0.28753,0.77385,0.81448,5.2
12,201,1.4559,0.14616,0.19528,5.17413
12,202,-1.04098,0.29848,0.36798,5.14851
12,203,0.83538,0.40397,0.47649,5.12315
12,204,-3.70275,0.00024,0.00059,5.09804
12,205,-7.97568,0.0,0.0,5.07317
12,206,-7.8606,0.0,0.0,5.04854
12,207,-5.68277,0.0,0.0,5.02415
12,208,-4.23022,3e-05,8e-05,5.0
12,209,-5.2535,0.0,0.0,4.97608
12,210,-5.59006,0.0,0.0,4.95238
12,211,-2.93966,0.00347,0.00678,4.92891
12,212,-1.55378,0.12099,0.16479,4.90566
12,213,-0.75695,0.4495,0.52044,4.88263
12,214,2.59385,0.00982,0.01721,4.85981
12,215,2.19197,0.02893,0.04597,4.83721
12,216,3.76908,0.00019,0.00047,4.81481
12,217,1.41414,0.15806,0.20983,4.79263
12,218,-2.76855,0.00588,0.01088,4.77064
12,219,-4.83358,0.0,1e-05,4.74886
12,220,-6.06891,0.0,0.0,4.72727
12,221,-5.97504,0.0,0.0,4.70588
12,222,-4.44577,1e-05,3e-05,4.68468
12,223,-3.00562,0.00281,0.00559,4.66368
12,224,1.73468,0.08353,0.11889,4.64286
12,225,3.986,8e-05,0.00021,4.62222
12,226,1.70847,0.08828,0.12487,4.60177
12,227,3.6458,0.0003,0.00072,4.5815
12,228,4.93204,0.0,0.0,4.5614
12,229,3.46673,0.00058,0.00133,4.54148
12,230,-1.86539,0.06282,0.09215,4.52174
12,231,2.62562,0.00896,0.01587,4.50216
12,232,-0.94589,0.34475,0.4163,4.48276
12,233,0.35631,0.72178,0.7697,4.46352
12,234,2.38837,0.01736,0.02889,4.44444
12,235,5.1085,0.0,0.0,4.42553
12,236,2.45729,0.0144,0.02441,4.40678
12,237,3.3032,0.00104,0.00226,4.38819
12,238,0.88216,0.3782,0.45055,4.36975
12,239,-0.74712,0.45541,0.52564,4.35146
12,240,-4.38235,1e-05,5e-05,4.33333
12,241,-7.63454,0.0,0.0,4.31535
12,242,-8.02644,0.0,0.0,4.29752
12,243,-1.93038,0.05423,0.08083,4.27984
12,244,-2.11456,0.03505,0.05474,4.2623
12,245,3.33624,0.00092,0.00203,4.2449
12,246,5.50362,0.0,0.0,4.22764
12,247,7.51052,0.0,0.0,4.21053
12,248,1.79841,0.07283,0.10506,4.19355
12,249,-2.30776,0.0215,0.03501,4.17671
12,250,0.03706,0.97045,0.97719,4.16
12,251,-1.64826,0.10004,0.13916,4.14343
12,252,-0.15739,0.87501,0.90113,4.12698
12,253,4.08423,5e-05,0.00015,4.11067
12,254,-2.41067,0.01635,0.02735,4.09449
12,255,-4.21167,3e-05,9e-05,4.07843
12,256,-2.11801,0.03476,0.05434,4.0625
12,257,-7.28523,0.0,0.0,4.04669
12,258,-9.25849,0.0,0.0,4.03101
12,259,-7.78734,0.0,0.0,4.01544
12,260,0.3114,0.75565,0.79841,4.0
12,261,-0.09314,0.92584,0.94164,3.98467
12,262,-1.21386,0.22548,0.28704,3.96947
12,263,2.32479,0.02056,0.03364,3.95437
12,264,3.19269,0.00152,0.00319,3.93939
12,265,4.1345,4e-05,0.00012,3.92453
12,266,5.92406,0.0,0.0,3.90977
12,267,4.63632,0.0,2e-05,3.89513
12,268,5.24893,0.0,0.0,3.8806
12,269,5.63666,0.0,0.0,3.86617
12,270,7.49405,0.0,0.0,3.85185
12,271,3.77963,0.00018,0.00045,3.83764
12,272,4.54843,1e-05,2e-05,3.82353
12,273,3.45848,0.0006,0.00136,3.80952
12,274,3.4001,0.00074,0.00165,3.79562
12,275,1.93009,0.05427,0.08087,3.78182
12,276,5.7881,0.0,0.0,3.76812
12,277,6.07933,0.0,0.0,3.75451
12,278,-0.17815,0.85869,0.88625,3.74101
12,279,0.00482,0.99615,0.99725,3.7276
12,280,0.03204,0.97445,0.97954,3.71429
12,281,-0.9987,0.31851,0.3886,3.70107
12,282,-1.59208,0.11211,0.15392,3.68794
12,283,-5.07183,0.0,0.0,3.67491
12,284,-7.81345,0.0,0.0,3.66197
12,285,-9.51194,0.0,0.0,3.64912
12,286,-8.6696,0.0,0.0,3.63636
12,287,-4.58152,1e-05,2e-05,3.62369
12,288,-3.06202,0.00234,0.00473,3.61111
12,289,0.83668,0.40324,0.47591,3.59862
12,290,6.42639,0.0,0.0,3.58621
12,291,8.60852,0.0,0.0,3.57388
12,292,6.52417,0.0,0.0,3.56164
12,293,5.03699,0.0,0.0,3.54949
12,294,1.93528,0.05362,0.08007,3.53741
12,295,1.68408,0.09291,0.13067,3.52542
12,296,-0.78674,0.43188,0.50344,3.51351
12,297,-2.40314,0.01669,0.02784,3.50168
12,298,3.2733,0.00115,0.00248,3.48993
12,299,4.19671,3e-05,0.0001,3.47826
12,300,4.63847,0.0,2e-05,3.46667
12,301,0.12564,0.90008,0.92218,3.45515
12,302,1.34748,0.17855,0.23377,3.44371
12,303,-2.7975,0.00539,0.01007,3.43234
12,304,-5.18803,0.0,0.0,3.42105
12,305,-5.9236,0.0,0.0,3.40984
12,306,-5.63655,0.0,0.0,3.39869
12,307,-3.99707,8e-05,0.0002,3.38762
12,308,2.75144,0.00619,0.01139,3.37662
12,309,4.37771,2e-05,5e-05,3.3657
12,310,2.37368,0.01806,0.02992,3.35484
12,311,-0.3836,0.70147,0.75156,3.34405
12,312,-3.11009,0.002,0.0041,3.33333
12,313,-1.28366,0.19997,0.25854,3.32268
12,314,0.68291,0.49504,0.56306,3.3121
12,315,-0.76236,0.44627,0.51712,3.30159
12,316,-2.19052,0.02903,0.04611,3.29114
12,317,-0.40457,0.686,0.738,3.28076
12,318,-3.53785,0.00045,0.00105,3.27044
12,319,-7.25269,0.0,0.0,3.26019
12,320,-5.68751,0.0,0.0,3.25
12,321,-3.57755,0.00039,0.00091,3.23988
12,322,-4.28071,2e-05,7e-05,3.22981
12,323,-1.92674,0.05468,0.08144,3.21981
12,324,1.30738,0.19179,0.24905,3.20988
12,325,3.191,0.00152,0.00321,3.2
12,326,-1.37988,0.16835,0.22208,3.19018
12,327,-2.66201,0.00806,0.01444,3.18043
12,328,-9.65041,0.0,0.0,3.17073
12,329,-4.55049,1e-05,2e-05,3.16109
12,330,-5.11553,0.0,0.0,3.15152
12,331,1.89863,0.0583,0.08627,3.14199
12,332,5.98344,0.0,0.0,3.13253
12,333,8.12537,0.0,0.0,3.12312
12,334,4.01904,7e-05,0.00019,3.11377
12,335,2.92992,0.00357,0.00696,3.10448
12,336,2.93582,0.00351,0.00685,3.09524
12,337,1.10285,0.27072,0.33754,3.08605
12,338,0.9889,0.32328,0.39365,3.07692
12,339,0.84071,0.40099,0.47392,3.06785
12,340,0.92389,0.35607,0.42791,3.05882
12,341,1.06698,0.28659,0.35503,3.04985
12,342,3.07015,0.00228,0.00462,3.04094
12,343,2.75962,0.00604,0.01115,3.03207
12,344,2.99901,0.00287,0.0057,3.02326
12,345,7.59426,0.0,0.0,3.01449
12,346,4.13695,4e-05,0.00012,3.00578
12,347,5.64885,0.0,0.0,2.99712
12,348,5.31808,0.0,0.0,2.98851
12,349,5.60661,0.0,0.0,2.97994
12,350,4.59936,1e-05,2e-05,2.97143
12,351,7.62301,0.0,0.0,2.96296
12,352,3.78498,0.00018,0.00044,2.95455
12,353,2.20557,0.02795,0.04456,2.94618
12,354,-1.35578,0.17589,0.23087,2.93785
12,355,-1.31141,0.19043,0.24755,2.92958
12,356,-3.2577,0.00121,0.0026,2.92135
12,357,-3.93666,0.0001,0.00026,2.91317
12,358,-1.66287,0.09708,0.13555,2.90503
12,359,-4.15649,4e-05,0.00011,2.89694
12,360,-2.42883,0.01556,0.02617,2.88889
12,361,-4.5491,1e-05,2e-05,2.88089
12,362,-1.7088,0.08822,0.1248,2.87293
12,363,-3.73594,0.00021,0.00053,2.86501
12,364,-1.62299,0.10534,0.14552,2.85714
12,365,-0.48886,0.62519,0.68241,2.84932
12,366,5.39214,0.0,0.0,2.84153
12,367,5.46484,0.0,0.0,2.83379
12,368,6.55933,0.0,0.0,2.82609
12,369,7.1547,0.0,0.0,2.81843
12,370,6.07026,0.0,0.0,2.81081
12,371,4.31559,2e-05,6e-05,2.80323
12,372,5.1158,0.0,0.0,2.7957
12,373,6.47584,0.0,0.0,2.7882
12,374,2.6029,0.00957,0.01682,2.78075
12,375,1.68877,0.092,0.12953,2.77333
12,376,3.15145,0.00174,0.00362,2.76596
12,377,-2.27482,0.02342,0.03785,2.75862
12,378,-3.73459,0.00021,0.00053,2.75132
12,379,-5.76542,0.0,0.0,2.74406
12,380,-6.26005,0.0,0.0,2.73684
12,381,-7.79499,0.0,0.0,2.72966
12,382,-4.98299,0.0,0.0,2.72251
12,383,-2.90159,0.00391,0.00755,2.7154
12,384,-6.49577,0.0,0.0,2.70833
12,385,-6.28149,0.0,0.0,2.7013
12,386,-8.64851,0.0,0.0,2.6943
12,387,-8.59727,0.0,0.0,2.68734
12,388,-7.63473,0.0,0.0,2.68041
12,389,-4.47803,1e-05,3e-05,2.67352
12,390,-2.18817,0.0292,0.04633,2.66667
12,391,-4.67857,0.0,1e-05,2.65985
12,392,-2.58331,0.01012,0.01769,2.65306
12,393,-3.76287,0.00019,0.00048,2.64631
12,394,-4.03068,7e-05,0.00018,2.63959
12,395,-10.48874,0.0,0.0,2.63291
12,396,-9.55679,0.0,0.0,2.62626
12,397,-10.64493,0.0,0.0,2.61965
12,398,-10.99242,0.0,0.0,2.61307
12,399,-1.11158,0.26695,0.33343,2.60652
12,400,3.71849,0.00023,0.00056,2.6
12,401,4.64979,0.0,1e-05,2.59352
12,402,-0.48598,0.62723,0.68426,2.58706
12,403,-0.71752,0.47345,0.54204,2.58065
12,404,-0.08166,0.93495,0.94822,2.57426
12,405,-9.63483,0.0,0.0,2.5679
12,406,-5.801,0.0,0.0,2.56158
12,407,-6.83068,0.0,0.0,2.55528
12,408,-5.57764,0.0,0.0,2.54902
12,409,-5.99338,0.0,0.0,2.54279
12,410,-1.26382,0.20699,0.26642,2.53659
12,411,1.92157,0.05533,0.08229,2.53041
12,412,3.79116,0.00017,0.00043,2.52427
12,413,3.06332,0.00233,0.00471,2.51816
12,414,1.40845,0.15974,0.21197,2.51208
12,415,1.48527,0.13822,0.18583,2.50602
12,416,-5.8253,0.0,0.0,2.5
12,417,-8.41188,0.0,0.0,2.494
12,418,-6.99929,0.0,0.0,2.48804
12,419,-4.01861,7e-05,0.00019,2.4821
12,420,-4.96767,0.0,0.0,2.47619
12,421,-3.18338,0.00156,0.00328,2.47031
12,422,0.31209,0.75513,0.79795,2.46445
12,423,-0.40424,0.68624,0.73817,2.45863
12,424,-0.499,0.61804,0.67666,2.45283
12,425,0.52991,0.59645,0.65749,2.44706
12,426,-2.94431,0.00342,0.00669,2.44131
12,427,-0.52467,0.60009,0.66099,2.4356
12,428,-2.77261,0.00581,0.01077,2.42991
12,429,-3.6715,0.00027,0.00066,2.42424
12,430,-4.4201,1e-05,4e-05,2.4186
12,431,-1.19158,0.23409,0.29683,2.41299
12,432,1.97289,0.04916,0.07411,2.40741
12,433,6.96515,0.0,0.0,2.40185
12,434,8.38343,0.0,0.0,2.39631
12,435,8.18606,0.0,0.0,2.3908
12,436,6.03725,0.0,0.0,2.38532
12,437,5.90085,0.0,0.0,2.37986
12,438,-5.14926,0.0,0.0,2.37443
12,439,-7.09549,0.0,0.0,2.36902
12,440,-8.8395,0.0,0.0,2.36364
12,441,-9.19252,0.0,0.0,2.35828
12,442,-4.69224,0.0,1e-05,2.35294
12,443,0.986,0.3247,0.39519,2.34763
12,444,0.48449,0.62829,0.68497,2.34234
12,445,0.47373,0.63594,0.6921,2.33708
12,446,6.0726,0.0,0.0,2.33184
12,447,3.44684,0.00062,0.00142,2.32662
12,448,3.82346,0.00015,0.00039,2.32143
12,449,4.84372,0.0,1e-05,2.31626
12,450,5.31715,0.0,0.0,2.31111
12,451,2.36909,0.01828,0.03024,2.30599
12,452,4.35155,2e-05,5e-05,2.30088
12,453,2.89407,0.004,0.0077,2.29581
12,454,0.56876,0.56982,0.63344,2.29075
12,455,-0.01212,0.99034,0.99242,2.28571
12,456,-0.0839,0.93318,0.94699,2.2807
12,457,-5.3365,0.0,0.0,2.27571
12,458,-5.47303,0.0,0.0,2.27074
12,459,-5.47933,0.0,0.0,2.2658
12,460,-5.13044,0.0,0.0,2.26087
12,461,-5.14767,0.0,0.0,2.25597
12,462,-0.88079,0.37893,0.4512,2.25108
12,463,5.30664,0.0,0.0,2.24622
12,464,3.36008,0.00085,0.00188,2.24138
12,465,1.03941,0.29921,0.36856,2.23656
12,466,1.61286,0.10752,0.14814,2.23176
12,467,1.47728,0.14035,0.18826,2.22698
12,468,-1.21612,0.22462,0.28612,2.22222
12,469,-0.04886,0.96106,0.97007,2.21748
12,470,-1.75106,0.08066,0.11526,2.21277
12,471,-2.94898,0.00337,0.0066,2.20807
12,472,-1.19579,0.23245,0.29504,2.20339
12,473,7.92691,0.0,0.0,2.19873
12,474,6.31785,0.0,0.0,2.19409
12,475,5.07942,0.0,0.0,2.18947
12,476,7.93386,0.0,0.0,2.18487
12,477,13.62125,0.0,0.0,2.18029
12,478,7.52128,0.0,0.0,2.17573
12,479,3.62791,0.00032,0.00077,2.17119
12,480,2.64599,0.00845,0.01504,2.16667
12,481,-6.53861,0.0,0.0,2.16216
12,482,-4.49286,1e-05,3e-05,2.15768
12,483,-3.15025,0.00175,0.00363,2.15321
12,484,-6.82651,0.0,0.0,2.14876
12,485,-4.27414,2e-05,7e-05,2.14433
12,486,0.65489,0.5129,0.58054,2.13992
12,487,-1.4852,0.13824,0.18583,2.13552
12,488,-0.28993,0.77201,0.81308,2.13115
12,489,-1.18976,0.23481,0.29759,2.12679
12,490,2.06246,0.03978,0.06135,2.12245
12,491,5.02648,0.0,0.0,2.11813
12,492,5.72997,0.0,0.0,2.11382
12,493,1.62398,0.10513,0.14526,2.10953
12,494,2.88479,0.00412,0.00791,2.10526
12,495,3.39223,0.00076,0.00169,2.10101
12,496,-1.21473,0.22515,0.28669,2.09677
12,497,0.59285,0.5536,0.61874,2.09256
12,498,-1.197,0.23198,0.29448,2.08835
12,499,1.63382,0.10304,0.14282,2.08417
12,500,-3.1096,0.002,0.00411,2.08
12,501,-3.04464,0.00248,0.00498,2.07585
12,502,-7.56866,0.0,0.0,2.07171
12,503,-4.90095,0.0,0.0,2.06759
12,504,-7.40012,0.0,0.0,2.06349
12,505,-5.41249,0.0,0.0,2.05941
12,506,-3.42262,0.00068,0.00153,2.05534
12,507,-1.64619,0.10047,0.13973,2.05128
12,508,-0.22686,0.82064,0.85401,2.04724
12,509,-1.99352,0.04685,0.07107,2.04322
12,510,-2.76947,0.00586,0.01085,2.03922
12,511,-3.77229,0.00018,0.00046,2.03523
12,512,0.80087,0.42366,0.49539,2.03125
12,513,-1.99042,0.04719,0.0715,2.02729
12,514,-1.82897,0.06811,0.09892,2.02335
12,515,-2.84441,0.00467,0.00886,2.01942
12,516,4.4935,1e-05,3e-05,2.0155
12,517,8.77287,0.0,0.0,2.01161
12,518,12.16318,0.0,0.0,2.00772
12,519,12.28374,0.0,0.0,2.00385
12,520,12.07919,0.0,0.0,2.0
13,1,7.26248,0.0,0.0,322.0
13,2,9.26406,0.0,0.0,161.0
13,3,10.25324,0.0,0.0,107.33333
13,4,10.68231,0.0,0.0,80.5
13,5,4.06681,6e-05,0.00016,64.4
13,6,0.41556,0.67795,0.73058,53.66667
13,7,3.52194,0.00048,0.0011,46.0
13,8,0.36548,0.71494,0.7636,40.25
13,9,-2.9518,0.00334,0.00655,35.77778
13,10,-2.97478,0.0031,0.00613,32.2
13,11,-0.15204,0.87923,0.90452,29.27273
13,12,-6.24492,0.0,0.0,26.83333
13,13,-7.64133,0.0,0.0,24.76923
13,14,-6.37424,0.0,0.0,23.0
13,15,-2.43821,0.01517,0.02559,21.46667
13,16,1.84549,0.06567,0.09575,20.125
13,17,2.35593,0.01893,0.03122,18.94118
13,18,0.28884,0.77285,0.81375,17.88889
13,19,-1.21913,0.22347,0.28484,16.94737
13,20,-4.34506,2e-05,5e-05,16.1
13,21,-7.14218,0.0,0.0,15.33333
13,22,-7.67931,0.0,0.0,14.63636
13,23,-1.71893,0.08636,0.12257,14.0
13,24,1.05278,0.29304,0.36204,13.41667
13,25,0.35261,0.72456,0.77233,12.88
13,26,-4.49658,1e-05,3e-05,12.38462
13,27,-4.2369,3e-05,8e-05,11.92593
13,28,-7.25364,0.0,0.0,11.5
13,29,-12.89009,0.0,0.0,11.10345
13,30,-11.68195,0.0,0.0,10.73333
13,31,0.09872,0.92141,0.938,10.3871
13,32,-3.85165,0.00014,0.00035,10.0625
13,33,-2.05165,0.04082,0.06285,9.75758
13,34,-0.28183,0.77821,0.81794,9.47059
13,35,3.428,0.00067,0.00151,9.2
13,36,4.91244,0.0,0.0,8.94444
13,37,-3.70179,0.00024,0.00059,8.7027
13,38,-6.06718,0.0,0.0,8.47368
13,39,-3.8974,0.00011,0.00029,8.25641
13,40,-5.25239,0.0,0.0,8.05
13,41,-4.91856,0.0,0.0,7.85366
13,42,1.69714,0.09041,0.12755,7.66667
13,43,7.31264,0.0,0.0,7.48837
13,44,2.95581,0.00329,0.00647,7.31818
13,45,3.9842,8e-05,0.00021,7.15556
13,46,6.82669,0.0,0.0,7.0
13,47,6.70988,0.0,0.0,6.85106
13,48,3.96928,8e-05,0.00023,6.70833
13,49,2.71661,0.00687,0.0125,6.57143
13,50,2.14835,0.03225,0.05078,6.44
13,51,1.4518,0.1473,0.19664,6.31373
13,52,-0.44265,0.65825,0.71258,6.19231
13,53,-4.69407,0.0,1e-05,6.07547
13,54,0.75654,0.44975,0.5206,5.96296
13,55,3.24557,0.00127,0.0027,5.85455
13,56,4.74748,0.0,1e-05,5.75
13,57,-1.91976,0.05556,0.0826,5.64912
13,58,0.75035,0.45346,0.52394,5.55172
13,59,-4.49898,1e-05,3e-05,5.45763
13,60,-1.01917,0.30871,0.37872,5.36667
13,61,-7.01568,0.0,0.0,5.27869
13,62,-6.19938,0.0,0.0,5.19355
13,63,-4.20433,3e-05,9e-05,5.11111
13,64,-5.15725,0.0,0.0,5.03125
13,65,-6.41282,0.0,0.0,4.95385
13,66,-4.73378,0.0,1e-05,4.87879
13,67,-2.66891,0.0079,0.01417,4.80597
13,68,-3.79006,0.00017,0.00043,4.73529
13,69,-0.31218,0.75506,0.79795,4.66667
13,70,5.08139,0.0,0.0,4.6
13,71,9.41472,0.0,0.0,4.53521
13,72,8.30566,0.0,0.0,4.47222
13,73,4.97746,0.0,0.0,4.41096
13,74,7.07447,0.0,0.0,4.35135
13,75,6.40884,0.0,0.0,4.29333
13,76,-0.25844,0.7962,0.83347,4.23684
13,77,1.24342,0.2144,0.27486,4.18182
13,78,1.58125,0.11457,0.15701,4.12821
13,79,3.41076,0.00071,0.00159,4.07595
13,80,2.23525,0.02592,0.04159,4.025
13,81,0.06923,0.94484,0.95689,3.97531
13,82,-2.50384,0.01266,0.02173,3.92683
13,83,-0.9927,0.32142,0.39168,3.87952
13,84,-0.93415,0.35076,0.42259,3.83333
13,85,-1.62783,0.10431,0.14427,3.78824
13,86,-0.21868,0.82701,0.85956,3.74419
13,87,5.21301,0.0,0.0,3.70115
13,88,3.22333,0.00137,0.0029,3.65909
13,89,2.07649,0.03845,0.0596,3.61798
13,90,-3.79923,0.00017,0.00042,3.57778
13,91,-5.39397,0.0,0.0,3.53846
13,92,-8.77665,0.0,0.0,3.5
13,93,-11.72174,0.0,0.0,3.46237
13,94,-10.96948,0.0,0.0,3.42553
13,95,-9.28585,0.0,0.0,3.38947
13,96,-8.13627,0.0,0.0,3.35417
13,97,-6.13529,0.0,0.0,3.31959
13,98,-3.09695,0.00209,0.00427,3.28571
13,99,-1.48417,0.13851,0.18613,3.25253
13,100,4.44489,1e-05,3e-05,3.22
13,101,8.54948,0.0,0.0,3.18812
13,102,9.80094,0.0,0.0,3.15686
13,103,2.54672,0.01123,0.01945,3.12621
13,104,-2.45773,0.01438,0.02439,3.09615
13,105,-5.03285,0.0,0.0,3.06667
13,106,-5.99864,0.0,0.0,3.03774
13,107,-5.72781,0.0,0.0,3.00935
13,108,-3.9849,8e-05,0.00021,2.98148
13,109,-4.40642,1e-05,4e-05,2.95413
13,110,-3.23266,0.00132,0.00282,2.92727
13,111,-3.13795,0.00182,0.00377,2.9009
13,112,-2.64748,0.00841,0.01498,2.875
13,113,-2.93144,0.00356,0.00693,2.84956
13,114,2.43815,0.01517,0.02559,2.82456
13,115,4.03029,7e-05,0.00018,2.8
13,116,5.61619,0.0,0.0,2.77586
13,117,2.78522,0.00559,0.0104,2.75214
13,118,2.25449,0.02468,0.03974,2.72881
13,119,1.17157,0.24203,0.30585,2.70588
13,120,0.56444,0.57275,0.63606,2.68333
13,121,2.46758,0.014,0.0238,2.66116
13,122,6.58571,0.0,0.0,2.63934
13,123,2.03823,0.04215,0.06465,2.61789
13,124,3.50507,0.00051,0.00117,2.59677
13,125,3.6435,0.0003,0.00073,2.576
13,126,6.43446,0.0,0.0,2.55556
13,127,5.0215,0.0,0.0,2.53543
13,128,8.01339,0.0,0.0,2.51562
13,129,7.59507,0.0,0.0,2.49612
13,130,7.66076,0.0,0.0,2.47692
13,131,7.27634,0.0,0.0,2.45802
13,132,7.28743,0.0,0.0,2.43939
13,133,3.73157,0.00022,0.00053,2.42105
13,134,3.31159,0.00101,0.0022,2.40299
13,135,4.87576,0.0,1e-05,2.38519
13,136,1.50027,0.13429,0.18097,2.36765
13,137,2.24712,0.02515,0.04043,2.35036
13,138,6.01832,0.0,0.0,2.33333
13,139,6.39521,0.0,0.0,2.31655
13,140,7.68392,0.0,0.0,2.3
13,141,9.31671,0.0,0.0,2.28369
13,142,6.42835,0.0,0.0,2.26761
13,143,2.94176,0.00344,0.00674,2.25175
13,144,5.99943,0.0,0.0,2.23611
13,145,4.85124,0.0,1e-05,2.22069
13,146,3.01232,0.00275,0.00548,2.20548
13,147,-2.97802,0.00307,0.00607,2.19048
13,148,-3.43192,0.00066,0.00149,2.17568
13,149,-7.4368,0.0,0.0,2.16107
13,150,-9.67433,0.0,0.0,2.14667
13,151,-12.25209,0.0,0.0,2.13245
13,152,-6.70343,0.0,0.0,2.11842
13,153,-5.36993,0.0,0.0,2.10458
13,154,-2.94625,0.00339,0.00665,2.09091
13,155,-5.05725,0.0,0.0,2.07742
13,156,-3.70039,0.00024,0.0006,2.0641
13,157,-1.70487,0.08895,0.12577,2.05096
13,158,0.63772,0.524,0.59103,2.03797
13,159,1.11895,0.2638,0.33015,2.02516
13,160,-0.63507,0.52572,0.59265,2.0125
13,161,2.85708,0.00449,0.00856,2.0
14,1,6.2196,0.0,0.0,619.0
14,2,6.04069,0.0,0.0,309.5
14,3,4.71878,0.0,1e-05,206.33333
14,4,3.06339,0.00233,0.00471,154.75
14,5,0.72948,0.46611,0.53546,123.8
14,6,-2.58186,0.01016,0.01774,103.16667
14,7,-3.77637,0.00018,0.00046,88.42857
14,8,-7.27993,0.0,0.0,77.375
14,9,-4.37313,2e-05,5e-05,68.77778
14,10,3.53588,0.00045,0.00105,61.9
14,11,3.80137,0.00017,0.00042,56.27273
14,12,4.07113,6e-05,0.00015,51.58333
14,13,6.24054,0.0,0.0,47.61538
14,14,5.72606,0.0,0.0,44.21429
14,15,4.89216,0.0,1e-05,41.26667
14,16,-0.03441,0.97257,0.97849,38.6875
14,17,-0.35582,0.72215,0.77002,36.41176
14,18,-1.65886,0.09789,0.13654,34.38889
14,19,1.65474,0.09872,0.13753,32.57895
14,20,-0.23093,0.81748,0.85139,30.95
14,21,-2.45459,0.01451,0.02457,29.47619
14,22,-0.96183,0.33669,0.4077,28.13636
14,23,0.53703,0.59153,0.65285,26.91304
14,24,-0.91082,0.36291,0.43488,25.79167
14,25,-7.43337,0.0,0.0,24.76
14,26,-9.66106,0.0,0.0,23.80769
14,27,-9.75663,0.0,0.0,22.92593
14,28,-8.96708,0.0,0.0,22.10714
14,29,-3.33554,0.00093,0.00203,21.34483
14,30,-0.74217,0.4584,0.52836,20.63333
14,31,3.6342,0.00031,0.00075,19.96774
14,32,6.08351,0.0,0.0,19.34375
14,33,4.14813,4e-05,0.00012,18.75758
14,34,3.06905,0.00229,0.00463,18.20588
14,35,6.01481,0.0,0.0,17.68571
14,36,1.40327,0.16127,0.21367,17.19444
14,37,-0.19928,0.84214,0.87203,16.72973
14,38,-1.16165,0.24603,0.31012,16.28947
14,39,-3.79391,0.00017,0.00043,15.87179
14,40,-1.40412,0.16102,0.21339,15.475
14,41,-1.76299,0.07863,0.11269,15.09756
14,42,-3.15004,0.00175,0.00363,14.7381
14,43,-3.41474,0.0007,0.00157,14.39535
14,44,-2.45794,0.01437,0.02438,14.06818
14,45,-5.8461,0.0,0.0,13.75556
14,46,-2.59732,0.00972,0.01707,13.45652
14,47,2.37644,0.01793,0.02975,13.17021
14,48,2.40209,0.01673,0.02791,12.89583
14,49,4.76002,0.0,1e-05,12.63265
14,50,4.30297,2e-05,6e-05,12.38
14,51,-0.22539,0.82179,0.85494,12.13725
14,52,-2.81867,0.00505,0.00952,11.90385
14,53,1.73348,0.08374,0.11912,11.67925
14,54,1.16668,0.244,0.30798,11.46296
14,55,0.41193,0.6806,0.7332,11.25455
14,56,4.69331,0.0,1e-05,11.05357
14,57,3.41111,0.00071,0.00159,10.85965
14,58,5.55445,0.0,0.0,10.67241
14,59,2.76937,0.00586,0.01086,10.49153
14,60,-5.94989,0.0,0.0,10.31667
14,61,-4.79521,0.0,1e-05,10.14754
14,62,-3.32698,0.00095,0.00209,9.98387
14,63,-0.18731,0.85151,0.87991,9.8254
14,64,-5.92767,0.0,0.0,9.67188
14,65,-5.74109,0.0,0.0,9.52308
14,66,-2.8993,0.00394,0.00759,9.37879
14,67,-4.35177,2e-05,5e-05,9.23881
14,68,-6.00673,0.0,0.0,9.10294
14,69,-0.54507,0.58599,0.64789,8.97101
14,70,4.80475,0.0,1e-05,8.84286
14,71,4.69301,0.0,1e-05,8.71831
14,72,2.29072,0.02247,0.03646,8.59722
14,73,2.8655,0.00437,0.00837,8.47945
14,74,3.24726,0.00126,0.00269,8.36486
14,75,0.88292,0.37778,0.45022,8.25333
14,76,-3.24906,0.00125,0.00267,8.14474
14,77,-5.97882,0.0,0.0,8.03896
14,78,-5.31798,0.0,0.0,7.9359
14,79,-8.35486,0.0,0.0,7.83544
14,80,-6.84225,0.0,0.0,7.7375
14,81,-2.70422,0.00712,0.0129,7.64198
14,82,-5.85489,0.0,0.0,7.54878
14,83,0.03322,0.97352,0.97897,7.45783
14,84,0.11692,0.90698,0.92728,7.36905
14,85,-3.7551,0.0002,0.00049,7.28235
14,86,-2.92239,0.00366,0.00711,7.19767
14,87,1.51125,0.13147,0.17762,7.11494
14,88,-0.31722,0.75124,0.79498,7.03409
14,89,-4.70464,0.0,1e-05,6.95506
14,90,-4.87056,0.0,1e-05,6.87778
14,91,-6.41442,0.0,0.0,6.8022
14,92,-8.38923,0.0,0.0,6.72826
14,93,-5.23711,0.0,0.0,6.65591
14,94,-1.71581,0.08693,0.1233,6.58511
14,95,-2.26352,0.02411,0.03886,6.51579
14,96,-1.08636,0.27794,0.34559,6.44792
14,97,2.68,0.00765,0.01377,6.38144
14,98,-3.09798,0.00208,0.00425,6.31633
14,99,0.81005,0.41837,0.49064,6.25253
14,100,-2.25022,0.02495,0.04014,6.19
14,101,-2.62974,0.00886,0.01571,6.12871
14,102,-2.64796,0.0084,0.01497,6.06863
14,103,-4.01962,7e-05,0.00019,6.00971
14,104,-4.38999,1e-05,4e-05,5.95192
14,105,-1.44036,0.15051,0.20055,5.89524
14,106,-1.04102,0.29846,0.36798,5.83962
14,107,1.22433,0.22151,0.2827,5.78505
14,108,0.99574,0.31995,0.39028,5.73148
14,109,1.69776,0.09029,0.1274,5.6789
14,110,2.40443,0.01663,0.02776,5.62727
14,111,0.29502,0.76813,0.80989,5.57658
14,112,2.53977,0.01145,0.01981,5.52679
14,113,-0.58545,0.55856,0.62341,5.47788
14,114,-6.54745,0.0,0.0,5.42982
14,115,-8.18507,0.0,0.0,5.38261
14,116,-10.28526,0.0,0.0,5.33621
14,117,-9.34847,0.0,0.0,5.2906
14,118,-9.09562,0.0,0.0,5.24576
14,119,-9.60351,0.0,0.0,5.20168
14,120,-8.81664,0.0,0.0,5.15833
14,121,-6.38066,0.0,0.0,5.1157
14,122,-3.27203,0.00116,0.00249,5.07377
14,123,0.67581,0.49953,0.56746,5.03252
14,124,7.32947,0.0,0.0,4.99194
14,125,8.74316,0.0,0.0,4.952
14,126,11.60058,0.0,0.0,4.9127
14,127,10.37538,0.0,0.0,4.87402
14,128,12.25901,0.0,0.0,4.83594
14,129,5.49761,0.0,0.0,4.79845
14,130,6.45415,0.0,0.0,4.76154
14,131,1.25768,0.2092,0.26888,4.72519
14,132,4.18512,3e-05,0.0001,4.68939
14,133,6.58348,0.0,0.0,4.65414
14,134,9.30251,0.0,0.0,4.6194
14,135,8.46721,0.0,0.0,4.58519
14,136,2.57682,0.01031,0.01797,4.55147
14,137,1.33526,0.18251,0.23837,4.51825
14,138,1.13394,0.25746,0.32323,4.48551
14,139,-2.51464,0.01229,0.02115,4.45324
14,140,1.81926,0.06958,0.10084,4.42143
14,141,6.55593,0.0,0.0,4.39007
14,142,7.87814,0.0,0.0,4.35915
14,143,6.84504,0.0,0.0,4.32867
14,144,1.59033,0.11251,0.15438,4.29861
14,145,0.74232,0.45831,0.52836,4.26897
14,146,-0.18437,0.85381,0.88201,4.23973
14,147,0.62327,0.53344,0.60004,4.21088
14,148,6.59076,0.0,0.0,4.18243
14,149,6.23219,0.0,0.0,4.15436
14,150,4.53245,1e-05,2e-05,4.12667
14,151,0.72963,0.46602,0.53541,4.09934
14,152,2.23989,0.02562,0.04111,4.07237
14,153,2.94484,0.00341,0.00668,4.04575
14,154,4.11623,5e-05,0.00013,4.01948
14,155,1.14274,0.25379,0.31922,3.99355
14,156,-1.58871,0.11287,0.15486,3.96795
14,157,-4.51216,1e-05,3e-05,3.94268
14,158,-6.69445,0.0,0.0,3.91772
14,159,-7.2265,0.0,0.0,3.89308
14,160,-2.55663,0.01092,0.01897,3.86875
14,161,-3.4512,0.00061,0.0014,3.84472
14,162,-1.3853,0.16669,0.22015,3.82099
14,163,-2.4388,0.01515,0.02555,3.79755
14,164,-1.22115,0.22271,0.28397,3.77439
14,165,-0.96558,0.33481,0.40581,3.75152
14,166,-5.67609,0.0,0.0,3.72892
14,167,-6.42607,0.0,0.0,3.70659
14,168,-6.41874,0.0,0.0,3.68452
14,169,-5.74939,0.0,0.0,3.66272
14,170,-4.46897,1e-05,3e-05,3.64118
14,171,-1.73751,0.08303,0.11825,3.61988
14,172,3.01391,0.00273,0.00546,3.59884
14,173,10.66838,0.0,0.0,3.57803
14,174,3.09546,0.0021,0.00428,3.55747
14,175,1.49042,0.13686,0.18413,3.53714
14,176,-0.49347,0.62194,0.67982,3.51705
14,177,-0.73818,0.46082,0.53066,3.49718
14,178,1.13188,0.25833,0.32411,3.47753
14,179,-5.05354,0.0,0.0,3.4581
14,180,0.64183,0.52133,0.58849,3.43889
14,181,-0.47146,0.63755,0.6934,3.41989
14,182,-0.80717,0.42002,0.49188,3.4011
14,183,-1.61645,0.10674,0.14717,3.38251
14,184,1.00229,0.31678,0.38687,3.36413
14,185,-0.89486,0.37137,0.44358,3.34595
14,186,-5.11128,0.0,0.0,3.32796
14,187,-9.57203,0.0,0.0,3.31016
14,188,-7.51131,0.0,0.0,3.29255
14,189,-5.9784,0.0,0.0,3.27513
14,190,-6.06555,0.0,0.0,3.25789
14,191,-6.65424,0.0,0.0,3.24084
14,192,6.22891,0.0,0.0,3.22396
14,193,3.28346,0.00111,0.0024,3.20725
14,194,2.7403,0.0064,0.01172,3.19072
14,195,1.69527,0.09076,0.12798,3.17436
14,196,5.55605,0.0,0.0,3.15816
14,197,0.13304,0.89422,0.91732,3.14213
14,198,-3.1163,0.00196,0.00402,3.12626
14,199,-1.226,0.22088,0.28208,3.11055
14,200,-4.10784,5e-05,0.00013,3.095
14,201,-2.03275,0.0427,0.06539,3.0796
14,202,-0.00202,0.99839,0.99879,3.06436
14,203,-1.11252,0.26655,0.333,3.04926
14,204,1.73444,0.08357,0.11893,3.03431
14,205,-2.81039,0.00518,0.00973,3.01951
14,206,0.00864,0.99311,0.9949,3.00485
14,207,-0.3583,0.7203,0.76828,2.99034
14,208,0.40323,0.68698,0.73881,2.97596
14,209,1.28206,0.20052,0.25916,2.96172
14,210,3.22091,0.00138,0.00292,2.94762
14,211,4.25149,3e-05,8e-05,2.93365
14,212,-0.47998,0.63149,0.6883,2.91981
14,213,1.14009,0.25489,0.32028,2.9061
14,214,1.34859,0.17819,0.23337,2.89252
14,215,2.24811,0.02508,0.04034,2.87907
14,216,4.15483,4e-05,0.00011,2.86574
14,217,3.03402,0.00256,0.00514,2.85253
14,218,3.55249,0.00042,0.00099,2.83945
14,219,3.3086,0.00102,0.00222,2.82648
14,220,1.29913,0.19461,0.25228,2.81364
14,221,2.67684,0.00772,0.01389,2.8009
14,222,4.02625,7e-05,0.00018,2.78829
14,223,4.82316,0.0,1e-05,2.77578
14,224,2.71678,0.00686,0.01249,2.76339
14,225,3.93791,0.0001,0.00025,2.75111
14,226,5.251,0.0,0.0,2.73894
14,227,0.36169,0.71777,0.76615,2.72687
14,228,3.52772,0.00047,0.00108,2.71491
14,229,2.82859,0.0049,0.00927,2.70306
14,230,4.37197,2e-05,5e-05,2.6913
14,231,4.15849,4e-05,0.00011,2.67965
14,232,2.07509,0.03858,0.05978,2.6681
14,233,-2.35069,0.0192,0.03162,2.65665
14,234,-2.29644,0.02214,0.03599,2.6453
14,235,0.32721,0.74367,0.78817,2.63404
14,236,0.28633,0.77477,0.81491,2.62288
14,237,-0.00832,0.99337,0.99506,2.61181
14,238,0.32498,0.74536,0.78971,2.60084
14,239,3.81075,0.00016,0.0004,2.58996
14,240,2.24454,0.02532,0.04066,2.57917
14,241,4.05262,6e-05,0.00017,2.56846
14,242,5.06058,0.0,0.0,2.55785
14,243,6.50238,0.0,0.0,2.54733
14,244,2.3691,0.01828,0.03024,2.53689
14,245,3.37595,0.0008,0.00178,2.52653
14,246,1.91272,0.05646,0.08385,2.51626
14,247,-3.13052,0.00187,0.00385,2.50607
14,248,-5.68928,0.0,0.0,2.49597
14,249,-1.66985,0.09569,0.13395,2.48594
14,250,-1.77609,0.07644,0.10979,2.476
14,251,-1.2467,0.2132,0.27338,2.46614
14,252,3.05378,0.0024,0.00485,2.45635
14,253,4.03832,6e-05,0.00018,2.44664
14,254,1.63427,0.10295,0.14271,2.43701
14,255,-2.77,0.00585,0.01084,2.42745
14,256,-8.1064,0.0,0.0,2.41797
14,257,-9.61144,0.0,0.0,2.40856
14,258,-10.38873,0.0,0.0,2.39922
14,259,-5.71927,0.0,0.0,2.38996
14,260,-5.17001,0.0,0.0,2.38077
14,261,3.64041,0.00031,0.00074,2.37165
14,262,2.16279,0.03112,0.04914,2.3626
14,263,0.71422,0.47549,0.54404,2.35361
14,264,2.62766,0.00891,0.01579,2.3447
14,265,5.10208,0.0,0.0,2.33585
14,266,7.67323,0.0,0.0,2.32707
14,267,2.74771,0.00626,0.01149,2.31835
14,268,3.15454,0.00172,0.00358,2.3097
14,269,0.03654,0.97087,0.97751,2.30112
14,270,-3.38608,0.00078,0.00172,2.29259
14,271,-4.94292,0.0,0.0,2.28413
14,272,-3.80498,0.00016,0.00041,2.27574
14,273,-5.04179,0.0,0.0,2.2674
14,274,-2.9132,0.00377,0.0073,2.25912
14,275,-2.38644,0.01745,0.02901,2.25091
14,276,1.9961,0.04656,0.07068,2.24275
14,277,5.7135,0.0,0.0,2.23466
14,278,4.38747,1e-05,4e-05,2.22662
14,279,6.63663,0.0,0.0,2.21864
14,280,3.19994,0.00148,0.00312,2.21071
14,281,3.09342,0.00211,0.00431,2.20285
14,282,-6.15801,0.0,0.0,2.19504
14,283,-8.82155,0.0,0.0,2.18728
14,284,-8.98054,0.0,0.0,2.17958
14,285,-5.0608,0.0,0.0,2.17193
14,286,-7.60964,0.0,0.0,2.16434
14,287,-6.90481,0.0,0.0,2.15679
14,288,-1.78973,0.07421,0.10687,2.14931
14,289,3.80402,0.00016,0.00041,2.14187
14,290,4.24194,3e-05,8e-05,2.13448
14,291,4.00129,7e-05,0.0002,2.12715
14,292,0.47277,0.63662,0.69262,2.11986
14,293,-2.57254,0.01044,0.01819,2.11263
14,294,-5.52082,0.0,0.0,2.10544
14,295,-9.27292,0.0,0.0,2.09831
14,296,-9.64403,0.0,0.0,2.09122
14,297,-6.23462,0.0,0.0,2.08418
14,298,-2.50019,0.01279,0.02192,2.07718
14,299,2.65544,0.00822,0.01466,2.07023
14,300,8.28851,0.0,0.0,2.06333
14,301,7.39004,0.0,0.0,2.05648
14,302,6.91405,0.0,0.0,2.04967
14,303,4.7586,0.0,1e-05,2.0429
14,304,1.59067,0.11243,0.15429,2.03618
14,305,-5.07364,0.0,0.0,2.02951
14,306,3.43443,0.00065,0.00148,2.02288
14,307,6.81788,0.0,0.0,2.01629
14,308,8.62724,0.0,0.0,2.00974
14,309,9.18257,0.0,0.0,2.00324
15,1,-0.54407,0.58668,0.64843,602.0
15,2,-0.58316,0.5601,0.62492,301.0
15,3,-0.44924,0.65349,0.70842,200.66667
15,4,-0.43708,0.66228,0.71601,150.5
15,5,-3.34361,0.0009,0.00198,120.4
15,6,11.0169,0.0,0.0,100.33333
15,7,10.24792,0.0,0.0,86.0
15,8,7.75254,0.0,0.0,75.25
15,9,7.37144,0.0,0.0,66.88889
15,10,8.44501,0.0,0.0,60.2
15,11,6.93777,0.0,0.0,54.72727
15,12,4.4893,1e-05,3e-05,50.16667
15,13,-1.25607,0.20979,0.2696,46.30769
15,14,4.06937,6e-05,0.00016,43.0
15,15,2.60242,0.00958,0.01684,40.13333
15,16,-1.5932,0.11186,0.1536,37.625
15,17,-1.72776,0.08476,0.12047,35.41176
15,18,-0.40949,0.68239,0.73483,33.44444
15,19,2.79368,0.00545,0.01018,31.68421
15,20,-2.58277,0.01014,0.01771,30.1
15,21,-1.99903,0.04625,0.07025,28.66667
15,22,-1.68007,0.09368,0.13154,27.36364
15,23,-4.78812,0.0,1e-05,26.17391
15,24,-3.27557,0.00114,0.00246,25.08333
15,25,-2.69195,0.00739,0.01333,24.08
15,26,-3.93369,0.0001,0.00026,23.15385
15,27,-2.63507,0.00872,0.01549,22.2963
15,28,-2.44317,0.01497,0.02528,21.5
15,29,-2.1417,0.03279,0.05154,20.75862
15,30,-4.4324,1e-05,4e-05,20.06667
15,31,-7.08916,0.0,0.0,19.41935
15,32,-5.732,0.0,0.0,18.8125
15,33,-7.92551,0.0,0.0,18.24242
15,34,-5.90774,0.0,0.0,17.70588
15,35,-3.63686,0.00031,0.00074,17.2
15,36,-3.1199,0.00193,0.00398,16.72222
15,37,-3.89849,0.00011,0.00029,16.27027
15,38,-0.42074,0.67416,0.72682,15.84211
15,39,-0.69935,0.48472,0.55315,15.4359
15,40,-3.04172,0.0025,0.00503,15.05
15,41,-0.41219,0.68041,0.73316,14.68293
15,42,-1.64458,0.1008,0.14014,14.33333
15,43,-0.73749,0.46124,0.53083,14.0
15,44,-1.83716,0.06689,0.09742,13.68182
15,45,1.71571,0.08695,0.12331,13.37778
15,46,5.02785,0.0,0.0,13.08696
15,47,1.9017,0.05789,0.08577,12.80851
15,48,4.36252,2e-05,5e-05,12.54167
15,49,7.15639,0.0,0.0,12.28571
15,50,3.20843,0.00144,0.00304,12.04
15,51,-2.22213,0.0268,0.0429,11.80392
15,52,-0.9117,0.36245,0.43448,11.57692
15,53,-2.56567,0.01064,0.01852,11.35849
15,54,-6.63278,0.0,0.0,11.14815
15,55,-7.55199,0.0,0.0,10.94545
15,56,-8.89666,0.0,0.0,10.75
15,57,-4.32701,2e-05,6e-05,10.5614
15,58,-3.06569,0.00231,0.00468,10.37931
15,59,0.32246,0.74726,0.79131,10.20339
15,60,2.28601,0.02275,0.03686,10.03333
15,61,1.24159,0.21508,0.27561,9.86885
15,62,2.48965,0.01317,0.02251,9.70968
15,63,2.33533,0.01999,0.03283,9.55556
15,64,-2.03635,0.04234,0.06491,9.40625
15,65,-0.59274,0.55367,0.61874,9.26154
15,66,1.84511,0.06572,0.09582,9.12121
15,67,2.43749,0.0152,0.02562,8.98507
15,68,1.51261,0.13113,0.17725,8.85294
15,69,2.18609,0.02936,0.04655,8.72464
15,70,-1.30736,0.1918,0.24905,8.6
15,71,-2.94778,0.00338,0.00662,8.47887
15,72,-6.38337,0.0,0.0,8.36111
15,73,-9.84705,0.0,0.0,8.24658
15,74,-9.97955,0.0,0.0,8.13514
15,75,-9.01167,0.0,0.0,8.02667
15,76,-7.94503,0.0,0.0,7.92105
15,77,-5.30647,0.0,0.0,7.81818
15,78,-3.20474,0.00145,0.00308,7.71795
15,79,0.79907,0.4247,0.49611,7.62025
15,80,-1.0405,0.2987,0.36818,7.525
15,81,-4.46965,1e-05,3e-05,7.4321
15,82,-3.93285,0.0001,0.00026,7.34146
15,83,-4.48462,1e-05,3e-05,7.25301
15,84,-1.83733,0.06686,0.09739,7.16667
15,85,-4.63638,0.0,2e-05,7.08235
15,86,-3.6141,0.00034,0.0008,7.0
15,87,-6.33826,0.0,0.0,6.91954
15,88,-1.92244,0.05522,0.08215,6.84091
15,89,-3.67903,0.00026,0.00064,6.76404
15,90,-2.19265,0.02888,0.04591,6.68889
15,91,-3.5077,0.0005,0.00116,6.61538
15,92,-2.43276,0.0154,0.02593,6.54348
15,93,-3.36501,0.00084,0.00185,6.47312
15,94,-7.7055,0.0,0.0,6.40426
15,95,-7.06135,0.0,0.0,6.33684
15,96,-7.73877,0.0,0.0,6.27083
15,97,-8.09039,0.0,0.0,6.20619
15,98,-4.22644,3e-05,8e-05,6.14286
15,99,-0.75256,0.45213,0.52264,6.08081
15,100,1.90311,0.05771,0.08553,6.02
15,101,0.28111,0.77876,0.81843,5.9604
15,102,-0.43147,0.66635,0.71987,5.90196
15,103,-2.19306,0.02885,0.04588,5.84466
15,104,-3.59327,0.00037,0.00086,5.78846
15,105,-3.35961,0.00085,0.00188,5.73333
15,106,-2.79627,0.00541,0.0101,5.67925
15,107,-3.07037,0.00228,0.00462,5.62617
15,108,2.3784,0.01783,0.0296,5.57407
15,109,-0.29354,0.76926,0.81082,5.52294
15,110,0.33104,0.74078,0.78599,5.47273
15,111,-5.67696,0.0,0.0,5.42342
15,112,-5.76269,0.0,0.0,5.375
15,113,-0.34018,0.73389,0.78037,5.32743
15,114,2.79934,0.00536,0.01002,5.2807
15,115,2.86551,0.00437,0.00837,5.23478
15,116,0.78634,0.43211,0.50362,5.18966
15,117,1.82704,0.0684,0.09929,5.1453
15,118,1.77787,0.07614,0.10943,5.10169
15,119,1.80286,0.07212,0.10416,5.05882
15,120,2.77148,0.00583,0.0108,5.01667
15,121,6.28186,0.0,0.0,4.97521
15,122,6.60401,0.0,0.0,4.93443
15,123,2.62888,0.00888,0.01574,4.89431
15,124,-3.25462,0.00123,0.00263,4.85484
15,125,-2.13639,0.03322,0.05214,4.816
15,126,-0.83679,0.40318,0.4759,4.77778
15,127,1.80064,0.07247,0.10459,4.74016
15,128,3.84771,0.00014,0.00035,4.70312
15,129,9.4304,0.0,0.0,4.66667
15,130,11.62597,0.0,0.0,4.63077
15,131,7.12499,0.0,0.0,4.59542
15,132,5.67327,0.0,0.0,4.56061
15,133,3.42801,0.00067,0.00151,4.52632
15,134,-2.67023,0.00787,0.01413,4.49254
15,135,-3.25734,0.00122,0.00261,4.45926
15,136,0.37247,0.70973,0.75887,4.42647
15,137,-0.59727,0.55065,0.61595,4.39416
15,138,3.5757,0.00039,0.00092,4.36232
15,139,3.34115,0.00091,0.002,4.33094
15,140,5.17546,0.0,0.0,4.3
15,141,-0.08424,0.93291,0.94682,4.2695
15,142,-0.77259,0.4402,0.51132,4.23944
15,143,-1.53471,0.1256,0.1705,4.20979
15,144,-1.67842,0.09401,0.13192,4.18056
15,145,0.56161,0.57468,0.63767,4.15172
15,146,-1.46306,0.1442,0.19288,4.12329
15,147,2.70274,0.00715,0.01295,4.09524
15,148,-0.60549,0.54518,0.61079,4.06757
15,149,-2.07225,0.03885,0.0601,4.04027
15,150,-5.97802,0.0,0.0,4.01333
15,151,-10.82332,0.0,0.0,3.98675
15,152,-10.77329,0.0,0.0,3.96053
15,153,-9.52309,0.0,0.0,3.93464
15,154,-7.79428,0.0,0.0,3.90909
15,155,-6.58869,0.0,0.0,3.88387
15,156,-5.31407,0.0,0.0,3.85897
15,157,2.16873,0.03066,0.04849,3.83439
15,158,-0.62531,0.5321,0.59883,3.81013
15,159,0.21133,0.83273,0.86414,3.78616
15,160,-2.52231,0.01203,0.02074,3.7625
15,161,-1.02822,0.30444,0.37417,3.73913
15,162,-2.9958,0.0029,0.00576,3.71605
15,163,-5.41293,0.0,0.0,3.69325
15,164,-4.64202,0.0,2e-05,3.67073
15,165,-6.99839,0.0,0.0,3.64848
15,166,-5.44606,0.0,0.0,3.62651
15,167,-1.24729,0.21298,0.27316,3.60479
15,168,-2.42397,0.01577,0.02648,3.58333
15,169,-5.25455,0.0,0.0,3.56213
15,170,-2.34398,0.01954,0.03214,3.54118
15,171,3.59245,0.00037,0.00087,3.52047
15,172,0.51818,0.6046,0.66442,3.5
15,173,-1.30926,0.19116,0.24837,3.47977
15,174,-0.53522,0.59278,0.65402,3.45977
15,175,-0.86052,0.38999,0.46273,3.44
15,176,-2.78876,0.00553,0.0103,3.42045
15,177,-4.38132,1e-05,5e-05,3.40113
15,178,1.95931,0.05073,0.07626,3.38202
15,179,0.04146,0.96695,0.97454,3.36313
15,180,2.1489,0.03221,0.05074,3.34444
15,181,2.01965,0.04405,0.06725,3.32597
15,182,3.89673,0.00011,0.0003,3.30769
15,183,8.36855,0.0,0.0,3.28962
15,184,8.54462,0.0,0.0,3.27174
15,185,10.15586,0.0,0.0,3.25405
15,186,10.7526,0.0,0.0,3.23656
15,187,11.21435,0.0,0.0,3.21925
15,188,11.67355,0.0,0.0,3.20213
15,189,8.7961,0.0,0.0,3.18519
15,190,7.23851,0.0,0.0,3.16842
15,191,6.23455,0.0,0.0,3.15183
15,192,6.16742,0.0,0.0,3.13542
15,193,7.37297,0.0,0.0,3.11917
15,194,-1.09566,0.27385,0.34093,3.10309
15,195,-2.69359,0.00735,0.01328,3.08718
15,196,0.96237,0.33642,0.40752,3.07143
15,197,-0.55788,0.57722,0.63988,3.05584
15,198,-1.64341,0.10104,0.1404,3.0404
15,199,1.9882,0.04743,0.07182,3.02513
15,200,0.35906,0.71973,0.76792,3.01
15,201,-3.36878,0.00082,0.00183,2.99502
15,202,-6.50573,0.0,0.0,2.9802
15,203,-3.71817,0.00023,0.00056,2.96552
15,204,-5.52794,0.0,0.0,2.95098
15,205,-4.44815,1e-05,3e-05,2.93659
15,206,-5.4229,0.0,0.0,2.92233
15,207,1.32332,0.18645,0.243,2.90821
15,208,-4.59596,1e-05,2e-05,2.89423
15,209,-4.45467,1e-05,3e-05,2.88038
15,210,-5.13919,0.0,0.0,2.86667
15,211,-4.32091,2e-05,6e-05,2.85308
15,212,-7.36758,0.0,0.0,2.83962
15,213,-9.294,0.0,0.0,2.82629
15,214,-5.93718,0.0,0.0,2.81308
15,215,0.99154,0.32199,0.39228,2.8
15,216,-1.71399,0.08726,0.12367,2.78704
15,217,-0.22235,0.82415,0.85703,2.77419
15,218,-0.52956,0.59669,0.65766,2.76147
15,219,-0.86344,0.38839,0.46115,2.74886
15,220,2.51464,0.01229,0.02115,2.73636
15,221,2.28943,0.02255,0.03658,2.72398
15,222,2.3657,0.01845,0.03049,2.71171
15,223,2.47622,0.01367,0.02328,2.69955
15,224,2.90849,0.00382,0.0074,2.6875
15,225,1.31042,0.19077,0.24796,2.67556
15,226,2.47059,0.01388,0.02362,2.66372
15,227,3.16736,0.00165,0.00345,2.65198
15,228,1.19268,0.23367,0.29639,2.64035
15,229,1.5837,0.11401,0.15631,2.62882
15,230,1.99129,0.04709,0.07137,2.61739
15,231,1.54012,0.12428,0.16886,2.60606
15,232,3.76597,0.00019,0.00047,2.59483
15,233,3.49276,0.00053,0.00121,2.58369
15,234,8.30586,0.0,0.0,2.57265
15,235,5.40881,0.0,0.0,2.5617
15,236,3.28583,0.0011,0.00238,2.55085
15,237,2.76981,0.00586,0.01084,2.54008
15,238,1.20693,0.22814,0.29008,2.52941
15,239,5.86441,0.0,0.0,2.51883
15,240,-0.0098,0.99218,0.99412,2.50833
15,241,-0.08677,0.93089,0.94527,2.49793
15,242,4.3041,2e-05,6e-05,2.4876
15,243,3.19244,0.00152,0.00319,2.47737
15,244,0.10878,0.91343,0.93215,2.46721
15,245,-0.15671,0.87555,0.90158,2.45714
15,246,5.55632,0.0,0.0,2.44715
15,247,6.66392,0.0,0.0,2.43725
15,248,3.19723,0.00149,0.00315,2.42742
15,249,7.33197,0.0,0.0,2.41767
15,250,6.35942,0.0,0.0,2.408
15,251,5.89178,0.0,0.0,2.39841
15,252,6.03776,0.0,0.0,2.38889
15,253,7.38276,0.0,0.0,2.37945
15,254,3.95445,9e-05,0.00024,2.37008
15,255,3.75614,0.0002,0.00049,2.36078
15,256,6.19106,0.0,0.0,2.35156
15,257,5.13789,0.0,0.0,2.34241
15,258,3.94446,9e-05,0.00025,2.33333
15,259,-0.3793,0.70465,0.75409,2.32432
15,260,0.78591,0.43236,0.50382,2.31538
15,261,4.11518,5e-05,0.00013,2.30651
15,262,3.10321,0.00204,0.00419,2.29771
15,263,-0.641,0.52187,0.58897,2.28897
15,264,1.84953,0.06508,0.09495,2.2803
15,265,-1.12062,0.26309,0.3293,2.2717
15,266,-2.47638,0.01366,0.02327,2.26316
15,267,-0.62658,0.53127,0.59802,2.25468
15,268,-2.48815,0.01323,0.0226,2.24627
15,269,-5.92664,0.0,0.0,2.23792
15,270,0.90968,0.36351,0.43554,2.22963
15,271,-1.07367,0.28358,0.35165,2.2214
15,272,-4.9469,0.0,0.0,2.21324
15,273,-2.40085,0.01679,0.02799,2.20513
15,274,-3.70888,0.00024,0.00058,2.19708
15,275,-1.01434,0.311,0.38088,2.18909
15,276,-4.43552,1e-05,4e-05,2.18116
15,277,-2.3731,0.01809,0.02996,2.17329
15,278,-3.82798,0.00015,0.00038,2.16547
15,279,0.79139,0.42916,0.5006,2.15771
15,280,-0.83099,0.40645,0.47891,2.15
15,281,1.07569,0.28268,0.35079,2.14235
15,282,1.93977,0.05307,0.07933,2.13475
15,283,1.76117,0.07893,0.11302,2.12721
15,284,0.55332,0.58033,0.64284,2.11972
15,285,-0.14502,0.88477,0.90911,2.11228
15,286,2.24461,0.02531,0.04066,2.1049
15,287,-1.17475,0.24076,0.30439,2.09756
15,288,-3.73699,0.00021,0.00052,2.09028
15,289,-3.22606,0.00135,0.00288,2.08304
15,290,-3.07559,0.00224,0.00455,2.07586
15,291,-5.53041,0.0,0.0,2.06873
15,292,-5.39659,0.0,0.0,2.06164
15,293,-5.43727,0.0,0.0,2.05461
15,294,-5.43992,0.0,0.0,2.04762
15,295,-4.27195,2e-05,7e-05,2.04068
15,296,-5.92413,0.0,0.0,2.03378
15,297,-4.67491,0.0,1e-05,2.02694
15,298,-4.36398,2e-05,5e-05,2.02013
15,299,-1.08444,0.27879,0.34656,2.01338
15,300,-0.67421,0.50055,0.56849,2.00667
15,301,-3.72116,0.00023,0.00055,2.0
16,1,3.11853,0.00194,0.004,855.0
16,2,2.68567,0.00752,0.01356,427.5
16,3,2.28236,0.02297,0.03719,285.0
16,4,1.64242,0.10125,0.14058,213.75
16,5,1.98152,0.04818,0.0728,171.0
16,6,1.59694,0.11103,0.15251,142.5
16,7,4.719,0.0,1e-05,122.14286
16,8,2.67735,0.00771,0.01387,106.875
16,9,4.64113,0.0,2e-05,95.0
16,10,7.31123,0.0,0.0,85.5
16,11,9.36432,0.0,0.0,77.72727
16,12,1.62037,0.1059,0.14619,71.25
16,13,-3.23586,0.00131,0.00279,65.76923
16,14,-2.56382,0.0107,0.01861,61.07143
16,15,-4.66798,0.0,1e-05,57.0
16,16,-6.97569,0.0,0.0,53.4375
16,17,-8.14809,0.0,0.0,50.29412
16,18,-5.32245,0.0,0.0,47.5
16,19,-6.14407,0.0,0.0,45.0
16,20,-5.86801,0.0,0.0,42.75
16,21,-5.37402,0.0,0.0,40.71429
16,22,-4.32746,2e-05,6e-05,38.86364
16,23,-5.83096,0.0,0.0,37.17391
16,24,-5.43457,0.0,0.0,35.625
16,25,-4.41448,1e-05,4e-05,34.2
16,26,-9.33408,0.0,0.0,32.88462
16,27,-5.26193,0.0,0.0,31.66667
16,28,-2.66532,0.00799,0.01432,30.53571
16,29,-1.92835,0.05448,0.08116,29.48276
16,30,-3.50346,0.00051,0.00117,28.5
16,31,0.56519,0.57224,0.63571,27.58065
16,32,0.47287,0.63655,0.69261,26.71875
16,33,1.99155,0.04706,0.07135,25.90909
16,34,0.07741,0.93834,0.95107,25.14706
16,35,-2.26034,0.02431,0.03917,24.42857
16,36,-2.67723,0.00771,0.01387,23.75
16,37,-1.7649,0.0783,0.11226,23.10811
16,38,-2.63842,0.00864,0.01535,22.5
16,39,-2.2075,0.02782,0.04436,21.92308
16,40,-4.81013,0.0,1e-05,21.375
16,41,-1.00843,0.31383,0.38388,20.85366
16,42,0.94128,0.3471,0.41869,20.35714
16,43,2.24363,0.02537,0.04075,19.88372
16,44,0.80882,0.41907,0.49131,19.43182
16,45,3.66786,0.00028,0.00067,19.0
16,46,3.81283,0.00016,0.0004,18.58696
16,47,0.34267,0.73202,0.77871,18.19149
16,48,-0.59748,0.5505,0.61586,17.8125
16,49,0.40455,0.68601,0.738,17.44898
16,50,3.25617,0.00122,0.00261,17.1
16,51,0.62028,0.53541,0.60173,16.76471
16,52,1.06067,0.28944,0.35803,16.44231
16,53,2.90017,0.00392,0.00757,16.13208
16,54,3.02579,0.00263,0.00527,15.83333
16,55,5.35382,0.0,0.0,15.54545
16,56,0.9157,0.36035,0.43243,15.26786
16,57,-0.73213,0.46449,0.53385,15.0
16,58,0.72727,0.46746,0.5367,14.74138
16,59,-0.55635,0.57827,0.6409,14.49153
16,60,-3.57671,0.00039,0.00091,14.25
16,61,-2.3812,0.0177,0.02941,14.01639
16,62,-0.88196,0.3783,0.45062,13.79032
16,63,-2.7693,0.00587,0.01086,13.57143
16,64,-1.63992,0.10177,0.14119,13.35938
16,65,-2.80413,0.00528,0.00989,13.15385
16,66,4.14483,4e-05,0.00012,12.95455
16,67,3.73973,0.00021,0.00052,12.76119
16,68,2.78786,0.00555,0.01032,12.57353
16,69,2.5207,0.01208,0.02083,12.3913
16,70,2.09376,0.03688,0.05737,12.21429
16,71,-0.71902,0.47252,0.54133,12.04225
16,72,1.31692,0.18858,0.24549,11.875
16,73,0.49553,0.62048,0.67857,11.71233
16,74,3.0011,0.00285,0.00567,11.55405
16,75,0.76526,0.44454,0.51539,11.4
16,76,0.87945,0.37966,0.45191,11.25
16,77,0.35867,0.72002,0.76807,11.1039
16,78,-0.84395,0.39917,0.47217,10.96154
16,79,-2.81672,0.00508,0.00956,10.82278
16,80,-3.30259,0.00104,0.00226,10.6875
16,81,-6.2488,0.0,0.0,10.55556
16,82,-3.67249,0.00027,0.00066,10.42683
16,83,-1.95789,0.0509,0.07649,10.3012
16,84,1.21222,0.2261,0.28776,10.17857
16,85,6.15352,0.0,0.0,10.05882
16,86,7.78293,0.0,0.0,9.94186
16,87,8.21628,0.0,0.0,9.82759
16,88,9.91091,0.0,0.0,9.71591
16,89,9.18691,0.0,0.0,9.60674
16,90,8.6937,0.0,0.0,9.5
16,91,-0.85643,0.39224,0.4649,9.3956
16,92,-2.42071,0.01591,0.02669,9.29348
16,93,0.67813,0.49806,0.56592,9.19355
16,94,-0.09165,0.92702,0.94237,9.09574
16,95,0.15817,0.8744,0.90068,9.0
16,96,0.65611,0.51211,0.57991,8.90625
16,97,0.57518,0.56547,0.62961,8.81443
16,98,-0.57785,0.56368,0.628,8.72449
16,99,-4.51481,1e-05,3e-05,8.63636
16,100,-4.36943,2e-05,5e-05,8.55
16,101,-6.01567,0.0,0.0,8.46535
16,102,-2.21574,0.02724,0.04355,8.38235
16,103,-1.40253,0.16149,0.21391,8.30097
16,104,-0.92797,0.35395,0.42593,8.22115
16,105,-2.84917,0.0046,0.00875,8.14286
16,106,-2.18059,0.02977,0.04715,8.06604
16,107,-0.93962,0.34795,0.41956,7.99065
16,108,-3.2919,0.00108,0.00234,7.91667
16,109,-6.10235,0.0,0.0,7.84404
16,110,-5.69403,0.0,0.0,7.77273
16,111,-4.92435,0.0,0.0,7.7027
16,112,-5.73658,0.0,0.0,7.63393
16,113,-4.2674,2e-05,7e-05,7.56637
16,114,0.75107,0.45303,0.52349,7.5
16,115,2.66429,0.00801,0.01436,7.43478
16,116,5.45068,0.0,0.0,7.37069
16,117,5.48125,0.0,0.0,7.30769
16,118,4.76633,0.0,1e-05,7.24576
16,119,1.4805,0.13949,0.18731,7.18487
16,120,2.21044,0.02761,0.04407,7.125
16,121,1.52844,0.12715,0.17234,7.06612
16,122,0.40486,0.68579,0.73792,7.0082
16,123,1.11538,0.26532,0.33176,6.95122
16,124,0.39219,0.69512,0.74601,6.89516
16,125,2.45198,0.01461,0.02472,6.84
16,126,-4.78309,0.0,1e-05,6.78571
16,127,-3.52909,0.00046,0.00107,6.73228
16,128,-5.6912,0.0,0.0,6.67969
16,129,-8.23036,0.0,0.0,6.62791
16,130,-6.72388,0.0,0.0,6.57692
16,131,-4.10383,5e-05,0.00014,6.52672
16,132,-1.74905,0.08101,0.11569,6.47727
16,133,0.49122,0.62353,0.68096,6.42857
16,134,0.76953,0.44201,0.51302,6.3806
16,135,-0.09947,0.92081,0.93749,6.33333
16,136,0.63709,0.52441,0.59143,6.28676
16,137,4.85237,0.0,1e-05,6.24088
16,138,2.57979,0.01022,0.01784,6.19565
16,139,3.99942,7e-05,0.0002,6.15108
16,140,3.94081,0.0001,0.00025,6.10714
16,141,3.67185,0.00027,0.00066,6.06383
16,142,-0.79697,0.42592,0.49733,6.02113
16,143,-2.44165,0.01503,0.02537,5.97902
16,144,-2.75409,0.00614,0.01131,5.9375
16,145,-4.29329,2e-05,6e-05,5.89655
16,146,-6.06318,0.0,0.0,5.85616
16,147,-5.15869,0.0,0.0,5.81633
16,148,-4.62039,1e-05,2e-05,5.77703
16,149,-1.56799,0.11763,0.16075,5.73826
16,150,-3.62157,0.00033,0.00078,5.7
16,151,-2.6231,0.00903,0.01598,5.66225
16,152,-0.44894,0.65371,0.70858,5.625
16,153,2.42991,0.01552,0.02611,5.58824
16,154,6.10835,0.0,0.0,5.55195
16,155,6.45136,0.0,0.0,5.51613
16,156,9.23351,0.0,0.0,5.48077
16,157,4.92825,0.0,0.0,5.44586
16,158,2.62097,0.00908,0.01606,5.41139
16,159,1.22571,0.22099,0.28218,5.37736
16,160,0.5127,0.60843,0.6679,5.34375
16,161,-0.0447,0.96437,0.97282,5.31056
16,162,1.93522,0.05363,0.08007,5.27778
16,163,5.42425,0.0,0.0,5.2454
16,164,4.48916,1e-05,3e-05,5.21341
16,165,7.12897,0.0,0.0,5.18182
16,166,6.00934,0.0,0.0,5.1506
16,167,5.06569,0.0,0.0,5.11976
16,168,3.90477,0.00011,0.00029,5.08929
16,169,3.87594,0.00012,0.00032,5.05917
16,170,3.62844,0.00032,0.00077,5.02941
16,171,3.53887,0.00045,0.00104,5.0
16,172,2.79291,0.00546,0.01019,4.97093
16,173,0.77109,0.44108,0.51212,4.9422
16,174,-1.2278,0.22021,0.28136,4.91379
16,175,-1.83524,0.06717,0.09777,4.88571
16,176,-4.79901,0.0,1e-05,4.85795
16,177,-0.3471,0.72869,0.77584,4.83051
16,178,0.19713,0.84382,0.87332,4.80337
16,179,0.23083,0.81756,0.85139,4.77654
16,180,0.01837,0.98536,0.98822,4.75
16,181,-2.71532,0.00689,0.01253,4.72376
16,182,-1.44437,0.14938,0.19923,4.6978
16,183,-2.15103,0.03204,0.0505,4.67213
16,184,-0.43792,0.66167,0.71566,4.64674
16,185,-8.20656,0.0,0.0,4.62162
16,186,-5.84404,0.0,0.0,4.59677
16,187,-6.00417,0.0,0.0,4.57219
16,188,-3.82981,0.00015,0.00038,4.54787
16,189,-3.77741,0.00018,0.00045,4.52381
16,190,-1.16897,0.24308,0.30698,4.5
16,191,0.0417,0.96676,0.97445,4.47644
16,192,-1.52367,0.12834,0.17379,4.45312
16,193,-1.40478,0.16082,0.21322,4.43005
16,194,-1.60862,0.10845,0.14928,4.40722
16,195,6.27166,0.0,0.0,4.38462
16,196,3.67222,0.00027,0.00066,4.36224
16,197,0.19399,0.84627,0.87507,4.3401
16,198,-0.96743,0.33389,0.4048,4.31818
16,199,-1.43995,0.15062,0.20065,4.29648
16,200,-2.68915,0.00745,0.01343,4.275
16,201,-1.95003,0.05183,0.07772,4.25373
16,202,0.28937,0.77244,0.81341,4.23267
16,203,6.07414,0.0,0.0,4.21182
16,204,6.64652,0.0,0.0,4.19118
16,205,5.9561,0.0,0.0,4.17073
16,206,1.09525,0.27403,0.34112,4.15049
16,207,-3.11019,0.002,0.0041,4.13043
16,208,-2.19458,0.02874,0.04573,4.11058
16,209,-5.11366,0.0,0.0,4.09091
16,210,-4.94504,0.0,0.0,4.07143
16,211,-2.2776,0.02325,0.03759,4.05213
16,212,6.55941,0.0,0.0,4.03302
16,213,4.19643,3e-05,0.0001,4.01408
16,214,1.752,0.0805,0.11506,3.99533
16,215,3.74415,0.00021,0.00051,3.97674
16,216,2.56267,0.01073,0.01867,3.95833
16,217,-1.12768,0.26009,0.32607,3.94009
16,218,0.61028,0.54201,0.60778,3.92202
16,219,3.19635,0.0015,0.00316,3.90411
16,220,3.58351,0.00038,0.00089,3.88636
16,221,6.98201,0.0,0.0,3.86878
16,222,9.92811,0.0,0.0,3.85135
16,223,2.89789,0.00395,0.00762,3.83408
16,224,1.36937,0.17161,0.22591,3.81696
16,225,0.29124,0.77101,0.81233,3.8
16,226,0.15195,0.8793,0.90452,3.78319
16,227,-2.27227,0.02357,0.03805,3.76652
16,228,-1.49498,0.13567,0.18267,3.75
16,229,0.17186,0.86363,0.89097,3.73362
16,230,0.64292,0.52062,0.58782,3.71739
16,231,1.53373,0.12585,0.1708,3.7013
16,232,0.05077,0.95953,0.96892,3.68534
16,233,2.35313,0.01907,0.03144,3.66953
16,234,1.55783,0.12002,0.16372,3.65385
16,235,1.66492,0.09667,0.13514,3.6383
16,236,0.58569,0.5584,0.6233,3.62288
16,237,0.09302,0.92593,0.94165,3.60759
16,238,-5.0844,0.0,0.0,3.59244
16,239,3.67976,0.00026,0.00064,3.57741
16,240,-0.396,0.69231,0.7435,3.5625
16,241,-0.87637,0.38133,0.45358,3.54772
16,242,2.35664,0.0189,0.03118,3.53306
16,243,2.27131,0.02363,0.03814,3.51852
16,244,-0.89525,0.37116,0.44344,3.5041
16,245,2.08266,0.03788,0.0588,3.4898
16,246,1.10711,0.26888,0.3357,3.47561
16,247,0.65204,0.51473,0.58222,3.46154
16,248,-0.81693,0.41443,0.48653,3.44758
16,249,2.52828,0.01183,0.02043,3.43373
16,250,1.87098,0.06204,0.09114,3.42
16,251,1.78899,0.07433,0.10698,3.40637
16,252,3.06702,0.0023,0.00466,3.39286
16,253,3.44576,0.00063,0.00142,3.37945
16,254,-1.71407,0.08725,0.12367,3.36614
16,255,-0.7361,0.46208,0.5315,3.35294
16,256,-6.9081,0.0,0.0,3.33984
16,257,-1.27685,0.20236,0.26122,3.32685
16,258,-0.87609,0.38148,0.45371,3.31395
16,259,-1.765,0.07829,0.11225,3.30116
16,260,0.65542,0.51256,0.58034,3.28846
16,261,-2.32823,0.02037,0.03338,3.27586
16,262,-5.29238,0.0,0.0,3.26336
16,263,-4.15542,4e-05,0.00011,3.25095
16,264,-5.31544,0.0,0.0,3.23864
16,265,-3.90694,0.00011,0.00029,3.22642
16,266,-5.93249,0.0,0.0,3.21429
16,267,-5.91279,0.0,0.0,3.20225
16,268,-4.26042,3e-05,7e-05,3.1903
16,269,-4.46917,1e-05,3e-05,3.17844
16,270,-2.18638,0.02934,0.04652,3.16667
16,271,-2.82693,0.00492,0.0093,3.15498
16,272,5.68485,0.0,0.0,3.14338
16,273,5.04664,0.0,0.0,3.13187
16,274,4.92784,0.0,0.0,3.12044
16,275,2.48303,0.01341,0.02289,3.10909
16,276,1.13092,0.25873,0.32457,3.09783
16,277,-1.4734,0.14139,0.18948,3.08664
16,278,-6.37768,0.0,0.0,3.07554
16,279,-4.6221,1e-05,2e-05,3.06452
16,280,-3.84135,0.00014,0.00036,3.05357
16,281,-4.90373,0.0,0.0,3.0427
16,282,1.52884,0.12705,0.17223,3.03191
16,283,2.24808,0.02509,0.04034,3.0212
16,284,-0.89714,0.37016,0.44234,3.01056
16,285,-1.06875,0.28579,0.35421,3.0
16,286,-0.92738,0.35426,0.42614,2.98951
16,287,-0.53676,0.59172,0.65299,2.97909
16,288,2.84802,0.00461,0.00878,2.96875
16,289,3.60611,0.00035,0.00083,2.95848
16,290,1.54913,0.1221,0.16624,2.94828
16,291,2.04982,0.041,0.06309,2.93814
16,292,-0.86039,0.39006,0.46276,2.92808
16,293,-0.79291,0.42828,0.49974,2.91809
16,294,0.81174,0.4174,0.48956,2.90816
16,295,4.05262,6e-05,0.00017,2.89831
16,296,0.66458,0.50668,0.57493,2.88851
16,297,1.58027,0.1148,0.15723,2.87879
16,298,-0.75169,0.45266,0.52313,2.86913
16,299,-1.29265,0.19684,0.25486,2.85953
16,300,-5.2228,0.0,0.0,2.85
16,301,-4.36639,2e-05,5e-05,2.84053
16,302,-4.0825,5e-05,0.00015,2.83113
16,303,-3.83471,0.00014,0.00037,2.82178
16,304,-5.19488,0.0,0.0,2.8125
16,305,-4.01222,7e-05,0.00019,2.80328
16,306,-3.60755,0.00035,0.00082,2.79412
16,307,-3.57464,0.00039,0.00092,2.78502
16,308,-1.27356,0.20352,0.26259,2.77597
16,309,0.98144,0.32694,0.39763,2.76699
16,310,-1.69361,0.09108,0.12839,2.75806
16,311,1.24024,0.21557,0.27618,2.7492
16,312,1.55961,0.1196,0.16319,2.74038
16,313,-0.4933,0.62206,0.67984,2.73163
16,314,4.53165,1e-05,2e-05,2.72293
16,315,4.59374,1e-05,2e-05,2.71429
16,316,4.49524,1e-05,3e-05,2.7057
16,317,5.84994,0.0,0.0,2.69716
16,318,7.44592,0.0,0.0,2.68868
16,319,4.95216,0.0,0.0,2.68025
16,320,1.65606,0.09845,0.13724,2.67188
16,321,3.47317,0.00057,0.0013,2.66355
16,322,2.24552,0.02525,0.04058,2.65528
16,323,-1.44851,0.14822,0.19776,2.64706
16,324,-5.72502,0.0,0.0,2.63889
16,325,-7.49179,0.0,0.0,2.63077
16,326,-9.01939,0.0,0.0,2.6227
16,327,-5.68722,0.0,0.0,2.61468
16,328,-5.4636,0.0,0.0,2.60671
16,329,-0.05086,0.95946,0.96892,2.59878
16,330,-0.58842,0.55656,0.62138,2.59091
16,331,1.96957,0.04954,0.07457,2.58308
16,332,2.58339,0.01012,0.01769,2.5753
16,333,-1.31236,0.19011,0.24723,2.56757
16,334,-1.452,0.14724,0.19659,2.55988
16,335,-3.33533,0.00093,0.00204,2.55224
16,336,-4.15844,4e-05,0.00011,2.54464
16,337,-6.39175,0.0,0.0,2.53709
16,338,-4.93346,0.0,0.0,2.52959
16,339,-7.75729,0.0,0.0,2.52212
16,340,-7.94236,0.0,0.0,2.51471
16,341,-9.89614,0.0,0.0,2.50733
16,342,-9.54986,0.0,0.0,2.5
16,343,-9.69225,0.0,0.0,2.49271
16,344,-9.03333,0.0,0.0,2.48547
16,345,-6.32578,0.0,0.0,2.47826
16,346,-5.15581,0.0,0.0,2.4711
16,347,-2.42887,0.01556,0.02617,2.46398
16,348,-2.41395,0.01621,0.02713,2.4569
16,349,-2.71341,0.00693,0.01259,2.44986
16,350,-2.29095,0.02246,0.03644,2.44286
16,351,-4.56256,1e-05,2e-05,2.4359
16,352,-3.40673,0.00072,0.00161,2.42898
16,353,1.21321,0.22573,0.28731,2.4221
16,354,1.37965,0.16842,0.22215,2.41525
16,355,5.89762,0.0,0.0,2.40845
16,356,6.98846,0.0,0.0,2.40169
16,357,6.61498,0.0,0.0,2.39496
16,358,7.04805,0.0,0.0,2.38827
16,359,3.05461,0.0024,0.00484,2.38162
16,360,1.04545,0.29641,0.36572,2.375
16,361,3.85538,0.00013,0.00034,2.36842
16,362,2.48837,0.01322,0.02259,2.36188
16,363,2.24169,0.0255,0.04094,2.35537
16,364,3.61166,0.00034,0.00081,2.3489
16,365,4.36704,2e-05,5e-05,2.34247
16,366,2.44524,0.01488,0.02515,2.33607
16,367,0.94597,0.3447,0.4163,2.3297
16,368,-1.09659,0.27345,0.34051,2.32337
16,369,-2.1554,0.0317,0.04999,2.31707
16,370,-2.334,0.02006,0.03293,2.31081
16,371,-3.05359,0.0024,0.00485,2.30458
16,372,1.64446,0.10083,0.14015,2.29839
16,373,-1.85073,0.06491,0.09472,2.29223
16,374,1.14157,0.25428,0.31979,2.2861
16,375,-0.2027,0.83947,0.86972,2.28
16,376,0.15606,0.87606,0.90202,2.27394
16,377,-0.06476,0.94839,0.9599,2.2679
16,378,-0.68919,0.49108,0.55939,2.2619
16,379,1.07556,0.28274,0.35082,2.25594
16,380,-0.61151,0.54119,0.60728,2.25
16,381,0.70869,0.47891,0.54746,2.24409
16,382,-0.82987,0.40708,0.47942,2.23822
16,383,-3.14139,0.0018,0.00373,2.23238
16,384,-3.91698,0.0001,0.00028,2.22656
16,385,-0.04039,0.9678,0.97516,2.22078
16,386,1.83465,0.06726,0.09789,2.21503
16,387,3.0089,0.00278,0.00554,2.2093
16,388,6.31299,0.0,0.0,2.20361
16,389,4.39599,1e-05,4e-05,2.19794
16,390,7.54861,0.0,0.0,2.19231
16,391,4.75833,0.0,1e-05,2.1867
16,392,5.43533,0.0,0.0,2.18112
16,393,6.76433,0.0,0.0,2.17557
16,394,6.02349,0.0,0.0,2.17005
16,395,6.82376,0.0,0.0,2.16456
16,396,6.89754,0.0,0.0,2.15909
16,397,4.99546,0.0,0.0,2.15365
16,398,-0.17151,0.8639,0.89115,2.14824
16,399,-0.54534,0.58581,0.64776,2.14286
16,400,-1.46143,0.14464,0.19342,2.1375
16,401,-1.80888,0.07118,0.10307,2.13217
16,402,-7.57064,0.0,0.0,2.12687
16,403,1.39966,0.16235,0.21493,2.12159
16,404,6.04162,0.0,0.0,2.11634
16,405,6.16317,0.0,0.0,2.11111
16,406,5.38239,0.0,0.0,2.10591
16,407,3.03306,0.00257,0.00516,2.10074
16,408,2.9183,0.00371,0.00719,2.09559
16,409,0.63619,0.525,0.59196,2.09046
16,410,-1.38044,0.16818,0.22191,2.08537
16,411,0.5101,0.61025,0.66952,2.08029
16,412,1.85795,0.06387,0.09343,2.07524
16,413,0.5631,0.57366,0.637,2.07022
16,414,-0.14616,0.88387,0.90847,2.06522
16,415,-3.09714,0.00208,0.00427,2.06024
16,416,-3.26103,0.0012,0.00258,2.05529
16,417,-3.29301,0.00107,0.00233,2.05036
16,418,-4.59629,1e-05,2e-05,2.04545
16,419,-5.87126,0.0,0.0,2.04057
16,420,-2.81295,0.00514,0.00966,2.03571
16,421,-2.30261,0.02179,0.03545,2.03088
16,422,0.29579,0.76753,0.80943,2.02607
16,423,0.14514,0.88467,0.9091,2.02128
16,424,-1.25972,0.20847,0.26811,2.01651
16,425,-3.59147,0.00037,0.00087,2.01176
16,426,-3.87501,0.00012,0.00032,2.00704
16,427,-3.14816,0.00176,0.00365,2.00234
17,1,6.0991,0.0,0.0,1187.0
17,2,3.57276,0.00039,0.00093,593.5
17,3,3.61129,0.00034,0.00081,395.66667
17,4,3.41782,0.00069,0.00156,296.75
17,5,3.78804,0.00017,0.00044,237.4
17,6,5.72601,0.0,0.0,197.83333
17,7,7.93989,0.0,0.0,169.57143
17,8,9.96071,0.0,0.0,148.375
17,9,5.78683,0.0,0.0,131.88889
17,10,7.01647,0.0,0.0,118.7
17,11,5.69168,0.0,0.0,107.90909
17,12,2.30627,0.02158,0.03514,98.91667
17,13,1.37311,0.17045,0.22449,91.30769
17,14,0.30388,0.76137,0.80361,84.78571
17,15,-3.68531,0.00026,0.00063,79.13333
17,16,-1.64582,0.10054,0.13982,74.1875
17,17,0.0461,0.96325,0.972,69.82353
17,18,2.26736,0.02387,0.03851,65.94444
17,19,1.94175,0.05283,0.07902,62.47368
17,20,3.37842,0.0008,0.00177,59.35
17,21,4.42235,1e-05,4e-05,56.52381
17,22,1.55635,0.12038,0.16409,53.95455
17,23,3.01596,0.00272,0.00542,51.6087
17,24,1.77615,0.07643,0.10979,49.45833
17,25,-2.14762,0.03231,0.05085,47.48
17,26,-3.40313,0.00073,0.00163,45.65385
17,27,-5.60445,0.0,0.0,43.96296
17,28,-2.00952,0.04512,0.06873,42.39286
17,29,1.77854,0.07604,0.10931,40.93103
17,30,-2.27235,0.02357,0.03805,39.56667
17,31,-0.2873,0.77403,0.81448,38.29032
17,32,-1.91628,0.056,0.08321,37.09375
17,33,2.16336,0.03107,0.04909,35.9697
17,34,1.76293,0.07864,0.11269,34.91176
17,35,2.22501,0.02661,0.04261,33.91429
17,36,2.67117,0.00785,0.01409,32.97222
17,37,3.04117,0.0025,0.00503,32.08108
17,38,-0.94466,0.34537,0.4168,31.23684
17,39,-4.1398,4e-05,0.00012,30.4359
17,40,-4.30044,2e-05,6e-05,29.675
17,41,-0.72555,0.46851,0.5377,28.95122
17,42,1.29558,0.19583,0.25374,28.2619
17,43,-2.87786,0.00421,0.00808,27.60465
17,44,-5.6299,0.0,0.0,26.97727
17,45,-5.68767,0.0,0.0,26.37778
17,46,-7.81602,0.0,0.0,25.80435
17,47,-10.17432,0.0,0.0,25.25532
17,48,-9.82484,0.0,0.0,24.72917
17,49,-5.00027,0.0,0.0,24.22449
17,50,-4.79861,0.0,1e-05,23.74
17,51,-0.76475,0.44485,0.51559,23.27451
17,52,2.68681,0.0075,0.01352,22.82692
17,53,2.60672,0.00947,0.01668,22.39623
17,54,1.31702,0.18855,0.24548,21.98148
17,55,2.62559,0.00896,0.01587,21.58182
17,56,1.39359,0.16418,0.21709,21.19643
17,57,1.85866,0.06377,0.09335,20.82456
17,58,0.44384,0.65738,0.71187,20.46552
17,59,3.16232,0.00168,0.0035,20.11864
17,60,0.66271,0.50788,0.5759,19.78333
17,61,1.31541,0.18909,0.24609,19.45902
17,62,-1.27169,0.20418,0.26338,19.14516
17,63,-4.39564,1e-05,4e-05,18.84127
17,64,-3.62602,0.00032,0.00077,18.54688
17,65,-4.31943,2e-05,6e-05,18.26154
17,66,-8.20391,0.0,0.0,17.98485
17,67,-11.42107,0.0,0.0,17.71642
17,68,-8.12034,0.0,0.0,17.45588
17,69,-9.77497,0.0,0.0,17.2029
17,70,-7.69919,0.0,0.0,16.95714
17,71,-7.26833,0.0,0.0,16.71831
17,72,-3.1032,0.00204,0.00419,16.48611
17,73,-0.45163,0.65177,0.70679,16.26027
17,74,2.7681,0.00589,0.01089,16.04054
17,75,-3.74973,0.0002,0.0005,15.82667
17,76,2.65578,0.00821,0.01466,15.61842
17,77,2.59616,0.00976,0.01711,15.41558
17,78,0.82421,0.41028,0.4824,15.21795
17,79,1.80473,0.07183,0.10383,15.02532
17,80,6.28998,0.0,0.0,14.8375
17,81,3.90249,0.00011,0.00029,14.65432
17,82,0.45869,0.64669,0.70237,14.47561
17,83,-2.14793,0.03229,0.05082,14.3012
17,84,0.80851,0.41925,0.49131,14.13095
17,85,-2.65902,0.00813,0.01454,13.96471
17,86,-5.63769,0.0,0.0,13.80233
17,87,-4.60175,1e-05,2e-05,13.64368
17,88,-4.20055,3e-05,9e-05,13.48864
17,89,-4.42138,1e-05,4e-05,13.33708
17,90,-1.94642,0.05227,0.07831,13.18889
17,91,-2.1223,0.03439,0.05382,13.04396
17,92,-1.82161,0.06922,0.10036,12.90217
17,93,-0.91471,0.36087,0.43284,12.76344
17,94,-2.07934,0.03819,0.05925,12.62766
17,95,-4.09902,5e-05,0.00014,12.49474
17,96,-2.61587,0.00922,0.01628,12.36458
17,97,4.48753,1e-05,3e-05,12.23711
17,98,2.04773,0.0412,0.06337,12.11224
17,99,3.49567,0.00052,0.0012,11.9899
17,100,2.33387,0.02007,0.03293,11.87
17,101,0.19396,0.8463,0.87507,11.75248
17,102,-2.75144,0.00619,0.01139,11.63725
17,103,-3.1627,0.00168,0.0035,11.52427
17,104,-4.41195,1e-05,4e-05,11.41346
17,105,-10.81006,0.0,0.0,11.30476
17,106,-11.85289,0.0,0.0,11.19811
17,107,-11.44368,0.0,0.0,11.09346
17,108,-10.69089,0.0,0.0,10.99074
17,109,-9.95315,0.0,0.0,10.88991
17,110,-4.72403,0.0,1e-05,10.79091
17,111,-10.21191,0.0,0.0,10.69369
17,112,-12.25623,0.0,0.0,10.59821
17,113,-6.7525,0.0,0.0,10.50442
17,114,-7.23626,0.0,0.0,10.41228
17,115,-4.04644,6e-05,0.00017,10.32174
17,116,-1.98615,0.04766,0.07214,10.23276
17,117,0.9447,0.34535,0.4168,10.1453
17,118,2.06234,0.03979,0.06136,10.05932
17,119,4.43564,1e-05,4e-05,9.97479
17,120,1.88527,0.06008,0.08858,9.89167
17,121,-4.53713,1e-05,2e-05,9.80992
17,122,-1.89356,0.05897,0.0871,9.72951
17,123,1.63099,0.10364,0.14354,9.65041
17,124,4.72482,0.0,1e-05,9.57258
17,125,2.48683,0.01327,0.02268,9.496
17,126,2.66081,0.00809,0.01448,9.42063
17,127,2.88094,0.00417,0.00801,9.34646
17,128,2.95533,0.0033,0.00648,9.27344
17,129,-2.33615,0.01995,0.03276,9.20155
17,130,-1.51963,0.12935,0.17502,9.13077
17,131,2.60164,0.0096,0.01687,9.06107
17,132,1.2637,0.20704,0.26644,8.99242
17,133,4.76049,0.0,1e-05,8.92481
17,134,7.97984,0.0,0.0,8.85821
17,135,7.03569,0.0,0.0,8.79259
17,136,8.73262,0.0,0.0,8.72794
17,137,7.25434,0.0,0.0,8.66423
17,138,7.51611,0.0,0.0,8.60145
17,139,4.16321,4e-05,0.00011,8.53957
17,140,5.79884,0.0,0.0,8.47857
17,141,-0.01874,0.98505,0.98812,8.41844
17,142,-0.63113,0.52829,0.59507,8.35915
17,143,-4.16996,4e-05,0.00011,8.3007
17,144,-2.45303,0.01457,0.02467,8.24306
17,145,-5.47687,0.0,0.0,8.18621
17,146,-1.5075,0.13243,0.17875,8.13014
17,147,1.53879,0.1246,0.16923,8.07483
17,148,1.40438,0.16094,0.21332,8.02027
17,149,0.10138,0.9193,0.93646,7.96644
17,150,0.53218,0.59488,0.65598,7.91333
17,151,-4.68073,0.0,1e-05,7.86093
17,152,-8.84665,0.0,0.0,7.80921
17,153,-11.95372,0.0,0.0,7.75817
17,154,-8.98649,0.0,0.0,7.70779
17,155,-9.02838,0.0,0.0,7.65806
17,156,-6.74663,0.0,0.0,7.60897
17,157,-3.51226,0.00049,0.00114,7.56051
17,158,-0.12673,0.89921,0.9214,7.51266
17,159,0.29958,0.76465,0.80673,7.46541
17,160,2.21977,0.02697,0.04313,7.41875
17,161,2.45037,0.01468,0.02482,7.37267
17,162,0.12554,0.90015,0.92218,7.32716
17,163,-0.3337,0.73877,0.78472,7.28221
17,164,-0.09969,0.92063,0.9374,7.2378
17,165,0.22611,0.82122,0.85453,7.19394
17,166,0.35192,0.72508,0.7728,7.1506
17,167,1.69852,0.09015,0.12722,7.10778
17,168,6.42511,0.0,0.0,7.06548
17,169,5.73466,0.0,0.0,7.02367
17,170,2.42902,0.01556,0.02617,6.98235
17,171,0.39267,0.69476,0.74574,6.94152
17,172,-1.32375,0.1863,0.24288,6.90116
17,173,-7.30781,0.0,0.0,6.86127
17,174,-9.29819,0.0,0.0,6.82184
17,175,-5.82036,0.0,0.0,6.78286
17,176,-5.22412,0.0,0.0,6.74432
17,177,-2.87401,0.00426,0.00817,6.70621
17,178,0.82795,0.40816,0.48053,6.66854
17,179,2.81962,0.00503,0.00949,6.63128
17,180,1.92449,0.05497,0.08183,6.59444
17,181,0.54819,0.58385,0.64609,6.55801
17,182,-4.11648,5e-05,0.00013,6.52198
17,183,-4.1389,4e-05,0.00012,6.48634
17,184,-5.63845,0.0,0.0,6.45109
17,185,-4.10422,5e-05,0.00014,6.41622
17,186,0.65907,0.51021,0.57809,6.38172
17,187,-3.14281,0.00179,0.00371,6.34759
17,188,-1.71173,0.08768,0.12417,6.31383
17,189,-6.42098,0.0,0.0,6.28042
17,190,-10.53472,0.0,0.0,6.24737
17,191,-9.33865,0.0,0.0,6.21466
17,192,-6.04311,0.0,0.0,6.18229
17,193,-8.71479,0.0,0.0,6.15026
17,194,-7.88423,0.0,0.0,6.11856
17,195,-2.96473,0.0032,0.00632,6.08718
17,196,-2.40651,0.01653,0.02761,6.05612
17,197,-3.1489,0.00176,0.00364,6.02538
17,198,1.19303,0.23353,0.29626,5.99495
17,199,2.07353,0.03873,0.05995,5.96482
17,200,0.52859,0.59736,0.65821,5.935
17,201,0.43866,0.66113,0.71526,5.90547
17,202,-1.95004,0.05183,0.07772,5.87624
17,203,-3.75932,0.00019,0.00048,5.84729
17,204,-3.09209,0.00212,0.00433,5.81863
17,205,-2.82441,0.00496,0.00937,5.79024
17,206,-4.74206,0.0,1e-05,5.76214
17,207,-5.20241,0.0,0.0,5.7343
17,208,-4.44694,1e-05,3e-05,5.70673
17,209,-2.84744,0.00462,0.00879,5.67943
17,210,0.08705,0.93067,0.94522,5.65238
17,211,2.6889,0.00745,0.01344,5.62559
17,212,5.56979,0.0,0.0,5.59906
17,213,6.8079,0.0,0.0,5.57277
17,214,6.44927,0.0,0.0,5.54673
17,215,8.45552,0.0,0.0,5.52093
17,216,6.63556,0.0,0.0,5.49537
17,217,0.1253,0.90034,0.92228,5.47005
17,218,0.88665,0.37577,0.44819,5.44495
17,219,0.24568,0.80605,0.8418,5.42009
17,220,0.73157,0.46484,0.53418,5.39545
17,221,-1.35229,0.17701,0.23205,5.37104
17,222,-0.97837,0.32845,0.39932,5.34685
17,223,4.07139,6e-05,0.00015,5.32287
17,224,2.79196,0.00548,0.01022,5.29911
17,225,5.37681,0.0,0.0,5.27556
17,226,4.74053,0.0,1e-05,5.25221
17,227,5.67682,0.0,0.0,5.22907
17,228,5.44162,0.0,0.0,5.20614
17,229,-5.15172,0.0,0.0,5.18341
17,230,-3.89003,0.00012,0.0003,5.16087
17,231,-2.92881,0.00359,0.00698,5.13853
17,232,-1.42237,0.15566,0.20689,5.11638
17,233,-2.18868,0.02917,0.04629,5.09442
17,234,-0.13238,0.89474,0.91767,5.07265
17,235,3.3944,0.00075,0.00168,5.05106
17,236,2.95373,0.00332,0.00651,5.02966
17,237,4.90375,0.0,0.0,5.00844
17,238,6.76065,0.0,0.0,4.98739
17,239,6.1519,0.0,0.0,4.96653
17,240,6.06686,0.0,0.0,4.94583
17,241,6.10317,0.0,0.0,4.92531
17,242,3.98734,8e-05,0.00021,4.90496
17,243,4.17508,4e-05,0.0001,4.88477
17,244,5.67458,0.0,0.0,4.86475
17,245,3.5181,0.00048,0.00112,4.8449
17,246,6.66508,0.0,0.0,4.8252
17,247,6.4374,0.0,0.0,4.80567
17,248,3.62573,0.00032,0.00077,4.78629
17,249,1.27859,0.20174,0.26053,4.76707
17,250,0.09723,0.92259,0.93884,4.748
17,251,0.57246,0.56731,0.63128,4.72908
17,252,2.32854,0.02035,0.03336,4.71032
17,253,2.50554,0.0126,0.02164,4.6917
17,254,3.29848,0.00105,0.00229,4.67323
17,255,5.10261,0.0,0.0,4.6549
17,256,3.61802,0.00033,0.00079,4.63672
17,257,-0.31336,0.75416,0.79726,4.61868
17,258,-0.49306,0.62223,0.67986,4.60078
17,259,2.67095,0.00786,0.0141,4.58301
17,260,0.80054,0.42385,0.4955,4.56538
17,261,-0.89717,0.37014,0.44234,4.54789
17,262,0.8349,0.40425,0.47671,4.53053
17,263,3.18413,0.00156,0.00327,4.51331
17,264,3.70794,0.00024,0.00058,4.49621
17,265,0.40163,0.68816,0.73984,4.47925
17,266,3.7385,0.00021,0.00052,4.46241
17,267,5.26791,0.0,0.0,4.44569
17,268,-0.03518,0.97195,0.97821,4.4291
17,269,1.75502,0.07998,0.11442,4.41264
17,270,2.14836,0.03225,0.05078,4.3963
17,271,-0.11035,0.91219,0.93108,4.38007
17,272,-3.72445,0.00022,0.00055,4.36397
17,273,-0.8824,0.37806,0.45044,4.34799
17,274,1.05743,0.29092,0.35959,4.33212
17,275,1.00309,0.31639,0.38649,4.31636
17,276,3.94672,9e-05,0.00025,4.30072
17,277,6.27784,0.0,0.0,4.2852
17,278,9.45942,0.0,0.0,4.26978
17,279,2.8178,0.00506,0.00954,4.25448
17,280,4.35915,2e-05,5e-05,4.23929
17,281,4.86781,0.0,1e-05,4.2242
17,282,5.30979,0.0,0.0,4.20922
17,283,3.61785,0.00033,0.00079,4.19435
17,284,0.3727,0.70956,0.75877,4.17958
17,285,-4.65462,0.0,1e-05,4.16491
17,286,-5.27022,0.0,0.0,4.15035
17,287,-6.02528,0.0,0.0,4.13589
17,288,-5.70414,0.0,0.0,4.12153
17,289,-4.49842,1e-05,3e-05,4.10727
17,290,-2.90668,0.00385,0.00744,4.0931
17,291,-1.13421,0.25735,0.32312,4.07904
17,292,-1.97504,0.04891,0.0738,4.06507
17,293,0.43864,0.66115,0.71526,4.05119
17,294,1.46365,0.14404,0.19272,4.03741
17,295,0.49452,0.62119,0.67923,4.02373
17,296,2.55266,0.01104,0.01916,4.01014
17,297,-0.15369,0.87793,0.90348,3.99663
17,298,3.99494,8e-05,0.00021,3.98322
17,299,3.88463,0.00012,0.00031,3.9699
17,300,2.85562,0.00451,0.00859,3.95667
17,301,1.50826,0.13224,0.17851,3.94352
17,302,0.33135,0.74054,0.78594,3.93046
17,303,-2.53863,0.01149,0.01987,3.91749
17,304,2.47846,0.01359,0.02315,3.90461
17,305,3.16726,0.00165,0.00345,3.8918
17,306,5.38877,0.0,0.0,3.87908
17,307,7.71602,0.0,0.0,3.86645
17,308,6.26863,0.0,0.0,3.8539
17,309,4.77038,0.0,1e-05,3.84142
17,310,5.15907,0.0,0.0,3.82903
17,311,5.04411,0.0,0.0,3.81672
17,312,6.64101,0.0,0.0,3.80449
17,313,7.01297,0.0,0.0,3.79233
17,314,6.10114,0.0,0.0,3.78025
17,315,2.96057,0.00324,0.00639,3.76825
17,316,5.00674,0.0,0.0,3.75633
17,317,3.68566,0.00026,0.00063,3.74448
17,318,1.27915,0.20155,0.26034,3.7327
17,319,-2.23511,0.02593,0.04159,3.721
17,320,-2.86178,0.00442,0.00845,3.70938
17,321,-3.47164,0.00057,0.0013,3.69782
17,322,-2.20574,0.02794,0.04454,3.68634
17,323,1.1138,0.266,0.33244,3.67492
17,324,1.40647,0.16032,0.2126,3.66358
17,325,3.63277,0.00031,0.00075,3.65231
17,326,1.68577,0.09258,0.13025,3.6411
17,327,0.47687,0.6337,0.69034,3.62997
17,328,2.20392,0.02807,0.04473,3.6189
17,329,1.14859,0.25137,0.31646,3.6079
17,330,3.9737,8e-05,0.00022,3.59697
17,331,3.48614,0.00054,0.00124,3.5861
17,332,3.81617,0.00016,0.0004,3.5753
17,333,3.8103,0.00016,0.0004,3.56456
17,334,4.87407,0.0,1e-05,3.55389
17,335,4.74943,0.0,1e-05,3.54328
17,336,4.91912,0.0,0.0,3.53274
17,337,7.12151,0.0,0.0,3.52226
17,338,6.2202,0.0,0.0,3.51183
17,339,2.07099,0.03897,0.06025,3.50147
17,340,4.37107,2e-05,5e-05,3.49118
17,341,3.21282,0.00142,0.003,3.48094
17,342,2.20014,0.02834,0.04514,3.47076
17,343,0.94456,0.34543,0.41682,3.46064
17,344,2.15761,0.03152,0.04975,3.45058
17,345,1.74279,0.0821,0.11706,3.44058
17,346,4.56186,1e-05,2e-05,3.43064
17,347,4.50175,1e-05,3e-05,3.42075
17,348,4.95616,0.0,0.0,3.41092
17,349,6.7462,0.0,0.0,3.40115
17,350,6.59925,0.0,0.0,3.39143
17,351,6.95147,0.0,0.0,3.38177
17,352,7.89888,0.0,0.0,3.37216
17,353,6.79774,0.0,0.0,3.36261
17,354,2.73123,0.00657,0.01201,3.35311
17,355,3.06518,0.00232,0.00469,3.34366
17,356,0.35868,0.72001,0.76807,3.33427
17,357,2.02865,0.04312,0.06596,3.32493
17,358,0.3364,0.73674,0.7829,3.31564
17,359,0.84182,0.40037,0.47331,3.30641
17,360,-1.34015,0.18092,0.23656,3.29722
17,361,2.12952,0.03379,0.05297,3.28809
17,362,0.4881,0.62573,0.68285,3.27901
17,363,-0.28718,0.77411,0.81448,3.26997
17,364,2.77381,0.00579,0.01073,3.26099
17,365,2.02561,0.04343,0.06638,3.25205
17,366,1.27725,0.20222,0.26111,3.24317
17,367,-0.98923,0.32312,0.39351,3.23433
17,368,0.88113,0.37875,0.45105,3.22554
17,369,6.28517,0.0,0.0,3.2168
17,370,6.3672,0.0,0.0,3.20811
17,371,6.40216,0.0,0.0,3.19946
17,372,5.96867,0.0,0.0,3.19086
17,373,5.47723,0.0,0.0,3.18231
17,374,1.51608,0.13025,0.17616,3.1738
17,375,-5.41987,0.0,0.0,3.16533
17,376,-7.12709,0.0,0.0,3.15691
17,377,-9.02755,0.0,0.0,3.14854
17,378,-6.89541,0.0,0.0,3.14021
17,379,-3.70035,0.00024,0.0006,3.13193
17,380,-0.56041,0.5755,0.6384,3.12368
17,381,-1.12973,0.25923,0.32508,3.11549
17,382,0.57262,0.56721,0.63123,3.10733
17,383,3.08702,0.00216,0.00439,3.09922
17,384,3.61243,0.00034,0.00081,3.09115
17,385,2.96327,0.00322,0.00634,3.08312
17,386,3.50161,0.00051,0.00118,3.07513
17,387,5.09231,0.0,0.0,3.06718
17,388,6.97032,0.0,0.0,3.05928
17,389,-0.29663,0.76689,0.80893,3.05141
17,390,0.62397,0.53298,0.59962,3.04359
17,391,-0.25309,0.80032,0.83696,3.03581
17,392,-3.0011,0.00285,0.00567,3.02806
17,393,-5.06379,0.0,0.0,3.02036
17,394,-2.82784,0.00491,0.00929,3.01269
17,395,-3.89967,0.00011,0.00029,3.00506
17,396,-4.02954,7e-05,0.00018,2.99747
17,397,2.33363,0.02008,0.03295,2.98992
17,398,-0.39725,0.69138,0.74275,2.98241
17,399,-0.22404,0.82283,0.85585,2.97494
17,400,0.86821,0.38577,0.45837,2.9675
17,401,1.30773,0.19168,0.24897,2.9601
17,402,0.48752,0.62614,0.68322,2.95274
17,403,0.04382,0.96507,0.97314,2.94541
17,404,-0.27647,0.78232,0.82165,2.93812
17,405,0.0053,0.99577,0.99708,2.93086
17,406,-1.66445,0.09676,0.13522,2.92365
17,407,-4.23387,3e-05,8e-05,2.91646
17,408,-3.53527,0.00045,0.00105,2.90931
17,409,-3.30484,0.00103,0.00224,2.9022
17,410,-3.13803,0.00182,0.00377,2.89512
17,411,-5.13198,0.0,0.0,2.88808
17,412,-3.84275,0.00014,0.00036,2.88107
17,413,-1.82928,0.06806,0.09888,2.87409
17,414,-3.25613,0.00122,0.00261,2.86715
17,415,-2.68998,0.00743,0.0134,2.86024
17,416,-0.57626,0.56475,0.62899,2.85337
17,417,3.64318,0.0003,0.00073,2.84652
17,418,3.14941,0.00175,0.00364,2.83971
17,419,5.81113,0.0,0.0,2.83294
17,420,2.75019,0.00621,0.01142,2.82619
17,421,0.08282,0.93403,0.94758,2.81948
17,422,-2.52007,0.0121,0.02086,2.8128
17,423,-1.82539,0.06865,0.0996,2.80615
17,424,-1.95293,0.05149,0.07725,2.79953
17,425,-0.92257,0.35676,0.42858,2.79294
17,426,-1.05317,0.29286,0.36186,2.78638
17,427,-4.64109,0.0,2e-05,2.77986
17,428,-7.52419,0.0,0.0,2.77336
17,429,-6.52506,0.0,0.0,2.7669
17,430,-7.99827,0.0,0.0,2.76047
17,431,-7.42314,0.0,0.0,2.75406
17,432,-6.3977,0.0,0.0,2.74769
17,433,1.80727,0.07143,0.10334,2.74134
17,434,5.27054,0.0,0.0,2.73502
17,435,7.98373,0.0,0.0,2.72874
17,436,8.03627,0.0,0.0,2.72248
17,437,7.51655,0.0,0.0,2.71625
17,438,8.86943,0.0,0.0,2.71005
17,439,5.63754,0.0,0.0,2.70387
17,440,6.03169,0.0,0.0,2.69773
17,441,0.65247,0.51445,0.58197,2.69161
17,442,-1.85111,0.06485,0.09467,2.68552
17,443,-2.51205,0.01238,0.02128,2.67946
17,444,-1.71134,0.08775,0.12424,2.67342
17,445,-4.66298,0.0,1e-05,2.66742
17,446,-2.83671,0.00478,0.00905,2.66143
17,447,-1.24901,0.21236,0.27262,2.65548
17,448,0.93746,0.34906,0.42075,2.64955
17,449,3.4346,0.00065,0.00147,2.64365
17,450,3.73255,0.00022,0.00053,2.63778
17,451,5.94515,0.0,0.0,2.63193
17,452,6.37027,0.0,0.0,2.62611
17,453,5.32258,0.0,0.0,2.62031
17,454,0.18772,0.85119,0.87967,2.61454
17,455,6.51758,0.0,0.0,2.60879
17,456,6.41637,0.0,0.0,2.60307
17,457,5.47296,0.0,0.0,2.59737
17,458,5.05632,0.0,0.0,2.5917
17,459,5.62723,0.0,0.0,2.58606
17,460,4.56539,1e-05,2e-05,2.58043
17,461,2.43791,0.01518,0.0256,2.57484
17,462,1.85038,0.06496,0.09478,2.56926
17,463,-3.57499,0.00039,0.00092,2.56371
17,464,-2.18868,0.02917,0.04629,2.55819
17,465,-1.44199,0.15005,0.20004,2.55269
17,466,-2.31492,0.0211,0.03442,2.54721
17,467,-2.60393,0.00954,0.01679,2.54176
17,468,-3.91775,0.0001,0.00027,2.53632
17,469,0.12297,0.90219,0.9236,2.53092
17,470,-2.05921,0.04009,0.0618,2.52553
17,471,-2.30776,0.0215,0.03501,2.52017
17,472,-1.23182,0.2187,0.27976,2.51483
17,473,-2.74059,0.00639,0.01171,2.50951
17,474,-5.63499,0.0,0.0,2.50422
17,475,-5.76451,0.0,0.0,2.49895
17,476,-6.61963,0.0,0.0,2.4937
17,477,-7.39146,0.0,0.0,2.48847
17,478,-3.49744,0.00052,0.0012,2.48326
17,479,-5.97945,0.0,0.0,2.47808
17,480,-6.2625,0.0,0.0,2.47292
17,481,-4.05564,6e-05,0.00016,2.46778
17,482,-2.03628,0.04235,0.06491,2.46266
17,483,-1.62331,0.10527,0.14544,2.45756
17,484,-0.52348,0.60092,0.66163,2.45248
17,485,0.02626,0.97906,0.98338,2.44742
17,486,-2.46268,0.01419,0.0241,2.44239
17,487,-0.45587,0.64872,0.70402,2.43737
17,488,0.80019,0.42405,0.49568,2.43238
17,489,1.40316,0.1613,0.21368,2.4274
17,490,-0.3406,0.73357,0.78012,2.42245
17,491,1.6065,0.10891,0.14985,2.41752
17,492,2.09187,0.03705,0.05761,2.4126
17,493,1.25085,0.21168,0.27182,2.40771
17,494,0.72109,0.47125,0.54012,2.40283
17,495,1.86002,0.06358,0.09312,2.39798
17,496,2.59094,0.0099,0.01735,2.39315
17,497,1.44862,0.14819,0.19774,2.38833
17,498,6.98107,0.0,0.0,2.38353
17,499,6.98758,0.0,0.0,2.37876
17,500,6.20424,0.0,0.0,2.374
17,501,4.51745,1e-05,3e-05,2.36926
17,502,5.46423,0.0,0.0,2.36454
17,503,6.37572,0.0,0.0,2.35984
17,504,-0.0226,0.98198,0.98592,2.35516
17,505,3.52895,0.00046,0.00108,2.3505
17,506,3.92466,0.0001,0.00027,2.34585
17,507,3.7843,0.00018,0.00044,2.34122
17,508,4.03415,7e-05,0.00018,2.33661
17,509,-4.0851,5e-05,0.00015,2.33202
17,510,-10.02281,0.0,0.0,2.32745
17,511,-7.9983,0.0,0.0,2.3229
17,512,-8.92575,0.0,0.0,2.31836
17,513,-5.99323,0.0,0.0,2.31384
17,514,-3.82259,0.00015,0.00039,2.30934
17,515,4.99523,0.0,0.0,2.30485
17,516,2.69056,0.00742,0.01338,2.30039
17,517,1.02858,0.30427,0.37401,2.29594
17,518,-8.05829,0.0,0.0,2.29151
17,519,-3.82264,0.00015,0.00039,2.28709
17,520,-6.67002,0.0,0.0,2.28269
17,521,0.24042,0.81012,0.84526,2.27831
17,522,-0.05213,0.95845,0.96821,2.27395
17,523,0.01847,0.98527,0.98822,2.2696
17,524,-0.33448,0.73818,0.78435,2.26527
17,525,1.97761,0.04862,0.07338,2.26095
17,526,0.82507,0.4098,0.48194,2.25665
17,527,-1.72723,0.08486,0.12059,2.25237
17,528,-4.56109,1e-05,2e-05,2.24811
17,529,-3.55395,0.00042,0.00099,2.24386
17,530,-5.02391,0.0,0.0,2.23962
17,531,-3.07768,0.00222,0.00452,2.2354
17,532,-3.64901,0.0003,0.00071,2.2312
17,533,-3.74849,0.0002,0.0005,2.22702
17,534,-3.77397,0.00018,0.00046,2.22285
17,535,-3.05919,0.00236,0.00477,2.21869
17,536,-2.07222,0.03885,0.0601,2.21455
17,537,-0.38044,0.70381,0.75359,2.21043
17,538,1.34071,0.18074,0.23636,2.20632
17,539,6.09944,0.0,0.0,2.20223
17,540,4.09017,5e-05,0.00014,2.19815
17,541,1.31353,0.18972,0.24675,2.19409
17,542,0.82698,0.40872,0.48101,2.19004
17,543,0.67211,0.50188,0.56988,2.186
17,544,-2.13881,0.03302,0.05188,2.18199
17,545,0.53416,0.59352,0.65469,2.17798
17,546,-0.54425,0.58656,0.64837,2.17399
17,547,-3.55914,0.00041,0.00097,2.17002
17,548,-2.51298,0.01234,0.02123,2.16606
17,549,-4.20445,3e-05,9e-05,2.16211
17,550,0.78072,0.4354,0.50676,2.15818
17,551,1.41673,0.1573,0.20891,2.15426
17,552,3.41267,0.00071,0.00158,2.15036
17,553,5.33909,0.0,0.0,2.14647
17,554,-0.3283,0.74285,0.78764,2.1426
17,555,1.87631,0.0613,0.09018,2.13874
17,556,-0.04033,0.96785,0.97516,2.13489
17,557,-0.65057,0.51568,0.58316,2.13106
17,558,-0.1783,0.85857,0.88625,2.12724
17,559,-2.49726,0.0129,0.02208,2.12343
17,560,-1.36019,0.1745,0.22937,2.11964
17,561,-7.67866,0.0,0.0,2.11586
17,562,-8.07278,0.0,0.0,2.1121
17,563,-6.76228,0.0,0.0,2.10835
17,564,-10.08009,0.0,0.0,2.10461
17,565,-6.00834,0.0,0.0,2.10088
17,566,-2.0635,0.03968,0.06121,2.09717
17,567,-3.8642,0.00013,0.00033,2.09347
17,568,-2.78827,0.00554,0.01031,2.08979
17,569,-3.36639,0.00083,0.00184,2.08612
17,570,-2.80664,0.00524,0.00983,2.08246
17,571,-1.60417,0.10942,0.15045,2.07881
17,572,2.46439,0.01412,0.024,2.07517
17,573,1.85689,0.06402,0.09363,2.07155
17,574,3.03702,0.00254,0.0051,2.06794
17,575,4.74545,0.0,1e-05,2.06435
17,576,5.99542,0.0,0.0,2.06076
17,577,6.06961,0.0,0.0,2.05719
17,578,2.96341,0.00321,0.00634,2.05363
17,579,1.86215,0.06328,0.09277,2.05009
17,580,-1.68657,0.09243,0.13007,2.04655
17,581,-2.0993,0.03638,0.05664,2.04303
17,582,-1.50518,0.13302,0.17945,2.03952
17,583,-4.1591,4e-05,0.00011,2.03602
17,584,-1.74785,0.08122,0.11597,2.03253
17,585,-1.86927,0.06228,0.09145,2.02906
17,586,0.06264,0.95008,0.96142,2.0256
17,587,-0.88271,0.37789,0.4503,2.02215
17,588,-1.22501,0.22125,0.28241,2.01871
17,589,-5.5401,0.0,0.0,2.01528
17,590,-5.32256,0.0,0.0,2.01186
17,591,-4.95764,0.0,0.0,2.00846
17,592,-6.29664,0.0,0.0,2.00507
17,593,-3.41338,0.0007,0.00158,2.00169
18,1,2.74863,0.00624,0.01146,267.0
18,2,7.86453,0.0,0.0,133.5
18,3,1.01715,0.30966,0.37966,89.0
18,4,0.06781,0.94597,0.95784,66.75
18,5,-8.52227,0.0,0.0,53.4
18,6,-8.45717,0.0,0.0,44.5
18,7,-9.04311,0.0,0.0,38.14286
18,8,-9.70476,0.0,0.0,33.375
18,9,-5.83698,0.0,0.0,29.66667
18,10,-3.03853,0.00253,0.00507,26.7
18,11,-0.9801,0.3276,0.39833,24.27273
18,12,-4.65055,0.0,1e-05,22.25
18,13,-1.07681,0.28218,0.35026,20.53846
18,14,5.77787,0.0,0.0,19.07143
18,15,4.40762,1e-05,4e-05,17.8
18,16,-1.07375,0.28355,0.35165,16.6875
18,17,-3.20648,0.00145,0.00306,15.70588
18,18,-5.13826,0.0,0.0,14.83333
18,19,-3.81132,0.00016,0.0004,14.05263
18,20,-7.01529,0.0,0.0,13.35
18,21,-7.43765,0.0,0.0,12.71429
18,22,0.53792,0.59092,0.65225,12.13636
18,23,3.96686,9e-05,0.00023,11.6087
18,24,2.38045,0.01773,0.02945,11.125
18,25,4.87125,0.0,1e-05,10.68
18,26,3.91748,0.0001,0.00027,10.26923
18,27,-0.36916,0.7122,0.7611,9.88889
18,28,-2.21611,0.02722,0.04351,9.53571
18,29,2.61924,0.00913,0.01614,9.2069
18,30,-1.34305,0.17998,0.23549,8.9
18,31,-0.70444,0.48155,0.55007,8.6129
18,32,2.39965,0.01684,0.02807,8.34375
18,33,3.61728,0.00033,0.0008,8.09091
18,34,-0.80564,0.42091,0.49275,7.85294
18,35,0.96222,0.33649,0.40753,7.62857
18,36,0.44675,0.65529,0.70999,7.41667
18,37,2.62517,0.00898,0.01589,7.21622
18,38,4.27532,2e-05,7e-05,7.02632
18,39,6.38976,0.0,0.0,6.84615
18,40,4.11919,5e-05,0.00013,6.675
18,41,1.90007,0.05811,0.08603,6.5122
18,42,3.17627,0.0016,0.00336,6.35714
18,43,-0.72485,0.46894,0.53805,6.2093
18,44,1.75915,0.07928,0.11348,6.06818
18,45,-1.40523,0.16069,0.21306,5.93333
18,46,-1.84171,0.06622,0.0965,5.80435
18,47,-4.4819,1e-05,3e-05,5.68085
18,48,0.14566,0.88426,0.90878,5.5625
18,49,1.7476,0.08126,0.11602,5.44898
18,50,0.72439,0.46923,0.5383,5.34
18,51,6.73834,0.0,0.0,5.23529
18,52,3.83246,0.00015,0.00037,5.13462
18,53,4.5046,1e-05,3e-05,5.03774
18,54,-4.9624,0.0,0.0,4.94444
18,55,-2.30395,0.02171,0.03535,4.85455
18,56,-5.31411,0.0,0.0,4.76786
18,57,-3.12544,0.0019,0.00391,4.68421
18,58,-1.47898,0.13989,0.18775,4.60345
18,59,3.45021,0.00062,0.0014,4.52542
18,60,5.00047,0.0,0.0,4.45
18,61,5.86168,0.0,0.0,4.37705
18,62,2.43465,0.01532,0.02581,4.30645
18,63,3.04994,0.00243,0.00491,4.2381
18,64,4.02657,7e-05,0.00018,4.17188
18,65,3.12079,0.00193,0.00397,4.10769
18,66,2.10648,0.03575,0.05575,4.04545
18,67,3.91599,0.0001,0.00028,3.98507
18,68,5.22146,0.0,0.0,3.92647
18,69,2.73444,0.00651,0.0119,3.86957
18,70,-3.11622,0.00196,0.00402,3.81429
18,71,-1.88651,0.05991,0.08838,3.76056
18,72,0.27152,0.78612,0.8253,3.70833
18,73,-3.95044,9e-05,0.00024,3.65753
18,74,-2.2019,0.02821,0.04495,3.60811
18,75,-4.40683,1e-05,4e-05,3.56
18,76,-3.58702,0.00037,0.00088,3.51316
18,77,-7.26838,0.0,0.0,3.46753
18,78,-2.80622,0.00524,0.00984,3.42308
18,79,-5.17313,0.0,0.0,3.37975
18,80,-3.43098,0.00066,0.00149,3.3375
18,81,-0.43743,0.66202,0.71589,3.2963
18,82,-0.93013,0.35284,0.42484,3.2561
18,83,-2.64326,0.00852,0.01515,3.21687
18,84,3.0322,0.00258,0.00517,3.17857
18,85,2.86325,0.0044,0.00842,3.14118
18,86,3.4065,0.00072,0.00161,3.10465
18,87,5.23336,0.0,0.0,3.06897
18,88,7.55298,0.0,0.0,3.03409
18,89,7.26541,0.0,0.0,3.0
18,90,6.76885,0.0,0.0,2.96667
18,91,5.04737,0.0,0.0,2.93407
18,92,1.83078,0.06784,0.09864,2.90217
18,93,-0.00097,0.99923,0.99933,2.87097
18,94,1.59983,0.11039,0.15171,2.84043
18,95,0.27426,0.78402,0.82335,2.81053
18,96,-3.01375,0.00274,0.00546,2.78125
18,97,-1.55487,0.12073,0.1645,2.75258
18,98,-3.71061,0.00023,0.00058,2.72449
18,99,-5.90148,0.0,0.0,2.69697
18,100,-8.45424,0.0,0.0,2.67
18,101,-2.48096,0.01349,0.02301,2.64356
18,102,-2.93928,0.00347,0.00679,2.61765
18,103,-1.79263,0.07375,0.10625,2.59223
18,104,-2.00354,0.04576,0.0696,2.56731
18,105,2.21507,0.02729,0.04361,2.54286
18,106,-2.25949,0.02436,0.03925,2.51887
18,107,-3.17208,0.00162,0.0034,2.49533
18,108,-2.92969,0.00358,0.00696,2.47222
18,109,-3.08556,0.00217,0.00441,2.44954
18,110,-3.14639,0.00177,0.00367,2.42727
18,111,-8.14427,0.0,0.0,2.40541
18,112,-11.4119,0.0,0.0,2.38393
18,113,-10.71294,0.0,0.0,2.36283
18,114,-6.03188,0.0,0.0,2.34211
18,115,0.38017,0.70401,0.75372,2.32174
18,116,7.58118,0.0,0.0,2.30172
18,117,6.83183,0.0,0.0,2.28205
18,118,6.33932,0.0,0.0,2.26271
18,119,7.30823,0.0,0.0,2.2437
18,120,6.96408,0.0,0.0,2.225
18,121,1.76851,0.0777,0.11143,2.20661
18,122,2.06976,0.03908,0.06039,2.18852
18,123,-5.48427,0.0,0.0,2.17073
18,124,-3.2981,0.00106,0.00229,2.15323
18,125,-1.12717,0.26031,0.32619,2.136
18,126,0.02717,0.97834,0.98276,2.11905
18,127,2.72469,0.0067,0.01223,2.10236
18,128,3.39092,0.00076,0.0017,2.08594
18,129,6.73443,0.0,0.0,2.06977
18,130,0.50771,0.61192,0.67107,2.05385
18,131,3.17808,0.00159,0.00334,2.03817
18,132,3.90938,0.00011,0.00028,2.02273
18,133,4.57513,1e-05,2e-05,2.00752
19,1,0.74412,0.45722,0.52742,1479.0
19,2,-0.00164,0.99869,0.99899,739.5
19,3,-0.92281,0.35664,0.42848,493.0
19,4,-4.02149,7e-05,0.00019,369.75
19,5,-3.91535,0.00011,0.00028,295.8
19,6,-5.20301,0.0,0.0,246.5
19,7,-3.79755,0.00017,0.00042,211.28571
19,8,-3.26825,0.00117,0.00252,184.875
19,9,-1.66886,0.09589,0.13416,164.33333
19,10,-2.79383,0.00545,0.01017,147.9
19,11,-2.44745,0.01479,0.02501,134.45455
19,12,-4.56999,1e-05,2e-05,123.25
19,13,-5.83545,0.0,0.0,113.76923
19,14,-5.994,0.0,0.0,105.64286
19,15,-6.90767,0.0,0.0,98.6
19,16,-8.69742,0.0,0.0,92.4375
19,17,-6.96976,0.0,0.0,87.0
19,18,-0.2379,0.81207,0.84712,82.16667
19,19,2.02792,0.0432,0.06606,77.84211
19,20,4.1478,4e-05,0.00012,73.95
19,21,5.26694,0.0,0.0,70.42857
19,22,4.21242,3e-05,9e-05,67.22727
19,23,2.9879,0.00297,0.0059,64.30435
19,24,-0.44366,0.65751,0.71194,61.625
19,25,-0.67933,0.4973,0.56526,59.16
19,26,-3.6139,0.00034,0.0008,56.88462
19,27,-1.93455,0.05371,0.08014,54.77778
19,28,-0.75675,0.44962,0.52052,52.82143
19,29,-0.0511,0.95927,0.96885,51.0
19,30,7.01964,0.0,0.0,49.3
19,31,1.51102,0.13153,0.17767,47.70968
19,32,0.61959,0.53586,0.60204,46.21875
19,33,0.83812,0.40244,0.47513,44.81818
19,34,2.16936,0.03061,0.04844,43.5
19,35,6.05371,0.0,0.0,42.25714
19,36,1.31018,0.19085,0.24803,41.08333
19,37,3.04503,0.00247,0.00498,39.97297
19,38,3.13706,0.00183,0.00378,38.92105
19,39,3.85888,0.00013,0.00034,37.92308
19,40,2.46267,0.01419,0.0241,36.975
19,41,2.60317,0.00956,0.01681,36.07317
19,42,3.46655,0.00058,0.00133,35.21429
19,43,0.65093,0.51545,0.58296,34.39535
19,44,-2.76592,0.00593,0.01095,33.61364
19,45,-1.39568,0.16355,0.21634,32.86667
19,46,-2.6067,0.00947,0.01668,32.15217
19,47,-2.38802,0.01738,0.0289,31.46809
19,48,-2.87229,0.00428,0.00821,30.8125
19,49,0.04306,0.96567,0.97351,30.18367
19,50,-1.37859,0.16875,0.22252,29.58
19,51,-0.1178,0.90628,0.92665,29.0
19,52,3.12844,0.00188,0.00388,28.44231
19,53,1.68817,0.09212,0.12967,27.90566
19,54,3.3854,0.00078,0.00173,27.38889
19,55,3.60648,0.00035,0.00082,26.89091
19,56,4.23999,3e-05,8e-05,26.41071
19,57,4.6231,1e-05,2e-05,25.94737
19,58,8.5987,0.0,0.0,25.5
19,59,7.84133,0.0,0.0,25.0678
19,60,7.8919,0.0,0.0,24.65
19,61,5.35891,0.0,0.0,24.2459
19,62,3.18268,0.00157,0.00329,23.85484
19,63,-1.03052,0.30335,0.37293,23.47619
19,64,2.62783,0.00891,0.01578,23.10938
19,65,-0.15008,0.88078,0.90567,22.75385
19,66,0.93902,0.34826,0.41988,22.40909
19,67,3.21605,0.0014,0.00297,22.07463
19,68,5.5538,0.0,0.0,21.75
19,69,0.69014,0.49048,0.55884,21.43478
19,70,1.90411,0.05758,0.08534,21.12857
19,71,0.8208,0.41222,0.48434,20.83099
19,72,-2.03323,0.04265,0.06533,20.54167
19,73,-1.88231,0.06048,0.0891,20.26027
19,74,-3.6054,0.00035,0.00083,19.98649
19,75,0.91391,0.36129,0.43327,19.72
19,76,0.82699,0.40871,0.48101,19.46053
19,77,10.73672,0.0,0.0,19.20779
19,78,10.61568,0.0,0.0,18.96154
19,79,10.15278,0.0,0.0,18.72152
19,80,7.71319,0.0,0.0,18.4875
19,81,7.41819,0.0,0.0,18.25926
19,82,6.24356,0.0,0.0,18.03659
19,83,4.84154,0.0,1e-05,17.81928
19,84,-0.84119,0.40072,0.47366,17.60714
19,85,-0.92327,0.35639,0.42824,17.4
19,86,0.15547,0.87653,0.90228,17.19767
19,87,-0.04926,0.96074,0.96992,17.0
19,88,-1.82641,0.0685,0.09941,16.80682
19,89,-0.10292,0.91807,0.93555,16.61798
19,90,-2.27316,0.02352,0.03798,16.43333
19,91,-0.54861,0.58357,0.64585,16.25275
19,92,-1.94454,0.05249,0.07862,16.07609
19,93,-1.45787,0.14562,0.19458,15.90323
19,94,-1.43006,0.15344,0.20399,15.73404
19,95,0.05418,0.95682,0.96726,15.56842
19,96,-1.07029,0.2851,0.35344,15.40625
19,97,-0.66104,0.50895,0.57698,15.24742
19,98,-1.99542,0.04664,0.07078,15.09184
19,99,-0.32865,0.74258,0.78752,14.93939
19,100,-2.05272,0.04072,0.06272,14.79
19,101,-1.12514,0.26117,0.32714,14.64356
19,102,-0.56891,0.56972,0.6334,14.5
19,103,-0.13875,0.88971,0.91354,14.35922
19,104,-0.38916,0.69735,0.74804,14.22115
19,105,-1.18078,0.23836,0.30154,14.08571
19,106,1.13441,0.25727,0.32306,13.95283
19,107,0.36021,0.71887,0.76716,13.82243
19,108,-1.10461,0.26996,0.33667,13.69444
19,109,0.23685,0.81289,0.84762,13.56881
19,110,-1.0012,0.3173,0.38736,13.44545
19,111,0.0898,0.92849,0.94348,13.32432
19,112,-2.46903,0.01394,0.02371,13.20536
19,113,-4.49232,1e-05,3e-05,13.0885
19,114,-2.48565,0.01332,0.02274,12.97368
19,115,-1.96949,0.04955,0.07458,12.86087
19,116,-2.65779,0.00816,0.01458,12.75
19,117,-1.8657,0.06278,0.0921,12.64103
19,118,-1.73421,0.08361,0.11897,12.5339
19,119,0.37968,0.70437,0.75395,12.42857
19,120,0.59718,0.55071,0.61595,12.325
19,121,0.16292,0.87066,0.8972,12.22314
19,122,-0.6595,0.50994,0.57791,12.12295
19,123,-2.16877,0.03066,0.04849,12.02439
19,124,3.42785,0.00067,0.00151,11.92742
19,125,4.40676,1e-05,4e-05,11.832
19,126,4.27027,2e-05,7e-05,11.7381
19,127,4.99702,0.0,0.0,11.64567
19,128,5.10013,0.0,0.0,11.55469
19,129,1.19899,0.2312,0.29361,11.46512
19,130,0.84536,0.39839,0.47146,11.37692
19,131,-0.23242,0.81633,0.8504,11.29008
19,132,-0.243,0.80812,0.84344,11.20455
19,133,-1.0393,0.29926,0.36858,11.1203
19,134,-0.90454,0.36622,0.43816,11.03731
19,135,-3.16775,0.00165,0.00344,10.95556
19,136,-1.59712,0.11099,0.15248,10.875
19,137,-2.59061,0.00991,0.01736,10.79562
19,138,-3.15644,0.00171,0.00356,10.71739
19,139,-4.27571,2e-05,7e-05,10.64029
19,140,-2.91072,0.0038,0.00735,10.56429
19,141,-2.76722,0.0059,0.01092,10.48936
19,142,-3.07245,0.00226,0.00459,10.41549
19,143,-1.94016,0.05303,0.07928,10.34266
19,144,0.52862,0.59735,0.65821,10.27083
19,145,4.84947,0.0,1e-05,10.2
19,146,5.75991,0.0,0.0,10.13014
19,147,6.42478,0.0,0.0,10.06122
19,148,8.51664,0.0,0.0,9.99324
19,149,6.78265,0.0,0.0,9.92617
19,150,4.94564,0.0,0.0,9.86
19,151,1.37578,0.16962,0.22357,9.7947
19,152,-2.57759,0.01029,0.01794,9.73026
19,153,-0.68473,0.49389,0.56195,9.66667
19,154,0.38743,0.69863,0.74933,9.6039
19,155,-1.30656,0.19207,0.24936,9.54194
19,156,-1.52695,0.12752,0.17277,9.48077
19,157,1.57219,0.11666,0.15954,9.42038
19,158,3.76052,0.00019,0.00048,9.36076
19,159,6.12022,0.0,0.0,9.30189
19,160,7.00909,0.0,0.0,9.24375
19,161,1.11205,0.26675,0.33321,9.18634
19,162,5.4619,0.0,0.0,9.12963
19,163,6.66775,0.0,0.0,9.07362
19,164,6.78706,0.0,0.0,9.01829
19,165,8.37413,0.0,0.0,8.96364
19,166,11.04881,0.0,0.0,8.90964
19,167,8.02492,0.0,0.0,8.85629
19,168,6.90684,0.0,0.0,8.80357
19,169,5.55098,0.0,0.0,8.75148
19,170,3.92464,0.0001,0.00027,8.7
19,171,-0.43355,0.66483,0.71839,8.64912
19,172,-2.35103,0.01918,0.0316,8.59884
19,173,-0.72758,0.46728,0.53655,8.54913
19,174,0.55935,0.57622,0.63899,8.5
19,175,4.82248,0.0,1e-05,8.45143
19,176,-1.04928,0.29465,0.36384,8.40341
19,177,-1.60664,0.10888,0.14983,8.35593
19,178,-3.15029,0.00175,0.00363,8.30899
19,179,-6.64061,0.0,0.0,8.26257
19,180,-9.77105,0.0,0.0,8.21667
19,181,-8.78763,0.0,0.0,8.17127
19,182,-6.9544,0.0,0.0,8.12637
19,183,-6.46075,0.0,0.0,8.08197
19,184,-6.65974,0.0,0.0,8.03804
19,185,-1.81397,0.07039,0.10196,7.99459
19,186,-5.10595,0.0,0.0,7.95161
19,187,-7.23599,0.0,0.0,7.90909
19,188,-9.12921,0.0,0.0,7.86702
19,189,-9.20391,0.0,0.0,7.8254
19,190,-8.80811,0.0,0.0,7.78421
19,191,-8.30972,0.0,0.0,7.74346
19,192,-1.61051,0.10804,0.14879,7.70312
19,193,-0.35534,0.72252,0.77032,7.66321
19,194,4.77757,0.0,1e-05,7.62371
19,195,6.69821,0.0,0.0,7.58462
19,196,8.85131,0.0,0.0,7.54592
19,197,9.05418,0.0,0.0,7.50761
19,198,8.50982,0.0,0.0,7.4697
19,199,6.58895,0.0,0.0,7.43216
19,200,2.13075,0.03369,0.05283,7.395
19,201,-5.51121,0.0,0.0,7.35821
19,202,-1.88952,0.05951,0.08784,7.32178
19,203,-3.61403,0.00034,0.0008,7.28571
19,204,-3.10185,0.00205,0.0042,7.25
19,205,-4.04575,6e-05,0.00017,7.21463
19,206,-3.91998,0.0001,0.00027,7.17961
19,207,-2.00186,0.04594,0.06983,7.14493
19,208,-1.1053,0.26966,0.33649,7.11058
19,209,-1.56045,0.1194,0.16299,7.07656
19,210,1.09344,0.27483,0.34202,7.04286
19,211,2.44159,0.01503,0.02537,7.00948
19,212,1.78966,0.07423,0.10687,6.97642
19,213,-1.82195,0.06917,0.10032,6.94366
19,214,-2.79942,0.00535,0.01002,6.91121
19,215,-8.30873,0.0,0.0,6.87907
19,216,-8.7198,0.0,0.0,6.84722
19,217,-8.57517,0.0,0.0,6.81567
19,218,-7.98131,0.0,0.0,6.7844
19,219,-9.08634,0.0,0.0,6.75342
19,220,-6.68819,0.0,0.0,6.72273
19,221,-7.73607,0.0,0.0,6.69231
19,222,-9.52243,0.0,0.0,6.66216
19,223,-9.60948,0.0,0.0,6.63229
19,224,-9.58633,0.0,0.0,6.60268
19,225,-8.49805,0.0,0.0,6.57333
19,226,-5.56415,0.0,0.0,6.54425
19,227,-6.54554,0.0,0.0,6.51542
19,228,5.17991,0.0,0.0,6.48684
19,229,9.3845,0.0,0.0,6.45852
19,230,9.99432,0.0,0.0,6.43043
19,231,8.18902,0.0,0.0,6.4026
19,232,4.33723,2e-05,5e-05,6.375
19,233,5.05746,0.0,0.0,6.34764
19,234,4.30218,2e-05,6e-05,6.32051
19,235,0.0835,0.9335,0.94713,6.29362
19,236,1.02613,0.30542,0.37519,6.26695
19,237,0.45723,0.64774,0.70329,6.24051
19,238,1.70313,0.08928,0.12615,6.21429
19,239,-1.16985,0.24272,0.30664,6.18828
19,240,-1.62998,0.10385,0.14374,6.1625
19,241,-0.39874,0.69029,0.74173,6.13693
19,242,2.49396,0.01301,0.02227,6.11157
19,243,1.3965,0.1633,0.2161,6.08642
19,244,0.1539,0.87776,0.9034,6.06148
19,245,1.19141,0.23416,0.29688,6.03673
19,246,0.26185,0.79356,0.83136,6.0122
19,247,-1.03354,0.30195,0.37143,5.98785
19,248,2.10269,0.03608,0.05622,5.96371
19,249,1.16321,0.2454,0.30944,5.93976
19,250,2.24063,0.02557,0.04105,5.916
19,251,2.95123,0.00334,0.00656,5.89243
19,252,2.66143,0.00808,0.01446,5.86905
19,253,0.92925,0.35329,0.42528,5.84585
19,254,2.56031,0.01081,0.01879,5.82283
19,255,1.66192,0.09727,0.13578,5.8
19,256,0.59416,0.55272,0.61793,5.77734
19,257,1.66136,0.09738,0.1359,5.75486
19,258,-1.97197,0.04927,0.07424,5.73256
19,259,-1.40339,0.16123,0.21365,5.71042
19,260,0.49106,0.62364,0.68101,5.68846
19,261,-2.75753,0.00608,0.01121,5.66667
19,262,0.98648,0.32446,0.39495,5.64504
19,263,-0.46497,0.64219,0.69784,5.62357
19,264,-1.54776,0.12243,0.16667,5.60227
19,265,-5.93906,0.0,0.0,5.58113
19,266,-4.5738,1e-05,2e-05,5.56015
19,267,-3.61447,0.00034,0.0008,5.53933
19,268,-1.63361,0.10309,0.14286,5.51866
19,269,-1.83395,0.06737,0.09803,5.49814
19,270,0.1947,0.84572,0.87475,5.47778
19,271,-1.6791,0.09387,0.13177,5.45756
19,272,0.92797,0.35395,0.42593,5.4375
19,273,-2.19454,0.02874,0.04573,5.41758
19,274,-3.97905,8e-05,0.00022,5.39781
19,275,1.08997,0.27635,0.34375,5.37818
19,276,1.03227,0.30254,0.37211,5.3587
19,277,2.29163,0.02242,0.03638,5.33935
19,278,3.41329,0.0007,0.00158,5.32014
19,279,4.19926,3e-05,9e-05,5.30108
19,280,5.0959,0.0,0.0,5.28214
19,281,6.65296,0.0,0.0,5.26335
19,282,6.98037,0.0,0.0,5.24468
19,283,7.01991,0.0,0.0,5.22615
19,284,5.5916,0.0,0.0,5.20775
19,285,6.849,0.0,0.0,5.18947
19,286,0.81229,0.41708,0.4893,5.17133
19,287,0.22199,0.82443,0.85723,5.15331
19,288,1.73463,0.08354,0.11889,5.13542
19,289,-3.22147,0.00137,0.00292,5.11765
19,290,-0.33402,0.73853,0.78455,5.1
19,291,-0.3765,0.70673,0.75599,5.08247
19,292,-2.4789,0.01357,0.02313,5.06507
19,293,-4.13422,4e-05,0.00012,5.04778
19,294,-4.56086,1e-05,2e-05,5.03061
19,295,-4.84376,0.0,1e-05,5.01356
19,296,-6.44976,0.0,0.0,4.99662
19,297,-3.49646,0.00052,0.0012,4.9798
19,298,-4.11054,5e-05,0.00013,4.96309
19,299,-4.31506,2e-05,6e-05,4.94649
19,300,-2.16592,0.03088,0.0488,4.93
19,301,-1.15547,0.24855,0.31318,4.91362
19,302,-0.5385,0.59052,0.65198,4.89735
19,303,6.19088,0.0,0.0,4.88119
19,304,7.27588,0.0,0.0,4.86513
19,305,5.75485,0.0,0.0,4.84918
19,306,7.12022,0.0,0.0,4.83333
19,307,6.8493,0.0,0.0,4.81759
19,308,4.16423,4e-05,0.00011,4.80195
19,309,1.29272,0.19682,0.25486,4.78641
19,310,1.1887,0.23523,0.29808,4.77097
19,311,-5.27899,0.0,0.0,4.75563
19,312,-2.66761,0.00793,0.01422,4.74038
19,313,4.80382,0.0,1e-05,4.72524
19,314,7.38077,0.0,0.0,4.71019
19,315,3.636,0.00031,0.00075,4.69524
19,316,5.372,0.0,0.0,4.68038
19,317,6.47339,0.0,0.0,4.66562
19,318,6.07126,0.0,0.0,4.65094
19,319,3.65375,0.00029,0.0007,4.63636
19,320,3.71887,0.00023,0.00056,4.62188
19,321,4.11266,5e-05,0.00013,4.60748
19,322,0.26743,0.78927,0.82782,4.59317
19,323,-0.71956,0.47219,0.54102,4.57895
19,324,-1.63059,0.10372,0.14364,4.56481
19,325,-1.69125,0.09153,0.12893,4.55077
19,326,-2.7078,0.00705,0.01278,4.53681
19,327,-2.53373,0.01165,0.02014,4.52294
19,328,1.22219,0.22232,0.28355,4.50915
19,329,0.58992,0.55556,0.62048,4.49544
19,330,3.01228,0.00275,0.00548,4.48182
19,331,-3.4754,0.00056,0.00129,4.46828
19,332,-5.46178,0.0,0.0,4.45482
19,333,-7.03201,0.0,0.0,4.44144
19,334,-7.78781,0.0,0.0,4.42814
19,335,-7.43554,0.0,0.0,4.41493
19,336,-7.66953,0.0,0.0,4.40179
19,337,-1.84634,0.06554,0.0956,4.38872
19,338,-1.8027,0.07215,0.10418,4.37574
19,339,-0.97321,0.33101,0.40184,4.36283
19,340,-0.52252,0.60159,0.66213,4.35
19,341,0.08447,0.93272,0.94682,4.33724
19,342,4.99668,0.0,0.0,4.32456
19,343,0.3334,0.739,0.7848,4.31195
19,344,0.75366,0.45147,0.52212,4.29942
19,345,-1.68363,0.09299,0.13076,4.28696
19,346,-0.35151,0.72538,0.77305,4.27457
19,347,-2.21993,0.02695,0.04312,4.26225
19,348,-2.96304,0.00322,0.00634,4.25
19,349,-0.37934,0.70463,0.75409,4.23782
19,350,3.44868,0.00062,0.00141,4.22571
19,351,3.28562,0.0011,0.00238,4.21368
19,352,0.44067,0.65968,0.7139,4.2017
19,353,1.04498,0.29663,0.36588,4.1898
19,354,-0.10643,0.91529,0.93329,4.17797
19,355,-4.67006,0.0,1e-05,4.1662
19,356,-3.20969,0.00143,0.00303,4.15449
19,357,-2.45235,0.0146,0.02471,4.14286
19,358,-2.33504,0.02001,0.03285,4.13128
19,359,-5.37108,0.0,0.0,4.11978
19,360,-4.879,0.0,1e-05,4.10833
19,361,-5.53922,0.0,0.0,4.09695
19,362,-5.5282,0.0,0.0,4.08564
19,363,0.25838,0.79624,0.83347,4.07438
19,364,-0.13809,0.89023,0.91388,4.06319
19,365,3.04964,0.00244,0.00491,4.05205
19,366,2.97267,0.00312,0.00617,4.04098
19,367,4.25832,3e-05,7e-05,4.02997
19,368,-1.19441,0.23299,0.29565,4.01902
19,369,1.06256,0.28859,0.35724,4.00813
19,370,-1.51778,0.12982,0.17562,3.9973
19,371,-0.64852,0.517,0.5842,3.98652
19,372,0.85236,0.3945,0.46741,3.97581
19,373,0.61492,0.53894,0.60502,3.96515
19,374,0.23623,0.81337,0.84803,3.95455
19,375,-6.20278,0.0,0.0,3.944
19,376,-2.28405,0.02286,0.03704,3.93351
19,377,-4.01221,7e-05,0.00019,3.92308
19,378,-4.54453,1e-05,2e-05,3.9127
19,379,-6.72333,0.0,0.0,3.90237
19,380,-5.55755,0.0,0.0,3.89211
19,381,-2.78663,0.00557,0.01036,3.88189
19,382,-3.46951,0.00058,0.00131,3.87173
19,383,-4.6332,0.0,2e-05,3.86162
19,384,-1.20818,0.22765,0.28962,3.85156
19,385,-0.31516,0.75279,0.79632,3.84156
19,386,2.51462,0.01229,0.02115,3.83161
19,387,6.67705,0.0,0.0,3.82171
19,388,7.03189,0.0,0.0,3.81186
19,389,6.901,0.0,0.0,3.80206
19,390,6.98939,0.0,0.0,3.79231
19,391,6.47497,0.0,0.0,3.78261
19,392,5.41412,0.0,0.0,3.77296
19,393,1.23033,0.21926,0.28033,3.76336
19,394,1.3447,0.17944,0.23489,3.75381
19,395,2.21287,0.02744,0.04382,3.7443
19,396,-0.0651,0.94813,0.95983,3.73485
19,397,-1.75679,0.07968,0.11404,3.72544
19,398,-1.95295,0.05149,0.07725,3.71608
19,399,-1.98596,0.04768,0.07215,3.70677
19,400,-8.55613,0.0,0.0,3.6975
19,401,-8.26225,0.0,0.0,3.68828
19,402,-1.7224,0.08573,0.12172,3.6791
19,403,0.35081,0.72591,0.77352,3.66998
19,404,-1.78483,0.07501,0.10791,3.66089
19,405,-1.688,0.09215,0.1297,3.65185
19,406,3.04401,0.00248,0.00499,3.64286
19,407,1.8337,0.0674,0.09807,3.63391
19,408,0.99571,0.31996,0.39028,3.625
19,409,1.72612,0.08506,0.12085,3.61614
19,410,-0.95351,0.34088,0.41218,3.60732
19,411,-0.02874,0.97709,0.9818,3.59854
19,412,-0.8307,0.40661,0.47904,3.58981
19,413,-2.28692,0.0227,0.0368,3.58111
19,414,-2.95563,0.0033,0.00648,3.57246
19,415,0.65473,0.513,0.58059,3.56386
19,416,5.32175,0.0,0.0,3.55529
19,417,5.05037,0.0,0.0,3.54676
19,418,7.20905,0.0,0.0,3.53828
19,419,8.32953,0.0,0.0,3.52983
19,420,9.97456,0.0,0.0,3.52143
19,421,8.91278,0.0,0.0,3.51306
19,422,8.14889,0.0,0.0,3.50474
19,423,3.17621,0.0016,0.00336,3.49645
19,424,2.26737,0.02387,0.03851,3.48821
19,425,-1.57255,0.11657,0.15945,3.48
19,426,-1.73254,0.08391,0.11934,3.47183
19,427,-3.43397,0.00065,0.00148,3.4637
19,428,-4.65354,0.0,1e-05,3.45561
19,429,-7.33966,0.0,0.0,3.44755
19,430,-4.89662,0.0,1e-05,3.43953
19,431,-3.40862,0.00072,0.0016,3.43155
19,432,3.12468,0.0019,0.00392,3.42361
19,433,0.03903,0.96888,0.9759,3.4157
19,434,4.47879,1e-05,3e-05,3.40783
19,435,4.54589,1e-05,2e-05,3.4
19,436,2.9813,0.00304,0.00602,3.3922
19,437,4.19805,3e-05,9e-05,3.38444
19,438,5.06906,0.0,0.0,3.37671
19,439,0.57421,0.56613,0.63024,3.36902
19,440,-0.68212,0.49553,0.56357,3.36136
19,441,-1.47508,0.14094,0.18893,3.35374
19,442,-2.86981,0.00431,0.00827,3.34615
19,443,-0.4169,0.67696,0.7296,3.3386
19,444,-2.53838,0.0115,0.01988,3.33108
19,445,2.7935,0.00545,0.01018,3.3236
19,446,3.31184,0.00101,0.00219,3.31614
19,447,3.53408,0.00045,0.00106,3.30872
19,448,0.02432,0.98061,0.98474,3.30134
19,449,-1.0768,0.28218,0.35026,3.29399
19,450,2.63462,0.00873,0.0155,3.28667
19,451,2.77411,0.00578,0.01073,3.27938
19,452,0.64011,0.52245,0.58949,3.27212
19,453,1.59393,0.1117,0.15339,3.2649
19,454,-3.13704,0.00183,0.00378,3.25771
19,455,-3.19599,0.0015,0.00316,3.25055
19,456,-5.75451,0.0,0.0,3.24342
19,457,-5.64982,0.0,0.0,3.23632
19,458,0.19601,0.8447,0.87386,3.22926
19,459,0.01565,0.98752,0.99019,3.22222
19,460,-0.07663,0.93896,0.9516,3.21522
19,461,0.72417,0.46936,0.53839,3.20824
19,462,0.92157,0.35728,0.42916,3.2013
19,463,0.953,0.34114,0.41244,3.19438
19,464,-0.71113,0.4774,0.54604,3.1875
19,465,5.81028,0.0,0.0,3.18065
19,466,5.75569,0.0,0.0,3.17382
19,467,5.83638,0.0,0.0,3.16702
19,468,4.13526,4e-05,0.00012,3.16026
19,469,4.49905,1e-05,3e-05,3.15352
19,470,0.17979,0.8574,0.88545,3.14681
19,471,2.15066,0.03207,0.05053,3.14013
19,472,-0.70439,0.48158,0.55007,3.13347
19,473,-4.84696,0.0,1e-05,3.12685
19,474,-4.84309,0.0,1e-05,3.12025
19,475,-5.25156,0.0,0.0,3.11368
19,476,-1.95716,0.05099,0.07659,3.10714
19,477,-2.21295,0.02744,0.04382,3.10063
19,478,0.92001,0.35809,0.42992,3.09414
19,479,0.46661,0.64102,0.69679,3.08768
19,480,2.25419,0.0247,0.03976,3.08125
19,481,2.11514,0.035,0.05469,3.07484
19,482,0.75839,0.44864,0.51962,3.06846
19,483,1.59079,0.11241,0.15428,3.06211
19,484,2.64128,0.00857,0.01524,3.05579
19,485,1.34108,0.18062,0.23623,3.04948
19,486,-2.84688,0.00463,0.0088,3.04321
19,487,-4.20849,3e-05,9e-05,3.03696
19,488,-0.82592,0.40932,0.48158,3.03074
19,489,-2.01771,0.04425,0.06754,3.02454
19,490,-0.87288,0.38322,0.45562,3.01837
19,491,0.49208,0.62292,0.68037,3.01222
19,492,-0.21419,0.8305,0.86239,3.0061
19,493,-1.71632,0.08684,0.12319,3.0
19,494,-4.63359,0.0,2e-05,2.99393
19,495,-2.34064,0.01972,0.03241,2.98788
19,496,-1.48467,0.13838,0.18598,2.98185
19,497,2.1633,0.03108,0.04909,2.97586
19,498,-0.72296,0.4701,0.53899,2.96988
19,499,2.58544,0.01006,0.01759,2.96393
19,500,-0.45423,0.6499,0.70514,2.958
19,501,-0.91557,0.36041,0.43245,2.9521
19,502,1.65619,0.09843,0.13722,2.94622
19,503,-0.26264,0.79296,0.83108,2.94036
19,504,1.78375,0.07518,0.10814,2.93452
19,505,4.00028,7e-05,0.0002,2.92871
19,506,4.32611,2e-05,6e-05,2.92292
19,507,-0.97548,0.32988,0.40079,2.91716
19,508,0.53845,0.59055,0.65198,2.91142
19,509,0.8509,0.39531,0.4682,2.9057
19,510,0.78301,0.43406,0.50543,2.9
19,511,-3.45527,0.00061,0.00138,2.89432
19,512,-0.54736,0.58442,0.6465,2.88867
19,513,-1.70916,0.08816,0.12474,2.88304
19,514,-3.10541,0.00203,0.00416,2.87743
19,515,-4.27591,2e-05,7e-05,2.87184
19,516,-4.62071,1e-05,2e-05,2.86628
19,517,-2.67784,0.0077,0.01385,2.86074
19,518,-3.61028,0.00034,0.00081,2.85521
19,519,-3.26184,0.0012,0.00257,2.84971
19,520,0.6626,0.50795,0.57591,2.84423
19,521,2.28667,0.02271,0.03681,2.83877
19,522,5.07794,0.0,0.0,2.83333
19,523,4.7324,0.0,1e-05,2.82792
19,524,3.09414,0.00211,0.0043,2.82252
19,525,2.17462,0.03021,0.04782,2.81714
19,526,1.30323,0.19321,0.25064,2.81179
19,527,1.56849,0.11752,0.16061,2.80645
19,528,4.5503,1e-05,2e-05,2.80114
19,529,5.6414,0.0,0.0,2.79584
19,530,5.782,0.0,0.0,2.79057
19,531,4.66206,0.0,1e-05,2.78531
19,532,1.67024,0.09561,0.13388,2.78008
19,533,-0.71808,0.4731,0.54193,2.77486
19,534,-0.84003,0.40137,0.47417,2.76966
19,535,-0.02215,0.98234,0.98599,2.76449
19,536,-2.47463,0.01373,0.02337,2.75933
19,537,-2.30372,0.02172,0.03536,2.75419
19,538,-2.10891,0.03554,0.05544,2.74907
19,539,-3.77146,0.00019,0.00046,2.74397
19,540,-1.04611,0.29611,0.36541,2.73889
19,541,-0.23481,0.81447,0.84882,2.73383
19,542,-0.33405,0.73851,0.78455,2.72878
19,543,2.74786,0.00626,0.01148,2.72376
19,544,3.82571,0.00015,0.00038,2.71875
19,545,4.5685,1e-05,2e-05,2.71376
19,546,3.58638,0.00037,0.00088,2.70879
19,547,3.84615,0.00014,0.00036,2.70384
19,548,2.50944,0.01247,0.02142,2.69891
19,549,0.84253,0.39997,0.47294,2.69399
19,550,1.10622,0.26926,0.33614,2.68909
19,551,3.05158,0.00242,0.00488,2.68421
19,552,4.61718,1e-05,2e-05,2.67935
19,553,3.63309,0.00031,0.00075,2.6745
19,554,2.04403,0.04157,0.06385,2.66968
19,555,6.44346,0.0,0.0,2.66486
19,556,3.81199,0.00016,0.0004,2.66007
19,557,4.40774,1e-05,4e-05,2.6553
19,558,3.38324,0.00078,0.00174,2.65054
19,559,3.84697,0.00014,0.00035,2.6458
19,560,1.86112,0.06342,0.09292,2.64107
19,561,3.55497,0.00042,0.00099,2.63636
19,562,0.5063,0.61291,0.67186,2.63167
19,563,-0.88649,0.37586,0.44824,2.627
19,564,-2.50797,0.01252,0.0215,2.62234
19,565,-4.95933,0.0,0.0,2.6177
19,566,-4.0976,5e-05,0.00014,2.61307
19,567,-4.01695,7e-05,0.00019,2.60847
19,568,-5.0742,0.0,0.0,2.60387
19,569,-8.14157,0.0,0.0,2.5993
19,570,-3.93684,0.0001,0.00026,2.59474
19,571,-5.04217,0.0,0.0,2.59019
19,572,-6.10809,0.0,0.0,2.58566
19,573,-5.3357,0.0,0.0,2.58115
19,574,-2.76325,0.00597,0.01104,2.57666
19,575,-3.71398,0.00023,0.00057,2.57217
19,576,-3.87755,0.00012,0.00032,2.56771
19,577,1.77712,0.07627,0.10958,2.56326
19,578,2.78533,0.00559,0.0104,2.55882
19,579,1.17581,0.24033,0.30393,2.5544
19,580,-0.48579,0.62737,0.68433,2.55
19,581,1.17322,0.24137,0.30509,2.54561
19,582,-2.09453,0.03681,0.05728,2.54124
19,583,-1.59734,0.11094,0.15243,2.53688
19,584,-2.41152,0.01631,0.0273,2.53253
19,585,0.42509,0.67099,0.72418,2.52821
19,586,2.60327,0.00956,0.01681,2.52389
19,587,2.2937,0.0223,0.03622,2.51959
19,588,1.10513,0.26973,0.33652,2.51531
19,589,1.00842,0.31383,0.38388,2.51104
19,590,-0.59834,0.54993,0.61543,2.50678
19,591,-1.77011,0.07743,0.11109,2.50254
19,592,-3.91438,0.00011,0.00028,2.49831
19,593,-0.56243,0.57412,0.6373,2.4941
19,594,0.7255,0.46855,0.5377,2.4899
19,595,-3.36664,0.00083,0.00184,2.48571
19,596,-1.1238,0.26174,0.32777,2.48154
19,597,-2.24195,0.02548,0.04092,2.47739
19,598,-1.97039,0.04945,0.07445,2.47324
19,599,-0.47369,0.63597,0.6921,2.46912
19,600,2.10471,0.03591,0.05597,2.465
19,601,-3.2954,0.00107,0.00231,2.4609
19,602,-5.05593,0.0,0.0,2.45681
19,603,-5.19768,0.0,0.0,2.45274
19,604,-8.9299,0.0,0.0,2.44868
19,605,-11.06554,0.0,0.0,2.44463
19,606,-10.51915,0.0,0.0,2.44059
19,607,-0.32689,0.74391,0.78834,2.43657
19,608,0.35049,0.72614,0.77369,2.43257
19,609,3.17037,0.00163,0.00342,2.42857
19,610,4.84177,0.0,1e-05,2.42459
19,611,6.95066,0.0,0.0,2.42062
19,612,7.98008,0.0,0.0,2.41667
19,613,9.32648,0.0,0.0,2.41272
19,614,8.24935,0.0,0.0,2.40879
19,615,5.78256,0.0,0.0,2.40488
19,616,7.53517,0.0,0.0,2.40097
19,617,1.93875,0.0532,0.0795,2.39708
19,618,1.36043,0.17442,0.2293,2.3932
19,619,0.81503,0.41551,0.48757,2.38934
19,620,-2.09254,0.03699,0.05753,2.38548
19,621,-3.60579,0.00035,0.00083,2.38164
19,622,-7.67896,0.0,0.0,2.37781
19,623,-4.51037,1e-05,3e-05,2.374
19,624,0.47059,0.63818,0.69393,2.37019
19,625,2.04731,0.04125,0.06342,2.3664
19,626,3.51553,0.00049,0.00113,2.36262
19,627,3.19067,0.00153,0.00321,2.35885
19,628,0.54291,0.58748,0.64923,2.3551
19,629,-5.97055,0.0,0.0,2.35135
19,630,-6.43699,0.0,0.0,2.34762
19,631,-6.0586,0.0,0.0,2.3439
19,632,-7.52449,0.0,0.0,2.34019
19,633,-7.79898,0.0,0.0,2.33649
19,634,-8.42702,0.0,0.0,2.33281
19,635,-6.76452,0.0,0.0,2.32913
19,636,-7.34309,0.0,0.0,2.32547
19,637,-5.35615,0.0,0.0,2.32182
19,638,-9.87397,0.0,0.0,2.31818
19,639,-7.94897,0.0,0.0,2.31455
19,640,-6.5404,0.0,0.0,2.31094
19,641,-5.15114,0.0,0.0,2.30733
19,642,-2.83452,0.00481,0.00911,2.30374
19,643,-2.67542,0.00775,0.01394,2.30016
19,644,6.19647,0.0,0.0,2.29658
19,645,3.82305,0.00015,0.00039,2.29302
19,646,3.94974,9e-05,0.00024,2.28947
19,647,4.09168,5e-05,0.00014,2.28594
19,648,3.58147,0.00038,0.0009,2.28241
19,649,4.21233,3e-05,9e-05,2.27889
19,650,2.92073,0.00368,0.00714,2.27538
19,651,2.34644,0.01942,0.03196,2.27189
19,652,-3.83898,0.00014,0.00037,2.2684
19,653,-2.73609,0.00648,0.01185,2.26493
19,654,-3.13197,0.00186,0.00384,2.26147
19,655,-3.40893,0.00071,0.0016,2.25802
19,656,-0.74473,0.45685,0.52705,2.25457
19,657,-2.90264,0.00389,0.00753,2.25114
19,658,-0.8365,0.40335,0.47598,2.24772
19,659,-1.32653,0.18538,0.24177,2.24431
19,660,-1.53664,0.12513,0.16988,2.24091
19,661,-1.33408,0.1829,0.23884,2.23752
19,662,-1.00661,0.3147,0.38475,2.23414
19,663,0.77486,0.43885,0.51012,2.23077
19,664,-1.02034,0.30815,0.37809,2.22741
19,665,-0.25242,0.80084,0.83732,2.22406
19,666,-1.43914,0.15085,0.2009,2.22072
19,667,0.29114,0.77109,0.81233,2.21739
19,668,1.06616,0.28696,0.3554,2.21407
19,669,1.1274,0.26021,0.32611,2.21076
19,670,2.37638,0.01793,0.02975,2.20746
19,671,3.52832,0.00046,0.00108,2.20417
19,672,2.3759,0.01795,0.02978,2.20089
19,673,3.48864,0.00054,0.00123,2.19762
19,674,0.92449,0.35576,0.42759,2.19436
19,675,2.71635,0.00687,0.0125,2.19111
19,676,1.66457,0.09674,0.13521,2.18787
19,677,1.99138,0.04708,0.07137,2.18464
19,678,1.5115,0.13141,0.17756,2.18142
19,679,4.15799,4e-05,0.00011,2.1782
19,680,3.9935,8e-05,0.00021,2.175
19,681,3.15649,0.00171,0.00356,2.17181
19,682,1.24725,0.213,0.27316,2.16862
19,683,1.13291,0.2579,0.32369,2.16545
19,684,-0.61994,0.53563,0.60192,2.16228
19,685,-3.37255,0.00081,0.0018,2.15912
19,686,-2.86974,0.00431,0.00827,2.15598
19,687,-0.51348,0.60789,0.66742,2.15284
19,688,-1.15203,0.24996,0.3148,2.14971
19,689,-0.78588,0.43238,0.50382,2.14659
19,690,-3.58958,0.00037,0.00087,2.14348
19,691,-0.52072,0.60283,0.66301,2.14038
19,692,-1.87665,0.06126,0.09013,2.13728
19,693,-2.44167,0.01503,0.02537,2.1342
19,694,-1.98375,0.04793,0.07245,2.13112
19,695,2.13266,0.03353,0.05259,2.12806
19,696,0.13799,0.89032,0.91388,2.125
19,697,0.0901,0.92825,0.94333,2.12195
19,698,0.53837,0.59061,0.65198,2.11891
19,699,0.75615,0.44998,0.52071,2.11588
19,700,1.43845,0.15105,0.20114,2.11286
19,701,2.8664,0.00436,0.00835,2.10984
19,702,-3.47771,0.00056,0.00128,2.10684
19,703,-4.55234,1e-05,2e-05,2.10384
19,704,-3.08363,0.00218,0.00444,2.10085
19,705,-4.88431,0.0,1e-05,2.09787
19,706,-6.78643,0.0,0.0,2.0949
19,707,-6.55274,0.0,0.0,2.09194
19,708,-2.79584,0.00541,0.01012,2.08898
19,709,-2.42759,0.01562,0.02625,2.08604
19,710,-1.98823,0.04743,0.07182,2.0831
19,711,-1.80644,0.07156,0.10347,2.08017
19,712,-0.70915,0.47863,0.5472,2.07725
19,713,-0.51757,0.60503,0.66475,2.07433
19,714,-1.67066,0.09553,0.1338,2.07143
19,715,-3.80776,0.00016,0.00041,2.06853
19,716,-5.39625,0.0,0.0,2.06564
19,717,-8.93137,0.0,0.0,2.06276
19,718,-4.34623,2e-05,5e-05,2.05989
19,719,-4.37454,2e-05,5e-05,2.05702
19,720,-4.68807,0.0,1e-05,2.05417
19,721,2.21143,0.02754,0.04397,2.05132
19,722,4.15052,4e-05,0.00011,2.04848
19,723,6.88826,0.0,0.0,2.04564
19,724,5.05558,0.0,0.0,2.04282
19,725,6.77916,0.0,0.0,2.04
19,726,2.71652,0.00687,0.0125,2.03719
19,727,1.61024,0.10809,0.14885,2.03439
19,728,1.85856,0.06378,0.09335,2.03159
19,729,1.24161,0.21507,0.27561,2.02881
19,730,-5.89275,0.0,0.0,2.02603
19,731,-4.58778,1e-05,2e-05,2.02326
19,732,-2.31955,0.02084,0.03406,2.02049
19,733,-4.29074,2e-05,7e-05,2.01774
19,734,-3.88965,0.00012,0.0003,2.01499
19,735,-1.73942,0.08269,0.11784,2.01224
19,736,-2.42733,0.01563,0.02626,2.00951
19,737,1.06838,0.28596,0.35438,2.00678
19,738,2.41268,0.01626,0.02722,2.00407
19,739,0.37354,0.70893,0.75818,2.00135
20,1,-0.68122,0.49611,0.56409,548.0
20,2,-1.08486,0.2786,0.34638,274.0
20,3,-0.75772,0.44904,0.52003,182.66667
20,4,-5.18062,0.0,0.0,137.0
20,5,-5.64219,0.0,0.0,109.6
20,6,1.91763,0.05583,0.08298,91.33333
20,7,4.66198,0.0,1e-05,78.28571
20,8,7.43494,0.0,0.0,68.5
20,9,11.49404,0.0,0.0,60.88889
20,10,11.65528,0.0,0.0,54.8
20,11,10.22424,0.0,0.0,49.81818
20,12,8.49028,0.0,0.0,45.66667
20,13,6.32765,0.0,0.0,42.15385
20,14,2.90104,0.00391,0.00756,39.14286
20,15,-0.95414,0.34056,0.41189,36.53333
20,16,-0.81802,0.41381,0.48592,34.25
20,17,-1.54475,0.12316,0.16752,32.23529
20,18,-0.5788,0.56303,0.62749,30.44444
20,19,-1.26467,0.20669,0.26612,28.84211
20,20,0.77777,0.43714,0.50836,27.4
20,21,-2.92032,0.00368,0.00715,26.09524
20,22,0.21377,0.83083,0.86255,24.90909
20,23,-0.75293,0.45191,0.52257,23.82609
20,24,-3.4355,0.00065,0.00147,22.83333
20,25,-3.03231,0.00258,0.00517,21.92
20,26,-3.98101,8e-05,0.00022,21.07692
20,27,-6.4156,0.0,0.0,20.2963
20,28,-5.82645,0.0,0.0,19.57143
20,29,-4.2863,2e-05,7e-05,18.89655
20,30,-4.78747,0.0,1e-05,18.26667
20,31,0.8915,0.37317,0.44552,17.67742
20,32,2.9642,0.00321,0.00633,17.125
20,33,2.57468,0.01037,0.01808,16.60606
20,34,-3.24798,0.00126,0.00268,16.11765
20,35,-2.93303,0.00354,0.0069,15.65714
20,36,-4.24477,3e-05,8e-05,15.22222
20,37,-0.2439,0.80742,0.84289,14.81081
20,38,1.73186,0.08403,0.11949,14.42105
20,39,8.70027,0.0,0.0,14.05128
20,40,8.58481,0.0,0.0,13.7
20,41,4.23586,3e-05,8e-05,13.36585
20,42,-4.45585,1e-05,3e-05,13.04762
20,43,-5.26467,0.0,0.0,12.74419
20,44,-4.45744,1e-05,3e-05,12.45455
20,45,-3.47847,0.00056,0.00128,12.17778
20,46,-2.93857,0.00348,0.0068,11.91304
20,47,0.59192,0.55422,0.6192,11.65957
20,48,4.27864,2e-05,7e-05,11.41667
20,49,2.38337,0.0176,0.02924,11.18367
20,50,0.55516,0.57908,0.64166,10.96
20,51,1.11783,0.26428,0.33062,10.7451
20,52,-0.11287,0.91018,0.92969,10.53846
20,53,2.11382,0.03512,0.05482,10.33962
20,54,0.64016,0.52242,0.58949,10.14815
20,55,0.78436,0.43327,0.50468,9.96364
20,56,1.93211,0.05402,0.08054,9.78571
20,57,1.50494,0.13309,0.17951,9.61404
20,58,-4.46971,1e-05,3e-05,9.44828
20,59,-5.40937,0.0,0.0,9.28814
20,60,-4.00232,7e-05,0.0002,9.13333
20,61,-4.05441,6e-05,0.00016,8.98361
20,62,-5.75165,0.0,0.0,8.83871
20,63,-6.38676,0.0,0.0,8.69841
20,64,-0.03311,0.9736,0.97897,8.5625
20,65,-1.84613,0.06557,0.09563,8.43077
20,66,0.7667,0.44369,0.5146,8.30303
20,67,-5.58634,0.0,0.0,8.1791
20,68,-5.77065,0.0,0.0,8.05882
20,69,-6.38549,0.0,0.0,7.94203
20,70,-4.50431,1e-05,3e-05,7.82857
20,71,-7.14832,0.0,0.0,7.71831
20,72,-7.03453,0.0,0.0,7.61111
20,73,-3.49089,0.00053,0.00122,7.50685
20,74,-1.71381,0.0873,0.1237,7.40541
20,75,-2.32113,0.02076,0.03394,7.30667
20,76,-3.53646,0.00045,0.00105,7.21053
20,77,-3.15855,0.0017,0.00354,7.11688
20,78,-4.96554,0.0,0.0,7.02564
20,79,-3.88726,0.00012,0.00031,6.93671
20,80,-3.53787,0.00045,0.00105,6.85
20,81,-2.44647,0.01483,0.02507,6.76543
20,82,-1.56197,0.11904,0.16252,6.68293
20,83,-0.67258,0.50158,0.5696,6.60241
20,84,-1.13363,0.2576,0.32335,6.52381
20,85,1.86178,0.06333,0.0928,6.44706
20,86,0.51807,0.60468,0.66444,6.37209
20,87,0.60751,0.54384,0.60963,6.29885
20,88,1.55613,0.12043,0.16412,6.22727
20,89,0.1086,0.91357,0.9322,6.1573
20,90,-1.40674,0.16024,0.21254,6.08889
20,91,-0.6222,0.53415,0.60058,6.02198
20,92,-2.83515,0.0048,0.0091,5.95652
20,93,-4.0958,5e-05,0.00014,5.89247
20,94,1.60586,0.10905,0.15003,5.82979
20,95,0.73574,0.4623,0.53163,5.76842
20,96,2.75829,0.00606,0.01118,5.70833
20,97,0.72684,0.46773,0.53688,5.64948
20,98,2.74763,0.00626,0.01149,5.59184
20,99,1.6224,0.10546,0.14567,5.53535
20,100,4.22725,3e-05,8e-05,5.48
20,101,2.60342,0.00956,0.0168,5.42574
20,102,2.12724,0.03398,0.05323,5.37255
20,103,2.03344,0.04263,0.06531,5.32039
20,104,-1.56424,0.11851,0.16182,5.26923
20,105,-2.95958,0.00325,0.00641,5.21905
20,106,-3.63506,0.00031,0.00075,5.16981
20,107,-5.65602,0.0,0.0,5.1215
20,108,-6.15844,0.0,0.0,5.07407
20,109,-1.68924,0.09191,0.12942,5.02752
20,110,-0.82709,0.40865,0.48101,4.98182
20,111,-7.42123,0.0,0.0,4.93694
20,112,-7.11078,0.0,0.0,4.89286
20,113,-3.74725,0.0002,0.00051,4.84956
20,114,-1.95604,0.05112,0.07676,4.80702
20,115,-3.20594,0.00145,0.00307,4.76522
20,116,-3.99423,8e-05,0.00021,4.72414
20,117,-4.0835,5e-05,0.00015,4.68376
20,118,-4.21206,3e-05,9e-05,4.64407
20,119,-5.68221,0.0,0.0,4.60504
20,120,1.98089,0.04825,0.0729,4.56667
20,121,2.64378,0.0085,0.01513,4.52893
20,122,1.50995,0.1318,0.17797,4.4918
20,123,1.35051,0.17758,0.23272,4.45528
20,124,2.85579,0.0045,0.00859,4.41935
20,125,-0.96218,0.33651,0.40753,4.384
20,126,3.15127,0.00174,0.00362,4.34921
20,127,3.91713,0.0001,0.00028,4.31496
20,128,4.61389,1e-05,2e-05,4.28125
20,129,2.82486,0.00495,0.00936,4.24806
20,130,1.37048,0.17127,0.22548,4.21538
20,131,-3.16086,0.00169,0.00352,4.18321
20,132,-4.13374,4e-05,0.00012,4.15152
20,133,-1.85957,0.06364,0.09319,4.1203
20,134,-3.45623,0.0006,0.00137,4.08955
20,135,-8.80103,0.0,0.0,4.05926
20,136,-6.39298,0.0,0.0,4.02941
20,137,-3.36958,0.00082,0.00182,4.0
20,138,-6.6602,0.0,0.0,3.97101
20,139,-4.08572,5e-05,0.00015,3.94245
20,140,-0.42417,0.67166,0.72463,3.91429
20,141,-0.23183,0.81679,0.85079,3.88652
20,142,0.33097,0.74083,0.78599,3.85915
20,143,-0.21707,0.82826,0.8605,3.83217
20,144,-1.322,0.18688,0.24344,3.80556
20,145,-4.16469,4e-05,0.00011,3.77931
20,146,-2.70657,0.00707,0.01282,3.75342
20,147,0.67919,0.49739,0.56529,3.72789
20,148,0.08228,0.93446,0.94782,3.7027
20,149,4.53327,1e-05,2e-05,3.67785
20,150,4.26955,2e-05,7e-05,3.65333
20,151,2.80266,0.0053,0.00993,3.62914
20,152,1.70366,0.08918,0.12603,3.60526
20,153,3.09558,0.0021,0.00428,3.5817
20,154,4.83881,0.0,1e-05,3.55844
20,155,4.65115,0.0,1e-05,3.53548
20,156,8.10313,0.0,0.0,3.51282
20,157,7.83837,0.0,0.0,3.49045
20,158,6.51782,0.0,0.0,3.46835
20,159,1.73676,0.08316,0.11841,3.44654
20,160,2.06698,0.03935,0.06075,3.425
20,161,0.29452,0.76851,0.81012,3.40373
20,162,3.33034,0.00094,0.00207,3.38272
20,163,1.15,0.2508,0.31577,3.36196
20,164,2.86491,0.00438,0.00838,3.34146
20,165,2.2623,0.02419,0.03898,3.32121
20,166,2.7876,0.00555,0.01033,3.3012
20,167,2.55994,0.01082,0.0188,3.28144
20,168,3.89381,0.00011,0.0003,3.2619
20,169,4.39708,1e-05,4e-05,3.2426
20,170,5.41612,0.0,0.0,3.22353
20,171,3.51154,0.00049,0.00114,3.20468
20,172,4.32201,2e-05,6e-05,3.18605
20,173,7.20191,0.0,0.0,3.16763
20,174,5.70803,0.0,0.0,3.14943
20,175,6.42989,0.0,0.0,3.13143
20,176,7.86979,0.0,0.0,3.11364
20,177,11.9158,0.0,0.0,3.09605
20,178,10.31493,0.0,0.0,3.07865
20,179,10.31723,0.0,0.0,3.06145
20,180,8.73532,0.0,0.0,3.04444
20,181,7.33124,0.0,0.0,3.02762
20,182,3.98386,8e-05,0.00021,3.01099
20,183,2.75846,0.00606,0.01118,2.99454
20,184,1.89444,0.05885,0.08698,2.97826
20,185,1.63017,0.10381,0.14374,2.96216
20,186,-2.78581,0.00558,0.01038,2.94624
20,187,-0.13824,0.89012,0.91386,2.93048
20,188,-1.35398,0.17647,0.2315,2.91489
20,189,-1.48311,0.13879,0.18645,2.89947
20,190,2.66891,0.0079,0.01417,2.88421
20,191,4.26957,2e-05,7e-05,2.86911
20,192,4.50219,1e-05,3e-05,2.85417
20,193,4.34868,2e-05,5e-05,2.83938
20,194,1.03686,0.3004,0.3698,2.82474
20,195,-1.3241,0.18619,0.24279,2.81026
20,196,-6.16498,0.0,0.0,2.79592
20,197,-5.66155,0.0,0.0,2.78173
20,198,-4.25696,3e-05,8e-05,2.76768
20,199,-2.90168,0.00391,0.00755,2.75377
20,200,-1.61809,0.10639,0.14673,2.74
20,201,-2.83479,0.00481,0.0091,2.72637
20,202,-5.16182,0.0,0.0,2.71287
20,203,-6.59783,0.0,0.0,2.69951
20,204,-6.74693,0.0,0.0,2.68627
20,205,-9.83485,0.0,0.0,2.67317
20,206,-9.02029,0.0,0.0,2.66019
20,207,-5.1676,0.0,0.0,2.64734
20,208,-4.43306,1e-05,4e-05,2.63462
20,209,-2.50297,0.01269,0.02177,2.62201
20,210,0.09261,0.92625,0.94173,2.60952
20,211,0.61651,0.53789,0.60411,2.59716
20,212,2.05074,0.04091,0.06297,2.58491
20,213,4.3054,2e-05,6e-05,2.57277
20,214,4.10254,5e-05,0.00014,2.56075
20,215,1.26441,0.20678,0.2662,2.54884
20,216,0.53887,0.59026,0.65189,2.53704
20,217,0.88161,0.37849,0.45079,2.52535
20,218,0.91483,0.3608,0.43282,2.51376
20,219,0.033,0.97369,0.97897,2.50228
20,220,0.05362,0.95726,0.96751,2.49091
20,221,2.70819,0.00704,0.01277,2.47964
20,222,1.90939,0.05689,0.0844,2.46847
20,223,-1.41535,0.1577,0.20941,2.4574
20,224,-0.48857,0.6254,0.68256,2.44643
20,225,-0.76067,0.44728,0.51823,2.43556
20,226,-2.59227,0.00987,0.01729,2.42478
20,227,-4.45473,1e-05,3e-05,2.4141
20,228,-2.71573,0.00688,0.01252,2.40351
20,229,-2.1683,0.03069,0.04854,2.39301
20,230,-2.77496,0.00577,0.0107,2.38261
20,231,0.42643,0.67001,0.72328,2.37229
20,232,2.68341,0.00757,0.01364,2.36207
20,233,-0.67472,0.50022,0.56819,2.35193
20,234,1.08182,0.27995,0.34772,2.34188
20,235,2.49465,0.01299,0.02224,2.33191
20,236,2.71584,0.00688,0.01252,2.32203
20,237,-2.20753,0.02781,0.04436,2.31224
20,238,0.06882,0.94517,0.95712,2.30252
20,239,-1.54376,0.1234,0.16779,2.29289
20,240,-0.63938,0.52292,0.58995,2.28333
20,241,0.23384,0.81523,0.84943,2.27386
20,242,1.69967,0.08993,0.12697,2.26446
20,243,-0.90318,0.36694,0.43881,2.25514
20,244,7.7325,0.0,0.0,2.2459
20,245,7.67183,0.0,0.0,2.23673
20,246,7.02569,0.0,0.0,2.22764
20,247,6.5946,0.0,0.0,2.21862
20,248,7.70844,0.0,0.0,2.20968
20,249,5.44036,0.0,0.0,2.2008
20,250,1.4323,0.1528,0.20317,2.192
20,251,5.13428,0.0,0.0,2.18327
20,252,4.46338,1e-05,3e-05,2.1746
20,253,1.88211,0.06051,0.08912,2.16601
20,254,-1.85482,0.06432,0.094,2.15748
20,255,-0.29475,0.76833,0.81002,2.14902
20,256,0.32437,0.74582,0.79012,2.14062
20,257,-0.77901,0.43641,0.50769,2.1323
20,258,-1.83864,0.06667,0.09713,2.12403
20,259,-2.04994,0.04099,0.06308,2.11583
20,260,-1.95522,0.05122,0.0769,2.10769
20,261,-2.4092,0.01641,0.02744,2.09962
20,262,-2.64518,0.00847,0.01507,2.0916
20,263,1.87051,0.0621,0.09121,2.08365
20,264,1.85396,0.06444,0.09414,2.07576
20,265,1.73411,0.08363,0.11898,2.06792
20,266,2.16769,0.03074,0.0486,2.06015
20,267,1.6938,0.09104,0.12835,2.05243
20,268,-0.83295,0.40534,0.47783,2.04478
20,269,-2.05298,0.04069,0.06269,2.03717
20,270,-0.90548,0.36573,0.43772,2.02963
20,271,-3.92536,0.0001,0.00027,2.02214
20,272,-3.99114,8e-05,0.00021,2.01471
20,273,-5.42886,0.0,0.0,2.00733
20,274,-4.58798,1e-05,2e-05,2.0
21,1,-6.75999,0.0,0.0,221.0
21,2,-3.85233,0.00014,0.00035,110.5
21,3,-3.7352,0.00021,0.00053,73.66667
21,4,0.84559,0.39826,0.47137,55.25
21,5,6.53473,0.0,0.0,44.2
21,6,2.82238,0.00499,0.00942,36.83333
21,7,2.42013,0.01594,0.02673,31.57143
21,8,3.81563,0.00016,0.0004,27.625
21,9,7.97096,0.0,0.0,24.55556
21,10,6.354,0.0,0.0,22.1
21,11,6.24656,0.0,0.0,20.09091
21,12,5.60108,0.0,0.0,18.41667
21,13,12.54869,0.0,0.0,17.0
21,14,3.77723,0.00018,0.00045,15.78571
21,15,2.50304,0.01269,0.02177,14.73333
21,16,-1.93585,0.05355,0.07997,13.8125
21,17,2.97865,0.00306,0.00606,13.0
21,18,-6.25562,0.0,0.0,12.27778
21,19,-2.31798,0.02093,0.03417,11.63158
21,20,4.95609,0.0,0.0,11.05
21,21,4.21337,3e-05,9e-05,10.52381
21,22,4.84577,0.0,1e-05,10.04545
21,23,4.96713,0.0,0.0,9.6087
21,24,1.76259,0.07869,0.11272,9.20833
21,25,0.73527,0.46258,0.53189,8.84
21,26,-2.86158,0.00443,0.00845,8.5
21,27,-0.84181,0.40037,0.47331,8.18519
21,28,-1.85651,0.06408,0.09369,7.89286
21,29,-0.10701,0.91483,0.93307,7.62069
21,30,-0.83451,0.40447,0.47691,7.36667
21,31,4.69485,0.0,1e-05,7.12903
21,32,-0.32834,0.74282,0.78764,6.90625
21,33,-2.16917,0.03063,0.04846,6.69697
21,34,-4.21299,3e-05,9e-05,6.5
21,35,-4.05305,6e-05,0.00017,6.31429
21,36,-9.30235,0.0,0.0,6.13889
21,37,-8.56959,0.0,0.0,5.97297
21,38,-1.07517,0.28291,0.35095,5.81579
21,39,-2.65634,0.0082,0.01464,5.66667
21,40,-3.63032,0.00032,0.00076,5.525
21,41,0.71769,0.47334,0.54204,5.39024
21,42,-0.38288,0.702,0.75197,5.2619
21,43,-6.33885,0.0,0.0,5.13953
21,44,-3.41603,0.0007,0.00156,5.02273
21,45,-4.4461,1e-05,3e-05,4.91111
21,46,-2.42172,0.01587,0.02662,4.80435
21,47,-3.0169,0.00271,0.00541,4.70213
21,48,-3.68576,0.00026,0.00063,4.60417
21,49,5.02451,0.0,0.0,4.5102
21,50,0.64317,0.52046,0.58771,4.42
21,51,-0.4785,0.63254,0.68922,4.33333
21,52,0.82631,0.4091,0.4814,4.25
21,53,5.73641,0.0,0.0,4.16981
21,54,2.5576,0.01089,0.01892,4.09259
21,55,2.22849,0.02637,0.04226,4.01818
21,56,3.95562,9e-05,0.00024,3.94643
21,57,4.36213,2e-05,5e-05,3.87719
21,58,3.08292,0.00218,0.00445,3.81034
21,59,5.80343,0.0,0.0,3.74576
21,60,-2.33682,0.01992,0.03272,3.68333
21,61,-3.5551,0.00042,0.00099,3.62295
21,62,-2.47419,0.01375,0.0234,3.56452
21,63,-3.61156,0.00034,0.00081,3.50794
21,64,-4.7661,0.0,1e-05,3.45312
21,65,-2.3911,0.01724,0.02868,3.4
21,66,-1.89554,0.0587,0.08681,3.34848
21,67,0.62211,0.5342,0.60058,3.29851
21,68,2.02982,0.043,0.06581,3.25
21,69,0.32753,0.74343,0.788,3.2029
21,70,-1.38856,0.1657,0.21893,3.15714
21,71,0.84,0.40139,0.47417,3.11268
21,72,2.69452,0.00733,0.01325,3.06944
21,73,6.40841,0.0,0.0,3.0274
21,74,7.26937,0.0,0.0,2.98649
21,75,7.8553,0.0,0.0,2.94667
21,76,6.19206,0.0,0.0,2.90789
21,77,5.26548,0.0,0.0,2.87013
21,78,2.52302,0.012,0.0207,2.83333
21,79,0.6534,0.51386,0.58143,2.79747
21,80,-2.03927,0.04205,0.06452,2.7625
21,81,0.73725,0.46138,0.53088,2.7284
21,82,1.39132,0.16486,0.21791,2.69512
21,83,5.45011,0.0,0.0,2.66265
21,84,-0.2074,0.83579,0.86653,2.63095
21,85,4.32624,2e-05,6e-05,2.6
21,86,1.85691,0.06402,0.09363,2.56977
21,87,-1.21681,0.22436,0.28582,2.54023
21,88,-3.16179,0.00168,0.00351,2.51136
21,89,-7.01976,0.0,0.0,2.48315
21,90,-7.66369,0.0,0.0,2.45556
21,91,-7.64983,0.0,0.0,2.42857
21,92,-7.81328,0.0,0.0,2.40217
21,93,-2.41029,0.01637,0.02737,2.37634
21,94,-4.6773,0.0,1e-05,2.35106
21,95,-1.76851,0.0777,0.11143,2.32632
21,96,-0.26167,0.7937,0.83142,2.30208
21,97,-1.64879,0.09994,0.13903,2.27835
21,98,-2.92159,0.00367,0.00713,2.2551
21,99,-2.41855,0.016,0.02682,2.23232
21,100,-3.22948,0.00134,0.00285,2.21
21,101,-1.38051,0.16816,0.22191,2.18812
21,102,-0.41712,0.67681,0.72951,2.16667
21,103,0.58049,0.56189,0.6265,2.14563
21,104,1.64297,0.10113,0.14048,2.125
21,105,3.8041,0.00016,0.00041,2.10476
21,106,6.81535,0.0,0.0,2.08491
21,107,2.31191,0.02126,0.03467,2.06542
21,108,3.40946,0.00071,0.0016,2.0463
21,109,3.32064,0.00098,0.00213,2.02752
21,110,3.28858,0.00109,0.00236,2.00909
22,1,3.99891,8e-05,0.0002,447.0
22,2,3.20239,0.00147,0.0031,223.5
22,3,4.45196,1e-05,3e-05,149.0
22,4,4.07333,6e-05,0.00015,111.75
22,5,4.87324,0.0,1e-05,89.4
22,6,1.9504,0.05179,0.07768,74.5
22,7,0.26818,0.78869,0.82732,63.85714
22,8,0.68848,0.49153,0.55971,55.875
22,9,1.86671,0.06263,0.0919,49.66667
22,10,0.10625,0.91543,0.93334,44.7
22,11,2.61635,0.00921,0.01627,40.63636
22,12,3.66611,0.00028,0.00067,37.25
22,13,3.69422,0.00025,0.00061,34.38462
22,14,5.38915,0.0,0.0,31.92857
22,15,4.86368,0.0,1e-05,29.8
22,16,6.63114,0.0,0.0,27.9375
22,17,1.61844,0.10631,0.14666,26.29412
22,18,-0.10257,0.91835,0.93575,24.83333
22,19,-3.73114,0.00022,0.00054,23.52632
22,20,-7.76237,0.0,0.0,22.35
22,21,-7.35942,0.0,0.0,21.28571
22,22,-7.03467,0.0,0.0,20.31818
22,23,-5.01349,0.0,0.0,19.43478
22,24,-4.52657,1e-05,3e-05,18.625
22,25,-3.72353,0.00022,0.00055,17.88
22,26,-0.46159,0.64461,0.70032,17.19231
22,27,-0.12758,0.89854,0.92081,16.55556
22,28,-0.39296,0.69455,0.74566,15.96429
22,29,3.45242,0.00061,0.00139,15.41379
22,30,7.43695,0.0,0.0,14.9
22,31,3.48487,0.00054,0.00125,14.41935
22,32,-0.31475,0.75311,0.79652,13.96875
22,33,0.57227,0.56745,0.63135,13.54545
22,34,-4.38691,1e-05,4e-05,13.14706
22,35,-5.92951,0.0,0.0,12.77143
22,36,-7.68505,0.0,0.0,12.41667
22,37,-0.66925,0.5037,0.57175,12.08108
22,38,-0.86419,0.38798,0.46077,11.76316
22,39,0.38469,0.70066,0.7511,11.46154
22,40,2.04388,0.04159,0.06387,11.175
22,41,0.24675,0.80522,0.84129,10.90244
22,42,-0.00134,0.99893,0.99913,10.64286
22,43,-0.10042,0.92006,0.937,10.39535
22,44,-6.58829,0.0,0.0,10.15909
22,45,-8.12762,0.0,0.0,9.93333
22,46,-6.45464,0.0,0.0,9.71739
22,47,-5.61461,0.0,0.0,9.51064
22,48,-6.9765,0.0,0.0,9.3125
22,49,-7.62164,0.0,0.0,9.12245
22,50,-6.97188,0.0,0.0,8.94
22,51,-1.35163,0.17722,0.23228,8.76471
22,52,-4.1636,4e-05,0.00011,8.59615
22,53,1.15595,0.24836,0.31297,8.43396
22,54,1.66809,0.09604,0.13436,8.27778
22,55,5.54279,0.0,0.0,8.12727
22,56,1.21699,0.22429,0.28577,7.98214
22,57,1.60289,0.10971,0.15082,7.84211
22,58,0.52177,0.60211,0.66246,7.7069
22,59,-1.72935,0.08448,0.1201,7.57627
22,60,-3.85876,0.00013,0.00034,7.45
22,61,-2.51579,0.01225,0.0211,7.32787
22,62,-4.4115,1e-05,4e-05,7.20968
22,63,-1.61868,0.10626,0.14663,7.09524
22,64,-0.62408,0.53291,0.5996,6.98438
22,65,-2.06015,0.04,0.06167,6.87692
22,66,1.30302,0.19328,0.2507,6.77273
22,67,2.98754,0.00298,0.00591,6.67164
22,68,5.86511,0.0,0.0,6.57353
22,69,8.74272,0.0,0.0,6.47826
22,70,7.88277,0.0,0.0,6.38571
22,71,5.61128,0.0,0.0,6.29577
22,72,5.12249,0.0,0.0,6.20833
22,73,1.57281,0.11651,0.15939,6.12329
22,74,1.03562,0.30097,0.37037,6.04054
22,75,-1.73943,0.08269,0.11784,5.96
22,76,-1.26435,0.2068,0.2662,5.88158
22,77,1.98273,0.04805,0.07262,5.80519
22,78,2.34669,0.0194,0.03194,5.73077
22,79,3.57803,0.00039,0.00091,5.65823
22,80,-0.8255,0.40956,0.48177,5.5875
22,81,-6.06632,0.0,0.0,5.51852
22,82,-8.06447,0.0,0.0,5.45122
22,83,-7.16564,0.0,0.0,5.38554
22,84,-5.24854,0.0,0.0,5.32143
22,85,-4.40753,1e-05,4e-05,5.25882
22,86,-0.70922,0.47858,0.5472,5.19767
22,87,0.2788,0.78054,0.81995,5.13793
22,88,3.33999,0.00091,0.00201,5.07955
22,89,-0.54283,0.58753,0.64923,5.02247
22,90,2.33642,0.01994,0.03274,4.96667
22,91,-1.34957,0.17788,0.23302,4.91209
22,92,-3.94652,9e-05,0.00025,4.8587
22,93,-6.11896,0.0,0.0,4.80645
22,94,-6.91685,0.0,0.0,4.75532
22,95,-6.84771,0.0,0.0,4.70526
22,96,-7.07574,0.0,0.0,4.65625
22,97,-7.02996,0.0,0.0,4.60825
22,98,-4.72139,0.0,1e-05,4.56122
22,99,-3.90802,0.00011,0.00028,4.51515
22,100,-3.16762,0.00165,0.00345,4.47
22,101,-1.52412,0.12823,0.17366,4.42574
22,102,0.74827,0.45471,0.52505,4.38235
22,103,-1.47238,0.14166,0.18977,4.33981
22,104,-0.8318,0.40599,0.47854,4.29808
22,105,1.21389,0.22547,0.28704,4.25714
22,106,1.50642,0.13271,0.1791,4.21698
22,107,9.36885,0.0,0.0,4.17757
22,108,8.73865,0.0,0.0,4.13889
22,109,8.24238,0.0,0.0,4.10092
22,110,7.4346,0.0,0.0,4.06364
22,111,6.01852,0.0,0.0,4.02703
22,112,5.93519,0.0,0.0,3.99107
22,113,6.35539,0.0,0.0,3.95575
22,114,6.12013,0.0,0.0,3.92105
22,115,4.93562,0.0,0.0,3.88696
22,116,3.21582,0.0014,0.00297,3.85345
22,117,3.09083,0.00213,0.00434,3.82051
22,118,2.83256,0.00484,0.00916,3.78814
22,119,2.99057,0.00295,0.00585,3.7563
22,120,3.01897,0.00269,0.00538,3.725
22,121,4.66696,0.0,1e-05,3.69421
22,122,4.55287,1e-05,2e-05,3.66393
22,123,6.34119,0.0,0.0,3.63415
22,124,3.62968,0.00032,0.00076,3.60484
22,125,5.40418,0.0,0.0,3.576
22,126,2.9646,0.0032,0.00632,3.54762
22,127,2.86387,0.00439,0.00841,3.51969
22,128,1.47634,0.1406,0.18853,3.49219
22,129,-0.78891,0.43061,0.50211,3.46512
22,130,-0.79985,0.42425,0.49579,3.43846
22,131,-3.27226,0.00115,0.00249,3.41221
22,132,-4.34343,2e-05,5e-05,3.38636
22,133,-5.90888,0.0,0.0,3.3609
22,134,-7.56284,0.0,0.0,3.33582
22,135,-5.14865,0.0,0.0,3.31111
22,136,-5.44146,0.0,0.0,3.28676
22,137,-1.2006,0.23058,0.29289,3.26277
22,138,-0.87588,0.3816,0.45379,3.23913
22,139,-1.74664,0.08143,0.11624,3.21583
22,140,-3.47721,0.00056,0.00128,3.19286
22,141,-3.54459,0.00044,0.00102,3.17021
22,142,-2.38105,0.01771,0.02941,3.14789
22,143,-0.99499,0.32031,0.39056,3.12587
22,144,-0.6542,0.51334,0.58091,3.10417
22,145,2.73623,0.00648,0.01185,3.08276
22,146,1.65475,0.09872,0.13753,3.06164
22,147,2.28825,0.02262,0.03668,3.04082
22,148,2.8178,0.00506,0.00954,3.02027
22,149,3.30728,0.00102,0.00223,3.0
22,150,1.62969,0.10391,0.14381,2.98
22,151,5.21359,0.0,0.0,2.96026
22,152,7.72025,0.0,0.0,2.94079
22,153,6.96689,0.0,0.0,2.92157
22,154,9.95321,0.0,0.0,2.9026
22,155,3.4378,0.00064,0.00146,2.88387
22,156,3.35509,0.00087,0.00191,2.86538
22,157,-1.33632,0.18216,0.23795,2.84713
22,158,-4.8053,0.0,1e-05,2.82911
22,159,-5.82393,0.0,0.0,2.81132
22,160,-1.6748,0.09471,0.13277,2.79375
22,161,-0.22316,0.82352,0.85647,2.7764
22,162,1.82165,0.06922,0.10036,2.75926
22,163,1.11679,0.26472,0.33113,2.74233
22,164,3.98883,8e-05,0.00021,2.72561
22,165,2.93817,0.00348,0.00681,2.70909
22,166,0.42994,0.66746,0.72091,2.69277
22,167,-0.56157,0.57471,0.63767,2.67665
22,168,2.14432,0.03258,0.05123,2.66071
22,169,0.19969,0.84182,0.87188,2.64497
22,170,0.10052,0.91998,0.937,2.62941
22,171,-0.83628,0.40347,0.47607,2.61404
22,172,-1.85401,0.06444,0.09414,2.59884
22,173,-2.46418,0.01413,0.02401,2.58382
22,174,-0.38993,0.69679,0.74759,2.56897
22,175,4.73224,0.0,1e-05,2.55429
22,176,6.1232,0.0,0.0,2.53977
22,177,5.27382,0.0,0.0,2.52542
22,178,5.58803,0.0,0.0,2.51124
22,179,4.51521,1e-05,3e-05,2.49721
22,180,1.15455,0.24893,0.31357,2.48333
22,181,0.33182,0.74019,0.78565,2.46961
22,182,4.76593,0.0,1e-05,2.45604
22,183,4.53586,1e-05,2e-05,2.44262
22,184,6.07686,0.0,0.0,2.42935
22,185,6.02968,0.0,0.0,2.41622
22,186,7.76669,0.0,0.0,2.40323
22,187,-1.01743,0.30953,0.37955,2.39037
22,188,-3.81762,0.00015,0.00039,2.37766
22,189,-5.93552,0.0,0.0,2.36508
22,190,-3.44016,0.00064,0.00145,2.35263
22,191,-0.96432,0.33544,0.40648,2.34031
22,192,-0.80389,0.42191,0.49373,2.32812
22,193,2.02399,0.0436,0.0666,2.31606
22,194,2.00947,0.04512,0.06873,2.30412
22,195,-1.46097,0.14477,0.19354,2.29231
22,196,-6.11059,0.0,0.0,2.28061
22,197,-5.99308,0.0,0.0,2.26904
22,198,-5.9308,0.0,0.0,2.25758
22,199,-4.19863,3e-05,9e-05,2.24623
22,200,-6.36517,0.0,0.0,2.235
22,201,0.03494,0.97214,0.9783,2.22388
22,202,-4.01098,7e-05,0.00019,2.21287
22,203,-3.4052,0.00072,0.00162,2.20197
22,204,-0.80819,0.41943,0.49139,2.19118
22,205,-2.213,0.02743,0.04382,2.18049
22,206,-1.75476,0.08003,0.11447,2.1699
22,207,1.4869,0.13779,0.18533,2.15942
22,208,-2.4037,0.01666,0.02781,2.14904
22,209,-4.56516,1e-05,2e-05,2.13876
22,210,-2.08321,0.03783,0.05873,2.12857
22,211,-3.2669,0.00118,0.00253,2.11848
22,212,-4.75567,0.0,1e-05,2.10849
22,213,-2.91196,0.00378,0.00733,2.09859
22,214,-3.56682,0.0004,0.00095,2.08879
22,215,-3.62371,0.00033,0.00078,2.07907
22,216,-4.04319,6e-05,0.00017,2.06944
22,217,-1.41732,0.15713,0.2087,2.05991
22,218,-0.36659,0.71411,0.7629,2.05046
22,219,-0.45308,0.65073,0.70573,2.0411
22,220,2.79681,0.0054,0.01009,2.03182
22,221,4.67356,0.0,1e-05,2.02262
22,222,7.13012,0.0,0.0,2.01351
22,223,7.99043,0.0,0.0,2.00448
X,1,0.50959,0.6106,0.66984,867.0
X,2,-0.80122,0.42345,0.49532,433.5
X,3,-0.98813,0.32365,0.39403,289.0
X,4,-1.57446,0.11613,0.15891,216.75
X,5,-2.4523,0.0146,0.02471,173.4
X,6,-1.93166,0.05407,0.08062,144.5
X,7,-4.80913,0.0,1e-05,123.85714
X,8,-3.11244,0.00198,0.00407,108.375
X,9,-0.56299,0.57374,0.63702,96.33333
X,10,-1.03961,0.29912,0.36854,86.7
X,11,-1.43955,0.15074,0.20077,78.81818
X,12,-0.43355,0.66484,0.71839,72.25
X,13,3.32513,0.00096,0.0021,66.69231
X,14,1.64307,0.10111,0.14048,61.92857
X,15,3.10322,0.00204,0.00419,57.8
X,16,3.25725,0.00122,0.00261,54.1875
X,17,4.61112,1e-05,2e-05,51.0
X,18,4.10456,5e-05,0.00014,48.16667
X,19,6.94512,0.0,0.0,45.63158
X,20,7.62601,0.0,0.0,43.35
X,21,6.91045,0.0,0.0,41.28571
X,22,7.46395,0.0,0.0,39.40909
X,23,8.17898,0.0,0.0,37.69565
X,24,5.83,0.0,0.0,36.125
X,25,7.32923,0.0,0.0,34.68
X,26,5.74481,0.0,0.0,33.34615
X,27,10.10311,0.0,0.0,32.11111
X,28,8.11295,0.0,0.0,30.96429
X,29,9.29181,0.0,0.0,29.89655
X,30,9.38097,0.0,0.0,28.9
X,31,8.80865,0.0,0.0,27.96774
X,32,4.56623,1e-05,2e-05,27.09375
X,33,2.31517,0.02108,0.0344,26.27273
X,34,1.18309,0.23744,0.30065,25.5
X,35,1.13897,0.25536,0.32083,24.77143
X,36,1.30931,0.19114,0.24837,24.08333
X,37,-2.27814,0.02322,0.03755,23.43243
X,38,1.30029,0.19421,0.25181,22.81579
X,39,2.53365,0.01165,0.02014,22.23077
X,40,3.98175,8e-05,0.00022,21.675
X,41,-4.41467,1e-05,4e-05,21.14634
X,42,-2.54934,0.01115,0.01932,20.64286
X,43,-4.11163,5e-05,0.00013,20.16279
X,44,-3.52732,0.00047,0.00108,19.70455
X,45,-3.34466,0.0009,0.00198,19.26667
X,46,-0.99368,0.32095,0.39125,18.84783
X,47,-1.32735,0.18511,0.24145,18.44681
X,48,-1.72285,0.08565,0.12162,18.0625
X,49,1.86892,0.06233,0.09149,17.69388
X,50,1.51624,0.13021,0.17613,17.34
X,51,-0.17697,0.85962,0.8871,17.0
X,52,0.40404,0.68639,0.73825,16.67308
X,53,1.47887,0.13992,0.18777,16.35849
X,54,0.92998,0.35291,0.42488,16.05556
X,55,0.61929,0.53606,0.60217,15.76364
X,56,1.36,0.17456,0.22942,15.48214
X,57,-1.67834,0.09402,0.13192,15.21053
X,58,-5.13245,0.0,0.0,14.94828
X,59,-5.29221,0.0,0.0,14.69492
X,60,-4.6659,0.0,1e-05,14.45
X,61,-8.02966,0.0,0.0,14.21311
X,62,-6.5657,0.0,0.0,13.98387
X,63,1.19851,0.23139,0.29381,13.7619
X,64,0.43112,0.6666,0.72006,13.54688
X,65,-3.3881,0.00077,0.00171,13.33846
X,66,-2.13764,0.03312,0.05201,13.13636
X,67,-3.50563,0.0005,0.00117,12.9403
X,68,-4.97567,0.0,0.0,12.75
X,69,-7.30705,0.0,0.0,12.56522
X,70,-6.94831,0.0,0.0,12.38571
X,71,-7.55042,0.0,0.0,12.21127
X,72,-9.88132,0.0,0.0,12.04167
X,73,-9.45039,0.0,0.0,11.87671
X,74,-3.19557,0.0015,0.00316,11.71622
X,75,-6.43524,0.0,0.0,11.56
X,76,-5.19248,0.0,0.0,11.40789
X,77,-1.88365,0.0603,0.08888,11.25974
X,78,-4.92154,0.0,0.0,11.11538
X,79,-4.29353,2e-05,6e-05,10.97468
X,80,-4.39785,1e-05,4e-05,10.8375
X,81,-4.17771,4e-05,0.0001,10.7037
X,82,-1.03966,0.29909,0.36854,10.57317
X,83,-1.68369,0.09298,0.13076,10.44578
X,84,-3.44657,0.00062,0.00142,10.32143
X,85,-5.02863,0.0,0.0,10.2
X,86,-6.32725,0.0,0.0,10.0814
X,87,-7.5197,0.0,0.0,9.96552
X,88,-7.69913,0.0,0.0,9.85227
X,89,-4.89656,0.0,1e-05,9.74157
X,90,-1.53107,0.1265,0.17162,9.63333
X,91,-2.3011,0.02187,0.03558,9.52747
X,92,-0.38419,0.70103,0.75126,9.42391
X,93,4.48206,1e-05,3e-05,9.32258
X,94,0.0143,0.9886,0.99087,9.2234
X,95,-5.34835,0.0,0.0,9.12632
X,96,-5.57945,0.0,0.0,9.03125
X,97,-2.77505,0.00576,0.0107,8.93814
X,98,-3.84132,0.00014,0.00036,8.84694
X,99,-3.67212,0.00027,0.00066,8.75758
X,100,2.96678,0.00318,0.00628,8.67
X,101,4.98251,0.0,0.0,8.58416
X,102,5.38789,0.0,0.0,8.5
X,103,-0.46127,0.64484,0.70049,8.41748
X,104,-1.99667,0.0465,0.07059,8.33654
X,105,-4.23239,3e-05,8e-05,8.25714
X,106,-5.51038,0.0,0.0,8.17925
X,107,-3.15229,0.00174,0.00361,8.1028
X,108,-3.6446,0.0003,0.00073,8.02778
X,109,-5.34588,0.0,0.0,7.95413
X,110,-4.20438,3e-05,9e-05,7.88182
X,111,-4.90618,0.0,0.0,7.81081
X,112,-8.10199,0.0,0.0,7.74107
X,113,-5.25437,0.0,0.0,7.67257
X,114,-0.05913,0.95287,0.96415,7.60526
X,115,0.61159,0.54114,0.60728,7.53913
X,116,2.61597,0.00922,0.01628,7.47414
X,117,3.46741,0.00058,0.00132,7.41026
X,118,3.31984,0.00098,0.00214,7.34746
X,119,4.38687,1e-05,4e-05,7.28571
X,120,3.32008,0.00098,0.00214,7.225
X,121,1.37095,0.17112,0.22532,7.16529
X,122,1.8224,0.0691,0.10025,7.10656
X,123,3.32384,0.00097,0.00211,7.04878
X,124,3.97211,8e-05,0.00022,6.99194
X,125,0.21113,0.83289,0.86415,6.936
X,126,-1.60543,0.10915,0.15014,6.88095
X,127,0.71798,0.47317,0.54195,6.82677
X,128,1.46426,0.14387,0.19255,6.77344
X,129,-0.74264,0.45811,0.52833,6.72093
X,130,-2.00461,0.04564,0.06946,6.66923
X,131,-2.41669,0.01609,0.02695,6.61832
X,132,-5.50519,0.0,0.0,6.56818
X,133,-6.21822,0.0,0.0,6.5188
X,134,-10.33259,0.0,0.0,6.47015
X,135,-10.59291,0.0,0.0,6.42222
X,136,-9.02209,0.0,0.0,6.375
X,137,-8.15843,0.0,0.0,6.32847
X,138,-3.32092,0.00098,0.00213,6.28261
X,139,-3.4456,0.00063,0.00142,6.23741
X,140,1.94789,0.05209,0.07806,6.19286
X,141,4.10262,5e-05,0.00014,6.14894
X,142,-5.14757,0.0,0.0,6.10563
X,143,-9.37212,0.0,0.0,6.06294
X,144,-7.12304,0.0,0.0,6.02083
X,145,-5.80057,0.0,0.0,5.97931
X,146,-7.48094,0.0,0.0,5.93836
X,147,-4.44219,1e-05,4e-05,5.89796
X,148,-2.95613,0.00329,0.00647,5.85811
X,149,-0.73915,0.46023,0.53019,5.81879
X,150,0.38113,0.7033,0.75312,5.78
X,151,3.49263,0.00053,0.00122,5.74172
X,152,1.53908,0.12453,0.16918,5.70395
X,153,-0.34511,0.73018,0.77705,5.66667
X,154,2.90016,0.00392,0.00757,5.62987
X,155,0.38972,0.69694,0.74768,5.59355
X,156,-0.456,0.64863,0.70402,5.55769
X,157,-2.55894,0.01085,0.01885,5.52229
X,158,-4.3402,2e-05,5e-05,5.48734
X,159,-7.31688,0.0,0.0,5.45283
X,160,-6.39142,0.0,0.0,5.41875
X,161,-4.97876,0.0,0.0,5.38509
X,162,-6.43074,0.0,0.0,5.35185
X,163,-3.01244,0.00275,0.00548,5.31902
X,164,5.69398,0.0,0.0,5.28659
X,165,4.7857,0.0,1e-05,5.25455
X,166,3.59677,0.00036,0.00085,5.22289
X,167,6.41397,0.0,0.0,5.19162
X,168,6.64924,0.0,0.0,5.16071
X,169,5.03676,0.0,0.0,5.13018
X,170,5.04329,0.0,0.0,5.1
X,171,4.81185,0.0,1e-05,5.07018
X,172,-0.9629,0.33615,0.40725,5.0407
X,173,-2.22627,0.02652,0.04248,5.01156
X,174,-0.49629,0.61995,0.67816,4.98276
X,175,-0.07066,0.9437,0.95583,4.95429
X,176,1.98166,0.04817,0.07279,4.92614
X,177,0.88593,0.37616,0.44849,4.89831
X,178,1.20806,0.2277,0.28964,4.87079
X,179,5.242,0.0,0.0,4.84358
X,180,5.4444,0.0,0.0,4.81667
X,181,3.69881,0.00025,0.0006,4.79006
X,182,3.01043,0.00277,0.00551,4.76374
X,183,-0.80924,0.41884,0.49113,4.7377
X,184,-2.08505,0.03767,0.05853,4.71196
X,185,-2.7508,0.0062,0.0114,4.68649
X,186,-5.35085,0.0,0.0,4.66129
X,187,-6.85101,0.0,0.0,4.63636
X,188,-5.95106,0.0,0.0,4.6117
X,189,-3.36848,0.00083,0.00183,4.5873
X,190,-2.00282,0.04584,0.06969,4.56316
X,191,1.9723,0.04923,0.07419,4.53927
X,192,3.20295,0.00146,0.00309,4.51562
X,193,5.67135,0.0,0.0,4.49223
X,194,7.84322,0.0,0.0,4.46907
X,195,4.568,1e-05,2e-05,4.44615
X,196,5.77462,0.0,0.0,4.42347
X,197,3.24588,0.00126,0.0027,4.40102
X,198,-1.01551,0.31044,0.38039,4.37879
X,199,-0.86189,0.38924,0.462,4.35678
X,200,-0.27093,0.78658,0.82565,4.335
X,201,-3.80721,0.00016,0.00041,4.31343
X,202,-8.08129,0.0,0.0,4.29208
X,203,-3.59901,0.00036,0.00085,4.27094
X,204,3.34974,0.00088,0.00194,4.25
X,205,1.01591,0.31026,0.38025,4.22927
X,206,-0.27238,0.78546,0.82469,4.20874
X,207,0.34699,0.72878,0.77584,4.18841
X,208,1.00062,0.31758,0.38757,4.16827
X,209,-0.85847,0.39112,0.46379,4.14833
X,210,-4.48777,1e-05,3e-05,4.12857
X,211,3.16445,0.00167,0.00348,4.109
X,212,2.68743,0.00749,0.01349,4.08962
X,213,4.70826,0.0,1e-05,4.07042
X,214,3.90163,0.00011,0.00029,4.0514
X,215,-4.45538,1e-05,3e-05,4.03256
X,216,-4.84515,0.0,1e-05,4.01389
X,217,-1.67956,0.09378,0.13166,3.99539
X,218,-2.13574,0.03328,0.0522,3.97706
X,219,-3.82317,0.00015,0.00039,3.9589
X,220,-2.14105,0.03284,0.05162,3.94091
X,221,-3.73381,0.00021,0.00053,3.92308
X,222,-4.07815,5e-05,0.00015,3.90541
X,223,-2.70369,0.00713,0.01292,3.88789
X,224,-1.2606,0.20815,0.26773,3.87054
X,225,-1.91162,0.0566,0.08404,3.85333
X,226,-0.6585,0.51058,0.57844,3.83628
X,227,2.7046,0.00712,0.01289,3.81938
X,228,1.99841,0.04631,0.07034,3.80263
X,229,0.74822,0.45474,0.52505,3.78603
X,230,0.44682,0.65523,0.70999,3.76957
X,231,0.74748,0.45519,0.52544,3.75325
X,232,0.88863,0.37471,0.44714,3.73707
X,233,-0.73731,0.46134,0.53088,3.72103
X,234,1.01475,0.31081,0.38078,3.70513
X,235,6.24537,0.0,0.0,3.68936
X,236,6.40702,0.0,0.0,3.67373
X,237,6.11397,0.0,0.0,3.65823
X,238,6.17676,0.0,0.0,3.64286
X,239,5.89936,0.0,0.0,3.62762
X,240,1.06171,0.28897,0.35755,3.6125
X,241,4.77507,0.0,1e-05,3.59751
X,242,3.37639,0.0008,0.00178,3.58264
X,243,2.96127,0.00324,0.00638,3.5679
X,244,1.82116,0.06929,0.10045,3.55328
X,245,2.65401,0.00825,0.01472,3.53878
X,246,-0.93648,0.34956,0.4213,3.52439
X,247,-2.48028,0.01352,0.02305,3.51012
X,248,0.02218,0.98231,0.98599,3.49597
X,249,-2.40045,0.01681,0.02802,3.48193
X,250,-1.38717,0.16612,0.21946,3.468
X,251,0.87729,0.38083,0.45309,3.45418
X,252,-0.90201,0.36757,0.43951,3.44048
X,253,-2.51123,0.0124,0.02132,3.42688
X,254,5.17891,0.0,0.0,3.41339
X,255,1.80603,0.07163,0.10355,3.4
X,256,-1.25434,0.21041,0.27033,3.38672
X,257,-0.78177,0.43479,0.5061,3.37354
X,258,-3.40626,0.00072,0.00161,3.36047
X,259,-2.06822,0.03923,0.0606,3.34749
X,260,-3.63899,0.00031,0.00074,3.33462
X,261,-2.50764,0.01253,0.02151,3.32184
X,262,1.64215,0.1013,0.14064,3.30916
X,263,2.82358,0.00497,0.00939,3.29658
X,264,-2.32175,0.02072,0.03389,3.28409
X,265,-2.24502,0.02528,0.04063,3.2717
X,266,-2.17888,0.02989,0.04735,3.2594
X,267,-3.31288,0.001,0.00219,3.24719
X,268,-1.05486,0.29209,0.36099,3.23507
X,269,0.35474,0.72296,0.77072,3.22305
X,270,-0.27963,0.7799,0.81937,3.21111
X,271,0.71961,0.47217,0.54102,3.19926
X,272,0.64106,0.52183,0.58897,3.1875
X,273,-1.64434,0.10085,0.14017,3.17582
X,274,3.05371,0.0024,0.00485,3.16423
X,275,2.86336,0.0044,0.00842,3.15273
X,276,1.23829,0.2163,0.27697,3.1413
X,277,0.04388,0.96502,0.97314,3.12996
X,278,-2.04803,0.04118,0.06333,3.11871
X,279,-3.1658,0.00166,0.00346,3.10753
X,280,-6.90339,0.0,0.0,3.09643
X,281,-3.52307,0.00047,0.0011,3.08541
X,282,-4.04394,6e-05,0.00017,3.07447
X,283,-3.58355,0.00038,0.00089,3.0636
X,284,-2.19683,0.02858,0.0455,3.05282
X,285,-4.46489,1e-05,3e-05,3.04211
X,286,-1.3965,0.1633,0.2161,3.03147
X,287,-3.07575,0.00224,0.00455,3.02091
X,288,-1.87767,0.06112,0.08996,3.01042
X,289,-1.03818,0.29978,0.36918,3.0
X,290,0.69366,0.48828,0.55664,2.98966
X,291,-0.83023,0.40688,0.47924,2.97938
X,292,-2.71434,0.00691,0.01256,2.96918
X,293,-1.8723,0.06186,0.0909,2.95904
X,294,-3.00034,0.00286,0.00568,2.94898
X,295,0.82307,0.41093,0.48299,2.93898
X,296,0.74188,0.45857,0.52844,2.92905
X,297,5.2742,0.0,0.0,2.91919
X,298,1.99288,0.04692,0.07116,2.9094
X,299,-0.20382,0.83859,0.86917,2.89967
X,300,1.067,0.28658,0.35503,2.89
X,301,-1.82973,0.068,0.09884,2.8804
X,302,-3.52854,0.00046,0.00108,2.87086
X,303,-2.82788,0.00491,0.00929,2.86139
X,304,-1.98612,0.04767,0.07214,2.85197
X,305,0.82947,0.40731,0.47963,2.84262
X,306,0.89809,0.36965,0.44184,2.83333
X,307,-0.67019,0.50311,0.57114,2.8241
X,308,-0.24782,0.80439,0.8406,2.81494
X,309,6.32754,0.0,0.0,2.80583
X,310,6.37537,0.0,0.0,2.79677
X,311,-2.33119,0.02021,0.03314,2.78778
X,312,-2.47201,0.01383,0.02353,2.77885
X,313,-2.19262,0.02888,0.04591,2.76997
X,314,-8.63633,0.0,0.0,2.76115
X,315,-9.17865,0.0,0.0,2.75238
X,316,-9.22901,0.0,0.0,2.74367
X,317,-2.2826,0.02295,0.03717,2.73502
X,318,-3.47157,0.00057,0.0013,2.72642
X,319,-0.79944,0.42448,0.49595,2.71787
X,320,5.92747,0.0,0.0,2.70938
X,321,7.60456,0.0,0.0,2.70093
X,322,6.07235,0.0,0.0,2.69255
X,323,5.80895,0.0,0.0,2.68421
X,324,4.20448,3e-05,9e-05,2.67593
X,325,2.39553,0.01703,0.02836,2.66769
X,326,0.51426,0.60734,0.66699,2.65951
X,327,1.52718,0.12746,0.17272,2.65138
X,328,4.82096,0.0,1e-05,2.64329
X,329,5.99677,0.0,0.0,2.63526
X,330,6.79096,0.0,0.0,2.62727
X,331,8.234,0.0,0.0,2.61934
X,332,8.50262,0.0,0.0,2.61145
X,333,5.52533,0.0,0.0,2.6036
X,334,2.86994,0.00431,0.00827,2.59581
X,335,5.24915,0.0,0.0,2.58806
X,336,2.36742,0.01836,0.03036,2.58036
X,337,-1.47847,0.14003,0.18789,2.5727
X,338,3.04595,0.00246,0.00497,2.56509
X,339,1.16969,0.24279,0.30665,2.55752
X,340,1.27687,0.20235,0.26122,2.55
X,341,2.48986,0.01316,0.0225,2.54252
X,342,7.21525,0.0,0.0,2.53509
X,343,6.48417,0.0,0.0,2.5277
X,344,3.1689,0.00164,0.00343,2.52035
X,345,3.39824,0.00074,0.00166,2.51304
X,346,2.32662,0.02046,0.0335,2.50578
X,347,4.90702,0.0,0.0,2.49856
X,348,1.30437,0.19282,0.2502,2.49138
X,349,2.77061,0.00584,0.01082,2.48424
X,350,-0.84522,0.39847,0.4715,2.47714
X,351,1.95829,0.05085,0.07644,2.47009
X,352,1.25326,0.21081,0.27077,2.46307
X,353,-2.21731,0.02713,0.04339,2.45609
X,354,-2.18078,0.02975,0.04714,2.44915
X,355,0.69199,0.48932,0.55764,2.44225
X,356,-0.34607,0.72946,0.7764,2.43539
X,357,0.60686,0.54427,0.61002,2.42857
X,358,2.30956,0.02139,0.03487,2.42179
X,359,3.41163,0.00071,0.00159,2.41504
X,360,2.45558,0.01447,0.02451,2.40833
X,361,4.8802,0.0,1e-05,2.40166
X,362,5.5155,0.0,0.0,2.39503
X,363,4.65427,0.0,1e-05,2.38843
X,364,-0.23527,0.81411,0.84854,2.38187
X,365,-0.20357,0.83879,0.86928,2.37534
X,366,-5.04501,0.0,0.0,2.36885
X,367,-6.01838,0.0,0.0,2.3624
X,368,-5.09727,0.0,0.0,2.35598
X,369,-6.60579,0.0,0.0,2.34959
X,370,-5.61492,0.0,0.0,2.34324
X,371,-5.80925,0.0,0.0,2.33693
X,372,-0.24445,0.807,0.84262,2.33065
X,373,0.28989,0.77205,0.81308,2.3244
X,374,3.28048,0.00112,0.00242,2.31818
X,375,3.54522,0.00044,0.00102,2.312
X,376,0.98389,0.32573,0.3963,2.30585
X,377,-0.11186,0.91099,0.93023,2.29973
X,378,0.9462,0.34459,0.41621,2.29365
X,379,-1.31645,0.18874,0.24567,2.2876
X,380,-7.19735,0.0,0.0,2.28158
X,381,-11.15615,0.0,0.0,2.27559
X,382,-9.13028,0.0,0.0,2.26963
X,383,-8.83224,0.0,0.0,2.26371
X,384,-8.25023,0.0,0.0,2.25781
X,385,3.20349,0.00146,0.00309,2.25195
X,386,3.68411,0.00026,0.00063,2.24611
X,387,3.9143,0.00011,0.00028,2.24031
X,388,2.37445,0.01802,0.02987,2.23454
X,389,4.7353,0.0,1e-05,2.22879
X,390,1.49316,0.13614,0.18326,2.22308
X,391,6.06737,0.0,0.0,2.21739
X,392,-1.51571,0.13034,0.17626,2.21173
X,393,-1.22335,0.22188,0.28306,2.20611
X,394,-3.68706,0.00026,0.00063,2.20051
X,395,-2.96339,0.00321,0.00634,2.19494
X,396,-1.34256,0.18014,0.23567,2.18939
X,397,-0.97513,0.33005,0.40092,2.18388
X,398,0.42101,0.67396,0.72669,2.17839
X,399,1.43445,0.15218,0.20241,2.17293
X,400,-0.24603,0.80578,0.84168,2.1675
X,401,2.5141,0.0123,0.02117,2.16209
X,402,0.07488,0.94035,0.95292,2.15672
X,403,-2.6224,0.00905,0.01601,2.15136
X,404,-5.36515,0.0,0.0,2.14604
X,405,-6.60838,0.0,0.0,2.14074
X,406,-4.7318,0.0,1e-05,2.13547
X,407,0.49608,0.6201,0.67825,2.13022
X,408,2.29346,0.02231,0.03623,2.125
X,409,4.19488,3e-05,0.0001,2.1198
X,410,3.66725,0.00028,0.00067,2.11463
X,411,7.91766,0.0,0.0,2.10949
X,412,2.84996,0.00459,0.00873,2.10437
X,413,5.05189,0.0,0.0,2.09927
X,414,4.69817,0.0,1e-05,2.0942
X,415,3.45384,0.00061,0.00138,2.08916
X,416,3.72177,0.00022,0.00055,2.08413
X,417,-1.92213,0.05526,0.0822,2.07914
X,418,1.10496,0.26981,0.33657,2.07416
X,419,1.31477,0.1893,0.24634,2.06921
X,420,2.11815,0.03475,0.05433,2.06429
X,421,2.75017,0.00621,0.01142,2.05938
X,422,6.92622,0.0,0.0,2.0545
X,423,5.34904,0.0,0.0,2.04965
X,424,4.78604,0.0,1e-05,2.04481
X,425,5.37943,0.0,0.0,2.04
X,426,2.73985,0.00641,0.01173,2.03521
X,427,2.0082,0.04526,0.06891,2.03044
X,428,-1.87381,0.06165,0.09061,2.0257
X,429,-5.86439,0.0,0.0,2.02098
X,430,-6.25135,0.0,0.0,2.01628
X,431,-9.1716,0.0,0.0,2.0116
X,432,-8.71374,0.0,0.0,2.00694
X,433,-10.13155,0.0,0.0,2.00231
