chr,k,slope_t,p,q,period
1,1,-0.39508,0.69299,0.93358,2066.0
1,2,-0.98478,0.3253,0.77983,1033.0
1,3,0.22462,0.82238,0.96403,688.66667
1,4,2.40275,0.0167,0.34906,516.5
1,5,-1.87978,0.06083,0.50744,413.2
1,6,-1.52652,0.12763,0.60703,344.33333
1,7,0.43753,0.66195,0.92432,295.14286
1,8,-0.11309,0.91002,0.98058,258.25
1,9,4.2051,3e-05,0.07313,229.55556
1,10,-0.77472,0.43894,0.84461,206.6
1,11,0.01338,0.98933,0.99795,187.81818
1,12,2.17165,0.03044,0.41555,172.16667
1,13,0.14133,0.88767,0.97353,158.92308
1,14,-0.64809,0.51728,0.87796,147.57143
1,15,1.35471,0.17623,0.66572,137.73333
1,16,2.81122,0.00517,0.27088,129.125
1,17,-0.64736,0.51775,0.87796,121.52941
1,18,0.21851,0.82714,0.96518,114.77778
1,19,-1.74785,0.08122,0.54823,108.73684
1,20,0.09176,0.92693,0.98429,103.3
1,21,0.14802,0.8824,0.97334,98.38095
1,22,-2.02996,0.04299,0.47155,93.90909
1,23,-2.61106,0.00935,0.30543,89.82609
1,24,0.82449,0.41013,0.83153,86.08333
1,25,-1.21972,0.22325,0.71415,82.64
1,26,1.07082,0.28486,0.76187,79.46154
1,27,0.25092,0.802,0.96257,76.51852
1,28,-1.70194,0.0895,0.56015,73.78571
1,29,-0.3145,0.7533,0.94722,71.24138
1,30,-2.74038,0.0064,0.288,68.86667
1,31,-2.05713,0.04029,0.45918,66.64516
1,32,-1.42219,0.15571,0.64495,64.5625
1,33,-1.68793,0.09216,0.56374,62.60606
1,34,-0.55247,0.58092,0.89726,60.76471
1,35,1.39802,0.16284,0.65116,59.02857
1,36,1.21835,0.22377,0.71481,57.38889
1,37,0.69519,0.48732,0.86994,55.83784
1,38,-0.49751,0.61909,0.9102,54.36842
1,39,0.20515,0.83755,0.96568,52.97436
1,40,1.83913,0.0666,0.52067,51.65
1,41,-1.04752,0.29546,0.76877,50.39024
1,42,0.60213,0.54741,0.89131,49.19048
1,43,-0.00923,0.99264,0.99807,48.04651
1,44,-0.71755,0.47343,0.8627,46.95455
1,45,-1.10662,0.26909,0.74908,45.91111
1,46,-0.7699,0.44179,0.84532,44.91304
1,47,-0.18058,0.85678,0.96795,43.95745
1,48,-0.33696,0.73631,0.94272,43.04167
1,49,-0.72648,0.46795,0.86044,42.16327
1,50,-1.93271,0.05394,0.48774,41.32
1,51,2.29106,0.02245,0.37883,40.5098
1,52,0.89232,0.37273,0.80868,39.73077
1,53,-3.06252,0.00234,0.2184,38.98113
1,54,-2.4216,0.01587,0.34496,38.25926
1,55,0.28834,0.77323,0.95419,37.56364
1,56,-2.33862,0.01982,0.36666,36.89286
1,57,-0.26409,0.79184,0.95808,36.24561
1,58,0.88118,0.37872,0.81267,35.62069
1,59,0.52226,0.60176,0.90529,35.01695
1,60,-2.13289,0.03351,0.4319,34.43333
1,61,0.93893,0.3483,0.7945,33.86885
1,62,1.79307,0.07368,0.53906,33.32258
1,63,-0.22228,0.82421,0.96483,32.79365
1,64,-0.89365,0.37202,0.80824,32.28125
1,65,2.81288,0.00514,0.27088,31.78462
1,66,2.38818,0.01737,0.35131,31.30303
1,67,0.2073,0.83588,0.96568,30.83582
1,68,1.90528,0.05742,0.49269,30.38235
1,69,-1.72981,0.0844,0.55546,29.94203
1,70,0.0943,0.92491,0.98397,29.51429
1,71,-0.15232,0.87901,0.97313,29.09859
1,72,-1.19199,0.23394,0.72164,28.69444
1,73,-0.52105,0.6026,0.90529,28.30137
1,74,0.26945,0.78772,0.95761,27.91892
1,75,-0.60938,0.5426,0.89022,27.54667
1,76,-1.18799,0.23551,0.72343,27.18421
1,77,-1.33619,0.18221,0.67208,26.83117
1,78,0.00925,0.99262,0.99807,26.48718
1,79,0.6406,0.52213,0.88021,26.1519
1,80,2.28366,0.02289,0.37883,25.825
1,81,0.0989,0.92126,0.98322,25.50617
1,82,-0.65242,0.51448,0.87785,25.19512
1,83,-2.39273,0.01716,0.35131,24.89157
1,84,1.8461,0.06558,0.51909,24.59524
1,85,0.03768,0.96996,0.99544,24.30588
1,86,1.16249,0.2457,0.73001,24.02326
1,87,-0.55917,0.57634,0.89726,23.74713
1,88,1.73859,0.08284,0.55146,23.47727
1,89,-0.57033,0.56875,0.89548,23.21348
1,90,1.7424,0.08217,0.54926,22.95556
1,91,0.96571,0.33474,0.78502,22.7033
1,92,-1.81845,0.0697,0.53003,22.45652
1,93,0.05312,0.95766,0.99266,22.21505
1,94,1.16678,0.24396,0.72804,21.97872
1,95,-0.24283,0.80825,0.96322,21.74737
1,96,-2.16675,0.03081,0.41724,21.52083
1,97,-2.01335,0.04471,0.47854,21.29897
1,98,2.29696,0.02211,0.37881,21.08163
1,99,-0.51441,0.60723,0.90679,20.86869
1,100,-1.3881,0.16584,0.65531,20.66
1,101,-0.4949,0.62093,0.91069,20.45545
1,102,-1.65306,0.09906,0.57146,20.2549
1,103,-1.64439,0.10084,0.57433,20.05825
1,104,2.9914,0.00294,0.24041,19.86538
1,105,-1.15247,0.24978,0.73258,19.67619
1,106,0.21361,0.83096,0.96518,19.49057
1,107,0.30576,0.75994,0.94841,19.30841
1,108,0.94253,0.34646,0.79312,19.12963
1,109,1.91319,0.0564,0.49078,18.95413
1,110,1.10551,0.26957,0.74908,18.78182
1,111,0.1887,0.85042,0.96747,18.61261
1,112,1.09181,0.27554,0.75335,18.44643
1,113,-0.22485,0.8222,0.96403,18.28319
1,114,-0.69666,0.4864,0.86971,18.12281
1,115,0.00601,0.9952,0.99838,17.96522
1,116,-0.06753,0.94619,0.98944,17.81034
1,117,2.59503,0.00979,0.30691,17.65812
1,118,-0.35219,0.72487,0.94112,17.50847
1,119,-0.54862,0.58356,0.89829,17.36134
1,120,-1.63169,0.10349,0.57601,17.21667
1,121,-1.77358,0.07685,0.54281,17.07438
1,122,1.94376,0.05259,0.48723,16.93443
1,123,-0.43382,0.66464,0.92504,16.79675
1,124,0.70532,0.481,0.86572,16.66129
1,125,3.23464,0.00131,0.18491,16.528
1,126,-0.26763,0.78911,0.95761,16.39683
1,127,-0.66843,0.50422,0.87243,16.26772
1,128,0.95596,0.33964,0.7881,16.14062
1,129,0.4427,0.65821,0.92312,16.0155
1,130,-1.1236,0.26182,0.74308,15.89231
1,131,0.41057,0.6816,0.93037,15.77099
1,132,-0.98654,0.32443,0.77863,15.65152
1,133,1.82738,0.06835,0.52532,15.53383
1,134,1.67145,0.09537,0.56649,15.41791
1,135,-0.97968,0.32781,0.78071,15.3037
1,136,-0.8348,0.4043,0.82931,15.19118
1,137,-2.02645,0.04335,0.47155,15.08029
1,138,-1.72418,0.08541,0.55679,14.97101
1,139,0.63378,0.52657,0.88294,14.86331
1,140,-1.70032,0.08981,0.56099,14.75714
1,141,-0.59775,0.55033,0.89239,14.65248
1,142,-2.32427,0.02059,0.36864,14.5493
1,143,0.33757,0.73586,0.94272,14.44755
1,144,2.27855,0.02319,0.38075,14.34722
1,145,2.53768,0.01152,0.31388,14.24828
1,146,-1.69127,0.09152,0.56328,14.15068
1,147,0.03688,0.9706,0.99544,14.05442
1,148,-2.83971,0.00473,0.2706,13.95946
1,149,1.91069,0.05672,0.4923,13.86577
1,150,1.61764,0.10649,0.58199,13.77333
1,151,1.77907,0.07595,0.54017,13.68212
1,152,-1.4369,0.15149,0.63944,13.59211
1,153,1.1391,0.25531,0.73691,13.50327
1,154,0.12857,0.89776,0.97768,13.41558
1,155,1.74534,0.08165,0.54828,13.32903
1,156,0.8896,0.37419,0.81032,13.24359
1,157,0.4769,0.63368,0.91588,13.15924
1,158,-1.95964,0.0507,0.48723,13.07595
1,159,0.79815,0.42523,0.84063,12.99371
1,160,-1.42375,0.15526,0.64463,12.9125
1,161,-1.20194,0.23006,0.71773,12.8323
1,162,-0.95958,0.33782,0.78746,12.75309
1,163,0.12537,0.90029,0.97855,12.67485
1,164,0.74567,0.45628,0.85297,12.59756
1,165,-0.18112,0.85636,0.96795,12.52121
1,166,1.72659,0.08497,0.55608,12.44578
1,167,0.36054,0.71863,0.93941,12.37126
1,168,0.22099,0.82521,0.96518,12.29762
1,169,1.65296,0.09908,0.57146,12.22485
1,170,-0.38413,0.70108,0.93506,12.15294
1,171,1.16398,0.24509,0.72888,12.08187
1,172,-1.94276,0.05271,0.48723,12.01163
1,173,-1.02389,0.30647,0.77074,11.9422
1,174,-0.5522,0.5811,0.89726,11.87356
1,175,-0.89618,0.37066,0.80741,11.80571
1,176,0.90093,0.36814,0.80602,11.73864
1,177,-0.13614,0.89178,0.97573,11.67232
1,178,0.3481,0.72794,0.94112,11.60674
1,179,0.04772,0.96196,0.99351,11.5419
1,180,0.4982,0.6186,0.9102,11.47778
1,181,1.02502,0.30594,0.77066,11.41436
1,182,-1.2316,0.21878,0.70933,11.35165
1,183,2.44221,0.01501,0.34131,11.28962
1,184,-1.56768,0.1177,0.5949,11.22826
1,185,-0.14382,0.88571,0.97334,11.16757
1,186,0.90398,0.36652,0.8052,11.10753
1,187,-0.71216,0.47676,0.8642,11.04813
1,188,0.07801,0.93786,0.98794,10.98936
1,189,0.61079,0.54167,0.89022,10.93122
1,190,0.47343,0.63615,0.91655,10.87368
1,191,-2.66724,0.00794,0.2957,10.81675
1,192,0.79539,0.42683,0.84148,10.76042
1,193,0.83557,0.40387,0.82903,10.70466
1,194,2.15026,0.0321,0.42325,10.64948
1,195,2.30948,0.0214,0.37496,10.59487
1,196,1.80659,0.07154,0.53426,10.54082
1,197,1.15665,0.24807,0.73099,10.48731
1,198,-2.16317,0.03109,0.41934,10.43434
1,199,0.92662,0.35465,0.79882,10.38191
1,200,-1.05819,0.29057,0.76582,10.33
1,201,-0.143,0.88636,0.97334,10.27861
1,202,0.42866,0.66839,0.92704,10.22772
1,203,-0.95711,0.33906,0.78805,10.17734
1,204,-0.21056,0.83333,0.96518,10.12745
1,205,-0.03566,0.97157,0.99544,10.07805
1,206,0.231,0.81743,0.96397,10.02913
1,207,-0.08402,0.93308,0.98589,9.98068
1,208,2.43932,0.01513,0.34214,9.93269
1,209,-0.14305,0.88632,0.97334,9.88517
1,210,0.85551,0.39275,0.82286,9.8381
1,211,-1.30134,0.19385,0.68451,9.79147
1,212,-1.14153,0.2543,0.73611,9.74528
1,213,-1.66624,0.09641,0.56706,9.69953
1,214,-1.27771,0.20205,0.69178,9.65421
1,215,0.47744,0.63329,0.91588,9.6093
1,216,-0.66139,0.50872,0.87442,9.56481
1,217,-1.49954,0.13448,0.61519,9.52074
1,218,0.68088,0.49632,0.87129,9.47706
1,219,0.24488,0.80667,0.96322,9.43379
1,220,1.01535,0.31052,0.77337,9.39091
1,221,1.19754,0.23177,0.71876,9.34842
1,222,1.76686,0.07798,0.54413,9.30631
1,223,-0.52891,0.59714,0.90375,9.26457
1,224,1.63147,0.10354,0.57601,9.22321
1,225,1.14709,0.25199,0.73541,9.18222
1,226,-0.88302,0.37773,0.81247,9.14159
1,227,0.49893,0.61809,0.9102,9.10132
1,228,-2.15348,0.03185,0.42211,9.0614
1,229,-1.34045,0.18082,0.67042,9.02183
1,230,0.69299,0.4887,0.86994,8.98261
1,231,-1.75526,0.07994,0.54723,8.94372
1,232,0.41101,0.68128,0.93037,8.90517
1,233,-3.13104,0.00186,0.18883,8.86695
1,234,-1.4103,0.15919,0.64755,8.82906
1,235,-0.78976,0.43011,0.84184,8.79149
1,236,1.58446,0.11384,0.58839,8.75424
1,237,-0.25896,0.79579,0.96021,8.7173
1,238,-1.465,0.14366,0.62701,8.68067
1,239,-0.21807,0.82748,0.96518,8.64435
1,240,-0.29398,0.76892,0.95159,8.60833
1,241,-0.41647,0.67728,0.92941,8.57261
1,242,-2.13403,0.03342,0.4319,8.53719
1,243,-0.17841,0.85848,0.96795,8.50206
1,244,-1.20874,0.22744,0.71601,8.46721
1,245,-0.39914,0.68999,0.93358,8.43265
1,246,0.51938,0.60377,0.90529,8.39837
1,247,-0.28907,0.77267,0.95404,8.36437
1,248,0.59895,0.54953,0.89184,8.33065
1,249,0.5593,0.57625,0.89726,8.29719
1,250,0.36021,0.71887,0.93941,8.264
1,251,0.50603,0.6131,0.90821,8.23108
1,252,0.13815,0.89019,0.9748,8.19841
1,253,0.55535,0.57895,0.89726,8.16601
1,254,0.09947,0.92081,0.9831,8.13386
1,255,1.79635,0.07315,0.53869,8.10196
1,256,-0.02868,0.97714,0.99579,8.07031
1,257,-0.34557,0.72984,0.94112,8.03891
1,258,1.33852,0.18145,0.67136,8.00775
1,259,-1.23881,0.21611,0.70649,7.97683
1,260,2.41402,0.0162,0.34718,7.94615
1,261,-1.86284,0.06318,0.51337,7.91571
1,262,1.66861,0.09594,0.56706,7.8855
1,263,-0.67343,0.50104,0.87235,7.85551
1,264,-0.13879,0.88968,0.97472,7.82576
1,265,1.40234,0.16155,0.65081,7.79623
1,266,-1.22115,0.22271,0.71372,7.76692
1,267,-0.61534,0.53866,0.89021,7.73783
1,268,0.02069,0.9835,0.99628,7.70896
1,269,-0.84285,0.39979,0.82706,7.6803
1,270,0.11542,0.90817,0.98056,7.65185
1,271,0.2051,0.83759,0.96568,7.62362
1,272,-0.19595,0.84474,0.96602,7.59559
1,273,-0.4365,0.66269,0.92432,7.56777
1,274,1.46659,0.14323,0.62658,7.54015
1,275,-1.94308,0.05267,0.48723,7.51273
1,276,-0.35858,0.72009,0.93986,7.48551
1,277,1.00059,0.3176,0.77662,7.45848
1,278,0.90616,0.36537,0.8052,7.43165
1,279,0.52004,0.60331,0.90529,7.40502
1,280,-0.68644,0.49281,0.8705,7.37857
1,281,1.6964,0.09055,0.56244,7.35231
1,282,0.38076,0.70357,0.93538,7.32624
1,283,-1.19637,0.23222,0.71881,7.30035
1,284,0.311,0.75596,0.94757,7.27465
1,285,0.7326,0.46421,0.85691,7.24912
1,286,-0.98849,0.32348,0.77846,7.22378
1,287,1.21536,0.22491,0.71482,7.19861
1,288,1.69329,0.09114,0.56328,7.17361
1,289,0.1694,0.86556,0.97079,7.14879
1,290,0.31119,0.75581,0.94757,7.12414
1,291,1.70404,0.08911,0.56015,7.09966
1,292,0.9165,0.35993,0.802,7.07534
1,293,-0.11667,0.90718,0.98053,7.05119
1,294,0.18068,0.85671,0.96795,7.02721
1,295,-1.05784,0.29073,0.76582,7.00339
1,296,0.04043,0.96777,0.99543,6.97973
1,297,0.48395,0.62867,0.91452,6.95623
1,298,2.7051,0.0071,0.29202,6.93289
1,299,-0.41729,0.67668,0.92926,6.9097
1,300,-0.00591,0.99529,0.99838,6.88667
1,301,-1.67935,0.09382,0.56485,6.86379
1,302,0.39397,0.6938,0.93358,6.84106
1,303,0.34837,0.72774,0.94112,6.81848
1,304,1.47544,0.14084,0.62153,6.79605
1,305,0.68035,0.49666,0.87129,6.77377
1,306,0.17137,0.86401,0.97063,6.75163
1,307,0.19089,0.8487,0.96747,6.72964
1,308,-1.19073,0.23443,0.72205,6.70779
1,309,0.30191,0.76287,0.94898,6.68608
1,310,-0.73207,0.46453,0.85736,6.66452
1,311,0.62643,0.53137,0.8855,6.64309
1,312,0.8879,0.3751,0.81106,6.62179
1,313,0.23898,0.81124,0.96339,6.60064
1,314,0.14665,0.88348,0.97334,6.57962
1,315,-3.43913,0.00064,0.14654,6.55873
1,316,0.03479,0.97226,0.99544,6.53797
1,317,0.79472,0.42722,0.84149,6.51735
1,318,1.5891,0.11279,0.58787,6.49686
1,319,-0.34851,0.72763,0.94112,6.47649
1,320,1.76121,0.07893,0.54492,6.45625
1,321,0.35375,0.72371,0.94112,6.43614
1,322,1.32643,0.18542,0.6752,6.41615
1,323,0.1998,0.84173,0.96568,6.39628
1,324,-0.33538,0.7375,0.9433,6.37654
1,325,0.59871,0.54969,0.89196,6.35692
1,326,1.03346,0.30198,0.7697,6.33742
1,327,0.02089,0.98334,0.99628,6.31804
1,328,0.07964,0.93656,0.98764,6.29878
1,329,-0.38147,0.70305,0.93519,6.27964
1,330,-0.94827,0.34353,0.79137,6.26061
1,331,-1.06576,0.28714,0.76264,6.24169
1,332,-0.72275,0.47023,0.86191,6.22289
1,333,0.24531,0.80634,0.96312,6.2042
1,334,-0.98906,0.3232,0.77846,6.18563
1,335,-1.3197,0.18765,0.67661,6.16716
1,336,0.6889,0.49127,0.87018,6.14881
1,337,-2.19483,0.02872,0.40479,6.13056
1,338,-0.92977,0.35302,0.79817,6.11243
1,339,-0.88663,0.37579,0.81149,6.0944
1,340,-1.66577,0.0965,0.56706,6.07647
1,341,0.40758,0.68379,0.93105,6.05865
1,342,2.69697,0.00728,0.29202,6.04094
1,343,-0.62215,0.53418,0.88738,6.02332
1,344,-1.2889,0.19814,0.68751,6.00581
1,345,-0.0544,0.95664,0.99265,5.98841
1,346,-0.84507,0.39855,0.82649,5.9711
1,347,0.16916,0.86575,0.97079,5.95389
1,348,0.66618,0.50566,0.87304,5.93678
1,349,-0.97658,0.32934,0.78208,5.91977
1,350,-0.76323,0.44575,0.84793,5.90286
1,351,1.35089,0.17745,0.6668,5.88604
1,352,-1.02653,0.30523,0.7706,5.86932
1,353,-0.21953,0.82634,0.96518,5.85269
1,354,-1.36485,0.17303,0.66442,5.83616
1,355,1.55962,0.1196,0.59668,5.81972
1,356,1.08443,0.27879,0.75771,5.80337
1,357,-0.98271,0.32631,0.78008,5.78711
1,358,-0.21666,0.82858,0.96518,5.77095
1,359,-0.64541,0.51902,0.87859,5.75487
1,360,1.93543,0.05361,0.48774,5.73889
1,361,-1.15067,0.25052,0.73361,5.72299
1,362,2.44228,0.015,0.34131,5.70718
1,363,0.6955,0.48712,0.86994,5.69146
1,364,-0.0296,0.9764,0.99579,5.67582
1,365,-0.09058,0.92787,0.98429,5.66027
1,366,-0.48017,0.63135,0.91529,5.64481
1,367,0.83307,0.40528,0.82931,5.62943
1,368,0.81446,0.41584,0.83416,5.61413
1,369,0.00166,0.99867,0.99897,5.59892
1,370,1.34608,0.179,0.66863,5.58378
1,371,0.62561,0.53191,0.88551,5.56873
1,372,-0.75883,0.44838,0.84873,5.55376
1,373,-1.21292,0.22584,0.71483,5.53887
1,374,1.62882,0.1041,0.57805,5.52406
1,375,1.50915,0.13201,0.61344,5.50933
1,376,-0.30564,0.76003,0.94841,5.49468
1,377,-0.71621,0.47426,0.8627,5.48011
1,378,0.94705,0.34416,0.79203,5.46561
1,379,-0.00652,0.9948,0.99838,5.45119
1,380,-1.79692,0.07306,0.53869,5.43684
1,381,-1.37255,0.17062,0.66018,5.42257
1,382,3.32967,0.00095,0.15818,5.40838
1,383,0.55688,0.5779,0.89726,5.39426
1,384,-1.64708,0.10029,0.57314,5.38021
1,385,0.29767,0.7661,0.95058,5.36623
1,386,-1.69128,0.09152,0.56328,5.35233
1,387,-0.67675,0.49894,0.87129,5.3385
1,388,0.04049,0.96772,0.99543,5.32474
1,389,0.56213,0.57433,0.89726,5.31105
1,390,-1.65956,0.09775,0.57034,5.29744
1,391,-1.52403,0.12825,0.60724,5.28389
1,392,-1.56327,0.11874,0.5962,5.27041
1,393,0.01968,0.98431,0.99628,5.257
1,394,-1.04414,0.29702,0.76877,5.24365
1,395,-1.55906,0.11973,0.59668,5.23038
1,396,-1.14092,0.25455,0.73642,5.21717
1,397,2.2076,0.02781,0.40079,5.20403
1,398,-0.96776,0.33372,0.78502,5.19095
1,399,1.41131,0.15889,0.64724,5.17794
1,400,-2.10622,0.03578,0.44509,5.165
1,401,-1.0591,0.29016,0.76572,5.15212
1,402,-0.25736,0.79702,0.96076,5.1393
1,403,0.43833,0.66137,0.92403,5.12655
1,404,-0.42103,0.67395,0.92859,5.11386
1,405,-0.74714,0.4554,0.85267,5.10123
1,406,0.374,0.70859,0.93669,5.08867
1,407,-1.41197,0.1587,0.64724,5.07617
1,408,-1.35547,0.17599,0.66572,5.06373
1,409,0.49858,0.61833,0.9102,5.05134
1,410,0.24653,0.80539,0.96294,5.03902
1,411,-2.66911,0.0079,0.2957,5.02676
1,412,1.71923,0.08631,0.55776,5.01456
1,413,-1.8695,0.06225,0.5114,5.00242
1,414,-1.30402,0.19294,0.68368,4.99034
1,415,0.23305,0.81584,0.96366,4.97831
1,416,-1.59673,0.11108,0.58787,4.96635
1,417,-0.98151,0.32691,0.78017,4.95444
1,418,0.77194,0.44058,0.84478,4.94258
1,419,0.10252,0.9184,0.9824,4.93079
1,420,1.36445,0.17315,0.66463,4.91905
1,421,2.48203,0.01345,0.32929,4.90736
1,422,-3.4315,0.00066,0.14665,4.89573
1,423,-0.52822,0.59762,0.90407,4.88416
1,424,-1.58291,0.11419,0.58872,4.87264
1,425,0.30864,0.75774,0.94796,4.86118
1,426,-0.99118,0.32217,0.77846,4.84977
1,427,-0.55671,0.57802,0.89726,4.83841
1,428,-0.3938,0.69393,0.93358,4.8271
1,429,-1.66949,0.09576,0.56706,4.81585
1,430,-0.53992,0.58954,0.90138,4.80465
1,431,0.31252,0.7548,0.94722,4.7935
1,432,2.28951,0.02254,0.37883,4.78241
1,433,0.09921,0.92102,0.98311,4.77136
1,434,2.54648,0.01124,0.31305,4.76037
1,435,0.7649,0.44476,0.84791,4.74943
1,436,0.39691,0.69163,0.93358,4.73853
1,437,0.42935,0.66789,0.92699,4.72769
1,438,0.4939,0.62163,0.91121,4.71689
1,439,1.5241,0.12823,0.60724,4.70615
1,440,-0.01111,0.99114,0.99807,4.69545
1,441,0.40578,0.68511,0.93157,4.68481
1,442,-0.89223,0.37278,0.80868,4.67421
1,443,1.33812,0.18158,0.67136,4.66366
1,444,-0.80445,0.42159,0.83841,4.65315
1,445,-0.26697,0.78962,0.95761,4.6427
1,446,-2.39823,0.01691,0.35131,4.63229
1,447,1.03862,0.29957,0.76908,4.62192
1,448,1.70897,0.08819,0.55931,4.61161
1,449,1.66686,0.09628,0.56706,4.60134
1,450,-0.73516,0.46265,0.85625,4.59111
1,451,-1.87961,0.06085,0.50744,4.58093
1,452,1.43725,0.15139,0.63944,4.5708
1,453,0.11286,0.9102,0.98058,4.56071
1,454,1.69229,0.09133,0.56328,4.55066
1,455,0.57697,0.56427,0.89408,4.54066
1,456,-0.74386,0.45737,0.85363,4.5307
1,457,1.68412,0.0929,0.56471,4.52079
1,458,-1.35411,0.17643,0.66572,4.51092
1,459,0.0085,0.99322,0.99807,4.50109
1,460,-0.06505,0.94817,0.99043,4.4913
1,461,1.05632,0.29143,0.76648,4.48156
1,462,-0.35277,0.72443,0.94112,4.47186
1,463,-0.13485,0.8928,0.97634,4.4622
1,464,0.53021,0.59624,0.90362,4.45259
1,465,-2.11601,0.03493,0.43967,4.44301
1,466,1.13419,0.25736,0.73857,4.43348
1,467,0.77016,0.44164,0.84532,4.42398
1,468,1.32541,0.18575,0.67551,4.41453
1,469,-0.17055,0.86466,0.97079,4.40512
1,470,-0.22698,0.82055,0.96403,4.39574
1,471,1.05482,0.29211,0.76654,4.38641
1,472,0.71689,0.47384,0.8627,4.37712
1,473,1.99202,0.04701,0.48289,4.36786
1,474,0.46729,0.64054,0.91831,4.35865
1,475,-0.34719,0.72863,0.94112,4.34947
1,476,-0.52059,0.60292,0.90529,4.34034
1,477,0.57522,0.56545,0.89423,4.33124
1,478,-0.70916,0.47862,0.86484,4.32218
1,479,1.4959,0.13543,0.61685,4.31315
1,480,-1.45351,0.14683,0.63297,4.30417
1,481,0.80418,0.42174,0.83852,4.29522
1,482,2.27706,0.02328,0.38075,4.28631
1,483,-0.66381,0.50717,0.8738,4.27743
1,484,-0.34806,0.72797,0.94112,4.2686
1,485,-0.09118,0.92739,0.98429,4.25979
1,486,0.26462,0.79143,0.95789,4.25103
1,487,1.77123,0.07724,0.54339,4.2423
1,488,1.06691,0.28662,0.7626,4.23361
1,489,0.19907,0.8423,0.96568,4.22495
1,490,1.20058,0.23059,0.71773,4.21633
1,491,-1.04532,0.29647,0.76877,4.20774
1,492,2.54143,0.0114,0.31388,4.19919
1,493,-0.80021,0.42404,0.83948,4.19067
1,494,-0.15531,0.87665,0.97263,4.18219
1,495,0.34799,0.72802,0.94112,4.17374
1,496,1.82938,0.06805,0.52526,4.16532
1,497,-0.61382,0.53966,0.89022,4.15694
1,498,0.8121,0.41719,0.83495,4.14859
1,499,-0.22688,0.82062,0.96403,4.14028
1,500,-0.61308,0.54015,0.89022,4.132
1,501,1.35406,0.17644,0.66572,4.12375
1,502,1.87979,0.06083,0.50744,4.11554
1,503,-0.33257,0.73962,0.94333,4.10736
1,504,-0.73845,0.46065,0.85544,4.09921
1,505,-1.41891,0.15666,0.64648,4.09109
1,506,-0.81646,0.4147,0.83293,4.083
1,507,1.11162,0.26693,0.74887,4.07495
1,508,-0.02092,0.98332,0.99628,4.06693
1,509,1.4739,0.14125,0.62188,4.05894
1,510,1.31076,0.19065,0.68162,4.05098
1,511,0.14545,0.88442,0.97334,4.04305
1,512,-2.08543,0.03763,0.44897,4.03516
1,513,-1.12178,0.26259,0.74357,4.02729
1,514,-1.49541,0.13556,0.61715,4.01946
1,515,-2.23965,0.02563,0.38749,4.01165
1,516,-1.01657,0.30994,0.7725,4.00388
1,517,3.77473,0.00018,0.10669,3.99613
1,518,-2.20852,0.02774,0.40079,3.98842
1,519,1.14305,0.25367,0.73541,3.98073
1,520,-1.21549,0.22486,0.71482,3.97308
1,521,-0.94311,0.34616,0.79312,3.96545
1,522,-0.72566,0.46845,0.86061,3.95785
1,523,1.25875,0.20882,0.69701,3.95029
1,524,-2.06382,0.03965,0.45497,3.94275
1,525,1.18245,0.23769,0.72606,3.93524
1,526,0.98778,0.32383,0.77846,3.92776
1,527,-0.29929,0.76486,0.94951,3.9203
1,528,-0.44119,0.6593,0.92333,3.91288
1,529,-0.40129,0.68841,0.93358,3.90548
1,530,-1.17181,0.24193,0.72715,3.89811
1,531,-0.4304,0.66713,0.92641,3.89077
1,532,0.83771,0.40267,0.82844,3.88346
1,533,0.53991,0.58954,0.90138,3.87617
1,534,0.79998,0.42417,0.83951,3.86891
1,535,-0.9541,0.34058,0.7882,3.86168
1,536,-0.35067,0.72601,0.94112,3.85448
1,537,1.076,0.28254,0.76005,3.8473
1,538,2.74954,0.00622,0.28626,3.84015
1,539,1.50485,0.13311,0.61424,3.83302
1,540,1.05764,0.29082,0.76586,3.82593
1,541,0.46042,0.64545,0.92009,3.81885
1,542,-0.32089,0.74846,0.94608,3.81181
1,543,0.77429,0.43919,0.84461,3.80479
1,544,-0.6209,0.535,0.88809,3.79779
1,545,1.1241,0.26161,0.74308,3.79083
1,546,-0.96913,0.33304,0.78502,3.78388
1,547,-0.90899,0.36387,0.8052,3.77697
1,548,2.05074,0.04091,0.4631,3.77007
1,549,1.87182,0.06192,0.51075,3.76321
1,550,2.0982,0.03648,0.44594,3.75636
1,551,0.99896,0.31839,0.77662,3.74955
1,552,1.09932,0.27226,0.75057,3.74275
1,553,-1.23681,0.21685,0.70753,3.73599
1,554,0.28582,0.77516,0.95438,3.72924
1,555,-0.04768,0.962,0.99351,3.72252
1,556,-0.78874,0.43071,0.84184,3.71583
1,557,1.18821,0.23542,0.72343,3.70916
1,558,1.91146,0.05662,0.49228,3.70251
1,559,0.34668,0.729,0.94112,3.69589
1,560,-1.86727,0.06256,0.51186,3.68929
1,561,-0.10309,0.91794,0.98239,3.68271
1,562,-0.15627,0.8759,0.97263,3.67616
1,563,-0.95688,0.33917,0.78805,3.66963
1,564,0.58666,0.55775,0.89335,3.66312
1,565,1.89514,0.05876,0.49745,3.65664
1,566,0.10178,0.91898,0.98251,3.65018
1,567,0.85335,0.39395,0.82351,3.64374
1,568,1.41639,0.1574,0.64659,3.63732
1,569,0.38064,0.70366,0.93538,3.63093
1,570,1.58628,0.11343,0.58839,3.62456
1,571,-0.28138,0.77856,0.95621,3.61821
1,572,-0.44096,0.65947,0.92337,3.61189
1,573,1.27223,0.20399,0.69255,3.60558
1,574,-0.03294,0.97373,0.99544,3.5993
1,575,1.96879,0.04963,0.48679,3.59304
1,576,0.40887,0.68285,0.93096,3.58681
1,577,0.40363,0.68669,0.93285,3.58059
1,578,0.28134,0.77859,0.95621,3.57439
1,579,1.66393,0.09687,0.56855,3.56822
1,580,-2.03427,0.04255,0.47015,3.56207
1,581,1.96369,0.05022,0.48679,3.55594
1,582,-1.48266,0.13891,0.62153,3.54983
1,583,-0.81661,0.41461,0.83293,3.54374
1,584,-1.04376,0.29719,0.76877,3.53767
1,585,0.96619,0.3345,0.78502,3.53162
1,586,-1.64621,0.10047,0.57358,3.5256
1,587,-1.97554,0.04886,0.48679,3.51959
1,588,-0.98648,0.32446,0.77863,3.51361
1,589,-0.39796,0.69086,0.93358,3.50764
1,590,1.21339,0.22566,0.71483,3.50169
1,591,-0.58855,0.55648,0.89335,3.49577
1,592,-0.04538,0.96383,0.99423,3.48986
1,593,0.40774,0.68367,0.93105,3.48398
1,594,-1.26282,0.20735,0.69583,3.47811
1,595,-2.32482,0.02056,0.36864,3.47227
1,596,0.04059,0.96764,0.99543,3.46644
1,597,0.20578,0.83706,0.96568,3.46064
1,598,0.94019,0.34766,0.79358,3.45485
1,599,-0.70423,0.48168,0.86607,3.44908
1,600,-1.59287,0.11194,0.58787,3.44333
1,601,-0.43801,0.6616,0.92403,3.4376
1,602,-0.27964,0.77989,0.95653,3.43189
1,603,-2.13309,0.03349,0.4319,3.4262
1,604,0.5311,0.59563,0.90362,3.42053
1,605,0.28902,0.77271,0.95404,3.41488
1,606,0.98106,0.32712,0.78017,3.40924
1,607,-0.67313,0.50123,0.87235,3.40362
1,608,0.96471,0.33524,0.78503,3.39803
1,609,0.49813,0.61865,0.9102,3.39245
1,610,-0.4491,0.65359,0.92144,3.38689
1,611,0.12192,0.90302,0.97918,3.38134
1,612,-3.37113,0.00082,0.15222,3.37582
1,613,-0.78334,0.43387,0.84396,3.37031
1,614,2.02821,0.04317,0.47155,3.36482
1,615,2.81477,0.00511,0.27088,3.35935
1,616,0.45042,0.65264,0.92144,3.3539
1,617,-0.54384,0.58684,0.90032,3.34846
1,618,1.16187,0.24595,0.73022,3.34304
1,619,0.23345,0.81553,0.96365,3.33764
1,620,0.74738,0.45525,0.85267,3.33226
1,621,1.31679,0.18862,0.67751,3.32689
1,622,1.55288,0.1212,0.59806,3.32154
1,623,0.20843,0.835,0.96568,3.31621
1,624,-0.72885,0.4665,0.859,3.3109
1,625,-0.59337,0.55325,0.89307,3.3056
1,626,-0.18266,0.85515,0.96795,3.30032
1,627,-0.49882,0.61817,0.9102,3.29506
1,628,0.40446,0.68608,0.93232,3.28981
1,629,1.72215,0.08578,0.55727,3.28458
1,630,-0.09805,0.92194,0.98322,3.27937
1,631,-1.52075,0.12907,0.60867,3.27417
1,632,-0.32139,0.74808,0.94608,3.26899
1,633,0.90786,0.36447,0.8052,3.26382
1,634,1.24957,0.21215,0.7027,3.25868
1,635,1.90687,0.05722,0.49244,3.25354
1,636,0.01296,0.98967,0.99795,3.24843
1,637,-1.47959,0.13973,0.62153,3.24333
1,638,1.21702,0.22428,0.71481,3.23824
1,639,1.26475,0.20666,0.69506,3.23318
1,640,1.25476,0.21026,0.69996,3.22812
1,641,-0.74554,0.45636,0.85297,3.22309
1,642,1.15828,0.2474,0.73099,3.21807
1,643,-0.72117,0.47121,0.86224,3.21306
1,644,-1.73269,0.08388,0.55496,3.20807
1,645,-0.07577,0.93964,0.98804,3.2031
1,646,0.33887,0.73487,0.94272,3.19814
1,647,1.0427,0.29768,0.76877,3.1932
1,648,0.43819,0.66147,0.92403,3.18827
1,649,1.13843,0.25559,0.737,3.18336
1,650,0.68216,0.49551,0.87129,3.17846
1,651,-0.68934,0.49099,0.87014,3.17358
1,652,-0.40095,0.68866,0.93358,3.16871
1,653,1.23221,0.21856,0.70933,3.16386
1,654,-0.33696,0.73631,0.94272,3.15902
1,655,0.88367,0.37738,0.81247,3.1542
1,656,-0.73073,0.46535,0.85822,3.14939
1,657,-0.18126,0.85625,0.96795,3.1446
1,658,1.15613,0.24828,0.73099,3.13982
1,659,-0.52354,0.60088,0.90529,3.13505
1,660,0.68376,0.4945,0.87129,3.1303
1,661,1.8098,0.07104,0.53348,3.12557
1,662,-3.14575,0.00177,0.18633,3.12085
1,663,-0.78396,0.43351,0.84396,3.11614
1,664,-0.04944,0.96059,0.99314,3.11145
1,665,-0.68696,0.49248,0.87033,3.10677
1,666,1.4106,0.1591,0.64746,3.1021
1,667,0.23002,0.81819,0.96403,3.09745
1,668,0.72977,0.46594,0.85854,3.09281
1,669,-2.71686,0.00686,0.29202,3.08819
1,670,-1.68799,0.09215,0.56374,3.08358
1,671,1.45849,0.14545,0.63009,3.07899
1,672,1.62838,0.10419,0.57805,3.0744
1,673,1.12631,0.26067,0.74276,3.06984
1,674,1.31937,0.18776,0.67661,3.06528
1,675,0.13151,0.89543,0.97727,3.06074
1,676,-0.32562,0.74487,0.94546,3.05621
1,677,0.06381,0.94915,0.99058,3.0517
1,678,-0.24424,0.80716,0.96322,3.0472
1,679,3.05603,0.00239,0.21904,3.04271
1,680,-0.48253,0.62968,0.91452,3.03824
1,681,0.53076,0.59587,0.90362,3.03377
1,682,0.04171,0.96675,0.99522,3.02933
1,683,0.5208,0.60278,0.90529,3.02489
1,684,0.1149,0.90858,0.98056,3.02047
1,685,0.52303,0.60123,0.90529,3.01606
1,686,1.62277,0.10538,0.57945,3.01166
1,687,0.93341,0.35114,0.79626,3.00728
1,688,2.52824,0.01183,0.31492,3.00291
1,689,-0.57092,0.56836,0.89517,2.99855
1,690,1.01586,0.31028,0.77315,2.9942
1,691,-1.86423,0.06298,0.51284,2.98987
1,692,0.26505,0.7911,0.95789,2.98555
1,693,0.12878,0.89759,0.97767,2.98124
1,694,-0.97563,0.32981,0.78208,2.97695
1,695,-1.2117,0.2263,0.71484,2.97266
1,696,-0.6648,0.50654,0.87368,2.96839
1,697,-0.4992,0.6179,0.9102,2.96413
1,698,0.49122,0.62352,0.91147,2.95989
1,699,1.68979,0.09181,0.56328,2.95565
1,700,0.76059,0.44733,0.8482,2.95143
1,701,-2.02707,0.04328,0.47155,2.94722
1,702,-1.94707,0.05219,0.48723,2.94302
1,703,0.75345,0.4516,0.84995,2.93883
1,704,-1.33808,0.18159,0.67136,2.93466
1,705,-0.75919,0.44816,0.84873,2.9305
1,706,1.59704,0.11101,0.58787,2.92635
1,707,1.68015,0.09367,0.56485,2.92221
1,708,-0.04167,0.96678,0.99522,2.91808
1,709,0.1583,0.87429,0.97263,2.91396
1,710,1.7661,0.0781,0.54413,2.90986
1,711,-0.61846,0.5366,0.88963,2.90577
1,712,-2.96094,0.00324,0.2439,2.90169
1,713,0.14296,0.88639,0.97334,2.89762
1,714,2.09393,0.03686,0.44613,2.89356
1,715,0.34566,0.72977,0.94112,2.88951
1,716,-0.46396,0.64292,0.9191,2.88547
1,717,-1.8736,0.06168,0.51075,2.88145
1,718,0.5774,0.56398,0.89408,2.87744
1,719,-2.2794,0.02314,0.38075,2.87344
1,720,1.028,0.30454,0.7706,2.86944
1,721,-0.16882,0.86602,0.97079,2.86546
1,722,-0.16202,0.87137,0.97176,2.8615
1,723,-0.44298,0.65801,0.92312,2.85754
1,724,0.68326,0.49482,0.87129,2.85359
1,725,-0.60682,0.5443,0.89022,2.84966
1,726,-0.38164,0.70292,0.93519,2.84573
1,727,-1.15096,0.2504,0.73353,2.84182
1,728,-0.75442,0.45102,0.84957,2.83791
1,729,0.4826,0.62963,0.91452,2.83402
1,730,-0.69619,0.4867,0.86971,2.83014
1,731,1.05413,0.29242,0.76654,2.82627
1,732,-1.9707,0.04941,0.48679,2.8224
1,733,0.6776,0.49839,0.87129,2.81855
1,734,-1.76509,0.07827,0.54413,2.81471
1,735,0.22591,0.82138,0.96403,2.81088
1,736,0.56071,0.57529,0.89726,2.80707
1,737,-2.02264,0.04374,0.47372,2.80326
1,738,-1.30705,0.19191,0.68347,2.79946
1,739,1.59075,0.11241,0.58787,2.79567
1,740,-1.56041,0.11941,0.59659,2.79189
1,741,-0.16909,0.86581,0.97079,2.78812
1,742,0.73344,0.4637,0.85677,2.78437
1,743,0.31223,0.75502,0.94722,2.78062
1,744,-0.20721,0.83594,0.96568,2.77688
1,745,-1.69985,0.0899,0.56107,2.77315
1,746,-0.17847,0.85844,0.96795,2.76944
1,747,0.17927,0.85781,0.96795,2.76573
1,748,1.2019,0.23008,0.71773,2.76203
1,749,1.56536,0.11825,0.59568,2.75834
1,750,0.496,0.62015,0.91035,2.75467
1,751,0.66289,0.50776,0.8738,2.751
1,752,-1.12231,0.26237,0.74334,2.74734
1,753,-2.60464,0.00952,0.30691,2.74369
1,754,0.13449,0.89308,0.97634,2.74005
1,755,2.70614,0.00708,0.29202,2.73642
1,756,1.40335,0.16125,0.65041,2.7328
1,757,-0.95128,0.34201,0.79005,2.72919
1,758,1.16796,0.24348,0.72804,2.72559
1,759,-1.5935,0.1118,0.58787,2.722
1,760,-1.71332,0.08739,0.55818,2.71842
1,761,0.00805,0.99358,0.99807,2.71485
1,762,-0.28696,0.77429,0.95419,2.71129
1,763,-0.22527,0.82188,0.96403,2.70773
1,764,-0.0604,0.95186,0.99079,2.70419
1,765,0.83452,0.40446,0.82931,2.70065
1,766,-0.15116,0.87992,0.97334,2.69713
1,767,-1.42067,0.15615,0.64547,2.69361
1,768,-1.94482,0.05246,0.48723,2.6901
1,769,-1.17829,0.23935,0.72606,2.68661
1,770,-1.70471,0.08899,0.56015,2.68312
1,771,0.90718,0.36483,0.8052,2.67964
1,772,-1.40691,0.16019,0.64898,2.67617
1,773,0.16483,0.86916,0.97086,2.6727
1,774,-1.76809,0.07777,0.54339,2.66925
1,775,1.85221,0.06469,0.5176,2.66581
1,776,0.6159,0.53829,0.89021,2.66237
1,777,-0.18348,0.85451,0.96795,2.65894
1,778,0.88306,0.37771,0.81247,2.65553
1,779,0.1276,0.89853,0.9781,2.65212
1,780,-1.19305,0.23352,0.72124,2.64872
1,781,1.06864,0.28584,0.76235,2.64533
1,782,-1.04901,0.29478,0.76838,2.64194
1,783,1.71322,0.08741,0.55818,2.63857
1,784,-1.03202,0.30265,0.77029,2.6352
1,785,0.67097,0.50261,0.87235,2.63185
1,786,-1.27081,0.2045,0.69284,2.6285
1,787,0.82351,0.41068,0.83153,2.62516
1,788,-0.88186,0.37836,0.81267,2.62183
1,789,-0.82669,0.40888,0.83153,2.6185
1,790,-1.3567,0.1756,0.66572,2.61519
1,791,0.85379,0.39371,0.82351,2.61188
1,792,1.67315,0.09504,0.56649,2.60859
1,793,0.30006,0.76428,0.94913,2.6053
1,794,-1.77387,0.07681,0.54281,2.60202
1,795,-0.09479,0.92453,0.98391,2.59874
1,796,0.94244,0.34651,0.79312,2.59548
1,797,-1.39533,0.16365,0.65194,2.59222
1,798,1.33495,0.18261,0.67258,2.58897
1,799,-0.6246,0.53257,0.88608,2.58573
1,800,-0.15221,0.87909,0.97313,2.5825
1,801,-0.28555,0.77536,0.95438,2.57928
1,802,-0.21462,0.83016,0.96518,2.57606
1,803,-0.06446,0.94864,0.99058,2.57285
1,804,-1.68565,0.0926,0.56442,2.56965
1,805,0.27421,0.78406,0.95761,2.56646
1,806,-0.69412,0.48799,0.86994,2.56328
1,807,1.31155,0.19039,0.6813,2.5601
1,808,0.16644,0.86789,0.97086,2.55693
1,809,1.03931,0.29925,0.76901,2.55377
1,810,-0.63316,0.52697,0.88317,2.55062
1,811,-0.31481,0.75306,0.94722,2.54747
1,812,0.66099,0.50898,0.87469,2.54433
1,813,-0.47985,0.63158,0.91529,2.54121
1,814,3.3595,0.00085,0.15222,2.53808
1,815,-0.61991,0.53565,0.88878,2.53497
1,816,-1.79094,0.07402,0.53906,2.53186
1,817,1.79379,0.07356,0.53906,2.52876
1,818,-1.24064,0.21543,0.70609,2.52567
1,819,-0.15702,0.8753,0.97263,2.52259
1,820,-0.84399,0.39915,0.82681,2.51951
1,821,0.47,0.6386,0.91764,2.51644
1,822,-0.37129,0.71061,0.93669,2.51338
1,823,-1.46849,0.14272,0.62502,2.51033
1,824,-0.9991,0.31832,0.77662,2.50728
1,825,0.46108,0.64498,0.92007,2.50424
1,826,0.96548,0.33486,0.78502,2.50121
1,827,3.71388,0.00023,0.10669,2.49819
1,828,1.94511,0.05243,0.48723,2.49517
1,829,-0.47292,0.63651,0.91655,2.49216
1,830,0.88273,0.37788,0.81247,2.48916
1,831,-0.39059,0.69629,0.93358,2.48616
1,832,-0.29902,0.76507,0.94957,2.48317
1,833,0.50781,0.61185,0.90803,2.48019
1,834,0.96541,0.33489,0.78502,2.47722
1,835,0.06134,0.95112,0.99079,2.47425
1,836,-0.14879,0.88179,0.97334,2.47129
1,837,-0.26253,0.79304,0.95868,2.46834
1,838,-3.21641,0.0014,0.18491,2.46539
1,839,1.64583,0.10054,0.57358,2.46246
1,840,-1.48017,0.13957,0.62153,2.45952
1,841,-1.75457,0.08006,0.54723,2.4566
1,842,1.03971,0.29907,0.76901,2.45368
1,843,-2.13074,0.03369,0.43298,2.45077
1,844,-0.24588,0.80589,0.96305,2.44787
1,845,-0.94097,0.34726,0.79358,2.44497
1,846,0.50945,0.6107,0.90707,2.44208
1,847,0.04857,0.96128,0.99351,2.4392
1,848,1.58156,0.1145,0.58929,2.43632
1,849,-1.84997,0.06502,0.5176,2.43345
1,850,0.98111,0.3271,0.78017,2.43059
1,851,1.17479,0.24074,0.72613,2.42773
1,852,-2.62124,0.00908,0.30241,2.42488
1,853,-0.35685,0.72138,0.94035,2.42204
1,854,-0.77001,0.44172,0.84532,2.4192
1,855,-0.21037,0.83348,0.96524,2.41637
1,856,0.30903,0.75745,0.94783,2.41355
1,857,1.55847,0.11987,0.59668,2.41074
1,858,-0.2058,0.83704,0.96568,2.40793
1,859,-0.90401,0.36651,0.8052,2.40512
1,860,0.15013,0.88073,0.97334,2.40233
1,861,-0.94647,0.34445,0.79203,2.39954
1,862,-1.642,0.10133,0.57524,2.39675
1,863,2.2401,0.0256,0.38749,2.39397
1,864,1.14455,0.25304,0.73541,2.3912
1,865,-0.57086,0.5684,0.89517,2.38844
1,866,0.03519,0.97195,0.99544,2.38568
1,867,-1.38285,0.16744,0.65567,2.38293
1,868,-1.58764,0.11312,0.58787,2.38018
1,869,-1.17254,0.24164,0.72687,2.37745
1,870,-0.12202,0.90294,0.97918,2.37471
1,871,-0.0963,0.92332,0.98379,2.37199
1,872,1.00637,0.31481,0.77555,2.36927
1,873,0.93901,0.34826,0.7945,2.36655
1,874,-1.976,0.04881,0.48679,2.36384
1,875,-0.82208,0.41149,0.83205,2.36114
1,876,-1.9973,0.04643,0.48234,2.35845
1,877,0.73924,0.46017,0.85498,2.35576
1,878,-1.0362,0.3007,0.76908,2.35308
1,879,1.79633,0.07316,0.53869,2.3504
1,880,0.18223,0.85549,0.96795,2.34773
1,881,-2.01156,0.0449,0.47861,2.34506
1,882,0.72438,0.46924,0.86127,2.3424
1,883,-0.67722,0.49864,0.87129,2.33975
1,884,0.01175,0.99063,0.99807,2.3371
1,885,-0.79961,0.42439,0.83963,2.33446
1,886,-2.22168,0.02683,0.39607,2.33183
1,887,-0.31579,0.75232,0.94686,2.3292
1,888,-0.71838,0.47292,0.8627,2.32658
1,889,0.45604,0.64859,0.92062,2.32396
1,890,-1.4757,0.14077,0.62153,2.32135
1,891,-0.52004,0.60331,0.90529,2.31874
1,892,0.91903,0.3586,0.80096,2.31614
1,893,-2.34185,0.01965,0.36666,2.31355
1,894,0.82578,0.4094,0.83153,2.31096
1,895,-1.77061,0.07735,0.54339,2.30838
1,896,1.1174,0.26446,0.74611,2.3058
1,897,-0.12233,0.90269,0.97918,2.30323
1,898,0.47889,0.63227,0.91532,2.30067
1,899,-0.36536,0.71503,0.9381,2.29811
1,900,0.57167,0.56785,0.89517,2.29556
1,901,0.75739,0.44924,0.84873,2.29301
1,902,-0.07695,0.9387,0.98804,2.29047
1,903,-0.69301,0.48869,0.86994,2.28793
1,904,0.17256,0.86308,0.97045,2.2854
1,905,1.26723,0.20577,0.69391,2.28287
1,906,-0.0221,0.98238,0.99628,2.28035
1,907,1.78137,0.07557,0.54007,2.27784
1,908,0.08733,0.93045,0.98487,2.27533
1,909,0.01609,0.98717,0.99766,2.27283
1,910,0.01593,0.9873,0.99766,2.27033
1,911,-1.3533,0.17668,0.66572,2.26784
1,912,-2.20584,0.02793,0.40079,2.26535
1,913,-0.62891,0.52975,0.88449,2.26287
1,914,-0.67793,0.49818,0.87129,2.26039
1,915,0.97702,0.32912,0.78208,2.25792
1,916,1.34313,0.17995,0.67025,2.25546
1,917,1.23238,0.21849,0.70933,2.253
1,918,-0.43674,0.66253,0.92432,2.25054
1,919,1.24363,0.21433,0.70532,2.2481
1,920,-1.30868,0.19136,0.68267,2.24565
1,921,-0.14826,0.88221,0.97334,2.24321
1,922,0.80087,0.42366,0.83918,2.24078
1,923,-1.27366,0.20348,0.69219,2.23835
1,924,0.23763,0.81228,0.96339,2.23593
1,925,-1.24045,0.2155,0.70609,2.23351
1,926,0.24855,0.80383,0.96288,2.2311
1,927,-0.68676,0.49261,0.87033,2.22869
1,928,0.45259,0.65107,0.92144,2.22629
1,929,0.1973,0.84369,0.96581,2.2239
1,930,0.13317,0.89412,0.97649,2.22151
1,931,-0.05532,0.95591,0.99241,2.21912
1,932,-1.62237,0.10547,0.57945,2.21674
1,933,-0.09824,0.92179,0.98322,2.21436
1,934,-1.08312,0.27937,0.75771,2.21199
1,935,0.01325,0.98944,0.99795,2.20963
1,936,-0.24456,0.80692,0.96322,2.20726
1,937,-0.38206,0.70261,0.93519,2.20491
1,938,1.1447,0.25298,0.73541,2.20256
1,939,-2.04026,0.04195,0.4697,2.20021
1,940,-1.97311,0.04914,0.48679,2.19787
1,941,0.92658,0.35467,0.79882,2.19554
1,942,-0.99136,0.32208,0.77846,2.19321
1,943,1.62452,0.10501,0.57945,2.19088
1,944,-0.54834,0.58375,0.89829,2.18856
1,945,0.81529,0.41536,0.83348,2.18624
1,946,1.85525,0.06426,0.51583,2.18393
1,947,-0.46827,0.63983,0.91829,2.18163
1,948,0.37575,0.70729,0.93669,2.17932
1,949,-1.74356,0.08196,0.54828,2.17703
1,950,-0.85554,0.39274,0.82286,2.17474
1,951,0.4834,0.62906,0.91452,2.17245
1,952,0.96569,0.33475,0.78502,2.17017
1,953,-1.25767,0.20921,0.69762,2.16789
1,954,-0.79139,0.42916,0.84177,2.16562
1,955,-0.24238,0.8086,0.96322,2.16335
1,956,-1.44851,0.14822,0.63548,2.16109
1,957,0.71595,0.47442,0.8627,2.15883
1,958,-0.76412,0.44522,0.84791,2.15658
1,959,-0.02628,0.97905,0.99617,2.15433
1,960,0.44475,0.65673,0.92253,2.15208
1,961,0.17821,0.85865,0.96795,2.14984
1,962,-2.32885,0.02034,0.36801,2.14761
1,963,0.17405,0.86191,0.9702,2.14538
1,964,-1.23075,0.2191,0.70933,2.14315
1,965,0.82478,0.40996,0.83153,2.14093
1,966,0.33045,0.74122,0.94388,2.13872
1,967,-1.78531,0.07493,0.53969,2.1365
1,968,1.51943,0.1294,0.60938,2.1343
1,969,0.13674,0.8913,0.97553,2.13209
1,970,0.11571,0.90794,0.98056,2.1299
1,971,1.86841,0.0624,0.51181,2.1277
1,972,0.33435,0.73828,0.9433,2.12551
1,973,-1.28196,0.20056,0.69041,2.12333
1,974,-1.32288,0.18659,0.67585,2.12115
1,975,0.37851,0.70524,0.93651,2.11897
1,976,1.73482,0.0835,0.55367,2.1168
1,977,-0.23918,0.81108,0.96339,2.11464
1,978,-0.15241,0.87893,0.97313,2.11247
1,979,0.44421,0.65712,0.92253,2.11032
1,980,-1.06968,0.28538,0.76187,2.10816
1,981,-0.87248,0.38344,0.81583,2.10601
1,982,0.23539,0.81402,0.96339,2.10387
1,983,0.23594,0.81359,0.96339,2.10173
1,984,-1.32708,0.1852,0.6752,2.09959
1,985,0.42726,0.66941,0.92737,2.09746
1,986,-1.27824,0.20187,0.69178,2.09533
1,987,0.01283,0.98977,0.99795,2.09321
1,988,0.90305,0.36701,0.80554,2.09109
1,989,1.62419,0.10508,0.57945,2.08898
1,990,-0.74639,0.45585,0.85267,2.08687
1,991,0.00785,0.99374,0.99813,2.08476
1,992,0.48219,0.62992,0.91463,2.08266
1,993,0.47924,0.63202,0.91529,2.08056
1,994,-0.59925,0.54933,0.89184,2.07847
1,995,-0.0335,0.97329,0.99544,2.07638
1,996,-1.08348,0.27922,0.75771,2.0743
1,997,-0.0264,0.97895,0.99617,2.07222
1,998,-0.14525,0.88458,0.97334,2.07014
1,999,0.15037,0.88055,0.97334,2.06807
1,1000,0.79269,0.4284,0.84175,2.066
1,1001,2.39498,0.01706,0.35131,2.06394
1,1002,-0.11731,0.90667,0.9805,2.06188
1,1003,2.25679,0.02453,0.38506,2.05982
1,1004,-1.81683,0.06995,0.53071,2.05777
1,1005,2.02913,0.04307,0.47155,2.05572
1,1006,0.52706,0.59843,0.90433,2.05368
1,1007,-0.06811,0.94573,0.98933,2.05164
1,1008,2.03847,0.04213,0.4697,2.0496
1,1009,0.45606,0.64858,0.92062,2.04757
1,1010,-2.74462,0.00632,0.28626,2.04554
1,1011,1.27102,0.20442,0.69284,2.04352
1,1012,0.01445,0.98848,0.99795,2.0415
1,1013,0.41621,0.67747,0.92941,2.03949
1,1014,-2.53134,0.01173,0.31456,2.03748
1,1015,0.17236,0.86324,0.97045,2.03547
1,1016,-0.24978,0.80288,0.96262,2.03346
1,1017,-0.51148,0.60929,0.90707,2.03147
1,1018,-0.6753,0.49986,0.8715,2.02947
1,1019,1.08761,0.27739,0.75615,2.02748
1,1020,-2.90531,0.00386,0.2528,2.02549
1,1021,-0.92298,0.35655,0.80071,2.02351
1,1022,1.84187,0.0662,0.51975,2.02153
1,1023,0.93093,0.35242,0.79729,2.01955
1,1024,-0.92133,0.35741,0.80096,2.01758
1,1025,0.8069,0.42018,0.8375,2.01561
1,1026,1.62022,0.10593,0.57945,2.01365
1,1027,1.47953,0.13975,0.62153,2.01168
1,1028,-0.52386,0.60065,0.90529,2.00973
1,1029,1.78443,0.07507,0.53969,2.00777
1,1030,-0.96288,0.33616,0.78536,2.00583
1,1031,0.33699,0.73629,0.94272,2.00388
1,1032,-0.25574,0.79828,0.96158,2.00194
1,1033,0.84772,0.39708,0.82649,2.0
2,1,-1.50346,0.13347,0.61436,1252.0
2,2,0.10121,0.91943,0.98267,626.0
2,3,-0.07473,0.94047,0.98825,417.33333
2,4,-1.08279,0.27952,0.75771,313.0
2,5,0.07188,0.94273,0.98845,250.4
2,6,1.55806,0.11997,0.59668,208.66667
2,7,1.59161,0.11222,0.58787,178.85714
2,8,-0.85506,0.393,0.82293,156.5
2,9,0.65456,0.51311,0.87652,139.11111
2,10,0.8951,0.37125,0.80797,125.2
2,11,-3.79502,0.00017,0.10669,113.81818
2,12,-1.71454,0.08716,0.55818,104.33333
2,13,2.65442,0.00824,0.29622,96.30769
2,14,0.27038,0.787,0.95761,89.42857
2,15,-0.06098,0.9514,0.99079,83.46667
2,16,0.11864,0.90562,0.98004,78.25
2,17,-1.03143,0.30293,0.77029,73.64706
2,18,-2.10926,0.03551,0.44475,69.55556
2,19,-1.68677,0.09239,0.56442,65.89474
2,20,1.81178,0.07073,0.53285,62.6
2,21,-0.43802,0.6616,0.92403,59.61905
2,22,-0.77508,0.43873,0.84461,56.90909
2,23,-0.37392,0.70865,0.93669,54.43478
2,24,-0.10959,0.91279,0.98058,52.16667
2,25,-0.88493,0.3767,0.81247,50.08
2,26,-0.96418,0.33551,0.78503,48.15385
2,27,-0.31244,0.75486,0.94722,46.37037
2,28,-0.40565,0.68521,0.93157,44.71429
2,29,1.66796,0.09607,0.56706,43.17241
2,30,-0.42295,0.67255,0.92832,41.73333
2,31,-0.3431,0.7317,0.94163,40.3871
2,32,-1.99379,0.04682,0.48289,39.125
2,33,2.67274,0.00782,0.2957,37.93939
2,34,-0.44195,0.65875,0.92313,36.82353
2,35,1.87576,0.06138,0.50944,35.77143
2,36,-0.60948,0.54254,0.89022,34.77778
2,37,0.09711,0.92269,0.98379,33.83784
2,38,1.20123,0.23033,0.71773,32.94737
2,39,-0.79466,0.42726,0.84149,32.10256
2,40,2.10596,0.0358,0.44509,31.3
2,41,0.19368,0.84652,0.96664,30.53659
2,42,2.07796,0.03832,0.44944,29.80952
2,43,-0.90719,0.36482,0.8052,29.11628
2,44,1.08304,0.27941,0.75771,28.45455
2,45,-0.21433,0.8304,0.96518,27.82222
2,46,0.72004,0.4719,0.86268,27.21739
2,47,-0.70978,0.47823,0.86484,26.6383
2,48,-0.79593,0.42652,0.84148,26.08333
2,49,0.38266,0.70216,0.93519,25.55102
2,50,0.21448,0.83028,0.96518,25.04
2,51,1.39836,0.16274,0.65116,24.54902
2,52,0.37707,0.70631,0.93669,24.07692
2,53,-2.21098,0.02757,0.40079,23.62264
2,54,-0.91993,0.35813,0.80096,23.18519
2,55,-0.77464,0.43899,0.84461,22.76364
2,56,-1.55037,0.1218,0.59895,22.35714
2,57,-0.28651,0.77463,0.95419,21.96491
2,58,-1.05263,0.29311,0.76698,21.58621
2,59,2.56537,0.01065,0.30987,21.22034
2,60,-1.79535,0.07331,0.53872,20.86667
2,61,1.11454,0.26568,0.74724,20.52459
2,62,0.71785,0.47325,0.8627,20.19355
2,63,-1.62547,0.10481,0.57941,19.87302
2,64,1.49406,0.13591,0.61735,19.5625
2,65,0.1424,0.88683,0.9734,19.26154
2,66,-0.70253,0.48274,0.86632,18.9697
2,67,0.15567,0.87636,0.97263,18.68657
2,68,-2.84428,0.00467,0.2706,18.41176
2,69,0.51893,0.60408,0.90529,18.14493
2,70,-0.60908,0.5428,0.89022,17.88571
2,71,-1.41477,0.15787,0.64664,17.6338
2,72,0.51805,0.60469,0.90559,17.38889
2,73,1.14674,0.25214,0.73541,17.15068
2,74,-2.98546,0.003,0.2418,16.91892
2,75,0.22716,0.82041,0.96403,16.69333
2,76,1.03917,0.29932,0.76901,16.47368
2,77,0.81623,0.41483,0.83293,16.25974
2,78,-0.37618,0.70697,0.93669,16.05128
2,79,0.20867,0.8348,0.96568,15.8481
2,80,0.16754,0.86703,0.97086,15.65
2,81,0.67935,0.49729,0.87129,15.45679
2,82,0.94922,0.34305,0.791,15.26829
2,83,1.44425,0.14941,0.63756,15.08434
2,84,-0.36499,0.7153,0.9381,14.90476
2,85,-0.76513,0.44462,0.84791,14.72941
2,86,-2.32751,0.02041,0.36801,14.55814
2,87,0.66301,0.50769,0.8738,14.3908
2,88,0.57287,0.56704,0.89487,14.22727
2,89,0.24895,0.80352,0.96262,14.06742
2,90,-1.62331,0.10527,0.57945,13.91111
2,91,-1.24702,0.21308,0.70378,13.75824
2,92,0.35183,0.72514,0.94112,13.6087
2,93,-2.81952,0.00504,0.27088,13.46237
2,94,-0.7567,0.44965,0.849,13.31915
2,95,0.95541,0.33992,0.7881,13.17895
2,96,-1.0939,0.27462,0.7523,13.04167
2,97,1.56497,0.11834,0.59568,12.90722
2,98,-0.92141,0.35736,0.80096,12.77551
2,99,2.0373,0.04224,0.4697,12.64646
2,100,0.63588,0.5252,0.88154,12.52
2,101,-0.50236,0.61567,0.9095,12.39604
2,102,-3.14035,0.00181,0.18633,12.27451
2,103,2.08702,0.03749,0.44897,12.15534
2,104,-1.23162,0.21878,0.70933,12.03846
2,105,1.36362,0.17341,0.66463,11.92381
2,106,-0.67015,0.50313,0.87235,11.81132
2,107,2.24328,0.0254,0.38606,11.70093
2,108,-1.13367,0.25757,0.73898,11.59259
2,109,1.0906,0.27607,0.754,11.48624
2,110,0.31427,0.75347,0.94722,11.38182
2,111,1.21905,0.2235,0.71457,11.27928
2,112,-2.11689,0.03485,0.43967,11.17857
2,113,-0.3098,0.75686,0.94765,11.07965
2,114,2.39406,0.0171,0.35131,10.98246
2,115,-1.05405,0.29246,0.76654,10.88696
2,116,0.02429,0.98063,0.99628,10.7931
2,117,0.10072,0.91982,0.98282,10.70085
2,118,-0.34146,0.73293,0.94248,10.61017
2,119,0.21443,0.83031,0.96518,10.52101
2,120,-0.7563,0.44989,0.84928,10.43333
2,121,-2.63368,0.00876,0.30144,10.34711
2,122,3.71048,0.00023,0.10669,10.2623
2,123,-1.34996,0.17775,0.6668,10.17886
2,124,1.40432,0.16096,0.6501,10.09677
2,125,-0.14309,0.88629,0.97334,10.016
2,126,-1.7808,0.07566,0.54007,9.93651
2,127,0.78296,0.43409,0.84396,9.85827
2,128,0.07304,0.94181,0.98845,9.78125
2,129,2.11173,0.0353,0.44314,9.70543
2,130,0.54069,0.58901,0.90111,9.63077
2,131,1.35096,0.17743,0.6668,9.55725
2,132,1.09274,0.27513,0.75287,9.48485
2,133,-1.98691,0.04758,0.48497,9.41353
2,134,2.06439,0.03959,0.45487,9.34328
2,135,0.3232,0.74671,0.94574,9.27407
2,136,-1.05494,0.29206,0.76654,9.20588
2,137,-1.04258,0.29774,0.76877,9.13869
2,138,-0.40268,0.68739,0.93314,9.07246
2,139,-0.84409,0.3991,0.82681,9.00719
2,140,0.18624,0.85234,0.96795,8.94286
2,141,-0.49147,0.62335,0.91147,8.87943
2,142,1.4305,0.15331,0.64167,8.8169
2,143,0.03362,0.97319,0.99544,8.75524
2,144,1.42064,0.15616,0.64547,8.69444
2,145,-0.92602,0.35496,0.79882,8.63448
2,146,1.00081,0.31749,0.77662,8.57534
2,147,-0.31214,0.75509,0.94722,8.51701
2,148,0.53639,0.59197,0.90303,8.45946
2,149,0.04995,0.96018,0.99303,8.40268
2,150,1.37963,0.16843,0.6566,8.34667
2,151,1.90631,0.05729,0.49244,8.29139
2,152,0.70128,0.48351,0.86684,8.23684
2,153,-1.08573,0.27822,0.75732,8.18301
2,154,1.68124,0.09346,0.56485,8.12987
2,155,0.31025,0.75653,0.94762,8.07742
2,156,-0.34996,0.72654,0.94112,8.02564
2,157,0.90757,0.36462,0.8052,7.97452
2,158,-1.22389,0.22168,0.71228,7.92405
2,159,0.60541,0.54523,0.89051,7.87421
2,160,2.28366,0.02289,0.37883,7.825
2,161,0.36139,0.71799,0.93917,7.7764
2,162,-0.09541,0.92403,0.98381,7.7284
2,163,1.39463,0.16386,0.65199,7.68098
2,164,0.36778,0.71322,0.93768,7.63415
2,165,-1.02634,0.30532,0.7706,7.58788
2,166,1.00993,0.31311,0.77422,7.54217
2,167,1.72933,0.08448,0.55546,7.49701
2,168,-1.02155,0.30758,0.77074,7.45238
2,169,0.93777,0.3489,0.79477,7.40828
2,170,-1.83952,0.06654,0.52067,7.36471
2,171,-1.79936,0.07268,0.53736,7.32164
2,172,-1.90148,0.05792,0.49286,7.27907
2,173,0.36478,0.71546,0.9381,7.23699
2,174,0.37577,0.70728,0.93669,7.1954
2,175,-0.23373,0.81531,0.96365,7.15429
2,176,-0.82341,0.41074,0.83153,7.11364
2,177,-0.86712,0.38637,0.81785,7.07345
2,178,-1.08168,0.28001,0.75801,7.03371
2,179,-1.14543,0.25268,0.73541,6.99441
2,180,0.02295,0.9817,0.99628,6.95556
2,181,0.63395,0.52646,0.88294,6.91713
2,182,-1.30443,0.1928,0.68368,6.87912
2,183,1.16703,0.24386,0.72804,6.84153
2,184,-1.66623,0.09641,0.56706,6.80435
2,185,-0.35724,0.72109,0.94035,6.76757
2,186,1.55394,0.12095,0.5977,6.73118
2,187,0.1893,0.84995,0.96747,6.69519
2,188,-0.15225,0.87906,0.97313,6.65957
2,189,1.70219,0.08946,0.56015,6.62434
2,190,-0.30661,0.75929,0.94841,6.58947
2,191,-0.30188,0.76289,0.94898,6.55497
2,192,0.24739,0.80473,0.96294,6.52083
2,193,-2.09656,0.03663,0.44613,6.48705
2,194,0.98825,0.32359,0.77846,6.45361
2,195,-1.27767,0.20207,0.69178,6.42051
2,196,1.07109,0.28474,0.76187,6.38776
2,197,-0.68606,0.49305,0.8705,6.35533
2,198,0.46806,0.63998,0.91829,6.32323
2,199,-1.91766,0.05583,0.4906,6.29146
2,200,-2.01103,0.04496,0.47861,6.26
2,201,-0.32447,0.74575,0.94548,6.22886
2,202,0.00484,0.99614,0.99864,6.19802
2,203,2.099,0.03641,0.44594,6.16749
2,204,-1.42283,0.15552,0.6447,6.13725
2,205,0.07595,0.9395,0.98804,6.10732
2,206,-1.65002,0.09968,0.57161,6.07767
2,207,-1.58444,0.11384,0.58839,6.04831
2,208,-1.68389,0.09294,0.56471,6.01923
2,209,-1.13074,0.25881,0.74076,5.99043
2,210,0.03129,0.97505,0.99577,5.9619
2,211,0.36335,0.71653,0.93841,5.93365
2,212,3.01398,0.00273,0.23383,5.90566
2,213,1.9664,0.04991,0.48679,5.87793
2,214,2.81606,0.00509,0.27088,5.85047
2,215,-0.25894,0.79581,0.96021,5.82326
2,216,0.18286,0.855,0.96795,5.7963
2,217,0.66648,0.50547,0.87304,5.76959
2,218,-2.36319,0.01857,0.36085,5.74312
2,219,-0.45377,0.65023,0.92144,5.71689
2,220,-0.04432,0.96467,0.99461,5.69091
2,221,0.40473,0.68588,0.93217,5.66516
2,222,1.64213,0.10131,0.57524,5.63964
2,223,0.26238,0.79316,0.95871,5.61435
2,224,-0.36921,0.71216,0.93696,5.58929
2,225,0.73842,0.46067,0.85544,5.56444
2,226,1.53452,0.12565,0.60451,5.53982
2,227,0.34676,0.72894,0.94112,5.51542
2,228,1.39095,0.16497,0.65452,5.49123
2,229,-1.62033,0.10591,0.57945,5.46725
2,230,-0.9242,0.35591,0.79965,5.44348
2,231,0.79538,0.42684,0.84148,5.41991
2,232,1.79587,0.07323,0.53872,5.39655
2,233,-1.33681,0.182,0.67208,5.37339
2,234,-0.75794,0.44891,0.84873,5.35043
2,235,0.61498,0.5389,0.89021,5.32766
2,236,0.47637,0.63406,0.91589,5.30508
2,237,0.53422,0.59347,0.90316,5.2827
2,238,3.9495,9e-05,0.10192,5.2605
2,239,1.51501,0.13052,0.61084,5.23849
2,240,0.30375,0.76147,0.94843,5.21667
2,241,1.37475,0.16994,0.65965,5.19502
2,242,-1.32535,0.18577,0.67551,5.17355
2,243,-0.79309,0.42817,0.84175,5.15226
2,244,0.86641,0.38676,0.81816,5.13115
2,245,-1.21395,0.22545,0.71483,5.1102
2,246,-0.58123,0.5614,0.89408,5.08943
2,247,-1.9497,0.05187,0.48723,5.06883
2,248,-1.75436,0.08009,0.54723,5.04839
2,249,0.00985,0.99214,0.99807,5.02811
2,250,0.11434,0.90903,0.98056,5.008
2,251,1.271,0.20443,0.69284,4.98805
2,252,-0.69371,0.48825,0.86994,4.96825
2,253,0.15005,0.88079,0.97334,4.94862
2,254,1.05914,0.29014,0.76572,4.92913
2,255,2.61938,0.00913,0.30241,4.9098
2,256,0.44629,0.65561,0.92213,4.89062
2,257,-0.34513,0.73017,0.94112,4.8716
2,258,0.26942,0.78773,0.95761,4.85271
2,259,1.75226,0.08046,0.54774,4.83398
2,260,-0.65058,0.51567,0.87796,4.81538
2,261,0.59737,0.55058,0.89239,4.79693
2,262,-2.41764,0.01604,0.34528,4.77863
2,263,0.19112,0.84852,0.96747,4.76046
2,264,2.66589,0.00797,0.2957,4.74242
2,265,0.99428,0.32066,0.77752,4.72453
2,266,-0.57633,0.5647,0.89414,4.70677
2,267,-0.01965,0.98433,0.99628,4.68914
2,268,-0.21782,0.82767,0.96518,4.67164
2,269,-0.35913,0.71968,0.93957,4.65428
2,270,1.53603,0.12528,0.60381,4.63704
2,271,-0.39738,0.69129,0.93358,4.61993
2,272,0.23771,0.81222,0.96339,4.60294
2,273,0.49902,0.61802,0.9102,4.58608
2,274,-0.64439,0.51968,0.87874,4.56934
2,275,0.91973,0.35824,0.80096,4.55273
2,276,-2.85147,0.00457,0.2706,4.53623
2,277,-1.387,0.16617,0.65541,4.51986
2,278,1.26375,0.20702,0.69517,4.5036
2,279,0.89922,0.36905,0.80606,4.48746
2,280,-2.09521,0.03675,0.44613,4.47143
2,281,0.78693,0.43176,0.84339,4.45552
2,282,1.47483,0.141,0.62153,4.43972
2,283,-0.15266,0.87874,0.97313,4.42403
2,284,-2.48518,0.01334,0.32929,4.40845
2,285,1.53505,0.12552,0.60436,4.39298
2,286,-1.10585,0.26942,0.74908,4.37762
2,287,2.18206,0.02966,0.41104,4.36237
2,288,-0.86878,0.38546,0.8174,4.34722
2,289,-0.0887,0.92936,0.98445,4.33218
2,290,0.7838,0.4336,0.84396,4.31724
2,291,-0.24343,0.80779,0.96322,4.30241
2,292,1.78525,0.07494,0.53969,4.28767
2,293,2.41452,0.01618,0.34718,4.27304
2,294,-2.21451,0.02733,0.3998,4.2585
2,295,0.38075,0.70358,0.93538,4.24407
2,296,-0.14367,0.88583,0.97334,4.22973
2,297,1.63872,0.10202,0.57574,4.21549
2,298,-0.02971,0.97631,0.99579,4.20134
2,299,0.14771,0.88264,0.97334,4.18729
2,300,0.5955,0.55183,0.89307,4.17333
2,301,-0.0182,0.98549,0.99705,4.15947
2,302,1.10089,0.27157,0.74948,4.1457
2,303,-1.03565,0.30096,0.76908,4.13201
2,304,0.31292,0.75449,0.94722,4.11842
2,305,1.84353,0.06595,0.51967,4.10492
2,306,0.5512,0.58179,0.89748,4.0915
2,307,-1.76317,0.0786,0.54426,4.07818
2,308,-0.50816,0.6116,0.90803,4.06494
2,309,0.05134,0.95908,0.99292,4.05178
2,310,0.20636,0.83661,0.96568,4.03871
2,311,-1.94101,0.05292,0.48723,4.02572
2,312,-2.41791,0.01603,0.34528,4.01282
2,313,0.82822,0.40801,0.83153,4.0
2,314,-1.92555,0.05483,0.48774,3.98726
2,315,1.05307,0.29291,0.76692,3.9746
2,316,0.86778,0.38601,0.81766,3.96203
2,317,-1.92592,0.05479,0.48774,3.94953
2,318,-1.59515,0.11143,0.58787,3.93711
2,319,0.24186,0.80901,0.96322,3.92476
2,320,-3.22036,0.00138,0.18491,3.9125
2,321,0.58867,0.5564,0.89335,3.90031
2,322,0.29666,0.76687,0.95063,3.8882
2,323,-0.90086,0.36818,0.80602,3.87616
2,324,-1.46352,0.14407,0.62729,3.8642
2,325,-1.01753,0.30948,0.77185,3.85231
2,326,0.72344,0.46981,0.86185,3.84049
2,327,2.53783,0.01151,0.31388,3.82875
2,328,0.03871,0.96914,0.99544,3.81707
2,329,-0.17877,0.85821,0.96795,3.80547
2,330,-0.65805,0.51087,0.87496,3.79394
2,331,1.40355,0.16119,0.65041,3.78248
2,332,0.07913,0.93697,0.98769,3.77108
2,333,-0.69087,0.49003,0.86996,3.75976
2,334,-1.17325,0.24136,0.72687,3.7485
2,335,-1.16143,0.24612,0.73036,3.73731
2,336,-0.71591,0.47444,0.8627,3.72619
2,337,-0.58399,0.55954,0.89335,3.71513
2,338,0.23343,0.81554,0.96365,3.70414
2,339,0.3188,0.75003,0.94608,3.69322
2,340,0.13709,0.89102,0.97533,3.68235
2,341,-0.13438,0.89317,0.97634,3.67155
2,342,0.56967,0.56921,0.89554,3.66082
2,343,0.36682,0.71394,0.93803,3.65015
2,344,0.20547,0.83731,0.96568,3.63953
2,345,2.26034,0.02431,0.38457,3.62899
2,346,0.5561,0.57844,0.89726,3.6185
2,347,0.38472,0.70064,0.93506,3.60807
2,348,0.75511,0.4506,0.84933,3.5977
2,349,-0.09516,0.92423,0.98381,3.58739
2,350,-0.68997,0.49059,0.87014,3.57714
2,351,0.90494,0.36601,0.8052,3.56695
2,352,-0.3535,0.72389,0.94112,3.55682
2,353,-1.21652,0.22447,0.71481,3.54674
2,354,0.88877,0.37463,0.81041,3.53672
2,355,1.5481,0.12235,0.59987,3.52676
2,356,0.80213,0.42293,0.83868,3.51685
2,357,1.42003,0.15634,0.64594,3.507
2,358,0.19679,0.84409,0.96602,3.49721
2,359,1.83622,0.06703,0.5208,3.48747
2,360,0.84093,0.40086,0.82715,3.47778
2,361,-0.14815,0.88229,0.97334,3.46814
2,362,-0.14695,0.88324,0.97334,3.45856
2,363,1.33256,0.1834,0.67324,3.44904
2,364,1.4263,0.15452,0.64375,3.43956
2,365,-0.55958,0.57607,0.89726,3.43014
2,366,1.96791,0.04973,0.48679,3.42077
2,367,0.69967,0.48452,0.86768,3.41144
2,368,0.13166,0.89531,0.97725,3.40217
2,369,0.21073,0.8332,0.96518,3.39295
2,370,0.59417,0.55272,0.89307,3.38378
2,371,-0.38853,0.69782,0.93407,3.37466
2,372,-1.364,0.17329,0.66463,3.36559
2,373,-1.43931,0.1508,0.63898,3.35657
2,374,-0.79644,0.42623,0.84127,3.34759
2,375,0.41102,0.68127,0.93037,3.33867
2,376,1.26793,0.20552,0.69391,3.32979
2,377,-0.15287,0.87858,0.97313,3.32095
2,378,0.78927,0.4304,0.84184,3.31217
2,379,0.60356,0.54646,0.89106,3.30343
2,380,1.19713,0.23193,0.71876,3.29474
2,381,-1.16552,0.24447,0.72822,3.28609
2,382,-0.82112,0.41204,0.83237,3.27749
2,383,0.81767,0.41401,0.83253,3.26893
2,384,-0.46912,0.63923,0.91815,3.26042
2,385,-0.36674,0.714,0.93803,3.25195
2,386,0.26956,0.78763,0.95761,3.24352
2,387,-3.04285,0.00249,0.21904,3.23514
2,388,1.03446,0.30151,0.76951,3.2268
2,389,1.0458,0.29625,0.76877,3.21851
2,390,-2.37999,0.01776,0.35448,3.21026
2,391,-0.43395,0.66455,0.92504,3.20205
2,392,0.69621,0.48668,0.86971,3.19388
2,393,2.50485,0.01263,0.32315,3.18575
2,394,-2.61965,0.00912,0.30241,3.17766
2,395,-2.95556,0.0033,0.2439,3.16962
2,396,1.143,0.25369,0.73541,3.16162
2,397,1.22029,0.22304,0.71415,3.15365
2,398,0.24428,0.80713,0.96322,3.14573
2,399,0.55814,0.57704,0.89726,3.13784
2,400,1.63301,0.10321,0.57601,3.13
2,401,2.65266,0.00829,0.29622,3.12219
2,402,-0.51872,0.60423,0.90529,3.11443
2,403,-0.58137,0.5613,0.89408,3.1067
2,404,-0.18207,0.85561,0.96795,3.09901
2,405,-2.31902,0.02087,0.37167,3.09136
2,406,0.15526,0.87669,0.97263,3.08374
2,407,0.71672,0.47394,0.8627,3.07617
2,408,0.18917,0.85005,0.96747,3.06863
2,409,1.24169,0.21504,0.70609,3.06112
2,410,-0.39907,0.69004,0.93358,3.05366
2,411,-1.7812,0.0756,0.54007,3.04623
2,412,-0.88329,0.37758,0.81247,3.03883
2,413,0.0865,0.93111,0.98516,3.03148
2,414,-0.12065,0.90403,0.97966,3.02415
2,415,-1.19579,0.23245,0.71905,3.01687
2,416,-2.57593,0.01034,0.30908,3.00962
2,417,-0.27323,0.78481,0.95761,3.0024
2,418,-0.31807,0.75059,0.94623,2.99522
2,419,-0.2291,0.8189,0.96403,2.98807
2,420,-1.98743,0.04752,0.48497,2.98095
2,421,1.47067,0.14213,0.62352,2.97387
2,422,0.96675,0.33422,0.78502,2.96682
2,423,1.12275,0.26218,0.74334,2.95981
2,424,2.4792,0.01356,0.32929,2.95283
2,425,-0.42063,0.67424,0.92859,2.94588
2,426,-2.10054,0.03627,0.44594,2.93897
2,427,1.05534,0.29187,0.76654,2.93208
2,428,-0.44432,0.65704,0.92253,2.92523
2,429,-0.394,0.69378,0.93358,2.91841
2,430,-2.81774,0.00506,0.27088,2.91163
2,431,-0.61263,0.54045,0.89022,2.90487
2,432,-0.46499,0.64218,0.9191,2.89815
2,433,0.91573,0.36033,0.80208,2.89145
2,434,-1.43678,0.15152,0.63944,2.88479
2,435,0.85763,0.39158,0.82185,2.87816
2,436,0.18532,0.85306,0.96795,2.87156
2,437,-1.26032,0.20825,0.69615,2.86499
2,438,0.39827,0.69063,0.93358,2.85845
2,439,0.35805,0.72049,0.94022,2.85194
2,440,-1.89046,0.05938,0.50015,2.84545
2,441,0.97147,0.33187,0.784,2.839
2,442,-1.31775,0.1883,0.67707,2.83258
2,443,0.21266,0.83169,0.96518,2.82619
2,444,-0.89452,0.37155,0.80824,2.81982
2,445,0.09551,0.92396,0.98381,2.81348
2,446,-0.06384,0.94913,0.99058,2.80717
2,447,-0.71656,0.47404,0.8627,2.80089
2,448,0.62959,0.5293,0.88426,2.79464
2,449,-0.5929,0.55356,0.89307,2.78842
2,450,-1.74942,0.08095,0.54823,2.78222
2,451,-2.27881,0.02318,0.38075,2.77605
2,452,0.9356,0.35001,0.79517,2.76991
2,453,-0.70213,0.48298,0.86632,2.7638
2,454,0.43803,0.66159,0.92403,2.75771
2,455,-0.37286,0.70944,0.93669,2.75165
2,456,0.4842,0.6285,0.91452,2.74561
2,457,-0.94439,0.34551,0.79282,2.73961
2,458,-1.60852,0.10847,0.58736,2.73362
2,459,2.66231,0.00806,0.29599,2.72767
2,460,0.77679,0.43772,0.84461,2.72174
2,461,2.72529,0.00669,0.29202,2.71584
2,462,-2.19628,0.02862,0.40479,2.70996
2,463,-1.80751,0.07139,0.53426,2.7041
2,464,0.61459,0.53916,0.89021,2.69828
2,465,-1.02883,0.30415,0.7706,2.69247
2,466,-0.5949,0.55223,0.89307,2.6867
2,467,-3.56563,0.0004,0.13321,2.68094
2,468,-0.16435,0.86953,0.97086,2.67521
2,469,-0.30511,0.76043,0.94843,2.66951
2,470,-0.59119,0.55471,0.89335,2.66383
2,471,0.18412,0.85401,0.96795,2.65817
2,472,-0.76038,0.44745,0.8482,2.65254
2,473,0.93558,0.35003,0.79517,2.64693
2,474,0.60374,0.54634,0.89106,2.64135
2,475,0.35915,0.71966,0.93957,2.63579
2,476,0.70912,0.47864,0.86484,2.63025
2,477,-0.96953,0.33283,0.78502,2.62474
2,478,-1.90886,0.05696,0.49244,2.61925
2,479,-0.51311,0.60814,0.90679,2.61378
2,480,0.45957,0.64606,0.92016,2.60833
2,481,-2.09803,0.0365,0.44594,2.60291
2,482,1.18386,0.23714,0.72503,2.59751
2,483,-0.0764,0.93914,0.98804,2.59213
2,484,-1.36726,0.17227,0.66374,2.58678
2,485,1.13591,0.25664,0.73777,2.58144
2,486,-0.30457,0.76085,0.94843,2.57613
2,487,-1.83809,0.06675,0.5208,2.57084
2,488,-1.3544,0.17633,0.66572,2.56557
2,489,0.20045,0.84122,0.96568,2.56033
2,490,-0.3108,0.7561,0.94757,2.5551
2,491,-0.83671,0.40323,0.82857,2.5499
2,492,-0.77607,0.43814,0.84461,2.54472
2,493,-0.32064,0.74864,0.94608,2.53955
2,494,-0.67254,0.50161,0.87235,2.53441
2,495,1.8362,0.06703,0.5208,2.52929
2,496,-1.41136,0.15888,0.64724,2.52419
2,497,-1.20096,0.23044,0.71773,2.51911
2,498,-0.33244,0.73972,0.94333,2.51406
2,499,0.69088,0.49002,0.86996,2.50902
2,500,0.33911,0.7347,0.94272,2.504
2,501,-0.11122,0.9115,0.98058,2.499
2,502,1.05785,0.29073,0.76582,2.49402
2,503,0.64329,0.52038,0.87915,2.48907
2,504,0.0964,0.92325,0.98379,2.48413
2,505,-1.64994,0.0997,0.57161,2.47921
2,506,0.35588,0.72211,0.94059,2.47431
2,507,1.05612,0.29152,0.76648,2.46943
2,508,-1.54153,0.12394,0.60171,2.46457
2,509,-0.74984,0.45377,0.85131,2.45972
2,510,0.13065,0.89612,0.97728,2.4549
2,511,-0.62888,0.52977,0.88449,2.4501
2,512,-0.84936,0.39616,0.82544,2.44531
2,513,0.78658,0.43197,0.84353,2.44055
2,514,-1.02338,0.30671,0.77074,2.4358
2,515,-0.34449,0.73065,0.94116,2.43107
2,516,0.78113,0.43516,0.84442,2.42636
2,517,-1.13808,0.25573,0.737,2.42166
2,518,1.63592,0.1026,0.57574,2.41699
2,519,0.14464,0.88507,0.97334,2.41233
2,520,0.14526,0.88458,0.97334,2.40769
2,521,-2.27398,0.02347,0.38075,2.40307
2,522,-1.77487,0.07664,0.54281,2.39847
2,523,-0.77815,0.43692,0.84461,2.39388
2,524,-0.14948,0.88125,0.97334,2.38931
2,525,-0.10366,0.91749,0.98217,2.38476
2,526,-1.98252,0.04807,0.48679,2.38023
2,527,2.07242,0.03883,0.44944,2.37571
2,528,0.30544,0.76018,0.94841,2.37121
2,529,-0.5298,0.59653,0.90362,2.36673
2,530,-0.55853,0.57678,0.89726,2.36226
2,531,0.55456,0.57949,0.89726,2.35782
2,532,0.58499,0.55886,0.89335,2.35338
2,533,-0.76567,0.4443,0.84791,2.34897
2,534,0.127,0.899,0.9781,2.34457
2,535,-0.26995,0.78733,0.95761,2.34019
2,536,-0.12448,0.901,0.97873,2.33582
2,537,0.26058,0.79454,0.95969,2.33147
2,538,-0.20158,0.84034,0.96568,2.32714
2,539,1.02223,0.30726,0.77074,2.32282
2,540,0.49791,0.6188,0.9102,2.31852
2,541,-0.45117,0.6521,0.92144,2.31423
2,542,-0.76376,0.44543,0.84791,2.30996
2,543,-1.55303,0.12116,0.59806,2.30571
2,544,-0.11411,0.90921,0.98056,2.30147
2,545,-0.48718,0.62638,0.91283,2.29725
2,546,1.2095,0.22715,0.71601,2.29304
2,547,1.05097,0.29387,0.76742,2.28885
2,548,-0.11327,0.90987,0.98058,2.28467
2,549,-0.48931,0.62488,0.9122,2.28051
2,550,-0.00814,0.99351,0.99807,2.27636
2,551,0.90389,0.36657,0.8052,2.27223
2,552,0.03139,0.97497,0.99577,2.26812
2,553,-0.95768,0.33877,0.78805,2.26401
2,554,-0.66138,0.50873,0.87442,2.25993
2,555,0.98783,0.3238,0.77846,2.25586
2,556,-1.86914,0.0623,0.5114,2.2518
2,557,2.40625,0.01655,0.34826,2.24776
2,558,1.11029,0.26751,0.74893,2.24373
2,559,0.53812,0.59078,0.90222,2.23971
2,560,0.5222,0.60181,0.90529,2.23571
2,561,-0.31997,0.74915,0.94608,2.23173
2,562,-0.06883,0.94516,0.98913,2.22776
2,563,2.53961,0.01146,0.31388,2.2238
2,564,-0.17777,0.85899,0.96811,2.21986
2,565,1.17345,0.24128,0.72687,2.21593
2,566,-1.663,0.09706,0.56897,2.21201
2,567,0.60903,0.54283,0.89022,2.20811
2,568,1.42817,0.15398,0.64301,2.20423
2,569,1.16294,0.24551,0.72968,2.20035
2,570,-0.49067,0.62392,0.91147,2.19649
2,571,-1.1018,0.27118,0.74936,2.19264
2,572,-2.60075,0.00963,0.30691,2.18881
2,573,-2.07254,0.03882,0.44944,2.18499
2,574,0.13855,0.88987,0.9748,2.18118
2,575,0.72864,0.46662,0.859,2.17739
2,576,-0.13341,0.89393,0.97649,2.17361
2,577,0.97331,0.33096,0.78314,2.16984
2,578,-2.40713,0.01651,0.34826,2.16609
2,579,-0.68132,0.49604,0.87129,2.16235
2,580,-1.38309,0.16737,0.65567,2.15862
2,581,-0.30627,0.75955,0.94841,2.15491
2,582,-1.21195,0.22621,0.71484,2.1512
2,583,1.98411,0.04789,0.48665,2.14751
2,584,0.46601,0.64145,0.91884,2.14384
2,585,-1.16701,0.24387,0.72804,2.14017
2,586,0.06236,0.95031,0.99079,2.13652
2,587,1.5575,0.1201,0.59668,2.13288
2,588,-1.70779,0.08841,0.5596,2.12925
2,589,1.79247,0.07377,0.53906,2.12564
2,590,0.33507,0.73774,0.9433,2.12203
2,591,-1.00345,0.31622,0.77662,2.11844
2,592,-0.83819,0.4024,0.82822,2.11486
2,593,0.39465,0.6933,0.93358,2.1113
2,594,2.13737,0.03314,0.43072,2.10774
2,595,0.8441,0.39909,0.82681,2.1042
2,596,-0.47242,0.63687,0.91655,2.10067
2,597,1.26746,0.20569,0.69391,2.09715
2,598,-0.66518,0.5063,0.87354,2.09365
2,599,-0.18934,0.84991,0.96747,2.09015
2,600,0.37076,0.711,0.93669,2.08667
2,601,1.87563,0.0614,0.50944,2.08319
2,602,1.34947,0.17791,0.6668,2.07973
2,603,-0.0176,0.98596,0.99712,2.07629
2,604,-2.00842,0.04523,0.48054,2.07285
2,605,0.12313,0.90206,0.97918,2.06942
2,606,-1.73765,0.083,0.55153,2.06601
2,607,-0.15842,0.8742,0.97263,2.0626
2,608,0.67901,0.49751,0.87129,2.05921
2,609,0.7859,0.43237,0.8439,2.05583
2,610,-0.40942,0.68244,0.93079,2.05246
2,611,0.22477,0.82227,0.96403,2.0491
2,612,-0.18896,0.85022,0.96747,2.04575
2,613,1.16825,0.24336,0.72804,2.04241
2,614,1.04236,0.29784,0.76877,2.03909
2,615,0.45552,0.64897,0.92078,2.03577
2,616,0.7784,0.43677,0.84461,2.03247
2,617,-1.04341,0.29736,0.76877,2.02917
2,618,0.26535,0.79087,0.95789,2.02589
2,619,0.07235,0.94236,0.98845,2.02262
2,620,0.35934,0.71952,0.93957,2.01935
2,621,0.60803,0.54349,0.89022,2.0161
2,622,-0.53488,0.59301,0.90316,2.01286
2,623,1.56101,0.11927,0.59659,2.00963
2,624,-0.38923,0.6973,0.934,2.00641
2,625,1.06284,0.28846,0.76406,2.0032
2,626,-0.34113,0.73318,0.94257,2.0
3,1,0.17377,0.86213,0.97024,1084.0
3,2,-0.85028,0.39565,0.82503,542.0
3,3,-0.4368,0.66248,0.92432,361.33333
3,4,0.42769,0.66909,0.92737,271.0
3,5,-0.78439,0.43325,0.84396,216.8
3,6,1.42804,0.15402,0.64301,180.66667
3,7,0.33013,0.74146,0.94388,154.85714
3,8,-0.78433,0.43329,0.84396,135.5
3,9,-0.64317,0.52046,0.87915,120.44444
3,10,-2.17222,0.0304,0.41555,108.4
3,11,1.06809,0.28609,0.76235,98.54545
3,12,-0.9094,0.36366,0.8052,90.33333
3,13,-0.71365,0.47584,0.86341,83.38462
3,14,-1.22674,0.2206,0.71158,77.42857
3,15,-1.92333,0.05511,0.48845,72.26667
3,16,-2.18864,0.02917,0.4077,67.75
3,17,-2.18349,0.02955,0.41053,63.76471
3,18,0.4113,0.68106,0.93037,60.22222
3,19,0.4104,0.68172,0.93037,57.05263
3,20,0.73772,0.46109,0.85569,54.2
3,21,0.02437,0.98057,0.99628,51.61905
3,22,-2.11711,0.03483,0.43967,49.27273
3,23,-0.67814,0.49805,0.87129,47.13043
3,24,0.34433,0.73077,0.94116,45.16667
3,25,-0.42513,0.67096,0.92747,43.36
3,26,2.23599,0.02587,0.38936,41.69231
3,27,1.23245,0.21847,0.70933,40.14815
3,28,-0.59756,0.55045,0.89239,38.71429
3,29,0.56837,0.57009,0.89593,37.37931
3,30,0.0686,0.94534,0.98913,36.13333
3,31,-0.64833,0.51713,0.87796,34.96774
3,32,1.75893,0.07931,0.54578,33.875
3,33,-1.14277,0.25378,0.73548,32.84848
3,34,-0.65212,0.51468,0.87785,31.88235
3,35,-1.39597,0.16346,0.65142,30.97143
3,36,0.21972,0.8262,0.96518,30.11111
3,37,0.89016,0.37389,0.81032,29.2973
3,38,0.91862,0.35882,0.80096,28.52632
3,39,0.36747,0.71345,0.93768,27.79487
3,40,1.7845,0.07506,0.53969,27.1
3,41,0.8449,0.39865,0.82649,26.43902
3,42,0.91155,0.36253,0.80386,25.80952
3,43,0.73099,0.46519,0.85809,25.2093
3,44,-0.49751,0.61909,0.9102,24.63636
3,45,-0.33242,0.73973,0.94333,24.08889
3,46,0.32142,0.74805,0.94608,23.56522
3,47,0.17219,0.86337,0.97045,23.06383
3,48,-0.70413,0.48174,0.86607,22.58333
3,49,-1.07401,0.28343,0.76183,22.12245
3,50,-0.3377,0.73576,0.94272,21.68
3,51,0.4056,0.68524,0.93157,21.2549
3,52,2.34374,0.01955,0.36666,20.84615
3,53,-0.35585,0.72213,0.94059,20.45283
3,54,-1.55887,0.11978,0.59668,20.07407
3,55,2.07224,0.03885,0.44944,19.70909
3,56,1.44478,0.14926,0.6375,19.35714
3,57,-2.37964,0.01777,0.35448,19.01754
3,58,0.9788,0.32824,0.78096,18.68966
3,59,0.50821,0.61157,0.90803,18.37288
3,60,-0.08004,0.93625,0.98764,18.06667
3,61,-1.78696,0.07466,0.53906,17.77049
3,62,0.63692,0.52452,0.88113,17.48387
3,63,-0.70299,0.48245,0.86632,17.20635
3,64,0.14243,0.88681,0.9734,16.9375
3,65,-0.16912,0.86578,0.97079,16.67692
3,66,-1.71786,0.08655,0.55776,16.42424
3,67,-0.27878,0.78055,0.95688,16.1791
3,68,-1.02378,0.30652,0.77074,15.94118
3,69,1.11327,0.26623,0.74795,15.71014
3,70,-0.1419,0.88723,0.97341,15.48571
3,71,2.3548,0.01899,0.36332,15.26761
3,72,0.02871,0.97711,0.99579,15.05556
3,73,-1.50348,0.13346,0.61436,14.84932
3,74,-0.7365,0.46184,0.85569,14.64865
3,75,3.24956,0.00125,0.18491,14.45333
3,76,0.01492,0.98811,0.99778,14.26316
3,77,0.21424,0.83047,0.96518,14.07792
3,78,1.51581,0.13032,0.61052,13.89744
3,79,-1.55893,0.11976,0.59668,13.72152
3,80,-0.397,0.69157,0.93358,13.55
3,81,-1.85905,0.06372,0.51462,13.38272
3,82,-0.69256,0.48896,0.86994,13.21951
3,83,-1.68949,0.09186,0.56328,13.06024
3,84,1.6404,0.10167,0.5756,12.90476
3,85,-0.44216,0.6586,0.92313,12.75294
3,86,1.00672,0.31465,0.77553,12.60465
3,87,-0.38159,0.70296,0.93519,12.45977
3,88,-0.32531,0.74511,0.94546,12.31818
3,89,0.09169,0.92699,0.98429,12.17978
3,90,0.67011,0.50315,0.87235,12.04444
3,91,-0.78331,0.43388,0.84396,11.91209
3,92,-0.39966,0.68961,0.93358,11.78261
3,93,2.05909,0.0401,0.45807,11.65591
3,94,-1.54525,0.12304,0.60118,11.53191
3,95,1.10256,0.27085,0.74908,11.41053
3,96,0.51784,0.60484,0.90567,11.29167
3,97,0.31626,0.75196,0.94665,11.17526
3,98,0.68686,0.49255,0.87033,11.06122
3,99,-1.4026,0.16147,0.65081,10.94949
3,100,2.07275,0.0388,0.44944,10.84
3,101,-0.67828,0.49797,0.87129,10.73267
3,102,0.16576,0.86843,0.97086,10.62745
3,103,2.00746,0.04534,0.48066,10.52427
3,104,2.03428,0.04255,0.47015,10.42308
3,105,0.4205,0.67434,0.92859,10.32381
3,106,0.55048,0.58228,0.89761,10.22642
3,107,0.44151,0.65907,0.92332,10.13084
3,108,-0.84633,0.39785,0.82649,10.03704
3,109,0.47153,0.6375,0.91696,9.94495
3,110,1.30445,0.19279,0.68368,9.85455
3,111,-0.27073,0.78673,0.95761,9.76577
3,112,-0.38472,0.70064,0.93506,9.67857
3,113,-0.69065,0.49017,0.86996,9.59292
3,114,-0.29674,0.76681,0.95063,9.50877
3,115,-1.67231,0.0952,0.56649,9.42609
3,116,-0.45825,0.64701,0.92016,9.34483
3,117,-0.84224,0.40013,0.82706,9.26496
3,118,-0.44131,0.65922,0.92333,9.18644
3,119,-2.94048,0.00346,0.2439,9.10924
3,120,1.13178,0.25837,0.74037,9.03333
3,121,-0.9549,0.34018,0.7881,8.95868
3,122,-0.04069,0.96756,0.99543,8.88525
3,123,-2.30803,0.02148,0.37496,8.81301
3,124,0.94648,0.34445,0.79203,8.74194
3,125,0.25055,0.80228,0.96262,8.672
3,126,-0.1674,0.86713,0.97086,8.60317
3,127,-0.35978,0.71919,0.93942,8.53543
3,128,2.01262,0.04479,0.47861,8.46875
3,129,-0.30304,0.76201,0.94843,8.4031
3,130,-1.50013,0.13433,0.61519,8.33846
3,131,2.16122,0.03124,0.41934,8.27481
3,132,0.74991,0.45373,0.85131,8.21212
3,133,1.54821,0.12232,0.59987,8.15038
3,134,-0.59276,0.55366,0.89307,8.08955
3,135,0.89847,0.36945,0.80639,8.02963
3,136,0.09294,0.926,0.98429,7.97059
3,137,0.77618,0.43808,0.84461,7.91241
3,138,1.70288,0.08933,0.56015,7.85507
3,139,1.49951,0.13449,0.61519,7.79856
3,140,-1.15847,0.24733,0.73099,7.74286
3,141,-0.99509,0.32026,0.77752,7.68794
3,142,1.10243,0.2709,0.74908,7.6338
3,143,-1.8158,0.07011,0.53151,7.58042
3,144,-1.86551,0.0628,0.51221,7.52778
3,145,-1.64559,0.10059,0.57358,7.47586
3,146,-0.48191,0.63012,0.91466,7.42466
3,147,2.28951,0.02254,0.37883,7.37415
3,148,1.33,0.18424,0.67459,7.32432
3,149,1.51224,0.13122,0.61162,7.27517
3,150,-2.23771,0.02576,0.38882,7.22667
3,151,-0.21534,0.82961,0.96518,7.17881
3,152,0.89706,0.3702,0.8071,7.13158
3,153,0.96697,0.33411,0.78502,7.08497
3,154,-1.84511,0.06572,0.51909,7.03896
3,155,2.03834,0.04214,0.4697,6.99355
3,156,-1.20485,0.22893,0.71682,6.94872
3,157,1.74769,0.08125,0.54823,6.90446
3,158,-1.03118,0.30305,0.77029,6.86076
3,159,-0.26678,0.78977,0.95761,6.81761
3,160,2.67467,0.00777,0.2957,6.775
3,161,0.02161,0.98277,0.99628,6.73292
3,162,-1.21112,0.22653,0.7153,6.69136
3,163,0.66217,0.50822,0.87411,6.65031
3,164,-0.50658,0.61271,0.90821,6.60976
3,165,-0.09402,0.92514,0.98404,6.5697
3,166,1.41938,0.15653,0.64634,6.53012
3,167,-0.38777,0.69838,0.93417,6.49102
3,168,-2.10703,0.0357,0.44509,6.45238
3,169,0.82565,0.40947,0.83153,6.4142
3,170,0.74146,0.45883,0.85484,6.37647
3,171,1.29756,0.19515,0.68602,6.33918
3,172,0.85124,0.39512,0.82453,6.30233
3,173,0.52137,0.60238,0.90529,6.2659
3,174,1.95663,0.05105,0.48723,6.22989
3,175,-0.41861,0.67572,0.9288,6.19429
3,176,-1.6315,0.10353,0.57601,6.15909
3,177,1.63492,0.10281,0.57574,6.12429
3,178,-1.04091,0.29851,0.76889,6.08989
3,179,-0.52247,0.60162,0.90529,6.05587
3,180,-0.77853,0.43669,0.84461,6.02222
3,181,0.24117,0.80954,0.96333,5.98895
3,182,0.57876,0.56306,0.89408,5.95604
3,183,-0.34731,0.72853,0.94112,5.9235
3,184,-0.15668,0.87557,0.97263,5.8913
3,185,-0.61073,0.54171,0.89022,5.85946
3,186,1.34644,0.17888,0.66845,5.82796
3,187,-0.15458,0.87722,0.9729,5.79679
3,188,0.34808,0.72796,0.94112,5.76596
3,189,-1.79027,0.07413,0.53906,5.73545
3,190,0.59012,0.55542,0.89335,5.70526
3,191,0.31995,0.74916,0.94608,5.67539
3,192,1.44509,0.14918,0.63741,5.64583
3,193,-0.0689,0.9451,0.98913,5.61658
3,194,0.268,0.78883,0.95761,5.58763
3,195,1.20574,0.22859,0.71664,5.55897
3,196,2.21632,0.0272,0.39855,5.53061
3,197,0.43945,0.66056,0.92373,5.50254
3,198,-1.44659,0.14875,0.63703,5.47475
3,199,-0.45022,0.65278,0.92144,5.44724
3,200,-0.3324,0.73975,0.94333,5.42
3,201,-0.31877,0.75006,0.94608,5.39303
3,202,2.71438,0.00691,0.29202,5.36634
3,203,0.20582,0.83703,0.96568,5.3399
3,204,-0.85818,0.39128,0.82185,5.31373
3,205,1.60873,0.10842,0.58736,5.2878
3,206,-0.86634,0.3868,0.81816,5.26214
3,207,-1.03381,0.30182,0.7697,5.23671
3,208,1.85156,0.06479,0.5176,5.21154
3,209,0.23572,0.81376,0.96339,5.1866
3,210,0.59918,0.54938,0.89184,5.1619
3,211,1.57014,0.11713,0.59441,5.13744
3,212,-0.02054,0.98362,0.99628,5.11321
3,213,0.50388,0.61461,0.90888,5.0892
3,214,-0.61186,0.54096,0.89022,5.06542
3,215,0.51758,0.60502,0.90581,5.04186
3,216,0.59835,0.54993,0.8922,5.01852
3,217,0.43982,0.6603,0.92364,4.99539
3,218,-0.22265,0.82391,0.96483,4.97248
3,219,-0.60763,0.54376,0.89022,4.94977
3,220,-0.00825,0.99342,0.99807,4.92727
3,221,-0.34481,0.73041,0.94116,4.90498
3,222,-0.49704,0.61942,0.91021,4.88288
3,223,0.95999,0.33761,0.78733,4.86099
3,224,0.60255,0.54713,0.89128,4.83929
3,225,0.37409,0.70853,0.93669,4.81778
3,226,-0.24685,0.80515,0.96294,4.79646
3,227,-0.22509,0.82202,0.96403,4.77533
3,228,1.48827,0.13743,0.61975,4.75439
3,229,0.72164,0.47091,0.86214,4.73362
3,230,1.10524,0.26968,0.74908,4.71304
3,231,-1.19825,0.23149,0.71868,4.69264
3,232,-0.22822,0.81959,0.96403,4.67241
3,233,-0.35784,0.72064,0.94022,4.65236
3,234,0.33762,0.73582,0.94272,4.63248
3,235,1.11918,0.2637,0.74544,4.61277
3,236,-1.08415,0.27892,0.75771,4.59322
3,237,0.5234,0.60097,0.90529,4.57384
3,238,-0.15974,0.87316,0.97249,4.55462
3,239,-1.34745,0.17856,0.66776,4.53556
3,240,-0.5612,0.57496,0.89726,4.51667
3,241,-0.24186,0.80901,0.96322,4.49793
3,242,1.14794,0.25164,0.73541,4.47934
3,243,-2.27013,0.0237,0.38075,4.46091
3,244,-0.71678,0.47391,0.8627,4.44262
3,245,-0.70873,0.47889,0.86484,4.42449
3,246,0.73682,0.46164,0.85569,4.4065
3,247,1.32058,0.18736,0.67627,4.38866
3,248,1.81121,0.07082,0.53285,4.37097
3,249,0.56816,0.57023,0.89593,4.35341
3,250,-0.96575,0.33472,0.78502,4.336
3,251,-1.06391,0.28798,0.76356,4.31873
3,252,-0.76298,0.4459,0.84793,4.30159
3,253,-1.70661,0.08863,0.56015,4.28458
3,254,-2.20495,0.028,0.40079,4.26772
3,255,0.38462,0.70071,0.93506,4.25098
3,256,-1.46184,0.14453,0.62855,4.23438
3,257,-0.10279,0.91818,0.9824,4.2179
3,258,1.44376,0.14955,0.63756,4.20155
3,259,1.42719,0.15426,0.64321,4.18533
3,260,-1.15915,0.24705,0.73099,4.16923
3,261,0.26649,0.78999,0.95763,4.15326
3,262,-2.44823,0.01476,0.3396,4.1374
3,263,-0.29101,0.77119,0.95332,4.12167
3,264,1.2024,0.22988,0.71773,4.10606
3,265,0.13095,0.89588,0.97728,4.09057
3,266,-1.05975,0.28986,0.76572,4.07519
3,267,-1.76068,0.07902,0.54496,4.05993
3,268,1.38873,0.16565,0.65528,4.04478
3,269,-0.25572,0.79829,0.96158,4.02974
3,270,0.8329,0.40537,0.82931,4.01481
3,271,-0.18313,0.85479,0.96795,4.0
3,272,1.98665,0.04761,0.48497,3.98529
3,273,-1.68456,0.09281,0.56471,3.9707
3,274,0.2947,0.76837,0.95115,3.9562
3,275,1.17937,0.23892,0.72606,3.94182
3,276,-0.45844,0.64687,0.92016,3.92754
3,277,0.04587,0.96344,0.99413,3.91336
3,278,-0.03661,0.97082,0.99544,3.89928
3,279,1.01986,0.30838,0.77116,3.8853
3,280,-1.20648,0.22831,0.71626,3.87143
3,281,-0.08913,0.92902,0.9843,3.85765
3,282,0.09378,0.92533,0.98414,3.84397
3,283,1.41416,0.15805,0.64678,3.83039
3,284,-0.71564,0.47461,0.8627,3.8169
3,285,3.19894,0.00148,0.18491,3.80351
3,286,0.66069,0.50917,0.87473,3.79021
3,287,-0.14634,0.88372,0.97334,3.777
3,288,1.47084,0.14208,0.62352,3.76389
3,289,0.88394,0.37723,0.81247,3.75087
3,290,0.49919,0.61791,0.9102,3.73793
3,291,0.65066,0.51562,0.87796,3.72509
3,292,0.33033,0.74132,0.94388,3.71233
3,293,0.68928,0.49103,0.87014,3.69966
3,294,1.28795,0.19847,0.68796,3.68707
3,295,0.32312,0.74676,0.94574,3.67458
3,296,1.16618,0.2442,0.72804,3.66216
3,297,1.74367,0.08194,0.54828,3.64983
3,298,-1.64911,0.09987,0.57174,3.63758
3,299,-1.69316,0.09116,0.56328,3.62542
3,300,-0.21231,0.83196,0.96518,3.61333
3,301,-2.5028,0.0127,0.32417,3.60133
3,302,1.84424,0.06585,0.51967,3.5894
3,303,0.65294,0.51415,0.87777,3.57756
3,304,0.85165,0.39489,0.82434,3.56579
3,305,0.81098,0.41783,0.83512,3.5541
3,306,-0.81441,0.41587,0.83416,3.54248
3,307,-1.67174,0.09532,0.56649,3.53094
3,308,0.53257,0.59461,0.90362,3.51948
3,309,0.72836,0.4668,0.85916,3.50809
3,310,-1.52126,0.12894,0.60865,3.49677
3,311,0.4483,0.65417,0.92144,3.48553
3,312,0.598,0.55016,0.8923,3.47436
3,313,-0.62648,0.53134,0.8855,3.46326
3,314,0.38705,0.69891,0.93435,3.45223
3,315,1.79529,0.07332,0.53872,3.44127
3,316,0.49076,0.62385,0.91147,3.43038
3,317,-0.72455,0.46913,0.86123,3.41956
3,318,-2.65846,0.00815,0.29622,3.40881
3,319,-0.85214,0.39462,0.82407,3.39812
3,320,0.41222,0.68038,0.93014,3.3875
3,321,-0.82586,0.40935,0.83153,3.37695
3,322,1.35901,0.17487,0.66572,3.36646
3,323,0.34736,0.72849,0.94112,3.35604
3,324,0.05305,0.95772,0.99266,3.34568
3,325,0.23067,0.81768,0.96397,3.33538
3,326,1.16541,0.24451,0.72822,3.32515
3,327,-2.07446,0.03864,0.44944,3.31498
3,328,1.05183,0.29348,0.76741,3.30488
3,329,-1.9758,0.04883,0.48679,3.29483
3,330,0.22653,0.8209,0.96403,3.28485
3,331,-1.75839,0.07941,0.54578,3.27492
3,332,0.27915,0.78027,0.95676,3.26506
3,333,0.05949,0.95259,0.99091,3.25526
3,334,1.355,0.17614,0.66572,3.24551
3,335,0.64693,0.51803,0.87796,3.23582
3,336,2.53691,0.01154,0.31388,3.22619
3,337,1.2308,0.21908,0.70933,3.21662
3,338,-0.41795,0.6762,0.92885,3.2071
3,339,-1.09225,0.27535,0.75326,3.19764
3,340,1.01721,0.30964,0.77193,3.18824
3,341,2.58237,0.01015,0.3073,3.17889
3,342,-0.06267,0.95006,0.99079,3.16959
3,343,-1.21491,0.22508,0.71482,3.16035
3,344,2.92581,0.00362,0.2439,3.15116
3,345,-0.10302,0.91799,0.98239,3.14203
3,346,-2.05605,0.04039,0.45985,3.13295
3,347,0.43278,0.66539,0.92545,3.12392
3,348,-0.94737,0.34399,0.79189,3.11494
3,349,-1.78914,0.07431,0.53906,3.10602
3,350,1.85044,0.06495,0.5176,3.09714
3,351,-1.35751,0.17534,0.66572,3.08832
3,352,-0.42316,0.6724,0.92832,3.07955
3,353,1.44213,0.15001,0.63756,3.07082
3,354,0.49253,0.6226,0.91143,3.06215
3,355,0.67537,0.49981,0.8715,3.05352
3,356,-1.22347,0.22183,0.71228,3.04494
3,357,-0.61606,0.53819,0.89021,3.03641
3,358,-0.36162,0.71782,0.93917,3.02793
3,359,-0.65811,0.51083,0.87496,3.0195
3,360,-0.1465,0.8836,0.97334,3.01111
3,361,-1.5908,0.1124,0.58787,3.00277
3,362,-2.39563,0.01703,0.35131,2.99448
3,363,0.14717,0.88307,0.97334,2.98623
3,364,0.84023,0.40126,0.82732,2.97802
3,365,1.07049,0.28501,0.76187,2.96986
3,366,0.23801,0.81199,0.96339,2.96175
3,367,-1.45221,0.14719,0.63322,2.95368
3,368,0.60075,0.54833,0.89184,2.94565
3,369,-0.43515,0.66367,0.9246,2.93767
3,370,-3.36501,0.00084,0.15222,2.92973
3,371,0.35578,0.72218,0.94059,2.92183
3,372,-1.8465,0.06552,0.51909,2.91398
3,373,1.16571,0.24439,0.72822,2.90617
3,374,-0.58056,0.56185,0.89408,2.8984
3,375,0.79872,0.4249,0.84031,2.89067
3,376,1.31235,0.19011,0.6813,2.88298
3,377,-0.39633,0.69206,0.93358,2.87533
3,378,-0.55887,0.57655,0.89726,2.86772
3,379,0.00267,0.99787,0.99887,2.86016
3,380,-0.62788,0.53042,0.88521,2.85263
3,381,-0.48264,0.6296,0.91452,2.84514
3,382,1.47717,0.14038,0.62153,2.8377
3,383,0.26585,0.79049,0.95763,2.83029
3,384,-0.07384,0.94117,0.98835,2.82292
3,385,-0.21383,0.83078,0.96518,2.81558
3,386,0.9921,0.32172,0.77846,2.80829
3,387,-0.91186,0.36236,0.80386,2.80103
3,388,-0.92586,0.35505,0.79882,2.79381
3,389,-0.86368,0.38825,0.81905,2.78663
3,390,2.02823,0.04316,0.47155,2.77949
3,391,-0.11571,0.90794,0.98056,2.77238
3,392,0.6293,0.52949,0.88443,2.76531
3,393,0.91411,0.36118,0.80265,2.75827
3,394,1.48703,0.13775,0.62034,2.75127
3,395,-0.21782,0.82767,0.96518,2.7443
3,396,0.82634,0.40908,0.83153,2.73737
3,397,0.42329,0.6723,0.92832,2.73048
3,398,0.49903,0.61802,0.9102,2.72362
3,399,1.23546,0.21735,0.7087,2.71679
3,400,-1.80324,0.07206,0.5347,2.71
3,401,-1.17006,0.24264,0.72784,2.70324
3,402,-0.75502,0.45066,0.84933,2.69652
3,403,-1.32875,0.18465,0.67476,2.68983
3,404,-1.24024,0.21558,0.70609,2.68317
3,405,0.1964,0.84439,0.96602,2.67654
3,406,-0.69973,0.48448,0.86768,2.66995
3,407,0.23236,0.81637,0.96385,2.66339
3,408,1.21707,0.22426,0.71481,2.65686
3,409,-0.2247,0.82232,0.96403,2.65037
3,410,-1.13321,0.25777,0.73932,2.6439
3,411,-1.38229,0.16761,0.65567,2.63747
3,412,-0.58402,0.55952,0.89335,2.63107
3,413,0.01973,0.98427,0.99628,2.6247
3,414,1.30717,0.19187,0.68347,2.61836
3,415,0.71439,0.47538,0.86316,2.61205
3,416,-0.25442,0.7993,0.96183,2.60577
3,417,-1.10648,0.26915,0.74908,2.59952
3,418,-0.71251,0.47654,0.86406,2.5933
3,419,-0.82742,0.40847,0.83153,2.58711
3,420,-1.11873,0.26389,0.74556,2.58095
3,421,-1.9447,0.05247,0.48723,2.57482
3,422,3.41261,0.00071,0.14967,2.56872
3,423,1.52408,0.12824,0.60724,2.56265
3,424,-0.6712,0.50246,0.87235,2.5566
3,425,-2.43485,0.01531,0.34277,2.55059
3,426,2.35171,0.01915,0.36356,2.5446
3,427,-1.7296,0.08443,0.55546,2.53864
3,428,-1.25183,0.21132,0.70117,2.53271
3,429,-1.315,0.18922,0.67943,2.52681
3,430,-0.45162,0.65178,0.92144,2.52093
3,431,0.32912,0.74223,0.94435,2.51508
3,432,-0.54908,0.58324,0.89829,2.50926
3,433,1.70862,0.08826,0.55931,2.50346
3,434,-0.49158,0.62327,0.91147,2.4977
3,435,-0.88684,0.37567,0.81149,2.49195
3,436,-0.37415,0.70848,0.93669,2.48624
3,437,-0.64264,0.5208,0.87915,2.48055
3,438,-0.18946,0.84983,0.96747,2.47489
3,439,-2.92779,0.0036,0.2439,2.46925
3,440,-0.17973,0.85745,0.96795,2.46364
3,441,-0.54321,0.58727,0.90032,2.45805
3,442,-0.74818,0.45477,0.85263,2.45249
3,443,0.62998,0.52905,0.88408,2.44695
3,444,-0.402,0.68789,0.9335,2.44144
3,445,1.40639,0.16035,0.64898,2.43596
3,446,0.69307,0.48865,0.86994,2.43049
3,447,-2.66416,0.00801,0.29592,2.42506
3,448,-0.15528,0.87667,0.97263,2.41964
3,449,-0.47863,0.63245,0.91532,2.41425
3,450,-3.32417,0.00096,0.15818,2.40889
3,451,0.90966,0.36352,0.80517,2.40355
3,452,-0.68272,0.49516,0.87129,2.39823
3,453,-0.51485,0.60693,0.90679,2.39294
3,454,-0.75864,0.44849,0.84873,2.38767
3,455,-0.14589,0.88408,0.97334,2.38242
3,456,0.31913,0.74978,0.94608,2.37719
3,457,-0.99197,0.32178,0.77846,2.37199
3,458,-1.35168,0.1772,0.66664,2.36681
3,459,-0.77201,0.44054,0.84478,2.36166
3,460,-0.39182,0.69539,0.93358,2.35652
3,461,-0.08216,0.93456,0.9866,2.35141
3,462,-0.49629,0.61995,0.91035,2.34632
3,463,0.31005,0.75667,0.94765,2.34125
3,464,0.5594,0.57618,0.89726,2.33621
3,465,0.62885,0.52979,0.88449,2.33118
3,466,0.69283,0.4888,0.86994,2.32618
3,467,-1.03154,0.30288,0.77029,2.3212
3,468,2.14373,0.03263,0.42815,2.31624
3,469,1.29789,0.19503,0.68602,2.3113
3,470,-0.10893,0.91331,0.98058,2.30638
3,471,2.64239,0.00854,0.2998,2.30149
3,472,2.06813,0.03924,0.45235,2.29661
3,473,0.2374,0.81247,0.96339,2.29175
3,474,0.5309,0.59577,0.90362,2.28692
3,475,-0.60746,0.54387,0.89022,2.28211
3,476,2.20103,0.02828,0.40191,2.27731
3,477,0.42504,0.67102,0.92747,2.27254
3,478,-0.16044,0.87261,0.97241,2.26778
3,479,0.75047,0.45339,0.85108,2.26305
3,480,-1.5333,0.12595,0.60495,2.25833
3,481,0.08983,0.92847,0.98429,2.25364
3,482,0.81401,0.4161,0.83428,2.24896
3,483,1.12215,0.26244,0.74334,2.24431
3,484,-1.14912,0.25116,0.73463,2.23967
3,485,0.19572,0.84493,0.96602,2.23505
3,486,1.10597,0.26937,0.74908,2.23045
3,487,2.28838,0.02261,0.37883,2.22587
3,488,1.24412,0.21415,0.70532,2.22131
3,489,0.16525,0.86883,0.97086,2.21677
3,490,-2.08744,0.03745,0.44897,2.21224
3,491,-0.5641,0.57299,0.89706,2.20774
3,492,-0.41653,0.67723,0.92941,2.20325
3,493,-0.88997,0.37399,0.81032,2.19878
3,494,-1.29457,0.19618,0.6866,2.19433
3,495,-0.84219,0.40016,0.82706,2.1899
3,496,-0.8006,0.42381,0.83932,2.18548
3,497,1.40435,0.16095,0.6501,2.18109
3,498,0.01563,0.98753,0.9977,2.17671
3,499,-0.65602,0.51217,0.87576,2.17234
3,500,-1.37726,0.16916,0.65842,2.168
3,501,-1.15557,0.24851,0.73099,2.16367
3,502,-0.67302,0.5013,0.87235,2.15936
3,503,-0.49544,0.62055,0.91062,2.15507
3,504,-2.24128,0.02553,0.38705,2.15079
3,505,-1.00159,0.31712,0.77662,2.14653
3,506,0.46468,0.6424,0.9191,2.14229
3,507,-0.31443,0.75335,0.94722,2.13807
3,508,-0.58716,0.55741,0.89335,2.13386
3,509,-0.36631,0.71432,0.9381,2.12967
3,510,0.8106,0.41805,0.83518,2.12549
3,511,1.04937,0.29461,0.76835,2.12133
3,512,-0.59559,0.55177,0.89307,2.11719
3,513,0.96548,0.33486,0.78502,2.11306
3,514,-0.24808,0.80419,0.96294,2.10895
3,515,0.12379,0.90154,0.97903,2.10485
3,516,-0.93751,0.34903,0.7949,2.10078
3,517,-1.39169,0.16475,0.65397,2.09671
3,518,-0.4801,0.6314,0.91529,2.09266
3,519,-1.36569,0.17276,0.66442,2.08863
3,520,0.57182,0.56775,0.89517,2.08462
3,521,-0.74383,0.4574,0.85363,2.08061
3,522,1.15286,0.24962,0.73254,2.07663
3,523,-0.38507,0.70038,0.93506,2.07266
3,524,0.85404,0.39357,0.82351,2.0687
3,525,-0.52509,0.5998,0.90529,2.06476
3,526,1.06699,0.28659,0.7626,2.06084
3,527,-0.35484,0.72288,0.94093,2.05693
3,528,-1.84513,0.06572,0.51909,2.05303
3,529,2.12123,0.03448,0.43849,2.04915
3,530,1.73111,0.08416,0.55546,2.04528
3,531,0.829,0.40757,0.83116,2.04143
3,532,0.78989,0.43003,0.84184,2.03759
3,533,-0.56151,0.57475,0.89726,2.03377
3,534,-0.34534,0.73001,0.94112,2.02996
3,535,-3.14315,0.00179,0.18633,2.02617
3,536,-0.77734,0.43739,0.84461,2.02239
3,537,0.06491,0.94828,0.99044,2.01862
3,538,-0.07291,0.94191,0.98845,2.01487
3,539,3.89618,0.00011,0.10192,2.01113
3,540,-1.01983,0.30839,0.77116,2.00741
3,541,-0.9338,0.35094,0.79616,2.0037
3,542,1.60274,0.10974,0.58787,2.0
4,1,0.13027,0.89641,0.97728,759.0
4,2,-1.71032,0.08794,0.55925,379.5
4,3,-2.99992,0.00286,0.23854,253.0
4,4,0.22057,0.82553,0.96518,189.75
4,5,-1.84234,0.06613,0.51975,151.8
4,6,1.96226,0.05039,0.48679,126.5
4,7,-1.47022,0.14225,0.62378,108.42857
4,8,0.77209,0.44049,0.84478,94.875
4,9,-0.33393,0.7386,0.9433,84.33333
4,10,-0.68319,0.49486,0.87129,75.9
4,11,0.07402,0.94103,0.98835,69.0
4,12,-0.84099,0.40083,0.82715,63.25
4,13,-0.11163,0.91117,0.98058,58.38462
4,14,0.12697,0.89902,0.9781,54.21429
4,15,0.29784,0.76597,0.95053,50.6
4,16,0.18517,0.85319,0.96795,47.4375
4,17,-0.11503,0.90847,0.98056,44.64706
4,18,-1.9222,0.05525,0.48845,42.16667
4,19,0.43385,0.66462,0.92504,39.94737
4,20,-2.34918,0.01928,0.36529,37.95
4,21,-0.03639,0.97099,0.99544,36.14286
4,22,1.17297,0.24147,0.72687,34.5
4,23,0.21234,0.83194,0.96518,33.0
4,24,-0.54847,0.58366,0.89829,31.625
4,25,-0.1727,0.86297,0.97045,30.36
4,26,1.00246,0.3167,0.77662,29.19231
4,27,-1.64036,0.10168,0.5756,28.11111
4,28,0.42908,0.66809,0.92702,27.10714
4,29,0.16058,0.8725,0.97239,26.17241
4,30,1.94796,0.05208,0.48723,25.3
4,31,0.42207,0.67319,0.92833,24.48387
4,32,2.12423,0.03423,0.43638,23.71875
4,33,0.82284,0.41106,0.8317,23.0
4,34,1.26056,0.20816,0.69615,22.32353
4,35,-1.96847,0.04967,0.48679,21.68571
4,36,1.6004,0.11026,0.58787,21.08333
4,37,0.77838,0.43678,0.84461,20.51351
4,38,-0.44436,0.65701,0.92253,19.97368
4,39,-0.96965,0.33277,0.78502,19.46154
4,40,2.49148,0.0131,0.32866,18.975
4,41,0.12943,0.89708,0.97739,18.5122
4,42,1.97806,0.04857,0.48679,18.07143
4,43,1.0565,0.29134,0.76648,17.65116
4,44,-0.22226,0.82422,0.96483,17.25
4,45,1.10355,0.27042,0.74908,16.86667
4,46,0.49801,0.61873,0.9102,16.5
4,47,-2.53377,0.01165,0.31411,16.14894
4,48,-0.34068,0.73351,0.94268,15.8125
4,49,-0.64988,0.51612,0.87796,15.4898
4,50,-0.25336,0.80012,0.96191,15.18
4,51,1.51139,0.13144,0.61178,14.88235
4,52,1.04129,0.29834,0.76889,14.59615
4,53,1.36499,0.17298,0.66442,14.32075
4,54,1.54895,0.12214,0.59947,14.05556
4,55,1.57486,0.11604,0.59274,13.8
4,56,1.75793,0.07948,0.54578,13.55357
4,57,-0.89673,0.37037,0.80716,13.31579
4,58,0.58106,0.56151,0.89408,13.08621
4,59,0.04554,0.9637,0.9942,12.86441
4,60,0.98141,0.32695,0.78017,12.65
4,61,0.78852,0.43084,0.8419,12.44262
4,62,1.75275,0.08037,0.54774,12.24194
4,63,0.20716,0.83598,0.96568,12.04762
4,64,-0.37796,0.70565,0.93664,11.85938
4,65,-1.7014,0.0896,0.56015,11.67692
4,66,-0.45753,0.64752,0.92016,11.5
4,67,-0.69176,0.48947,0.86994,11.32836
4,68,-0.56958,0.56927,0.89554,11.16176
4,69,0.31856,0.75022,0.94608,11.0
4,70,-0.91722,0.35955,0.80152,10.84286
4,71,2.12024,0.03457,0.43899,10.69014
4,72,0.17058,0.86464,0.97079,10.54167
4,73,-1.29179,0.19714,0.68706,10.39726
4,74,-2.20521,0.02798,0.40079,10.25676
4,75,3.08343,0.00218,0.20982,10.12
4,76,-0.31322,0.75427,0.94722,9.98684
4,77,-0.25491,0.79891,0.96183,9.85714
4,78,-0.15913,0.87364,0.97258,9.73077
4,79,-0.63854,0.52347,0.88054,9.60759
4,80,0.76476,0.44484,0.84791,9.4875
4,81,0.21082,0.83313,0.96518,9.37037
4,82,0.76204,0.44646,0.84793,9.2561
4,83,0.99445,0.32057,0.77752,9.14458
4,84,1.03587,0.30086,0.76908,9.03571
4,85,0.78362,0.4337,0.84396,8.92941
4,86,-1.18892,0.23514,0.72343,8.82558
4,87,-1.74017,0.08256,0.55096,8.72414
4,88,-0.5974,0.55056,0.89239,8.625
4,89,0.77686,0.43767,0.84461,8.52809
4,90,-0.00506,0.99596,0.99864,8.43333
4,91,-0.7899,0.43003,0.84184,8.34066
4,92,0.38362,0.70145,0.93519,8.25
4,93,-0.22269,0.82389,0.96483,8.16129
4,94,-2.80921,0.0052,0.27088,8.07447
4,95,-0.75969,0.44786,0.84866,7.98947
4,96,-0.92719,0.35436,0.7988,7.90625
4,97,-3.18774,0.00154,0.18491,7.82474
4,98,-1.12881,0.25962,0.74186,7.7449
4,99,0.48719,0.62638,0.91283,7.66667
4,100,-1.10859,0.26824,0.74908,7.59
4,101,-1.75642,0.07974,0.54694,7.51485
4,102,1.27375,0.20345,0.69219,7.44118
4,103,-0.59404,0.55281,0.89307,7.36893
4,104,-2.56226,0.01075,0.30987,7.29808
4,105,0.22841,0.81944,0.96403,7.22857
4,106,0.36491,0.71536,0.9381,7.16038
4,107,0.09441,0.92483,0.98397,7.09346
4,108,0.25822,0.79637,0.96039,7.02778
4,109,2.14604,0.03244,0.42657,6.9633
4,110,-0.14687,0.8833,0.97334,6.9
4,111,0.76644,0.44384,0.84745,6.83784
4,112,0.60278,0.54698,0.89128,6.77679
4,113,0.88116,0.37873,0.81267,6.71681
4,114,-1.95435,0.05132,0.48723,6.65789
4,115,1.43509,0.152,0.64019,6.6
4,116,-1.11183,0.26684,0.74882,6.5431
4,117,1.35352,0.17662,0.66572,6.48718
4,118,-0.341,0.73328,0.94257,6.4322
4,119,-0.00263,0.9979,0.99887,6.37815
4,120,-2.00243,0.04588,0.48182,6.325
4,121,0.08931,0.92888,0.9843,6.27273
4,122,1.05831,0.29052,0.76582,6.22131
4,123,2.86028,0.00444,0.2706,6.17073
4,124,0.58783,0.55696,0.89335,6.12097
4,125,-0.85527,0.39289,0.82286,6.072
4,126,-1.59557,0.11133,0.58787,6.02381
4,127,-0.43961,0.66044,0.9237,5.97638
4,128,1.34277,0.18007,0.67034,5.92969
4,129,0.85725,0.39179,0.8219,5.88372
4,130,0.18058,0.85678,0.96795,5.83846
4,131,-1.13227,0.25816,0.74024,5.79389
4,132,0.18092,0.85652,0.96795,5.75
4,133,0.5723,0.56743,0.89517,5.70677
4,134,-0.18801,0.85096,0.96763,5.66418
4,135,-2.66799,0.00792,0.2957,5.62222
4,136,-1.11696,0.26465,0.74624,5.58088
4,137,1.00828,0.3139,0.77484,5.54015
4,138,0.68131,0.49605,0.87129,5.5
4,139,-0.57812,0.56349,0.89408,5.46043
4,140,1.65767,0.09813,0.57111,5.42143
4,141,0.06755,0.94617,0.98944,5.38298
4,142,0.79454,0.42733,0.84149,5.34507
4,143,-0.02664,0.97876,0.99617,5.30769
4,144,1.02367,0.30658,0.77074,5.27083
4,145,1.15661,0.24809,0.73099,5.23448
4,146,0.99319,0.32119,0.77798,5.19863
4,147,-0.12825,0.89801,0.97784,5.16327
4,148,-0.60038,0.54858,0.89184,5.12838
4,149,-0.98488,0.32525,0.77983,5.09396
4,150,1.41729,0.15714,0.64657,5.06
4,151,0.74447,0.45701,0.85363,5.02649
4,152,2.35874,0.01879,0.36233,4.99342
4,153,-0.60274,0.54701,0.89128,4.96078
4,154,-0.50052,0.61697,0.9102,4.92857
4,155,-0.64769,0.51754,0.87796,4.89677
4,156,2.30771,0.0215,0.37496,4.86538
4,157,-0.24899,0.80349,0.96262,4.83439
4,158,-2.00665,0.04542,0.48066,4.8038
4,159,1.03743,0.30013,0.76908,4.77358
4,160,0.28628,0.77481,0.95419,4.74375
4,161,0.62541,0.53204,0.88558,4.71429
4,162,-0.51072,0.60982,0.90707,4.68519
4,163,0.05276,0.95795,0.99266,4.65644
4,164,0.90431,0.36635,0.8052,4.62805
4,165,1.7896,0.07423,0.53906,4.6
4,166,0.8757,0.38169,0.81475,4.57229
4,167,2.8119,0.00515,0.27088,4.54491
4,168,1.12498,0.26124,0.74296,4.51786
4,169,0.25566,0.79834,0.96158,4.49112
4,170,-0.01395,0.98888,0.99795,4.46471
4,171,0.92062,0.35778,0.80096,4.4386
4,172,1.67621,0.09444,0.56571,4.41279
4,173,-1.08561,0.27827,0.75732,4.38728
4,174,1.722,0.0858,0.55727,4.36207
4,175,-0.30275,0.76223,0.9486,4.33714
4,176,-1.71957,0.08624,0.55776,4.3125
4,177,0.79547,0.42679,0.84148,4.28814
4,178,0.29929,0.76487,0.94951,4.26404
4,179,0.75137,0.45285,0.85061,4.24022
4,180,-0.65812,0.51082,0.87496,4.21667
4,181,-1.05222,0.2933,0.76714,4.19337
4,182,1.21725,0.22419,0.71481,4.17033
4,183,2.28401,0.02287,0.37883,4.14754
4,184,0.26705,0.78956,0.95761,4.125
4,185,-0.08962,0.92863,0.9843,4.1027
4,186,-0.14942,0.8813,0.97334,4.08065
4,187,-0.42029,0.67449,0.9286,4.05882
4,188,0.18114,0.85634,0.96795,4.03723
4,189,0.14431,0.88532,0.97334,4.01587
4,190,-2.0948,0.03678,0.44613,3.99474
4,191,0.36518,0.71516,0.9381,3.97382
4,192,-1.34238,0.1802,0.67034,3.95312
4,193,-2.42928,0.01555,0.3434,3.93264
4,194,0.26733,0.78935,0.95761,3.91237
4,195,0.84933,0.39618,0.82544,3.89231
4,196,0.87668,0.38116,0.8145,3.87245
4,197,-0.71611,0.47432,0.8627,3.85279
4,198,-0.94569,0.34485,0.79221,3.83333
4,199,-0.85431,0.39342,0.82345,3.81407
4,200,-1.52621,0.12771,0.60711,3.795
4,201,-0.5064,0.61284,0.90821,3.77612
4,202,0.30904,0.75744,0.94783,3.75743
4,203,-1.4715,0.1419,0.62336,3.73892
4,204,-0.67283,0.50143,0.87235,3.72059
4,205,1.14409,0.25323,0.73541,3.70244
4,206,-1.23215,0.21858,0.70933,3.68447
4,207,-0.38964,0.697,0.93384,3.66667
4,208,-0.98136,0.32698,0.78017,3.64904
4,209,0.34893,0.72732,0.94112,3.63158
4,210,1.2748,0.20308,0.69219,3.61429
4,211,0.58975,0.55567,0.89335,3.59716
4,212,-0.21797,0.82756,0.96518,3.58019
4,213,-1.13736,0.25603,0.737,3.56338
4,214,-0.63945,0.52288,0.88029,3.54673
4,215,-1.36074,0.17432,0.66497,3.53023
4,216,0.70921,0.47858,0.86484,3.51389
4,217,-0.86943,0.38511,0.817,3.4977
4,218,-1.11101,0.2672,0.74887,3.48165
4,219,-0.18014,0.85713,0.96795,3.46575
4,220,0.83257,0.40556,0.82931,3.45
4,221,-0.49726,0.61927,0.9102,3.43439
4,222,0.73945,0.46005,0.85498,3.41892
4,223,-0.8689,0.3854,0.8174,3.40359
4,224,1.50707,0.13254,0.61376,3.38839
4,225,0.03611,0.97121,0.99544,3.37333
4,226,-2.19509,0.0287,0.40479,3.35841
4,227,0.99966,0.31805,0.77662,3.34361
4,228,-0.19576,0.84489,0.96602,3.32895
4,229,1.17774,0.23956,0.72606,3.31441
4,230,-1.36155,0.17406,0.66497,3.3
4,231,0.58513,0.55877,0.89335,3.28571
4,232,0.29443,0.76857,0.95128,3.27155
4,233,1.77945,0.07589,0.54017,3.25751
4,234,1.79646,0.07314,0.53869,3.24359
4,235,-0.89961,0.36884,0.80606,3.22979
4,236,-0.53437,0.59337,0.90316,3.2161
4,237,-1.05142,0.29367,0.76742,3.20253
4,238,-0.25522,0.79868,0.96178,3.18908
4,239,0.99691,0.31938,0.77725,3.17573
4,240,-0.87169,0.38387,0.81628,3.1625
4,241,-0.87533,0.38189,0.81491,3.14938
4,242,-0.15457,0.87723,0.9729,3.13636
4,243,-1.23099,0.21901,0.70933,3.12346
4,244,0.68968,0.49078,0.87014,3.11066
4,245,-0.31386,0.75378,0.94722,3.09796
4,246,-1.21687,0.22433,0.71481,3.08537
4,247,-0.04265,0.966,0.99522,3.07287
4,248,0.37852,0.70523,0.93651,3.06048
4,249,-1.14483,0.25293,0.73541,3.04819
4,250,-1.62675,0.10454,0.57895,3.036
4,251,0.31853,0.75024,0.94608,3.0239
4,252,0.83976,0.40152,0.82752,3.0119
4,253,1.09148,0.27568,0.75335,3.0
4,254,-0.52391,0.60062,0.90529,2.98819
4,255,1.07848,0.28143,0.7598,2.97647
4,256,-1.97703,0.04869,0.48679,2.96484
4,257,3.16127,0.00168,0.1852,2.95331
4,258,-0.30462,0.76081,0.94843,2.94186
4,259,-0.36285,0.7169,0.93864,2.9305
4,260,-1.17172,0.24197,0.72715,2.91923
4,261,-0.5859,0.55826,0.89335,2.90805
4,262,0.10665,0.91512,0.98121,2.89695
4,263,0.72532,0.46866,0.86068,2.88593
4,264,1.94289,0.05269,0.48723,2.875
4,265,0.99046,0.32252,0.77846,2.86415
4,266,1.47465,0.14105,0.62153,2.85338
4,267,-1.43271,0.15268,0.64116,2.8427
4,268,-1.04807,0.29521,0.76877,2.83209
4,269,-0.3472,0.72861,0.94112,2.82156
4,270,-1.80569,0.07168,0.53449,2.81111
4,271,-0.61187,0.54095,0.89022,2.80074
4,272,-1.68266,0.09318,0.56485,2.79044
4,273,0.56342,0.57345,0.89706,2.78022
4,274,-0.52684,0.59858,0.90442,2.77007
4,275,-1.05497,0.29204,0.76654,2.76
4,276,0.55465,0.57943,0.89726,2.75
4,277,0.01224,0.99024,0.99807,2.74007
4,278,0.81031,0.41822,0.83535,2.73022
4,279,0.6042,0.54603,0.89094,2.72043
4,280,0.26491,0.79121,0.95789,2.71071
4,281,0.55266,0.58079,0.89726,2.70107
4,282,-0.56884,0.56977,0.89589,2.69149
4,283,0.24199,0.80891,0.96322,2.68198
4,284,-0.76335,0.44568,0.84793,2.67254
4,285,-2.57078,0.01049,0.30962,2.66316
4,286,2.25074,0.02492,0.38506,2.65385
4,287,-1.12216,0.26243,0.74334,2.6446
4,288,1.01368,0.31132,0.77349,2.63542
4,289,-1.77912,0.07594,0.54017,2.6263
4,290,0.74684,0.45558,0.85267,2.61724
4,291,0.21965,0.82625,0.96518,2.60825
4,292,-1.69966,0.08993,0.56107,2.59932
4,293,-0.40483,0.68581,0.93217,2.59044
4,294,-1.55444,0.12083,0.59764,2.58163
4,295,-0.95342,0.34092,0.78849,2.57288
4,296,-2.25502,0.02464,0.38506,2.56419
4,297,-2.55046,0.01111,0.31305,2.55556
4,298,0.83443,0.40451,0.82931,2.54698
4,299,0.87442,0.38238,0.81519,2.53846
4,300,-0.76411,0.44523,0.84791,2.53
4,301,0.69358,0.48833,0.86994,2.52159
4,302,-2.9898,0.00295,0.24041,2.51325
4,303,0.27276,0.78517,0.95761,2.50495
4,304,-1.12851,0.25974,0.7419,2.49671
4,305,-0.31921,0.74973,0.94608,2.48852
4,306,0.70361,0.48206,0.86607,2.48039
4,307,-0.47217,0.63705,0.9166,2.47231
4,308,-0.11376,0.90949,0.98056,2.46429
4,309,-0.69885,0.48503,0.86844,2.45631
4,310,1.04092,0.29851,0.76889,2.44839
4,311,-1.26634,0.20609,0.69391,2.44051
4,312,0.46189,0.6444,0.91987,2.43269
4,313,-1.06586,0.28709,0.76264,2.42492
4,314,-0.37246,0.70974,0.93669,2.4172
4,315,-0.82437,0.41019,0.83153,2.40952
4,316,-0.61683,0.53768,0.89021,2.4019
4,317,-1.49474,0.13573,0.61735,2.39432
4,318,0.97202,0.3316,0.78372,2.38679
4,319,1.58118,0.11459,0.58929,2.37931
4,320,1.74404,0.08188,0.54828,2.37188
4,321,-0.93521,0.35022,0.79524,2.36449
4,322,0.63795,0.52385,0.8807,2.35714
4,323,0.62106,0.53489,0.88809,2.34985
4,324,0.55839,0.57688,0.89726,2.34259
4,325,-2.13053,0.03371,0.43298,2.33538
4,326,2.52781,0.01184,0.31492,2.32822
4,327,-0.19916,0.84223,0.96568,2.3211
4,328,-0.43219,0.66582,0.92591,2.31402
4,329,-1.18682,0.23597,0.72405,2.30699
4,330,-1.83782,0.06679,0.5208,2.3
4,331,-1.17959,0.23883,0.72606,2.29305
4,332,0.25449,0.79924,0.96183,2.28614
4,333,0.47744,0.6333,0.91588,2.27928
4,334,0.32522,0.74517,0.94546,2.27246
4,335,0.01164,0.99072,0.99807,2.26567
4,336,-0.22219,0.82428,0.96483,2.25893
4,337,-0.10863,0.91355,0.98058,2.25223
4,338,-0.42718,0.66946,0.92737,2.24556
4,339,0.94939,0.34297,0.79098,2.23894
4,340,-0.14329,0.88613,0.97334,2.23235
4,341,0.8391,0.40189,0.82752,2.22581
4,342,0.87142,0.38402,0.81635,2.2193
4,343,0.68209,0.49556,0.87129,2.21283
4,344,-0.58607,0.55815,0.89335,2.2064
4,345,-0.74809,0.45482,0.85263,2.2
4,346,1.20246,0.22986,0.71773,2.19364
4,347,1.08238,0.2797,0.75771,2.18732
4,348,-0.52715,0.59836,0.90433,2.18103
4,349,-0.29682,0.76675,0.95063,2.17479
4,350,-0.14549,0.88439,0.97334,2.16857
4,351,-3.20972,0.00143,0.18491,2.16239
4,352,-0.27081,0.78667,0.95761,2.15625
4,353,3.51404,0.00049,0.13321,2.15014
4,354,-0.24983,0.80284,0.96262,2.14407
4,355,0.89339,0.37216,0.80824,2.13803
4,356,-1.23081,0.21908,0.70933,2.13202
4,357,1.08897,0.27679,0.75533,2.12605
4,358,-0.0081,0.99354,0.99807,2.12011
4,359,2.07505,0.03859,0.44944,2.11421
4,360,1.51072,0.13161,0.61199,2.10833
4,361,-0.23237,0.81636,0.96385,2.10249
4,362,-0.01003,0.992,0.99807,2.09669
4,363,0.75417,0.45117,0.84957,2.09091
4,364,-0.6449,0.51934,0.87859,2.08516
4,365,0.25907,0.79571,0.96021,2.07945
4,366,-1.16803,0.24345,0.72804,2.07377
4,367,-0.30316,0.76191,0.94843,2.06812
4,368,1.33541,0.18246,0.67228,2.0625
4,369,0.2877,0.77372,0.95419,2.05691
4,370,-1.02666,0.30517,0.7706,2.05135
4,371,0.97285,0.33118,0.78349,2.04582
4,372,1.2055,0.22868,0.71671,2.04032
4,373,-0.97415,0.33054,0.7827,2.03485
4,374,0.0047,0.99625,0.99864,2.02941
4,375,0.11108,0.91161,0.98058,2.024
4,376,0.20048,0.8412,0.96568,2.01862
4,377,0.22846,0.8194,0.96403,2.01326
4,378,-0.44183,0.65884,0.92313,2.00794
4,379,0.95434,0.34046,0.7881,2.00264
5,1,-0.72768,0.46721,0.85944,895.0
5,2,0.01289,0.98972,0.99795,447.5
5,3,0.82341,0.41074,0.83153,298.33333
5,4,0.33024,0.74138,0.94388,223.75
5,5,-1.38137,0.1679,0.65567,179.0
5,6,-0.50344,0.61491,0.90909,149.16667
5,7,-1.14515,0.2528,0.73541,127.85714
5,8,0.68853,0.4915,0.87025,111.875
5,9,2.78039,0.00567,0.28048,99.44444
5,10,1.56399,0.11857,0.59574,89.5
5,11,1.0198,0.30841,0.77116,81.36364
5,12,-1.22403,0.22162,0.71228,74.58333
5,13,-1.47859,0.14,0.62153,68.84615
5,14,-0.31446,0.75333,0.94722,63.92857
5,15,0.30136,0.76329,0.94906,59.66667
5,16,-0.34564,0.72978,0.94112,55.9375
5,17,-1.48382,0.1386,0.62094,52.64706
5,18,1.62291,0.10536,0.57945,49.72222
5,19,-0.59961,0.54909,0.89184,47.10526
5,20,0.79148,0.42911,0.84177,44.75
5,21,-0.76377,0.44543,0.84791,42.61905
5,22,-0.69191,0.48937,0.86994,40.68182
5,23,1.55474,0.12076,0.59764,38.91304
5,24,-0.46699,0.64075,0.91832,37.29167
5,25,0.44758,0.65468,0.92157,35.8
5,26,-0.31835,0.75038,0.94608,34.42308
5,27,0.38754,0.69855,0.93417,33.14815
5,28,-0.7368,0.46165,0.85569,31.96429
5,29,-0.68335,0.49476,0.87129,30.86207
5,30,0.92799,0.35394,0.79845,29.83333
5,31,1.12454,0.26143,0.74308,28.87097
5,32,-2.88674,0.00409,0.25757,27.96875
5,33,0.46363,0.64315,0.9191,27.12121
5,34,2.59239,0.00986,0.30691,26.32353
5,35,-0.63003,0.52902,0.88408,25.57143
5,36,-0.53822,0.59071,0.90222,24.86111
5,37,-2.94848,0.00337,0.2439,24.18919
5,38,-0.92134,0.3574,0.80096,23.55263
5,39,0.0063,0.99498,0.99838,22.94872
5,40,0.59434,0.5526,0.89307,22.375
5,41,1.5886,0.1129,0.58787,21.82927
5,42,-1.03545,0.30105,0.76912,21.30952
5,43,0.50937,0.61076,0.90707,20.81395
5,44,-0.45735,0.64766,0.92022,20.34091
5,45,1.23504,0.2175,0.70875,19.88889
5,46,1.31358,0.1897,0.68066,19.45652
5,47,0.36227,0.71733,0.93896,19.04255
5,48,0.35128,0.72555,0.94112,18.64583
5,49,-1.66698,0.09626,0.56706,18.26531
5,50,1.9577,0.05092,0.48723,17.9
5,51,-0.68848,0.49153,0.87025,17.54902
5,52,0.00348,0.99722,0.99887,17.21154
5,53,0.58834,0.55662,0.89335,16.88679
5,54,-0.16383,0.86994,0.97086,16.57407
5,55,1.75817,0.07944,0.54578,16.27273
5,56,0.08124,0.93529,0.98708,15.98214
5,57,-0.15537,0.8766,0.97263,15.70175
5,58,0.07851,0.93746,0.98779,15.43103
5,59,-2.82384,0.00497,0.27088,15.16949
5,60,-0.30165,0.76307,0.94905,14.91667
5,61,-0.11391,0.90937,0.98056,14.67213
5,62,0.77265,0.44016,0.84478,14.43548
5,63,-0.05781,0.95393,0.99155,14.20635
5,64,-1.04487,0.29668,0.76877,13.98438
5,65,1.08995,0.27636,0.75439,13.76923
5,66,0.09064,0.92782,0.98429,13.56061
5,67,-1.07618,0.28246,0.76005,13.35821
5,68,0.68165,0.49583,0.87129,13.16176
5,69,-0.14816,0.88229,0.97334,12.97101
5,70,-1.59108,0.11234,0.58787,12.78571
5,71,0.94048,0.34751,0.79358,12.60563
5,72,0.25345,0.80004,0.96191,12.43056
5,73,2.82562,0.00494,0.27088,12.26027
5,74,-1.34971,0.17783,0.6668,12.09459
5,75,0.77799,0.43701,0.84461,11.93333
5,76,-1.0255,0.30571,0.7706,11.77632
5,77,0.2073,0.83588,0.96568,11.62338
5,78,-0.63011,0.52897,0.88408,11.47436
5,79,0.69106,0.48991,0.86996,11.32911
5,80,-2.7112,0.00698,0.29202,11.1875
5,81,-0.16891,0.86595,0.97079,11.04938
5,82,1.06249,0.28862,0.76409,10.91463
5,83,1.22845,0.21996,0.7113,10.78313
5,84,0.73425,0.4632,0.85664,10.65476
5,85,1.13454,0.25721,0.73837,10.52941
5,86,1.53616,0.12525,0.60381,10.40698
5,87,0.46126,0.64485,0.92002,10.28736
5,88,-0.96914,0.33303,0.78502,10.17045
5,89,2.7608,0.00602,0.28273,10.05618
5,90,0.01332,0.98938,0.99795,9.94444
5,91,-0.69863,0.48517,0.86852,9.83516
5,92,-0.14974,0.88104,0.97334,9.72826
5,93,-0.95194,0.34167,0.78945,9.62366
5,94,0.37097,0.71085,0.93669,9.52128
5,95,1.95204,0.05159,0.48723,9.42105
5,96,-2.1831,0.02958,0.41053,9.32292
5,97,0.86944,0.3851,0.817,9.2268
5,98,0.12133,0.90349,0.97944,9.13265
5,99,0.69408,0.48801,0.86994,9.0404
5,100,1.57098,0.11694,0.59424,8.95
5,101,2.03742,0.04223,0.4697,8.86139
5,102,0.8867,0.37575,0.81149,8.77451
5,103,-0.48796,0.62583,0.91283,8.68932
5,104,2.38728,0.01741,0.35131,8.60577
5,105,1.20844,0.22755,0.71601,8.52381
5,106,0.17301,0.86272,0.97045,8.4434
5,107,2.52597,0.0119,0.31511,8.36449
5,108,-1.50456,0.13319,0.61424,8.28704
5,109,0.97613,0.32956,0.78208,8.21101
5,110,-1.98049,0.0483,0.48679,8.13636
5,111,0.6956,0.48706,0.86994,8.06306
5,112,-0.0739,0.94112,0.98835,7.99107
5,113,0.32189,0.74769,0.94608,7.92035
5,114,0.73526,0.46259,0.85625,7.85088
5,115,-2.43044,0.0155,0.34308,7.78261
5,116,0.74507,0.45664,0.85334,7.71552
5,117,0.09551,0.92396,0.98381,7.64957
5,118,-0.50659,0.6127,0.90821,7.58475
5,119,-0.31757,0.75097,0.94635,7.52101
5,120,-2.26006,0.02433,0.38457,7.45833
5,121,0.68927,0.49103,0.87014,7.39669
5,122,1.18001,0.23866,0.72606,7.33607
5,123,1.28289,0.20023,0.68999,7.27642
5,124,-1.02812,0.30448,0.7706,7.21774
5,125,1.35286,0.17682,0.66572,7.16
5,126,1.64133,0.10147,0.5756,7.10317
5,127,-0.62049,0.53527,0.8883,7.04724
5,128,0.66305,0.50766,0.8738,6.99219
5,129,-1.12838,0.2598,0.7419,6.93798
5,130,-0.57286,0.56704,0.89487,6.88462
5,131,-1.67167,0.09533,0.56649,6.83206
5,132,-0.63342,0.5268,0.88317,6.7803
5,133,0.90585,0.36553,0.8052,6.72932
5,134,0.59937,0.54925,0.89184,6.6791
5,135,0.61556,0.53852,0.89021,6.62963
5,136,-1.56049,0.11939,0.59659,6.58088
5,137,-1.01995,0.30834,0.77116,6.53285
5,138,-1.2186,0.22368,0.71481,6.48551
5,139,-0.77099,0.44115,0.84522,6.43885
5,140,-0.78159,0.4349,0.84406,6.39286
5,141,1.04024,0.29883,0.76889,6.34752
5,142,-0.50406,0.61448,0.90888,6.30282
5,143,0.23545,0.81398,0.96339,6.25874
5,144,-0.36199,0.71754,0.93899,6.21528
5,145,0.39672,0.69177,0.93358,6.17241
5,146,-0.16124,0.87198,0.97203,6.13014
5,147,0.90369,0.36667,0.8052,6.08844
5,148,-0.3701,0.71149,0.93669,6.0473
5,149,1.0045,0.31571,0.77621,6.00671
5,150,-0.47708,0.63355,0.91588,5.96667
5,151,-0.13572,0.89211,0.97582,5.92715
5,152,-0.15341,0.87815,0.97313,5.88816
5,153,-1.67608,0.09446,0.56571,5.84967
5,154,0.07687,0.93877,0.98804,5.81169
5,155,-0.58447,0.55921,0.89335,5.77419
5,156,-0.68769,0.49203,0.87033,5.73718
5,157,-1.74978,0.08088,0.54823,5.70064
5,158,-0.77044,0.44147,0.84532,5.66456
5,159,1.15353,0.24935,0.73194,5.62893
5,160,-1.89012,0.05943,0.50015,5.59375
5,161,0.75132,0.45288,0.85061,5.55901
5,162,0.83623,0.4035,0.82895,5.52469
5,163,-0.34697,0.72879,0.94112,5.4908
5,164,-0.91036,0.36315,0.80453,5.45732
5,165,1.40192,0.16167,0.65106,5.42424
5,166,0.30543,0.76019,0.94841,5.39157
5,167,-0.1536,0.878,0.97313,5.35928
5,168,-0.93573,0.34995,0.79517,5.32738
5,169,0.49914,0.61794,0.9102,5.29586
5,170,0.76746,0.44324,0.84686,5.26471
5,171,-1.04574,0.29628,0.76877,5.23392
5,172,-0.18922,0.85001,0.96747,5.20349
5,173,0.74348,0.45761,0.85387,5.17341
5,174,0.24745,0.80468,0.96294,5.14368
5,175,-1.20518,0.22881,0.71682,5.11429
5,176,-0.4905,0.62404,0.91147,5.08523
5,177,0.23577,0.81372,0.96339,5.0565
5,178,-0.03172,0.97471,0.99577,5.02809
5,179,-0.64934,0.51647,0.87796,5.0
5,180,0.94574,0.34482,0.79221,4.97222
5,181,-2.24946,0.025,0.38506,4.94475
5,182,1.55167,0.12149,0.59884,4.91758
5,183,-0.99095,0.32228,0.77846,4.89071
5,184,0.2764,0.78237,0.95754,4.86413
5,185,1.36125,0.17416,0.66497,4.83784
5,186,-0.64272,0.52076,0.87915,4.81183
5,187,-1.26596,0.20622,0.69391,4.7861
5,188,-0.851,0.39525,0.82453,4.76064
5,189,-1.36125,0.17416,0.66497,4.73545
5,190,0.34917,0.72714,0.94112,4.71053
5,191,-0.22374,0.82307,0.96445,4.68586
5,192,1.14331,0.25356,0.73541,4.66146
5,193,0.65401,0.51346,0.87698,4.63731
5,194,-1.24471,0.21393,0.70491,4.6134
5,195,0.26218,0.79331,0.95878,4.58974
5,196,0.49069,0.6239,0.91147,4.56633
5,197,0.16675,0.86765,0.97086,4.54315
5,198,1.87819,0.06104,0.50779,4.5202
5,199,0.87641,0.3813,0.81452,4.49749
5,200,0.03194,0.97453,0.99577,4.475
5,201,3.57411,0.00039,0.13321,4.45274
5,202,-0.14677,0.88339,0.97334,4.43069
5,203,-1.03725,0.30021,0.76908,4.40887
5,204,0.14253,0.88673,0.9734,4.38725
5,205,-0.15746,0.87496,0.97263,4.36585
5,206,1.0427,0.29768,0.76877,4.34466
5,207,1.27113,0.20438,0.69284,4.32367
5,208,-1.15604,0.24832,0.73099,4.30288
5,209,-0.43476,0.66396,0.92474,4.2823
5,210,-1.16177,0.24599,0.73022,4.2619
5,211,0.24224,0.80871,0.96322,4.24171
5,212,0.20232,0.83976,0.96568,4.2217
5,213,1.66072,0.09751,0.57024,4.20188
5,214,-0.17548,0.86079,0.96949,4.18224
5,215,0.18412,0.85401,0.96795,4.16279
5,216,1.27944,0.20145,0.69108,4.14352
5,217,0.77519,0.43866,0.84461,4.12442
5,218,1.34151,0.18048,0.67037,4.1055
5,219,1.21286,0.22586,0.71483,4.08676
5,220,-1.03,0.3036,0.7706,4.06818
5,221,1.23754,0.21658,0.70711,4.04977
5,222,0.81872,0.41341,0.83237,4.03153
5,223,-0.23638,0.81326,0.96339,4.01345
5,224,0.61358,0.53982,0.89022,3.99554
5,225,-0.06961,0.94454,0.98896,3.97778
5,226,0.83212,0.40581,0.82931,3.96018
5,227,-0.67372,0.50086,0.87227,3.94273
5,228,-0.72057,0.47157,0.86255,3.92544
5,229,-2.69207,0.00738,0.29202,3.9083
5,230,-0.47958,0.63177,0.91529,3.8913
5,231,1.94283,0.0527,0.48723,3.87446
5,232,0.22624,0.82112,0.96403,3.85776
5,233,-1.84936,0.0651,0.51789,3.8412
5,234,-0.06374,0.9492,0.99058,3.82479
5,235,0.11469,0.90875,0.98056,3.80851
5,236,1.13044,0.25893,0.74076,3.79237
5,237,0.10256,0.91836,0.9824,3.77637
5,238,0.48881,0.62523,0.91245,3.7605
5,239,0.25383,0.79975,0.96191,3.74477
5,240,0.90433,0.36634,0.8052,3.72917
5,241,1.98636,0.04764,0.48497,3.71369
5,242,0.31061,0.75625,0.94762,3.69835
5,243,0.6558,0.51231,0.87576,3.68313
5,244,-1.28412,0.1998,0.68972,3.66803
5,245,-1.84716,0.06542,0.51909,3.65306
5,246,-0.32783,0.7432,0.94525,3.63821
5,247,-1.61455,0.10715,0.58468,3.62348
5,248,-0.10975,0.91266,0.98058,3.60887
5,249,-0.97076,0.33222,0.78447,3.59438
5,250,-0.51412,0.60744,0.90679,3.58
5,251,1.25192,0.21129,0.70117,3.56574
5,252,1.85946,0.06366,0.51462,3.55159
5,253,1.17544,0.24048,0.72613,3.53755
5,254,-0.13642,0.89156,0.9756,3.52362
5,255,0.71401,0.47561,0.86316,3.5098
5,256,-1.83931,0.06657,0.52067,3.49609
5,257,-1.26828,0.2054,0.69391,3.48249
5,258,1.42434,0.15509,0.64463,3.46899
5,259,0.30071,0.76379,0.94913,3.4556
5,260,-0.08978,0.92851,0.98429,3.44231
5,261,0.19625,0.84451,0.96602,3.42912
5,262,-2.26109,0.02426,0.38457,3.41603
5,263,1.93106,0.05414,0.48774,3.40304
5,264,-1.1497,0.25092,0.73441,3.39015
5,265,-2.46714,0.01402,0.33448,3.37736
5,266,-1.23922,0.21595,0.70623,3.36466
5,267,1.02463,0.30612,0.77066,3.35206
5,268,-2.07884,0.03824,0.44944,3.33955
5,269,-0.82393,0.41044,0.83153,3.32714
5,270,0.44826,0.6542,0.92144,3.31481
5,271,0.36333,0.71654,0.93841,3.30258
5,272,-0.42506,0.67101,0.92747,3.29044
5,273,1.93495,0.05366,0.48774,3.27839
5,274,2.25392,0.02471,0.38506,3.26642
5,275,0.70886,0.47881,0.86484,3.25455
5,276,1.37152,0.17094,0.66022,3.24275
5,277,-0.91915,0.35854,0.80096,3.23105
5,278,1.11771,0.26433,0.74606,3.21942
5,279,0.10039,0.92008,0.98284,3.20789
5,280,1.02788,0.3046,0.7706,3.19643
5,281,0.24922,0.80332,0.96262,3.18505
5,282,-0.00866,0.99309,0.99807,3.17376
5,283,0.38486,0.70053,0.93506,3.16254
5,284,2.22214,0.0268,0.39607,3.15141
5,285,2.31642,0.02101,0.37197,3.14035
5,286,1.05513,0.29197,0.76654,3.12937
5,287,0.86375,0.38821,0.81905,3.11847
5,288,-0.16395,0.86985,0.97086,3.10764
5,289,0.78871,0.43072,0.84184,3.09689
5,290,0.51344,0.60791,0.90679,3.08621
5,291,0.32067,0.74862,0.94608,3.0756
5,292,1.42813,0.154,0.64301,3.06507
5,293,-0.88209,0.37823,0.81267,3.05461
5,294,-0.77125,0.44099,0.84507,3.04422
5,295,2.95344,0.00332,0.2439,3.0339
5,296,-2.6923,0.00738,0.29202,3.02365
5,297,0.35438,0.72323,0.94112,3.01347
5,298,0.68482,0.49383,0.87117,3.00336
5,299,-0.911,0.36281,0.80396,2.99331
5,300,1.72305,0.08561,0.55727,2.98333
5,301,0.63193,0.52777,0.88362,2.97342
5,302,-2.33366,0.02008,0.3674,2.96358
5,303,-2.08481,0.03769,0.44897,2.9538
5,304,0.17206,0.86347,0.97045,2.94408
5,305,1.71545,0.087,0.55818,2.93443
5,306,-1.56391,0.11859,0.59574,2.92484
5,307,-1.58466,0.11379,0.58839,2.91531
5,308,-1.80449,0.07187,0.53449,2.90584
5,309,0.20723,0.83593,0.96568,2.89644
5,310,-1.67915,0.09386,0.56485,2.8871
5,311,0.18184,0.8558,0.96795,2.87781
5,312,1.20808,0.22769,0.71601,2.86859
5,313,-1.72645,0.085,0.55608,2.85942
5,314,-1.63716,0.10234,0.57574,2.85032
5,315,0.43558,0.66336,0.92439,2.84127
5,316,-0.36748,0.71345,0.93768,2.83228
5,317,2.40264,0.01671,0.34906,2.82334
5,318,1.08145,0.28012,0.75801,2.81447
5,319,-0.34499,0.73027,0.94112,2.80564
5,320,-3.36055,0.00085,0.15222,2.79688
5,321,2.42126,0.01589,0.34496,2.78816
5,322,0.42068,0.6742,0.92859,2.7795
5,323,0.40607,0.6849,0.93157,2.7709
5,324,0.16669,0.8677,0.97086,2.76235
5,325,0.20631,0.83665,0.96568,2.75385
5,326,0.88262,0.37794,0.81247,2.7454
5,327,0.16684,0.86757,0.97086,2.737
5,328,0.04647,0.96295,0.99374,2.72866
5,329,0.22804,0.81972,0.96403,2.72036
5,330,-0.55632,0.57828,0.89726,2.71212
5,331,-0.84471,0.39875,0.82649,2.70393
5,332,-0.5308,0.59583,0.90362,2.69578
5,333,1.29069,0.19752,0.68751,2.68769
5,334,-1.28006,0.20123,0.69107,2.67964
5,335,-0.13428,0.89324,0.97634,2.67164
5,336,0.53404,0.5936,0.90317,2.66369
5,337,-0.55529,0.57899,0.89726,2.65579
5,338,-1.2735,0.20354,0.69219,2.64793
5,339,-1.93718,0.05339,0.48774,2.64012
5,340,-2.09913,0.0364,0.44594,2.63235
5,341,-0.83693,0.40311,0.82857,2.62463
5,342,1.54894,0.12215,0.59947,2.61696
5,343,0.61027,0.54201,0.89022,2.60933
5,344,-0.03875,0.96911,0.99544,2.60174
5,345,-0.4157,0.67784,0.92941,2.5942
5,346,-0.38804,0.69818,0.93417,2.58671
5,347,-2.23059,0.02623,0.39199,2.57925
5,348,0.833,0.40532,0.82931,2.57184
5,349,0.99063,0.32243,0.77846,2.56447
5,350,-2.18899,0.02914,0.4077,2.55714
5,351,-2.80197,0.00531,0.27269,2.54986
5,352,-0.18162,0.85597,0.96795,2.54261
5,353,1.07064,0.28494,0.76187,2.53541
5,354,-0.76066,0.44729,0.8482,2.52825
5,355,-2.36514,0.01847,0.35968,2.52113
5,356,0.07462,0.94055,0.98825,2.51404
5,357,-1.1707,0.24238,0.72763,2.507
5,358,-0.0305,0.97568,0.99579,2.5
5,359,-1.09674,0.27338,0.75136,2.49304
5,360,1.64388,0.10095,0.57461,2.48611
5,361,1.26305,0.20727,0.69578,2.47922
5,362,-0.23196,0.81668,0.96385,2.47238
5,363,-1.18007,0.23864,0.72606,2.46556
5,364,2.28276,0.02294,0.37883,2.45879
5,365,0.23534,0.81406,0.96339,2.45205
5,366,-1.55054,0.12176,0.59895,2.44536
5,367,0.03734,0.97023,0.99544,2.43869
5,368,0.57553,0.56524,0.89423,2.43207
5,369,1.41497,0.15781,0.64664,2.42547
5,370,-0.58019,0.5621,0.89408,2.41892
5,371,0.68391,0.49441,0.87129,2.4124
5,372,1.30277,0.19336,0.68374,2.40591
5,373,1.27066,0.20455,0.69284,2.39946
5,374,0.7329,0.46403,0.85685,2.39305
5,375,1.01105,0.31257,0.77385,2.38667
5,376,0.64233,0.52101,0.87915,2.38032
5,377,0.20815,0.83521,0.96568,2.37401
5,378,1.35789,0.17522,0.66572,2.36772
5,379,0.2459,0.80588,0.96305,2.36148
5,380,0.54679,0.58481,0.89878,2.35526
5,381,-2.45045,0.01467,0.33832,2.34908
5,382,0.39731,0.69134,0.93358,2.34293
5,383,0.52624,0.599,0.90479,2.33681
5,384,1.20647,0.22831,0.71626,2.33073
5,385,3.00281,0.00283,0.23832,2.32468
5,386,0.52354,0.60087,0.90529,2.31865
5,387,-0.36443,0.71572,0.93819,2.31266
5,388,-0.0961,0.92349,0.98381,2.3067
5,389,-0.42532,0.67082,0.92747,2.30077
5,390,-0.58424,0.55937,0.89335,2.29487
5,391,1.50902,0.13204,0.61344,2.289
5,392,0.0398,0.96827,0.99544,2.28316
5,393,-0.74671,0.45565,0.85267,2.27735
5,394,-1.77451,0.0767,0.54281,2.27157
5,395,-0.9718,0.33171,0.7838,2.26582
5,396,-1.27723,0.20222,0.69208,2.2601
5,397,-1.05829,0.29053,0.76582,2.25441
5,398,0.03772,0.96993,0.99544,2.24874
5,399,-0.61749,0.53725,0.8901,2.24311
5,400,1.96641,0.04991,0.48679,2.2375
5,401,-1.17583,0.24033,0.72606,2.23192
5,402,-0.40917,0.68262,0.93091,2.22637
5,403,0.31273,0.75464,0.94722,2.22084
5,404,-1.7585,0.07939,0.54578,2.21535
5,405,2.3252,0.02053,0.36864,2.20988
5,406,0.41562,0.6779,0.92941,2.20443
5,407,1.53657,0.12515,0.60381,2.19902
5,408,-1.47446,0.1411,0.62153,2.19363
5,409,-0.09926,0.92098,0.98311,2.18826
5,410,1.38141,0.16788,0.65567,2.18293
5,411,0.41067,0.68152,0.93037,2.17762
5,412,-0.35628,0.72181,0.94051,2.17233
5,413,-0.09094,0.92758,0.98429,2.16707
5,414,-2.16487,0.03096,0.41863,2.16184
5,415,2.58797,0.00999,0.30691,2.15663
5,416,1.0481,0.29519,0.76877,2.15144
5,417,-1.96718,0.04982,0.48679,2.14628
5,418,-0.68477,0.49387,0.87117,2.14115
5,419,-0.46383,0.64301,0.9191,2.13604
5,420,0.41476,0.67853,0.92941,2.13095
5,421,-1.49767,0.13497,0.61616,2.12589
5,422,0.56152,0.57474,0.89726,2.12085
5,423,0.61077,0.54168,0.89022,2.11584
5,424,1.96416,0.05017,0.48679,2.11085
5,425,-0.54422,0.58658,0.90015,2.10588
5,426,0.58828,0.55666,0.89335,2.10094
5,427,-1.82155,0.06923,0.52824,2.09602
5,428,1.1364,0.25644,0.73761,2.09112
5,429,0.1877,0.8512,0.96763,2.08625
5,430,-1.51433,0.13069,0.61084,2.0814
5,431,-0.59981,0.54895,0.89184,2.07657
5,432,-2.26434,0.02406,0.38377,2.07176
5,433,-0.9383,0.34863,0.79468,2.06697
5,434,-0.19109,0.84855,0.96747,2.06221
5,435,0.26883,0.78819,0.95761,2.05747
5,436,0.59946,0.54919,0.89184,2.05275
5,437,0.2163,0.82886,0.96518,2.04805
5,438,0.83,0.40701,0.8306,2.04338
5,439,-0.58527,0.55868,0.89335,2.03872
5,440,0.26405,0.79187,0.95808,2.03409
5,441,0.4398,0.66031,0.92364,2.02948
5,442,-0.39794,0.69088,0.93358,2.02489
5,443,0.90446,0.36627,0.8052,2.02032
5,444,1.0195,0.30855,0.77116,2.01577
5,445,0.2423,0.80866,0.96322,2.01124
5,446,1.02132,0.30769,0.77074,2.00673
5,447,1.26023,0.20828,0.69615,2.00224
6,1,-2.00195,0.04593,0.48182,1052.0
6,2,-1.38253,0.16754,0.65567,526.0
6,3,-1.81299,0.07054,0.53278,350.66667
6,4,1.3558,0.17589,0.66572,263.0
6,5,-0.83954,0.40164,0.82752,210.4
6,6,-1.79916,0.07271,0.53736,175.33333
6,7,-0.76036,0.44747,0.8482,150.28571
6,8,-0.83788,0.40257,0.82841,131.5
6,9,0.2787,0.78061,0.95688,116.88889
6,10,-0.6524,0.5145,0.87785,105.2
6,11,1.70833,0.08831,0.55931,95.63636
6,12,0.53676,0.59172,0.90291,87.66667
6,13,0.27592,0.78274,0.95754,80.92308
6,14,-2.20296,0.02814,0.40079,75.14286
6,15,-0.07177,0.94282,0.98845,70.13333
6,16,2.24981,0.02498,0.38506,65.75
6,17,0.96368,0.33576,0.78503,61.88235
6,18,0.08553,0.93188,0.98566,58.44444
6,19,-0.39247,0.69491,0.93358,55.36842
6,20,-2.98248,0.00302,0.24217,52.6
6,21,1.50433,0.13324,0.61424,50.09524
6,22,-1.52391,0.12828,0.60724,47.81818
6,23,1.23971,0.21577,0.70609,45.73913
6,24,3.53127,0.00046,0.13321,43.83333
6,25,2.95816,0.00327,0.2439,42.08
6,26,-0.0252,0.97991,0.99628,40.46154
6,27,-0.61214,0.54077,0.89022,38.96296
6,28,1.34055,0.18079,0.67042,37.57143
6,29,-0.52002,0.60333,0.90529,36.27586
6,30,-0.09497,0.92438,0.98387,35.06667
6,31,0.49473,0.62105,0.91073,33.93548
6,32,-1.93595,0.05354,0.48774,32.875
6,33,-0.07065,0.94371,0.98855,31.87879
6,34,1.13453,0.25722,0.73837,30.94118
6,35,-0.1142,0.90913,0.98056,30.05714
6,36,0.89322,0.37225,0.80824,29.22222
6,37,-1.21095,0.22659,0.7153,28.43243
6,38,-0.11925,0.90513,0.97984,27.68421
6,39,0.92048,0.35785,0.80096,26.97436
6,40,0.56056,0.57539,0.89726,26.3
6,41,-0.63624,0.52497,0.88143,25.65854
6,42,0.68915,0.49111,0.87014,25.04762
6,43,0.4669,0.64081,0.91832,24.46512
6,44,-0.76174,0.44664,0.84795,23.90909
6,45,-1.69147,0.09149,0.56328,23.37778
6,46,1.68229,0.09325,0.56485,22.86957
6,47,0.44786,0.65448,0.92144,22.38298
6,48,-0.57147,0.56798,0.89517,21.91667
6,49,1.07345,0.28368,0.76187,21.46939
6,50,0.02116,0.98313,0.99628,21.04
6,51,-1.01858,0.30898,0.77185,20.62745
6,52,0.93227,0.35173,0.79687,20.23077
6,53,-0.22957,0.81854,0.96403,19.84906
6,54,0.95785,0.33869,0.78805,19.48148
6,55,-0.6952,0.48731,0.86994,19.12727
6,56,2.07577,0.03852,0.44944,18.78571
6,57,-0.89915,0.36909,0.80606,18.45614
6,58,0.58612,0.55811,0.89335,18.13793
6,59,2.83846,0.00475,0.2706,17.83051
6,60,0.94202,0.34672,0.79313,17.53333
6,61,-2.32818,0.02037,0.36801,17.2459
6,62,1.55424,0.12088,0.59764,16.96774
6,63,0.19635,0.84443,0.96602,16.69841
6,64,-1.80964,0.07106,0.53348,16.4375
6,65,1.00394,0.31598,0.77654,16.18462
6,66,1.43914,0.15085,0.63898,15.93939
6,67,0.39972,0.68957,0.93358,15.70149
6,68,-0.60077,0.54832,0.89184,15.47059
6,69,1.27215,0.20402,0.69255,15.24638
6,70,0.99153,0.32199,0.77846,15.02857
6,71,1.61689,0.10665,0.58255,14.8169
6,72,-1.67806,0.09408,0.56508,14.61111
6,73,-0.21336,0.83115,0.96518,14.41096
6,74,-1.02124,0.30773,0.77074,14.21622
6,75,-1.58853,0.11292,0.58787,14.02667
6,76,-1.17827,0.23935,0.72606,13.84211
6,77,-0.51033,0.61009,0.90707,13.66234
6,78,1.20303,0.22964,0.71773,13.48718
6,79,1.64928,0.09983,0.57174,13.31646
6,80,0.07376,0.94124,0.98835,13.15
6,81,-1.7646,0.07835,0.54413,12.98765
6,82,-0.3741,0.70852,0.93669,12.82927
6,83,-0.57805,0.56354,0.89408,12.6747
6,84,0.49089,0.62376,0.91147,12.52381
6,85,1.12103,0.26291,0.74405,12.37647
6,86,0.91215,0.36221,0.80386,12.23256
6,87,0.7417,0.45868,0.85484,12.09195
6,88,1.65398,0.09888,0.57146,11.95455
6,89,1.05317,0.29287,0.76692,11.82022
6,90,0.70717,0.47985,0.86536,11.68889
6,91,1.9217,0.05532,0.48851,11.56044
6,92,-0.15143,0.87971,0.97334,11.43478
6,93,-1.61111,0.1079,0.58588,11.31183
6,94,0.22048,0.8256,0.96518,11.19149
6,95,-0.66892,0.50391,0.87243,11.07368
6,96,-0.30845,0.75789,0.94802,10.95833
6,97,-0.27529,0.78323,0.95754,10.84536
6,98,-2.29154,0.02242,0.37883,10.73469
6,99,-0.30318,0.76191,0.94843,10.62626
6,100,0.25155,0.80151,0.96233,10.52
6,101,-0.11392,0.90935,0.98056,10.41584
6,102,-0.64367,0.52014,0.87908,10.31373
6,103,0.14204,0.88712,0.9734,10.21359
6,104,1.48473,0.13836,0.62034,10.11538
6,105,-1.40627,0.16038,0.64898,10.01905
6,106,-1.26163,0.20778,0.69614,9.92453
6,107,0.46744,0.64042,0.91829,9.83178
6,108,1.40424,0.16098,0.6501,9.74074
6,109,-2.65239,0.00829,0.29622,9.65138
6,110,0.85864,0.39103,0.82185,9.56364
6,111,-0.43986,0.66026,0.92364,9.47748
6,112,0.475,0.63503,0.91649,9.39286
6,113,-0.58826,0.55667,0.89335,9.30973
6,114,-0.03623,0.97112,0.99544,9.22807
6,115,2.70199,0.00717,0.29202,9.14783
6,116,0.55481,0.57932,0.89726,9.06897
6,117,0.00211,0.99832,0.99887,8.99145
6,118,0.36038,0.71875,0.93941,8.91525
6,119,0.61098,0.54154,0.89022,8.84034
6,120,-1.50083,0.13415,0.61519,8.76667
6,121,-1.09884,0.27246,0.75057,8.69421
6,122,0.94553,0.34493,0.79222,8.62295
6,123,3.46257,0.00059,0.14153,8.55285
6,124,0.27568,0.78293,0.95754,8.48387
6,125,-0.3521,0.72494,0.94112,8.416
6,126,-0.69451,0.48774,0.86994,8.34921
6,127,0.26577,0.79055,0.95763,8.28346
6,128,1.32569,0.18566,0.67551,8.21875
6,129,-0.50745,0.61211,0.90813,8.15504
6,130,-2.42351,0.01579,0.34496,8.09231
6,131,3.75248,0.0002,0.10669,8.03053
6,132,-0.27149,0.78615,0.95761,7.9697
6,133,2.3787,0.01782,0.35448,7.90977
6,134,-1.63692,0.10239,0.57574,7.85075
6,135,-0.11111,0.91158,0.98058,7.79259
6,136,1.23732,0.21666,0.70714,7.73529
6,137,-0.09186,0.92685,0.98429,7.67883
6,138,-1.33776,0.1817,0.67143,7.62319
6,139,-2.46919,0.01394,0.33445,7.56835
6,140,1.24921,0.21228,0.7027,7.51429
6,141,0.68026,0.49671,0.87129,7.46099
6,142,1.14921,0.25112,0.73463,7.40845
6,143,0.98127,0.32702,0.78017,7.35664
6,144,-0.03874,0.96912,0.99544,7.30556
6,145,-0.45334,0.65054,0.92144,7.25517
6,146,-0.19485,0.84561,0.96631,7.20548
6,147,-2.40998,0.01638,0.34804,7.15646
6,148,0.02516,0.97994,0.99628,7.10811
6,149,1.24667,0.21321,0.70378,7.0604
6,150,0.20975,0.83396,0.96546,7.01333
6,151,-0.07472,0.94048,0.98825,6.96689
6,152,-1.45453,0.14654,0.63284,6.92105
6,153,1.48866,0.13732,0.61957,6.87582
6,154,-0.6098,0.54232,0.89022,6.83117
6,155,-0.84624,0.3979,0.82649,6.7871
6,156,-1.22662,0.22065,0.71158,6.74359
6,157,0.8116,0.41748,0.83504,6.70064
6,158,-1.82758,0.06832,0.52532,6.65823
6,159,-2.28968,0.02253,0.37883,6.61635
6,160,1.17996,0.23868,0.72606,6.575
6,161,-0.15323,0.87829,0.97313,6.53416
6,162,-1.77151,0.0772,0.54339,6.49383
6,163,0.70957,0.47837,0.86484,6.45399
6,164,0.66663,0.50537,0.87304,6.41463
6,165,-0.03588,0.9714,0.99544,6.37576
6,166,0.67214,0.50186,0.87235,6.33735
6,167,0.60425,0.546,0.89094,6.2994
6,168,1.40896,0.15958,0.64784,6.2619
6,169,-1.3329,0.18328,0.67307,6.22485
6,170,0.77508,0.43873,0.84461,6.18824
6,171,3.29362,0.00107,0.16797,6.15205
6,172,-0.5542,0.57974,0.89726,6.11628
6,173,-0.48651,0.62686,0.9131,6.08092
6,174,2.69229,0.00738,0.29202,6.04598
6,175,-1.44316,0.14972,0.63756,6.01143
6,176,-0.55606,0.57846,0.89726,5.97727
6,177,-0.23532,0.81407,0.96339,5.9435
6,178,0.6493,0.5165,0.87796,5.91011
6,179,1.95274,0.05151,0.48723,5.87709
6,180,0.37152,0.71044,0.93669,5.84444
6,181,0.35435,0.72325,0.94112,5.81215
6,182,0.48739,0.62623,0.91283,5.78022
6,183,0.58565,0.55842,0.89335,5.74863
6,184,2.24318,0.0254,0.38606,5.71739
6,185,-0.03738,0.9702,0.99544,5.68649
6,186,-0.34266,0.73203,0.94181,5.65591
6,187,-1.93827,0.05326,0.48774,5.62567
6,188,-0.15598,0.87613,0.97263,5.59574
6,189,-0.4628,0.64375,0.9191,5.56614
6,190,0.32578,0.74475,0.94546,5.53684
6,191,1.42853,0.15388,0.64301,5.50785
6,192,0.14456,0.88513,0.97334,5.47917
6,193,-0.47481,0.63517,0.91649,5.45078
6,194,-0.39746,0.69123,0.93358,5.42268
6,195,0.81562,0.41518,0.83327,5.39487
6,196,-0.94284,0.3463,0.79312,5.36735
6,197,-0.5522,0.58111,0.89726,5.3401
6,198,-1.97418,0.04901,0.48679,5.31313
6,199,1.19878,0.23129,0.71834,5.28643
6,200,2.61954,0.00912,0.30241,5.26
6,201,-0.93858,0.34848,0.79468,5.23383
6,202,0.28843,0.77316,0.95419,5.20792
6,203,0.75815,0.44879,0.84873,5.18227
6,204,-0.91567,0.36036,0.80208,5.15686
6,205,-1.00752,0.31426,0.77516,5.13171
6,206,-3.19523,0.0015,0.18491,5.1068
6,207,-0.47939,0.63191,0.91529,5.08213
6,208,-0.82426,0.41026,0.83153,5.05769
6,209,0.05061,0.95966,0.99292,5.03349
6,210,-2.5481,0.01118,0.31305,5.00952
6,211,1.47254,0.14162,0.62267,4.98578
6,212,-0.36986,0.71167,0.93669,4.96226
6,213,-1.22899,0.21976,0.71101,4.93897
6,214,0.53316,0.5942,0.90353,4.91589
6,215,0.58619,0.55806,0.89335,4.89302
6,216,-0.1037,0.91745,0.98217,4.87037
6,217,1.78844,0.07442,0.53906,4.84793
6,218,1.45998,0.14504,0.62938,4.82569
6,219,0.80892,0.41902,0.83611,4.80365
6,220,1.78109,0.07562,0.54007,4.78182
6,221,1.33853,0.18145,0.67136,4.76018
6,222,-0.72283,0.47018,0.86191,4.73874
6,223,0.4181,0.67609,0.92883,4.71749
6,224,-0.16652,0.86783,0.97086,4.69643
6,225,0.46752,0.64037,0.91829,4.67556
6,226,0.76711,0.44344,0.84702,4.65487
6,227,0.07778,0.93804,0.98794,4.63436
6,228,1.5388,0.1246,0.60265,4.61404
6,229,-1.25429,0.21043,0.70006,4.59389
6,230,0.03494,0.97214,0.99544,4.57391
6,231,0.91487,0.36078,0.80242,4.55411
6,232,0.23823,0.81182,0.96339,4.53448
6,233,1.07065,0.28494,0.76187,4.51502
6,234,-0.2947,0.76837,0.95115,4.49573
6,235,-0.92612,0.35491,0.79882,4.4766
6,236,2.0208,0.04393,0.47441,4.45763
6,237,-1.20063,0.23057,0.71773,4.43882
6,238,-2.621,0.00908,0.30241,4.42017
6,239,-0.43451,0.66414,0.92486,4.40167
6,240,1.69756,0.09033,0.56244,4.38333
6,241,-0.41896,0.67546,0.9288,4.36515
6,242,-1.06571,0.28716,0.76264,4.34711
6,243,-0.39167,0.6955,0.93358,4.32922
6,244,1.16039,0.24655,0.73077,4.31148
6,245,-0.21074,0.83319,0.96518,4.29388
6,246,1.84169,0.06622,0.51975,4.27642
6,247,-0.68176,0.49577,0.87129,4.25911
6,248,-0.89542,0.37107,0.80795,4.24194
6,249,1.7648,0.07832,0.54413,4.2249
6,250,0.12497,0.90061,0.97855,4.208
6,251,-0.94977,0.34277,0.79071,4.19124
6,252,1.21363,0.22557,0.71483,4.1746
6,253,-1.18748,0.23571,0.72375,4.1581
6,254,0.9191,0.35857,0.80096,4.14173
6,255,1.57921,0.11504,0.58944,4.12549
6,256,0.91353,0.36149,0.80298,4.10938
6,257,0.43677,0.6625,0.92432,4.09339
6,258,-0.15604,0.87608,0.97263,4.07752
6,259,1.53383,0.12582,0.60475,4.06178
6,260,-1.25995,0.20838,0.69626,4.04615
6,261,1.49944,0.13451,0.61519,4.03065
6,262,-0.07968,0.93653,0.98764,4.01527
6,263,2.77118,0.00583,0.28067,4.0
6,264,0.51426,0.60734,0.90679,3.98485
6,265,-1.30901,0.19124,0.68252,3.96981
6,266,-1.59002,0.11258,0.58787,3.95489
6,267,0.05041,0.95982,0.99292,3.94007
6,268,-0.82137,0.4119,0.83237,3.92537
6,269,0.71605,0.47436,0.8627,3.91078
6,270,-0.36447,0.71569,0.93819,3.8963
6,271,-1.04622,0.29606,0.76877,3.88192
6,272,0.48884,0.62521,0.91245,3.86765
6,273,0.23354,0.81546,0.96365,3.85348
6,274,-0.24677,0.80521,0.96294,3.83942
6,275,-1.06268,0.28853,0.76406,3.82545
6,276,-0.49238,0.62271,0.91143,3.81159
6,277,0.16183,0.87152,0.97176,3.79783
6,278,-1.29204,0.19705,0.68706,3.78417
6,279,0.22984,0.81833,0.96403,3.77061
6,280,-0.44819,0.65425,0.92144,3.75714
6,281,-1.46648,0.14326,0.62658,3.74377
6,282,-0.55254,0.58087,0.89726,3.7305
6,283,1.78097,0.07564,0.54007,3.71731
6,284,-2.2761,0.02334,0.38075,3.70423
6,285,1.70547,0.08884,0.56015,3.69123
6,286,-0.52932,0.59686,0.90362,3.67832
6,287,1.20988,0.227,0.71601,3.66551
6,288,-0.09301,0.92594,0.98429,3.65278
6,289,0.04469,0.96437,0.99454,3.64014
6,290,0.63998,0.52253,0.88029,3.62759
6,291,-0.81205,0.41722,0.83495,3.61512
6,292,-0.48242,0.62976,0.91452,3.60274
6,293,1.00229,0.31678,0.77662,3.59044
6,294,-0.03148,0.97491,0.99577,3.57823
6,295,1.13642,0.25643,0.73761,3.5661
6,296,1.27422,0.20329,0.69219,3.55405
6,297,1.14367,0.25341,0.73541,3.54209
6,298,0.76046,0.44741,0.8482,3.5302
6,299,0.18891,0.85025,0.96747,3.51839
6,300,0.59004,0.55548,0.89335,3.50667
6,301,-1.69111,0.09155,0.56328,3.49502
6,302,-1.80512,0.07177,0.53449,3.48344
6,303,-0.28828,0.77327,0.95419,3.47195
6,304,-0.31946,0.74953,0.94608,3.46053
6,305,-0.06102,0.95138,0.99079,3.44918
6,306,0.82433,0.41022,0.83153,3.43791
6,307,-1.59456,0.11156,0.58787,3.42671
6,308,-0.50443,0.61422,0.90888,3.41558
6,309,-1.02264,0.30706,0.77074,3.40453
6,310,-1.55579,0.12051,0.59759,3.39355
6,311,1.90502,0.05746,0.49269,3.38264
6,312,-0.84171,0.40043,0.82706,3.37179
6,313,-1.39058,0.16508,0.65452,3.36102
6,314,-0.19532,0.84523,0.96616,3.35032
6,315,-0.58105,0.56151,0.89408,3.33968
6,316,-0.3065,0.75938,0.94841,3.32911
6,317,0.21897,0.82678,0.96518,3.31861
6,318,-0.73668,0.46173,0.85569,3.30818
6,319,1.7047,0.08899,0.56015,3.29781
6,320,-0.13773,0.89052,0.97499,3.2875
6,321,-0.16967,0.86535,0.97079,3.27726
6,322,0.64925,0.51653,0.87796,3.26708
6,323,0.93352,0.35109,0.79626,3.25697
6,324,-1.5652,0.11828,0.59568,3.24691
6,325,1.47209,0.14174,0.62293,3.23692
6,326,-0.33956,0.73436,0.94272,3.22699
6,327,0.65517,0.51272,0.876,3.21713
6,328,0.15253,0.87884,0.97313,3.20732
6,329,-1.43323,0.15253,0.64113,3.19757
6,330,-0.2342,0.81494,0.96365,3.18788
6,331,0.21255,0.83178,0.96518,3.17825
6,332,1.87081,0.06206,0.51075,3.16867
6,333,1.05005,0.2943,0.76793,3.15916
6,334,-0.97372,0.33075,0.78284,3.1497
6,335,0.61863,0.53649,0.88963,3.1403
6,336,0.58484,0.55897,0.89335,3.13095
6,337,2.8092,0.0052,0.27088,3.12166
6,338,-1.00113,0.31734,0.77662,3.11243
6,339,1.39905,0.16253,0.65116,3.10324
6,340,-0.45757,0.6475,0.92016,3.09412
6,341,-0.64523,0.51913,0.87859,3.08504
6,342,-0.85774,0.39152,0.82185,3.07602
6,343,-1.59493,0.11148,0.58787,3.06706
6,344,0.41397,0.67911,0.92941,3.05814
6,345,0.97615,0.32955,0.78208,3.04928
6,346,-0.7621,0.44642,0.84793,3.04046
6,347,-0.87635,0.38134,0.81452,3.0317
6,348,-3.00678,0.0028,0.23729,3.02299
6,349,1.0593,0.29007,0.76572,3.01433
6,350,-0.80018,0.42406,0.83948,3.00571
6,351,-0.13577,0.89207,0.97582,2.99715
6,352,1.30701,0.19192,0.68347,2.98864
6,353,-0.9435,0.34597,0.79312,2.98017
6,354,1.07161,0.28451,0.76187,2.97175
6,355,-0.13319,0.8941,0.97649,2.96338
6,356,-0.40871,0.68296,0.93098,2.95506
6,357,0.58629,0.55799,0.89335,2.94678
6,358,-0.27217,0.78562,0.95761,2.93855
6,359,-1.20942,0.22718,0.71601,2.93036
6,360,1.21642,0.22451,0.71481,2.92222
6,361,-1.00089,0.31746,0.77662,2.91413
6,362,-2.63124,0.00882,0.30223,2.90608
6,363,1.32202,0.18688,0.67596,2.89807
6,364,-1.31032,0.1908,0.6819,2.89011
6,365,-0.77423,0.43923,0.84461,2.88219
6,366,-0.20326,0.83903,0.96568,2.87432
6,367,-1.19788,0.23164,0.71875,2.86649
6,368,0.1729,0.86282,0.97045,2.8587
6,369,1.80434,0.07189,0.53449,2.85095
6,370,1.66844,0.09597,0.56706,2.84324
6,371,-1.30592,0.19229,0.68357,2.83558
6,372,-2.60909,0.0094,0.30543,2.82796
6,373,-2.17413,0.03025,0.41525,2.82038
6,374,-1.11768,0.26434,0.74606,2.81283
6,375,-0.31836,0.75037,0.94608,2.80533
6,376,-0.5573,0.57762,0.89726,2.79787
6,377,0.67331,0.50112,0.87235,2.79045
6,378,2.05402,0.04059,0.46104,2.78307
6,379,0.06204,0.95056,0.99079,2.77573
6,380,0.47132,0.63765,0.91696,2.76842
6,381,-0.1017,0.91904,0.98251,2.76115
6,382,1.11118,0.26712,0.74887,2.75393
6,383,-0.96812,0.33354,0.78502,2.74674
6,384,0.81843,0.41357,0.83237,2.73958
6,385,1.63536,0.10272,0.57574,2.73247
6,386,-0.76395,0.44532,0.84791,2.72539
6,387,-0.43583,0.66318,0.92432,2.71835
6,388,0.70125,0.48353,0.86684,2.71134
6,389,-0.00219,0.99825,0.99887,2.70437
6,390,0.41843,0.67585,0.9288,2.69744
6,391,2.12513,0.03416,0.43638,2.69054
6,392,-0.27662,0.78221,0.95754,2.68367
6,393,2.66117,0.00808,0.29599,2.67684
6,394,1.10296,0.27067,0.74908,2.67005
6,395,1.43334,0.1525,0.64113,2.66329
6,396,-2.14182,0.03278,0.42911,2.65657
6,397,-1.26027,0.20827,0.69615,2.64987
6,398,-1.03746,0.30012,0.76908,2.64322
6,399,1.15589,0.24838,0.73099,2.63659
6,400,-0.57502,0.56559,0.89423,2.63
6,401,-0.76417,0.44519,0.84791,2.62344
6,402,0.48123,0.6306,0.91508,2.61692
6,403,1.70651,0.08865,0.56015,2.61042
6,404,0.27459,0.78377,0.95754,2.60396
6,405,0.7506,0.45331,0.85108,2.59753
6,406,0.40754,0.68382,0.93105,2.59113
6,407,0.12146,0.90339,0.97944,2.58477
6,408,1.44999,0.14781,0.63432,2.57843
6,409,-0.33447,0.73819,0.9433,2.57213
6,410,0.44236,0.65846,0.92313,2.56585
6,411,-1.18716,0.23583,0.72392,2.55961
6,412,-0.9565,0.33937,0.7881,2.5534
6,413,1.07988,0.28081,0.75927,2.54722
6,414,2.15874,0.03143,0.42053,2.54106
6,415,2.40429,0.01663,0.34896,2.53494
6,416,0.6748,0.50017,0.87184,2.52885
6,417,-1.04014,0.29887,0.76889,2.52278
6,418,-0.30907,0.75742,0.94783,2.51675
6,419,0.56009,0.57571,0.89726,2.51074
6,420,-0.04069,0.96757,0.99543,2.50476
6,421,-1.43694,0.15148,0.63944,2.49881
6,422,-0.98687,0.32427,0.77863,2.49289
6,423,0.00645,0.99486,0.99838,2.487
6,424,-0.28339,0.77702,0.95522,2.48113
6,425,-0.38999,0.69674,0.93381,2.47529
6,426,-0.69971,0.4845,0.86768,2.46948
6,427,-1.38205,0.16769,0.65567,2.4637
6,428,0.59951,0.54915,0.89184,2.45794
6,429,-0.33875,0.73497,0.94272,2.45221
6,430,1.11544,0.2653,0.74706,2.44651
6,431,0.33949,0.73441,0.94272,2.44084
6,432,0.46569,0.64168,0.91886,2.43519
6,433,-0.10807,0.91399,0.98058,2.42956
6,434,1.50728,0.13249,0.61376,2.42396
6,435,0.06411,0.94892,0.99058,2.41839
6,436,0.83909,0.40189,0.82752,2.41284
6,437,-1.51667,0.1301,0.61043,2.40732
6,438,0.45493,0.64939,0.92112,2.40183
6,439,0.03344,0.97334,0.99544,2.39636
6,440,0.86018,0.39018,0.8211,2.39091
6,441,0.90018,0.36854,0.80606,2.38549
6,442,-0.15901,0.87373,0.97258,2.38009
6,443,0.13319,0.89411,0.97649,2.37472
6,444,0.55387,0.57996,0.89726,2.36937
6,445,-0.55867,0.57668,0.89726,2.36404
6,446,-0.14127,0.88772,0.97353,2.35874
6,447,0.1792,0.85786,0.96795,2.35347
6,448,-0.68152,0.49592,0.87129,2.34821
6,449,0.51282,0.60835,0.90679,2.34298
6,450,-0.84688,0.39754,0.82649,2.33778
6,451,-3.81516,0.00016,0.10669,2.33259
6,452,0.06724,0.94643,0.98944,2.32743
6,453,-1.1975,0.23178,0.71876,2.3223
6,454,-0.77401,0.43936,0.84461,2.31718
6,455,0.2508,0.80209,0.96257,2.31209
6,456,2.58903,0.00996,0.30691,2.30702
6,457,0.71412,0.47555,0.86316,2.30197
6,458,1.46002,0.14503,0.62938,2.29694
6,459,-1.43294,0.15262,0.64116,2.29194
6,460,-0.44999,0.65295,0.92144,2.28696
6,461,0.39102,0.69598,0.93358,2.282
6,462,1.96236,0.05038,0.48679,2.27706
6,463,0.09854,0.92155,0.98322,2.27214
6,464,-0.94039,0.34755,0.79358,2.26724
6,465,1.7892,0.0743,0.53906,2.26237
6,466,2.39201,0.01719,0.35131,2.25751
6,467,2.10535,0.03585,0.44509,2.25268
6,468,-1.91401,0.05629,0.4906,2.24786
6,469,-0.03031,0.97584,0.99579,2.24307
6,470,0.52048,0.603,0.90529,2.2383
6,471,-0.94248,0.34649,0.79312,2.23355
6,472,-0.31221,0.75503,0.94722,2.22881
6,473,-2.61233,0.00931,0.30543,2.2241
6,474,-1.44658,0.14876,0.63703,2.21941
6,475,-0.10827,0.91383,0.98058,2.21474
6,476,0.30321,0.76188,0.94843,2.21008
6,477,0.61234,0.54064,0.89022,2.20545
6,478,-0.90494,0.36602,0.8052,2.20084
6,479,-0.80188,0.42307,0.83869,2.19624
6,480,-0.18861,0.85049,0.96747,2.19167
6,481,1.05921,0.29011,0.76572,2.18711
6,482,-0.61006,0.54215,0.89022,2.18257
6,483,0.65787,0.51098,0.87496,2.17805
6,484,-1.60639,0.10894,0.58778,2.17355
6,485,-1.82629,0.06851,0.52564,2.16907
6,486,-0.67919,0.49739,0.87129,2.16461
6,487,0.53765,0.5911,0.90225,2.16016
6,488,2.45946,0.01431,0.33508,2.15574
6,489,-0.83939,0.40172,0.82752,2.15133
6,490,-0.09046,0.92796,0.98429,2.14694
6,491,-1.15893,0.24714,0.73099,2.14257
6,492,-0.43317,0.66511,0.92531,2.13821
6,493,-0.70652,0.48025,0.86565,2.13387
6,494,0.6338,0.52655,0.88294,2.12955
6,495,-2.00618,0.04547,0.48066,2.12525
6,496,-0.37205,0.71004,0.93669,2.12097
6,497,0.13316,0.89413,0.97649,2.1167
6,498,-1.29172,0.19716,0.68706,2.11245
6,499,-0.74409,0.45723,0.85363,2.10822
6,500,-0.19084,0.84874,0.96747,2.104
6,501,-2.89924,0.00394,0.2528,2.0998
6,502,0.4139,0.67916,0.92941,2.09562
6,503,2.27223,0.02358,0.38075,2.09145
6,504,-0.74424,0.45714,0.85363,2.0873
6,505,0.06987,0.94433,0.9889,2.08317
6,506,-0.9949,0.32035,0.77752,2.07905
6,507,1.05112,0.29381,0.76742,2.07495
6,508,2.33722,0.01989,0.36666,2.07087
6,509,1.36265,0.17372,0.66497,2.0668
6,510,1.07794,0.28168,0.7598,2.06275
6,511,-0.55577,0.57866,0.89726,2.05871
6,512,0.37198,0.7101,0.93669,2.05469
6,513,0.09589,0.92366,0.98381,2.05068
6,514,-0.71297,0.47626,0.86385,2.04669
6,515,-0.78934,0.43036,0.84184,2.04272
6,516,-1.57328,0.1164,0.59424,2.03876
6,517,0.69149,0.48964,0.86996,2.03482
6,518,-0.51889,0.60411,0.90529,2.03089
6,519,-0.08808,0.92985,0.98482,2.02697
6,520,-1.12017,0.26328,0.74467,2.02308
6,521,-0.2756,0.78299,0.95754,2.01919
6,522,-0.59183,0.55428,0.89335,2.01533
6,523,1.02895,0.30409,0.7706,2.01147
6,524,0.40971,0.68223,0.93071,2.00763
6,525,-0.49731,0.61923,0.9102,2.00381
6,526,0.16509,0.86896,0.97086,2.0
7,1,-1.9279,0.05454,0.48774,934.0
7,2,-0.11359,0.90961,0.98056,467.0
7,3,-0.27029,0.78707,0.95761,311.33333
7,4,1.99631,0.04654,0.48264,233.5
7,5,-1.67032,0.0956,0.56706,186.8
7,6,-1.10391,0.27026,0.74908,155.66667
7,7,-0.34596,0.72955,0.94112,133.42857
7,8,0.56456,0.57268,0.89698,116.75
7,9,-2.64907,0.00837,0.29717,103.77778
7,10,1.0694,0.2855,0.76187,93.4
7,11,-1.68007,0.09368,0.56485,84.90909
7,12,-1.95517,0.05122,0.48723,77.83333
7,13,0.28722,0.77408,0.95419,71.84615
7,14,0.80685,0.42021,0.8375,66.71429
7,15,0.7593,0.44809,0.84873,62.26667
7,16,-1.29553,0.19585,0.68602,58.375
7,17,-0.67197,0.50197,0.87235,54.94118
7,18,1.63494,0.10281,0.57574,51.88889
7,19,-0.86633,0.3868,0.81816,49.15789
7,20,-3.46571,0.00058,0.14153,46.7
7,21,1.66148,0.09736,0.56975,44.47619
7,22,-1.93407,0.05377,0.48774,42.45455
7,23,-3.1755,0.00161,0.18491,40.6087
7,24,0.7592,0.44816,0.84873,38.91667
7,25,0.13014,0.89652,0.97728,37.36
7,26,-0.81293,0.41671,0.83468,35.92308
7,27,-0.07164,0.94292,0.98845,34.59259
7,28,-1.36085,0.17429,0.66497,33.35714
7,29,1.32914,0.18452,0.67476,32.2069
7,30,0.01949,0.98446,0.99631,31.13333
7,31,0.17926,0.85782,0.96795,30.12903
7,32,0.69772,0.48574,0.86914,29.1875
7,33,1.15771,0.24764,0.73099,28.30303
7,34,0.93813,0.34871,0.79468,27.47059
7,35,0.64025,0.52236,0.88029,26.68571
7,36,0.09034,0.92806,0.98429,25.94444
7,37,1.152,0.24997,0.73285,25.24324
7,38,1.99262,0.04695,0.48289,24.57895
7,39,2.57136,0.01047,0.30962,23.94872
7,40,0.3723,0.70985,0.93669,23.35
7,41,-2.49743,0.01289,0.32572,22.78049
7,42,-1.41508,0.15778,0.64664,22.2381
7,43,1.35172,0.17719,0.66664,21.72093
7,44,3.14338,0.00179,0.18633,21.22727
7,45,1.60732,0.10873,0.58777,20.75556
7,46,-1.78033,0.07574,0.54013,20.30435
7,47,-0.13247,0.89468,0.97687,19.87234
7,48,-0.75764,0.44909,0.84873,19.45833
7,49,1.48502,0.13828,0.62034,19.06122
7,50,-0.57732,0.56403,0.89408,18.68
7,51,0.94737,0.34399,0.79189,18.31373
7,52,1.02902,0.30406,0.7706,17.96154
7,53,0.57665,0.56449,0.89408,17.62264
7,54,-2.37392,0.01805,0.35611,17.2963
7,55,-0.8497,0.39598,0.82536,16.98182
7,56,0.22943,0.81865,0.96403,16.67857
7,57,-0.7515,0.45277,0.85061,16.38596
7,58,-2.33247,0.02015,0.36787,16.10345
7,59,-0.30328,0.76182,0.94843,15.83051
7,60,0.96583,0.33468,0.78502,15.56667
7,61,0.03347,0.97331,0.99544,15.31148
7,62,0.02182,0.98261,0.99628,15.06452
7,63,-0.2839,0.77663,0.95522,14.8254
7,64,0.61756,0.5372,0.8901,14.59375
7,65,-1.03739,0.30015,0.76908,14.36923
7,66,-0.38862,0.69776,0.93407,14.15152
7,67,0.86792,0.38593,0.81766,13.9403
7,68,-1.99714,0.04645,0.48234,13.73529
7,69,1.57248,0.11659,0.59424,13.53623
7,70,0.3163,0.75193,0.94665,13.34286
7,71,3.04338,0.00249,0.21904,13.15493
7,72,-0.09128,0.92731,0.98429,12.97222
7,73,-0.55347,0.58024,0.89726,12.79452
7,74,-0.83745,0.40282,0.82857,12.62162
7,75,-0.5711,0.56824,0.89517,12.45333
7,76,0.46396,0.64292,0.9191,12.28947
7,77,1.50731,0.13248,0.61376,12.12987
7,78,-1.62058,0.10585,0.57945,11.97436
7,79,3.04411,0.00248,0.21904,11.82278
7,80,0.3966,0.69186,0.93358,11.675
7,81,1.53926,0.12449,0.60265,11.53086
7,82,-1.32112,0.18718,0.67596,11.39024
7,83,-0.21694,0.82836,0.96518,11.25301
7,84,-0.16015,0.87284,0.97249,11.11905
7,85,-0.30346,0.76169,0.94843,10.98824
7,86,-1.99355,0.04684,0.48289,10.86047
7,87,2.16095,0.03126,0.41934,10.73563
7,88,0.07575,0.93966,0.98804,10.61364
7,89,-1.66653,0.09635,0.56706,10.49438
7,90,-0.31683,0.75153,0.94658,10.37778
7,91,0.55965,0.57601,0.89726,10.26374
7,92,0.0963,0.92333,0.98379,10.15217
7,93,0.22564,0.82159,0.96403,10.04301
7,94,0.37346,0.709,0.93669,9.93617
7,95,-1.41228,0.15861,0.64724,9.83158
7,96,-0.37848,0.70526,0.93651,9.72917
7,97,1.60418,0.10942,0.58787,9.62887
7,98,-0.23498,0.81434,0.96348,9.53061
7,99,-2.07821,0.03829,0.44944,9.43434
7,100,0.56952,0.5693,0.89554,9.34
7,101,0.45866,0.64671,0.92016,9.24752
7,102,-1.41831,0.15684,0.64657,9.15686
7,103,1.81417,0.07036,0.53204,9.06796
7,104,1.5183,0.12969,0.60986,8.98077
7,105,-0.19832,0.84289,0.96568,8.89524
7,106,0.45786,0.64729,0.92016,8.81132
7,107,-1.84632,0.06555,0.51909,8.72897
7,108,-0.58552,0.55851,0.89335,8.64815
7,109,2.31804,0.02092,0.37167,8.56881
7,110,0.66193,0.50838,0.87411,8.49091
7,111,1.48977,0.13703,0.61902,8.41441
7,112,-0.19792,0.8432,0.96568,8.33929
7,113,1.6368,0.10242,0.57574,8.26549
7,114,-1.09878,0.27249,0.75057,8.19298
7,115,0.16429,0.86958,0.97086,8.12174
7,116,0.30972,0.75693,0.94765,8.05172
7,117,2.0382,0.04215,0.4697,7.98291
7,118,-0.38742,0.69864,0.93417,7.91525
7,119,0.37933,0.70464,0.9363,7.84874
7,120,0.0726,0.94216,0.98845,7.78333
7,121,-0.87301,0.38316,0.81545,7.71901
7,122,0.28632,0.77477,0.95419,7.65574
7,123,2.24287,0.02542,0.38606,7.5935
7,124,-0.1305,0.89623,0.97728,7.53226
7,125,-1.53004,0.12676,0.60533,7.472
7,126,2.2266,0.0265,0.39347,7.4127
7,127,0.68584,0.49319,0.87059,7.35433
7,128,0.99727,0.3192,0.77725,7.29688
7,129,2.04621,0.04135,0.46709,7.24031
7,130,-1.42575,0.15468,0.64407,7.18462
7,131,-1.72011,0.08615,0.55776,7.12977
7,132,1.38948,0.16542,0.65528,7.07576
7,133,1.38593,0.1665,0.65567,7.02256
7,134,0.04271,0.96596,0.99522,6.97015
7,135,-1.89262,0.05909,0.4993,6.91852
7,136,-0.69767,0.48577,0.86914,6.86765
7,137,0.74151,0.4588,0.85484,6.81752
7,138,0.3226,0.74716,0.9458,6.76812
7,139,-0.87929,0.37974,0.81316,6.71942
7,140,1.9347,0.05369,0.48774,6.67143
7,141,0.49278,0.62243,0.91143,6.62411
7,142,0.11075,0.91187,0.98058,6.57746
7,143,-0.28026,0.77942,0.95652,6.53147
7,144,2.20765,0.02781,0.40079,6.48611
7,145,0.53461,0.5932,0.90316,6.44138
7,146,-0.72576,0.46839,0.86061,6.39726
7,147,2.34066,0.01971,0.36666,6.35374
7,148,1.13866,0.25549,0.737,6.31081
7,149,0.67692,0.49883,0.87129,6.26846
7,150,1.11017,0.26756,0.74893,6.22667
7,151,1.76622,0.07808,0.54413,6.18543
7,152,2.08136,0.038,0.44944,6.14474
7,153,-0.47634,0.63408,0.91589,6.10458
7,154,-1.77483,0.07665,0.54281,6.06494
7,155,-3.21018,0.00143,0.18491,6.02581
7,156,-0.63018,0.52892,0.88408,5.98718
7,157,-1.02602,0.30547,0.7706,5.94904
7,158,2.66568,0.00798,0.2957,5.91139
7,159,0.14514,0.88467,0.97334,5.87421
7,160,1.96192,0.05043,0.48679,5.8375
7,161,0.90589,0.36551,0.8052,5.80124
7,162,-2.237,0.02581,0.38894,5.76543
7,163,-1.67301,0.09507,0.56649,5.73006
7,164,-1.94824,0.05205,0.48723,5.69512
7,165,-1.15708,0.24789,0.73099,5.66061
7,166,1.29168,0.19717,0.68706,5.62651
7,167,0.25894,0.79581,0.96021,5.59281
7,168,-0.6753,0.49985,0.8715,5.55952
7,169,0.69231,0.48912,0.86994,5.52663
7,170,1.93105,0.05415,0.48774,5.49412
7,171,-1.94019,0.05302,0.48723,5.46199
7,172,-0.06096,0.95142,0.99079,5.43023
7,173,0.11531,0.90826,0.98056,5.39884
7,174,-1.30647,0.1921,0.68357,5.36782
7,175,0.22539,0.82178,0.96403,5.33714
7,176,1.42755,0.15416,0.64321,5.30682
7,177,-0.4359,0.66313,0.92432,5.27684
7,178,0.31691,0.75147,0.94658,5.24719
7,179,0.41471,0.67857,0.92941,5.21788
7,180,-0.28921,0.77256,0.95404,5.18889
7,181,1.23853,0.21621,0.7066,5.16022
7,182,0.2963,0.76715,0.95063,5.13187
7,183,0.18867,0.85044,0.96747,5.10383
7,184,0.59713,0.55074,0.89251,5.07609
7,185,-0.42729,0.66938,0.92737,5.04865
7,186,-2.39385,0.01711,0.35131,5.02151
7,187,-0.98313,0.32611,0.78008,4.99465
7,188,-1.21979,0.22322,0.71415,4.96809
7,189,-0.934,0.35084,0.7961,4.9418
7,190,-1.74001,0.08259,0.55096,4.91579
7,191,0.44384,0.65738,0.92275,4.89005
7,192,-0.36068,0.71852,0.93941,4.86458
7,193,1.49778,0.13494,0.61616,4.83938
7,194,0.28945,0.77238,0.95404,4.81443
7,195,1.04147,0.29825,0.76889,4.78974
7,196,1.11354,0.26611,0.74795,4.76531
7,197,-1.41522,0.15774,0.64664,4.74112
7,198,-1.16803,0.24345,0.72804,4.71717
7,199,0.79251,0.42851,0.84176,4.69347
7,200,0.11228,0.91066,0.98058,4.67
7,201,0.64689,0.51805,0.87796,4.64677
7,202,-0.57825,0.5634,0.89408,4.62376
7,203,-1.36896,0.17174,0.66253,4.60099
7,204,0.64796,0.51737,0.87796,4.57843
7,205,1.09496,0.27416,0.75186,4.5561
7,206,0.70873,0.47888,0.86484,4.53398
7,207,-1.56219,0.11899,0.59658,4.51208
7,208,0.5647,0.57258,0.89698,4.49038
7,209,-0.11688,0.90701,0.98053,4.4689
7,210,1.40426,0.16098,0.6501,4.44762
7,211,0.74986,0.45376,0.85131,4.42654
7,212,0.92837,0.35374,0.79845,4.40566
7,213,-2.01014,0.04505,0.4791,4.38498
7,214,-0.79342,0.42798,0.84174,4.36449
7,215,0.52326,0.60107,0.90529,4.34419
7,216,-1.0124,0.31193,0.77362,4.32407
7,217,0.66328,0.50751,0.8738,4.30415
7,218,-0.4904,0.6241,0.91147,4.2844
7,219,-1.66216,0.09722,0.56929,4.26484
7,220,-0.34682,0.7289,0.94112,4.24545
7,221,2.17277,0.03035,0.41555,4.22624
7,222,-0.81774,0.41397,0.83253,4.20721
7,223,0.26381,0.79206,0.95818,4.18834
7,224,-0.67888,0.49758,0.87129,4.16964
7,225,-0.04189,0.9666,0.99522,4.15111
7,226,-0.14012,0.88864,0.9741,4.13274
7,227,1.26243,0.20749,0.6959,4.11454
7,228,1.92423,0.055,0.48835,4.09649
7,229,0.23313,0.81577,0.96366,4.0786
7,230,-1.06726,0.28647,0.7626,4.06087
7,231,-1.83223,0.06762,0.52335,4.04329
7,232,1.57012,0.11714,0.59441,4.02586
7,233,-0.55401,0.57986,0.89726,4.00858
7,234,-1.34069,0.18074,0.67042,3.99145
7,235,0.84472,0.39874,0.82649,3.97447
7,236,-1.10417,0.27015,0.74908,3.95763
7,237,1.2645,0.20675,0.69506,3.94093
7,238,0.40072,0.68883,0.93358,3.92437
7,239,0.66861,0.50411,0.87243,3.90795
7,240,-0.74646,0.45581,0.85267,3.89167
7,241,0.75765,0.44908,0.84873,3.87552
7,242,0.39185,0.69537,0.93358,3.8595
7,243,-1.53219,0.12622,0.60495,3.84362
7,244,0.37439,0.7083,0.93669,3.82787
7,245,0.42285,0.67262,0.92832,3.81224
7,246,-0.90857,0.3641,0.8052,3.79675
7,247,0.67828,0.49796,0.87129,3.78138
7,248,-0.11864,0.90561,0.98004,3.76613
7,249,-0.33034,0.74131,0.94388,3.751
7,250,-2.27177,0.0236,0.38075,3.736
7,251,-1.15385,0.24922,0.73178,3.72112
7,252,-2.08822,0.03738,0.44897,3.70635
7,253,1.00652,0.31474,0.77555,3.6917
7,254,0.21747,0.82795,0.96518,3.67717
7,255,0.03088,0.97538,0.99579,3.66275
7,256,1.26138,0.20787,0.69615,3.64844
7,257,-0.27503,0.78343,0.95754,3.63424
7,258,-1.07684,0.28217,0.76005,3.62016
7,259,0.50676,0.61259,0.90821,3.60618
7,260,-0.54324,0.58725,0.90032,3.59231
7,261,-0.60588,0.54492,0.89022,3.57854
7,262,-1.30605,0.19225,0.68357,3.56489
7,263,-0.02428,0.98064,0.99628,3.55133
7,264,0.40327,0.68696,0.93288,3.53788
7,265,-0.57016,0.56887,0.8955,3.52453
7,266,0.26148,0.79385,0.95919,3.51128
7,267,0.69351,0.48837,0.86994,3.49813
7,268,-2.65139,0.00832,0.29622,3.48507
7,269,0.10822,0.91387,0.98058,3.47212
7,270,0.93804,0.34876,0.79468,3.45926
7,271,1.84512,0.06572,0.51909,3.44649
7,272,-1.55831,0.11991,0.59668,3.43382
7,273,0.47722,0.63345,0.91588,3.42125
7,274,1.65979,0.0977,0.57034,3.40876
7,275,-0.27552,0.78306,0.95754,3.39636
7,276,1.04109,0.29843,0.76889,3.38406
7,277,-0.54352,0.58706,0.90032,3.37184
7,278,-1.17803,0.23945,0.72606,3.35971
7,279,0.16429,0.86958,0.97086,3.34767
7,280,0.19908,0.8423,0.96568,3.33571
7,281,-0.53516,0.59282,0.90316,3.32384
7,282,-0.40054,0.68896,0.93358,3.31206
7,283,2.42117,0.01589,0.34496,3.30035
7,284,2.84731,0.00462,0.2706,3.28873
7,285,1.78993,0.07418,0.53906,3.27719
7,286,-1.29567,0.1958,0.68602,3.26573
7,287,0.12187,0.90306,0.97918,3.25436
7,288,-0.55606,0.57846,0.89726,3.24306
7,289,-0.44008,0.6601,0.92364,3.23183
7,290,1.42373,0.15526,0.64463,3.22069
7,291,1.6605,0.09756,0.57024,3.20962
7,292,-1.51169,0.13136,0.61178,3.19863
7,293,-0.41847,0.67582,0.9288,3.18771
7,294,1.76358,0.07853,0.54426,3.17687
7,295,0.657,0.51154,0.87533,3.1661
7,296,-0.72227,0.47053,0.86191,3.15541
7,297,0.64466,0.5195,0.87859,3.14478
7,298,-2.76868,0.00588,0.28067,3.13423
7,299,-0.13392,0.89353,0.97636,3.12375
7,300,-0.02326,0.98145,0.99628,3.11333
7,301,0.70957,0.47836,0.86484,3.10299
7,302,0.16783,0.8668,0.97086,3.09272
7,303,-0.86986,0.38487,0.817,3.08251
7,304,-0.48959,0.62468,0.91208,3.07237
7,305,0.89468,0.37147,0.80824,3.0623
7,306,-1.35323,0.17671,0.66572,3.05229
7,307,0.32908,0.74226,0.94435,3.04235
7,308,1.42095,0.15607,0.64547,3.03247
7,309,-3.5432,0.00044,0.13321,3.02265
7,310,-1.14518,0.25278,0.73541,3.0129
7,311,-1.17096,0.24228,0.72763,3.00322
7,312,-0.63134,0.52816,0.88382,2.99359
7,313,0.74604,0.45606,0.85272,2.98403
7,314,-1.50425,0.13326,0.61424,2.97452
7,315,-0.06454,0.94857,0.99058,2.96508
7,316,-0.92572,0.35512,0.79882,2.9557
7,317,0.48607,0.62717,0.91329,2.94637
7,318,-1.91833,0.05574,0.4906,2.93711
7,319,-0.40432,0.68618,0.93233,2.9279
7,320,0.98415,0.3256,0.77987,2.91875
7,321,0.12016,0.90442,0.9797,2.90966
7,322,-1.0175,0.3095,0.77185,2.90062
7,323,-2.46208,0.01421,0.33508,2.89164
7,324,-0.22923,0.8188,0.96403,2.88272
7,325,0.34205,0.73249,0.94204,2.87385
7,326,-0.6109,0.54159,0.89022,2.86503
7,327,-0.16332,0.87034,0.97086,2.85627
7,328,1.12699,0.26039,0.74248,2.84756
7,329,-0.54241,0.58782,0.90041,2.83891
7,330,0.27287,0.78509,0.95761,2.8303
7,331,-0.58254,0.56052,0.89388,2.82175
7,332,0.43822,0.66145,0.92403,2.81325
7,333,0.28328,0.7771,0.95522,2.8048
7,334,1.12808,0.25993,0.7419,2.79641
7,335,-2.01469,0.04457,0.47805,2.78806
7,336,-0.10734,0.91457,0.98099,2.77976
7,337,-0.7773,0.43742,0.84461,2.77151
7,338,-0.53684,0.59166,0.90291,2.76331
7,339,-0.89766,0.36988,0.80675,2.75516
7,340,-2.76077,0.00602,0.28273,2.74706
7,341,-0.89008,0.37393,0.81032,2.739
7,342,-0.63668,0.52468,0.88114,2.73099
7,343,-1.24062,0.21543,0.70609,2.72303
7,344,-0.10543,0.91609,0.98165,2.71512
7,345,0.35415,0.7234,0.94112,2.70725
7,346,-0.73732,0.46134,0.85569,2.69942
7,347,-1.5572,0.12017,0.59668,2.69164
7,348,0.06942,0.94469,0.98896,2.68391
7,349,-1.09891,0.27243,0.75057,2.67622
7,350,0.36142,0.71797,0.93917,2.66857
7,351,-0.15727,0.87511,0.97263,2.66097
7,352,0.65858,0.51052,0.87496,2.65341
7,353,-2.18434,0.02949,0.41039,2.64589
7,354,1.02483,0.30603,0.77066,2.63842
7,355,-0.33043,0.74124,0.94388,2.63099
7,356,1.09683,0.27334,0.75136,2.6236
7,357,1.56043,0.11941,0.59659,2.61625
7,358,0.2283,0.81952,0.96403,2.60894
7,359,0.85848,0.39111,0.82185,2.60167
7,360,-0.0243,0.98063,0.99628,2.59444
7,361,-0.56811,0.57026,0.89593,2.58726
7,362,-0.15949,0.87336,0.97249,2.58011
7,363,-2.33515,0.02,0.36729,2.573
7,364,0.58273,0.56039,0.89388,2.56593
7,365,1.39469,0.16384,0.65199,2.5589
7,366,-1.80275,0.07214,0.53475,2.55191
7,367,-0.56225,0.57425,0.89726,2.54496
7,368,-1.03567,0.30095,0.76908,2.53804
7,369,-1.18485,0.23674,0.72503,2.53117
7,370,-1.07276,0.28399,0.76187,2.52432
7,371,-0.21968,0.82623,0.96518,2.51752
7,372,-0.32476,0.74553,0.94546,2.51075
7,373,-0.74782,0.45498,0.85263,2.50402
7,374,-1.2749,0.20305,0.69219,2.49733
7,375,0.09816,0.92186,0.98322,2.49067
7,376,-2.69173,0.00739,0.29202,2.48404
7,377,-0.62288,0.5337,0.88694,2.47745
7,378,1.6353,0.10273,0.57574,2.4709
7,379,-1.17417,0.24099,0.72659,2.46438
7,380,-0.45804,0.64716,0.92016,2.45789
7,381,-0.29606,0.76733,0.95063,2.45144
7,382,0.8932,0.37226,0.80824,2.44503
7,383,-0.91523,0.36059,0.80241,2.43864
7,384,0.34961,0.72681,0.94112,2.43229
7,385,1.75116,0.08064,0.54823,2.42597
7,386,0.05556,0.95572,0.99241,2.41969
7,387,-1.02248,0.30714,0.77074,2.41344
7,388,-2.5188,0.01214,0.3173,2.40722
7,389,1.09281,0.2751,0.75287,2.40103
7,390,-1.15624,0.24824,0.73099,2.39487
7,391,-0.49145,0.62336,0.91147,2.38875
7,392,0.79113,0.42931,0.84177,2.38265
7,393,1.03302,0.30219,0.7697,2.37659
7,394,-1.53894,0.12457,0.60265,2.37056
7,395,-0.40311,0.68707,0.93291,2.36456
7,396,-1.04408,0.29705,0.76877,2.35859
7,397,-0.77212,0.44047,0.84478,2.35264
7,398,0.43549,0.66343,0.92439,2.34673
7,399,-0.57475,0.56577,0.89423,2.34085
7,400,-1.39945,0.16241,0.65116,2.335
7,401,0.02548,0.97968,0.99628,2.32918
7,402,1.26654,0.20602,0.69391,2.32338
7,403,-2.29318,0.02233,0.37883,2.31762
7,404,0.96713,0.33403,0.78502,2.31188
7,405,1.01471,0.31082,0.77349,2.30617
7,406,1.59564,0.11132,0.58787,2.30049
7,407,1.992,0.04702,0.48289,2.29484
7,408,-0.33914,0.73467,0.94272,2.28922
7,409,1.60451,0.10935,0.58787,2.28362
7,410,0.14969,0.88108,0.97334,2.27805
7,411,0.54258,0.58771,0.90041,2.27251
7,412,2.37328,0.01808,0.35611,2.26699
7,413,-1.36304,0.1736,0.66497,2.2615
7,414,-1.3833,0.1673,0.65567,2.25604
7,415,-0.80979,0.41852,0.83561,2.2506
7,416,0.39249,0.69489,0.93358,2.24519
7,417,0.79389,0.42771,0.84163,2.23981
7,418,-1.95177,0.05163,0.48723,2.23445
7,419,1.3226,0.18668,0.67585,2.22912
7,420,-0.91269,0.36193,0.8036,2.22381
7,421,-0.64174,0.52139,0.87926,2.21853
7,422,0.39363,0.69405,0.93358,2.21327
7,423,-0.54145,0.58848,0.90068,2.20804
7,424,-0.42531,0.67083,0.92747,2.20283
7,425,-0.47286,0.63656,0.91655,2.19765
7,426,0.84156,0.40051,0.82706,2.19249
7,427,2.32865,0.02035,0.36801,2.18735
7,428,0.19006,0.84935,0.96747,2.18224
7,429,0.57197,0.56765,0.89517,2.17716
7,430,1.30435,0.19283,0.68368,2.17209
7,431,-1.2015,0.23023,0.71773,2.16705
7,432,1.65032,0.09962,0.57161,2.16204
7,433,-3.40195,0.00073,0.14967,2.15704
7,434,1.93614,0.05352,0.48774,2.15207
7,435,0.10851,0.91364,0.98058,2.14713
7,436,-0.16606,0.86819,0.97086,2.1422
7,437,0.9485,0.34342,0.79137,2.1373
7,438,-1.32266,0.18667,0.67585,2.13242
7,439,-0.57968,0.56244,0.89408,2.12756
7,440,1.48024,0.13956,0.62153,2.12273
7,441,-0.95896,0.33813,0.78792,2.11791
7,442,0.43896,0.66092,0.92397,2.11312
7,443,1.29646,0.19553,0.68602,2.10835
7,444,1.15833,0.24738,0.73099,2.1036
7,445,1.53123,0.12646,0.60533,2.09888
7,446,0.14347,0.88599,0.97334,2.09417
7,447,1.50539,0.13297,0.61424,2.08949
7,448,-1.41664,0.15733,0.64659,2.08482
7,449,-1.81397,0.07039,0.53204,2.08018
7,450,0.00192,0.99847,0.99887,2.07556
7,451,1.32398,0.18623,0.67585,2.07095
7,452,-0.79431,0.42746,0.84149,2.06637
7,453,-1.71707,0.0867,0.55776,2.06181
7,454,2.95436,0.00331,0.2439,2.05727
7,455,-0.67761,0.49839,0.87129,2.05275
7,456,1.22304,0.222,0.71228,2.04825
7,457,-0.55357,0.58016,0.89726,2.04376
7,458,-0.60823,0.54336,0.89022,2.0393
7,459,-0.24384,0.80747,0.96322,2.03486
7,460,0.7086,0.47897,0.86484,2.03043
7,461,-1.43318,0.15255,0.64113,2.02603
7,462,-1.86011,0.06357,0.51462,2.02165
7,463,0.65834,0.51068,0.87496,2.01728
7,464,1.22743,0.22035,0.71152,2.01293
7,465,-1.19662,0.23213,0.71881,2.0086
7,466,1.18998,0.23472,0.72251,2.00429
7,467,-0.57716,0.56414,0.89408,2.0
8,1,-1.00783,0.31411,0.77505,706.0
8,2,1.10288,0.27071,0.74908,353.0
8,3,-0.92535,0.35531,0.79882,235.33333
8,4,-1.10321,0.27056,0.74908,176.5
8,5,1.37509,0.16983,0.6595,141.2
8,6,-0.87302,0.38315,0.81545,117.66667
8,7,-2.78915,0.00552,0.27777,100.85714
8,8,-1.72166,0.08586,0.55727,88.25
8,9,-0.76264,0.44611,0.84793,78.44444
8,10,1.38397,0.1671,0.65567,70.6
8,11,0.00414,0.9967,0.99869,64.18182
8,12,-3.36503,0.00084,0.15222,58.83333
8,13,1.54734,0.12253,0.60002,54.30769
8,14,0.1415,0.88754,0.97353,50.42857
8,15,1.25009,0.21196,0.7026,47.06667
8,16,0.85082,0.39535,0.82457,44.125
8,17,0.27813,0.78105,0.95701,41.52941
8,18,1.7279,0.08474,0.55569,39.22222
8,19,0.21168,0.83246,0.96518,37.15789
8,20,-0.92006,0.35807,0.80096,35.3
8,21,-0.25334,0.80013,0.96191,33.61905
8,22,-0.02238,0.98215,0.99628,32.09091
8,23,1.29563,0.19581,0.68602,30.69565
8,24,-1.84515,0.06572,0.51909,29.41667
8,25,-1.06738,0.28641,0.7626,28.24
8,26,-1.23981,0.21573,0.70609,27.15385
8,27,0.88381,0.3773,0.81247,26.14815
8,28,-0.75506,0.45063,0.84933,25.21429
8,29,0.44826,0.6542,0.92144,24.34483
8,30,2.24821,0.02508,0.38506,23.53333
8,31,-0.73937,0.46009,0.85498,22.77419
8,32,0.9842,0.32558,0.77987,22.0625
8,33,-0.57088,0.56838,0.89517,21.39394
8,34,0.90324,0.36692,0.80554,20.76471
8,35,-0.91297,0.36178,0.80345,20.17143
8,36,-0.2406,0.80998,0.96339,19.61111
8,37,0.29096,0.77122,0.95332,19.08108
8,38,0.99114,0.32218,0.77846,18.57895
8,39,0.83209,0.40583,0.82931,18.10256
8,40,0.50406,0.61448,0.90888,17.65
8,41,-1.38278,0.16747,0.65567,17.21951
8,42,1.0001,0.31783,0.77662,16.80952
8,43,1.49196,0.13646,0.61872,16.4186
8,44,2.07794,0.03832,0.44944,16.04545
8,45,0.3657,0.71477,0.9381,15.68889
8,46,0.31699,0.7514,0.94658,15.34783
8,47,0.88122,0.3787,0.81267,15.02128
8,48,1.03408,0.30169,0.7697,14.70833
8,49,1.59629,0.11117,0.58787,14.40816
8,50,1.38799,0.16587,0.65531,14.12
8,51,-0.88915,0.37443,0.81041,13.84314
8,52,-0.09153,0.92711,0.98429,13.57692
8,53,-1.41458,0.15793,0.64664,13.32075
8,54,0.33479,0.73795,0.9433,13.07407
8,55,-0.33726,0.73609,0.94272,12.83636
8,56,0.11037,0.91217,0.98058,12.60714
8,57,1.49047,0.13685,0.61883,12.38596
8,58,-1.12573,0.26092,0.74282,12.17241
8,59,-1.96112,0.05052,0.48679,11.9661
8,60,-0.78289,0.43413,0.84396,11.76667
8,61,-0.02484,0.9802,0.99628,11.57377
8,62,0.25351,0.8,0.96191,11.3871
8,63,0.8263,0.4091,0.83153,11.20635
8,64,-0.28363,0.77683,0.95522,11.03125
8,65,1.70138,0.08961,0.56015,10.86154
8,66,-1.07012,0.28518,0.76187,10.69697
8,67,0.44234,0.65847,0.92313,10.53731
8,68,0.76212,0.44642,0.84793,10.38235
8,69,0.82887,0.40765,0.83116,10.23188
8,70,1.80829,0.07127,0.53406,10.08571
8,71,-1.9452,0.05241,0.48723,9.94366
8,72,-0.85454,0.39329,0.82336,9.80556
8,73,-1.39724,0.16308,0.65116,9.67123
8,74,-0.08334,0.93362,0.98614,9.54054
8,75,0.82918,0.40747,0.83114,9.41333
8,76,2.25703,0.02452,0.38506,9.28947
8,77,-0.23772,0.81221,0.96339,9.16883
8,78,-2.45994,0.0143,0.33508,9.05128
8,79,1.00548,0.31524,0.77604,8.93671
8,80,1.86297,0.06316,0.51337,8.825
8,81,2.10031,0.03629,0.44594,8.71605
8,82,-1.39899,0.16255,0.65116,8.60976
8,83,1.69647,0.09053,0.56244,8.50602
8,84,1.33398,0.18293,0.67278,8.40476
8,85,0.95459,0.34033,0.7881,8.30588
8,86,-1.35585,0.17587,0.66572,8.2093
8,87,-0.03768,0.96996,0.99544,8.11494
8,88,0.97268,0.33127,0.78351,8.02273
8,89,-0.95785,0.33869,0.78805,7.93258
8,90,-0.53183,0.59512,0.90362,7.84444
8,91,-1.67901,0.09389,0.56485,7.75824
8,92,-0.45581,0.64876,0.92062,7.67391
8,93,-3.17591,0.0016,0.18491,7.5914
8,94,-0.0328,0.97385,0.99544,7.51064
8,95,-0.38699,0.69896,0.93435,7.43158
8,96,0.34522,0.7301,0.94112,7.35417
8,97,0.42585,0.67043,0.92747,7.27835
8,98,-1.23425,0.2178,0.70924,7.20408
8,99,-1.35429,0.17637,0.66572,7.13131
8,100,0.52777,0.59794,0.90415,7.06
8,101,-0.30738,0.7587,0.94841,6.9901
8,102,-0.40789,0.68356,0.93105,6.92157
8,103,2.31431,0.02113,0.37293,6.85437
8,104,-0.81183,0.41735,0.83495,6.78846
8,105,0.23039,0.8179,0.96403,6.72381
8,106,2.36051,0.0187,0.36213,6.66038
8,107,-0.66855,0.50415,0.87243,6.59813
8,108,0.10267,0.91827,0.9824,6.53704
8,109,0.53499,0.59294,0.90316,6.47706
8,110,-0.49388,0.62165,0.91121,6.41818
8,111,1.33567,0.18238,0.67221,6.36036
8,112,-1.17665,0.24,0.72606,6.30357
8,113,-0.15984,0.87308,0.97249,6.24779
8,114,-0.49672,0.61965,0.91028,6.19298
8,115,1.95652,0.05106,0.48723,6.13913
8,116,0.9944,0.3206,0.77752,6.08621
8,117,-0.22793,0.81981,0.96403,6.03419
8,118,0.38136,0.70313,0.93519,5.98305
8,119,0.85538,0.39283,0.82286,5.93277
8,120,1.15742,0.24776,0.73099,5.88333
8,121,-1.25355,0.2107,0.70049,5.83471
8,122,-1.18386,0.23714,0.72503,5.78689
8,123,0.19327,0.84684,0.96664,5.73984
8,124,-0.9508,0.34225,0.79006,5.69355
8,125,1.43179,0.15294,0.64119,5.648
8,126,0.91738,0.35947,0.80151,5.60317
8,127,0.41341,0.67951,0.92958,5.55906
8,128,-0.20999,0.83378,0.96536,5.51562
8,129,3.16502,0.00166,0.18491,5.47287
8,130,1.39712,0.16311,0.65116,5.43077
8,131,-0.19791,0.84321,0.96568,5.38931
8,132,0.79649,0.42619,0.84127,5.34848
8,133,2.05725,0.04028,0.45918,5.30827
8,134,-2.01635,0.0444,0.47683,5.26866
8,135,-0.66306,0.50765,0.8738,5.22963
8,136,0.47455,0.63535,0.91649,5.19118
8,137,0.68276,0.49514,0.87129,5.15328
8,138,0.30996,0.75675,0.94765,5.11594
8,139,-0.14791,0.88248,0.97334,5.07914
8,140,0.19969,0.84182,0.96568,5.04286
8,141,0.02379,0.98103,0.99628,5.00709
8,142,-2.2703,0.02369,0.38075,4.97183
8,143,-0.59529,0.55197,0.89307,4.93706
8,144,-0.16739,0.86714,0.97086,4.90278
8,145,1.07369,0.28357,0.76187,4.86897
8,146,-2.48023,0.01352,0.32929,4.83562
8,147,-0.29013,0.77186,0.95358,4.80272
8,148,-2.73043,0.00659,0.2918,4.77027
8,149,-0.2514,0.80163,0.96233,4.73826
8,150,1.03345,0.30199,0.7697,4.70667
8,151,2.92455,0.00364,0.2439,4.6755
8,152,-2.77613,0.00575,0.28048,4.64474
8,153,0.87936,0.37971,0.81316,4.61438
8,154,1.28103,0.20089,0.69105,4.58442
8,155,1.389,0.16557,0.65528,4.55484
8,156,-0.47913,0.63209,0.91529,4.52564
8,157,-0.03068,0.97554,0.99579,4.49682
8,158,-1.34307,0.17997,0.67025,4.46835
8,159,0.54314,0.58732,0.90032,4.44025
8,160,-0.96211,0.33654,0.78595,4.4125
8,161,-1.27481,0.20308,0.69219,4.38509
8,162,0.86004,0.39026,0.8211,4.35802
8,163,-0.08495,0.93234,0.98584,4.33129
8,164,0.34825,0.72783,0.94112,4.30488
8,165,-0.05501,0.95616,0.99247,4.27879
8,166,-0.36528,0.71509,0.9381,4.25301
8,167,0.37224,0.7099,0.93669,4.22754
8,168,-0.49347,0.62194,0.91123,4.20238
8,169,0.87819,0.38034,0.8136,4.17751
8,170,-2.56813,0.01057,0.30987,4.15294
8,171,-0.95965,0.33778,0.78746,4.12865
8,172,1.62524,0.10486,0.57941,4.10465
8,173,0.55533,0.57897,0.89726,4.08092
8,174,1.19813,0.23154,0.71868,4.05747
8,175,-1.06782,0.28621,0.76235,4.03429
8,176,0.41481,0.67849,0.92941,4.01136
8,177,-0.77582,0.43829,0.84461,3.9887
8,178,-0.01268,0.98989,0.99796,3.96629
8,179,-1.87153,0.06196,0.51075,3.94413
8,180,1.54108,0.12405,0.60171,3.92222
8,181,-0.89395,0.37186,0.80824,3.90055
8,182,-0.44794,0.65443,0.92144,3.87912
8,183,0.52229,0.60174,0.90529,3.85792
8,184,-1.48939,0.13713,0.61902,3.83696
8,185,-0.98277,0.32628,0.78008,3.81622
8,186,-2.22039,0.02692,0.39632,3.7957
8,187,3.04219,0.0025,0.21904,3.7754
8,188,0.41461,0.67864,0.92941,3.75532
8,189,1.06338,0.28822,0.76382,3.73545
8,190,-1.59085,0.11239,0.58787,3.71579
8,191,2.43051,0.01549,0.34308,3.69634
8,192,0.83268,0.40549,0.82931,3.67708
8,193,0.99337,0.3211,0.77798,3.65803
8,194,0.86749,0.38617,0.81768,3.63918
8,195,-0.01504,0.98801,0.99778,3.62051
8,196,-0.98706,0.32418,0.77863,3.60204
8,197,-0.64932,0.51648,0.87796,3.58376
8,198,1.45623,0.14607,0.6317,3.56566
8,199,-2.51345,0.01233,0.31958,3.54774
8,200,2.56699,0.0106,0.30987,3.53
8,201,-0.25778,0.7967,0.96055,3.51244
8,202,-0.45668,0.64814,0.92062,3.49505
8,203,0.4743,0.63553,0.91653,3.47783
8,204,-0.0483,0.9615,0.99351,3.46078
8,205,-0.08685,0.93083,0.985,3.4439
8,206,1.04345,0.29734,0.76877,3.42718
8,207,0.34655,0.7291,0.94112,3.41063
8,208,-0.06234,0.95032,0.99079,3.39423
8,209,1.43049,0.15332,0.64167,3.37799
8,210,2.10518,0.03587,0.44509,3.3619
8,211,1.70256,0.08939,0.56015,3.34597
8,212,-0.39044,0.69641,0.93358,3.33019
8,213,-3.69044,0.00025,0.11016,3.31455
8,214,1.46324,0.14415,0.62729,3.29907
8,215,-1.07614,0.28248,0.76005,3.28372
8,216,-1.64253,0.10123,0.57524,3.26852
8,217,-1.53249,0.12615,0.60495,3.25346
8,218,0.12111,0.90367,0.97953,3.23853
8,219,1.7695,0.07753,0.54339,3.22374
8,220,0.6472,0.51786,0.87796,3.20909
8,221,-0.31029,0.75649,0.94762,3.19457
8,222,-1.35091,0.17745,0.6668,3.18018
8,223,0.82255,0.41123,0.8317,3.16592
8,224,-0.227,0.82053,0.96403,3.15179
8,225,-0.24763,0.80454,0.96294,3.13778
8,226,1.05734,0.29096,0.76602,3.12389
8,227,0.1287,0.89765,0.97767,3.11013
8,228,-1.45955,0.14516,0.62938,3.09649
8,229,-0.79121,0.42926,0.84177,3.08297
8,230,0.76393,0.44533,0.84791,3.06957
8,231,0.84207,0.40022,0.82706,3.05628
8,232,0.01498,0.98806,0.99778,3.0431
8,233,0.14496,0.88481,0.97334,3.03004
8,234,-0.08175,0.93489,0.98675,3.01709
8,235,1.33189,0.18362,0.67355,3.00426
8,236,-2.02154,0.04385,0.47441,2.99153
8,237,-1.2279,0.22017,0.7114,2.9789
8,238,0.50204,0.6159,0.9095,2.96639
8,239,0.3237,0.74633,0.94574,2.95397
8,240,0.78253,0.43434,0.84396,2.94167
8,241,1.58765,0.11312,0.58787,2.92946
8,242,-1.08263,0.27959,0.75771,2.91736
8,243,-0.45277,0.65095,0.92144,2.90535
8,244,0.57874,0.56307,0.89408,2.89344
8,245,1.26159,0.20779,0.69614,2.88163
8,246,-0.26818,0.78869,0.95761,2.86992
8,247,-0.52119,0.6025,0.90529,2.8583
8,248,-0.90523,0.36586,0.8052,2.84677
8,249,1.24896,0.21237,0.70274,2.83534
8,250,-0.02026,0.98385,0.99628,2.824
8,251,0.25599,0.79808,0.96158,2.81275
8,252,-0.15547,0.87652,0.97263,2.80159
8,253,0.28421,0.77639,0.95522,2.79051
8,254,1.71407,0.08725,0.55818,2.77953
8,255,1.02868,0.30422,0.7706,2.76863
8,256,1.01965,0.30848,0.77116,2.75781
8,257,-1.51391,0.1308,0.61093,2.74708
8,258,2.43856,0.01516,0.34214,2.73643
8,259,-1.34132,0.18054,0.67037,2.72587
8,260,1.028,0.30454,0.7706,2.71538
8,261,0.42954,0.66775,0.92692,2.70498
8,262,-1.89535,0.05873,0.49745,2.69466
8,263,-0.51117,0.6095,0.90707,2.68441
8,264,-1.97441,0.04899,0.48679,2.67424
8,265,-0.13205,0.895,0.9771,2.66415
8,266,0.31089,0.75604,0.94757,2.65414
8,267,0.53894,0.59021,0.90213,2.64419
8,268,1.13725,0.25608,0.737,2.63433
8,269,-1.29297,0.19673,0.68706,2.62454
8,270,0.80203,0.42298,0.83868,2.61481
8,271,-0.83221,0.40576,0.82931,2.60517
8,272,0.38375,0.70136,0.93519,2.59559
8,273,1.18409,0.23704,0.72503,2.58608
8,274,-0.63517,0.52566,0.88186,2.57664
8,275,0.63795,0.52385,0.8807,2.56727
8,276,-0.5293,0.59688,0.90362,2.55797
8,277,-0.11438,0.90899,0.98056,2.54874
8,278,0.41174,0.68074,0.93024,2.53957
8,279,-0.61718,0.53745,0.89021,2.53047
8,280,1.2905,0.19758,0.68751,2.52143
8,281,-0.67715,0.49868,0.87129,2.51246
8,282,0.65739,0.51129,0.87506,2.50355
8,283,0.48094,0.63081,0.91512,2.4947
8,284,1.99214,0.047,0.48289,2.48592
8,285,-1.56879,0.11745,0.59478,2.47719
8,286,0.45588,0.64871,0.92062,2.46853
8,287,-0.45819,0.64706,0.92016,2.45993
8,288,0.26354,0.79226,0.9582,2.45139
8,289,-1.07748,0.28188,0.7598,2.44291
8,290,-2.88005,0.00418,0.26094,2.43448
8,291,-1.01329,0.3115,0.77349,2.42612
8,292,-2.09608,0.03667,0.44613,2.41781
8,293,-2.22846,0.02638,0.39257,2.40956
8,294,-0.79886,0.42482,0.84031,2.40136
8,295,-0.37611,0.70703,0.93669,2.39322
8,296,1.31007,0.19089,0.68197,2.38514
8,297,-0.94612,0.34463,0.79221,2.3771
8,298,0.96605,0.33457,0.78502,2.36913
8,299,-1.60243,0.10981,0.58787,2.3612
8,300,0.74915,0.45418,0.85192,2.35333
8,301,1.78862,0.07439,0.53906,2.34551
8,302,-0.70228,0.48289,0.86632,2.33775
8,303,2.07439,0.03865,0.44944,2.33003
8,304,-2.51534,0.01226,0.31955,2.32237
8,305,-0.82729,0.40854,0.83153,2.31475
8,306,0.82536,0.40964,0.83153,2.30719
8,307,-0.87527,0.38193,0.81491,2.29967
8,308,-1.87979,0.06082,0.50744,2.29221
8,309,-1.02775,0.30466,0.7706,2.28479
8,310,0.25035,0.80244,0.96262,2.27742
8,311,0.24829,0.80403,0.96294,2.2701
8,312,0.90655,0.36516,0.8052,2.26282
8,313,-1.01826,0.30914,0.77185,2.25559
8,314,-0.20172,0.84023,0.96568,2.24841
8,315,-1.06482,0.28757,0.76313,2.24127
8,316,-0.4232,0.67236,0.92832,2.23418
8,317,0.15709,0.87525,0.97263,2.22713
8,318,0.96277,0.33621,0.78536,2.22013
8,319,0.0784,0.93755,0.98779,2.21317
8,320,1.55124,0.12159,0.59884,2.20625
8,321,0.80301,0.42242,0.83868,2.19938
8,322,-1.52825,0.1272,0.6058,2.19255
8,323,0.60656,0.54447,0.89022,2.18576
8,324,1.32243,0.18674,0.67585,2.17901
8,325,-2.03443,0.04253,0.47015,2.17231
8,326,0.62769,0.53055,0.88521,2.16564
8,327,2.8655,0.00437,0.26839,2.15902
8,328,0.3322,0.7399,0.94333,2.15244
8,329,-0.91141,0.3626,0.80386,2.1459
8,330,-1.794,0.07353,0.53906,2.13939
8,331,0.32001,0.74912,0.94608,2.13293
8,332,1.90622,0.0573,0.49244,2.12651
8,333,2.82212,0.005,0.27088,2.12012
8,334,-0.16375,0.87,0.97086,2.11377
8,335,-1.91444,0.05624,0.4906,2.10746
8,336,1.03189,0.30271,0.77029,2.10119
8,337,-2.0028,0.04584,0.48182,2.09496
8,338,-1.01082,0.31268,0.77393,2.08876
8,339,-0.55626,0.57833,0.89726,2.0826
8,340,-0.25924,0.79558,0.96021,2.07647
8,341,2.90009,0.00393,0.2528,2.07038
8,342,1.35985,0.1746,0.66537,2.06433
8,343,1.11539,0.26532,0.74706,2.05831
8,344,-0.45328,0.65058,0.92144,2.05233
8,345,0.12053,0.90412,0.97966,2.04638
8,346,1.60492,0.10926,0.58787,2.04046
8,347,0.31739,0.75111,0.9464,2.03458
8,348,-0.84897,0.39638,0.82551,2.02874
8,349,-0.85714,0.39185,0.8219,2.02292
8,350,-1.57078,0.11698,0.59424,2.01714
8,351,-1.68988,0.09179,0.56328,2.0114
8,352,-1.31213,0.19019,0.6813,2.00568
8,353,0.07044,0.94388,0.98855,2.0
9,1,-2.26888,0.02378,0.38075,775.0
9,2,-2.06161,0.03986,0.45635,387.5
9,3,0.46454,0.6425,0.9191,258.33333
9,4,0.03424,0.9727,0.99544,193.75
9,5,-0.10086,0.91971,0.98282,155.0
9,6,-1.24359,0.21434,0.70532,129.16667
9,7,0.44944,0.65334,0.92144,110.71429
9,8,-0.68007,0.49683,0.87129,96.875
9,9,-2.14152,0.0328,0.42911,86.11111
9,10,-1.35734,0.1754,0.66572,77.5
9,11,0.97887,0.32821,0.78096,70.45455
9,12,2.17421,0.03024,0.41525,64.58333
9,13,-0.20214,0.83991,0.96568,59.61538
9,14,0.58153,0.5612,0.89408,55.35714
9,15,-0.23121,0.81726,0.96397,51.66667
9,16,-1.58602,0.11348,0.58839,48.4375
9,17,2.58758,0.01,0.30691,45.58824
9,18,-1.36508,0.17295,0.66442,43.05556
9,19,-0.10149,0.91921,0.98254,40.78947
9,20,0.4787,0.6324,0.91532,38.75
9,21,0.09657,0.92311,0.98379,36.90476
9,22,0.25264,0.80067,0.96191,35.22727
9,23,-0.97575,0.32975,0.78208,33.69565
9,24,0.25221,0.801,0.96214,32.29167
9,25,-0.84198,0.40027,0.82706,31.0
9,26,-1.84084,0.06635,0.52033,29.80769
9,27,1.08516,0.27847,0.75761,28.7037
9,28,-1.90096,0.05799,0.49303,27.67857
9,29,0.23582,0.81368,0.96339,26.72414
9,30,-1.73216,0.08397,0.55504,25.83333
9,31,0.11935,0.90506,0.97984,25.0
9,32,1.31757,0.18836,0.67707,24.21875
9,33,0.13896,0.88955,0.97467,23.48485
9,34,-0.50328,0.61503,0.90909,22.79412
9,35,1.07837,0.28148,0.7598,22.14286
9,36,-0.19136,0.84833,0.96747,21.52778
9,37,1.08377,0.27909,0.75771,20.94595
9,38,-0.15284,0.8786,0.97313,20.39474
9,39,-0.18463,0.85361,0.96795,19.87179
9,40,1.92852,0.05446,0.48774,19.375
9,41,-0.3636,0.71634,0.93841,18.90244
9,42,-0.37086,0.71093,0.93669,18.45238
9,43,0.50243,0.61562,0.9095,18.02326
9,44,-0.482,0.63005,0.91466,17.61364
9,45,0.87961,0.37957,0.81316,17.22222
9,46,1.30633,0.19215,0.68357,16.84783
9,47,0.41958,0.675,0.9288,16.48936
9,48,-0.57922,0.56275,0.89408,16.14583
9,49,-0.31048,0.75635,0.94762,15.81633
9,50,1.16487,0.24473,0.72843,15.5
9,51,0.60728,0.54399,0.89022,15.19608
9,52,1.13002,0.25911,0.74105,14.90385
9,53,-0.57635,0.56469,0.89414,14.62264
9,54,0.28791,0.77355,0.95419,14.35185
9,55,-1.20724,0.22802,0.71619,14.09091
9,56,-0.19803,0.84312,0.96568,13.83929
9,57,-0.12522,0.90041,0.97855,13.59649
9,58,2.50515,0.01262,0.32315,13.36207
9,59,1.06886,0.28574,0.76231,13.13559
9,60,1.46418,0.14389,0.62729,12.91667
9,61,-1.08794,0.27724,0.75604,12.70492
9,62,-0.06132,0.95113,0.99079,12.5
9,63,-0.56651,0.57135,0.89625,12.30159
9,64,1.36817,0.17199,0.66297,12.10938
9,65,0.01062,0.99153,0.99807,11.92308
9,66,1.54126,0.124,0.60171,11.74242
9,67,0.31777,0.75082,0.94635,11.56716
9,68,-0.8536,0.39381,0.82351,11.39706
9,69,0.26007,0.79494,0.95993,11.23188
9,70,-0.81824,0.41368,0.83237,11.07143
9,71,-1.88246,0.06046,0.50619,10.91549
9,72,-0.38209,0.70259,0.93519,10.76389
9,73,0.74029,0.45953,0.85484,10.61644
9,74,3.88616,0.00012,0.10192,10.47297
9,75,2.91809,0.00371,0.24588,10.33333
9,76,0.22645,0.82096,0.96403,10.19737
9,77,0.17006,0.86504,0.97079,10.06494
9,78,-1.60474,0.1093,0.58787,9.9359
9,79,1.59848,0.11069,0.58787,9.81013
9,80,-0.39445,0.69345,0.93358,9.6875
9,81,-1.56795,0.11764,0.5949,9.5679
9,82,0.32889,0.7424,0.94435,9.45122
9,83,0.83416,0.40466,0.82931,9.33735
9,84,0.48757,0.62611,0.91283,9.22619
9,85,0.9522,0.34154,0.78933,9.11765
9,86,0.66964,0.50345,0.87239,9.01163
9,87,1.24073,0.21539,0.70609,8.90805
9,88,-0.12957,0.89697,0.97739,8.80682
9,89,2.92859,0.00359,0.2439,8.70787
9,90,0.01725,0.98625,0.99721,8.61111
9,91,0.87238,0.3835,0.81583,8.51648
9,92,-1.68534,0.09266,0.56442,8.42391
9,93,-1.52824,0.1272,0.6058,8.33333
9,94,1.31279,0.18997,0.6813,8.24468
9,95,1.10556,0.26955,0.74908,8.15789
9,96,-1.34883,0.17812,0.66707,8.07292
9,97,-0.42344,0.67219,0.92832,7.98969
9,98,-0.23509,0.81425,0.96348,7.90816
9,99,0.06068,0.95165,0.99079,7.82828
9,100,0.62281,0.53375,0.88694,7.75
9,101,0.4303,0.6672,0.92641,7.67327
9,102,1.22751,0.22032,0.71152,7.59804
9,103,-0.30259,0.76235,0.94863,7.52427
9,104,1.0032,0.31634,0.77662,7.45192
9,105,0.67427,0.50051,0.87203,7.38095
9,106,0.80998,0.41841,0.83556,7.31132
9,107,1.4091,0.15954,0.64784,7.24299
9,108,0.02268,0.98192,0.99628,7.17593
9,109,0.52762,0.59804,0.90415,7.11009
9,110,-0.8334,0.40509,0.82931,7.04545
9,111,1.82065,0.06937,0.52846,6.98198
9,112,-0.21818,0.8274,0.96518,6.91964
9,113,-0.1933,0.84681,0.96664,6.85841
9,114,0.53001,0.59638,0.90362,6.79825
9,115,-0.27016,0.78717,0.95761,6.73913
9,116,1.66355,0.09694,0.56865,6.68103
9,117,-0.60054,0.54847,0.89184,6.62393
9,118,-0.52827,0.59759,0.90407,6.5678
9,119,-0.34504,0.73023,0.94112,6.51261
9,120,0.18068,0.8567,0.96795,6.45833
9,121,-0.07222,0.94246,0.98845,6.40496
9,122,0.57365,0.56651,0.89481,6.35246
9,123,0.13067,0.8961,0.97728,6.30081
9,124,2.28532,0.02279,0.37883,6.25
9,125,0.64834,0.51711,0.87796,6.2
9,126,1.03623,0.30069,0.76908,6.15079
9,127,0.49412,0.62148,0.91121,6.10236
9,128,1.04593,0.29619,0.76877,6.05469
9,129,0.688,0.49183,0.87033,6.00775
9,130,0.66628,0.50559,0.87304,5.96154
9,131,0.57032,0.56877,0.89548,5.91603
9,132,0.12263,0.90245,0.97918,5.87121
9,133,-1.0602,0.28966,0.76572,5.82707
9,134,-1.43835,0.15107,0.63924,5.78358
9,135,0.37875,0.70507,0.93651,5.74074
9,136,-0.93568,0.34997,0.79517,5.69853
9,137,-0.30093,0.76362,0.94913,5.65693
9,138,0.09956,0.92074,0.9831,5.61594
9,139,-2.3687,0.0183,0.35851,5.57554
9,140,0.76436,0.44508,0.84791,5.53571
9,141,1.15682,0.248,0.73099,5.49645
9,142,0.02216,0.98233,0.99628,5.45775
9,143,-0.73785,0.46102,0.85569,5.41958
9,144,-0.2066,0.83642,0.96568,5.38194
9,145,-2.17769,0.02998,0.41384,5.34483
9,146,-1.68535,0.09266,0.56442,5.30822
9,147,0.20322,0.83906,0.96568,5.27211
9,148,-0.22724,0.82035,0.96403,5.23649
9,149,0.06207,0.95053,0.99079,5.20134
9,150,0.75543,0.45041,0.84933,5.16667
9,151,-0.84531,0.39842,0.82649,5.13245
9,152,-2.0531,0.04068,0.46153,5.09868
9,153,1.26861,0.20528,0.69391,5.06536
9,154,-0.09426,0.92495,0.98397,5.03247
9,155,-0.92109,0.35753,0.80096,5.0
9,156,-0.50484,0.61393,0.90888,4.96795
9,157,-1.17674,0.23996,0.72606,4.93631
9,158,-0.40856,0.68307,0.93101,4.90506
9,159,-0.34832,0.72777,0.94112,4.87421
9,160,-1.01401,0.31116,0.77349,4.84375
9,161,3.55726,0.00042,0.13321,4.81366
9,162,-0.79669,0.42608,0.84127,4.78395
9,163,-0.11229,0.91065,0.98058,4.7546
9,164,0.6106,0.54179,0.89022,4.72561
9,165,0.04347,0.96535,0.99488,4.69697
9,166,0.40702,0.6842,0.93108,4.66867
9,167,0.36992,0.71163,0.93669,4.64072
9,168,-2.23191,0.02614,0.39199,4.6131
9,169,-0.3977,0.69105,0.93358,4.5858
9,170,-0.71907,0.4725,0.8627,4.55882
9,171,3.24399,0.00127,0.18491,4.53216
9,172,-0.36751,0.71342,0.93768,4.50581
9,173,-0.20131,0.84055,0.96568,4.47977
9,174,-1.58301,0.11417,0.58872,4.45402
9,175,-1.17736,0.23972,0.72606,4.42857
9,176,1.98806,0.04745,0.48497,4.40341
9,177,-0.57685,0.56435,0.89408,4.37853
9,178,0.74053,0.45939,0.85484,4.35393
9,179,-0.32351,0.74647,0.94574,4.32961
9,180,0.05147,0.95897,0.99292,4.30556
9,181,-2.07168,0.0389,0.44954,4.28177
9,182,1.58051,0.11474,0.58929,4.25824
9,183,-1.59714,0.11098,0.58787,4.23497
9,184,-2.59951,0.00966,0.30691,4.21196
9,185,0.78532,0.43271,0.84396,4.18919
9,186,0.44513,0.65646,0.9225,4.16667
9,187,0.61428,0.53936,0.89021,4.14439
9,188,0.18894,0.85023,0.96747,4.12234
9,189,0.68171,0.49579,0.87129,4.10053
9,190,0.00602,0.9952,0.99838,4.07895
9,191,1.24116,0.21524,0.70609,4.05759
9,192,1.56665,0.11795,0.5949,4.03646
9,193,1.35334,0.17667,0.66572,4.01554
9,194,2.57345,0.01041,0.30911,3.99485
9,195,-1.83647,0.06699,0.5208,3.97436
9,196,-0.79563,0.4267,0.84148,3.95408
9,197,-0.44272,0.6582,0.92312,3.93401
9,198,1.71676,0.08676,0.55776,3.91414
9,199,0.7328,0.46409,0.85685,3.89447
9,200,0.73666,0.46174,0.85569,3.875
9,201,-1.50834,0.13222,0.61368,3.85572
9,202,-0.02683,0.97861,0.99617,3.83663
9,203,-1.99169,0.04705,0.48289,3.81773
9,204,0.05499,0.95617,0.99247,3.79902
9,205,0.87346,0.38291,0.81532,3.78049
9,206,1.43953,0.15074,0.63898,3.76214
9,207,-0.30717,0.75886,0.94841,3.74396
9,208,-1.40981,0.15933,0.64784,3.72596
9,209,-0.94649,0.34444,0.79203,3.70813
9,210,-0.58419,0.55941,0.89335,3.69048
9,211,-1.47507,0.14094,0.62153,3.67299
9,212,0.36952,0.71192,0.93678,3.65566
9,213,-0.47256,0.63677,0.91655,3.6385
9,214,-0.36337,0.71651,0.93841,3.6215
9,215,0.36017,0.7189,0.93941,3.60465
9,216,-0.46169,0.64454,0.91987,3.58796
9,217,-0.19381,0.84642,0.96664,3.57143
9,218,-2.19991,0.02835,0.40248,3.55505
9,219,-0.96636,0.33442,0.78502,3.53881
9,220,1.62565,0.10477,0.57941,3.52273
9,221,-0.54251,0.58775,0.90041,3.50679
9,222,-0.3236,0.7464,0.94574,3.49099
9,223,2.17893,0.02989,0.41369,3.47534
9,224,-1.78488,0.075,0.53969,3.45982
9,225,1.959,0.05077,0.48723,3.44444
9,226,0.30563,0.76004,0.94841,3.4292
9,227,0.49612,0.62007,0.91035,3.4141
9,228,-0.9181,0.35909,0.80104,3.39912
9,229,2.11125,0.03534,0.44314,3.38428
9,230,0.33326,0.73911,0.94333,3.36957
9,231,1.61245,0.10761,0.58525,3.35498
9,232,4.52182,1e-05,0.07313,3.34052
9,233,0.47364,0.636,0.91655,3.32618
9,234,-0.3341,0.73847,0.9433,3.31197
9,235,-1.58422,0.11389,0.58839,3.29787
9,236,0.12213,0.90286,0.97918,3.2839
9,237,-0.6469,0.51805,0.87796,3.27004
9,238,0.02763,0.97797,0.99608,3.2563
9,239,-0.53794,0.5909,0.90222,3.24268
9,240,2.00191,0.04593,0.48182,3.22917
9,241,-0.96694,0.33413,0.78502,3.21577
9,242,0.21817,0.8274,0.96518,3.20248
9,243,0.59908,0.54944,0.89184,3.1893
9,244,2.57381,0.0104,0.30911,3.17623
9,245,-0.30019,0.76418,0.94913,3.16327
9,246,-0.17512,0.86107,0.96957,3.15041
9,247,-0.7072,0.47983,0.86536,3.13765
9,248,-0.07944,0.93672,0.98764,3.125
9,249,-3.20111,0.00147,0.18491,3.11245
9,250,-1.57523,0.11595,0.59274,3.1
9,251,-1.14383,0.25334,0.73541,3.08765
9,252,-1.68014,0.09367,0.56485,3.0754
9,253,0.58377,0.55969,0.89335,3.06324
9,254,-0.24455,0.80692,0.96322,3.05118
9,255,0.37137,0.71054,0.93669,3.03922
9,256,0.47728,0.63341,0.91588,3.02734
9,257,0.22531,0.82185,0.96403,3.01556
9,258,0.13038,0.89633,0.97728,3.00388
9,259,-1.26985,0.20484,0.69344,2.99228
9,260,0.90745,0.36468,0.8052,2.98077
9,261,1.45436,0.14659,0.63284,2.96935
9,262,0.53481,0.59306,0.90316,2.95802
9,263,0.61131,0.54133,0.89022,2.94677
9,264,-0.99845,0.31863,0.77682,2.93561
9,265,-0.15908,0.87368,0.97258,2.92453
9,266,0.63059,0.52865,0.88408,2.91353
9,267,-1.50864,0.13214,0.6136,2.90262
9,268,0.00646,0.99485,0.99838,2.89179
9,269,-0.998,0.31885,0.77698,2.88104
9,270,0.15337,0.87818,0.97313,2.87037
9,271,-0.1916,0.84815,0.96747,2.85978
9,272,-0.71526,0.47484,0.8627,2.84926
9,273,0.98116,0.32707,0.78017,2.83883
9,274,0.28643,0.77469,0.95419,2.82847
9,275,-1.10695,0.26895,0.74908,2.81818
9,276,0.78002,0.43582,0.84461,2.80797
9,277,-0.02638,0.97897,0.99617,2.79783
9,278,-0.12379,0.90154,0.97903,2.78777
9,279,2.46718,0.01401,0.33448,2.77778
9,280,1.58071,0.11469,0.58929,2.76786
9,281,0.25455,0.79919,0.96183,2.75801
9,282,-1.97403,0.04903,0.48679,2.74823
9,283,1.14411,0.25323,0.73541,2.73852
9,284,0.73655,0.46181,0.85569,2.72887
9,285,0.03946,0.96854,0.99544,2.7193
9,286,-0.64936,0.51646,0.87796,2.70979
9,287,1.18089,0.23831,0.72606,2.70035
9,288,-2.31597,0.02104,0.37197,2.69097
9,289,0.12698,0.89902,0.9781,2.68166
9,290,1.039,0.2994,0.76902,2.67241
9,291,0.25012,0.80262,0.96262,2.66323
9,292,0.52844,0.59747,0.90407,2.65411
9,293,-0.19854,0.84272,0.96568,2.64505
9,294,-1.18793,0.23553,0.72343,2.63605
9,295,0.54283,0.58753,0.90041,2.62712
9,296,-1.63371,0.10306,0.57587,2.61824
9,297,-0.39794,0.69087,0.93358,2.60943
9,298,-0.95562,0.33981,0.7881,2.60067
9,299,1.33824,0.18154,0.67136,2.59197
9,300,-1.03701,0.30032,0.76908,2.58333
9,301,-0.29282,0.7698,0.95221,2.57475
9,302,0.51336,0.60796,0.90679,2.56623
9,303,-1.19412,0.2331,0.7202,2.55776
9,304,-0.33497,0.73782,0.9433,2.54934
9,305,0.63894,0.52321,0.88036,2.54098
9,306,-0.56503,0.57235,0.89698,2.53268
9,307,-0.67244,0.50167,0.87235,2.52443
9,308,0.41546,0.67802,0.92941,2.51623
9,309,-0.17606,0.86033,0.96908,2.50809
9,310,0.72283,0.47018,0.86191,2.5
9,311,-1.02987,0.30366,0.7706,2.49196
9,312,0.36097,0.7183,0.93937,2.48397
9,313,0.5015,0.61628,0.90974,2.47604
9,314,-2.08515,0.03766,0.44897,2.46815
9,315,0.70266,0.48266,0.86632,2.46032
9,316,0.60751,0.54384,0.89022,2.45253
9,317,1.80657,0.07154,0.53426,2.44479
9,318,-0.82599,0.40928,0.83153,2.43711
9,319,0.81408,0.41606,0.83428,2.42947
9,320,0.84015,0.4013,0.82732,2.42188
9,321,-1.00068,0.31755,0.77662,2.41433
9,322,0.58848,0.55653,0.89335,2.40683
9,323,-0.21289,0.83151,0.96518,2.39938
9,324,-2.29636,0.02214,0.37881,2.39198
9,325,0.57842,0.56329,0.89408,2.38462
9,326,-1.34903,0.17805,0.66707,2.3773
9,327,0.07588,0.93955,0.98804,2.37003
9,328,1.58726,0.1132,0.58787,2.3628
9,329,1.07305,0.28386,0.76187,2.35562
9,330,0.32689,0.74392,0.94546,2.34848
9,331,0.78881,0.43067,0.84184,2.34139
9,332,1.17642,0.24009,0.72606,2.33434
9,333,-1.40243,0.16152,0.65081,2.32733
9,334,-0.45258,0.65108,0.92144,2.32036
9,335,0.77872,0.43658,0.84461,2.31343
9,336,-0.79288,0.4283,0.84175,2.30655
9,337,-2.0006,0.04608,0.4819,2.2997
9,338,0.65252,0.51442,0.87785,2.2929
9,339,-1.13955,0.25512,0.73691,2.28614
9,340,-1.47491,0.14098,0.62153,2.27941
9,341,-0.73385,0.46344,0.85677,2.27273
9,342,-0.11167,0.91114,0.98058,2.26608
9,343,2.7326,0.00655,0.29121,2.25948
9,344,1.04235,0.29785,0.76877,2.25291
9,345,0.08415,0.93298,0.98588,2.24638
9,346,1.33317,0.1832,0.67299,2.23988
9,347,0.32251,0.74722,0.9458,2.23343
9,348,-0.54896,0.58332,0.89829,2.22701
9,349,-0.15107,0.87999,0.97334,2.22063
9,350,-0.02216,0.98233,0.99628,2.21429
9,351,0.23405,0.81506,0.96365,2.20798
9,352,-0.12641,0.89947,0.97826,2.2017
9,353,1.78091,0.07565,0.54007,2.19547
9,354,0.56874,0.56984,0.89589,2.18927
9,355,1.22713,0.22046,0.71158,2.1831
9,356,-1.54223,0.12377,0.60171,2.17697
9,357,1.18658,0.23606,0.72405,2.17087
9,358,-2.41012,0.01637,0.34804,2.1648
9,359,-0.99502,0.32029,0.77752,2.15877
9,360,-0.97384,0.33069,0.78284,2.15278
9,361,1.09537,0.27398,0.75179,2.14681
9,362,-1.24019,0.21559,0.70609,2.14088
9,363,1.5169,0.13004,0.61043,2.13499
9,364,-2.37369,0.01806,0.35611,2.12912
9,365,0.02597,0.9793,0.99628,2.12329
9,366,-0.63578,0.52526,0.88154,2.11749
9,367,-0.27013,0.7872,0.95761,2.11172
9,368,-0.4656,0.64174,0.91886,2.10598
9,369,-2.8394,0.00474,0.2706,2.10027
9,370,-1.16644,0.2441,0.72804,2.09459
9,371,1.19993,0.23084,0.7182,2.08895
9,372,-1.91992,0.05554,0.4897,2.08333
9,373,-0.13397,0.89349,0.97636,2.07775
9,374,2.04563,0.04141,0.46721,2.07219
9,375,-0.91484,0.3608,0.80242,2.06667
9,376,0.67098,0.5026,0.87235,2.06117
9,377,-0.2807,0.77908,0.95624,2.0557
9,378,2.49969,0.01281,0.32475,2.05026
9,379,-2.32413,0.02059,0.36864,2.04485
9,380,0.8263,0.4091,0.83153,2.03947
9,381,-0.42087,0.67406,0.92859,2.03412
9,382,-0.49158,0.62327,0.91147,2.0288
9,383,-0.55405,0.57984,0.89726,2.0235
9,384,-1.45146,0.14739,0.63358,2.01823
9,385,1.91069,0.05672,0.4923,2.01299
9,386,0.00217,0.99827,0.99887,2.00777
9,387,-1.04441,0.29689,0.76877,2.00258
10,1,-1.40043,0.16212,0.65116,731.0
10,2,-1.60049,0.11024,0.58787,365.5
10,3,-1.41389,0.15813,0.64678,243.66667
10,4,0.47514,0.63493,0.91649,182.75
10,5,0.54862,0.58356,0.89829,146.2
10,6,-1.20837,0.22758,0.71601,121.83333
10,7,-0.74063,0.45933,0.85484,104.42857
10,8,1.1298,0.2592,0.7411,91.375
10,9,0.18508,0.85326,0.96795,81.22222
10,10,-0.95086,0.34222,0.79006,73.1
10,11,2.26334,0.02412,0.38377,66.45455
10,12,-0.31186,0.7553,0.94727,60.91667
10,13,0.41132,0.68105,0.93037,56.23077
10,14,0.5969,0.55089,0.89253,52.21429
10,15,-0.24396,0.80738,0.96322,48.73333
10,16,2.26152,0.02424,0.38457,45.6875
10,17,1.45334,0.14687,0.63297,43.0
10,18,-0.02932,0.97662,0.99579,40.61111
10,19,-0.96487,0.33516,0.78503,38.47368
10,20,-2.37887,0.01781,0.35448,36.55
10,21,1.52804,0.12725,0.6058,34.80952
10,22,2.3663,0.01842,0.35927,33.22727
10,23,1.47531,0.14087,0.62153,31.78261
10,24,0.38423,0.701,0.93506,30.45833
10,25,1.54117,0.12402,0.60171,29.24
10,26,0.30583,0.75989,0.94841,28.11538
10,27,-2.62275,0.00904,0.30241,27.07407
10,28,0.08632,0.93125,0.9852,26.10714
10,29,1.43783,0.15122,0.63944,25.2069
10,30,-0.23894,0.81126,0.96339,24.36667
10,31,0.88924,0.37438,0.81041,23.58065
10,32,-1.05094,0.29389,0.76742,22.84375
10,33,1.14858,0.25138,0.7349,22.15152
10,34,1.21405,0.22541,0.71483,21.5
10,35,-0.32705,0.74379,0.94546,20.88571
10,36,0.18777,0.85115,0.96763,20.30556
10,37,-0.2478,0.80441,0.96294,19.75676
10,38,-0.10952,0.91285,0.98058,19.23684
10,39,0.17822,0.85864,0.96795,18.74359
10,40,-1.72743,0.08482,0.55587,18.275
10,41,-1.30283,0.19334,0.68374,17.82927
10,42,-0.29296,0.76969,0.9522,17.40476
10,43,0.02344,0.98131,0.99628,17.0
10,44,-3.73614,0.00021,0.10669,16.61364
10,45,0.38906,0.69743,0.93405,16.24444
10,46,-1.98371,0.04794,0.48665,15.8913
10,47,0.08754,0.93029,0.98486,15.55319
10,48,1.1062,0.26927,0.74908,15.22917
10,49,-0.10949,0.91287,0.98058,14.91837
10,50,0.54669,0.58488,0.89878,14.62
10,51,-0.27529,0.78323,0.95754,14.33333
10,52,-0.57518,0.56548,0.89423,14.05769
10,53,0.44988,0.65303,0.92144,13.79245
10,54,-0.05822,0.9536,0.99149,13.53704
10,55,0.39613,0.69221,0.93358,13.29091
10,56,-0.65961,0.50986,0.8748,13.05357
10,57,-0.34616,0.72939,0.94112,12.82456
10,58,-0.03256,0.97404,0.99553,12.60345
10,59,0.15489,0.87698,0.97284,12.38983
10,60,0.94029,0.34761,0.79358,12.18333
10,61,0.22235,0.82415,0.96483,11.98361
10,62,0.03963,0.96841,0.99544,11.79032
10,63,0.0832,0.93373,0.98616,11.60317
10,64,0.30114,0.76346,0.94906,11.42188
10,65,-0.52496,0.59989,0.90529,11.24615
10,66,-1.958,0.05089,0.48723,11.07576
10,67,-1.25276,0.21099,0.70075,10.91045
10,68,-1.96249,0.05036,0.48679,10.75
10,69,0.06555,0.94777,0.99022,10.5942
10,70,1.12762,0.26012,0.74224,10.44286
10,71,1.45768,0.14567,0.63078,10.29577
10,72,2.76658,0.00591,0.28067,10.15278
10,73,-1.08485,0.27861,0.75761,10.0137
10,74,0.02903,0.97686,0.99579,9.87838
10,75,-1.10504,0.26977,0.74908,9.74667
10,76,0.66532,0.50621,0.87354,9.61842
10,77,0.59812,0.55008,0.8923,9.49351
10,78,0.55626,0.57833,0.89726,9.37179
10,79,0.83558,0.40386,0.82903,9.25316
10,80,-1.99702,0.04647,0.48234,9.1375
10,81,1.09729,0.27314,0.75136,9.02469
10,82,-0.03144,0.97493,0.99577,8.91463
10,83,0.86557,0.38722,0.81818,8.80723
10,84,1.44325,0.14969,0.63756,8.70238
10,85,0.79081,0.4295,0.84184,8.6
10,86,-0.35672,0.72148,0.94035,8.5
10,87,0.02978,0.97626,0.99579,8.4023
10,88,-0.17852,0.8584,0.96795,8.30682
10,89,1.59771,0.11086,0.58787,8.21348
10,90,1.70177,0.08954,0.56015,8.12222
10,91,0.4605,0.64539,0.92009,8.03297
10,92,-0.64764,0.51757,0.87796,7.94565
10,93,0.87707,0.38095,0.81422,7.86022
10,94,-0.33075,0.741,0.94388,7.7766
10,95,-1.6711,0.09544,0.56649,7.69474
10,96,-0.84681,0.39758,0.82649,7.61458
10,97,0.44662,0.65538,0.92213,7.53608
10,98,-0.04742,0.9622,0.99351,7.45918
10,99,0.54615,0.58525,0.89922,7.38384
10,100,-1.42357,0.15531,0.64463,7.31
10,101,1.38127,0.16793,0.65567,7.23762
10,102,-1.00853,0.31378,0.77473,7.16667
10,103,1.15571,0.24845,0.73099,7.09709
10,104,0.49324,0.6221,0.91129,7.02885
10,105,-1.38943,0.16543,0.65528,6.9619
10,106,1.4815,0.13922,0.62153,6.89623
10,107,0.35988,0.71912,0.93942,6.83178
10,108,-0.72293,0.47012,0.86191,6.76852
10,109,0.12045,0.90418,0.97966,6.70642
10,110,-1.68586,0.09256,0.56442,6.64545
10,111,-0.18523,0.85314,0.96795,6.58559
10,112,0.68409,0.49429,0.87129,6.52679
10,113,-2.97336,0.00311,0.2439,6.46903
10,114,0.46746,0.64041,0.91829,6.41228
10,115,0.85808,0.39134,0.82185,6.35652
10,116,-1.43773,0.15125,0.63944,6.30172
10,117,-0.2585,0.79615,0.96039,6.24786
10,118,1.24541,0.21367,0.70428,6.19492
10,119,0.41189,0.68063,0.93022,6.14286
10,120,0.04219,0.96637,0.99522,6.09167
10,121,-0.87706,0.38095,0.81422,6.04132
10,122,1.32045,0.1874,0.67627,5.9918
10,123,-0.22026,0.82577,0.96518,5.94309
10,124,-0.93801,0.34878,0.79468,5.89516
10,125,-0.13931,0.88927,0.97459,5.848
10,126,0.99374,0.32092,0.77797,5.80159
10,127,0.00986,0.99213,0.99807,5.75591
10,128,-0.29722,0.76644,0.95063,5.71094
10,129,-0.25258,0.80071,0.96191,5.66667
10,130,0.90916,0.36378,0.8052,5.62308
10,131,-2.61667,0.0092,0.30278,5.58015
10,132,-1.37581,0.16961,0.6595,5.53788
10,133,-0.5132,0.60808,0.90679,5.49624
10,134,-2.10059,0.03627,0.44594,5.45522
10,135,2.08924,0.03728,0.44844,5.41481
10,136,-1.01215,0.31204,0.77362,5.375
10,137,-1.16498,0.24469,0.72843,5.33577
10,138,1.54731,0.12254,0.60002,5.2971
10,139,-1.65264,0.09915,0.57146,5.25899
10,140,-0.00302,0.99759,0.99887,5.22143
10,141,-3.11715,0.00195,0.1933,5.1844
10,142,1.36194,0.17394,0.66497,5.14789
10,143,-0.50004,0.61731,0.9102,5.11189
10,144,-0.26128,0.794,0.95919,5.07639
10,145,-0.58032,0.56201,0.89408,5.04138
10,146,0.39866,0.69035,0.93358,5.00685
10,147,1.04355,0.29729,0.76877,4.97279
10,148,0.83025,0.40687,0.83058,4.93919
10,149,0.59192,0.55422,0.89335,4.90604
10,150,1.65813,0.09804,0.57103,4.87333
10,151,2.29835,0.02203,0.37879,4.84106
10,152,0.91625,0.36006,0.80208,4.80921
10,153,0.36992,0.71163,0.93669,4.77778
10,154,-1.40047,0.16211,0.65116,4.74675
10,155,-0.70917,0.47861,0.86484,4.71613
10,156,-2.02065,0.04395,0.47441,4.6859
10,157,1.86573,0.06277,0.51221,4.65605
10,158,0.58886,0.55627,0.89335,4.62658
10,159,1.51618,0.13022,0.61043,4.59748
10,160,1.28302,0.20019,0.68999,4.56875
10,161,0.40036,0.6891,0.93358,4.54037
10,162,0.09201,0.92674,0.98429,4.51235
10,163,1.34655,0.17885,0.66845,4.48466
10,164,1.42535,0.1548,0.64409,4.45732
10,165,0.9418,0.34683,0.79313,4.4303
10,166,1.77794,0.07613,0.54071,4.40361
10,167,-0.54984,0.58272,0.89781,4.37725
10,168,0.39925,0.68991,0.93358,4.35119
10,169,0.06109,0.95132,0.99079,4.32544
10,170,0.37381,0.70873,0.93669,4.3
10,171,-1.71806,0.08652,0.55776,4.27485
10,172,0.3979,0.6909,0.93358,4.25
10,173,-1.65539,0.09859,0.57146,4.22543
10,174,0.95443,0.34041,0.7881,4.20115
10,175,0.54054,0.58911,0.90114,4.17714
10,176,2.17215,0.0304,0.41555,4.15341
10,177,-2.70543,0.0071,0.29202,4.12994
10,178,-2.49505,0.01298,0.32706,4.10674
10,179,0.10533,0.91616,0.98165,4.0838
10,180,0.41555,0.67795,0.92941,4.06111
10,181,0.57429,0.56608,0.89434,4.03867
10,182,0.9313,0.35223,0.7971,4.01648
10,183,-1.3294,0.18444,0.67476,3.99454
10,184,-0.24946,0.80313,0.96262,3.97283
10,185,-0.75295,0.4519,0.8502,3.95135
10,186,1.58347,0.11406,0.58872,3.93011
10,187,0.34105,0.73324,0.94257,3.90909
10,188,0.16955,0.86545,0.97079,3.8883
10,189,-0.75788,0.44895,0.84873,3.86772
10,190,-0.52205,0.60191,0.90529,3.84737
10,191,-0.45278,0.65094,0.92144,3.82723
10,192,-1.85938,0.06367,0.51462,3.80729
10,193,0.30527,0.76031,0.94843,3.78756
10,194,1.98788,0.04747,0.48497,3.76804
10,195,-1.60226,0.10985,0.58787,3.74872
10,196,-0.8228,0.41109,0.8317,3.72959
10,197,1.54723,0.12256,0.60002,3.71066
10,198,-0.20636,0.83661,0.96568,3.69192
10,199,1.31395,0.18958,0.68044,3.67337
10,200,1.9266,0.0547,0.48774,3.655
10,201,-1.28051,0.20107,0.69107,3.63682
10,202,-1.78315,0.07528,0.54007,3.61881
10,203,-0.21358,0.83098,0.96518,3.60099
10,204,-0.03422,0.97272,0.99544,3.58333
10,205,-0.26869,0.7883,0.95761,3.56585
10,206,-0.75117,0.45297,0.85061,3.54854
10,207,2.17442,0.03023,0.41525,3.5314
10,208,1.8205,0.06939,0.52846,3.51442
10,209,1.40853,0.15971,0.64784,3.49761
10,210,2.01915,0.0441,0.47502,3.48095
10,211,2.20765,0.02781,0.40079,3.46445
10,212,0.9918,0.32186,0.77846,3.44811
10,213,-0.92868,0.35359,0.79845,3.43192
10,214,-0.4796,0.63176,0.91529,3.41589
10,215,2.47137,0.01385,0.33405,3.4
10,216,3.51211,0.00049,0.13321,3.38426
10,217,0.45281,0.65092,0.92144,3.36866
10,218,2.46656,0.01404,0.33448,3.35321
10,219,-0.26124,0.79404,0.95919,3.3379
10,220,1.8374,0.06685,0.5208,3.32273
10,221,-0.28312,0.77722,0.95525,3.30769
10,222,0.76183,0.44658,0.84795,3.29279
10,223,0.80517,0.42118,0.83804,3.27803
10,224,-0.21414,0.83054,0.96518,3.26339
10,225,-1.2246,0.22141,0.71228,3.24889
10,226,-2.93173,0.00355,0.2439,3.23451
10,227,-2.38849,0.01736,0.35131,3.22026
10,228,-1.08605,0.27808,0.75732,3.20614
10,229,1.40033,0.16215,0.65116,3.19214
10,230,1.10508,0.26976,0.74908,3.17826
10,231,-1.50048,0.13424,0.61519,3.1645
10,232,0.24196,0.80893,0.96322,3.15086
10,233,0.02581,0.97942,0.99628,3.13734
10,234,-0.71958,0.47218,0.8627,3.12393
10,235,0.83563,0.40384,0.82903,3.11064
10,236,-3.17052,0.00163,0.18491,3.09746
10,237,2.4263,0.01567,0.34392,3.08439
10,238,1.13988,0.25498,0.73682,3.07143
10,239,0.33848,0.73517,0.94272,3.05858
10,240,1.08788,0.27727,0.75604,3.04583
10,241,-1.26599,0.20621,0.69391,3.0332
10,242,-2.32892,0.02033,0.36801,3.02066
10,243,-0.66926,0.5037,0.87243,3.00823
10,244,2.46931,0.01393,0.33445,2.9959
10,245,0.12438,0.90107,0.97873,2.98367
10,246,-0.51623,0.60596,0.90679,2.97154
10,247,-0.71838,0.47292,0.8627,2.95951
10,248,-1.34138,0.18052,0.67037,2.94758
10,249,0.02715,0.97835,0.99617,2.93574
10,250,1.2455,0.21364,0.70428,2.924
10,251,-0.4097,0.68223,0.93071,2.91235
10,252,1.30377,0.19302,0.68374,2.90079
10,253,-0.20868,0.8348,0.96568,2.88933
10,254,-1.75794,0.07948,0.54578,2.87795
10,255,-1.36634,0.17256,0.66415,2.86667
10,256,-2.02784,0.0432,0.47155,2.85547
10,257,0.57126,0.56813,0.89517,2.84436
10,258,-0.37008,0.71151,0.93669,2.83333
10,259,-0.06051,0.95178,0.99079,2.82239
10,260,1.17863,0.23921,0.72606,2.81154
10,261,0.26577,0.79054,0.95763,2.80077
10,262,0.19777,0.84332,0.96568,2.79008
10,263,1.2182,0.22383,0.71481,2.77947
10,264,1.41358,0.15822,0.64678,2.76894
10,265,-0.3817,0.70287,0.93519,2.75849
10,266,-0.56541,0.5721,0.89698,2.74812
10,267,0.22396,0.82289,0.96436,2.73783
10,268,0.21153,0.83257,0.96518,2.72761
10,269,3.20376,0.00146,0.18491,2.71747
10,270,0.34316,0.73165,0.94163,2.70741
10,271,-0.3433,0.73154,0.94163,2.69742
10,272,0.18112,0.85636,0.96795,2.6875
10,273,0.61616,0.53812,0.89021,2.67766
10,274,1.93539,0.05361,0.48774,2.66788
10,275,0.53461,0.5932,0.90316,2.65818
10,276,-0.75678,0.4496,0.849,2.64855
10,277,-0.20223,0.83983,0.96568,2.63899
10,278,-0.75822,0.44874,0.84873,2.6295
10,279,0.36608,0.71449,0.9381,2.62007
10,280,-1.32328,0.18646,0.67585,2.61071
10,281,1.32842,0.18476,0.67476,2.60142
10,282,-1.32135,0.1871,0.67596,2.5922
10,283,0.1004,0.92007,0.98284,2.58304
10,284,-0.50038,0.61707,0.9102,2.57394
10,285,-0.47452,0.63537,0.91649,2.56491
10,286,1.41165,0.15879,0.64724,2.55594
10,287,-1.68849,0.09206,0.56374,2.54704
10,288,-0.0659,0.94749,0.99003,2.53819
10,289,-1.40015,0.1622,0.65116,2.52941
10,290,-0.08681,0.93087,0.985,2.52069
10,291,-1.54141,0.12397,0.60171,2.51203
10,292,-0.91586,0.36026,0.80208,2.50342
10,293,1.08239,0.2797,0.75771,2.49488
10,294,0.55772,0.57733,0.89726,2.48639
10,295,-0.92649,0.35472,0.79882,2.47797
10,296,2.34849,0.01931,0.36529,2.46959
10,297,0.31288,0.75453,0.94722,2.46128
10,298,0.08982,0.92847,0.98429,2.45302
10,299,1.75341,0.08026,0.54747,2.44482
10,300,0.7674,0.44327,0.84686,2.43667
10,301,0.04181,0.96667,0.99522,2.42857
10,302,-1.44523,0.14914,0.63741,2.42053
10,303,1.40679,0.16023,0.64898,2.41254
10,304,-0.61124,0.54137,0.89022,2.40461
10,305,-1.60582,0.10906,0.58787,2.39672
10,306,0.20623,0.83671,0.96568,2.38889
10,307,-0.25463,0.79914,0.96183,2.38111
10,308,-0.88907,0.37447,0.81041,2.37338
10,309,0.27446,0.78387,0.95754,2.3657
10,310,-1.79833,0.07284,0.53794,2.35806
10,311,0.06645,0.94705,0.98981,2.35048
10,312,0.20718,0.83597,0.96568,2.34295
10,313,-0.11172,0.9111,0.98058,2.33546
10,314,-0.66365,0.50728,0.8738,2.32803
10,315,-1.27768,0.20207,0.69178,2.32063
10,316,-1.94761,0.05213,0.48723,2.31329
10,317,-0.17948,0.85765,0.96795,2.30599
10,318,0.37371,0.7088,0.93669,2.29874
10,319,0.90547,0.36573,0.8052,2.29154
10,320,-0.28151,0.77846,0.95621,2.28437
10,321,-1.6907,0.09163,0.56328,2.27726
10,322,0.32294,0.7469,0.94574,2.27019
10,323,0.93083,0.35248,0.79729,2.26316
10,324,0.56354,0.57336,0.89706,2.25617
10,325,1.56939,0.11731,0.59467,2.24923
10,326,-1.38534,0.16668,0.65567,2.24233
10,327,-0.17644,0.86004,0.96886,2.23547
10,328,-0.36525,0.71511,0.9381,2.22866
10,329,0.39041,0.69643,0.93358,2.22188
10,330,-0.3958,0.69245,0.93358,2.21515
10,331,-1.33803,0.18161,0.67136,2.20846
10,332,-2.45832,0.01436,0.33508,2.20181
10,333,-0.47543,0.63472,0.91642,2.1952
10,334,0.47257,0.63677,0.91655,2.18862
10,335,0.11147,0.9113,0.98058,2.18209
10,336,0.22012,0.82589,0.96518,2.1756
10,337,-0.76229,0.44631,0.84793,2.16914
10,338,-1.48547,0.13817,0.62034,2.16272
10,339,3.24646,0.00126,0.18491,2.15634
10,340,0.38137,0.70312,0.93519,2.15
10,341,1.12689,0.26043,0.74248,2.1437
10,342,-0.63967,0.52274,0.88029,2.13743
10,343,-1.86263,0.06321,0.51337,2.1312
10,344,-1.03298,0.3022,0.7697,2.125
10,345,-0.84074,0.40097,0.82715,2.11884
10,346,-0.15253,0.87884,0.97313,2.11272
10,347,-1.62803,0.10426,0.57805,2.10663
10,348,0.09804,0.92195,0.98322,2.10057
10,349,1.56728,0.1178,0.5949,2.09456
10,350,-0.27135,0.78626,0.95761,2.08857
10,351,-0.67957,0.49715,0.87129,2.08262
10,352,-0.37825,0.70543,0.93662,2.0767
10,353,0.01188,0.99052,0.99807,2.07082
10,354,0.31867,0.75013,0.94608,2.06497
10,355,0.87403,0.3826,0.8152,2.05915
10,356,-0.18019,0.85709,0.96795,2.05337
10,357,-2.25376,0.02472,0.38506,2.04762
10,358,0.64213,0.52114,0.87915,2.0419
10,359,-1.64582,0.10055,0.57358,2.03621
10,360,0.20313,0.83913,0.96568,2.03056
10,361,0.42769,0.6691,0.92737,2.02493
10,362,1.48376,0.13862,0.62094,2.01934
10,363,0.05375,0.95716,0.99266,2.01377
10,364,-1.42097,0.15606,0.64547,2.00824
10,365,0.47624,0.63415,0.91589,2.00274
11,1,-0.3464,0.72922,0.94112,1319.0
11,2,-0.99948,0.31813,0.77662,659.5
11,3,1.94685,0.05222,0.48723,439.66667
11,4,-1.25256,0.21106,0.70076,329.75
11,5,-0.16858,0.86621,0.97079,263.8
11,6,0.5519,0.58131,0.89736,219.83333
11,7,-0.62268,0.53383,0.88694,188.42857
11,8,1.73089,0.0842,0.55546,164.875
11,9,-2.72268,0.00674,0.29202,146.55556
11,10,0.45761,0.64747,0.92016,131.9
11,11,0.13823,0.89012,0.9748,119.90909
11,12,-1.2749,0.20304,0.69219,109.91667
11,13,-0.78079,0.43537,0.84448,101.46154
11,14,-2.10654,0.03575,0.44509,94.21429
11,15,1.39689,0.16318,0.65116,87.93333
11,16,1.1822,0.23779,0.72606,82.4375
11,17,1.47773,0.14023,0.62153,77.58824
11,18,0.37773,0.70582,0.93664,73.27778
11,19,1.33594,0.18229,0.67213,69.42105
11,20,0.99691,0.31938,0.77725,65.95
11,21,0.2361,0.81347,0.96339,62.80952
11,22,0.20352,0.83883,0.96568,59.95455
11,23,-0.61909,0.53619,0.88938,57.34783
11,24,0.33336,0.73903,0.94333,54.95833
11,25,1.90782,0.05709,0.49244,52.76
11,26,-0.07055,0.94379,0.98855,50.73077
11,27,0.42203,0.67322,0.92833,48.85185
11,28,2.07917,0.0382,0.44944,47.10714
11,29,-1.29823,0.19492,0.68602,45.48276
11,30,-1.34742,0.17857,0.66776,43.96667
11,31,-0.65132,0.51519,0.87796,42.54839
11,32,-2.03358,0.04262,0.47022,41.21875
11,33,-0.662,0.50833,0.87411,39.9697
11,34,-0.69464,0.48767,0.86994,38.79412
11,35,-0.33218,0.73992,0.94333,37.68571
11,36,1.61257,0.10759,0.58525,36.63889
11,37,1.13921,0.25526,0.73691,35.64865
11,38,0.72262,0.47031,0.86191,34.71053
11,39,-1.96203,0.05042,0.48679,33.82051
11,40,-0.7408,0.45923,0.85484,32.975
11,41,-0.76993,0.44177,0.84532,32.17073
11,42,1.45344,0.14685,0.63297,31.40476
11,43,0.68762,0.49207,0.87033,30.67442
11,44,-1.51642,0.13016,0.61043,29.97727
11,45,-0.8897,0.37414,0.81032,29.31111
11,46,-1.29442,0.19623,0.6866,28.67391
11,47,0.7289,0.46647,0.859,28.06383
11,48,-0.85287,0.39422,0.8236,27.47917
11,49,1.73457,0.08355,0.55367,26.91837
11,50,0.44824,0.65421,0.92144,26.38
11,51,-1.44201,0.15004,0.63756,25.86275
11,52,0.70405,0.48179,0.86607,25.36538
11,53,-0.62435,0.53273,0.88608,24.88679
11,54,1.92669,0.05469,0.48774,24.42593
11,55,-0.28654,0.77461,0.95419,23.98182
11,56,0.58263,0.56045,0.89388,23.55357
11,57,-1.3727,0.17057,0.66018,23.14035
11,58,0.10882,0.9134,0.98058,22.74138
11,59,-0.71895,0.47257,0.8627,22.35593
11,60,2.54968,0.01113,0.31305,21.98333
11,61,-1.01023,0.31296,0.77422,21.62295
11,62,0.9114,0.36261,0.80386,21.27419
11,63,0.14878,0.88179,0.97334,20.93651
11,64,1.15903,0.2471,0.73099,20.60938
11,65,0.56642,0.57141,0.89625,20.29231
11,66,0.11381,0.90945,0.98056,19.98485
11,67,-0.32375,0.74628,0.94574,19.68657
11,68,0.75748,0.44918,0.84873,19.39706
11,69,-0.55221,0.5811,0.89726,19.11594
11,70,0.89594,0.3708,0.80752,18.84286
11,71,-0.02151,0.98285,0.99628,18.57746
11,72,2.58902,0.00996,0.30691,18.31944
11,73,1.05537,0.29186,0.76654,18.06849
11,74,-0.42661,0.66988,0.92747,17.82432
11,75,0.42879,0.66829,0.92703,17.58667
11,76,-0.77957,0.43608,0.84461,17.35526
11,77,-0.57477,0.56575,0.89423,17.12987
11,78,-0.75407,0.45123,0.84957,16.91026
11,79,0.14353,0.88594,0.97334,16.6962
11,80,1.17231,0.24173,0.72687,16.4875
11,81,-0.31248,0.75483,0.94722,16.28395
11,82,-0.52642,0.59888,0.90473,16.08537
11,83,0.07528,0.94002,0.98804,15.89157
11,84,-1.14722,0.25194,0.73541,15.70238
11,85,-1.28201,0.20054,0.69041,15.51765
11,86,2.26535,0.024,0.38361,15.33721
11,87,-1.07297,0.2839,0.76187,15.16092
11,88,-2.23042,0.02624,0.39199,14.98864
11,89,-0.12947,0.89705,0.97739,14.82022
11,90,-0.12629,0.89956,0.97826,14.65556
11,91,1.59671,0.11108,0.58787,14.49451
11,92,-1.12609,0.26077,0.74277,14.33696
11,93,2.53927,0.01147,0.31388,14.1828
11,94,0.41065,0.68154,0.93037,14.03191
11,95,0.27495,0.78349,0.95754,13.88421
11,96,1.26383,0.20699,0.69517,13.73958
11,97,-0.66707,0.50509,0.87304,13.59794
11,98,-1.26442,0.20678,0.69506,13.45918
11,99,1.54646,0.12274,0.60033,13.32323
11,100,0.10467,0.91669,0.98194,13.19
11,101,0.25308,0.80033,0.96191,13.05941
11,102,-1.27299,0.20372,0.69219,12.93137
11,103,-0.32037,0.74885,0.94608,12.80583
11,104,-0.87861,0.38011,0.8136,12.68269
11,105,0.79201,0.4288,0.84177,12.5619
11,106,0.96778,0.33371,0.78502,12.4434
11,107,-0.95887,0.33818,0.78792,12.3271
11,108,-0.76742,0.44326,0.84686,12.21296
11,109,-2.40752,0.01649,0.34826,12.10092
11,110,0.1958,0.84486,0.96602,11.99091
11,111,1.96346,0.05025,0.48679,11.88288
11,112,-0.78498,0.43291,0.84396,11.77679
11,113,2.34118,0.01969,0.36666,11.67257
11,114,1.34967,0.17784,0.6668,11.57018
11,115,-1.11294,0.26637,0.74795,11.46957
11,116,-1.31982,0.18761,0.67661,11.37069
11,117,-0.77699,0.4376,0.84461,11.2735
11,118,2.09831,0.03647,0.44594,11.17797
11,119,-2.28836,0.02261,0.37883,11.08403
11,120,1.65199,0.09928,0.57146,10.99167
11,121,1.38866,0.16567,0.65528,10.90083
11,122,0.4755,0.63467,0.91642,10.81148
11,123,-2.4732,0.01378,0.33398,10.72358
11,124,1.13564,0.25675,0.73784,10.6371
11,125,1.00985,0.31314,0.77422,10.552
11,126,-1.01109,0.31255,0.77385,10.46825
11,127,-2.65403,0.00825,0.29622,10.38583
11,128,1.46412,0.14391,0.62729,10.30469
11,129,1.83087,0.06783,0.52412,10.22481
11,130,-0.10684,0.91496,0.98114,10.14615
11,131,-1.13043,0.25894,0.74076,10.0687
11,132,-0.51912,0.60395,0.90529,9.99242
11,133,-0.59625,0.55133,0.89303,9.91729
11,134,-0.66261,0.50794,0.87397,9.84328
11,135,1.28335,0.20007,0.68999,9.77037
11,136,-1.20632,0.22837,0.71626,9.69853
11,137,2.70474,0.00711,0.29202,9.62774
11,138,-0.13419,0.89331,0.97634,9.55797
11,139,2.92589,0.00362,0.2439,9.48921
11,140,0.06282,0.94994,0.99079,9.42143
11,141,1.23518,0.21745,0.70875,9.35461
11,142,0.79067,0.42958,0.84184,9.28873
11,143,0.15419,0.87753,0.97312,9.22378
11,144,-0.22993,0.81825,0.96403,9.15972
11,145,2.39305,0.01715,0.35131,9.09655
11,146,0.51146,0.6093,0.90707,9.03425
11,147,0.89388,0.3719,0.80824,8.97279
11,148,-0.61258,0.54048,0.89022,8.91216
11,149,0.45593,0.64868,0.92062,8.85235
11,150,0.79783,0.42542,0.8407,8.79333
11,151,-0.21481,0.83002,0.96518,8.7351
11,152,0.39093,0.69605,0.93358,8.67763
11,153,2.04746,0.04123,0.46622,8.62092
11,154,0.33885,0.73489,0.94272,8.56494
11,155,0.03023,0.9759,0.99579,8.50968
11,156,-2.33403,0.02006,0.3674,8.45513
11,157,0.07407,0.94099,0.98835,8.40127
11,158,-0.72601,0.46823,0.86053,8.3481
11,159,-1.73491,0.08349,0.55367,8.2956
11,160,0.39978,0.68952,0.93358,8.24375
11,161,-1.5915,0.11225,0.58787,8.19255
11,162,0.34643,0.72919,0.94112,8.14198
11,163,-0.51326,0.60804,0.90679,8.09202
11,164,-1.03231,0.30252,0.77029,8.04268
11,165,0.73427,0.46319,0.85664,7.99394
11,166,-1.59565,0.11132,0.58787,7.94578
11,167,0.16454,0.86938,0.97086,7.8982
11,168,0.67079,0.50272,0.87235,7.85119
11,169,-0.19877,0.84254,0.96568,7.80473
11,170,-1.8576,0.06392,0.51583,7.75882
11,171,0.51883,0.60415,0.90529,7.71345
11,172,-0.21362,0.83095,0.96518,7.6686
11,173,-0.32465,0.74561,0.94546,7.62428
11,174,-0.16825,0.86646,0.97086,7.58046
11,175,-0.70574,0.48074,0.86572,7.53714
11,176,1.5234,0.12841,0.60755,7.49432
11,177,0.4975,0.6191,0.9102,7.45198
11,178,-0.31602,0.75214,0.94675,7.41011
11,179,-0.61693,0.53762,0.89021,7.36872
11,180,1.75425,0.08011,0.54723,7.32778
11,181,-1.48019,0.13957,0.62153,7.28729
11,182,-1.92999,0.05428,0.48774,7.24725
11,183,1.86786,0.06247,0.51186,7.20765
11,184,0.94181,0.34683,0.79313,7.16848
11,185,1.28536,0.19937,0.68904,7.12973
11,186,1.1821,0.23783,0.72606,7.0914
11,187,1.32928,0.18447,0.67476,7.05348
11,188,0.55946,0.57615,0.89726,7.01596
11,189,-1.65603,0.09846,0.57146,6.97884
11,190,0.88426,0.37706,0.81247,6.94211
11,191,-0.21418,0.83051,0.96518,6.90576
11,192,-0.17192,0.86358,0.97045,6.86979
11,193,-1.72632,0.08502,0.55608,6.8342
11,194,-0.51326,0.60804,0.90679,6.79897
11,195,-1.72032,0.08611,0.55776,6.7641
11,196,0.92755,0.35417,0.79879,6.72959
11,197,-1.96583,0.04997,0.48679,6.69543
11,198,-0.68958,0.49084,0.87014,6.66162
11,199,0.24194,0.80895,0.96322,6.62814
11,200,-1.89151,0.05924,0.49943,6.595
11,201,0.38142,0.70309,0.93519,6.56219
11,202,2.25488,0.02465,0.38506,6.5297
11,203,0.0335,0.97329,0.99544,6.49754
11,204,-2.16739,0.03076,0.41715,6.46569
11,205,-0.58566,0.55842,0.89335,6.43415
11,206,1.78008,0.07578,0.54013,6.40291
11,207,-1.73071,0.08423,0.55546,6.37198
11,208,0.5034,0.61495,0.90909,6.34135
11,209,0.50582,0.61325,0.90821,6.311
11,210,0.64784,0.51744,0.87796,6.28095
11,211,0.60711,0.54411,0.89022,6.25118
11,212,-1.49452,0.13579,0.61735,6.2217
11,213,0.77985,0.43591,0.84461,6.19249
11,214,0.21397,0.83067,0.96518,6.16355
11,215,0.70617,0.48047,0.86572,6.13488
11,216,-1.10489,0.26983,0.74908,6.10648
11,217,-2.62426,0.009,0.30241,6.07834
11,218,1.94352,0.05262,0.48723,6.05046
11,219,0.47405,0.63571,0.91653,6.02283
11,220,-0.77754,0.43728,0.84461,5.99545
11,221,0.08781,0.93007,0.98486,5.96833
11,222,-1.14501,0.25285,0.73541,5.94144
11,223,-0.41417,0.67896,0.92941,5.9148
11,224,0.24658,0.80535,0.96294,5.88839
11,225,-1.26787,0.20554,0.69391,5.86222
11,226,-1.28581,0.19921,0.68904,5.83628
11,227,1.24388,0.21424,0.70532,5.81057
11,228,-0.04806,0.96169,0.99351,5.78509
11,229,0.27084,0.78665,0.95761,5.75983
11,230,1.41208,0.15866,0.64724,5.73478
11,231,1.03082,0.30321,0.77035,5.70996
11,232,0.27081,0.78667,0.95761,5.68534
11,233,2.06616,0.03942,0.45346,5.66094
11,234,0.51174,0.6091,0.90707,5.63675
11,235,0.44862,0.65394,0.92144,5.61277
11,236,0.36077,0.71845,0.93941,5.58898
11,237,-0.97225,0.33148,0.78364,5.5654
11,238,0.24901,0.80347,0.96262,5.54202
11,239,0.67525,0.49989,0.8715,5.51883
11,240,1.51668,0.1301,0.61043,5.49583
11,241,1.36363,0.17341,0.66463,5.47303
11,242,-0.3001,0.76425,0.94913,5.45041
11,243,-0.5188,0.60417,0.90529,5.42798
11,244,-0.49316,0.62216,0.91129,5.40574
11,245,0.60876,0.54301,0.89022,5.38367
11,246,-2.45819,0.01436,0.33508,5.36179
11,247,2.0449,0.04148,0.4675,5.34008
11,248,3.65289,0.00029,0.11685,5.31855
11,249,0.16862,0.86617,0.97079,5.29719
11,250,1.78698,0.07466,0.53906,5.276
11,251,-0.57554,0.56523,0.89423,5.25498
11,252,-0.35227,0.72481,0.94112,5.23413
11,253,-1.90746,0.05714,0.49244,5.21344
11,254,0.39101,0.69599,0.93358,5.19291
11,255,0.35793,0.72057,0.94022,5.17255
11,256,1.787,0.07465,0.53906,5.15234
11,257,1.24838,0.21258,0.70279,5.1323
11,258,-0.46855,0.63963,0.91829,5.1124
11,259,0.82484,0.40993,0.83153,5.09266
11,260,-0.99995,0.31791,0.77662,5.07308
11,261,-1.78367,0.0752,0.54007,5.05364
11,262,-1.28556,0.1993,0.68904,5.03435
11,263,-1.41752,0.15707,0.64657,5.01521
11,264,-1.99559,0.04662,0.48289,4.99621
11,265,-0.03127,0.97507,0.99577,4.97736
11,266,2.32254,0.02068,0.36952,4.95865
11,267,1.03125,0.30301,0.77029,4.94007
11,268,0.00485,0.99613,0.99864,4.92164
11,269,-2.47936,0.01355,0.32929,4.90335
11,270,-0.28336,0.77704,0.95522,4.88519
11,271,-1.92638,0.05473,0.48774,4.86716
11,272,-0.78183,0.43475,0.84396,4.84926
11,273,-3.63744,0.00031,0.11798,4.8315
11,274,2.33814,0.01985,0.36666,4.81387
11,275,0.05627,0.95515,0.99216,4.79636
11,276,2.28311,0.02292,0.37883,4.77899
11,277,-3.05504,0.00239,0.21904,4.76173
11,278,-1.47733,0.14033,0.62153,4.7446
11,279,2.92456,0.00364,0.2439,4.7276
11,280,0.95521,0.34002,0.7881,4.71071
11,281,0.23722,0.8126,0.96339,4.69395
11,282,-0.34779,0.72817,0.94112,4.6773
11,283,1.82839,0.0682,0.52532,4.66078
11,284,0.98249,0.32642,0.78015,4.64437
11,285,0.83232,0.4057,0.82931,4.62807
11,286,-0.24199,0.8089,0.96322,4.61189
11,287,0.69184,0.48942,0.86994,4.59582
11,288,1.76884,0.07764,0.54339,4.57986
11,289,-0.83934,0.40175,0.82752,4.56401
11,290,0.30137,0.76328,0.94906,4.54828
11,291,0.29703,0.76659,0.95063,4.53265
11,292,1.3606,0.17437,0.66497,4.51712
11,293,1.04588,0.29621,0.76877,4.50171
11,294,0.68615,0.493,0.8705,4.48639
11,295,-0.80392,0.4219,0.83852,4.47119
11,296,0.58421,0.55939,0.89335,4.45608
11,297,-0.20365,0.83873,0.96568,4.44108
11,298,-2.46522,0.01409,0.33491,4.42617
11,299,0.41833,0.67592,0.9288,4.41137
11,300,-0.31996,0.74916,0.94608,4.39667
11,301,0.66967,0.50344,0.87239,4.38206
11,302,0.97587,0.32969,0.78208,4.36755
11,303,-0.80632,0.42051,0.83761,4.35314
11,304,0.8862,0.37601,0.81164,4.33882
11,305,0.05275,0.95796,0.99266,4.32459
11,306,1.15102,0.25037,0.73353,4.31046
11,307,1.04744,0.29549,0.76877,4.29642
11,308,0.92707,0.35442,0.7988,4.28247
11,309,-0.14874,0.88183,0.97334,4.26861
11,310,1.31886,0.18793,0.67679,4.25484
11,311,0.28111,0.77876,0.95621,4.24116
11,312,0.01799,0.98566,0.99712,4.22756
11,313,1.52052,0.12913,0.60867,4.21406
11,314,-1.9161,0.05603,0.4906,4.20064
11,315,-1.04062,0.29865,0.76889,4.1873
11,316,-0.74839,0.45464,0.85262,4.17405
11,317,-0.27842,0.78082,0.95697,4.16088
11,318,-0.3758,0.70726,0.93669,4.1478
11,319,0.79658,0.42614,0.84127,4.1348
11,320,0.77965,0.43603,0.84461,4.12188
11,321,-2.02409,0.04359,0.47275,4.10903
11,322,-1.61426,0.10722,0.58471,4.09627
11,323,-1.58334,0.11409,0.58872,4.08359
11,324,-0.32309,0.74678,0.94574,4.07099
11,325,-0.02102,0.98324,0.99628,4.05846
11,326,-1.74135,0.08235,0.55012,4.04601
11,327,1.00453,0.3157,0.77621,4.03364
11,328,-2.30754,0.02151,0.37496,4.02134
11,329,-1.16723,0.24378,0.72804,4.00912
11,330,0.68029,0.49669,0.87129,3.99697
11,331,0.0796,0.93659,0.98764,3.98489
11,332,-1.35066,0.17753,0.6668,3.97289
11,333,-0.82702,0.40869,0.83153,3.96096
11,334,0.74634,0.45588,0.85267,3.9491
11,335,-0.08095,0.93552,0.98722,3.93731
11,336,0.42571,0.67054,0.92747,3.9256
11,337,0.02831,0.97743,0.99584,3.91395
11,338,-0.04647,0.96296,0.99374,3.90237
11,339,1.84258,0.06609,0.51975,3.89086
11,340,-0.26412,0.79182,0.95808,3.87941
11,341,0.20504,0.83764,0.96568,3.86804
11,342,-0.1082,0.91389,0.98058,3.85673
11,343,1.58056,0.11473,0.58929,3.84548
11,344,-0.5211,0.60257,0.90529,3.8343
11,345,-0.7741,0.43931,0.84461,3.82319
11,346,-1.21024,0.22686,0.71594,3.81214
11,347,-0.38008,0.70408,0.93581,3.80115
11,348,-0.61909,0.53619,0.88938,3.79023
11,349,-1.00343,0.31623,0.77662,3.77937
11,350,-0.17122,0.86413,0.97063,3.76857
11,351,0.89812,0.36963,0.80639,3.75783
11,352,-0.94495,0.34522,0.79254,3.74716
11,353,-2.38792,0.01738,0.35131,3.73654
11,354,-0.79282,0.42833,0.84175,3.72599
11,355,0.06772,0.94604,0.98944,3.71549
11,356,-0.72251,0.47038,0.86191,3.70506
11,357,1.64256,0.10122,0.57524,3.69468
11,358,-0.1837,0.85434,0.96795,3.68436
11,359,-1.32129,0.18712,0.67596,3.67409
11,360,0.32307,0.7468,0.94574,3.66389
11,361,-0.6678,0.50463,0.87261,3.65374
11,362,1.14063,0.25467,0.73656,3.64365
11,363,-0.07663,0.93896,0.98804,3.63361
11,364,-1.71361,0.08734,0.55818,3.62363
11,365,-3.81093,0.00016,0.10669,3.6137
11,366,0.57127,0.56812,0.89517,3.60383
11,367,1.90171,0.05789,0.49286,3.59401
11,368,-2.51912,0.01213,0.3173,3.58424
11,369,0.0411,0.96723,0.99543,3.57453
11,370,-1.54047,0.12419,0.60196,3.56486
11,371,0.86086,0.3898,0.82052,3.55526
11,372,-1.6513,0.09942,0.57146,3.5457
11,373,0.16561,0.86854,0.97086,3.53619
11,374,0.15195,0.8793,0.97325,3.52674
11,375,1.54037,0.12422,0.60196,3.51733
11,376,-0.68835,0.49161,0.87025,3.50798
11,377,0.24607,0.80575,0.96305,3.49867
11,378,0.10165,0.91908,0.98251,3.48942
11,379,-0.91102,0.3628,0.80396,3.48021
11,380,-1.40049,0.1621,0.65116,3.47105
11,381,-0.56442,0.57277,0.89698,3.46194
11,382,0.75827,0.44871,0.84873,3.45288
11,383,-2.22241,0.02679,0.39607,3.44386
11,384,0.47404,0.63572,0.91653,3.4349
11,385,0.28561,0.77531,0.95438,3.42597
11,386,0.18972,0.84962,0.96747,3.4171
11,387,-1.90259,0.05778,0.49286,3.40827
11,388,1.73881,0.0828,0.55146,3.39948
11,389,0.95094,0.34218,0.79006,3.39075
11,390,0.05772,0.954,0.99155,3.38205
11,391,1.66231,0.09719,0.56929,3.3734
11,392,-0.30333,0.76179,0.94843,3.3648
11,393,0.42099,0.67398,0.92859,3.35623
11,394,1.64977,0.09973,0.57161,3.34772
11,395,2.30871,0.02144,0.37496,3.33924
11,396,-0.1871,0.85167,0.96795,3.33081
11,397,-0.02451,0.98046,0.99628,3.32242
11,398,0.41631,0.6774,0.92941,3.31407
11,399,0.45873,0.64666,0.92016,3.30576
11,400,0.72025,0.47177,0.8626,3.2975
11,401,1.20502,0.22887,0.71682,3.28928
11,402,1.02738,0.30483,0.7706,3.28109
11,403,-1.07037,0.28506,0.76187,3.27295
11,404,0.52531,0.59964,0.90529,3.26485
11,405,0.31301,0.75443,0.94722,3.25679
11,406,-0.9271,0.3544,0.7988,3.24877
11,407,0.28707,0.7742,0.95419,3.24079
11,408,0.30346,0.76169,0.94843,3.23284
11,409,0.84532,0.39841,0.82649,3.22494
11,410,0.18947,0.84981,0.96747,3.21707
11,411,-0.46046,0.64542,0.92009,3.20925
11,412,-0.33623,0.73686,0.94306,3.20146
11,413,0.5196,0.60361,0.90529,3.1937
11,414,-0.81816,0.41373,0.83237,3.18599
11,415,0.50434,0.61429,0.90888,3.17831
11,416,-1.59155,0.11224,0.58787,3.17067
11,417,-1.56223,0.11898,0.59658,3.16307
11,418,-2.01132,0.04493,0.47861,3.1555
11,419,-1.64027,0.10169,0.5756,3.14797
11,420,-0.96767,0.33376,0.78502,3.14048
11,421,0.67671,0.49896,0.87129,3.13302
11,422,-1.29903,0.19464,0.68581,3.12559
11,423,0.53181,0.59514,0.90362,3.1182
11,424,-0.84594,0.39807,0.82649,3.11085
11,425,1.95342,0.05143,0.48723,3.10353
11,426,-0.69646,0.48652,0.86971,3.09624
11,427,-1.78955,0.07424,0.53906,3.08899
11,428,1.4746,0.14107,0.62153,3.08178
11,429,1.11057,0.26738,0.74887,3.07459
11,430,-0.07743,0.93832,0.98804,3.06744
11,431,0.54577,0.58551,0.89934,3.06032
11,432,-0.70132,0.48349,0.86684,3.05324
11,433,0.35898,0.71979,0.9396,3.04619
11,434,-0.38207,0.7026,0.93519,3.03917
11,435,0.53158,0.5953,0.90362,3.03218
11,436,1.25516,0.21012,0.69988,3.02523
11,437,-0.07131,0.94318,0.98852,3.01831
11,438,-0.55557,0.5788,0.89726,3.01142
11,439,-0.91949,0.35837,0.80096,3.00456
11,440,2.54065,0.01142,0.31388,2.99773
11,441,-0.29044,0.77162,0.95341,2.99093
11,442,1.03466,0.30142,0.76947,2.98416
11,443,-1.82139,0.06926,0.52824,2.97743
11,444,-1.40867,0.15967,0.64784,2.97072
11,445,1.75772,0.07952,0.54578,2.96404
11,446,-0.38764,0.69848,0.93417,2.9574
11,447,0.84914,0.39628,0.82548,2.95078
11,448,1.47103,0.14203,0.62352,2.9442
11,449,1.18404,0.23706,0.72503,2.93764
11,450,1.22035,0.22301,0.71415,2.93111
11,451,-1.52305,0.1285,0.60768,2.92461
11,452,0.26034,0.79473,0.9598,2.91814
11,453,-0.337,0.73628,0.94272,2.9117
11,454,1.41791,0.15695,0.64657,2.90529
11,455,-0.19923,0.84218,0.96568,2.8989
11,456,0.24923,0.8033,0.96262,2.89254
11,457,0.17447,0.86158,0.96994,2.88621
11,458,1.17491,0.24069,0.72613,2.87991
11,459,0.84164,0.40047,0.82706,2.87364
11,460,1.04029,0.2988,0.76889,2.86739
11,461,1.33627,0.18218,0.67208,2.86117
11,462,0.39053,0.69634,0.93358,2.85498
11,463,1.39852,0.16269,0.65116,2.84881
11,464,2.6425,0.00854,0.2998,2.84267
11,465,-0.80669,0.4203,0.83751,2.83656
11,466,-1.1015,0.2713,0.74936,2.83047
11,467,-0.13093,0.89589,0.97728,2.82441
11,468,-0.11652,0.9073,0.98053,2.81838
11,469,-0.35713,0.72117,0.94035,2.81237
11,470,1.93654,0.05347,0.48774,2.80638
11,471,2.10321,0.03604,0.44578,2.80042
11,472,1.15865,0.24726,0.73099,2.79449
11,473,-0.27045,0.78695,0.95761,2.78858
11,474,-2.94991,0.00336,0.2439,2.7827
11,475,-0.56575,0.57187,0.89683,2.77684
11,476,-1.32872,0.18466,0.67476,2.77101
11,477,1.85623,0.06412,0.51583,2.7652
11,478,-0.82436,0.4102,0.83153,2.75941
11,479,1.09186,0.27552,0.75335,2.75365
11,480,-0.71452,0.4753,0.86316,2.74792
11,481,-0.09422,0.92498,0.98397,2.7422
11,482,-1.143,0.25369,0.73541,2.73651
11,483,-0.2762,0.78253,0.95754,2.73085
11,484,1.30199,0.19363,0.68411,2.72521
11,485,-1.04905,0.29476,0.76838,2.71959
11,486,-0.60632,0.54463,0.89022,2.71399
11,487,2.05453,0.04054,0.461,2.70842
11,488,1.52975,0.12683,0.60533,2.70287
11,489,0.49718,0.61932,0.9102,2.69734
11,490,1.01448,0.31094,0.77349,2.69184
11,491,0.48057,0.63107,0.91529,2.68635
11,492,0.03803,0.96968,0.99544,2.68089
11,493,-3.49173,0.00053,0.13613,2.67546
11,494,1.47804,0.14014,0.62153,2.67004
11,495,-1.6341,0.10298,0.57587,2.66465
11,496,1.94037,0.053,0.48723,2.65927
11,497,-0.23744,0.81243,0.96339,2.65392
11,498,0.40262,0.68743,0.93314,2.64859
11,499,1.0258,0.30557,0.7706,2.64329
11,500,0.21473,0.83008,0.96518,2.638
11,501,1.84193,0.06619,0.51975,2.63273
11,502,-0.18414,0.85399,0.96795,2.62749
11,503,0.58062,0.56181,0.89408,2.62227
11,504,1.56638,0.11801,0.59492,2.61706
11,505,0.65775,0.51106,0.87496,2.61188
11,506,-1.48631,0.13794,0.62034,2.60672
11,507,-0.09523,0.92417,0.98381,2.60158
11,508,1.17746,0.23968,0.72606,2.59646
11,509,0.64681,0.5181,0.87796,2.59136
11,510,0.64788,0.51742,0.87796,2.58627
11,511,-0.44601,0.65582,0.92213,2.58121
11,512,1.69053,0.09166,0.56328,2.57617
11,513,0.47823,0.63274,0.91553,2.57115
11,514,0.48104,0.63074,0.91512,2.56615
11,515,-0.30184,0.76292,0.94898,2.56117
11,516,0.96044,0.33738,0.78714,2.5562
11,517,-0.52177,0.6021,0.90529,2.55126
11,518,0.31418,0.75354,0.94722,2.54633
11,519,-0.30806,0.75819,0.94828,2.54143
11,520,0.60813,0.54343,0.89022,2.53654
11,521,-1.24596,0.21347,0.70409,2.53167
11,522,1.28777,0.19853,0.68796,2.52682
11,523,-0.49099,0.62369,0.91147,2.52199
11,524,0.89977,0.36876,0.80606,2.51718
11,525,0.28074,0.77905,0.95624,2.51238
11,526,0.78768,0.43133,0.8427,2.5076
11,527,0.41413,0.67899,0.92941,2.50285
11,528,0.80206,0.42297,0.83868,2.49811
11,529,-2.21231,0.02748,0.40079,2.49338
11,530,0.19757,0.84347,0.96575,2.48868
11,531,1.6557,0.09853,0.57146,2.48399
11,532,1.38916,0.16552,0.65528,2.47932
11,533,-0.36417,0.71591,0.9382,2.47467
11,534,0.32073,0.74858,0.94608,2.47004
11,535,0.87118,0.38415,0.81635,2.46542
11,536,0.72754,0.4673,0.85944,2.46082
11,537,-1.39631,0.16336,0.65128,2.45624
11,538,0.23625,0.81336,0.96339,2.45167
11,539,-0.18126,0.85625,0.96795,2.44712
11,540,-0.7337,0.46354,0.85677,2.44259
11,541,0.67455,0.50033,0.87197,2.43808
11,542,0.80759,0.41978,0.83747,2.43358
11,543,-3.43797,0.00064,0.14654,2.4291
11,544,0.23723,0.8126,0.96339,2.42463
11,545,0.03448,0.97251,0.99544,2.42018
11,546,-1.00214,0.31685,0.77662,2.41575
11,547,1.04448,0.29686,0.76877,2.41133
11,548,0.54374,0.58691,0.90032,2.40693
11,549,0.427,0.6696,0.92743,2.40255
11,550,0.71302,0.47623,0.86385,2.39818
11,551,0.67842,0.49788,0.87129,2.39383
11,552,-1.9173,0.05587,0.4906,2.38949
11,553,0.81983,0.41277,0.83237,2.38517
11,554,0.28717,0.77412,0.95419,2.38087
11,555,-2.20449,0.02803,0.40079,2.37658
11,556,0.71813,0.47308,0.8627,2.3723
11,557,0.07589,0.93954,0.98804,2.36804
11,558,-0.08765,0.9302,0.98486,2.3638
11,559,1.53626,0.12523,0.60381,2.35957
11,560,0.29471,0.76836,0.95115,2.35536
11,561,-0.6271,0.53093,0.88521,2.35116
11,562,-0.10728,0.91462,0.98099,2.34698
11,563,1.24659,0.21324,0.70378,2.34281
11,564,0.04462,0.96443,0.99454,2.33865
11,565,-1.28871,0.19821,0.68751,2.33451
11,566,0.14466,0.88505,0.97334,2.33039
11,567,0.63264,0.52731,0.88329,2.32628
11,568,-0.18436,0.85382,0.96795,2.32218
11,569,1.55433,0.12085,0.59764,2.3181
11,570,1.88219,0.0605,0.50619,2.31404
11,571,-0.81621,0.41484,0.83293,2.30998
11,572,-1.12823,0.25987,0.7419,2.30594
11,573,1.45403,0.14668,0.63296,2.30192
11,574,1.26746,0.20569,0.69391,2.29791
11,575,1.08248,0.27966,0.75771,2.29391
11,576,0.4406,0.65973,0.92348,2.28993
11,577,-0.10067,0.91986,0.98282,2.28596
11,578,1.10332,0.27052,0.74908,2.28201
11,579,-0.78261,0.43429,0.84396,2.27807
11,580,-0.35153,0.72537,0.94112,2.27414
11,581,1.14612,0.25239,0.73541,2.27022
11,582,1.4964,0.1353,0.61682,2.26632
11,583,2.95645,0.00329,0.2439,2.26244
11,584,-1.51549,0.1304,0.61061,2.25856
11,585,0.68522,0.49358,0.87097,2.2547
11,586,0.0522,0.9584,0.99273,2.25085
11,587,-1.14005,0.25491,0.73682,2.24702
11,588,1.16343,0.24531,0.7293,2.2432
11,589,0.29644,0.76704,0.95063,2.23939
11,590,0.02916,0.97675,0.99579,2.23559
11,591,-0.81328,0.41652,0.83468,2.23181
11,592,0.26677,0.78978,0.95761,2.22804
11,593,0.96285,0.33617,0.78536,2.22428
11,594,0.54464,0.58629,0.89985,2.22054
11,595,1.22837,0.21999,0.7113,2.21681
11,596,0.83152,0.40615,0.8298,2.21309
11,597,-1.00863,0.31373,0.77473,2.20938
11,598,-4.37536,2e-05,0.07313,2.20569
11,599,0.83278,0.40544,0.82931,2.202
11,600,-1.19222,0.23384,0.72158,2.19833
11,601,-1.61165,0.10779,0.58557,2.19468
11,602,0.28554,0.77537,0.95438,2.19103
11,603,-3.13022,0.00187,0.18883,2.1874
11,604,0.43128,0.66648,0.92619,2.18377
11,605,-1.12325,0.26197,0.74327,2.18017
11,606,1.48185,0.13913,0.62153,2.17657
11,607,-0.07572,0.93968,0.98804,2.17298
11,608,0.48785,0.62591,0.91283,2.16941
11,609,-0.28417,0.77642,0.95522,2.16585
11,610,-1.91559,0.05609,0.4906,2.1623
11,611,-0.28193,0.77814,0.95621,2.15876
11,612,-0.5532,0.58042,0.89726,2.15523
11,613,1.83716,0.06689,0.5208,2.15171
11,614,-2.2027,0.02816,0.40079,2.14821
11,615,-0.96153,0.33684,0.78627,2.14472
11,616,1.10996,0.26765,0.74898,2.14123
11,617,-2.83031,0.00487,0.27088,2.13776
11,618,-2.15392,0.03181,0.42211,2.1343
11,619,-0.58042,0.56194,0.89408,2.13086
11,620,0.62599,0.53166,0.8855,2.12742
11,621,0.50049,0.61699,0.9102,2.12399
11,622,1.88243,0.06047,0.50619,2.12058
11,623,-0.0927,0.92619,0.98429,2.11717
11,624,-0.58797,0.55687,0.89335,2.11378
11,625,-0.80335,0.42223,0.83868,2.1104
11,626,0.01086,0.99134,0.99807,2.10703
11,627,-1.33376,0.183,0.67278,2.10367
11,628,0.04719,0.96239,0.99351,2.10032
11,629,-1.19099,0.23433,0.72196,2.09698
11,630,-1.03379,0.30183,0.7697,2.09365
11,631,1.87145,0.06197,0.51075,2.09033
11,632,1.93783,0.05331,0.48774,2.08703
11,633,2.69241,0.00738,0.29202,2.08373
11,634,0.7054,0.48095,0.86572,2.08044
11,635,-0.813,0.41668,0.83468,2.07717
11,636,-0.60728,0.54399,0.89022,2.0739
11,637,1.27284,0.20378,0.69219,2.07064
11,638,0.88059,0.37904,0.81287,2.0674
11,639,-0.40738,0.68394,0.93105,2.06416
11,640,1.51613,0.13024,0.61043,2.06094
11,641,0.86117,0.38964,0.82034,2.05772
11,642,-0.85839,0.39116,0.82185,2.05452
11,643,0.53498,0.59295,0.90316,2.05132
11,644,0.82366,0.4106,0.83153,2.04814
11,645,1.92948,0.05434,0.48774,2.04496
11,646,-2.99697,0.00289,0.23882,2.0418
11,647,-1.52137,0.12892,0.60865,2.03864
11,648,-1.44993,0.14782,0.63432,2.03549
11,649,-2.7123,0.00696,0.29202,2.03236
11,650,-0.53771,0.59106,0.90225,2.02923
11,651,-1.51988,0.12929,0.60914,2.02611
11,652,-0.3913,0.69578,0.93358,2.02301
11,653,-0.45161,0.65178,0.92144,2.01991
11,654,-1.80313,0.07208,0.5347,2.01682
11,655,1.01182,0.3122,0.77368,2.01374
11,656,0.86142,0.3895,0.82022,2.01067
11,657,1.29854,0.19481,0.68595,2.00761
11,658,-3.06998,0.00228,0.21546,2.00456
11,659,-1.2461,0.21342,0.70409,2.00152
12,1,-1.4486,0.14819,0.63548,1040.0
12,2,-0.87382,0.38271,0.8152,520.0
12,3,0.09646,0.9232,0.98379,346.66667
12,4,-1.72894,0.08455,0.55555,260.0
12,5,1.06782,0.28621,0.76235,208.0
12,6,1.47901,0.13988,0.62153,173.33333
12,7,-1.79053,0.07409,0.53906,148.57143
12,8,-2.59115,0.0099,0.30691,130.0
12,9,1.55914,0.11971,0.59668,115.55556
12,10,-0.99174,0.32189,0.77846,104.0
12,11,1.92603,0.05477,0.48774,94.54545
12,12,1.68531,0.09267,0.56442,86.66667
12,13,0.10823,0.91387,0.98058,80.0
12,14,-0.93622,0.3497,0.79517,74.28571
12,15,1.12728,0.26026,0.74243,69.33333
12,16,-0.16664,0.86773,0.97086,65.0
12,17,-1.19118,0.23425,0.72196,61.17647
12,18,-1.47828,0.14008,0.62153,57.77778
12,19,0.15552,0.87648,0.97263,54.73684
12,20,2.03543,0.04243,0.47015,52.0
12,21,2.41825,0.01602,0.34528,49.52381
12,22,-0.56477,0.57253,0.89698,47.27273
12,23,-1.02674,0.30513,0.7706,45.21739
12,24,-1.58568,0.11356,0.58839,43.33333
12,25,-1.32354,0.18637,0.67585,41.6
12,26,2.46426,0.01413,0.335,40.0
12,27,0.05743,0.95423,0.99158,38.51852
12,28,1.96004,0.05065,0.48723,37.14286
12,29,-0.10871,0.91348,0.98058,35.86207
12,30,-0.19924,0.84217,0.96568,34.66667
12,31,0.40629,0.68474,0.93157,33.54839
12,32,2.77626,0.00574,0.28048,32.5
12,33,0.52252,0.60158,0.90529,31.51515
12,34,1.40789,0.1599,0.64834,30.58824
12,35,0.86828,0.38573,0.81763,29.71429
12,36,-0.22778,0.81992,0.96403,28.88889
12,37,0.66352,0.50736,0.8738,28.10811
12,38,-0.57842,0.56329,0.89408,27.36842
12,39,0.63664,0.5247,0.88114,26.66667
12,40,0.37388,0.70868,0.93669,26.0
12,41,0.63121,0.52824,0.88382,25.36585
12,42,0.70852,0.47901,0.86484,24.7619
12,43,1.08845,0.27702,0.75576,24.18605
12,44,-1.90031,0.05807,0.49333,23.63636
12,45,0.05147,0.95898,0.99292,23.11111
12,46,0.65953,0.50992,0.8748,22.6087
12,47,0.11743,0.90658,0.9805,22.12766
12,48,0.65034,0.51582,0.87796,21.66667
12,49,-2.72581,0.00668,0.29202,21.22449
12,50,0.35131,0.72553,0.94112,20.8
12,51,-1.2159,0.2247,0.71482,20.39216
12,52,-0.57452,0.56592,0.89423,20.0
12,53,0.39286,0.69462,0.93358,19.62264
12,54,0.05924,0.95279,0.99101,19.25926
12,55,1.39786,0.16289,0.65116,18.90909
12,56,-1.49729,0.13507,0.61616,18.57143
12,57,-0.2306,0.81774,0.96397,18.24561
12,58,-1.67969,0.09376,0.56485,17.93103
12,59,1.16396,0.2451,0.72888,17.62712
12,60,0.48956,0.6247,0.91208,17.33333
12,61,-1.96515,0.05005,0.48679,17.04918
12,62,0.01728,0.98622,0.99721,16.77419
12,63,-0.54023,0.58932,0.90132,16.50794
12,64,-0.79142,0.42914,0.84177,16.25
12,65,0.2877,0.77372,0.95419,16.0
12,66,0.93025,0.35277,0.79778,15.75758
12,67,-0.8451,0.39854,0.82649,15.52239
12,68,0.95697,0.33913,0.78805,15.29412
12,69,0.2835,0.77693,0.95522,15.07246
12,70,1.76256,0.0787,0.54426,14.85714
12,71,-2.87855,0.0042,0.26094,14.64789
12,72,0.93183,0.35195,0.79702,14.44444
12,73,-0.19363,0.84656,0.96664,14.24658
12,74,-0.76024,0.44754,0.8482,14.05405
12,75,-0.03585,0.97142,0.99544,13.86667
12,76,-1.30835,0.19147,0.68282,13.68421
12,77,0.2582,0.79638,0.96039,13.50649
12,78,1.74359,0.08196,0.54828,13.33333
12,79,2.06318,0.03971,0.45515,13.16456
12,80,0.82594,0.4093,0.83153,13.0
12,81,-0.49793,0.61879,0.9102,12.83951
12,82,1.51331,0.13095,0.61093,12.68293
12,83,-0.52464,0.60011,0.90529,12.53012
12,84,2.35564,0.01895,0.36332,12.38095
12,85,0.73013,0.46572,0.85848,12.23529
12,86,-1.29165,0.19719,0.68706,12.09302
12,87,-2.70245,0.00716,0.29202,11.95402
12,88,1.45889,0.14534,0.62988,11.81818
12,89,-0.95712,0.33906,0.78805,11.68539
12,90,1.16876,0.24316,0.72804,11.55556
12,91,0.13566,0.89215,0.97582,11.42857
12,92,-0.02707,0.97842,0.99617,11.30435
12,93,-1.47354,0.14135,0.62204,11.1828
12,94,0.0559,0.95545,0.99223,11.06383
12,95,0.13135,0.89556,0.97728,10.94737
12,96,-2.07535,0.03856,0.44944,10.83333
12,97,1.38357,0.16722,0.65567,10.72165
12,98,2.15089,0.03205,0.42315,10.61224
12,99,2.53447,0.01162,0.31411,10.50505
12,100,-1.28317,0.20014,0.68999,10.4
12,101,1.30488,0.19264,0.68368,10.29703
12,102,1.08156,0.28006,0.75801,10.19608
12,103,0.62989,0.52911,0.88408,10.09709
12,104,-1.53019,0.12672,0.60533,10.0
12,105,-0.88439,0.37699,0.81247,9.90476
12,106,-0.63098,0.5284,0.88393,9.81132
12,107,-0.5638,0.57319,0.89706,9.71963
12,108,1.96692,0.04985,0.48679,9.62963
12,109,1.71701,0.08671,0.55776,9.54128
12,110,0.23969,0.81069,0.96339,9.45455
12,111,-0.17377,0.86213,0.97024,9.36937
12,112,-0.34344,0.73144,0.94163,9.28571
12,113,-1.67223,0.09522,0.56649,9.20354
12,114,-0.72873,0.46657,0.859,9.12281
12,115,-0.5636,0.57333,0.89706,9.04348
12,116,0.96317,0.33602,0.78536,8.96552
12,117,0.88435,0.37701,0.81247,8.88889
12,118,2.8441,0.00467,0.2706,8.81356
12,119,-0.27558,0.783,0.95754,8.7395
12,120,-1.91552,0.0561,0.4906,8.66667
12,121,-0.01456,0.98839,0.99795,8.59504
12,122,-0.55124,0.58176,0.89748,8.52459
12,123,0.81865,0.41345,0.83237,8.45528
12,124,1.37516,0.16981,0.6595,8.3871
12,125,-2.10364,0.036,0.44578,8.32
12,126,-0.91872,0.35877,0.80096,8.25397
12,127,-0.54136,0.58854,0.90068,8.18898
12,128,-2.49046,0.01314,0.32876,8.125
12,129,1.26042,0.20821,0.69615,8.06202
12,130,1.96363,0.05023,0.48679,8.0
12,131,-3.34018,0.00091,0.1573,7.93893
12,132,-0.00202,0.99839,0.99887,7.87879
12,133,1.26218,0.20758,0.6959,7.81955
12,134,-1.5305,0.12664,0.60533,7.76119
12,135,1.78968,0.07422,0.53906,7.7037
12,136,0.91818,0.35905,0.80104,7.64706
12,137,0.77826,0.43685,0.84461,7.59124
12,138,-1.12397,0.26167,0.74308,7.53623
12,139,-1.07246,0.28413,0.76187,7.48201
12,140,-1.00119,0.31731,0.77662,7.42857
12,141,-1.54403,0.12333,0.60171,7.37589
12,142,0.89655,0.37047,0.80716,7.32394
12,143,-0.79647,0.42621,0.84127,7.27273
12,144,1.20808,0.22769,0.71601,7.22222
12,145,-1.32443,0.18608,0.67585,7.17241
12,146,-0.60581,0.54497,0.89022,7.12329
12,147,1.49316,0.13614,0.61786,7.07483
12,148,0.19375,0.84646,0.96664,7.02703
12,149,0.15804,0.8745,0.97263,6.97987
12,150,-2.28478,0.02282,0.37883,6.93333
12,151,-1.10723,0.26883,0.74908,6.88742
12,152,-0.82254,0.41124,0.8317,6.84211
12,153,0.1403,0.88849,0.97405,6.79739
12,154,-0.57989,0.5623,0.89408,6.75325
12,155,-3.12189,0.00192,0.19219,6.70968
12,156,-0.53453,0.59326,0.90316,6.66667
12,157,-3.09829,0.00208,0.20372,6.6242
12,158,0.53242,0.59471,0.90362,6.58228
12,159,0.84507,0.39855,0.82649,6.54088
12,160,0.65589,0.51225,0.87576,6.5
12,161,-1.01206,0.31209,0.77362,6.45963
12,162,2.23095,0.02621,0.39199,6.41975
12,163,2.355,0.01898,0.36332,6.38037
12,164,0.42212,0.67315,0.92833,6.34146
12,165,0.73766,0.46113,0.85569,6.30303
12,166,-1.76782,0.07781,0.54339,6.26506
12,167,-2.004,0.04571,0.48174,6.22754
12,168,0.83241,0.40565,0.82931,6.19048
12,169,-0.56342,0.57345,0.89706,6.15385
12,170,1.11075,0.26731,0.74887,6.11765
12,171,-0.70298,0.48246,0.86632,6.08187
12,172,-1.09582,0.27378,0.75164,6.04651
12,173,1.09931,0.27226,0.75057,6.01156
12,174,-0.98383,0.32576,0.77988,5.97701
12,175,-0.84241,0.40004,0.82706,5.94286
12,176,0.88546,0.37641,0.81233,5.90909
12,177,-1.59777,0.11084,0.58787,5.87571
12,178,-0.68731,0.49227,0.87033,5.8427
12,179,0.61805,0.53688,0.88993,5.81006
12,180,-2.0899,0.03722,0.44826,5.77778
12,181,0.093,0.92594,0.98429,5.74586
12,182,0.95605,0.33959,0.7881,5.71429
12,183,-1.0377,0.3,0.76908,5.68306
12,184,1.57129,0.11687,0.59424,5.65217
12,185,-1.18816,0.23544,0.72343,5.62162
12,186,0.16332,0.87035,0.97086,5.5914
12,187,0.37045,0.71123,0.93669,5.5615
12,188,0.70805,0.47931,0.86485,5.53191
12,189,-1.60924,0.10831,0.58715,5.50265
12,190,-0.12741,0.89867,0.9781,5.47368
12,191,-0.54705,0.58464,0.89869,5.44503
12,192,-1.63618,0.10255,0.57574,5.41667
12,193,0.68362,0.49459,0.87129,5.3886
12,194,-2.22027,0.02693,0.39632,5.36082
12,195,0.3731,0.70926,0.93669,5.33333
12,196,0.62736,0.53076,0.88521,5.30612
12,197,1.91443,0.05624,0.4906,5.27919
12,198,0.72367,0.46967,0.86175,5.25253
12,199,0.43587,0.66315,0.92432,5.22613
12,200,-0.31526,0.75272,0.94713,5.2
12,201,-1.93413,0.05377,0.48774,5.17413
12,202,0.6411,0.5218,0.87981,5.14851
12,203,0.03552,0.97168,0.99544,5.12315
12,204,-0.41938,0.67515,0.9288,5.09804
12,205,1.95289,0.05149,0.48723,5.07317
12,206,-1.05431,0.29234,0.76654,5.04854
12,207,0.29557,0.76771,0.9508,5.02415
12,208,0.15953,0.87332,0.97249,5.0
12,209,-0.8206,0.41234,0.83237,4.97608
12,210,0.24135,0.8094,0.96333,4.95238
12,211,0.00417,0.99668,0.99869,4.92891
12,212,1.91526,0.05613,0.4906,4.90566
12,213,-0.73048,0.4655,0.85836,4.88263
12,214,3.38352,0.00078,0.15222,4.85981
12,215,0.59349,0.55317,0.89307,4.83721
12,216,-1.42729,0.15424,0.64321,4.81481
12,217,0.10526,0.91622,0.98165,4.79263
12,218,-2.15359,0.03184,0.42211,4.77064
12,219,-0.05336,0.95747,0.99266,4.74886
12,220,-2.41163,0.01631,0.34804,4.72727
12,221,-1.05081,0.29395,0.76742,4.70588
12,222,0.45078,0.65238,0.92144,4.68468
12,223,-2.01211,0.04484,0.47861,4.66368
12,224,-0.49245,0.62266,0.91143,4.64286
12,225,-1.14021,0.25484,0.73682,4.62222
12,226,2.6603,0.0081,0.29599,4.60177
12,227,0.26674,0.7898,0.95761,4.5815
12,228,0.02001,0.98405,0.99628,4.5614
12,229,-0.8639,0.38814,0.81905,4.54148
12,230,-0.04925,0.96074,0.99314,4.52174
12,231,0.20375,0.83865,0.96568,4.50216
12,232,-0.35507,0.72272,0.94084,4.48276
12,233,1.15189,0.25002,0.73285,4.46352
12,234,2.15987,0.03135,0.41991,4.44444
12,235,1.17275,0.24156,0.72687,4.42553
12,236,1.0272,0.30492,0.7706,4.40678
12,237,-0.54483,0.58616,0.89978,4.38819
12,238,0.67903,0.49749,0.87129,4.36975
12,239,2.51358,0.01232,0.31958,4.35146
12,240,-1.17878,0.23915,0.72606,4.33333
12,241,0.93321,0.35125,0.79631,4.31535
12,242,-0.94228,0.34659,0.79312,4.29752
12,243,-0.6533,0.51392,0.87761,4.27984
12,244,-1.08584,0.27817,0.75732,4.2623
12,245,0.47446,0.63542,0.91649,4.2449
12,246,0.05048,0.95977,0.99292,4.22764
12,247,-2.07404,0.03868,0.44944,4.21053
12,248,-1.07674,0.28221,0.76005,4.19355
12,249,1.09706,0.27324,0.75136,4.17671
12,250,2.20539,0.02797,0.40079,4.16
12,251,0.71507,0.47496,0.86276,4.14343
12,252,0.18797,0.85099,0.96763,4.12698
12,253,0.32618,0.74445,0.94546,4.11067
12,254,-0.48009,0.63141,0.91529,4.09449
12,255,0.17347,0.86237,0.97029,4.07843
12,256,0.42454,0.67139,0.92785,4.0625
12,257,1.06146,0.28909,0.76512,4.04669
12,258,0.18436,0.85382,0.96795,4.03101
12,259,3.09143,0.00212,0.20636,4.01544
12,260,1.71493,0.08709,0.55818,4.0
12,261,0.27258,0.78531,0.95761,3.98467
12,262,-0.86592,0.38703,0.81818,3.96947
12,263,0.06183,0.95073,0.99079,3.95437
12,264,0.52901,0.59708,0.90375,3.93939
12,265,-1.6063,0.10896,0.58778,3.92453
12,266,1.24258,0.21471,0.70609,3.90977
12,267,-1.58051,0.11474,0.58929,3.89513
12,268,-0.21578,0.82927,0.96518,3.8806
12,269,-2.07372,0.03871,0.44944,3.86617
12,270,1.43902,0.15089,0.63898,3.85185
12,271,0.56533,0.57215,0.89698,3.83764
12,272,-0.87589,0.38159,0.81471,3.82353
12,273,-0.15589,0.87619,0.97263,3.80952
12,274,-1.39633,0.16335,0.65128,3.79562
12,275,2.10487,0.03589,0.44509,3.78182
12,276,-0.39413,0.69369,0.93358,3.76812
12,277,0.77221,0.44042,0.84478,3.75451
12,278,1.29341,0.19658,0.68706,3.74101
12,279,-1.51895,0.12953,0.60938,3.7276
12,280,-0.007,0.99442,0.99835,3.71429
12,281,-2.40581,0.01657,0.34826,3.70107
12,282,-0.48715,0.6264,0.91283,3.68794
12,283,2.58181,0.01016,0.3073,3.67491
12,284,1.04451,0.29685,0.76877,3.66197
12,285,-0.07533,0.93999,0.98804,3.64912
12,286,0.27129,0.7863,0.95761,3.63636
12,287,1.09501,0.27414,0.75186,3.62369
12,288,-1.17608,0.24023,0.72606,3.61111
12,289,1.88582,0.06001,0.50418,3.59862
12,290,-1.63507,0.10278,0.57574,3.58621
12,291,1.19972,0.23092,0.7182,3.57388
12,292,-0.07703,0.93864,0.98804,3.56164
12,293,0.17947,0.85766,0.96795,3.54949
12,294,0.54777,0.58414,0.89833,3.53741
12,295,1.41074,0.15906,0.64746,3.52542
12,296,-2.45185,0.01462,0.33819,3.51351
12,297,2.48214,0.01345,0.32929,3.50168
12,298,-1.46511,0.14363,0.62701,3.48993
12,299,-0.88275,0.37787,0.81247,3.47826
12,300,-0.9313,0.35223,0.7971,3.46667
12,301,-2.60227,0.00959,0.30691,3.45515
12,302,1.27899,0.2016,0.69116,3.44371
12,303,0.47304,0.63643,0.91655,3.43234
12,304,0.99973,0.31802,0.77662,3.42105
12,305,-0.50979,0.61047,0.90707,3.40984
12,306,1.03705,0.30031,0.76908,3.39869
12,307,-2.09278,0.03697,0.44621,3.38762
12,308,-3.17251,0.00162,0.18491,3.37662
12,309,0.65218,0.51464,0.87785,3.3657
12,310,-1.72162,0.08587,0.55727,3.35484
12,311,-1.39998,0.16225,0.65116,3.34405
12,312,-1.87841,0.06101,0.50779,3.33333
12,313,1.37378,0.17024,0.66003,3.32268
12,314,-0.47762,0.63317,0.91588,3.3121
12,315,-1.519,0.12951,0.60938,3.30159
12,316,0.82441,0.41017,0.83153,3.29114
12,317,-0.8708,0.38436,0.81661,3.28076
12,318,1.14898,0.25121,0.73463,3.27044
12,319,2.38837,0.01736,0.35131,3.26019
12,320,1.00977,0.31319,0.77422,3.25
12,321,-0.80278,0.42256,0.83868,3.23988
12,322,-3.40486,0.00073,0.14967,3.22981
12,323,-0.53427,0.59343,0.90316,3.21981
12,324,-0.2672,0.78944,0.95761,3.20988
12,325,0.54164,0.58835,0.90068,3.2
12,326,0.45979,0.64591,0.92016,3.19018
12,327,-1.94834,0.05204,0.48723,3.18043
12,328,1.03778,0.29997,0.76908,3.17073
12,329,-0.36364,0.71631,0.93841,3.16109
12,330,1.34508,0.17932,0.66933,3.15152
12,331,-0.23774,0.8122,0.96339,3.14199
12,332,1.07459,0.28317,0.76154,3.13253
12,333,-0.5804,0.56196,0.89408,3.12312
12,334,0.90111,0.36804,0.80602,3.11377
12,335,2.79842,0.00537,0.27399,3.10448
12,336,-0.28907,0.77267,0.95404,3.09524
12,337,0.46462,0.64244,0.9191,3.08605
12,338,-0.39378,0.69394,0.93358,3.07692
12,339,1.80723,0.07144,0.53426,3.06785
12,340,0.54788,0.58407,0.89833,3.05882
12,341,-1.6382,0.10213,0.57574,3.04985
12,342,1.55101,0.12165,0.59884,3.04094
12,343,-0.73347,0.46368,0.85677,3.03207
12,344,-1.51098,0.13154,0.61197,3.02326
12,345,-0.45226,0.65131,0.92144,3.01449
12,346,2.31142,0.02129,0.37496,3.00578
12,347,-0.95308,0.34109,0.78866,2.99712
12,348,1.28542,0.19935,0.68904,2.98851
12,349,-1.44331,0.14967,0.63756,2.97994
12,350,1.82918,0.06808,0.52526,2.97143
12,351,-0.88401,0.3772,0.81247,2.96296
12,352,-0.01406,0.98879,0.99795,2.95455
12,353,0.01355,0.9892,0.99795,2.94618
12,354,-1.39819,0.16279,0.65116,2.93785
12,355,-1.20776,0.22782,0.71601,2.92958
12,356,1.34757,0.17852,0.66776,2.92135
12,357,-0.2162,0.82894,0.96518,2.91317
12,358,-4.17288,4e-05,0.07313,2.90503
12,359,0.18516,0.85319,0.96795,2.89694
12,360,1.71151,0.08772,0.55925,2.88889
12,361,0.52391,0.60062,0.90529,2.88089
12,362,1.95326,0.05145,0.48723,2.87293
12,363,-1.4876,0.1376,0.61999,2.86501
12,364,-0.42058,0.67428,0.92859,2.85714
12,365,0.07084,0.94356,0.98855,2.84932
12,366,-0.41383,0.67921,0.92941,2.84153
12,367,-0.06923,0.94484,0.98902,2.83379
12,368,-1.21297,0.22582,0.71483,2.82609
12,369,1.75167,0.08056,0.54801,2.81843
12,370,0.98774,0.32384,0.77846,2.81081
12,371,0.67181,0.50207,0.87235,2.80323
12,372,-0.44602,0.65581,0.92213,2.7957
12,373,-0.12062,0.90405,0.97966,2.7882
12,374,-1.47308,0.14147,0.6223,2.78075
12,375,0.22998,0.81822,0.96403,2.77333
12,376,0.35317,0.72414,0.94112,2.76596
12,377,-0.92803,0.35392,0.79845,2.75862
12,378,1.17245,0.24168,0.72687,2.75132
12,379,1.31715,0.1885,0.67732,2.74406
12,380,-0.23075,0.81762,0.96397,2.73684
12,381,1.20862,0.22749,0.71601,2.72966
12,382,-1.25436,0.21041,0.70006,2.72251
12,383,-0.19571,0.84493,0.96602,2.7154
12,384,1.25746,0.20928,0.69763,2.70833
12,385,0.81187,0.41732,0.83495,2.7013
12,386,1.17642,0.24009,0.72606,2.6943
12,387,0.38208,0.7026,0.93519,2.68734
12,388,-1.25578,0.20989,0.69942,2.68041
12,389,1.54165,0.12391,0.60171,2.67352
12,390,0.77577,0.43832,0.84461,2.66667
12,391,0.04024,0.96792,0.99544,2.65985
12,392,0.67569,0.49961,0.8715,2.65306
12,393,0.01018,0.99189,0.99807,2.64631
12,394,-0.92521,0.35538,0.79882,2.63959
12,395,0.86565,0.38717,0.81818,2.63291
12,396,-0.90675,0.36505,0.8052,2.62626
12,397,0.62283,0.53373,0.88694,2.61965
12,398,1.76784,0.07781,0.54339,2.61307
12,399,-0.97425,0.33049,0.7827,2.60652
12,400,0.93721,0.34919,0.79503,2.6
12,401,-1.24928,0.21226,0.7027,2.59352
12,402,-1.44224,0.14998,0.63756,2.58706
12,403,-0.69992,0.48436,0.86768,2.58065
12,404,2.85518,0.00451,0.2706,2.57426
12,405,-0.53506,0.59289,0.90316,2.5679
12,406,0.77626,0.43803,0.84461,2.56158
12,407,1.70134,0.08962,0.56015,2.55528
12,408,0.96737,0.33392,0.78502,2.54902
12,409,1.45968,0.14512,0.62938,2.54279
12,410,0.69173,0.48949,0.86994,2.53659
12,411,1.54231,0.12375,0.60171,2.53041
12,412,0.19145,0.84827,0.96747,2.52427
12,413,0.67142,0.50232,0.87235,2.51816
12,414,1.30312,0.19324,0.68374,2.51208
12,415,-0.43842,0.66131,0.92403,2.50602
12,416,1.25848,0.20891,0.6971,2.5
12,417,1.59559,0.11133,0.58787,2.494
12,418,1.5888,0.11286,0.58787,2.48804
12,419,0.15957,0.8733,0.97249,2.4821
12,420,-1.77652,0.07637,0.54199,2.47619
12,421,-2.39126,0.01723,0.35131,2.47031
12,422,-0.03539,0.97179,0.99544,2.46445
12,423,-1.3542,0.1764,0.66572,2.45863
12,424,-3.06954,0.00228,0.21546,2.45283
12,425,0.23169,0.81689,0.96397,2.44706
12,426,1.09759,0.27301,0.75136,2.44131
12,427,-0.46293,0.64366,0.9191,2.4356
12,428,0.19726,0.84372,0.96581,2.42991
12,429,-1.01771,0.3094,0.77185,2.42424
12,430,0.17334,0.86247,0.97029,2.4186
12,431,-1.56101,0.11927,0.59659,2.41299
12,432,0.00893,0.99288,0.99807,2.40741
12,433,0.67007,0.50318,0.87235,2.40185
12,434,1.75482,0.08002,0.54723,2.39631
12,435,-0.13807,0.89025,0.9748,2.3908
12,436,-0.25139,0.80163,0.96233,2.38532
12,437,2.31762,0.02095,0.37167,2.37986
12,438,-1.4411,0.1503,0.63811,2.37443
12,439,-1.71369,0.08732,0.55818,2.36902
12,440,-1.03743,0.30013,0.76908,2.36364
12,441,-1.10107,0.27149,0.74947,2.35828
12,442,1.33466,0.18271,0.67269,2.35294
12,443,1.67767,0.09415,0.5652,2.34763
12,444,-1.01379,0.31126,0.77349,2.34234
12,445,0.1422,0.88699,0.9734,2.33708
12,446,1.47442,0.14111,0.62153,2.33184
12,447,0.78006,0.43579,0.84461,2.32662
12,448,-0.20128,0.84058,0.96568,2.32143
12,449,-0.6763,0.49922,0.8714,2.31626
12,450,-0.68949,0.4909,0.87014,2.31111
12,451,0.83116,0.40635,0.83004,2.30599
12,452,-1.36543,0.17284,0.66442,2.30088
12,453,-0.73009,0.46574,0.85848,2.29581
12,454,0.50804,0.61169,0.90803,2.29075
12,455,-1.44246,0.14991,0.63756,2.28571
12,456,-0.18234,0.8554,0.96795,2.2807
12,457,-0.50996,0.61034,0.90707,2.27571
12,458,-2.42386,0.01578,0.34496,2.27074
12,459,0.04834,0.96147,0.99351,2.2658
12,460,-0.9027,0.3672,0.80554,2.26087
12,461,0.56455,0.57268,0.89698,2.25597
12,462,0.22519,0.82194,0.96403,2.25108
12,463,-0.92802,0.35393,0.79845,2.24622
12,464,0.64693,0.51803,0.87796,2.24138
12,465,-1.6713,0.0954,0.56649,2.23656
12,466,1.07643,0.28235,0.76005,2.23176
12,467,-1.83334,0.06746,0.52287,2.22698
12,468,0.064,0.949,0.99058,2.22222
12,469,-0.02072,0.98348,0.99628,2.21748
12,470,0.46778,0.64018,0.91829,2.21277
12,471,0.4762,0.63418,0.91589,2.20807
12,472,-0.85322,0.39402,0.82351,2.20339
12,473,0.81095,0.41785,0.83512,2.19873
12,474,0.11989,0.90463,0.97972,2.19409
12,475,0.7095,0.4784,0.86484,2.18947
12,476,1.07836,0.28149,0.7598,2.18487
12,477,-1.50135,0.13401,0.61519,2.18029
12,478,-2.09081,0.03714,0.44781,2.17573
12,479,-0.63735,0.52424,0.88107,2.17119
12,480,1.11068,0.26734,0.74887,2.16667
12,481,-1.50404,0.13332,0.61424,2.16216
12,482,0.97634,0.32946,0.78208,2.15768
12,483,1.18011,0.23862,0.72606,2.15321
12,484,-1.28202,0.20054,0.69041,2.14876
12,485,0.44702,0.65509,0.92196,2.14433
12,486,-0.71901,0.47253,0.8627,2.13992
12,487,0.32472,0.74555,0.94546,2.13552
12,488,0.21557,0.82943,0.96518,2.13115
12,489,0.42785,0.66898,0.92737,2.12679
12,490,-0.11041,0.91214,0.98058,2.12245
12,491,-0.3436,0.73132,0.94163,2.11813
12,492,2.19409,0.02877,0.40497,2.11382
12,493,-1.07845,0.28145,0.7598,2.10953
12,494,0.5486,0.58357,0.89829,2.10526
12,495,2.09972,0.03635,0.44594,2.10101
12,496,-0.51366,0.60776,0.90679,2.09677
12,497,2.25112,0.02489,0.38506,2.09256
12,498,0.32597,0.74461,0.94546,2.08835
12,499,-0.4484,0.65409,0.92144,2.08417
12,500,0.23548,0.81395,0.96339,2.08
12,501,0.24781,0.8044,0.96294,2.07585
12,502,-0.42204,0.67321,0.92833,2.07171
12,503,0.05139,0.95904,0.99292,2.06759
12,504,-0.33275,0.73949,0.94333,2.06349
12,505,-1.27294,0.20374,0.69219,2.05941
12,506,-1.41644,0.15739,0.64659,2.05534
12,507,-2.58597,0.01004,0.3073,2.05128
12,508,-0.26856,0.7884,0.95761,2.04724
12,509,-1.45199,0.14725,0.63322,2.04322
12,510,0.16412,0.86971,0.97086,2.03922
12,511,-0.45375,0.65024,0.92144,2.03523
12,512,1.96387,0.0502,0.48679,2.03125
12,513,0.64039,0.52227,0.88029,2.02729
12,514,1.28976,0.19784,0.68751,2.02335
12,515,0.38121,0.70324,0.93519,2.01942
12,516,-2.69166,0.00739,0.29202,2.0155
12,517,-0.97612,0.32957,0.78208,2.01161
12,518,-0.31651,0.75177,0.94665,2.00772
12,519,1.02318,0.30681,0.77074,2.00385
12,520,1.61347,0.10739,0.58501,2.0
13,1,0.51289,0.60829,0.90679,322.0
13,2,-0.0686,0.94534,0.98913,161.0
13,3,1.51684,0.13006,0.61043,107.33333
13,4,1.13752,0.25597,0.737,80.5
13,5,-1.02174,0.30749,0.77074,64.4
13,6,-0.87214,0.38363,0.81593,53.66667
13,7,0.65632,0.51197,0.87563,46.0
13,8,-1.14754,0.25181,0.73541,40.25
13,9,-1.48508,0.13827,0.62034,35.77778
13,10,1.54451,0.12321,0.60146,32.2
13,11,-0.33329,0.73908,0.94333,29.27273
13,12,0.77294,0.43999,0.84478,26.83333
13,13,0.78246,0.43438,0.84396,24.76923
13,14,0.33221,0.7399,0.94333,23.0
13,15,-2.15149,0.032,0.42315,21.46667
13,16,-0.17333,0.86247,0.97029,20.125
13,17,-2.0136,0.04469,0.47854,18.94118
13,18,-0.9879,0.32377,0.77846,17.88889
13,19,0.5822,0.56074,0.89408,16.94737
13,20,-2.67296,0.00781,0.2957,16.1
13,21,1.44614,0.14888,0.63723,15.33333
13,22,-1.01168,0.31227,0.77368,14.63636
13,23,1.15263,0.24972,0.73258,14.0
13,24,0.76212,0.44641,0.84793,13.41667
13,25,-1.54267,0.12366,0.60171,12.88
13,26,-0.62576,0.53181,0.8855,12.38462
13,27,2.13464,0.03337,0.4319,11.92593
13,28,0.59471,0.55235,0.89307,11.5
13,29,-0.35282,0.7244,0.94112,11.10345
13,30,0.91477,0.36084,0.80242,10.73333
13,31,-0.85992,0.39032,0.8211,10.3871
13,32,0.71967,0.47212,0.8627,10.0625
13,33,1.49331,0.1361,0.61786,9.75758
13,34,-1.54597,0.12286,0.60062,9.47059
13,35,-2.74669,0.00628,0.28626,9.2
13,36,1.10445,0.27003,0.74908,8.94444
13,37,-1.2014,0.23027,0.71773,8.7027
13,38,-0.56165,0.57466,0.89726,8.47368
13,39,0.7042,0.4817,0.86607,8.25641
13,40,-0.59357,0.55312,0.89307,8.05
13,41,-0.39526,0.69285,0.93358,7.85366
13,42,1.55629,0.12039,0.59729,7.66667
13,43,2.08195,0.03795,0.44944,7.48837
13,44,-1.38645,0.16634,0.65541,7.31818
13,45,0.38882,0.69761,0.93407,7.15556
13,46,0.33744,0.73595,0.94272,7.0
13,47,-0.05127,0.95913,0.99292,6.85106
13,48,0.63915,0.52307,0.88033,6.70833
13,49,-0.35013,0.72641,0.94112,6.57143
13,50,0.41693,0.67694,0.92937,6.44
13,51,-2.02978,0.04301,0.47155,6.31373
13,52,-0.84332,0.39953,0.82703,6.19231
13,53,-1.31818,0.18816,0.67707,6.07547
13,54,1.12129,0.2628,0.74395,5.96296
13,55,-0.41411,0.67901,0.92941,5.85455
13,56,-0.42355,0.67211,0.92832,5.75
13,57,0.16808,0.8666,0.97086,5.64912
13,58,0.99794,0.31888,0.77698,5.55172
13,59,1.02853,0.30429,0.7706,5.45763
13,60,-0.69628,0.48664,0.86971,5.36667
13,61,1.29946,0.1945,0.68581,5.27869
13,62,2.1576,0.03152,0.42115,5.19355
13,63,1.12893,0.25957,0.74186,5.11111
13,64,0.99069,0.3224,0.77846,5.03125
13,65,1.32295,0.18657,0.67585,4.95385
13,66,1.06389,0.28799,0.76356,4.87879
13,67,0.30883,0.7576,0.94791,4.80597
13,68,0.51248,0.60859,0.90681,4.73529
13,69,1.3232,0.18648,0.67585,4.66667
13,70,-0.37911,0.70479,0.93639,4.6
13,71,0.75294,0.4519,0.8502,4.53521
13,72,0.78211,0.43459,0.84396,4.47222
13,73,2.86781,0.00434,0.26812,4.41096
13,74,0.86286,0.38871,0.81959,4.35135
13,75,-1.91374,0.05633,0.4906,4.29333
13,76,1.00574,0.31512,0.77593,4.23684
13,77,-0.94498,0.34521,0.79254,4.18182
13,78,-0.86705,0.38641,0.81785,4.12821
13,79,0.57667,0.56447,0.89408,4.07595
13,80,1.1758,0.24034,0.72606,4.025
13,81,1.49946,0.1345,0.61519,3.97531
13,82,-3.6299,0.00032,0.11798,3.92683
13,83,-2.47144,0.01385,0.33405,3.87952
13,84,0.04921,0.96077,0.99314,3.83333
13,85,-1.94231,0.05276,0.48723,3.78824
13,86,1.30746,0.19177,0.68347,3.74419
13,87,-2.797,0.00539,0.27399,3.70115
13,88,-0.83583,0.40372,0.82903,3.65909
13,89,-0.59108,0.55479,0.89335,3.61798
13,90,0.34814,0.72791,0.94112,3.57778
13,91,-0.86382,0.38818,0.81905,3.53846
13,92,1.05265,0.2931,0.76698,3.5
13,93,0.92914,0.35335,0.79845,3.46237
13,94,-0.01581,0.98739,0.99766,3.42553
13,95,0.0357,0.97154,0.99544,3.38947
13,96,3.2451,0.00127,0.18491,3.35417
13,97,-1.60684,0.10884,0.58777,3.31959
13,98,2.02707,0.04328,0.47155,3.28571
13,99,-0.99468,0.32046,0.77752,3.25253
13,100,1.52146,0.12889,0.60865,3.22
13,101,1.97406,0.04903,0.48679,3.18812
13,102,-0.03681,0.97066,0.99544,3.15686
13,103,1.05939,0.29003,0.76572,3.12621
13,104,0.40792,0.68354,0.93105,3.09615
13,105,-1.90429,0.05755,0.49286,3.06667
13,106,-1.22934,0.21963,0.71081,3.03774
13,107,0.49362,0.62183,0.91121,3.00935
13,108,-1.85532,0.06425,0.51583,2.98148
13,109,0.43606,0.66302,0.92432,2.95413
13,110,-0.10641,0.91531,0.98131,2.92727
13,111,1.05964,0.28992,0.76572,2.9009
13,112,0.36577,0.71472,0.9381,2.875
13,113,0.58662,0.55777,0.89335,2.84956
13,114,0.2361,0.81347,0.96339,2.82456
13,115,-1.57087,0.11696,0.59424,2.8
13,116,0.64212,0.52115,0.87915,2.77586
13,117,-1.1613,0.24618,0.73036,2.75214
13,118,-3.15607,0.00171,0.18633,2.72881
13,119,-2.16997,0.03057,0.4156,2.70588
13,120,-3.51252,0.00049,0.13321,2.68333
13,121,0.93948,0.34802,0.79422,2.66116
13,122,1.10547,0.26959,0.74908,2.63934
13,123,0.08029,0.93605,0.98756,2.61789
13,124,0.00826,0.99342,0.99807,2.59677
13,125,-1.28876,0.19819,0.68751,2.576
13,126,1.42422,0.15512,0.64463,2.55556
13,127,-0.08556,0.93186,0.98566,2.53543
13,128,2.43169,0.01544,0.34308,2.51562
13,129,0.24638,0.80551,0.96294,2.49612
13,130,1.38126,0.16793,0.65567,2.47692
13,131,0.88365,0.37739,0.81247,2.45802
13,132,-0.37035,0.71131,0.93669,2.43939
13,133,-0.47653,0.63394,0.91589,2.42105
13,134,-0.32124,0.74819,0.94608,2.40299
13,135,-0.85254,0.3944,0.82378,2.38519
13,136,-0.55713,0.57773,0.89726,2.36765
13,137,-0.08541,0.93198,0.98566,2.35036
13,138,-1.23809,0.21637,0.70666,2.33333
13,139,-1.69264,0.09126,0.56328,2.31655
13,140,1.14398,0.25328,0.73541,2.3
13,141,-0.79539,0.42684,0.84148,2.28369
13,142,-0.496,0.62015,0.91035,2.26761
13,143,-0.43349,0.66488,0.92512,2.25175
13,144,-0.38805,0.69817,0.93417,2.23611
13,145,0.55469,0.5794,0.89726,2.22069
13,146,1.27295,0.20374,0.69219,2.20548
13,147,-1.38317,0.16734,0.65567,2.19048
13,148,-0.95285,0.34121,0.78875,2.17568
13,149,0.05373,0.95717,0.99266,2.16107
13,150,-0.83101,0.40644,0.83004,2.14667
13,151,1.29922,0.19458,0.68581,2.13245
13,152,0.8458,0.39814,0.82649,2.11842
13,153,0.36252,0.71715,0.93884,2.10458
13,154,1.92443,0.05497,0.48835,2.09091
13,155,-0.64755,0.51763,0.87796,2.07742
13,156,0.516,0.60612,0.90679,2.0641
13,157,1.61649,0.10674,0.58271,2.05096
13,158,-0.19813,0.84304,0.96568,2.03797
13,159,-1.49992,0.13438,0.61519,2.02516
13,160,0.50499,0.61383,0.90888,2.0125
13,161,0.94844,0.34345,0.79137,2.0
14,1,-0.15147,0.87968,0.97334,619.0
14,2,-0.06526,0.948,0.99036,309.5
14,3,-0.26465,0.7914,0.95789,206.33333
14,4,-0.56379,0.57319,0.89706,154.75
14,5,1.8264,0.0685,0.52564,123.8
14,6,-0.61077,0.54168,0.89022,103.16667
14,7,1.34445,0.17952,0.66933,88.42857
14,8,1.50045,0.13425,0.61519,77.375
14,9,0.45451,0.64969,0.92128,68.77778
14,10,0.1266,0.89932,0.9782,61.9
14,11,-0.39708,0.69151,0.93358,56.27273
14,12,-0.21664,0.8286,0.96518,51.58333
14,13,0.4258,0.67047,0.92747,47.61538
14,14,-0.87064,0.38444,0.81663,44.21429
14,15,-2.21846,0.02706,0.39756,41.26667
14,16,0.14048,0.88835,0.97405,38.6875
14,17,0.16426,0.86961,0.97086,36.41176
14,18,1.56883,0.11744,0.59478,34.38889
14,19,-0.20917,0.83441,0.96565,32.57895
14,20,-1.54013,0.12428,0.60196,30.95
14,21,0.38132,0.70316,0.93519,29.47619
14,22,-0.45761,0.64747,0.92016,28.13636
14,23,0.37759,0.70592,0.93664,26.91304
14,24,1.90264,0.05777,0.49286,25.79167
14,25,0.09543,0.92402,0.98381,24.76
14,26,-1.90672,0.05724,0.49244,23.80769
14,27,0.10712,0.91474,0.98101,22.92593
14,28,0.29382,0.76904,0.95163,22.10714
14,29,-0.19027,0.84919,0.96747,21.34483
14,30,-0.71416,0.47552,0.86316,20.63333
14,31,1.934,0.05378,0.48774,19.96774
14,32,1.48992,0.13699,0.61902,19.34375
14,33,-0.55894,0.5765,0.89726,18.75758
14,34,-0.69395,0.4881,0.86994,18.20588
14,35,-0.71183,0.47696,0.8642,17.68571
14,36,1.04306,0.29752,0.76877,17.19444
14,37,1.27408,0.20334,0.69219,16.72973
14,38,-0.73468,0.46294,0.85647,16.28947
14,39,-0.73933,0.46012,0.85498,15.87179
14,40,0.21311,0.83134,0.96518,15.475
14,41,-0.59041,0.55523,0.89335,15.09756
14,42,-2.00119,0.04601,0.4819,14.7381
14,43,-0.20953,0.83414,0.96555,14.39535
14,44,-0.78353,0.43376,0.84396,14.06818
14,45,-0.92874,0.35355,0.79845,13.75556
14,46,-0.39509,0.69298,0.93358,13.45652
14,47,-1.44368,0.14957,0.63756,13.17021
14,48,0.3037,0.7615,0.94843,12.89583
14,49,-2.50995,0.01245,0.32057,12.63265
14,50,0.81726,0.41424,0.83272,12.38
14,51,-2.75332,0.00615,0.28626,12.13725
14,52,0.69362,0.4883,0.86994,11.90385
14,53,1.3057,0.19237,0.68357,11.67925
14,54,0.22677,0.82071,0.96403,11.46296
14,55,-0.22027,0.82577,0.96518,11.25455
14,56,-1.24212,0.21488,0.70609,11.05357
14,57,0.17137,0.86402,0.97063,10.85965
14,58,-2.16182,0.03119,0.41934,10.67241
14,59,-0.28854,0.77308,0.95419,10.49153
14,60,-1.23943,0.21588,0.7062,10.31667
14,61,-0.4223,0.67302,0.92833,10.14754
14,62,0.18906,0.85014,0.96747,9.98387
14,63,3.8778,0.00012,0.10192,9.8254
14,64,1.09693,0.2733,0.75136,9.67188
14,65,-4.19429,3e-05,0.07313,9.52308
14,66,0.58313,0.56012,0.89367,9.37879
14,67,-0.56322,0.57359,0.89714,9.23881
14,68,0.99623,0.31971,0.77751,9.10294
14,69,-0.45174,0.65169,0.92144,8.97101
14,70,-0.24383,0.80748,0.96322,8.84286
14,71,-1.9649,0.05008,0.48679,8.71831
14,72,0.92506,0.35546,0.79882,8.59722
14,73,-1.60131,0.11006,0.58787,8.47945
14,74,-0.94571,0.34484,0.79221,8.36486
14,75,-0.1916,0.84814,0.96747,8.25333
14,76,-0.60984,0.54229,0.89022,8.14474
14,77,0.7524,0.45223,0.85059,8.03896
14,78,0.75498,0.45068,0.84933,7.9359
14,79,0.72484,0.46895,0.86106,7.83544
14,80,-0.22819,0.81961,0.96403,7.7375
14,81,-0.74014,0.45963,0.85484,7.64198
14,82,0.68123,0.4961,0.87129,7.54878
14,83,1.35319,0.17672,0.66572,7.45783
14,84,1.67941,0.09381,0.56485,7.36905
14,85,1.21247,0.22601,0.71483,7.28235
14,86,-1.74491,0.08173,0.54828,7.19767
14,87,-0.97607,0.32959,0.78208,7.11494
14,88,1.95784,0.05091,0.48723,7.03409
14,89,0.40559,0.68525,0.93157,6.95506
14,90,0.97904,0.32812,0.78096,6.87778
14,91,1.749,0.08102,0.54823,6.8022
14,92,0.84529,0.39843,0.82649,6.72826
14,93,-2.42776,0.01561,0.34392,6.65591
14,94,0.82033,0.41249,0.83237,6.58511
14,95,0.36481,0.71544,0.9381,6.51579
14,96,-1.77062,0.07735,0.54339,6.44792
14,97,-1.98007,0.04834,0.48679,6.38144
14,98,-0.81758,0.41406,0.83253,6.31633
14,99,-1.99751,0.04641,0.48234,6.25253
14,100,0.21373,0.83086,0.96518,6.19
14,101,0.74146,0.45883,0.85484,6.12871
14,102,-0.53859,0.59046,0.90222,6.06863
14,103,-0.66295,0.50772,0.8738,6.00971
14,104,0.39329,0.6943,0.93358,5.95192
14,105,-1.01504,0.31067,0.77349,5.89524
14,106,1.59105,0.11235,0.58787,5.83962
14,107,0.91744,0.35944,0.80151,5.78505
14,108,-1.23132,0.21889,0.70933,5.73148
14,109,2.24406,0.02535,0.38606,5.6789
14,110,1.58494,0.11373,0.58839,5.62727
14,111,0.98451,0.32543,0.77983,5.57658
14,112,1.46051,0.1449,0.62938,5.52679
14,113,-0.77459,0.43901,0.84461,5.47788
14,114,0.35302,0.72425,0.94112,5.42982
14,115,1.11643,0.26487,0.74664,5.38261
14,116,-2.55277,0.01104,0.31305,5.33621
14,117,1.00448,0.31572,0.77621,5.2906
14,118,-0.11588,0.9078,0.98056,5.24576
14,119,0.20784,0.83546,0.96568,5.20168
14,120,-0.59999,0.54883,0.89184,5.15833
14,121,-1.16037,0.24656,0.73077,5.1157
14,122,0.93528,0.35018,0.79524,5.07377
14,123,-0.31981,0.74927,0.94608,5.03252
14,124,-0.76347,0.44561,0.84793,4.99194
14,125,1.13533,0.25688,0.73784,4.952
14,126,0.20176,0.8402,0.96568,4.9127
14,127,0.07526,0.94004,0.98804,4.87402
14,128,2.15539,0.0317,0.42179,4.83594
14,129,-0.21177,0.83239,0.96518,4.79845
14,130,2.78699,0.00556,0.27821,4.76154
14,131,1.90323,0.05769,0.49286,4.72519
14,132,0.43047,0.66707,0.92641,4.68939
14,133,2.63798,0.00865,0.3006,4.65414
14,134,-2.58285,0.01013,0.3073,4.6194
14,135,-2.04131,0.04184,0.4697,4.58519
14,136,2.52713,0.01186,0.31492,4.55147
14,137,2.54189,0.01138,0.31388,4.51825
14,138,-1.01367,0.31132,0.77349,4.48551
14,139,2.31765,0.02095,0.37167,4.45324
14,140,-1.07152,0.28455,0.76187,4.42143
14,141,-2.63743,0.00866,0.3006,4.39007
14,142,-0.73378,0.46349,0.85677,4.35915
14,143,-1.55263,0.12126,0.59806,4.32867
14,144,0.44832,0.65415,0.92144,4.29861
14,145,-1.54284,0.12362,0.60171,4.26897
14,146,0.48684,0.62663,0.91303,4.23973
14,147,-0.42235,0.67299,0.92833,4.21088
14,148,-1.02899,0.30407,0.7706,4.18243
14,149,1.33625,0.18219,0.67208,4.15436
14,150,0.71721,0.47364,0.8627,4.12667
14,151,-0.76615,0.44402,0.84763,4.09934
14,152,-0.32282,0.74699,0.94575,4.07237
14,153,-0.46485,0.64228,0.9191,4.04575
14,154,0.81851,0.41353,0.83237,4.01948
14,155,2.73523,0.0065,0.29022,3.99355
14,156,0.01604,0.98721,0.99766,3.96795
14,157,0.82527,0.40968,0.83153,3.94268
14,158,1.21192,0.22622,0.71484,3.91772
14,159,0.41708,0.67683,0.92935,3.89308
14,160,-2.5559,0.01094,0.31281,3.86875
14,161,-2.16151,0.03122,0.41934,3.84472
14,162,1.92584,0.0548,0.48774,3.82099
14,163,0.35947,0.71942,0.93957,3.79755
14,164,1.18291,0.23751,0.72596,3.77439
14,165,0.58692,0.55757,0.89335,3.75152
14,166,0.57319,0.56682,0.89487,3.72892
14,167,-0.48393,0.62869,0.91452,3.70659
14,168,-0.30307,0.76199,0.94843,3.68452
14,169,0.67135,0.50237,0.87235,3.66272
14,170,-0.99308,0.32124,0.77798,3.64118
14,171,1.01744,0.30953,0.77185,3.61988
14,172,-0.88648,0.37586,0.81149,3.59884
14,173,-0.30695,0.75904,0.94841,3.57803
14,174,-1.21593,0.22469,0.71482,3.55747
14,175,0.11725,0.90672,0.9805,3.53714
14,176,-0.05808,0.95372,0.99149,3.51705
14,177,0.29065,0.77146,0.95332,3.49718
14,178,0.06829,0.94559,0.98929,3.47753
14,179,-1.84004,0.06646,0.52067,3.4581
14,180,0.12328,0.90194,0.97918,3.43889
14,181,0.08416,0.93297,0.98588,3.41989
14,182,-0.00497,0.99604,0.99864,3.4011
14,183,-1.15694,0.24795,0.73099,3.38251
14,184,0.94251,0.34647,0.79312,3.36413
14,185,-0.07289,0.94193,0.98845,3.34595
14,186,1.25502,0.21017,0.69988,3.32796
14,187,-2.44739,0.0148,0.3396,3.31016
14,188,-1.18436,0.23694,0.72503,3.29255
14,189,-1.76176,0.07883,0.54481,3.27513
14,190,-0.60693,0.54422,0.89022,3.25789
14,191,-0.60917,0.54274,0.89022,3.24084
14,192,-1.62024,0.10593,0.57945,3.22396
14,193,-0.35738,0.72099,0.94035,3.20725
14,194,1.20323,0.22956,0.71773,3.19072
14,195,0.41892,0.67549,0.9288,3.17436
14,196,2.65373,0.00826,0.29622,3.15816
14,197,2.3829,0.01762,0.35448,3.14213
14,198,-1.06091,0.28934,0.76558,3.12626
14,199,-0.26156,0.79379,0.95919,3.11055
14,200,-1.63447,0.10291,0.57587,3.095
14,201,0.61543,0.5386,0.89021,3.0796
14,202,-0.32571,0.74481,0.94546,3.06436
14,203,-0.62446,0.53266,0.88608,3.04926
14,204,0.23629,0.81332,0.96339,3.03431
14,205,0.08349,0.9335,0.98613,3.01951
14,206,1.01484,0.31076,0.77349,3.00485
14,207,0.92519,0.3554,0.79882,2.99034
14,208,0.42603,0.67031,0.92747,2.97596
14,209,-0.88389,0.37726,0.81247,2.96172
14,210,-1.05408,0.29245,0.76654,2.94762
14,211,-1.23639,0.217,0.7078,2.93365
14,212,-0.24014,0.81034,0.96339,2.91981
14,213,0.09549,0.92397,0.98381,2.9061
14,214,0.98055,0.32738,0.78039,2.89252
14,215,-1.6964,0.09055,0.56244,2.87907
14,216,0.56113,0.57501,0.89726,2.86574
14,217,-0.66665,0.50536,0.87304,2.85253
14,218,0.14872,0.88184,0.97334,2.83945
14,219,-0.53647,0.59192,0.90303,2.82648
14,220,0.05337,0.95746,0.99266,2.81364
14,221,0.42024,0.67453,0.9286,2.8009
14,222,-0.41485,0.67846,0.92941,2.78829
14,223,0.16621,0.86807,0.97086,2.77578
14,224,0.39114,0.69589,0.93358,2.76339
14,225,-2.62909,0.00887,0.30241,2.75111
14,226,0.17513,0.86106,0.96957,2.73894
14,227,-1.39333,0.16425,0.65252,2.72687
14,228,0.52079,0.60279,0.90529,2.71491
14,229,-1.29384,0.19643,0.68706,2.70306
14,230,1.0361,0.30075,0.76908,2.6913
14,231,-0.61505,0.53885,0.89021,2.67965
14,232,0.23416,0.81497,0.96365,2.6681
14,233,0.46344,0.64329,0.9191,2.65665
14,234,-0.90724,0.3648,0.8052,2.6453
14,235,-0.29481,0.76828,0.95115,2.63404
14,236,-0.06391,0.94908,0.99058,2.62288
14,237,-0.5892,0.55604,0.89335,2.61181
14,238,-2.00604,0.04549,0.48066,2.60084
14,239,-0.56738,0.57076,0.89593,2.58996
14,240,0.4492,0.65352,0.92144,2.57917
14,241,0.45879,0.64662,0.92016,2.56846
14,242,-0.23605,0.81351,0.96339,2.55785
14,243,0.08748,0.93033,0.98486,2.54733
14,244,1.39431,0.16396,0.65211,2.53689
14,245,0.89222,0.37278,0.80868,2.52653
14,246,-0.54495,0.58608,0.89978,2.51626
14,247,-0.30563,0.76004,0.94841,2.50607
14,248,-1.07774,0.28177,0.7598,2.49597
14,249,-1.99308,0.0469,0.48289,2.48594
14,250,0.65853,0.51056,0.87496,2.476
14,251,-1.07895,0.28123,0.7598,2.46614
14,252,0.77851,0.43671,0.84461,2.45635
14,253,-0.58679,0.55766,0.89335,2.44664
14,254,0.20117,0.84066,0.96568,2.43701
14,255,2.59611,0.00976,0.30691,2.42745
14,256,-1.1669,0.24391,0.72804,2.41797
14,257,1.03749,0.3001,0.76908,2.40856
14,258,-0.49496,0.62089,0.91069,2.39922
14,259,-0.20211,0.83993,0.96568,2.38996
14,260,-0.58846,0.55654,0.89335,2.38077
14,261,1.70959,0.08808,0.55925,2.37165
14,262,-0.10554,0.916,0.98165,2.3626
14,263,-1.52964,0.12686,0.60533,2.35361
14,264,-0.16389,0.8699,0.97086,2.3447
14,265,2.82945,0.00489,0.27088,2.33585
14,266,0.4274,0.6693,0.92737,2.32707
14,267,-1.96683,0.04986,0.48679,2.31835
14,268,-0.66409,0.50699,0.8738,2.3097
14,269,0.75521,0.45054,0.84933,2.30112
14,270,-0.37131,0.71059,0.93669,2.29259
14,271,-1.48516,0.13825,0.62034,2.28413
14,272,0.06642,0.94708,0.98981,2.27574
14,273,0.75231,0.45228,0.85059,2.2674
14,274,0.28461,0.77608,0.95514,2.25912
14,275,0.71159,0.47711,0.86424,2.25091
14,276,-1.19665,0.23212,0.71881,2.24275
14,277,-0.38993,0.69679,0.93381,2.23466
14,278,2.13894,0.03301,0.43017,2.22662
14,279,-0.21273,0.83164,0.96518,2.21864
14,280,-0.3447,0.73049,0.94116,2.21071
14,281,-2.00562,0.04553,0.48066,2.20285
14,282,-0.45388,0.65015,0.92144,2.19504
14,283,-0.45819,0.64705,0.92016,2.18728
14,284,1.19912,0.23116,0.7182,2.17958
14,285,-0.72187,0.47077,0.86204,2.17193
14,286,1.44172,0.15012,0.63764,2.16434
14,287,-1.37556,0.16969,0.6595,2.15679
14,288,0.30701,0.75899,0.94841,2.14931
14,289,-0.22261,0.82395,0.96483,2.14187
14,290,1.69648,0.09053,0.56244,2.13448
14,291,1.7826,0.07537,0.54007,2.12715
14,292,0.5841,0.55946,0.89335,2.11986
14,293,2.67697,0.00772,0.2957,2.11263
14,294,1.79154,0.07392,0.53906,2.10544
14,295,-0.48285,0.62945,0.91452,2.09831
14,296,-2.04296,0.04168,0.46861,2.09122
14,297,1.16901,0.24306,0.72804,2.08418
14,298,0.05987,0.95229,0.99079,2.07718
14,299,-0.14603,0.88397,0.97334,2.07023
14,300,0.59429,0.55264,0.89307,2.06333
14,301,0.54999,0.58261,0.89779,2.05648
14,302,0.62746,0.53069,0.88521,2.04967
14,303,-1.21497,0.22506,0.71482,2.0429
14,304,-0.32461,0.74563,0.94546,2.03618
14,305,-0.30791,0.7583,0.9483,2.02951
14,306,0.6031,0.54676,0.89128,2.02288
14,307,-1.57154,0.11681,0.59424,2.01629
14,308,0.05019,0.95999,0.99294,2.00974
14,309,-0.98451,0.32543,0.77983,2.00324
15,1,1.72458,0.08534,0.55668,602.0
15,2,-2.11152,0.03531,0.44314,301.0
15,3,-4.11978,5e-05,0.07614,200.66667
15,4,-0.59274,0.55367,0.89307,150.5
15,5,0.64391,0.51998,0.87896,120.4
15,6,-0.79177,0.42894,0.84177,100.33333
15,7,0.27051,0.7869,0.95761,86.0
15,8,1.7642,0.07842,0.54422,75.25
15,9,2.24633,0.0252,0.38597,66.88889
15,10,-0.55817,0.57702,0.89726,60.2
15,11,0.78931,0.43037,0.84184,54.72727
15,12,-0.6061,0.54478,0.89022,50.16667
15,13,-0.98951,0.32298,0.77846,46.30769
15,14,0.73308,0.46392,0.85685,43.0
15,15,1.36527,0.17289,0.66442,40.13333
15,16,0.79427,0.42749,0.84149,37.625
15,17,-2.46055,0.01427,0.33508,35.41176
15,18,-0.95729,0.33897,0.78805,33.44444
15,19,0.42339,0.67222,0.92832,31.68421
15,20,0.4641,0.64282,0.9191,30.1
15,21,0.24755,0.8046,0.96294,28.66667
15,22,-1.27055,0.20459,0.69284,27.36364
15,23,1.43659,0.15157,0.63944,26.17391
15,24,0.06002,0.95217,0.99079,25.08333
15,25,0.79857,0.42499,0.84032,24.08
15,26,3.04873,0.00244,0.21904,23.15385
15,27,0.48635,0.62697,0.91313,22.2963
15,28,-0.49901,0.61803,0.9102,21.5
15,29,-2.27679,0.0233,0.38075,20.75862
15,30,-1.0401,0.29889,0.76889,20.06667
15,31,1.35575,0.1759,0.66572,19.41935
15,32,-0.17956,0.85758,0.96795,18.8125
15,33,0.95859,0.33832,0.78802,18.24242
15,34,-3.18213,0.00157,0.18491,17.70588
15,35,-0.67953,0.49718,0.87129,17.2
15,36,2.19116,0.02899,0.40682,16.72222
15,37,-0.07179,0.94281,0.98845,16.27027
15,38,-0.16912,0.86578,0.97079,15.84211
15,39,-0.68075,0.49641,0.87129,15.4359
15,40,-0.41071,0.6815,0.93037,15.05
15,41,-2.30544,0.02163,0.37637,14.68293
15,42,0.33726,0.73609,0.94272,14.33333
15,43,-0.16342,0.87027,0.97086,14.0
15,44,1.82468,0.06876,0.52575,13.68182
15,45,-0.39613,0.69221,0.93358,13.37778
15,46,-2.30438,0.02169,0.37676,13.08696
15,47,-1.48271,0.1389,0.62153,12.80851
15,48,-1.15054,0.25057,0.73361,12.54167
15,49,1.38727,0.16609,0.65541,12.28571
15,50,1.01554,0.31043,0.77333,12.04
15,51,-0.6711,0.50252,0.87235,11.80392
15,52,0.12746,0.89864,0.9781,11.57692
15,53,1.93465,0.0537,0.48774,11.35849
15,54,0.09324,0.92576,0.98429,11.14815
15,55,-0.50218,0.6158,0.9095,10.94545
15,56,0.60363,0.54641,0.89106,10.75
15,57,-1.92274,0.05519,0.48845,10.5614
15,58,-0.04214,0.9664,0.99522,10.37931
15,59,-0.42906,0.6681,0.92702,10.20339
15,60,1.57522,0.11595,0.59274,10.03333
15,61,1.00704,0.31449,0.77535,9.86885
15,62,0.86206,0.38914,0.81999,9.70968
15,63,-0.77078,0.44127,0.84529,9.55556
15,64,0.8556,0.3927,0.82286,9.40625
15,65,0.65957,0.50989,0.8748,9.26154
15,66,1.2165,0.22448,0.71481,9.12121
15,67,-2.77003,0.00585,0.28067,8.98507
15,68,2.48434,0.01337,0.32929,8.85294
15,69,1.35295,0.1768,0.66572,8.72464
15,70,-0.307,0.75899,0.94841,8.6
15,71,0.38188,0.70274,0.93519,8.47887
15,72,1.22317,0.22195,0.71228,8.36111
15,73,0.92521,0.35539,0.79882,8.24658
15,74,0.04653,0.96291,0.99374,8.13514
15,75,2.24293,0.02542,0.38606,8.02667
15,76,-1.04542,0.29643,0.76877,7.92105
15,77,1.53316,0.12599,0.60495,7.81818
15,78,-2.13815,0.03308,0.43045,7.71795
15,79,0.25357,0.79995,0.96191,7.62025
15,80,0.79041,0.42973,0.84184,7.525
15,81,1.66561,0.09653,0.56706,7.4321
15,82,-1.63162,0.10351,0.57601,7.34146
15,83,1.62186,0.10558,0.57945,7.25301
15,84,2.02014,0.044,0.47447,7.16667
15,85,-0.4922,0.62284,0.91147,7.08235
15,86,-1.09153,0.27566,0.75335,7.0
15,87,1.3305,0.18407,0.67458,6.91954
15,88,0.11366,0.90956,0.98056,6.84091
15,89,-1.48053,0.13948,0.62153,6.76404
15,90,-0.8466,0.3977,0.82649,6.68889
15,91,1.47646,0.14057,0.62153,6.61538
15,92,0.01022,0.99185,0.99807,6.54348
15,93,1.11882,0.26385,0.74556,6.47312
15,94,0.10909,0.91318,0.98058,6.40426
15,95,3.02794,0.00261,0.22708,6.33684
15,96,1.66548,0.09656,0.56706,6.27083
15,97,-1.03964,0.2991,0.76901,6.20619
15,98,0.86842,0.38566,0.81763,6.14286
15,99,-1.15687,0.24798,0.73099,6.08081
15,100,-1.67337,0.095,0.56649,6.02
15,101,-0.51262,0.60848,0.90679,5.9604
15,102,0.73173,0.46474,0.85742,5.90196
15,103,-0.98203,0.32665,0.78017,5.84466
15,104,-0.38974,0.69693,0.93384,5.78846
15,105,0.32121,0.74821,0.94608,5.73333
15,106,1.27983,0.20131,0.69107,5.67925
15,107,-2.68551,0.00753,0.29311,5.62617
15,108,0.66941,0.5036,0.87243,5.57407
15,109,-0.11091,0.91174,0.98058,5.52294
15,110,-0.26705,0.78956,0.95761,5.47273
15,111,0.74385,0.45738,0.85363,5.42342
15,112,0.37308,0.70927,0.93669,5.375
15,113,-0.45143,0.65191,0.92144,5.32743
15,114,1.2595,0.20855,0.69657,5.2807
15,115,-0.62335,0.53339,0.8868,5.23478
15,116,-0.24115,0.80955,0.96333,5.18966
15,117,-1.31091,0.1906,0.68162,5.1453
15,118,-1.33441,0.18279,0.67273,5.10169
15,119,-0.65646,0.51189,0.87563,5.05882
15,120,3.73249,0.00022,0.10669,5.01667
15,121,-0.59177,0.55432,0.89335,4.97521
15,122,-0.00711,0.99433,0.99835,4.93443
15,123,0.61001,0.54219,0.89022,4.89431
15,124,0.42523,0.67089,0.92747,4.85484
15,125,-0.46313,0.64351,0.9191,4.816
15,126,-0.6119,0.54093,0.89022,4.77778
15,127,-0.90214,0.3675,0.80558,4.74016
15,128,2.56172,0.01076,0.30987,4.70312
15,129,0.53911,0.59009,0.90209,4.66667
15,130,-4.04802,6e-05,0.08785,4.63077
15,131,-0.5153,0.60661,0.90679,4.59542
15,132,-0.01643,0.9869,0.99766,4.56061
15,133,-2.34069,0.01971,0.36666,4.52632
15,134,-0.2878,0.77364,0.95419,4.49254
15,135,2.16898,0.03064,0.41606,4.45926
15,136,0.24184,0.80902,0.96322,4.42647
15,137,-2.01623,0.04441,0.47683,4.39416
15,138,1.20897,0.22735,0.71601,4.36232
15,139,-0.80254,0.42269,0.83868,4.33094
15,140,0.10172,0.91903,0.98251,4.3
15,141,-1.1152,0.2654,0.74708,4.2695
15,142,-1.17398,0.24107,0.72661,4.23944
15,143,-1.82571,0.0686,0.52564,4.20979
15,144,-0.37322,0.70917,0.93669,4.18056
15,145,0.73655,0.46181,0.85569,4.15172
15,146,0.62081,0.53506,0.88809,4.12329
15,147,1.59506,0.11145,0.58787,4.09524
15,148,-0.18632,0.85228,0.96795,4.06757
15,149,1.82251,0.06909,0.52774,4.04027
15,150,-0.672,0.50195,0.87235,4.01333
15,151,-1.96095,0.05054,0.48679,3.98675
15,152,1.35537,0.17602,0.66572,3.96053
15,153,-1.74842,0.08112,0.54823,3.93464
15,154,1.3864,0.16636,0.65541,3.90909
15,155,2.89883,0.00394,0.2528,3.88387
15,156,0.23325,0.81568,0.96366,3.85897
15,157,1.68147,0.09341,0.56485,3.83439
15,158,-0.54744,0.58436,0.8984,3.81013
15,159,1.13119,0.25862,0.74048,3.78616
15,160,1.38272,0.16748,0.65567,3.7625
15,161,0.25587,0.79818,0.96158,3.73913
15,162,1.5222,0.12871,0.6084,3.71605
15,163,-0.20147,0.84043,0.96568,3.69325
15,164,-0.50782,0.61184,0.90803,3.67073
15,165,-0.18622,0.85236,0.96795,3.64848
15,166,1.29314,0.19667,0.68706,3.62651
15,167,-3.02571,0.00263,0.22708,3.60479
15,168,-0.89834,0.36952,0.80639,3.58333
15,169,-0.00884,0.99295,0.99807,3.56213
15,170,-0.27456,0.78379,0.95754,3.54118
15,171,-1.44576,0.14899,0.63741,3.52047
15,172,-1.80042,0.07251,0.53707,3.5
15,173,-0.05268,0.95801,0.99266,3.47977
15,174,0.03573,0.97152,0.99544,3.45977
15,175,1.00622,0.31488,0.77555,3.44
15,176,-0.27865,0.78065,0.95688,3.42045
15,177,-0.35686,0.72137,0.94035,3.40113
15,178,1.44301,0.14976,0.63756,3.38202
15,179,0.10943,0.91291,0.98058,3.36313
15,180,0.25785,0.79665,0.96055,3.34444
15,181,-0.41543,0.67804,0.92941,3.32597
15,182,0.9975,0.31909,0.77725,3.30769
15,183,-1.0463,0.29602,0.76877,3.28962
15,184,-0.02768,0.97793,0.99608,3.27174
15,185,0.27105,0.78649,0.95761,3.25405
15,186,-0.55065,0.58217,0.89761,3.23656
15,187,1.2841,0.19981,0.68972,3.21925
15,188,1.77353,0.07686,0.54281,3.20213
15,189,-0.46431,0.64266,0.9191,3.18519
15,190,1.02114,0.30777,0.77074,3.16842
15,191,-0.6604,0.50935,0.87474,3.15183
15,192,0.3568,0.72142,0.94035,3.13542
15,193,0.37229,0.70986,0.93669,3.11917
15,194,-0.20397,0.83848,0.96568,3.10309
15,195,-0.96765,0.33377,0.78502,3.08718
15,196,0.63885,0.52327,0.88036,3.07143
15,197,0.25277,0.80057,0.96191,3.05584
15,198,0.71284,0.47634,0.86385,3.0404
15,199,-0.67035,0.503,0.87235,3.02513
15,200,-1.38191,0.16773,0.65567,3.01
15,201,1.42192,0.15579,0.645,2.99502
15,202,0.67239,0.5017,0.87235,2.9802
15,203,-1.52942,0.12691,0.60533,2.96552
15,204,2.14348,0.03265,0.42815,2.95098
15,205,0.03879,0.96908,0.99544,2.93659
15,206,1.34254,0.18014,0.67034,2.92233
15,207,1.45039,0.14769,0.63431,2.90821
15,208,1.33931,0.18119,0.67136,2.89423
15,209,2.00051,0.04609,0.4819,2.88038
15,210,-0.64468,0.51949,0.87859,2.86667
15,211,2.14035,0.0329,0.42944,2.85308
15,212,-0.23701,0.81276,0.96339,2.83962
15,213,1.10818,0.26841,0.74908,2.82629
15,214,-0.14366,0.88584,0.97334,2.81308
15,215,0.5574,0.57755,0.89726,2.8
15,216,0.64307,0.52053,0.87915,2.78704
15,217,-1.71896,0.08635,0.55776,2.77419
15,218,0.18923,0.85,0.96747,2.76147
15,219,-0.57301,0.56694,0.89487,2.74886
15,220,-0.91574,0.36033,0.80208,2.73636
15,221,0.05281,0.95791,0.99266,2.72398
15,222,-0.68307,0.49493,0.87129,2.71171
15,223,-1.7299,0.08438,0.55546,2.69955
15,224,1.04366,0.29724,0.76877,2.6875
15,225,-1.02159,0.30756,0.77074,2.67556
15,226,1.24665,0.21322,0.70378,2.66372
15,227,-1.93039,0.05423,0.48774,2.65198
15,228,-0.46916,0.6392,0.91815,2.64035
15,229,0.69404,0.48804,0.86994,2.62882
15,230,2.25092,0.0249,0.38506,2.61739
15,231,1.30026,0.19422,0.68544,2.60606
15,232,0.01121,0.99107,0.99807,2.59483
15,233,-2.48595,0.01331,0.32929,2.58369
15,234,-1.30552,0.19243,0.68357,2.57265
15,235,1.05706,0.29109,0.76616,2.5617
15,236,-1.22417,0.22157,0.71228,2.55085
15,237,-0.90256,0.36728,0.80554,2.54008
15,238,2.75664,0.00609,0.28493,2.52941
15,239,-0.66464,0.50664,0.87368,2.51883
15,240,0.01257,0.98998,0.99796,2.50833
15,241,-1.32851,0.18473,0.67476,2.49793
15,242,0.59582,0.55162,0.89307,2.4876
15,243,0.02367,0.98113,0.99628,2.47737
15,244,-1.92229,0.05524,0.48845,2.46721
15,245,-0.14033,0.88847,0.97405,2.45714
15,246,-1.20631,0.22837,0.71626,2.44715
15,247,-1.57808,0.1153,0.59047,2.43725
15,248,1.28885,0.19816,0.68751,2.42742
15,249,2.03425,0.04255,0.47015,2.41767
15,250,-2.32871,0.02035,0.36801,2.408
15,251,1.37926,0.16855,0.6566,2.39841
15,252,1.65646,0.09837,0.57146,2.38889
15,253,-0.60492,0.54556,0.89066,2.37945
15,254,0.84326,0.39956,0.82703,2.37008
15,255,-1.68227,0.09326,0.56485,2.36078
15,256,-1.63644,0.10249,0.57574,2.35156
15,257,-1.18017,0.2386,0.72606,2.34241
15,258,1.4997,0.13444,0.61519,2.33333
15,259,-0.09963,0.92068,0.9831,2.32432
15,260,0.41761,0.67644,0.92906,2.31538
15,261,1.4422,0.14999,0.63756,2.30651
15,262,0.24542,0.80625,0.96312,2.29771
15,263,1.01949,0.30856,0.77116,2.28897
15,264,-0.9746,0.33032,0.7827,2.2803
15,265,-0.67922,0.49737,0.87129,2.2717
15,266,-0.78455,0.43316,0.84396,2.26316
15,267,0.63018,0.52892,0.88408,2.25468
15,268,1.15397,0.24916,0.73178,2.24627
15,269,-0.97964,0.32782,0.78071,2.23792
15,270,-0.7206,0.47155,0.86255,2.22963
15,271,-0.58124,0.56139,0.89408,2.2214
15,272,-0.68522,0.49358,0.87097,2.21324
15,273,-2.54577,0.01126,0.31305,2.20513
15,274,-0.09238,0.92644,0.98429,2.19708
15,275,1.63927,0.1019,0.57574,2.18909
15,276,0.07247,0.94227,0.98845,2.18116
15,277,0.57806,0.56353,0.89408,2.17329
15,278,-0.48042,0.63118,0.91529,2.16547
15,279,0.09956,0.92074,0.9831,2.15771
15,280,-1.62286,0.10537,0.57945,2.15
15,281,-0.08879,0.92929,0.98445,2.14235
15,282,0.86433,0.3879,0.81905,2.13475
15,283,1.46346,0.14409,0.62729,2.12721
15,284,1.59829,0.11073,0.58787,2.11972
15,285,0.53235,0.59477,0.90362,2.11228
15,286,1.31772,0.18831,0.67707,2.1049
15,287,-1.18636,0.23615,0.72405,2.09756
15,288,-0.74029,0.45954,0.85484,2.09028
15,289,1.41926,0.15656,0.64634,2.08304
15,290,-2.4794,0.01355,0.32929,2.07586
15,291,-2.25326,0.02476,0.38506,2.06873
15,292,0.65939,0.51001,0.87481,2.06164
15,293,0.77053,0.44141,0.84532,2.05461
15,294,0.12205,0.90291,0.97918,2.04762
15,295,-1.0136,0.31136,0.77349,2.04068
15,296,-0.31261,0.75473,0.94722,2.03378
15,297,-0.60688,0.54425,0.89022,2.02694
15,298,-0.99888,0.31842,0.77662,2.02013
15,299,-2.83797,0.00476,0.2706,2.01338
15,300,1.47648,0.14056,0.62153,2.00667
15,301,0.33768,0.73577,0.94272,2.0
16,1,1.27898,0.20161,0.69116,855.0
16,2,-1.06805,0.28611,0.76235,427.5
16,3,-1.76548,0.07821,0.54413,285.0
16,4,-2.52824,0.01183,0.31492,213.75
16,5,-0.19903,0.84234,0.96568,171.0
16,6,-0.65665,0.51176,0.87557,142.5
16,7,0.90411,0.36645,0.8052,122.14286
16,8,-1.64981,0.09973,0.57161,106.875
16,9,0.6151,0.53882,0.89021,95.0
16,10,-0.55387,0.57996,0.89726,85.5
16,11,0.51393,0.60757,0.90679,77.72727
16,12,-1.02761,0.30472,0.7706,71.25
16,13,1.35746,0.17536,0.66572,65.76923
16,14,-1.98204,0.04812,0.48679,61.07143
16,15,0.76947,0.44204,0.84564,57.0
16,16,0.68276,0.49513,0.87129,53.4375
16,17,0.47141,0.63759,0.91696,50.29412
16,18,1.09649,0.27349,0.75137,47.5
16,19,1.15961,0.24686,0.73099,45.0
16,20,-0.10467,0.91669,0.98194,42.75
16,21,1.56987,0.11719,0.59441,40.71429
16,22,-1.13532,0.25689,0.73784,38.86364
16,23,1.15403,0.24914,0.73178,37.17391
16,24,-2.93851,0.00348,0.2439,35.625
16,25,0.3613,0.71806,0.93917,34.2
16,26,-0.50952,0.61066,0.90707,32.88462
16,27,0.87728,0.38083,0.81422,31.66667
16,28,1.13164,0.25843,0.74037,30.53571
16,29,-1.18631,0.23617,0.72405,29.48276
16,30,1.58816,0.113,0.58787,28.5
16,31,-0.53428,0.59343,0.90316,27.58065
16,32,-0.2469,0.8051,0.96294,26.71875
16,33,-0.35552,0.72238,0.94059,25.90909
16,34,-0.99074,0.32238,0.77846,25.14706
16,35,-0.17757,0.85915,0.96818,24.42857
16,36,-0.463,0.64361,0.9191,23.75
16,37,0.90042,0.36841,0.80606,23.10811
16,38,0.46345,0.64328,0.9191,22.5
16,39,-2.24885,0.02504,0.38506,21.92308
16,40,-1.85556,0.06421,0.51583,21.375
16,41,-0.26299,0.79269,0.9586,20.85366
16,42,-2.68835,0.00746,0.29202,20.35714
16,43,-1.26899,0.20514,0.69391,19.88372
16,44,-0.8811,0.37877,0.81267,19.43182
16,45,0.07686,0.93877,0.98804,19.0
16,46,0.09007,0.92828,0.98429,18.58696
16,47,2.16999,0.03057,0.4156,18.19149
16,48,0.0055,0.99562,0.99851,17.8125
16,49,-0.60433,0.54595,0.89094,17.44898
16,50,0.43496,0.66381,0.92466,17.1
16,51,-0.73538,0.46252,0.85625,16.76471
16,52,2.49941,0.01282,0.32475,16.44231
16,53,-0.64755,0.51763,0.87796,16.13208
16,54,-1.65458,0.09875,0.57146,15.83333
16,55,1.13756,0.25595,0.737,15.54545
16,56,1.02299,0.3069,0.77074,15.26786
16,57,0.38741,0.69865,0.93417,15.0
16,58,0.70558,0.48084,0.86572,14.74138
16,59,1.58612,0.11346,0.58839,14.49153
16,60,1.37675,0.16932,0.65878,14.25
16,61,-1.03948,0.29918,0.76901,14.01639
16,62,1.02569,0.30562,0.7706,13.79032
16,63,-0.79345,0.42796,0.84174,13.57143
16,64,1.24133,0.21517,0.70609,13.35938
16,65,0.71759,0.47341,0.8627,13.15385
16,66,1.31158,0.19037,0.6813,12.95455
16,67,1.33364,0.18304,0.67278,12.76119
16,68,-0.40572,0.68515,0.93157,12.57353
16,69,1.62816,0.10424,0.57805,12.3913
16,70,-0.33388,0.73864,0.9433,12.21429
16,71,0.46708,0.64069,0.91832,12.04225
16,72,-0.24097,0.80969,0.96333,11.875
16,73,1.29724,0.19526,0.68602,11.71233
16,74,-3.4115,0.00071,0.14967,11.55405
16,75,0.43672,0.66254,0.92432,11.4
16,76,1.3215,0.18705,0.67596,11.25
16,77,0.35264,0.72453,0.94112,11.1039
16,78,0.70369,0.48201,0.86607,10.96154
16,79,-0.01331,0.98938,0.99795,10.82278
16,80,2.05077,0.04091,0.4631,10.6875
16,81,-0.61484,0.53899,0.89021,10.55556
16,82,-0.53183,0.59513,0.90362,10.42683
16,83,0.39428,0.69357,0.93358,10.3012
16,84,-0.07041,0.9439,0.98855,10.17857
16,85,-0.51138,0.60935,0.90707,10.05882
16,86,1.47923,0.13982,0.62153,9.94186
16,87,-0.16793,0.86672,0.97086,9.82759
16,88,-1.39742,0.16302,0.65116,9.71591
16,89,0.34967,0.72676,0.94112,9.60674
16,90,-1.07321,0.28379,0.76187,9.5
16,91,-0.96382,0.33569,0.78503,9.3956
16,92,-0.91442,0.36102,0.80247,9.29348
16,93,2.63333,0.00877,0.30144,9.19355
16,94,1.82796,0.06826,0.52532,9.09574
16,95,2.56926,0.01053,0.30987,9.0
16,96,0.59324,0.55334,0.89307,8.90625
16,97,1.07116,0.28471,0.76187,8.81443
16,98,3.24153,0.00128,0.18491,8.72449
16,99,0.81973,0.41283,0.83237,8.63636
16,100,-1.57921,0.11504,0.58944,8.55
16,101,-0.60872,0.54304,0.89022,8.46535
16,102,-0.6502,0.51592,0.87796,8.38235
16,103,-0.86969,0.38496,0.817,8.30097
16,104,-1.05784,0.29073,0.76582,8.22115
16,105,-1.37204,0.17078,0.66018,8.14286
16,106,-0.65558,0.51245,0.87585,8.06604
16,107,0.56002,0.57576,0.89726,7.99065
16,108,1.85945,0.06366,0.51462,7.91667
16,109,0.00289,0.9977,0.99887,7.84404
16,110,1.04179,0.29811,0.76889,7.77273
16,111,-0.47235,0.63692,0.91655,7.7027
16,112,1.62186,0.10558,0.57945,7.63393
16,113,-1.45672,0.14594,0.63139,7.56637
16,114,1.3744,0.17005,0.65981,7.5
16,115,0.30069,0.7638,0.94913,7.43478
16,116,0.81997,0.41269,0.83237,7.37069
16,117,2.61701,0.00919,0.30278,7.30769
16,118,-0.70826,0.47917,0.86484,7.24576
16,119,0.83721,0.40295,0.82857,7.18487
16,120,-0.45384,0.65018,0.92144,7.125
16,121,-1.10153,0.27129,0.74936,7.06612
16,122,0.43146,0.66635,0.92614,7.0082
16,123,0.92048,0.35785,0.80096,6.95122
16,124,0.51961,0.60361,0.90529,6.89516
16,125,-0.24189,0.80898,0.96322,6.84
16,126,0.25265,0.80066,0.96191,6.78571
16,127,-1.81135,0.0708,0.53285,6.73228
16,128,-2.92754,0.0036,0.2439,6.67969
16,129,-0.08916,0.929,0.9843,6.62791
16,130,0.81688,0.41446,0.83293,6.57692
16,131,0.18587,0.85264,0.96795,6.52672
16,132,-0.44261,0.65828,0.92312,6.47727
16,133,0.00427,0.9966,0.99869,6.42857
16,134,-0.39307,0.69447,0.93358,6.3806
16,135,-0.75732,0.44928,0.84873,6.33333
16,136,0.59967,0.54905,0.89184,6.28676
16,137,-0.95759,0.33882,0.78805,6.24088
16,138,-0.09086,0.92765,0.98429,6.19565
16,139,-0.3289,0.7424,0.94435,6.15108
16,140,-0.26473,0.79135,0.95789,6.10714
16,141,-0.2146,0.83018,0.96518,6.06383
16,142,-1.07132,0.28464,0.76187,6.02113
16,143,0.2412,0.80952,0.96333,5.97902
16,144,0.74796,0.4549,0.85263,5.9375
16,145,-0.15592,0.87617,0.97263,5.89655
16,146,1.28949,0.19793,0.68751,5.85616
16,147,-1.96795,0.04973,0.48679,5.81633
16,148,2.2079,0.02779,0.40079,5.77703
16,149,1.23405,0.21787,0.70925,5.73826
16,150,0.8998,0.36874,0.80606,5.7
16,151,-0.61428,0.53936,0.89021,5.66225
16,152,-1.46313,0.14418,0.62729,5.625
16,153,2.07233,0.03884,0.44944,5.58824
16,154,0.21503,0.82985,0.96518,5.55195
16,155,2.58963,0.00994,0.30691,5.51613
16,156,0.89927,0.36902,0.80606,5.48077
16,157,-1.73866,0.08282,0.55146,5.44586
16,158,0.51847,0.6044,0.90529,5.41139
16,159,-1.18525,0.23659,0.72503,5.37736
16,160,-0.96161,0.33679,0.78627,5.34375
16,161,0.72975,0.46595,0.85854,5.31056
16,162,1.04257,0.29774,0.76877,5.27778
16,163,-0.42281,0.67265,0.92832,5.2454
16,164,1.65396,0.09888,0.57146,5.21341
16,165,0.36209,0.71747,0.93899,5.18182
16,166,0.61587,0.53831,0.89021,5.1506
16,167,1.43238,0.15278,0.64119,5.11976
16,168,1.36095,0.17426,0.66497,5.08929
16,169,-0.46016,0.64564,0.92016,5.05917
16,170,1.91855,0.05572,0.4906,5.02941
16,171,-0.02156,0.98281,0.99628,5.0
16,172,0.14613,0.88389,0.97334,4.97093
16,173,-1.62531,0.10484,0.57941,4.9422
16,174,0.37406,0.70855,0.93669,4.91379
16,175,0.47276,0.63663,0.91655,4.88571
16,176,0.03431,0.97265,0.99544,4.85795
16,177,0.56946,0.56935,0.89554,4.83051
16,178,-2.36856,0.01831,0.35851,4.80337
16,179,-0.45252,0.65112,0.92144,4.77654
16,180,2.19551,0.02867,0.40479,4.75
16,181,1.12359,0.26183,0.74308,4.72376
16,182,1.22565,0.22101,0.71161,4.6978
16,183,-0.0223,0.98222,0.99628,4.67213
16,184,-1.16634,0.24414,0.72804,4.64674
16,185,-0.21471,0.8301,0.96518,4.62162
16,186,0.51386,0.60762,0.90679,4.59677
16,187,-0.96545,0.33487,0.78502,4.57219
16,188,0.26588,0.79046,0.95763,4.54787
16,189,1.06616,0.28696,0.76264,4.52381
16,190,-0.21131,0.83275,0.96518,4.5
16,191,1.70419,0.08908,0.56015,4.47644
16,192,0.53304,0.59429,0.90353,4.45312
16,193,0.78475,0.43304,0.84396,4.43005
16,194,-0.81108,0.41778,0.83512,4.40722
16,195,-1.41459,0.15793,0.64664,4.38462
16,196,-2.57954,0.01023,0.30837,4.36224
16,197,-0.08463,0.9326,0.98588,4.3401
16,198,-2.02568,0.04343,0.47184,4.31818
16,199,-0.35324,0.72409,0.94112,4.29648
16,200,0.20039,0.84127,0.96568,4.275
16,201,-0.76449,0.445,0.84791,4.25373
16,202,0.51559,0.60641,0.90679,4.23267
16,203,-1.65214,0.09925,0.57146,4.21182
16,204,-0.18707,0.8517,0.96795,4.19118
16,205,-0.21447,0.83028,0.96518,4.17073
16,206,0.98882,0.32332,0.77846,4.15049
16,207,1.06301,0.28839,0.76406,4.13043
16,208,1.95514,0.05123,0.48723,4.11058
16,209,2.50027,0.01279,0.32475,4.09091
16,210,-0.86398,0.38809,0.81905,4.07143
16,211,0.41293,0.67987,0.92981,4.05213
16,212,1.91381,0.05632,0.4906,4.03302
16,213,-0.19273,0.84726,0.96699,4.01408
16,214,0.61538,0.53864,0.89021,3.99533
16,215,-0.01168,0.99068,0.99807,3.97674
16,216,0.55373,0.58006,0.89726,3.95833
16,217,-1.00978,0.31318,0.77422,3.94009
16,218,-0.0362,0.97114,0.99544,3.92202
16,219,1.08692,0.27769,0.75677,3.90411
16,220,-0.72781,0.46713,0.85944,3.88636
16,221,-1.54656,0.12272,0.60033,3.86878
16,222,-1.76569,0.07817,0.54413,3.85135
16,223,0.04101,0.96731,0.99543,3.83408
16,224,-0.26258,0.79301,0.95868,3.81696
16,225,1.46501,0.14366,0.62701,3.8
16,226,0.16194,0.87143,0.97176,3.78319
16,227,-1.47561,0.14079,0.62153,3.76652
16,228,1.17714,0.2398,0.72606,3.75
16,229,-0.80094,0.42362,0.83918,3.73362
16,230,-0.22465,0.82236,0.96403,3.71739
16,231,-0.79308,0.42818,0.84175,3.7013
16,232,-2.2987,0.02201,0.37879,3.68534
16,233,-1.06587,0.28709,0.76264,3.66953
16,234,-0.20464,0.83795,0.96568,3.65385
16,235,1.53391,0.1258,0.60475,3.6383
16,236,0.3827,0.70213,0.93519,3.62288
16,237,1.20058,0.23059,0.71773,3.60759
16,238,-1.70419,0.08908,0.56015,3.59244
16,239,2.07825,0.03829,0.44944,3.57741
16,240,-0.21979,0.82614,0.96518,3.5625
16,241,0.78905,0.43053,0.84184,3.54772
16,242,-1.98292,0.04802,0.48679,3.53306
16,243,-0.07885,0.93719,0.98769,3.51852
16,244,-0.4398,0.66031,0.92364,3.5041
16,245,-0.30556,0.76009,0.94841,3.4898
16,246,2.90009,0.00393,0.2528,3.47561
16,247,0.95645,0.33939,0.7881,3.46154
16,248,-0.46315,0.6435,0.9191,3.44758
16,249,-1.48532,0.1382,0.62034,3.43373
16,250,1.1925,0.23373,0.72146,3.42
16,251,1.76907,0.0776,0.54339,3.40637
16,252,0.53111,0.59562,0.90362,3.39286
16,253,-0.91886,0.35869,0.80096,3.37945
16,254,0.00724,0.99422,0.99835,3.36614
16,255,-2.48151,0.01347,0.32929,3.35294
16,256,0.56698,0.57103,0.89594,3.33984
16,257,1.41506,0.15779,0.64664,3.32685
16,258,0.97565,0.3298,0.78208,3.31395
16,259,-2.1263,0.03406,0.43583,3.30116
16,260,-0.85105,0.39523,0.82453,3.28846
16,261,0.71536,0.47478,0.8627,3.27586
16,262,-0.87605,0.3815,0.8147,3.26336
16,263,0.3764,0.70681,0.93669,3.25095
16,264,1.00012,0.31782,0.77662,3.23864
16,265,-0.89177,0.37302,0.80902,3.22642
16,266,2.06002,0.04001,0.45757,3.21429
16,267,1.11265,0.26649,0.74805,3.20225
16,268,1.32774,0.18498,0.6751,3.1903
16,269,0.23687,0.81288,0.96339,3.17844
16,270,-1.76956,0.07752,0.54339,3.16667
16,271,0.02005,0.98401,0.99628,3.15498
16,272,-0.16069,0.87242,0.97239,3.14338
16,273,0.32557,0.74491,0.94546,3.13187
16,274,1.29932,0.19454,0.68581,3.12044
16,275,-1.28762,0.19859,0.68796,3.10909
16,276,1.52519,0.12796,0.60719,3.09783
16,277,0.20634,0.83663,0.96568,3.08664
16,278,-1.10376,0.27033,0.74908,3.07554
16,279,2.71271,0.00695,0.29202,3.06452
16,280,1.71003,0.088,0.55925,3.05357
16,281,-0.70819,0.47922,0.86484,3.0427
16,282,-1.1437,0.2534,0.73541,3.03191
16,283,1.42262,0.15559,0.6447,3.0212
16,284,1.49069,0.13679,0.61883,3.01056
16,285,2.50957,0.01246,0.32057,3.0
16,286,-1.41147,0.15884,0.64724,2.98951
16,287,0.31297,0.75445,0.94722,2.97909
16,288,1.32648,0.1854,0.6752,2.96875
16,289,-0.65955,0.5099,0.8748,2.95848
16,290,2.70794,0.00705,0.29202,2.94828
16,291,-0.89513,0.37123,0.80797,2.93814
16,292,-0.48272,0.62954,0.91452,2.92808
16,293,-1.20156,0.23021,0.71773,2.91809
16,294,-1.45281,0.14702,0.63301,2.90816
16,295,-0.39553,0.69265,0.93358,2.89831
16,296,0.91889,0.35868,0.80096,2.88851
16,297,0.31542,0.75259,0.94708,2.87879
16,298,0.35657,0.72159,0.94035,2.86913
16,299,1.59445,0.11158,0.58787,2.85953
16,300,-0.70221,0.48293,0.86632,2.85
16,301,-1.65897,0.09787,0.57071,2.84053
16,302,0.41951,0.67505,0.9288,2.83113
16,303,-1.75025,0.0808,0.54823,2.82178
16,304,0.55142,0.58164,0.89748,2.8125
16,305,0.59968,0.54904,0.89184,2.80328
16,306,0.85748,0.39167,0.82185,2.79412
16,307,-0.41964,0.67496,0.9288,2.78502
16,308,1.74986,0.08087,0.54823,2.77597
16,309,-0.90249,0.36731,0.80554,2.76699
16,310,0.48173,0.63025,0.91471,2.75806
16,311,0.10401,0.91721,0.98217,2.7492
16,312,1.27699,0.20231,0.69213,2.74038
16,313,0.1849,0.85339,0.96795,2.73163
16,314,-1.51368,0.13086,0.61093,2.72293
16,315,-1.67868,0.09396,0.56485,2.71429
16,316,-1.29285,0.19677,0.68706,2.7057
16,317,1.28004,0.20124,0.69107,2.69716
16,318,1.49818,0.13483,0.61611,2.68868
16,319,-0.78352,0.43376,0.84396,2.68025
16,320,-1.33205,0.18356,0.67355,2.67188
16,321,-0.62583,0.53177,0.8855,2.66355
16,322,0.32617,0.74446,0.94546,2.65528
16,323,-0.70383,0.48192,0.86607,2.64706
16,324,1.64773,0.10015,0.5727,2.63889
16,325,0.20361,0.83876,0.96568,2.63077
16,326,-0.59206,0.55413,0.89335,2.6227
16,327,0.86362,0.38829,0.81905,2.61468
16,328,1.41684,0.15727,0.64659,2.60671
16,329,-0.34442,0.7307,0.94116,2.59878
16,330,-0.93279,0.35146,0.79644,2.59091
16,331,0.89661,0.37044,0.80716,2.58308
16,332,-0.4662,0.64131,0.91877,2.5753
16,333,-0.60213,0.54741,0.89131,2.56757
16,334,-1.53771,0.12487,0.60336,2.55988
16,335,0.37085,0.71094,0.93669,2.55224
16,336,-1.4089,0.1596,0.64784,2.54464
16,337,0.57246,0.56731,0.89516,2.53709
16,338,-0.74433,0.45709,0.85363,2.52959
16,339,-0.60684,0.54429,0.89022,2.52212
16,340,-1.72525,0.08521,0.55662,2.51471
16,341,0.83255,0.40557,0.82931,2.50733
16,342,1.4294,0.15363,0.64244,2.5
16,343,-0.26639,0.79007,0.95763,2.49271
16,344,-1.08269,0.27956,0.75771,2.48547
16,345,-1.49249,0.13632,0.61837,2.47826
16,346,-0.60692,0.54423,0.89022,2.4711
16,347,-0.34226,0.73233,0.94196,2.46398
16,348,0.13816,0.89018,0.9748,2.4569
16,349,1.53489,0.12556,0.60436,2.44986
16,350,0.57987,0.56231,0.89408,2.44286
16,351,-1.67127,0.09541,0.56649,2.4359
16,352,-2.76656,0.00591,0.28067,2.42898
16,353,-0.00321,0.99744,0.99887,2.4221
16,354,-2.19122,0.02898,0.40682,2.41525
16,355,0.64179,0.52136,0.87926,2.40845
16,356,-0.84852,0.39663,0.82586,2.40169
16,357,0.13196,0.89508,0.9771,2.39496
16,358,-1.67854,0.09398,0.56485,2.38827
16,359,-0.83392,0.4048,0.82931,2.38162
16,360,-0.41298,0.67983,0.92981,2.375
16,361,0.02216,0.98233,0.99628,2.36842
16,362,-1.15563,0.24849,0.73099,2.36188
16,363,0.52096,0.60267,0.90529,2.35537
16,364,0.08206,0.93464,0.9866,2.3489
16,365,0.67572,0.49959,0.8715,2.34247
16,366,0.37524,0.70767,0.93669,2.33607
16,367,1.31946,0.18773,0.67661,2.3297
16,368,-2.15644,0.03161,0.42179,2.32337
16,369,1.72267,0.08568,0.55727,2.31707
16,370,1.14213,0.25405,0.7356,2.31081
16,371,-0.80729,0.41995,0.8375,2.30458
16,372,-1.11575,0.26516,0.74704,2.29839
16,373,0.33143,0.74049,0.94371,2.29223
16,374,-0.63725,0.52431,0.88107,2.2861
16,375,1.81919,0.06959,0.52958,2.28
16,376,-0.56296,0.57376,0.89726,2.27394
16,377,0.07538,0.93995,0.98804,2.2679
16,378,0.09091,0.9276,0.98429,2.2619
16,379,0.66888,0.50394,0.87243,2.25594
16,380,0.157,0.87532,0.97263,2.25
16,381,0.98303,0.32616,0.78008,2.24409
16,382,-1.35024,0.17766,0.6668,2.23822
16,383,0.19666,0.84419,0.96602,2.23238
16,384,-1.30482,0.19266,0.68368,2.22656
16,385,-0.51909,0.60397,0.90529,2.22078
16,386,1.00949,0.31332,0.77436,2.21503
16,387,-0.80918,0.41887,0.83598,2.2093
16,388,-0.71988,0.472,0.8627,2.20361
16,389,-2.97721,0.00308,0.2439,2.19794
16,390,-0.88291,0.37779,0.81247,2.19231
16,391,0.3319,0.74013,0.94338,2.1867
16,392,-0.77149,0.44085,0.84497,2.18112
16,393,0.05804,0.95374,0.99149,2.17557
16,394,0.01773,0.98586,0.99712,2.17005
16,395,1.58504,0.11371,0.58839,2.16456
16,396,0.56068,0.57531,0.89726,2.15909
16,397,-0.10864,0.91354,0.98058,2.15365
16,398,0.9361,0.34976,0.79517,2.14824
16,399,1.9017,0.05789,0.49286,2.14286
16,400,0.50479,0.61397,0.90888,2.1375
16,401,-1.32722,0.18515,0.6752,2.13217
16,402,0.42127,0.67378,0.92859,2.12687
16,403,-1.15409,0.24912,0.73178,2.12159
16,404,-0.02469,0.98032,0.99628,2.11634
16,405,1.58753,0.11314,0.58787,2.11111
16,406,1.65987,0.09768,0.57034,2.10591
16,407,-1.4942,0.13587,0.61735,2.10074
16,408,-0.31887,0.74998,0.94608,2.09559
16,409,-0.48537,0.62766,0.91374,2.09046
16,410,0.19514,0.84538,0.96616,2.08537
16,411,0.99616,0.31974,0.77751,2.08029
16,412,-0.81915,0.41316,0.83237,2.07524
16,413,0.41436,0.67882,0.92941,2.07022
16,414,-0.06738,0.94631,0.98944,2.06522
16,415,0.05045,0.95979,0.99292,2.06024
16,416,0.59113,0.55475,0.89335,2.05529
16,417,1.38696,0.16619,0.65541,2.05036
16,418,-0.36799,0.71306,0.93768,2.04545
16,419,0.09672,0.92299,0.98379,2.04057
16,420,0.54765,0.58422,0.89833,2.03571
16,421,0.40756,0.6838,0.93105,2.03088
16,422,-1.51306,0.13101,0.61093,2.02607
16,423,1.03476,0.30137,0.76947,2.02128
16,424,0.08801,0.92991,0.98482,2.01651
16,425,0.98084,0.32723,0.78023,2.01176
16,426,-2.55779,0.01088,0.31203,2.00704
16,427,-2.10777,0.03564,0.44509,2.00234
17,1,0.05611,0.95528,0.99216,1187.0
17,2,-2.35356,0.01905,0.36332,593.5
17,3,-0.24185,0.80902,0.96322,395.66667
17,4,0.93192,0.35191,0.79702,296.75
17,5,1.12501,0.26122,0.74296,237.4
17,6,2.29956,0.02196,0.37879,197.83333
17,7,-0.60064,0.5484,0.89184,169.57143
17,8,1.55287,0.1212,0.59806,148.375
17,9,0.14929,0.8814,0.97334,131.88889
17,10,-1.39684,0.1632,0.65116,118.7
17,11,-0.39175,0.69544,0.93358,107.90909
17,12,-1.40947,0.15943,0.64784,98.91667
17,13,0.26764,0.78911,0.95761,91.30769
17,14,-0.20588,0.83698,0.96568,84.78571
17,15,-1.93035,0.05423,0.48774,79.13333
17,16,0.17932,0.85777,0.96795,74.1875
17,17,-1.1129,0.26638,0.74795,69.82353
17,18,-1.65264,0.09915,0.57146,65.94444
17,19,2.59242,0.00986,0.30691,62.47368
17,20,1.23352,0.21807,0.70933,59.35
17,21,-1.83434,0.06731,0.52253,56.52381
17,22,0.3945,0.69341,0.93358,53.95455
17,23,-0.90256,0.36727,0.80554,51.6087
17,24,-0.39383,0.69391,0.93358,49.45833
17,25,1.61311,0.10747,0.58511,47.48
17,26,-1.29633,0.19557,0.68602,45.65385
17,27,0.2589,0.79584,0.96021,43.96296
17,28,0.108,0.91405,0.98058,42.39286
17,29,0.3475,0.72839,0.94112,40.93103
17,30,-0.07524,0.94006,0.98804,39.56667
17,31,0.59104,0.55481,0.89335,38.29032
17,32,0.29076,0.77138,0.95332,37.09375
17,33,0.58372,0.55972,0.89335,35.9697
17,34,0.50616,0.61301,0.90821,34.91176
17,35,0.74098,0.45912,0.85484,33.91429
17,36,-0.81864,0.41345,0.83237,32.97222
17,37,-0.03577,0.97148,0.99544,32.08108
17,38,0.04279,0.96589,0.99522,31.23684
17,39,-0.81991,0.41273,0.83237,30.4359
17,40,-1.15941,0.24694,0.73099,29.675
17,41,0.96457,0.33531,0.78503,28.95122
17,42,0.92008,0.35806,0.80096,28.2619
17,43,-0.11561,0.90801,0.98056,27.60465
17,44,1.21284,0.22587,0.71483,26.97727
17,45,0.18308,0.85483,0.96795,26.37778
17,46,0.48818,0.62567,0.91283,25.80435
17,47,2.83984,0.00473,0.2706,25.25532
17,48,-0.83219,0.40577,0.82931,24.72917
17,49,0.60611,0.54477,0.89022,24.22449
17,50,-1.0183,0.30912,0.77185,23.74
17,51,1.38367,0.16719,0.65567,23.27451
17,52,-0.0388,0.96907,0.99544,22.82692
17,53,0.30442,0.76096,0.94843,22.39623
17,54,-0.97129,0.33196,0.78403,21.98148
17,55,-0.57462,0.56586,0.89423,21.58182
17,56,-0.07376,0.94124,0.98835,21.19643
17,57,1.35393,0.17648,0.66572,20.82456
17,58,0.72614,0.46816,0.86053,20.46552
17,59,-0.61415,0.53945,0.89021,20.11864
17,60,0.52807,0.59773,0.90409,19.78333
17,61,0.21738,0.82801,0.96518,19.45902
17,62,-0.68611,0.49302,0.8705,19.14516
17,63,1.10434,0.27007,0.74908,18.84127
17,64,0.80158,0.42325,0.83887,18.54688
17,65,-0.8107,0.41799,0.83518,18.26154
17,66,1.45548,0.14628,0.63232,17.98485
17,67,1.87208,0.06189,0.51075,17.71642
17,68,-1.35653,0.17566,0.66572,17.45588
17,69,-1.58731,0.11319,0.58787,17.2029
17,70,-0.37648,0.70675,0.93669,16.95714
17,71,0.4707,0.6381,0.91732,16.71831
17,72,0.80238,0.42278,0.83868,16.48611
17,73,-0.28403,0.77653,0.95522,16.26027
17,74,0.02263,0.98196,0.99628,16.04054
17,75,0.7425,0.4582,0.85481,15.82667
17,76,0.42523,0.67088,0.92747,15.61842
17,77,-0.50937,0.61076,0.90707,15.41558
17,78,-0.21804,0.82751,0.96518,15.21795
17,79,-0.2205,0.82559,0.96518,15.02532
17,80,1.38748,0.16603,0.65541,14.8375
17,81,1.04753,0.29546,0.76877,14.65432
17,82,1.1109,0.26724,0.74887,14.47561
17,83,-0.1261,0.89971,0.97831,14.3012
17,84,1.04679,0.2958,0.76877,14.13095
17,85,-1.94581,0.05234,0.48723,13.96471
17,86,2.52384,0.01197,0.31533,13.80233
17,87,1.30931,0.19114,0.6824,13.64368
17,88,1.12506,0.2612,0.74296,13.48864
17,89,-1.81192,0.07071,0.53285,13.33708
17,90,-2.20313,0.02813,0.40079,13.18889
17,91,-2.74434,0.00632,0.28626,13.04396
17,92,-0.41444,0.67876,0.92941,12.90217
17,93,-0.85352,0.39386,0.82351,12.76344
17,94,0.52141,0.60235,0.90529,12.62766
17,95,-0.53807,0.59081,0.90222,12.49474
17,96,-1.49828,0.13481,0.61611,12.36458
17,97,0.87834,0.38026,0.8136,12.23711
17,98,-0.97805,0.32861,0.78146,12.11224
17,99,-0.37377,0.70877,0.93669,11.9899
17,100,-0.785,0.4329,0.84396,11.87
17,101,-0.59313,0.55342,0.89307,11.75248
17,102,-0.55042,0.58232,0.89761,11.63725
17,103,0.81385,0.41619,0.8343,11.52427
17,104,1.65171,0.09934,0.57146,11.41346
17,105,-1.2237,0.22175,0.71228,11.30476
17,106,-0.55927,0.57628,0.89726,11.19811
17,107,-0.41925,0.67525,0.9288,11.09346
17,108,-2.12775,0.03394,0.4354,10.99074
17,109,-0.26581,0.79052,0.95763,10.88991
17,110,0.05233,0.95829,0.99273,10.79091
17,111,-1.00477,0.31558,0.77621,10.69369
17,112,0.60674,0.54435,0.89022,10.59821
17,113,0.23205,0.81661,0.96385,10.50442
17,114,1.02227,0.30724,0.77074,10.41228
17,115,1.00044,0.31767,0.77662,10.32174
17,116,0.21608,0.82903,0.96518,10.23276
17,117,0.50041,0.61705,0.9102,10.1453
17,118,0.14346,0.886,0.97334,10.05932
17,119,1.10495,0.26981,0.74908,9.97479
17,120,-0.66598,0.50579,0.87304,9.89167
17,121,-1.62125,0.10571,0.57945,9.80992
17,122,0.3147,0.75315,0.94722,9.72951
17,123,0.76747,0.44323,0.84686,9.65041
17,124,-0.11793,0.90618,0.98023,9.57258
17,125,-0.02687,0.97858,0.99617,9.496
17,126,1.55097,0.12166,0.59884,9.42063
17,127,-0.06697,0.94664,0.98956,9.34646
17,128,-0.57503,0.56558,0.89423,9.27344
17,129,1.72479,0.0853,0.55668,9.20155
17,130,0.97472,0.33026,0.7827,9.13077
17,131,0.1481,0.88233,0.97334,9.06107
17,132,1.49607,0.13538,0.61685,8.99242
17,133,-0.87341,0.38293,0.81532,8.92481
17,134,0.90415,0.36643,0.8052,8.85821
17,135,-0.56927,0.56947,0.8956,8.79259
17,136,0.83213,0.40581,0.82931,8.72794
17,137,-1.32791,0.18493,0.6751,8.66423
17,138,-1.69273,0.09124,0.56328,8.60145
17,139,-0.29948,0.76472,0.94951,8.53957
17,140,-0.75603,0.45005,0.84933,8.47857
17,141,-0.64946,0.51639,0.87796,8.41844
17,142,0.99626,0.31969,0.77751,8.35915
17,143,-0.48274,0.62953,0.91452,8.3007
17,144,-0.11146,0.91131,0.98058,8.24306
17,145,0.5096,0.6106,0.90707,8.18621
17,146,0.64736,0.51775,0.87796,8.13014
17,147,0.44604,0.6558,0.92213,8.07483
17,148,1.20308,0.22962,0.71773,8.02027
17,149,-1.22222,0.22231,0.71279,7.96644
17,150,-1.26234,0.20752,0.6959,7.91333
17,151,-1.32406,0.1862,0.67585,7.86093
17,152,0.68679,0.49259,0.87033,7.80921
17,153,0.02175,0.98265,0.99628,7.75817
17,154,0.2753,0.78322,0.95754,7.70779
17,155,1.02752,0.30476,0.7706,7.65806
17,156,-0.16628,0.86802,0.97086,7.60897
17,157,1.71753,0.08662,0.55776,7.56051
17,158,2.34022,0.01974,0.36666,7.51266
17,159,1.10538,0.26962,0.74908,7.46541
17,160,0.39279,0.69467,0.93358,7.41875
17,161,-2.14677,0.03238,0.42636,7.37267
17,162,1.74812,0.08117,0.54823,7.32716
17,163,0.17865,0.85829,0.96795,7.28221
17,164,0.60128,0.54798,0.89184,7.2378
17,165,-1.02261,0.30708,0.77074,7.19394
17,166,0.82605,0.40924,0.83153,7.1506
17,167,0.87917,0.37981,0.81316,7.10778
17,168,0.79692,0.42594,0.84127,7.06548
17,169,-2.39095,0.01724,0.35131,7.02367
17,170,-1.5056,0.13292,0.61424,6.98235
17,171,-1.01206,0.31209,0.77362,6.94152
17,172,1.0,0.31788,0.77662,6.90116
17,173,-2.45143,0.01463,0.33819,6.86127
17,174,0.16882,0.86602,0.97079,6.82184
17,175,-0.8974,0.37002,0.80688,6.78286
17,176,-0.52453,0.60018,0.90529,6.74432
17,177,-0.88033,0.37918,0.81287,6.70621
17,178,-0.18257,0.85522,0.96795,6.66854
17,179,-0.44814,0.65428,0.92144,6.63128
17,180,-1.48657,0.13787,0.62034,6.59444
17,181,-0.70059,0.48394,0.86742,6.55801
17,182,-0.38868,0.69771,0.93407,6.52198
17,183,-2.58489,0.01008,0.3073,6.48634
17,184,1.55539,0.1206,0.59764,6.45109
17,185,0.60955,0.54249,0.89022,6.41622
17,186,1.5498,0.12194,0.59934,6.38172
17,187,-2.09536,0.03673,0.44613,6.34759
17,188,1.28038,0.20111,0.69107,6.31383
17,189,-0.3799,0.70421,0.93586,6.28042
17,190,-0.71677,0.47391,0.8627,6.24737
17,191,-0.51854,0.60436,0.90529,6.21466
17,192,0.32557,0.74491,0.94546,6.18229
17,193,0.20119,0.84065,0.96568,6.15026
17,194,-0.76315,0.4458,0.84793,6.11856
17,195,2.64603,0.00845,0.29875,6.08718
17,196,0.74007,0.45967,0.85484,6.05612
17,197,0.03657,0.97085,0.99544,6.02538
17,198,-1.32397,0.18623,0.67585,5.99495
17,199,0.97471,0.33026,0.7827,5.96482
17,200,-0.14348,0.88598,0.97334,5.935
17,201,0.74693,0.45552,0.85267,5.90547
17,202,-3.46054,0.00059,0.14153,5.87624
17,203,-2.16128,0.03124,0.41934,5.84729
17,204,2.92277,0.00366,0.2439,5.81863
17,205,-1.36105,0.17422,0.66497,5.79024
17,206,-1.19618,0.2323,0.71881,5.76214
17,207,-0.10561,0.91594,0.98165,5.7343
17,208,-1.29886,0.1947,0.68581,5.70673
17,209,-1.25801,0.20908,0.69743,5.67943
17,210,-2.35279,0.01909,0.36332,5.65238
17,211,-0.51045,0.61,0.90707,5.62559
17,212,-1.09613,0.27365,0.75148,5.59906
17,213,-0.05852,0.95336,0.9914,5.57277
17,214,-0.50199,0.61593,0.9095,5.54673
17,215,0.02886,0.97699,0.99579,5.52093
17,216,-0.7331,0.46391,0.85685,5.49537
17,217,-1.0929,0.27506,0.75287,5.47005
17,218,1.30227,0.19353,0.6841,5.44495
17,219,-0.37192,0.71014,0.93669,5.42009
17,220,-0.02574,0.97948,0.99628,5.39545
17,221,-1.37044,0.17128,0.66101,5.37104
17,222,0.95632,0.33946,0.7881,5.34685
17,223,0.13952,0.8891,0.97451,5.32287
17,224,-0.65049,0.51573,0.87796,5.29911
17,225,-2.3551,0.01897,0.36332,5.27556
17,226,1.14624,0.25235,0.73541,5.25221
17,227,-1.59212,0.11211,0.58787,5.22907
17,228,0.99576,0.31994,0.77752,5.20614
17,229,-0.38435,0.70091,0.93506,5.18341
17,230,0.78224,0.43451,0.84396,5.16087
17,231,1.03124,0.30302,0.77029,5.13853
17,232,-1.44654,0.14877,0.63703,5.11638
17,233,-1.25304,0.21088,0.70065,5.09442
17,234,1.48163,0.13919,0.62153,5.07265
17,235,-1.03669,0.30047,0.76908,5.05106
17,236,-0.99027,0.32261,0.77846,5.02966
17,237,0.07073,0.94365,0.98855,5.00844
17,238,-1.965,0.05007,0.48679,4.98739
17,239,1.50472,0.13314,0.61424,4.96653
17,240,-0.92217,0.35697,0.80096,4.94583
17,241,0.11519,0.90835,0.98056,4.92531
17,242,-0.51723,0.60527,0.90604,4.90496
17,243,-1.41337,0.15828,0.64678,4.88477
17,244,-0.66912,0.50379,0.87243,4.86475
17,245,2.12691,0.03401,0.43574,4.8449
17,246,0.01146,0.99086,0.99807,4.8252
17,247,-0.24072,0.80989,0.96339,4.80567
17,248,0.14758,0.88274,0.97334,4.78629
17,249,0.43743,0.66202,0.92432,4.76707
17,250,0.19992,0.84164,0.96568,4.748
17,251,1.21513,0.225,0.71482,4.72908
17,252,-1.60687,0.10883,0.58777,4.71032
17,253,-0.38455,0.70076,0.93506,4.6917
17,254,-0.95434,0.34046,0.7881,4.67323
17,255,-1.50507,0.13305,0.61424,4.6549
17,256,-0.33208,0.74,0.94333,4.63672
17,257,0.07955,0.93664,0.98764,4.61868
17,258,0.61609,0.53817,0.89021,4.60078
17,259,-1.61067,0.108,0.5861,4.58301
17,260,0.21823,0.82735,0.96518,4.56538
17,261,-2.57556,0.01035,0.30908,4.54789
17,262,-1.30348,0.19312,0.68374,4.53053
17,263,0.19514,0.84538,0.96616,4.51331
17,264,0.3263,0.74436,0.94546,4.49621
17,265,0.76133,0.44689,0.8482,4.47925
17,266,-0.28636,0.77474,0.95419,4.46241
17,267,-0.67676,0.49893,0.87129,4.44569
17,268,-1.01133,0.31244,0.77385,4.4291
17,269,-0.0443,0.96469,0.99461,4.41264
17,270,-1.61399,0.10728,0.58471,4.3963
17,271,0.76037,0.44746,0.8482,4.38007
17,272,1.59456,0.11156,0.58787,4.36397
17,273,1.80353,0.07202,0.5347,4.34799
17,274,-0.13721,0.89093,0.97533,4.33212
17,275,-0.23557,0.81388,0.96339,4.31636
17,276,-0.50973,0.61051,0.90707,4.30072
17,277,0.34842,0.7277,0.94112,4.2852
17,278,0.03573,0.97151,0.99544,4.26978
17,279,0.80584,0.42079,0.83784,4.25448
17,280,-0.65802,0.51088,0.87496,4.23929
17,281,-0.26261,0.79298,0.95868,4.2242
17,282,-0.7182,0.47303,0.8627,4.20922
17,283,1.66908,0.09584,0.56706,4.19435
17,284,-0.93448,0.35059,0.79586,4.17958
17,285,0.21227,0.832,0.96518,4.16491
17,286,-0.39817,0.69071,0.93358,4.15035
17,287,2.5777,0.01028,0.30906,4.13589
17,288,0.33738,0.736,0.94272,4.12153
17,289,0.27978,0.77978,0.95652,4.10727
17,290,-0.15244,0.87891,0.97313,4.0931
17,291,-1.81693,0.06994,0.53071,4.07904
17,292,-0.1815,0.85606,0.96795,4.06507
17,293,-1.03079,0.30323,0.77035,4.05119
17,294,-0.4599,0.64582,0.92016,4.03741
17,295,2.27345,0.0235,0.38075,4.02373
17,296,-1.33668,0.18205,0.67208,4.01014
17,297,0.25139,0.80163,0.96233,3.99663
17,298,-0.23572,0.81376,0.96339,3.98322
17,299,-1.73817,0.08291,0.55146,3.9699
17,300,-0.15948,0.87336,0.97249,3.95667
17,301,-0.39065,0.69625,0.93358,3.94352
17,302,-0.11852,0.90571,0.98004,3.93046
17,303,0.07186,0.94275,0.98845,3.91749
17,304,-0.57359,0.56655,0.89481,3.90461
17,305,0.29592,0.76743,0.95063,3.8918
17,306,-0.20308,0.83917,0.96568,3.87908
17,307,0.44204,0.65869,0.92313,3.86645
17,308,-0.93289,0.35141,0.79644,3.8539
17,309,-1.53047,0.12665,0.60533,3.84142
17,310,1.28172,0.20064,0.69046,3.82903
17,311,-1.6314,0.10355,0.57601,3.81672
17,312,-1.32578,0.18563,0.67551,3.80449
17,313,1.62672,0.10454,0.57895,3.79233
17,314,-0.12328,0.90195,0.97918,3.78025
17,315,0.28624,0.77483,0.95419,3.76825
17,316,0.04362,0.96523,0.99486,3.75633
17,317,0.85614,0.39241,0.82271,3.74448
17,318,0.07926,0.93686,0.98769,3.7327
17,319,0.56745,0.57071,0.89593,3.721
17,320,-0.48795,0.62584,0.91283,3.70938
17,321,-0.82991,0.40706,0.8306,3.69782
17,322,-0.97986,0.32772,0.78071,3.68634
17,323,0.66627,0.5056,0.87304,3.67492
17,324,0.78616,0.43222,0.84377,3.66358
17,325,0.39357,0.6941,0.93358,3.65231
17,326,0.21109,0.83292,0.96518,3.6411
17,327,1.26687,0.2059,0.69391,3.62997
17,328,1.503,0.13359,0.61462,3.6189
17,329,1.59659,0.11111,0.58787,3.6079
17,330,-2.17839,0.02993,0.41369,3.59697
17,331,0.76243,0.44623,0.84793,3.5861
17,332,-0.96031,0.33745,0.78714,3.5753
17,333,-1.38251,0.16755,0.65567,3.56456
17,334,-0.34059,0.73358,0.94268,3.55389
17,335,0.29079,0.77135,0.95332,3.54328
17,336,0.67667,0.49899,0.87129,3.53274
17,337,-3.19129,0.00152,0.18491,3.52226
17,338,-0.04379,0.96509,0.99486,3.51183
17,339,0.54159,0.58839,0.90068,3.50147
17,340,2.28474,0.02282,0.37883,3.49118
17,341,0.96389,0.33565,0.78503,3.48094
17,342,2.88847,0.00407,0.25757,3.47076
17,343,1.59299,0.11191,0.58787,3.46064
17,344,-0.5021,0.61586,0.9095,3.45058
17,345,0.74064,0.45932,0.85484,3.44058
17,346,0.43592,0.66312,0.92432,3.43064
17,347,-0.01515,0.98792,0.99778,3.42075
17,348,0.58614,0.55809,0.89335,3.41092
17,349,3.66046,0.00028,0.11685,3.40115
17,350,0.15036,0.88055,0.97334,3.39143
17,351,0.78398,0.43349,0.84396,3.38177
17,352,2.25573,0.0246,0.38506,3.37216
17,353,-1.43085,0.15321,0.64167,3.36261
17,354,1.90348,0.05766,0.49286,3.35311
17,355,0.00122,0.99903,0.99922,3.34366
17,356,-0.55293,0.5806,0.89726,3.33427
17,357,0.66995,0.50326,0.87235,3.32493
17,358,2.54952,0.01114,0.31305,3.31564
17,359,-1.54905,0.12212,0.59947,3.30641
17,360,-2.07723,0.03838,0.44944,3.29722
17,361,-0.38175,0.70284,0.93519,3.28809
17,362,-2.49235,0.01307,0.32866,3.27901
17,363,1.22571,0.22099,0.71161,3.26997
17,364,1.11502,0.26548,0.74708,3.26099
17,365,2.8347,0.00481,0.27088,3.25205
17,366,0.45535,0.64909,0.92082,3.24317
17,367,-0.2682,0.78868,0.95761,3.23433
17,368,0.1427,0.8866,0.9734,3.22554
17,369,-1.07427,0.28331,0.76172,3.2168
17,370,0.2344,0.81479,0.96365,3.20811
17,371,0.65106,0.51536,0.87796,3.19946
17,372,2.60055,0.00963,0.30691,3.19086
17,373,-2.7393,0.00642,0.288,3.18231
17,374,0.43593,0.66311,0.92432,3.1738
17,375,-1.37117,0.17105,0.66038,3.16533
17,376,-0.46923,0.63915,0.91815,3.15691
17,377,2.43635,0.01525,0.34214,3.14854
17,378,-1.20103,0.23041,0.71773,3.14021
17,379,-1.4508,0.14758,0.6341,3.13193
17,380,2.33744,0.01988,0.36666,3.12368
17,381,-0.69803,0.48554,0.86905,3.11549
17,382,1.36216,0.17387,0.66497,3.10733
17,383,0.42888,0.66823,0.92703,3.09922
17,384,0.74711,0.45541,0.85267,3.09115
17,385,0.99346,0.32106,0.77798,3.08312
17,386,1.28997,0.19777,0.68751,3.07513
17,387,-1.07922,0.28111,0.7598,3.06718
17,388,-0.22622,0.82114,0.96403,3.05928
17,389,-0.33649,0.73667,0.94293,3.05141
17,390,0.16885,0.86599,0.97079,3.04359
17,391,0.16347,0.87023,0.97086,3.03581
17,392,0.20528,0.83745,0.96568,3.02806
17,393,-1.11617,0.26499,0.74675,3.02036
17,394,-0.29898,0.7651,0.94957,3.01269
17,395,-0.81867,0.41344,0.83237,3.00506
17,396,0.10536,0.91614,0.98165,2.99747
17,397,0.88845,0.3748,0.8106,2.98992
17,398,0.53165,0.59525,0.90362,2.98241
17,399,-0.26772,0.78905,0.95761,2.97494
17,400,0.43304,0.66521,0.92532,2.9675
17,401,-1.34213,0.18027,0.67037,2.9601
17,402,0.59323,0.55334,0.89307,2.95274
17,403,1.24001,0.21566,0.70609,2.94541
17,404,0.45788,0.64727,0.92016,2.93812
17,405,1.17888,0.23911,0.72606,2.93086
17,406,1.09809,0.27279,0.75099,2.92365
17,407,-1.39744,0.16302,0.65116,2.91646
17,408,-0.77784,0.4371,0.84461,2.90931
17,409,0.92044,0.35787,0.80096,2.9022
17,410,1.35314,0.17674,0.66572,2.89512
17,411,-0.15552,0.87649,0.97263,2.88808
17,412,1.62007,0.10596,0.57945,2.88107
17,413,1.34143,0.1805,0.67037,2.87409
17,414,0.12682,0.89914,0.97812,2.86715
17,415,-0.12958,0.89696,0.97739,2.86024
17,416,-1.77257,0.07702,0.54339,2.85337
17,417,0.46839,0.63975,0.91829,2.84652
17,418,-1.43329,0.15251,0.64113,2.83971
17,419,0.40342,0.68685,0.93286,2.83294
17,420,0.50755,0.61203,0.90813,2.82619
17,421,-0.14166,0.88742,0.97351,2.81948
17,422,-0.35212,0.72493,0.94112,2.8128
17,423,-0.69493,0.48748,0.86994,2.80615
17,424,-0.44477,0.65671,0.92253,2.79953
17,425,-0.08039,0.93596,0.98756,2.79294
17,426,0.45169,0.65172,0.92144,2.78638
17,427,1.80811,0.0713,0.53406,2.77986
17,428,1.82492,0.06872,0.52575,2.77336
17,429,-2.28888,0.02258,0.37883,2.7669
17,430,-2.09377,0.03688,0.44613,2.76047
17,431,0.53005,0.59636,0.90362,2.75406
17,432,-1.13592,0.25664,0.73777,2.74769
17,433,-1.29091,0.19744,0.68751,2.74134
17,434,-1.64831,0.10003,0.57235,2.73502
17,435,3.17575,0.0016,0.18491,2.72874
17,436,-1.20937,0.2272,0.71601,2.72248
17,437,-0.02939,0.97657,0.99579,2.71625
17,438,1.90942,0.05689,0.49244,2.71005
17,439,-0.39861,0.69038,0.93358,2.70387
17,440,0.80961,0.41862,0.83565,2.69773
17,441,-0.14651,0.88359,0.97334,2.69161
17,442,0.71152,0.47716,0.86424,2.68552
17,443,-2.67736,0.00771,0.2957,2.67946
17,444,0.47308,0.6364,0.91655,2.67342
17,445,1.52744,0.1274,0.60622,2.66742
17,446,0.39162,0.69553,0.93358,2.66143
17,447,-0.56749,0.57068,0.89593,2.65548
17,448,-1.6121,0.10769,0.58535,2.64955
17,449,-0.73629,0.46197,0.85577,2.64365
17,450,-0.67047,0.50293,0.87235,2.63778
17,451,1.87089,0.06205,0.51075,2.63193
17,452,0.41265,0.68007,0.92984,2.62611
17,453,0.35364,0.72379,0.94112,2.62031
17,454,0.57705,0.56422,0.89408,2.61454
17,455,0.67128,0.50241,0.87235,2.60879
17,456,-0.57946,0.56259,0.89408,2.60307
17,457,0.20815,0.83521,0.96568,2.59737
17,458,-0.38327,0.70171,0.93519,2.5917
17,459,0.65039,0.5158,0.87796,2.58606
17,460,0.47389,0.63582,0.91655,2.58043
17,461,-0.60381,0.5463,0.89106,2.57484
17,462,-1.85015,0.06499,0.5176,2.56926
17,463,-1.18002,0.23866,0.72606,2.56371
17,464,-1.02212,0.30731,0.77074,2.55819
17,465,-0.27448,0.78385,0.95754,2.55269
17,466,-0.00077,0.99938,0.99948,2.54721
17,467,-1.01763,0.30944,0.77185,2.54176
17,468,-0.61658,0.53785,0.89021,2.53632
17,469,0.66591,0.50583,0.87304,2.53092
17,470,-1.86231,0.06325,0.51337,2.52553
17,471,-0.5111,0.60955,0.90707,2.52017
17,472,0.03294,0.97374,0.99544,2.51483
17,473,2.36023,0.01872,0.36213,2.50951
17,474,-0.13474,0.89288,0.97634,2.50422
17,475,2.68809,0.00747,0.29202,2.49895
17,476,3.34396,0.0009,0.1573,2.4937
17,477,-0.73182,0.46468,0.85742,2.48847
17,478,-1.56455,0.11844,0.59574,2.48326
17,479,-0.65535,0.5126,0.87596,2.47808
17,480,0.95831,0.33846,0.78802,2.47292
17,481,-0.01406,0.98879,0.99795,2.46778
17,482,0.12496,0.90062,0.97855,2.46266
17,483,-0.44694,0.65515,0.92196,2.45756
17,484,-1.55706,0.12021,0.59668,2.45248
17,485,-0.33398,0.73856,0.9433,2.44742
17,486,-0.48285,0.62945,0.91452,2.44239
17,487,0.77632,0.438,0.84461,2.43737
17,488,-1.49495,0.13567,0.61735,2.43238
17,489,2.89031,0.00405,0.25757,2.4274
17,490,-2.37873,0.01782,0.35448,2.42245
17,491,-0.42606,0.67028,0.92747,2.41752
17,492,1.78737,0.0746,0.53906,2.4126
17,493,2.03831,0.04214,0.4697,2.40771
17,494,-0.57672,0.56444,0.89408,2.40283
17,495,-0.03533,0.97184,0.99544,2.39798
17,496,-3.21561,0.0014,0.18491,2.39315
17,497,-2.76633,0.00592,0.28067,2.38833
17,498,0.23357,0.81543,0.96365,2.38353
17,499,-1.38093,0.16803,0.65581,2.37876
17,500,0.31365,0.75394,0.94722,2.374
17,501,0.22048,0.8256,0.96518,2.36926
17,502,-0.89117,0.37334,0.80954,2.36454
17,503,-0.84677,0.3976,0.82649,2.35984
17,504,-1.74557,0.08161,0.54828,2.35516
17,505,1.46002,0.14503,0.62938,2.3505
17,506,-0.55251,0.58089,0.89726,2.34585
17,507,-1.53024,0.12671,0.60533,2.34122
17,508,0.27468,0.78369,0.95754,2.33661
17,509,1.64502,0.10071,0.57393,2.33202
17,510,-0.13063,0.89613,0.97728,2.32745
17,511,-0.24996,0.80274,0.96262,2.3229
17,512,0.45691,0.64797,0.92054,2.31836
17,513,-0.38759,0.69852,0.93417,2.31384
17,514,0.15548,0.87652,0.97263,2.30934
17,515,1.11805,0.26418,0.74606,2.30485
17,516,-2.52496,0.01194,0.31517,2.30039
17,517,-0.68678,0.4926,0.87033,2.29594
17,518,1.99959,0.04619,0.48234,2.29151
17,519,0.57456,0.5659,0.89423,2.28709
17,520,1.42987,0.15349,0.64215,2.28269
17,521,0.12211,0.90287,0.97918,2.27831
17,522,-0.53355,0.59393,0.90353,2.27395
17,523,-0.97433,0.33045,0.7827,2.2696
17,524,0.35295,0.7243,0.94112,2.26527
17,525,-0.48285,0.62945,0.91452,2.26095
17,526,0.80243,0.42276,0.83868,2.25665
17,527,0.35314,0.72416,0.94112,2.25237
17,528,-1.25882,0.20879,0.69701,2.24811
17,529,1.2488,0.21243,0.70274,2.24386
17,530,0.18395,0.85414,0.96795,2.23962
17,531,-0.58765,0.55708,0.89335,2.2354
17,532,1.11482,0.26556,0.74711,2.2312
17,533,-0.08417,0.93297,0.98588,2.22702
17,534,-1.35919,0.17481,0.66572,2.22285
17,535,1.51138,0.13144,0.61178,2.21869
17,536,-1.01851,0.30902,0.77185,2.21455
17,537,1.92818,0.0545,0.48774,2.21043
17,538,-0.04982,0.96029,0.99303,2.20632
17,539,-0.41035,0.68176,0.93037,2.20223
17,540,-1.53076,0.12658,0.60533,2.19815
17,541,-0.86288,0.38869,0.81959,2.19409
17,542,0.45901,0.64646,0.92016,2.19004
17,543,1.99033,0.0472,0.48394,2.186
17,544,-0.67044,0.50294,0.87235,2.18199
17,545,0.20282,0.83937,0.96568,2.17798
17,546,-1.22615,0.22083,0.71161,2.17399
17,547,2.36679,0.01839,0.35927,2.17002
17,548,-1.37179,0.17086,0.66018,2.16606
17,549,-0.00694,0.99446,0.99835,2.16211
17,550,0.55957,0.57607,0.89726,2.15818
17,551,1.56164,0.11912,0.59659,2.15426
17,552,1.65863,0.09793,0.57077,2.15036
17,553,-1.06045,0.28955,0.76572,2.14647
17,554,0.55313,0.58047,0.89726,2.1426
17,555,0.44784,0.6545,0.92144,2.13874
17,556,-0.63791,0.52388,0.8807,2.13489
17,557,-2.75131,0.00619,0.28626,2.13106
17,558,0.62629,0.53146,0.8855,2.12724
17,559,1.24856,0.21252,0.70279,2.12343
17,560,1.40333,0.16125,0.65041,2.11964
17,561,-0.39827,0.69064,0.93358,2.11586
17,562,2.08026,0.0381,0.44944,2.1121
17,563,0.17934,0.85776,0.96795,2.10835
17,564,-0.29657,0.76694,0.95063,2.10461
17,565,-1.66778,0.0961,0.56706,2.10088
17,566,-0.53418,0.5935,0.90316,2.09717
17,567,-1.3792,0.16856,0.6566,2.09347
17,568,-0.54812,0.5839,0.89833,2.08979
17,569,-0.50588,0.61321,0.90821,2.08612
17,570,-0.10317,0.91788,0.98239,2.08246
17,571,0.19325,0.84686,0.96664,2.07881
17,572,0.1346,0.89299,0.97634,2.07517
17,573,-0.97027,0.33247,0.78486,2.07155
17,574,0.24698,0.80504,0.96294,2.06794
17,575,0.3516,0.72532,0.94112,2.06435
17,576,1.55747,0.12011,0.59668,2.06076
17,577,0.02384,0.98099,0.99628,2.05719
17,578,0.6137,0.53974,0.89022,2.05363
17,579,-0.05454,0.95653,0.99264,2.05009
17,580,1.1391,0.25531,0.73691,2.04655
17,581,0.27084,0.78665,0.95761,2.04303
17,582,1.57204,0.11669,0.59424,2.03952
17,583,-0.11078,0.91184,0.98058,2.03602
17,584,1.51439,0.13067,0.61084,2.03253
17,585,-0.63949,0.52285,0.88029,2.02906
17,586,0.30946,0.75713,0.94778,2.0256
17,587,-0.32468,0.74558,0.94546,2.02215
17,588,-2.29424,0.02227,0.37883,2.01871
17,589,0.63299,0.52708,0.88321,2.01528
17,590,1.1566,0.24809,0.73099,2.01186
17,591,0.05351,0.95735,0.99266,2.00846
17,592,-0.49815,0.61864,0.9102,2.00507
17,593,0.21069,0.83323,0.96518,2.00169
18,1,0.40779,0.68364,0.93105,267.0
18,2,1.37199,0.1708,0.66018,133.5
18,3,1.19039,0.23456,0.72223,89.0
18,4,1.59977,0.1104,0.58787,66.75
18,5,1.51477,0.13058,0.61084,53.4
18,6,1.37324,0.17041,0.66018,44.5
18,7,-1.29187,0.19711,0.68706,38.14286
18,8,-0.25614,0.79797,0.96158,33.375
18,9,-1.92333,0.05511,0.48845,29.66667
18,10,-0.18323,0.85471,0.96795,26.7
18,11,-1.6076,0.10867,0.58777,24.27273
18,12,0.27277,0.78516,0.95761,22.25
18,13,-0.88658,0.37581,0.81149,20.53846
18,14,-1.31143,0.19043,0.6813,19.07143
18,15,0.88882,0.37461,0.81041,17.8
18,16,1.74441,0.08181,0.54828,16.6875
18,17,-1.96186,0.05044,0.48679,15.70588
18,18,-2.43076,0.01548,0.34308,14.83333
18,19,-0.24272,0.80834,0.96322,14.05263
18,20,0.98588,0.32475,0.77915,13.35
18,21,-1.06964,0.28539,0.76187,12.71429
18,22,1.39397,0.16406,0.65221,12.13636
18,23,-0.33941,0.73447,0.94272,11.6087
18,24,0.77462,0.439,0.84461,11.125
18,25,-0.34355,0.73136,0.94163,10.68
18,26,0.58853,0.55649,0.89335,10.26923
18,27,-0.51367,0.60775,0.90679,9.88889
18,28,-1.30673,0.19202,0.68357,9.53571
18,29,-0.40207,0.68784,0.9335,9.2069
18,30,1.89203,0.05917,0.4993,8.9
18,31,-0.94992,0.3427,0.79071,8.6129
18,32,-0.14743,0.88286,0.97334,8.34375
18,33,-0.06723,0.94643,0.98944,8.09091
18,34,-1.52517,0.12797,0.60719,7.85294
18,35,0.77336,0.43974,0.84461,7.62857
18,36,0.22448,0.82249,0.96403,7.41667
18,37,0.44871,0.65387,0.92144,7.21622
18,38,0.24534,0.80631,0.96312,7.02632
18,39,-0.38561,0.69998,0.93506,6.84615
18,40,-0.17013,0.86499,0.97079,6.675
18,41,0.37089,0.7109,0.93669,6.5122
18,42,1.76277,0.07866,0.54426,6.35714
18,43,1.10118,0.27145,0.74947,6.2093
18,44,0.60488,0.54558,0.89066,6.06818
18,45,-0.00295,0.99764,0.99887,5.93333
18,46,-0.98556,0.32491,0.77934,5.80435
18,47,1.30016,0.19426,0.68544,5.68085
18,48,-0.73588,0.46221,0.85606,5.5625
18,49,-2.26975,0.02373,0.38075,5.44898
18,50,-2.24816,0.02508,0.38506,5.34
18,51,-1.56827,0.11757,0.5949,5.23529
18,52,1.22515,0.2212,0.71199,5.13462
18,53,-0.23988,0.81054,0.96339,5.03774
18,54,0.02954,0.97644,0.99579,4.94444
18,55,-0.17912,0.85793,0.96795,4.85455
18,56,-1.23144,0.21884,0.70933,4.76786
18,57,-1.02125,0.30772,0.77074,4.68421
18,58,1.61027,0.10809,0.58624,4.60345
18,59,0.05264,0.95804,0.99266,4.52542
18,60,2.58949,0.00994,0.30691,4.45
18,61,-0.30007,0.76427,0.94913,4.37705
18,62,1.06377,0.28804,0.76356,4.30645
18,63,0.38949,0.69711,0.93387,4.2381
18,64,2.45615,0.01445,0.33617,4.17188
18,65,-2.12463,0.0342,0.43638,4.10769
18,66,1.1412,0.25443,0.7363,4.04545
18,67,-2.97081,0.00314,0.2439,3.98507
18,68,-1.16682,0.24394,0.72804,3.92647
18,69,-1.0011,0.31735,0.77662,3.86957
18,70,-0.65037,0.51581,0.87796,3.81429
18,71,1.75222,0.08046,0.54774,3.76056
18,72,1.64101,0.10154,0.5756,3.70833
18,73,-2.39695,0.01697,0.35131,3.65753
18,74,0.06028,0.95196,0.99079,3.60811
18,75,1.12595,0.26083,0.74277,3.56
18,76,-1.08631,0.27796,0.7573,3.51316
18,77,0.91814,0.35907,0.80104,3.46753
18,78,0.86801,0.38588,0.81766,3.42308
18,79,1.63858,0.10205,0.57574,3.37975
18,80,-0.52981,0.59652,0.90362,3.3375
18,81,1.83128,0.06776,0.52404,3.2963
18,82,-0.0473,0.9623,0.99351,3.2561
18,83,-2.22284,0.02676,0.39607,3.21687
18,84,-1.45706,0.14584,0.63125,3.17857
18,85,-0.88325,0.3776,0.81247,3.14118
18,86,1.39497,0.16376,0.65199,3.10465
18,87,-0.10875,0.91345,0.98058,3.06897
18,88,0.77515,0.43869,0.84461,3.03409
18,89,-1.02996,0.30362,0.7706,3.0
18,90,1.69463,0.09088,0.56279,2.96667
18,91,-0.08451,0.93269,0.98588,2.93407
18,92,-1.48491,0.13831,0.62034,2.90217
18,93,0.32655,0.74417,0.94546,2.87097
18,94,-0.21017,0.83363,0.96531,2.84043
18,95,-2.54566,0.01126,0.31305,2.81053
18,96,1.22353,0.22181,0.71228,2.78125
18,97,-0.37782,0.70576,0.93664,2.75258
18,98,-1.80498,0.07179,0.53449,2.72449
18,99,1.07989,0.28081,0.75927,2.69697
18,100,1.23381,0.21796,0.70931,2.67
18,101,0.68753,0.49213,0.87033,2.64356
18,102,1.35489,0.17618,0.66572,2.61765
18,103,2.71021,0.007,0.29202,2.59223
18,104,-0.63786,0.52391,0.8807,2.56731
18,105,-0.51937,0.60377,0.90529,2.54286
18,106,0.62711,0.53093,0.88521,2.51887
18,107,0.7798,0.43595,0.84461,2.49533
18,108,0.70544,0.48093,0.86572,2.47222
18,109,-1.60689,0.10883,0.58777,2.44954
18,110,1.14749,0.25183,0.73541,2.42727
18,111,0.7543,0.45109,0.84957,2.40541
18,112,1.03048,0.30338,0.77053,2.38393
18,113,1.10599,0.26936,0.74908,2.36283
18,114,-0.07153,0.94301,0.98845,2.34211
18,115,2.09657,0.03663,0.44613,2.32174
18,116,-1.2674,0.20571,0.69391,2.30172
18,117,-0.90376,0.36664,0.8052,2.28205
18,118,1.11306,0.26632,0.74795,2.26271
18,119,0.84122,0.4007,0.82715,2.2437
18,120,1.7113,0.08776,0.55925,2.225
18,121,-2.02877,0.04311,0.47155,2.20661
18,122,1.5254,0.12791,0.60719,2.18852
18,123,-1.02854,0.30428,0.7706,2.17073
18,124,0.2079,0.83541,0.96568,2.15323
18,125,-1.54223,0.12377,0.60171,2.136
18,126,-1.34093,0.18067,0.67042,2.11905
18,127,-0.6332,0.52695,0.88317,2.10236
18,128,0.57729,0.56405,0.89408,2.08594
18,129,-0.66311,0.50762,0.8738,2.06977
18,130,1.77842,0.07606,0.54054,2.05385
18,131,2.54907,0.01115,0.31305,2.03817
18,132,0.8749,0.38213,0.81498,2.02273
18,133,-0.32939,0.74202,0.94435,2.00752
19,1,1.68884,0.09199,0.5637,1479.0
19,2,-0.7978,0.42543,0.8407,739.5
19,3,-0.57602,0.56491,0.89423,493.0
19,4,-0.06025,0.95199,0.99079,369.75
19,5,0.68767,0.49204,0.87033,295.8
19,6,-1.65587,0.09849,0.57146,246.5
19,7,0.63219,0.5276,0.88349,211.28571
19,8,-0.02283,0.9818,0.99628,184.875
19,9,-1.38069,0.16811,0.65584,164.33333
19,10,-2.13259,0.03353,0.4319,147.9
19,11,-1.6971,0.09041,0.56244,134.45455
19,12,-0.117,0.90692,0.98053,123.25
19,13,-1.50735,0.13247,0.61376,113.76923
19,14,1.44057,0.15045,0.63847,105.64286
19,15,-2.20767,0.0278,0.40079,98.6
19,16,-0.06311,0.94971,0.99079,92.4375
19,17,2.69617,0.00729,0.29202,87.0
19,18,1.12416,0.26158,0.74308,82.16667
19,19,-1.826,0.06856,0.52564,77.84211
19,20,-0.67407,0.50063,0.87203,73.95
19,21,-1.50174,0.13391,0.61519,70.42857
19,22,0.32691,0.7439,0.94546,67.22727
19,23,-0.27293,0.78504,0.95761,64.30435
19,24,0.79,0.42997,0.84184,61.625
19,25,1.97919,0.04844,0.48679,59.16
19,26,0.71592,0.47444,0.8627,56.88462
19,27,0.20937,0.83426,0.96558,54.77778
19,28,0.26978,0.78746,0.95761,52.82143
19,29,-1.63516,0.10276,0.57574,51.0
19,30,-1.10356,0.27041,0.74908,49.3
19,31,-0.30389,0.76136,0.94843,47.70968
19,32,0.16586,0.86835,0.97086,46.21875
19,33,0.59302,0.55348,0.89307,44.81818
19,34,-0.11493,0.90855,0.98056,43.5
19,35,1.88233,0.06048,0.50619,42.25714
19,36,-0.63711,0.5244,0.88107,41.08333
19,37,-2.40996,0.01638,0.34804,39.97297
19,38,0.3457,0.72974,0.94112,38.92105
19,39,0.22518,0.82195,0.96403,37.92308
19,40,2.7784,0.00571,0.28048,36.975
19,41,1.0249,0.306,0.77066,36.07317
19,42,-1.58256,0.11427,0.58883,35.21429
19,43,1.23114,0.21896,0.70933,34.39535
19,44,0.43398,0.66452,0.92504,33.61364
19,45,0.61853,0.53656,0.88963,32.86667
19,46,-1.43204,0.15287,0.64119,32.15217
19,47,0.81983,0.41277,0.83237,31.46809
19,48,0.03317,0.97356,0.99544,30.8125
19,49,-1.04769,0.29538,0.76877,30.18367
19,50,1.70965,0.08807,0.55925,29.58
19,51,0.5554,0.57891,0.89726,29.0
19,52,-1.04882,0.29486,0.76841,28.44231
19,53,0.69055,0.49023,0.86996,27.90566
19,54,0.06227,0.95037,0.99079,27.38889
19,55,0.92953,0.35314,0.79826,26.89091
19,56,2.96065,0.00324,0.2439,26.41071
19,57,0.7938,0.42776,0.84163,25.94737
19,58,-0.65987,0.5097,0.8748,25.5
19,59,0.16707,0.86739,0.97086,25.0678
19,60,-0.02446,0.9805,0.99628,24.65
19,61,-0.20282,0.83937,0.96568,24.2459
19,62,0.60487,0.54559,0.89066,23.85484
19,63,2.08353,0.0378,0.44944,23.47619
19,64,-1.19116,0.23426,0.72196,23.10938
19,65,0.75202,0.45246,0.8506,22.75385
19,66,1.1775,0.23966,0.72606,22.40909
19,67,-1.8962,0.05862,0.49745,22.07463
19,68,1.53254,0.12614,0.60495,21.75
19,69,-0.99604,0.3198,0.77751,21.43478
19,70,0.90166,0.36775,0.80571,21.12857
19,71,-1.63193,0.10344,0.57601,20.83099
19,72,0.89408,0.37179,0.80824,20.54167
19,73,0.19882,0.8425,0.96568,20.26027
19,74,1.27608,0.20263,0.69219,19.98649
19,75,0.40697,0.68423,0.93108,19.72
19,76,-0.5622,0.57428,0.89726,19.46053
19,77,0.28004,0.77959,0.95652,19.20779
19,78,1.79191,0.07386,0.53906,18.96154
19,79,0.23208,0.81659,0.96385,18.72152
19,80,-1.27574,0.20275,0.69219,18.4875
19,81,-0.4791,0.63211,0.91529,18.25926
19,82,0.24984,0.80283,0.96262,18.03659
19,83,-1.22672,0.22061,0.71158,17.81928
19,84,-0.21383,0.83078,0.96518,17.60714
19,85,0.55222,0.58109,0.89726,17.4
19,86,1.05091,0.2939,0.76742,17.19767
19,87,0.66371,0.50724,0.8738,17.0
19,88,-0.4925,0.62262,0.91143,16.80682
19,89,1.85585,0.06417,0.51583,16.61798
19,90,0.21235,0.83193,0.96518,16.43333
19,91,-0.40355,0.68675,0.93285,16.25275
19,92,-2.68892,0.00745,0.29202,16.07609
19,93,-0.32962,0.74185,0.94425,15.90323
19,94,-1.27378,0.20344,0.69219,15.73404
19,95,-1.53234,0.12619,0.60495,15.56842
19,96,-0.65849,0.51058,0.87496,15.40625
19,97,-2.41861,0.016,0.34528,15.24742
19,98,-0.19836,0.84286,0.96568,15.09184
19,99,-1.28621,0.19907,0.68904,14.93939
19,100,-0.83026,0.40686,0.83058,14.79
19,101,-2.37006,0.01823,0.35849,14.64356
19,102,0.88227,0.37813,0.81267,14.5
19,103,1.24228,0.21482,0.70609,14.35922
19,104,1.78222,0.07543,0.54007,14.22115
19,105,-1.6718,0.09531,0.56649,14.08571
19,106,0.26906,0.78802,0.95761,13.95283
19,107,-2.06639,0.0394,0.45346,13.82243
19,108,-0.89267,0.37254,0.80868,13.69444
19,109,-1.40653,0.1603,0.64898,13.56881
19,110,-0.16374,0.87002,0.97086,13.44545
19,111,-0.50266,0.61546,0.9095,13.32432
19,112,0.19222,0.84766,0.96734,13.20536
19,113,0.43031,0.66719,0.92641,13.0885
19,114,-0.48668,0.62674,0.91306,12.97368
19,115,0.95846,0.33838,0.78802,12.86087
19,116,0.55445,0.57956,0.89726,12.75
19,117,-0.99932,0.31821,0.77662,12.64103
19,118,0.19896,0.84239,0.96568,12.5339
19,119,1.6392,0.10192,0.57574,12.42857
19,120,0.92067,0.35775,0.80096,12.325
19,121,-0.02531,0.97982,0.99628,12.22314
19,122,-0.92839,0.35373,0.79845,12.12295
19,123,-0.69081,0.49006,0.86996,12.02439
19,124,-0.12508,0.90052,0.97855,11.92742
19,125,-0.54595,0.58539,0.89929,11.832
19,126,-0.32605,0.74455,0.94546,11.7381
19,127,1.19265,0.23368,0.72146,11.64567
19,128,0.76476,0.44484,0.84791,11.55469
19,129,-1.56744,0.11776,0.5949,11.46512
19,130,1.00709,0.31447,0.77535,11.37692
19,131,0.50723,0.61226,0.90821,11.29008
19,132,1.73802,0.08294,0.55146,11.20455
19,133,-1.84368,0.06593,0.51967,11.1203
19,134,0.11129,0.91144,0.98058,11.03731
19,135,-1.95219,0.05158,0.48723,10.95556
19,136,0.90732,0.36476,0.8052,10.875
19,137,-0.01112,0.99113,0.99807,10.79562
19,138,-0.55747,0.5775,0.89726,10.71739
19,139,-0.04373,0.96514,0.99486,10.64029
19,140,0.34545,0.72993,0.94112,10.56429
19,141,-0.29209,0.77036,0.95267,10.48936
19,142,0.33023,0.74139,0.94388,10.41549
19,143,0.07057,0.94377,0.98855,10.34266
19,144,-0.77933,0.43622,0.84461,10.27083
19,145,-3.15088,0.00174,0.18633,10.2
19,146,0.19566,0.84497,0.96602,10.13014
19,147,0.87125,0.38412,0.81635,10.06122
19,148,-2.29217,0.02239,0.37883,9.99324
19,149,0.32521,0.74518,0.94546,9.92617
19,150,-0.00563,0.99551,0.9985,9.86
19,151,-3.29546,0.00107,0.16797,9.7947
19,152,-0.38544,0.7001,0.93506,9.73026
19,153,1.92137,0.05536,0.48851,9.66667
19,154,-0.81302,0.41667,0.83468,9.6039
19,155,0.96381,0.33569,0.78503,9.54194
19,156,-0.97235,0.33143,0.78364,9.48077
19,157,-0.79422,0.42751,0.84149,9.42038
19,158,1.00887,0.31361,0.77471,9.36076
19,159,0.59064,0.55508,0.89335,9.30189
19,160,-0.54484,0.58615,0.89978,9.24375
19,161,-1.68094,0.09351,0.56485,9.18634
19,162,0.82752,0.40841,0.83153,9.12963
19,163,0.24428,0.80713,0.96322,9.07362
19,164,1.33089,0.18394,0.6745,9.01829
19,165,-0.90774,0.36453,0.8052,8.96364
19,166,1.06409,0.2879,0.76356,8.90964
19,167,-1.60099,0.11013,0.58787,8.85629
19,168,1.27354,0.20353,0.69219,8.80357
19,169,0.75542,0.45042,0.84933,8.75148
19,170,-0.02133,0.983,0.99628,8.7
19,171,-0.64511,0.51921,0.87859,8.64912
19,172,-1.26614,0.20616,0.69391,8.59884
19,173,-0.34921,0.7271,0.94112,8.54913
19,174,0.78296,0.43409,0.84396,8.5
19,175,-0.38452,0.70079,0.93506,8.45143
19,176,-1.24984,0.21205,0.70265,8.40341
19,177,-0.7547,0.45085,0.84949,8.35593
19,178,0.53323,0.59416,0.90353,8.30899
19,179,1.78728,0.07461,0.53906,8.26257
19,180,1.83298,0.06751,0.52289,8.21667
19,181,1.74435,0.08183,0.54828,8.17127
19,182,-0.13906,0.88947,0.97467,8.12637
19,183,0.94658,0.34439,0.79203,8.08197
19,184,-0.44997,0.65296,0.92144,8.03804
19,185,2.09336,0.03691,0.44613,7.99459
19,186,-0.67647,0.49911,0.87136,7.95161
19,187,-0.55091,0.58199,0.89751,7.90909
19,188,0.26357,0.79224,0.9582,7.86702
19,189,-0.44898,0.65368,0.92144,7.8254
19,190,0.39755,0.69117,0.93358,7.78421
19,191,1.12266,0.26222,0.74334,7.74346
19,192,1.9613,0.0505,0.48679,7.70312
19,193,0.80265,0.42263,0.83868,7.66321
19,194,0.51425,0.60734,0.90679,7.62371
19,195,-1.6538,0.09891,0.57146,7.58462
19,196,-0.66838,0.50426,0.87243,7.54592
19,197,0.38602,0.69968,0.93505,7.50761
19,198,-1.27411,0.20333,0.69219,7.4697
19,199,-0.55642,0.57822,0.89726,7.43216
19,200,0.00886,0.99293,0.99807,7.395
19,201,1.46327,0.14414,0.62729,7.35821
19,202,-0.77942,0.43617,0.84461,7.32178
19,203,-0.26777,0.78901,0.95761,7.28571
19,204,-2.82655,0.00493,0.27088,7.25
19,205,1.48036,0.13952,0.62153,7.21463
19,206,-0.6179,0.53698,0.88995,7.17961
19,207,0.51022,0.61016,0.90707,7.14493
19,208,-1.04284,0.29762,0.76877,7.11058
19,209,1.49134,0.13662,0.61883,7.07656
19,210,-0.0339,0.97298,0.99544,7.04286
19,211,-0.09061,0.92784,0.98429,7.00948
19,212,0.56974,0.56916,0.89554,6.97642
19,213,-0.81122,0.41769,0.83512,6.94366
19,214,0.14211,0.88706,0.9734,6.91121
19,215,-1.29549,0.19586,0.68602,6.87907
19,216,-0.08238,0.93439,0.9866,6.84722
19,217,0.44431,0.65705,0.92253,6.81567
19,218,-1.92926,0.05437,0.48774,6.7844
19,219,-0.56787,0.57042,0.89593,6.75342
19,220,1.53663,0.12513,0.60381,6.72273
19,221,-0.05719,0.95442,0.99168,6.69231
19,222,0.32692,0.74389,0.94546,6.66216
19,223,1.41514,0.15777,0.64664,6.63229
19,224,-0.21162,0.83251,0.96518,6.60268
19,225,0.43919,0.66075,0.92387,6.57333
19,226,-0.04484,0.96425,0.99454,6.54425
19,227,-2.24805,0.02509,0.38506,6.51542
19,228,-0.09666,0.92304,0.98379,6.48684
19,229,0.90788,0.36446,0.8052,6.45852
19,230,-0.22212,0.82433,0.96483,6.43043
19,231,-0.07773,0.93808,0.98794,6.4026
19,232,0.28804,0.77346,0.95419,6.375
19,233,0.54546,0.58573,0.89954,6.34764
19,234,-0.48283,0.62946,0.91452,6.32051
19,235,1.44528,0.14912,0.63741,6.29362
19,236,-0.36422,0.71588,0.9382,6.26695
19,237,1.18818,0.23543,0.72343,6.24051
19,238,-0.02861,0.97719,0.99579,6.21429
19,239,1.28506,0.19948,0.68904,6.18828
19,240,1.3906,0.16508,0.65452,6.1625
19,241,0.31869,0.75012,0.94608,6.13693
19,242,-0.31759,0.75095,0.94635,6.11157
19,243,1.14569,0.25257,0.73541,6.08642
19,244,-0.87847,0.38019,0.8136,6.06148
19,245,0.22531,0.82185,0.96403,6.03673
19,246,-0.56457,0.57266,0.89698,6.0122
19,247,-1.45963,0.14514,0.62938,5.98785
19,248,1.25007,0.21197,0.7026,5.96371
19,249,-0.9881,0.32367,0.77846,5.93976
19,250,0.45036,0.65268,0.92144,5.916
19,251,1.98852,0.0474,0.48497,5.89243
19,252,1.33034,0.18413,0.67458,5.86905
19,253,-0.55129,0.58173,0.89748,5.84585
19,254,-0.97653,0.32936,0.78208,5.82283
19,255,2.40666,0.01653,0.34826,5.8
19,256,-0.53068,0.59592,0.90362,5.77734
19,257,1.16624,0.24418,0.72804,5.75486
19,258,0.62424,0.53281,0.88608,5.73256
19,259,1.16063,0.24645,0.73077,5.71042
19,260,0.93598,0.34982,0.79517,5.68846
19,261,0.28136,0.77857,0.95621,5.66667
19,262,-0.08685,0.93083,0.985,5.64504
19,263,2.27399,0.02347,0.38075,5.62357
19,264,1.567,0.11786,0.5949,5.60227
19,265,0.46813,0.63993,0.91829,5.58113
19,266,-0.38187,0.70275,0.93519,5.56015
19,267,-0.0366,0.97082,0.99544,5.53933
19,268,-0.11535,0.90822,0.98056,5.51866
19,269,-0.24925,0.80329,0.96262,5.49814
19,270,0.84613,0.39796,0.82649,5.47778
19,271,0.18905,0.85015,0.96747,5.45756
19,272,0.36524,0.71512,0.9381,5.4375
19,273,-0.54908,0.58324,0.89829,5.41758
19,274,-0.33426,0.73835,0.9433,5.39781
19,275,-1.09395,0.2746,0.7523,5.37818
19,276,-0.2573,0.79707,0.96076,5.3587
19,277,-1.21288,0.22585,0.71483,5.33935
19,278,-0.62815,0.53025,0.8851,5.32014
19,279,-1.41738,0.15711,0.64657,5.30108
19,280,-0.23128,0.81721,0.96397,5.28214
19,281,-0.71697,0.47379,0.8627,5.26335
19,282,0.06608,0.94734,0.98998,5.24468
19,283,-0.11989,0.90463,0.97972,5.22615
19,284,0.44932,0.65343,0.92144,5.20775
19,285,1.12657,0.26057,0.74266,5.18947
19,286,-0.18791,0.85104,0.96763,5.17133
19,287,0.05084,0.95947,0.99292,5.15331
19,288,0.82652,0.40898,0.83153,5.13542
19,289,-1.94187,0.05282,0.48723,5.11765
19,290,-0.06279,0.94996,0.99079,5.1
19,291,0.58938,0.55592,0.89335,5.08247
19,292,1.6056,0.10911,0.58787,5.06507
19,293,-1.71015,0.08797,0.55925,5.04778
19,294,0.21337,0.83114,0.96518,5.03061
19,295,-2.20418,0.02805,0.40079,5.01356
19,296,-0.27766,0.78141,0.95733,4.99662
19,297,-1.0648,0.28757,0.76313,4.9798
19,298,-0.57682,0.56437,0.89408,4.96309
19,299,-1.19617,0.2323,0.71881,4.94649
19,300,-0.1438,0.88573,0.97334,4.93
19,301,-0.30566,0.76001,0.94841,4.91362
19,302,-0.43165,0.66622,0.92614,4.89735
19,303,1.69297,0.0912,0.56328,4.88119
19,304,-1.09371,0.27471,0.75232,4.86513
19,305,0.65288,0.51419,0.87777,4.84918
19,306,2.53406,0.01164,0.31411,4.83333
19,307,0.36974,0.71176,0.93669,4.81759
19,308,-0.0092,0.99266,0.99807,4.80195
19,309,1.01274,0.31176,0.77358,4.78641
19,310,-1.29233,0.19695,0.68706,4.77097
19,311,0.09228,0.92652,0.98429,4.75563
19,312,1.57096,0.11694,0.59424,4.74038
19,313,-1.19105,0.2343,0.72196,4.72524
19,314,0.52969,0.5966,0.90362,4.71019
19,315,0.78964,0.43018,0.84184,4.69524
19,316,0.36292,0.71685,0.93864,4.68038
19,317,0.82541,0.40961,0.83153,4.66562
19,318,0.89901,0.36916,0.80606,4.65094
19,319,2.20602,0.02792,0.40079,4.63636
19,320,0.77172,0.44071,0.84487,4.62188
19,321,2.45295,0.01457,0.33819,4.60748
19,322,2.38192,0.01766,0.35448,4.59317
19,323,-0.75787,0.44895,0.84873,4.57895
19,324,-1.16213,0.24584,0.73022,4.56481
19,325,-1.97989,0.04836,0.48679,4.55077
19,326,0.14821,0.88225,0.97334,4.53681
19,327,-2.18515,0.02943,0.41013,4.52294
19,328,0.80684,0.42021,0.8375,4.50915
19,329,1.16646,0.24409,0.72804,4.49544
19,330,-0.77228,0.44038,0.84478,4.48182
19,331,0.39097,0.69602,0.93358,4.46828
19,332,1.27983,0.20131,0.69107,4.45482
19,333,1.13755,0.25596,0.737,4.44144
19,334,-0.73993,0.45976,0.85485,4.42814
19,335,0.90488,0.36604,0.8052,4.41493
19,336,0.56154,0.57473,0.89726,4.40179
19,337,-0.64699,0.51799,0.87796,4.38872
19,338,-2.03411,0.04257,0.47015,4.37574
19,339,2.56189,0.01076,0.30987,4.36283
19,340,2.52018,0.0121,0.3173,4.35
19,341,-0.97921,0.32804,0.78096,4.33724
19,342,-0.16387,0.86991,0.97086,4.32456
19,343,1.8934,0.05899,0.49898,4.31195
19,344,1.22813,0.22008,0.71136,4.29942
19,345,-0.1445,0.88518,0.97334,4.28696
19,346,1.81079,0.07089,0.53294,4.27457
19,347,-2.19537,0.02868,0.40479,4.26225
19,348,-1.04946,0.29457,0.76835,4.25
19,349,0.69071,0.49013,0.86996,4.23782
19,350,0.76688,0.44358,0.84713,4.22571
19,351,0.24488,0.80667,0.96322,4.21368
19,352,-1.16789,0.24351,0.72804,4.2017
19,353,1.78461,0.07504,0.53969,4.1898
19,354,-0.29586,0.76748,0.95063,4.17797
19,355,-0.27944,0.78004,0.9566,4.1662
19,356,0.72638,0.46801,0.86044,4.15449
19,357,0.86581,0.38708,0.81818,4.14286
19,358,-0.25821,0.79637,0.96039,4.13128
19,359,-0.16716,0.86733,0.97086,4.11978
19,360,0.51148,0.60928,0.90707,4.10833
19,361,0.08931,0.92888,0.9843,4.09695
19,362,-0.2783,0.78092,0.95697,4.08564
19,363,2.00574,0.04552,0.48066,4.07438
19,364,0.01765,0.98593,0.99712,4.06319
19,365,0.67537,0.49981,0.8715,4.05205
19,366,-0.86448,0.38781,0.81905,4.04098
19,367,-0.79239,0.42858,0.84176,4.02997
19,368,-0.81223,0.41712,0.83495,4.01902
19,369,-0.37098,0.71084,0.93669,4.00813
19,370,0.51505,0.60679,0.90679,3.9973
19,371,-1.05402,0.29248,0.76654,3.98652
19,372,1.05389,0.29254,0.76654,3.97581
19,373,-0.90158,0.36779,0.80571,3.96515
19,374,-0.11962,0.90484,0.97974,3.95455
19,375,0.51044,0.61001,0.90707,3.944
19,376,0.01965,0.98433,0.99628,3.93351
19,377,0.12715,0.89888,0.9781,3.92308
19,378,1.3115,0.1904,0.6813,3.9127
19,379,0.75209,0.45242,0.8506,3.90237
19,380,-0.05081,0.9595,0.99292,3.89211
19,381,0.14905,0.88158,0.97334,3.88189
19,382,2.04384,0.04159,0.46816,3.87173
19,383,-1.17734,0.23972,0.72606,3.86162
19,384,-2.18998,0.02907,0.40746,3.85156
19,385,1.59472,0.11152,0.58787,3.84156
19,386,-0.14543,0.88444,0.97334,3.83161
19,387,0.35214,0.72491,0.94112,3.82171
19,388,0.4304,0.66712,0.92641,3.81186
19,389,-0.22217,0.82429,0.96483,3.80206
19,390,0.30018,0.76419,0.94913,3.79231
19,391,-1.65624,0.09842,0.57146,3.78261
19,392,0.74085,0.4592,0.85484,3.77296
19,393,-1.81202,0.07069,0.53285,3.76336
19,394,-0.12904,0.89739,0.97759,3.75381
19,395,0.23825,0.8118,0.96339,3.7443
19,396,0.49783,0.61886,0.9102,3.73485
19,397,0.45892,0.64653,0.92016,3.72544
19,398,-2.24989,0.02497,0.38506,3.71608
19,399,0.25295,0.80043,0.96191,3.70677
19,400,0.62083,0.53505,0.88809,3.6975
19,401,-1.1757,0.24038,0.72606,3.68828
19,402,-1.08499,0.27855,0.75761,3.6791
19,403,0.27755,0.7815,0.95733,3.66998
19,404,-0.17501,0.86115,0.96957,3.66089
19,405,-1.67509,0.09466,0.56649,3.65185
19,406,0.8049,0.42133,0.83805,3.64286
19,407,-0.75388,0.45134,0.84962,3.63391
19,408,1.17022,0.24257,0.72784,3.625
19,409,-2.0855,0.03762,0.44897,3.61614
19,410,1.94746,0.05214,0.48723,3.60732
19,411,0.69643,0.48655,0.86971,3.59854
19,412,1.80822,0.07128,0.53406,3.58981
19,413,0.52345,0.60094,0.90529,3.58111
19,414,-0.21116,0.83286,0.96518,3.57246
19,415,2.60071,0.00963,0.30691,3.56386
19,416,0.23125,0.81723,0.96397,3.55529
19,417,-0.74207,0.45846,0.85481,3.54676
19,418,1.28506,0.19948,0.68904,3.53828
19,419,-1.71042,0.08792,0.55925,3.52983
19,420,0.59297,0.55352,0.89307,3.52143
19,421,-0.19005,0.84936,0.96747,3.51306
19,422,1.34503,0.17934,0.66933,3.50474
19,423,-0.84708,0.39743,0.82649,3.49645
19,424,0.71018,0.47799,0.86484,3.48821
19,425,-0.1325,0.89465,0.97687,3.48
19,426,-0.90473,0.36612,0.8052,3.47183
19,427,-1.9576,0.05094,0.48723,3.4637
19,428,0.10378,0.91739,0.98217,3.45561
19,429,-1.05251,0.29317,0.76698,3.44755
19,430,0.70966,0.47831,0.86484,3.43953
19,431,-2.21762,0.02711,0.39783,3.43155
19,432,0.46831,0.6398,0.91829,3.42361
19,433,1.17659,0.24002,0.72606,3.4157
19,434,-0.6664,0.50552,0.87304,3.40783
19,435,-0.86247,0.38892,0.81969,3.4
19,436,1.71625,0.08685,0.55783,3.3922
19,437,-0.17052,0.86468,0.97079,3.38444
19,438,0.40705,0.68418,0.93108,3.37671
19,439,-0.241,0.80967,0.96333,3.36902
19,440,-0.80581,0.42081,0.83784,3.36136
19,441,0.88688,0.37565,0.81149,3.35374
19,442,1.06482,0.28757,0.76313,3.34615
19,443,-0.09081,0.92768,0.98429,3.3386
19,444,-0.58587,0.55828,0.89335,3.33108
19,445,0.37091,0.71089,0.93669,3.3236
19,446,0.18989,0.84948,0.96747,3.31614
19,447,0.36523,0.71512,0.9381,3.30872
19,448,-0.63953,0.52282,0.88029,3.30134
19,449,2.67377,0.00779,0.2957,3.29399
19,450,0.15558,0.87644,0.97263,3.28667
19,451,-0.11298,0.9101,0.98058,3.27938
19,452,0.7464,0.45584,0.85267,3.27212
19,453,0.00957,0.99237,0.99807,3.2649
19,454,0.82766,0.40833,0.83153,3.25771
19,455,1.59392,0.1117,0.58787,3.25055
19,456,1.2964,0.19555,0.68602,3.24342
19,457,0.55184,0.58135,0.89736,3.23632
19,458,0.61432,0.53934,0.89021,3.22926
19,459,0.20361,0.83876,0.96568,3.22222
19,460,-1.22107,0.22274,0.71372,3.21522
19,461,0.07345,0.94148,0.98845,3.20824
19,462,-0.58908,0.55612,0.89335,3.2013
19,463,-1.43184,0.15293,0.64119,3.19438
19,464,0.44907,0.65361,0.92144,3.1875
19,465,-0.16164,0.87166,0.97178,3.18065
19,466,-1.21173,0.2263,0.71484,3.17382
19,467,1.2158,0.22474,0.71482,3.16702
19,468,-0.89958,0.36885,0.80606,3.16026
19,469,0.71536,0.47478,0.8627,3.15352
19,470,1.65131,0.09942,0.57146,3.14681
19,471,2.11653,0.03488,0.43967,3.14013
19,472,0.31898,0.7499,0.94608,3.13347
19,473,-1.35006,0.17772,0.6668,3.12685
19,474,-1.71792,0.08654,0.55776,3.12025
19,475,1.02464,0.30612,0.77066,3.11368
19,476,-1.10456,0.26998,0.74908,3.10714
19,477,-0.11657,0.90726,0.98053,3.10063
19,478,0.26953,0.78765,0.95761,3.09414
19,479,2.11619,0.03491,0.43967,3.08768
19,480,-1.46498,0.14367,0.62701,3.08125
19,481,0.27383,0.78435,0.95761,3.07484
19,482,2.80192,0.00531,0.27269,3.06846
19,483,1.8485,0.06523,0.51847,3.06211
19,484,0.60601,0.54484,0.89022,3.05579
19,485,0.12302,0.90215,0.97918,3.04948
19,486,0.20636,0.83661,0.96568,3.04321
19,487,-0.73469,0.46294,0.85647,3.03696
19,488,-0.39077,0.69616,0.93358,3.03074
19,489,-0.55105,0.58189,0.8975,3.02454
19,490,0.23142,0.8171,0.96397,3.01837
19,491,-0.33979,0.73419,0.94272,3.01222
19,492,-0.70774,0.4795,0.86504,3.0061
19,493,-0.94834,0.3435,0.79137,3.0
19,494,0.76849,0.44263,0.84643,2.99393
19,495,-0.4614,0.64475,0.92001,2.98788
19,496,0.57939,0.56264,0.89408,2.98185
19,497,-1.86654,0.06266,0.51186,2.97586
19,498,1.36834,0.17193,0.66297,2.96988
19,499,-1.00089,0.31745,0.77662,2.96393
19,500,-0.54116,0.58868,0.90076,2.958
19,501,-0.68123,0.4961,0.87129,2.9521
19,502,-0.04728,0.96231,0.99351,2.94622
19,503,0.78293,0.43411,0.84396,2.94036
19,504,1.21646,0.22449,0.71481,2.93452
19,505,1.12044,0.26317,0.74456,2.92871
19,506,1.80003,0.07257,0.53714,2.92292
19,507,-0.39865,0.69035,0.93358,2.91716
19,508,-1.65365,0.09894,0.57146,2.91142
19,509,0.53278,0.59446,0.90362,2.9057
19,510,-0.21194,0.83226,0.96518,2.9
19,511,-0.41371,0.6793,0.92941,2.89432
19,512,-0.01404,0.98881,0.99795,2.88867
19,513,0.60784,0.54362,0.89022,2.88304
19,514,-0.68883,0.49131,0.87018,2.87743
19,515,1.46916,0.14254,0.62477,2.87184
19,516,-0.39841,0.69053,0.93358,2.86628
19,517,-1.9404,0.053,0.48723,2.86074
19,518,1.00144,0.31719,0.77662,2.85521
19,519,0.71773,0.47332,0.8627,2.84971
19,520,-0.03601,0.97129,0.99544,2.84423
19,521,1.86144,0.06338,0.51395,2.83877
19,522,-0.35112,0.72567,0.94112,2.83333
19,523,-0.93147,0.35214,0.7971,2.82792
19,524,-1.52869,0.12709,0.6058,2.82252
19,525,1.05835,0.2905,0.76582,2.81714
19,526,-1.21743,0.22412,0.71481,2.81179
19,527,1.17846,0.23928,0.72606,2.80645
19,528,-0.39833,0.69059,0.93358,2.80114
19,529,-1.72989,0.08438,0.55546,2.79584
19,530,-0.71905,0.47251,0.8627,2.79057
19,531,1.06943,0.28549,0.76187,2.78531
19,532,-1.17518,0.24059,0.72613,2.78008
19,533,0.78651,0.43201,0.84353,2.77486
19,534,-0.98681,0.3243,0.77863,2.76966
19,535,1.74468,0.08177,0.54828,2.76449
19,536,0.34634,0.72926,0.94112,2.75933
19,537,0.30654,0.75934,0.94841,2.75419
19,538,-0.74211,0.45843,0.85481,2.74907
19,539,-2.56502,0.01066,0.30987,2.74397
19,540,1.09453,0.27435,0.75196,2.73889
19,541,1.52558,0.12786,0.60719,2.73383
19,542,1.20734,0.22798,0.71619,2.72878
19,543,-1.10409,0.27019,0.74908,2.72376
19,544,0.01981,0.98421,0.99628,2.71875
19,545,0.15831,0.87429,0.97263,2.71376
19,546,0.22888,0.81907,0.96403,2.70879
19,547,0.63171,0.52792,0.88372,2.70384
19,548,0.102,0.91881,0.98251,2.69891
19,549,-0.94022,0.34764,0.79358,2.69399
19,550,0.33817,0.73541,0.94272,2.68909
19,551,-0.02697,0.9785,0.99617,2.68421
19,552,-1.81532,0.07018,0.53164,2.67935
19,553,0.49943,0.61773,0.9102,2.6745
19,554,1.01285,0.31171,0.77358,2.66968
19,555,-2.42711,0.01564,0.34392,2.66486
19,556,0.46783,0.64015,0.91829,2.66007
19,557,0.19788,0.84323,0.96568,2.6553
19,558,-2.2294,0.02631,0.39242,2.65054
19,559,0.09842,0.92165,0.98322,2.6458
19,560,-0.49101,0.62367,0.91147,2.64107
19,561,0.94392,0.34575,0.79302,2.63636
19,562,0.12209,0.90289,0.97918,2.63167
19,563,-1.38432,0.16699,0.65567,2.627
19,564,-0.77363,0.43958,0.84461,2.62234
19,565,0.50679,0.61257,0.90821,2.6177
19,566,1.19908,0.23117,0.7182,2.61307
19,567,-0.85285,0.39423,0.8236,2.60847
19,568,0.51559,0.60641,0.90679,2.60387
19,569,-0.00593,0.99527,0.99838,2.5993
19,570,0.21067,0.83325,0.96518,2.59474
19,571,-0.37812,0.70553,0.93663,2.59019
19,572,0.50617,0.613,0.90821,2.58566
19,573,-0.54332,0.5872,0.90032,2.58115
19,574,0.08214,0.93457,0.9866,2.57666
19,575,-0.36592,0.71461,0.9381,2.57217
19,576,0.33503,0.73777,0.9433,2.56771
19,577,0.1518,0.87942,0.97327,2.56326
19,578,-1.03527,0.30113,0.76913,2.55882
19,579,-0.59362,0.55309,0.89307,2.5544
19,580,-0.87991,0.37941,0.81301,2.55
19,581,0.19902,0.84234,0.96568,2.54561
19,582,-0.12706,0.89895,0.9781,2.54124
19,583,-0.4007,0.68884,0.93358,2.53688
19,584,-1.62046,0.10588,0.57945,2.53253
19,585,-0.24014,0.81034,0.96339,2.52821
19,586,-0.35658,0.72158,0.94035,2.52389
19,587,1.70863,0.08826,0.55931,2.51959
19,588,0.24222,0.80873,0.96322,2.51531
19,589,-0.46646,0.64113,0.91864,2.51104
19,590,-0.90697,0.36494,0.8052,2.50678
19,591,-0.6493,0.5165,0.87796,2.50254
19,592,0.77685,0.43768,0.84461,2.49831
19,593,-0.27982,0.77975,0.95652,2.4941
19,594,-0.05677,0.95476,0.99193,2.4899
19,595,0.77323,0.43982,0.84461,2.48571
19,596,-0.44282,0.65812,0.92312,2.48154
19,597,0.23443,0.81476,0.96365,2.47739
19,598,1.49057,0.13682,0.61883,2.47324
19,599,-0.53159,0.59529,0.90362,2.46912
19,600,0.24637,0.80552,0.96294,2.465
19,601,-1.06065,0.28945,0.76568,2.4609
19,602,1.23301,0.21826,0.70933,2.45681
19,603,-0.64502,0.51926,0.87859,2.45274
19,604,0.8369,0.40312,0.82857,2.44868
19,605,-0.4558,0.64877,0.92062,2.44463
19,606,0.9235,0.35628,0.80028,2.44059
19,607,0.80631,0.42052,0.83761,2.43657
19,608,-0.23834,0.81174,0.96339,2.43257
19,609,0.00806,0.99358,0.99807,2.42857
19,610,1.21673,0.22439,0.71481,2.42459
19,611,-1.46606,0.14338,0.62681,2.42062
19,612,-0.2473,0.8048,0.96294,2.41667
19,613,-1.2263,0.22077,0.71161,2.41272
19,614,-0.03542,0.97176,0.99544,2.40879
19,615,-0.91694,0.3597,0.80167,2.40488
19,616,0.56698,0.57103,0.89594,2.40097
19,617,-1.99453,0.04674,0.48289,2.39708
19,618,0.03614,0.97119,0.99544,2.3932
19,619,0.56858,0.56994,0.89592,2.38934
19,620,1.23442,0.21773,0.70924,2.38548
19,621,0.15786,0.87464,0.97263,2.38164
19,622,0.05089,0.95943,0.99292,2.37781
19,623,0.41268,0.68005,0.92984,2.374
19,624,-0.47021,0.63845,0.91761,2.37019
19,625,-1.40576,0.16053,0.64932,2.3664
19,626,-1.74387,0.08191,0.54828,2.36262
19,627,-0.81862,0.41347,0.83237,2.35885
19,628,-1.1376,0.25593,0.737,2.3551
19,629,-1.71885,0.08637,0.55776,2.35135
19,630,-1.50138,0.134,0.61519,2.34762
19,631,0.0163,0.98701,0.99766,2.3439
19,632,1.63371,0.10307,0.57587,2.34019
19,633,-3.56837,0.0004,0.13321,2.33649
19,634,0.29601,0.76737,0.95063,2.33281
19,635,2.74651,0.00628,0.28626,2.32913
19,636,-0.25965,0.79526,0.9602,2.32547
19,637,0.42719,0.66946,0.92737,2.32182
19,638,-2.3372,0.0199,0.36666,2.31818
19,639,0.42669,0.66983,0.92747,2.31455
19,640,0.11882,0.90548,0.98004,2.31094
19,641,0.08447,0.93272,0.98588,2.30733
19,642,1.09536,0.27398,0.75179,2.30374
19,643,-0.83893,0.40199,0.82754,2.30016
19,644,-0.60298,0.54685,0.89128,2.29658
19,645,-1.07199,0.28434,0.76187,2.29302
19,646,-0.12447,0.901,0.97873,2.28947
19,647,0.70478,0.48134,0.86607,2.28594
19,648,0.61655,0.53787,0.89021,2.28241
19,649,2.33096,0.02023,0.36801,2.27889
19,650,0.57715,0.56415,0.89408,2.27538
19,651,-0.32167,0.74786,0.94608,2.27189
19,652,0.5361,0.59217,0.90316,2.2684
19,653,-0.53796,0.59089,0.90222,2.26493
19,654,-0.20762,0.83562,0.96568,2.26147
19,655,-2.02396,0.0436,0.47275,2.25802
19,656,0.25457,0.79918,0.96183,2.25457
19,657,-0.15779,0.8747,0.97263,2.25114
19,658,-0.18011,0.85715,0.96795,2.24772
19,659,0.44112,0.65935,0.92333,2.24431
19,660,-0.42292,0.67257,0.92832,2.24091
19,661,1.25377,0.21062,0.70045,2.23752
19,662,0.51488,0.60691,0.90679,2.23414
19,663,-1.42275,0.15555,0.6447,2.23077
19,664,0.06039,0.95188,0.99079,2.22741
19,665,0.51283,0.60834,0.90679,2.22406
19,666,-1.20625,0.2284,0.71626,2.22072
19,667,-1.77155,0.07719,0.54339,2.21739
19,668,-0.587,0.55752,0.89335,2.21407
19,669,0.86958,0.38503,0.817,2.21076
19,670,0.40902,0.68273,0.93093,2.20746
19,671,1.07764,0.28181,0.7598,2.20417
19,672,1.86425,0.06298,0.51284,2.20089
19,673,2.72601,0.00668,0.29202,2.19762
19,674,-0.35991,0.7191,0.93942,2.19436
19,675,-1.76102,0.07896,0.54492,2.19111
19,676,-0.83446,0.40449,0.82931,2.18787
19,677,0.99006,0.32271,0.77846,2.18464
19,678,-0.26682,0.78974,0.95761,2.18142
19,679,-0.11793,0.90618,0.98023,2.1782
19,680,-0.99499,0.32031,0.77752,2.175
19,681,-0.05311,0.95767,0.99266,2.17181
19,682,2.24594,0.02522,0.38597,2.16862
19,683,-0.98016,0.32757,0.78066,2.16545
19,684,-0.47016,0.63848,0.91761,2.16228
19,685,-0.77327,0.43979,0.84461,2.15912
19,686,-0.46085,0.64515,0.92009,2.15598
19,687,-2.03742,0.04223,0.4697,2.15284
19,688,-0.75144,0.45281,0.85061,2.14971
19,689,0.3673,0.71358,0.93773,2.14659
19,690,3.36369,0.00084,0.15222,2.14348
19,691,-0.27712,0.78182,0.95749,2.14038
19,692,-0.944,0.34571,0.79302,2.13728
19,693,1.97243,0.04921,0.48679,2.1342
19,694,1.06789,0.28618,0.76235,2.13112
19,695,0.18537,0.85303,0.96795,2.12806
19,696,-0.26476,0.79132,0.95789,2.125
19,697,0.02928,0.97665,0.99579,2.12195
19,698,-2.3405,0.01972,0.36666,2.11891
19,699,0.57761,0.56384,0.89408,2.11588
19,700,0.23399,0.81511,0.96365,2.11286
19,701,-1.24183,0.21499,0.70609,2.10984
19,702,-0.19987,0.84168,0.96568,2.10684
19,703,-1.26115,0.20795,0.69615,2.10384
19,704,-0.31233,0.75494,0.94722,2.10085
19,705,0.95343,0.34092,0.78849,2.09787
19,706,-1.8551,0.06428,0.51583,2.0949
19,707,-0.82979,0.40712,0.8306,2.09194
19,708,-0.82056,0.41236,0.83237,2.08898
19,709,-0.96774,0.33373,0.78502,2.08604
19,710,-0.23656,0.81311,0.96339,2.0831
19,711,-1.47753,0.14028,0.62153,2.08017
19,712,-0.11809,0.90605,0.98023,2.07725
19,713,0.05033,0.95988,0.99292,2.07433
19,714,1.19727,0.23187,0.71876,2.07143
19,715,0.63914,0.52308,0.88033,2.06853
19,716,1.29024,0.19767,0.68751,2.06564
19,717,-0.71189,0.47693,0.8642,2.06276
19,718,-0.17827,0.85859,0.96795,2.05989
19,719,-0.1294,0.8971,0.97739,2.05702
19,720,0.65761,0.51115,0.87497,2.05417
19,721,-1.53586,0.12532,0.60381,2.05132
19,722,0.89813,0.36963,0.80639,2.04848
19,723,-0.0718,0.9428,0.98845,2.04564
19,724,1.56231,0.11896,0.59658,2.04282
19,725,-1.30416,0.19289,0.68368,2.04
19,726,-0.27547,0.78309,0.95754,2.03719
19,727,-0.34893,0.72732,0.94112,2.03439
19,728,-1.66758,0.09614,0.56706,2.03159
19,729,1.22222,0.22231,0.71279,2.02881
19,730,-0.00436,0.99652,0.99869,2.02603
19,731,-0.04563,0.96363,0.9942,2.02326
19,732,0.17712,0.8595,0.96836,2.02049
19,733,0.34226,0.73232,0.94196,2.01774
19,734,0.58607,0.55814,0.89335,2.01499
19,735,-0.74217,0.4584,0.85481,2.01224
19,736,1.69466,0.09088,0.56279,2.00951
19,737,-1.10746,0.26873,0.74908,2.00678
19,738,0.63959,0.52279,0.88029,2.00407
19,739,0.59487,0.55225,0.89307,2.00135
20,1,-0.34573,0.72972,0.94112,548.0
20,2,-0.66799,0.50451,0.87255,274.0
20,3,-1.85052,0.06494,0.5176,182.66667
20,4,2.30208,0.02182,0.37837,137.0
20,5,-2.69708,0.00728,0.29202,109.6
20,6,1.49142,0.1366,0.61883,91.33333
20,7,0.21613,0.82899,0.96518,78.28571
20,8,-0.26998,0.7873,0.95761,68.5
20,9,1.50442,0.13322,0.61424,60.88889
20,10,0.19446,0.84591,0.96655,54.8
20,11,0.92633,0.3548,0.79882,49.81818
20,12,-0.2683,0.7886,0.95761,45.66667
20,13,0.17729,0.85937,0.96832,42.15385
20,14,-0.55731,0.57761,0.89726,39.14286
20,15,1.68572,0.09259,0.56442,36.53333
20,16,-1.21262,0.22595,0.71483,34.25
20,17,0.98314,0.3261,0.78008,32.23529
20,18,-0.17192,0.86358,0.97045,30.44444
20,19,1.3822,0.16764,0.65567,28.84211
20,20,1.59443,0.11159,0.58787,27.4
20,21,-1.38399,0.16709,0.65567,26.09524
20,22,0.39042,0.69642,0.93358,24.90909
20,23,-2.44583,0.01486,0.34027,23.82609
20,24,0.95338,0.34094,0.78849,22.83333
20,25,1.70313,0.08928,0.56015,21.92
20,26,-0.37664,0.70663,0.93669,21.07692
20,27,-0.52749,0.59813,0.90415,20.2963
20,28,0.60639,0.54458,0.89022,19.57143
20,29,1.37847,0.16879,0.65722,18.89655
20,30,0.13015,0.89651,0.97728,18.26667
20,31,2.8041,0.00528,0.27269,17.67742
20,32,0.94985,0.34273,0.79071,17.125
20,33,0.1791,0.85794,0.96795,16.60606
20,34,-1.08401,0.27898,0.75771,16.11765
20,35,0.4589,0.64654,0.92016,15.65714
20,36,0.22445,0.82252,0.96403,15.22222
20,37,-0.86766,0.38607,0.81766,14.81081
20,38,1.16438,0.24493,0.72881,14.42105
20,39,-0.37135,0.71056,0.93669,14.05128
20,40,-0.35357,0.72384,0.94112,13.7
20,41,-1.21358,0.22559,0.71483,13.36585
20,42,-0.00878,0.99299,0.99807,13.04762
20,43,-1.75495,0.07999,0.54723,12.74419
20,44,0.69996,0.48434,0.86768,12.45455
20,45,-2.43664,0.01524,0.34214,12.17778
20,46,-0.23244,0.81631,0.96385,11.91304
20,47,1.66814,0.09603,0.56706,11.65957
20,48,0.34535,0.73,0.94112,11.41667
20,49,-0.39913,0.69,0.93358,11.18367
20,50,-1.4764,0.14058,0.62153,10.96
20,51,-1.37358,0.1703,0.66003,10.7451
20,52,1.4181,0.1569,0.64657,10.53846
20,53,-1.4804,0.13951,0.62153,10.33962
20,54,-0.73575,0.46229,0.85606,10.14815
20,55,0.86943,0.38511,0.817,9.96364
20,56,0.15016,0.88071,0.97334,9.78571
20,57,-0.13658,0.89143,0.97556,9.61404
20,58,-1.69479,0.09085,0.56279,9.44828
20,59,0.89421,0.37172,0.80824,9.28814
20,60,1.74443,0.08181,0.54828,9.13333
20,61,0.56767,0.57056,0.89593,8.98361
20,62,0.67848,0.49784,0.87129,8.83871
20,63,-0.39076,0.69617,0.93358,8.69841
20,64,0.38451,0.70079,0.93506,8.5625
20,65,0.88036,0.37917,0.81287,8.43077
20,66,-0.55558,0.57879,0.89726,8.30303
20,67,-1.59797,0.1108,0.58787,8.1791
20,68,0.33707,0.73623,0.94272,8.05882
20,69,-0.28115,0.77873,0.95621,7.94203
20,70,-2.84133,0.00471,0.2706,7.82857
20,71,-0.59474,0.55233,0.89307,7.71831
20,72,-0.30579,0.75992,0.94841,7.61111
20,73,-1.51307,0.13101,0.61093,7.50685
20,74,-2.30951,0.0214,0.37496,7.40541
20,75,-0.30478,0.76068,0.94843,7.30667
20,76,0.79513,0.42699,0.84149,7.21053
20,77,1.28295,0.20021,0.68999,7.11688
20,78,-0.64237,0.52098,0.87915,7.02564
20,79,-0.01821,0.98548,0.99705,6.93671
20,80,1.6308,0.10368,0.5764,6.85
20,81,1.28723,0.19872,0.68809,6.76543
20,82,1.87842,0.06101,0.50779,6.68293
20,83,0.64793,0.51738,0.87796,6.60241
20,84,0.82706,0.40867,0.83153,6.52381
20,85,0.40188,0.68797,0.9335,6.44706
20,86,1.01962,0.30849,0.77116,6.37209
20,87,-2.39827,0.01691,0.35131,6.29885
20,88,0.03315,0.97357,0.99544,6.22727
20,89,-1.5803,0.11479,0.58929,6.1573
20,90,-0.33813,0.73544,0.94272,6.08889
20,91,0.03864,0.9692,0.99544,6.02198
20,92,-0.80702,0.42011,0.8375,5.95652
20,93,-1.48936,0.13714,0.61902,5.89247
20,94,-0.02319,0.98151,0.99628,5.82979
20,95,-0.83424,0.40462,0.82931,5.76842
20,96,-1.30186,0.19367,0.68411,5.70833
20,97,-0.92143,0.35735,0.80096,5.64948
20,98,-0.76888,0.44239,0.84614,5.59184
20,99,0.62415,0.53287,0.88608,5.53535
20,100,0.86607,0.38694,0.81818,5.48
20,101,1.17474,0.24076,0.72613,5.42574
20,102,-1.00253,0.31666,0.77662,5.37255
20,103,-0.20288,0.83932,0.96568,5.32039
20,104,-1.66638,0.09638,0.56706,5.26923
20,105,0.81897,0.41327,0.83237,5.21905
20,106,-0.33777,0.7357,0.94272,5.16981
20,107,0.32716,0.74371,0.94546,5.1215
20,108,0.98808,0.32368,0.77846,5.07407
20,109,-1.677,0.09428,0.56562,5.02752
20,110,-0.46771,0.64023,0.91829,4.98182
20,111,-1.03629,0.30066,0.76908,4.93694
20,112,0.84193,0.4003,0.82706,4.89286
20,113,0.23951,0.81083,0.96339,4.84956
20,114,-0.00279,0.99778,0.99887,4.80702
20,115,0.67816,0.49804,0.87129,4.76522
20,116,-0.5207,0.60285,0.90529,4.72414
20,117,0.15804,0.8745,0.97263,4.68376
20,118,1.02416,0.30634,0.77074,4.64407
20,119,-0.43091,0.66675,0.92641,4.60504
20,120,0.69179,0.48945,0.86994,4.56667
20,121,-0.34781,0.72816,0.94112,4.52893
20,122,0.52956,0.59669,0.90362,4.4918
20,123,0.17894,0.85807,0.96795,4.45528
20,124,-0.70294,0.48248,0.86632,4.41935
20,125,-1.58955,0.11268,0.58787,4.384
20,126,0.04254,0.96609,0.99522,4.34921
20,127,0.28071,0.77907,0.95624,4.31496
20,128,-2.17631,0.03009,0.4147,4.28125
20,129,0.34653,0.72912,0.94112,4.24806
20,130,-1.86705,0.06259,0.51186,4.21538
20,131,0.61346,0.5399,0.89022,4.18321
20,132,1.13174,0.25838,0.74037,4.15152
20,133,-0.38657,0.69927,0.93463,4.1203
20,134,-0.3339,0.73862,0.9433,4.08955
20,135,-0.19939,0.84205,0.96568,4.05926
20,136,-0.81896,0.41327,0.83237,4.02941
20,137,-0.85349,0.39387,0.82351,4.0
20,138,1.86955,0.06224,0.5114,3.97101
20,139,-0.44927,0.65346,0.92144,3.94245
20,140,1.15408,0.24912,0.73178,3.91429
20,141,1.68439,0.09285,0.56471,3.88652
20,142,0.72113,0.47123,0.86224,3.85915
20,143,0.94316,0.34614,0.79312,3.83217
20,144,-2.92763,0.0036,0.2439,3.80556
20,145,-1.00143,0.31719,0.77662,3.77931
20,146,-0.72421,0.46934,0.86129,3.75342
20,147,-0.98105,0.32713,0.78017,3.72789
20,148,-0.21181,0.83236,0.96518,3.7027
20,149,1.93275,0.05394,0.48774,3.67785
20,150,0.23232,0.81641,0.96385,3.65333
20,151,-0.07785,0.93798,0.98794,3.62914
20,152,-2.26933,0.02375,0.38075,3.60526
20,153,-2.43829,0.01517,0.34214,3.5817
20,154,0.87486,0.38215,0.81498,3.55844
20,155,0.49557,0.62046,0.91062,3.53548
20,156,0.66679,0.50527,0.87304,3.51282
20,157,1.81692,0.06994,0.53071,3.49045
20,158,-0.86146,0.38947,0.82022,3.46835
20,159,-0.33386,0.73865,0.9433,3.44654
20,160,-3.23092,0.00133,0.18491,3.425
20,161,-0.58748,0.55719,0.89335,3.40373
20,162,0.85767,0.39156,0.82185,3.38272
20,163,-0.96459,0.3353,0.78503,3.36196
20,164,-0.07184,0.94276,0.98845,3.34146
20,165,-0.98881,0.32332,0.77846,3.32121
20,166,0.02865,0.97716,0.99579,3.3012
20,167,0.75512,0.4506,0.84933,3.28144
20,168,0.27986,0.77972,0.95652,3.2619
20,169,1.35376,0.17654,0.66572,3.2426
20,170,-1.59187,0.11216,0.58787,3.22353
20,171,0.95436,0.34045,0.7881,3.20468
20,172,-1.01396,0.31118,0.77349,3.18605
20,173,-0.71558,0.47465,0.8627,3.16763
20,174,0.29221,0.77027,0.95267,3.14943
20,175,0.98884,0.32331,0.77846,3.13143
20,176,1.37957,0.16845,0.6566,3.11364
20,177,1.27546,0.20285,0.69219,3.09605
20,178,-1.97263,0.04919,0.48679,3.07865
20,179,-0.71208,0.47681,0.8642,3.06145
20,180,-0.68091,0.4963,0.87129,3.04444
20,181,1.26618,0.20615,0.69391,3.02762
20,182,0.62722,0.53085,0.88521,3.01099
20,183,0.48294,0.62939,0.91452,2.99454
20,184,1.892,0.05918,0.4993,2.97826
20,185,-1.67465,0.09474,0.56649,2.96216
20,186,1.2025,0.22985,0.71773,2.94624
20,187,-0.10993,0.91252,0.98058,2.93048
20,188,-2.15572,0.03167,0.42179,2.91489
20,189,0.02634,0.979,0.99617,2.89947
20,190,0.78192,0.4347,0.84396,2.88421
20,191,0.62109,0.53487,0.88809,2.86911
20,192,1.41122,0.15892,0.64724,2.85417
20,193,1.39766,0.16295,0.65116,2.83938
20,194,1.11694,0.26465,0.74624,2.82474
20,195,-2.0264,0.04335,0.47155,2.81026
20,196,0.22209,0.82435,0.96483,2.79592
20,197,0.42657,0.66991,0.92747,2.78173
20,198,0.58671,0.55771,0.89335,2.76768
20,199,0.89348,0.37211,0.80824,2.75377
20,200,-0.76077,0.44722,0.8482,2.74
20,201,0.269,0.78806,0.95761,2.72637
20,202,0.49371,0.62177,0.91121,2.71287
20,203,2.25418,0.0247,0.38506,2.69951
20,204,-0.63142,0.52811,0.88382,2.68627
20,205,0.43149,0.66633,0.92614,2.67317
20,206,0.21668,0.82857,0.96518,2.66019
20,207,0.87383,0.38271,0.8152,2.64734
20,208,1.6227,0.1054,0.57945,2.63462
20,209,1.10685,0.26899,0.74908,2.62201
20,210,0.45027,0.65274,0.92144,2.60952
20,211,2.56126,0.01078,0.30987,2.59716
20,212,-0.98657,0.32442,0.77863,2.58491
20,213,-0.21699,0.82832,0.96518,2.57277
20,214,0.58356,0.55983,0.89335,2.56075
20,215,-0.58017,0.56211,0.89408,2.54884
20,216,-1.30327,0.19319,0.68374,2.53704
20,217,0.33093,0.74086,0.94388,2.52535
20,218,0.31309,0.75437,0.94722,2.51376
20,219,-0.56775,0.57051,0.89593,2.50228
20,220,2.63667,0.00868,0.3006,2.49091
20,221,-0.81219,0.41714,0.83495,2.47964
20,222,-2.03185,0.0428,0.47155,2.46847
20,223,0.49689,0.61953,0.91024,2.4574
20,224,0.25191,0.80123,0.96231,2.44643
20,225,0.82167,0.41173,0.83235,2.43556
20,226,-2.01874,0.04415,0.47502,2.42478
20,227,0.61239,0.54061,0.89022,2.4141
20,228,1.71937,0.08628,0.55776,2.40351
20,229,-1.50774,0.13237,0.61376,2.39301
20,230,-0.0917,0.92698,0.98429,2.38261
20,231,0.51002,0.6103,0.90707,2.37229
20,232,-2.08655,0.03753,0.44897,2.36207
20,233,1.68252,0.09321,0.56485,2.35193
20,234,-0.01296,0.98967,0.99795,2.34188
20,235,-0.94063,0.34744,0.79358,2.33191
20,236,-1.1942,0.23307,0.7202,2.32203
20,237,0.68453,0.49402,0.87128,2.31224
20,238,-2.37669,0.01791,0.35498,2.30252
20,239,-0.10803,0.91403,0.98058,2.29289
20,240,-0.24034,0.81018,0.96339,2.28333
20,241,-0.08996,0.92837,0.98429,2.27386
20,242,-2.29895,0.022,0.37879,2.26446
20,243,-1.56106,0.11926,0.59659,2.25514
20,244,-1.34851,0.17822,0.66719,2.2459
20,245,-0.47101,0.63788,0.91714,2.23673
20,246,1.25093,0.21165,0.70203,2.22764
20,247,1.99814,0.04634,0.48234,2.21862
20,248,0.06264,0.95008,0.99079,2.20968
20,249,0.10972,0.91269,0.98058,2.2008
20,250,-1.16023,0.24661,0.73077,2.192
20,251,-0.31661,0.7517,0.94665,2.18327
20,252,1.65183,0.09931,0.57146,2.1746
20,253,-0.23948,0.81085,0.96339,2.16601
20,254,0.531,0.5957,0.90362,2.15748
20,255,2.34397,0.01954,0.36666,2.14902
20,256,0.0104,0.99171,0.99807,2.14062
20,257,1.42474,0.15497,0.64456,2.1323
20,258,1.32649,0.18539,0.6752,2.12403
20,259,-1.31207,0.19021,0.6813,2.11583
20,260,-1.1075,0.26871,0.74908,2.10769
20,261,-0.64619,0.51851,0.87825,2.09962
20,262,-2.15098,0.03205,0.42315,2.0916
20,263,2e-05,0.99999,0.99999,2.08365
20,264,-0.88147,0.37856,0.81267,2.07576
20,265,-0.70374,0.48198,0.86607,2.06792
20,266,0.76783,0.44302,0.84686,2.06015
20,267,0.39841,0.69053,0.93358,2.05243
20,268,0.39505,0.69301,0.93358,2.04478
20,269,-1.05612,0.29152,0.76648,2.03717
20,270,2.77714,0.00573,0.28048,2.02963
20,271,-0.47469,0.63525,0.91649,2.02214
20,272,0.06052,0.95177,0.99079,2.01471
20,273,1.28963,0.19789,0.68751,2.00733
20,274,0.30411,0.76119,0.94843,2.0
21,1,-2.54782,0.01119,0.31305,221.0
21,2,0.20304,0.8392,0.96568,110.5
21,3,-1.24158,0.21508,0.70609,73.66667
21,4,0.05461,0.95647,0.99264,55.25
21,5,1.1032,0.27057,0.74908,44.2
21,6,-0.90201,0.36757,0.80558,36.83333
21,7,0.84025,0.40124,0.82732,31.57143
21,8,0.99517,0.32022,0.77752,27.625
21,9,1.87328,0.06172,0.51075,24.55556
21,10,-0.23854,0.81158,0.96339,22.1
21,11,0.58795,0.55688,0.89335,20.09091
21,12,-0.27482,0.78359,0.95754,18.41667
21,13,0.56209,0.57435,0.89726,17.0
21,14,1.54457,0.1232,0.60146,15.78571
21,15,-0.43005,0.66738,0.92653,14.73333
21,16,-0.98877,0.32334,0.77846,13.8125
21,17,0.31965,0.74939,0.94608,13.0
21,18,0.88111,0.37876,0.81267,12.27778
21,19,-1.62914,0.10403,0.57802,11.63158
21,20,1.29638,0.19555,0.68602,11.05
21,21,0.27127,0.78632,0.95761,10.52381
21,22,0.00316,0.99748,0.99887,10.04545
21,23,1.06676,0.28669,0.7626,9.6087
21,24,-2.13451,0.03338,0.4319,9.20833
21,25,0.86267,0.38881,0.81964,8.84
21,26,-2.44401,0.01493,0.34119,8.5
21,27,0.2684,0.78852,0.95761,8.18519
21,28,0.69167,0.48952,0.86994,7.89286
21,29,1.06984,0.2853,0.76187,7.62069
21,30,-1.63559,0.10267,0.57574,7.36667
21,31,1.69778,0.09029,0.56244,7.12903
21,32,-0.9117,0.36245,0.80386,6.90625
21,33,0.11963,0.90483,0.97974,6.69697
21,34,-0.55431,0.57966,0.89726,6.5
21,35,-1.5587,0.11982,0.59668,6.31429
21,36,-0.07548,0.93987,0.98804,6.13889
21,37,1.29682,0.1954,0.68602,5.97297
21,38,1.37522,0.16979,0.6595,5.81579
21,39,-0.09972,0.92062,0.9831,5.66667
21,40,-1.31813,0.18818,0.67707,5.525
21,41,1.23253,0.21844,0.70933,5.39024
21,42,2.92913,0.00358,0.2439,5.2619
21,43,1.11327,0.26623,0.74795,5.13953
21,44,0.87419,0.38251,0.8152,5.02273
21,45,-0.08221,0.93452,0.9866,4.91111
21,46,0.60259,0.5471,0.89128,4.80435
21,47,-0.22105,0.82516,0.96518,4.70213
21,48,0.59684,0.55093,0.89253,4.60417
21,49,1.94811,0.05206,0.48723,4.5102
21,50,0.42163,0.67351,0.92859,4.42
21,51,1.32442,0.18608,0.67585,4.33333
21,52,-0.7366,0.46178,0.85569,4.25
21,53,-0.04143,0.96697,0.99532,4.16981
21,54,1.88422,0.06022,0.50558,4.09259
21,55,0.29687,0.76672,0.95063,4.01818
21,56,0.644,0.51992,0.87896,3.94643
21,57,0.34272,0.73198,0.94181,3.87719
21,58,-1.27659,0.20245,0.69219,3.81034
21,59,-1.36686,0.1724,0.66379,3.74576
21,60,-1.83876,0.06665,0.52068,3.68333
21,61,-0.4151,0.67828,0.92941,3.62295
21,62,1.11957,0.26354,0.74518,3.56452
21,63,-0.51909,0.60397,0.90529,3.50794
21,64,0.26667,0.78986,0.95761,3.45312
21,65,1.04173,0.29813,0.76889,3.4
21,66,-0.43626,0.66287,0.92432,3.34848
21,67,-0.66476,0.50657,0.87368,3.29851
21,68,1.85182,0.06475,0.5176,3.25
21,69,-0.90818,0.3643,0.8052,3.2029
21,70,0.84693,0.39752,0.82649,3.15714
21,71,0.70839,0.4791,0.86484,3.11268
21,72,-1.0548,0.29212,0.76654,3.06944
21,73,-0.43581,0.66319,0.92432,3.0274
21,74,-0.57514,0.5655,0.89423,2.98649
21,75,1.85159,0.06478,0.5176,2.94667
21,76,-1.10777,0.26859,0.74908,2.90789
21,77,-2.29303,0.02234,0.37883,2.87013
21,78,1.02599,0.30548,0.7706,2.83333
21,79,-2.37683,0.01791,0.35498,2.79747
21,80,-1.75371,0.08021,0.54747,2.7625
21,81,1.57573,0.11584,0.59274,2.7284
21,82,1.7887,0.07438,0.53906,2.69512
21,83,0.53832,0.59064,0.90222,2.66265
21,84,0.96444,0.33538,0.78503,2.63095
21,85,-0.94018,0.34766,0.79358,2.6
21,86,-0.85777,0.39151,0.82185,2.56977
21,87,-0.67417,0.50058,0.87203,2.54023
21,88,0.66042,0.50934,0.87474,2.51136
21,89,0.05372,0.95719,0.99266,2.48315
21,90,0.5295,0.59674,0.90362,2.45556
21,91,0.52179,0.60209,0.90529,2.42857
21,92,-1.73542,0.0834,0.55367,2.40217
21,93,1.08349,0.27921,0.75771,2.37634
21,94,-0.55011,0.58253,0.89779,2.35106
21,95,-0.35545,0.72243,0.94059,2.32632
21,96,-0.72756,0.46728,0.85944,2.30208
21,97,1.09811,0.27278,0.75099,2.27835
21,98,0.58882,0.5563,0.89335,2.2551
21,99,0.54242,0.58781,0.90041,2.23232
21,100,-0.43155,0.66629,0.92614,2.21
21,101,-0.41826,0.67597,0.9288,2.18812
21,102,0.02811,0.97758,0.9959,2.16667
21,103,-2.48219,0.01345,0.32929,2.14563
21,104,0.27112,0.78643,0.95761,2.125
21,105,0.39042,0.69642,0.93358,2.10476
21,106,-1.226,0.22088,0.71161,2.08491
21,107,0.49053,0.62401,0.91147,2.06542
21,108,0.20446,0.83809,0.96568,2.0463
21,109,0.1528,0.87863,0.97313,2.02752
21,110,-1.42635,0.15451,0.64375,2.00909
22,1,0.99522,0.3202,0.77752,447.0
22,2,0.59112,0.55476,0.89335,223.5
22,3,-1.70971,0.08805,0.55925,149.0
22,4,0.47686,0.63371,0.91588,111.75
22,5,-2.12274,0.03436,0.43742,89.4
22,6,-0.45814,0.64709,0.92016,74.5
22,7,-1.30974,0.191,0.68212,63.85714
22,8,-0.92135,0.3574,0.80096,55.875
22,9,-0.44544,0.65623,0.9225,49.66667
22,10,-1.906,0.05733,0.49244,44.7
22,11,-2.02781,0.04321,0.47155,40.63636
22,12,-1.34328,0.1799,0.67025,37.25
22,13,-0.56698,0.57103,0.89594,34.38462
22,14,-0.16562,0.86854,0.97086,31.92857
22,15,-1.16853,0.24325,0.72804,29.8
22,16,1.27463,0.20314,0.69219,27.9375
22,17,-1.58893,0.11282,0.58787,26.29412
22,18,-0.0492,0.96078,0.99314,24.83333
22,19,-1.56403,0.11856,0.59574,23.52632
22,20,1.26411,0.20689,0.69517,22.35
22,21,0.57288,0.56703,0.89487,21.28571
22,22,1.8534,0.06452,0.51737,20.31818
22,23,-0.57723,0.56409,0.89408,19.43478
22,24,0.60981,0.54232,0.89022,18.625
22,25,0.19946,0.842,0.96568,17.88
22,26,0.6821,0.49555,0.87129,17.19231
22,27,-0.39406,0.69374,0.93358,16.55556
22,28,1.1661,0.24423,0.72804,15.96429
22,29,0.44609,0.65576,0.92213,15.41379
22,30,-1.3918,0.16472,0.65397,14.9
22,31,2.26358,0.02411,0.38377,14.41935
22,32,0.41901,0.67542,0.9288,13.96875
22,33,-0.9695,0.33285,0.78502,13.54545
22,34,2.84548,0.00465,0.2706,13.14706
22,35,0.64581,0.51875,0.87852,12.77143
22,36,-0.12598,0.89981,0.97831,12.41667
22,37,-2.06844,0.03921,0.45235,12.08108
22,38,0.64229,0.52103,0.87915,11.76316
22,39,0.55758,0.57743,0.89726,11.46154
22,40,1.01303,0.31163,0.77358,11.175
22,41,0.09807,0.92192,0.98322,10.90244
22,42,0.58955,0.55581,0.89335,10.64286
22,43,1.27945,0.20144,0.69108,10.39535
22,44,-2.62012,0.00911,0.30241,10.15909
22,45,-2.07968,0.03816,0.44944,9.93333
22,46,0.77327,0.43979,0.84461,9.71739
22,47,1.72192,0.08582,0.55727,9.51064
22,48,0.9786,0.32834,0.78101,9.3125
22,49,-0.25555,0.79842,0.96158,9.12245
22,50,1.09639,0.27353,0.75137,8.94
22,51,0.79439,0.42741,0.84149,8.76471
22,52,0.35549,0.7224,0.94059,8.59615
22,53,-0.25383,0.79975,0.96191,8.43396
22,54,-0.2668,0.78975,0.95761,8.27778
22,55,-0.60174,0.54767,0.89158,8.12727
22,56,0.79151,0.42909,0.84177,7.98214
22,57,0.06303,0.94977,0.99079,7.84211
22,58,1.93112,0.05414,0.48774,7.7069
22,59,0.69687,0.48626,0.86971,7.57627
22,60,-1.14247,0.25391,0.7356,7.45
22,61,1.942,0.0528,0.48723,7.32787
22,62,-1.5915,0.11225,0.58787,7.20968
22,63,-1.90999,0.05681,0.49244,7.09524
22,64,0.37484,0.70796,0.93669,6.98438
22,65,1.52087,0.12904,0.60867,6.87692
22,66,0.25076,0.80213,0.96257,6.77273
22,67,-2.64055,0.00858,0.30036,6.67164
22,68,1.37367,0.17027,0.66003,6.57353
22,69,0.49494,0.6209,0.91069,6.47826
22,70,0.85627,0.39233,0.82271,6.38571
22,71,-0.52993,0.59644,0.90362,6.29577
22,72,-2.27415,0.02346,0.38075,6.20833
22,73,-1.71497,0.08708,0.55818,6.12329
22,74,0.18312,0.85479,0.96795,6.04054
22,75,-0.05872,0.9532,0.99134,5.96
22,76,0.20586,0.837,0.96568,5.88158
22,77,0.77351,0.43966,0.84461,5.80519
22,78,-1.57997,0.11486,0.58929,5.73077
22,79,1.74727,0.08132,0.54828,5.65823
22,80,0.51146,0.6093,0.90707,5.5875
22,81,-1.76284,0.07865,0.54426,5.51852
22,82,-0.1845,0.85371,0.96795,5.45122
22,83,1.91386,0.05631,0.4906,5.38554
22,84,-0.33676,0.73646,0.94279,5.32143
22,85,0.34774,0.72821,0.94112,5.25882
22,86,-1.49046,0.13685,0.61883,5.19767
22,87,-1.95353,0.05142,0.48723,5.13793
22,88,-0.70649,0.48028,0.86565,5.07955
22,89,-0.33809,0.73546,0.94272,5.02247
22,90,-0.93437,0.35065,0.79586,4.96667
22,91,-1.92704,0.05465,0.48774,4.91209
22,92,-0.07215,0.94251,0.98845,4.8587
22,93,-0.46501,0.64216,0.9191,4.80645
22,94,1.43616,0.1517,0.63944,4.75532
22,95,0.6269,0.53106,0.88528,4.70526
22,96,1.46755,0.14297,0.62586,4.65625
22,97,1.10196,0.27111,0.74936,4.60825
22,98,0.72136,0.47109,0.86224,4.56122
22,99,1.70351,0.08921,0.56015,4.51515
22,100,-3.54679,0.00043,0.13321,4.47
22,101,-0.87991,0.37941,0.81301,4.42574
22,102,-0.19848,0.84276,0.96568,4.38235
22,103,1.63528,0.10274,0.57574,4.33981
22,104,0.78196,0.43468,0.84396,4.29808
22,105,-0.51275,0.60839,0.90679,4.25714
22,106,-2.53151,0.01172,0.31456,4.21698
22,107,1.57125,0.11687,0.59424,4.17757
22,108,-0.04713,0.96243,0.99351,4.13889
22,109,-0.46054,0.64537,0.92009,4.10092
22,110,1.19416,0.23309,0.7202,4.06364
22,111,-2.27788,0.02323,0.38075,4.02703
22,112,0.76446,0.44502,0.84791,3.99107
22,113,-0.99839,0.31866,0.77682,3.95575
22,114,2.21349,0.0274,0.40025,3.92105
22,115,-1.20779,0.22781,0.71601,3.88696
22,116,-0.62594,0.53169,0.8855,3.85345
22,117,-0.90054,0.36835,0.80606,3.82051
22,118,-0.51613,0.60603,0.90679,3.78814
22,119,-0.04718,0.96239,0.99351,3.7563
22,120,1.506,0.13282,0.61424,3.725
22,121,-0.92189,0.35711,0.80096,3.69421
22,122,0.36792,0.71312,0.93768,3.66393
22,123,-1.26741,0.20571,0.69391,3.63415
22,124,0.40963,0.68229,0.93071,3.60484
22,125,-0.57983,0.56234,0.89408,3.576
22,126,-0.34545,0.72993,0.94112,3.54762
22,127,-1.29485,0.19608,0.68655,3.51969
22,128,0.92809,0.35389,0.79845,3.49219
22,129,-1.64196,0.10134,0.57524,3.46512
22,130,0.7055,0.48089,0.86572,3.43846
22,131,-0.20844,0.83499,0.96568,3.41221
22,132,1.96629,0.04992,0.48679,3.38636
22,133,0.95513,0.34006,0.7881,3.3609
22,134,1.3637,0.17339,0.66463,3.33582
22,135,1.4972,0.13509,0.61616,3.31111
22,136,-0.88981,0.37408,0.81032,3.28676
22,137,-1.36034,0.17445,0.66503,3.26277
22,138,-0.51476,0.60699,0.90679,3.23913
22,139,0.27062,0.78681,0.95761,3.21583
22,140,-0.20344,0.83889,0.96568,3.19286
22,141,-0.64811,0.51727,0.87796,3.17021
22,142,0.37117,0.7107,0.93669,3.14789
22,143,2.62611,0.00895,0.30241,3.12587
22,144,0.59354,0.55314,0.89307,3.10417
22,145,-0.59393,0.55287,0.89307,3.08276
22,146,0.27517,0.78332,0.95754,3.06164
22,147,-0.05976,0.95237,0.99079,3.04082
22,148,-1.18112,0.23822,0.72606,3.02027
22,149,-1.73255,0.08391,0.55496,3.0
22,150,1.60097,0.11013,0.58787,2.98
22,151,-0.39617,0.69218,0.93358,2.96026
22,152,1.4136,0.15822,0.64678,2.94079
22,153,0.54797,0.584,0.89833,2.92157
22,154,0.48537,0.62766,0.91374,2.9026
22,155,-1.63258,0.1033,0.57601,2.88387
22,156,0.31204,0.75516,0.94722,2.86538
22,157,0.66805,0.50446,0.87255,2.84713
22,158,-0.44078,0.6596,0.92342,2.82911
22,159,2.272,0.02359,0.38075,2.81132
22,160,2.72186,0.00676,0.29202,2.79375
22,161,0.20341,0.83891,0.96568,2.7764
22,162,0.88707,0.37555,0.81149,2.75926
22,163,0.63559,0.52539,0.88154,2.74233
22,164,1.70287,0.08933,0.56015,2.72561
22,165,-0.07877,0.93725,0.98769,2.70909
22,166,0.08513,0.9322,0.98579,2.69277
22,167,-0.22934,0.81872,0.96403,2.67665
22,168,-2.43289,0.01539,0.34308,2.66071
22,169,-0.02882,0.97702,0.99579,2.64497
22,170,-3.49767,0.00052,0.13613,2.62941
22,171,-0.11647,0.90734,0.98053,2.61404
22,172,1.47651,0.14055,0.62153,2.59884
22,173,0.16592,0.8683,0.97086,2.58382
22,174,-0.65918,0.51014,0.87489,2.56897
22,175,-0.01062,0.99153,0.99807,2.55429
22,176,-1.12491,0.26127,0.74296,2.53977
22,177,-0.36778,0.71322,0.93768,2.52542
22,178,-2.67858,0.00768,0.2957,2.51124
22,179,-0.33265,0.73957,0.94333,2.49721
22,180,-0.81974,0.41283,0.83237,2.48333
22,181,-1.54306,0.12357,0.60171,2.46961
22,182,0.77372,0.43953,0.84461,2.45604
22,183,-0.30123,0.76339,0.94906,2.44262
22,184,0.33504,0.73776,0.9433,2.42935
22,185,-1.46851,0.14271,0.62502,2.41622
22,186,-0.21098,0.833,0.96518,2.40323
22,187,1.60144,0.11003,0.58787,2.39037
22,188,1.60156,0.11,0.58787,2.37766
22,189,-0.31087,0.75606,0.94757,2.36508
22,190,1.24741,0.21294,0.70373,2.35263
22,191,-1.04687,0.29576,0.76877,2.34031
22,192,-0.14313,0.88626,0.97334,2.32812
22,193,-1.94025,0.05302,0.48723,2.31606
22,194,-0.15866,0.87401,0.97263,2.30412
22,195,-1.97191,0.04927,0.48679,2.29231
22,196,1.45271,0.14705,0.63301,2.28061
22,197,0.14442,0.88524,0.97334,2.26904
22,198,0.23065,0.8177,0.96397,2.25758
22,199,-1.1886,0.23527,0.72343,2.24623
22,200,0.55648,0.57818,0.89726,2.235
22,201,-1.40039,0.16213,0.65116,2.22388
22,202,0.96754,0.33383,0.78502,2.21287
22,203,-1.37257,0.17061,0.66018,2.20197
22,204,-0.46411,0.64281,0.9191,2.19118
22,205,-0.18455,0.85367,0.96795,2.18049
22,206,-1.28988,0.1978,0.68751,2.1699
22,207,-1.26949,0.20497,0.69364,2.15942
22,208,1.12381,0.26173,0.74308,2.14904
22,209,-1.32182,0.18695,0.67596,2.13876
22,210,-0.98366,0.32585,0.7799,2.12857
22,211,-1.59991,0.11037,0.58787,2.11848
22,212,1.29664,0.19546,0.68602,2.10849
22,213,-1.87123,0.062,0.51075,2.09859
22,214,0.87772,0.3806,0.81398,2.08879
22,215,-0.61175,0.54104,0.89022,2.07907
22,216,0.14757,0.88275,0.97334,2.06944
22,217,-2.18651,0.02933,0.40931,2.05991
22,218,-1.02705,0.30499,0.7706,2.05046
22,219,0.69476,0.48759,0.86994,2.0411
22,220,-1.68963,0.09184,0.56328,2.03182
22,221,-1.04465,0.29678,0.76877,2.02262
22,222,1.27137,0.2043,0.69284,2.01351
22,223,-0.44942,0.65336,0.92144,2.00448
X,1,-0.05219,0.9584,0.99273,867.0
X,2,0.17088,0.8644,0.97079,433.5
X,3,-0.63272,0.52726,0.88329,289.0
X,4,1.43406,0.1523,0.64113,216.75
X,5,-1.00777,0.31414,0.77505,173.4
X,6,-1.82457,0.06877,0.52575,144.5
X,7,-1.56687,0.1179,0.5949,123.85714
X,8,1.35778,0.17526,0.66572,108.375
X,9,1.07751,0.28187,0.7598,96.33333
X,10,-0.05622,0.95519,0.99216,86.7
X,11,-0.7223,0.47051,0.86191,78.81818
X,12,-0.70271,0.48263,0.86632,72.25
X,13,-1.03652,0.30055,0.76908,66.69231
X,14,1.99816,0.04634,0.48234,61.92857
X,15,-0.52049,0.60299,0.90529,57.8
X,16,1.2958,0.19575,0.68602,54.1875
X,17,-0.12021,0.90437,0.9797,51.0
X,18,-0.5002,0.61719,0.9102,48.16667
X,19,-1.76964,0.07751,0.54339,45.63158
X,20,2.28593,0.02275,0.37883,43.35
X,21,1.57985,0.11489,0.58929,41.28571
X,22,-1.19952,0.231,0.7182,39.40909
X,23,-0.51362,0.60778,0.90679,37.69565
X,24,-1.87318,0.06174,0.51075,36.125
X,25,0.90876,0.36399,0.8052,34.68
X,26,0.50686,0.61252,0.90821,33.34615
X,27,-1.1848,0.23676,0.72503,32.11111
X,28,0.44464,0.65681,0.92253,30.96429
X,29,0.05533,0.9559,0.99241,29.89655
X,30,-0.45468,0.64957,0.92124,28.9
X,31,-0.49535,0.62061,0.91062,27.96774
X,32,-0.87476,0.3822,0.81498,27.09375
X,33,0.18814,0.85086,0.96763,26.27273
X,34,0.70378,0.48196,0.86607,25.5
X,35,-0.64274,0.52074,0.87915,24.77143
X,36,0.58712,0.55744,0.89335,24.08333
X,37,1.04026,0.29882,0.76889,23.43243
X,38,0.1861,0.85245,0.96795,22.81579
X,39,-1.38675,0.16625,0.65541,22.23077
X,40,0.39392,0.69384,0.93358,21.675
X,41,-1.10272,0.27078,0.74908,21.14634
X,42,-1.89548,0.05871,0.49745,20.64286
X,43,1.93172,0.05406,0.48774,20.16279
X,44,-0.66219,0.50821,0.87411,19.70455
X,45,0.3703,0.71134,0.93669,19.26667
X,46,0.84205,0.40023,0.82706,18.84783
X,47,0.271,0.78652,0.95761,18.44681
X,48,0.94342,0.34601,0.79312,18.0625
X,49,0.03378,0.97307,0.99544,17.69388
X,50,-0.89997,0.36865,0.80606,17.34
X,51,0.37421,0.70843,0.93669,17.0
X,52,-1.18059,0.23843,0.72606,16.67308
X,53,-0.93693,0.34933,0.79503,16.35849
X,54,-1.96143,0.05049,0.48679,16.05556
X,55,1.36711,0.17232,0.66374,15.76364
X,56,-0.07877,0.93726,0.98769,15.48214
X,57,-1.1706,0.24242,0.72763,15.21053
X,58,-1.48483,0.13834,0.62034,14.94828
X,59,-2.33535,0.01999,0.36729,14.69492
X,60,1.57227,0.11664,0.59424,14.45
X,61,-1.08084,0.28039,0.75854,14.21311
X,62,-1.52432,0.12818,0.60724,13.98387
X,63,0.78039,0.4356,0.84461,13.7619
X,64,0.33808,0.73547,0.94272,13.54688
X,65,0.39266,0.69477,0.93358,13.33846
X,66,-1.96808,0.04971,0.48679,13.13636
X,67,0.902,0.36757,0.80558,12.9403
X,68,1.09901,0.27239,0.75057,12.75
X,69,1.38824,0.1658,0.65531,12.56522
X,70,1.57489,0.11603,0.59274,12.38571
X,71,-0.3405,0.73365,0.94268,12.21127
X,72,1.58857,0.11291,0.58787,12.04167
X,73,-0.39343,0.6942,0.93358,11.87671
X,74,0.80355,0.42211,0.83868,11.71622
X,75,-1.7485,0.0811,0.54823,11.56
X,76,-0.2204,0.82567,0.96518,11.40789
X,77,-1.00521,0.31537,0.77617,11.25974
X,78,1.3938,0.16411,0.65221,11.11538
X,79,1.815,0.07023,0.53164,10.97468
X,80,0.64659,0.51825,0.87796,10.8375
X,81,0.80542,0.42103,0.83804,10.7037
X,82,0.12235,0.90268,0.97918,10.57317
X,83,-1.98358,0.04795,0.48665,10.44578
X,84,-0.45637,0.64836,0.92062,10.32143
X,85,1.82747,0.06834,0.52532,10.2
X,86,0.14839,0.88211,0.97334,10.0814
X,87,-0.45242,0.6512,0.92144,9.96552
X,88,-1.85101,0.06487,0.5176,9.85227
X,89,-1.94046,0.05299,0.48723,9.74157
X,90,0.61439,0.53929,0.89021,9.63333
X,91,0.21325,0.83124,0.96518,9.52747
X,92,-0.72866,0.46661,0.859,9.42391
X,93,1.23812,0.21636,0.70666,9.32258
X,94,-0.95503,0.34011,0.7881,9.2234
X,95,1.83352,0.06743,0.52287,9.12632
X,96,0.9145,0.36097,0.80247,9.03125
X,97,-0.78327,0.43391,0.84396,8.93814
X,98,0.81656,0.41464,0.83293,8.84694
X,99,-0.00749,0.99403,0.99832,8.75758
X,100,-0.52761,0.59805,0.90415,8.67
X,101,-0.01544,0.98769,0.99776,8.58416
X,102,0.71066,0.47769,0.86484,8.5
X,103,-1.20232,0.22992,0.71773,8.41748
X,104,-0.8367,0.40323,0.82857,8.33654
X,105,-3.16802,0.00165,0.18491,8.25714
X,106,-1.42277,0.15554,0.6447,8.17925
X,107,-1.02558,0.30567,0.7706,8.1028
X,108,-0.80505,0.42124,0.83804,8.02778
X,109,-1.14307,0.25366,0.73541,7.95413
X,110,-1.0711,0.28474,0.76187,7.88182
X,111,0.06064,0.95168,0.99079,7.81081
X,112,0.84975,0.39594,0.82536,7.74107
X,113,-0.99721,0.31923,0.77725,7.67257
X,114,0.01701,0.98644,0.9973,7.60526
X,115,2.30064,0.0219,0.37879,7.53913
X,116,0.19399,0.84628,0.96664,7.47414
X,117,-0.00252,0.99799,0.99887,7.41026
X,118,-0.17038,0.86479,0.97079,7.34746
X,119,0.44523,0.65638,0.9225,7.28571
X,120,1.85712,0.06399,0.51583,7.225
X,121,0.54213,0.58801,0.90043,7.16529
X,122,-0.80107,0.42354,0.83918,7.10656
X,123,0.52097,0.60266,0.90529,7.04878
X,124,0.50177,0.61609,0.90959,6.99194
X,125,2.35968,0.01875,0.36213,6.936
X,126,2.66631,0.00796,0.2957,6.88095
X,127,0.47856,0.6325,0.91532,6.82677
X,128,-0.22884,0.8191,0.96403,6.77344
X,129,0.37322,0.70917,0.93669,6.72093
X,130,-1.62096,0.10577,0.57945,6.66923
X,131,0.56225,0.57425,0.89726,6.61832
X,132,0.77547,0.43849,0.84461,6.56818
X,133,0.49908,0.61799,0.9102,6.5188
X,134,-0.33236,0.73978,0.94333,6.47015
X,135,0.7156,0.47464,0.8627,6.42222
X,136,0.7103,0.47791,0.86484,6.375
X,137,-0.78095,0.43527,0.84446,6.32847
X,138,2.50971,0.01246,0.32057,6.28261
X,139,0.41883,0.67555,0.9288,6.23741
X,140,-0.39205,0.69522,0.93358,6.19286
X,141,0.03689,0.97059,0.99544,6.14894
X,142,0.67685,0.49887,0.87129,6.10563
X,143,-0.15601,0.8761,0.97263,6.06294
X,144,0.59948,0.54917,0.89184,6.02083
X,145,0.36748,0.71345,0.93768,5.97931
X,146,0.78909,0.4305,0.84184,5.93836
X,147,-0.91869,0.35878,0.80096,5.89796
X,148,0.85162,0.39491,0.82434,5.85811
X,149,0.50392,0.61458,0.90888,5.81879
X,150,-0.33436,0.73827,0.9433,5.78
X,151,-0.94795,0.3437,0.79157,5.74172
X,152,-0.93578,0.34992,0.79517,5.70395
X,153,-0.14548,0.8844,0.97334,5.66667
X,154,-0.41209,0.68049,0.93015,5.62987
X,155,0.04174,0.96673,0.99522,5.59355
X,156,-0.49639,0.61988,0.91035,5.55769
X,157,0.60215,0.5474,0.89131,5.52229
X,158,1.36085,0.17429,0.66497,5.48734
X,159,-1.72563,0.08515,0.55654,5.45283
X,160,0.85768,0.39156,0.82185,5.41875
X,161,-0.15373,0.87789,0.97313,5.38509
X,162,-0.63564,0.52536,0.88154,5.35185
X,163,1.21959,0.2233,0.71415,5.31902
X,164,-1.17797,0.23947,0.72606,5.28659
X,165,1.02271,0.30703,0.77074,5.25455
X,166,2.14015,0.03292,0.42944,5.22289
X,167,-0.90421,0.3664,0.8052,5.19162
X,168,-0.42066,0.67422,0.92859,5.16071
X,169,-1.0695,0.28545,0.76187,5.13018
X,170,0.65996,0.50964,0.8748,5.1
X,171,-1.09884,0.27246,0.75057,5.07018
X,172,-0.98784,0.3238,0.77846,5.0407
X,173,-2.231,0.02621,0.39199,5.01156
X,174,-1.39703,0.16314,0.65116,4.98276
X,175,1.90886,0.05696,0.49244,4.95429
X,176,-2.35267,0.0191,0.36332,4.92614
X,177,0.73852,0.46061,0.85544,4.89831
X,178,1.45445,0.14656,0.63284,4.87079
X,179,0.44286,0.65809,0.92312,4.84358
X,180,-1.0537,0.29262,0.76656,4.81667
X,181,0.24274,0.80832,0.96322,4.79006
X,182,-1.43918,0.15084,0.63898,4.76374
X,183,-0.9677,0.33375,0.78502,4.7377
X,184,-0.22509,0.82202,0.96403,4.71196
X,185,1.22009,0.22311,0.71415,4.68649
X,186,-0.55253,0.58088,0.89726,4.66129
X,187,0.48369,0.62885,0.91452,4.63636
X,188,-2.60915,0.0094,0.30543,4.6117
X,189,-2.79514,0.00542,0.27415,4.5873
X,190,0.91356,0.36147,0.80298,4.56316
X,191,0.57159,0.56791,0.89517,4.53927
X,192,-1.08993,0.27637,0.75439,4.51562
X,193,-0.60716,0.54407,0.89022,4.49223
X,194,1.97665,0.04873,0.48679,4.46907
X,195,1.33021,0.18417,0.67458,4.44615
X,196,-0.88039,0.37915,0.81287,4.42347
X,197,-0.03292,0.97375,0.99544,4.40102
X,198,-0.2916,0.77073,0.95301,4.37879
X,199,0.96128,0.33696,0.78637,4.35678
X,200,1.45262,0.14707,0.63301,4.335
X,201,2.07303,0.03878,0.44944,4.31343
X,202,-0.01934,0.98458,0.99633,4.29208
X,203,0.20289,0.83932,0.96568,4.27094
X,204,2.43686,0.01523,0.34214,4.25
X,205,-0.05751,0.95417,0.99158,4.22927
X,206,-0.39931,0.68987,0.93358,4.20874
X,207,-0.17999,0.85725,0.96795,4.18841
X,208,-1.1078,0.26858,0.74908,4.16827
X,209,-3.76475,0.00019,0.10669,4.14833
X,210,-1.74884,0.08105,0.54823,4.12857
X,211,1.1941,0.23311,0.7202,4.109
X,212,-1.17994,0.23869,0.72606,4.08962
X,213,-0.92082,0.35767,0.80096,4.07042
X,214,-0.18144,0.85611,0.96795,4.0514
X,215,1.88749,0.05978,0.50271,4.03256
X,216,0.44526,0.65636,0.9225,4.01389
X,217,-2.48904,0.01319,0.32924,3.99539
X,218,1.00437,0.31577,0.77621,3.97706
X,219,0.29626,0.76717,0.95063,3.9589
X,220,0.91183,0.36238,0.80386,3.94091
X,221,0.9688,0.3332,0.78502,3.92308
X,222,-0.1018,0.91896,0.98251,3.90541
X,223,1.17139,0.2421,0.72733,3.88789
X,224,1.41743,0.1571,0.64657,3.87054
X,225,-1.14428,0.25316,0.73541,3.85333
X,226,-0.44374,0.65746,0.92275,3.83628
X,227,0.68048,0.49657,0.87129,3.81938
X,228,0.48356,0.62895,0.91452,3.80263
X,229,-0.45131,0.65199,0.92144,3.78603
X,230,-1.68198,0.09331,0.56485,3.76957
X,231,1.18452,0.23687,0.72503,3.75325
X,232,-0.2936,0.76921,0.95171,3.73707
X,233,-0.8022,0.42289,0.83868,3.72103
X,234,1.13771,0.25589,0.737,3.70513
X,235,0.09797,0.92201,0.98322,3.68936
X,236,-1.08186,0.27993,0.75801,3.67373
X,237,0.37013,0.71147,0.93669,3.65823
X,238,1.12252,0.26228,0.74334,3.64286
X,239,-1.11762,0.26437,0.74606,3.62762
X,240,0.19355,0.84662,0.96664,3.6125
X,241,-0.2139,0.83073,0.96518,3.59751
X,242,-1.70486,0.08896,0.56015,3.58264
X,243,0.8051,0.42121,0.83804,3.5679
X,244,-1.42559,0.15473,0.64407,3.55328
X,245,-1.43528,0.15195,0.64019,3.53878
X,246,-0.79109,0.42934,0.84177,3.52439
X,247,0.45227,0.65131,0.92144,3.51012
X,248,0.58356,0.55983,0.89335,3.49597
X,249,-0.04007,0.96806,0.99544,3.48193
X,250,0.17134,0.86404,0.97063,3.468
X,251,-1.1767,0.23998,0.72606,3.45418
X,252,0.10432,0.91696,0.98203,3.44048
X,253,-0.82253,0.41124,0.8317,3.42688
X,254,-1.43636,0.15164,0.63944,3.41339
X,255,-0.53312,0.59423,0.90353,3.4
X,256,-1.03329,0.30206,0.7697,3.38672
X,257,-0.1512,0.87989,0.97334,3.37354
X,258,1.43073,0.15325,0.64167,3.36047
X,259,-2.1194,0.03464,0.43933,3.34749
X,260,1.53799,0.1248,0.60333,3.33462
X,261,0.28626,0.77482,0.95419,3.32184
X,262,0.33603,0.73701,0.94313,3.30916
X,263,0.28183,0.77822,0.95621,3.29658
X,264,-1.43843,0.15105,0.63924,3.28409
X,265,0.02831,0.97743,0.99584,3.2717
X,266,1.09081,0.27598,0.75395,3.2594
X,267,-1.16791,0.2435,0.72804,3.24719
X,268,-0.25275,0.80059,0.96191,3.23507
X,269,1.00911,0.3135,0.77462,3.22305
X,270,0.72203,0.47067,0.86201,3.21111
X,271,-0.47995,0.63151,0.91529,3.19926
X,272,0.94442,0.34549,0.79282,3.1875
X,273,-1.15438,0.249,0.73178,3.17582
X,274,-0.24576,0.80599,0.96305,3.16423
X,275,1.00082,0.31749,0.77662,3.15273
X,276,1.77501,0.07662,0.54281,3.1413
X,277,0.05988,0.95228,0.99079,3.12996
X,278,-0.66083,0.50908,0.87473,3.11871
X,279,1.90765,0.05711,0.49244,3.10753
X,280,-0.77653,0.43787,0.84461,3.09643
X,281,0.53498,0.59295,0.90316,3.08541
X,282,1.72799,0.08472,0.55569,3.07447
X,283,0.75116,0.45297,0.85061,3.0636
X,284,0.38411,0.70109,0.93506,3.05282
X,285,-0.32313,0.74676,0.94574,3.04211
X,286,-1.33906,0.18127,0.67136,3.03147
X,287,1.22302,0.222,0.71228,3.02091
X,288,-0.81604,0.41494,0.83295,3.01042
X,289,0.525,0.59986,0.90529,3.0
X,290,-0.63241,0.52746,0.8834,2.98966
X,291,-2.59386,0.00982,0.30691,2.97938
X,292,-0.84635,0.39784,0.82649,2.96918
X,293,-0.04724,0.96234,0.99351,2.95904
X,294,-1.6575,0.09816,0.57111,2.94898
X,295,0.67686,0.49886,0.87129,2.93898
X,296,0.16179,0.87155,0.97176,2.92905
X,297,0.82346,0.41071,0.83153,2.91919
X,298,-0.17789,0.8589,0.96811,2.9094
X,299,0.64532,0.51907,0.87859,2.89967
X,300,-0.21393,0.83071,0.96518,2.89
X,301,1.79306,0.07368,0.53906,2.8804
X,302,1.48772,0.13757,0.61999,2.87086
X,303,-1.59086,0.11239,0.58787,2.86139
X,304,-2.22808,0.0264,0.39257,2.85197
X,305,0.47271,0.63667,0.91655,2.84262
X,306,-1.10876,0.26816,0.74908,2.83333
X,307,0.70661,0.4802,0.86565,2.8241
X,308,-0.4713,0.63767,0.91696,2.81494
X,309,-1.01332,0.31149,0.77349,2.80583
X,310,-1.14555,0.25263,0.73541,2.79677
X,311,0.37467,0.7081,0.93669,2.78778
X,312,1.20239,0.22989,0.71773,2.77885
X,313,-0.48736,0.62625,0.91283,2.76997
X,314,-0.27729,0.78169,0.95745,2.76115
X,315,-0.28409,0.77648,0.95522,2.75238
X,316,-0.22846,0.8194,0.96403,2.74367
X,317,-1.28753,0.19861,0.68796,2.73502
X,318,-0.98982,0.32283,0.77846,2.72642
X,319,0.62443,0.53268,0.88608,2.71787
X,320,0.12577,0.89998,0.97839,2.70938
X,321,-0.2672,0.78945,0.95761,2.70093
X,322,2.13266,0.03353,0.4319,2.69255
X,323,0.18561,0.85284,0.96795,2.68421
X,324,1.87597,0.06135,0.50944,2.67593
X,325,-0.7055,0.48089,0.86572,2.66769
X,326,0.90853,0.36412,0.8052,2.65951
X,327,0.64667,0.5182,0.87796,2.65138
X,328,0.96466,0.33527,0.78503,2.64329
X,329,0.17226,0.86331,0.97045,2.63526
X,330,0.31141,0.75565,0.94757,2.62727
X,331,1.76782,0.07781,0.54339,2.61934
X,332,-0.09048,0.92795,0.98429,2.61145
X,333,-0.03203,0.97446,0.99577,2.6036
X,334,-1.72814,0.0847,0.55569,2.59581
X,335,0.54213,0.58802,0.90043,2.58806
X,336,1.0774,0.28192,0.7598,2.58036
X,337,0.86187,0.38925,0.82004,2.5727
X,338,-1.05028,0.29419,0.76786,2.56509
X,339,-1.09454,0.27434,0.75196,2.55752
X,340,-1.48033,0.13953,0.62153,2.55
X,341,-0.38182,0.70278,0.93519,2.54252
X,342,1.94141,0.05287,0.48723,2.53509
X,343,2.11889,0.03468,0.43933,2.5277
X,344,-0.93707,0.34926,0.79503,2.52035
X,345,0.84321,0.39959,0.82703,2.51304
X,346,0.52261,0.60152,0.90529,2.50578
X,347,0.75722,0.44934,0.84873,2.49856
X,348,0.11046,0.91209,0.98058,2.49138
X,349,1.55522,0.12064,0.59764,2.48424
X,350,-0.2278,0.81992,0.96403,2.47714
X,351,-1.32656,0.18537,0.6752,2.47009
X,352,0.08976,0.92852,0.98429,2.46307
X,353,-0.1116,0.91119,0.98058,2.45609
X,354,-0.08349,0.93351,0.98613,2.44915
X,355,0.82129,0.41194,0.83237,2.44225
X,356,0.85871,0.39099,0.82185,2.43539
X,357,0.02898,0.97689,0.99579,2.42857
X,358,-0.10435,0.91694,0.98203,2.42179
X,359,-0.46167,0.64456,0.91987,2.41504
X,360,-0.74623,0.45594,0.85267,2.40833
X,361,1.1312,0.25861,0.74048,2.40166
X,362,0.11417,0.90916,0.98056,2.39503
X,363,-0.4656,0.64174,0.91886,2.38843
X,364,0.69224,0.48917,0.86994,2.38187
X,365,0.06946,0.94465,0.98896,2.37534
X,366,-1.69611,0.0906,0.56244,2.36885
X,367,3.29312,0.00107,0.16797,2.3624
X,368,-3.94996,9e-05,0.10192,2.35598
X,369,1.58963,0.11267,0.58787,2.34959
X,370,1.77061,0.07735,0.54339,2.34324
X,371,0.69514,0.48735,0.86994,2.33693
X,372,1.37176,0.17087,0.66018,2.33065
X,373,-1.96774,0.04975,0.48679,2.3244
X,374,-0.00948,0.99244,0.99807,2.31818
X,375,1.25303,0.21089,0.70065,2.312
X,376,1.62031,0.10591,0.57945,2.30585
X,377,-0.80396,0.42187,0.83852,2.29973
X,378,-2.34714,0.01938,0.3659,2.29365
X,379,0.84353,0.39941,0.82703,2.2876
X,380,1.67673,0.09434,0.56562,2.28158
X,381,-0.42783,0.66899,0.92737,2.27559
X,382,1.90322,0.05769,0.49286,2.26963
X,383,2.46089,0.01426,0.33508,2.26371
X,384,-1.044,0.29708,0.76877,2.25781
X,385,-0.72542,0.46859,0.86068,2.25195
X,386,-1.07036,0.28507,0.76187,2.24611
X,387,-2.03815,0.04216,0.4697,2.24031
X,388,-0.69197,0.48934,0.86994,2.23454
X,389,-2.17093,0.03049,0.4156,2.22879
X,390,-1.67406,0.09486,0.56649,2.22308
X,391,-0.37574,0.7073,0.93669,2.21739
X,392,-3.32548,0.00096,0.15818,2.21173
X,393,-1.80483,0.07181,0.53449,2.20611
X,394,-0.8408,0.40093,0.82715,2.20051
X,395,-1.06652,0.2868,0.76264,2.19494
X,396,-0.553,0.58056,0.89726,2.18939
X,397,0.21304,0.8314,0.96518,2.18388
X,398,0.03453,0.97247,0.99544,2.17839
X,399,-0.79986,0.42424,0.83951,2.17293
X,400,-0.9868,0.32431,0.77863,2.1675
X,401,1.19928,0.23109,0.7182,2.16209
X,402,-0.11165,0.91116,0.98058,2.15672
X,403,-1.17239,0.2417,0.72687,2.15136
X,404,1.14225,0.254,0.7356,2.14604
X,405,-0.40742,0.68391,0.93105,2.14074
X,406,2.00377,0.04573,0.48174,2.13547
X,407,-0.3713,0.7106,0.93669,2.13022
X,408,0.38495,0.70047,0.93506,2.125
X,409,1.86673,0.06263,0.51186,2.1198
X,410,-1.31881,0.18795,0.67679,2.11463
X,411,-1.34454,0.1795,0.66933,2.10949
X,412,-0.68392,0.4944,0.87129,2.10437
X,413,1.33355,0.18307,0.67278,2.09927
X,414,1.21369,0.22554,0.71483,2.0942
X,415,-1.10381,0.27031,0.74908,2.08916
X,416,0.41562,0.6779,0.92941,2.08413
X,417,-0.52371,0.60076,0.90529,2.07914
X,418,-0.0036,0.99713,0.99887,2.07416
X,419,0.32064,0.74864,0.94608,2.06921
X,420,0.72032,0.47172,0.8626,2.06429
X,421,-1.73402,0.08364,0.55396,2.05938
X,422,-2.09854,0.03645,0.44594,2.0545
X,423,-0.43357,0.66482,0.92512,2.04965
X,424,0.52147,0.60231,0.90529,2.04481
X,425,-2.29697,0.02211,0.37881,2.04
X,426,1.34452,0.1795,0.66933,2.03521
X,427,-1.69492,0.09083,0.56279,2.03044
X,428,-0.27018,0.78715,0.95761,2.0257
X,429,-0.50447,0.61419,0.90888,2.02098
X,430,-0.68922,0.49106,0.87014,2.01628
X,431,-0.98388,0.32574,0.77988,2.0116
X,432,1.71662,0.08678,0.55776,2.00694
X,433,-1.07621,0.28245,0.76005,2.00231
