chr,k,slope_t,p,q,period
1,1,1.48742,0.13765,0.19,2066.0
1,2,-0.49989,0.61741,0.68436,1033.0
1,3,3.25919,0.00121,0.00272,688.66667
1,4,4.77387,0.0,1e-05,516.5
1,5,-1.09109,0.27586,0.34952,413.2
1,6,-1.12156,0.26269,0.33509,344.33333
1,7,1.76002,0.07913,0.11727,295.14286
1,8,2.22281,0.02676,0.04496,258.25
1,9,3.21966,0.00138,0.00308,229.55556
1,10,-0.89668,0.3704,0.44869,206.6
1,11,1.77302,0.07695,0.11452,187.81818
1,12,-4.5344,1e-05,3e-05,172.16667
1,13,0.95513,0.34006,0.41824,158.92308
1,14,1.66043,0.09757,0.14098,147.57143
1,15,1.93396,0.05379,0.08345,137.73333
1,16,3.14124,0.0018,0.00392,129.125
1,17,3.99693,8e-05,0.00022,121.52941
1,18,-1.20961,0.22711,0.29565,114.77778
1,19,-4.30415,2e-05,7e-05,108.73684
1,20,0.81927,0.4131,0.49131,103.3
1,21,-6.46678,0.0,0.0,98.38095
1,22,-2.58044,0.0102,0.01892,93.90909
1,23,-4.39552,1e-05,5e-05,89.82609
1,24,-10.72213,0.0,0.0,86.08333
1,25,-0.33674,0.73648,0.78823,82.64
1,26,-6.50032,0.0,0.0,79.46154
1,27,-2.83171,0.00485,0.00962,76.51852
1,28,1.57737,0.11546,0.16308,73.78571
1,29,-5.53118,0.0,0.0,71.24138
1,30,1.43448,0.15218,0.20758,68.86667
1,31,-2.65138,0.00832,0.01573,66.64516
1,32,2.41095,0.01634,0.02892,64.5625
1,33,-3.57871,0.00039,0.00097,62.60606
1,34,-3.45463,0.00061,0.00146,60.76471
1,35,4.30194,2e-05,7e-05,59.02857
1,36,0.39824,0.69065,0.74847,57.38889
1,37,-0.97158,0.33182,0.40903,55.83784
1,38,-1.85665,0.06406,0.09741,54.36842
1,39,7.55558,0.0,0.0,52.97436
1,40,-2.77286,0.0058,0.0113,51.65
1,41,-5.27669,0.0,0.0,50.39024
1,42,1.84711,0.06543,0.09927,49.19048
1,43,-1.78982,0.0742,0.11099,48.04651
1,44,-2.12062,0.03454,0.05632,46.95455
1,45,-3.22319,0.00137,0.00305,45.91111
1,46,-0.16185,0.8715,0.89954,44.91304
1,47,-0.90187,0.36764,0.44599,43.95745
1,48,-2.18191,0.02967,0.04922,43.04167
1,49,3.81092,0.00016,0.00044,42.16327
1,50,0.76122,0.44695,0.52397,41.32
1,51,-1.08401,0.27898,0.35321,40.5098
1,52,-5.26085,0.0,0.0,39.73077
1,53,2.05822,0.04018,0.06451,38.98113
1,54,2.81433,0.00512,0.01009,38.25926
1,55,-4.08752,5e-05,0.00016,37.56364
1,56,3.26828,0.00117,0.00265,36.89286
1,57,1.96843,0.04967,0.07785,36.24561
1,58,1.6165,0.10673,0.15239,35.62069
1,59,-0.24381,0.8075,0.84738,35.01695
1,60,-4.3893,1e-05,5e-05,34.43333
1,61,-2.03197,0.04278,0.06816,33.86885
1,62,-3.54165,0.00044,0.0011,33.32258
1,63,-4.74843,0.0,1e-05,32.79365
1,64,1.09976,0.27206,0.34519,32.28125
1,65,-3.24644,0.00126,0.00283,31.78462
1,66,1.4242,0.15513,0.21106,31.30303
1,67,2.99501,0.00291,0.00604,30.83582
1,68,-3.31924,0.00098,0.00225,30.38235
1,69,1.48902,0.13723,0.18944,29.94203
1,70,-2.70692,0.00707,0.01354,29.51429
1,71,-5.65848,0.0,0.0,29.09859
1,72,2.29236,0.02238,0.03851,28.69444
1,73,5.92809,0.0,0.0,28.30137
1,74,0.36666,0.71406,0.76934,27.91892
1,75,-2.02814,0.04317,0.06874,27.54667
1,76,5.0178,0.0,0.0,27.18421
1,77,-1.66458,0.09674,0.13989,26.83117
1,78,2.52914,0.0118,0.02161,26.48718
1,79,0.9751,0.33007,0.40717,26.1519
1,80,4.79969,0.0,1e-05,25.825
1,81,-0.62101,0.53493,0.60788,25.50617
1,82,-0.61431,0.53934,0.61227,25.19512
1,83,-0.90229,0.36742,0.44583,24.89157
1,84,5.98819,0.0,0.0,24.59524
1,85,-1.39967,0.16235,0.21994,24.30588
1,86,-9.46721,0.0,0.0,24.02326
1,87,-5.01314,0.0,0.0,23.74713
1,88,1.4578,0.14564,0.19965,23.47727
1,89,-10.70588,0.0,0.0,23.21348
1,90,-4.21916,3e-05,0.0001,22.95556
1,91,-2.66816,0.00792,0.01507,22.7033
1,92,-6.30879,0.0,0.0,22.45652
1,93,-0.87576,0.38166,0.45969,22.21505
1,94,0.68739,0.49222,0.56763,21.97872
1,95,-8.16027,0.0,0.0,21.74737
1,96,1.88414,0.06023,0.09236,21.52083
1,97,3.601,0.00035,0.0009,21.29897
1,98,-2.29012,0.02251,0.03869,21.08163
1,99,-6.63638,0.0,0.0,20.86869
1,100,0.3474,0.72847,0.78118,20.66
1,101,-1.94276,0.05271,0.08197,20.45545
1,102,3.05747,0.00237,0.00505,20.2549
1,103,-3.37994,0.00079,0.00186,20.05825
1,104,7.4256,0.0,0.0,19.86538
1,105,-0.82381,0.41051,0.48864,19.67619
1,106,0.00108,0.99913,0.99933,19.49057
1,107,6.88886,0.0,0.0,19.30841
1,108,8.86226,0.0,0.0,19.12963
1,109,3.11763,0.00195,0.00422,18.95413
1,110,-2.91355,0.00376,0.00765,18.78182
1,111,3.81484,0.00016,0.00043,18.61261
1,112,0.40873,0.68295,0.74229,18.44643
1,113,-5.49323,0.0,0.0,18.28319
1,114,-1.58938,0.11272,0.15966,18.12281
1,115,-1.77885,0.07598,0.11334,17.96522
1,116,2.86295,0.00441,0.00883,17.81034
1,117,2.49188,0.01309,0.02372,17.65812
1,118,-1.81779,0.06981,0.10506,17.50847
1,119,-5.91177,0.0,0.0,17.36134
1,120,-1.50914,0.13201,0.18304,17.21667
1,121,4.01096,7e-05,0.00021,17.07438
1,122,3.41167,0.00071,0.00168,16.93443
1,123,3.48972,0.00053,0.0013,16.79675
1,124,4.57655,1e-05,2e-05,16.66129
1,125,-2.1043,0.03594,0.0583,16.528
1,126,0.95656,0.33934,0.41748,16.39683
1,127,2.83669,0.00478,0.00949,16.26772
1,128,1.35424,0.17638,0.23645,16.14062
1,129,-1.91054,0.05674,0.08752,16.0155
1,130,0.18292,0.85494,0.88637,15.89231
1,131,3.18038,0.00158,0.00349,15.77099
1,132,-2.89352,0.00401,0.00809,15.65152
1,133,12.95253,0.0,0.0,15.53383
1,134,-5.80659,0.0,0.0,15.41791
1,135,5.30674,0.0,0.0,15.3037
1,136,-5.92879,0.0,0.0,15.19118
1,137,2.31932,0.02085,0.03613,15.08029
1,138,3.91304,0.00011,0.0003,14.97101
1,139,0.3744,0.70829,0.76419,14.86331
1,140,-4.37335,2e-05,5e-05,14.75714
1,141,1.44441,0.14937,0.20419,14.65248
1,142,-0.33515,0.73768,0.78935,14.5493
1,143,4.629,0.0,2e-05,14.44755
1,144,-6.42471,0.0,0.0,14.34722
1,145,3.26118,0.0012,0.00271,14.24828
1,146,1.84499,0.06574,0.09962,14.15068
1,147,-7.30094,0.0,0.0,14.05442
1,148,1.368,0.17204,0.2314,13.95946
1,149,-0.54695,0.5847,0.65544,13.86577
1,150,-6.05377,0.0,0.0,13.77333
1,151,2.34795,0.01934,0.03369,13.68212
1,152,1.03259,0.30239,0.37839,13.59211
1,153,-2.15612,0.03164,0.05215,13.50327
1,154,-1.01109,0.31255,0.38882,13.41558
1,155,-1.07893,0.28124,0.35575,13.32903
1,156,8.0944,0.0,0.0,13.24359
1,157,-1.039,0.2994,0.37527,13.15924
1,158,-2.63122,0.00882,0.01657,13.07595
1,159,0.59202,0.55415,0.62742,12.99371
1,160,2.3278,0.02039,0.0354,12.9125
1,161,-0.44749,0.65475,0.71694,12.8323
1,162,-3.61801,0.00033,0.00085,12.75309
1,163,-8.12283,0.0,0.0,12.67485
1,164,4.32164,2e-05,6e-05,12.59756
1,165,1.53858,0.12466,0.17439,12.52121
1,166,2.02743,0.04325,0.06885,12.44578
1,167,2.50309,0.01269,0.02304,12.37126
1,168,-2.34369,0.01956,0.03404,12.29762
1,169,-0.45444,0.64975,0.71224,12.22485
1,170,-1.46284,0.14426,0.19786,12.15294
1,171,1.02031,0.30816,0.38423,12.08187
1,172,-0.58206,0.56084,0.63387,12.01163
1,173,1.15428,0.24904,0.3202,11.9422
1,174,-7.72152,0.0,0.0,11.87356
1,175,-6.082,0.0,0.0,11.80571
1,176,-2.86117,0.00443,0.00887,11.73864
1,177,0.90789,0.36445,0.44293,11.67232
1,178,-2.76392,0.00596,0.01158,11.60674
1,179,2.73095,0.00658,0.01269,11.5419
1,180,0.41305,0.67978,0.73973,11.47778
1,181,-5.56743,0.0,0.0,11.41436
1,182,-2.46294,0.01418,0.02545,11.35165
1,183,-2.67735,0.00771,0.01469,11.28962
1,184,-5.76908,0.0,0.0,11.22826
1,185,1.67979,0.09374,0.13595,11.16757
1,186,2.16478,0.03096,0.05118,11.10753
1,187,-2.63446,0.00874,0.01643,11.04813
1,188,-1.73842,0.08287,0.12204,10.98936
1,189,-2.96609,0.00319,0.00657,10.93122
1,190,-0.05621,0.9552,0.96621,10.87368
1,191,-4.04283,6e-05,0.00019,10.81675
1,192,-1.32893,0.18459,0.246,10.76042
1,193,-2.5956,0.00977,0.01817,10.70466
1,194,-1.84389,0.0659,0.09981,10.64948
1,195,5.59519,0.0,0.0,10.59487
1,196,-8.6243,0.0,0.0,10.54082
1,197,-2.27764,0.02325,0.03979,10.48731
1,198,4.66406,0.0,2e-05,10.43434
1,199,-3.43905,0.00064,0.00153,10.38191
1,200,2.12864,0.03386,0.0554,10.33
1,201,0.15955,0.87331,0.90095,10.27861
1,202,-3.45949,0.0006,0.00144,10.22772
1,203,-9.92187,0.0,0.0,10.17734
1,204,4.7131,0.0,1e-05,10.12745
1,205,-7.21017,0.0,0.0,10.07805
1,206,-0.11077,0.91185,0.93254,10.02913
1,207,-1.2529,0.21094,0.27719,9.98068
1,208,1.56112,0.11924,0.16783,9.93269
1,209,-7.05265,0.0,0.0,9.88517
1,210,3.38359,0.00078,0.00184,9.8381
1,211,-0.00049,0.99961,0.99961,9.79147
1,212,9.43145,0.0,0.0,9.74528
1,213,-4.72593,0.0,1e-05,9.69953
1,214,6.22296,0.0,0.0,9.65421
1,215,-0.88927,0.37436,0.4525,9.6093
1,216,6.58093,0.0,0.0,9.56481
1,217,1.43774,0.15125,0.20652,9.52074
1,218,-6.8995,0.0,0.0,9.47706
1,219,-2.78082,0.00566,0.01105,9.43379
1,220,1.63071,0.1037,0.14867,9.39091
1,221,6.51151,0.0,0.0,9.34842
1,222,-3.52484,0.00047,0.00116,9.30631
1,223,-3.84452,0.00014,0.00039,9.26457
1,224,-2.3639,0.01854,0.03239,9.22321
1,225,1.7061,0.08872,0.12945,9.18222
1,226,0.44133,0.6592,0.72086,9.14159
1,227,-0.41197,0.68057,0.74043,9.10132
1,228,1.97136,0.04934,0.07744,9.0614
1,229,-1.16321,0.2454,0.31613,9.02183
1,230,6.75249,0.0,0.0,8.98261
1,231,2.7946,0.00543,0.01066,8.94372
1,232,5.31526,0.0,0.0,8.90517
1,233,6.49765,0.0,0.0,8.86695
1,234,-3.55245,0.00042,0.00106,8.82906
1,235,2.00012,0.04613,0.07286,8.79149
1,236,0.75782,0.44898,0.52599,8.75424
1,237,-0.84584,0.39812,0.47639,8.7173
1,238,-1.68465,0.09279,0.13479,8.68067
1,239,-3.14974,0.00175,0.00382,8.64435
1,240,6.37349,0.0,0.0,8.60833
1,241,5.19197,0.0,0.0,8.57261
1,242,-0.08838,0.92962,0.94646,8.53719
1,243,3.52898,0.00046,0.00115,8.50206
1,244,7.42591,0.0,0.0,8.46721
1,245,-3.24613,0.00126,0.00284,8.43265
1,246,4.85024,0.0,1e-05,8.39837
1,247,-3.54599,0.00043,0.00108,8.36437
1,248,1.11688,0.26468,0.33732,8.33065
1,249,-1.88094,0.06067,0.09294,8.29719
1,250,4.85384,0.0,1e-05,8.264
1,251,-2.48594,0.01331,0.02406,8.23108
1,252,6.59022,0.0,0.0,8.19841
1,253,1.37829,0.16884,0.22774,8.16601
1,254,0.02101,0.98325,0.98799,8.13386
1,255,-2.23923,0.02566,0.04336,8.10196
1,256,-3.6793,0.00026,0.00069,8.07031
1,257,-3.08921,0.00214,0.00459,8.03891
1,258,-0.36173,0.71773,0.77279,8.00775
1,259,-3.25108,0.00124,0.00279,7.97683
1,260,-1.00927,0.31342,0.38981,7.94615
1,261,-1.0694,0.2855,0.36023,7.91571
1,262,2.5106,0.01243,0.02261,7.8855
1,263,-0.40586,0.68505,0.74376,7.85551
1,264,-0.01021,0.99186,0.99444,7.82576
1,265,-5.11054,0.0,0.0,7.79623
1,266,-0.29467,0.76839,0.81455,7.76692
1,267,-1.8462,0.06556,0.09944,7.73783
1,268,-1.59012,0.11256,0.15945,7.70896
1,269,-0.73533,0.46255,0.53967,7.6803
1,270,4.47251,1e-05,3e-05,7.65185
1,271,1.04075,0.29859,0.37443,7.62362
1,272,6.58871,0.0,0.0,7.59559
1,273,-4.52367,1e-05,3e-05,7.56777
1,274,1.12589,0.26085,0.33304,7.54015
1,275,0.14439,0.88526,0.91093,7.51273
1,276,-4.48791,1e-05,3e-05,7.48551
1,277,-3.27024,0.00116,0.00263,7.45848
1,278,-1.80785,0.07134,0.10722,7.43165
1,279,-1.74476,0.08175,0.12074,7.40502
1,280,4.82722,0.0,1e-05,7.37857
1,281,-1.11507,0.26546,0.33818,7.35231
1,282,-1.09361,0.27475,0.3482,7.32624
1,283,3.59104,0.00037,0.00093,7.30035
1,284,2.14398,0.03261,0.05352,7.27465
1,285,-8.94445,0.0,0.0,7.24912
1,286,-0.93303,0.35134,0.42996,7.22378
1,287,0.90153,0.36782,0.4461,7.19861
1,288,0.63948,0.52286,0.5962,7.17361
1,289,1.65844,0.09797,0.14147,7.14879
1,290,2.00753,0.04533,0.07177,7.12414
1,291,-1.96222,0.05039,0.07883,7.09966
1,292,1.68395,0.09293,0.13495,7.07534
1,293,-0.87591,0.38158,0.45967,7.05119
1,294,-1.75064,0.08074,0.11936,7.02721
1,295,5.79299,0.0,0.0,7.00339
1,296,-2.55324,0.01102,0.0203,6.97973
1,297,-4.99781,0.0,0.0,6.95623
1,298,-7.36628,0.0,0.0,6.93289
1,299,-6.22141,0.0,0.0,6.9097
1,300,1.50163,0.13394,0.18545,6.88667
1,301,2.44116,0.01505,0.02689,6.86379
1,302,-1.94415,0.05254,0.08173,6.84106
1,303,-4.3756,2e-05,5e-05,6.81848
1,304,1.77616,0.07643,0.11386,6.79605
1,305,1.16091,0.24633,0.31717,6.77377
1,306,8.21465,0.0,0.0,6.75163
1,307,-3.94209,9e-05,0.00027,6.72964
1,308,-3.43508,0.00065,0.00155,6.70779
1,309,1.2484,0.21258,0.2791,6.68608
1,310,3.47217,0.00057,0.00138,6.66452
1,311,2.82864,0.0049,0.0097,6.64309
1,312,10.95558,0.0,0.0,6.62179
1,313,3.42524,0.00067,0.0016,6.60064
1,314,-3.05978,0.00236,0.00501,6.57962
1,315,0.29294,0.76971,0.8156,6.55873
1,316,3.16673,0.00165,0.00364,6.53797
1,317,-1.54184,0.12386,0.17345,6.51735
1,318,-4.814,0.0,1e-05,6.49686
1,319,3.32134,0.00097,0.00223,6.47649
1,320,2.34516,0.01948,0.03393,6.45625
1,321,-4.10452,5e-05,0.00015,6.43614
1,322,5.53041,0.0,0.0,6.41615
1,323,4.85756,0.0,1e-05,6.39628
1,324,-7.2416,0.0,0.0,6.37654
1,325,-6.48766,0.0,0.0,6.35692
1,326,1.0197,0.30845,0.38449,6.33742
1,327,9.42627,0.0,0.0,6.31804
1,328,-3.57437,0.00039,0.00098,6.29878
1,329,5.91555,0.0,0.0,6.27964
1,330,4.85381,0.0,1e-05,6.26061
1,331,-8.52222,0.0,0.0,6.24169
1,332,3.67292,0.00027,0.00071,6.22289
1,333,2.06782,0.03927,0.0632,6.2042
1,334,-5.75965,0.0,0.0,6.18563
1,335,0.41619,0.67748,0.73755,6.16716
1,336,-1.02243,0.30717,0.38322,6.14881
1,337,-0.68151,0.49593,0.57128,6.13056
1,338,-8.49287,0.0,0.0,6.11243
1,339,3.84657,0.00014,0.00039,6.0944
1,340,-1.70619,0.08871,0.12944,6.07647
1,341,4.74085,0.0,1e-05,6.05865
1,342,-6.7156,0.0,0.0,6.04094
1,343,-0.74466,0.45689,0.53375,6.02332
1,344,-3.64125,0.00031,0.00079,6.00581
1,345,6.99571,0.0,0.0,5.98841
1,346,-7.25817,0.0,0.0,5.9711
1,347,1.56476,0.11839,0.16677,5.95389
1,348,6.84029,0.0,0.0,5.93678
1,349,-2.62638,0.00894,0.01678,5.91977
1,350,1.61594,0.10685,0.15252,5.90286
1,351,3.78272,0.00018,0.00048,5.88604
1,352,-5.70712,0.0,0.0,5.86932
1,353,1.87852,0.061,0.09334,5.85269
1,354,-0.10224,0.91861,0.93783,5.83616
1,355,-4.49507,1e-05,3e-05,5.81972
1,356,-1.03475,0.30138,0.37741,5.80337
1,357,-3.51578,0.00049,0.0012,5.78711
1,358,1.03731,0.30018,0.37615,5.77095
1,359,0.52817,0.59766,0.66683,5.75487
1,360,1.39933,0.16245,0.22001,5.73889
1,361,-0.27875,0.78057,0.82492,5.72299
1,362,-4.13732,4e-05,0.00013,5.70718
1,363,1.39964,0.16236,0.21994,5.69146
1,364,3.65663,0.00029,0.00075,5.67582
1,365,-3.9679,9e-05,0.00025,5.66027
1,366,0.31892,0.74995,0.79886,5.64481
1,367,-6.33795,0.0,0.0,5.62943
1,368,-1.14035,0.25479,0.32642,5.61413
1,369,6.41892,0.0,0.0,5.59892
1,370,-1.79461,0.07343,0.10997,5.58378
1,371,-6.67071,0.0,0.0,5.56873
1,372,-0.46001,0.64574,0.7087,5.55376
1,373,2.18494,0.02944,0.04889,5.53887
1,374,0.56618,0.57157,0.64375,5.52406
1,375,-3.64371,0.0003,0.00078,5.50933
1,376,4.50515,1e-05,3e-05,5.49468
1,377,-2.24352,0.02538,0.04296,5.48011
1,378,-8.0187,0.0,0.0,5.46561
1,379,5.6857,0.0,0.0,5.45119
1,380,-2.96332,0.00322,0.00663,5.43684
1,381,-0.59197,0.55419,0.62742,5.42257
1,382,-3.03631,0.00254,0.00537,5.40838
1,383,-0.08236,0.9344,0.95026,5.39426
1,384,8.17012,0.0,0.0,5.38021
1,385,0.14419,0.88542,0.911,5.36623
1,386,2.64859,0.00839,0.01584,5.35233
1,387,-3.42876,0.00067,0.00159,5.3385
1,388,1.05141,0.29367,0.36924,5.32474
1,389,-5.51155,0.0,0.0,5.31105
1,390,-10.80374,0.0,0.0,5.29744
1,391,-3.39915,0.00074,0.00175,5.28389
1,392,-6.32671,0.0,0.0,5.27041
1,393,3.99791,8e-05,0.00022,5.257
1,394,-0.19241,0.84751,0.88096,5.24365
1,395,3.37832,0.0008,0.00187,5.23038
1,396,-4.42924,1e-05,4e-05,5.21717
1,397,-8.81469,0.0,0.0,5.20403
1,398,-0.7838,0.4336,0.51095,5.19095
1,399,-5.95168,0.0,0.0,5.17794
1,400,-1.03292,0.30223,0.37829,5.165
1,401,-2.85979,0.00445,0.0089,5.15212
1,402,-7.31895,0.0,0.0,5.1393
1,403,-3.80401,0.00016,0.00045,5.12655
1,404,2.76766,0.00589,0.01146,5.11386
1,405,-3.76324,0.00019,0.00052,5.10123
1,406,6.48734,0.0,0.0,5.08867
1,407,-3.52637,0.00047,0.00116,5.07617
1,408,1.88768,0.05975,0.09175,5.06373
1,409,-7.58667,0.0,0.0,5.05134
1,410,7.05468,0.0,0.0,5.03902
1,411,-0.12189,0.90304,0.92542,5.02676
1,412,-1.71463,0.08715,0.12744,5.01456
1,413,-1.13896,0.25537,0.32704,5.00242
1,414,-7.60847,0.0,0.0,4.99034
1,415,5.46688,0.0,0.0,4.97831
1,416,3.4499,0.00062,0.00148,4.96635
1,417,-1.70531,0.08887,0.12962,4.95444
1,418,0.21566,0.82936,0.86605,4.94258
1,419,-3.01578,0.00272,0.0057,4.93079
1,420,-4.90522,0.0,1e-05,4.91905
1,421,4.32231,2e-05,6e-05,4.90736
1,422,-0.45044,0.65262,0.71484,4.89573
1,423,6.54579,0.0,0.0,4.88416
1,424,5.53937,0.0,0.0,4.87264
1,425,2.2377,0.02576,0.04349,4.86118
1,426,4.98257,0.0,0.0,4.84977
1,427,-0.45255,0.65111,0.71349,4.83841
1,428,2.19273,0.02887,0.04805,4.8271
1,429,6.65838,0.0,0.0,4.81585
1,430,-0.40589,0.68503,0.74376,4.80465
1,431,-8.04731,0.0,0.0,4.7935
1,432,-1.35479,0.17621,0.23628,4.78241
1,433,-0.81476,0.41567,0.49372,4.77136
1,434,9.28523,0.0,0.0,4.76037
1,435,-4.98379,0.0,0.0,4.74943
1,436,-7.23588,0.0,0.0,4.73853
1,437,3.62088,0.00033,0.00084,4.72769
1,438,-2.04824,0.04116,0.06586,4.71689
1,439,-4.94363,0.0,0.0,4.70615
1,440,-6.15722,0.0,0.0,4.69545
1,441,4.20649,3e-05,0.0001,4.68481
1,442,-0.11697,0.90694,0.92856,4.67421
1,443,0.30395,0.76132,0.80841,4.66366
1,444,-3.43215,0.00066,0.00157,4.65315
1,445,-1.30866,0.19136,0.25384,4.6427
1,446,0.09242,0.92641,0.94434,4.63229
1,447,-2.22619,0.02653,0.04465,4.62192
1,448,-2.00686,0.0454,0.07187,4.61161
1,449,6.53414,0.0,0.0,4.60134
1,450,2.00879,0.0452,0.07157,4.59111
1,451,2.27466,0.02343,0.04003,4.58093
1,452,11.98842,0.0,0.0,4.5708
1,453,-0.62088,0.53501,0.60791,4.56071
1,454,-2.09432,0.03683,0.05963,4.55066
1,455,1.8452,0.06571,0.09958,4.54066
1,456,-2.08733,0.03746,0.06055,4.5307
1,457,-4.1503,4e-05,0.00013,4.52079
1,458,3.86089,0.00013,0.00037,4.51092
1,459,1.75714,0.07962,0.11786,4.50109
1,460,-2.07478,0.03861,0.06224,4.4913
1,461,0.77938,0.4362,0.51353,4.48156
1,462,0.51083,0.60973,0.67747,4.47186
1,463,-3.99082,8e-05,0.00023,4.4622
1,464,-2.82309,0.00498,0.00985,4.45259
1,465,1.04121,0.29838,0.37421,4.44301
1,466,-3.51745,0.00048,0.00119,4.43348
1,467,-0.69596,0.48684,0.56243,4.42398
1,468,6.13999,0.0,0.0,4.41453
1,469,-5.47892,0.0,0.0,4.40512
1,470,3.05775,0.00237,0.00504,4.39574
1,471,3.28012,0.00112,0.00255,4.38641
1,472,3.67297,0.00027,0.00071,4.37712
1,473,6.0139,0.0,0.0,4.36786
1,474,1.82175,0.0692,0.10426,4.35865
1,475,1.98072,0.04827,0.07593,4.34947
1,476,-2.27721,0.02327,0.03982,4.34034
1,477,3.37338,0.00081,0.0019,4.33124
1,478,-7.54548,0.0,0.0,4.32218
1,479,-3.82844,0.00015,0.00041,4.31315
1,480,2.29444,0.02226,0.03831,4.30417
1,481,-5.34531,0.0,0.0,4.29522
1,482,-3.33996,0.00091,0.00211,4.28631
1,483,2.48915,0.01319,0.02387,4.27743
1,484,-1.10226,0.27098,0.34399,4.2686
1,485,-6.88993,0.0,0.0,4.25979
1,486,-1.84857,0.06522,0.09899,4.25103
1,487,-6.79645,0.0,0.0,4.2423
1,488,-6.90097,0.0,0.0,4.23361
1,489,3.48356,0.00055,0.00133,4.22495
1,490,-2.10354,0.03601,0.05837,4.21633
1,491,-2.40395,0.01665,0.0294,4.20774
1,492,-4.84382,0.0,1e-05,4.19919
1,493,7.32491,0.0,0.0,4.19067
1,494,0.78729,0.43155,0.50884,4.18219
1,495,1.97385,0.04905,0.07704,4.17374
1,496,4.9565,0.0,0.0,4.16532
1,497,-2.74109,0.00638,0.01234,4.15694
1,498,2.43349,0.01537,0.02739,4.14859
1,499,4.52987,1e-05,3e-05,4.14028
1,500,1.96195,0.05043,0.07887,4.132
1,501,2.1917,0.02895,0.04816,4.12375
1,502,-1.02878,0.30417,0.38015,4.11554
1,503,-5.15539,0.0,0.0,4.10736
1,504,-6.95832,0.0,0.0,4.09921
1,505,1.34984,0.17779,0.23795,4.09109
1,506,-0.80175,0.42315,0.50147,4.083
1,507,3.46037,0.00059,0.00143,4.07495
1,508,1.51758,0.12987,0.1805,4.06693
1,509,2.61742,0.00918,0.01718,4.05894
1,510,2.25003,0.02496,0.04232,4.05098
1,511,-5.0313,0.0,0.0,4.04305
1,512,-1.53126,0.12646,0.17649,4.03516
1,513,1.91333,0.05638,0.08706,4.02729
1,514,-1.95482,0.05126,0.07996,4.01946
1,515,2.13347,0.03346,0.05479,4.01165
1,516,0.80468,0.42146,0.49989,4.00388
1,517,-3.37547,0.00081,0.00188,3.99613
1,518,0.04956,0.9605,0.97029,3.98842
1,519,2.84022,0.00473,0.0094,3.98073
1,520,-8.31151,0.0,0.0,3.97308
1,521,0.90523,0.36586,0.44431,3.96545
1,522,5.59294,0.0,0.0,3.95785
1,523,1.0038,0.31605,0.39284,3.95029
1,524,-1.15498,0.24875,0.31992,3.94275
1,525,2.64314,0.00852,0.01608,3.93524
1,526,7.62608,0.0,0.0,3.92776
1,527,-4.23291,3e-05,9e-05,3.9203
1,528,-0.78368,0.43367,0.51097,3.91288
1,529,1.17389,0.2411,0.31152,3.90548
1,530,-0.04761,0.96205,0.97137,3.89811
1,531,4.95025,0.0,0.0,3.89077
1,532,-1.60681,0.10884,0.15491,3.88346
1,533,3.71937,0.00023,0.0006,3.87617
1,534,0.04856,0.96129,0.9709,3.86891
1,535,8.30194,0.0,0.0,3.86168
1,536,-3.15586,0.00171,0.00376,3.85448
1,537,-6.29155,0.0,0.0,3.8473
1,538,-4.72431,0.0,1e-05,3.84015
1,539,-5.48901,0.0,0.0,3.83302
1,540,-0.25611,0.79799,0.84005,3.82593
1,541,-0.93365,0.35102,0.42978,3.81885
1,542,-0.18711,0.85166,0.88363,3.81181
1,543,8.34131,0.0,0.0,3.80479
1,544,-0.3096,0.75702,0.80488,3.79779
1,545,1.05849,0.29044,0.36559,3.79083
1,546,3.36118,0.00085,0.00197,3.78388
1,547,7.38161,0.0,0.0,3.77697
1,548,-5.56046,0.0,0.0,3.77007
1,549,0.92616,0.35489,0.43347,3.76321
1,550,-0.99352,0.32103,0.39784,3.75636
1,551,6.571,0.0,0.0,3.74955
1,552,9.23174,0.0,0.0,3.74275
1,553,1.3829,0.16743,0.22598,3.73599
1,554,1.9569,0.05102,0.07965,3.72924
1,555,0.32684,0.74395,0.79478,3.72252
1,556,-5.73828,0.0,0.0,3.71583
1,557,1.26416,0.20687,0.27268,3.70916
1,558,5.95659,0.0,0.0,3.70251
1,559,6.1564,0.0,0.0,3.69589
1,560,-2.88896,0.00406,0.00819,3.68929
1,561,-1.49581,0.13545,0.18732,3.68271
1,562,-1.78408,0.07513,0.11216,3.67616
1,563,-5.94633,0.0,0.0,3.66963
1,564,-1.0914,0.27572,0.34939,3.66312
1,565,0.83191,0.40593,0.48417,3.65664
1,566,0.91357,0.36147,0.44005,3.65018
1,567,7.26878,0.0,0.0,3.64374
1,568,-9.23976,0.0,0.0,3.63732
1,569,0.8922,0.37279,0.45098,3.63093
1,570,-9.8243,0.0,0.0,3.62456
1,571,-6.40829,0.0,0.0,3.61821
1,572,1.04266,0.2977,0.37367,3.61189
1,573,1.01445,0.31095,0.38707,3.60558
1,574,-5.65443,0.0,0.0,3.5993
1,575,3.15233,0.00174,0.00379,3.59304
1,576,-2.58225,0.01015,0.01884,3.58681
1,577,5.48487,0.0,0.0,3.58059
1,578,-4.84018,0.0,1e-05,3.57439
1,579,-1.98767,0.04749,0.07483,3.56822
1,580,-2.78607,0.00558,0.01089,3.56207
1,581,-4.33797,2e-05,6e-05,3.55594
1,582,-3.38156,0.00079,0.00185,3.54983
1,583,-3.59009,0.00037,0.00093,3.54374
1,584,-1.01164,0.31229,0.38864,3.53767
1,585,4.35971,2e-05,5e-05,3.53162
1,586,-1.60897,0.10837,0.15436,3.5256
1,587,9.52227,0.0,0.0,3.51959
1,588,-3.10652,0.00202,0.00436,3.51361
1,589,-7.1572,0.0,0.0,3.50764
1,590,0.86011,0.39022,0.46838,3.50169
1,591,-0.17436,0.86167,0.89179,3.49577
1,592,1.29837,0.19487,0.25808,3.48986
1,593,3.29631,0.00106,0.00242,3.48398
1,594,-4.70346,0.0,1e-05,3.47811
1,595,-1.73932,0.08271,0.12187,3.47227
1,596,-2.62531,0.00897,0.01682,3.46644
1,597,9.35943,0.0,0.0,3.46064
1,598,-7.71148,0.0,0.0,3.45485
1,599,0.35227,0.72481,0.77849,3.44908
1,600,4.18782,3e-05,0.00011,3.44333
1,601,-12.42551,0.0,0.0,3.4376
1,602,-4.99538,0.0,0.0,3.43189
1,603,0.47639,0.63404,0.69854,3.4262
1,604,-2.65409,0.00825,0.01562,3.42053
1,605,5.24571,0.0,0.0,3.41488
1,606,-2.23869,0.0257,0.0434,3.40924
1,607,0.35571,0.72224,0.77614,3.40362
1,608,-0.08414,0.93298,0.94939,3.39803
1,609,6.53167,0.0,0.0,3.39245
1,610,-5.94909,0.0,0.0,3.38689
1,611,4.29106,2e-05,7e-05,3.38134
1,612,-2.63193,0.0088,0.01654,3.37582
1,613,0.62369,0.53317,0.60622,3.37031
1,614,2.53926,0.01147,0.02105,3.36482
1,615,-2.10916,0.03552,0.05776,3.35935
1,616,-8.00645,0.0,0.0,3.3539
1,617,-5.74177,0.0,0.0,3.34846
1,618,-3.52177,0.00048,0.00117,3.34304
1,619,0.24492,0.80663,0.84674,3.33764
1,620,9.18315,0.0,0.0,3.33226
1,621,-0.68452,0.49402,0.56942,3.32689
1,622,-8.44426,0.0,0.0,3.32154
1,623,1.63958,0.10184,0.14632,3.31621
1,624,-0.91141,0.3626,0.4411,3.3109
1,625,-1.52467,0.12809,0.17837,3.3056
1,626,6.17359,0.0,0.0,3.30032
1,627,-0.51562,0.60639,0.67448,3.29506
1,628,2.3993,0.01686,0.02973,3.28981
1,629,-9.93358,0.0,0.0,3.28458
1,630,0.92796,0.35396,0.43262,3.27937
1,631,-6.58221,0.0,0.0,3.27417
1,632,2.09144,0.03709,0.06003,3.26899
1,633,4.86471,0.0,1e-05,3.26382
1,634,-1.36499,0.17298,0.23245,3.25868
1,635,0.68123,0.4961,0.57135,3.25354
1,636,-5.99575,0.0,0.0,3.24843
1,637,0.58372,0.55972,0.63282,3.24333
1,638,2.50985,0.01245,0.02265,3.23824
1,639,-3.28364,0.00111,0.00252,3.23318
1,640,-0.00712,0.99432,0.99621,3.22812
1,641,-6.35455,0.0,0.0,3.22309
1,642,0.69346,0.4884,0.56385,3.21807
1,643,4.54248,1e-05,3e-05,3.21306
1,644,5.52431,0.0,0.0,3.20807
1,645,4.76775,0.0,1e-05,3.2031
1,646,-2.2642,0.02407,0.04095,3.19814
1,647,-5.37629,0.0,0.0,3.1932
1,648,-7.73557,0.0,0.0,3.18827
1,649,-1.57154,0.11681,0.16475,3.18336
1,650,-0.76034,0.44747,0.5244,3.17846
1,651,-2.47324,0.01378,0.02482,3.17358
1,652,4.07252,6e-05,0.00017,3.16871
1,653,5.19256,0.0,0.0,3.16386
1,654,-0.32305,0.74682,0.79657,3.15902
1,655,-9.22892,0.0,0.0,3.1542
1,656,-0.37032,0.71133,0.76697,3.14939
1,657,-0.16578,0.86841,0.89719,3.1446
1,658,-0.53211,0.59493,0.66416,3.13982
1,659,-4.32321,2e-05,6e-05,3.13505
1,660,-0.53498,0.59294,0.66253,3.1303
1,661,-2.93441,0.00352,0.0072,3.12557
1,662,-2.78172,0.00565,0.01102,3.12085
1,663,-2.31324,0.02119,0.03664,3.11614
1,664,5.00696,0.0,0.0,3.11145
1,665,0.63394,0.52646,0.59963,3.10677
1,666,0.47327,0.63627,0.70035,3.1021
1,667,1.86714,0.06257,0.0954,3.09745
1,668,3.81427,0.00016,0.00043,3.09281
1,669,4.09643,5e-05,0.00015,3.08819
1,670,-2.23463,0.02596,0.04381,3.08358
1,671,4.4366,1e-05,4e-05,3.07899
1,672,-1.15991,0.24674,0.31762,3.0744
1,673,-6.58273,0.0,0.0,3.06984
1,674,3.07337,0.00225,0.00482,3.06528
1,675,-3.80416,0.00016,0.00045,3.06074
1,676,0.03978,0.96829,0.97595,3.05621
1,677,4.27354,2e-05,8e-05,3.0517
1,678,-6.06181,0.0,0.0,3.0472
1,679,-8.09694,0.0,0.0,3.04271
1,680,2.28885,0.02258,0.0388,3.03824
1,681,3.79357,0.00017,0.00046,3.03377
1,682,-0.63784,0.52393,0.59726,3.02933
1,683,-0.49903,0.61802,0.68489,3.02489
1,684,4.84156,0.0,1e-05,3.02047
1,685,2.08016,0.03811,0.0615,3.01606
1,686,4.761,0.0,1e-05,3.01166
1,687,-7.92548,0.0,0.0,3.00728
1,688,-4.40458,1e-05,5e-05,3.00291
1,689,-8.24498,0.0,0.0,2.99855
1,690,0.7287,0.46659,0.54337,2.9942
1,691,6.8539,0.0,0.0,2.98987
1,692,5.42686,0.0,0.0,2.98555
1,693,3.19549,0.0015,0.00333,2.98124
1,694,-1.71436,0.0872,0.12749,2.97695
1,695,-3.62118,0.00033,0.00084,2.97266
1,696,4.24831,3e-05,9e-05,2.96839
1,697,3.0571,0.00238,0.00505,2.96413
1,698,-2.82095,0.00501,0.0099,2.95989
1,699,3.64014,0.00031,0.00079,2.95565
1,700,-0.16366,0.87007,0.89854,2.95143
1,701,-7.6891,0.0,0.0,2.94722
1,702,3.6329,0.00031,0.00081,2.94302
1,703,-5.4098,0.0,0.0,2.93883
1,704,8.89969,0.0,0.0,2.93466
1,705,-0.63471,0.52596,0.59919,2.9305
1,706,5.03077,0.0,0.0,2.92635
1,707,-2.16255,0.03114,0.05144,2.92221
1,708,-7.18751,0.0,0.0,2.91808
1,709,2.27589,0.02335,0.03993,2.91396
1,710,4.73846,0.0,1e-05,2.90986
1,711,-9.45,0.0,0.0,2.90577
1,712,-4.97849,0.0,0.0,2.90169
1,713,-3.59517,0.00036,0.00092,2.89762
1,714,-0.43291,0.6653,0.72619,2.89356
1,715,-1.39288,0.16439,0.22233,2.88951
1,716,2.94202,0.00344,0.00704,2.88547
1,717,-2.73107,0.00658,0.01268,2.88145
1,718,-6.04584,0.0,0.0,2.87744
1,719,0.69226,0.48915,0.56465,2.87344
1,720,-2.47967,0.01354,0.02442,2.86944
1,721,-2.39227,0.01718,0.03023,2.86546
1,722,4.28082,2e-05,8e-05,2.8615
1,723,1.63691,0.10239,0.14701,2.85754
1,724,5.03844,0.0,0.0,2.85359
1,725,6.41531,0.0,0.0,2.84966
1,726,0.82783,0.40824,0.48639,2.84573
1,727,4.86477,0.0,1e-05,2.84182
1,728,-4.97301,0.0,0.0,2.83791
1,729,-2.6367,0.00868,0.01634,2.83402
1,730,2.51197,0.01238,0.02253,2.83014
1,731,-4.5501,1e-05,3e-05,2.82627
1,732,-1.52425,0.1282,0.1785,2.8224
1,733,-2.01844,0.04418,0.07018,2.81855
1,734,-2.60586,0.00949,0.01772,2.81471
1,735,3.0288,0.00261,0.00549,2.81088
1,736,1.5848,0.11376,0.16104,2.80707
1,737,-0.04529,0.96389,0.97294,2.80326
1,738,-2.28456,0.02283,0.03919,2.79946
1,739,1.05411,0.29243,0.36777,2.79567
1,740,2.1595,0.03137,0.05179,2.79189
1,741,-2.99541,0.0029,0.00604,2.78812
1,742,-10.47443,0.0,0.0,2.78437
1,743,5.15833,0.0,0.0,2.78062
1,744,-4.09844,5e-05,0.00015,2.77688
1,745,-0.48007,0.63142,0.69627,2.77315
1,746,-5.32317,0.0,0.0,2.76944
1,747,2.21571,0.02724,0.04567,2.76573
1,748,-4.77462,0.0,1e-05,2.76203
1,749,1.70241,0.08941,0.1303,2.75834
1,750,4.30424,2e-05,7e-05,2.75467
1,751,-0.95782,0.3387,0.41685,2.751
1,752,2.98198,0.00303,0.00627,2.74734
1,753,1.02879,0.30417,0.38015,2.74369
1,754,2.48095,0.01349,0.02437,2.74005
1,755,4.41068,1e-05,4e-05,2.73642
1,756,6.09016,0.0,0.0,2.7328
1,757,8.39337,0.0,0.0,2.72919
1,758,-8.4301,0.0,0.0,2.72559
1,759,-7.8454,0.0,0.0,2.722
1,760,-3.55644,0.00042,0.00105,2.71842
1,761,0.49243,0.62267,0.68842,2.71485
1,762,-7.01288,0.0,0.0,2.71129
1,763,-1.65339,0.099,0.14274,2.70773
1,764,3.83695,0.00014,0.0004,2.70419
1,765,-6.61616,0.0,0.0,2.70065
1,766,-2.19811,0.02848,0.04749,2.69713
1,767,0.24921,0.80332,0.84415,2.69361
1,768,1.95832,0.05085,0.07941,2.6901
1,769,-1.09371,0.27471,0.34819,2.68661
1,770,-1.61446,0.10718,0.15295,2.68312
1,771,3.33045,0.00094,0.00217,2.67964
1,772,4.92664,0.0,1e-05,2.67617
1,773,-4.10235,5e-05,0.00015,2.6727
1,774,-3.32702,0.00095,0.00219,2.66925
1,775,-0.73129,0.46501,0.5419,2.66581
1,776,5.45097,0.0,0.0,2.66237
1,777,0.46021,0.6456,0.70862,2.65894
1,778,-4.60427,1e-05,2e-05,2.65553
1,779,-2.44784,0.01478,0.02644,2.65212
1,780,6.47482,0.0,0.0,2.64872
1,781,-3.47886,0.00056,0.00135,2.64533
1,782,2.25932,0.02437,0.04142,2.64194
1,783,4.77836,0.0,1e-05,2.63857
1,784,-1.04651,0.29593,0.37184,2.6352
1,785,3.8031,0.00016,0.00045,2.63185
1,786,1.30906,0.19123,0.25369,2.6285
1,787,4.78928,0.0,1e-05,2.62516
1,788,6.3981,0.0,0.0,2.62183
1,789,-4.6977,0.0,1e-05,2.6185
1,790,-2.18787,0.02923,0.04859,2.61519
1,791,1.02198,0.30738,0.38339,2.61188
1,792,2.86641,0.00436,0.00874,2.60859
1,793,-0.27548,0.78308,0.82723,2.6053
1,794,0.15913,0.87364,0.9012,2.60202
1,795,-0.07128,0.94321,0.95736,2.59874
1,796,-3.02873,0.00261,0.00549,2.59548
1,797,-4.08428,5e-05,0.00016,2.59222
1,798,3.07073,0.00227,0.00486,2.58897
1,799,7.33738,0.0,0.0,2.58573
1,800,6.96038,0.0,0.0,2.5825
1,801,5.52417,0.0,0.0,2.57928
1,802,2.54295,0.01135,0.02086,2.57606
1,803,1.12014,0.26329,0.33577,2.57285
1,804,4.48112,1e-05,3e-05,2.56965
1,805,-3.74298,0.00021,0.00055,2.56646
1,806,-1.05362,0.29266,0.36801,2.56328
1,807,-2.65398,0.00826,0.01563,2.5601
1,808,-1.29332,0.19661,0.2602,2.55693
1,809,3.64962,0.0003,0.00076,2.55377
1,810,-4.07027,6e-05,0.00017,2.55062
1,811,2.655,0.00823,0.01559,2.54747
1,812,6.45977,0.0,0.0,2.54433
1,813,0.86506,0.3875,0.46551,2.54121
1,814,-7.38622,0.0,0.0,2.53808
1,815,0.01956,0.9844,0.98885,2.53497
1,816,1.16655,0.24405,0.31476,2.53186
1,817,1.01606,0.31018,0.38621,2.52876
1,818,10.63161,0.0,0.0,2.52567
1,819,-0.28204,0.77805,0.82295,2.52259
1,820,-2.21287,0.02744,0.04594,2.51951
1,821,6.11007,0.0,0.0,2.51644
1,822,0.89824,0.36957,0.44806,2.51338
1,823,-5.14725,0.0,0.0,2.51033
1,824,-3.00502,0.00281,0.00587,2.50728
1,825,-1.82954,0.06802,0.10266,2.50424
1,826,2.34096,0.0197,0.03426,2.50121
1,827,-2.8932,0.00401,0.0081,2.49819
1,828,-5.18449,0.0,0.0,2.49517
1,829,3.15908,0.0017,0.00372,2.49216
1,830,6.0838,0.0,0.0,2.48916
1,831,-1.85032,0.06497,0.09865,2.48616
1,832,-1.7181,0.08651,0.12663,2.48317
1,833,-3.8445,0.00014,0.00039,2.48019
1,834,-1.26179,0.20772,0.27354,2.47722
1,835,-1.07657,0.28229,0.35676,2.47425
1,836,-3.83126,0.00015,0.00041,2.47129
1,837,-3.16348,0.00167,0.00368,2.46834
1,838,-0.84974,0.39595,0.47413,2.46539
1,839,1.1057,0.26949,0.34234,2.46246
1,840,-11.17526,0.0,0.0,2.45952
1,841,-5.08233,0.0,0.0,2.4566
1,842,-1.49288,0.13622,0.18822,2.45368
1,843,5.63825,0.0,0.0,2.45077
1,844,3.52193,0.00048,0.00117,2.44787
1,845,5.11573,0.0,0.0,2.44497
1,846,3.58383,0.00038,0.00095,2.44208
1,847,-0.91292,0.3618,0.44024,2.4392
1,848,5.92133,0.0,0.0,2.43632
1,849,4.40069,1e-05,5e-05,2.43345
1,850,-6.081,0.0,0.0,2.43059
1,851,4.48673,1e-05,3e-05,2.42773
1,852,-1.87043,0.06212,0.09486,2.42488
1,853,0.46754,0.64036,0.70393,2.42204
1,854,-2.36272,0.01859,0.03246,2.4192
1,855,-3.38866,0.00077,0.00181,2.41637
1,856,4.47878,1e-05,3e-05,2.41355
1,857,-3.81624,0.00016,0.00043,2.41074
1,858,3.09589,0.00209,0.0045,2.40793
1,859,5.68823,0.0,0.0,2.40512
1,860,-3.03457,0.00256,0.00539,2.40233
1,861,-1.20038,0.23067,0.29989,2.39954
1,862,3.09747,0.00208,0.00448,2.39675
1,863,5.61758,0.0,0.0,2.39397
1,864,-2.28337,0.0229,0.03929,2.3912
1,865,0.03072,0.9755,0.98159,2.38844
1,866,-6.80751,0.0,0.0,2.38568
1,867,4.73603,0.0,1e-05,2.38293
1,868,-3.26196,0.0012,0.0027,2.38018
1,869,-3.01506,0.00272,0.00571,2.37745
1,870,-10.77552,0.0,0.0,2.37471
1,871,-2.98571,0.00299,0.00621,2.37199
1,872,0.59351,0.55315,0.62653,2.36927
1,873,-5.30284,0.0,0.0,2.36655
1,874,2.53827,0.0115,0.0211,2.36384
1,875,-1.19665,0.23211,0.30127,2.36114
1,876,0.83065,0.40664,0.48484,2.35845
1,877,9.82802,0.0,0.0,2.35576
1,878,-5.0354,0.0,0.0,2.35308
1,879,-2.68724,0.00749,0.01431,2.3504
1,880,3.94304,9e-05,0.00027,2.34773
1,881,-8.40996,0.0,0.0,2.34506
1,882,-2.36915,0.01828,0.03198,2.3424
1,883,-5.09664,0.0,0.0,2.33975
1,884,-2.0326,0.04272,0.06807,2.3371
1,885,-1.97532,0.04888,0.07681,2.33446
1,886,-1.49512,0.13563,0.18754,2.33183
1,887,-1.57714,0.11551,0.16308,2.3292
1,888,10.49707,0.0,0.0,2.32658
1,889,-1.44353,0.14961,0.20448,2.32396
1,890,-3.92978,0.0001,0.00029,2.32135
1,891,3.55619,0.00042,0.00105,2.31874
1,892,-3.31634,0.00099,0.00227,2.31614
1,893,1.08621,0.27801,0.35206,2.31355
1,894,-2.18244,0.02963,0.04916,2.31096
1,895,0.4561,0.64856,0.71129,2.30838
1,896,-2.54176,0.01139,0.02092,2.3058
1,897,-3.12852,0.00188,0.00408,2.30323
1,898,4.64518,0.0,2e-05,2.30067
1,899,3.18668,0.00155,0.00342,2.29811
1,900,-3.39892,0.00074,0.00175,2.29556
1,901,-5.23883,0.0,0.0,2.29301
1,902,1.7213,0.08593,0.12597,2.29047
1,903,0.95411,0.34057,0.41879,2.28793
1,904,-0.13595,0.89193,0.91619,2.2854
1,905,-0.34195,0.73256,0.78487,2.28287
1,906,-0.38693,0.69901,0.75548,2.28035
1,907,3.51597,0.00049,0.0012,2.27784
1,908,-7.07161,0.0,0.0,2.27533
1,909,1.18259,0.23764,0.30764,2.27283
1,910,3.44147,0.00064,0.00152,2.27033
1,911,-1.56699,0.11787,0.16615,2.26784
1,912,3.08431,0.00217,0.00466,2.26535
1,913,4.34387,2e-05,6e-05,2.26287
1,914,-1.19541,0.2326,0.30181,2.26039
1,915,-4.76138,0.0,1e-05,2.25792
1,916,0.72463,0.46908,0.5458,2.25546
1,917,3.48367,0.00055,0.00133,2.253
1,918,0.21344,0.83109,0.86732,2.25054
1,919,2.66475,0.008,0.0152,2.2481
1,920,-2.85332,0.00454,0.00906,2.24565
1,921,-2.81478,0.00511,0.01008,2.24321
1,922,-8.59777,0.0,0.0,2.24078
1,923,-2.53726,0.01153,0.02115,2.23835
1,924,5.02992,0.0,0.0,2.23593
1,925,-5.9894,0.0,0.0,2.23351
1,926,5.74276,0.0,0.0,2.2311
1,927,0.97596,0.32964,0.40685,2.22869
1,928,4.13505,4e-05,0.00013,2.22629
1,929,3.00087,0.00285,0.00595,2.2239
1,930,-5.1376,0.0,0.0,2.22151
1,931,3.68715,0.00026,0.00067,2.21912
1,932,-1.36788,0.17208,0.23142,2.21674
1,933,0.6549,0.51289,0.58677,2.21436
1,934,-3.50223,0.00051,0.00125,2.21199
1,935,-1.7704,0.07738,0.11511,2.20963
1,936,3.47034,0.00057,0.00139,2.20726
1,937,4.69484,0.0,1e-05,2.20491
1,938,-2.19883,0.02843,0.04743,2.20256
1,939,-1.96682,0.04986,0.07806,2.20021
1,940,1.64718,0.10027,0.14433,2.19787
1,941,0.95668,0.33928,0.41745,2.19554
1,942,7.26865,0.0,0.0,2.19321
1,943,1.72225,0.08576,0.12578,2.19088
1,944,-3.99592,8e-05,0.00022,2.18856
1,945,0.77886,0.4365,0.51378,2.18624
1,946,-0.37008,0.71151,0.76708,2.18393
1,947,0.89307,0.37233,0.45064,2.18163
1,948,-7.06361,0.0,0.0,2.17932
1,949,0.81768,0.414,0.49221,2.17703
1,950,0.99291,0.32132,0.39801,2.17474
1,951,-3.11538,0.00196,0.00424,2.17245
1,952,-1.62046,0.10588,0.15134,2.17017
1,953,-1.39646,0.16331,0.22105,2.16789
1,954,-0.62552,0.53197,0.60507,2.16562
1,955,1.8653,0.06283,0.09575,2.16335
1,956,-6.53663,0.0,0.0,2.16109
1,957,-3.02501,0.00264,0.00555,2.15883
1,958,5.5645,0.0,0.0,2.15658
1,959,-0.49019,0.62426,0.68985,2.15433
1,960,-4.04797,6e-05,0.00018,2.15208
1,961,5.14396,0.0,0.0,2.14984
1,962,-2.1795,0.02985,0.04946,2.14761
1,963,-1.72675,0.08494,0.12475,2.14538
1,964,-3.19154,0.00152,0.00337,2.14315
1,965,-0.23833,0.81174,0.85116,2.14093
1,966,-0.66906,0.50382,0.57851,2.13872
1,967,2.36018,0.01872,0.03267,2.1365
1,968,4.80508,0.0,1e-05,2.1343
1,969,-8.23036,0.0,0.0,2.13209
1,970,-4.78314,0.0,1e-05,2.1299
1,971,0.36139,0.71799,0.77299,2.1277
1,972,1.28872,0.1982,0.26204,2.12551
1,973,0.91356,0.36147,0.44005,2.12333
1,974,-1.52619,0.12771,0.17804,2.12115
1,975,2.87785,0.00421,0.00846,2.11897
1,976,-3.74339,0.00021,0.00055,2.1168
1,977,-4.94994,0.0,0.0,2.11464
1,978,0.01187,0.99053,0.99341,2.11247
1,979,6.14665,0.0,0.0,2.11032
1,980,-7.85668,0.0,0.0,2.10816
1,981,4.5192,1e-05,3e-05,2.10601
1,982,-1.95755,0.05094,0.07954,2.10387
1,983,-5.30257,0.0,0.0,2.10173
1,984,1.74105,0.0824,0.12152,2.09959
1,985,-5.69719,0.0,0.0,2.09746
1,986,3.81594,0.00016,0.00043,2.09533
1,987,-6.93088,0.0,0.0,2.09321
1,988,-3.28085,0.00112,0.00255,2.09109
1,989,4.27161,2e-05,8e-05,2.08898
1,990,1.87979,0.06082,0.09313,2.08687
1,991,0.10835,0.91377,0.93422,2.08476
1,992,-3.1709,0.00163,0.00359,2.08266
1,993,-0.31093,0.75601,0.80406,2.08056
1,994,-4.3906,1e-05,5e-05,2.07847
1,995,1.73383,0.08368,0.12313,2.07638
1,996,-1.14493,0.25289,0.32436,2.0743
1,997,-1.57722,0.11549,0.16308,2.07222
1,998,-1.62099,0.10577,0.1512,2.07014
1,999,3.78807,0.00017,0.00047,2.06807
1,1000,-3.74461,0.00021,0.00055,2.066
1,1001,-0.4067,0.68443,0.74334,2.06394
1,1002,-5.26112,0.0,0.0,2.06188
1,1003,8.76673,0.0,0.0,2.05982
1,1004,0.64193,0.52127,0.59486,2.05777
1,1005,-1.80631,0.07158,0.10751,2.05572
1,1006,-2.27997,0.02311,0.03957,2.05368
1,1007,-2.28968,0.02253,0.03873,2.05164
1,1008,-7.18305,0.0,0.0,2.0496
1,1009,-3.33811,0.00092,0.00212,2.04757
1,1010,-3.70221,0.00024,0.00064,2.04554
1,1011,-8.52608,0.0,0.0,2.04352
1,1012,-3.79184,0.00017,0.00047,2.0415
1,1013,-3.90442,0.00011,0.00031,2.03949
1,1014,6.95328,0.0,0.0,2.03748
1,1015,3.12133,0.00192,0.00417,2.03547
1,1016,-3.0255,0.00263,0.00554,2.03346
1,1017,-3.49099,0.00053,0.0013,2.03147
1,1018,4.67256,0.0,2e-05,2.02947
1,1019,-5.24524,0.0,0.0,2.02748
1,1020,-0.15256,0.87882,0.90551,2.02549
1,1021,-2.57473,0.01037,0.0192,2.02351
1,1022,-3.2539,0.00123,0.00277,2.02153
1,1023,-1.1108,0.26729,0.34,2.01955
1,1024,-6.57412,0.0,0.0,2.01758
1,1025,2.11039,0.03541,0.05761,2.01561
1,1026,1.97393,0.04904,0.07704,2.01365
1,1027,3.97501,8e-05,0.00024,2.01168
1,1028,0.93478,0.35044,0.42924,2.00973
1,1029,2.53906,0.01147,0.02106,2.00777
1,1030,4.60672,1e-05,2e-05,2.00583
1,1031,-4.50638,1e-05,3e-05,2.00388
1,1032,0.99672,0.31947,0.3962,2.00194
1,1033,-0.33921,0.73462,0.78672,2.0
2,1,-5.38628,0.0,0.0,1252.0
2,2,0.01908,0.98479,0.98904,626.0
2,3,0.14841,0.88209,0.90823,417.33333
2,4,0.3936,0.69408,0.75145,313.0
2,5,-9.76787,0.0,0.0,250.4
2,6,6.25279,0.0,0.0,208.66667
2,7,-2.24156,0.02551,0.04315,178.85714
2,8,0.09099,0.92755,0.94492,156.5
2,9,0.47721,0.63346,0.69805,139.11111
2,10,1.87019,0.06215,0.09488,125.2
2,11,2.22763,0.02643,0.04453,113.81818
2,12,-2.2869,0.0227,0.03899,104.33333
2,13,3.72183,0.00022,0.0006,96.30769
2,14,4.97386,0.0,0.0,89.42857
2,15,-3.5502,0.00043,0.00107,83.46667
2,16,-5.41204,0.0,0.0,78.25
2,17,1.72934,0.08448,0.12415,73.64706
2,18,2.48831,0.01322,0.02392,69.55556
2,19,-0.75014,0.45359,0.5307,65.89474
2,20,2.92593,0.00362,0.00738,62.6
2,21,-2.79549,0.00542,0.01063,59.61905
2,22,-1.40092,0.16197,0.21954,56.90909
2,23,-2.78402,0.00561,0.01096,54.43478
2,24,2.46917,0.01394,0.02507,52.16667
2,25,-1.193,0.23354,0.30292,50.08
2,26,-1.62479,0.10495,0.15027,48.15385
2,27,-0.90105,0.36808,0.44636,46.37037
2,28,7.94497,0.0,0.0,44.71429
2,29,1.73352,0.08373,0.12319,43.17241
2,30,-7.38151,0.0,0.0,41.73333
2,31,-2.6894,0.00744,0.01423,40.3871
2,32,-3.60993,0.00034,0.00087,39.125
2,33,5.73843,0.0,0.0,37.93939
2,34,-1.10912,0.26801,0.34074,36.82353
2,35,5.19204,0.0,0.0,35.77143
2,36,4.40555,1e-05,5e-05,34.77778
2,37,6.09035,0.0,0.0,33.83784
2,38,-0.56878,0.56981,0.64227,32.94737
2,39,-1.89952,0.05818,0.08953,32.10256
2,40,0.1891,0.8501,0.88283,31.3
2,41,6.33565,0.0,0.0,30.53659
2,42,7.91172,0.0,0.0,29.80952
2,43,-1.84086,0.06634,0.10045,29.11628
2,44,2.27481,0.02342,0.04003,28.45455
2,45,-1.54092,0.12409,0.17372,27.82222
2,46,5.34219,0.0,0.0,27.21739
2,47,1.59842,0.1107,0.15704,26.6383
2,48,1.9049,0.05747,0.08855,26.08333
2,49,0.52092,0.6027,0.67117,25.55102
2,50,-10.15332,0.0,0.0,25.04
2,51,0.40335,0.6869,0.74532,24.54902
2,52,-3.76785,0.00019,0.00051,24.07692
2,53,0.64123,0.52172,0.59524,23.62264
2,54,0.32305,0.74682,0.79657,23.18519
2,55,-1.57919,0.11504,0.16256,22.76364
2,56,-0.26538,0.79085,0.83358,22.35714
2,57,4.91296,0.0,1e-05,21.96491
2,58,-4.57407,1e-05,2e-05,21.58621
2,59,0.45476,0.64951,0.71206,21.22034
2,60,0.77223,0.44041,0.51758,20.86667
2,61,2.39507,0.01705,0.03003,20.52459
2,62,-3.90092,0.00011,0.00032,20.19355
2,63,-6.0737,0.0,0.0,19.87302
2,64,2.59597,0.00976,0.01816,19.5625
2,65,5.71449,0.0,0.0,19.26154
2,66,1.04234,0.29785,0.3737,18.9697
2,67,-1.10914,0.268,0.34074,18.68657
2,68,-4.14311,4e-05,0.00013,18.41176
2,69,-2.18705,0.02929,0.04868,18.14493
2,70,-4.36843,2e-05,5e-05,17.88571
2,71,-10.62686,0.0,0.0,17.6338
2,72,0.44152,0.65907,0.72079,17.38889
2,73,0.55832,0.57692,0.64873,17.15068
2,74,-0.49843,0.61844,0.68509,16.91892
2,75,1.80243,0.07219,0.10829,16.69333
2,76,-1.86893,0.06232,0.09509,16.47368
2,77,-3.93804,0.0001,0.00028,16.25974
2,78,-5.93116,0.0,0.0,16.05128
2,79,-0.73184,0.46467,0.54164,15.8481
2,80,2.89644,0.00397,0.00802,15.65
2,81,-0.82372,0.41056,0.48864,15.45679
2,82,-1.16562,0.24443,0.31508,15.26829
2,83,3.4673,0.00058,0.0014,15.08434
2,84,-1.00512,0.31541,0.39209,14.90476
2,85,-3.79128,0.00017,0.00047,14.72941
2,86,-1.93221,0.054,0.08373,14.55814
2,87,-2.9405,0.00346,0.00707,14.3908
2,88,3.4601,0.00059,0.00143,14.22727
2,89,-10.42878,0.0,0.0,14.06742
2,90,-3.15782,0.0017,0.00373,13.91111
2,91,-0.93274,0.35149,0.43006,13.75824
2,92,1.21428,0.22532,0.29386,13.6087
2,93,-0.94673,0.34432,0.42287,13.46237
2,94,4.25651,3e-05,8e-05,13.31915
2,95,-3.84851,0.00014,0.00038,13.17895
2,96,0.91384,0.36132,0.43998,13.04167
2,97,-0.69765,0.48578,0.56143,12.90722
2,98,0.30416,0.76115,0.8084,12.77551
2,99,6.47905,0.0,0.0,12.64646
2,100,4.54499,1e-05,3e-05,12.52
2,101,-7.21696,0.0,0.0,12.39604
2,102,-0.49967,0.61757,0.68446,12.27451
2,103,-7.99699,0.0,0.0,12.15534
2,104,-3.26728,0.00117,0.00266,12.03846
2,105,2.18011,0.0298,0.04941,11.92381
2,106,2.7776,0.00572,0.01115,11.81132
2,107,-4.23502,3e-05,9e-05,11.70093
2,108,-5.58022,0.0,0.0,11.59259
2,109,0.17806,0.85876,0.88933,11.48624
2,110,-0.2571,0.79723,0.83933,11.38182
2,111,-4.2892,2e-05,7e-05,11.27928
2,112,-4.74929,0.0,1e-05,11.17857
2,113,-0.78793,0.43118,0.50858,11.07965
2,114,-6.7116,0.0,0.0,10.98246
2,115,4.28371,2e-05,7e-05,10.88696
2,116,4.69188,0.0,1e-05,10.7931
2,117,1.72931,0.08449,0.12415,10.70085
2,118,3.24481,0.00127,0.00285,10.61017
2,119,-3.03362,0.00257,0.00541,10.52101
2,120,4.77752,0.0,1e-05,10.43333
2,121,2.26967,0.02373,0.04046,10.34711
2,122,3.5315,0.00046,0.00114,10.2623
2,123,0.90793,0.36443,0.44293,10.17886
2,124,-3.33545,0.00093,0.00214,10.09677
2,125,-1.47148,0.14191,0.19509,10.016
2,126,3.73899,0.00021,0.00056,9.93651
2,127,-5.15391,0.0,0.0,9.85827
2,128,-1.22237,0.22225,0.29019,9.78125
2,129,-4.21154,3e-05,0.0001,9.70543
2,130,-1.95447,0.05131,0.08,9.63077
2,131,-1.15036,0.25065,0.32206,9.55725
2,132,3.45338,0.00061,0.00146,9.48485
2,133,-3.45632,0.0006,0.00145,9.41353
2,134,0.30378,0.76145,0.80846,9.34328
2,135,2.51149,0.01239,0.02256,9.27407
2,136,2.79624,0.00541,0.01061,9.20588
2,137,0.53072,0.59589,0.66508,9.13869
2,138,-0.22279,0.82381,0.86179,9.07246
2,139,2.14984,0.03214,0.05287,9.00719
2,140,-2.99697,0.00289,0.00601,8.94286
2,141,3.59812,0.00036,0.00091,8.87943
2,142,-2.73969,0.00641,0.01238,8.8169
2,143,-1.14818,0.25154,0.32305,8.75524
2,144,-0.43796,0.66164,0.72313,8.69444
2,145,11.01609,0.0,0.0,8.63448
2,146,-8.18195,0.0,0.0,8.57534
2,147,-8.61166,0.0,0.0,8.51701
2,148,0.87873,0.38005,0.45804,8.45946
2,149,-3.06959,0.00228,0.00487,8.40268
2,150,-3.70552,0.00024,0.00063,8.34667
2,151,1.57839,0.11523,0.16279,8.29139
2,152,-3.60537,0.00035,0.00089,8.23684
2,153,-4.25395,3e-05,8e-05,8.18301
2,154,3.18384,0.00156,0.00345,8.12987
2,155,2.61096,0.00935,0.01748,8.07742
2,156,-1.76128,0.07891,0.11704,8.02564
2,157,-5.55853,0.0,0.0,7.97452
2,158,1.6242,0.10508,0.15039,7.92405
2,159,-7.43596,0.0,0.0,7.87421
2,160,2.65075,0.00833,0.01576,7.825
2,161,-1.09068,0.27604,0.3497,7.7764
2,162,-1.21381,0.2255,0.29402,7.7284
2,163,-8.81868,0.0,0.0,7.68098
2,164,-0.54037,0.58923,0.65965,7.63415
2,165,-5.60548,0.0,0.0,7.58788
2,166,3.96826,9e-05,0.00025,7.54217
2,167,4.37363,2e-05,5e-05,7.49701
2,168,0.66659,0.5054,0.57986,7.45238
2,169,3.45636,0.0006,0.00145,7.40828
2,170,2.84436,0.00467,0.0093,7.36471
2,171,1.35571,0.17592,0.23598,7.32164
2,172,-2.14558,0.03248,0.05334,7.27907
2,173,3.69329,0.00025,0.00066,7.23699
2,174,-3.74797,0.0002,0.00054,7.1954
2,175,-6.93213,0.0,0.0,7.15429
2,176,-3.23334,0.00132,0.00295,7.11364
2,177,-6.18587,0.0,0.0,7.07345
2,178,6.78062,0.0,0.0,7.03371
2,179,-3.49286,0.00053,0.00129,6.99441
2,180,1.61182,0.10775,0.15357,6.95556
2,181,6.19464,0.0,0.0,6.91713
2,182,-5.84028,0.0,0.0,6.87912
2,183,-6.06631,0.0,0.0,6.84153
2,184,4.90297,0.0,1e-05,6.80435
2,185,-5.44615,0.0,0.0,6.76757
2,186,-2.36297,0.01858,0.03246,6.73118
2,187,5.15895,0.0,0.0,6.69519
2,188,8.68802,0.0,0.0,6.65957
2,189,-1.42671,0.1544,0.21022,6.62434
2,190,-0.39407,0.69373,0.75123,6.58947
2,191,-8.43552,0.0,0.0,6.55497
2,192,3.71665,0.00023,0.00061,6.52083
2,193,-2.89395,0.004,0.00808,6.48705
2,194,-1.20582,0.22856,0.29735,6.45361
2,195,-6.316,0.0,0.0,6.42051
2,196,2.64333,0.00852,0.01607,6.38776
2,197,-4.36344,2e-05,5e-05,6.35533
2,198,-7.53935,0.0,0.0,6.32323
2,199,-8.74674,0.0,0.0,6.29146
2,200,-3.81979,0.00015,0.00043,6.26
2,201,-0.42689,0.66968,0.73016,6.22886
2,202,-0.86817,0.38579,0.46368,6.19802
2,203,1.39204,0.16464,0.22261,6.16749
2,204,-1.99059,0.04717,0.07435,6.13725
2,205,1.95526,0.05121,0.0799,6.10732
2,206,8.10643,0.0,0.0,6.07767
2,207,-6.49499,0.0,0.0,6.04831
2,208,-0.77135,0.44093,0.51789,6.01923
2,209,-4.66244,0.0,2e-05,5.99043
2,210,1.72967,0.08442,0.12409,5.9619
2,211,3.08429,0.00217,0.00466,5.93365
2,212,-0.06277,0.94998,0.96219,5.90566
2,213,-1.69356,0.09109,0.13251,5.87793
2,214,-11.03607,0.0,0.0,5.85047
2,215,-1.82503,0.0687,0.1036,5.82326
2,216,-3.01679,0.00271,0.00568,5.7963
2,217,1.11037,0.26747,0.34018,5.76959
2,218,-0.01944,0.9845,0.98885,5.74312
2,219,3.81775,0.00015,0.00043,5.71689
2,220,5.00498,0.0,0.0,5.69091
2,221,-1.71741,0.08664,0.12677,5.66516
2,222,-7.47131,0.0,0.0,5.63964
2,223,4.63513,0.0,2e-05,5.61435
2,224,-2.5032,0.01268,0.02304,5.58929
2,225,-6.77074,0.0,0.0,5.56444
2,226,-1.00156,0.31713,0.39374,5.53982
2,227,1.55159,0.12151,0.17061,5.51542
2,228,2.04377,0.0416,0.06648,5.49123
2,229,6.70704,0.0,0.0,5.46725
2,230,1.29137,0.19728,0.26103,5.44348
2,231,0.7351,0.46268,0.5397,5.41991
2,232,4.04869,6e-05,0.00018,5.39655
2,233,-3.80962,0.00016,0.00044,5.37339
2,234,-2.57503,0.01036,0.01919,5.35043
2,235,-4.78433,0.0,1e-05,5.32766
2,236,3.15408,0.00173,0.00377,5.30508
2,237,-1.77816,0.0761,0.11348,5.2827
2,238,-0.06223,0.95041,0.96237,5.2605
2,239,-5.6462,0.0,0.0,5.23849
2,240,7.44548,0.0,0.0,5.21667
2,241,-11.81016,0.0,0.0,5.19502
2,242,-3.02315,0.00265,0.00558,5.17355
2,243,-1.83071,0.06785,0.10241,5.15226
2,244,0.00246,0.99804,0.99878,5.13115
2,245,1.49806,0.13487,0.18656,5.1102
2,246,-7.26178,0.0,0.0,5.08943
2,247,-4.79539,0.0,1e-05,5.06883
2,248,-3.54366,0.00044,0.00109,5.04839
2,249,4.56533,1e-05,2e-05,5.02811
2,250,-6.38949,0.0,0.0,5.008
2,251,1.73396,0.08366,0.12313,4.98805
2,252,0.65841,0.51064,0.5848,4.96825
2,253,0.60491,0.54557,0.61871,4.94862
2,254,-6.59022,0.0,0.0,4.92913
2,255,-4.85963,0.0,1e-05,4.9098
2,256,8.90857,0.0,0.0,4.89062
2,257,-4.70955,0.0,1e-05,4.8716
2,258,-5.23532,0.0,0.0,4.85271
2,259,-5.95833,0.0,0.0,4.83398
2,260,1.53357,0.12588,0.1759,4.81538
2,261,2.22287,0.02675,0.04496,4.79693
2,262,1.92307,0.05514,0.08537,4.77863
2,263,-3.45489,0.00061,0.00146,4.76046
2,264,-0.03111,0.9752,0.98138,4.74242
2,265,3.66223,0.00028,0.00073,4.72453
2,266,0.14847,0.88204,0.90823,4.70677
2,267,-1.91982,0.05555,0.08592,4.68914
2,268,-3.79478,0.00017,0.00046,4.67164
2,269,-0.93067,0.35255,0.43114,4.65428
2,270,3.64003,0.00031,0.00079,4.63704
2,271,5.58716,0.0,0.0,4.61993
2,272,-4.02237,7e-05,0.0002,4.60294
2,273,-0.78418,0.43337,0.51075,4.58608
2,274,-4.35016,2e-05,6e-05,4.56934
2,275,-8.60315,0.0,0.0,4.55273
2,276,5.26715,0.0,0.0,4.53623
2,277,-6.9086,0.0,0.0,4.51986
2,278,4.52228,1e-05,3e-05,4.5036
2,279,3.47367,0.00057,0.00137,4.48746
2,280,7.79699,0.0,0.0,4.47143
2,281,-3.77807,0.00018,0.00049,4.45552
2,282,-0.18971,0.84963,0.88261,4.43972
2,283,1.09474,0.27425,0.34771,4.42403
2,284,-4.91665,0.0,1e-05,4.40845
2,285,2.08263,0.03789,0.06117,4.39298
2,286,1.88574,0.06002,0.09211,4.37762
2,287,-1.1636,0.24524,0.31597,4.36237
2,288,-2.01757,0.04427,0.07029,4.34722
2,289,0.90297,0.36706,0.44545,4.33218
2,290,-3.18682,0.00155,0.00342,4.31724
2,291,0.11968,0.90479,0.92693,4.30241
2,292,0.99516,0.32023,0.39697,4.28767
2,293,3.0618,0.00234,0.00499,4.27304
2,294,7.80167,0.0,0.0,4.2585
2,295,-1.58236,0.11432,0.16169,4.24407
2,296,6.43571,0.0,0.0,4.22973
2,297,-5.0899,0.0,0.0,4.21549
2,298,0.59353,0.55314,0.62653,4.20134
2,299,-2.02527,0.04347,0.06916,4.18729
2,300,-1.15623,0.24824,0.31934,4.17333
2,301,0.20158,0.84035,0.87524,4.15947
2,302,5.78153,0.0,0.0,4.1457
2,303,-3.09457,0.0021,0.00452,4.13201
2,304,-4.3569,2e-05,6e-05,4.11842
2,305,-0.25891,0.79583,0.83813,4.10492
2,306,-0.50973,0.6105,0.67813,4.0915
2,307,5.18942,0.0,0.0,4.07818
2,308,-8.48819,0.0,0.0,4.06494
2,309,3.81868,0.00015,0.00043,4.05178
2,310,-6.96574,0.0,0.0,4.03871
2,311,-1.39553,0.16359,0.22137,4.02572
2,312,-6.08343,0.0,0.0,4.01282
2,313,-3.69819,0.00025,0.00065,4.0
2,314,3.81334,0.00016,0.00043,3.98726
2,315,2.03746,0.04223,0.06739,3.9746
2,316,-3.36541,0.00083,0.00195,3.96203
2,317,0.07036,0.94394,0.95782,3.94953
2,318,0.47082,0.63801,0.70176,3.93711
2,319,3.52188,0.00048,0.00117,3.92476
2,320,-1.37188,0.17083,0.22999,3.9125
2,321,-9.38919,0.0,0.0,3.90031
2,322,5.61374,0.0,0.0,3.8882
2,323,2.90436,0.00387,0.00784,3.87616
2,324,0.01478,0.98822,0.99189,3.8642
2,325,2.25544,0.02462,0.0418,3.85231
2,326,-2.51657,0.01222,0.02229,3.84049
2,327,-8.21537,0.0,0.0,3.82875
2,328,1.25733,0.20933,0.27552,3.81707
2,329,-1.07744,0.2819,0.35636,3.80547
2,330,0.66701,0.50513,0.57963,3.79394
2,331,-2.84688,0.00463,0.00923,3.78248
2,332,4.02952,7e-05,0.0002,3.77108
2,333,0.78836,0.43093,0.50842,3.75976
2,334,0.05885,0.9531,0.96438,3.7485
2,335,-3.10505,0.00203,0.00438,3.73731
2,336,7.55209,0.0,0.0,3.72619
2,337,-1.08066,0.28046,0.35491,3.71513
2,338,5.18637,0.0,0.0,3.70414
2,339,-2.06165,0.03985,0.06407,3.69322
2,340,1.2257,0.22099,0.28871,3.68235
2,341,-5.9312,0.0,0.0,3.67155
2,342,3.36461,0.00084,0.00195,3.66082
2,343,2.90602,0.00385,0.00781,3.65015
2,344,6.78819,0.0,0.0,3.63953
2,345,3.7385,0.00021,0.00056,3.62899
2,346,5.88987,0.0,0.0,3.6185
2,347,-1.39411,0.16402,0.22192,3.60807
2,348,-2.52024,0.0121,0.02209,3.5977
2,349,-3.78736,0.00017,0.00047,3.58739
2,350,2.96038,0.00325,0.00668,3.57714
2,351,3.98948,8e-05,0.00023,3.56695
2,352,-2.15884,0.03143,0.05185,3.55682
2,353,-6.99351,0.0,0.0,3.54674
2,354,-8.35232,0.0,0.0,3.53672
2,355,3.59372,0.00036,0.00092,3.52676
2,356,10.71055,0.0,0.0,3.51685
2,357,-0.10659,0.91517,0.93517,3.507
2,358,-5.96713,0.0,0.0,3.49721
2,359,-3.17531,0.00161,0.00355,3.48747
2,360,3.87663,0.00012,0.00035,3.47778
2,361,-2.1931,0.02885,0.04802,3.46814
2,362,-1.18603,0.23628,0.30603,3.45856
2,363,0.72209,0.47064,0.5472,3.44904
2,364,-0.34471,0.73049,0.7829,3.43956
2,365,0.3207,0.7486,0.79784,3.43014
2,366,-4.19412,3e-05,0.00011,3.42077
2,367,-5.42444,0.0,0.0,3.41144
2,368,-3.66258,0.00028,0.00073,3.40217
2,369,-3.04336,0.00249,0.00526,3.39295
2,370,-2.25439,0.02468,0.0419,3.38378
2,371,-1.45379,0.14675,0.20092,3.37466
2,372,-0.80786,0.41963,0.49783,3.36559
2,373,4.3199,2e-05,6e-05,3.35657
2,374,-2.05138,0.04085,0.06547,3.34759
2,375,-4.9567,0.0,0.0,3.33867
2,376,-1.02526,0.30583,0.38184,3.32979
2,377,-4.07868,5e-05,0.00016,3.32095
2,378,-5.26654,0.0,0.0,3.31217
2,379,4.67991,0.0,1e-05,3.30343
2,380,6.25747,0.0,0.0,3.29474
2,381,3.44891,0.00062,0.00149,3.28609
2,382,2.12116,0.03449,0.05628,3.27749
2,383,2.19472,0.02873,0.04784,3.26893
2,384,-0.32559,0.74489,0.79536,3.26042
2,385,-2.32937,0.02031,0.03527,3.25195
2,386,-1.67532,0.09461,0.13714,3.24352
2,387,0.08036,0.93599,0.95139,3.23514
2,388,5.12052,0.0,0.0,3.2268
2,389,-3.80662,0.00016,0.00044,3.21851
2,390,0.89798,0.36971,0.44806,3.21026
2,391,4.80976,0.0,1e-05,3.20205
2,392,9.30897,0.0,0.0,3.19388
2,393,2.98301,0.00302,0.00626,3.18575
2,394,-2.46585,0.01407,0.02527,3.17766
2,395,2.60603,0.00948,0.01771,3.16962
2,396,-5.26353,0.0,0.0,3.16162
2,397,2.5974,0.00972,0.01809,3.15365
2,398,-4.064,6e-05,0.00017,3.14573
2,399,5.86676,0.0,0.0,3.13784
2,400,5.43365,0.0,0.0,3.13
2,401,-0.81256,0.41693,0.49498,3.12219
2,402,6.59822,0.0,0.0,3.11443
2,403,-0.30613,0.75966,0.80717,3.1067
2,404,-3.50331,0.00051,0.00125,3.09901
2,405,2.01615,0.04442,0.07051,3.09136
2,406,-11.77434,0.0,0.0,3.08374
2,407,5.43427,0.0,0.0,3.07617
2,408,-2.51449,0.01229,0.02239,3.06863
2,409,3.47415,0.00057,0.00137,3.06112
2,410,8.0275,0.0,0.0,3.05366
2,411,1.25535,0.21005,0.27624,3.04623
2,412,-0.50935,0.61077,0.67828,3.03883
2,413,4.29,2e-05,7e-05,3.03148
2,414,0.07959,0.9366,0.95192,3.02415
2,415,8.68122,0.0,0.0,3.01687
2,416,2.90498,0.00387,0.00783,3.00962
2,417,-4.01174,7e-05,0.00021,3.0024
2,418,3.07493,0.00224,0.00479,2.99522
2,419,-4.56315,1e-05,2e-05,2.98807
2,420,0.32761,0.74337,0.79433,2.98095
2,421,10.23038,0.0,0.0,2.97387
2,422,-5.27314,0.0,0.0,2.96682
2,423,6.16566,0.0,0.0,2.95981
2,424,2.44901,0.01473,0.02636,2.95283
2,425,-5.70581,0.0,0.0,2.94588
2,426,1.31897,0.18789,0.24977,2.93897
2,427,4.48134,1e-05,3e-05,2.93208
2,428,-3.8993,0.00011,0.00032,2.92523
2,429,-6.27497,0.0,0.0,2.91841
2,430,-8.55155,0.0,0.0,2.91163
2,431,6.23053,0.0,0.0,2.90487
2,432,0.17402,0.86194,0.89188,2.89815
2,433,2.78686,0.00556,0.01088,2.89145
2,434,-4.06624,6e-05,0.00017,2.88479
2,435,4.08822,5e-05,0.00016,2.87816
2,436,5.56893,0.0,0.0,2.87156
2,437,2.83478,0.00481,0.00954,2.86499
2,438,5.66023,0.0,0.0,2.85845
2,439,0.50773,0.61191,0.67916,2.85194
2,440,9.79724,0.0,0.0,2.84545
2,441,-2.25302,0.02477,0.04202,2.839
2,442,4.98174,0.0,0.0,2.83258
2,443,-0.78584,0.4324,0.50966,2.82619
2,444,-4.09473,5e-05,0.00015,2.81982
2,445,-0.20203,0.83999,0.875,2.81348
2,446,-0.89228,0.37275,0.45098,2.80717
2,447,-5.66455,0.0,0.0,2.80089
2,448,6.24861,0.0,0.0,2.79464
2,449,-3.80441,0.00016,0.00045,2.78842
2,450,1.20944,0.22717,0.29569,2.78222
2,451,3.73877,0.00021,0.00056,2.77605
2,452,-0.78733,0.43153,0.50884,2.76991
2,453,7.24158,0.0,0.0,2.7638
2,454,-0.88187,0.37835,0.45632,2.75771
2,455,2.18034,0.02978,0.04939,2.75165
2,456,4.94697,0.0,0.0,2.74561
2,457,0.1533,0.87824,0.90501,2.73961
2,458,2.58878,0.00996,0.0185,2.73362
2,459,5.8732,0.0,0.0,2.72767
2,460,-0.87084,0.38433,0.46215,2.72174
2,461,0.68768,0.49203,0.56751,2.71584
2,462,-4.88899,0.0,1e-05,2.70996
2,463,-0.41366,0.67933,0.7394,2.7041
2,464,4.36222,2e-05,5e-05,2.69828
2,465,1.99891,0.04626,0.07305,2.69247
2,466,-0.32742,0.74351,0.7944,2.6867
2,467,-3.36095,0.00085,0.00197,2.68094
2,468,2.78624,0.00557,0.01089,2.67521
2,469,8.16196,0.0,0.0,2.66951
2,470,0.34597,0.72954,0.78222,2.66383
2,471,-0.75622,0.44994,0.52698,2.65817
2,472,4.41037,1e-05,4e-05,2.65254
2,473,6.5365,0.0,0.0,2.64693
2,474,-7.81719,0.0,0.0,2.64135
2,475,-1.70308,0.08929,0.13014,2.63579
2,476,1.92346,0.0551,0.08531,2.63025
2,477,-1.27749,0.20213,0.2668,2.62474
2,478,-2.09098,0.03713,0.06009,2.61925
2,479,-4.36553,2e-05,5e-05,2.61378
2,480,-4.21482,3e-05,0.0001,2.60833
2,481,-1.34944,0.17792,0.23809,2.60291
2,482,-0.74866,0.45448,0.53143,2.59751
2,483,-3.51239,0.00049,0.00121,2.59213
2,484,2.37858,0.01782,0.03126,2.58678
2,485,-2.99876,0.00287,0.00598,2.58144
2,486,-4.52961,1e-05,3e-05,2.57613
2,487,3.84505,0.00014,0.00039,2.57084
2,488,0.5035,0.61488,0.68208,2.56557
2,489,6.34013,0.0,0.0,2.56033
2,490,1.98891,0.04736,0.07463,2.5551
2,491,-4.0584,6e-05,0.00018,2.5499
2,492,-3.48206,0.00055,0.00133,2.54472
2,493,-2.49136,0.01311,0.02374,2.53955
2,494,4.42335,1e-05,4e-05,2.53441
2,495,3.95442,9e-05,0.00026,2.52929
2,496,-1.24779,0.2128,0.27931,2.52419
2,497,-1.72366,0.0855,0.12548,2.51911
2,498,-3.52458,0.00047,0.00116,2.51406
2,499,-6.46026,0.0,0.0,2.50902
2,500,-1.91493,0.05618,0.08679,2.504
2,501,3.64172,0.0003,0.00078,2.499
2,502,-1.74201,0.08224,0.12131,2.49402
2,503,3.89445,0.00011,0.00032,2.48907
2,504,3.41196,0.00071,0.00168,2.48413
2,505,-0.26963,0.78757,0.83109,2.47921
2,506,2.60502,0.00951,0.01775,2.47431
2,507,5.34372,0.0,0.0,2.46943
2,508,-1.30366,0.19306,0.25593,2.46457
2,509,-0.79667,0.42609,0.50431,2.45972
2,510,0.87095,0.38428,0.46214,2.4549
2,511,-0.06958,0.94456,0.95815,2.4501
2,512,4.07178,6e-05,0.00017,2.44531
2,513,-0.19061,0.84892,0.88206,2.44055
2,514,2.88939,0.00406,0.00819,2.4358
2,515,3.29043,0.00108,0.00247,2.43107
2,516,0.65669,0.51174,0.58586,2.42636
2,517,0.38462,0.70071,0.75691,2.42166
2,518,-0.76627,0.44394,0.52099,2.41699
2,519,4.53097,1e-05,3e-05,2.41233
2,520,-1.43014,0.15342,0.20899,2.40769
2,521,1.79873,0.07278,0.10907,2.40307
2,522,0.1284,0.8979,0.9209,2.39847
2,523,-6.35608,0.0,0.0,2.39388
2,524,-4.68663,0.0,1e-05,2.38931
2,525,2.82473,0.00496,0.0098,2.38476
2,526,5.2076,0.0,0.0,2.38023
2,527,3.61035,0.00034,0.00087,2.37571
2,528,8.50417,0.0,0.0,2.37121
2,529,2.77861,0.0057,0.01112,2.36673
2,530,6.1271,0.0,0.0,2.36226
2,531,1.96805,0.04972,0.0779,2.35782
2,532,-4.61629,1e-05,2e-05,2.35338
2,533,0.04605,0.96329,0.97242,2.34897
2,534,0.24542,0.80625,0.84651,2.34457
2,535,-1.02551,0.30571,0.38176,2.34019
2,536,-2.86256,0.00441,0.00884,2.33582
2,537,1.34873,0.17815,0.23831,2.33147
2,538,3.22091,0.00138,0.00307,2.32714
2,539,-3.15687,0.00171,0.00374,2.32282
2,540,-6.01448,0.0,0.0,2.31852
2,541,-1.46381,0.14399,0.19755,2.31423
2,542,-2.08828,0.03737,0.06044,2.30996
2,543,-2.27445,0.02344,0.04005,2.30571
2,544,-2.51362,0.01232,0.02244,2.30147
2,545,2.30265,0.02178,0.03758,2.29725
2,546,-1.61197,0.10772,0.15357,2.29304
2,547,-0.22265,0.82392,0.86179,2.28885
2,548,-5.38079,0.0,0.0,2.28467
2,549,5.48711,0.0,0.0,2.28051
2,550,-0.88371,0.37736,0.45535,2.27636
2,551,-7.79334,0.0,0.0,2.27223
2,552,-3.72277,0.00022,0.00059,2.26812
2,553,-0.63777,0.52397,0.59726,2.26401
2,554,1.48191,0.13911,0.19167,2.25993
2,555,3.20312,0.00146,0.00325,2.25586
2,556,6.29133,0.0,0.0,2.2518
2,557,-2.00625,0.04547,0.07196,2.24776
2,558,-3.71034,0.00023,0.00062,2.24373
2,559,3.38221,0.00079,0.00184,2.23971
2,560,-5.95143,0.0,0.0,2.23571
2,561,-3.61505,0.00034,0.00086,2.23173
2,562,-2.85654,0.00449,0.00898,2.22776
2,563,0.50183,0.61605,0.68308,2.2238
2,564,0.00496,0.99604,0.99724,2.21986
2,565,-0.58564,0.55843,0.63165,2.21593
2,566,-1.57438,0.11615,0.16391,2.21201
2,567,4.75953,0.0,1e-05,2.20811
2,568,-6.35297,0.0,0.0,2.20423
2,569,-6.22413,0.0,0.0,2.20035
2,570,6.16983,0.0,0.0,2.19649
2,571,-4.11955,5e-05,0.00014,2.19264
2,572,0.62735,0.53077,0.60412,2.18881
2,573,-1.02179,0.30747,0.38345,2.18499
2,574,-4.9519,0.0,0.0,2.18118
2,575,0.83452,0.40446,0.48293,2.17739
2,576,1.58066,0.1147,0.16213,2.17361
2,577,0.99146,0.32203,0.39878,2.16984
2,578,-2.13003,0.03375,0.05523,2.16609
2,579,6.14004,0.0,0.0,2.16235
2,580,5.62045,0.0,0.0,2.15862
2,581,2.83546,0.0048,0.00952,2.15491
2,582,-1.68754,0.09224,0.134,2.1512
2,583,9.33556,0.0,0.0,2.14751
2,584,-0.83345,0.40506,0.48353,2.14384
2,585,-5.27749,0.0,0.0,2.14017
2,586,0.65214,0.51466,0.58853,2.13652
2,587,-1.6052,0.1092,0.15529,2.13288
2,588,-8.29176,0.0,0.0,2.12925
2,589,0.85662,0.39214,0.47042,2.12564
2,590,-0.847,0.39747,0.47584,2.12203
2,591,-6.11434,0.0,0.0,2.11844
2,592,0.23705,0.81274,0.85207,2.11486
2,593,1.53017,0.12672,0.17682,2.1113
2,594,-5.70078,0.0,0.0,2.10774
2,595,-2.01018,0.04505,0.0714,2.1042
2,596,8.16073,0.0,0.0,2.10067
2,597,-1.93354,0.05384,0.0835,2.09715
2,598,5.06747,0.0,0.0,2.09365
2,599,1.80101,0.07242,0.10858,2.09015
2,600,3.61504,0.00034,0.00086,2.08667
2,601,-7.95891,0.0,0.0,2.08319
2,602,-0.0368,0.97066,0.9778,2.07973
2,603,0.18038,0.85694,0.88785,2.07629
2,604,-0.67455,0.50033,0.57537,2.07285
2,605,2.63756,0.00866,0.01631,2.06942
2,606,-1.7703,0.0774,0.11512,2.06601
2,607,-0.17471,0.86139,0.89169,2.0626
2,608,-10.7391,0.0,0.0,2.05921
2,609,4.44572,1e-05,4e-05,2.05583
2,610,-2.18607,0.02936,0.04879,2.05246
2,611,-1.24724,0.213,0.27954,2.0491
2,612,-4.59861,1e-05,2e-05,2.04575
2,613,5.15356,0.0,0.0,2.04241
2,614,-6.23106,0.0,0.0,2.03909
2,615,-0.11797,0.90615,0.92804,2.03577
2,616,9.82797,0.0,0.0,2.03247
2,617,-0.08717,0.93057,0.94733,2.02917
2,618,0.8235,0.41069,0.48873,2.02589
2,619,4.20623,3e-05,0.0001,2.02262
2,620,-0.25937,0.79547,0.83784,2.01935
2,621,0.24854,0.80383,0.84445,2.0161
2,622,0.47576,0.63449,0.69889,2.01286
2,623,2.66393,0.00802,0.01523,2.00963
2,624,1.23202,0.21863,0.28618,2.00641
2,625,-2.46487,0.0141,0.02533,2.0032
2,626,5.65325,0.0,0.0,2.0
3,1,0.66898,0.50388,0.57851,1084.0
3,2,3.62972,0.00032,0.00082,542.0
3,3,0.35561,0.72231,0.77614,361.33333
3,4,-3.96222,9e-05,0.00025,271.0
3,5,4.62566,0.0,2e-05,216.8
3,6,1.14907,0.25118,0.32266,180.66667
3,7,-1.88906,0.05957,0.09148,154.85714
3,8,0.51359,0.60781,0.67581,135.5
3,9,-0.85246,0.39444,0.47255,120.44444
3,10,1.52482,0.12805,0.17835,108.4
3,11,-3.8079,0.00016,0.00044,98.54545
3,12,-0.40243,0.68757,0.74588,90.33333
3,13,-1.07073,0.2849,0.35957,83.38462
3,14,4.62812,0.0,2e-05,77.42857
3,15,-2.30433,0.02169,0.03745,72.26667
3,16,-0.69385,0.48816,0.56369,67.75
3,17,-2.8305,0.00487,0.00965,63.76471
3,18,0.94226,0.3466,0.42531,60.22222
3,19,-5.31474,0.0,0.0,57.05263
3,20,1.36844,0.1719,0.23128,54.2
3,21,3.92452,0.0001,0.00029,51.61905
3,22,-5.47988,0.0,0.0,49.27273
3,23,1.33299,0.18326,0.24445,47.13043
3,24,4.8944,0.0,1e-05,45.16667
3,25,5.80162,0.0,0.0,43.36
3,26,2.39213,0.01719,0.03024,41.69231
3,27,8.44323,0.0,0.0,40.14815
3,28,0.51272,0.60842,0.67612,38.71429
3,29,0.40411,0.68633,0.74492,37.37931
3,30,1.54139,0.12397,0.17358,36.13333
3,31,-6.9026,0.0,0.0,34.96774
3,32,4.82548,0.0,1e-05,33.875
3,33,0.04231,0.96627,0.97435,32.84848
3,34,-6.08006,0.0,0.0,31.88235
3,35,1.60019,0.1103,0.15655,30.97143
3,36,2.13484,0.03335,0.05462,30.11111
3,37,6.25493,0.0,0.0,29.2973
3,38,-1.55062,0.12174,0.17087,28.52632
3,39,-4.78772,0.0,1e-05,27.79487
3,40,6.52856,0.0,0.0,27.1
3,41,1.12058,0.2631,0.33557,26.43902
3,42,-4.68338,0.0,1e-05,25.80952
3,43,2.8029,0.0053,0.01041,25.2093
3,44,-7.4743,0.0,0.0,24.63636
3,45,-2.88694,0.00409,0.00824,24.08889
3,46,3.6521,0.00029,0.00076,23.56522
3,47,-4.12683,4e-05,0.00014,23.06383
3,48,1.26339,0.20715,0.27297,22.58333
3,49,-5.44666,0.0,0.0,22.12245
3,50,-2.70334,0.00714,0.01368,21.68
3,51,-0.71808,0.4731,0.54961,21.2549
3,52,-1.44859,0.14819,0.20279,20.84615
3,53,3.12543,0.0019,0.00412,20.45283
3,54,-5.40824,0.0,0.0,20.07407
3,55,-1.00212,0.31686,0.39345,19.70909
3,56,-0.19512,0.8454,0.87913,19.35714
3,57,1.2212,0.22269,0.29062,19.01754
3,58,-4.53825,1e-05,3e-05,18.68966
3,59,-3.0078,0.00279,0.00583,18.37288
3,60,-1.31073,0.19066,0.25308,18.06667
3,61,-2.04198,0.04177,0.06673,17.77049
3,62,-3.7852,0.00018,0.00048,17.48387
3,63,3.90648,0.00011,0.00031,17.20635
3,64,0.17676,0.85978,0.89021,16.9375
3,65,0.28578,0.77519,0.82071,16.67692
3,66,5.23675,0.0,0.0,16.42424
3,67,-3.97836,8e-05,0.00024,16.1791
3,68,-4.27116,2e-05,8e-05,15.94118
3,69,0.28171,0.7783,0.82306,15.71014
3,70,0.25869,0.796,0.83822,15.48571
3,71,-3.6383,0.00031,0.00079,15.26761
3,72,2.20792,0.02779,0.04647,15.05556
3,73,7.70847,0.0,0.0,14.84932
3,74,3.01791,0.0027,0.00566,14.64865
3,75,-6.24892,0.0,0.0,14.45333
3,76,0.20569,0.83713,0.8728,14.26316
3,77,0.64846,0.51704,0.59064,14.07792
3,78,-8.25376,0.0,0.0,13.89744
3,79,0.50847,0.61139,0.67867,13.72152
3,80,0.79898,0.42475,0.50302,13.55
3,81,3.93067,0.0001,0.00028,13.38272
3,82,-3.46727,0.00058,0.0014,13.21951
3,83,-0.70387,0.4819,0.55782,13.06024
3,84,0.62451,0.53263,0.6057,12.90476
3,85,6.35729,0.0,0.0,12.75294
3,86,1.99616,0.04656,0.07345,12.60465
3,87,-0.43196,0.66599,0.72686,12.45977
3,88,0.40331,0.68693,0.74532,12.31818
3,89,3.14352,0.00179,0.00389,12.17978
3,90,0.55404,0.57984,0.65138,12.04444
3,91,1.36042,0.17442,0.23407,11.91209
3,92,-4.92946,0.0,0.0,11.78261
3,93,2.3739,0.01805,0.03162,11.65591
3,94,6.72566,0.0,0.0,11.53191
3,95,4.61646,1e-05,2e-05,11.41053
3,96,-0.55294,0.5806,0.65201,11.29167
3,97,-6.97342,0.0,0.0,11.17526
3,98,1.51269,0.13111,0.18199,11.06122
3,99,-4.44503,1e-05,4e-05,10.94949
3,100,2.90929,0.00381,0.00774,10.84
3,101,-4.26044,3e-05,8e-05,10.73267
3,102,-3.09123,0.00213,0.00457,10.62745
3,103,-2.28318,0.02292,0.03929,10.52427
3,104,-0.06985,0.94435,0.95804,10.42308
3,105,4.62228,1e-05,2e-05,10.32381
3,106,-4.91561,0.0,1e-05,10.22642
3,107,6.14311,0.0,0.0,10.13084
3,108,2.38232,0.01765,0.03096,10.03704
3,109,4.22513,3e-05,9e-05,9.94495
3,110,-5.40463,0.0,0.0,9.85455
3,111,-5.10538,0.0,0.0,9.76577
3,112,-0.07288,0.94194,0.95637,9.67857
3,113,-1.46983,0.14235,0.1956,9.59292
3,114,-0.38081,0.70354,0.75955,9.50877
3,115,-4.4376,1e-05,4e-05,9.42609
3,116,1.27091,0.20446,0.26975,9.34483
3,117,-2.32461,0.02057,0.03568,9.26496
3,118,-1.69007,0.09175,0.13338,9.18644
3,119,-1.83995,0.06648,0.10063,9.10924
3,120,-0.82982,0.40711,0.48517,9.03333
3,121,1.79595,0.07322,0.10968,8.95868
3,122,2.01415,0.04463,0.07075,8.88525
3,123,2.34422,0.01953,0.034,8.81301
3,124,-1.60495,0.10925,0.15534,8.74194
3,125,-1.89293,0.05905,0.09074,8.672
3,126,-0.39717,0.69145,0.74917,8.60317
3,127,-5.02795,0.0,0.0,8.53543
3,128,-1.1866,0.23605,0.30582,8.46875
3,129,6.12067,0.0,0.0,8.4031
3,130,-2.34416,0.01953,0.034,8.33846
3,131,5.14925,0.0,0.0,8.27481
3,132,-2.81924,0.00504,0.00995,8.21212
3,133,-10.42115,0.0,0.0,8.15038
3,134,-3.04972,0.00243,0.00516,8.08955
3,135,1.65379,0.09891,0.14268,8.02963
3,136,1.80829,0.07127,0.10714,7.97059
3,137,4.01721,7e-05,0.00021,7.91241
3,138,-5.19781,0.0,0.0,7.85507
3,139,-1.97218,0.04924,0.07733,7.79856
3,140,-6.11445,0.0,0.0,7.74286
3,141,6.51275,0.0,0.0,7.68794
3,142,-2.17508,0.03018,0.04998,7.6338
3,143,-0.88789,0.37511,0.45313,7.58042
3,144,-3.67098,0.00027,0.00071,7.52778
3,145,-2.74581,0.00629,0.01219,7.47586
3,146,-1.94779,0.0521,0.08113,7.42466
3,147,2.42196,0.01586,0.02815,7.37415
3,148,4.7742,0.0,1e-05,7.32432
3,149,-7.41092,0.0,0.0,7.27517
3,150,-1.06246,0.28864,0.36373,7.22667
3,151,1.30622,0.19219,0.25487,7.17881
3,152,-5.09811,0.0,0.0,7.13158
3,153,4.24427,3e-05,9e-05,7.08497
3,154,-3.56344,0.00041,0.00102,7.03896
3,155,-5.57677,0.0,0.0,6.99355
3,156,-1.32936,0.18445,0.24587,6.94872
3,157,-0.32306,0.74681,0.79657,6.90446
3,158,0.30225,0.76261,0.80944,6.86076
3,159,-5.9394,0.0,0.0,6.81761
3,160,6.09747,0.0,0.0,6.775
3,161,5.2076,0.0,0.0,6.73292
3,162,-2.94216,0.00344,0.00704,6.69136
3,163,7.60979,0.0,0.0,6.65031
3,164,-0.39425,0.6936,0.75117,6.60976
3,165,7.63003,0.0,0.0,6.5697
3,166,4.12229,5e-05,0.00014,6.53012
3,167,-5.30107,0.0,0.0,6.49102
3,168,0.74929,0.4541,0.53117,6.45238
3,169,0.39614,0.6922,0.74982,6.4142
3,170,-8.22462,0.0,0.0,6.37647
3,171,8.0074,0.0,0.0,6.33918
3,172,2.80616,0.00525,0.01032,6.30233
3,173,-2.61036,0.00937,0.0175,6.2659
3,174,0.48163,0.63032,0.69528,6.22989
3,175,5.14856,0.0,0.0,6.19429
3,176,3.15568,0.00172,0.00376,6.15909
3,177,0.69509,0.48738,0.56287,6.12429
3,178,4.68758,0.0,1e-05,6.08989
3,179,1.35972,0.17465,0.23434,6.05587
3,180,0.91578,0.36031,0.43896,6.02222
3,181,-4.54078,1e-05,3e-05,5.98895
3,182,6.31304,0.0,0.0,5.95604
3,183,2.44153,0.01504,0.02687,5.9235
3,184,2.4024,0.01672,0.02951,5.8913
3,185,1.10607,0.26933,0.34224,5.85946
3,186,-2.14659,0.0324,0.05323,5.82796
3,187,-1.58092,0.11465,0.16209,5.79679
3,188,-1.62217,0.10551,0.15086,5.76596
3,189,-3.71265,0.00023,0.00061,5.73545
3,190,3.79992,0.00017,0.00045,5.70526
3,191,3.65262,0.00029,0.00076,5.67539
3,192,-0.64874,0.51686,0.5905,5.64583
3,193,2.72352,0.00673,0.01293,5.61658
3,194,-0.35891,0.71984,0.77423,5.58763
3,195,6.4375,0.0,0.0,5.55897
3,196,-10.4238,0.0,0.0,5.53061
3,197,-2.46536,0.01408,0.0253,5.50254
3,198,4.7022,0.0,1e-05,5.47475
3,199,5.55467,0.0,0.0,5.44724
3,200,3.11063,0.00199,0.00431,5.42
3,201,0.57689,0.56432,0.63738,5.39303
3,202,-3.96644,9e-05,0.00025,5.36634
3,203,2.32336,0.02063,0.03577,5.3399
3,204,-0.56902,0.56965,0.64227,5.31373
3,205,-5.27453,0.0,0.0,5.2878
3,206,-3.05134,0.00242,0.00514,5.26214
3,207,-0.98041,0.32744,0.40448,5.23671
3,208,0.95382,0.34072,0.41892,5.21154
3,209,-1.78707,0.07464,0.11154,5.1866
3,210,0.01105,0.99119,0.99397,5.1619
3,211,3.21237,0.00142,0.00315,5.13744
3,212,4.74735,0.0,1e-05,5.11321
3,213,-0.63338,0.52683,0.59984,5.0892
3,214,4.88781,0.0,1e-05,5.06542
3,215,4.86722,0.0,1e-05,5.04186
3,216,0.06743,0.94627,0.95931,5.01852
3,217,-0.17276,0.86292,0.89262,4.99539
3,218,-3.2268,0.00135,0.00301,4.97248
3,219,3.78877,0.00017,0.00047,4.94977
3,220,-3.98049,8e-05,0.00024,4.92727
3,221,4.83039,0.0,1e-05,4.90498
3,222,-0.79799,0.42532,0.50363,4.88288
3,223,-3.90918,0.00011,0.00031,4.86099
3,224,1.58417,0.1139,0.1612,4.83929
3,225,-1.98081,0.04826,0.07592,4.81778
3,226,-0.68734,0.49225,0.56763,4.79646
3,227,-0.32487,0.74544,0.7957,4.77533
3,228,3.19796,0.00149,0.0033,4.75439
3,229,-0.30838,0.75794,0.80565,4.73362
3,230,-5.89124,0.0,0.0,4.71304
3,231,-3.62338,0.00033,0.00083,4.69264
3,232,3.27911,0.00113,0.00256,4.67241
3,233,1.8819,0.06054,0.09276,4.65236
3,234,-1.58825,0.11298,0.15996,4.63248
3,235,-6.69603,0.0,0.0,4.61277
3,236,-0.26609,0.7903,0.83318,4.59322
3,237,0.20274,0.83943,0.87457,4.57384
3,238,7.391,0.0,0.0,4.55462
3,239,-4.82346,0.0,1e-05,4.53556
3,240,2.42823,0.01559,0.02772,4.51667
3,241,-0.23828,0.81178,0.85116,4.49793
3,242,0.18793,0.85102,0.88322,4.47934
3,243,1.78645,0.07474,0.11167,4.46091
3,244,-1.95905,0.05076,0.0793,4.44262
3,245,4.91513,0.0,1e-05,4.42449
3,246,7.16481,0.0,0.0,4.4065
3,247,-9.3827,0.0,0.0,4.38866
3,248,3.09585,0.00209,0.0045,4.37097
3,249,-0.21685,0.82843,0.86526,4.35341
3,250,0.87515,0.38199,0.45994,4.336
3,251,0.46729,0.64054,0.70399,4.31873
3,252,4.52972,1e-05,3e-05,4.30159
3,253,2.21992,0.02695,0.04527,4.28458
3,254,1.83479,0.06724,0.10163,4.26772
3,255,-3.59028,0.00037,0.00093,4.25098
3,256,8.79678,0.0,0.0,4.23438
3,257,3.338,0.00092,0.00212,4.2179
3,258,4.75601,0.0,1e-05,4.20155
3,259,-13.04597,0.0,0.0,4.18533
3,260,-5.54514,0.0,0.0,4.16923
3,261,0.15165,0.87954,0.90609,4.15326
3,262,-0.73297,0.46398,0.54102,4.1374
3,263,-6.94897,0.0,0.0,4.12167
3,264,-1.11086,0.26726,0.34,4.10606
3,265,0.13571,0.89212,0.91629,4.09057
3,266,4.5737,1e-05,2e-05,4.07519
3,267,-2.554,0.011,0.02026,4.05993
3,268,2.94929,0.00336,0.00689,4.04478
3,269,1.37606,0.16953,0.22856,4.02974
3,270,-3.40398,0.00073,0.00172,4.01481
3,271,-0.93351,0.35109,0.42982,4.0
3,272,-2.52861,0.01182,0.02163,3.98529
3,273,4.69182,0.0,1e-05,3.9707
3,274,4.51242,1e-05,3e-05,3.9562
3,275,4.20387,3e-05,0.0001,3.94182
3,276,-0.62277,0.53377,0.60678,3.92754
3,277,8.62204,0.0,0.0,3.91336
3,278,4.71814,0.0,1e-05,3.89928
3,279,-0.70547,0.48091,0.55707,3.8853
3,280,-0.2858,0.77517,0.82071,3.87143
3,281,4.83801,0.0,1e-05,3.85765
3,282,-3.08341,0.00218,0.00467,3.84397
3,283,-8.07111,0.0,0.0,3.83039
3,284,3.38632,0.00077,0.00182,3.8169
3,285,-3.53035,0.00046,0.00114,3.80351
3,286,-0.76573,0.44427,0.52125,3.79021
3,287,-3.59888,0.00036,0.00091,3.777
3,288,4.94694,0.0,0.0,3.76389
3,289,-0.89386,0.37191,0.45024,3.75087
3,290,2.385,0.01752,0.03077,3.73793
3,291,2.21466,0.02732,0.04578,3.72509
3,292,2.49516,0.01297,0.02351,3.71233
3,293,0.40955,0.68234,0.74171,3.69966
3,294,-0.13522,0.89251,0.9165,3.68707
3,295,0.26626,0.79017,0.83313,3.67458
3,296,-6.77114,0.0,0.0,3.66216
3,297,2.73619,0.00648,0.0125,3.64983
3,298,2.67238,0.00782,0.0149,3.63758
3,299,-4.94748,0.0,0.0,3.62542
3,300,0.0831,0.93381,0.94976,3.61333
3,301,-1.52763,0.12735,0.17757,3.60133
3,302,-0.75259,0.45212,0.52929,3.5894
3,303,3.12773,0.00188,0.00409,3.57756
3,304,5.5924,0.0,0.0,3.56579
3,305,-1.82397,0.06886,0.10381,3.5541
3,306,-1.26465,0.2067,0.27252,3.54248
3,307,0.74227,0.45833,0.53519,3.53094
3,308,7.35793,0.0,0.0,3.51948
3,309,-3.66189,0.00028,0.00073,3.50809
3,310,-2.03561,0.04241,0.06764,3.49677
3,311,-4.85052,0.0,1e-05,3.48553
3,312,0.25119,0.80179,0.8429,3.47436
3,313,-9.73708,0.0,0.0,3.46326
3,314,2.24559,0.02525,0.04276,3.45223
3,315,6.30963,0.0,0.0,3.44127
3,316,-10.27704,0.0,0.0,3.43038
3,317,-0.0542,0.9568,0.96734,3.41956
3,318,2.63058,0.00884,0.0166,3.40881
3,319,2.90824,0.00383,0.00776,3.39812
3,320,-3.35173,0.00088,0.00203,3.3875
3,321,2.33818,0.01984,0.03449,3.37695
3,322,4.23683,3e-05,9e-05,3.36646
3,323,-0.84988,0.39587,0.47413,3.35604
3,324,6.85824,0.0,0.0,3.34568
3,325,2.27476,0.02342,0.04003,3.33538
3,326,0.53794,0.5909,0.66084,3.32515
3,327,6.72001,0.0,0.0,3.31498
3,328,-3.82938,0.00015,0.00041,3.30488
3,329,-4.35116,2e-05,6e-05,3.29483
3,330,-5.15515,0.0,0.0,3.28485
3,331,-5.72233,0.0,0.0,3.27492
3,332,3.31315,0.001,0.0023,3.26506
3,333,-0.3507,0.72599,0.77942,3.25526
3,334,-0.2718,0.78591,0.82968,3.24551
3,335,1.72246,0.08572,0.12574,3.23582
3,336,0.15625,0.87591,0.90298,3.22619
3,337,2.78985,0.00551,0.0108,3.21662
3,338,-3.7747,0.00018,0.0005,3.2071
3,339,2.57273,0.01043,0.01929,3.19764
3,340,4.88906,0.0,1e-05,3.18824
3,341,5.87925,0.0,0.0,3.17889
3,342,-3.11757,0.00195,0.00422,3.16959
3,343,1.78927,0.07429,0.11109,3.16035
3,344,-4.97621,0.0,0.0,3.15116
3,345,1.50485,0.13311,0.18439,3.14203
3,346,-2.37739,0.01788,0.03135,3.13295
3,347,0.51431,0.6073,0.67533,3.12392
3,348,1.87476,0.06152,0.09401,3.11494
3,349,-1.88293,0.0604,0.09257,3.10602
3,350,-1.11127,0.26708,0.33988,3.09714
3,351,-4.30234,2e-05,7e-05,3.08832
3,352,0.39133,0.69575,0.75269,3.07955
3,353,2.21385,0.02737,0.04585,3.07082
3,354,-0.36299,0.71679,0.77186,3.06215
3,355,-0.82624,0.40913,0.48735,3.05352
3,356,-8.35476,0.0,0.0,3.04494
3,357,1.80421,0.07191,0.10795,3.03641
3,358,1.75925,0.07926,0.11742,3.02793
3,359,4.12746,4e-05,0.00014,3.0195
3,360,-2.05036,0.04095,0.06559,3.01111
3,361,3.82771,0.00015,0.00041,3.00277
3,362,0.36757,0.71338,0.76869,2.99448
3,363,-0.4223,0.67302,0.73317,2.98623
3,364,-2.43145,0.01545,0.02749,2.97802
3,365,-4.73336,0.0,1e-05,2.96986
3,366,1.4682,0.14279,0.19618,2.96175
3,367,3.26138,0.0012,0.00271,2.95368
3,368,-0.07103,0.94341,0.95748,2.94565
3,369,-0.13475,0.89287,0.91678,2.93767
3,370,2.0534,0.04065,0.0652,2.92973
3,371,4.03434,7e-05,0.00019,2.92183
3,372,3.32604,0.00096,0.0022,2.91398
3,373,2.59866,0.00969,0.01804,2.90617
3,374,-3.16864,0.00164,0.00362,2.8984
3,375,2.0504,0.04094,0.06559,2.89067
3,376,-0.48216,0.62994,0.69494,2.88298
3,377,6.78788,0.0,0.0,2.87533
3,378,2.12562,0.03412,0.05574,2.86772
3,379,-0.87936,0.37971,0.4578,2.86016
3,380,-0.82307,0.41093,0.48897,2.85263
3,381,1.47471,0.14104,0.19402,2.84514
3,382,-5.79418,0.0,0.0,2.8377
3,383,-0.25192,0.80122,0.84253,2.83029
3,384,0.49244,0.62266,0.68842,2.82292
3,385,2.43726,0.01521,0.02715,2.81558
3,386,-1.36233,0.17382,0.23335,2.80829
3,387,-1.48572,0.1381,0.19051,2.80103
3,388,3.05561,0.00239,0.00507,2.79381
3,389,2.76733,0.0059,0.01147,2.78663
3,390,-0.07002,0.94421,0.958,2.77949
3,391,-3.60407,0.00035,0.00089,2.77238
3,392,-7.53713,0.0,0.0,2.76531
3,393,-7.12754,0.0,0.0,2.75827
3,394,6.51646,0.0,0.0,2.75127
3,395,2.8103,0.00518,0.0102,2.7443
3,396,-3.26434,0.00119,0.00268,2.73737
3,397,-0.15725,0.87512,0.90235,2.73048
3,398,-3.80227,0.00016,0.00045,2.72362
3,399,0.86097,0.38974,0.46798,2.71679
3,400,3.35739,0.00086,0.002,2.71
3,401,1.49841,0.13477,0.18646,2.70324
3,402,0.00333,0.99734,0.99836,2.69652
3,403,-2.59737,0.00972,0.01809,2.68983
3,404,4.57019,1e-05,2e-05,2.68317
3,405,3.85711,0.00013,0.00037,2.67654
3,406,-1.56243,0.11894,0.16747,2.66995
3,407,0.71171,0.47704,0.55336,2.66339
3,408,-2.17513,0.03017,0.04998,2.65686
3,409,2.15085,0.03205,0.05275,2.65037
3,410,-4.46718,1e-05,4e-05,2.6439
3,411,-7.03398,0.0,0.0,2.63747
3,412,-4.67845,0.0,1e-05,2.63107
3,413,0.67339,0.50107,0.57601,2.6247
3,414,-2.74965,0.00622,0.01206,2.61836
3,415,-5.02508,0.0,0.0,2.61205
3,416,1.91079,0.05671,0.08749,2.60577
3,417,0.49765,0.61899,0.68522,2.59952
3,418,-0.46213,0.64423,0.70727,2.5933
3,419,-0.58788,0.55693,0.6301,2.58711
3,420,1.35074,0.1775,0.23763,2.58095
3,421,1.18362,0.23723,0.30715,2.57482
3,422,-0.4878,0.62594,0.69145,2.56872
3,423,5.18659,0.0,0.0,2.56265
3,424,1.77571,0.0765,0.11396,2.5566
3,425,-4.40236,1e-05,5e-05,2.55059
3,426,-1.84426,0.06585,0.09976,2.5446
3,427,-2.03471,0.04251,0.06776,2.53864
3,428,-1.48946,0.13711,0.18931,2.53271
3,429,2.7625,0.00599,0.01163,2.52681
3,430,0.82982,0.40711,0.48517,2.52093
3,431,-6.28155,0.0,0.0,2.51508
3,432,4.6834,0.0,1e-05,2.50926
3,433,1.0459,0.29621,0.37215,2.50346
3,434,-1.37369,0.17027,0.22935,2.4977
3,435,0.34753,0.72837,0.78118,2.49195
3,436,5.62522,0.0,0.0,2.48624
3,437,-1.05718,0.29103,0.3662,2.48055
3,438,-3.47917,0.00056,0.00135,2.47489
3,439,1.29618,0.19562,0.25904,2.46925
3,440,-0.42825,0.66869,0.72924,2.46364
3,441,2.63203,0.0088,0.01654,2.45805
3,442,0.26229,0.79323,0.83565,2.45249
3,443,-1.166,0.24427,0.31501,2.44695
3,444,4.17365,4e-05,0.00011,2.44144
3,445,8.73294,0.0,0.0,2.43596
3,446,-3.37126,0.00082,0.00191,2.43049
3,447,-3.28034,0.00112,0.00255,2.42506
3,448,0.30329,0.76182,0.80869,2.41964
3,449,7.06039,0.0,0.0,2.41425
3,450,2.84254,0.00469,0.00934,2.40889
3,451,0.71395,0.47565,0.55213,2.40355
3,452,-2.98542,0.003,0.00621,2.39823
3,453,6.43059,0.0,0.0,2.39294
3,454,2.11328,0.03516,0.05723,2.38767
3,455,-1.75029,0.0808,0.11943,2.38242
3,456,-0.79346,0.42796,0.5058,2.37719
3,457,-9.73711,0.0,0.0,2.37199
3,458,5.4707,0.0,0.0,2.36681
3,459,1.90945,0.05688,0.08771,2.36166
3,460,1.72707,0.08489,0.1247,2.35652
3,461,-7.50324,0.0,0.0,2.35141
3,462,6.43141,0.0,0.0,2.34632
3,463,-3.87085,0.00013,0.00035,2.34125
3,464,2.37324,0.01808,0.03166,2.33621
3,465,0.55693,0.57787,0.64953,2.33118
3,466,1.67644,0.09439,0.13686,2.32618
3,467,1.14826,0.25151,0.32305,2.3212
3,468,-7.63598,0.0,0.0,2.31624
3,469,-6.19177,0.0,0.0,2.3113
3,470,0.91864,0.35881,0.43745,2.30638
3,471,2.28306,0.02292,0.0393,2.30149
3,472,0.31457,0.75325,0.80172,2.29661
3,473,4.45803,1e-05,4e-05,2.29175
3,474,-2.4822,0.01345,0.02429,2.28692
3,475,0.55202,0.58123,0.65249,2.28211
3,476,-7.79909,0.0,0.0,2.27731
3,477,-7.54903,0.0,0.0,2.27254
3,478,11.75664,0.0,0.0,2.26778
3,479,2.65706,0.00818,0.01551,2.26305
3,480,-3.18282,0.00157,0.00346,2.25833
3,481,-4.06285,6e-05,0.00017,2.25364
3,482,1.451,0.14752,0.20195,2.24896
3,483,0.3951,0.69297,0.75057,2.24431
3,484,-10.04508,0.0,0.0,2.23967
3,485,4.49069,1e-05,3e-05,2.23505
3,486,-3.12909,0.00188,0.00407,2.23045
3,487,0.45775,0.64737,0.71033,2.22587
3,488,2.2985,0.02202,0.03794,2.22131
3,489,2.48067,0.0135,0.02438,2.21677
3,490,2.15886,0.03142,0.05185,2.21224
3,491,0.82252,0.41124,0.48928,2.20774
3,492,-1.58891,0.11283,0.15977,2.20325
3,493,-7.14884,0.0,0.0,2.19878
3,494,-2.43732,0.01521,0.02715,2.19433
3,495,-0.03796,0.96974,0.97706,2.1899
3,496,0.25174,0.80136,0.84253,2.18548
3,497,2.76714,0.0059,0.01147,2.18109
3,498,1.07402,0.28343,0.35807,2.17671
3,499,3.17378,0.00161,0.00356,2.17234
3,500,5.84855,0.0,0.0,2.168
3,501,2.23566,0.0259,0.0437,2.16367
3,502,0.52788,0.59786,0.6669,2.15936
3,503,3.27809,0.00113,0.00257,2.15507
3,504,2.91814,0.00371,0.00755,2.15079
3,505,-0.18582,0.85268,0.88445,2.14653
3,506,3.46304,0.00059,0.00142,2.14229
3,507,1.06613,0.28697,0.36191,2.13807
3,508,1.65941,0.09778,0.14123,2.13386
3,509,2.71528,0.00689,0.01324,2.12967
3,510,1.7593,0.07925,0.11742,2.12549
3,511,-0.84096,0.40085,0.47919,2.12133
3,512,-3.94255,9e-05,0.00027,2.11719
3,513,5.66753,0.0,0.0,2.11306
3,514,-0.66945,0.50358,0.57836,2.10895
3,515,-5.54913,0.0,0.0,2.10485
3,516,5.50925,0.0,0.0,2.10078
3,517,-3.58336,0.00038,0.00095,2.09671
3,518,-3.81779,0.00015,0.00043,2.09266
3,519,-4.42247,1e-05,4e-05,2.08863
3,520,-9.64794,0.0,0.0,2.08462
3,521,-6.03597,0.0,0.0,2.08061
3,522,-1.0303,0.30346,0.37945,2.07663
3,523,-4.509,1e-05,3e-05,2.07266
3,524,-5.63524,0.0,0.0,2.0687
3,525,3.16789,0.00165,0.00363,2.06476
3,526,-3.18133,0.00157,0.00348,2.06084
3,527,-2.02945,0.04304,0.06855,2.05693
3,528,2.69842,0.00725,0.01387,2.05303
3,529,-1.43469,0.15212,0.20753,2.04915
3,530,-0.80751,0.41983,0.49801,2.04528
3,531,-2.28296,0.02293,0.0393,2.04143
3,532,-3.68935,0.00025,0.00067,2.03759
3,533,1.87012,0.06216,0.09488,2.03377
3,534,-6.38753,0.0,0.0,2.02996
3,535,-4.08922,5e-05,0.00016,2.02617
3,536,-6.02062,0.0,0.0,2.02239
3,537,0.26004,0.79496,0.83739,2.01862
3,538,-6.36389,0.0,0.0,2.01487
3,539,-5.89275,0.0,0.0,2.01113
3,540,0.30656,0.75933,0.80691,2.00741
3,541,-0.29693,0.76667,0.81297,2.0037
3,542,-1.48252,0.13895,0.19152,2.0
4,1,0.72304,0.47005,0.54677,759.0
4,2,1.44841,0.14824,0.20283,379.5
4,3,-0.49471,0.62106,0.68704,253.0
4,4,0.19215,0.84771,0.88108,189.75
4,5,-2.26689,0.0239,0.04071,151.8
4,6,0.12771,0.89844,0.92136,126.5
4,7,-0.55213,0.58115,0.65248,108.42857
4,8,6.70533,0.0,0.0,94.875
4,9,-5.65257,0.0,0.0,84.33333
4,10,-0.04769,0.96198,0.97137,75.9
4,11,5.14719,0.0,0.0,69.0
4,12,4.75388,0.0,1e-05,63.25
4,13,-6.18156,0.0,0.0,58.38462
4,14,8.1676,0.0,0.0,54.21429
4,15,0.03539,0.97178,0.97863,50.6
4,16,6.47199,0.0,0.0,47.4375
4,17,1.31395,0.18958,0.25177,44.64706
4,18,-0.08481,0.93245,0.94895,42.16667
4,19,1.46553,0.14352,0.19698,39.94737
4,20,-1.51285,0.13107,0.18199,37.95
4,21,5.56129,0.0,0.0,36.14286
4,22,-5.74233,0.0,0.0,34.5
4,23,4.97512,0.0,0.0,33.0
4,24,-2.53997,0.01144,0.02102,31.625
4,25,-2.84318,0.00468,0.00933,30.36
4,26,-0.16697,0.86747,0.89641,29.19231
4,27,0.23369,0.81534,0.85463,28.11111
4,28,-6.96389,0.0,0.0,27.10714
4,29,1.491,0.13671,0.18888,26.17241
4,30,-5.45247,0.0,0.0,25.3
4,31,-1.17913,0.23901,0.3091,24.48387
4,32,-8.34996,0.0,0.0,23.71875
4,33,-4.7839,0.0,1e-05,23.0
4,34,-4.09607,5e-05,0.00015,22.32353
4,35,-3.64367,0.0003,0.00078,21.68571
4,36,0.81814,0.41374,0.49201,21.08333
4,37,0.4024,0.68759,0.74588,20.51351
4,38,-0.13955,0.88908,0.91402,19.97368
4,39,1.96753,0.04978,0.07795,19.46154
4,40,-6.85167,0.0,0.0,18.975
4,41,1.85735,0.06396,0.09727,18.5122
4,42,-8.23289,0.0,0.0,18.07143
4,43,1.23416,0.21783,0.28527,17.65116
4,44,6.81571,0.0,0.0,17.25
4,45,3.73532,0.00021,0.00057,16.86667
4,46,0.76542,0.44445,0.52135,16.5
4,47,-0.73904,0.46029,0.53735,16.14894
4,48,-1.02004,0.30829,0.38434,15.8125
4,49,4.39362,1e-05,5e-05,15.4898
4,50,-6.28369,0.0,0.0,15.18
4,51,-4.11059,5e-05,0.00015,14.88235
4,52,-7.61041,0.0,0.0,14.59615
4,53,-0.04302,0.96571,0.97398,14.32075
4,54,-3.3757,0.0008,0.00188,14.05556
4,55,-0.59138,0.55458,0.62772,13.8
4,56,1.3755,0.16971,0.2287,13.55357
4,57,-4.30552,2e-05,7e-05,13.31579
4,58,-7.85315,0.0,0.0,13.08621
4,59,1.84122,0.06629,0.10039,12.86441
4,60,-10.24502,0.0,0.0,12.65
4,61,-1.76026,0.07909,0.11727,12.44262
4,62,5.03009,0.0,0.0,12.24194
4,63,5.19111,0.0,0.0,12.04762
4,64,1.66137,0.09738,0.14074,11.85938
4,65,0.91512,0.36065,0.43932,11.67692
4,66,3.43316,0.00066,0.00156,11.5
4,67,-0.13409,0.89339,0.91713,11.32836
4,68,1.72167,0.08586,0.1259,11.16176
4,69,0.67651,0.49909,0.5742,11.0
4,70,-2.40949,0.0164,0.02902,10.84286
4,71,-2.19567,0.02866,0.04775,10.69014
4,72,-1.10568,0.2695,0.34234,10.54167
4,73,1.02157,0.30757,0.38353,10.39726
4,74,1.50158,0.13395,0.18545,10.25676
4,75,-2.26145,0.02424,0.04123,10.12
4,76,-4.92059,0.0,1e-05,9.98684
4,77,5.81878,0.0,0.0,9.85714
4,78,-8.21782,0.0,0.0,9.73077
4,79,0.72897,0.46642,0.54324,9.60759
4,80,2.24344,0.02539,0.04296,9.4875
4,81,-5.65089,0.0,0.0,9.37037
4,82,-0.04378,0.9651,0.97366,9.2561
4,83,7.59577,0.0,0.0,9.14458
4,84,6.93057,0.0,0.0,9.03571
4,85,-0.7467,0.45566,0.5325,8.92941
4,86,-6.21244,0.0,0.0,8.82558
4,87,6.25399,0.0,0.0,8.72414
4,88,0.04188,0.96661,0.9746,8.625
4,89,-10.6734,0.0,0.0,8.52809
4,90,10.36125,0.0,0.0,8.43333
4,91,6.24949,0.0,0.0,8.34066
4,92,3.76992,0.00019,0.0005,8.25
4,93,-8.45891,0.0,0.0,8.16129
4,94,-0.56434,0.57282,0.64494,8.07447
4,95,1.45848,0.14545,0.19944,7.98947
4,96,1.37604,0.16954,0.22856,7.90625
4,97,-2.8726,0.00428,0.00858,7.82474
4,98,0.20925,0.83435,0.87027,7.7449
4,99,1.22306,0.22199,0.28989,7.66667
4,100,0.46705,0.64071,0.7041,7.59
4,101,0.24859,0.8038,0.84445,7.51485
4,102,-6.18199,0.0,0.0,7.44118
4,103,-3.21275,0.00142,0.00315,7.36893
4,104,-1.25384,0.21059,0.27682,7.29808
4,105,0.32657,0.74415,0.79491,7.22857
4,106,-2.25741,0.02449,0.04161,7.16038
4,107,-5.48905,0.0,0.0,7.09346
4,108,1.0113,0.31245,0.38878,7.02778
4,109,5.88633,0.0,0.0,6.9633
4,110,4.63882,0.0,2e-05,6.9
4,111,-5.26322,0.0,0.0,6.83784
4,112,4.69936,0.0,1e-05,6.77679
4,113,0.03491,0.97217,0.97892,6.71681
4,114,0.36995,0.71161,0.76711,6.65789
4,115,-9.41555,0.0,0.0,6.6
4,116,2.46244,0.0142,0.02548,6.5431
4,117,-6.12705,0.0,0.0,6.48718
4,118,0.67027,0.50305,0.57803,6.4322
4,119,-4.65176,0.0,2e-05,6.37815
4,120,8.23004,0.0,0.0,6.325
4,121,5.88925,0.0,0.0,6.27273
4,122,7.04677,0.0,0.0,6.22131
4,123,-5.08549,0.0,0.0,6.17073
4,124,-6.18946,0.0,0.0,6.12097
4,125,-4.57347,1e-05,2e-05,6.072
4,126,4.28929,2e-05,7e-05,6.02381
4,127,3.35306,0.00087,0.00202,5.97638
4,128,-5.95594,0.0,0.0,5.92969
4,129,3.43938,0.00064,0.00153,5.88372
4,130,-6.69535,0.0,0.0,5.83846
4,131,3.8398,0.00014,0.0004,5.79389
4,132,-2.47645,0.01366,0.02461,5.75
4,133,-6.54824,0.0,0.0,5.70677
4,134,11.08094,0.0,0.0,5.66418
4,135,-2.12697,0.034,0.05559,5.62222
4,136,-1.32399,0.18622,0.24781,5.58088
4,137,-0.28104,0.77882,0.82345,5.54015
4,138,-3.68283,0.00026,0.00068,5.5
4,139,-2.24099,0.02555,0.0432,5.46043
4,140,-2.84405,0.00467,0.0093,5.42143
4,141,-3.98998,8e-05,0.00023,5.38298
4,142,3.42346,0.00068,0.00161,5.34507
4,143,0.77177,0.44068,0.51771,5.30769
4,144,3.82792,0.00015,0.00041,5.27083
4,145,-0.21297,0.83145,0.86742,5.23448
4,146,-3.88871,0.00012,0.00033,5.19863
4,147,-2.68549,0.00753,0.01437,5.16327
4,148,-1.95936,0.05073,0.07926,5.12838
4,149,2.45524,0.01448,0.02594,5.09396
4,150,-2.19533,0.02868,0.04778,5.06
4,151,9.43136,0.0,0.0,5.02649
4,152,2.70501,0.00711,0.01362,4.99342
4,153,3.15812,0.0017,0.00373,4.96078
4,154,-1.70975,0.08805,0.12863,4.92857
4,155,3.58622,0.00037,0.00095,4.89677
4,156,-0.47592,0.63438,0.69884,4.86538
4,157,-4.90543,0.0,1e-05,4.83439
4,158,5.0435,0.0,0.0,4.8038
4,159,-1.16985,0.24272,0.31329,4.77358
4,160,-9.9632,0.0,0.0,4.74375
4,161,3.27055,0.00116,0.00263,4.71429
4,162,-4.42911,1e-05,4e-05,4.68519
4,163,2.4063,0.01654,0.02925,4.65644
4,164,-1.55014,0.12186,0.171,4.62805
4,165,10.62977,0.0,0.0,4.6
4,166,1.49013,0.13694,0.18909,4.57229
4,167,0.67151,0.50227,0.57732,4.54491
4,168,1.1714,0.2421,0.31268,4.51786
4,169,-3.97703,8e-05,0.00024,4.49112
4,170,5.49121,0.0,0.0,4.46471
4,171,8.84921,0.0,0.0,4.4386
4,172,-5.61132,0.0,0.0,4.41279
4,173,3.09762,0.00208,0.00448,4.38728
4,174,1.35447,0.17631,0.23638,4.36207
4,175,3.63632,0.00031,0.0008,4.33714
4,176,-0.20489,0.83776,0.87319,4.3125
4,177,-3.43385,0.00065,0.00156,4.28814
4,178,-3.30534,0.00103,0.00235,4.26404
4,179,-0.38973,0.69693,0.75372,4.24022
4,180,4.91729,0.0,1e-05,4.21667
4,181,-3.62248,0.00033,0.00084,4.19337
4,182,-5.45185,0.0,0.0,4.17033
4,183,-6.9159,0.0,0.0,4.14754
4,184,-6.02252,0.0,0.0,4.125
4,185,-3.83563,0.00014,0.0004,4.1027
4,186,-1.83739,0.06686,0.10112,4.08065
4,187,4.69511,0.0,1e-05,4.05882
4,188,2.28077,0.02306,0.03949,4.03723
4,189,4.64578,0.0,2e-05,4.01587
4,190,-7.23337,0.0,0.0,3.99474
4,191,8.95685,0.0,0.0,3.97382
4,192,0.95971,0.33775,0.41583,3.95312
4,193,-0.77834,0.4368,0.51407,3.93264
4,194,-3.33822,0.00092,0.00212,3.91237
4,195,-5.72813,0.0,0.0,3.89231
4,196,2.28103,0.02304,0.03947,3.87245
4,197,0.3219,0.74769,0.79724,3.85279
4,198,-7.06432,0.0,0.0,3.83333
4,199,1.74273,0.08211,0.12117,3.81407
4,200,-0.47321,0.63631,0.70035,3.795
4,201,0.49782,0.61887,0.68522,3.77612
4,202,0.89094,0.37347,0.45158,3.75743
4,203,-3.22141,0.00137,0.00306,3.73892
4,204,-3.16249,0.00168,0.00369,3.72059
4,205,1.10008,0.27193,0.34506,3.70244
4,206,1.77715,0.07626,0.11367,3.68447
4,207,1.6883,0.09209,0.13384,3.66667
4,208,-3.34146,0.00091,0.0021,3.64904
4,209,0.16077,0.87235,0.90015,3.63158
4,210,4.59279,1e-05,2e-05,3.61429
4,211,-1.32188,0.18692,0.24863,3.59716
4,212,0.11434,0.90902,0.9302,3.58019
4,213,-0.08391,0.93317,0.94939,3.56338
4,214,-0.03224,0.97429,0.98066,3.54673
4,215,-5.86625,0.0,0.0,3.53023
4,216,-0.64296,0.5206,0.59423,3.51389
4,217,0.06219,0.95044,0.96237,3.4977
4,218,3.28362,0.00111,0.00252,3.48165
4,219,-2.50792,0.01252,0.02276,3.46575
4,220,5.18954,0.0,0.0,3.45
4,221,4.00541,7e-05,0.00022,3.43439
4,222,3.99791,8e-05,0.00022,3.41892
4,223,3.54672,0.00043,0.00108,3.40359
4,224,2.99592,0.0029,0.00603,3.38839
4,225,-1.57191,0.11672,0.16465,3.37333
4,226,-0.55492,0.57924,0.65079,3.35841
4,227,-4.30243,2e-05,7e-05,3.34361
4,228,-1.73202,0.084,0.12354,3.32895
4,229,-2.12101,0.0345,0.05629,3.31441
4,230,8.27863,0.0,0.0,3.3
4,231,-6.22947,0.0,0.0,3.28571
4,232,-1.11436,0.26576,0.33849,3.27155
4,233,-6.68933,0.0,0.0,3.25751
4,234,0.94115,0.34716,0.42585,3.24359
4,235,-4.68496,0.0,1e-05,3.22979
4,236,-1.97108,0.04937,0.07748,3.2161
4,237,6.02399,0.0,0.0,3.20253
4,238,-5.30593,0.0,0.0,3.18908
4,239,-5.07566,0.0,0.0,3.17573
4,240,4.51439,1e-05,3e-05,3.1625
4,241,2.04433,0.04154,0.06641,3.14938
4,242,-2.88864,0.00407,0.0082,3.13636
4,243,2.22681,0.02649,0.04461,3.12346
4,244,-1.50553,0.13293,0.18417,3.11066
4,245,11.47091,0.0,0.0,3.09796
4,246,-1.78975,0.07421,0.11099,3.08537
4,247,-3.27949,0.00113,0.00256,3.07287
4,248,10.8035,0.0,0.0,3.06048
4,249,-6.84511,0.0,0.0,3.04819
4,250,7.76385,0.0,0.0,3.036
4,251,2.0423,0.04174,0.06669,3.0239
4,252,2.98762,0.00298,0.00618,3.0119
4,253,-2.47096,0.01387,0.02495,3.0
4,254,2.10901,0.03553,0.05776,2.98819
4,255,0.60946,0.54255,0.61563,2.97647
4,256,-1.45562,0.14624,0.20033,2.96484
4,257,-0.28368,0.7768,0.82215,2.95331
4,258,-10.10912,0.0,0.0,2.94186
4,259,-1.415,0.15781,0.2143,2.9305
4,260,2.26577,0.02397,0.04082,2.91923
4,261,1.5913,0.11229,0.15914,2.90805
4,262,1.47587,0.14072,0.19365,2.89695
4,263,5.86382,0.0,0.0,2.88593
4,264,2.23124,0.02619,0.04414,2.875
4,265,1.41904,0.15663,0.21284,2.86415
4,266,2.25135,0.02488,0.04219,2.85338
4,267,7.47533,0.0,0.0,2.8427
4,268,4.33284,2e-05,6e-05,2.83209
4,269,2.67298,0.00781,0.01487,2.82156
4,270,6.21244,0.0,0.0,2.81111
4,271,-1.14697,0.25204,0.32352,2.80074
4,272,0.75112,0.453,0.53007,2.79044
4,273,4.33735,2e-05,6e-05,2.78022
4,274,0.52826,0.59759,0.66683,2.77007
4,275,3.89362,0.00011,0.00032,2.76
4,276,-9.05979,0.0,0.0,2.75
4,277,-1.34863,0.17818,0.23831,2.74007
4,278,-3.42663,0.00067,0.0016,2.73022
4,279,0.84446,0.39889,0.47713,2.72043
4,280,-4.69352,0.0,1e-05,2.71071
4,281,-2.13168,0.03361,0.05502,2.70107
4,282,-3.33702,0.00092,0.00213,2.69149
4,283,5.53098,0.0,0.0,2.68198
4,284,7.02689,0.0,0.0,2.67254
4,285,0.77428,0.4392,0.51658,2.66316
4,286,3.45,0.00062,0.00148,2.65385
4,287,-6.96533,0.0,0.0,2.6446
4,288,-0.01544,0.98769,0.99155,2.63542
4,289,2.80868,0.00521,0.01024,2.6263
4,290,2.78889,0.00553,0.01082,2.61724
4,291,3.80544,0.00016,0.00045,2.60825
4,292,4.84242,0.0,1e-05,2.59932
4,293,5.75894,0.0,0.0,2.59044
4,294,2.7134,0.00693,0.0133,2.58163
4,295,4.53354,1e-05,3e-05,2.57288
4,296,-5.34919,0.0,0.0,2.56419
4,297,-5.56335,0.0,0.0,2.55556
4,298,-0.96377,0.33571,0.41352,2.54698
4,299,-0.7374,0.46129,0.53832,2.53846
4,300,-2.64025,0.00859,0.01619,2.53
4,301,-3.75813,0.0002,0.00052,2.52159
4,302,3.36266,0.00084,0.00196,2.51325
4,303,-7.14396,0.0,0.0,2.50495
4,304,-3.61858,0.00033,0.00085,2.49671
4,305,-3.83975,0.00014,0.0004,2.48852
4,306,2.11299,0.03519,0.05726,2.48039
4,307,2.109,0.03553,0.05776,2.47231
4,308,-3.62749,0.00032,0.00082,2.46429
4,309,1.466,0.14339,0.19688,2.45631
4,310,2.92828,0.00359,0.00733,2.44839
4,311,2.87335,0.00427,0.00857,2.44051
4,312,8.76524,0.0,0.0,2.43269
4,313,5.9298,0.0,0.0,2.42492
4,314,-3.78311,0.00018,0.00048,2.4172
4,315,-7.48646,0.0,0.0,2.40952
4,316,-12.37501,0.0,0.0,2.4019
4,317,1.13218,0.2582,0.3302,2.39432
4,318,-0.00331,0.99736,0.99836,2.38679
4,319,-4.56081,1e-05,2e-05,2.37931
4,320,2.89273,0.00402,0.0081,2.37188
4,321,-9.07745,0.0,0.0,2.36449
4,322,0.52193,0.60199,0.67061,2.35714
4,323,-9.20241,0.0,0.0,2.34985
4,324,1.32513,0.18584,0.24746,2.34259
4,325,5.29016,0.0,0.0,2.33538
4,326,3.96345,9e-05,0.00025,2.32822
4,327,-3.86693,0.00013,0.00036,2.3211
4,328,-3.01606,0.00272,0.00569,2.31402
4,329,1.97653,0.04875,0.0766,2.30699
4,330,1.12899,0.25954,0.33162,2.3
4,331,5.20417,0.0,0.0,2.29305
4,332,-5.52168,0.0,0.0,2.28614
4,333,-2.43341,0.01537,0.0274,2.27928
4,334,-0.59926,0.54932,0.62275,2.27246
4,335,-7.39302,0.0,0.0,2.26567
4,336,4.7122,0.0,1e-05,2.25893
4,337,-0.91811,0.35909,0.43768,2.25223
4,338,-3.73617,0.00021,0.00057,2.24556
4,339,0.99318,0.32119,0.39799,2.23894
4,340,-3.54172,0.00044,0.0011,2.23235
4,341,3.04364,0.00248,0.00525,2.22581
4,342,4.22335,3e-05,9e-05,2.2193
4,343,4.3617,2e-05,5e-05,2.21283
4,344,-5.83893,0.0,0.0,2.2064
4,345,-3.29898,0.00105,0.0024,2.2
4,346,-2.96209,0.00323,0.00665,2.19364
4,347,-5.81186,0.0,0.0,2.18732
4,348,7.16279,0.0,0.0,2.18103
4,349,-1.10998,0.26764,0.34036,2.17479
4,350,3.68319,0.00026,0.00068,2.16857
4,351,-6.44688,0.0,0.0,2.16239
4,352,1.56131,0.1192,0.16781,2.15625
4,353,-7.8624,0.0,0.0,2.15014
4,354,1.24114,0.21525,0.28212,2.14407
4,355,1.54043,0.1242,0.17383,2.13803
4,356,2.49074,0.01313,0.02378,2.13202
4,357,2.74542,0.0063,0.0122,2.12605
4,358,-2.43756,0.0152,0.02714,2.12011
4,359,-4.79812,0.0,1e-05,2.11421
4,360,-8.02215,0.0,0.0,2.10833
4,361,-3.38363,0.00078,0.00184,2.10249
4,362,3.75894,0.00019,0.00052,2.09669
4,363,2.88353,0.00413,0.00832,2.09091
4,364,4.34792,2e-05,6e-05,2.08516
4,365,5.19113,0.0,0.0,2.07945
4,366,1.53168,0.12635,0.17637,2.07377
4,367,-6.51078,0.0,0.0,2.06812
4,368,-0.69154,0.48961,0.56511,2.0625
4,369,1.23144,0.21885,0.28638,2.05691
4,370,2.86379,0.00439,0.00881,2.05135
4,371,-0.30832,0.75799,0.80565,2.04582
4,372,4.48601,1e-05,3e-05,2.04032
4,373,3.50663,0.0005,0.00123,2.03485
4,374,-3.77691,0.00018,0.00049,2.02941
4,375,-2.3935,0.01712,0.03015,2.024
4,376,-4.785,0.0,1e-05,2.01862
4,377,0.13446,0.8931,0.91693,2.01326
4,378,2.46688,0.01403,0.02521,2.00794
4,379,-7.83497,0.0,0.0,2.00264
5,1,0.1049,0.9165,0.93605,895.0
5,2,-3.71544,0.00023,0.00061,447.5
5,3,1.23043,0.21922,0.28677,298.33333
5,4,2.79847,0.00537,0.01054,223.75
5,5,3.87141,0.00013,0.00035,179.0
5,6,3.92404,0.0001,0.00029,149.16667
5,7,6.67552,0.0,0.0,127.85714
5,8,-0.94511,0.34514,0.42378,111.875
5,9,5.82649,0.0,0.0,99.44444
5,10,-2.22483,0.02662,0.04476,89.5
5,11,0.92634,0.3548,0.4334,81.36364
5,12,0.4353,0.66357,0.72461,74.58333
5,13,-2.28488,0.02282,0.03918,68.84615
5,14,2.99677,0.00289,0.00602,63.92857
5,15,0.35009,0.72644,0.77966,59.66667
5,16,5.90893,0.0,0.0,55.9375
5,17,5.12633,0.0,0.0,52.64706
5,18,4.57179,1e-05,2e-05,49.72222
5,19,3.75102,0.0002,0.00054,47.10526
5,20,0.68984,0.49068,0.56615,44.75
5,21,1.09439,0.27441,0.34786,42.61905
5,22,1.14428,0.25316,0.32458,40.68182
5,23,2.04129,0.04184,0.06683,38.91304
5,24,-1.42139,0.15594,0.21211,37.29167
5,25,-3.72411,0.00022,0.00059,35.8
5,26,-0.27669,0.78215,0.82642,34.42308
5,27,-2.32404,0.0206,0.03572,33.14815
5,28,3.75279,0.0002,0.00053,31.96429
5,29,4.35443,2e-05,6e-05,30.86207
5,30,7.94891,0.0,0.0,29.83333
5,31,-0.8566,0.39215,0.47042,28.87097
5,32,-4.29445,2e-05,7e-05,27.96875
5,33,8.05707,0.0,0.0,27.12121
5,34,3.13409,0.00184,0.00401,26.32353
5,35,-0.2044,0.83814,0.8734,25.57143
5,36,4.23871,3e-05,9e-05,24.86111
5,37,-5.48724,0.0,0.0,24.18919
5,38,-4.62073,1e-05,2e-05,23.55263
5,39,1.2563,0.2097,0.2759,22.94872
5,40,3.51433,0.00049,0.0012,22.375
5,41,-0.68249,0.4953,0.5707,21.82927
5,42,-3.9584,9e-05,0.00026,21.30952
5,43,-1.03737,0.30016,0.37615,20.81395
5,44,-0.18957,0.84974,0.88264,20.34091
5,45,-9.00289,0.0,0.0,19.88889
5,46,-0.85487,0.39311,0.47134,19.45652
5,47,-5.78985,0.0,0.0,19.04255
5,48,-4.91503,0.0,1e-05,18.64583
5,49,-8.86754,0.0,0.0,18.26531
5,50,-6.33131,0.0,0.0,17.9
5,51,2.39517,0.01705,0.03003,17.54902
5,52,0.74866,0.45448,0.53143,17.21154
5,53,1.72112,0.08596,0.12597,16.88679
5,54,3.10596,0.00202,0.00437,16.57407
5,55,-0.90925,0.36374,0.44233,16.27273
5,56,1.22891,0.21979,0.28743,15.98214
5,57,-7.03827,0.0,0.0,15.70175
5,58,0.33861,0.73507,0.78697,15.43103
5,59,0.74761,0.45511,0.53205,15.16949
5,60,0.69084,0.49004,0.56555,14.91667
5,61,0.65776,0.51105,0.58513,14.67213
5,62,6.94105,0.0,0.0,14.43548
5,63,-7.94988,0.0,0.0,14.20635
5,64,3.998,8e-05,0.00022,13.98438
5,65,-2.54718,0.01121,0.02063,13.76923
5,66,6.02523,0.0,0.0,13.56061
5,67,-1.17551,0.24045,0.31076,13.35821
5,68,-1.08811,0.27717,0.35105,13.16176
5,69,0.11241,0.91055,0.93149,12.97101
5,70,-6.91988,0.0,0.0,12.78571
5,71,3.947,9e-05,0.00027,12.60563
5,72,-0.29704,0.76659,0.81297,12.43056
5,73,-0.24821,0.8041,0.84461,12.26027
5,74,1.24996,0.21201,0.27845,12.09459
5,75,7.5799,0.0,0.0,11.93333
5,76,2.56974,0.01052,0.01944,11.77632
5,77,-3.79222,0.00017,0.00047,11.62338
5,78,-2.88111,0.00416,0.00838,11.47436
5,79,-2.89667,0.00397,0.00802,11.32911
5,80,0.56115,0.57499,0.64702,11.1875
5,81,-2.22601,0.02654,0.04466,11.04938
5,82,-11.07978,0.0,0.0,10.91463
5,83,-10.29321,0.0,0.0,10.78313
5,84,-4.90465,0.0,1e-05,10.65476
5,85,-1.01836,0.30909,0.38504,10.52941
5,86,-8.05861,0.0,0.0,10.40698
5,87,-3.47314,0.00057,0.00137,10.28736
5,88,-1.71779,0.08657,0.12669,10.17045
5,89,-0.06794,0.94587,0.95919,10.05618
5,90,3.50194,0.00051,0.00125,9.94444
5,91,-5.5497,0.0,0.0,9.83516
5,92,0.37805,0.70558,0.76143,9.72826
5,93,2.32477,0.02056,0.03567,9.62366
5,94,2.55279,0.01104,0.02033,9.52128
5,95,3.01742,0.0027,0.00567,9.42105
5,96,5.50544,0.0,0.0,9.32292
5,97,1.77486,0.07664,0.11413,9.2268
5,98,7.34851,0.0,0.0,9.13265
5,99,0.13614,0.89178,0.91613,9.0404
5,100,-1.71384,0.08729,0.1276,8.95
5,101,-3.3275,0.00095,0.00219,8.86139
5,102,5.10244,0.0,0.0,8.77451
5,103,6.11002,0.0,0.0,8.68932
5,104,-3.53249,0.00046,0.00113,8.60577
5,105,-7.05601,0.0,0.0,8.52381
5,106,-2.43598,0.01526,0.02723,8.4434
5,107,-1.03421,0.30163,0.37763,8.36449
5,108,-3.19791,0.00149,0.0033,8.28704
5,109,2.62265,0.00904,0.01694,8.21101
5,110,-2.87721,0.00422,0.00848,8.13636
5,111,-0.53901,0.59017,0.66024,8.06306
5,112,-1.37588,0.16959,0.22859,7.99107
5,113,-1.23657,0.21694,0.28418,7.92035
5,114,1.14277,0.25378,0.32534,7.85088
5,115,-2.12752,0.03396,0.05553,7.78261
5,116,-3.97246,8e-05,0.00024,7.71552
5,117,-4.79899,0.0,1e-05,7.64957
5,118,3.23135,0.00133,0.00297,7.58475
5,119,3.59711,0.00036,0.00091,7.52101
5,120,-8.41862,0.0,0.0,7.45833
5,121,0.89782,0.36979,0.44806,7.39669
5,122,2.16936,0.03061,0.05066,7.33607
5,123,-4.0619,6e-05,0.00018,7.27642
5,124,0.09828,0.92176,0.94046,7.21774
5,125,-5.93102,0.0,0.0,7.16
5,126,-9.84759,0.0,0.0,7.10317
5,127,5.0238,0.0,0.0,7.04724
5,128,-3.25527,0.00122,0.00276,6.99219
5,129,-1.22001,0.22314,0.29117,6.93798
5,130,-0.57443,0.56598,0.63882,6.88462
5,131,1.6753,0.09462,0.13714,6.83206
5,132,2.12564,0.03411,0.05574,6.7803
5,133,-1.91469,0.05621,0.08682,6.72932
5,134,-5.26845,0.0,0.0,6.6791
5,135,-3.38212,0.00079,0.00184,6.62963
5,136,4.41808,1e-05,4e-05,6.58088
5,137,2.51537,0.01226,0.02235,6.53285
5,138,-0.94209,0.34669,0.42537,6.48551
5,139,-4.59246,1e-05,2e-05,6.43885
5,140,-2.38983,0.01729,0.0304,6.39286
5,141,-4.44592,1e-05,4e-05,6.34752
5,142,-0.7907,0.42957,0.50716,6.30282
5,143,-0.96366,0.33577,0.41354,6.25874
5,144,-1.28555,0.19931,0.2634,6.21528
5,145,-1.21096,0.22659,0.29513,6.17241
5,146,2.71486,0.0069,0.01325,6.13014
5,147,4.40555,1e-05,5e-05,6.08844
5,148,-4.69115,0.0,1e-05,6.0473
5,149,-7.79228,0.0,0.0,6.00671
5,150,-3.83935,0.00014,0.0004,5.96667
5,151,3.87738,0.00012,0.00035,5.92715
5,152,-3.3973,0.00075,0.00176,5.88816
5,153,-5.49831,0.0,0.0,5.84967
5,154,0.34504,0.73023,0.78275,5.81169
5,155,-3.738,0.00021,0.00056,5.77419
5,156,-5.43029,0.0,0.0,5.73718
5,157,1.17494,0.24068,0.31101,5.70064
5,158,-0.20424,0.83827,0.87344,5.66456
5,159,-0.42329,0.6723,0.73255,5.62893
5,160,-0.30846,0.75789,0.80565,5.59375
5,161,7.75792,0.0,0.0,5.55901
5,162,-3.64235,0.0003,0.00078,5.52469
5,163,-1.99735,0.04643,0.07329,5.4908
5,164,-5.98309,0.0,0.0,5.45732
5,165,-2.24388,0.02536,0.04293,5.42424
5,166,-4.90657,0.0,1e-05,5.39157
5,167,-1.00363,0.31613,0.39284,5.35928
5,168,-1.8033,0.07205,0.10814,5.32738
5,169,-5.16498,0.0,0.0,5.29586
5,170,-4.47048,1e-05,4e-05,5.26471
5,171,-5.27853,0.0,0.0,5.23392
5,172,-3.00416,0.00282,0.00589,5.20349
5,173,-0.52447,0.60023,0.66895,5.17341
5,174,1.86515,0.06285,0.09576,5.14368
5,175,2.1816,0.02969,0.04925,5.11429
5,176,-5.1075,0.0,0.0,5.08523
5,177,-7.03496,0.0,0.0,5.0565
5,178,3.84729,0.00014,0.00039,5.02809
5,179,-4.96228,0.0,0.0,5.0
5,180,4.43676,1e-05,4e-05,4.97222
5,181,-0.98708,0.32417,0.40117,4.94475
5,182,2.69774,0.00726,0.01389,4.91758
5,183,-6.11985,0.0,0.0,4.89071
5,184,3.42346,0.00068,0.00161,4.86413
5,185,-3.08607,0.00216,0.00463,4.83784
5,186,-1.13122,0.2586,0.3305,4.81183
5,187,-0.14944,0.88127,0.90758,4.7861
5,188,1.59021,0.11254,0.15944,4.76064
5,189,-2.14854,0.03224,0.05303,4.73545
5,190,1.74073,0.08246,0.12158,4.71053
5,191,-8.21719,0.0,0.0,4.68586
5,192,3.72385,0.00022,0.00059,4.66146
5,193,1.79948,0.07266,0.10891,4.63731
5,194,-6.07277,0.0,0.0,4.6134
5,195,5.77145,0.0,0.0,4.58974
5,196,3.35642,0.00086,0.002,4.56633
5,197,-3.4552,0.00061,0.00146,4.54315
5,198,-7.85411,0.0,0.0,4.5202
5,199,2.63989,0.0086,0.0162,4.49749
5,200,-8.54392,0.0,0.0,4.475
5,201,-4.41125,1e-05,4e-05,4.45274
5,202,-4.94346,0.0,0.0,4.43069
5,203,4.14267,4e-05,0.00013,4.40887
5,204,1.66239,0.09718,0.14047,4.38725
5,205,2.20706,0.02785,0.04654,4.36585
5,206,-0.92116,0.35749,0.43611,4.34466
5,207,-1.86643,0.06268,0.09554,4.32367
5,208,0.70396,0.48184,0.55782,4.30288
5,209,-9.04381,0.0,0.0,4.2823
5,210,-5.67556,0.0,0.0,4.2619
5,211,0.04704,0.9625,0.97173,4.24171
5,212,-2.90487,0.00387,0.00783,4.2217
5,213,5.82931,0.0,0.0,4.20188
5,214,4.9557,0.0,0.0,4.18224
5,215,-3.93728,0.0001,0.00028,4.16279
5,216,8.17962,0.0,0.0,4.14352
5,217,-1.7472,0.08133,0.12018,4.12442
5,218,4.83063,0.0,1e-05,4.1055
5,219,-4.84641,0.0,1e-05,4.08676
5,220,0.36568,0.71479,0.77004,4.06818
5,221,-2.65044,0.00834,0.01576,4.04977
5,222,-6.13149,0.0,0.0,4.03153
5,223,2.14732,0.03234,0.05315,4.01345
5,224,6.30543,0.0,0.0,3.99554
5,225,-5.8377,0.0,0.0,3.97778
5,226,-12.83434,0.0,0.0,3.96018
5,227,2.93207,0.00355,0.00725,3.94273
5,228,-4.06577,6e-05,0.00017,3.92544
5,229,-1.64835,0.10003,0.14402,3.9083
5,230,-4.28016,2e-05,8e-05,3.8913
5,231,-2.10709,0.0357,0.05799,3.87446
5,232,-3.51532,0.00049,0.0012,3.85776
5,233,-0.46558,0.64176,0.70502,3.8412
5,234,-8.92956,0.0,0.0,3.82479
5,235,2.27758,0.02325,0.03979,3.80851
5,236,-0.20704,0.83608,0.87189,3.79237
5,237,2.85433,0.00453,0.00903,3.77637
5,238,2.30154,0.02185,0.03767,3.7605
5,239,2.90187,0.0039,0.0079,3.74477
5,240,-3.3283,0.00095,0.00218,3.72917
5,241,-4.75477,0.0,1e-05,3.71369
5,242,3.55808,0.00042,0.00104,3.69835
5,243,2.24909,0.02502,0.04241,3.68313
5,244,2.15847,0.03145,0.05189,3.66803
5,245,-9.87307,0.0,0.0,3.65306
5,246,-2.12466,0.0342,0.05584,3.63821
5,247,3.56173,0.00041,0.00103,3.62348
5,248,6.96837,0.0,0.0,3.60887
5,249,5.06325,0.0,0.0,3.59438
5,250,-3.53382,0.00045,0.00113,3.58
5,251,5.55804,0.0,0.0,3.56574
5,252,-0.59546,0.55185,0.62527,3.55159
5,253,-5.66136,0.0,0.0,3.53755
5,254,4.01959,7e-05,0.00021,3.52362
5,255,-4.39282,1e-05,5e-05,3.5098
5,256,4.05724,6e-05,0.00018,3.49609
5,257,5.60188,0.0,0.0,3.48249
5,258,3.63711,0.00031,0.0008,3.46899
5,259,-0.5619,0.57448,0.64666,3.4556
5,260,-2.47949,0.01355,0.02443,3.44231
5,261,-8.58881,0.0,0.0,3.42912
5,262,-3.36502,0.00084,0.00195,3.41603
5,263,0.09266,0.92622,0.94424,3.40304
5,264,8.07235,0.0,0.0,3.39015
5,265,0.52083,0.60276,0.67117,3.37736
5,266,-0.9206,0.35779,0.43636,3.36466
5,267,6.16085,0.0,0.0,3.35206
5,268,-0.77306,0.43992,0.51719,3.33955
5,269,4.22356,3e-05,9e-05,3.32714
5,270,1.65246,0.09919,0.14298,3.31481
5,271,3.91185,0.00011,0.0003,3.30258
5,272,-0.88085,0.3789,0.45694,3.29044
5,273,10.48415,0.0,0.0,3.27839
5,274,-1.96877,0.04963,0.07781,3.26642
5,275,6.60101,0.0,0.0,3.25455
5,276,-4.32856,2e-05,6e-05,3.24275
5,277,5.21801,0.0,0.0,3.23105
5,278,2.07271,0.03881,0.06252,3.21942
5,279,-0.76312,0.44582,0.52289,3.20789
5,280,-1.33225,0.1835,0.24471,3.19643
5,281,-1.15916,0.24705,0.31797,3.18505
5,282,9.52558,0.0,0.0,3.17376
5,283,0.72324,0.46994,0.54669,3.16254
5,284,-1.88615,0.05996,0.09204,3.15141
5,285,5.2804,0.0,0.0,3.14035
5,286,4.10284,5e-05,0.00015,3.12937
5,287,3.38663,0.00077,0.00182,3.11847
5,288,6.56743,0.0,0.0,3.10764
5,289,2.83478,0.00481,0.00954,3.09689
5,290,-7.43671,0.0,0.0,3.08621
5,291,-0.18419,0.85396,0.88555,3.0756
5,292,-2.00251,0.04587,0.0725,3.06507
5,293,-2.47896,0.01357,0.02445,3.05461
5,294,-3.20121,0.00147,0.00327,3.04422
5,295,-5.33019,0.0,0.0,3.0339
5,296,2.72421,0.00671,0.01291,3.02365
5,297,4.24694,3e-05,9e-05,3.01347
5,298,1.73855,0.08284,0.12202,3.00336
5,299,2.18414,0.0295,0.04898,2.99331
5,300,8.02905,0.0,0.0,2.98333
5,301,0.47309,0.63639,0.70035,2.97342
5,302,-5.5464,0.0,0.0,2.96358
5,303,-4.47403,1e-05,3e-05,2.9538
5,304,4.88149,0.0,1e-05,2.94408
5,305,3.52343,0.00047,0.00117,2.93443
5,306,1.51051,0.13166,0.18266,2.92484
5,307,-0.72208,0.47065,0.5472,2.91531
5,308,2.77293,0.0058,0.0113,2.90584
5,309,0.17967,0.8575,0.8883,2.89644
5,310,12.10399,0.0,0.0,2.8871
5,311,6.83086,0.0,0.0,2.87781
5,312,0.03885,0.96903,0.97653,2.86859
5,313,-2.12079,0.03452,0.05631,2.85942
5,314,-0.61894,0.53629,0.60915,2.85032
5,315,-4.64647,0.0,2e-05,2.84127
5,316,0.61167,0.54109,0.61404,2.83228
5,317,1.31219,0.19017,0.25246,2.82334
5,318,1.94722,0.05217,0.08121,2.81447
5,319,-4.39323,1e-05,5e-05,2.80564
5,320,0.68042,0.49661,0.57181,2.79688
5,321,-0.75831,0.44869,0.5257,2.78816
5,322,-0.73885,0.46041,0.53742,2.7795
5,323,3.29308,0.00107,0.00245,2.7709
5,324,8.11888,0.0,0.0,2.76235
5,325,4.57483,1e-05,2e-05,2.75385
5,326,-0.93438,0.35064,0.42938,2.7454
5,327,0.71321,0.47611,0.55247,2.737
5,328,1.93285,0.05392,0.08362,2.72866
5,329,8.19792,0.0,0.0,2.72036
5,330,-4.64166,0.0,2e-05,2.71212
5,331,1.73198,0.08401,0.12354,2.70393
5,332,6.2244,0.0,0.0,2.69578
5,333,-3.65884,0.00029,0.00074,2.68769
5,334,-2.03939,0.04203,0.06712,2.67964
5,335,-3.30449,0.00103,0.00236,2.67164
5,336,0.49476,0.62103,0.68704,2.66369
5,337,0.46886,0.63941,0.70314,2.65579
5,338,2.36448,0.01851,0.03235,2.64793
5,339,-1.1469,0.25207,0.32352,2.64012
5,340,3.91104,0.00011,0.00031,2.63235
5,341,-1.73965,0.08265,0.12183,2.62463
5,342,-1.40505,0.16074,0.21799,2.61696
5,343,-1.16884,0.24313,0.31373,2.60933
5,344,3.89824,0.00011,0.00032,2.60174
5,345,4.17504,4e-05,0.00011,2.5942
5,346,-7.79173,0.0,0.0,2.58671
5,347,-2.61283,0.0093,0.01739,2.57925
5,348,4.51728,1e-05,3e-05,2.57184
5,349,9.37125,0.0,0.0,2.56447
5,350,6.11264,0.0,0.0,2.55714
5,351,3.33629,0.00092,0.00213,2.54986
5,352,6.30992,0.0,0.0,2.54261
5,353,4.98891,0.0,0.0,2.53541
5,354,3.44178,0.00064,0.00152,2.52825
5,355,0.76578,0.44423,0.52125,2.52113
5,356,-0.58427,0.55935,0.63248,2.51404
5,357,-6.56372,0.0,0.0,2.507
5,358,2.56913,0.01054,0.01946,2.5
5,359,-1.03404,0.30171,0.37768,2.49304
5,360,-2.93755,0.00349,0.00713,2.48611
5,361,-7.43927,0.0,0.0,2.47922
5,362,1.15904,0.2471,0.31799,2.47238
5,363,-1.63634,0.10251,0.14714,2.46556
5,364,-5.69402,0.0,0.0,2.45879
5,365,-0.11761,0.90643,0.92823,2.45205
5,366,0.76218,0.44638,0.52343,2.44536
5,367,1.94249,0.05274,0.08201,2.43869
5,368,0.14458,0.88511,0.91087,2.43207
5,369,-3.58261,0.00038,0.00096,2.42547
5,370,2.21756,0.02712,0.04548,2.41892
5,371,-1.9009,0.058,0.08926,2.4124
5,372,0.87889,0.37996,0.45799,2.40591
5,373,-0.03407,0.97284,0.97949,2.39946
5,374,-0.36071,0.7185,0.77345,2.39305
5,375,1.65335,0.099,0.14274,2.38667
5,376,-1.18068,0.23839,0.30834,2.38032
5,377,-0.17862,0.85832,0.88897,2.37401
5,378,0.36834,0.71281,0.76815,2.36772
5,379,-8.13606,0.0,0.0,2.36148
5,380,1.61949,0.10609,0.15162,2.35526
5,381,-2.5595,0.01083,0.01998,2.34908
5,382,-2.59996,0.00965,0.01798,2.34293
5,383,0.51279,0.60837,0.67612,2.33681
5,384,-2.11372,0.03513,0.05718,2.33073
5,385,-0.83901,0.40194,0.48032,2.32468
5,386,-4.08707,5e-05,0.00016,2.31865
5,387,-3.00213,0.00284,0.00592,2.31266
5,388,-2.07849,0.03827,0.06173,2.3067
5,389,5.90557,0.0,0.0,2.30077
5,390,7.71077,0.0,0.0,2.29487
5,391,7.10884,0.0,0.0,2.289
5,392,-2.16798,0.03072,0.05083,2.28316
5,393,1.03613,0.30073,0.37679,2.27735
5,394,-1.82868,0.06815,0.10282,2.27157
5,395,-2.13447,0.03338,0.05466,2.26582
5,396,5.53904,0.0,0.0,2.2601
5,397,-0.9257,0.35513,0.4337,2.25441
5,398,4.7493,0.0,1e-05,2.24874
5,399,-5.53411,0.0,0.0,2.24311
5,400,4.54117,1e-05,3e-05,2.2375
5,401,0.33146,0.74046,0.79181,2.23192
5,402,-9.11795,0.0,0.0,2.22637
5,403,8.28792,0.0,0.0,2.22084
5,404,-5.79505,0.0,0.0,2.21535
5,405,3.58284,0.00038,0.00096,2.20988
5,406,6.41211,0.0,0.0,2.20443
5,407,-4.15042,4e-05,0.00013,2.19902
5,408,2.41322,0.01624,0.02877,2.19363
5,409,-0.75521,0.45054,0.52757,2.18826
5,410,3.31329,0.001,0.00229,2.18293
5,411,-1.21149,0.22639,0.2949,2.17762
5,412,-0.26506,0.79109,0.83366,2.17233
5,413,3.32127,0.00097,0.00223,2.16707
5,414,4.07555,5e-05,0.00017,2.16184
5,415,-1.67257,0.09515,0.13782,2.15663
5,416,-0.19538,0.84519,0.87901,2.15144
5,417,0.8323,0.40571,0.48407,2.14628
5,418,-5.50017,0.0,0.0,2.14115
5,419,1.88393,0.06026,0.09238,2.13604
5,420,-4.12877,4e-05,0.00014,2.13095
5,421,0.4873,0.6263,0.69166,2.12589
5,422,-3.90567,0.00011,0.00031,2.12085
5,423,-2.83944,0.00474,0.00942,2.11584
5,424,2.26239,0.02418,0.04114,2.11085
5,425,6.70907,0.0,0.0,2.10588
5,426,-3.04706,0.00246,0.0052,2.10094
5,427,1.17885,0.23912,0.30916,2.09602
5,428,0.04901,0.96094,0.97064,2.09112
5,429,-1.53644,0.12518,0.17505,2.08625
5,430,-3.82344,0.00015,0.00042,2.0814
5,431,4.16998,4e-05,0.00012,2.07657
5,432,-3.50777,0.0005,0.00123,2.07176
5,433,1.4581,0.14556,0.19956,2.06697
5,434,3.91278,0.00011,0.0003,2.06221
5,435,2.31888,0.02088,0.03615,2.05747
5,436,-4.98103,0.0,0.0,2.05275
5,437,-6.33618,0.0,0.0,2.04805
5,438,7.75736,0.0,0.0,2.04338
5,439,1.52928,0.12695,0.17705,2.03872
5,440,0.93932,0.34811,0.42683,2.03409
5,441,3.48671,0.00054,0.00131,2.02948
5,442,0.18034,0.85698,0.88785,2.02489
5,443,-4.19479,3e-05,0.0001,2.02032
5,444,-1.93994,0.05305,0.08242,2.01577
5,445,-0.55351,0.58021,0.65164,2.01124
5,446,-3.51425,0.00049,0.0012,2.00673
5,447,5.55667,0.0,0.0,2.00224
6,1,-0.18787,0.85107,0.88322,1052.0
6,2,-5.33562,0.0,0.0,526.0
6,3,3.05541,0.00239,0.00507,350.66667
6,4,2.39536,0.01704,0.03002,263.0
6,5,1.69784,0.09028,0.13138,210.4
6,6,-5.01776,0.0,0.0,175.33333
6,7,10.42965,0.0,0.0,150.28571
6,8,7.09555,0.0,0.0,131.5
6,9,1.35131,0.17732,0.23741,116.88889
6,10,-0.45752,0.64753,0.71035,105.2
6,11,-2.82921,0.00489,0.00969,95.63636
6,12,2.18384,0.02952,0.049,87.66667
6,13,-2.93647,0.0035,0.00716,80.92308
6,14,-0.63998,0.52253,0.59591,75.14286
6,15,2.08631,0.03755,0.06067,70.13333
6,16,3.51553,0.00049,0.0012,65.75
6,17,2.2189,0.02702,0.04534,61.88235
6,18,-8.36219,0.0,0.0,58.44444
6,19,3.18878,0.00154,0.0034,55.36842
6,20,3.86438,0.00013,0.00036,52.6
6,21,-4.70135,0.0,1e-05,50.09524
6,22,-7.45306,0.0,0.0,47.81818
6,23,2.17465,0.03021,0.05002,45.73913
6,24,3.86082,0.00013,0.00037,43.83333
6,25,-10.9568,0.0,0.0,42.08
6,26,-12.63911,0.0,0.0,40.46154
6,27,1.84601,0.06559,0.09945,38.96296
6,28,1.92254,0.05521,0.08543,37.57143
6,29,-1.5317,0.12635,0.17637,36.27586
6,30,5.89379,0.0,0.0,35.06667
6,31,5.90277,0.0,0.0,33.93548
6,32,-0.89419,0.37173,0.45012,32.875
6,33,-7.4564,0.0,0.0,31.87879
6,34,2.54734,0.01121,0.02063,30.94118
6,35,1.03004,0.30358,0.37955,30.05714
6,36,-0.627,0.531,0.60431,29.22222
6,37,3.58106,0.00038,0.00096,28.43243
6,38,2.06029,0.03998,0.06423,27.68421
6,39,-9.56259,0.0,0.0,26.97436
6,40,0.22088,0.82529,0.86271,26.3
6,41,-4.40349,1e-05,5e-05,25.65854
6,42,1.62262,0.10542,0.15079,25.04762
6,43,-4.48703,1e-05,3e-05,24.46512
6,44,6.68916,0.0,0.0,23.90909
6,45,1.65172,0.09933,0.14315,23.37778
6,46,-4.94618,0.0,0.0,22.86957
6,47,-3.24983,0.00125,0.0028,22.38298
6,48,9.11729,0.0,0.0,21.91667
6,49,-4.17328,4e-05,0.00011,21.46939
6,50,-4.81525,0.0,1e-05,21.04
6,51,-3.04153,0.0025,0.00528,20.62745
6,52,-3.82132,0.00015,0.00042,20.23077
6,53,-8.47643,0.0,0.0,19.84906
6,54,1.44872,0.14816,0.20277,19.48148
6,55,-4.90385,0.0,1e-05,19.12727
6,56,-8.07918,0.0,0.0,18.78571
6,57,-5.54312,0.0,0.0,18.45614
6,58,-0.38375,0.70136,0.75753,18.13793
6,59,5.8357,0.0,0.0,17.83051
6,60,-2.10997,0.03545,0.05766,17.53333
6,61,4.26044,3e-05,8e-05,17.2459
6,62,6.68812,0.0,0.0,16.96774
6,63,2.85624,0.0045,0.00899,16.69841
6,64,-6.33981,0.0,0.0,16.4375
6,65,-6.48495,0.0,0.0,16.18462
6,66,-1.24176,0.21501,0.28189,15.93939
6,67,-5.87862,0.0,0.0,15.70149
6,68,5.48931,0.0,0.0,15.47059
6,69,-3.08967,0.00214,0.00459,15.24638
6,70,1.86419,0.06299,0.09595,15.02857
6,71,5.41966,0.0,0.0,14.8169
6,72,1.51648,0.13015,0.18083,14.61111
6,73,4.31233,2e-05,7e-05,14.41096
6,74,-8.91352,0.0,0.0,14.21622
6,75,-7.1446,0.0,0.0,14.02667
6,76,-4.03561,6e-05,0.00019,13.84211
6,77,-6.18155,0.0,0.0,13.66234
6,78,-2.20769,0.0278,0.04649,13.48718
6,79,-2.20721,0.02784,0.04653,13.31646
6,80,-9.44568,0.0,0.0,13.15
6,81,-0.80027,0.424,0.50231,12.98765
6,82,0.95805,0.33858,0.41675,12.82927
6,83,0.39871,0.69031,0.74818,12.6747
6,84,4.68471,0.0,1e-05,12.52381
6,85,-1.14647,0.25225,0.32371,12.37647
6,86,0.91129,0.36266,0.44113,12.23256
6,87,7.23443,0.0,0.0,12.09195
6,88,-0.39177,0.69543,0.7525,11.95455
6,89,4.50815,1e-05,3e-05,11.82022
6,90,1.57489,0.11603,0.16379,11.68889
6,91,-4.29625,2e-05,7e-05,11.56044
6,92,-6.00903,0.0,0.0,11.43478
6,93,5.85586,0.0,0.0,11.31183
6,94,-1.65007,0.09967,0.14362,11.19149
6,95,-2.99373,0.00292,0.00606,11.07368
6,96,2.8612,0.00443,0.00887,10.95833
6,97,-7.57733,0.0,0.0,10.84536
6,98,-7.25058,0.0,0.0,10.73469
6,99,6.57864,0.0,0.0,10.62626
6,100,-5.32552,0.0,0.0,10.52
6,101,2.00304,0.04581,0.07243,10.41584
6,102,-3.35416,0.00087,0.00202,10.31373
6,103,10.5434,0.0,0.0,10.21359
6,104,6.54543,0.0,0.0,10.11538
6,105,0.98251,0.32641,0.40351,10.01905
6,106,4.97629,0.0,0.0,9.92453
6,107,2.49894,0.01284,0.02328,9.83178
6,108,5.30551,0.0,0.0,9.74074
6,109,0.44778,0.65454,0.71679,9.65138
6,110,-1.44726,0.14857,0.20321,9.56364
6,111,7.86359,0.0,0.0,9.47748
6,112,5.34063,0.0,0.0,9.39286
6,113,5.30362,0.0,0.0,9.30973
6,114,-1.80187,0.07228,0.10841,9.22807
6,115,1.89558,0.0587,0.0903,9.14783
6,116,2.03409,0.04257,0.06785,9.06897
6,117,-5.35246,0.0,0.0,8.99145
6,118,3.32844,0.00095,0.00218,8.91525
6,119,9.35974,0.0,0.0,8.84034
6,120,2.66649,0.00796,0.01513,8.76667
6,121,2.6837,0.00757,0.01444,8.69421
6,122,4.35692,2e-05,6e-05,8.62295
6,123,-3.52916,0.00046,0.00115,8.55285
6,124,-5.43849,0.0,0.0,8.48387
6,125,-1.79717,0.07302,0.10941,8.416
6,126,7.73099,0.0,0.0,8.34921
6,127,1.85417,0.06441,0.09791,8.28346
6,128,-4.00217,7e-05,0.00022,8.21875
6,129,5.1287,0.0,0.0,8.15504
6,130,6.9721,0.0,0.0,8.09231
6,131,-7.07066,0.0,0.0,8.03053
6,132,4.63632,0.0,2e-05,7.9697
6,133,1.86396,0.06302,0.09598,7.90977
6,134,-4.28204,2e-05,7e-05,7.85075
6,135,-2.62608,0.00895,0.01679,7.79259
6,136,-1.73764,0.083,0.12222,7.73529
6,137,-0.69695,0.48622,0.56184,7.67883
6,138,-2.50176,0.01274,0.02311,7.62319
6,139,-1.86251,0.06323,0.09624,7.56835
6,140,2.83875,0.00475,0.00944,7.51429
6,141,-0.40807,0.68343,0.74265,7.46099
6,142,-1.38344,0.16726,0.22582,7.40845
6,143,-7.8303,0.0,0.0,7.35664
6,144,-3.6653,0.00028,0.00073,7.30556
6,145,-4.21384,3e-05,0.0001,7.25517
6,146,0.75404,0.45124,0.52833,7.20548
6,147,-0.35082,0.7259,0.77942,7.15646
6,148,4.11832,5e-05,0.00014,7.10811
6,149,-6.37683,0.0,0.0,7.0604
6,150,-2.1089,0.03554,0.05777,7.01333
6,151,7.51043,0.0,0.0,6.96689
6,152,-6.4909,0.0,0.0,6.92105
6,153,-4.39153,1e-05,5e-05,6.87582
6,154,5.25085,0.0,0.0,6.83117
6,155,1.01953,0.30853,0.38454,6.7871
6,156,4.13182,4e-05,0.00013,6.74359
6,157,-1.37032,0.17132,0.23055,6.70064
6,158,0.34817,0.72789,0.78087,6.65823
6,159,-5.20731,0.0,0.0,6.61635
6,160,-0.01858,0.98518,0.98923,6.575
6,161,12.19308,0.0,0.0,6.53416
6,162,-3.43296,0.00066,0.00156,6.49383
6,163,4.35586,2e-05,6e-05,6.45399
6,164,5.67205,0.0,0.0,6.41463
6,165,4.23584,3e-05,9e-05,6.37576
6,166,-4.50651,1e-05,3e-05,6.33735
6,167,5.8523,0.0,0.0,6.2994
6,168,2.14393,0.03261,0.05352,6.2619
6,169,-0.35841,0.72022,0.77443,6.22485
6,170,-5.0059,0.0,0.0,6.18824
6,171,6.76237,0.0,0.0,6.15205
6,172,4.52719,1e-05,3e-05,6.11628
6,173,2.60578,0.00949,0.01772,6.08092
6,174,0.65523,0.51268,0.58672,6.04598
6,175,-6.66412,0.0,0.0,6.01143
6,176,-7.54962,0.0,0.0,5.97727
6,177,-2.02109,0.0439,0.06977,5.9435
6,178,-4.66661,0.0,2e-05,5.91011
6,179,-4.48918,1e-05,3e-05,5.87709
6,180,-1.64993,0.0997,0.14362,5.84444
6,181,-6.56558,0.0,0.0,5.81215
6,182,1.52589,0.12779,0.17812,5.78022
6,183,-0.87099,0.38425,0.46214,5.74863
6,184,3.94643,9e-05,0.00027,5.71739
6,185,-0.71639,0.47414,0.55063,5.68649
6,186,-0.95301,0.34113,0.41937,5.65591
6,187,-1.72027,0.08612,0.12616,5.62567
6,188,1.84579,0.06562,0.09948,5.59574
6,189,-1.36682,0.17241,0.2318,5.56614
6,190,9.0595,0.0,0.0,5.53684
6,191,6.9955,0.0,0.0,5.50785
6,192,-3.82202,0.00015,0.00042,5.47917
6,193,-0.46746,0.64041,0.70393,5.45078
6,194,5.58644,0.0,0.0,5.42268
6,195,0.26701,0.78959,0.83261,5.39487
6,196,-0.8757,0.38169,0.45969,5.36735
6,197,0.41239,0.68026,0.74017,5.3401
6,198,8.4133,0.0,0.0,5.31313
6,199,-4.06012,6e-05,0.00018,5.28643
6,200,-9.91983,0.0,0.0,5.26
6,201,4.44946,1e-05,4e-05,5.23383
6,202,-1.47465,0.14105,0.19402,5.20792
6,203,-8.26948,0.0,0.0,5.18227
6,204,1.60849,0.10848,0.15448,5.15686
6,205,-2.1071,0.0357,0.05799,5.13171
6,206,3.43122,0.00066,0.00157,5.1068
6,207,-2.74078,0.00639,0.01235,5.08213
6,208,-4.60915,1e-05,2e-05,5.05769
6,209,0.89785,0.36978,0.44806,5.03349
6,210,-1.46635,0.1433,0.19682,5.00952
6,211,3.08,0.00221,0.00472,4.98578
6,212,3.81783,0.00015,0.00043,4.96226
6,213,5.00367,0.0,0.0,4.93897
6,214,-7.12753,0.0,0.0,4.91589
6,215,-2.35256,0.0191,0.03329,4.89302
6,216,-3.7681,0.00019,0.00051,4.87037
6,217,1.65376,0.09892,0.14268,4.84793
6,218,-6.11538,0.0,0.0,4.82569
6,219,5.91818,0.0,0.0,4.80365
6,220,-0.8864,0.37591,0.45388,4.78182
6,221,-10.4367,0.0,0.0,4.76018
6,222,0.94405,0.34568,0.42429,4.73874
6,223,-8.44124,0.0,0.0,4.71749
6,224,-0.11518,0.90836,0.92964,4.69643
6,225,2.0674,0.03931,0.06326,4.67556
6,226,1.91309,0.05641,0.08709,4.65487
6,227,5.2673,0.0,0.0,4.63436
6,228,-2.44082,0.01506,0.02691,4.61404
6,229,-3.51553,0.00049,0.0012,4.59389
6,230,-3.38165,0.00079,0.00185,4.57391
6,231,-6.0945,0.0,0.0,4.55411
6,232,-0.22656,0.82087,0.85952,4.53448
6,233,8.09803,0.0,0.0,4.51502
6,234,-1.54442,0.12324,0.17275,4.49573
6,235,-7.37173,0.0,0.0,4.4766
6,236,-8.1985,0.0,0.0,4.45763
6,237,9.06154,0.0,0.0,4.43882
6,238,9.81392,0.0,0.0,4.42017
6,239,-8.23059,0.0,0.0,4.40167
6,240,3.5589,0.00041,0.00104,4.38333
6,241,-3.77332,0.00018,0.0005,4.36515
6,242,-1.96942,0.04956,0.07773,4.34711
6,243,-3.13274,0.00185,0.00403,4.32922
6,244,-8.25368,0.0,0.0,4.31148
6,245,3.08551,0.00217,0.00464,4.29388
6,246,-5.44684,0.0,0.0,4.27642
6,247,-10.65694,0.0,0.0,4.25911
6,248,0.55826,0.57696,0.64873,4.24194
6,249,-6.8675,0.0,0.0,4.2249
6,250,6.30783,0.0,0.0,4.208
6,251,-2.50506,0.01262,0.02293,4.19124
6,252,0.90608,0.36541,0.44382,4.1746
6,253,-2.57122,0.01048,0.01936,4.1581
6,254,-2.829,0.00489,0.00969,4.14173
6,255,12.51804,0.0,0.0,4.12549
6,256,-2.93556,0.00351,0.00718,4.10938
6,257,-1.70407,0.0891,0.12991,4.09339
6,258,0.34754,0.72836,0.78118,4.07752
6,259,0.25015,0.80259,0.8436,4.06178
6,260,-0.56581,0.57183,0.64389,4.04615
6,261,-9.8512,0.0,0.0,4.03065
6,262,0.12994,0.89667,0.92003,4.01527
6,263,-0.92735,0.35427,0.4329,4.0
6,264,-7.88549,0.0,0.0,3.98485
6,265,5.76266,0.0,0.0,3.96981
6,266,-6.50533,0.0,0.0,3.95489
6,267,-4.88968,0.0,1e-05,3.94007
6,268,2.61681,0.00919,0.01721,3.92537
6,269,-2.81494,0.00511,0.01007,3.91078
6,270,-0.45224,0.65133,0.71366,3.8963
6,271,1.00118,0.31731,0.39387,3.88192
6,272,-9.41865,0.0,0.0,3.86765
6,273,-1.95209,0.05159,0.08041,3.85348
6,274,2.99644,0.00289,0.00602,3.83942
6,275,4.48316,1e-05,3e-05,3.82545
6,276,-8.16636,0.0,0.0,3.81159
6,277,4.80713,0.0,1e-05,3.79783
6,278,1.03041,0.30341,0.37945,3.78417
6,279,-2.86118,0.00443,0.00887,3.77061
6,280,6.18716,0.0,0.0,3.75714
6,281,0.21766,0.8278,0.86474,3.74377
6,282,-6.13376,0.0,0.0,3.7305
6,283,-10.73229,0.0,0.0,3.71731
6,284,1.07777,0.28175,0.35622,3.70423
6,285,-1.49488,0.13569,0.1876,3.69123
6,286,5.23737,0.0,0.0,3.67832
6,287,-2.12524,0.03415,0.05578,3.66551
6,288,-5.89234,0.0,0.0,3.65278
6,289,-2.53231,0.01169,0.02143,3.64014
6,290,-12.75889,0.0,0.0,3.62759
6,291,-0.93318,0.35126,0.42992,3.61512
6,292,-1.73476,0.08351,0.12294,3.60274
6,293,1.37404,0.17016,0.22924,3.59044
6,294,9.74883,0.0,0.0,3.57823
6,295,-5.21276,0.0,0.0,3.5661
6,296,3.10376,0.00204,0.0044,3.55405
6,297,1.35665,0.17562,0.23561,3.54209
6,298,5.15731,0.0,0.0,3.5302
6,299,-0.59224,0.55401,0.62736,3.51839
6,300,-0.68075,0.49641,0.57164,3.50667
6,301,-3.02285,0.00266,0.00558,3.49502
6,302,-2.28402,0.02287,0.03924,3.48344
6,303,-5.21194,0.0,0.0,3.47195
6,304,-1.90175,0.05788,0.08911,3.46053
6,305,0.74937,0.45405,0.53117,3.44918
6,306,-3.20715,0.00144,0.00321,3.43791
6,307,-3.06127,0.00234,0.00499,3.42671
6,308,-1.50951,0.13192,0.18296,3.41558
6,309,4.28089,2e-05,8e-05,3.40453
6,310,4.23059,3e-05,9e-05,3.39355
6,311,-1.90643,0.05727,0.08826,3.38264
6,312,-6.94951,0.0,0.0,3.37179
6,313,2.49756,0.01289,0.02336,3.36102
6,314,-4.06125,6e-05,0.00018,3.35032
6,315,0.66978,0.50336,0.57818,3.33968
6,316,7.4223,0.0,0.0,3.32911
6,317,4.38716,1e-05,5e-05,3.31861
6,318,4.31027,2e-05,7e-05,3.30818
6,319,-0.64315,0.52048,0.59419,3.29781
6,320,-1.95057,0.05177,0.08067,3.2875
6,321,-6.98928,0.0,0.0,3.27726
6,322,8.0325,0.0,0.0,3.26708
6,323,4.67405,0.0,2e-05,3.25697
6,324,-3.37159,0.00082,0.00191,3.24691
6,325,-2.90809,0.00383,0.00777,3.23692
6,326,-4.00231,7e-05,0.00022,3.22699
6,327,0.47704,0.63358,0.69811,3.21713
6,328,-2.64151,0.00856,0.01614,3.20732
6,329,1.1522,0.24989,0.3212,3.19757
6,330,-1.07579,0.28263,0.35711,3.18788
6,331,4.27764,2e-05,8e-05,3.17825
6,332,2.8308,0.00487,0.00964,3.16867
6,333,7.26624,0.0,0.0,3.15916
6,334,-7.50207,0.0,0.0,3.1497
6,335,-4.62179,1e-05,2e-05,3.1403
6,336,-0.14808,0.88235,0.90831,3.13095
6,337,-2.07974,0.03815,0.06155,3.12166
6,338,1.76011,0.07911,0.11727,3.11243
6,339,7.92159,0.0,0.0,3.10324
6,340,0.81652,0.41466,0.49287,3.09412
6,341,-1.02679,0.30511,0.38113,3.08504
6,342,-1.6399,0.10177,0.14624,3.07602
6,343,7.57587,0.0,0.0,3.06706
6,344,3.77063,0.00019,0.0005,3.05814
6,345,-1.54948,0.12202,0.17118,3.04928
6,346,0.34914,0.72716,0.78033,3.04046
6,347,1.91464,0.05621,0.08682,3.0317
6,348,4.88568,0.0,1e-05,3.02299
6,349,2.79096,0.00549,0.01076,3.01433
6,350,1.71096,0.08782,0.12834,3.00571
6,351,8.02066,0.0,0.0,2.99715
6,352,5.16999,0.0,0.0,2.98864
6,353,-3.37675,0.0008,0.00188,2.98017
6,354,-8.85994,0.0,0.0,2.97175
6,355,3.96477,9e-05,0.00025,2.96338
6,356,-5.58274,0.0,0.0,2.95506
6,357,7.16873,0.0,0.0,2.94678
6,358,-0.16123,0.87199,0.89987,2.93855
6,359,4.13482,4e-05,0.00013,2.93036
6,360,0.45743,0.6476,0.71035,2.92222
6,361,3.58676,0.00037,0.00094,2.91413
6,362,-3.78252,0.00018,0.00048,2.90608
6,363,3.39089,0.00076,0.0018,2.89807
6,364,-7.60823,0.0,0.0,2.89011
6,365,1.07995,0.28078,0.35525,2.88219
6,366,-8.32181,0.0,0.0,2.87432
6,367,-3.11455,0.00197,0.00426,2.86649
6,368,5.2369,0.0,0.0,2.8587
6,369,2.43173,0.01544,0.02748,2.85095
6,370,0.75531,0.45048,0.52756,2.84324
6,371,1.92271,0.05519,0.08541,2.83558
6,372,-2.90941,0.00381,0.00774,2.82796
6,373,-2.57316,0.01042,0.01927,2.82038
6,374,5.29845,0.0,0.0,2.81283
6,375,-0.81025,0.41825,0.49629,2.80533
6,376,-1.32009,0.18752,0.24937,2.79787
6,377,-6.38564,0.0,0.0,2.79045
6,378,-4.96811,0.0,0.0,2.78307
6,379,-4.50172,1e-05,3e-05,2.77573
6,380,-2.65262,0.00829,0.01568,2.76842
6,381,2.33621,0.01995,0.03466,2.76115
6,382,3.06481,0.00232,0.00494,2.75393
6,383,1.95574,0.05115,0.07982,2.74674
6,384,-2.91695,0.00372,0.00757,2.73958
6,385,1.30091,0.194,0.25696,2.73247
6,386,-4.15067,4e-05,0.00013,2.72539
6,387,-2.51223,0.01237,0.02252,2.71835
6,388,3.29238,0.00108,0.00245,2.71134
6,389,5.76613,0.0,0.0,2.70437
6,390,-6.1571,0.0,0.0,2.69744
6,391,0.45111,0.65214,0.71439,2.69054
6,392,-2.56864,0.01055,0.01949,2.68367
6,393,2.78697,0.00556,0.01088,2.67684
6,394,5.78647,0.0,0.0,2.67005
6,395,-4.03676,6e-05,0.00019,2.66329
6,396,2.20885,0.02772,0.04637,2.65657
6,397,4.32112,2e-05,6e-05,2.64987
6,398,9.06197,0.0,0.0,2.64322
6,399,2.63833,0.00864,0.01627,2.63659
6,400,4.45737,1e-05,4e-05,2.63
6,401,-5.54876,0.0,0.0,2.62344
6,402,-0.37398,0.7086,0.76445,2.61692
6,403,-9.74878,0.0,0.0,2.61042
6,404,0.66848,0.50419,0.57874,2.60396
6,405,-3.92842,0.0001,0.00029,2.59753
6,406,0.09527,0.92414,0.94241,2.59113
6,407,-5.05256,0.0,0.0,2.58477
6,408,1.87829,0.06103,0.09337,2.57843
6,409,-1.07806,0.28162,0.3561,2.57213
6,410,-6.34303,0.0,0.0,2.56585
6,411,-0.2167,0.82854,0.86529,2.55961
6,412,-5.13279,0.0,0.0,2.5534
6,413,-9.82198,0.0,0.0,2.54722
6,414,-1.09724,0.27316,0.34645,2.54106
6,415,0.73135,0.46497,0.5419,2.53494
6,416,-0.09944,0.92083,0.93971,2.52885
6,417,7.05672,0.0,0.0,2.52278
6,418,0.49566,0.62039,0.68645,2.51675
6,419,4.37907,2e-05,5e-05,2.51074
6,420,5.55747,0.0,0.0,2.50476
6,421,-0.0662,0.94725,0.95981,2.49881
6,422,-3.25821,0.00121,0.00273,2.49289
6,423,-7.21037,0.0,0.0,2.487
6,424,-7.05423,0.0,0.0,2.48113
6,425,-4.72318,0.0,1e-05,2.47529
6,426,-0.03632,0.97104,0.97808,2.46948
6,427,-2.52058,0.01208,0.02207,2.4637
6,428,-6.57382,0.0,0.0,2.45794
6,429,-1.83311,0.06749,0.10196,2.45221
6,430,0.5962,0.55136,0.62478,2.44651
6,431,2.09033,0.03719,0.06017,2.44084
6,432,3.4461,0.00063,0.0015,2.43519
6,433,1.74119,0.08238,0.1215,2.42956
6,434,-0.69359,0.48832,0.56382,2.42396
6,435,4.53102,1e-05,3e-05,2.41839
6,436,-2.92059,0.00368,0.0075,2.41284
6,437,3.90258,0.00011,0.00031,2.40732
6,438,0.67825,0.49799,0.57313,2.40183
6,439,-2.80239,0.00531,0.01042,2.39636
6,440,-6.35118,0.0,0.0,2.39091
6,441,2.14163,0.03279,0.0538,2.38549
6,442,-3.71793,0.00023,0.0006,2.38009
6,443,-2.33749,0.01988,0.03455,2.37472
6,444,2.57556,0.01035,0.01916,2.36937
6,445,6.29434,0.0,0.0,2.36404
6,446,6.23613,0.0,0.0,2.35874
6,447,1.65437,0.09879,0.14256,2.35347
6,448,1.7647,0.07834,0.11639,2.34821
6,449,-3.34984,0.00088,0.00205,2.34298
6,450,-2.99494,0.00291,0.00604,2.33778
6,451,7.81015,0.0,0.0,2.33259
6,452,-2.74101,0.00639,0.01234,2.32743
6,453,5.22552,0.0,0.0,2.3223
6,454,0.52611,0.59909,0.66818,2.31718
6,455,5.22276,0.0,0.0,2.31209
6,456,3.80669,0.00016,0.00044,2.30702
6,457,0.56128,0.5749,0.64699,2.30197
6,458,1.54315,0.12355,0.17311,2.29694
6,459,-6.68224,0.0,0.0,2.29194
6,460,-1.51346,0.13091,0.1818,2.28696
6,461,-2.89606,0.00398,0.00803,2.282
6,462,5.72507,0.0,0.0,2.27706
6,463,-0.93997,0.34777,0.42648,2.27214
6,464,0.06453,0.94858,0.96096,2.26724
6,465,-11.44103,0.0,0.0,2.26237
6,466,2.12074,0.03453,0.05631,2.25751
6,467,-1.81939,0.06956,0.10472,2.25268
6,468,-3.06175,0.00234,0.00499,2.24786
6,469,3.01731,0.0027,0.00567,2.24307
6,470,5.37445,0.0,0.0,2.2383
6,471,0.98055,0.32738,0.40448,2.23355
6,472,10.34725,0.0,0.0,2.22881
6,473,0.99672,0.31947,0.3962,2.2241
6,474,-1.55133,0.12157,0.17068,2.21941
6,475,6.39371,0.0,0.0,2.21474
6,476,-4.24997,3e-05,8e-05,2.21008
6,477,-1.42654,0.15445,0.21026,2.20545
6,478,4.40939,1e-05,5e-05,2.20084
6,479,0.70614,0.48049,0.5567,2.19624
6,480,3.44107,0.00064,0.00153,2.19167
6,481,-1.52992,0.12679,0.17688,2.18711
6,482,-2.42406,0.01577,0.028,2.18257
6,483,-8.03542,0.0,0.0,2.17805
6,484,2.86014,0.00444,0.00889,2.17355
6,485,-0.58131,0.56134,0.6343,2.16907
6,486,1.02386,0.30649,0.38252,2.16461
6,487,-5.18616,0.0,0.0,2.16016
6,488,4.10351,5e-05,0.00015,2.15574
6,489,5.0469,0.0,0.0,2.15133
6,490,-5.19066,0.0,0.0,2.14694
6,491,-0.83742,0.40283,0.48116,2.14257
6,492,3.36473,0.00084,0.00195,2.13821
6,493,8.58353,0.0,0.0,2.13387
6,494,-5.56353,0.0,0.0,2.12955
6,495,-2.96782,0.00317,0.00654,2.12525
6,496,-2.55574,0.01095,0.02017,2.12097
6,497,2.37734,0.01788,0.03135,2.1167
6,498,5.58465,0.0,0.0,2.11245
6,499,-1.00569,0.31514,0.3918,2.10822
6,500,-2.64635,0.00844,0.01594,2.104
6,501,1.43274,0.15267,0.20817,2.0998
6,502,-5.07447,0.0,0.0,2.09562
6,503,3.55693,0.00042,0.00104,2.09145
6,504,-1.00365,0.31612,0.39284,2.0873
6,505,-2.6518,0.00831,0.01571,2.08317
6,506,1.04745,0.29549,0.37134,2.07905
6,507,-3.49279,0.00053,0.00129,2.07495
6,508,3.71625,0.00023,0.00061,2.07087
6,509,-0.63496,0.5258,0.59912,2.0668
6,510,-8.75408,0.0,0.0,2.06275
6,511,8.54267,0.0,0.0,2.05871
6,512,-0.55076,0.58209,0.65325,2.05469
6,513,1.33728,0.18185,0.2427,2.05068
6,514,-0.48792,0.62586,0.69143,2.04669
6,515,-1.90369,0.05763,0.08878,2.04272
6,516,-10.39614,0.0,0.0,2.03876
6,517,-1.51637,0.13018,0.18085,2.03482
6,518,-6.02528,0.0,0.0,2.03089
6,519,8.44009,0.0,0.0,2.02697
6,520,-1.0786,0.28138,0.35589,2.02308
6,521,2.21082,0.02758,0.04617,2.01919
6,522,-4.00972,7e-05,0.00021,2.01533
6,523,3.41483,0.0007,0.00166,2.01147
6,524,-2.53917,0.01147,0.02106,2.00763
6,525,3.4731,0.00057,0.00137,2.00381
6,526,1.19493,0.23279,0.30202,2.0
7,1,-1.48379,0.13861,0.19108,934.0
7,2,1.61723,0.10658,0.15221,467.0
7,3,3.13993,0.00181,0.00394,311.33333
7,4,0.74417,0.45719,0.53403,233.5
7,5,-1.7092,0.08815,0.12874,186.8
7,6,2.69328,0.00736,0.01407,155.66667
7,7,-4.91878,0.0,1e-05,133.42857
7,8,0.11924,0.90514,0.92719,116.75
7,9,-3.25719,0.00122,0.00274,103.77778
7,10,2.56924,0.01053,0.01946,93.4
7,11,2.94525,0.00341,0.00698,84.90909
7,12,-2.13549,0.0333,0.05454,77.83333
7,13,-3.34995,0.00088,0.00205,71.84615
7,14,-1.76278,0.07866,0.11679,66.71429
7,15,2.36277,0.01859,0.03246,62.26667
7,16,-1.83077,0.06784,0.10241,58.375
7,17,3.11816,0.00194,0.00421,54.94118
7,18,1.37548,0.16971,0.2287,51.88889
7,19,7.81824,0.0,0.0,49.15789
7,20,1.54722,0.12256,0.17187,46.7
7,21,-5.95676,0.0,0.0,44.47619
7,22,-5.02543,0.0,0.0,42.45455
7,23,-4.1087,5e-05,0.00015,40.6087
7,24,3.79997,0.00017,0.00045,38.91667
7,25,-4.02358,7e-05,0.0002,37.36
7,26,-6.3576,0.0,0.0,35.92308
7,27,-3.65833,0.00029,0.00074,34.59259
7,28,4.3187,2e-05,6e-05,33.35714
7,29,-3.61105,0.00034,0.00087,32.2069
7,30,-1.82912,0.06809,0.10274,31.13333
7,31,6.46799,0.0,0.0,30.12903
7,32,-0.85639,0.39227,0.47051,29.1875
7,33,4.93441,0.0,0.0,28.30303
7,34,-1.54201,0.12382,0.17342,27.47059
7,35,2.64793,0.0084,0.01587,26.68571
7,36,0.34839,0.72772,0.78077,25.94444
7,37,1.83978,0.0665,0.10065,25.24324
7,38,0.19886,0.84247,0.87708,24.57895
7,39,-3.60242,0.00035,0.0009,23.94872
7,40,2.62184,0.00906,0.01698,23.35
7,41,-5.917,0.0,0.0,22.78049
7,42,-3.33223,0.00094,0.00216,22.2381
7,43,4.99833,0.0,0.0,21.72093
7,44,-0.19138,0.84832,0.88153,21.22727
7,45,-1.5432,0.12353,0.17311,20.75556
7,46,-1.13462,0.25718,0.32902,20.30435
7,47,0.95672,0.33926,0.41745,19.87234
7,48,3.47356,0.00057,0.00137,19.45833
7,49,-0.7911,0.42933,0.507,19.06122
7,50,-2.39145,0.01722,0.03028,18.68
7,51,2.73278,0.00654,0.01262,18.31373
7,52,-0.39187,0.69535,0.7525,17.96154
7,53,-3.67984,0.00026,0.00069,17.62264
7,54,2.41141,0.01632,0.02889,17.2963
7,55,-7.91831,0.0,0.0,16.98182
7,56,-1.99687,0.04648,0.07334,16.67857
7,57,-0.37357,0.70891,0.7647,16.38596
7,58,-6.47987,0.0,0.0,16.10345
7,59,3.60637,0.00035,0.00088,15.83051
7,60,-1.94,0.05305,0.08242,15.56667
7,61,-1.39242,0.16453,0.22249,15.31148
7,62,-3.31818,0.00098,0.00226,15.06452
7,63,-6.76929,0.0,0.0,14.8254
7,64,-2.04679,0.0413,0.06604,14.59375
7,65,0.79255,0.42849,0.50624,14.36923
7,66,0.52597,0.59919,0.66818,14.15152
7,67,7.64831,0.0,0.0,13.9403
7,68,-3.79349,0.00017,0.00046,13.73529
7,69,-4.66295,0.0,2e-05,13.53623
7,70,-0.30567,0.76,0.80736,13.34286
7,71,-6.71707,0.0,0.0,13.15493
7,72,-8.92366,0.0,0.0,12.97222
7,73,2.8287,0.0049,0.0097,12.79452
7,74,6.4404,0.0,0.0,12.62162
7,75,-1.64244,0.10124,0.14561,12.45333
7,76,2.71432,0.00691,0.01327,12.28947
7,77,-3.09656,0.00209,0.00449,12.12987
7,78,-2.83312,0.00483,0.00958,11.97436
7,79,-3.44254,0.00063,0.00152,11.82278
7,80,1.65614,0.09844,0.1421,11.675
7,81,6.09645,0.0,0.0,11.53086
7,82,7.84176,0.0,0.0,11.39024
7,83,-5.25332,0.0,0.0,11.25301
7,84,-1.96716,0.04982,0.07801,11.11905
7,85,-0.49095,0.62372,0.68937,10.98824
7,86,1.89381,0.05893,0.09058,10.86047
7,87,10.95353,0.0,0.0,10.73563
7,88,2.51929,0.01213,0.02214,10.61364
7,89,5.11052,0.0,0.0,10.49438
7,90,5.7644,0.0,0.0,10.37778
7,91,1.11117,0.26713,0.33988,10.26374
7,92,-0.10136,0.91931,0.93835,10.15217
7,93,3.61055,0.00034,0.00087,10.04301
7,94,0.36437,0.71577,0.77101,9.93617
7,95,2.04853,0.04113,0.06583,9.83158
7,96,2.15518,0.03171,0.05223,9.72917
7,97,1.05591,0.29161,0.3668,9.62887
7,98,-2.77231,0.00581,0.01131,9.53061
7,99,-4.98389,0.0,0.0,9.43434
7,100,-0.17885,0.85814,0.88888,9.34
7,101,3.70462,0.00024,0.00063,9.24752
7,102,2.4372,0.01521,0.02715,9.15686
7,103,3.14453,0.00178,0.00388,9.06796
7,104,-3.99174,8e-05,0.00023,8.98077
7,105,0.57432,0.56606,0.63883,8.89524
7,106,-0.70681,0.48008,0.55648,8.81132
7,107,-2.07506,0.03859,0.06222,8.72897
7,108,-3.56791,0.0004,0.00101,8.64815
7,109,-6.83506,0.0,0.0,8.56881
7,110,1.90934,0.0569,0.08771,8.49091
7,111,-5.02789,0.0,0.0,8.41441
7,112,-6.51131,0.0,0.0,8.33929
7,113,3.92532,0.0001,0.00029,8.26549
7,114,-1.13799,0.25577,0.32747,8.19298
7,115,-9.94821,0.0,0.0,8.12174
7,116,2.8675,0.00434,0.00871,8.05172
7,117,-8.42203,0.0,0.0,7.98291
7,118,6.08082,0.0,0.0,7.91525
7,119,1.38682,0.16623,0.22461,7.84874
7,120,0.89618,0.37067,0.44896,7.78333
7,121,-5.6923,0.0,0.0,7.71901
7,122,2.88503,0.00411,0.00829,7.65574
7,123,-3.10263,0.00205,0.00441,7.5935
7,124,-10.03583,0.0,0.0,7.53226
7,125,-0.67876,0.49766,0.57287,7.472
7,126,-8.59237,0.0,0.0,7.4127
7,127,0.15887,0.87385,0.90132,7.35433
7,128,7.43344,0.0,0.0,7.29688
7,129,3.10954,0.002,0.00432,7.24031
7,130,0.225,0.82208,0.86052,7.18462
7,131,-4.28831,2e-05,7e-05,7.12977
7,132,-0.74368,0.45748,0.53432,7.07576
7,133,4.20902,3e-05,0.0001,7.02256
7,134,1.8519,0.06474,0.09835,6.97015
7,135,-3.33078,0.00094,0.00217,6.91852
7,136,1.40028,0.16216,0.21977,6.86765
7,137,1.46565,0.14349,0.19697,6.81752
7,138,-5.1058,0.0,0.0,6.76812
7,139,2.38621,0.01746,0.03069,6.71942
7,140,1.31659,0.18869,0.25076,6.67143
7,141,0.16925,0.86568,0.89483,6.62411
7,142,-3.23102,0.00133,0.00297,6.57746
7,143,-5.02079,0.0,0.0,6.53147
7,144,-2.74636,0.00628,0.01217,6.48611
7,145,-5.9053,0.0,0.0,6.44138
7,146,1.96005,0.05065,0.07918,6.39726
7,147,-5.69436,0.0,0.0,6.35374
7,148,1.05589,0.29162,0.3668,6.31081
7,149,-6.60241,0.0,0.0,6.26846
7,150,3.4775,0.00056,0.00135,6.22667
7,151,-1.3669,0.17238,0.2318,6.18543
7,152,-9.22724,0.0,0.0,6.14474
7,153,1.98524,0.04776,0.07521,6.10458
7,154,-1.87197,0.0619,0.09456,6.06494
7,155,-1.61695,0.10664,0.15227,6.02581
7,156,2.19032,0.02905,0.04832,5.98718
7,157,-11.47713,0.0,0.0,5.94904
7,158,-1.94754,0.05213,0.08116,5.91139
7,159,1.9171,0.0559,0.08642,5.87421
7,160,-3.01363,0.00274,0.00573,5.8375
7,161,-5.4422,0.0,0.0,5.80124
7,162,-3.15014,0.00175,0.00382,5.76543
7,163,3.29855,0.00105,0.00241,5.73006
7,164,3.8108,0.00016,0.00044,5.69512
7,165,-3.43939,0.00064,0.00153,5.66061
7,166,4.90267,0.0,1e-05,5.62651
7,167,-1.81968,0.06952,0.10467,5.59281
7,168,3.1697,0.00164,0.00361,5.55952
7,169,3.94933,9e-05,0.00027,5.52663
7,170,-2.21618,0.02721,0.04562,5.49412
7,171,-10.23218,0.0,0.0,5.46199
7,172,2.77656,0.00574,0.01119,5.43023
7,173,5.56995,0.0,0.0,5.39884
7,174,-0.64916,0.51659,0.59026,5.36782
7,175,-0.14489,0.88487,0.91081,5.33714
7,176,-3.93759,0.0001,0.00028,5.30682
7,177,1.8096,0.07107,0.1069,5.27684
7,178,-0.8439,0.3992,0.47742,5.24719
7,179,-4.4408,1e-05,4e-05,5.21788
7,180,-3.943,9e-05,0.00027,5.18889
7,181,-0.00093,0.99926,0.99936,5.16022
7,182,0.01519,0.98789,0.99165,5.13187
7,183,0.38875,0.69766,0.75443,5.10383
7,184,0.69583,0.48692,0.56246,5.07609
7,185,0.22423,0.82269,0.86106,5.04865
7,186,0.00116,0.99908,0.99933,5.02151
7,187,-2.00224,0.0459,0.07254,4.99465
7,188,2.85464,0.00452,0.00903,4.96809
7,189,2.30151,0.02185,0.03767,4.9418
7,190,3.73622,0.00021,0.00057,4.91579
7,191,-1.14581,0.25252,0.32397,4.89005
7,192,-2.42077,0.01591,0.02823,4.86458
7,193,1.04461,0.2968,0.37275,4.83938
7,194,2.0031,0.04581,0.07243,4.81443
7,195,-6.08286,0.0,0.0,4.78974
7,196,6.30719,0.0,0.0,4.76531
7,197,0.54024,0.58932,0.65965,4.74112
7,198,2.64228,0.00854,0.01611,4.71717
7,199,4.56625,1e-05,2e-05,4.69347
7,200,1.24808,0.21269,0.27921,4.67
7,201,1.55814,0.11995,0.16859,4.64677
7,202,-1.54056,0.12417,0.17381,4.62376
7,203,-0.53093,0.59575,0.66499,4.60099
7,204,-8.14419,0.0,0.0,4.57843
7,205,-4.46424,1e-05,4e-05,4.5561
7,206,4.23651,3e-05,9e-05,4.53398
7,207,-0.63604,0.52509,0.59847,4.51208
7,208,-5.77888,0.0,0.0,4.49038
7,209,2.06905,0.03915,0.06306,4.4689
7,210,3.33183,0.00094,0.00216,4.44762
7,211,-3.31111,0.00101,0.00231,4.42654
7,212,-0.41046,0.68168,0.74123,4.40566
7,213,-3.93512,0.0001,0.00028,4.38498
7,214,-0.42777,0.66904,0.72955,4.36449
7,215,6.69273,0.0,0.0,4.34419
7,216,-3.31725,0.00099,0.00226,4.32407
7,217,-2.64226,0.00854,0.01611,4.30415
7,218,-1.57954,0.11496,0.16247,4.2844
7,219,-5.56602,0.0,0.0,4.26484
7,220,5.14208,0.0,0.0,4.24545
7,221,4.03007,7e-05,0.0002,4.22624
7,222,2.54711,0.01122,0.02063,4.20721
7,223,-0.23864,0.8115,0.85105,4.18834
7,224,-6.30044,0.0,0.0,4.16964
7,225,3.05369,0.0024,0.0051,4.15111
7,226,-3.38556,0.00078,0.00183,4.13274
7,227,-8.93672,0.0,0.0,4.11454
7,228,-7.62629,0.0,0.0,4.09649
7,229,-0.88888,0.37457,0.45265,4.0786
7,230,0.77951,0.43612,0.5135,4.06087
7,231,-2.95068,0.00335,0.00687,4.04329
7,232,-0.4716,0.63746,0.7013,4.02586
7,233,1.00335,0.31627,0.39293,4.00858
7,234,3.46981,0.00057,0.00139,3.99145
7,235,4.60036,1e-05,2e-05,3.97447
7,236,-0.53237,0.59475,0.6641,3.95763
7,237,0.86841,0.38566,0.46359,3.94093
7,238,9.83243,0.0,0.0,3.92437
7,239,3.17245,0.00162,0.00358,3.90795
7,240,-0.40425,0.68623,0.74489,3.89167
7,241,1.19816,0.23153,0.30072,3.87552
7,242,-8.82814,0.0,0.0,3.8595
7,243,1.13183,0.25835,0.33035,3.84362
7,244,2.27057,0.02368,0.04038,3.82787
7,245,-3.87647,0.00012,0.00035,3.81224
7,246,0.57512,0.56551,0.63851,3.79675
7,247,-0.56845,0.57003,0.64245,3.78138
7,248,-1.26421,0.20685,0.27268,3.76613
7,249,7.96432,0.0,0.0,3.751
7,250,-2.15037,0.03209,0.0528,3.736
7,251,0.2556,0.79838,0.84035,3.72112
7,252,6.51927,0.0,0.0,3.70635
7,253,2.88439,0.00412,0.0083,3.6917
7,254,8.57422,0.0,0.0,3.67717
7,255,1.83969,0.06652,0.10065,3.66275
7,256,-0.24955,0.80306,0.84396,3.64844
7,257,-2.29594,0.02217,0.03818,3.63424
7,258,8.36112,0.0,0.0,3.62016
7,259,1.16465,0.24482,0.31555,3.60618
7,260,-2.92907,0.00358,0.00731,3.59231
7,261,3.26098,0.0012,0.00271,3.57854
7,262,-1.54703,0.12261,0.17191,3.56489
7,263,-5.93721,0.0,0.0,3.55133
7,264,2.47237,0.01382,0.02487,3.53788
7,265,3.94248,9e-05,0.00027,3.52453
7,266,-3.9484,9e-05,0.00027,3.51128
7,267,-11.24057,0.0,0.0,3.49813
7,268,-1.02475,0.30607,0.38205,3.48507
7,269,2.79143,0.00549,0.01076,3.47212
7,270,2.39312,0.01714,0.03018,3.45926
7,271,2.22671,0.02649,0.04462,3.44649
7,272,4.85894,0.0,1e-05,3.43382
7,273,-8.32347,0.0,0.0,3.42125
7,274,0.08103,0.93545,0.95094,3.40876
7,275,1.75163,0.08056,0.11914,3.39636
7,276,2.36408,0.01853,0.03238,3.38406
7,277,-0.66256,0.50798,0.58221,3.37184
7,278,2.69898,0.00723,0.01385,3.35971
7,279,2.12365,0.03428,0.05597,3.34767
7,280,-4.12973,4e-05,0.00014,3.33571
7,281,-6.30355,0.0,0.0,3.32384
7,282,1.12574,0.26091,0.33307,3.31206
7,283,-4.87475,0.0,1e-05,3.30035
7,284,6.68388,0.0,0.0,3.28873
7,285,6.49993,0.0,0.0,3.27719
7,286,-1.70948,0.0881,0.12868,3.26573
7,287,-8.10746,0.0,0.0,3.25436
7,288,-2.2599,0.02434,0.04138,3.24306
7,289,-3.22279,0.00137,0.00305,3.23183
7,290,-5.10005,0.0,0.0,3.22069
7,291,-0.10239,0.91849,0.9378,3.20962
7,292,-0.71175,0.47701,0.55336,3.19863
7,293,-3.29323,0.00107,0.00245,3.18771
7,294,4.27952,2e-05,8e-05,3.17687
7,295,3.33951,0.00091,0.00211,3.1661
7,296,0.53813,0.59077,0.66076,3.15541
7,297,4.33804,2e-05,6e-05,3.14478
7,298,0.21977,0.82616,0.86325,3.13423
7,299,-2.16549,0.03091,0.05111,3.12375
7,300,-5.1992,0.0,0.0,3.11333
7,301,-7.82243,0.0,0.0,3.10299
7,302,5.76988,0.0,0.0,3.09272
7,303,3.30996,0.00101,0.00232,3.08251
7,304,5.63328,0.0,0.0,3.07237
7,305,2.21959,0.02698,0.04529,3.0623
7,306,-3.95852,9e-05,0.00026,3.05229
7,307,1.49937,0.13453,0.1862,3.04235
7,308,2.55852,0.01086,0.02002,3.03247
7,309,-0.90218,0.36748,0.44585,3.02265
7,310,-1.40445,0.16092,0.2182,3.0129
7,311,-0.52556,0.59947,0.66833,3.00322
7,312,0.1066,0.91515,0.93517,2.99359
7,313,-3.68805,0.00026,0.00067,2.98403
7,314,-2.02636,0.04336,0.069,2.97452
7,315,8.17571,0.0,0.0,2.96508
7,316,3.04402,0.00248,0.00525,2.9557
7,317,0.11857,0.90567,0.92764,2.94637
7,318,-1.18596,0.23631,0.30603,2.93711
7,319,0.32243,0.74729,0.79698,2.9279
7,320,2.45709,0.01441,0.02583,2.91875
7,321,1.22711,0.22047,0.28817,2.90966
7,322,-0.64525,0.51912,0.59288,2.90062
7,323,7.28935,0.0,0.0,2.89164
7,324,-0.24705,0.80499,0.84528,2.88272
7,325,-0.8238,0.41052,0.48864,2.87385
7,326,1.52536,0.12792,0.17823,2.86503
7,327,-2.68956,0.00744,0.01422,2.85627
7,328,-5.43834,0.0,0.0,2.84756
7,329,2.04781,0.0412,0.0659,2.83891
7,330,1.32471,0.18598,0.24753,2.8303
7,331,-2.32292,0.02066,0.03581,2.82175
7,332,3.35726,0.00086,0.002,2.81325
7,333,-5.44693,0.0,0.0,2.8048
7,334,-0.7062,0.48045,0.5567,2.79641
7,335,-5.42021,0.0,0.0,2.78806
7,336,2.11858,0.03471,0.05657,2.77976
7,337,-1.72117,0.08595,0.12597,2.77151
7,338,4.2134,3e-05,0.0001,2.76331
7,339,-8.76777,0.0,0.0,2.75516
7,340,-2.68711,0.00749,0.01431,2.74706
7,341,0.2241,0.82279,0.86108,2.739
7,342,-3.6642,0.00028,0.00073,2.73099
7,343,3.10807,0.00201,0.00434,2.72303
7,344,-3.92234,0.0001,0.00029,2.71512
7,345,-1.43672,0.15154,0.20685,2.70725
7,346,-0.74489,0.45675,0.53371,2.69942
7,347,-4.01659,7e-05,0.00021,2.69164
7,348,0.44594,0.65587,0.718,2.68391
7,349,-0.32938,0.74203,0.79324,2.67622
7,350,7.96754,0.0,0.0,2.66857
7,351,2.96934,0.00315,0.00652,2.66097
7,352,1.49475,0.13573,0.18762,2.65341
7,353,-1.71807,0.08652,0.12663,2.64589
7,354,-3.03278,0.00257,0.00542,2.63842
7,355,2.49051,0.01314,0.02378,2.63099
7,356,-0.34422,0.73085,0.78321,2.6236
7,357,-0.39915,0.68999,0.74791,2.61625
7,358,2.01588,0.04445,0.07053,2.60894
7,359,-2.06559,0.03948,0.06351,2.60167
7,360,-1.85365,0.06449,0.09801,2.59444
7,361,7.05608,0.0,0.0,2.58726
7,362,4.96543,0.0,0.0,2.58011
7,363,-0.56167,0.57464,0.64677,2.573
7,364,-3.27076,0.00116,0.00263,2.56593
7,365,-3.4589,0.0006,0.00144,2.5589
7,366,-3.89707,0.00011,0.00032,2.55191
7,367,3.74412,0.00021,0.00055,2.54496
7,368,3.78445,0.00018,0.00048,2.53804
7,369,2.4558,0.01446,0.02591,2.53117
7,370,4.1928,3e-05,0.00011,2.52432
7,371,3.23728,0.0013,0.00292,2.51752
7,372,2.24089,0.02555,0.0432,2.51075
7,373,-3.06035,0.00235,0.00501,2.50402
7,374,6.27043,0.0,0.0,2.49733
7,375,-0.35758,0.72083,0.77497,2.49067
7,376,-4.3958,1e-05,5e-05,2.48404
7,377,3.45072,0.00062,0.00148,2.47745
7,378,1.56516,0.1183,0.16668,2.4709
7,379,1.61332,0.10742,0.1532,2.46438
7,380,-0.41003,0.68199,0.74149,2.45789
7,381,-0.79014,0.42989,0.50748,2.45144
7,382,-5.21816,0.0,0.0,2.44503
7,383,-0.79533,0.42687,0.50491,2.43864
7,384,4.5303,1e-05,3e-05,2.43229
7,385,-2.90929,0.00381,0.00774,2.42597
7,386,1.96436,0.05014,0.07848,2.41969
7,387,4.63082,0.0,2e-05,2.41344
7,388,0.8552,0.39292,0.47118,2.40722
7,389,-1.54456,0.1232,0.17272,2.40103
7,390,-0.91878,0.35874,0.43742,2.39487
7,391,-1.11821,0.26411,0.33664,2.38875
7,392,3.04293,0.00249,0.00526,2.38265
7,393,-3.21803,0.00139,0.0031,2.37659
7,394,2.41424,0.01619,0.0287,2.37056
7,395,3.62588,0.00032,0.00083,2.36456
7,396,4.10676,5e-05,0.00015,2.35859
7,397,5.42004,0.0,0.0,2.35264
7,398,1.41378,0.15816,0.21473,2.34673
7,399,-4.90132,0.0,1e-05,2.34085
7,400,-1.10212,0.27104,0.34402,2.335
7,401,-0.21792,0.8276,0.86467,2.32918
7,402,-3.53413,0.00045,0.00113,2.32338
7,403,0.64243,0.52094,0.59455,2.31762
7,404,-0.56012,0.5757,0.64767,2.31188
7,405,-4.48256,1e-05,3e-05,2.30617
7,406,-7.31996,0.0,0.0,2.30049
7,407,4.10598,5e-05,0.00015,2.29484
7,408,4.42598,1e-05,4e-05,2.28922
7,409,-1.86953,0.06224,0.09499,2.28362
7,410,2.70186,0.00717,0.01374,2.27805
7,411,-3.37462,0.00081,0.00189,2.27251
7,412,4.19324,3e-05,0.00011,2.26699
7,413,-0.88884,0.37459,0.45265,2.2615
7,414,-2.91647,0.00373,0.00758,2.25604
7,415,-6.0974,0.0,0.0,2.2506
7,416,5.62058,0.0,0.0,2.24519
7,417,-5.34667,0.0,0.0,2.23981
7,418,-4.11459,5e-05,0.00014,2.23445
7,419,-5.33002,0.0,0.0,2.22912
7,420,1.98112,0.04823,0.07588,2.22381
7,421,1.1474,0.25187,0.32334,2.21853
7,422,1.64383,0.10096,0.14528,2.21327
7,423,2.23751,0.02577,0.0435,2.20804
7,424,0.50276,0.6154,0.68259,2.20283
7,425,2.5449,0.01129,0.02075,2.19765
7,426,-2.08894,0.03731,0.06035,2.19249
7,427,-5.36566,0.0,0.0,2.18735
7,428,-3.60673,0.00035,0.00088,2.18224
7,429,-7.23971,0.0,0.0,2.17716
7,430,-1.96832,0.04969,0.07786,2.17209
7,431,1.79263,0.07375,0.11038,2.16705
7,432,-4.54316,1e-05,3e-05,2.16204
7,433,7.76718,0.0,0.0,2.15704
7,434,0.83863,0.40215,0.48052,2.15207
7,435,-2.20432,0.02804,0.04683,2.14713
7,436,-0.97171,0.33175,0.409,2.1422
7,437,-0.51836,0.60448,0.67279,2.1373
7,438,1.67412,0.09485,0.13744,2.13242
7,439,-0.55393,0.57992,0.65139,2.12756
7,440,2.16582,0.03088,0.05108,2.12273
7,441,-0.66087,0.50906,0.58326,2.11791
7,442,-1.49878,0.13468,0.18638,2.11312
7,443,-2.4251,0.01572,0.02792,2.10835
7,444,-2.38248,0.01764,0.03096,2.1036
7,445,-4.30065,2e-05,7e-05,2.09888
7,446,8.08792,0.0,0.0,2.09417
7,447,-1.33109,0.18388,0.24518,2.08949
7,448,2.42745,0.01562,0.02777,2.08482
7,449,-1.2541,0.2105,0.2768,2.08018
7,450,0.13995,0.88877,0.91383,2.07556
7,451,-3.79764,0.00017,0.00046,2.07095
7,452,-1.89426,0.05887,0.09053,2.06637
7,453,2.22318,0.02673,0.04493,2.06181
7,454,1.39934,0.16245,0.22001,2.05727
7,455,-2.89284,0.00402,0.0081,2.05275
7,456,-4.23012,3e-05,9e-05,2.04825
7,457,-1.12251,0.26228,0.33465,2.04376
7,458,0.72693,0.46767,0.54444,2.0393
7,459,-2.93992,0.00346,0.00708,2.03486
7,460,-0.02924,0.97669,0.98248,2.03043
7,461,1.22966,0.21951,0.2871,2.02603
7,462,-1.62559,0.10478,0.15005,2.02165
7,463,6.42959,0.0,0.0,2.01728
7,464,0.76061,0.44731,0.52428,2.01293
7,465,-5.73014,0.0,0.0,2.0086
7,466,1.79408,0.07352,0.11008,2.00429
7,467,-0.72503,0.46883,0.5456,2.0
8,1,0.83012,0.40694,0.48514,706.0
8,2,3.55371,0.00042,0.00105,353.0
8,3,0.07668,0.93892,0.95407,235.33333
8,4,0.63121,0.52824,0.60138,176.5
8,5,-1.22402,0.22163,0.28946,141.2
8,6,-0.30408,0.76122,0.8084,117.66667
8,7,-2.24176,0.0255,0.04313,100.85714
8,8,2.27268,0.02355,0.0402,88.25
8,9,1.11434,0.26577,0.33849,78.44444
8,10,4.71126,0.0,1e-05,70.6
8,11,-0.36008,0.71897,0.77371,64.18182
8,12,1.63063,0.10371,0.14867,58.83333
8,13,4.68911,0.0,1e-05,54.30769
8,14,3.22709,0.00135,0.00301,50.42857
8,15,-9.05292,0.0,0.0,47.06667
8,16,-9.18356,0.0,0.0,44.125
8,17,4.3824,1e-05,5e-05,41.52941
8,18,-4.95262,0.0,0.0,39.22222
8,19,-1.58068,0.1147,0.16213,37.15789
8,20,2.7089,0.00703,0.01347,35.3
8,21,-7.76897,0.0,0.0,33.61905
8,22,-0.97512,0.33006,0.40717,32.09091
8,23,1.63314,0.10319,0.14802,30.69565
8,24,3.02475,0.00264,0.00555,29.41667
8,25,-4.40729,1e-05,5e-05,28.24
8,26,-2.00551,0.04555,0.07207,27.15385
8,27,-2.5155,0.01226,0.02234,26.14815
8,28,-6.3657,0.0,0.0,25.21429
8,29,3.65871,0.00029,0.00074,24.34483
8,30,2.50136,0.01275,0.02313,23.53333
8,31,-5.13788,0.0,0.0,22.77419
8,32,7.05898,0.0,0.0,22.0625
8,33,-0.5554,0.57892,0.65056,21.39394
8,34,-1.83898,0.06662,0.1008,20.76471
8,35,-6.97773,0.0,0.0,20.17143
8,36,2.80293,0.0053,0.01041,19.61111
8,37,3.15066,0.00175,0.00381,19.08108
8,38,-0.68994,0.49061,0.56614,18.57895
8,39,6.38335,0.0,0.0,18.10256
8,40,1.89147,0.05925,0.091,17.65
8,41,-1.16365,0.24522,0.31597,17.21951
8,42,7.79598,0.0,0.0,16.80952
8,43,0.65817,0.51079,0.5849,16.4186
8,44,7.56273,0.0,0.0,16.04545
8,45,-1.61767,0.10648,0.15209,15.68889
8,46,-3.04255,0.00249,0.00527,15.34783
8,47,-2.9712,0.00314,0.00649,15.02128
8,48,-7.45911,0.0,0.0,14.70833
8,49,-0.97312,0.33105,0.40829,14.40816
8,50,-0.49678,0.61961,0.68573,14.12
8,51,0.72917,0.4663,0.54316,13.84314
8,52,0.78713,0.43165,0.50889,13.57692
8,53,4.5806,1e-05,2e-05,13.32075
8,54,0.85424,0.39345,0.47165,13.07407
8,55,0.06603,0.94738,0.95985,12.83636
8,56,0.64143,0.52159,0.59516,12.60714
8,57,1.39199,0.16466,0.22261,12.38596
8,58,4.44831,1e-05,4e-05,12.17241
8,59,0.12279,0.90233,0.92489,11.9661
8,60,-4.17008,4e-05,0.00012,11.76667
8,61,2.47922,0.01356,0.02444,11.57377
8,62,0.70516,0.4811,0.55715,11.3871
8,63,-2.68619,0.00751,0.01434,11.20635
8,64,-3.00858,0.00278,0.00582,11.03125
8,65,-1.80908,0.07115,0.107,10.86154
8,66,-4.4632,1e-05,4e-05,10.69697
8,67,-4.99681,0.0,0.0,10.53731
8,68,-0.95076,0.34227,0.42067,10.38235
8,69,-1.77496,0.07662,0.11412,10.23188
8,70,-2.80445,0.00527,0.01037,10.08571
8,71,-1.69122,0.09153,0.13314,9.94366
8,72,-5.15475,0.0,0.0,9.80556
8,73,-7.39575,0.0,0.0,9.67123
8,74,0.38678,0.69912,0.75551,9.54054
8,75,-2.28495,0.02281,0.03917,9.41333
8,76,-0.49568,0.62038,0.68645,9.28947
8,77,-4.76149,0.0,1e-05,9.16883
8,78,2.12667,0.03403,0.05562,9.05128
8,79,-0.85389,0.39365,0.47177,8.93671
8,80,-1.34067,0.18075,0.24149,8.825
8,81,-8.51888,0.0,0.0,8.71605
8,82,0.05926,0.95277,0.96424,8.60976
8,83,0.54546,0.58572,0.65629,8.50602
8,84,-4.43614,1e-05,4e-05,8.40476
8,85,2.63145,0.00881,0.01656,8.30588
8,86,4.07089,6e-05,0.00017,8.2093
8,87,-1.22604,0.22087,0.28858,8.11494
8,88,1.84917,0.06513,0.09889,8.02273
8,89,2.1262,0.03407,0.05568,7.93258
8,90,2.65016,0.00835,0.01577,7.84444
8,91,-1.86383,0.06304,0.09599,7.75824
8,92,-1.32508,0.18586,0.24746,7.67391
8,93,-3.47347,0.00057,0.00137,7.5914
8,94,3.86166,0.00013,0.00037,7.51064
8,95,3.49091,0.00053,0.0013,7.43158
8,96,6.16649,0.0,0.0,7.35417
8,97,-3.45025,0.00062,0.00148,7.27835
8,98,-2.53312,0.01167,0.02139,7.20408
8,99,0.11221,0.91071,0.93156,7.13131
8,100,-4.00258,7e-05,0.00022,7.06
8,101,-0.51314,0.60812,0.67602,6.9901
8,102,-6.45396,0.0,0.0,6.92157
8,103,-0.73084,0.46528,0.54216,6.85437
8,104,1.70868,0.08825,0.12882,6.78846
8,105,-2.68674,0.0075,0.01432,6.72381
8,106,-0.79612,0.42641,0.50456,6.66038
8,107,0.56909,0.5696,0.64227,6.59813
8,108,-1.17015,0.2426,0.31317,6.53704
8,109,-5.28077,0.0,0.0,6.47706
8,110,7.49045,0.0,0.0,6.41818
8,111,-3.81523,0.00016,0.00043,6.36036
8,112,0.00912,0.99273,0.99501,6.30357
8,113,-0.51078,0.60977,0.67747,6.24779
8,114,-4.67777,0.0,1e-05,6.19298
8,115,-5.02265,0.0,0.0,6.13913
8,116,3.08667,0.00216,0.00463,6.08621
8,117,3.23975,0.00129,0.00289,6.03419
8,118,6.11086,0.0,0.0,5.98305
8,119,-0.28962,0.77225,0.81803,5.93277
8,120,-1.28966,0.19788,0.26168,5.88333
8,121,-0.70203,0.48305,0.55902,5.83471
8,122,-1.64998,0.09969,0.14362,5.78689
8,123,3.17174,0.00163,0.00359,5.73984
8,124,-3.52018,0.00048,0.00118,5.69355
8,125,1.41029,0.15919,0.21603,5.648
8,126,-1.58459,0.11381,0.16109,5.60317
8,127,0.98322,0.32606,0.40323,5.55906
8,128,2.59205,0.00987,0.01834,5.51562
8,129,5.28837,0.0,0.0,5.47287
8,130,-2.19217,0.02891,0.04811,5.43077
8,131,10.60577,0.0,0.0,5.38931
8,132,3.21534,0.0014,0.00312,5.34848
8,133,0.21332,0.83118,0.86732,5.30827
8,134,3.48221,0.00055,0.00133,5.26866
8,135,-4.72901,0.0,1e-05,5.22963
8,136,-3.25057,0.00124,0.0028,5.19118
8,137,10.41486,0.0,0.0,5.15328
8,138,4.54457,1e-05,3e-05,5.11594
8,139,6.41809,0.0,0.0,5.07914
8,140,7.38586,0.0,0.0,5.04286
8,141,-2.56198,0.01075,0.01984,5.00709
8,142,3.97036,8e-05,0.00025,4.97183
8,143,1.92603,0.05477,0.08486,4.93706
8,144,0.31428,0.75346,0.80186,4.90278
8,145,3.1726,0.00162,0.00358,4.86897
8,146,-0.16043,0.87262,0.90033,4.83562
8,147,6.08809,0.0,0.0,4.80272
8,148,-1.06861,0.28586,0.36059,4.77027
8,149,-5.00571,0.0,0.0,4.73826
8,150,-5.19435,0.0,0.0,4.70667
8,151,-5.40614,0.0,0.0,4.6755
8,152,-0.84674,0.39762,0.47595,4.64474
8,153,-1.72329,0.08557,0.12556,4.61438
8,154,8.05432,0.0,0.0,4.58442
8,155,-3.72226,0.00022,0.00059,4.55484
8,156,-4.03504,6e-05,0.00019,4.52564
8,157,-0.40385,0.68653,0.74505,4.49682
8,158,-1.76939,0.07755,0.11531,4.46835
8,159,-1.38501,0.16678,0.22523,4.44025
8,160,1.07216,0.28426,0.35889,4.4125
8,161,-4.45459,1e-05,4e-05,4.38509
8,162,2.04781,0.0412,0.0659,4.35802
8,163,-3.12139,0.00192,0.00417,4.33129
8,164,3.49665,0.00052,0.00127,4.30488
8,165,2.96204,0.00323,0.00665,4.27879
8,166,2.99977,0.00286,0.00597,4.25301
8,167,-9.37985,0.0,0.0,4.22754
8,168,3.14732,0.00176,0.00385,4.20238
8,169,5.2207,0.0,0.0,4.17751
8,170,-0.57978,0.56237,0.63532,4.15294
8,171,3.23084,0.00133,0.00297,4.12865
8,172,3.41583,0.0007,0.00165,4.10465
8,173,5.41534,0.0,0.0,4.08092
8,174,1.92604,0.05477,0.08486,4.05747
8,175,2.21383,0.02737,0.04585,4.03429
8,176,-2.41608,0.01611,0.02857,4.01136
8,177,5.43102,0.0,0.0,3.9887
8,178,1.78195,0.07548,0.11263,3.96629
8,179,-6.12,0.0,0.0,3.94413
8,180,-4.615,1e-05,2e-05,3.92222
8,181,-3.79649,0.00017,0.00046,3.90055
8,182,-7.92872,0.0,0.0,3.87912
8,183,-3.42203,0.00068,0.00162,3.85792
8,184,-6.40414,0.0,0.0,3.83696
8,185,4.25454,3e-05,8e-05,3.81622
8,186,-0.07057,0.94377,0.95775,3.7957
8,187,4.13996,4e-05,0.00013,3.7754
8,188,1.52374,0.12832,0.17862,3.75532
8,189,-0.67416,0.50058,0.57558,3.73545
8,190,-2.90692,0.00384,0.00779,3.71579
8,191,2.76585,0.00593,0.01151,3.69634
8,192,5.16902,0.0,0.0,3.67708
8,193,-0.56603,0.57167,0.64379,3.65803
8,194,4.0244,7e-05,0.0002,3.63918
8,195,-5.34655,0.0,0.0,3.62051
8,196,-1.25391,0.21057,0.27682,3.60204
8,197,-0.72458,0.46911,0.5458,3.58376
8,198,-4.04327,6e-05,0.00019,3.56566
8,199,0.39253,0.69486,0.75206,3.54774
8,200,-2.63003,0.00885,0.01662,3.53
8,201,1.95501,0.05124,0.07993,3.51244
8,202,1.8921,0.05916,0.09089,3.49505
8,203,5.46691,0.0,0.0,3.47783
8,204,3.3334,0.00093,0.00215,3.46078
8,205,-5.79642,0.0,0.0,3.4439
8,206,2.10472,0.03591,0.05824,3.42718
8,207,4.36991,2e-05,5e-05,3.41063
8,208,-1.62245,0.10545,0.1508,3.39423
8,209,4.28114,2e-05,7e-05,3.37799
8,210,5.48829,0.0,0.0,3.3619
8,211,2.67681,0.00772,0.01471,3.34597
8,212,2.28282,0.02294,0.03931,3.33019
8,213,4.71341,0.0,1e-05,3.31455
8,214,7.34437,0.0,0.0,3.29907
8,215,-4.06234,6e-05,0.00018,3.28372
8,216,0.44254,0.65833,0.72007,3.26852
8,217,1.36151,0.17408,0.23367,3.25346
8,218,2.12962,0.03378,0.05527,3.23853
8,219,7.62024,0.0,0.0,3.22374
8,220,-5.91742,0.0,0.0,3.20909
8,221,0.00116,0.99908,0.99933,3.19457
8,222,0.79519,0.42695,0.50491,3.18018
8,223,-5.33157,0.0,0.0,3.16592
8,224,-5.87249,0.0,0.0,3.15179
8,225,2.22528,0.02659,0.04473,3.13778
8,226,-2.58855,0.00997,0.01851,3.12389
8,227,-2.20372,0.02808,0.04689,3.11013
8,228,5.63551,0.0,0.0,3.09649
8,229,-1.60088,0.11015,0.15638,3.08297
8,230,-2.29064,0.02248,0.03865,3.06957
8,231,-2.86912,0.00432,0.00867,3.05628
8,232,1.07097,0.2848,0.35948,3.0431
8,233,4.24787,3e-05,9e-05,3.03004
8,234,-0.48429,0.62843,0.69373,3.01709
8,235,-0.62684,0.5311,0.60436,3.00426
8,236,-2.39504,0.01705,0.03003,2.99153
8,237,2.86684,0.00435,0.00873,2.9789
8,238,-2.60304,0.00957,0.01784,2.96639
8,239,-0.53413,0.59353,0.66304,2.95397
8,240,-6.29459,0.0,0.0,2.94167
8,241,-2.56235,0.01074,0.01983,2.92946
8,242,-3.54146,0.00044,0.0011,2.91736
8,243,-7.46602,0.0,0.0,2.90535
8,244,3.25184,0.00124,0.00279,2.89344
8,245,0.74878,0.45441,0.53143,2.88163
8,246,3.43606,0.00065,0.00155,2.86992
8,247,-2.60327,0.00956,0.01783,2.8583
8,248,3.27585,0.00114,0.00259,2.84677
8,249,0.02628,0.97905,0.98426,2.83534
8,250,-4.96604,0.0,0.0,2.824
8,251,-5.24903,0.0,0.0,2.81275
8,252,-3.66969,0.00027,0.00071,2.80159
8,253,-2.82633,0.00493,0.00976,2.79051
8,254,-4.60454,1e-05,2e-05,2.77953
8,255,7.37976,0.0,0.0,2.76863
8,256,5.41355,0.0,0.0,2.75781
8,257,-5.15753,0.0,0.0,2.74708
8,258,-0.27121,0.78636,0.83008,2.73643
8,259,-0.67045,0.50294,0.57803,2.72587
8,260,1.67128,0.09541,0.13815,2.71538
8,261,-4.6498,0.0,2e-05,2.70498
8,262,0.70428,0.48165,0.55766,2.69466
8,263,-6.86723,0.0,0.0,2.68441
8,264,0.54145,0.58848,0.65901,2.67424
8,265,-6.21266,0.0,0.0,2.66415
8,266,0.95879,0.33821,0.41635,2.65414
8,267,-7.03437,0.0,0.0,2.64419
8,268,6.84555,0.0,0.0,2.63433
8,269,1.51,0.13179,0.18282,2.62454
8,270,-1.14938,0.25105,0.32254,2.61481
8,271,3.93549,0.0001,0.00028,2.60517
8,272,-2.71482,0.0069,0.01325,2.59559
8,273,9.00552,0.0,0.0,2.58608
8,274,-2.45579,0.01446,0.02591,2.57664
8,275,-5.45217,0.0,0.0,2.56727
8,276,-0.77345,0.43969,0.51704,2.55797
8,277,0.18723,0.85157,0.88362,2.54874
8,278,-5.41,0.0,0.0,2.53957
8,279,-1.52385,0.1283,0.17861,2.53047
8,280,0.76108,0.44703,0.52401,2.52143
8,281,-6.00477,0.0,0.0,2.51246
8,282,3.42889,0.00067,0.00159,2.50355
8,283,1.82477,0.06874,0.10365,2.4947
8,284,-2.19521,0.02869,0.04779,2.48592
8,285,-1.47062,0.14214,0.19536,2.47719
8,286,-5.50256,0.0,0.0,2.46853
8,287,-10.96845,0.0,0.0,2.45993
8,288,-3.01248,0.00275,0.00575,2.45139
8,289,-3.96786,9e-05,0.00025,2.44291
8,290,1.25776,0.20917,0.27535,2.43448
8,291,-1.90268,0.05776,0.08895,2.42612
8,292,-2.10235,0.03611,0.05853,2.41781
8,293,1.58097,0.11463,0.16209,2.40956
8,294,3.53323,0.00046,0.00113,2.40136
8,295,0.79393,0.42768,0.50563,2.39322
8,296,-7.70293,0.0,0.0,2.38514
8,297,0.22234,0.82416,0.86182,2.3771
8,298,1.53241,0.12617,0.17622,2.36913
8,299,6.25925,0.0,0.0,2.3612
8,300,1.61189,0.10773,0.15357,2.35333
8,301,3.45692,0.0006,0.00145,2.34551
8,302,-2.01424,0.04462,0.07075,2.33775
8,303,0.33756,0.73586,0.78765,2.33003
8,304,1.60893,0.10838,0.15436,2.32237
8,305,-2.43595,0.01527,0.02723,2.31475
8,306,7.37258,0.0,0.0,2.30719
8,307,2.99564,0.0029,0.00603,2.29967
8,308,-0.5847,0.55906,0.6323,2.29221
8,309,-2.64456,0.00848,0.01602,2.28479
8,310,0.73072,0.46535,0.54218,2.27742
8,311,-2.81399,0.00512,0.0101,2.2701
8,312,-0.07435,0.94077,0.95557,2.26282
8,313,2.21662,0.02718,0.04558,2.25559
8,314,-0.4654,0.64188,0.70509,2.24841
8,315,4.45226,1e-05,4e-05,2.24127
8,316,0.31873,0.75009,0.79886,2.23418
8,317,-2.84876,0.0046,0.00918,2.22713
8,318,3.16234,0.00168,0.00369,2.22013
8,319,-0.78161,0.43488,0.51228,2.21317
8,320,2.25097,0.0249,0.04222,2.20625
8,321,0.9049,0.36603,0.44442,2.19938
8,322,-3.85566,0.00013,0.00037,2.19255
8,323,8.71188,0.0,0.0,2.18576
8,324,6.30944,0.0,0.0,2.17901
8,325,3.05944,0.00236,0.00502,2.17231
8,326,2.73352,0.00653,0.0126,2.16564
8,327,1.52572,0.12783,0.17814,2.15902
8,328,-0.29903,0.76506,0.81162,2.15244
8,329,-1.65425,0.09882,0.14257,2.1459
8,330,1.76417,0.07843,0.11649,2.13939
8,331,1.50811,0.13227,0.18339,2.13293
8,332,0.14101,0.88793,0.91331,2.12651
8,333,-3.53749,0.00045,0.00111,2.12012
8,334,-4.50813,1e-05,3e-05,2.11377
8,335,-0.9389,0.34832,0.427,2.10746
8,336,-5.46977,0.0,0.0,2.10119
8,337,0.33443,0.73822,0.78984,2.09496
8,338,-4.67993,0.0,1e-05,2.08876
8,339,-0.8854,0.37644,0.45447,2.0826
8,340,3.63723,0.00031,0.0008,2.07647
8,341,-6.05124,0.0,0.0,2.07038
8,342,3.36148,0.00085,0.00197,2.06433
8,343,2.95535,0.0033,0.00678,2.05831
8,344,4.76625,0.0,1e-05,2.05233
8,345,-4.32164,2e-05,6e-05,2.04638
8,346,3.25934,0.00121,0.00272,2.04046
8,347,1.16581,0.24435,0.31506,2.03458
8,348,-3.85657,0.00013,0.00037,2.02874
8,349,4.73012,0.0,1e-05,2.02292
8,350,-1.43229,0.1528,0.20827,2.01714
8,351,1.47889,0.13992,0.19262,2.0114
8,352,3.91254,0.00011,0.0003,2.00568
8,353,-6.47259,0.0,0.0,2.0
9,1,0.90824,0.36427,0.44292,775.0
9,2,-0.22193,0.82448,0.86204,387.5
9,3,5.19873,0.0,0.0,258.33333
9,4,-0.31272,0.75465,0.80304,193.75
9,5,-1.5441,0.12331,0.17283,155.0
9,6,-6.66305,0.0,0.0,129.16667
9,7,-1.44295,0.14978,0.20467,110.71429
9,8,-0.70842,0.47907,0.55545,96.875
9,9,-2.59236,0.00986,0.01833,86.11111
9,10,2.31924,0.02086,0.03613,77.5
9,11,-5.99908,0.0,0.0,70.45455
9,12,7.23664,0.0,0.0,64.58333
9,13,3.04195,0.0025,0.00528,59.61538
9,14,-0.06774,0.94603,0.9592,55.35714
9,15,1.65553,0.09856,0.14226,51.66667
9,16,2.24638,0.0252,0.04268,48.4375
9,17,5.49387,0.0,0.0,45.58824
9,18,1.93377,0.05381,0.08347,43.05556
9,19,1.2433,0.21445,0.28122,40.78947
9,20,1.93642,0.05348,0.08304,38.75
9,21,-4.57751,1e-05,2e-05,36.90476
9,22,2.00375,0.04574,0.07234,35.22727
9,23,2.40004,0.01683,0.02967,33.69565
9,24,-1.1815,0.23807,0.30812,32.29167
9,25,0.20087,0.84089,0.87572,31.0
9,26,-0.40724,0.68404,0.74307,29.80769
9,27,2.99137,0.00294,0.00611,28.7037
9,28,4.23889,3e-05,9e-05,27.67857
9,29,1.64797,0.1001,0.14411,26.72414
9,30,-5.66383,0.0,0.0,25.83333
9,31,3.12946,0.00187,0.00407,25.0
9,32,3.60838,0.00035,0.00088,24.21875
9,33,-7.98601,0.0,0.0,23.48485
9,34,0.78271,0.43424,0.51158,22.79412
9,35,-5.72668,0.0,0.0,22.14286
9,36,-0.01881,0.985,0.98915,21.52778
9,37,7.60342,0.0,0.0,20.94595
9,38,-10.14458,0.0,0.0,20.39474
9,39,-4.07891,5e-05,0.00016,19.87179
9,40,-6.60803,0.0,0.0,19.375
9,41,-0.50474,0.614,0.68126,18.90244
9,42,-2.85116,0.00457,0.00912,18.45238
9,43,-1.34937,0.17794,0.23809,18.02326
9,44,3.44862,0.00062,0.00149,17.61364
9,45,1.11189,0.26682,0.33961,17.22222
9,46,-2.00912,0.04516,0.07153,16.84783
9,47,2.5175,0.01219,0.02224,16.48936
9,48,5.93126,0.0,0.0,16.14583
9,49,5.73858,0.0,0.0,15.81633
9,50,-7.68079,0.0,0.0,15.5
9,51,4.58544,1e-05,2e-05,15.19608
9,52,0.15162,0.87956,0.90609,14.90385
9,53,-6.98625,0.0,0.0,14.62264
9,54,-3.02517,0.00264,0.00555,14.35185
9,55,-0.40202,0.68787,0.7461,14.09091
9,56,-3.75489,0.0002,0.00053,13.83929
9,57,6.7277,0.0,0.0,13.59649
9,58,10.63608,0.0,0.0,13.36207
9,59,-3.81436,0.00016,0.00043,13.13559
9,60,8.00057,0.0,0.0,12.91667
9,61,-4.67752,0.0,1e-05,12.70492
9,62,-1.2464,0.21331,0.27991,12.5
9,63,1.37424,0.1701,0.22918,12.30159
9,64,-5.68494,0.0,0.0,12.10938
9,65,7.15095,0.0,0.0,11.92308
9,66,-5.31785,0.0,0.0,11.74242
9,67,-4.98384,0.0,0.0,11.56716
9,68,-3.55313,0.00042,0.00106,11.39706
9,69,5.06406,0.0,0.0,11.23188
9,70,2.46378,0.01415,0.02539,11.07143
9,71,-1.55849,0.11987,0.16852,10.91549
9,72,-9.07976,0.0,0.0,10.76389
9,73,-8.23929,0.0,0.0,10.61644
9,74,1.79564,0.07327,0.10974,10.47297
9,75,-3.697,0.00025,0.00065,10.33333
9,76,1.86318,0.06313,0.09611,10.19737
9,77,5.93876,0.0,0.0,10.06494
9,78,-6.17907,0.0,0.0,9.9359
9,79,-0.24717,0.80489,0.84527,9.81013
9,80,2.40681,0.01652,0.02921,9.6875
9,81,-0.87891,0.37995,0.45799,9.5679
9,82,2.1947,0.02873,0.04784,9.45122
9,83,-3.10785,0.00201,0.00434,9.33735
9,84,1.46605,0.14338,0.19688,9.22619
9,85,-5.70115,0.0,0.0,9.11765
9,86,0.70165,0.48329,0.55923,9.01163
9,87,-0.47401,0.63574,0.70003,8.90805
9,88,0.52589,0.59924,0.66818,8.80682
9,89,3.01791,0.0027,0.00566,8.70787
9,90,6.02426,0.0,0.0,8.61111
9,91,-1.45953,0.14516,0.19908,8.51648
9,92,4.12443,4e-05,0.00014,8.42391
9,93,-0.06266,0.95007,0.96219,8.33333
9,94,3.00517,0.00281,0.00587,8.24468
9,95,-5.22048,0.0,0.0,8.15789
9,96,-3.89803,0.00011,0.00032,8.07292
9,97,2.61361,0.00928,0.01735,7.98969
9,98,-2.22655,0.0265,0.04462,7.90816
9,99,-3.26213,0.0012,0.0027,7.82828
9,100,0.12538,0.90028,0.92307,7.75
9,101,-5.63825,0.0,0.0,7.67327
9,102,2.26031,0.02431,0.04135,7.59804
9,103,4.35025,2e-05,6e-05,7.52427
9,104,3.02014,0.00268,0.00563,7.45192
9,105,-4.16946,4e-05,0.00012,7.38095
9,106,5.83355,0.0,0.0,7.31132
9,107,1.45767,0.14568,0.19967,7.24299
9,108,-4.6617,0.0,2e-05,7.17593
9,109,-4.67377,0.0,2e-05,7.11009
9,110,5.19884,0.0,0.0,7.04545
9,111,2.6187,0.00914,0.01712,6.98198
9,112,1.14441,0.2531,0.32456,6.91964
9,113,-4.63874,0.0,2e-05,6.85841
9,114,0.64318,0.52046,0.59419,6.79825
9,115,1.25259,0.21105,0.27731,6.73913
9,116,-5.73931,0.0,0.0,6.68103
9,117,2.21415,0.02735,0.04583,6.62393
9,118,3.60544,0.00035,0.00089,6.5678
9,119,2.07484,0.03861,0.06224,6.51261
9,120,1.74635,0.08148,0.12038,6.45833
9,121,0.41087,0.68138,0.74107,6.40496
9,122,0.98674,0.32434,0.40129,6.35246
9,123,1.76853,0.0777,0.11548,6.30081
9,124,-0.28279,0.77748,0.8227,6.25
9,125,5.86625,0.0,0.0,6.2
9,126,0.2501,0.80263,0.8436,6.15079
9,127,-2.82846,0.0049,0.0097,6.10236
9,128,6.96651,0.0,0.0,6.05469
9,129,-0.30581,0.7599,0.80734,6.00775
9,130,-1.09783,0.27291,0.34618,5.96154
9,131,0.92563,0.35517,0.4337,5.91603
9,132,1.97137,0.04933,0.07744,5.87121
9,133,0.94795,0.3437,0.42217,5.82707
9,134,-7.39188,0.0,0.0,5.78358
9,135,0.68413,0.49427,0.56964,5.74074
9,136,-0.78811,0.43108,0.50852,5.69853
9,137,-7.06802,0.0,0.0,5.65693
9,138,6.78255,0.0,0.0,5.61594
9,139,-1.2035,0.22946,0.2984,5.57554
9,140,-3.87291,0.00012,0.00035,5.53571
9,141,2.2203,0.02693,0.04524,5.49645
9,142,5.64052,0.0,0.0,5.45775
9,143,-5.28528,0.0,0.0,5.41958
9,144,6.39184,0.0,0.0,5.38194
9,145,3.29874,0.00105,0.0024,5.34483
9,146,3.56897,0.0004,0.001,5.30822
9,147,0.54903,0.58328,0.65443,5.27211
9,148,-4.42761,1e-05,4e-05,5.23649
9,149,7.93471,0.0,0.0,5.20134
9,150,-6.31028,0.0,0.0,5.16667
9,151,0.1819,0.85575,0.88686,5.13245
9,152,0.4295,0.66778,0.72849,5.09868
9,153,5.66823,0.0,0.0,5.06536
9,154,-4.02639,7e-05,0.0002,5.03247
9,155,5.31638,0.0,0.0,5.0
9,156,-1.07989,0.28081,0.35525,4.96795
9,157,2.66726,0.00794,0.0151,4.93631
9,158,-4.47172,1e-05,3e-05,4.90506
9,159,-1.48631,0.13794,0.19035,4.87421
9,160,-5.91029,0.0,0.0,4.84375
9,161,0.27094,0.78657,0.83021,4.81366
9,162,0.89248,0.37264,0.45091,4.78395
9,163,2.13981,0.03294,0.05402,4.7546
9,164,-1.60167,0.10998,0.15617,4.72561
9,165,-8.86364,0.0,0.0,4.69697
9,166,2.03581,0.04239,0.06764,4.66867
9,167,2.43149,0.01545,0.02749,4.64072
9,168,0.82843,0.4079,0.48605,4.6131
9,169,0.49366,0.6218,0.68763,4.5858
9,170,-0.7893,0.43038,0.50794,4.55882
9,171,-6.62466,0.0,0.0,4.53216
9,172,0.533,0.59431,0.66376,4.50581
9,173,-0.56707,0.57097,0.64316,4.47977
9,174,1.01524,0.31057,0.38665,4.45402
9,175,0.699,0.48494,0.56082,4.42857
9,176,-12.35758,0.0,0.0,4.40341
9,177,1.17794,0.23948,0.30959,4.37853
9,178,6.70354,0.0,0.0,4.35393
9,179,-0.37572,0.70732,0.76322,4.32961
9,180,0.61676,0.53773,0.61072,4.30556
9,181,0.20516,0.83755,0.87305,4.28177
9,182,7.07854,0.0,0.0,4.25824
9,183,3.70435,0.00024,0.00063,4.23497
9,184,-1.18079,0.23835,0.30832,4.21196
9,185,2.12257,0.03437,0.0561,4.18919
9,186,-3.53742,0.00045,0.00111,4.16667
9,187,1.52519,0.12796,0.17824,4.14439
9,188,-2.55245,0.01105,0.02034,4.12234
9,189,-3.40135,0.00073,0.00174,4.10053
9,190,0.18334,0.85462,0.88614,4.07895
9,191,-1.01851,0.30902,0.38501,4.05759
9,192,-1.75799,0.07947,0.11768,4.03646
9,193,-5.12607,0.0,0.0,4.01554
9,194,1.10494,0.26982,0.34269,3.99485
9,195,4.26418,2e-05,8e-05,3.97436
9,196,0.59063,0.55508,0.62822,3.95408
9,197,-0.20198,0.84003,0.875,3.93401
9,198,-1.13494,0.25704,0.32893,3.91414
9,199,-5.68995,0.0,0.0,3.89447
9,200,0.25195,0.8012,0.84253,3.875
9,201,-3.92064,0.0001,0.00029,3.85572
9,202,7.13944,0.0,0.0,3.83663
9,203,-1.68772,0.0922,0.13397,3.81773
9,204,1.00144,0.31719,0.39376,3.79902
9,205,5.46451,0.0,0.0,3.78049
9,206,0.60747,0.54386,0.61699,3.76214
9,207,-3.23714,0.0013,0.00292,3.74396
9,208,1.47832,0.14007,0.1928,3.72596
9,209,6.14038,0.0,0.0,3.70813
9,210,-4.11998,5e-05,0.00014,3.69048
9,211,8.03274,0.0,0.0,3.67299
9,212,-2.02543,0.04345,0.06914,3.65566
9,213,5.52337,0.0,0.0,3.6385
9,214,-4.40933,1e-05,5e-05,3.6215
9,215,1.76204,0.07879,0.11694,3.60465
9,216,-7.19678,0.0,0.0,3.58796
9,217,0.85412,0.39352,0.47167,3.57143
9,218,1.16312,0.24544,0.31614,3.55505
9,219,0.22261,0.82395,0.86179,3.53881
9,220,2.13946,0.03297,0.05406,3.52273
9,221,-6.95631,0.0,0.0,3.50679
9,222,-3.91429,0.00011,0.0003,3.49099
9,223,2.12494,0.03417,0.05581,3.47534
9,224,-0.04262,0.96602,0.9742,3.45982
9,225,-0.35009,0.72644,0.77966,3.44444
9,226,-0.16928,0.86565,0.89483,3.4292
9,227,-8.35198,0.0,0.0,3.4141
9,228,3.38585,0.00078,0.00182,3.39912
9,229,2.23295,0.02608,0.04398,3.38428
9,230,-10.95694,0.0,0.0,3.36957
9,231,-1.53423,0.12572,0.17571,3.35498
9,232,5.77104,0.0,0.0,3.34052
9,233,1.47428,0.14115,0.19413,3.32618
9,234,-5.08241,0.0,0.0,3.31197
9,235,-2.27822,0.02321,0.03973,3.29787
9,236,-4.37397,2e-05,5e-05,3.2839
9,237,-4.64553,0.0,2e-05,3.27004
9,238,4.12079,5e-05,0.00014,3.2563
9,239,1.52098,0.12901,0.17948,3.24268
9,240,-0.84755,0.39717,0.47553,3.22917
9,241,-5.51329,0.0,0.0,3.21577
9,242,-1.47551,0.14082,0.19376,3.20248
9,243,2.9616,0.00323,0.00666,3.1893
9,244,2.22514,0.0266,0.04474,3.17623
9,245,3.03001,0.0026,0.00547,3.16327
9,246,-3.19798,0.00149,0.0033,3.15041
9,247,-3.79292,0.00017,0.00047,3.13765
9,248,2.45718,0.0144,0.02583,3.125
9,249,1.3431,0.17996,0.2405,3.11245
9,250,-6.12165,0.0,0.0,3.1
9,251,1.31972,0.18764,0.24947,3.08765
9,252,-3.93291,0.0001,0.00028,3.0754
9,253,0.63418,0.52631,0.59952,3.06324
9,254,4.99511,0.0,0.0,3.05118
9,255,3.47486,0.00056,0.00137,3.03922
9,256,0.90504,0.36596,0.44438,3.02734
9,257,0.03319,0.97353,0.98,3.01556
9,258,2.45711,0.01441,0.02583,3.00388
9,259,0.43594,0.6631,0.72426,2.99228
9,260,2.59682,0.00974,0.01812,2.98077
9,261,2.32473,0.02056,0.03567,2.96935
9,262,-2.99395,0.00292,0.00606,2.95802
9,263,0.13393,0.89353,0.91717,2.94677
9,264,-1.1332,0.25778,0.3297,2.93561
9,265,4.14133,4e-05,0.00013,2.92453
9,266,-5.92059,0.0,0.0,2.91353
9,267,2.80291,0.0053,0.01041,2.90262
9,268,-0.81643,0.41472,0.49288,2.89179
9,269,-0.90636,0.36526,0.4437,2.88104
9,270,1.14238,0.25394,0.32551,2.87037
9,271,-6.972,0.0,0.0,2.85978
9,272,-2.88436,0.00412,0.0083,2.84926
9,273,-2.26846,0.02381,0.04058,2.83883
9,274,-5.85642,0.0,0.0,2.82847
9,275,3.77069,0.00019,0.0005,2.81818
9,276,8.29736,0.0,0.0,2.80797
9,277,2.97734,0.00308,0.00637,2.79783
9,278,-6.96303,0.0,0.0,2.78777
9,279,2.42526,0.01572,0.02791,2.77778
9,280,7.35336,0.0,0.0,2.76786
9,281,7.05565,0.0,0.0,2.75801
9,282,7.10077,0.0,0.0,2.74823
9,283,1.43139,0.15306,0.20853,2.73852
9,284,1.14187,0.25415,0.32569,2.72887
9,285,0.7955,0.42677,0.50487,2.7193
9,286,-9.45705,0.0,0.0,2.70979
9,287,3.11653,0.00195,0.00423,2.70035
9,288,-0.81589,0.41503,0.49319,2.69097
9,289,3.24457,0.00127,0.00285,2.68166
9,290,-0.42138,0.67369,0.73382,2.67241
9,291,-3.75957,0.00019,0.00052,2.66323
9,292,-7.81216,0.0,0.0,2.65411
9,293,-2.04614,0.04136,0.06613,2.64505
9,294,3.57346,0.00039,0.00099,2.63605
9,295,-2.97591,0.00309,0.0064,2.62712
9,296,5.74801,0.0,0.0,2.61824
9,297,-0.11991,0.90461,0.92684,2.60943
9,298,4.40659,1e-05,5e-05,2.60067
9,299,-5.72876,0.0,0.0,2.59197
9,300,5.22239,0.0,0.0,2.58333
9,301,2.62226,0.00905,0.01696,2.57475
9,302,-1.49316,0.13614,0.18815,2.56623
9,303,-2.31673,0.021,0.03633,2.55776
9,304,2.08146,0.03799,0.06133,2.54934
9,305,-1.18126,0.23816,0.3082,2.54098
9,306,-5.48878,0.0,0.0,2.53268
9,307,-3.47036,0.00057,0.00139,2.52443
9,308,-2.81799,0.00506,0.00999,2.51623
9,309,-0.47135,0.63764,0.70142,2.50809
9,310,8.82656,0.0,0.0,2.5
9,311,6.61345,0.0,0.0,2.49196
9,312,4.03818,6e-05,0.00019,2.48397
9,313,-5.91421,0.0,0.0,2.47604
9,314,-0.85724,0.3918,0.47017,2.46815
9,315,-4.68131,0.0,1e-05,2.46032
9,316,-0.88725,0.37545,0.45343,2.45253
9,317,2.06416,0.03961,0.06371,2.44479
9,318,-7.0208,0.0,0.0,2.43711
9,319,1.91088,0.0567,0.08749,2.42947
9,320,1.13935,0.2552,0.32691,2.42188
9,321,-3.42396,0.00068,0.00161,2.41433
9,322,-6.55525,0.0,0.0,2.40683
9,323,-4.67287,0.0,2e-05,2.39938
9,324,0.4431,0.65792,0.71978,2.39198
9,325,6.73437,0.0,0.0,2.38462
9,326,-7.33277,0.0,0.0,2.3773
9,327,0.79767,0.42551,0.50374,2.37003
9,328,-3.15584,0.00172,0.00376,2.3628
9,329,0.17413,0.86185,0.89188,2.35562
9,330,2.61762,0.00917,0.01717,2.34848
9,331,-4.24622,3e-05,9e-05,2.34139
9,332,0.45169,0.65172,0.71401,2.33434
9,333,0.85528,0.39288,0.47118,2.32733
9,334,3.0224,0.00266,0.00559,2.32036
9,335,1.84395,0.06589,0.09981,2.31343
9,336,-0.25186,0.80128,0.84253,2.30655
9,337,-5.29042,0.0,0.0,2.2997
9,338,-1.25678,0.20953,0.27574,2.2929
9,339,0.98091,0.3272,0.40434,2.28614
9,340,-2.72809,0.00664,0.01278,2.27941
9,341,4.30827,2e-05,7e-05,2.27273
9,342,4.33046,2e-05,6e-05,2.26608
9,343,-5.22587,0.0,0.0,2.25948
9,344,-0.69514,0.48735,0.56287,2.25291
9,345,-0.79098,0.4294,0.50702,2.24638
9,346,-5.94937,0.0,0.0,2.23988
9,347,2.50213,0.01272,0.0231,2.23343
9,348,-3.84349,0.00014,0.00039,2.22701
9,349,-0.76205,0.44646,0.52345,2.22063
9,350,4.14656,4e-05,0.00013,2.21429
9,351,5.04869,0.0,0.0,2.20798
9,352,3.90834,0.00011,0.00031,2.2017
9,353,-2.51659,0.01222,0.02229,2.19547
9,354,-0.36373,0.71624,0.77144,2.18927
9,355,-0.40161,0.68818,0.74635,2.1831
9,356,8.30335,0.0,0.0,2.17697
9,357,8.31014,0.0,0.0,2.17087
9,358,-0.99102,0.32224,0.39899,2.1648
9,359,-5.34937,0.0,0.0,2.15877
9,360,0.95507,0.34009,0.41824,2.15278
9,361,4.38747,1e-05,5e-05,2.14681
9,362,0.65048,0.51574,0.58942,2.14088
9,363,0.79518,0.42695,0.50491,2.13499
9,364,-4.57332,1e-05,2e-05,2.12912
9,365,-2.57575,0.01034,0.01915,2.12329
9,366,1.80849,0.07124,0.10711,2.11749
9,367,1.11314,0.26628,0.33898,2.11172
9,368,-7.91143,0.0,0.0,2.10598
9,369,-0.45364,0.65032,0.71279,2.10027
9,370,-1.93677,0.05344,0.083,2.09459
9,371,1.72383,0.08547,0.12547,2.08895
9,372,0.0477,0.96198,0.97137,2.08333
9,373,3.26128,0.0012,0.00271,2.07775
9,374,0.45495,0.64938,0.71199,2.07219
9,375,-0.02924,0.97669,0.98248,2.06667
9,376,-2.93339,0.00354,0.00722,2.06117
9,377,-0.49762,0.61901,0.68522,2.0557
9,378,3.85224,0.00014,0.00038,2.05026
9,379,3.37866,0.0008,0.00186,2.04485
9,380,-5.18205,0.0,0.0,2.03947
9,381,-3.17645,0.0016,0.00353,2.03412
9,382,6.64713,0.0,0.0,2.0288
9,383,2.40513,0.0166,0.02933,2.0235
9,384,-7.8099,0.0,0.0,2.01823
9,385,2.82485,0.00495,0.0098,2.01299
9,386,-3.6496,0.0003,0.00076,2.00777
9,387,3.26136,0.0012,0.00271,2.00258
10,1,-1.75285,0.08035,0.11885,731.0
10,2,-3.80748,0.00016,0.00044,365.5
10,3,-2.21365,0.02739,0.04587,243.66667
10,4,1.61441,0.10719,0.15295,182.75
10,5,0.63527,0.5256,0.59898,146.2
10,6,9.62197,0.0,0.0,121.83333
10,7,0.68221,0.49548,0.57084,104.42857
10,8,0.97961,0.32784,0.40493,91.375
10,9,-3.63928,0.00031,0.00079,81.22222
10,10,-0.2046,0.83798,0.87333,73.1
10,11,1.00331,0.31629,0.39293,66.45455
10,12,-0.32362,0.74639,0.79639,60.91667
10,13,-3.5794,0.00038,0.00097,56.23077
10,14,-10.53442,0.0,0.0,52.21429
10,15,-3.32823,0.00095,0.00218,48.73333
10,16,7.56348,0.0,0.0,45.6875
10,17,-9.31336,0.0,0.0,43.0
10,18,-0.61643,0.53794,0.61086,40.61111
10,19,-1.95956,0.05071,0.07925,38.47368
10,20,4.49601,1e-05,3e-05,36.55
10,21,6.58201,0.0,0.0,34.80952
10,22,-0.815,0.41553,0.49362,33.22727
10,23,-7.31522,0.0,0.0,31.78261
10,24,-1.171,0.24226,0.31277,30.45833
10,25,2.74996,0.00622,0.01206,29.24
10,26,-7.75389,0.0,0.0,28.11538
10,27,-6.14709,0.0,0.0,27.07407
10,28,6.30817,0.0,0.0,26.10714
10,29,-1.43472,0.15211,0.20753,25.2069
10,30,-5.84872,0.0,0.0,24.36667
10,31,-7.2202,0.0,0.0,23.58065
10,32,6.80277,0.0,0.0,22.84375
10,33,4.87427,0.0,1e-05,22.15152
10,34,-3.09696,0.00209,0.00449,21.5
10,35,3.1811,0.00158,0.00348,20.88571
10,36,6.1889,0.0,0.0,20.30556
10,37,8.26898,0.0,0.0,19.75676
10,38,-4.75727,0.0,1e-05,19.23684
10,39,-2.85914,0.00446,0.00891,18.74359
10,40,-2.78683,0.00556,0.01088,18.275
10,41,4.01513,7e-05,0.00021,17.82927
10,42,3.98154,8e-05,0.00024,17.40476
10,43,-4.98807,0.0,0.0,17.0
10,44,-1.35204,0.17709,0.23713,16.61364
10,45,4.39999,1e-05,5e-05,16.24444
10,46,-0.25424,0.79944,0.84122,15.8913
10,47,-2.05546,0.04045,0.06489,15.55319
10,48,-3.50344,0.00051,0.00125,15.22917
10,49,0.30016,0.7642,0.81087,14.91837
10,50,1.21055,0.22675,0.29522,14.62
10,51,-4.2915,2e-05,7e-05,14.33333
10,52,2.94981,0.00336,0.00689,14.05769
10,53,-2.051,0.04088,0.06551,13.79245
10,54,-8.71232,0.0,0.0,13.53704
10,55,8.00419,0.0,0.0,13.29091
10,56,-1.74255,0.08214,0.1212,13.05357
10,57,4.25479,3e-05,8e-05,12.82456
10,58,-3.52647,0.00047,0.00116,12.60345
10,59,0.37311,0.70926,0.76499,12.38983
10,60,-5.07946,0.0,0.0,12.18333
10,61,-2.83584,0.00479,0.00951,11.98361
10,62,-0.61638,0.53797,0.61086,11.79032
10,63,-3.38484,0.00078,0.00183,11.60317
10,64,1.01124,0.31248,0.38878,11.42188
10,65,5.24615,0.0,0.0,11.24615
10,66,-2.92971,0.00358,0.0073,11.07576
10,67,2.74714,0.00627,0.01215,10.91045
10,68,-0.62449,0.53264,0.6057,10.75
10,69,-1.56004,0.1195,0.16812,10.5942
10,70,-0.93737,0.3491,0.42776,10.44286
10,71,2.94462,0.00341,0.00699,10.29577
10,72,6.52717,0.0,0.0,10.15278
10,73,-8.53612,0.0,0.0,10.0137
10,74,-1.89524,0.05874,0.09034,9.87838
10,75,6.65952,0.0,0.0,9.74667
10,76,3.85474,0.00013,0.00037,9.61842
10,77,-4.13323,4e-05,0.00013,9.49351
10,78,5.34358,0.0,0.0,9.37179
10,79,-8.6688,0.0,0.0,9.25316
10,80,-1.1028,0.27074,0.34374,9.1375
10,81,2.40483,0.01661,0.02935,9.02469
10,82,-1.50685,0.1326,0.18376,8.91463
10,83,3.43081,0.00066,0.00158,8.80723
10,84,8.65263,0.0,0.0,8.70238
10,85,-3.70302,0.00024,0.00064,8.6
10,86,-5.17231,0.0,0.0,8.5
10,87,-3.16329,0.00167,0.00368,8.4023
10,88,-1.74574,0.08158,0.12052,8.30682
10,89,-5.9204,0.0,0.0,8.21348
10,90,-6.44436,0.0,0.0,8.12222
10,91,-0.77709,0.43754,0.51487,8.03297
10,92,3.50425,0.00051,0.00124,7.94565
10,93,-1.33899,0.1813,0.24209,7.86022
10,94,1.72273,0.08567,0.12569,7.7766
10,95,0.67031,0.50303,0.57803,7.69474
10,96,-1.28141,0.20075,0.26513,7.61458
10,97,1.63217,0.10339,0.14827,7.53608
10,98,-1.12409,0.26161,0.33384,7.45918
10,99,-9.14928,0.0,0.0,7.38384
10,100,-2.72272,0.00674,0.01296,7.31
10,101,-1.29077,0.19749,0.26124,7.23762
10,102,2.19875,0.02844,0.04743,7.16667
10,103,1.45704,0.14585,0.19985,7.09709
10,104,0.32769,0.74331,0.79433,7.02885
10,105,3.08193,0.00219,0.00469,6.9619
10,106,7.74063,0.0,0.0,6.89623
10,107,0.52584,0.59928,0.66818,6.83178
10,108,0.77638,0.43796,0.51531,6.76852
10,109,0.22593,0.82137,0.85986,6.70642
10,110,-1.02645,0.30527,0.38128,6.64545
10,111,3.69715,0.00025,0.00065,6.58559
10,112,0.46577,0.64162,0.70502,6.52679
10,113,-1.68106,0.09349,0.13563,6.46903
10,114,2.74668,0.00628,0.01216,6.41228
10,115,-5.31121,0.0,0.0,6.35652
10,116,-2.20212,0.0282,0.04706,6.30172
10,117,3.53119,0.00046,0.00114,6.24786
10,118,-6.44167,0.0,0.0,6.19492
10,119,4.72876,0.0,1e-05,6.14286
10,120,1.51708,0.13,0.18065,6.09167
10,121,-1.18835,0.23536,0.30505,6.04132
10,122,-5.68061,0.0,0.0,5.9918
10,123,-4.30279,2e-05,7e-05,5.94309
10,124,5.27063,0.0,0.0,5.89516
10,125,7.12733,0.0,0.0,5.848
10,126,5.53293,0.0,0.0,5.80159
10,127,-0.77231,0.44037,0.51758,5.75591
10,128,-0.14306,0.88631,0.91173,5.71094
10,129,-5.93741,0.0,0.0,5.66667
10,130,-4.72731,0.0,1e-05,5.62308
10,131,-2.48036,0.01351,0.02439,5.58015
10,132,2.52211,0.01203,0.02199,5.53788
10,133,1.44375,0.14955,0.20442,5.49624
10,134,1.82247,0.06909,0.10413,5.45522
10,135,-4.98692,0.0,0.0,5.41481
10,136,4.33462,2e-05,6e-05,5.375
10,137,-2.2653,0.024,0.04086,5.33577
10,138,-11.81883,0.0,0.0,5.2971
10,139,1.11118,0.26712,0.33988,5.25899
10,140,0.65116,0.5153,0.58906,5.22143
10,141,-0.89372,0.37198,0.45027,5.1844
10,142,8.31427,0.0,0.0,5.14789
10,143,2.21974,0.02697,0.04528,5.11189
10,144,1.39678,0.16322,0.22095,5.07639
10,145,1.61018,0.10811,0.15402,5.04138
10,146,-1.69999,0.08987,0.13087,5.00685
10,147,10.66302,0.0,0.0,4.97279
10,148,-0.17477,0.86134,0.89169,4.93919
10,149,-9.23454,0.0,0.0,4.90604
10,150,-2.59805,0.0097,0.01807,4.87333
10,151,9.55831,0.0,0.0,4.84106
10,152,0.40037,0.68908,0.7471,4.80921
10,153,1.74238,0.08217,0.12123,4.77778
10,154,-1.59669,0.11108,0.15752,4.74675
10,155,-3.62889,0.00032,0.00082,4.71613
10,156,-3.16985,0.00164,0.00361,4.6859
10,157,3.65395,0.00029,0.00075,4.65605
10,158,-1.01618,0.31013,0.38619,4.62658
10,159,-5.75518,0.0,0.0,4.59748
10,160,-1.94289,0.05269,0.08196,4.56875
10,161,7.31138,0.0,0.0,4.54037
10,162,7.80467,0.0,0.0,4.51235
10,163,0.11606,0.90766,0.92911,4.48466
10,164,-5.31909,0.0,0.0,4.45732
10,165,-6.98426,0.0,0.0,4.4303
10,166,0.11198,0.91089,0.93165,4.40361
10,167,-1.65334,0.09901,0.14274,4.37725
10,168,4.13906,4e-05,0.00013,4.35119
10,169,1.19137,0.23418,0.30363,4.32544
10,170,-5.83949,0.0,0.0,4.3
10,171,-1.51278,0.13108,0.18199,4.27485
10,172,4.09996,5e-05,0.00015,4.25
10,173,1.81876,0.06966,0.10485,4.22543
10,174,2.896,0.00398,0.00803,4.20115
10,175,2.19794,0.0285,0.0475,4.17714
10,176,7.49156,0.0,0.0,4.15341
10,177,-3.65896,0.00029,0.00074,4.12994
10,178,1.34862,0.17818,0.23831,4.10674
10,179,-1.59117,0.11232,0.15916,4.0838
10,180,5.87253,0.0,0.0,4.06111
10,181,-0.49227,0.62279,0.68842,4.03867
10,182,-3.51897,0.00048,0.00118,4.01648
10,183,1.26309,0.20725,0.27307,3.99454
10,184,-5.78,0.0,0.0,3.97283
10,185,-2.8645,0.00439,0.00879,3.95135
10,186,3.55395,0.00042,0.00105,3.93011
10,187,2.40902,0.01642,0.02905,3.90909
10,188,-4.3805,1e-05,5e-05,3.8883
10,189,0.12868,0.89768,0.92077,3.86772
10,190,-6.75733,0.0,0.0,3.84737
10,191,5.67348,0.0,0.0,3.82723
10,192,3.25213,0.00124,0.00278,3.80729
10,193,-2.55731,0.0109,0.02009,3.78756
10,194,-3.34142,0.00091,0.0021,3.76804
10,195,-3.14413,0.00178,0.00389,3.74872
10,196,3.11852,0.00194,0.00421,3.72959
10,197,-3.24803,0.00125,0.00282,3.71066
10,198,0.01261,0.98995,0.99322,3.69192
10,199,-2.89695,0.00396,0.00802,3.67337
10,200,2.81262,0.00514,0.01013,3.655
10,201,-4.85177,0.0,1e-05,3.63682
10,202,4.37794,2e-05,5e-05,3.61881
10,203,4.69042,0.0,1e-05,3.60099
10,204,-5.61566,0.0,0.0,3.58333
10,205,-7.55674,0.0,0.0,3.56585
10,206,3.74153,0.00021,0.00056,3.54854
10,207,-1.68346,0.09303,0.13503,3.5314
10,208,-3.14083,0.0018,0.00393,3.51442
10,209,1.79781,0.07292,0.10927,3.49761
10,210,-6.56692,0.0,0.0,3.48095
10,211,-0.73524,0.4626,0.53967,3.46445
10,212,-6.19905,0.0,0.0,3.44811
10,213,1.6422,0.10129,0.14566,3.43192
10,214,5.65872,0.0,0.0,3.41589
10,215,1.6225,0.10544,0.1508,3.4
10,216,3.76616,0.00019,0.00051,3.38426
10,217,1.99778,0.04638,0.07323,3.36866
10,218,-3.73249,0.00022,0.00057,3.35321
10,219,-2.00743,0.04534,0.07178,3.3379
10,220,3.59511,0.00036,0.00092,3.32273
10,221,2.16172,0.0312,0.05153,3.30769
10,222,2.58961,0.00994,0.01846,3.29279
10,223,7.97211,0.0,0.0,3.27803
10,224,-7.67863,0.0,0.0,3.26339
10,225,-3.97438,8e-05,0.00024,3.24889
10,226,-3.74362,0.00021,0.00055,3.23451
10,227,-3.49325,0.00053,0.00129,3.22026
10,228,-6.28448,0.0,0.0,3.20614
10,229,-6.69526,0.0,0.0,3.19214
10,230,-4.32468,2e-05,6e-05,3.17826
10,231,-1.02548,0.30572,0.38176,3.1645
10,232,-6.26753,0.0,0.0,3.15086
10,233,-1.43326,0.15252,0.208,3.13734
10,234,-5.10656,0.0,0.0,3.12393
10,235,-3.6671,0.00028,0.00072,3.11064
10,236,-1.25322,0.21082,0.27708,3.09746
10,237,-5.19954,0.0,0.0,3.08439
10,238,-7.13632,0.0,0.0,3.07143
10,239,4.62979,0.0,2e-05,3.05858
10,240,2.6502,0.00835,0.01577,3.04583
10,241,4.29368,2e-05,7e-05,3.0332
10,242,0.07332,0.94159,0.95621,3.02066
10,243,-0.17002,0.86508,0.89439,3.00823
10,244,2.43947,0.01512,0.027,2.9959
10,245,1.36467,0.17308,0.23252,2.98367
10,246,-9.15239,0.0,0.0,2.97154
10,247,6.06572,0.0,0.0,2.95951
10,248,-7.83561,0.0,0.0,2.94758
10,249,-6.39647,0.0,0.0,2.93574
10,250,3.30681,0.00102,0.00234,2.924
10,251,1.13916,0.25528,0.32697,2.91235
10,252,-1.89396,0.05891,0.09056,2.90079
10,253,-1.78183,0.0755,0.11264,2.88933
10,254,1.12624,0.2607,0.33289,2.87795
10,255,-4.97106,0.0,0.0,2.86667
10,256,7.03946,0.0,0.0,2.85547
10,257,-8.55968,0.0,0.0,2.84436
10,258,-2.94651,0.00339,0.00695,2.83333
10,259,-2.54605,0.01125,0.02069,2.82239
10,260,2.372,0.01814,0.03176,2.81154
10,261,-6.21073,0.0,0.0,2.80077
10,262,4.72519,0.0,1e-05,2.79008
10,263,7.85263,0.0,0.0,2.77947
10,264,7.99716,0.0,0.0,2.76894
10,265,0.09142,0.9272,0.94485,2.75849
10,266,2.83491,0.0048,0.00954,2.74812
10,267,-0.52116,0.60253,0.67106,2.73783
10,268,-2.50782,0.01252,0.02277,2.72761
10,269,-3.9453,9e-05,0.00027,2.71747
10,270,-1.80643,0.07156,0.1075,2.70741
10,271,2.40049,0.01681,0.02964,2.69742
10,272,1.8661,0.06272,0.09559,2.6875
10,273,5.93187,0.0,0.0,2.67766
10,274,6.65352,0.0,0.0,2.66788
10,275,-0.28228,0.77787,0.82293,2.65818
10,276,8.17964,0.0,0.0,2.64855
10,277,-3.50098,0.00051,0.00125,2.63899
10,278,-3.84535,0.00014,0.00039,2.6295
10,279,8.77863,0.0,0.0,2.62007
10,280,5.28726,0.0,0.0,2.61071
10,281,-7.36785,0.0,0.0,2.60142
10,282,2.11596,0.03493,0.05689,2.5922
10,283,-9.17793,0.0,0.0,2.58304
10,284,-0.92524,0.35537,0.43384,2.57394
10,285,5.27515,0.0,0.0,2.56491
10,286,8.27828,0.0,0.0,2.55594
10,287,0.0124,0.99011,0.99329,2.54704
10,288,-3.40265,0.00073,0.00173,2.53819
10,289,-2.57262,0.01043,0.01929,2.52941
10,290,1.52277,0.12857,0.17891,2.52069
10,291,-3.95986,9e-05,0.00026,2.51203
10,292,-4.14988,4e-05,0.00013,2.50342
10,293,-2.15772,0.03151,0.05197,2.49488
10,294,-4.91474,0.0,1e-05,2.48639
10,295,2.28109,0.02304,0.03947,2.47797
10,296,4.73755,0.0,1e-05,2.46959
10,297,-6.89982,0.0,0.0,2.46128
10,298,-1.86772,0.06249,0.0953,2.45302
10,299,0.29735,0.76634,0.8128,2.44482
10,300,0.46797,0.64005,0.70376,2.43667
10,301,0.46494,0.64221,0.70537,2.42857
10,302,-4.82577,0.0,1e-05,2.42053
10,303,1.73898,0.08277,0.12193,2.41254
10,304,0.87471,0.38223,0.46017,2.40461
10,305,3.3435,0.0009,0.00209,2.39672
10,306,1.6177,0.10647,0.15209,2.38889
10,307,5.75058,0.0,0.0,2.38111
10,308,0.24149,0.80929,0.849,2.37338
10,309,-0.09868,0.92144,0.94023,2.3657
10,310,8.3362,0.0,0.0,2.35806
10,311,2.0511,0.04087,0.06551,2.35048
10,312,-6.49184,0.0,0.0,2.34295
10,313,-2.40264,0.01671,0.02949,2.33546
10,314,-5.70401,0.0,0.0,2.32803
10,315,-1.06567,0.28718,0.36213,2.32063
10,316,-6.12321,0.0,0.0,2.31329
10,317,7.12541,0.0,0.0,2.30599
10,318,-5.69432,0.0,0.0,2.29874
10,319,1.37776,0.16901,0.22793,2.29154
10,320,1.42903,0.15373,0.20939,2.28437
10,321,2.68615,0.00751,0.01434,2.27726
10,322,1.36559,0.1728,0.23226,2.27019
10,323,0.27516,0.78333,0.8274,2.26316
10,324,0.51655,0.60574,0.67404,2.25617
10,325,-4.34844,2e-05,6e-05,2.24923
10,326,-6.84127,0.0,0.0,2.24233
10,327,0.173,0.86273,0.89252,2.23547
10,328,3.72498,0.00022,0.00059,2.22866
10,329,2.0642,0.03961,0.06371,2.22188
10,330,-5.35505,0.0,0.0,2.21515
10,331,6.57578,0.0,0.0,2.20846
10,332,-3.10594,0.00202,0.00437,2.20181
10,333,2.43134,0.01546,0.02749,2.1952
10,334,-2.66232,0.00806,0.01528,2.18862
10,335,-4.8098,0.0,1e-05,2.18209
10,336,-0.87189,0.38377,0.46169,2.1756
10,337,-1.29493,0.19605,0.25954,2.16914
10,338,-4.52295,1e-05,3e-05,2.16272
10,339,6.30165,0.0,0.0,2.15634
10,340,0.19805,0.8431,0.87747,2.15
10,341,1.28353,0.20001,0.26426,2.1437
10,342,2.31513,0.02108,0.03648,2.13743
10,343,5.23842,0.0,0.0,2.1312
10,344,-3.88455,0.00012,0.00034,2.125
10,345,-4.70432,0.0,1e-05,2.11884
10,346,6.58879,0.0,0.0,2.11272
10,347,-5.00529,0.0,0.0,2.10663
10,348,5.32965,0.0,0.0,2.10057
10,349,6.99281,0.0,0.0,2.09456
10,350,3.77378,0.00018,0.0005,2.08857
10,351,3.01223,0.00275,0.00575,2.08262
10,352,0.37909,0.70481,0.76068,2.0767
10,353,5.60782,0.0,0.0,2.07082
10,354,-6.98175,0.0,0.0,2.06497
10,355,3.55514,0.00042,0.00105,2.05915
10,356,1.53529,0.12546,0.1754,2.05337
10,357,-2.88386,0.00413,0.00831,2.04762
10,358,-1.41203,0.15868,0.21537,2.0419
10,359,-2.79753,0.00539,0.01057,2.03621
10,360,1.35266,0.17689,0.23693,2.03056
10,361,1.14762,0.25178,0.32326,2.02493
10,362,-0.79237,0.42859,0.5063,2.01934
10,363,6.59788,0.0,0.0,2.01377
10,364,-3.26115,0.0012,0.00271,2.00824
10,365,0.48567,0.62745,0.69273,2.00274
11,1,-1.44969,0.14789,0.20242,1319.0
11,2,0.11425,0.9091,0.9302,659.5
11,3,-1.07276,0.28399,0.35866,439.66667
11,4,0.19411,0.84619,0.87986,329.75
11,5,5.77074,0.0,0.0,263.8
11,6,-3.75261,0.0002,0.00053,219.83333
11,7,5.42589,0.0,0.0,188.42857
11,8,-5.26171,0.0,0.0,164.875
11,9,-4.57016,1e-05,2e-05,146.55556
11,10,4.5342,1e-05,3e-05,131.9
11,11,-1.7208,0.08602,0.12603,119.90909
11,12,-5.99194,0.0,0.0,109.91667
11,13,3.37898,0.0008,0.00186,101.46154
11,14,6.84852,0.0,0.0,94.21429
11,15,2.30738,0.02152,0.03719,87.93333
11,16,3.62,0.00033,0.00084,82.4375
11,17,2.49174,0.01309,0.02372,77.58824
11,18,4.66868,0.0,2e-05,73.27778
11,19,-2.05815,0.04019,0.06451,69.42105
11,20,0.9971,0.31929,0.39617,65.95
11,21,2.50701,0.01255,0.02281,62.80952
11,22,0.72649,0.46794,0.54469,59.95455
11,23,-0.19876,0.84255,0.87708,57.34783
11,24,-5.26589,0.0,0.0,54.95833
11,25,4.10339,5e-05,0.00015,52.76
11,26,-8.9677,0.0,0.0,50.73077
11,27,-3.92051,0.0001,0.00029,48.85185
11,28,-5.83896,0.0,0.0,47.10714
11,29,2.61884,0.00914,0.01712,45.48276
11,30,1.03526,0.30114,0.37721,43.96667
11,31,-3.54799,0.00043,0.00108,42.54839
11,32,2.21909,0.02701,0.04533,41.21875
11,33,2.54279,0.01135,0.02086,39.9697
11,34,3.7926,0.00017,0.00047,38.79412
11,35,-1.78164,0.07553,0.11267,37.68571
11,36,0.59038,0.55525,0.62834,36.63889
11,37,-5.5877,0.0,0.0,35.64865
11,38,-2.809,0.0052,0.01023,34.71053
11,39,-3.16613,0.00166,0.00365,33.82051
11,40,-0.8308,0.40655,0.48479,32.975
11,41,-6.82453,0.0,0.0,32.17073
11,42,-2.02432,0.04357,0.06929,31.40476
11,43,3.81435,0.00016,0.00043,30.67442
11,44,2.40157,0.01676,0.02956,29.97727
11,45,4.92034,0.0,1e-05,29.31111
11,46,2.47173,0.01384,0.02491,28.67391
11,47,-0.41353,0.67943,0.73943,28.06383
11,48,-1.39613,0.16341,0.22116,27.47917
11,49,2.2726,0.02355,0.0402,26.91837
11,50,-4.45258,1e-05,4e-05,26.38
11,51,8.88426,0.0,0.0,25.86275
11,52,1.41328,0.15831,0.2149,25.36538
11,53,2.87217,0.00428,0.00859,24.88679
11,54,-0.54537,0.58579,0.65629,24.42593
11,55,-0.43503,0.66376,0.72474,23.98182
11,56,5.9288,0.0,0.0,23.55357
11,57,1.10785,0.26856,0.34138,23.14035
11,58,-2.72828,0.00663,0.01278,22.74138
11,59,-2.38584,0.01748,0.03071,22.35593
11,60,-4.67885,0.0,1e-05,21.98333
11,61,-4.32212,2e-05,6e-05,21.62295
11,62,-4.64181,0.0,2e-05,21.27419
11,63,1.54969,0.12196,0.17113,20.93651
11,64,-0.56822,0.57019,0.64256,20.60938
11,65,4.51795,1e-05,3e-05,20.29231
11,66,-1.29327,0.19662,0.2602,19.98485
11,67,-4.35358,2e-05,6e-05,19.68657
11,68,6.13998,0.0,0.0,19.39706
11,69,-1.14187,0.25415,0.32569,19.11594
11,70,5.67165,0.0,0.0,18.84286
11,71,2.15538,0.0317,0.05223,18.57746
11,72,-3.13522,0.00184,0.004,18.31944
11,73,-8.14803,0.0,0.0,18.06849
11,74,0.18861,0.85049,0.88305,17.82432
11,75,5.82966,0.0,0.0,17.58667
11,76,-4.02491,7e-05,0.0002,17.35526
11,77,2.87708,0.00422,0.00848,17.12987
11,78,3.42949,0.00066,0.00158,16.91026
11,79,7.03029,0.0,0.0,16.6962
11,80,9.31151,0.0,0.0,16.4875
11,81,4.70912,0.0,1e-05,16.28395
11,82,-8.69683,0.0,0.0,16.08537
11,83,1.8057,0.07168,0.10764,15.89157
11,84,0.31006,0.75667,0.80468,15.70238
11,85,1.9169,0.05593,0.08645,15.51765
11,86,-7.13818,0.0,0.0,15.33721
11,87,4.05844,6e-05,0.00018,15.16092
11,88,-1.41705,0.15721,0.21357,14.98864
11,89,0.84552,0.3983,0.47651,14.82022
11,90,-0.26743,0.78927,0.83244,14.65556
11,91,-4.65951,0.0,2e-05,14.49451
11,92,-6.75022,0.0,0.0,14.33696
11,93,2.99068,0.00295,0.00612,14.1828
11,94,0.97765,0.32881,0.40592,14.03191
11,95,-0.94496,0.34522,0.42383,13.88421
11,96,-1.00578,0.3151,0.39179,13.73958
11,97,3.38861,0.00077,0.00181,13.59794
11,98,4.37793,2e-05,5e-05,13.45918
11,99,1.69828,0.09019,0.13128,13.32323
11,100,2.99345,0.00292,0.00607,13.19
11,101,5.20894,0.0,0.0,13.05941
11,102,-0.49832,0.61852,0.68509,12.93137
11,103,-0.35263,0.72454,0.77829,12.80583
11,104,-0.30662,0.75928,0.80691,12.68269
11,105,0.51607,0.60608,0.67426,12.5619
11,106,-1.56397,0.11857,0.16698,12.4434
11,107,1.61246,0.10761,0.15344,12.3271
11,108,1.34845,0.17824,0.23836,12.21296
11,109,-2.48704,0.01327,0.024,12.10092
11,110,-1.88483,0.06014,0.09226,11.99091
11,111,-1.96494,0.05008,0.07839,11.88288
11,112,2.14654,0.0324,0.05323,11.77679
11,113,0.75925,0.44813,0.5251,11.67257
11,114,-2.66356,0.00803,0.01524,11.57018
11,115,-0.19656,0.84427,0.87823,11.46957
11,116,5.56737,0.0,0.0,11.37069
11,117,-3.70415,0.00024,0.00063,11.2735
11,118,2.53989,0.01145,0.02102,11.17797
11,119,3.81485,0.00016,0.00043,11.08403
11,120,-7.04772,0.0,0.0,10.99167
11,121,-2.36994,0.01824,0.03192,10.90083
11,122,0.35623,0.72185,0.77589,10.81148
11,123,-3.90238,0.00011,0.00031,10.72358
11,124,2.6793,0.00767,0.01461,10.6371
11,125,-3.97893,8e-05,0.00024,10.552
11,126,-1.0078,0.31413,0.39064,10.46825
11,127,2.33448,0.02004,0.0348,10.38583
11,128,-3.58478,0.00038,0.00095,10.30469
11,129,-4.25116,3e-05,8e-05,10.22481
11,130,-5.70916,0.0,0.0,10.14615
11,131,-0.76711,0.44344,0.52053,10.0687
11,132,-0.07454,0.94062,0.95551,9.99242
11,133,3.3658,0.00083,0.00194,9.91729
11,134,4.22131,3e-05,9e-05,9.84328
11,135,0.44334,0.65774,0.71966,9.77037
11,136,-5.37638,0.0,0.0,9.69853
11,137,-1.77693,0.0763,0.11371,9.62774
11,138,1.42437,0.15508,0.21102,9.55797
11,139,-4.74554,0.0,1e-05,9.48921
11,140,-6.00844,0.0,0.0,9.42143
11,141,-0.54915,0.58319,0.65441,9.35461
11,142,0.79501,0.42706,0.50497,9.28873
11,143,-2.26985,0.02372,0.04045,9.22378
11,144,-8.38761,0.0,0.0,9.15972
11,145,-5.83714,0.0,0.0,9.09655
11,146,2.85618,0.0045,0.00899,9.03425
11,147,-9.56909,0.0,0.0,8.97279
11,148,4.83011,0.0,1e-05,8.91216
11,149,-5.27495,0.0,0.0,8.85235
11,150,7.0462,0.0,0.0,8.79333
11,151,1.77439,0.07672,0.11423,8.7351
11,152,-0.36951,0.71194,0.7673,8.67763
11,153,1.71736,0.08665,0.12677,8.62092
11,154,-3.09286,0.00211,0.00454,8.56494
11,155,-4.63007,0.0,2e-05,8.50968
11,156,2.05998,0.04001,0.06427,8.45513
11,157,-0.62605,0.53162,0.60482,8.40127
11,158,2.95028,0.00335,0.00688,8.3481
11,159,1.9563,0.05109,0.07973,8.2956
11,160,-3.3039,0.00103,0.00236,8.24375
11,161,0.50863,0.61128,0.67862,8.19255
11,162,4.6873,0.0,1e-05,8.14198
11,163,2.95769,0.00327,0.00673,8.09202
11,164,-0.71169,0.47705,0.55336,8.04268
11,165,3.45019,0.00062,0.00148,7.99394
11,166,2.91917,0.0037,0.00753,7.94578
11,167,-2.47997,0.01353,0.02441,7.8982
11,168,-7.76766,0.0,0.0,7.85119
11,169,-5.45606,0.0,0.0,7.80473
11,170,-0.49014,0.62429,0.68985,7.75882
11,171,4.02335,7e-05,0.0002,7.71345
11,172,0.2704,0.78698,0.83056,7.6686
11,173,-0.26782,0.78897,0.83221,7.62428
11,174,0.27984,0.77974,0.8243,7.58046
11,175,5.99739,0.0,0.0,7.53714
11,176,3.98935,8e-05,0.00023,7.49432
11,177,-5.26936,0.0,0.0,7.45198
11,178,4.53745,1e-05,3e-05,7.41011
11,179,1.18104,0.23825,0.30827,7.36872
11,180,-0.5144,0.60724,0.67533,7.32778
11,181,-2.8795,0.00419,0.00842,7.28729
11,182,-1.28798,0.19846,0.26235,7.24725
11,183,1.77811,0.07611,0.11348,7.20765
11,184,-0.09944,0.92084,0.93971,7.16848
11,185,0.47821,0.63275,0.69742,7.12973
11,186,-5.30795,0.0,0.0,7.0914
11,187,-7.0872,0.0,0.0,7.05348
11,188,1.25629,0.20971,0.2759,7.01596
11,189,-1.92002,0.05553,0.0859,6.97884
11,190,2.09325,0.03692,0.05978,6.94211
11,191,5.00333,0.0,0.0,6.90576
11,192,2.24466,0.02531,0.04285,6.86979
11,193,1.96899,0.04961,0.0778,6.8342
11,194,2.03558,0.04242,0.06764,6.79897
11,195,-0.33333,0.73905,0.79046,6.7641
11,196,-0.08646,0.93114,0.94781,6.72959
11,197,0.52476,0.60003,0.6688,6.69543
11,198,1.82721,0.06837,0.10312,6.66162
11,199,-1.46326,0.14414,0.19773,6.62814
11,200,2.83706,0.00477,0.00948,6.595
11,201,-0.07187,0.94274,0.95709,6.56219
11,202,-4.19893,3e-05,0.0001,6.5297
11,203,0.98629,0.32456,0.40151,6.49754
11,204,-2.43288,0.01539,0.02741,6.46569
11,205,1.94807,0.05207,0.0811,6.43415
11,206,-3.36286,0.00084,0.00196,6.40291
11,207,-1.78421,0.07511,0.11215,6.37198
11,208,-1.17613,0.2402,0.31048,6.34135
11,209,-1.80883,0.07119,0.10705,6.311
11,210,-1.61389,0.1073,0.15306,6.28095
11,211,9.94189,0.0,0.0,6.25118
11,212,1.56072,0.11934,0.16794,6.2217
11,213,2.75568,0.00611,0.01186,6.19249
11,214,2.614,0.00927,0.01734,6.16355
11,215,-1.01215,0.31205,0.38839,6.13488
11,216,1.669,0.09586,0.13874,6.10648
11,217,1.68241,0.09323,0.13529,6.07834
11,218,-3.69731,0.00025,0.00065,6.05046
11,219,-4.10323,5e-05,0.00015,6.02283
11,220,-4.19874,3e-05,0.0001,5.99545
11,221,0.83233,0.40569,0.48407,5.96833
11,222,-0.67373,0.50085,0.57583,5.94144
11,223,-1.44506,0.14918,0.20397,5.9148
11,224,2.31204,0.02126,0.03674,5.88839
11,225,-2.57994,0.01022,0.01894,5.86222
11,226,-5.18285,0.0,0.0,5.83628
11,227,7.67402,0.0,0.0,5.81057
11,228,1.21951,0.22333,0.29138,5.78509
11,229,5.03154,0.0,0.0,5.75983
11,230,-7.20085,0.0,0.0,5.73478
11,231,5.82791,0.0,0.0,5.70996
11,232,-4.98158,0.0,0.0,5.68534
11,233,5.82572,0.0,0.0,5.66094
11,234,-2.59735,0.00972,0.01809,5.63675
11,235,-2.57456,0.01038,0.0192,5.61277
11,236,-6.88667,0.0,0.0,5.58898
11,237,10.02218,0.0,0.0,5.5654
11,238,4.9239,0.0,1e-05,5.54202
11,239,-4.60752,1e-05,2e-05,5.51883
11,240,-10.02866,0.0,0.0,5.49583
11,241,-1.83751,0.06684,0.10111,5.47303
11,242,-0.91784,0.35923,0.4378,5.45041
11,243,0.98042,0.32744,0.40448,5.42798
11,244,-0.60046,0.54852,0.62192,5.40574
11,245,-3.27442,0.00115,0.0026,5.38367
11,246,-2.21288,0.02744,0.04594,5.36179
11,247,-9.54506,0.0,0.0,5.34008
11,248,0.03554,0.97167,0.97861,5.31855
11,249,0.14034,0.88846,0.91366,5.29719
11,250,1.99291,0.04691,0.07398,5.276
11,251,-1.60353,0.10957,0.1557,5.25498
11,252,-5.00607,0.0,0.0,5.23413
11,253,-0.21333,0.83117,0.86732,5.21344
11,254,4.11691,5e-05,0.00014,5.19291
11,255,-2.91667,0.00373,0.00758,5.17255
11,256,3.01985,0.00268,0.00563,5.15234
11,257,3.33537,0.00093,0.00214,5.1323
11,258,-3.09661,0.00209,0.00449,5.1124
11,259,-4.42962,1e-05,4e-05,5.09266
11,260,2.01808,0.04422,0.07023,5.07308
11,261,3.47031,0.00057,0.00139,5.05364
11,262,-2.99872,0.00287,0.00598,5.03435
11,263,2.48542,0.01333,0.02409,5.01521
11,264,-1.30159,0.19377,0.25669,4.99621
11,265,0.11381,0.90944,0.93045,4.97736
11,266,-7.92918,0.0,0.0,4.95865
11,267,-4.61783,1e-05,2e-05,4.94007
11,268,-0.27949,0.78001,0.8245,4.92164
11,269,1.5071,0.13253,0.18369,4.90335
11,270,-1.8616,0.06336,0.09643,4.88519
11,271,-10.20895,0.0,0.0,4.86716
11,272,-2.48113,0.01349,0.02436,4.84926
11,273,0.23644,0.8132,0.85248,4.8315
11,274,-4.82714,0.0,1e-05,4.81387
11,275,-1.84567,0.06564,0.0995,4.79636
11,276,-6.89332,0.0,0.0,4.77899
11,277,-0.10849,0.91366,0.93419,4.76173
11,278,-6.04202,0.0,0.0,4.7446
11,279,-7.84066,0.0,0.0,4.7276
11,280,-2.77212,0.00582,0.01132,4.71071
11,281,-3.37684,0.0008,0.00188,4.69395
11,282,6.24725,0.0,0.0,4.6773
11,283,-4.44386,1e-05,4e-05,4.66078
11,284,-4.70448,0.0,1e-05,4.64437
11,285,1.29352,0.19654,0.26015,4.62807
11,286,-6.2815,0.0,0.0,4.61189
11,287,-1.04233,0.29786,0.3737,4.59582
11,288,-0.92792,0.35398,0.43262,4.57986
11,289,-7.41847,0.0,0.0,4.56401
11,290,9.18962,0.0,0.0,4.54828
11,291,5.75656,0.0,0.0,4.53265
11,292,-3.49412,0.00053,0.00128,4.51712
11,293,-2.01472,0.04457,0.07068,4.50171
11,294,1.51072,0.13161,0.18261,4.48639
11,295,-0.7319,0.46464,0.54164,4.47119
11,296,8.8149,0.0,0.0,4.45608
11,297,0.38255,0.70224,0.75832,4.44108
11,298,3.1716,0.00163,0.00359,4.42617
11,299,-7.46839,0.0,0.0,4.41137
11,300,-2.85554,0.00451,0.00901,4.39667
11,301,-5.53729,0.0,0.0,4.38206
11,302,1.14525,0.25275,0.32423,4.36755
11,303,0.45742,0.6476,0.71035,4.35314
11,304,0.01004,0.992,0.99448,4.33882
11,305,-2.26423,0.02407,0.04095,4.32459
11,306,-3.34302,0.0009,0.00209,4.31046
11,307,4.99291,0.0,0.0,4.29642
11,308,6.80524,0.0,0.0,4.28247
11,309,2.94697,0.00339,0.00694,4.26861
11,310,0.06032,0.95193,0.96358,4.25484
11,311,3.21131,0.00142,0.00316,4.24116
11,312,-1.31041,0.19077,0.25319,4.22756
11,313,-7.96764,0.0,0.0,4.21406
11,314,1.72695,0.08491,0.12471,4.20064
11,315,0.32419,0.74596,0.79608,4.1873
11,316,-2.73988,0.00641,0.01238,4.17405
11,317,-8.3005,0.0,0.0,4.16088
11,318,3.03671,0.00254,0.00536,4.1478
11,319,4.73879,0.0,1e-05,4.1348
11,320,-1.92812,0.05451,0.08448,4.12188
11,321,-2.75018,0.00621,0.01205,4.10903
11,322,-0.65647,0.51188,0.58595,4.09627
11,323,5.26353,0.0,0.0,4.08359
11,324,3.47236,0.00057,0.00138,4.07099
11,325,2.82381,0.00497,0.00983,4.05846
11,326,4.65858,0.0,2e-05,4.04601
11,327,-1.34366,0.17978,0.24032,4.03364
11,328,-1.39844,0.16272,0.22031,4.02134
11,329,0.50985,0.61042,0.67812,4.00912
11,330,1.81424,0.07035,0.10585,3.99697
11,331,0.88514,0.37659,0.45458,3.98489
11,332,-2.69585,0.0073,0.01397,3.97289
11,333,-2.81148,0.00516,0.01016,3.96096
11,334,0.72832,0.46682,0.54358,3.9491
11,335,-9.54423,0.0,0.0,3.93731
11,336,-2.4325,0.01541,0.02743,3.9256
11,337,4.5761,1e-05,2e-05,3.91395
11,338,-0.50264,0.61548,0.6826,3.90237
11,339,-1.91612,0.05603,0.08659,3.89086
11,340,-1.68355,0.09301,0.13503,3.87941
11,341,-0.18284,0.85501,0.88637,3.86804
11,342,4.37033,2e-05,5e-05,3.85673
11,343,-9.19235,0.0,0.0,3.84548
11,344,-0.22613,0.82121,0.85979,3.8343
11,345,5.66103,0.0,0.0,3.82319
11,346,-0.27341,0.78467,0.82864,3.81214
11,347,-3.47244,0.00057,0.00138,3.80115
11,348,2.43291,0.01539,0.02741,3.79023
11,349,-4.43083,1e-05,4e-05,3.77937
11,350,-3.33565,0.00093,0.00214,3.76857
11,351,-1.19813,0.23154,0.30072,3.75783
11,352,-1.68827,0.0921,0.13384,3.74716
11,353,-0.90964,0.36353,0.44213,3.73654
11,354,-0.65927,0.51008,0.58423,3.72599
11,355,2.51011,0.01244,0.02263,3.71549
11,356,-0.98938,0.32305,0.39989,3.70506
11,357,-8.53612,0.0,0.0,3.69468
11,358,5.41607,0.0,0.0,3.68436
11,359,-2.20586,0.02793,0.04666,3.67409
11,360,-0.65181,0.51488,0.58871,3.66389
11,361,-3.28176,0.00112,0.00254,3.65374
11,362,4.94957,0.0,0.0,3.64365
11,363,-1.64653,0.1004,0.1445,3.63361
11,364,9.70619,0.0,0.0,3.62363
11,365,-6.60432,0.0,0.0,3.6137
11,366,4.63075,0.0,2e-05,3.60383
11,367,-2.33876,0.01981,0.03445,3.59401
11,368,4.31833,2e-05,6e-05,3.58424
11,369,-1.53288,0.12606,0.17608,3.57453
11,370,-1.27746,0.20214,0.2668,3.56486
11,371,1.6235,0.10523,0.15058,3.55526
11,372,3.84248,0.00014,0.00039,3.5457
11,373,3.06201,0.00234,0.00499,3.53619
11,374,-1.78595,0.07483,0.11176,3.52674
11,375,-3.16018,0.00169,0.00371,3.51733
11,376,-0.78123,0.43511,0.51243,3.50798
11,377,2.91314,0.00377,0.00765,3.49867
11,378,2.13863,0.03304,0.05416,3.48942
11,379,-1.0616,0.28903,0.36408,3.48021
11,380,-1.55965,0.11959,0.16818,3.47105
11,381,-5.44525,0.0,0.0,3.46194
11,382,1.78435,0.07509,0.11213,3.45288
11,383,4.56124,1e-05,2e-05,3.44386
11,384,-2.88861,0.00407,0.0082,3.4349
11,385,1.20926,0.22724,0.29575,3.42597
11,386,2.10854,0.03557,0.05781,3.4171
11,387,5.05476,0.0,0.0,3.40827
11,388,-3.48893,0.00054,0.0013,3.39948
11,389,-1.42098,0.15606,0.21222,3.39075
11,390,-4.24919,3e-05,8e-05,3.38205
11,391,-7.27062,0.0,0.0,3.3734
11,392,3.99285,8e-05,0.00023,3.3648
11,393,-0.02835,0.9774,0.98299,3.35623
11,394,4.09846,5e-05,0.00015,3.34772
11,395,-6.48678,0.0,0.0,3.33924
11,396,2.81258,0.00514,0.01013,3.33081
11,397,-4.4545,1e-05,4e-05,3.32242
11,398,5.96709,0.0,0.0,3.31407
11,399,-1.36542,0.17285,0.2323,3.30576
11,400,3.05888,0.00236,0.00503,3.2975
11,401,1.28277,0.20028,0.26458,3.28928
11,402,6.5255,0.0,0.0,3.28109
11,403,2.48345,0.0134,0.02422,3.27295
11,404,5.28229,0.0,0.0,3.26485
11,405,2.71694,0.00686,0.01318,3.25679
11,406,1.62465,0.10498,0.1503,3.24877
11,407,-1.21199,0.22619,0.29478,3.24079
11,408,3.93623,0.0001,0.00028,3.23284
11,409,-8.32179,0.0,0.0,3.22494
11,410,-8.66309,0.0,0.0,3.21707
11,411,3.81603,0.00016,0.00043,3.20925
11,412,-1.03446,0.30151,0.37753,3.20146
11,413,-5.40247,0.0,0.0,3.1937
11,414,-1.37012,0.17138,0.2306,3.18599
11,415,4.07202,6e-05,0.00017,3.17831
11,416,-2.96965,0.00315,0.00651,3.17067
11,417,-4.30467,2e-05,7e-05,3.16307
11,418,-1.12766,0.2601,0.33228,3.1555
11,419,-2.40283,0.0167,0.02948,3.14797
11,420,-0.08949,0.92873,0.94584,3.14048
11,421,-1.76335,0.07856,0.11666,3.13302
11,422,0.13628,0.89166,0.91613,3.12559
11,423,-1.43744,0.15134,0.2066,3.1182
11,424,3.5849,0.00038,0.00095,3.11085
11,425,-2.72146,0.00677,0.013,3.10353
11,426,-1.45497,0.14642,0.2005,3.09624
11,427,7.88318,0.0,0.0,3.08899
11,428,-1.75887,0.07932,0.11748,3.08178
11,429,7.38094,0.0,0.0,3.07459
11,430,-3.76217,0.00019,0.00052,3.06744
11,431,-1.55095,0.12166,0.17078,3.06032
11,432,5.32223,0.0,0.0,3.05324
11,433,2.85994,0.00445,0.0089,3.04619
11,434,-4.98844,0.0,0.0,3.03917
11,435,-4.30449,2e-05,7e-05,3.03218
11,436,0.91578,0.3603,0.43896,3.02523
11,437,-1.06888,0.28573,0.36048,3.01831
11,438,3.81457,0.00016,0.00043,3.01142
11,439,2.62898,0.00888,0.01666,3.00456
11,440,7.07719,0.0,0.0,2.99773
11,441,7.68417,0.0,0.0,2.99093
11,442,-1.77219,0.07709,0.1147,2.98416
11,443,1.85147,0.0648,0.09843,2.97743
11,444,-5.74309,0.0,0.0,2.97072
11,445,0.38643,0.69937,0.75563,2.96404
11,446,5.78838,0.0,0.0,2.9574
11,447,-2.01871,0.04415,0.07015,2.95078
11,448,-8.50964,0.0,0.0,2.9442
11,449,0.75727,0.44931,0.52631,2.93764
11,450,1.6771,0.09426,0.13669,2.93111
11,451,1.83285,0.06753,0.10199,2.92461
11,452,1.85742,0.06395,0.09727,2.91814
11,453,-4.50185,1e-05,3e-05,2.9117
11,454,-3.44307,0.00063,0.00152,2.90529
11,455,4.25754,3e-05,8e-05,2.8989
11,456,1.07598,0.28255,0.35705,2.89254
11,457,0.82384,0.4105,0.48864,2.88621
11,458,7.24446,0.0,0.0,2.87991
11,459,-3.50978,0.0005,0.00122,2.87364
11,460,0.06633,0.94715,0.95981,2.86739
11,461,-2.33715,0.0199,0.03458,2.86117
11,462,5.10724,0.0,0.0,2.85498
11,463,-4.74138,0.0,1e-05,2.84881
11,464,1.04492,0.29666,0.37262,2.84267
11,465,-4.67428,0.0,2e-05,2.83656
11,466,-0.92317,0.35645,0.4351,2.83047
11,467,-4.87458,0.0,1e-05,2.82441
11,468,6.57297,0.0,0.0,2.81838
11,469,-7.42084,0.0,0.0,2.81237
11,470,-0.66988,0.5033,0.57818,2.80638
11,471,7.48286,0.0,0.0,2.80042
11,472,3.97934,8e-05,0.00024,2.79449
11,473,6.43222,0.0,0.0,2.78858
11,474,4.09492,5e-05,0.00015,2.7827
11,475,3.33776,0.00092,0.00212,2.77684
11,476,1.67377,0.09492,0.13752,2.77101
11,477,-3.26574,0.00118,0.00267,2.7652
11,478,-0.53927,0.58999,0.66018,2.75941
11,479,-3.87064,0.00013,0.00035,2.75365
11,480,-6.79884,0.0,0.0,2.74792
11,481,-6.5314,0.0,0.0,2.7422
11,482,-8.0706,0.0,0.0,2.73651
11,483,-3.6463,0.0003,0.00077,2.73085
11,484,-3.39137,0.00076,0.00179,2.72521
11,485,9.44958,0.0,0.0,2.71959
11,486,3.07178,0.00227,0.00484,2.71399
11,487,-10.70038,0.0,0.0,2.70842
11,488,-2.30259,0.02179,0.03758,2.70287
11,489,-1.42711,0.15429,0.21009,2.69734
11,490,3.75638,0.0002,0.00053,2.69184
11,491,-3.64821,0.0003,0.00077,2.68635
11,492,-1.07379,0.28353,0.35815,2.68089
11,493,-3.29087,0.00108,0.00246,2.67546
11,494,8.29681,0.0,0.0,2.67004
11,495,3.38084,0.00079,0.00185,2.66465
11,496,-2.1204,0.03455,0.05634,2.65927
11,497,-3.35628,0.00086,0.002,2.65392
11,498,-4.91788,0.0,1e-05,2.64859
11,499,-8.93382,0.0,0.0,2.64329
11,500,-3.20612,0.00145,0.00322,2.638
11,501,3.05826,0.00237,0.00504,2.63273
11,502,4.14421,4e-05,0.00013,2.62749
11,503,-1.82116,0.06929,0.10438,2.62227
11,504,-1.60747,0.1087,0.15478,2.61706
11,505,0.69975,0.48447,0.5604,2.61188
11,506,1.10566,0.2695,0.34234,2.60672
11,507,2.27869,0.02318,0.03969,2.60158
11,508,-0.23909,0.81115,0.85077,2.59646
11,509,4.46256,1e-05,4e-05,2.59136
11,510,5.09778,0.0,0.0,2.58627
11,511,-2.10578,0.03581,0.05813,2.58121
11,512,-1.21081,0.22665,0.29516,2.57617
11,513,-0.96709,0.33405,0.41163,2.57115
11,514,5.6269,0.0,0.0,2.56615
11,515,-0.56,0.57578,0.64769,2.56117
11,516,8.24701,0.0,0.0,2.5562
11,517,2.20283,0.02815,0.04698,2.55126
11,518,1.63816,0.10213,0.1467,2.54633
11,519,0.24403,0.80733,0.84729,2.54143
11,520,1.27057,0.20458,0.26987,2.53654
11,521,-4.22864,3e-05,9e-05,2.53167
11,522,0.32062,0.74866,0.79784,2.52682
11,523,-2.74336,0.00634,0.01227,2.52199
11,524,-1.44251,0.1499,0.20478,2.51718
11,525,-1.94555,0.05237,0.08149,2.51238
11,526,0.04054,0.96768,0.97558,2.5076
11,527,-1.84677,0.06548,0.09933,2.50285
11,528,-0.12511,0.9005,0.92319,2.49811
11,529,-0.53739,0.59128,0.66119,2.49338
11,530,-3.29721,0.00106,0.00242,2.48868
11,531,-5.51799,0.0,0.0,2.48399
11,532,-2.4866,0.01328,0.02402,2.47932
11,533,3.56842,0.0004,0.001,2.47467
11,534,-4.33095,2e-05,6e-05,2.47004
11,535,3.12581,0.0019,0.00412,2.46542
11,536,-1.0232,0.3068,0.38286,2.46082
11,537,0.31237,0.75491,0.80323,2.45624
11,538,-4.59442,1e-05,2e-05,2.45167
11,539,-3.34918,0.00088,0.00205,2.44712
11,540,-2.15591,0.03166,0.05217,2.44259
11,541,-3.512,0.00049,0.00121,2.43808
11,542,-4.73292,0.0,1e-05,2.43358
11,543,-1.24153,0.2151,0.28196,2.4291
11,544,8.2467,0.0,0.0,2.42463
11,545,1.26906,0.20512,0.27054,2.42018
11,546,0.0888,0.92929,0.94631,2.41575
11,547,6.45315,0.0,0.0,2.41133
11,548,-6.56303,0.0,0.0,2.40693
11,549,-3.66157,0.00028,0.00073,2.40255
11,550,-2.44343,0.01496,0.02675,2.39818
11,551,2.20723,0.02784,0.04653,2.39383
11,552,8.29273,0.0,0.0,2.38949
11,553,-5.39711,0.0,0.0,2.38517
11,554,-2.47977,0.01354,0.02442,2.38087
11,555,-5.2015,0.0,0.0,2.37658
11,556,-3.34624,0.00089,0.00207,2.3723
11,557,-2.59406,0.00982,0.01825,2.36804
11,558,2.81793,0.00506,0.00999,2.3638
11,559,3.78796,0.00017,0.00047,2.35957
11,560,-3.3319,0.00094,0.00216,2.35536
11,561,-3.5066,0.0005,0.00123,2.35116
11,562,-3.94311,9e-05,0.00027,2.34698
11,563,1.42607,0.15459,0.21041,2.34281
11,564,-3.48728,0.00054,0.00131,2.33865
11,565,-2.29105,0.02245,0.03862,2.33451
11,566,-3.96997,8e-05,0.00025,2.33039
11,567,-3.08615,0.00216,0.00463,2.32628
11,568,0.4335,0.66487,0.72588,2.32218
11,569,-3.34085,0.00091,0.0021,2.3181
11,570,-7.56685,0.0,0.0,2.31404
11,571,4.95596,0.0,0.0,2.30998
11,572,-2.82379,0.00497,0.00983,2.30594
11,573,4.40232,1e-05,5e-05,2.30192
11,574,-2.20372,0.02808,0.04689,2.29791
11,575,4.87452,0.0,1e-05,2.29391
11,576,-8.30829,0.0,0.0,2.28993
11,577,-2.94195,0.00344,0.00704,2.28596
11,578,-0.43076,0.66687,0.72758,2.28201
11,579,0.09063,0.92783,0.94511,2.27807
11,580,-3.52997,0.00046,0.00114,2.27414
11,581,-6.53797,0.0,0.0,2.27022
11,582,4.79013,0.0,1e-05,2.26632
11,583,0.34028,0.73381,0.78613,2.26244
11,584,1.07125,0.28467,0.35937,2.25856
11,585,3.70978,0.00024,0.00062,2.2547
11,586,5.26259,0.0,0.0,2.25085
11,587,0.3257,0.74482,0.79536,2.24702
11,588,4.60293,1e-05,2e-05,2.2432
11,589,-3.26338,0.00119,0.00269,2.23939
11,590,4.93953,0.0,0.0,2.23559
11,591,1.10084,0.27159,0.34468,2.23181
11,592,-0.66414,0.50697,0.58126,2.22804
11,593,-0.66519,0.50629,0.58068,2.22428
11,594,-5.71856,0.0,0.0,2.22054
11,595,-0.7513,0.45289,0.53001,2.21681
11,596,8.16219,0.0,0.0,2.21309
11,597,1.40695,0.16018,0.21725,2.20938
11,598,-0.3555,0.72239,0.77614,2.20569
11,599,3.69759,0.00025,0.00065,2.202
11,600,4.60457,1e-05,2e-05,2.19833
11,601,3.27012,0.00116,0.00264,2.19468
11,602,-0.8011,0.42353,0.50186,2.19103
11,603,1.80665,0.07153,0.10746,2.1874
11,604,-2.95275,0.00333,0.00683,2.18377
11,605,-0.34347,0.73142,0.78373,2.18017
11,606,-3.62779,0.00032,0.00082,2.17657
11,607,-6.36689,0.0,0.0,2.17298
11,608,2.74685,0.00627,0.01216,2.16941
11,609,0.82548,0.40956,0.48774,2.16585
11,610,3.32474,0.00096,0.00221,2.1623
11,611,1.77363,0.07685,0.1144,2.15876
11,612,-3.65891,0.00029,0.00074,2.15523
11,613,2.49103,0.01312,0.02376,2.15171
11,614,-6.38667,0.0,0.0,2.14821
11,615,4.98601,0.0,0.0,2.14472
11,616,-0.66431,0.50685,0.58119,2.14123
11,617,0.56022,0.57563,0.64766,2.13776
11,618,2.69012,0.00743,0.0142,2.1343
11,619,1.74332,0.08201,0.12104,2.13086
11,620,-1.87205,0.06189,0.09456,2.12742
11,621,0.09601,0.92356,0.94201,2.12399
11,622,-8.26284,0.0,0.0,2.12058
11,623,0.00211,0.99832,0.99882,2.11717
11,624,-2.37672,0.01791,0.0314,2.11378
11,625,4.66282,0.0,2e-05,2.1104
11,626,0.16449,0.86942,0.89805,2.10703
11,627,-0.54874,0.58347,0.6545,2.10367
11,628,-3.29091,0.00108,0.00246,2.10032
11,629,1.12425,0.26155,0.33379,2.09698
11,630,4.37345,2e-05,5e-05,2.09365
11,631,-1.80091,0.07243,0.10859,2.09033
11,632,-1.0028,0.31653,0.39309,2.08703
11,633,3.65737,0.00029,0.00074,2.08373
11,634,3.35144,0.00088,0.00204,2.08044
11,635,3.83012,0.00015,0.00041,2.07717
11,636,-1.90292,0.05773,0.08892,2.0739
11,637,2.04226,0.04175,0.06669,2.07064
11,638,-3.11925,0.00194,0.0042,2.0674
11,639,3.75004,0.0002,0.00054,2.06416
11,640,6.04353,0.0,0.0,2.06094
11,641,1.81438,0.07033,0.10583,2.05772
11,642,3.21963,0.00138,0.00308,2.05452
11,643,2.49449,0.013,0.02355,2.05132
11,644,-3.66625,0.00028,0.00072,2.04814
11,645,-4.61163,1e-05,2e-05,2.04496
11,646,2.35519,0.01897,0.03307,2.0418
11,647,-2.25095,0.0249,0.04222,2.03864
11,648,5.11282,0.0,0.0,2.03549
11,649,3.65061,0.00029,0.00076,2.03236
11,650,0.99572,0.31996,0.39671,2.02923
11,651,1.31796,0.18823,0.25019,2.02611
11,652,0.22354,0.82322,0.86145,2.02301
11,653,-5.30024,0.0,0.0,2.01991
11,654,-4.17794,4e-05,0.00011,2.01682
11,655,-7.85419,0.0,0.0,2.01374
11,656,5.99492,0.0,0.0,2.01067
11,657,2.94831,0.00337,0.00691,2.00761
11,658,1.97779,0.0486,0.07641,2.00456
11,659,5.00958,0.0,0.0,2.00152
12,1,1.70337,0.08924,0.13008,1040.0
12,2,1.23194,0.21866,0.28618,520.0
12,3,-5.34152,0.0,0.0,346.66667
12,4,-4.93809,0.0,0.0,260.0
12,5,2.52275,0.01201,0.02196,208.0
12,6,2.27352,0.0235,0.04012,173.33333
12,7,-0.09106,0.92749,0.94492,148.57143
12,8,5.13067,0.0,0.0,130.0
12,9,3.95259,9e-05,0.00026,115.55556
12,10,-1.92563,0.05482,0.08491,104.0
12,11,-6.11309,0.0,0.0,94.54545
12,12,4.02672,7e-05,0.0002,86.66667
12,13,-8.86193,0.0,0.0,80.0
12,14,5.02709,0.0,0.0,74.28571
12,15,4.11562,5e-05,0.00014,69.33333
12,16,-3.38694,0.00077,0.00182,65.0
12,17,0.43946,0.66055,0.72217,61.17647
12,18,-4.13546,4e-05,0.00013,57.77778
12,19,-4.01706,7e-05,0.00021,54.73684
12,20,1.24359,0.21434,0.28111,52.0
12,21,-1.21063,0.22672,0.29522,49.52381
12,22,-5.36946,0.0,0.0,47.27273
12,23,-0.21312,0.83133,0.86739,45.21739
12,24,-2.33501,0.02001,0.03476,43.33333
12,25,-0.68326,0.49482,0.5702,41.6
12,26,3.9397,0.0001,0.00028,40.0
12,27,-0.48268,0.62957,0.69461,38.51852
12,28,11.12117,0.0,0.0,37.14286
12,29,1.12154,0.2627,0.33509,35.86207
12,30,-7.86472,0.0,0.0,34.66667
12,31,6.59501,0.0,0.0,33.54839
12,32,-1.00297,0.31645,0.39309,32.5
12,33,2.48638,0.01329,0.02403,31.51515
12,34,3.49696,0.00052,0.00127,30.58824
12,35,3.86516,0.00013,0.00036,29.71429
12,36,-3.03859,0.00252,0.00533,28.88889
12,37,0.78971,0.43014,0.50772,28.10811
12,38,0.61246,0.54056,0.61352,27.36842
12,39,-3.15948,0.00169,0.00372,26.66667
12,40,-5.41529,0.0,0.0,26.0
12,41,3.02486,0.00264,0.00555,25.36585
12,42,-4.67679,0.0,1e-05,24.7619
12,43,4.20014,3e-05,0.0001,24.18605
12,44,-0.84158,0.4005,0.47883,23.63636
12,45,2.65489,0.00823,0.01559,23.11111
12,46,-8.07306,0.0,0.0,22.6087
12,47,-2.43139,0.01546,0.02749,22.12766
12,48,-2.55659,0.01092,0.02013,21.66667
12,49,2.95659,0.00329,0.00675,21.22449
12,50,5.525,0.0,0.0,20.8
12,51,-1.03261,0.30238,0.37839,20.39216
12,52,4.63961,0.0,2e-05,20.0
12,53,-1.24852,0.21253,0.27907,19.62264
12,54,1.28046,0.20109,0.26551,19.25926
12,55,-5.43779,0.0,0.0,18.90909
12,56,0.08393,0.93315,0.94939,18.57143
12,57,5.02469,0.0,0.0,18.24561
12,58,3.169,0.00164,0.00361,17.93103
12,59,-7.27442,0.0,0.0,17.62712
12,60,0.25278,0.80056,0.84213,17.33333
12,61,5.32074,0.0,0.0,17.04918
12,62,3.15269,0.00173,0.00379,16.77419
12,63,3.94074,0.0001,0.00027,16.50794
12,64,4.33965,2e-05,6e-05,16.25
12,65,-7.59238,0.0,0.0,16.0
12,66,-5.06045,0.0,0.0,15.75758
12,67,-1.60606,0.10901,0.15513,15.52239
12,68,-3.67999,0.00026,0.00069,15.29412
12,69,0.22307,0.82359,0.86173,15.07246
12,70,5.31345,0.0,0.0,14.85714
12,71,0.31625,0.75197,0.80052,14.64789
12,72,5.00189,0.0,0.0,14.44444
12,73,1.04239,0.29783,0.3737,14.24658
12,74,-1.71495,0.08709,0.12739,14.05405
12,75,10.95357,0.0,0.0,13.86667
12,76,1.11393,0.26594,0.33867,13.68421
12,77,-3.64001,0.00031,0.00079,13.50649
12,78,9.1573,0.0,0.0,13.33333
12,79,-2.08785,0.03741,0.06049,13.16456
12,80,-0.89413,0.37176,0.45012,13.0
12,81,6.07596,0.0,0.0,12.83951
12,82,-0.04988,0.96024,0.97013,12.68293
12,83,-0.01085,0.99134,0.99403,12.53012
12,84,0.99512,0.32025,0.39697,12.38095
12,85,0.06436,0.94871,0.961,12.23529
12,86,0.76799,0.44292,0.51998,12.09302
12,87,3.90324,0.00011,0.00031,11.95402
12,88,-0.81021,0.41828,0.49629,11.81818
12,89,-5.36541,0.0,0.0,11.68539
12,90,-1.25005,0.21197,0.27845,11.55556
12,91,-0.84617,0.39794,0.47622,11.42857
12,92,3.43517,0.00065,0.00155,11.30435
12,93,-1.35364,0.17657,0.23662,11.1828
12,94,2.41251,0.01627,0.02882,11.06383
12,95,1.47281,0.14155,0.19462,10.94737
12,96,0.40959,0.68231,0.74171,10.83333
12,97,-2.52271,0.01201,0.02196,10.72165
12,98,5.00851,0.0,0.0,10.61224
12,99,-0.47928,0.63198,0.69674,10.50505
12,100,6.183,0.0,0.0,10.4
12,101,-4.19002,3e-05,0.00011,10.29703
12,102,-4.68494,0.0,1e-05,10.19608
12,103,-5.64775,0.0,0.0,10.09709
12,104,8.18475,0.0,0.0,10.0
12,105,0.21546,0.82951,0.86612,9.90476
12,106,-5.31066,0.0,0.0,9.81132
12,107,-0.44464,0.65681,0.71874,9.71963
12,108,7.98259,0.0,0.0,9.62963
12,109,-0.57289,0.56703,0.63977,9.54128
12,110,-4.5795,1e-05,2e-05,9.45455
12,111,-1.27961,0.20139,0.26587,9.36937
12,112,-4.72262,0.0,1e-05,9.28571
12,113,3.50704,0.0005,0.00123,9.20354
12,114,6.39318,0.0,0.0,9.12281
12,115,-0.40085,0.68873,0.74687,9.04348
12,116,1.38266,0.1675,0.22602,8.96552
12,117,4.22024,3e-05,9e-05,8.88889
12,118,-3.03853,0.00253,0.00533,8.81356
12,119,-2.10515,0.03587,0.05819,8.7395
12,120,5.33959,0.0,0.0,8.66667
12,121,-7.91259,0.0,0.0,8.59504
12,122,-0.3,0.76433,0.81092,8.52459
12,123,-3.91676,0.0001,0.0003,8.45528
12,124,-4.13751,4e-05,0.00013,8.3871
12,125,-2.64242,0.00854,0.01611,8.32
12,126,6.35443,0.0,0.0,8.25397
12,127,-1.7634,0.07856,0.11666,8.18898
12,128,6.32728,0.0,0.0,8.125
12,129,4.21757,3e-05,0.0001,8.06202
12,130,-7.01838,0.0,0.0,8.0
12,131,-2.61624,0.00921,0.01723,7.93893
12,132,0.4971,0.61938,0.68556,7.87879
12,133,-2.30261,0.02179,0.03758,7.81955
12,134,-2.76894,0.00587,0.01142,7.76119
12,135,-7.75473,0.0,0.0,7.7037
12,136,-1.74368,0.08194,0.12096,7.64706
12,137,-3.12653,0.00189,0.00411,7.59124
12,138,1.13485,0.25708,0.32894,7.53623
12,139,-8.99951,0.0,0.0,7.48201
12,140,7.94996,0.0,0.0,7.42857
12,141,0.54398,0.58674,0.65721,7.37589
12,142,-1.3126,0.19003,0.25231,7.32394
12,143,-5.09871,0.0,0.0,7.27273
12,144,-1.31489,0.18926,0.25142,7.22222
12,145,2.92777,0.0036,0.00734,7.17241
12,146,2.65043,0.00834,0.01576,7.12329
12,147,3.15479,0.00172,0.00377,7.07483
12,148,-3.22679,0.00135,0.00301,7.02703
12,149,6.19867,0.0,0.0,6.97987
12,150,-2.90765,0.00383,0.00778,6.93333
12,151,0.77289,0.44002,0.51724,6.88742
12,152,2.44179,0.01502,0.02685,6.84211
12,153,-1.66831,0.096,0.1389,6.79739
12,154,-5.13516,0.0,0.0,6.75325
12,155,0.38299,0.70192,0.75805,6.70968
12,156,0.70336,0.48222,0.55813,6.66667
12,157,-1.39983,0.1623,0.21992,6.6242
12,158,-0.87144,0.38401,0.46193,6.58228
12,159,5.65608,0.0,0.0,6.54088
12,160,-3.29925,0.00105,0.0024,6.5
12,161,4.26396,2e-05,8e-05,6.45963
12,162,7.19293,0.0,0.0,6.41975
12,163,-7.94584,0.0,0.0,6.38037
12,164,5.20401,0.0,0.0,6.34146
12,165,-1.91143,0.05663,0.08739,6.30303
12,166,3.03243,0.00258,0.00543,6.26506
12,167,-7.89902,0.0,0.0,6.22754
12,168,-1.29514,0.19598,0.25948,6.19048
12,169,-2.86194,0.00442,0.00885,6.15385
12,170,0.34737,0.72848,0.78118,6.11765
12,171,-1.29088,0.19745,0.26122,6.08187
12,172,-1.03899,0.29941,0.37527,6.04651
12,173,0.31857,0.75021,0.79891,6.01156
12,174,-0.9554,0.33992,0.41814,5.97701
12,175,-7.47002,0.0,0.0,5.94286
12,176,-5.61374,0.0,0.0,5.90909
12,177,-0.14066,0.88821,0.91349,5.87571
12,178,9.00689,0.0,0.0,5.8427
12,179,-5.91497,0.0,0.0,5.81006
12,180,0.00646,0.99485,0.99644,5.77778
12,181,0.53901,0.59017,0.66024,5.74586
12,182,-3.0459,0.00247,0.00522,5.71429
12,183,-7.1907,0.0,0.0,5.68306
12,184,4.87956,0.0,1e-05,5.65217
12,185,0.26704,0.78957,0.83261,5.62162
12,186,2.43232,0.01542,0.02744,5.5914
12,187,0.53375,0.5938,0.66326,5.5615
12,188,0.19658,0.84425,0.87823,5.53191
12,189,2.65349,0.00827,0.01564,5.50265
12,190,-2.18706,0.02929,0.04868,5.47368
12,191,4.16992,4e-05,0.00012,5.44503
12,192,-2.66516,0.00799,0.01519,5.41667
12,193,3.62462,0.00032,0.00083,5.3886
12,194,2.58032,0.01021,0.01892,5.36082
12,195,-3.78805,0.00017,0.00047,5.33333
12,196,-6.19488,0.0,0.0,5.30612
12,197,-0.57411,0.5662,0.63892,5.27919
12,198,-8.74452,0.0,0.0,5.25253
12,199,-8.20865,0.0,0.0,5.22613
12,200,-1.99727,0.04644,0.0733,5.2
12,201,4.17727,4e-05,0.00011,5.17413
12,202,-1.78773,0.07454,0.11139,5.14851
12,203,1.30628,0.19217,0.25487,5.12315
12,204,-7.48209,0.0,0.0,5.09804
12,205,0.07156,0.94298,0.95724,5.07317
12,206,-0.87324,0.38303,0.46098,5.04854
12,207,-4.91975,0.0,1e-05,5.02415
12,208,-3.80762,0.00016,0.00044,5.0
12,209,0.68138,0.496,0.57131,4.97608
12,210,-2.62826,0.0089,0.01669,4.95238
12,211,-4.74855,0.0,1e-05,4.92891
12,212,0.51339,0.60795,0.67589,4.90566
12,213,-2.73519,0.0065,0.01254,4.88263
12,214,4.18725,3e-05,0.00011,4.85981
12,215,3.52444,0.00047,0.00116,4.83721
12,216,4.47107,1e-05,4e-05,4.81481
12,217,-0.60723,0.54402,0.6171,4.79263
12,218,1.51349,0.1309,0.1818,4.77064
12,219,-3.95214,9e-05,0.00026,4.74886
12,220,-2.004,0.04571,0.07231,4.72727
12,221,-5.43668,0.0,0.0,4.70588
12,222,-3.88968,0.00012,0.00033,4.68468
12,223,1.79377,0.07357,0.11014,4.66368
12,224,-0.38837,0.69794,0.75465,4.64286
12,225,-4.32726,2e-05,6e-05,4.62222
12,226,7.62572,0.0,0.0,4.60177
12,227,3.90492,0.00011,0.00031,4.5815
12,228,-6.23015,0.0,0.0,4.5614
12,229,2.8425,0.00469,0.00934,4.54148
12,230,-2.65624,0.0082,0.01554,4.52174
12,231,2.18532,0.02941,0.04887,4.50216
12,232,-4.46005,1e-05,4e-05,4.48276
12,233,7.43016,0.0,0.0,4.46352
12,234,-4.48942,1e-05,3e-05,4.44444
12,235,2.90061,0.00392,0.00793,4.42553
12,236,8.04727,0.0,0.0,4.40678
12,237,2.40852,0.01645,0.02909,4.38819
12,238,1.82033,0.06942,0.10454,4.36975
12,239,-2.32586,0.0205,0.03558,4.35146
12,240,-2.60164,0.0096,0.0179,4.33333
12,241,3.33049,0.00094,0.00217,4.31535
12,242,-5.73163,0.0,0.0,4.29752
12,243,-4.49016,1e-05,3e-05,4.27984
12,244,1.06998,0.28524,0.35995,4.2623
12,245,5.36146,0.0,0.0,4.2449
12,246,6.5356,0.0,0.0,4.22764
12,247,3.71507,0.00023,0.00061,4.21053
12,248,-0.05197,0.95857,0.96884,4.19355
12,249,1.44738,0.14853,0.2032,4.17671
12,250,-4.73682,0.0,1e-05,4.16
12,251,-1.64133,0.10147,0.1459,4.14343
12,252,4.86218,0.0,1e-05,4.12698
12,253,-2.7684,0.00588,0.01143,4.11067
12,254,4.27237,2e-05,8e-05,4.09449
12,255,4.38245,1e-05,5e-05,4.07843
12,256,-3.7957,0.00017,0.00046,4.0625
12,257,-8.72391,0.0,0.0,4.04669
12,258,2.21847,0.02705,0.04538,4.03101
12,259,-2.17981,0.02982,0.04943,4.01544
12,260,-8.28021,0.0,0.0,4.0
12,261,3.0246,0.00264,0.00555,3.98467
12,262,1.91834,0.05574,0.08619,3.96947
12,263,-2.98621,0.00299,0.0062,3.95437
12,264,0.77141,0.4409,0.51789,3.93939
12,265,3.75208,0.0002,0.00054,3.92453
12,266,-1.6999,0.08989,0.13087,3.90977
12,267,0.60899,0.54286,0.61592,3.89513
12,268,5.81781,0.0,0.0,3.8806
12,269,-5.90016,0.0,0.0,3.86617
12,270,7.05391,0.0,0.0,3.85185
12,271,3.20259,0.00147,0.00326,3.83764
12,272,4.41076,1e-05,4e-05,3.82353
12,273,-3.05096,0.00243,0.00514,3.80952
12,274,0.00605,0.99518,0.99657,3.79562
12,275,5.06172,0.0,0.0,3.78182
12,276,1.16214,0.24584,0.31657,3.76812
12,277,-3.04914,0.00244,0.00517,3.75451
12,278,3.36617,0.00083,0.00194,3.74101
12,279,-1.93664,0.05346,0.08301,3.7276
12,280,3.30546,0.00103,0.00235,3.71429
12,281,-3.11982,0.00193,0.00419,3.70107
12,282,2.24076,0.02556,0.0432,3.68794
12,283,-4.35448,2e-05,6e-05,3.67491
12,284,4.93227,0.0,0.0,3.66197
12,285,-6.14266,0.0,0.0,3.64912
12,286,-6.76261,0.0,0.0,3.63636
12,287,-4.72257,0.0,1e-05,3.62369
12,288,1.59967,0.11042,0.15669,3.61111
12,289,6.39644,0.0,0.0,3.59862
12,290,-2.41592,0.01612,0.02858,3.58621
12,291,3.86408,0.00013,0.00036,3.57388
12,292,4.63386,0.0,2e-05,3.56164
12,293,8.49472,0.0,0.0,3.54949
12,294,-1.04262,0.29772,0.37367,3.53741
12,295,-4.54156,1e-05,3e-05,3.52542
12,296,0.86673,0.38658,0.46452,3.51351
12,297,3.57184,0.0004,0.00099,3.50168
12,298,0.11517,0.90836,0.92964,3.48993
12,299,0.0024,0.99808,0.99878,3.47826
12,300,3.75555,0.0002,0.00053,3.46667
12,301,3.81613,0.00016,0.00043,3.45515
12,302,2.45382,0.01454,0.02603,3.44371
12,303,-3.59706,0.00036,0.00091,3.43234
12,304,7.23638,0.0,0.0,3.42105
12,305,-9.32797,0.0,0.0,3.40984
12,306,1.31537,0.1891,0.25127,3.39869
12,307,-2.89723,0.00396,0.00801,3.38762
12,308,7.2625,0.0,0.0,3.37662
12,309,-0.84644,0.39779,0.4761,3.3657
12,310,0.94914,0.34309,0.42163,3.35484
12,311,0.06094,0.95144,0.96318,3.34405
12,312,-4.01767,7e-05,0.00021,3.33333
12,313,-0.38606,0.69964,0.75584,3.32268
12,314,-5.24264,0.0,0.0,3.3121
12,315,3.76983,0.00019,0.0005,3.30159
12,316,1.7886,0.0744,0.11122,3.29114
12,317,-4.20365,3e-05,0.0001,3.28076
12,318,-3.15232,0.00174,0.00379,3.27044
12,319,4.90574,0.0,1e-05,3.26019
12,320,-6.14191,0.0,0.0,3.25
12,321,-3.49314,0.00053,0.00129,3.23988
12,322,-2.01602,0.04443,0.07052,3.22981
12,323,-0.56342,0.57345,0.64558,3.21981
12,324,-0.75248,0.45218,0.5293,3.20988
12,325,1.34239,0.18019,0.24077,3.2
12,326,5.09536,0.0,0.0,3.19018
12,327,1.45723,0.1458,0.19981,3.18043
12,328,-9.42601,0.0,0.0,3.17073
12,329,-5.4685,0.0,0.0,3.16109
12,330,-10.32816,0.0,0.0,3.15152
12,331,7.64675,0.0,0.0,3.14199
12,332,0.32818,0.74294,0.79404,3.13253
12,333,5.09228,0.0,0.0,3.12312
12,334,2.083,0.03785,0.06113,3.11377
12,335,2.00066,0.04607,0.07279,3.10448
12,336,-1.30569,0.19237,0.25507,3.09524
12,337,-1.98303,0.04801,0.07558,3.08605
12,338,4.7044,0.0,1e-05,3.07692
12,339,0.9344,0.35063,0.42938,3.06785
12,340,0.33913,0.73468,0.78672,3.05882
12,341,0.81326,0.41653,0.49462,3.04985
12,342,-2.85521,0.00451,0.00901,3.04094
12,343,3.10109,0.00206,0.00443,3.03207
12,344,3.39926,0.00074,0.00175,3.02326
12,345,0.47272,0.63665,0.7005,3.01449
12,346,6.87965,0.0,0.0,3.00578
12,347,1.56521,0.11828,0.16668,2.99712
12,348,-2.66907,0.0079,0.01504,2.98851
12,349,2.47119,0.01386,0.02494,2.97994
12,350,3.69109,0.00025,0.00066,2.97143
12,351,6.76807,0.0,0.0,2.96296
12,352,1.25037,0.21186,0.27833,2.95455
12,353,2.18412,0.0295,0.04898,2.94618
12,354,-1.43794,0.15119,0.20647,2.93785
12,355,-4.26307,2e-05,8e-05,2.92958
12,356,4.56581,1e-05,2e-05,2.92135
12,357,-1.53295,0.12604,0.17608,2.91317
12,358,0.07353,0.94142,0.95613,2.90503
12,359,-5.69622,0.0,0.0,2.89694
12,360,1.83419,0.06733,0.10175,2.88889
12,361,-3.45789,0.0006,0.00144,2.88089
12,362,2.59977,0.00966,0.01799,2.87293
12,363,-2.65996,0.00811,0.01538,2.86501
12,364,-2.06369,0.03966,0.06376,2.85714
12,365,-5.00235,0.0,0.0,2.84932
12,366,-0.05036,0.95986,0.96994,2.84153
12,367,5.19493,0.0,0.0,2.83379
12,368,5.45764,0.0,0.0,2.82609
12,369,-2.34079,0.01971,0.03427,2.81843
12,370,1.08129,0.28019,0.35469,2.81081
12,371,4.16388,4e-05,0.00012,2.80323
12,372,1.1968,0.23206,0.30123,2.7957
12,373,0.16298,0.87061,0.899,2.7882
12,374,7.57455,0.0,0.0,2.78075
12,375,3.47865,0.00056,0.00135,2.77333
12,376,-2.08355,0.0378,0.06106,2.76596
12,377,-3.908,0.00011,0.00031,2.75862
12,378,2.23241,0.02611,0.04403,2.75132
12,379,-7.15296,0.0,0.0,2.74406
12,380,-1.58241,0.1143,0.16169,2.73684
12,381,5.48947,0.0,0.0,2.72966
12,382,-8.3947,0.0,0.0,2.72251
12,383,4.58223,1e-05,2e-05,2.7154
12,384,-2.96481,0.0032,0.0066,2.70833
12,385,0.28544,0.77544,0.82089,2.7013
12,386,-7.64704,0.0,0.0,2.6943
12,387,-7.99978,0.0,0.0,2.68734
12,388,0.17316,0.86261,0.89249,2.68041
12,389,-6.80888,0.0,0.0,2.67352
12,390,4.50667,1e-05,3e-05,2.66667
12,391,-6.10442,0.0,0.0,2.65985
12,392,-4.82876,0.0,1e-05,2.65306
12,393,-3.57402,0.00039,0.00099,2.64631
12,394,7.87974,0.0,0.0,2.63959
12,395,-5.35896,0.0,0.0,2.63291
12,396,-7.089,0.0,0.0,2.62626
12,397,-9.70027,0.0,0.0,2.61965
12,398,-7.13887,0.0,0.0,2.61307
12,399,-1.91563,0.05609,0.08667,2.60652
12,400,-2.10248,0.0361,0.05852,2.6
12,401,8.79451,0.0,0.0,2.59352
12,402,2.9493,0.00336,0.00689,2.58706
12,403,-7.28184,0.0,0.0,2.58065
12,404,-2.27657,0.02331,0.03987,2.57426
12,405,-1.88022,0.06077,0.09308,2.5679
12,406,-3.56524,0.00041,0.00102,2.56158
12,407,-7.75762,0.0,0.0,2.55528
12,408,-0.62302,0.53361,0.60666,2.54902
12,409,-0.76945,0.44205,0.51908,2.54279
12,410,1.04921,0.29468,0.37046,2.53659
12,411,-2.01354,0.04469,0.07084,2.53041
12,412,0.83695,0.4031,0.48136,2.52427
12,413,5.14483,0.0,0.0,2.51816
12,414,-3.21991,0.00138,0.00308,2.51208
12,415,-3.79088,0.00017,0.00047,2.50602
12,416,-6.89954,0.0,0.0,2.5
12,417,1.95159,0.05165,0.08049,2.494
12,418,-4.30214,2e-05,7e-05,2.48804
12,419,-7.16547,0.0,0.0,2.4821
12,420,1.62888,0.10409,0.14916,2.47619
12,421,0.64311,0.5205,0.59419,2.47031
12,422,-4.59724,1e-05,2e-05,2.46445
12,423,2.78365,0.00562,0.01097,2.45863
12,424,-1.99404,0.04679,0.0738,2.45283
12,425,-2.5183,0.01216,0.0222,2.44706
12,426,0.40679,0.68437,0.74334,2.44131
12,427,8.12041,0.0,0.0,2.4356
12,428,-3.66245,0.00028,0.00073,2.42991
12,429,0.6494,0.51643,0.59015,2.42424
12,430,-6.39734,0.0,0.0,2.4186
12,431,0.80392,0.42189,0.50034,2.41299
12,432,0.06906,0.94497,0.95848,2.40741
12,433,3.99275,8e-05,0.00023,2.40185
12,434,0.52279,0.60139,0.67002,2.39631
12,435,7.59356,0.0,0.0,2.3908
12,436,1.51979,0.12931,0.17985,2.38532
12,437,1.00929,0.31341,0.38981,2.37986
12,438,-0.67919,0.49739,0.57264,2.37443
12,439,-5.84203,0.0,0.0,2.36902
12,440,-9.42099,0.0,0.0,2.36364
12,441,9.01818,0.0,0.0,2.35828
12,442,1.41647,0.15738,0.21377,2.35294
12,443,-5.99706,0.0,0.0,2.34763
12,444,2.72727,0.00665,0.0128,2.34234
12,445,2.5808,0.01019,0.01891,2.33708
12,446,-8.70609,0.0,0.0,2.33184
12,447,1.40821,0.1598,0.21681,2.32662
12,448,8.91972,0.0,0.0,2.32143
12,449,-3.86918,0.00013,0.00036,2.31626
12,450,4.70113,0.0,1e-05,2.31111
12,451,0.53638,0.59198,0.66174,2.30599
12,452,1.28265,0.20032,0.2646,2.30088
12,453,1.06358,0.28813,0.36313,2.29581
12,454,2.63622,0.00869,0.01636,2.29075
12,455,0.08165,0.93496,0.95073,2.28571
12,456,-4.81757,0.0,1e-05,2.2807
12,457,1.75627,0.07977,0.11806,2.27571
12,458,1.59854,0.11067,0.15702,2.27074
12,459,-6.07746,0.0,0.0,2.2658
12,460,-4.60823,1e-05,2e-05,2.26087
12,461,-0.89108,0.3734,0.45155,2.25597
12,462,1.63278,0.10326,0.1481,2.25108
12,463,5.59439,0.0,0.0,2.24622
12,464,-2.21196,0.0275,0.04604,2.24138
12,465,6.77572,0.0,0.0,2.23656
12,466,-5.88951,0.0,0.0,2.23176
12,467,-0.28621,0.77486,0.82053,2.22698
12,468,0.50124,0.61646,0.68346,2.22222
12,469,-0.16274,0.8708,0.89909,2.21748
12,470,-2.52427,0.01196,0.02188,2.21277
12,471,2.26684,0.02391,0.04071,2.20807
12,472,0.17249,0.86314,0.89266,2.20339
12,473,-3.79951,0.00017,0.00045,2.19873
12,474,-7.47985,0.0,0.0,2.19409
12,475,9.88982,0.0,0.0,2.18947
12,476,-1.93395,0.05379,0.08345,2.18487
12,477,-1.49053,0.13683,0.189,2.18029
12,478,9.42804,0.0,0.0,2.17573
12,479,-0.47431,0.63552,0.69986,2.17119
12,480,4.17012,4e-05,0.00012,2.16667
12,481,-1.3264,0.18543,0.24704,2.16216
12,482,1.06225,0.28873,0.3638,2.15768
12,483,-10.01297,0.0,0.0,2.15321
12,484,7.37153,0.0,0.0,2.14876
12,485,1.65173,0.09933,0.14315,2.14433
12,486,3.81229,0.00016,0.00044,2.13992
12,487,-0.83281,0.40542,0.48385,2.13552
12,488,-1.875,0.06148,0.09399,2.13115
12,489,-5.66293,0.0,0.0,2.12679
12,490,4.38652,1e-05,5e-05,2.12245
12,491,-4.31068,2e-05,7e-05,2.11813
12,492,3.14731,0.00176,0.00385,2.11382
12,493,7.63978,0.0,0.0,2.10953
12,494,-0.38104,0.70336,0.75945,2.10526
12,495,-0.08837,0.92962,0.94646,2.10101
12,496,-3.60089,0.00035,0.0009,2.09677
12,497,3.58948,0.00037,0.00094,2.09256
12,498,-8.94079,0.0,0.0,2.08835
12,499,3.27495,0.00114,0.00259,2.08417
12,500,-5.50608,0.0,0.0,2.08
12,501,6.12462,0.0,0.0,2.07585
12,502,-7.79475,0.0,0.0,2.07171
12,503,-0.10501,0.91642,0.93605,2.06759
12,504,-11.30404,0.0,0.0,2.06349
12,505,4.48191,1e-05,3e-05,2.05941
12,506,-4.27831,2e-05,8e-05,2.05534
12,507,0.02689,0.97856,0.98387,2.05128
12,508,1.68018,0.09366,0.13586,2.04724
12,509,-4.84562,0.0,1e-05,2.04322
12,510,0.51281,0.60835,0.67612,2.03922
12,511,-3.11736,0.00195,0.00422,2.03523
12,512,-1.18086,0.23832,0.30832,2.03125
12,513,4.95581,0.0,0.0,2.02729
12,514,2.28469,0.02283,0.03919,2.02335
12,515,-5.60991,0.0,0.0,2.01942
12,516,-3.09192,0.00212,0.00456,2.0155
12,517,1.42265,0.15558,0.21164,2.01161
12,518,5.79193,0.0,0.0,2.00772
12,519,10.32683,0.0,0.0,2.00385
12,520,-1.49729,0.13506,0.18681,2.0
13,1,2.72607,0.00668,0.01284,322.0
13,2,7.72432,0.0,0.0,161.0
13,3,0.91828,0.359,0.43763,107.33333
13,4,-2.57492,0.01037,0.01919,80.5
13,5,4.81498,0.0,1e-05,64.4
13,6,0.79647,0.42621,0.50438,53.66667
13,7,1.13419,0.25736,0.32921,46.0
13,8,-4.0751,5e-05,0.00017,40.25
13,9,2.04926,0.04105,0.06573,35.77778
13,10,-0.93112,0.35232,0.43091,32.2
13,11,-5.65713,0.0,0.0,29.27273
13,12,0.77558,0.43843,0.51574,26.83333
13,13,-5.3707,0.0,0.0,24.76923
13,14,-8.23377,0.0,0.0,23.0
13,15,-1.67279,0.09511,0.13778,21.46667
13,16,-1.61158,0.1078,0.15363,20.125
13,17,3.43292,0.00066,0.00156,18.94118
13,18,-4.75799,0.0,1e-05,17.88889
13,19,3.92997,0.0001,0.00029,16.94737
13,20,3.8577,0.00013,0.00037,16.1
13,21,-4.5287,1e-05,3e-05,15.33333
13,22,-4.2987,2e-05,7e-05,14.63636
13,23,-8.16453,0.0,0.0,14.0
13,24,-3.85111,0.00014,0.00038,13.41667
13,25,6.33032,0.0,0.0,12.88
13,26,10.01104,0.0,0.0,12.38462
13,27,2.96711,0.00318,0.00655,11.92593
13,28,-11.35748,0.0,0.0,11.5
13,29,-1.95949,0.05071,0.07925,11.10345
13,30,-4.91276,0.0,1e-05,10.73333
13,31,0.23016,0.81808,0.85687,10.3871
13,32,0.10768,0.9143,0.93466,10.0625
13,33,-5.0155,0.0,0.0,9.75758
13,34,-0.93843,0.34856,0.4272,9.47059
13,35,4.07546,5e-05,0.00017,9.2
13,36,2.95824,0.00327,0.00672,8.94444
13,37,-4.13006,4e-05,0.00014,8.7027
13,38,1.48526,0.13822,0.19065,8.47368
13,39,-7.54077,0.0,0.0,8.25641
13,40,-5.52734,0.0,0.0,8.05
13,41,9.13342,0.0,0.0,7.85366
13,42,-7.36216,0.0,0.0,7.66667
13,43,-0.28256,0.77765,0.82279,7.48837
13,44,1.56127,0.11921,0.16781,7.31818
13,45,4.86842,0.0,1e-05,7.15556
13,46,8.59,0.0,0.0,7.0
13,47,-5.97453,0.0,0.0,6.85106
13,48,-0.48106,0.63072,0.69558,6.70833
13,49,5.39096,0.0,0.0,6.57143
13,50,4.42198,1e-05,4e-05,6.44
13,51,3.39744,0.00074,0.00176,6.31373
13,52,-5.64358,0.0,0.0,6.19231
13,53,3.08807,0.00215,0.00461,6.07547
13,54,1.76876,0.07766,0.11545,5.96296
13,55,-8.23226,0.0,0.0,5.85455
13,56,5.99652,0.0,0.0,5.75
13,57,-6.48034,0.0,0.0,5.64912
13,58,9.67292,0.0,0.0,5.55172
13,59,-9.15036,0.0,0.0,5.45763
13,60,0.05381,0.95711,0.96755,5.36667
13,61,-4.92855,0.0,1e-05,5.27869
13,62,1.73382,0.08368,0.12313,5.19355
13,63,1.6285,0.10417,0.14925,5.11111
13,64,-5.44575,0.0,0.0,5.03125
13,65,-0.92868,0.35359,0.43224,4.95385
13,66,-4.51088,1e-05,3e-05,4.87879
13,67,-1.84608,0.06558,0.09945,4.80597
13,68,-1.41872,0.15672,0.21294,4.73529
13,69,6.53829,0.0,0.0,4.66667
13,70,-5.99638,0.0,0.0,4.6
13,71,1.41963,0.15645,0.21269,4.53521
13,72,11.13144,0.0,0.0,4.47222
13,73,6.91225,0.0,0.0,4.41096
13,74,-4.84227,0.0,1e-05,4.35135
13,75,7.21602,0.0,0.0,4.29333
13,76,-0.73252,0.46426,0.54129,4.23684
13,77,-3.49142,0.00053,0.00129,4.18182
13,78,0.96728,0.33396,0.41157,4.12821
13,79,3.63317,0.00031,0.00081,4.07595
13,80,-0.19811,0.84305,0.87747,4.025
13,81,0.68933,0.491,0.56645,3.97531
13,82,1.1276,0.26013,0.33228,3.92683
13,83,-2.52649,0.01189,0.02176,3.87952
13,84,-5.39624,0.0,0.0,3.83333
13,85,2.13132,0.03364,0.05506,3.78824
13,86,-1.15501,0.24874,0.31992,3.74419
13,87,0.44545,0.65622,0.71831,3.70115
13,88,4.69694,0.0,1e-05,3.65909
13,89,6.29081,0.0,0.0,3.61798
13,90,-1.60332,0.10961,0.15574,3.57778
13,91,-9.20562,0.0,0.0,3.53846
13,92,-8.91144,0.0,0.0,3.5
13,93,-2.9332,0.00354,0.00722,3.46237
13,94,-6.76316,0.0,0.0,3.42553
13,95,-7.54645,0.0,0.0,3.38947
13,96,-3.03864,0.00252,0.00533,3.35417
13,97,-6.70013,0.0,0.0,3.31959
13,98,-1.81037,0.07095,0.10673,3.28571
13,99,1.8767,0.06125,0.09366,3.25253
13,100,1.17121,0.24218,0.31274,3.22
13,101,3.87598,0.00012,0.00035,3.18812
13,102,4.97464,0.0,0.0,3.15686
13,103,1.99537,0.04664,0.07358,3.12621
13,104,7.17786,0.0,0.0,3.09615
13,105,-7.4584,0.0,0.0,3.06667
13,106,-5.39287,0.0,0.0,3.03774
13,107,-1.5257,0.12783,0.17814,3.00935
13,108,-4.34408,2e-05,6e-05,2.98148
13,109,-1.88429,0.06021,0.09235,2.95413
13,110,2.65201,0.0083,0.01571,2.92727
13,111,-3.56882,0.0004,0.001,2.9009
13,112,5.42832,0.0,0.0,2.875
13,113,-5.71343,0.0,0.0,2.84956
13,114,1.55709,0.1202,0.16891,2.82456
13,115,4.26911,2e-05,8e-05,2.8
13,116,4.00752,7e-05,0.00022,2.77586
13,117,3.88275,0.00012,0.00034,2.75214
13,118,-1.04181,0.29809,0.37391,2.72881
13,119,1.35361,0.17659,0.23662,2.70588
13,120,3.16138,0.00168,0.0037,2.68333
13,121,-4.2671,2e-05,8e-05,2.66116
13,122,6.16693,0.0,0.0,2.63934
13,123,-1.22639,0.22073,0.28848,2.61789
13,124,6.81968,0.0,0.0,2.59677
13,125,-5.718,0.0,0.0,2.576
13,126,0.96692,0.33414,0.41168,2.55556
13,127,4.40851,1e-05,5e-05,2.53543
13,128,5.99412,0.0,0.0,2.51562
13,129,-2.72615,0.00667,0.01284,2.49612
13,130,3.26478,0.00118,0.00268,2.47692
13,131,3.58496,0.00038,0.00095,2.45802
13,132,-5.12139,0.0,0.0,2.43939
13,133,8.03682,0.0,0.0,2.42105
13,134,2.80837,0.00521,0.01025,2.40299
13,135,-1.60582,0.10906,0.15514,2.38519
13,136,0.79376,0.42778,0.50565,2.36765
13,137,-2.44274,0.01499,0.02679,2.35036
13,138,4.59881,1e-05,2e-05,2.33333
13,139,4.01173,7e-05,0.00021,2.31655
13,140,7.14631,0.0,0.0,2.3
13,141,-1.79086,0.07403,0.11077,2.28369
13,142,-0.38733,0.69871,0.75533,2.26761
13,143,0.97603,0.32961,0.40685,2.25175
13,144,1.59563,0.11132,0.15781,2.23611
13,145,3.0443,0.00248,0.00524,2.22069
13,146,5.47184,0.0,0.0,2.20548
13,147,2.0472,0.04126,0.06598,2.19048
13,148,-1.36583,0.17272,0.23219,2.17568
13,149,-11.09492,0.0,0.0,2.16107
13,150,3.49095,0.00053,0.0013,2.14667
13,151,-7.71063,0.0,0.0,2.13245
13,152,5.30464,0.0,0.0,2.11842
13,153,-0.46409,0.64282,0.70589,2.10458
13,154,-10.92459,0.0,0.0,2.09091
13,155,-1.44562,0.14903,0.20381,2.07742
13,156,1.56475,0.11839,0.16677,2.0641
13,157,-2.84618,0.00464,0.00925,2.05096
13,158,-0.61597,0.53825,0.6111,2.03797
13,159,-0.23138,0.81713,0.85614,2.02516
13,160,3.60988,0.00034,0.00087,2.0125
13,161,-0.46131,0.64481,0.70784,2.0
14,1,6.95927,0.0,0.0,619.0
14,2,1.31984,0.1876,0.24945,309.5
14,3,2.73924,0.00642,0.0124,206.33333
14,4,0.86073,0.38987,0.46808,154.75
14,5,2.73015,0.0066,0.01271,123.8
14,6,0.48308,0.62929,0.69437,103.16667
14,7,-5.73472,0.0,0.0,88.42857
14,8,-2.28368,0.02289,0.03927,77.375
14,9,-3.75381,0.0002,0.00053,68.77778
14,10,2.07748,0.03836,0.06187,61.9
14,11,2.47785,0.01361,0.02452,56.27273
14,12,-0.30446,0.76093,0.80826,51.58333
14,13,6.24416,0.0,0.0,47.61538
14,14,3.49258,0.00053,0.00129,44.21429
14,15,0.88503,0.37665,0.4546,41.26667
14,16,-0.89858,0.36939,0.44789,38.6875
14,17,-3.64937,0.0003,0.00076,36.41176
14,18,0.03972,0.96834,0.97595,34.38889
14,19,2.87352,0.00426,0.00857,32.57895
14,20,-1.80114,0.0724,0.10857,30.95
14,21,-4.29336,2e-05,7e-05,29.47619
14,22,0.23213,0.81655,0.85562,28.13636
14,23,-5.44907,0.0,0.0,26.91304
14,24,2.79134,0.00549,0.01076,25.79167
14,25,-5.32991,0.0,0.0,24.76
14,26,-1.74729,0.08132,0.12018,23.80769
14,27,-10.24548,0.0,0.0,22.92593
14,28,-8.30682,0.0,0.0,22.10714
14,29,-0.2485,0.80386,0.84445,21.34483
14,30,0.54584,0.58546,0.65615,20.63333
14,31,4.49131,1e-05,3e-05,19.96774
14,32,-5.70939,0.0,0.0,19.34375
14,33,6.36408,0.0,0.0,18.75758
14,34,-1.93001,0.05428,0.08413,18.20588
14,35,3.98812,8e-05,0.00023,17.68571
14,36,1.32597,0.18557,0.24717,17.19444
14,37,1.36469,0.17308,0.23252,16.72973
14,38,-0.49428,0.62136,0.68722,16.28947
14,39,-2.84585,0.00465,0.00925,15.87179
14,40,0.35835,0.72026,0.77443,15.475
14,41,-6.04972,0.0,0.0,15.09756
14,42,3.78493,0.00018,0.00048,14.7381
14,43,-1.70904,0.08818,0.12876,14.39535
14,44,-6.5758,0.0,0.0,14.06818
14,45,-1.05611,0.29152,0.36677,13.75556
14,46,-0.47566,0.63456,0.69889,13.45652
14,47,-4.61793,1e-05,2e-05,13.17021
14,48,4.41469,1e-05,4e-05,12.89583
14,49,0.39135,0.69574,0.75269,12.63265
14,50,0.55856,0.57676,0.64872,12.38
14,51,3.92774,0.0001,0.00029,12.13725
14,52,0.37033,0.71132,0.76697,11.90385
14,53,-4.85954,0.0,1e-05,11.67925
14,54,-5.44811,0.0,0.0,11.46296
14,55,4.34287,2e-05,6e-05,11.25455
14,56,5.75286,0.0,0.0,11.05357
14,57,-0.0302,0.97592,0.98191,10.85965
14,58,-4.38039,1e-05,5e-05,10.67241
14,59,3.56849,0.0004,0.001,10.49153
14,60,4.26478,2e-05,8e-05,10.31667
14,61,4.56473,1e-05,2e-05,10.14754
14,62,-7.57659,0.0,0.0,9.98387
14,63,-4.35083,2e-05,6e-05,9.8254
14,64,4.20425,3e-05,0.0001,9.67188
14,65,1.34436,0.17955,0.24005,9.52308
14,66,-8.17264,0.0,0.0,9.37879
14,67,-8.91483,0.0,0.0,9.23881
14,68,0.13075,0.89603,0.91956,9.10294
14,69,-0.44509,0.65648,0.71852,8.97101
14,70,-0.55187,0.58133,0.65254,8.84286
14,71,2.39715,0.01696,0.02989,8.71831
14,72,5.42537,0.0,0.0,8.59722
14,73,1.26231,0.20753,0.27338,8.47945
14,74,-4.81531,0.0,1e-05,8.36486
14,75,-4.91355,0.0,1e-05,8.25333
14,76,5.12906,0.0,0.0,8.14474
14,77,-2.97542,0.00309,0.0064,8.03896
14,78,-5.67529,0.0,0.0,7.9359
14,79,-6.08668,0.0,0.0,7.83544
14,80,-7.52193,0.0,0.0,7.7375
14,81,3.34033,0.00091,0.00211,7.64198
14,82,3.63178,0.00032,0.00081,7.54878
14,83,4.94766,0.0,0.0,7.45783
14,84,-5.8371,0.0,0.0,7.36905
14,85,5.69652,0.0,0.0,7.28235
14,86,2.08898,0.03731,0.06035,7.19767
14,87,-4.28522,2e-05,7e-05,7.11494
14,88,0.13623,0.89171,0.91613,7.03409
14,89,2.98727,0.00298,0.00618,6.95506
14,90,-2.82195,0.005,0.00988,6.87778
14,91,-8.99997,0.0,0.0,6.8022
14,92,2.28942,0.02255,0.03875,6.72826
14,93,-3.48095,0.00055,0.00134,6.65591
14,94,-6.70651,0.0,0.0,6.58511
14,95,9.64001,0.0,0.0,6.51579
14,96,-7.54694,0.0,0.0,6.44792
14,97,3.94279,9e-05,0.00027,6.38144
14,98,2.77344,0.00579,0.01128,6.31633
14,99,2.91969,0.00369,0.00752,6.25253
14,100,-3.74377,0.00021,0.00055,6.19
14,101,5.2815,0.0,0.0,6.12871
14,102,-6.03733,0.0,0.0,6.06863
14,103,-1.15481,0.24882,0.31996,6.00971
14,104,-1.47908,0.13986,0.1926,5.95192
14,105,-1.71432,0.0872,0.12749,5.89524
14,106,1.32572,0.18565,0.24725,5.83962
14,107,-0.41136,0.68101,0.74075,5.78505
14,108,1.71817,0.0865,0.12663,5.73148
14,109,-1.87489,0.0615,0.094,5.6789
14,110,-2.44037,0.01508,0.02694,5.62727
14,111,5.35031,0.0,0.0,5.57658
14,112,4.58748,1e-05,2e-05,5.52679
14,113,3.25926,0.00121,0.00272,5.47788
14,114,-6.76897,0.0,0.0,5.42982
14,115,-7.08469,0.0,0.0,5.38261
14,116,-3.19906,0.00148,0.00329,5.33621
14,117,-1.60525,0.10919,0.15529,5.2906
14,118,-7.05314,0.0,0.0,5.24576
14,119,-6.83505,0.0,0.0,5.20168
14,120,-3.514,0.00049,0.0012,5.15833
14,121,-2.16303,0.0311,0.05139,5.1157
14,122,1.78792,0.07451,0.11137,5.07377
14,123,-0.78834,0.43094,0.50842,5.03252
14,124,1.37337,0.17037,0.22945,4.99194
14,125,3.53803,0.00045,0.00111,4.952
14,126,9.07326,0.0,0.0,4.9127
14,127,1.12935,0.25939,0.33147,4.87402
14,128,7.48017,0.0,0.0,4.83594
14,129,2.06788,0.03926,0.0632,4.79845
14,130,5.0469,0.0,0.0,4.76154
14,131,-8.18907,0.0,0.0,4.72519
14,132,6.30959,0.0,0.0,4.68939
14,133,3.97151,8e-05,0.00025,4.65414
14,134,5.93837,0.0,0.0,4.6194
14,135,4.96212,0.0,0.0,4.58519
14,136,6.60139,0.0,0.0,4.55147
14,137,-0.15352,0.87806,0.90492,4.51825
14,138,-5.57704,0.0,0.0,4.48551
14,139,-0.49231,0.62275,0.68842,4.45324
14,140,2.7623,0.00599,0.01163,4.42143
14,141,6.22443,0.0,0.0,4.39007
14,142,4.25186,3e-05,8e-05,4.35915
14,143,6.96952,0.0,0.0,4.32867
14,144,2.01581,0.04445,0.07053,4.29861
14,145,-6.75411,0.0,0.0,4.26897
14,146,-3.75529,0.0002,0.00053,4.23973
14,147,3.66285,0.00028,0.00073,4.21088
14,148,2.17902,0.02988,0.04951,4.18243
14,149,5.1308,0.0,0.0,4.15436
14,150,0.57183,0.56774,0.6403,4.12667
14,151,-3.76868,0.00019,0.00051,4.09934
14,152,0.02007,0.984,0.98864,4.07237
14,153,-2.97356,0.00311,0.00644,4.04575
14,154,4.67892,0.0,1e-05,4.01948
14,155,2.91299,0.00377,0.00766,3.99355
14,156,-0.85984,0.39037,0.4685,3.96795
14,157,-10.19704,0.0,0.0,3.94268
14,158,-3.23352,0.00132,0.00295,3.91772
14,159,4.50193,1e-05,3e-05,3.89308
14,160,-0.90169,0.36774,0.44606,3.86875
14,161,-3.37083,0.00082,0.00191,3.84472
14,162,-3.06933,0.00228,0.00488,3.82099
14,163,4.66865,0.0,2e-05,3.79755
14,164,-1.60054,0.11023,0.15646,3.77439
14,165,-1.39342,0.16423,0.22217,3.75152
14,166,-4.49004,1e-05,3e-05,3.72892
14,167,-2.35728,0.01887,0.03291,3.70659
14,168,-3.82238,0.00015,0.00042,3.68452
14,169,-6.14644,0.0,0.0,3.66272
14,170,-4.12309,5e-05,0.00014,3.64118
14,171,2.60605,0.00948,0.01771,3.61988
14,172,0.57768,0.56379,0.63685,3.59884
14,173,9.15685,0.0,0.0,3.57803
14,174,8.50958,0.0,0.0,3.55747
14,175,-0.55274,0.58073,0.65209,3.53714
14,176,2.85442,0.00452,0.00903,3.51705
14,177,-6.55245,0.0,0.0,3.49718
14,178,1.83543,0.06715,0.10152,3.47753
14,179,2.06805,0.03924,0.06319,3.4581
14,180,-3.10299,0.00204,0.00441,3.43889
14,181,-7.42383,0.0,0.0,3.41989
14,182,2.92715,0.00361,0.00735,3.4011
14,183,-0.98577,0.32481,0.40178,3.38251
14,184,0.21433,0.83039,0.86683,3.36413
14,185,4.71467,0.0,1e-05,3.34595
14,186,-1.1191,0.26373,0.33629,3.32796
14,187,-2.25388,0.02472,0.04194,3.31016
14,188,-4.9899,0.0,0.0,3.29255
14,189,-9.04162,0.0,0.0,3.27513
14,190,7.37956,0.0,0.0,3.25789
14,191,6.07437,0.0,0.0,3.24084
14,192,-1.40297,0.16136,0.21874,3.22396
14,193,-4.75147,0.0,1e-05,3.20725
14,194,8.70172,0.0,0.0,3.19072
14,195,-6.4379,0.0,0.0,3.17436
14,196,5.38705,0.0,0.0,3.15816
14,197,2.37002,0.01824,0.03192,3.14213
14,198,-1.76218,0.07876,0.11692,3.12626
14,199,-4.92436,0.0,1e-05,3.11055
14,200,3.58236,0.00038,0.00096,3.095
14,201,-0.9426,0.34642,0.42515,3.0796
14,202,-7.89619,0.0,0.0,3.06436
14,203,5.46675,0.0,0.0,3.04926
14,204,0.20649,0.83651,0.87224,3.03431
14,205,0.1399,0.8888,0.91383,3.01951
14,206,0.41049,0.68166,0.74123,3.00485
14,207,-6.58109,0.0,0.0,2.99034
14,208,2.22347,0.02671,0.0449,2.97596
14,209,5.05904,0.0,0.0,2.96172
14,210,3.15112,0.00174,0.00381,2.94762
14,211,0.26317,0.79255,0.83502,2.93365
14,212,-3.10147,0.00205,0.00443,2.91981
14,213,4.31297,2e-05,7e-05,2.9061
14,214,1.03179,0.30276,0.3788,2.89252
14,215,0.79292,0.42827,0.5061,2.87907
14,216,0.16241,0.87106,0.89918,2.86574
14,217,4.70824,0.0,1e-05,2.85253
14,218,3.71711,0.00023,0.00061,2.83945
14,219,-3.22579,0.00135,0.00302,2.82648
14,220,1.97678,0.04872,0.07657,2.81364
14,221,-0.56718,0.57089,0.64316,2.8009
14,222,-0.86612,0.38692,0.46487,2.78829
14,223,-0.80298,0.42244,0.50075,2.77578
14,224,7.15304,0.0,0.0,2.76339
14,225,-0.5156,0.6064,0.67448,2.75111
14,226,-1.20371,0.22938,0.29833,2.73894
14,227,5.49097,0.0,0.0,2.72687
14,228,-2.3179,0.02093,0.03623,2.71491
14,229,-1.14439,0.25311,0.32456,2.70306
14,230,4.71123,0.0,1e-05,2.6913
14,231,-0.31147,0.7556,0.80379,2.67965
14,232,0.97295,0.33114,0.40834,2.6681
14,233,2.11737,0.03481,0.05673,2.65665
14,234,-3.60927,0.00034,0.00088,2.6453
14,235,-4.10411,5e-05,0.00015,2.63404
14,236,-3.55617,0.00042,0.00105,2.62288
14,237,6.67202,0.0,0.0,2.61181
14,238,-5.83791,0.0,0.0,2.60084
14,239,2.08962,0.03725,0.06027,2.58996
14,240,-4.84462,0.0,1e-05,2.57917
14,241,4.45843,1e-05,4e-05,2.56846
14,242,0.57462,0.56586,0.63875,2.55785
14,243,6.1282,0.0,0.0,2.54733
14,244,0.18837,0.85068,0.88316,2.53689
14,245,4.06214,6e-05,0.00018,2.52653
14,246,-7.06272,0.0,0.0,2.51626
14,247,2.83717,0.00477,0.00948,2.50607
14,248,0.40724,0.68404,0.74307,2.49597
14,249,-7.73564,0.0,0.0,2.48594
14,250,-0.28169,0.77832,0.82306,2.476
14,251,3.49583,0.00052,0.00128,2.46614
14,252,1.04421,0.29699,0.37294,2.45635
14,253,0.88672,0.37573,0.45372,2.44664
14,254,2.952,0.00333,0.00684,2.43701
14,255,0.16464,0.8693,0.89802,2.42745
14,256,-7.20836,0.0,0.0,2.41797
14,257,-8.64774,0.0,0.0,2.40856
14,258,-9.85239,0.0,0.0,2.39922
14,259,1.69468,0.09087,0.13223,2.38996
14,260,5.76841,0.0,0.0,2.38077
14,261,4.44054,1e-05,4e-05,2.37165
14,262,-7.24828,0.0,0.0,2.3626
14,263,0.66903,0.50384,0.57851,2.35361
14,264,-2.14564,0.03247,0.05334,2.3447
14,265,1.75108,0.08066,0.11926,2.33585
14,266,7.25451,0.0,0.0,2.32707
14,267,1.28645,0.19899,0.26302,2.31835
14,268,1.18163,0.23802,0.30809,2.3097
14,269,-5.71997,0.0,0.0,2.30112
14,270,5.19131,0.0,0.0,2.29259
14,271,1.16915,0.243,0.31361,2.28413
14,272,-3.94742,9e-05,0.00027,2.27574
14,273,-6.73039,0.0,0.0,2.2674
14,274,-0.87638,0.38132,0.45942,2.25912
14,275,0.33598,0.73705,0.78876,2.25091
14,276,1.03173,0.30279,0.3788,2.24275
14,277,-0.30981,0.75686,0.80479,2.23466
14,278,-2.18881,0.02916,0.04849,2.22662
14,279,5.50747,0.0,0.0,2.21864
14,280,0.79561,0.42671,0.50486,2.21071
14,281,-1.61359,0.10736,0.15314,2.20285
14,282,-7.65057,0.0,0.0,2.19504
14,283,2.25864,0.02442,0.04149,2.18728
14,284,-5.20841,0.0,0.0,2.17958
14,285,-2.1187,0.0347,0.05656,2.17193
14,286,-5.5563,0.0,0.0,2.16434
14,287,1.54223,0.12377,0.17337,2.15679
14,288,-4.86331,0.0,1e-05,2.14931
14,289,1.89542,0.05872,0.09032,2.14187
14,290,2.147,0.03236,0.05319,2.13448
14,291,4.85223,0.0,1e-05,2.12715
14,292,5.55649,0.0,0.0,2.11986
14,293,1.3261,0.18552,0.24714,2.11263
14,294,-7.47009,0.0,0.0,2.10544
14,295,-4.8322,0.0,1e-05,2.09831
14,296,-4.9543,0.0,0.0,2.09122
14,297,-9.16269,0.0,0.0,2.08418
14,298,0.29092,0.77125,0.81706,2.07718
14,299,1.96883,0.04963,0.07781,2.07023
14,300,4.12604,4e-05,0.00014,2.06333
14,301,4.26159,3e-05,8e-05,2.05648
14,302,5.02078,0.0,0.0,2.04967
14,303,-1.13517,0.25695,0.32885,2.0429
14,304,-1.3643,0.1732,0.23264,2.03618
14,305,1.98745,0.04752,0.07486,2.02951
14,306,-3.43415,0.00065,0.00156,2.02288
14,307,-6.41735,0.0,0.0,2.01629
14,308,10.03072,0.0,0.0,2.00974
14,309,7.08301,0.0,0.0,2.00324
15,1,2.72788,0.00664,0.01278,602.0
15,2,2.7421,0.00636,0.01231,301.0
15,3,-1.54246,0.12371,0.17331,200.66667
15,4,3.86481,0.00013,0.00036,150.5
15,5,-0.6683,0.50431,0.57881,120.4
15,6,-4.25359,3e-05,8e-05,100.33333
15,7,0.85109,0.3952,0.4734,86.0
15,8,10.61891,0.0,0.0,75.25
15,9,-1.23128,0.2189,0.28639,66.88889
15,10,3.64498,0.0003,0.00078,60.2
15,11,3.80707,0.00016,0.00044,54.72727
15,12,2.71319,0.00694,0.01331,50.16667
15,13,-0.73351,0.46365,0.5407,46.30769
15,14,4.3277,2e-05,6e-05,43.0
15,15,-4.97053,0.0,0.0,40.13333
15,16,1.70452,0.08902,0.1298,37.625
15,17,4.47717,1e-05,3e-05,35.41176
15,18,-4.78459,0.0,1e-05,33.44444
15,19,-2.40208,0.01673,0.02953,31.68421
15,20,6.68436,0.0,0.0,30.1
15,21,3.7559,0.0002,0.00053,28.66667
15,22,0.31136,0.75568,0.80379,27.36364
15,23,-2.14503,0.03252,0.05339,26.17391
15,24,-4.92082,0.0,1e-05,25.08333
15,25,-2.14028,0.0329,0.05397,24.08
15,26,1.96044,0.0506,0.07912,23.15385
15,27,3.11806,0.00195,0.00421,22.2963
15,28,1.07274,0.284,0.35866,21.5
15,29,-1.51897,0.12952,0.18007,20.75862
15,30,-0.51613,0.60603,0.67426,20.06667
15,31,2.72801,0.00664,0.01278,19.41935
15,32,-6.01511,0.0,0.0,18.8125
15,33,-0.66581,0.5059,0.5803,18.24242
15,34,-3.02536,0.00264,0.00554,17.70588
15,35,-5.50285,0.0,0.0,17.2
15,36,-2.88628,0.0041,0.00826,16.72222
15,37,4.80995,0.0,1e-05,16.27027
15,38,0.52958,0.59668,0.66588,15.84211
15,39,0.63996,0.52254,0.59591,15.4359
15,40,-1.48404,0.13855,0.19102,15.05
15,41,2.78567,0.00558,0.0109,14.68293
15,42,5.34899,0.0,0.0,14.33333
15,43,-5.43476,0.0,0.0,14.0
15,44,3.7362,0.00021,0.00057,13.68182
15,45,-3.9594,9e-05,0.00026,13.37778
15,46,-4.14871,4e-05,0.00013,13.08696
15,47,6.14899,0.0,0.0,12.80851
15,48,6.55194,0.0,0.0,12.54167
15,49,-7.27483,0.0,0.0,12.28571
15,50,1.13127,0.25858,0.3305,12.04
15,51,7.51903,0.0,0.0,11.80392
15,52,-3.54732,0.00043,0.00108,11.57692
15,53,-1.39309,0.16433,0.22228,11.35849
15,54,-3.88245,0.00012,0.00034,11.14815
15,55,-1.4852,0.13824,0.19065,10.94545
15,56,-8.69661,0.0,0.0,10.75
15,57,0.10636,0.91534,0.93525,10.5614
15,58,-4.67031,0.0,2e-05,10.37931
15,59,0.58821,0.55671,0.62992,10.20339
15,60,0.06194,0.95064,0.96247,10.03333
15,61,5.08583,0.0,0.0,9.86885
15,62,-8.19982,0.0,0.0,9.70968
15,63,-3.95812,9e-05,0.00026,9.55556
15,64,5.64385,0.0,0.0,9.40625
15,65,4.56212,1e-05,2e-05,9.26154
15,66,-4.47997,1e-05,3e-05,9.12121
15,67,5.67708,0.0,0.0,8.98507
15,68,-2.29199,0.0224,0.03854,8.85294
15,69,5.22791,0.0,0.0,8.72464
15,70,-0.19146,0.84826,0.88153,8.6
15,71,-4.39305,1e-05,5e-05,8.47887
15,72,-0.14957,0.88117,0.90756,8.36111
15,73,-4.63266,0.0,2e-05,8.24658
15,74,0.70544,0.48093,0.55707,8.13514
15,75,-6.01652,0.0,0.0,8.02667
15,76,-3.69726,0.00025,0.00065,7.92105
15,77,5.75145,0.0,0.0,7.81818
15,78,0.5512,0.58179,0.65298,7.71795
15,79,5.42185,0.0,0.0,7.62025
15,80,0.22039,0.82568,0.86302,7.525
15,81,-7.31621,0.0,0.0,7.4321
15,82,0.67611,0.49934,0.57442,7.34146
15,83,-6.45944,0.0,0.0,7.25301
15,84,3.68281,0.00026,0.00068,7.16667
15,85,-2.73621,0.00648,0.0125,7.08235
15,86,-0.05052,0.95973,0.96991,7.0
15,87,-5.7057,0.0,0.0,6.91954
15,88,-5.05822,0.0,0.0,6.84091
15,89,1.04349,0.29732,0.37331,6.76404
15,90,5.31206,0.0,0.0,6.68889
15,91,-2.05245,0.04074,0.06532,6.61538
15,92,-2.9683,0.00317,0.00653,6.54348
15,93,-8.35724,0.0,0.0,6.47312
15,94,0.83116,0.40636,0.48461,6.40426
15,95,-1.6655,0.09655,0.13967,6.33684
15,96,-7.25755,0.0,0.0,6.27083
15,97,-4.25835,3e-05,8e-05,6.20619
15,98,4.38481,1e-05,5e-05,6.14286
15,99,-0.81799,0.41382,0.49205,6.08081
15,100,-3.23815,0.0013,0.00291,6.02
15,101,2.68768,0.00748,0.01429,5.9604
15,102,0.06638,0.94711,0.95981,5.90196
15,103,4.81395,0.0,1e-05,5.84466
15,104,-4.24543,3e-05,9e-05,5.78846
15,105,-7.1064,0.0,0.0,5.73333
15,106,8.22846,0.0,0.0,5.67925
15,107,1.36416,0.17325,0.23268,5.62617
15,108,0.18783,0.8511,0.88322,5.57407
15,109,-1.3142,0.18949,0.25169,5.52294
15,110,-1.85281,0.06461,0.09817,5.47273
15,111,-6.54205,0.0,0.0,5.42342
15,112,2.51268,0.01235,0.02249,5.375
15,113,-4.99231,0.0,0.0,5.32743
15,114,2.17326,0.03032,0.05018,5.2807
15,115,4.51117,1e-05,3e-05,5.23478
15,116,2.66154,0.00808,0.01532,5.18966
15,117,-2.52294,0.012,0.02195,5.1453
15,118,-3.42262,0.00068,0.00162,5.10169
15,119,5.86894,0.0,0.0,5.05882
15,120,3.39715,0.00075,0.00176,5.01667
15,121,4.7704,0.0,1e-05,4.97521
15,122,1.75899,0.0793,0.11746,4.93443
15,123,-2.4797,0.01354,0.02442,4.89431
15,124,0.32855,0.74266,0.79383,4.85484
15,125,-6.89196,0.0,0.0,4.816
15,126,-3.59014,0.00037,0.00093,4.77778
15,127,5.36232,0.0,0.0,4.74016
15,128,4.69113,0.0,1e-05,4.70312
15,129,4.10678,5e-05,0.00015,4.66667
15,130,1.84879,0.06519,0.09896,4.63077
15,131,8.46758,0.0,0.0,4.59542
15,132,3.41449,0.0007,0.00166,4.56061
15,133,-2.8222,0.005,0.00987,4.52632
15,134,2.1363,0.03323,0.05445,4.49254
15,135,-6.68022,0.0,0.0,4.45926
15,136,-4.15287,4e-05,0.00012,4.42647
15,137,-9.66883,0.0,0.0,4.39416
15,138,10.79705,0.0,0.0,4.36232
15,139,-1.17245,0.24168,0.31218,4.33094
15,140,-0.10867,0.91351,0.93414,4.3
15,141,-0.21215,0.8321,0.86801,4.2695
15,142,-1.04007,0.2989,0.37478,4.23944
15,143,-5.3487,0.0,0.0,4.20979
15,144,-2.31916,0.02086,0.03613,4.18056
15,145,-4.43586,1e-05,4e-05,4.15172
15,146,-1.73301,0.08383,0.1233,4.12329
15,147,10.51568,0.0,0.0,4.09524
15,148,-5.16605,0.0,0.0,4.06757
15,149,-3.82856,0.00015,0.00041,4.04027
15,150,-3.79275,0.00017,0.00047,4.01333
15,151,-2.15765,0.03152,0.05197,3.98675
15,152,-3.48098,0.00055,0.00134,3.96053
15,153,-5.46408,0.0,0.0,3.93464
15,154,-7.9407,0.0,0.0,3.90909
15,155,-1.35014,0.17769,0.23785,3.88387
15,156,0.71117,0.47737,0.55367,3.85897
15,157,1.62761,0.10435,0.14946,3.83439
15,158,-3.57507,0.00039,0.00098,3.81013
15,159,3.36119,0.00085,0.00197,3.78616
15,160,-0.64079,0.52201,0.5955,3.7625
15,161,-5.82109,0.0,0.0,3.73913
15,162,-3.0705,0.00228,0.00486,3.71605
15,163,0.53929,0.58997,0.66018,3.69325
15,164,-5.20676,0.0,0.0,3.67073
15,165,6.6178,0.0,0.0,3.64848
15,166,-6.92892,0.0,0.0,3.62651
15,167,-4.05975,6e-05,0.00018,3.60479
15,168,-6.08327,0.0,0.0,3.58333
15,169,7.42206,0.0,0.0,3.56213
15,170,-0.18823,0.85078,0.88317,3.54118
15,171,-8.63427,0.0,0.0,3.52047
15,172,2.74269,0.00635,0.01229,3.5
15,173,1.45575,0.14621,0.20031,3.47977
15,174,0.29477,0.76832,0.81455,3.45977
15,175,-4.64452,0.0,2e-05,3.44
15,176,1.63549,0.10269,0.14736,3.42045
15,177,-2.59352,0.00983,0.01827,3.40113
15,178,-4.58187,1e-05,2e-05,3.38202
15,179,-5.52776,0.0,0.0,3.36313
15,180,11.58959,0.0,0.0,3.34444
15,181,1.11384,0.26598,0.33868,3.32597
15,182,-4.44701,1e-05,4e-05,3.30769
15,183,-1.70576,0.08879,0.12952,3.28962
15,184,-1.85777,0.0639,0.09721,3.27174
15,185,7.63143,0.0,0.0,3.25405
15,186,6.7091,0.0,0.0,3.23656
15,187,5.10477,0.0,0.0,3.21925
15,188,2.38311,0.01761,0.03091,3.20213
15,189,-0.16584,0.86836,0.89719,3.18519
15,190,1.2341,0.21785,0.28527,3.16842
15,191,3.7622,0.00019,0.00052,3.15183
15,192,7.07986,0.0,0.0,3.13542
15,193,1.86416,0.06299,0.09595,3.11917
15,194,-7.11766,0.0,0.0,3.10309
15,195,1.64292,0.10115,0.14549,3.08718
15,196,-7.78935,0.0,0.0,3.07143
15,197,4.50177,1e-05,3e-05,3.05584
15,198,7.16399,0.0,0.0,3.0404
15,199,-2.55651,0.01092,0.02013,3.02513
15,200,-4.58406,1e-05,2e-05,3.01
15,201,-3.15204,0.00174,0.0038,2.99502
15,202,3.53558,0.00045,0.00112,2.9802
15,203,-2.93179,0.00355,0.00725,2.96552
15,204,-5.81084,0.0,0.0,2.95098
15,205,3.40027,0.00074,0.00174,2.93659
15,206,-8.40143,0.0,0.0,2.92233
15,207,1.32474,0.18598,0.24753,2.90821
15,208,-2.30096,0.02188,0.03771,2.89423
15,209,4.02286,7e-05,0.0002,2.88038
15,210,-3.67469,0.00027,0.0007,2.86667
15,211,-3.90002,0.00011,0.00032,2.85308
15,212,-12.31711,0.0,0.0,2.83962
15,213,-0.88253,0.37799,0.45595,2.82629
15,214,-3.49731,0.00052,0.00127,2.81308
15,215,-3.792,0.00017,0.00047,2.8
15,216,-0.00571,0.99545,0.99674,2.78704
15,217,-2.48042,0.01351,0.02439,2.77419
15,218,-2.30692,0.02154,0.03723,2.76147
15,219,0.53719,0.59142,0.66127,2.74886
15,220,-0.80322,0.4223,0.5007,2.73636
15,221,2.78856,0.00553,0.01083,2.72398
15,222,1.48611,0.138,0.19039,2.71171
15,223,-1.56516,0.11829,0.16668,2.69955
15,224,1.17904,0.23905,0.3091,2.6875
15,225,-3.3436,0.0009,0.00209,2.67556
15,226,5.71547,0.0,0.0,2.66372
15,227,-1.90939,0.05689,0.08771,2.65198
15,228,-0.08355,0.93345,0.94958,2.64035
15,229,1.71814,0.0865,0.12663,2.62882
15,230,-1.75998,0.07914,0.11727,2.61739
15,231,-2.3151,0.02109,0.03648,2.60606
15,232,3.69601,0.00025,0.00065,2.59483
15,233,0.83786,0.40258,0.48097,2.58369
15,234,2.94738,0.00338,0.00693,2.57265
15,235,2.41513,0.01615,0.02864,2.5617
15,236,3.45537,0.00061,0.00146,2.55085
15,237,-0.09728,0.92255,0.94107,2.54008
15,238,-6.59739,0.0,0.0,2.52941
15,239,0.04483,0.96427,0.97321,2.51883
15,240,5.19477,0.0,0.0,2.50833
15,241,6.88846,0.0,0.0,2.49793
15,242,-4.00155,7e-05,0.00022,2.4876
15,243,-5.57484,0.0,0.0,2.47737
15,244,0.69786,0.48565,0.56143,2.46721
15,245,5.86379,0.0,0.0,2.45714
15,246,-6.80375,0.0,0.0,2.44715
15,247,1.80483,0.07181,0.10782,2.43725
15,248,9.705,0.0,0.0,2.42742
15,249,4.2293,3e-05,9e-05,2.41767
15,250,-5.76545,0.0,0.0,2.408
15,251,9.86896,0.0,0.0,2.39841
15,252,-4.96353,0.0,0.0,2.38889
15,253,-2.78273,0.00563,0.01099,2.37945
15,254,9.78145,0.0,0.0,2.37008
15,255,1.097,0.27326,0.34654,2.36078
15,256,4.19215,3e-05,0.00011,2.35156
15,257,0.10658,0.91517,0.93517,2.34241
15,258,-5.75996,0.0,0.0,2.33333
15,259,2.47324,0.01378,0.02482,2.32432
15,260,6.88789,0.0,0.0,2.31538
15,261,-6.26354,0.0,0.0,2.30651
15,262,2.01757,0.04427,0.07029,2.29771
15,263,1.26818,0.20543,0.27092,2.28897
15,264,-5.16229,0.0,0.0,2.2803
15,265,-3.6715,0.00027,0.00071,2.2717
15,266,7.45867,0.0,0.0,2.26316
15,267,-5.28589,0.0,0.0,2.25468
15,268,-0.3259,0.74466,0.79528,2.24627
15,269,1.48096,0.13936,0.19199,2.23792
15,270,-8.25737,0.0,0.0,2.22963
15,271,1.02703,0.305,0.38107,2.2214
15,272,-4.61277,1e-05,2e-05,2.21324
15,273,4.00153,7e-05,0.00022,2.20513
15,274,-4.93429,0.0,0.0,2.19708
15,275,-0.42013,0.6746,0.73466,2.18909
15,276,-2.51665,0.01222,0.02229,2.18116
15,277,-2.91737,0.00372,0.00757,2.17329
15,278,-3.00679,0.0028,0.00585,2.16547
15,279,0.99825,0.31873,0.39558,2.15771
15,280,-1.76677,0.07799,0.1159,2.15
15,281,7.73026,0.0,0.0,2.14235
15,282,-5.95997,0.0,0.0,2.13475
15,283,-2.47418,0.01375,0.02476,2.12721
15,284,3.44687,0.00062,0.0015,2.11972
15,285,-0.29304,0.76963,0.8156,2.11228
15,286,-1.43502,0.15202,0.20746,2.1049
15,287,-1.05919,0.29012,0.36528,2.09756
15,288,-2.73763,0.00645,0.01245,2.09028
15,289,-0.9305,0.35264,0.4312,2.08304
15,290,-2.66454,0.008,0.01521,2.07586
15,291,-7.65561,0.0,0.0,2.06873
15,292,4.96363,0.0,0.0,2.06164
15,293,-3.38578,0.00078,0.00182,2.05461
15,294,-1.9504,0.05179,0.08068,2.04762
15,295,-7.48814,0.0,0.0,2.04068
15,296,-2.36949,0.01826,0.03195,2.03378
15,297,5.00707,0.0,0.0,2.02694
15,298,-3.78806,0.00017,0.00047,2.02013
15,299,-5.62382,0.0,0.0,2.01338
15,300,2.95521,0.0033,0.00678,2.00667
15,301,5.00452,0.0,0.0,2.0
16,1,2.18003,0.02981,0.04941,855.0
16,2,1.51923,0.12945,0.18002,427.5
16,3,2.0985,0.03645,0.05907,285.0
16,4,0.31883,0.75001,0.79886,213.75
16,5,-3.74982,0.0002,0.00054,171.0
16,6,-4.18807,3e-05,0.00011,142.5
16,7,2.27352,0.0235,0.04012,122.14286
16,8,2.45656,0.01443,0.02586,106.875
16,9,5.09327,0.0,0.0,95.0
16,10,-0.55748,0.57749,0.64925,85.5
16,11,-1.18421,0.237,0.30689,77.72727
16,12,3.81544,0.00016,0.00043,71.25
16,13,6.2272,0.0,0.0,65.76923
16,14,-5.07777,0.0,0.0,61.07143
16,15,-6.51192,0.0,0.0,57.0
16,16,-3.14735,0.00176,0.00385,53.4375
16,17,-2.58222,0.01015,0.01884,50.29412
16,18,-9.21352,0.0,0.0,47.5
16,19,0.25335,0.80012,0.84176,45.0
16,20,-1.74455,0.08179,0.12077,42.75
16,21,-3.15377,0.00173,0.00378,40.71429
16,22,2.08317,0.03784,0.06111,38.86364
16,23,-6.95744,0.0,0.0,37.17391
16,24,-1.12541,0.26105,0.33321,35.625
16,25,-6.3864,0.0,0.0,34.2
16,26,-0.22146,0.82484,0.86233,32.88462
16,27,2.86676,0.00435,0.00873,31.66667
16,28,-7.38176,0.0,0.0,30.53571
16,29,-2.0101,0.04506,0.0714,29.48276
16,30,4.8825,0.0,1e-05,28.5
16,31,-2.10387,0.03598,0.05834,27.58065
16,32,4.4754,1e-05,3e-05,26.71875
16,33,-3.90007,0.00011,0.00032,25.90909
16,34,-7.38651,0.0,0.0,25.14706
16,35,1.94776,0.05211,0.08113,24.42857
16,36,0.48745,0.6262,0.69165,23.75
16,37,3.40262,0.00073,0.00173,23.10811
16,38,-1.62796,0.10428,0.14937,22.5
16,39,-2.79313,0.00546,0.0107,21.92308
16,40,-6.30324,0.0,0.0,21.375
16,41,0.65515,0.51273,0.58672,20.85366
16,42,-2.609,0.0094,0.01757,20.35714
16,43,5.45311,0.0,0.0,19.88372
16,44,2.83997,0.00473,0.00941,19.43182
16,45,-1.57744,0.11544,0.16308,19.0
16,46,-4.5244,1e-05,3e-05,18.58696
16,47,1.59792,0.11081,0.15715,18.19149
16,48,2.34183,0.01965,0.03419,17.8125
16,49,4.30129,2e-05,7e-05,17.44898
16,50,-4.50093,1e-05,3e-05,17.1
16,51,2.50174,0.01274,0.02311,16.76471
16,52,-1.57339,0.11638,0.16421,16.44231
16,53,0.18595,0.85257,0.88445,16.13208
16,54,3.40398,0.00073,0.00172,15.83333
16,55,1.69108,0.09156,0.13316,15.54545
16,56,3.05625,0.00238,0.00506,15.26786
16,57,1.31294,0.18992,0.25219,15.0
16,58,-4.59704,1e-05,2e-05,14.74138
16,59,-1.86886,0.06234,0.09509,14.49153
16,60,4.46044,1e-05,4e-05,14.25
16,61,-0.38648,0.69934,0.75563,14.01639
16,62,-2.52529,0.01193,0.02182,13.79032
16,63,-0.98702,0.3242,0.40117,13.57143
16,64,-2.11592,0.03494,0.05689,13.35938
16,65,-0.832,0.40588,0.48416,13.15385
16,66,0.1432,0.8862,0.91171,12.95455
16,67,-1.32296,0.18656,0.24823,12.76119
16,68,7.2772,0.0,0.0,12.57353
16,69,-3.95532,9e-05,0.00026,12.3913
16,70,1.24917,0.21229,0.2788,12.21429
16,71,-0.83761,0.40273,0.48109,12.04225
16,72,-4.33412,2e-05,6e-05,11.875
16,73,0.25511,0.79876,0.84059,11.71233
16,74,2.78227,0.00564,0.011,11.55405
16,75,-1.65793,0.09807,0.1416,11.4
16,76,4.12912,4e-05,0.00014,11.25
16,77,-2.91353,0.00376,0.00765,11.1039
16,78,0.57235,0.56739,0.63998,10.96154
16,79,1.61417,0.10724,0.153,10.82278
16,80,-4.56967,1e-05,2e-05,10.6875
16,81,-3.95341,9e-05,0.00026,10.55556
16,82,0.24208,0.80884,0.84861,10.42683
16,83,-6.76098,0.0,0.0,10.3012
16,84,-2.02695,0.0433,0.06891,10.17857
16,85,0.02474,0.98027,0.98539,10.05882
16,86,6.70999,0.0,0.0,9.94186
16,87,6.96314,0.0,0.0,9.82759
16,88,7.16944,0.0,0.0,9.71591
16,89,1.01716,0.30966,0.38566,9.60674
16,90,-0.94468,0.34536,0.42395,9.5
16,91,5.40335,0.0,0.0,9.3956
16,92,-2.59201,0.00987,0.01834,9.29348
16,93,-1.87866,0.06098,0.09332,9.19355
16,94,-4.68134,0.0,1e-05,9.09574
16,95,0.94132,0.34708,0.4258,9.0
16,96,0.83396,0.40478,0.48325,8.90625
16,97,-0.03359,0.97322,0.97978,8.81443
16,98,-3.05078,0.00243,0.00514,8.72449
16,99,-3.55834,0.00042,0.00104,8.63636
16,100,0.31895,0.74992,0.79886,8.55
16,101,-0.8645,0.3878,0.46582,8.46535
16,102,-2.46906,0.01394,0.02507,8.38235
16,103,-4.69471,0.0,1e-05,8.30097
16,104,8.48416,0.0,0.0,8.22115
16,105,-4.37861,2e-05,5e-05,8.14286
16,106,3.65313,0.00029,0.00076,8.06604
16,107,-5.28811,0.0,0.0,7.99065
16,108,-0.008,0.99362,0.99561,7.91667
16,109,-0.01364,0.98912,0.99259,7.84404
16,110,-3.78366,0.00018,0.00048,7.77273
16,111,-2.45122,0.01464,0.02621,7.7027
16,112,-2.3446,0.01951,0.03397,7.63393
16,113,-4.96386,0.0,0.0,7.56637
16,114,-1.25609,0.20978,0.27596,7.5
16,115,0.98563,0.32488,0.40182,7.43478
16,116,5.35044,0.0,0.0,7.37069
16,117,-1.20909,0.22731,0.29579,7.30769
16,118,-1.52531,0.12793,0.17823,7.24576
16,119,3.58917,0.00037,0.00094,7.18487
16,120,0.69639,0.48657,0.56219,7.125
16,121,-2.4717,0.01384,0.02491,7.06612
16,122,2.72943,0.00661,0.01274,7.0082
16,123,-1.71878,0.08639,0.12653,6.95122
16,124,0.98216,0.32658,0.40367,6.89516
16,125,4.11433,5e-05,0.00014,6.84
16,126,0.54745,0.58436,0.65523,6.78571
16,127,-3.26115,0.0012,0.00271,6.73228
16,128,-3.99356,8e-05,0.00023,6.67969
16,129,-1.88403,0.06025,0.09237,6.62791
16,130,-5.92139,0.0,0.0,6.57692
16,131,-4.11552,5e-05,0.00014,6.52672
16,132,1.26398,0.20693,0.27272,6.47727
16,133,-0.05544,0.95581,0.96663,6.42857
16,134,0.26488,0.79123,0.83372,6.3806
16,135,4.23694,3e-05,9e-05,6.33333
16,136,-1.02716,0.30493,0.38105,6.28676
16,137,-7.0584,0.0,0.0,6.24088
16,138,2.25966,0.02435,0.04139,6.19565
16,139,4.86208,0.0,1e-05,6.15108
16,140,0.29313,0.76957,0.8156,6.10714
16,141,2.06035,0.03998,0.06423,6.06383
16,142,1.82854,0.06817,0.10284,6.02113
16,143,-5.59868,0.0,0.0,5.97902
16,144,-3.89739,0.00011,0.00032,5.9375
16,145,-3.04907,0.00244,0.00517,5.89655
16,146,0.27852,0.78075,0.82502,5.85616
16,147,0.23309,0.81581,0.85501,5.81633
16,148,-4.28629,2e-05,7e-05,5.77703
16,149,-0.71834,0.47294,0.54949,5.73826
16,150,-4.34625,2e-05,6e-05,5.7
16,151,0.54709,0.5846,0.6554,5.66225
16,152,0.5549,0.57926,0.65079,5.625
16,153,3.1219,0.00192,0.00417,5.58824
16,154,2.5935,0.00983,0.01827,5.55195
16,155,1.24519,0.21375,0.28038,5.51613
16,156,4.15708,4e-05,0.00012,5.48077
16,157,3.93815,0.0001,0.00028,5.44586
16,158,8.05403,0.0,0.0,5.41139
16,159,-6.23855,0.0,0.0,5.37736
16,160,1.42087,0.15609,0.21223,5.34375
16,161,-5.12402,0.0,0.0,5.31056
16,162,-0.47305,0.63643,0.70035,5.27778
16,163,5.08955,0.0,0.0,5.2454
16,164,3.49677,0.00052,0.00127,5.21341
16,165,1.04266,0.2977,0.37367,5.18182
16,166,-5.87601,0.0,0.0,5.1506
16,167,8.93334,0.0,0.0,5.11976
16,168,0.98272,0.32631,0.40343,5.08929
16,169,-0.24512,0.80648,0.84667,5.05917
16,170,-0.17133,0.86405,0.89351,5.02941
16,171,0.50894,0.61106,0.67853,5.0
16,172,6.86009,0.0,0.0,4.97093
16,173,2.82058,0.00502,0.00991,4.9422
16,174,-10.02407,0.0,0.0,4.91379
16,175,-6.38934,0.0,0.0,4.88571
16,176,4.54575,1e-05,3e-05,4.85795
16,177,1.56455,0.11844,0.16681,4.83051
16,178,-4.11455,5e-05,0.00014,4.80337
16,179,-0.4331,0.66516,0.72611,4.77654
16,180,0.59912,0.54941,0.62279,4.75
16,181,-5.27504,0.0,0.0,4.72376
16,182,-1.09513,0.27408,0.34754,4.6978
16,183,-2.96144,0.00323,0.00666,4.67213
16,184,2.15525,0.03171,0.05223,4.64674
16,185,4.63902,0.0,2e-05,4.62162
16,186,-1.55911,0.11972,0.16833,4.59677
16,187,-8.79699,0.0,0.0,4.57219
16,188,-2.09823,0.03648,0.05909,4.54787
16,189,2.03663,0.04231,0.06752,4.52381
16,190,5.24792,0.0,0.0,4.5
16,191,-4.84306,0.0,1e-05,4.47644
16,192,-4.3828,1e-05,5e-05,4.45312
16,193,-5.77125,0.0,0.0,4.43005
16,194,-2.30459,0.02167,0.03743,4.40722
16,195,6.25608,0.0,0.0,4.38462
16,196,-2.0307,0.04291,0.06836,4.36224
16,197,9.61627,0.0,0.0,4.3401
16,198,-6.12322,0.0,0.0,4.31818
16,199,-5.83497,0.0,0.0,4.29648
16,200,-1.50373,0.1334,0.18476,4.275
16,201,1.64965,0.09976,0.14368,4.25373
16,202,1.53204,0.12626,0.17632,4.23267
16,203,4.05939,6e-05,0.00018,4.21182
16,204,2.41731,0.01606,0.02849,4.19118
16,205,0.44117,0.65931,0.72091,4.17073
16,206,1.11673,0.26474,0.33736,4.15049
16,207,1.39089,0.16499,0.22303,4.13043
16,208,0.02409,0.9808,0.98582,4.11058
16,209,-9.44674,0.0,0.0,4.09091
16,210,2.28331,0.02291,0.03929,4.07143
16,211,-0.49439,0.62129,0.68722,4.05213
16,212,-3.24952,0.00125,0.00281,4.03302
16,213,7.80261,0.0,0.0,4.01408
16,214,5.12908,0.0,0.0,3.99533
16,215,-2.01733,0.04429,0.07032,3.97674
16,216,-1.92556,0.05483,0.08491,3.95833
16,217,4.31162,2e-05,7e-05,3.94009
16,218,-1.87655,0.06127,0.09368,3.92202
16,219,1.14062,0.25468,0.32632,3.90411
16,220,2.49873,0.01284,0.02329,3.88636
16,221,3.94375,9e-05,0.00027,3.86878
16,222,-0.68701,0.49246,0.56781,3.85135
16,223,-0.92532,0.35533,0.43384,3.83408
16,224,6.5329,0.0,0.0,3.81696
16,225,-3.91227,0.00011,0.0003,3.8
16,226,-2.5136,0.01232,0.02244,3.78319
16,227,-0.57271,0.56714,0.63977,3.76652
16,228,-1.77333,0.0769,0.11446,3.75
16,229,0.99302,0.32127,0.39801,3.73362
16,230,1.20018,0.23074,0.29994,3.71739
16,231,0.87986,0.37943,0.45752,3.7013
16,232,-1.60582,0.10906,0.15514,3.68534
16,233,0.00675,0.99462,0.99641,3.66953
16,234,0.17721,0.85943,0.88993,3.65385
16,235,2.8105,0.00518,0.01019,3.6383
16,236,-0.05684,0.9547,0.9658,3.62288
16,237,-1.1731,0.24142,0.31189,3.60759
16,238,-0.83713,0.40299,0.48129,3.59244
16,239,-4.76907,0.0,1e-05,3.57741
16,240,-4.63863,0.0,2e-05,3.5625
16,241,8.7472,0.0,0.0,3.54772
16,242,-5.3257,0.0,0.0,3.53306
16,243,0.78154,0.43493,0.51228,3.51852
16,244,1.03148,0.30291,0.3789,3.5041
16,245,4.99034,0.0,0.0,3.4898
16,246,-2.10415,0.03596,0.05831,3.47561
16,247,3.04772,0.00245,0.00519,3.46154
16,248,-6.33572,0.0,0.0,3.44758
16,249,0.96048,0.33736,0.41544,3.43373
16,250,0.12492,0.90065,0.92325,3.42
16,251,7.20787,0.0,0.0,3.40637
16,252,-0.32052,0.74873,0.79784,3.39286
16,253,4.05196,6e-05,0.00018,3.37945
16,254,-4.90206,0.0,1e-05,3.36614
16,255,1.5707,0.117,0.16498,3.35294
16,256,-3.76769,0.00019,0.00051,3.33984
16,257,-5.87352,0.0,0.0,3.32685
16,258,-5.10539,0.0,0.0,3.31395
16,259,1.30319,0.19322,0.2561,3.30116
16,260,0.87532,0.3819,0.45989,3.28846
16,261,2.06711,0.03933,0.06329,3.27586
16,262,-6.31063,0.0,0.0,3.26336
16,263,-6.16843,0.0,0.0,3.25095
16,264,-4.38275,1e-05,5e-05,3.23864
16,265,-0.37163,0.71035,0.76609,3.22642
16,266,-0.17104,0.86427,0.89365,3.21429
16,267,-0.91324,0.36164,0.44016,3.20225
16,268,-1.91445,0.05624,0.08685,3.1903
16,269,-6.43701,0.0,0.0,3.17844
16,270,2.10574,0.03582,0.05813,3.16667
16,271,2.08093,0.03804,0.0614,3.15498
16,272,5.11265,0.0,0.0,3.14338
16,273,0.94058,0.34746,0.42616,3.13187
16,274,2.97525,0.0031,0.00641,3.12044
16,275,4.7347,0.0,1e-05,3.10909
16,276,-0.43109,0.66662,0.72739,3.09783
16,277,-1.21837,0.22376,0.29191,3.08664
16,278,-2.45157,0.01463,0.02619,3.07554
16,279,-9.75029,0.0,0.0,3.06452
16,280,-0.3556,0.72232,0.77614,3.05357
16,281,2.15659,0.0316,0.0521,3.0427
16,282,5.43203,0.0,0.0,3.03191
16,283,-9.05105,0.0,0.0,3.0212
16,284,-0.77202,0.44053,0.51766,3.01056
16,285,-0.06626,0.9472,0.95981,3.0
16,286,-2.44429,0.01492,0.02669,2.98951
16,287,1.62305,0.10533,0.15068,2.97909
16,288,-2.83674,0.00478,0.00949,2.96875
16,289,-3.80621,0.00016,0.00044,2.95848
16,290,4.53092,1e-05,3e-05,2.94828
16,291,0.04438,0.96462,0.97338,2.93814
16,292,-4.94517,0.0,0.0,2.92808
16,293,-0.82981,0.40711,0.48517,2.91809
16,294,-1.87109,0.06202,0.09473,2.90816
16,295,4.05011,6e-05,0.00018,2.89831
16,296,-3.01935,0.00269,0.00564,2.88851
16,297,6.16282,0.0,0.0,2.87879
16,298,-7.14144,0.0,0.0,2.86913
16,299,-4.40353,1e-05,5e-05,2.85953
16,300,-0.89799,0.3697,0.44806,2.85
16,301,-1.33808,0.18159,0.24242,2.84053
16,302,3.59135,0.00037,0.00093,2.83113
16,303,-3.30661,0.00103,0.00234,2.82178
16,304,0.8194,0.41302,0.49127,2.8125
16,305,-4.67533,0.0,1e-05,2.80328
16,306,-6.30521,0.0,0.0,2.79412
16,307,4.35143,2e-05,6e-05,2.78502
16,308,-6.25077,0.0,0.0,2.77597
16,309,1.60476,0.1093,0.15536,2.76699
16,310,1.2556,0.20996,0.27616,2.75806
16,311,-1.69867,0.09012,0.13119,2.7492
16,312,-1.38109,0.16798,0.22664,2.74038
16,313,0.86963,0.385,0.4629,2.73163
16,314,1.53636,0.1252,0.17505,2.72293
16,315,-3.64754,0.0003,0.00077,2.71429
16,316,8.69119,0.0,0.0,2.7057
16,317,-0.832,0.40588,0.48416,2.69716
16,318,-2.02367,0.04363,0.06939,2.68868
16,319,3.08877,0.00214,0.0046,2.68025
16,320,3.82273,0.00015,0.00042,2.67188
16,321,1.71053,0.0879,0.12843,2.66355
16,322,-4.04122,6e-05,0.00019,2.65528
16,323,4.77977,0.0,1e-05,2.64706
16,324,-3.19581,0.0015,0.00332,2.63889
16,325,-0.39774,0.69102,0.74879,2.63077
16,326,-9.89793,0.0,0.0,2.6227
16,327,-5.17699,0.0,0.0,2.61468
16,328,6.84656,0.0,0.0,2.60671
16,329,0.18131,0.85621,0.88725,2.59878
16,330,-6.30924,0.0,0.0,2.59091
16,331,4.81892,0.0,1e-05,2.58308
16,332,-1.70783,0.0884,0.12903,2.5753
16,333,4.93995,0.0,0.0,2.56757
16,334,-0.22737,0.82024,0.85905,2.55988
16,335,-6.41855,0.0,0.0,2.55224
16,336,-0.09285,0.92607,0.94419,2.54464
16,337,-2.88097,0.00417,0.00838,2.53709
16,338,4.03501,6e-05,0.00019,2.52959
16,339,-6.29624,0.0,0.0,2.52212
16,340,5.66025,0.0,0.0,2.51471
16,341,-4.33707,2e-05,6e-05,2.50733
16,342,-4.91788,0.0,1e-05,2.5
16,343,-5.77357,0.0,0.0,2.49271
16,344,-5.11434,0.0,0.0,2.48547
16,345,-3.75304,0.0002,0.00053,2.47826
16,346,3.64367,0.0003,0.00078,2.4711
16,347,3.79346,0.00017,0.00046,2.46398
16,348,-3.46775,0.00058,0.0014,2.4569
16,349,-0.87328,0.38301,0.46098,2.44986
16,350,-4.47624,1e-05,3e-05,2.44286
16,351,4.08992,5e-05,0.00016,2.4359
16,352,-3.97493,8e-05,0.00024,2.42898
16,353,-3.83583,0.00014,0.0004,2.4221
16,354,-1.38807,0.16585,0.22416,2.41525
16,355,5.34372,0.0,0.0,2.40845
16,356,1.23709,0.21674,0.28397,2.40169
16,357,7.54654,0.0,0.0,2.39496
16,358,0.48376,0.62881,0.694,2.38827
16,359,2.25718,0.02451,0.04163,2.38162
16,360,-0.36017,0.7189,0.77371,2.375
16,361,2.10669,0.03573,0.05803,2.36842
16,362,-4.49893,1e-05,3e-05,2.36188
16,363,4.9863,0.0,0.0,2.35537
16,364,0.345,0.73027,0.78275,2.3489
16,365,-1.78891,0.07435,0.11116,2.34247
16,366,3.45822,0.0006,0.00144,2.33607
16,367,-2.87283,0.00427,0.00858,2.3297
16,368,0.32181,0.74776,0.79724,2.32337
16,369,-1.74539,0.08165,0.12059,2.31707
16,370,-0.33324,0.73912,0.79046,2.31081
16,371,-0.68807,0.49179,0.5673,2.30458
16,372,1.70049,0.08978,0.13075,2.29839
16,373,-2.30291,0.02177,0.03757,2.29223
16,374,2.73875,0.00643,0.01241,2.2861
16,375,-3.00545,0.00281,0.00587,2.28
16,376,-0.08309,0.93382,0.94976,2.27394
16,377,0.70152,0.48336,0.55926,2.2679
16,378,0.51991,0.6034,0.67181,2.2619
16,379,2.81445,0.00511,0.01009,2.25594
16,380,-0.54024,0.58932,0.65965,2.25
16,381,1.72771,0.08477,0.12455,2.24409
16,382,3.54385,0.00044,0.00109,2.23822
16,383,-1.36281,0.17367,0.23318,2.23238
16,384,-3.3317,0.00094,0.00216,2.22656
16,385,-1.76166,0.07885,0.117,2.22078
16,386,4.62994,0.0,2e-05,2.21503
16,387,-5.57722,0.0,0.0,2.2093
16,388,7.34206,0.0,0.0,2.20361
16,389,3.81335,0.00016,0.00043,2.19794
16,390,0.79175,0.42895,0.50661,2.19231
16,391,2.99236,0.00293,0.00609,2.1867
16,392,3.15953,0.00169,0.00372,2.18112
16,393,0.96402,0.33559,0.41342,2.17557
16,394,7.13769,0.0,0.0,2.17005
16,395,3.3204,0.00098,0.00224,2.16456
16,396,-1.66256,0.09714,0.14044,2.15909
16,397,4.00307,7e-05,0.00022,2.15365
16,398,0.68503,0.4937,0.56918,2.14824
16,399,5.08976,0.0,0.0,2.14286
16,400,-10.28631,0.0,0.0,2.1375
16,401,0.4377,0.66182,0.72324,2.13217
16,402,-0.4836,0.62892,0.69405,2.12687
16,403,-2.43444,0.01533,0.02733,2.12159
16,404,-1.75998,0.07914,0.11727,2.11634
16,405,3.5167,0.00048,0.00119,2.11111
16,406,5.52367,0.0,0.0,2.10591
16,407,-0.31456,0.75325,0.80172,2.10074
16,408,-4.81998,0.0,1e-05,2.09559
16,409,-3.47605,0.00056,0.00136,2.09046
16,410,3.4799,0.00055,0.00134,2.08537
16,411,2.08715,0.03747,0.06056,2.08029
16,412,-3.50352,0.00051,0.00125,2.07524
16,413,0.08985,0.92845,0.94565,2.07022
16,414,-2.90414,0.00388,0.00785,2.06522
16,415,1.3713,0.17101,0.2302,2.06024
16,416,2.61418,0.00926,0.01733,2.05529
16,417,-7.48227,0.0,0.0,2.05036
16,418,1.58095,0.11464,0.16209,2.04545
16,419,-6.22665,0.0,0.0,2.04057
16,420,-4.25231,3e-05,8e-05,2.03571
16,421,-0.45604,0.64859,0.71129,2.03088
16,422,4.86156,0.0,1e-05,2.02607
16,423,-0.26925,0.78787,0.83132,2.02128
16,424,-3.39694,0.00075,0.00176,2.01651
16,425,-2.20632,0.0279,0.04662,2.01176
16,426,-0.67869,0.49771,0.57287,2.00704
16,427,-2.16213,0.03117,0.05149,2.00234
17,1,6.6038,0.0,0.0,1187.0
17,2,0.00617,0.99508,0.99657,593.5
17,3,-0.17266,0.86301,0.89262,395.66667
17,4,-1.8356,0.06712,0.10149,296.75
17,5,4.26257,2e-05,8e-05,237.4
17,6,6.15635,0.0,0.0,197.83333
17,7,0.59626,0.55132,0.62478,169.57143
17,8,1.64333,0.10106,0.14539,148.375
17,9,2.32207,0.0207,0.03588,131.88889
17,10,0.48617,0.6271,0.69242,118.7
17,11,3.99534,8e-05,0.00023,107.90909
17,12,2.78832,0.00554,0.01083,98.91667
17,13,-3.11796,0.00195,0.00421,91.30769
17,14,-5.56041,0.0,0.0,84.78571
17,15,-2.05253,0.04073,0.06532,79.13333
17,16,-0.13839,0.89,0.91486,74.1875
17,17,0.53227,0.59482,0.6641,69.82353
17,18,-1.07266,0.28404,0.35866,65.94444
17,19,0.57274,0.56713,0.63977,62.47368
17,20,0.87322,0.38304,0.46098,59.35
17,21,2.11324,0.03517,0.05723,56.52381
17,22,2.87708,0.00422,0.00848,53.95455
17,23,3.64212,0.0003,0.00078,51.6087
17,24,-1.98137,0.0482,0.07585,49.45833
17,25,-2.72614,0.00667,0.01284,47.48
17,26,2.39242,0.01717,0.03023,45.65385
17,27,-2.433,0.01539,0.02741,43.96296
17,28,-4.25553,3e-05,8e-05,42.39286
17,29,-2.91049,0.0038,0.00772,40.93103
17,30,4.4982,1e-05,3e-05,39.56667
17,31,4.20515,3e-05,0.0001,38.29032
17,32,-5.69529,0.0,0.0,37.09375
17,33,-9.21889,0.0,0.0,35.9697
17,34,-0.29798,0.76587,0.81238,34.91176
17,35,5.4521,0.0,0.0,33.91429
17,36,3.70812,0.00024,0.00062,32.97222
17,37,-1.05814,0.2906,0.36569,32.08108
17,38,-4.53488,1e-05,3e-05,31.23684
17,39,1.88424,0.06022,0.09235,30.4359
17,40,-2.57418,0.01039,0.01922,29.675
17,41,-2.72932,0.00661,0.01274,28.95122
17,42,-1.53828,0.12473,0.17447,28.2619
17,43,5.62379,0.0,0.0,27.60465
17,44,4.80057,0.0,1e-05,26.97727
17,45,-3.89048,0.00012,0.00033,26.37778
17,46,-6.6885,0.0,0.0,25.80435
17,47,3.24327,0.00128,0.00286,25.25532
17,48,-4.84754,0.0,1e-05,24.72917
17,49,-7.86242,0.0,0.0,24.22449
17,50,-3.20123,0.00147,0.00327,23.74
17,51,1.33067,0.18402,0.24533,23.27451
17,52,-1.02218,0.30728,0.38332,22.82692
17,53,3.38372,0.00078,0.00184,22.39623
17,54,3.85886,0.00013,0.00037,21.98148
17,55,1.5023,0.13377,0.18525,21.58182
17,56,-8.74397,0.0,0.0,21.19643
17,57,3.00981,0.00277,0.00579,20.82456
17,58,-3.13153,0.00186,0.00404,20.46552
17,59,6.77063,0.0,0.0,20.11864
17,60,-2.7994,0.00535,0.01052,19.78333
17,61,-1.63894,0.10197,0.14649,19.45902
17,62,1.26125,0.20792,0.27376,19.14516
17,63,-3.81274,0.00016,0.00043,18.84127
17,64,2.01509,0.04453,0.07063,18.54688
17,65,-8.45795,0.0,0.0,18.26154
17,66,2.68798,0.00747,0.01428,17.98485
17,67,-2.77102,0.00584,0.01135,17.71642
17,68,-6.85657,0.0,0.0,17.45588
17,69,-4.77392,0.0,1e-05,17.2029
17,70,-2.15478,0.03174,0.05227,16.95714
17,71,-4.07481,6e-05,0.00017,16.71831
17,72,1.05937,0.29004,0.36522,16.48611
17,73,1.75385,0.08018,0.11863,16.26027
17,74,-1.74383,0.08192,0.12094,16.04054
17,75,2.51506,0.01227,0.02236,15.82667
17,76,-0.98765,0.32389,0.40089,15.61842
17,77,-10.00463,0.0,0.0,15.41558
17,78,9.58002,0.0,0.0,15.21795
17,79,1.92165,0.05532,0.08559,15.02532
17,80,4.0369,6e-05,0.00019,14.8375
17,81,-2.57847,0.01026,0.01902,14.65432
17,82,-0.20871,0.83477,0.87062,14.47561
17,83,5.83532,0.0,0.0,14.3012
17,84,-2.37539,0.01798,0.0315,14.13095
17,85,-6.19242,0.0,0.0,13.96471
17,86,3.35519,0.00086,0.00201,13.80233
17,87,-7.10849,0.0,0.0,13.64368
17,88,0.35204,0.72498,0.77859,13.48864
17,89,-1.89225,0.05914,0.09087,13.33708
17,90,-2.40482,0.01661,0.02935,13.18889
17,91,0.93853,0.34851,0.42718,13.04396
17,92,5.80045,0.0,0.0,12.90217
17,93,-3.51512,0.00049,0.0012,12.76344
17,94,-4.63304,0.0,2e-05,12.62766
17,95,-0.39934,0.68984,0.74783,12.49474
17,96,-2.62521,0.00897,0.01682,12.36458
17,97,1.38101,0.16801,0.22664,12.23711
17,98,2.1833,0.02956,0.04906,12.11224
17,99,4.52193,1e-05,3e-05,11.9899
17,100,-4.65646,0.0,2e-05,11.87
17,101,1.87464,0.06153,0.09402,11.75248
17,102,-0.80328,0.42227,0.5007,11.63725
17,103,-2.0639,0.03964,0.06374,11.52427
17,104,0.9453,0.34505,0.42372,11.41346
17,105,-5.35594,0.0,0.0,11.30476
17,106,-2.60247,0.00958,0.01787,11.19811
17,107,-9.95162,0.0,0.0,11.09346
17,108,-1.43236,0.15278,0.20826,10.99074
17,109,-1.55525,0.12064,0.16946,10.88991
17,110,-1.23465,0.21765,0.28508,10.79091
17,111,0.56879,0.5698,0.64227,10.69369
17,112,-6.75518,0.0,0.0,10.59821
17,113,-7.54793,0.0,0.0,10.50442
17,114,-8.46496,0.0,0.0,10.41228
17,115,8.27668,0.0,0.0,10.32174
17,116,-3.57704,0.00039,0.00098,10.23276
17,117,1.08443,0.27879,0.35302,10.1453
17,118,3.07184,0.00227,0.00484,10.05932
17,119,-3.09057,0.00213,0.00457,9.97479
17,120,0.42535,0.6708,0.73107,9.89167
17,121,4.2228,3e-05,9e-05,9.80992
17,122,-3.35732,0.00086,0.002,9.72951
17,123,-6.82826,0.0,0.0,9.65041
17,124,5.39068,0.0,0.0,9.57258
17,125,1.08105,0.28029,0.35478,9.496
17,126,7.81224,0.0,0.0,9.42063
17,127,-3.50102,0.00051,0.00125,9.34646
17,128,-4.5652,1e-05,2e-05,9.27344
17,129,5.01869,0.0,0.0,9.20155
17,130,0.93199,0.35187,0.43041,9.13077
17,131,-3.06005,0.00235,0.00501,9.06107
17,132,3.27743,0.00113,0.00257,8.99242
17,133,2.52888,0.01181,0.02162,8.92481
17,134,5.79376,0.0,0.0,8.85821
17,135,0.74304,0.45787,0.53471,8.79259
17,136,6.90766,0.0,0.0,8.72794
17,137,-2.98697,0.00298,0.00618,8.66423
17,138,6.98614,0.0,0.0,8.60145
17,139,-2.46685,0.01403,0.02521,8.53957
17,140,4.22325,3e-05,9e-05,8.47857
17,141,3.17293,0.00162,0.00357,8.41844
17,142,-0.65579,0.51232,0.58639,8.35915
17,143,-8.70603,0.0,0.0,8.3007
17,144,1.28973,0.19785,0.26168,8.24306
17,145,-2.98619,0.00299,0.0062,8.18621
17,146,1.42119,0.156,0.21216,8.13014
17,147,-3.47432,0.00057,0.00137,8.07483
17,148,-2.27696,0.02329,0.03984,8.02027
17,149,7.46649,0.0,0.0,7.96644
17,150,-3.19069,0.00153,0.00338,7.91333
17,151,-7.14453,0.0,0.0,7.86093
17,152,-0.8273,0.40854,0.48669,7.80921
17,153,-5.93309,0.0,0.0,7.75817
17,154,-6.93072,0.0,0.0,7.70779
17,155,-9.05176,0.0,0.0,7.65806
17,156,-1.8969,0.05852,0.09004,7.60897
17,157,-0.70003,0.4843,0.56027,7.56051
17,158,-2.35911,0.01877,0.03276,7.51266
17,159,4.50103,1e-05,3e-05,7.46541
17,160,-1.35411,0.17643,0.23647,7.41875
17,161,-1.19997,0.23083,0.29994,7.37267
17,162,6.77888,0.0,0.0,7.32716
17,163,-0.5191,0.60396,0.67236,7.28221
17,164,-0.73837,0.4607,0.5377,7.2378
17,165,-4.03565,6e-05,0.00019,7.19394
17,166,6.02241,0.0,0.0,7.1506
17,167,-1.60185,0.10994,0.15614,7.10778
17,168,2.1451,0.03251,0.05339,7.06548
17,169,0.16265,0.87087,0.89909,7.02367
17,170,9.95193,0.0,0.0,6.98235
17,171,3.14935,0.00175,0.00383,6.94152
17,172,-8.49747,0.0,0.0,6.90116
17,173,0.74481,0.4568,0.53371,6.86127
17,174,-2.42603,0.01568,0.02787,6.82184
17,175,-5.9177,0.0,0.0,6.78286
17,176,-5.84478,0.0,0.0,6.74432
17,177,5.5306,0.0,0.0,6.70621
17,178,0.25204,0.80114,0.84253,6.66854
17,179,3.06598,0.00231,0.00492,6.63128
17,180,-0.01983,0.98419,0.98873,6.59444
17,181,2.35629,0.01891,0.03299,6.55801
17,182,2.32922,0.02032,0.03528,6.52198
17,183,-6.18299,0.0,0.0,6.48634
17,184,-3.85852,0.00013,0.00037,6.45109
17,185,-4.58976,1e-05,2e-05,6.41622
17,186,5.04762,0.0,0.0,6.38172
17,187,9.16375,0.0,0.0,6.34759
17,188,-2.86085,0.00444,0.00887,6.31383
17,189,-7.47288,0.0,0.0,6.28042
17,190,-3.59251,0.00037,0.00093,6.24737
17,191,-2.45551,0.01447,0.02592,6.21466
17,192,-8.97553,0.0,0.0,6.18229
17,193,4.17119,4e-05,0.00012,6.15026
17,194,-0.48116,0.63065,0.69557,6.11856
17,195,-8.0413,0.0,0.0,6.08718
17,196,-0.66014,0.50952,0.58365,6.05612
17,197,5.87405,0.0,0.0,6.02538
17,198,4.01105,7e-05,0.00021,5.99495
17,199,-2.89794,0.00395,0.00799,5.96482
17,200,2.72672,0.00666,0.01282,5.935
17,201,-5.50307,0.0,0.0,5.90547
17,202,4.23558,3e-05,9e-05,5.87624
17,203,1.31498,0.18923,0.25141,5.84729
17,204,-1.18919,0.23503,0.3047,5.81863
17,205,-7.68533,0.0,0.0,5.79024
17,206,0.10729,0.91461,0.93489,5.76214
17,207,-1.35257,0.17692,0.23694,5.7343
17,208,-4.10783,5e-05,0.00015,5.70673
17,209,-1.10779,0.26858,0.34138,5.67943
17,210,-1.93959,0.0531,0.08248,5.65238
17,211,1.76144,0.07889,0.11702,5.62559
17,212,0.95096,0.34217,0.4206,5.59906
17,213,6.29129,0.0,0.0,5.57277
17,214,5.71871,0.0,0.0,5.54673
17,215,1.68398,0.09292,0.13495,5.52093
17,216,-0.19306,0.847,0.88053,5.49537
17,217,-0.58445,0.55923,0.63241,5.47005
17,218,1.97013,0.04948,0.07763,5.44495
17,219,-3.72074,0.00023,0.0006,5.42009
17,220,-0.25552,0.79845,0.84035,5.39545
17,221,4.88063,0.0,1e-05,5.37104
17,222,-0.37949,0.70452,0.76053,5.34685
17,223,1.62447,0.10502,0.15033,5.32287
17,224,-4.66386,0.0,2e-05,5.29911
17,225,4.28313,2e-05,7e-05,5.27556
17,226,6.94082,0.0,0.0,5.25221
17,227,3.87621,0.00012,0.00035,5.22907
17,228,-1.6588,0.0979,0.14139,5.20614
17,229,-4.05451,6e-05,0.00018,5.18341
17,230,1.47128,0.14196,0.19514,5.16087
17,231,-5.87302,0.0,0.0,5.13853
17,232,2.40379,0.01666,0.02941,5.11638
17,233,3.52464,0.00047,0.00116,5.09442
17,234,-0.89015,0.37389,0.45204,5.07265
17,235,-0.10203,0.91878,0.9379,5.05106
17,236,1.96858,0.04965,0.07783,5.02966
17,237,0.35045,0.72618,0.77954,5.00844
17,238,-2.36334,0.01856,0.03243,4.98739
17,239,2.59806,0.0097,0.01807,4.96653
17,240,2.95366,0.00332,0.00681,4.94583
17,241,4.24117,3e-05,9e-05,4.92531
17,242,-0.78856,0.43081,0.50839,4.90496
17,243,0.42667,0.66983,0.73026,4.88477
17,244,3.7243,0.00022,0.00059,4.86475
17,245,2.16582,0.03088,0.05108,4.8449
17,246,0.88783,0.37514,0.45313,4.8252
17,247,1.82394,0.06887,0.10381,4.80567
17,248,6.74688,0.0,0.0,4.78629
17,249,-0.23299,0.81588,0.85501,4.76707
17,250,-3.16597,0.00166,0.00365,4.748
17,251,-1.93079,0.05418,0.08399,4.72908
17,252,-2.21943,0.02699,0.0453,4.71032
17,253,3.39967,0.00074,0.00175,4.6917
17,254,4.49649,1e-05,3e-05,4.67323
17,255,-0.96043,0.33739,0.41544,4.6549
17,256,-2.41408,0.0162,0.02871,4.63672
17,257,2.39765,0.01693,0.02986,4.61868
17,258,0.2537,0.79985,0.84157,4.60078
17,259,-3.53406,0.00045,0.00113,4.58301
17,260,5.38372,0.0,0.0,4.56538
17,261,-3.29355,0.00107,0.00245,4.54789
17,262,7.14072,0.0,0.0,4.53053
17,263,-5.99963,0.0,0.0,4.51331
17,264,4.9778,0.0,0.0,4.49621
17,265,6.72431,0.0,0.0,4.47925
17,266,-2.15327,0.03186,0.05244,4.46241
17,267,-3.18726,0.00154,0.00341,4.44569
17,268,-2.52902,0.0118,0.02162,4.4291
17,269,7.06617,0.0,0.0,4.41264
17,270,-3.01204,0.00275,0.00576,4.3963
17,271,0.77325,0.4398,0.51711,4.38007
17,272,0.66369,0.50725,0.58152,4.36397
17,273,-7.59982,0.0,0.0,4.34799
17,274,-3.68853,0.00026,0.00067,4.33212
17,275,5.7379,0.0,0.0,4.31636
17,276,10.49084,0.0,0.0,4.30072
17,277,-1.45499,0.14641,0.2005,4.2852
17,278,2.66384,0.00802,0.01523,4.26978
17,279,0.46561,0.64173,0.70502,4.25448
17,280,6.18098,0.0,0.0,4.23929
17,281,2.42177,0.01587,0.02816,4.2242
17,282,1.96249,0.05036,0.07881,4.20922
17,283,0.16411,0.86972,0.89826,4.19435
17,284,-2.43294,0.01539,0.02741,4.17958
17,285,0.97502,0.33011,0.40717,4.16491
17,286,0.39276,0.69469,0.75195,4.15035
17,287,-6.81641,0.0,0.0,4.13589
17,288,-2.38755,0.0174,0.03059,4.12153
17,289,-4.34334,2e-05,6e-05,4.10727
17,290,-6.91282,0.0,0.0,4.0931
17,291,0.41158,0.68086,0.74066,4.07904
17,292,0.46341,0.64331,0.70634,4.06507
17,293,0.53671,0.59175,0.66157,4.05119
17,294,-2.43311,0.01538,0.02741,4.03741
17,295,-0.33129,0.74059,0.79186,4.02373
17,296,-1.63673,0.10243,0.14704,4.01014
17,297,1.95873,0.0508,0.07935,3.99663
17,298,5.46338,0.0,0.0,3.98322
17,299,-1.18623,0.2362,0.30597,3.9699
17,300,5.47018,0.0,0.0,3.95667
17,301,-1.63714,0.10235,0.14696,3.94352
17,302,-1.49986,0.1344,0.18605,3.93046
17,303,-5.02532,0.0,0.0,3.91749
17,304,-1.97049,0.04944,0.07758,3.90461
17,305,-2.2266,0.0265,0.04462,3.8918
17,306,7.12672,0.0,0.0,3.87908
17,307,2.00478,0.04562,0.07218,3.86645
17,308,-0.80314,0.42234,0.5007,3.8539
17,309,2.94492,0.00341,0.00698,3.84142
17,310,-6.32812,0.0,0.0,3.82903
17,311,3.25987,0.0012,0.00272,3.81672
17,312,8.60289,0.0,0.0,3.80449
17,313,-6.13528,0.0,0.0,3.79233
17,314,2.38065,0.01773,0.03109,3.78025
17,315,4.44932,1e-05,4e-05,3.76825
17,316,4.10543,5e-05,0.00015,3.75633
17,317,1.08827,0.2771,0.351,3.74448
17,318,1.22818,0.22006,0.28772,3.7327
17,319,-3.72641,0.00022,0.00059,3.721
17,320,-1.53893,0.12457,0.1743,3.70938
17,321,-1.93589,0.05355,0.08312,3.69782
17,322,3.25893,0.00121,0.00273,3.68634
17,323,-0.52318,0.60112,0.66987,3.67492
17,324,3.5095,0.0005,0.00122,3.66358
17,325,1.03038,0.30342,0.37945,3.65231
17,326,2.47941,0.01355,0.02443,3.6411
17,327,-2.00261,0.04586,0.0725,3.62997
17,328,0.01738,0.98615,0.9901,3.6189
17,329,0.86711,0.38638,0.46433,3.6079
17,330,3.69468,0.00025,0.00065,3.59697
17,331,1.11353,0.26611,0.3388,3.5861
17,332,1.01865,0.30895,0.38497,3.5753
17,333,2.14734,0.03233,0.05315,3.56456
17,334,0.18245,0.85531,0.88654,3.55389
17,335,4.40126,1e-05,5e-05,3.54328
17,336,0.90741,0.36471,0.44318,3.53274
17,337,2.16758,0.03075,0.05087,3.52226
17,338,1.43163,0.15299,0.20846,3.51183
17,339,7.98316,0.0,0.0,3.50147
17,340,0.01201,0.99042,0.99341,3.49118
17,341,-4.37831,2e-05,5e-05,3.48094
17,342,4.32775,2e-05,6e-05,3.47076
17,343,-2.96865,0.00316,0.00653,3.46064
17,344,1.76156,0.07887,0.11701,3.45058
17,345,-2.26906,0.02377,0.04052,3.44058
17,346,4.76233,0.0,1e-05,3.43064
17,347,4.18147,4e-05,0.00011,3.42075
17,348,-0.79388,0.42771,0.50563,3.41092
17,349,-3.15768,0.0017,0.00374,3.40115
17,350,4.784,0.0,1e-05,3.39143
17,351,9.75702,0.0,0.0,3.38177
17,352,0.81531,0.41536,0.49347,3.37216
17,353,0.27299,0.785,0.8289,3.36261
17,354,4.21812,3e-05,0.0001,3.35311
17,355,-4.38979,1e-05,5e-05,3.34366
17,356,1.30972,0.191,0.25347,3.33427
17,357,5.91545,0.0,0.0,3.32493
17,358,-6.11908,0.0,0.0,3.31564
17,359,3.00097,0.00285,0.00594,3.30641
17,360,-0.00889,0.99291,0.9951,3.29722
17,361,-3.6971,0.00025,0.00065,3.28809
17,362,-0.81135,0.41762,0.49575,3.27901
17,363,3.66066,0.00028,0.00074,3.26997
17,364,1.16362,0.24523,0.31597,3.26099
17,365,-1.19725,0.23188,0.30108,3.25205
17,366,-2.23193,0.02614,0.04407,3.24317
17,367,1.22123,0.22268,0.29062,3.23433
17,368,2.5019,0.01273,0.02311,3.22554
17,369,-2.25972,0.02435,0.04139,3.2168
17,370,1.79325,0.07365,0.11025,3.20811
17,371,7.91559,0.0,0.0,3.19946
17,372,2.68084,0.00763,0.01455,3.19086
17,373,3.3446,0.0009,0.00208,3.18231
17,374,0.85471,0.39319,0.47139,3.1738
17,375,-1.53098,0.12652,0.17656,3.16533
17,376,-3.85065,0.00014,0.00038,3.15691
17,377,-6.97609,0.0,0.0,3.14854
17,378,-6.01271,0.0,0.0,3.14021
17,379,-0.27233,0.7855,0.82934,3.13193
17,380,-0.56889,0.56973,0.64227,3.12368
17,381,2.35615,0.01892,0.03299,3.11549
17,382,-1.51566,0.13035,0.18107,3.10733
17,383,-3.05742,0.00237,0.00505,3.09922
17,384,6.48284,0.0,0.0,3.09115
17,385,-0.16835,0.86639,0.89547,3.08312
17,386,5.54032,0.0,0.0,3.07513
17,387,-1.23136,0.21887,0.28638,3.06718
17,388,-0.2053,0.83743,0.87303,3.05928
17,389,3.37143,0.00082,0.00191,3.05141
17,390,6.40138,0.0,0.0,3.04359
17,391,-4.0755,5e-05,0.00017,3.03581
17,392,2.66501,0.00799,0.01519,3.02806
17,393,-2.84907,0.0046,0.00917,3.02036
17,394,-8.4755,0.0,0.0,3.01269
17,395,0.49818,0.61862,0.68509,3.00506
17,396,3.87902,0.00012,0.00034,2.99747
17,397,-5.8349,0.0,0.0,2.98992
17,398,1.99083,0.04714,0.07432,2.98241
17,399,2.08762,0.03743,0.06051,2.97494
17,400,-3.97738,8e-05,0.00024,2.9675
17,401,2.17483,0.0302,0.05001,2.9601
17,402,-0.71441,0.47537,0.55186,2.95274
17,403,1.19582,0.23244,0.30165,2.94541
17,404,1.20004,0.2308,0.29994,2.93812
17,405,-4.59699,1e-05,2e-05,2.93086
17,406,1.16844,0.24329,0.3139,2.92365
17,407,-2.04941,0.04104,0.06572,2.91646
17,408,0.00648,0.99483,0.99644,2.90931
17,409,-5.22139,0.0,0.0,2.9022
17,410,-6.9601,0.0,0.0,2.89512
17,411,7.32734,0.0,0.0,2.88808
17,412,-5.31743,0.0,0.0,2.88107
17,413,-3.4242,0.00068,0.00161,2.87409
17,414,0.93233,0.3517,0.43025,2.86715
17,415,-3.29184,0.00108,0.00246,2.86024
17,416,-1.32288,0.18659,0.24823,2.85337
17,417,-6.2498,0.0,0.0,2.84652
17,418,5.59691,0.0,0.0,2.83971
17,419,7.39586,0.0,0.0,2.83294
17,420,3.4409,0.00064,0.00153,2.82619
17,421,-2.3468,0.0194,0.03379,2.81948
17,422,-4.95947,0.0,0.0,2.8128
17,423,-1.06098,0.28931,0.36439,2.80615
17,424,0.65215,0.51466,0.58853,2.79953
17,425,0.12906,0.89737,0.92055,2.79294
17,426,-3.9446,9e-05,0.00027,2.78638
17,427,1.19278,0.23363,0.30299,2.77986
17,428,-2.01512,0.04453,0.07063,2.77336
17,429,-1.43328,0.15252,0.208,2.7669
17,430,-6.75519,0.0,0.0,2.76047
17,431,3.00488,0.00282,0.00588,2.75406
17,432,-5.06168,0.0,0.0,2.74769
17,433,0.19708,0.84386,0.87799,2.74134
17,434,3.02755,0.00262,0.00551,2.73502
17,435,1.55558,0.12056,0.16937,2.72874
17,436,6.43783,0.0,0.0,2.72248
17,437,3.55083,0.00043,0.00107,2.71625
17,438,-2.40437,0.01663,0.02938,2.71005
17,439,6.65082,0.0,0.0,2.70387
17,440,-1.60699,0.1088,0.15488,2.69773
17,441,-0.6258,0.53178,0.60493,2.69161
17,442,2.06114,0.0399,0.06413,2.68552
17,443,-4.01443,7e-05,0.00021,2.67946
17,444,-3.42983,0.00066,0.00158,2.67342
17,445,0.4988,0.61818,0.68499,2.66742
17,446,-4.14016,4e-05,0.00013,2.66143
17,447,3.31017,0.00101,0.00232,2.65548
17,448,-2.39249,0.01717,0.03023,2.64955
17,449,-3.70907,0.00024,0.00062,2.64365
17,450,4.11786,5e-05,0.00014,2.63778
17,451,6.73694,0.0,0.0,2.63193
17,452,0.85337,0.39394,0.47205,2.62611
17,453,-2.55047,0.01111,0.02045,2.62031
17,454,1.10696,0.26894,0.3418,2.61454
17,455,3.96198,9e-05,0.00025,2.60879
17,456,-2.40815,0.01646,0.02911,2.60307
17,457,6.23711,0.0,0.0,2.59737
17,458,5.23092,0.0,0.0,2.5917
17,459,-1.80707,0.07146,0.10738,2.58606
17,460,7.45729,0.0,0.0,2.58043
17,461,-0.77885,0.43651,0.51378,2.57484
17,462,1.64911,0.09987,0.14382,2.56926
17,463,4.81112,0.0,1e-05,2.56371
17,464,-3.26801,0.00117,0.00265,2.55819
17,465,-4.67316,0.0,2e-05,2.55269
17,466,4.9694,0.0,0.0,2.54721
17,467,-1.02473,0.30608,0.38205,2.54176
17,468,-0.99657,0.31954,0.39624,2.53632
17,469,-5.70966,0.0,0.0,2.53092
17,470,2.36083,0.01869,0.03262,2.52553
17,471,0.0596,0.9525,0.96406,2.52017
17,472,0.65462,0.51307,0.58691,2.51483
17,473,-9.35802,0.0,0.0,2.50951
17,474,4.05011,6e-05,0.00018,2.50422
17,475,-4.61647,1e-05,2e-05,2.49895
17,476,-1.41529,0.15772,0.21421,2.4937
17,477,-2.84025,0.00473,0.0094,2.48847
17,478,-3.71692,0.00023,0.00061,2.48326
17,479,0.19376,0.84646,0.88005,2.47808
17,480,-3.96941,8e-05,0.00025,2.47292
17,481,-6.6045,0.0,0.0,2.46778
17,482,-3.68166,0.00026,0.00069,2.46266
17,483,1.41911,0.15661,0.21284,2.45756
17,484,1.73176,0.08405,0.12358,2.45248
17,485,-2.91632,0.00373,0.00759,2.44742
17,486,-5.39866,0.0,0.0,2.44239
17,487,2.72427,0.00671,0.01291,2.43737
17,488,-0.89183,0.37299,0.45113,2.43238
17,489,0.70852,0.47902,0.55545,2.4274
17,490,1.90187,0.05787,0.0891,2.42245
17,491,0.36056,0.71861,0.77349,2.41752
17,492,-2.30364,0.02173,0.03751,2.4126
17,493,3.86062,0.00013,0.00037,2.40771
17,494,2.757,0.00609,0.01181,2.40283
17,495,-1.85904,0.06372,0.09695,2.39798
17,496,-1.46491,0.14369,0.19719,2.39315
17,497,1.38367,0.16719,0.22576,2.38833
17,498,2.56267,0.01073,0.01981,2.38353
17,499,1.72457,0.08534,0.12531,2.37876
17,500,3.99979,7e-05,0.00022,2.374
17,501,4.70388,0.0,1e-05,2.36926
17,502,1.63546,0.1027,0.14736,2.36454
17,503,-5.32231,0.0,0.0,2.35984
17,504,2.79468,0.00543,0.01066,2.35516
17,505,-0.88468,0.37683,0.45477,2.3505
17,506,-0.59694,0.55087,0.62436,2.34585
17,507,5.73937,0.0,0.0,2.34122
17,508,-2.32391,0.0206,0.03573,2.33661
17,509,3.66106,0.00028,0.00074,2.33202
17,510,-0.43901,0.66088,0.72239,2.32745
17,511,-6.46431,0.0,0.0,2.3229
17,512,-6.19381,0.0,0.0,2.31836
17,513,-4.86671,0.0,1e-05,2.31384
17,514,1.0393,0.29926,0.37518,2.30934
17,515,3.63169,0.00032,0.00081,2.30485
17,516,5.32892,0.0,0.0,2.30039
17,517,1.33844,0.18147,0.2423,2.29594
17,518,-8.46254,0.0,0.0,2.29151
17,519,-3.80135,0.00017,0.00045,2.28709
17,520,-6.40555,0.0,0.0,2.28269
17,521,6.1414,0.0,0.0,2.27831
17,522,-6.39309,0.0,0.0,2.27395
17,523,3.01386,0.00273,0.00573,2.2696
17,524,3.46442,0.00059,0.00141,2.26527
17,525,3.29575,0.00106,0.00243,2.26095
17,526,-0.91399,0.36124,0.43994,2.25665
17,527,1.69409,0.09099,0.13238,2.25237
17,528,-4.86218,0.0,1e-05,2.24811
17,529,3.22356,0.00136,0.00305,2.24386
17,530,-4.84962,0.0,1e-05,2.23962
17,531,-1.22467,0.22138,0.28917,2.2354
17,532,1.94087,0.05294,0.08229,2.2312
17,533,-2.02119,0.04389,0.06976,2.22702
17,534,-0.77193,0.44059,0.51767,2.22285
17,535,-4.06144,6e-05,0.00018,2.21869
17,536,-2.63333,0.00877,0.01648,2.21455
17,537,3.01036,0.00277,0.00579,2.21043
17,538,0.32169,0.74784,0.79724,2.20632
17,539,2.50491,0.01262,0.02294,2.20223
17,540,0.41752,0.67651,0.73658,2.19815
17,541,6.14986,0.0,0.0,2.19409
17,542,-0.98977,0.32285,0.3997,2.19004
17,543,-4.93992,0.0,0.0,2.186
17,544,4.4251,1e-05,4e-05,2.18199
17,545,2.78305,0.00563,0.01098,2.17798
17,546,4.23267,3e-05,9e-05,2.17399
17,547,-2.92476,0.00363,0.0074,2.17002
17,548,-3.07568,0.00224,0.00478,2.16606
17,549,-2.40956,0.0164,0.02902,2.16211
17,550,-0.89716,0.37014,0.44843,2.15818
17,551,6.16314,0.0,0.0,2.15426
17,552,2.77543,0.00576,0.01122,2.15036
17,553,2.83429,0.00481,0.00955,2.14647
17,554,3.70745,0.00024,0.00063,2.1426
17,555,-5.17579,0.0,0.0,2.13874
17,556,-3.01786,0.0027,0.00566,2.13489
17,557,0.66298,0.50771,0.58197,2.13106
17,558,6.76589,0.0,0.0,2.12724
17,559,-0.39044,0.69641,0.75332,2.12343
17,560,-3.65973,0.00028,0.00074,2.11964
17,561,-3.7534,0.0002,0.00053,2.11586
17,562,-1.58907,0.11279,0.15974,2.1121
17,563,-6.60508,0.0,0.0,2.10835
17,564,-0.41473,0.67855,0.73864,2.10461
17,565,0.42268,0.67275,0.73295,2.10088
17,566,-6.17325,0.0,0.0,2.09717
17,567,1.18844,0.23533,0.30504,2.09347
17,568,-0.88879,0.37462,0.45265,2.08979
17,569,-6.64136,0.0,0.0,2.08612
17,570,2.28549,0.02278,0.03913,2.08246
17,571,2.31811,0.02092,0.03621,2.07881
17,572,-2.87689,0.00422,0.00848,2.07517
17,573,0.16122,0.872,0.89987,2.07155
17,574,2.60219,0.00959,0.01788,2.06794
17,575,9.28927,0.0,0.0,2.06435
17,576,2.69836,0.00725,0.01387,2.06076
17,577,2.90541,0.00386,0.00783,2.05719
17,578,-1.11878,0.26387,0.33641,2.05363
17,579,2.1063,0.03577,0.05807,2.05009
17,580,5.14741,0.0,0.0,2.04655
17,581,-6.02,0.0,0.0,2.04303
17,582,-3.06209,0.00234,0.00499,2.03952
17,583,-4.23763,3e-05,9e-05,2.03602
17,584,3.15908,0.0017,0.00372,2.03253
17,585,2.63409,0.00875,0.01645,2.02906
17,586,0.04446,0.96456,0.97338,2.0256
17,587,-1.8408,0.06635,0.10045,2.02215
17,588,0.06801,0.94581,0.95919,2.01871
17,589,3.88576,0.00012,0.00033,2.01528
17,590,-4.39049,1e-05,5e-05,2.01186
17,591,-9.34075,0.0,0.0,2.00846
17,592,-2.10949,0.03549,0.05772,2.00507
17,593,-1.94659,0.05225,0.08131,2.00169
18,1,-8.91058,0.0,0.0,267.0
18,2,8.31838,0.0,0.0,133.5
18,3,9.25858,0.0,0.0,89.0
18,4,2.46047,0.01428,0.02561,66.75
18,5,-2.94509,0.00341,0.00698,53.4
18,6,-7.99641,0.0,0.0,44.5
18,7,-2.66856,0.00791,0.01506,38.14286
18,8,-4.20452,3e-05,0.0001,33.375
18,9,0.15015,0.88072,0.90719,29.66667
18,10,-4.36861,2e-05,5e-05,26.7
18,11,-3.24755,0.00126,0.00282,24.27273
18,12,0.61941,0.53598,0.60887,22.25
18,13,-3.76987,0.00019,0.0005,20.53846
18,14,-2.64272,0.00853,0.01609,19.07143
18,15,0.90353,0.36676,0.44519,17.8
18,16,5.93524,0.0,0.0,16.6875
18,17,3.22291,0.00137,0.00305,15.70588
18,18,-5.97866,0.0,0.0,14.83333
18,19,-7.73661,0.0,0.0,14.05263
18,20,-2.45374,0.01454,0.02604,13.35
18,21,4.38887,1e-05,5e-05,12.71429
18,22,-4.54459,1e-05,3e-05,12.13636
18,23,3.4333,0.00066,0.00156,11.6087
18,24,8.53058,0.0,0.0,11.125
18,25,3.4053,0.00072,0.00171,10.68
18,26,-3.93021,0.0001,0.00028,10.26923
18,27,0.65139,0.51515,0.58895,9.88889
18,28,0.0812,0.93532,0.95091,9.53571
18,29,-4.07985,5e-05,0.00016,9.2069
18,30,0.00919,0.99268,0.99501,8.9
18,31,7.00932,0.0,0.0,8.6129
18,32,-1.94075,0.05295,0.0823,8.34375
18,33,-1.09898,0.2724,0.34558,8.09091
18,34,-3.03028,0.00259,0.00547,7.85294
18,35,0.81578,0.41509,0.4932,7.62857
18,36,-2.08657,0.03753,0.06064,7.41667
18,37,5.71635,0.0,0.0,7.21622
18,38,-2.58048,0.0102,0.01892,7.02632
18,39,-3.73843,0.00021,0.00056,6.84615
18,40,10.10624,0.0,0.0,6.675
18,41,-6.78581,0.0,0.0,6.5122
18,42,1.60451,0.10935,0.15541,6.35714
18,43,-2.81622,0.00509,0.01004,6.2093
18,44,4.20768,3e-05,0.0001,6.06818
18,45,1.35492,0.17617,0.23625,5.93333
18,46,-6.94635,0.0,0.0,5.80435
18,47,-1.23206,0.21861,0.28618,5.68085
18,48,-5.28271,0.0,0.0,5.5625
18,49,-0.15452,0.87727,0.9042,5.44898
18,50,5.79618,0.0,0.0,5.34
18,51,4.48177,1e-05,3e-05,5.23529
18,52,-3.93098,0.0001,0.00028,5.13462
18,53,3.55603,0.00042,0.00105,5.03774
18,54,-5.89939,0.0,0.0,4.94444
18,55,-2.52024,0.0121,0.02209,4.85455
18,56,-4.12295,5e-05,0.00014,4.76786
18,57,5.25356,0.0,0.0,4.68421
18,58,-3.02753,0.00262,0.00551,4.60345
18,59,-3.57635,0.00039,0.00098,4.52542
18,60,3.8201,0.00015,0.00043,4.45
18,61,3.53724,0.00045,0.00112,4.37705
18,62,4.52424,1e-05,3e-05,4.30645
18,63,3.10007,0.00206,0.00445,4.2381
18,64,-3.21081,0.00142,0.00317,4.17188
18,65,1.85079,0.0649,0.09856,4.10769
18,66,3.73661,0.00021,0.00057,4.04545
18,67,0.54406,0.58669,0.65721,3.98507
18,68,3.05553,0.00239,0.00507,3.92647
18,69,-4.74561,0.0,1e-05,3.86957
18,70,7.42307,0.0,0.0,3.81429
18,71,-2.9661,0.00319,0.00657,3.76056
18,72,-3.84352,0.00014,0.00039,3.70833
18,73,1.78597,0.07482,0.11176,3.65753
18,74,3.24604,0.00126,0.00284,3.60811
18,75,-5.43632,0.0,0.0,3.56
18,76,-0.94902,0.34315,0.42165,3.51316
18,77,-2.30023,0.02192,0.03777,3.46753
18,78,-11.10069,0.0,0.0,3.42308
18,79,1.24583,0.21352,0.28015,3.37975
18,80,6.16745,0.0,0.0,3.3375
18,81,-3.00639,0.0028,0.00585,3.2963
18,82,-3.08496,0.00217,0.00465,3.2561
18,83,6.26035,0.0,0.0,3.21687
18,84,-4.06819,6e-05,0.00017,3.17857
18,85,4.31182,2e-05,7e-05,3.14118
18,86,3.60235,0.00035,0.0009,3.10465
18,87,-0.42015,0.67459,0.73466,3.06897
18,88,7.26761,0.0,0.0,3.03409
18,89,3.0509,0.00243,0.00514,3.0
18,90,0.32359,0.74641,0.79639,2.96667
18,91,2.48294,0.01342,0.02425,2.93407
18,92,-0.8878,0.37515,0.45313,2.90217
18,93,8.22078,0.0,0.0,2.87097
18,94,-2.78253,0.00564,0.011,2.84043
18,95,-5.79754,0.0,0.0,2.81053
18,96,2.95984,0.00325,0.00669,2.78125
18,97,-3.1422,0.0018,0.00391,2.75258
18,98,-2.16405,0.03102,0.05127,2.72449
18,99,-4.13804,4e-05,0.00013,2.69697
18,100,-10.40956,0.0,0.0,2.67
18,101,4.78248,0.0,1e-05,2.64356
18,102,-4.16091,4e-05,0.00012,2.61765
18,103,5.55109,0.0,0.0,2.59223
18,104,1.6059,0.10904,0.15514,2.56731
18,105,-7.08275,0.0,0.0,2.54286
18,106,-1.7821,0.07545,0.11261,2.51887
18,107,-0.23128,0.81721,0.85614,2.49533
18,108,-1.56993,0.11718,0.16521,2.47222
18,109,0.72291,0.47014,0.5468,2.44954
18,110,-1.66485,0.09669,0.13984,2.42727
18,111,-2.22889,0.02635,0.04439,2.40541
18,112,-1.98183,0.04815,0.07578,2.38393
18,113,-7.80673,0.0,0.0,2.36283
18,114,1.94443,0.05251,0.08169,2.34211
18,115,5.4012,0.0,0.0,2.32174
18,116,-3.37685,0.0008,0.00188,2.30172
18,117,5.09129,0.0,0.0,2.28205
18,118,5.57811,0.0,0.0,2.26271
18,119,3.87552,0.00012,0.00035,2.2437
18,120,0.07297,0.94187,0.95637,2.225
18,121,2.27227,0.02357,0.04023,2.20661
18,122,-1.44555,0.14904,0.20381,2.18852
18,123,-3.69278,0.00025,0.00066,2.17073
18,124,3.19447,0.00151,0.00334,2.15323
18,125,-6.49545,0.0,0.0,2.136
18,126,5.47573,0.0,0.0,2.11905
18,127,5.95332,0.0,0.0,2.10236
18,128,-2.41724,0.01606,0.02849,2.08594
18,129,0.93774,0.34891,0.42758,2.06977
18,130,0.78619,0.4322,0.50948,2.05385
18,131,-2.67733,0.00771,0.01469,2.03817
18,132,3.25412,0.00123,0.00277,2.02273
18,133,6.52445,0.0,0.0,2.00752
19,1,1.21244,0.22602,0.29466,1479.0
19,2,-1.80781,0.07135,0.10722,739.5
19,3,-0.35888,0.71986,0.77423,493.0
19,4,0.53579,0.59239,0.66213,369.75
19,5,-3.09927,0.00207,0.00446,295.8
19,6,-8.31012,0.0,0.0,246.5
19,7,-0.42603,0.6703,0.73063,211.28571
19,8,-0.59157,0.55445,0.62765,184.875
19,9,-0.29388,0.769,0.8151,164.33333
19,10,-5.27071,0.0,0.0,147.9
19,11,-0.92204,0.35704,0.43561,134.45455
19,12,0.34904,0.72723,0.78033,123.25
19,13,0.34542,0.72995,0.78258,113.76923
19,14,-3.80338,0.00016,0.00045,105.64286
19,15,-3.94183,9e-05,0.00027,98.6
19,16,-3.13267,0.00185,0.00403,92.4375
19,17,-0.66594,0.50582,0.58027,87.0
19,18,-2.11517,0.035,0.05699,82.16667
19,19,1.47896,0.1399,0.19262,77.84211
19,20,5.56863,0.0,0.0,73.95
19,21,1.00285,0.31651,0.39309,70.42857
19,22,3.41949,0.00069,0.00163,67.22727
19,23,2.09821,0.03648,0.05909,64.30435
19,24,-1.64002,0.10175,0.14623,61.625
19,25,-4.07229,6e-05,0.00017,59.16
19,26,-0.39307,0.69446,0.75179,56.88462
19,27,-3.01543,0.00272,0.0057,54.77778
19,28,-2.21022,0.02763,0.04623,52.82143
19,29,2.49052,0.01314,0.02378,51.0
19,30,2.78944,0.00552,0.01081,49.3
19,31,2.22597,0.02654,0.04466,47.70968
19,32,2.19781,0.02851,0.04751,46.21875
19,33,-2.39198,0.01719,0.03025,44.81818
19,34,-2.20157,0.02824,0.04712,43.5
19,35,-0.15746,0.87496,0.90228,42.25714
19,36,8.46003,0.0,0.0,41.08333
19,37,1.06426,0.28782,0.36279,39.97297
19,38,-1.73925,0.08272,0.12187,38.92105
19,39,-0.71322,0.47611,0.55247,37.92308
19,40,3.64432,0.0003,0.00078,36.975
19,41,4.69402,0.0,1e-05,36.07317
19,42,-1.71823,0.08649,0.12663,35.21429
19,43,2.05985,0.04003,0.06428,34.39535
19,44,-2.03564,0.04241,0.06764,33.61364
19,45,0.13804,0.89027,0.91505,32.86667
19,46,-3.92158,0.0001,0.00029,32.15217
19,47,5.34717,0.0,0.0,31.46809
19,48,-6.17345,0.0,0.0,30.8125
19,49,-2.77445,0.00577,0.01125,30.18367
19,50,-3.02557,0.00263,0.00554,29.58
19,51,0.51875,0.60421,0.67256,29.0
19,52,-0.97796,0.32865,0.40583,28.44231
19,53,2.27078,0.02366,0.04037,27.90566
19,54,2.31886,0.02088,0.03615,27.38889
19,55,-3.94737,9e-05,0.00027,26.89091
19,56,4.37412,2e-05,5e-05,26.41071
19,57,-0.42856,0.66846,0.72908,25.94737
19,58,4.35385,2e-05,6e-05,25.5
19,59,-0.61975,0.53576,0.60869,25.0678
19,60,6.55885,0.0,0.0,24.65
19,61,-0.82608,0.40922,0.4874,24.2459
19,62,5.65729,0.0,0.0,23.85484
19,63,-4.14359,4e-05,0.00013,23.47619
19,64,-1.72109,0.08597,0.12597,23.10938
19,65,-0.38717,0.69883,0.75537,22.75385
19,66,5.96832,0.0,0.0,22.40909
19,67,-8.85222,0.0,0.0,22.07463
19,68,0.79775,0.42546,0.50374,21.75
19,69,3.07551,0.00224,0.00479,21.43478
19,70,5.81716,0.0,0.0,21.12857
19,71,-0.01396,0.98887,0.99244,20.83099
19,72,-3.95739,9e-05,0.00026,20.54167
19,73,-3.64912,0.0003,0.00077,20.26027
19,74,-4.51047,1e-05,3e-05,19.98649
19,75,3.51078,0.00049,0.00122,19.72
19,76,-1.40322,0.16129,0.21867,19.46053
19,77,8.56053,0.0,0.0,19.20779
19,78,-0.91582,0.36028,0.43896,18.96154
19,79,8.73426,0.0,0.0,18.72152
19,80,1.68389,0.09294,0.13495,18.4875
19,81,3.38551,0.00078,0.00183,18.25926
19,82,2.27469,0.02343,0.04003,18.03659
19,83,-0.81288,0.41675,0.49482,17.81928
19,84,-1.2217,0.2225,0.29045,17.60714
19,85,0.28278,0.77748,0.8227,17.4
19,86,-3.3886,0.00077,0.00181,17.19767
19,87,0.28781,0.77363,0.8194,17.0
19,88,0.80084,0.42367,0.50198,16.80682
19,89,-1.99903,0.04625,0.07304,16.61798
19,90,-1.13541,0.25685,0.32876,16.43333
19,91,-2.8127,0.00514,0.01013,16.25275
19,92,-2.24711,0.02515,0.04262,16.07609
19,93,0.43763,0.66188,0.72324,15.90323
19,94,-2.95431,0.00331,0.0068,15.73404
19,95,2.53594,0.01157,0.02123,15.56842
19,96,-3.73937,0.00021,0.00056,15.40625
19,97,5.02849,0.0,0.0,15.24742
19,98,-0.55636,0.57826,0.64989,15.09184
19,99,-2.43426,0.01534,0.02734,14.93939
19,100,3.78912,0.00017,0.00047,14.79
19,101,-1.30363,0.19307,0.25593,14.64356
19,102,-0.62147,0.53463,0.60761,14.5
19,103,-3.6693,0.00027,0.00072,14.35922
19,104,2.427,0.01564,0.0278,14.22115
19,105,2.85497,0.00452,0.00902,14.08571
19,106,-3.18654,0.00155,0.00342,13.95283
19,107,-0.50636,0.61287,0.68015,13.82243
19,108,-0.2475,0.80464,0.84509,13.69444
19,109,0.58302,0.56019,0.63322,13.56881
19,110,1.35328,0.17669,0.23673,13.44545
19,111,-8.91728,0.0,0.0,13.32432
19,112,-1.73141,0.08411,0.12365,13.20536
19,113,-0.65494,0.51286,0.58677,13.0885
19,114,-4.02055,7e-05,0.0002,12.97368
19,115,-1.45538,0.14631,0.2004,12.86087
19,116,-2.42936,0.01554,0.02763,12.75
19,117,2.13935,0.03298,0.05407,12.64103
19,118,-1.40785,0.15991,0.21692,12.5339
19,119,-0.22003,0.82595,0.86313,12.42857
19,120,-0.03874,0.96912,0.97653,12.325
19,121,1.66868,0.09592,0.13881,12.22314
19,122,-1.21198,0.2262,0.29478,12.12295
19,123,-1.33969,0.18107,0.24182,12.02439
19,124,-1.06631,0.28689,0.36185,11.92742
19,125,-3.88031,0.00012,0.00034,11.832
19,126,7.18093,0.0,0.0,11.7381
19,127,-2.14769,0.03231,0.05312,11.64567
19,128,0.04386,0.96504,0.97366,11.55469
19,129,2.62918,0.00887,0.01666,11.46512
19,130,1.46633,0.1433,0.19682,11.37692
19,131,-2.16078,0.03127,0.05164,11.29008
19,132,-0.79695,0.42593,0.50417,11.20455
19,133,-0.91315,0.36169,0.44016,11.1203
19,134,-0.54212,0.58802,0.65857,11.03731
19,135,0.42877,0.66831,0.72899,10.95556
19,136,-0.35319,0.72413,0.77792,10.875
19,137,-5.03109,0.0,0.0,10.79562
19,138,0.86053,0.38998,0.46816,10.71739
19,139,1.98722,0.04754,0.07489,10.64029
19,140,-2.68183,0.00761,0.01451,10.56429
19,141,-2.57065,0.01049,0.01939,10.48936
19,142,-5.95576,0.0,0.0,10.41549
19,143,-2.36642,0.01841,0.03219,10.34266
19,144,5.30698,0.0,0.0,10.27083
19,145,0.3213,0.74814,0.79747,10.2
19,146,5.91776,0.0,0.0,10.13014
19,147,4.59789,1e-05,2e-05,10.06122
19,148,3.40885,0.00072,0.00169,9.99324
19,149,3.11101,0.00199,0.0043,9.92617
19,150,-4.49506,1e-05,3e-05,9.86
19,151,3.19005,0.00153,0.00339,9.7947
19,152,1.27662,0.20244,0.26715,9.73026
19,153,0.99682,0.31942,0.3962,9.66667
19,154,-4.30868,2e-05,7e-05,9.6039
19,155,-0.66985,0.50332,0.57818,9.54194
19,156,0.44706,0.65506,0.71719,9.48077
19,157,-2.5804,0.01021,0.01892,9.42038
19,158,2.52973,0.01178,0.02158,9.36076
19,159,5.09953,0.0,0.0,9.30189
19,160,-0.41751,0.67652,0.73658,9.24375
19,161,1.42528,0.15481,0.21069,9.18634
19,162,2.24672,0.02517,0.04265,9.12963
19,163,-6.00338,0.0,0.0,9.07362
19,164,8.52211,0.0,0.0,9.01829
19,165,1.15837,0.24737,0.3183,8.96364
19,166,1.76458,0.07836,0.11641,8.90964
19,167,0.62237,0.53403,0.607,8.85629
19,168,7.88552,0.0,0.0,8.80357
19,169,2.60108,0.00962,0.01793,8.75148
19,170,-0.99436,0.32062,0.39738,8.7
19,171,-1.20551,0.22868,0.29747,8.64912
19,172,-7.76489,0.0,0.0,8.59884
19,173,-2.0093,0.04514,0.07151,8.54913
19,174,-1.75388,0.08018,0.11863,8.5
19,175,5.6647,0.0,0.0,8.45143
19,176,1.40867,0.15967,0.21665,8.40341
19,177,4.76557,0.0,1e-05,8.35593
19,178,-5.07593,0.0,0.0,8.30899
19,179,-0.39015,0.69662,0.75347,8.26257
19,180,-2.20582,0.02793,0.04666,8.21667
19,181,-4.05142,6e-05,0.00018,8.17127
19,182,-8.68157,0.0,0.0,8.12637
19,183,-1.34353,0.17982,0.24035,8.08197
19,184,5.8113,0.0,0.0,8.03804
19,185,-3.44076,0.00064,0.00153,7.99459
19,186,-0.92034,0.35792,0.43648,7.95161
19,187,0.35921,0.71962,0.77423,7.90909
19,188,-4.74039,0.0,1e-05,7.86702
19,189,-7.42395,0.0,0.0,7.8254
19,190,-5.2531,0.0,0.0,7.78421
19,191,-0.33833,0.73528,0.78712,7.74346
19,192,-2.74865,0.00624,0.0121,7.70312
19,193,-3.9228,0.0001,0.00029,7.66321
19,194,4.49513,1e-05,3e-05,7.62371
19,195,0.60083,0.54828,0.62171,7.58462
19,196,8.86549,0.0,0.0,7.54592
19,197,5.1021,0.0,0.0,7.50761
19,198,5.86263,0.0,0.0,7.4697
19,199,0.4081,0.68341,0.74265,7.43216
19,200,-5.699,0.0,0.0,7.395
19,201,-1.06502,0.28747,0.36245,7.35821
19,202,-0.426,0.67033,0.73063,7.32178
19,203,-5.19755,0.0,0.0,7.28571
19,204,0.70769,0.47953,0.55592,7.25
19,205,-3.11346,0.00197,0.00427,7.21463
19,206,-0.10539,0.91612,0.93595,7.17961
19,207,-2.93514,0.00352,0.00718,7.14493
19,208,0.1354,0.89236,0.91644,7.11058
19,209,5.39408,0.0,0.0,7.07656
19,210,0.86331,0.38846,0.4665,7.04286
19,211,-2.02185,0.04382,0.06966,7.00948
19,212,-0.89289,0.37243,0.4507,6.97642
19,213,4.48796,1e-05,3e-05,6.94366
19,214,2.95678,0.00328,0.00675,6.91121
19,215,-3.44835,0.00062,0.00149,6.87907
19,216,-1.53174,0.12634,0.17637,6.84722
19,217,-9.75227,0.0,0.0,6.81567
19,218,3.80918,0.00016,0.00044,6.7844
19,219,-4.22384,3e-05,9e-05,6.75342
19,220,-1.13809,0.25573,0.32746,6.72273
19,221,-3.67133,0.00027,0.00071,6.69231
19,222,-7.98745,0.0,0.0,6.66216
19,223,-4.02214,7e-05,0.0002,6.63229
19,224,-1.61807,0.1064,0.15201,6.60268
19,225,-5.6275,0.0,0.0,6.57333
19,226,-1.83306,0.0675,0.10196,6.54425
19,227,-0.7132,0.47612,0.55247,6.51542
19,228,1.30244,0.19348,0.25641,6.48684
19,229,-2.96835,0.00316,0.00653,6.45852
19,230,4.26002,3e-05,8e-05,6.43043
19,231,5.50686,0.0,0.0,6.4026
19,232,5.15903,0.0,0.0,6.375
19,233,-5.05812,0.0,0.0,6.34764
19,234,-8.44371,0.0,0.0,6.32051
19,235,5.51177,0.0,0.0,6.29362
19,236,1.52256,0.12862,0.17896,6.26695
19,237,0.43937,0.66062,0.72217,6.24051
19,238,2.13616,0.03324,0.05446,6.21429
19,239,-3.98492,8e-05,0.00023,6.18828
19,240,2.64176,0.00855,0.01613,6.1625
19,241,-3.64664,0.0003,0.00077,6.13693
19,242,0.32493,0.74539,0.7957,6.11157
19,243,0.91431,0.36108,0.43979,6.08642
19,244,0.23983,0.81058,0.85026,6.06148
19,245,-2.72325,0.00673,0.01294,6.03673
19,246,0.54846,0.58367,0.65465,6.0122
19,247,0.42328,0.6723,0.73255,5.98785
19,248,-1.21195,0.22621,0.29478,5.96371
19,249,-3.80642,0.00016,0.00044,5.93976
19,250,4.96398,0.0,0.0,5.916
19,251,-0.50548,0.61348,0.68077,5.89243
19,252,0.50867,0.61125,0.67862,5.86905
19,253,2.02249,0.04376,0.06957,5.84585
19,254,-3.34166,0.00091,0.0021,5.82283
19,255,5.30973,0.0,0.0,5.8
19,256,1.3636,0.17342,0.23288,5.77734
19,257,-2.63433,0.00874,0.01644,5.75486
19,258,-1.77636,0.07639,0.11383,5.73256
19,259,0.64403,0.51991,0.59371,5.71042
19,260,-0.98121,0.32705,0.4042,5.68846
19,261,-1.71469,0.08714,0.12744,5.66667
19,262,1.89412,0.05889,0.09054,5.64504
19,263,-2.90496,0.00387,0.00783,5.62357
19,264,7.72946,0.0,0.0,5.60227
19,265,-0.51731,0.60521,0.67352,5.58113
19,266,-2.97029,0.00315,0.0065,5.56015
19,267,-3.0818,0.00219,0.00469,5.53933
19,268,5.09933,0.0,0.0,5.51866
19,269,-1.5834,0.11408,0.16142,5.49814
19,270,2.72993,0.0066,0.01272,5.47778
19,271,3.70623,0.00024,0.00063,5.45756
19,272,-0.46426,0.6427,0.70583,5.4375
19,273,-1.61623,0.10679,0.15245,5.41758
19,274,-1.7904,0.07411,0.11086,5.39781
19,275,2.05,0.04098,0.06564,5.37818
19,276,-0.32465,0.74561,0.79579,5.3587
19,277,3.76618,0.00019,0.00051,5.33935
19,278,0.22706,0.82049,0.85921,5.32014
19,279,-1.88539,0.06006,0.09217,5.30108
19,280,4.20895,3e-05,0.0001,5.28214
19,281,-1.64087,0.10157,0.14601,5.26335
19,282,-4.07352,6e-05,0.00017,5.24468
19,283,8.83732,0.0,0.0,5.22615
19,284,2.68466,0.00755,0.0144,5.20775
19,285,-4.13919,4e-05,0.00013,5.18947
19,286,-0.31986,0.74923,0.79829,5.17133
19,287,3.93918,0.0001,0.00028,5.15331
19,288,-0.05483,0.9563,0.96695,5.13542
19,289,-1.10371,0.27035,0.34328,5.11765
19,290,1.37667,0.16934,0.22835,5.1
19,291,-4.43437,1e-05,4e-05,5.08247
19,292,3.42012,0.00069,0.00163,5.06507
19,293,1.98688,0.04758,0.07494,5.04778
19,294,-8.13331,0.0,0.0,5.03061
19,295,2.37404,0.01804,0.03161,5.01356
19,296,-4.14137,4e-05,0.00013,4.99662
19,297,2.96965,0.00315,0.00651,4.9798
19,298,-2.19816,0.02848,0.04749,4.96309
19,299,-6.08488,0.0,0.0,4.94649
19,300,-2.03877,0.0421,0.06721,4.93
19,301,-1.77726,0.07625,0.11366,4.91362
19,302,4.83184,0.0,1e-05,4.89735
19,303,1.33979,0.18103,0.2418,4.88119
19,304,1.1539,0.24919,0.32036,4.86513
19,305,3.34738,0.00089,0.00206,4.84918
19,306,4.20513,3e-05,0.0001,4.83333
19,307,-2.58424,0.01009,0.01874,4.81759
19,308,8.08501,0.0,0.0,4.80195
19,309,-2.14368,0.03263,0.05355,4.78641
19,310,-3.90769,0.00011,0.00031,4.77097
19,311,-1.63419,0.10296,0.14772,4.75563
19,312,-2.3823,0.01765,0.03096,4.74038
19,313,0.27563,0.78297,0.82719,4.72524
19,314,2.23019,0.02626,0.04425,4.71019
19,315,6.8119,0.0,0.0,4.69524
19,316,0.77398,0.43938,0.51673,4.68038
19,317,-4.00338,7e-05,0.00022,4.66562
19,318,3.66179,0.00028,0.00073,4.65094
19,319,0.61422,0.5394,0.61227,4.63636
19,320,6.90915,0.0,0.0,4.62188
19,321,-5.83959,0.0,0.0,4.60748
19,322,1.37256,0.17062,0.22976,4.59317
19,323,-0.30356,0.76161,0.80856,4.57895
19,324,-2.55055,0.01111,0.02045,4.56481
19,325,-0.05901,0.95297,0.96434,4.55077
19,326,-0.92214,0.35698,0.43559,4.53681
19,327,-1.49857,0.13473,0.18643,4.52294
19,328,-0.54029,0.58928,0.65965,4.50915
19,329,-3.62928,0.00032,0.00082,4.49544
19,330,2.93877,0.00348,0.00711,4.48182
19,331,0.53271,0.59451,0.66391,4.46828
19,332,1.19715,0.23192,0.30109,4.45482
19,333,-3.90741,0.00011,0.00031,4.44144
19,334,-9.43122,0.0,0.0,4.42814
19,335,3.23633,0.00131,0.00292,4.41493
19,336,0.66068,0.50918,0.58333,4.40179
19,337,-0.72171,0.47087,0.5474,4.38872
19,338,-0.29554,0.76773,0.81401,4.37574
19,339,-1.86797,0.06246,0.09526,4.36283
19,340,0.18487,0.85342,0.88509,4.35
19,341,0.49805,0.61871,0.68512,4.33724
19,342,3.23309,0.00132,0.00295,4.32456
19,343,-6.47598,0.0,0.0,4.31195
19,344,5.69101,0.0,0.0,4.29942
19,345,-4.4632,1e-05,4e-05,4.28696
19,346,-1.83683,0.06694,0.10123,4.27457
19,347,-1.85544,0.06423,0.09765,4.26225
19,348,0.54682,0.58479,0.65547,4.25
19,349,1.33555,0.18242,0.24339,4.23782
19,350,-0.26508,0.79108,0.83366,4.22571
19,351,1.39869,0.16264,0.22024,4.21368
19,352,2.29033,0.02249,0.03868,4.2017
19,353,-2.8765,0.00423,0.00849,4.1898
19,354,-1.18801,0.2355,0.30515,4.17797
19,355,0.87753,0.3807,0.45872,4.1662
19,356,0.443,0.65799,0.71978,4.15449
19,357,-5.4743,0.0,0.0,4.14286
19,358,-2.18495,0.02944,0.04889,4.13128
19,359,-0.02758,0.97801,0.98351,4.11978
19,360,0.58712,0.55744,0.6306,4.10833
19,361,-3.84361,0.00014,0.00039,4.09695
19,362,-5.55157,0.0,0.0,4.08564
19,363,-4.67167,0.0,2e-05,4.07438
19,364,-1.95987,0.05067,0.0792,4.06319
19,365,5.67157,0.0,0.0,4.05205
19,366,0.76904,0.4423,0.51931,4.04098
19,367,-3.50729,0.0005,0.00123,4.02997
19,368,-6.26908,0.0,0.0,4.01902
19,369,5.79576,0.0,0.0,4.00813
19,370,-3.45827,0.0006,0.00144,3.9973
19,371,2.7906,0.0055,0.01077,3.98652
19,372,-0.19902,0.84235,0.87705,3.97581
19,373,-6.46286,0.0,0.0,3.96515
19,374,3.77563,0.00018,0.00049,3.95455
19,375,-3.25691,0.00122,0.00274,3.944
19,376,0.43535,0.66353,0.72461,3.93351
19,377,-6.38943,0.0,0.0,3.92308
19,378,-2.60331,0.00956,0.01783,3.9127
19,379,0.88947,0.37426,0.45243,3.90237
19,380,0.13377,0.89365,0.9172,3.89211
19,381,-7.66794,0.0,0.0,3.88189
19,382,1.46981,0.14236,0.1956,3.87173
19,383,-0.7067,0.48014,0.5565,3.86162
19,384,0.3184,0.75034,0.79896,3.85156
19,385,-0.73424,0.46321,0.54025,3.84156
19,386,0.38731,0.69872,0.75533,3.83161
19,387,-0.3305,0.74119,0.79242,3.82171
19,388,6.27751,0.0,0.0,3.81186
19,389,6.96576,0.0,0.0,3.80206
19,390,1.01768,0.30941,0.3854,3.79231
19,391,-1.46595,0.14341,0.19688,3.78261
19,392,1.66091,0.09747,0.14085,3.77296
19,393,3.28996,0.00109,0.00247,3.76336
19,394,2.23276,0.02609,0.044,3.75381
19,395,-5.10312,0.0,0.0,3.7443
19,396,-2.26805,0.02383,0.04061,3.73485
19,397,2.57255,0.01044,0.01929,3.72544
19,398,-3.11289,0.00198,0.00428,3.71608
19,399,-5.52788,0.0,0.0,3.70677
19,400,-5.9183,0.0,0.0,3.6975
19,401,-0.07457,0.94059,0.95551,3.68828
19,402,-6.91191,0.0,0.0,3.6791
19,403,-3.0909,0.00213,0.00457,3.66998
19,404,4.85273,0.0,1e-05,3.66089
19,405,-1.21188,0.22624,0.29478,3.65185
19,406,-1.28103,0.20089,0.26528,3.64286
19,407,-4.6171,1e-05,2e-05,3.63391
19,408,0.7928,0.42834,0.50613,3.625
19,409,1.61927,0.10614,0.15166,3.61614
19,410,0.14817,0.88228,0.90831,3.60732
19,411,2.23842,0.02571,0.04342,3.59854
19,412,-3.96229,9e-05,0.00025,3.58981
19,413,-4.17537,4e-05,0.00011,3.58111
19,414,1.47995,0.13963,0.19233,3.57246
19,415,-3.75348,0.0002,0.00053,3.56386
19,416,3.90975,0.00011,0.00031,3.55529
19,417,1.56058,0.11937,0.16797,3.54676
19,418,7.81532,0.0,0.0,3.53828
19,419,3.00673,0.0028,0.00585,3.52983
19,420,2.84739,0.00462,0.00922,3.52143
19,421,3.93475,0.0001,0.00028,3.51306
19,422,9.50127,0.0,0.0,3.50474
19,423,0.06705,0.94657,0.95952,3.49645
19,424,1.85342,0.06452,0.09805,3.48821
19,425,-6.13075,0.0,0.0,3.48
19,426,1.15215,0.24991,0.3212,3.47183
19,427,0.40645,0.68462,0.74346,3.4637
19,428,-2.52618,0.0119,0.02177,3.45561
19,429,-4.5818,1e-05,2e-05,3.44755
19,430,-6.77695,0.0,0.0,3.43953
19,431,-2.71257,0.00695,0.01333,3.43155
19,432,6.13507,0.0,0.0,3.42361
19,433,3.60489,0.00035,0.00089,3.4157
19,434,0.88253,0.378,0.45595,3.40783
19,435,-3.55685,0.00042,0.00104,3.4
19,436,4.61304,1e-05,2e-05,3.3922
19,437,0.16811,0.86657,0.89557,3.38444
19,438,-0.8918,0.37301,0.45113,3.37671
19,439,4.47033,1e-05,4e-05,3.36902
19,440,-4.73748,0.0,1e-05,3.36136
19,441,1.96944,0.04956,0.07773,3.35374
19,442,-4.69559,0.0,1e-05,3.34615
19,443,0.97236,0.33143,0.40865,3.3386
19,444,-1.26224,0.20756,0.27338,3.33108
19,445,3.49608,0.00052,0.00128,3.3236
19,446,2.63656,0.00868,0.01635,3.31614
19,447,-1.70186,0.08952,0.13043,3.30872
19,448,0.70449,0.48151,0.55757,3.30134
19,449,6.16394,0.0,0.0,3.29399
19,450,-4.38369,1e-05,5e-05,3.28667
19,451,7.41215,0.0,0.0,3.27938
19,452,2.82815,0.0049,0.00971,3.27212
19,453,1.68124,0.09346,0.1356,3.2649
19,454,0.13614,0.89178,0.91613,3.25771
19,455,-8.38619,0.0,0.0,3.25055
19,456,0.43141,0.66639,0.72722,3.24342
19,457,-1.13142,0.25852,0.3305,3.23632
19,458,-7.56726,0.0,0.0,3.22926
19,459,5.62407,0.0,0.0,3.22222
19,460,0.03131,0.97504,0.98131,3.21522
19,461,2.39153,0.01722,0.03028,3.20824
19,462,-1.97895,0.04847,0.07622,3.2013
19,463,-0.69774,0.48572,0.56143,3.19438
19,464,2.82832,0.0049,0.0097,3.1875
19,465,-0.52804,0.59775,0.66685,3.18065
19,466,-1.15069,0.25051,0.32193,3.17382
19,467,8.51415,0.0,0.0,3.16702
19,468,-3.99119,8e-05,0.00023,3.16026
19,469,-2.2553,0.02463,0.04181,3.15352
19,470,1.24555,0.21362,0.28024,3.14681
19,471,3.34495,0.0009,0.00208,3.14013
19,472,-3.17717,0.0016,0.00353,3.13347
19,473,-1.20754,0.2279,0.29653,3.12685
19,474,-3.41324,0.0007,0.00167,3.12025
19,475,-5.0886,0.0,0.0,3.11368
19,476,-0.33889,0.73486,0.78684,3.10714
19,477,-4.95532,0.0,0.0,3.10063
19,478,5.53209,0.0,0.0,3.09414
19,479,-0.47344,0.63614,0.70035,3.08768
19,480,0.64793,0.51738,0.59097,3.08125
19,481,-1.43658,0.15158,0.20688,3.07484
19,482,-1.87733,0.06116,0.09356,3.06846
19,483,7.66223,0.0,0.0,3.06211
19,484,2.29163,0.02242,0.03857,3.05579
19,485,-2.10533,0.03585,0.05818,3.04948
19,486,3.75551,0.0002,0.00053,3.04321
19,487,-6.10164,0.0,0.0,3.03696
19,488,-2.05872,0.04013,0.06445,3.03074
19,489,-0.74851,0.45457,0.53147,3.02454
19,490,2.74755,0.00626,0.01214,3.01837
19,491,3.59077,0.00037,0.00093,3.01222
19,492,-0.97812,0.32857,0.40578,3.0061
19,493,1.32894,0.18459,0.246,3.0
19,494,-2.89667,0.00397,0.00802,2.99393
19,495,2.46466,0.01411,0.02534,2.98788
19,496,-3.96525,9e-05,0.00025,2.98185
19,497,1.66401,0.09685,0.14004,2.97586
19,498,7.2835,0.0,0.0,2.96988
19,499,0.63489,0.52584,0.59912,2.96393
19,500,-1.63149,0.10353,0.14845,2.958
19,501,0.35881,0.71992,0.77423,2.9521
19,502,-5.811,0.0,0.0,2.94622
19,503,1.55834,0.1199,0.16854,2.94036
19,504,5.85982,0.0,0.0,2.93452
19,505,-2.27426,0.02345,0.04006,2.92871
19,506,3.34172,0.00091,0.0021,2.92292
19,507,-0.11711,0.90683,0.92854,2.91716
19,508,2.20976,0.02766,0.04627,2.91142
19,509,-4.84747,0.0,1e-05,2.9057
19,510,-2.36796,0.01834,0.03206,2.9
19,511,3.50345,0.00051,0.00125,2.89432
19,512,-1.49054,0.13683,0.189,2.88867
19,513,-3.36381,0.00084,0.00196,2.88304
19,514,-5.59205,0.0,0.0,2.87743
19,515,-2.62758,0.00891,0.01672,2.87184
19,516,1.75468,0.08004,0.11845,2.86628
19,517,-3.15986,0.00169,0.00372,2.86074
19,518,-6.79644,0.0,0.0,2.85521
19,519,0.12953,0.897,0.92027,2.84971
19,520,-4.90964,0.0,1e-05,2.84423
19,521,4.63437,0.0,2e-05,2.83877
19,522,7.52336,0.0,0.0,2.83333
19,523,2.76193,0.006,0.01164,2.82792
19,524,2.35668,0.0189,0.03296,2.82252
19,525,-0.6982,0.48544,0.56133,2.81714
19,526,1.16808,0.24344,0.31405,2.81179
19,527,0.10305,0.91797,0.93736,2.80645
19,528,-0.90808,0.36436,0.44293,2.80114
19,529,2.57796,0.01028,0.01904,2.79584
19,530,4.92658,0.0,1e-05,2.79057
19,531,2.8388,0.00475,0.00944,2.78531
19,532,0.35078,0.72593,0.77942,2.78008
19,533,-2.27321,0.02352,0.04015,2.77486
19,534,-1.65954,0.09775,0.14121,2.76966
19,535,1.49019,0.13692,0.18909,2.76449
19,536,-0.00213,0.9983,0.99882,2.75933
19,537,-0.26577,0.79054,0.83335,2.75419
19,538,-4.46828,1e-05,4e-05,2.74907
19,539,0.26786,0.78894,0.83221,2.74397
19,540,-0.0548,0.95632,0.96695,2.73889
19,541,-2.26811,0.02383,0.04061,2.73383
19,542,1.5093,0.13197,0.18301,2.72878
19,543,1.80293,0.07211,0.10819,2.72376
19,544,-2.74196,0.00637,0.01231,2.71875
19,545,4.30901,2e-05,7e-05,2.71376
19,546,3.92004,0.0001,0.0003,2.70879
19,547,-2.55904,0.01084,0.02,2.70384
19,548,1.55969,0.11958,0.16818,2.69891
19,549,0.84087,0.4009,0.47919,2.69399
19,550,-1.02696,0.30503,0.38107,2.68909
19,551,0.71545,0.47473,0.55118,2.68421
19,552,-3.76574,0.00019,0.00051,2.67935
19,553,3.16127,0.00168,0.0037,2.6745
19,554,4.34545,2e-05,6e-05,2.66968
19,555,0.21493,0.82993,0.86647,2.66486
19,556,-0.15687,0.87543,0.90257,2.66007
19,557,5.79857,0.0,0.0,2.6553
19,558,-0.47722,0.63345,0.69805,2.65054
19,559,-0.28425,0.77636,0.82177,2.6458
19,560,4.48859,1e-05,3e-05,2.64107
19,561,3.97957,8e-05,0.00024,2.63636
19,562,2.26518,0.02401,0.04087,2.63167
19,563,-2.81835,0.00505,0.00998,2.627
19,564,1.46427,0.14386,0.1974,2.62234
19,565,-2.80424,0.00528,0.01037,2.6177
19,566,-3.04587,0.00247,0.00522,2.61307
19,567,-5.87075,0.0,0.0,2.60847
19,568,5.37731,0.0,0.0,2.60387
19,569,2.17459,0.03022,0.05002,2.5993
19,570,-5.53312,0.0,0.0,2.59474
19,571,-8.10247,0.0,0.0,2.59019
19,572,0.02852,0.97726,0.98296,2.58566
19,573,-0.72535,0.46864,0.54544,2.58115
19,574,-5.49376,0.0,0.0,2.57666
19,575,1.35289,0.17682,0.23687,2.57217
19,576,2.05635,0.04036,0.06477,2.56771
19,577,-0.92977,0.35302,0.4316,2.56326
19,578,-2.83209,0.00485,0.00961,2.55882
19,579,3.67974,0.00026,0.00069,2.5544
19,580,1.55969,0.11958,0.16818,2.55
19,581,-5.50122,0.0,0.0,2.54561
19,582,-3.5102,0.0005,0.00122,2.54124
19,583,-0.57466,0.56583,0.63875,2.53688
19,584,-1.54773,0.12244,0.17172,2.53253
19,585,6.76415,0.0,0.0,2.52821
19,586,-1.62805,0.10426,0.14937,2.52389
19,587,0.57604,0.5649,0.63796,2.51959
19,588,4.73233,0.0,1e-05,2.51531
19,589,-1.65439,0.09879,0.14256,2.51104
19,590,1.38664,0.16628,0.22465,2.50678
19,591,-1.67099,0.09547,0.13821,2.50254
19,592,-5.87791,0.0,0.0,2.49831
19,593,1.7775,0.07621,0.11362,2.4941
19,594,-4.29896,2e-05,7e-05,2.4899
19,595,3.40948,0.00071,0.00169,2.48571
19,596,2.56447,0.01068,0.01972,2.48154
19,597,-6.23293,0.0,0.0,2.47739
19,598,0.99221,0.32166,0.39838,2.47324
19,599,-0.13711,0.89101,0.91572,2.46912
19,600,-1.05967,0.2899,0.3651,2.465
19,601,6.52455,0.0,0.0,2.4609
19,602,-0.24283,0.80825,0.84808,2.45681
19,603,-6.50651,0.0,0.0,2.45274
19,604,-7.46718,0.0,0.0,2.44868
19,605,1.16567,0.24441,0.31508,2.44463
19,606,-4.21671,3e-05,0.0001,2.44059
19,607,0.97573,0.32976,0.40694,2.43657
19,608,0.52542,0.59956,0.66836,2.43257
19,609,1.93521,0.05363,0.08323,2.42857
19,610,1.02302,0.30688,0.38292,2.42459
19,611,4.96321,0.0,0.0,2.42062
19,612,3.38582,0.00078,0.00182,2.41667
19,613,4.95296,0.0,0.0,2.41272
19,614,7.20752,0.0,0.0,2.40879
19,615,-1.48245,0.13897,0.19152,2.40488
19,616,-0.3634,0.71649,0.77162,2.40097
19,617,-0.60499,0.54551,0.61871,2.39708
19,618,6.33674,0.0,0.0,2.3932
19,619,-0.55832,0.57692,0.64873,2.38934
19,620,-8.33835,0.0,0.0,2.38548
19,621,-5.78294,0.0,0.0,2.38164
19,622,-3.89562,0.00011,0.00032,2.37781
19,623,-3.2396,0.00129,0.00289,2.374
19,624,-2.37367,0.01806,0.03163,2.37019
19,625,2.80947,0.00519,0.01022,2.3664
19,626,5.81886,0.0,0.0,2.36262
19,627,1.03557,0.301,0.37708,2.35885
19,628,-2.52295,0.012,0.02195,2.3551
19,629,-0.02304,0.98163,0.98656,2.35135
19,630,-4.46255,1e-05,4e-05,2.34762
19,631,-1.87956,0.06086,0.09315,2.3439
19,632,-4.86808,0.0,1e-05,2.34019
19,633,0.2686,0.78837,0.83175,2.33649
19,634,-8.07128,0.0,0.0,2.33281
19,635,1.38546,0.16664,0.22511,2.32913
19,636,-2.96937,0.00315,0.00652,2.32547
19,637,-2.12823,0.0339,0.05544,2.32182
19,638,-1.72424,0.0854,0.12538,2.31818
19,639,-6.48363,0.0,0.0,2.31455
19,640,-2.10788,0.03563,0.05789,2.31094
19,641,-5.75615,0.0,0.0,2.30733
19,642,4.84464,0.0,1e-05,2.30374
19,643,1.4414,0.15021,0.20519,2.30016
19,644,-4.93895,0.0,0.0,2.29658
19,645,2.11716,0.03483,0.05675,2.29302
19,646,4.71976,0.0,1e-05,2.28947
19,647,2.98756,0.00298,0.00618,2.28594
19,648,3.25134,0.00124,0.00279,2.28241
19,649,-0.80014,0.42408,0.50234,2.27889
19,650,0.03781,0.96986,0.97708,2.27538
19,651,2.2101,0.02763,0.04624,2.27189
19,652,-1.2115,0.22638,0.2949,2.2684
19,653,-2.0485,0.04113,0.06583,2.26493
19,654,-0.33961,0.73432,0.78659,2.26147
19,655,-3.90443,0.00011,0.00031,2.25802
19,656,-1.5397,0.12438,0.17406,2.25457
19,657,2.69875,0.00724,0.01386,2.25114
19,658,1.60219,0.10986,0.15605,2.24772
19,659,-2.24521,0.02527,0.0428,2.24431
19,660,3.05986,0.00236,0.00501,2.24091
19,661,-0.33388,0.73863,0.79011,2.23752
19,662,-3.29874,0.00105,0.0024,2.23414
19,663,1.99697,0.04647,0.07334,2.23077
19,664,-2.18039,0.02978,0.04939,2.22741
19,665,2.79117,0.00549,0.01076,2.22406
19,666,-1.41432,0.158,0.21454,2.22072
19,667,3.14669,0.00177,0.00386,2.21739
19,668,-2.92461,0.00363,0.00741,2.21407
19,669,3.58461,0.00038,0.00095,2.21076
19,670,1.1271,0.26034,0.33251,2.20746
19,671,0.87812,0.38038,0.45839,2.20417
19,672,1.67416,0.09484,0.13744,2.20089
19,673,-4.47037,1e-05,4e-05,2.19762
19,674,1.92566,0.05482,0.08491,2.19436
19,675,5.85676,0.0,0.0,2.19111
19,676,-0.98301,0.32616,0.4033,2.18787
19,677,-1.43861,0.151,0.20624,2.18464
19,678,-2.03855,0.04212,0.06723,2.18142
19,679,3.5624,0.00041,0.00103,2.1782
19,680,-0.57567,0.56515,0.63817,2.175
19,681,5.07487,0.0,0.0,2.17181
19,682,2.77467,0.00577,0.01124,2.16862
19,683,-3.55875,0.00041,0.00104,2.16545
19,684,-1.88279,0.06042,0.09259,2.16228
19,685,-0.68485,0.49382,0.56925,2.15912
19,686,0.86385,0.38816,0.46619,2.15598
19,687,-4.67393,0.0,2e-05,2.15284
19,688,-1.20012,0.23077,0.29994,2.14971
19,689,2.37285,0.0181,0.03169,2.14659
19,690,2.74363,0.00634,0.01226,2.14348
19,691,-2.38383,0.01757,0.03086,2.14038
19,692,-7.59676,0.0,0.0,2.13728
19,693,3.13608,0.00183,0.00399,2.1342
19,694,1.95037,0.05179,0.08068,2.13112
19,695,-2.93186,0.00355,0.00725,2.12806
19,696,-0.52286,0.60135,0.67002,2.125
19,697,3.82254,0.00015,0.00042,2.12195
19,698,-0.53505,0.59289,0.66253,2.11891
19,699,3.96154,9e-05,0.00025,2.11588
19,700,-3.08046,0.0022,0.00471,2.11286
19,701,-0.52146,0.60232,0.6709,2.10984
19,702,1.57241,0.11661,0.16451,2.10684
19,703,4.47904,1e-05,3e-05,2.10384
19,704,-2.4623,0.0142,0.02548,2.10085
19,705,-8.11668,0.0,0.0,2.09787
19,706,2.30642,0.02157,0.03726,2.0949
19,707,-2.97413,0.00311,0.00643,2.09194
19,708,0.09572,0.92379,0.94215,2.08898
19,709,-3.30854,0.00102,0.00233,2.08604
19,710,-1.05902,0.2902,0.36533,2.0831
19,711,-0.23068,0.81768,0.85654,2.08017
19,712,-0.9334,0.35115,0.42984,2.07725
19,713,-2.23866,0.0257,0.0434,2.07433
19,714,0.83318,0.40521,0.48366,2.07143
19,715,-4.79204,0.0,1e-05,2.06853
19,716,-3.12346,0.00191,0.00415,2.06564
19,717,0.66485,0.50651,0.58086,2.06276
19,718,-6.16099,0.0,0.0,2.05989
19,719,-6.19867,0.0,0.0,2.05702
19,720,1.52913,0.12698,0.17708,2.05417
19,721,6.48661,0.0,0.0,2.05132
19,722,-1.7075,0.08846,0.1291,2.04848
19,723,5.2831,0.0,0.0,2.04564
19,724,2.00013,0.04613,0.07286,2.04282
19,725,-1.60235,0.10983,0.15603,2.04
19,726,-4.07752,5e-05,0.00017,2.03719
19,727,5.39193,0.0,0.0,2.03439
19,728,-4.01953,7e-05,0.00021,2.03159
19,729,-1.69024,0.09172,0.13335,2.02881
19,730,-0.17453,0.86153,0.89174,2.02603
19,731,0.36956,0.71189,0.7673,2.02326
19,732,-1.48474,0.13836,0.19079,2.02049
19,733,-5.3181,0.0,0.0,2.01774
19,734,0.776,0.43818,0.51551,2.01499
19,735,-4.15404,4e-05,0.00012,2.01224
19,736,3.24134,0.00128,0.00288,2.00951
19,737,0.70537,0.48097,0.55707,2.00678
19,738,-4.02825,7e-05,0.0002,2.00407
19,739,4.56831,1e-05,2e-05,2.00135
20,1,-0.12643,0.89945,0.92231,548.0
20,2,0.69962,0.48455,0.56043,274.0
20,3,-1.97141,0.04933,0.07744,182.66667
20,4,-1.11595,0.26508,0.33774,137.0
20,5,-2.1584,0.03146,0.05189,109.6
20,6,-7.30834,0.0,0.0,91.33333
20,7,3.96603,9e-05,0.00025,78.28571
20,8,0.56705,0.57098,0.64316,68.5
20,9,5.5287,0.0,0.0,60.88889
20,10,5.54385,0.0,0.0,54.8
20,11,7.30276,0.0,0.0,49.81818
20,12,0.53459,0.59322,0.66276,45.66667
20,13,1.47379,0.14128,0.19429,42.15385
20,14,0.4794,0.6319,0.69672,39.14286
20,15,-0.06768,0.94607,0.9592,36.53333
20,16,-1.32881,0.18463,0.24601,34.25
20,17,-3.60459,0.00035,0.00089,32.23529
20,18,4.2206,3e-05,9e-05,30.44444
20,19,-5.41935,0.0,0.0,28.84211
20,20,0.4678,0.64017,0.70382,27.4
20,21,-1.34758,0.17852,0.2387,26.09524
20,22,-3.1906,0.00153,0.00338,24.90909
20,23,-0.92106,0.35755,0.43612,23.82609
20,24,2.36885,0.01829,0.032,22.83333
20,25,1.95684,0.05103,0.07965,21.92
20,26,-5.21424,0.0,0.0,21.07692
20,27,-2.35267,0.0191,0.03328,20.2963
20,28,-9.34582,0.0,0.0,19.57143
20,29,-4.78328,0.0,1e-05,18.89655
20,30,0.84386,0.39922,0.47742,18.26667
20,31,2.2187,0.02704,0.04536,17.67742
20,32,1.21472,0.22515,0.29368,17.125
20,33,3.72806,0.00022,0.00058,16.60606
20,34,3.99954,7e-05,0.00022,16.11765
20,35,-4.21976,3e-05,0.0001,15.65714
20,36,-11.98657,0.0,0.0,15.22222
20,37,-2.07434,0.03865,0.0623,14.81081
20,38,4.71647,0.0,1e-05,14.42105
20,39,10.07253,0.0,0.0,14.05128
20,40,0.33392,0.7386,0.79011,13.7
20,41,0.33944,0.73445,0.78665,13.36585
20,42,-3.05411,0.0024,0.00509,13.04762
20,43,-0.99682,0.31943,0.3962,12.74419
20,44,-6.15955,0.0,0.0,12.45455
20,45,-4.38928,1e-05,5e-05,12.17778
20,46,2.6541,0.00825,0.01562,11.91304
20,47,0.10309,0.91794,0.93736,11.65957
20,48,-0.71639,0.47414,0.55063,11.41667
20,49,4.55661,1e-05,2e-05,11.18367
20,50,0.97003,0.33259,0.40993,10.96
20,51,-0.90339,0.36683,0.44523,10.7451
20,52,-1.259,0.20873,0.2748,10.53846
20,53,3.03734,0.00253,0.00535,10.33962
20,54,-2.3417,0.01966,0.0342,10.14815
20,55,10.68918,0.0,0.0,9.96364
20,56,-5.05388,0.0,0.0,9.78571
20,57,-4.43037,1e-05,4e-05,9.61404
20,58,1.57134,0.11685,0.16479,9.44828
20,59,-1.49381,0.13597,0.18794,9.28814
20,60,1.88621,0.05995,0.09204,9.13333
20,61,-5.86921,0.0,0.0,8.98361
20,62,-2.30669,0.02156,0.03724,8.83871
20,63,0.84079,0.40094,0.47919,8.69841
20,64,-1.38308,0.16737,0.22594,8.5625
20,65,0.85683,0.39203,0.47039,8.43077
20,66,-1.76956,0.07752,0.11529,8.30303
20,67,-4.67578,0.0,1e-05,8.1791
20,68,4.88481,0.0,1e-05,8.05882
20,69,-9.30913,0.0,0.0,7.94203
20,70,-1.96229,0.05038,0.07883,7.82857
20,71,-3.73173,0.00022,0.00057,7.71831
20,72,-8.48926,0.0,0.0,7.61111
20,73,1.19785,0.23165,0.30082,7.50685
20,74,-4.04984,6e-05,0.00018,7.40541
20,75,-1.43263,0.1527,0.20819,7.30667
20,76,-0.6617,0.50852,0.58271,7.21053
20,77,-3.03914,0.00252,0.00532,7.11688
20,78,1.75753,0.07955,0.11778,7.02564
20,79,-0.4982,0.6186,0.68509,6.93671
20,80,-8.60503,0.0,0.0,6.85
20,81,2.28185,0.023,0.0394,6.76543
20,82,-5.7332,0.0,0.0,6.68293
20,83,0.54892,0.58335,0.65444,6.60241
20,84,4.92399,0.0,1e-05,6.52381
20,85,-5.65506,0.0,0.0,6.44706
20,86,1.14795,0.25164,0.32313,6.37209
20,87,2.9222,0.00366,0.00746,6.29885
20,88,2.3012,0.02187,0.03769,6.22727
20,89,0.44461,0.65683,0.71874,6.1573
20,90,1.42819,0.15398,0.2097,6.08889
20,91,-3.4834,0.00055,0.00133,6.02198
20,92,-0.50937,0.61076,0.67828,5.95652
20,93,0.56726,0.57084,0.64316,5.89247
20,94,-4.24605,3e-05,9e-05,5.82979
20,95,2.66239,0.00806,0.01528,5.76842
20,96,3.28025,0.00112,0.00255,5.70833
20,97,-6.08654,0.0,0.0,5.64948
20,98,5.92526,0.0,0.0,5.59184
20,99,-4.2453,3e-05,9e-05,5.53535
20,100,2.22625,0.02652,0.04465,5.48
20,101,1.93599,0.05354,0.08311,5.42574
20,102,3.66458,0.00028,0.00073,5.37255
20,103,0.13053,0.89621,0.91965,5.32039
20,104,0.76628,0.44394,0.52099,5.26923
20,105,-4.82088,0.0,1e-05,5.21905
20,106,-7.19813,0.0,0.0,5.16981
20,107,0.15776,0.87472,0.90212,5.1215
20,108,1.72164,0.08587,0.1259,5.07407
20,109,-1.28919,0.19804,0.26186,5.02752
20,110,-1.12661,0.26055,0.33273,4.98182
20,111,0.6505,0.51572,0.58942,4.93694
20,112,0.84978,0.39593,0.47413,4.89286
20,113,-6.15045,0.0,0.0,4.84956
20,114,-0.63367,0.52664,0.59976,4.80702
20,115,0.54741,0.58439,0.65523,4.76522
20,116,1.87961,0.06085,0.09315,4.72414
20,117,-4.29947,2e-05,7e-05,4.68376
20,118,-8.87949,0.0,0.0,4.64407
20,119,-0.45572,0.64883,0.71146,4.60504
20,120,0.11656,0.90726,0.9288,4.56667
20,121,-0.58313,0.56012,0.6332,4.52893
20,122,5.2103,0.0,0.0,4.4918
20,123,-0.58023,0.56207,0.63505,4.45528
20,124,-0.18241,0.85535,0.88654,4.41935
20,125,-4.13349,4e-05,0.00013,4.384
20,126,-3.81274,0.00016,0.00043,4.34921
20,127,5.03598,0.0,0.0,4.31496
20,128,3.70083,0.00024,0.00064,4.28125
20,129,1.32489,0.18592,0.24751,4.24806
20,130,-2.51616,0.01223,0.02231,4.21538
20,131,-2.25345,0.02474,0.04198,4.18321
20,132,6.90688,0.0,0.0,4.15152
20,133,-10.1879,0.0,0.0,4.1203
20,134,-6.33235,0.0,0.0,4.08955
20,135,3.87952,0.00012,0.00034,4.05926
20,136,-3.88511,0.00012,0.00034,4.02941
20,137,-2.51587,0.01224,0.02232,4.0
20,138,-0.50244,0.61562,0.68268,3.97101
20,139,-4.87803,0.0,1e-05,3.94245
20,140,-2.26733,0.02388,0.04067,3.91429
20,141,2.41112,0.01633,0.02891,3.88652
20,142,3.70974,0.00024,0.00062,3.85915
20,143,0.35898,0.71979,0.77423,3.83217
20,144,-5.40119,0.0,0.0,3.80556
20,145,-0.2925,0.77005,0.81587,3.77931
20,146,-6.19352,0.0,0.0,3.75342
20,147,-0.281,0.77885,0.82345,3.72789
20,148,3.42293,0.00068,0.00162,3.7027
20,149,3.77418,0.00018,0.0005,3.67785
20,150,-0.9778,0.32873,0.40587,3.65333
20,151,3.32785,0.00095,0.00219,3.62914
20,152,0.85282,0.39424,0.47236,3.60526
20,153,-3.05446,0.0024,0.00509,3.5817
20,154,-1.20228,0.22993,0.29898,3.55844
20,155,1.77084,0.07731,0.11502,3.53548
20,156,6.0936,0.0,0.0,3.51282
20,157,0.53542,0.59264,0.66234,3.49045
20,158,2.52186,0.01204,0.022,3.46835
20,159,-0.67759,0.4984,0.57347,3.44654
20,160,4.40991,1e-05,5e-05,3.425
20,161,-3.14095,0.0018,0.00393,3.40373
20,162,0.55703,0.5778,0.64953,3.38272
20,163,-1.53355,0.12589,0.1759,3.36196
20,164,6.48164,0.0,0.0,3.34146
20,165,-1.3402,0.1809,0.24166,3.32121
20,166,3.56148,0.00041,0.00103,3.3012
20,167,-0.54808,0.58392,0.65486,3.28144
20,168,1.59581,0.11128,0.15777,3.2619
20,169,0.18881,0.85034,0.88298,3.2426
20,170,3.24399,0.00127,0.00285,3.22353
20,171,4.95725,0.0,0.0,3.20468
20,172,1.33737,0.18182,0.2427,3.18605
20,173,-1.95462,0.05129,0.07998,3.16763
20,174,-0.81084,0.41791,0.49603,3.14943
20,175,6.08455,0.0,0.0,3.13143
20,176,2.49515,0.01297,0.02351,3.11364
20,177,0.71562,0.47462,0.55112,3.09605
20,178,4.24014,3e-05,9e-05,3.07865
20,179,7.42129,0.0,0.0,3.06145
20,180,2.56136,0.01077,0.01988,3.04444
20,181,3.98607,8e-05,0.00023,3.02762
20,182,2.14249,0.03273,0.0537,3.01099
20,183,2.09808,0.03649,0.0591,2.99454
20,184,-1.86903,0.06231,0.09508,2.97826
20,185,-3.10924,0.002,0.00432,2.96216
20,186,-0.5384,0.59059,0.66063,2.94624
20,187,-1.98049,0.0483,0.07596,2.93048
20,188,-2.21993,0.02695,0.04527,2.91489
20,189,4.40113,1e-05,5e-05,2.89947
20,190,-2.91316,0.00377,0.00765,2.88421
20,191,1.57484,0.11604,0.16379,2.86911
20,192,6.37577,0.0,0.0,2.85417
20,193,-2.15529,0.0317,0.05223,2.83938
20,194,1.02885,0.30414,0.38015,2.82474
20,195,-1.94237,0.05276,0.08202,2.81026
20,196,-1.73947,0.08268,0.12185,2.79592
20,197,-1.3608,0.1743,0.23394,2.78173
20,198,-7.60752,0.0,0.0,2.76768
20,199,2.6404,0.00859,0.01618,2.75377
20,200,-0.21761,0.82784,0.86474,2.74
20,201,-2.78615,0.00557,0.01089,2.72637
20,202,3.81749,0.00016,0.00043,2.71287
20,203,-9.72792,0.0,0.0,2.69951
20,204,-7.0416,0.0,0.0,2.68627
20,205,-4.98145,0.0,0.0,2.67317
20,206,2.87189,0.00429,0.0086,2.66019
20,207,-3.92966,0.0001,0.00029,2.64734
20,208,3.60899,0.00034,0.00088,2.63462
20,209,-6.24446,0.0,0.0,2.62201
20,210,-1.5119,0.13131,0.18222,2.60952
20,211,1.16728,0.24376,0.31442,2.59716
20,212,6.72218,0.0,0.0,2.58491
20,213,0.93562,0.35001,0.42881,2.57277
20,214,-2.19683,0.02858,0.04762,2.56075
20,215,2.54366,0.01133,0.02082,2.54884
20,216,1.51838,0.12967,0.18025,2.53704
20,217,0.00271,0.99784,0.99874,2.52535
20,218,-3.61052,0.00034,0.00087,2.51376
20,219,0.3572,0.72112,0.7752,2.50228
20,220,5.83704,0.0,0.0,2.49091
20,221,0.40036,0.68909,0.7471,2.47964
20,222,-3.84288,0.00014,0.00039,2.46847
20,223,2.24055,0.02557,0.04322,2.4574
20,224,2.28348,0.0229,0.03928,2.44643
20,225,-2.63495,0.00872,0.01641,2.43556
20,226,2.34361,0.01956,0.03404,2.42478
20,227,-3.42754,0.00067,0.00159,2.4141
20,228,-1.27588,0.2027,0.26746,2.40351
20,229,-4.50648,1e-05,3e-05,2.39301
20,230,2.77039,0.00585,0.01137,2.38261
20,231,-3.72758,0.00022,0.00058,2.37229
20,232,-1.33403,0.18291,0.24402,2.36207
20,233,1.21416,0.22537,0.29388,2.35193
20,234,4.35889,2e-05,6e-05,2.34188
20,235,-3.488,0.00054,0.00131,2.33191
20,236,5.4887,0.0,0.0,2.32203
20,237,5.39486,0.0,0.0,2.31224
20,238,-1.76017,0.0791,0.11727,2.30252
20,239,-7.59231,0.0,0.0,2.29289
20,240,5.15711,0.0,0.0,2.28333
20,241,-7.00971,0.0,0.0,2.27386
20,242,4.26332,2e-05,8e-05,2.26446
20,243,-3.2998,0.00105,0.0024,2.25514
20,244,1.05822,0.29056,0.36569,2.2459
20,245,0.71872,0.47271,0.54935,2.23673
20,246,3.80941,0.00016,0.00044,2.22764
20,247,4.84202,0.0,1e-05,2.21862
20,248,-7.00186,0.0,0.0,2.20968
20,249,1.9852,0.04777,0.07521,2.2008
20,250,5.3045,0.0,0.0,2.192
20,251,3.76315,0.00019,0.00052,2.18327
20,252,-4.46455,1e-05,4e-05,2.1746
20,253,2.02863,0.04312,0.06867,2.16601
20,254,1.60151,0.11001,0.1562,2.15748
20,255,2.36835,0.01832,0.03203,2.14902
20,256,-0.93926,0.34813,0.42683,2.14062
20,257,-1.5067,0.13264,0.18378,2.1323
20,258,0.12204,0.90292,0.92539,2.12403
20,259,2.66799,0.00792,0.01507,2.11583
20,260,-7.07082,0.0,0.0,2.10769
20,261,-1.59223,0.11208,0.15887,2.09962
20,262,-4.39042,1e-05,5e-05,2.0916
20,263,-1.07735,0.28194,0.35637,2.08365
20,264,1.13132,0.25856,0.3305,2.07576
20,265,0.81048,0.41812,0.49622,2.06792
20,266,-3.98384,8e-05,0.00023,2.06015
20,267,0.28642,0.7747,0.82045,2.05243
20,268,6.35571,0.0,0.0,2.04478
20,269,-3.54588,0.00044,0.00108,2.03717
20,270,-6.84095,0.0,0.0,2.02963
20,271,-0.65267,0.51432,0.58828,2.02214
20,272,1.22214,0.22234,0.29027,2.01471
20,273,-6.40947,0.0,0.0,2.00733
20,274,-7.16921,0.0,0.0,2.0
21,1,-5.84708,0.0,0.0,221.0
21,2,-1.16301,0.24548,0.31616,110.5
21,3,-1.66621,0.09641,0.13948,73.66667
21,4,1.37226,0.17071,0.22986,55.25
21,5,-1.41928,0.15655,0.2128,44.2
21,6,-0.19722,0.84375,0.87799,36.83333
21,7,-0.99779,0.31895,0.3958,31.57143
21,8,0.18576,0.85272,0.88445,27.625
21,9,-0.7107,0.47766,0.55394,24.55556
21,10,-2.39589,0.01701,0.02999,22.1
21,11,8.29743,0.0,0.0,20.09091
21,12,1.73724,0.08307,0.12231,18.41667
21,13,0.54568,0.58558,0.6562,17.0
21,14,-4.09055,5e-05,0.00016,15.78571
21,15,7.51622,0.0,0.0,14.73333
21,16,-2.23448,0.02597,0.04382,13.8125
21,17,-3.39531,0.00075,0.00177,13.0
21,18,-5.83793,0.0,0.0,12.27778
21,19,-3.5221,0.00047,0.00117,11.63158
21,20,-6.2031,0.0,0.0,11.05
21,21,5.63832,0.0,0.0,10.52381
21,22,4.21617,3e-05,0.0001,10.04545
21,23,3.98132,8e-05,0.00024,9.6087
21,24,-2.577,0.0103,0.01909,9.20833
21,25,5.27298,0.0,0.0,8.84
21,26,-0.97524,0.33,0.40717,8.5
21,27,1.72365,0.0855,0.12548,8.18519
21,28,-5.3198,0.0,0.0,7.89286
21,29,0.73541,0.4625,0.53967,7.62069
21,30,-4.05796,6e-05,0.00018,7.36667
21,31,5.076,0.0,0.0,7.12903
21,32,0.39375,0.69396,0.75141,6.90625
21,33,5.73711,0.0,0.0,6.69697
21,34,-5.43965,0.0,0.0,6.5
21,35,-7.6146,0.0,0.0,6.31429
21,36,-0.87229,0.38355,0.46154,6.13889
21,37,-0.49864,0.6183,0.68504,5.97297
21,38,-9.57527,0.0,0.0,5.81579
21,39,-1.52955,0.12688,0.17698,5.66667
21,40,8.22863,0.0,0.0,5.525
21,41,-4.40578,1e-05,5e-05,5.39024
21,42,-7.12103,0.0,0.0,5.2619
21,43,-4.36683,2e-05,5e-05,5.13953
21,44,-9.59436,0.0,0.0,5.02273
21,45,-0.04028,0.96789,0.97569,4.91111
21,46,-2.03289,0.04269,0.06803,4.80435
21,47,3.20937,0.00143,0.00318,4.70213
21,48,2.06079,0.03993,0.06418,4.60417
21,49,-8.77237,0.0,0.0,4.5102
21,50,-1.52054,0.12912,0.17961,4.42
21,51,8.51804,0.0,0.0,4.33333
21,52,3.96223,9e-05,0.00025,4.25
21,53,-3.7231,0.00022,0.00059,4.16981
21,54,-9.53821,0.0,0.0,4.09259
21,55,6.75871,0.0,0.0,4.01818
21,56,2.99542,0.0029,0.00604,3.94643
21,57,7.35215,0.0,0.0,3.87719
21,58,-1.43186,0.15292,0.2084,3.81034
21,59,-0.01191,0.9905,0.99341,3.74576
21,60,0.43631,0.66284,0.72405,3.68333
21,61,2.81252,0.00514,0.01013,3.62295
21,62,-11.40694,0.0,0.0,3.56452
21,63,-2.31243,0.02123,0.03671,3.50794
21,64,-3.65173,0.00029,0.00076,3.45312
21,65,-3.95631,9e-05,0.00026,3.4
21,66,1.64061,0.10162,0.14607,3.34848
21,67,4.43089,1e-05,4e-05,3.29851
21,68,-1.33224,0.1835,0.24471,3.25
21,69,0.32179,0.74777,0.79724,3.2029
21,70,-3.48076,0.00055,0.00134,3.15714
21,71,0.69761,0.4858,0.56143,3.11268
21,72,0.5041,0.61446,0.68169,3.06944
21,73,-0.39694,0.69161,0.74926,3.0274
21,74,1.04214,0.29794,0.37376,2.98649
21,75,3.77188,0.00019,0.0005,2.94667
21,76,7.03955,0.0,0.0,2.90789
21,77,-2.2235,0.02671,0.0449,2.87013
21,78,-2.30414,0.0217,0.03747,2.83333
21,79,1.11872,0.26389,0.33641,2.79747
21,80,1.22879,0.21984,0.28746,2.7625
21,81,-1.91064,0.05673,0.08751,2.7284
21,82,-0.84547,0.39833,0.47651,2.69512
21,83,-1.8309,0.06782,0.10241,2.66265
21,84,-0.86951,0.38506,0.46292,2.63095
21,85,1.87712,0.06119,0.09359,2.6
21,86,-1.55601,0.12045,0.16925,2.56977
21,87,7.61035,0.0,0.0,2.54023
21,88,-1.86757,0.06252,0.09532,2.51136
21,89,-4.63516,0.0,2e-05,2.48315
21,90,-9.48694,0.0,0.0,2.45556
21,91,-3.54742,0.00043,0.00108,2.42857
21,92,1.91912,0.05564,0.08605,2.40217
21,93,-2.43589,0.01527,0.02723,2.37634
21,94,-3.529,0.00046,0.00115,2.35106
21,95,2.25421,0.0247,0.04191,2.32632
21,96,-5.31335,0.0,0.0,2.30208
21,97,4.33083,2e-05,6e-05,2.27835
21,98,-1.64352,0.10102,0.14535,2.2551
21,99,-1.84808,0.06529,0.09907,2.23232
21,100,-0.89537,0.3711,0.44942,2.21
21,101,-0.87191,0.38375,0.46169,2.18812
21,102,-7.46773,0.0,0.0,2.16667
21,103,1.70484,0.08896,0.12973,2.14563
21,104,6.54037,0.0,0.0,2.125
21,105,1.83367,0.06741,0.10185,2.10476
21,106,-1.96789,0.04974,0.07791,2.08491
21,107,0.91323,0.36164,0.44016,2.06542
21,108,3.94712,9e-05,0.00027,2.0463
21,109,-2.66384,0.00802,0.01523,2.02752
21,110,1.6295,0.10395,0.14899,2.00909
22,1,2.30221,0.02181,0.03761,447.0
22,2,-0.2223,0.82419,0.86182,223.5
22,3,-0.72927,0.46624,0.54315,149.0
22,4,0.94829,0.34352,0.422,111.75
22,5,-2.44204,0.01501,0.02684,89.4
22,6,5.14233,0.0,0.0,74.5
22,7,1.38278,0.16746,0.226,63.85714
22,8,-5.33286,0.0,0.0,55.875
22,9,-1.08097,0.28033,0.35478,49.66667
22,10,-0.22257,0.82398,0.86179,44.7
22,11,6.00635,0.0,0.0,40.63636
22,12,4.75802,0.0,1e-05,37.25
22,13,-1.76867,0.07767,0.11546,34.38462
22,14,2.10647,0.03575,0.05805,31.92857
22,15,-2.78832,0.00554,0.01083,29.8
22,16,5.88327,0.0,0.0,27.9375
22,17,4.59931,1e-05,2e-05,26.29412
22,18,-1.50795,0.13232,0.18342,24.83333
22,19,-2.5462,0.01124,0.02068,23.52632
22,20,-3.48282,0.00055,0.00133,22.35
22,21,-6.30116,0.0,0.0,21.28571
22,22,-6.33974,0.0,0.0,20.31818
22,23,-1.53493,0.12555,0.1755,19.43478
22,24,-3.4357,0.00065,0.00155,18.625
22,25,1.55257,0.12128,0.17031,17.88
22,26,-3.15951,0.00169,0.00372,17.19231
22,27,-0.66699,0.50514,0.57963,16.55556
22,28,5.14116,0.0,0.0,15.96429
22,29,-3.19817,0.00149,0.0033,15.41379
22,30,-1.54834,0.12229,0.17154,14.9
22,31,5.04002,0.0,0.0,14.41935
22,32,4.85274,0.0,1e-05,13.96875
22,33,-5.34484,0.0,0.0,13.54545
22,34,-9.86487,0.0,0.0,13.14706
22,35,-1.194,0.23315,0.30245,12.77143
22,36,-0.76218,0.44638,0.52343,12.41667
22,37,-0.24434,0.80709,0.84713,12.08108
22,38,-3.25246,0.00124,0.00278,11.76316
22,39,6.38252,0.0,0.0,11.46154
22,40,-4.33748,2e-05,6e-05,11.175
22,41,0.05839,0.95347,0.96465,10.90244
22,42,6.89923,0.0,0.0,10.64286
22,43,-5.59337,0.0,0.0,10.39535
22,44,-3.84306,0.00014,0.00039,10.15909
22,45,-3.90643,0.00011,0.00031,9.93333
22,46,-3.24638,0.00126,0.00283,9.71739
22,47,-4.5299,1e-05,3e-05,9.51064
22,48,-4.01891,7e-05,0.00021,9.3125
22,49,0.90394,0.36654,0.44498,9.12245
22,50,-8.41071,0.0,0.0,8.94
22,51,-0.89782,0.36979,0.44806,8.76471
22,52,-0.1051,0.91635,0.93605,8.59615
22,53,2.03532,0.04244,0.06767,8.43396
22,54,1.24285,0.21461,0.2814,8.27778
22,55,-1.22771,0.22024,0.28791,8.12727
22,56,0.9069,0.36498,0.44346,7.98214
22,57,5.81074,0.0,0.0,7.84211
22,58,-9.16029,0.0,0.0,7.7069
22,59,5.01554,0.0,0.0,7.57627
22,60,-4.49228,1e-05,3e-05,7.45
22,61,-0.69795,0.48559,0.56143,7.32787
22,62,-2.18498,0.02944,0.04889,7.20968
22,63,-0.47882,0.63231,0.69702,7.09524
22,64,0.09211,0.92665,0.9444,6.98438
22,65,-1.26221,0.20757,0.27338,6.87692
22,66,0.08599,0.93152,0.9481,6.77273
22,67,2.41222,0.01628,0.02884,6.67164
22,68,4.56359,1e-05,2e-05,6.57353
22,69,4.37598,2e-05,5e-05,6.47826
22,70,3.69969,0.00024,0.00064,6.38571
22,71,1.22603,0.22087,0.28858,6.29577
22,72,5.82265,0.0,0.0,6.20833
22,73,-1.90902,0.05694,0.08776,6.12329
22,74,-0.48852,0.62544,0.69104,6.04054
22,75,-7.11076,0.0,0.0,5.96
22,76,0.35887,0.71987,0.77423,5.88158
22,77,0.8427,0.39988,0.47814,5.80519
22,78,1.1048,0.26987,0.34272,5.73077
22,79,4.8903,0.0,1e-05,5.65823
22,80,2.31378,0.02116,0.0366,5.5875
22,81,0.44896,0.65369,0.71593,5.51852
22,82,-8.24194,0.0,0.0,5.45122
22,83,-5.1916,0.0,0.0,5.38554
22,84,-5.18634,0.0,0.0,5.32143
22,85,-1.2837,0.19995,0.26422,5.25882
22,86,3.78018,0.00018,0.00049,5.19767
22,87,-3.71465,0.00023,0.00061,5.13793
22,88,3.62638,0.00032,0.00083,5.07955
22,89,-2.30341,0.02174,0.03752,5.02247
22,90,2.78677,0.00556,0.01088,4.96667
22,91,-1.25401,0.21053,0.27681,4.91209
22,92,-1.53793,0.12482,0.17457,4.8587
22,93,-3.91278,0.00011,0.0003,4.80645
22,94,-4.57874,1e-05,2e-05,4.75532
22,95,-5.0202,0.0,0.0,4.70526
22,96,-4.62769,0.0,2e-05,4.65625
22,97,-4.64206,0.0,2e-05,4.60825
22,98,-3.34497,0.0009,0.00208,4.56122
22,99,-3.76561,0.00019,0.00051,4.51515
22,100,4.9088,0.0,1e-05,4.47
22,101,-3.61807,0.00033,0.00085,4.42574
22,102,4.24704,3e-05,9e-05,4.38235
22,103,-4.04014,6e-05,0.00019,4.33981
22,104,-2.38668,0.01744,0.03065,4.29808
22,105,1.70129,0.08963,0.13055,4.25714
22,106,4.07471,6e-05,0.00017,4.21698
22,107,7.97227,0.0,0.0,4.17757
22,108,4.0798,5e-05,0.00016,4.13889
22,109,3.71528,0.00023,0.00061,4.10092
22,110,2.99147,0.00294,0.0061,4.06364
22,111,-0.63901,0.52316,0.59648,4.02703
22,112,4.03059,7e-05,0.0002,3.99107
22,113,2.42587,0.01569,0.02787,3.95575
22,114,2.53832,0.0115,0.0211,3.92105
22,115,3.74362,0.00021,0.00055,3.88696
22,116,0.67523,0.4999,0.57494,3.85345
22,117,0.22027,0.82577,0.86302,3.82051
22,118,1.32184,0.18694,0.24863,3.78814
22,119,2.66799,0.00792,0.01507,3.7563
22,120,0.45863,0.64674,0.70972,3.725
22,121,4.47957,1e-05,3e-05,3.69421
22,122,-0.77967,0.43602,0.51345,3.66393
22,123,4.37611,2e-05,5e-05,3.63415
22,124,2.46856,0.01396,0.0251,3.60484
22,125,5.48326,0.0,0.0,3.576
22,126,1.16076,0.2464,0.31721,3.54762
22,127,-4.27228,2e-05,8e-05,3.51969
22,128,1.04762,0.29541,0.37129,3.49219
22,129,-2.1535,0.03185,0.05242,3.46512
22,130,1.99121,0.0471,0.07426,3.43846
22,131,-0.91262,0.36196,0.44038,3.41221
22,132,-3.67564,0.00027,0.0007,3.38636
22,133,-5.41837,0.0,0.0,3.3609
22,134,-5.04294,0.0,0.0,3.33582
22,135,3.63443,0.00031,0.0008,3.31111
22,136,-3.91637,0.0001,0.0003,3.28676
22,137,2.65675,0.00819,0.01552,3.26277
22,138,-0.72767,0.46722,0.54397,3.23913
22,139,-2.13837,0.03306,0.05418,3.21583
22,140,1.37059,0.17123,0.23046,3.19286
22,141,-2.7897,0.00551,0.0108,3.17021
22,142,-3.12091,0.00193,0.00418,3.14789
22,143,-8.89718,0.0,0.0,3.12587
22,144,6.32961,0.0,0.0,3.10417
22,145,1.57728,0.11548,0.16308,3.08276
22,146,0.08151,0.93507,0.95075,3.06164
22,147,4.57386,1e-05,2e-05,3.04082
22,148,-2.71235,0.00695,0.01333,3.02027
22,149,4.977,0.0,0.0,3.0
22,150,0.27898,0.7804,0.82482,2.98
22,151,0.19607,0.84465,0.87853,2.96026
22,152,3.28947,0.00109,0.00247,2.94079
22,153,0.74206,0.45846,0.53527,2.92157
22,154,10.76928,0.0,0.0,2.9026
22,155,-1.19911,0.23116,0.3003,2.88387
22,156,0.93272,0.3515,0.43006,2.86538
22,157,-2.3837,0.01758,0.03087,2.84713
22,158,-1.04568,0.29631,0.37223,2.82911
22,159,2.51864,0.01215,0.02218,2.81132
22,160,-4.65585,0.0,2e-05,2.79375
22,161,-5.3413,0.0,0.0,2.7764
22,162,3.94739,9e-05,0.00027,2.75926
22,163,2.65967,0.00812,0.01539,2.74233
22,164,7.52314,0.0,0.0,2.72561
22,165,-1.19916,0.23114,0.3003,2.70909
22,166,-0.66857,0.50414,0.57874,2.69277
22,167,-5.83568,0.0,0.0,2.67665
22,168,5.14993,0.0,0.0,2.66071
22,169,-0.59337,0.55325,0.62657,2.64497
22,170,6.77169,0.0,0.0,2.62941
22,171,0.53966,0.58972,0.66003,2.61404
22,172,-6.8719,0.0,0.0,2.59884
22,173,0.04991,0.96021,0.97013,2.58382
22,174,-5.35442,0.0,0.0,2.56897
22,175,-0.32644,0.74425,0.79493,2.55429
22,176,5.82318,0.0,0.0,2.53977
22,177,3.19312,0.00151,0.00335,2.52542
22,178,5.67255,0.0,0.0,2.51124
22,179,-3.77144,0.00019,0.0005,2.49721
22,180,-4.25313,3e-05,8e-05,2.48333
22,181,2.89811,0.00395,0.00799,2.46961
22,182,-4.45044,1e-05,4e-05,2.45604
22,183,4.99002,0.0,0.0,2.44262
22,184,3.50816,0.0005,0.00123,2.42935
22,185,5.22709,0.0,0.0,2.41622
22,186,1.86135,0.06339,0.09646,2.40323
22,187,-1.88482,0.06014,0.09226,2.39037
22,188,-2.05284,0.0407,0.06528,2.37766
22,189,-4.59658,1e-05,2e-05,2.36508
22,190,-8.91664,0.0,0.0,2.35263
22,191,3.07656,0.00223,0.00477,2.34031
22,192,3.43548,0.00065,0.00155,2.32812
22,193,3.86414,0.00013,0.00036,2.31606
22,194,-5.59535,0.0,0.0,2.30412
22,195,-1.6232,0.10529,0.15065,2.29231
22,196,3.73738,0.00021,0.00056,2.28061
22,197,-0.1446,0.8851,0.91087,2.26904
22,198,-11.31582,0.0,0.0,2.25758
22,199,-1.96056,0.05059,0.07911,2.24623
22,200,-2.20138,0.02825,0.04713,2.235
22,201,3.63606,0.00031,0.0008,2.22388
22,202,-1.188,0.2355,0.30515,2.21287
22,203,-0.31175,0.75538,0.80365,2.20197
22,204,-5.36633,0.0,0.0,2.19118
22,205,3.77537,0.00018,0.00049,2.18049
22,206,2.50305,0.01269,0.02304,2.1699
22,207,-4.23513,3e-05,9e-05,2.15942
22,208,3.33619,0.00092,0.00213,2.14904
22,209,-2.06887,0.03917,0.06307,2.13876
22,210,-5.21111,0.0,0.0,2.12857
22,211,-1.84816,0.06528,0.09907,2.11848
22,212,4.1368,4e-05,0.00013,2.10849
22,213,0.48724,0.62634,0.69166,2.09859
22,214,-4.49321,1e-05,3e-05,2.08879
22,215,1.07837,0.28148,0.35597,2.07907
22,216,-6.16144,0.0,0.0,2.06944
22,217,0.81405,0.41608,0.49415,2.05991
22,218,0.90657,0.36515,0.44361,2.05046
22,219,1.95324,0.05145,0.08021,2.0411
22,220,-2.00958,0.04511,0.07147,2.03182
22,221,-3.77812,0.00018,0.00049,2.02262
22,222,7.34701,0.0,0.0,2.01351
22,223,6.95351,0.0,0.0,2.00448
X,1,-0.40451,0.68605,0.74477,867.0
X,2,-0.27386,0.78433,0.82836,433.5
X,3,0.01308,0.98957,0.99294,289.0
X,4,-0.50039,0.61706,0.68405,216.75
X,5,2.90282,0.00389,0.00788,173.4
X,6,-3.33932,0.00091,0.00211,144.5
X,7,0.71854,0.47282,0.54941,123.85714
X,8,0.66245,0.50804,0.58222,108.375
X,9,-1.30217,0.19357,0.2565,96.33333
X,10,-1.70877,0.08823,0.12882,86.7
X,11,-4.53674,1e-05,3e-05,78.81818
X,12,0.70623,0.48044,0.5567,72.25
X,13,-1.06478,0.28758,0.36254,66.69231
X,14,1.06189,0.28889,0.36396,61.92857
X,15,1.90793,0.05708,0.08797,57.8
X,16,-1.14603,0.25243,0.3239,54.1875
X,17,0.74676,0.45562,0.5325,51.0
X,18,0.71925,0.47238,0.54909,48.16667
X,19,2.35612,0.01892,0.03299,45.63158
X,20,0.45334,0.65053,0.71294,43.35
X,21,8.91465,0.0,0.0,41.28571
X,22,0.19709,0.84385,0.87799,39.40909
X,23,4.2621,3e-05,8e-05,37.69565
X,24,3.38977,0.00077,0.0018,36.125
X,25,4.87483,0.0,1e-05,34.68
X,26,-2.18886,0.02915,0.04849,33.34615
X,27,-1.30161,0.19376,0.25669,32.11111
X,28,4.38323,1e-05,5e-05,30.96429
X,29,6.06332,0.0,0.0,29.89655
X,30,3.97015,8e-05,0.00025,28.9
X,31,1.38795,0.16589,0.22418,27.96774
X,32,-2.05558,0.04044,0.06488,27.09375
X,33,8.89164,0.0,0.0,26.27273
X,34,0.76557,0.44436,0.5213,25.5
X,35,-4.451,1e-05,4e-05,24.77143
X,36,3.18926,0.00153,0.00339,24.08333
X,37,-7.244,0.0,0.0,23.43243
X,38,7.02669,0.0,0.0,22.81579
X,39,-1.82196,0.06917,0.10423,22.23077
X,40,6.9131,0.0,0.0,21.675
X,41,-4.06407,6e-05,0.00017,21.14634
X,42,-1.30939,0.19111,0.25358,20.64286
X,43,-7.71965,0.0,0.0,20.16279
X,44,1.47945,0.13977,0.19249,19.70455
X,45,1.23844,0.21624,0.28339,19.26667
X,46,-5.04706,0.0,0.0,18.84783
X,47,2.95344,0.00332,0.00681,18.44681
X,48,-1.78293,0.07532,0.11242,18.0625
X,49,0.7697,0.44191,0.51898,17.69388
X,50,-1.74031,0.08253,0.12167,17.34
X,51,-1.58301,0.11417,0.16153,17.0
X,52,-0.15553,0.87648,0.90348,16.67308
X,53,-2.99713,0.00289,0.00601,16.35849
X,54,2.59924,0.00967,0.01801,16.05556
X,55,1.6048,0.10929,0.15536,15.76364
X,56,2.04358,0.04162,0.0665,15.48214
X,57,-3.24404,0.00127,0.00285,15.21053
X,58,3.068,0.00229,0.00489,14.94828
X,59,-3.04573,0.00247,0.00522,14.69492
X,60,-7.63046,0.0,0.0,14.45
X,61,-0.04323,0.96554,0.97396,14.21311
X,62,4.9934,0.0,0.0,13.98387
X,63,-6.10461,0.0,0.0,13.7619
X,64,0.05589,0.95546,0.96637,13.54688
X,65,4.84288,0.0,1e-05,13.33846
X,66,-0.63357,0.52671,0.59977,13.13636
X,67,-4.13137,4e-05,0.00013,12.9403
X,68,-4.10045,5e-05,0.00015,12.75
X,69,-0.63054,0.52868,0.60181,12.56522
X,70,-5.45122,0.0,0.0,12.38571
X,71,-6.5909,0.0,0.0,12.21127
X,72,2.16483,0.03096,0.05118,12.04167
X,73,-3.54552,0.00044,0.00108,11.87671
X,74,-6.94579,0.0,0.0,11.71622
X,75,-3.63054,0.00032,0.00081,11.56
X,76,5.3283,0.0,0.0,11.40789
X,77,-3.40449,0.00073,0.00172,11.25974
X,78,-1.23749,0.21659,0.28381,11.11538
X,79,-1.82044,0.0694,0.10453,10.97468
X,80,-6.07295,0.0,0.0,10.8375
X,81,2.44324,0.01496,0.02676,10.7037
X,82,0.82019,0.41257,0.4908,10.57317
X,83,-0.62663,0.53124,0.60445,10.44578
X,84,6.68756,0.0,0.0,10.32143
X,85,-3.71873,0.00023,0.0006,10.2
X,86,-2.24228,0.02546,0.04308,10.0814
X,87,-3.50312,0.00051,0.00125,9.96552
X,88,-0.74685,0.45557,0.5325,9.85227
X,89,-0.90803,0.36438,0.44293,9.74157
X,90,-9.26167,0.0,0.0,9.63333
X,91,2.38251,0.01764,0.03096,9.52747
X,92,2.98724,0.00298,0.00618,9.42391
X,93,-3.75255,0.0002,0.00053,9.32258
X,94,-3.15729,0.00171,0.00374,9.2234
X,95,4.17436,4e-05,0.00011,9.12632
X,96,0.72248,0.4704,0.54704,9.03125
X,97,-6.40139,0.0,0.0,8.93814
X,98,-4.19719,3e-05,0.0001,8.84694
X,99,-2.46656,0.01404,0.02523,8.75758
X,100,5.25637,0.0,0.0,8.67
X,101,3.4224,0.00068,0.00162,8.58416
X,102,3.7932,0.00017,0.00047,8.5
X,103,3.15805,0.0017,0.00373,8.41748
X,104,-3.85273,0.00013,0.00038,8.33654
X,105,-1.03498,0.30127,0.37732,8.25714
X,106,-4.19772,3e-05,0.0001,8.17925
X,107,-1.52343,0.1284,0.17871,8.1028
X,108,-4.69209,0.0,1e-05,8.02778
X,109,3.41856,0.00069,0.00164,7.95413
X,110,-6.31129,0.0,0.0,7.88182
X,111,-6.35145,0.0,0.0,7.81081
X,112,5.13273,0.0,0.0,7.74107
X,113,-6.93739,0.0,0.0,7.67257
X,114,-4.28699,2e-05,7e-05,7.60526
X,115,-3.71142,0.00023,0.00062,7.53913
X,116,5.48591,0.0,0.0,7.47414
X,117,2.89112,0.00404,0.00814,7.41026
X,118,2.04815,0.04116,0.06587,7.34746
X,119,0.93476,0.35045,0.42924,7.28571
X,120,-1.59832,0.11072,0.15705,7.225
X,121,1.35494,0.17616,0.23625,7.16529
X,122,3.59076,0.00037,0.00093,7.10656
X,123,-1.38524,0.16671,0.22517,7.04878
X,124,3.00757,0.00279,0.00583,6.99194
X,125,-3.65582,0.00029,0.00075,6.936
X,126,3.00211,0.00284,0.00592,6.88095
X,127,3.32735,0.00095,0.00219,6.82677
X,128,-6.53995,0.0,0.0,6.77344
X,129,4.03994,6e-05,0.00019,6.72093
X,130,-4.15551,4e-05,0.00012,6.66923
X,131,1.80314,0.07208,0.10816,6.61832
X,132,-4.83786,0.0,1e-05,6.56818
X,133,-1.60737,0.10872,0.15478,6.5188
X,134,-3.31309,0.001,0.0023,6.47015
X,135,-6.77116,0.0,0.0,6.42222
X,136,-9.24347,0.0,0.0,6.375
X,137,-4.48542,1e-05,3e-05,6.32847
X,138,3.77237,0.00018,0.0005,6.28261
X,139,-1.26553,0.20638,0.27214,6.23741
X,140,2.02469,0.04353,0.06924,6.19286
X,141,-3.56308,0.00041,0.00102,6.14894
X,142,0.92731,0.3543,0.4329,6.10563
X,143,3.0663,0.00231,0.00492,6.06294
X,144,-10.81518,0.0,0.0,6.02083
X,145,-2.08076,0.03806,0.06142,5.97931
X,146,-2.53102,0.01174,0.02151,5.93836
X,147,-0.78769,0.43132,0.50869,5.89796
X,148,-4.88873,0.0,1e-05,5.85811
X,149,2.07273,0.0388,0.06252,5.81879
X,150,-3.52008,0.00048,0.00118,5.78
X,151,-0.79191,0.42886,0.50656,5.74172
X,152,4.06135,6e-05,0.00018,5.70395
X,153,3.83057,0.00015,0.00041,5.66667
X,154,-2.06946,0.03911,0.063,5.62987
X,155,-4.26386,2e-05,8e-05,5.59355
X,156,0.18913,0.85008,0.88283,5.55769
X,157,-0.48405,0.6286,0.69384,5.52229
X,158,-2.12307,0.03433,0.05604,5.48734
X,159,-2.2709,0.02366,0.04036,5.45283
X,160,-7.54719,0.0,0.0,5.41875
X,161,-8.68108,0.0,0.0,5.38509
X,162,6.57804,0.0,0.0,5.35185
X,163,5.4204,0.0,0.0,5.31902
X,164,-2.62561,0.00896,0.01681,5.28659
X,165,-2.9596,0.00325,0.0067,5.25455
X,166,5.13681,0.0,0.0,5.22289
X,167,-0.88282,0.37784,0.45587,5.19162
X,168,5.2932,0.0,0.0,5.16071
X,169,7.64955,0.0,0.0,5.13018
X,170,3.33673,0.00092,0.00213,5.1
X,171,-2.71123,0.00698,0.01338,5.07018
X,172,-3.41911,0.00069,0.00164,5.0407
X,173,-2.14823,0.03226,0.05306,5.01156
X,174,0.71789,0.47322,0.54968,4.98276
X,175,1.67077,0.09551,0.13826,4.95429
X,176,-3.46531,0.00058,0.00141,4.92614
X,177,-2.29554,0.02219,0.03821,4.89831
X,178,2.96887,0.00316,0.00653,4.87079
X,179,-4.24084,3e-05,9e-05,4.84358
X,180,4.56302,1e-05,2e-05,4.81667
X,181,7.21207,0.0,0.0,4.79006
X,182,-0.20075,0.84099,0.87574,4.76374
X,183,-2.95598,0.00329,0.00677,4.7377
X,184,1.01919,0.3087,0.3847,4.71196
X,185,-4.89813,0.0,1e-05,4.68649
X,186,0.02247,0.98209,0.98692,4.66129
X,187,-4.61005,1e-05,2e-05,4.63636
X,188,-3.72318,0.00022,0.00059,4.6117
X,189,0.09222,0.92656,0.9444,4.5873
X,190,-1.48209,0.13906,0.19163,4.56316
X,191,0.0767,0.9389,0.95407,4.53927
X,192,3.38474,0.00078,0.00183,4.51562
X,193,3.50321,0.00051,0.00125,4.49223
X,194,4.61342,1e-05,2e-05,4.46907
X,195,4.34809,2e-05,6e-05,4.44615
X,196,2.68666,0.0075,0.01432,4.42347
X,197,-2.15939,0.03138,0.0518,4.40102
X,198,3.98,8e-05,0.00024,4.37879
X,199,0.31766,0.7509,0.79948,4.35678
X,200,-6.0452,0.0,0.0,4.335
X,201,-1.19212,0.23388,0.30329,4.31343
X,202,-1.83069,0.06785,0.10241,4.29208
X,203,-4.1587,4e-05,0.00012,4.27094
X,204,-7.28917,0.0,0.0,4.25
X,205,0.04317,0.96559,0.97396,4.22927
X,206,7.22656,0.0,0.0,4.20874
X,207,1.55282,0.12122,0.17025,4.18841
X,208,-5.90628,0.0,0.0,4.16827
X,209,-1.75306,0.08032,0.11881,4.14833
X,210,-4.84539,0.0,1e-05,4.12857
X,211,2.89482,0.00399,0.00806,4.109
X,212,5.41322,0.0,0.0,4.08962
X,213,2.66705,0.00795,0.01511,4.07042
X,214,1.67132,0.0954,0.13815,4.0514
X,215,-5.71267,0.0,0.0,4.03256
X,216,-0.05344,0.95741,0.96775,4.01389
X,217,-5.32732,0.0,0.0,3.99539
X,218,3.05974,0.00236,0.00501,3.97706
X,219,2.23767,0.02576,0.04349,3.9589
X,220,-4.35669,2e-05,6e-05,3.94091
X,221,-6.98919,0.0,0.0,3.92308
X,222,2.36287,0.01859,0.03246,3.90541
X,223,-2.193,0.02885,0.04803,3.88789
X,224,-3.59449,0.00036,0.00092,3.87054
X,225,4.60215,1e-05,2e-05,3.85333
X,226,-1.33576,0.18235,0.24333,3.83628
X,227,3.40312,0.00073,0.00173,3.81938
X,228,-8.11849,0.0,0.0,3.80263
X,229,6.5102,0.0,0.0,3.78603
X,230,1.17112,0.24221,0.31275,3.76957
X,231,-3.15543,0.00172,0.00376,3.75325
X,232,-4.33881,2e-05,6e-05,3.73707
X,233,-0.3252,0.74519,0.79559,3.72103
X,234,5.05664,0.0,0.0,3.70513
X,235,0.59465,0.5524,0.62582,3.68936
X,236,2.29123,0.02244,0.03861,3.67373
X,237,6.40894,0.0,0.0,3.65823
X,238,-2.15963,0.03136,0.05178,3.64286
X,239,4.79773,0.0,1e-05,3.62762
X,240,-5.19355,0.0,0.0,3.6125
X,241,2.75817,0.00607,0.01177,3.59751
X,242,-3.0685,0.00229,0.00489,3.58264
X,243,6.68964,0.0,0.0,3.5679
X,244,0.92295,0.35656,0.43519,3.55328
X,245,-7.96669,0.0,0.0,3.53878
X,246,1.23396,0.21791,0.2853,3.52439
X,247,3.61909,0.00033,0.00085,3.51012
X,248,-5.20975,0.0,0.0,3.49597
X,249,0.30119,0.76342,0.81021,3.48193
X,250,2.24097,0.02555,0.0432,3.468
X,251,-3.58871,0.00037,0.00094,3.45418
X,252,1.96756,0.04977,0.07795,3.44048
X,253,3.50519,0.00051,0.00124,3.42688
X,254,-6.46577,0.0,0.0,3.41339
X,255,1.69057,0.09166,0.13328,3.4
X,256,3.92376,0.0001,0.00029,3.38672
X,257,-5.55837,0.0,0.0,3.37354
X,258,0.67586,0.4995,0.57454,3.36047
X,259,-7.27883,0.0,0.0,3.34749
X,260,-2.63554,0.00871,0.01639,3.33462
X,261,4.62751,0.0,2e-05,3.32184
X,262,-3.63404,0.00031,0.00081,3.30916
X,263,1.51895,0.12952,0.18007,3.29658
X,264,-1.36817,0.17199,0.23136,3.28409
X,265,1.04779,0.29533,0.37124,3.2717
X,266,-5.02452,0.0,0.0,3.2594
X,267,-2.96862,0.00316,0.00653,3.24719
X,268,-2.47097,0.01387,0.02495,3.23507
X,269,-2.66407,0.00802,0.01522,3.22305
X,270,8.52893,0.0,0.0,3.21111
X,271,-0.80005,0.42413,0.50235,3.19926
X,272,-5.44597,0.0,0.0,3.1875
X,273,3.33897,0.00092,0.00212,3.17582
X,274,0.30067,0.76381,0.81055,3.16423
X,275,-2.46384,0.01414,0.02539,3.15273
X,276,2.98217,0.00303,0.00627,3.1413
X,277,4.70437,0.0,1e-05,3.12996
X,278,-6.62787,0.0,0.0,3.11871
X,279,-3.36755,0.00083,0.00193,3.10753
X,280,0.46983,0.63872,0.70246,3.09643
X,281,-6.75764,0.0,0.0,3.08541
X,282,6.05313,0.0,0.0,3.07447
X,283,-2.67017,0.00787,0.01499,3.0636
X,284,0.07457,0.94059,0.95551,3.05282
X,285,-3.62536,0.00032,0.00083,3.04211
X,286,-2.15397,0.03181,0.05237,3.03147
X,287,-2.25715,0.02451,0.04163,3.02091
X,288,-0.473,0.63646,0.70035,3.01042
X,289,2.52434,0.01196,0.02187,3.0
X,290,-4.14486,4e-05,0.00013,2.98966
X,291,6.75521,0.0,0.0,2.97938
X,292,-1.47592,0.14071,0.19365,2.96918
X,293,-3.23071,0.00133,0.00298,2.95904
X,294,-3.34822,0.00089,0.00206,2.94898
X,295,-0.9929,0.32133,0.39801,2.93898
X,296,6.10627,0.0,0.0,2.92905
X,297,4.82742,0.0,1e-05,2.91919
X,298,2.41061,0.01635,0.02894,2.9094
X,299,6.1291,0.0,0.0,2.89967
X,300,-3.97191,8e-05,0.00025,2.89
X,301,-5.94645,0.0,0.0,2.8804
X,302,2.84744,0.00462,0.00922,2.87086
X,303,-0.40745,0.68389,0.74307,2.86139
X,304,-0.25824,0.79635,0.83849,2.85197
X,305,-0.43648,0.66271,0.72399,2.84262
X,306,-2.61199,0.00932,0.01743,2.83333
X,307,3.32829,0.00095,0.00218,2.8241
X,308,1.87025,0.06214,0.09488,2.81494
X,309,-5.00158,0.0,0.0,2.80583
X,310,-0.02715,0.97836,0.98376,2.79677
X,311,6.73108,0.0,0.0,2.78778
X,312,-0.92719,0.35436,0.43292,2.77885
X,313,-5.05783,0.0,0.0,2.76997
X,314,-9.94867,0.0,0.0,2.76115
X,315,-0.67777,0.49829,0.57341,2.75238
X,316,-4.96519,0.0,0.0,2.74367
X,317,-1.48672,0.13784,0.19023,2.73502
X,318,-5.24397,0.0,0.0,2.72642
X,319,6.86147,0.0,0.0,2.71787
X,320,-4.59835,1e-05,2e-05,2.70938
X,321,-1.79188,0.07387,0.11054,2.70093
X,322,7.37505,0.0,0.0,2.69255
X,323,0.09297,0.92597,0.94418,2.68421
X,324,-2.71586,0.00688,0.01322,2.67593
X,325,-2.82868,0.0049,0.0097,2.66769
X,326,-0.09794,0.92203,0.94064,2.65951
X,327,1.90115,0.05796,0.08922,2.65138
X,328,1.87983,0.06082,0.09313,2.64329
X,329,2.74634,0.00628,0.01217,2.63526
X,330,6.20321,0.0,0.0,2.62727
X,331,3.15351,0.00173,0.00378,2.61934
X,332,2.24087,0.02555,0.0432,2.61145
X,333,-0.94876,0.34329,0.42176,2.6036
X,334,1.88015,0.06078,0.09308,2.59581
X,335,1.71194,0.08764,0.12809,2.58806
X,336,-0.58148,0.56122,0.63424,2.58036
X,337,3.65458,0.00029,0.00075,2.5727
X,338,-0.09116,0.92741,0.94492,2.56509
X,339,-6.50694,0.0,0.0,2.55752
X,340,7.14004,0.0,0.0,2.55
X,341,3.22234,0.00137,0.00306,2.54252
X,342,7.87729,0.0,0.0,2.53509
X,343,-4.69574,0.0,1e-05,2.5277
X,344,-1.15785,0.24758,0.31853,2.52035
X,345,7.06312,0.0,0.0,2.51304
X,346,-1.76181,0.07883,0.11698,2.50578
X,347,3.60827,0.00035,0.00088,2.49856
X,348,-4.68551,0.0,1e-05,2.49138
X,349,7.26738,0.0,0.0,2.48424
X,350,2.77275,0.0058,0.0113,2.47714
X,351,-0.37916,0.70476,0.76068,2.47009
X,352,-1.80378,0.07198,0.10804,2.46307
X,353,3.12444,0.0019,0.00413,2.45609
X,354,-0.82493,0.40988,0.48806,2.44915
X,355,-2.5268,0.01188,0.02174,2.44225
X,356,4.60145,1e-05,2e-05,2.43539
X,357,9.84511,0.0,0.0,2.42857
X,358,-0.00821,0.99345,0.99554,2.42179
X,359,0.80222,0.42288,0.50121,2.41504
X,360,-1.97767,0.04862,0.07642,2.40833
X,361,5.46205,0.0,0.0,2.40166
X,362,-2.96458,0.0032,0.0066,2.39503
X,363,2.65666,0.00819,0.01552,2.38843
X,364,0.11992,0.9046,0.92684,2.38187
X,365,-3.79011,0.00017,0.00047,2.37534
X,366,-8.68309,0.0,0.0,2.36885
X,367,2.05772,0.04023,0.06457,2.3624
X,368,-3.41868,0.00069,0.00164,2.35598
X,369,-7.60824,0.0,0.0,2.34959
X,370,-0.21426,0.83045,0.86683,2.34324
X,371,-4.8801,0.0,1e-05,2.33693
X,372,2.50559,0.0126,0.0229,2.33065
X,373,2.53646,0.01156,0.0212,2.3244
X,374,0.71891,0.47259,0.54927,2.31818
X,375,2.12254,0.03437,0.0561,2.312
X,376,-5.02548,0.0,0.0,2.30585
X,377,1.91176,0.05658,0.08734,2.29973
X,378,5.20724,0.0,0.0,2.29365
X,379,-3.88656,0.00012,0.00033,2.2876
X,380,4.98519,0.0,0.0,2.28158
X,381,-5.99769,0.0,0.0,2.27559
X,382,-8.84169,0.0,0.0,2.26963
X,383,3.55838,0.00042,0.00104,2.26371
X,384,3.63243,0.00032,0.00081,2.25781
X,385,1.8352,0.06718,0.10155,2.25195
X,386,-2.11602,0.03493,0.05689,2.24611
X,387,1.70164,0.08956,0.13047,2.24031
X,388,1.63797,0.10217,0.14674,2.23454
X,389,5.06079,0.0,0.0,2.22879
X,390,2.42091,0.0159,0.02822,2.22308
X,391,1.61132,0.10786,0.15368,2.21739
X,392,-5.91357,0.0,0.0,2.21173
X,393,2.32015,0.02081,0.03606,2.20611
X,394,-2.29721,0.0221,0.03806,2.20051
X,395,-0.18988,0.84949,0.88256,2.19494
X,396,-3.94756,9e-05,0.00027,2.18939
X,397,3.62097,0.00033,0.00084,2.18388
X,398,-9.19317,0.0,0.0,2.17839
X,399,2.60845,0.00942,0.01759,2.17293
X,400,0.81673,0.41455,0.4928,2.1675
X,401,3.21227,0.00142,0.00316,2.16209
X,402,-3.09822,0.00208,0.00447,2.15672
X,403,-1.44256,0.14989,0.20478,2.15136
X,404,-10.00494,0.0,0.0,2.14604
X,405,-2.12704,0.034,0.05559,2.14074
X,406,-5.32108,0.0,0.0,2.13547
X,407,-0.43682,0.66246,0.7238,2.13022
X,408,0.64052,0.52218,0.59563,2.125
X,409,5.36737,0.0,0.0,2.1198
X,410,5.33664,0.0,0.0,2.11463
X,411,-1.92287,0.05517,0.08539,2.10949
X,412,-5.21712,0.0,0.0,2.10437
X,413,1.68306,0.0931,0.13513,2.09927
X,414,4.80545,0.0,1e-05,2.0942
X,415,3.61682,0.00033,0.00085,2.08916
X,416,3.16133,0.00168,0.0037,2.08413
X,417,-1.51215,0.13124,0.18216,2.07914
X,418,6.43821,0.0,0.0,2.07416
X,419,-3.38419,0.00078,0.00183,2.06921
X,420,10.22779,0.0,0.0,2.06429
X,421,1.13601,0.2566,0.32848,2.05938
X,422,2.62405,0.009,0.01688,2.0545
X,423,7.87741,0.0,0.0,2.04965
X,424,0.75213,0.45239,0.52948,2.04481
X,425,-4.24032,3e-05,9e-05,2.04
X,426,2.67983,0.00765,0.01459,2.03521
X,427,-3.59037,0.00037,0.00093,2.03044
X,428,-0.92252,0.35678,0.43541,2.0257
X,429,3.26665,0.00118,0.00266,2.02098
X,430,-6.35258,0.0,0.0,2.01628
X,431,-3.55151,0.00043,0.00106,2.0116
X,432,-8.46325,0.0,0.0,2.00694
X,433,-0.28213,0.77798,0.82295,2.00231
