tf,confidence,target,mor
AHR,C,CYP1A1,1.0
AHR,C,CYP1A2,1.0
AHR,C,CYP1B1,1.0
AHR,C,FOS,1.0
AHR,C,MYC,1.0
AHR,C,UGT1A6,1.0
AHR,C,ASAP1,1.0
AHR,C,ERG,1.0
AHR,C,VGLL4,1.0
AHR,C,ARHGAP15,1.0
AHR,C,ARID5B,1.0
AHR,C,CREB5,1.0
AHR,C,CTNNA1,1.0
AHR,C,CTNNA2,1.0
AHR,C,DOCK4,1.0
AHR,C,EPB41L2,1.0
AHR,C,FRMD4A,1.0
AHR,C,GAS7,1.0
AHR,C,KAZN,1.0
AHR,C,KDM4C,1.0
AHR,C,LHFPL2,1.0
AHR,C,MAP4K4,1.0
AHR,C,MAST4,1.0
AHR,C,MID1,1.0
AHR,C,MYO1B,1.0
AHR,C,NCOR2,1.0
AHR,C,NFATC2,1.0
AHR,C,NRP2,1.0
AHR,C,PHACTR3,1.0
AHR,C,PLCB1,1.0
AHR,C,RAPGEF4,1.0
AHR,C,RBMS1,1.0
AHR,C,RUNX1,1.0
AHR,C,SIPA1L2,1.0
AHR,C,SLCO3A1,1.0
AHR,C,SOS1,1.0
AHR,C,SULF2,1.0
AHR,C,TRIM37,1.0
AHR,C,TRIO,1.0
AHR,C,TRPS1,1.0
AHR,C,TSHZ2,1.0
AHR,C,UTRN,1.0
AHR,C,ZNF217,1.0
AHR,C,ZNF385D,1.0
AR,A,ABCE1,1.0
AR,A,ACAD10,1.0
AR,A,ACP3,1.0
AR,A,AHSG,1.0
AR,A,AKR1B1,1.0
AR,A,AKR1C3,-1.0
AR,A,AKT1,1.0
AR,A,ALPG,1.0
AR,A,ANAPC10,1.0
AR,A,AP2M1,1.0
AR,A,APPBP2,1.0
AR,A,ATF6,1.0
AR,A,ATM,1.0
AR,A,ATP2B4,1.0
AR,A,BABAM2,1.0
AR,A,BANF1,1.0
AR,A,BTD,1.0
AR,A,C1orf21,1.0
AR,A,CCNG2,1.0
AR,A,CD4,1.0
AR,A,CDC6,1.0
AR,A,CDH2,1.0
AR,A,CDKL5,1.0
AR,A,CDKN1A,1.0
AR,A,CITED2,1.0
AR,A,COASY,1.0
AR,A,CPT2,1.0
AR,A,CRISP1,1.0
AR,A,CYCS,1.0
AR,A,DBI,1.0
AR,A,DDC,1.0
AR,A,DDT,1.0
AR,A,DHX15,1.0
AR,A,EEF1AKMT3,1.0
AR,A,EGFR,1.0
AR,A,EIF3I,1.0
AR,A,ELF3,1.0
AR,A,ERBB3,1.0
AR,A,ESRRA,1.0
AR,A,EYA2,1.0
AR,A,FAM13A,1.0
AR,A,FAM174B,1.0
AR,A,FKBP5,1.0
AR,A,FOXA1,1.0
AR,A,FXYD3,1.0
AR,A,GLRX,1.0
AR,A,GNL1,1.0
AR,A,GRB10,1.0
AR,A,GTF2F1,1.0
AR,A,H2BC21,1.0
AR,A,HES1,1.0
AR,A,HK2,1.0
AR,A,HLA-E,1.0
AR,A,HNRNPA1,1.0
AR,A,HSD17B11,1.0
AR,A,IFI35,1.0
AR,A,IGF1R,1.0
AR,A,IGFBP3,1.0
AR,A,IGHG1,1.0
AR,A,IL1R1,1.0
AR,A,JUN,1.0
AR,A,KCNH2,1.0
AR,A,KIAA1217,-1.0
AR,A,KLF5,1.0
AR,A,KLK2,1.0
AR,A,KLK3,1.0
AR,A,KLK4,1.0
AR,A,KRT18,1.0
AR,A,KRT8,1.0
AR,A,LIFR,1.0
AR,A,LOC440157,1.0
AR,A,MED1,1.0
AR,A,MMP13,1.0
AR,A,MRPS27,1.0
AR,A,MT2A,1.0
AR,A,MUC1,-1.0
AR,A,MYC,1.0
AR,A,NCOA2,-1.0
AR,A,NDRG1,1.0
AR,A,NKX3-1,1.0
AR,A,NLGN4X,1.0
AR,A,NME7,1.0
AR,A,NPAT,1.0
AR,A,NPEPPS,1.0
AR,A,NUP214,1.0
AR,A,ORM1,1.0
AR,A,ORM2,1.0
AR,A,PEX6,1.0
AR,A,PGC,1.0
AR,A,PIGR,1.0
AR,A,PIN1,1.0
AR,A,PMAIP1,1.0
AR,A,PMEPA1,1.0
AR,A,PNPLA4,1.0
AR,A,PNRC1,1.0
AR,A,PPP2R5D,1.0
AR,A,PRAME,1.0
AR,A,PRKCD,1.0
AR,A,PRPS1,1.0
AR,A,PTGS2,-1.0
AR,A,PTPN9,1.0
AR,A,PTPRM,1.0
AR,A,QSOX1,1.0
AR,A,RBMX,1.0
AR,A,RBPMS,1.0
AR,A,RELA,-1.0
AR,A,RNASE4,1.0
AR,A,SCAP,1.0
AR,A,SCNN1A,1.0
AR,A,SDF2,1.0
AR,A,SERPINB5,-1.0
AR,A,SERPINI1,1.0
AR,A,SLC25A11,1.0
AR,A,SMARCA2,1.0
AR,A,SMS,1.0
AR,A,SNAI2,1.0
AR,A,SORD,1.0
AR,A,SOX4,1.0
AR,A,SPDEF,1.0
AR,A,STK39,1.0
AR,A,STXBP2,1.0
AR,A,SUOX,1.0
AR,A,SUSD6,1.0
AR,A,TESK1,1.0
AR,A,THRA,1.0
AR,A,TMPRSS2,1.0
AR,A,TNFRSF1A,1.0
AR,A,TRPS1,1.0
AR,A,UBC,1.0
AR,A,UBE2D3,1.0
AR,A,UGT2B15,1.0
AR,A,VAPA,1.0
AR,A,VEGFA,1.0
AR,A,XPA,1.0
AR,A,ZBTB16,1.0
AR,A,ZCCHC9,1.0
AR,A,ZFHX4,1.0
AR,A,ZNF559,1.0
ARID2,C,AGTPBP1,1.0
ARID2,C,ATXN7,1.0
ARID2,C,BAZ2A,1.0
ARID2,C,BBX,1.0
ARID2,C,CACUL1,1.0
ARID2,C,CDK17,1.0
ARID2,C,CHD2,1.0
ARID2,C,CHD9,1.0
ARID2,C,CPSF6,1.0
ARID2,C,FOXJ3,1.0
ARID2,C,HNRNPH1,1.0
ARID2,C,HNRNPL,1.0
ARID2,C,JMJD1C,1.0
ARID2,C,LRP6,1.0
ARID2,C,MAP4K5,1.0
ARID2,C,MLLT10,1.0
ARID2,C,MSI2,1.0
ARID2,C,NCOA2,1.0
ARID2,C,NFAT5,1.0
ARID2,C,PAWR,1.0
ARID2,C,RBPJ,1.0
ARID2,C,RCOR3,1.0
ARID2,C,SIAH1,1.0
ARID2,C,SOS1,1.0
ARID2,C,TIAL1,1.0
ARID2,C,TNPO1,1.0
ARID2,C,USP3,1.0
ARID2,C,WAC,1.0
ARID2,C,ZCCHC2,1.0
ARID2,C,ZNF131,1.0
ARID3A,C,IGHV1-69,1.0
ARID3A,C,IGHV3-23,1.0
ARID3A,C,ACKR2,1.0
ARID3A,C,BAZ2A,1.0
ARID3A,C,BCAT1,1.0
ARID3A,C,CCR7,1.0
ARID3A,C,CIC,1.0
ARID3A,C,CYTH1,1.0
ARID3A,C,DDIT4,1.0
ARID3A,C,DENND3,1.0
ARID3A,C,ERN1,1.0
ARID3A,C,FOXK1,1.0
ARID3A,C,GAB2,1.0
ARID3A,C,GRK6,1.0
ARID3A,C,KCNAB2,1.0
ARID3A,C,MKNK2,1.0
ARID3A,C,MNT,1.0
ARID3A,C,PLIN2,1.0
ARID3A,C,PTK2B,1.0
ARID3A,C,SEC14L1,1.0
ARID3A,C,ST3GAL1,1.0
ARID3A,C,STK10,1.0
ARID3A,C,TGIF1,1.0
ARID3A,C,ZBTB7B,1.0
ARID3A,C,ZC3H3,1.0
ARNT,C,BHLHE40,1.0
ARNT,C,CYP1B1,1.0
ARNT,C,EPO,1.0
ARNT,C,LDHA,1.0
ARNT,C,UGT1A6,1.0
ARNT,C,VEGFA,1.0
ARNT,C,ANGPT1,1.0
ARNT,C,ESR1,1.0
ARNT,C,AFF1,1.0
ARNT,C,ALDOA,1.0
ARNT,C,ANK3,1.0
ARNT,C,ARID1B,1.0
ARNT,C,ARID5B,1.0
ARNT,C,ASAP1,1.0
ARNT,C,CDH4,1.0
ARNT,C,CTNNA2,1.0
ARNT,C,DAAM1,1.0
ARNT,C,DOCK1,1.0
ARNT,C,DOCK4,1.0
ARNT,C,DST,1.0
ARNT,C,DYNC2H1,1.0
ARNT,C,EIF3H,1.0
ARNT,C,ENO1,1.0
ARNT,C,ERC1,1.0
ARNT,C,EXOC6B,1.0
ARNT,C,FNDC3B,1.0
ARNT,C,GLI3,1.0
ARNT,C,GTDC1,1.0
ARNT,C,IQSEC1,1.0
ARNT,C,LPP,1.0
ARNT,C,MACROD2,1.0
ARNT,C,MED13L,1.0
ARNT,C,MID1,1.0
ARNT,C,NBEA,1.0
ARNT,C,NFASC,1.0
ARNT,C,NFIA,1.0
ARNT,C,NLGN1,1.0
ARNT,C,PIP4K2A,1.0
ARNT,C,PTK2,1.0
ARNT,C,PTPRD,1.0
ARNT,C,PTPRR,1.0
ARNT,C,RBMS1,1.0
ARNT,C,RBMS3,1.0
ARNT,C,RBPJ,1.0
ARNT,C,RREB1,1.0
ARNT,C,SLC22A23,1.0
ARNT,C,SORL1,1.0
ARNT,C,SOX5,1.0
ARNT,C,SPAG9,1.0
ARNT,C,SPOCK1,1.0
ARNT,C,TBC1D5,1.0
ARNT,C,TCF12,1.0
ARNT,C,TCF4,1.0
ARNT,C,TENM2,1.0
ARNT,C,TFRC,1.0
ARNT,C,THSD7A,1.0
ARNT,C,TRIO,1.0
ARNT,C,TTLL5,1.0
ARNT,C,UVRAG,1.0
ARNT,C,VGLL4,1.0
ARNT,C,VPS13B,1.0
ARNT,C,VPS13D,1.0
ARNT,C,WSCD1,1.0
ARNTL,A,AVP,1.0
ARNTL,A,BHLHE40,1.0
ARNTL,A,CRY1,1.0
ARNTL,A,CRY2,1.0
ARNTL,A,DBP,1.0
ARNTL,A,NR1D1,1.0
ARNTL,A,NR1D2,1.0
ARNTL,A,PER1,1.0
ARNTL,A,PER2,1.0
ARNTL,A,PER3,1.0
ASCL1,C,PCSK6,-1.0
ASCL1,C,ADCY5,1.0
ASCL1,C,ADGRG1,1.0
ASCL1,C,AGBL4,1.0
ASCL1,C,ANK1,1.0
ASCL1,C,ARHGEF10L,1.0
ASCL1,C,ATP11A,1.0
ASCL1,C,BAHCC1,1.0
ASCL1,C,CCDC57,1.0
ASCL1,C,CCDC88B,1.0
ASCL1,C,CCDC88C,1.0
ASCL1,C,CCNY,1.0
ASCL1,C,CHRNB4,1.0
ASCL1,C,CPLX2,1.0
ASCL1,C,DLGAP4,1.0
ASCL1,C,FAM13A,1.0
ASCL1,C,FARP1,1.0
ASCL1,C,FHL2,1.0
ASCL1,C,GOLM1,1.0
ASCL1,C,HPCAL1,1.0
ASCL1,C,IQSEC1,1.0
ASCL1,C,KALRN,1.0
ASCL1,C,LFNG,1.0
ASCL1,C,LGR6,1.0
ASCL1,C,MPRIP,1.0
ASCL1,C,MYO7A,1.0
ASCL1,C,NCOR2,1.0
ASCL1,C,NIBAN2,1.0
ASCL1,C,NOL4L,1.0
ASCL1,C,PGS1,1.0
ASCL1,C,PKP1,1.0
ASCL1,C,PLA2G6,1.0
ASCL1,C,PLXNA2,1.0
ASCL1,C,PPM1H,1.0
ASCL1,C,PTPRD,1.0
ASCL1,C,PTPRT,1.0
ASCL1,C,RBFOX3,1.0
ASCL1,C,RNF165,1.0
ASCL1,C,RUNX1,1.0
ASCL1,C,SMPD3,1.0
ASCL1,C,SPOCK1,1.0
ASCL1,C,ST18,1.0
ASCL1,C,TACC2,1.0
ASCL1,C,TCF20,1.0
ASCL1,C,TIAM1,1.0
ASCL1,C,TLE5,1.0
ASCL1,C,TMEM132D,1.0
ASCL1,C,TMEM163,1.0
ASCL1,C,TNR,1.0
ASCL1,C,TP73,1.0
ASCL1,C,TRIO,1.0
ASCL1,C,VAV2,1.0
ASCL1,C,WSCD1,1.0
ASCL1,C,ZDHHC14,1.0
ATF1,A,BCL2,1.0
ATF1,A,CCNA1,-1.0
ATF1,A,CFTR,1.0
ATF1,A,CGA,1.0
ATF1,A,CIITA,1.0
ATF1,A,CYP11B1,1.0
ATF1,A,CYP11B2,1.0
ATF1,A,ERBB2,1.0
ATF1,A,FLT1,1.0
ATF1,A,IL10,1.0
ATF1,A,LDHA,1.0
ATF1,A,MAP1LC3B,1.0
ATF1,A,NTS,1.0
ATF1,A,PCSK1,1.0
ATF1,A,PLAUR,1.0
ATF1,A,SLC20A1,1.0
ATF1,A,TGFB2,1.0
ATF1,A,TH,1.0
ATF1,A,TOP2A,1.0
ATF1,A,UGT8,1.0
ATF2,A,APOC3,1.0
ATF2,A,ATF3,1.0
ATF2,A,CCND1,1.0
ATF2,A,CDKN1A,1.0
ATF2,A,CYP11B1,1.0
ATF2,A,CYP11B2,1.0
ATF2,A,DUSP1,1.0
ATF2,A,FN1,1.0
ATF2,A,FOS,1.0
ATF2,A,IFNB1,1.0
ATF2,A,IFNG,1.0
ATF2,A,IMPDH2,1.0
ATF2,A,INS,1.0
ATF2,A,JUN,1.0
ATF2,A,MMP2,1.0
ATF2,A,NOS3,-1.0
ATF2,A,NR4A2,1.0
ATF2,A,PCK1,1.0
ATF2,A,PCK2,1.0
ATF2,A,PLAT,1.0
ATF2,A,PTGS2,1.0
ATF2,A,RB1,1.0
ATF2,A,TGFB2,-1.0
ATF2,A,TNF,1.0
ATF3,C,ASNS,1.0
ATF3,C,CCL5,-1.0
ATF3,C,DDIT3,1.0
ATF3,C,GCLC,-1.0
ATF3,C,GDF15,1.0
ATF3,C,ID1,-1.0
ATF3,C,LDLR,-1.0
ATF3,C,SELE,-1.0
ATF3,C,STAT3,-1.0
ATF3,C,AKAP13,-1.0
ATF3,C,ANXA1,-1.0
ATF3,C,BHLHE40,-1.0
ATF3,C,COA7,-1.0
ATF3,C,CREB5,-1.0
ATF3,C,CYRIB,-1.0
ATF3,C,ETS2,-1.0
ATF3,C,GLIS3,-1.0
ATF3,C,GNA12,-1.0
ATF3,C,HSPB1,-1.0
ATF3,C,KDM4C,-1.0
ATF3,C,KDM6B,-1.0
ATF3,C,KLF6,-1.0
ATF3,C,MAPKAP1,-1.0
ATF3,C,MAPRE2,-1.0
ATF3,C,MED15,-1.0
ATF3,C,MIDEAS,-1.0
ATF3,C,MYO18A,-1.0
ATF3,C,NFIA,-1.0
ATF3,C,PCBP1,-1.0
ATF3,C,PDE4B,-1.0
ATF3,C,PER1,-1.0
ATF3,C,PRPF31,-1.0
ATF3,C,PTP4A1,-1.0
ATF3,C,RAD9A,-1.0
ATF3,C,RCAN1,-1.0
ATF3,C,RUNX1,-1.0
ATF3,C,SMOX,-1.0
ATF3,C,SND1,-1.0
ATF3,C,SPAG9,-1.0
ATF3,C,SPRED2,-1.0
ATF3,C,SREBF1,-1.0
ATF3,C,SYTL2,-1.0
ATF3,C,TOM1L2,-1.0
ATF3,C,TRIB1,-1.0
ATF3,C,TSC22D2,-1.0
ATF3,C,UBC,-1.0
ATF3,C,VGLL4,-1.0
ATF3,C,VMP1,-1.0
ATF3,C,ZBTB20,-1.0
ATF3,C,ZFP36L1,-1.0
ATF4,A,ASNS,1.0
ATF4,A,ATF3,1.0
ATF4,A,CEBPB,1.0
ATF4,A,CHAC1,1.0
ATF4,A,CXCL8,1.0
ATF4,A,DDIT3,1.0
ATF4,A,DDIT4,1.0
ATF4,A,DDR2,1.0
ATF4,A,DISC1,1.0
ATF4,A,FGF21,1.0
ATF4,A,HRK,1.0
ATF4,A,MCL1,1.0
ATF4,A,NUPR1,1.0
ATF4,A,PTGS2,1.0
ATF4,A,TRIB3,1.0
ATF4,A,VEGFA,1.0
ATF6,A,ATP2A2,1.0
ATF6,A,CALR,1.0
ATF6,A,DDIT3,1.0
ATF6,A,DNAJC3,1.0
ATF6,A,HSP90B1,1.0
ATF6,A,HSPA5,1.0
ATF6,A,RTN3,1.0
ATF6,A,SEL1L,1.0
ATF6,A,SRF,1.0
ATF6,A,XBP1,1.0
ATF7,C,ARID1A,1.0
ATF7,C,ARID1B,1.0
ATF7,C,CMIP,1.0
ATF7,C,CREB3L2,1.0
ATF7,C,CREBBP,1.0
ATF7,C,DEPDC5,1.0
ATF7,C,DST,1.0
ATF7,C,EML2,1.0
ATF7,C,EXOC4,1.0
ATF7,C,FAAP20,1.0
ATF7,C,FAM122C,1.0
ATF7,C,IGF1,1.0
ATF7,C,KANSL1,1.0
ATF7,C,KDM4C,1.0
ATF7,C,KPNA6,1.0
ATF7,C,MOV10L1,1.0
ATF7,C,MSI2,1.0
ATF7,C,NFIA,1.0
ATF7,C,PHF21A,1.0
ATF7,C,PTPRS,1.0
ATF7,C,SND1,1.0
ATF7,C,TCF12,1.0
ATF7,C,TEAD1,1.0
ATF7,C,TNRC6B,1.0
ATF7,C,TP53BP1,1.0
ATF7,C,UBE2H,1.0
ATF7,C,XPO7,1.0
ATF7,C,ZFP36L1,1.0
BACH1,B,HMOX1,-1.0
BACH1,B,AFG3L1P,1.0
BACH1,B,ALDOA,1.0
BACH1,B,ASAP1,1.0
BACH1,B,BICDL1,1.0
BACH1,B,CDK6,1.0
BACH1,B,CLIP4,1.0
BACH1,B,DPH6,1.0
BACH1,B,GCLC,1.0
BACH1,B,IFRD1,1.0
BACH1,B,KCTD20,1.0
BACH1,B,LBR,1.0
BACH1,B,MAFG,1.0
BACH1,B,MAPT,1.0
BACH1,B,ME1,1.0
BACH1,B,MSANTD3,1.0
BACH1,B,NQO2,1.0
BACH1,B,PHLDA2,1.0
BACH1,B,PIK3CD,1.0
BACH1,B,PSAP,1.0
BACH1,B,RFFL,1.0
BACH1,B,SLC48A1,1.0
BACH1,B,SLC7A11,1.0
BACH1,B,SLX4IP,1.0
BACH1,B,SMARCA4,1.0
BACH1,B,SQSTM1,1.0
BACH1,B,SSC4D,1.0
BACH1,B,SYNJ2,1.0
BACH1,B,TNFAIP2,1.0
BACH1,B,TRIM56,1.0
BACH2,C,IL2,1.0
BACH2,C,RIPOR2,1.0
BACH2,C,AP1B1,1.0
BACH2,C,ARHGEF3,1.0
BACH2,C,COQ8B,1.0
BACH2,C,DAAM1,1.0
BACH2,C,EGLN3,1.0
BACH2,C,EPS15L1,1.0
BACH2,C,ERCC1,1.0
BACH2,C,ETS1,1.0
BACH2,C,FOXO3,1.0
BACH2,C,FOXP1,1.0
BACH2,C,GSTP1,1.0
BACH2,C,HIVEP2,1.0
BACH2,C,IFRD1,1.0
BACH2,C,ITPKB,1.0
BACH2,C,JMJD1C,1.0
BACH2,C,KCTD20,1.0
BACH2,C,KLHL21,1.0
BACH2,C,LBR,1.0
BACH2,C,LRRK2,1.0
BACH2,C,MAFG,1.0
BACH2,C,MGAT5,1.0
BACH2,C,MYBPC1,1.0
BACH2,C,OSBPL10,1.0
BACH2,C,PLXND1,1.0
BACH2,C,PRDM10,1.0
BACH2,C,PRDM2,1.0
BACH2,C,PSAP,1.0
BACH2,C,PURB,1.0
BACH2,C,RASAL3,1.0
BACH2,C,RASSF2,1.0
BACH2,C,RFFL,1.0
BACH2,C,RGS3,1.0
BACH2,C,RP1,1.0
BACH2,C,SEMA4D,1.0
BACH2,C,SIAH2,1.0
BACH2,C,SLC16A6,1.0
BACH2,C,SLC6A6,1.0
BACH2,C,SLC7A7,1.0
BACH2,C,SNX25,1.0
BACH2,C,SQSTM1,1.0
BACH2,C,SWAP70,1.0
BACH2,C,TBK1,1.0
BACH2,C,TCF4,1.0
BACH2,C,TEX19,1.0
BACH2,C,TMSB4X,1.0
BACH2,C,TNFSF9,1.0
BACH2,C,TUBA4A,1.0
BACH2,C,TXLNB,1.0
BACH2,C,ZHX2,1.0
BATF,C,TNFRSF8,1.0
BATF,C,APBB1IP,1.0
BATF,C,ARHGAP25,1.0
BATF,C,CACNB4,1.0
BATF,C,CCR7,1.0
BATF,C,CTSC,1.0
BATF,C,CYRIB,1.0
BATF,C,DENND1A,1.0
BATF,C,DMD,1.0
BATF,C,DOCK2,1.0
BATF,C,ELF1,1.0
BATF,C,FGGY,1.0
BATF,C,GSAP,1.0
BATF,C,IER5,1.0
BATF,C,IKZF1,1.0
BATF,C,IKZF3,1.0
BATF,C,IL1R1,1.0
BATF,C,IL1R2,1.0
BATF,C,KCNMA1,1.0
BATF,C,LAMC1,1.0
BATF,C,LAPTM5,1.0
BATF,C,MAP3K5,1.0
BATF,C,NABP1,1.0
BATF,C,NCOA1,1.0
BATF,C,NEK6,1.0
BATF,C,NFKB1,1.0
BATF,C,NRCAM,1.0
BATF,C,PIK3AP1,1.0
BATF,C,PIK3R5,1.0
BATF,C,PITPNC1,1.0
BATF,C,PRKCB,1.0
BATF,C,PRKCH,1.0
BATF,C,PTPN2,1.0
BATF,C,RABGAP1L,1.0
BATF,C,RAPGEF1,1.0
BATF,C,RBM47,1.0
BATF,C,RHOH,1.0
BATF,C,RIN3,1.0
BATF,C,RIPOR2,1.0
BATF,C,RUNX1,1.0
BATF,C,SAMSN1,1.0
BATF,C,SLAMF1,1.0
BATF,C,ST3GAL1,1.0
BATF,C,ST6GAL1,1.0
BATF,C,ST7,1.0
BATF,C,STK10,1.0
BATF,C,TBXAS1,1.0
BATF,C,TRIM2,1.0
BATF,C,VOPP1,1.0
BCL11A,C,AMPD3,1.0
BCL11A,C,CACNA1E,1.0
BCL11A,C,CCDC88C,1.0
BCL11A,C,CDYL,1.0
BCL11A,C,CNTNAP2,1.0
BCL11A,C,DTNB,1.0
BCL11A,C,ELMO1,1.0
BCL11A,C,EPHB1,1.0
BCL11A,C,ETV6,1.0
BCL11A,C,GDI2,1.0
BCL11A,C,GPR15,1.0
BCL11A,C,IGF1R,1.0
BCL11A,C,JARID2,1.0
BCL11A,C,KDM2B,1.0
BCL11A,C,KLHL6,1.0
BCL11A,C,LCP1,1.0
BCL11A,C,MAP3K8,1.0
BCL11A,C,NFIC,1.0
BCL11A,C,OBSCN,1.0
BCL11A,C,PARP15,1.0
BCL11A,C,PAX5,1.0
BCL11A,C,PDE1C,1.0
BCL11A,C,PIK3AP1,1.0
BCL11A,C,PPP2R5C,1.0
BCL11A,C,PRKCB,1.0
BCL11A,C,RUNX3,1.0
BCL11A,C,SLC12A8,1.0
BCL11A,C,SORL1,1.0
BCL11A,C,SP140,1.0
BCL11A,C,SYNE2,1.0
BCL11A,C,TBC1D4,1.0
BCL11A,C,TLE4,1.0
BCL11A,C,TRAK1,1.0
BCL11A,C,ZMIZ1,1.0
BCL11A,C,ZMYND8,1.0
BCL11A,C,ZNF365,1.0
BCL6,C,CCND2,-1.0
BCL6,C,HDAC7,-1.0
BCL6,C,IRF4,-1.0
BCL6,C,LITAF,-1.0
BCL6,C,PRDM1,-1.0
BCL6,C,FOXO3,-1.0
BCL6,C,AHRR,-1.0
BCL6,C,ANK3,-1.0
BCL6,C,ARHGAP26,-1.0
BCL6,C,ARID5B,-1.0
BCL6,C,BRD4,-1.0
BCL6,C,CABIN1,-1.0
BCL6,C,CBFA2T3,-1.0
BCL6,C,CCND3,-1.0
BCL6,C,CFLAR,-1.0
BCL6,C,DENND3,-1.0
BCL6,C,DUSP22,-1.0
BCL6,C,EIPR1,-1.0
BCL6,C,GFOD1,-1.0
BCL6,C,GMDS,-1.0
BCL6,C,GPCPD1,-1.0
BCL6,C,HDAC4,-1.0
BCL6,C,IL4R,-1.0
BCL6,C,JADE1,-1.0
BCL6,C,LDLR,-1.0
BCL6,C,LPP,-1.0
BCL6,C,MAP3K8,-1.0
BCL6,C,MAPKAPK3,-1.0
BCL6,C,NCOA7,-1.0
BCL6,C,OSBPL10,-1.0
BCL6,C,PLCG2,-1.0
BCL6,C,RHOQ,-1.0
BCL6,C,RNF213,-1.0
BCL6,C,SEMA4B,-1.0
BCL6,C,SLA,-1.0
BCL6,C,ST3GAL1,-1.0
BCL6,C,SYNE2,-1.0
BCL6,C,SYPL1,-1.0
BCL6,C,TCF3,-1.0
BCL6,C,TLE3,-1.0
BCL6,C,TNK2,-1.0
BCL6,C,TNS3,-1.0
BCL6,C,TPM4,-1.0
BCL6,C,UBALD2,-1.0
BCL6,C,UMODL1,-1.0
BCL6,C,ZFAT,-1.0
BHLHE22,C,ADAM33,-1.0
BHLHE22,C,ADGRA2,-1.0
BHLHE22,C,AEBP1,-1.0
BHLHE22,C,ALDH1A2,-1.0
BHLHE22,C,AP3D1,-1.0
BHLHE22,C,ARSB,-1.0
BHLHE22,C,BAZ2A,-1.0
BHLHE22,C,CDYL,-1.0
BHLHE22,C,ELF4,-1.0
BHLHE22,C,GAS7,-1.0
BHLHE22,C,IGF1R,-1.0
BHLHE22,C,KCNN3,-1.0
BHLHE22,C,LSP1,-1.0
BHLHE22,C,MYLK,-1.0
BHLHE22,C,PACS1,-1.0
BHLHE22,C,PCDHGC3,-1.0
BHLHE22,C,PLCL2,-1.0
BHLHE22,C,PTPRJ,-1.0
BHLHE22,C,SH3KBP1,-1.0
BHLHE22,C,SPON2,-1.0
BHLHE22,C,SYNE2,-1.0
BHLHE40,C,NR4A1,-1.0
BHLHE40,C,ABCC1,-1.0
BHLHE40,C,ACAP3,-1.0
BHLHE40,C,ACTB,-1.0
BHLHE40,C,ANKRD11,-1.0
BHLHE40,C,ARHGEF3,-1.0
BHLHE40,C,BCL3,-1.0
BHLHE40,C,BCOR,-1.0
BHLHE40,C,CCDC57,-1.0
BHLHE40,C,CD83,-1.0
BHLHE40,C,CDKN1A,-1.0
BHLHE40,C,CREB5,-1.0
BHLHE40,C,CSK,-1.0
BHLHE40,C,CTTN,-1.0
BHLHE40,C,CUX1,-1.0
BHLHE40,C,DLGAP1,-1.0
BHLHE40,C,EGLN3,-1.0
BHLHE40,C,FKBP5,-1.0
BHLHE40,C,FLNB,-1.0
BHLHE40,C,GDF15,-1.0
BHLHE40,C,GFOD1,-1.0
BHLHE40,C,GNA12,-1.0
BHLHE40,C,HES1,-1.0
BHLHE40,C,ID2,-1.0
BHLHE40,C,IRF2BP2,-1.0
BHLHE40,C,JMJD1C,-1.0
BHLHE40,C,LDLR,-1.0
BHLHE40,C,MAP2K3,-1.0
BHLHE40,C,MICAL3,-1.0
BHLHE40,C,MIDEAS,-1.0
BHLHE40,C,NEMP1,-1.0
BHLHE40,C,NR1D1,-1.0
BHLHE40,C,PARVB,-1.0
BHLHE40,C,PFKFB3,-1.0
BHLHE40,C,PIM1,-1.0
BHLHE40,C,PLEC,-1.0
BHLHE40,C,RALGDS,-1.0
BHLHE40,C,RARA,-1.0
BHLHE40,C,RASSF5,-1.0
BHLHE40,C,RGS9,-1.0
BHLHE40,C,SEMA4B,-1.0
BHLHE40,C,SH3BP2,-1.0
BHLHE40,C,SLC16A3,-1.0
BHLHE40,C,SLC37A1,-1.0
BHLHE40,C,SLC7A5,-1.0
BHLHE40,C,SMAD7,-1.0
BHLHE40,C,SNAP47,-1.0
BHLHE40,C,SRC,-1.0
BHLHE40,C,SRCIN1,-1.0
BHLHE40,C,SUB1,-1.0
BHLHE40,C,SYNJ2,-1.0
BHLHE40,C,TLE3,-1.0
BHLHE40,C,TNFSF9,-1.0
BHLHE40,C,TRAPPC9,-1.0
BHLHE40,C,UBE2D3,-1.0
BHLHE40,C,VGLL4,-1.0
BHLHE40,C,XXYLT1,-1.0
BHLHE40,C,ZFP36L1,-1.0
CDX2,A,ABCB1,1.0
CDX2,A,AXIN2,1.0
CDX2,A,CDH17,1.0
CDX2,A,CFTR,1.0
CDX2,A,DSC2,1.0
CDX2,A,GUCY2C,1.0
CDX2,A,KLF4,1.0
CDX2,A,LCT,1.0
CDX2,A,MEP1A,1.0
CDX2,A,MUC2,1.0
CDX2,A,REG4,1.0
CDX2,A,SI,1.0
CDX2,A,SLC15A1,1.0
CDX2,A,SLC9A2,1.0
CDX2,A,SLC9A3,1.0
CDX2,A,UGT1A10,1.0
CDX2,A,UGT1A8,1.0
CEBPA,A,ABCB1,1.0
CEBPA,A,ABCC1,1.0
CEBPA,A,ACACA,1.0
CEBPA,A,ACACB,1.0
CEBPA,A,ACE,1.0
CEBPA,A,ADH1B,1.0
CEBPA,A,AEBP1,1.0
CEBPA,A,AFP,1.0
CEBPA,A,AGT,1.0
CEBPA,A,AGXT,1.0
CEBPA,A,ALB,1.0
CEBPA,A,ALOX5AP,1.0
CEBPA,A,APBB1IP,1.0
CEBPA,A,APOA1,1.0
CEBPA,A,APOB,1.0
CEBPA,A,APOC3,1.0
CEBPA,A,BCL2,1.0
CEBPA,A,C8orf76,1.0
CEBPA,A,CCNB1,1.0
CEBPA,A,CCND1,1.0
CEBPA,A,CCNE1,1.0
CEBPA,A,CDH13,1.0
CEBPA,A,CDK2,1.0
CEBPA,A,CDKN1A,1.0
CEBPA,A,CES1,1.0
CEBPA,A,CETP,1.0
CEBPA,A,CFTR,1.0
CEBPA,A,COMT,1.0
CEBPA,A,CPS1,1.0
CEBPA,A,CREB1,1.0
CEBPA,A,CRMP1,1.0
CEBPA,A,CSF1,1.0
CEBPA,A,CSF3R,1.0
CEBPA,A,CSN2,1.0
CEBPA,A,CSRP1,1.0
CEBPA,A,CXCL8,1.0
CEBPA,A,CXCR2,1.0
CEBPA,A,CYP3A4,1.0
CEBPA,A,CYP3A7,1.0
CEBPA,A,DEFA3,1.0
CEBPA,A,E2F2,1.0
CEBPA,A,E2F3,1.0
CEBPA,A,EDN1,1.0
CEBPA,A,EHHADH,1.0
CEBPA,A,ELANE,1.0
CEBPA,A,ELN,1.0
CEBPA,A,ENPP3,1.0
CEBPA,A,EPO,1.0
CEBPA,A,EPX,1.0
CEBPA,A,F3,1.0
CEBPA,A,F9,1.0
CEBPA,A,FAS,1.0
CEBPA,A,FASN,1.0
CEBPA,A,FGA,1.0
CEBPA,A,FGL2,1.0
CEBPA,A,FN1,1.0
CEBPA,A,FOXA2,1.0
CEBPA,A,GADD45A,1.0
CEBPA,A,GAPDH,1.0
CEBPA,A,GDNF,1.0
CEBPA,A,GLS2,1.0
CEBPA,A,GPX4,1.0
CEBPA,A,GSK3A,1.0
CEBPA,A,GSK3B,1.0
CEBPA,A,GUCY2C,1.0
CEBPA,A,HAMP,1.0
CEBPA,A,HMGB1,1.0
CEBPA,A,HNF4A,1.0
CEBPA,A,HOMER3,1.0
CEBPA,A,HP,1.0
CEBPA,A,HPX,1.0
CEBPA,A,HSD17B11,1.0
CEBPA,A,HSPA4,1.0
CEBPA,A,ICAM1,1.0
CEBPA,A,ID1,1.0
CEBPA,A,IGF1,1.0
CEBPA,A,IGF2,1.0
CEBPA,A,IGFBP1,1.0
CEBPA,A,IL10,1.0
CEBPA,A,IL12B,1.0
CEBPA,A,IL1A,1.0
CEBPA,A,IL3,1.0
CEBPA,A,IL4,1.0
CEBPA,A,IL5,1.0
CEBPA,A,IL6,1.0
CEBPA,A,INSR,1.0
CEBPA,A,IRS1,1.0
CEBPA,A,ITGA2,1.0
CEBPA,A,ITGAL,1.0
CEBPA,A,ITGAX,1.0
CEBPA,A,ITGB2,1.0
CEBPA,A,KAT7,1.0
CEBPA,A,KCNH8,1.0
CEBPA,A,KCNMA1,1.0
CEBPA,A,LBP,1.0
CEBPA,A,LDLR,1.0
CEBPA,A,LEP,1.0
CEBPA,A,LIPC,1.0
CEBPA,A,LTF,1.0
CEBPA,A,MAD1L1,1.0
CEBPA,A,MAT2A,1.0
CEBPA,A,MME,1.0
CEBPA,A,MMP11,1.0
CEBPA,A,MSR1,1.0
CEBPA,A,MYBL1,1.0
CEBPA,A,MYC,-1.0
CEBPA,A,NFYA,1.0
CEBPA,A,NFYC,1.0
CEBPA,A,NR5A1,1.0
CEBPA,A,PCK1,1.0
CEBPA,A,PCK2,1.0
CEBPA,A,PCNA,1.0
CEBPA,A,PER2,1.0
CEBPA,A,PPARG,1.0
CEBPA,A,PTGS2,1.0
CEBPA,A,RB1,1.0
CEBPA,A,RNASE2,1.0
CEBPA,A,S100A9,1.0
CEBPA,A,SAA1,1.0
CEBPA,A,SCD,1.0
CEBPA,A,SERPINC1,1.0
CEBPA,A,SFTPD,1.0
CEBPA,A,SLC10A1,1.0
CEBPA,A,SLC9A1,1.0
CEBPA,A,SMYD2,1.0
CEBPA,A,SOCS3,1.0
CEBPA,A,SOD1,1.0
CEBPA,A,SP1,1.0
CEBPA,A,SPI1,1.0
CEBPA,A,SPIDR,1.0
CEBPA,A,SPP1,1.0
CEBPA,A,SREBF1,1.0
CEBPA,A,SREBF2,1.0
CEBPA,A,STAR,1.0
CEBPA,A,STAT3,1.0
CEBPA,A,TF,1.0
CEBPA,A,THOC1,1.0
CEBPA,A,TIMP2,1.0
CEBPA,A,TK1,1.0
CEBPA,A,TNFAIP3,1.0
CEBPA,A,TNFRSF1A,1.0
CEBPA,A,TOP2A,1.0
CEBPA,A,TSC22D3,1.0
CEBPA,A,UBE2L3,1.0
CEBPA,A,UHRF1,1.0
CEBPA,A,VLDLR,1.0
CEBPA,A,XDH,1.0
CEBPB,A,ABCB1,1.0
CEBPB,A,ADM,1.0
CEBPB,A,ALB,1.0
CEBPB,A,ASNS,1.0
CEBPB,A,BCL2L1,1.0
CEBPB,A,CDKN1A,1.0
CEBPB,A,CRP,1.0
CEBPB,A,CSF3R,1.0
CEBPB,A,CSH2,1.0
CEBPB,A,CSRP1,1.0
CEBPB,A,CXCL8,1.0
CEBPB,A,CYP19A1,-1.0
CEBPB,A,F8,1.0
CEBPB,A,FASLG,1.0
CEBPB,A,FOS,1.0
CEBPB,A,FURIN,1.0
CEBPB,A,GADD45G,1.0
CEBPB,A,GFER,-1.0
CEBPB,A,HP,1.0
CEBPB,A,IGF2,1.0
CEBPB,A,IL10,1.0
CEBPB,A,IL12B,1.0
CEBPB,A,IL1B,1.0
CEBPB,A,IL24,1.0
CEBPB,A,IL3,1.0
CEBPB,A,IL4,1.0
CEBPB,A,IL5,1.0
CEBPB,A,IL6,1.0
CEBPB,A,INSR,1.0
CEBPB,A,PRL,1.0
CEBPB,A,PTGS2,1.0
CEBPB,A,S100A9,1.0
CEBPB,A,SAA1,1.0
CEBPB,A,SAA2,1.0
CEBPB,A,SFTPD,1.0
CEBPB,A,SLC10A1,1.0
CEBPB,A,SLC19A1,1.0
CEBPB,A,STAR,1.0
CEBPB,A,TNF,1.0
CEBPB,A,TNFAIP6,1.0
CEBPB,A,TOP1,1.0
CEBPB,A,XBP1,1.0
CEBPD,B,ALOX5AP,1.0
CEBPD,B,C3,1.0
CEBPD,B,CFTR,1.0
CEBPD,B,CYP19A1,-1.0
CEBPD,B,GADD45G,1.0
CEBPD,B,GAPDH,1.0
CEBPD,B,POU5F1,1.0
CEBPD,B,PTGS2,1.0
CEBPD,B,TNF,1.0
CEBPD,B,CCND1,1.0
CEBPD,B,GRAMD1A,1.0
CEBPD,B,IL6,1.0
CEBPD,B,NFIL3,1.0
CEBPD,B,TF,1.0
CEBPG,C,SFTPD,1.0
CEBPG,C,AIG1,1.0
CEBPG,C,ARHGAP25,1.0
CEBPG,C,ATP2A2,1.0
CEBPG,C,BRD4,1.0
CEBPG,C,CECR2,1.0
CEBPG,C,CHN2,1.0
CEBPG,C,CLIP1,1.0
CEBPG,C,CPQ,1.0
CEBPG,C,CREB5,1.0
CEBPG,C,CRYZL1,1.0
CEBPG,C,CYP19A1,1.0
CEBPG,C,DPYSL2,1.0
CEBPG,C,DST,1.0
CEBPG,C,EDEM1,1.0
CEBPG,C,EPAS1,1.0
CEBPG,C,EPS15,1.0
CEBPG,C,FGGY,1.0
CEBPG,C,FRYL,1.0
CEBPG,C,FYN,1.0
CEBPG,C,GRHL2,1.0
CEBPG,C,HDAC9,1.0
CEBPG,C,HK1,1.0
CEBPG,C,LIPC,1.0
CEBPG,C,MAP4,1.0
CEBPG,C,MICAL2,1.0
CEBPG,C,MIDEAS,1.0
CEBPG,C,MTHFD1L,1.0
CEBPG,C,NFIB,1.0
CEBPG,C,NFIL3,1.0
CEBPG,C,PHF3,1.0
CEBPG,C,PIK3R1,1.0
CEBPG,C,PTP4A2,1.0
CEBPG,C,ROCK2,1.0
CEBPG,C,RP1,1.0
CEBPG,C,RTN4,1.0
CEBPG,C,SLC38A1,1.0
CEBPG,C,SLC9A1,1.0
CEBPG,C,SOX6,1.0
CEBPG,C,TBC1D31,1.0
CEBPG,C,TCF4,1.0
CEBPG,C,TRIB1,1.0
CEBPG,C,TRIB3,1.0
CEBPG,C,VAV3,1.0
CEBPG,C,WDR64,1.0
CLOCK,C,BHLHE40,1.0
CLOCK,C,BHLHE41,1.0
CLOCK,C,CRY1,1.0
CLOCK,C,CRY2,1.0
CLOCK,C,NR1D2,1.0
CLOCK,C,PER1,1.0
CLOCK,C,PER2,1.0
CLOCK,C,PER3,1.0
CLOCK,C,ACOXL,1.0
CLOCK,C,ATP9B,1.0
CLOCK,C,CDH22,1.0
CLOCK,C,CDH23,1.0
CLOCK,C,CELSR1,1.0
CLOCK,C,CFAP251,1.0
CLOCK,C,CHCHD6,1.0
CLOCK,C,CMIP,1.0
CLOCK,C,COL6A1,1.0
CLOCK,C,CORO2B,1.0
CLOCK,C,CREB5,1.0
CLOCK,C,DENND3,1.0
CLOCK,C,DLGAP1,1.0
CLOCK,C,DNAAF5,1.0
CLOCK,C,FAM91A1,1.0
CLOCK,C,GAS7,1.0
CLOCK,C,GET4,1.0
CLOCK,C,GLI3,1.0
CLOCK,C,INPP5A,1.0
CLOCK,C,IQSEC1,1.0
CLOCK,C,ITGB2,1.0
CLOCK,C,JCAD,1.0
CLOCK,C,LARP1,1.0
CLOCK,C,MAGI1,1.0
CLOCK,C,MICAL2,1.0
CLOCK,C,PCYT1A,1.0
CLOCK,C,PKD1L1,1.0
CLOCK,C,PPFIA1,1.0
CLOCK,C,PREX1,1.0
CLOCK,C,PRKAG2,1.0
CLOCK,C,PTK2,1.0
CLOCK,C,RBFOX1,1.0
CLOCK,C,RGS12,1.0
CLOCK,C,RGS6,1.0
CLOCK,C,SEC14L1,1.0
CLOCK,C,SIPA1L1,1.0
CLOCK,C,SMOC2,1.0
CLOCK,C,SPTBN4,1.0
CLOCK,C,TIAM1,1.0
CLOCK,C,TNS1,1.0
CLOCK,C,TNS3,1.0
CLOCK,C,TRAPPC9,1.0
CLOCK,C,ZDHHC14,1.0
CLOCK,C,ZNF331,1.0
CREB1,A,ADRA1A,1.0
CREB1,A,AQP2,1.0
CREB1,A,AQP3,1.0
CREB1,A,BCL2,1.0
CREB1,A,BDKRB1,1.0
CREB1,A,BDNF,1.0
CREB1,A,CCL5,1.0
CREB1,A,CCND1,1.0
CREB1,A,CD4,1.0
CREB1,A,CDK11A,1.0
CREB1,A,CGA,1.0
CREB1,A,CIITA,1.0
CREB1,A,CPT1A,1.0
CREB1,A,CXCR4,1.0
CREB1,A,CYP11A1,1.0
CREB1,A,CYP11B1,1.0
CREB1,A,CYP11B2,1.0
CREB1,A,CYP17A1,1.0
CREB1,A,CYP19A1,1.0
CREB1,A,DBH,1.0
CREB1,A,DIO2,1.0
CREB1,A,EGR1,1.0
CREB1,A,ERBB2,1.0
CREB1,A,ETV3,1.0
CREB1,A,FLT1,1.0
CREB1,A,FN1,1.0
CREB1,A,FOS,1.0
CREB1,A,G6PC,1.0
CREB1,A,HLA-DOB,1.0
CREB1,A,HLA-DQB1,1.0
CREB1,A,HLA-DRA,1.0
CREB1,A,HMOX1,-1.0
CREB1,A,HPGD,1.0
CREB1,A,IFNG,1.0
CREB1,A,IL10,1.0
CREB1,A,IL2,1.0
CREB1,A,IL5RA,1.0
CREB1,A,IL6,1.0
CREB1,A,INS,1.0
CREB1,A,JUN,-1.0
CREB1,A,MITF,1.0
CREB1,A,MSMB,1.0
CREB1,A,MUC4,1.0
CREB1,A,MUC5AC,1.0
CREB1,A,NF1,1.0
CREB1,A,NOLC1,1.0
CREB1,A,NPY,1.0
CREB1,A,NR4A2,1.0
CREB1,A,NR4A3,1.0
CREB1,A,NTS,1.0
CREB1,A,ODC1,1.0
CREB1,A,PCK1,1.0
CREB1,A,PCK2,1.0
CREB1,A,PCSK1,1.0
CREB1,A,PDYN,1.0
CREB1,A,PLAT,-1.0
CREB1,A,POLD2,1.0
CREB1,A,PPP2CA,1.0
CREB1,A,PSEN1,1.0
CREB1,A,PTGS2,1.0
CREB1,A,RARB,1.0
CREB1,A,REN,1.0
CREB1,A,RRM2B,1.0
CREB1,A,SLC19A1,1.0
CREB1,A,SLC20A1,1.0
CREB1,A,SPRY2,1.0
CREB1,A,STAR,1.0
CREB1,A,TG,1.0
CREB1,A,TH,1.0
CREB1,A,TRH,1.0
CREB1,A,UCP1,1.0
CREB1,A,UGT8,1.0
CREB1,A,UXT,1.0
CREB1,A,VEGFA,1.0
CREB1,A,VIP,1.0
CREB3,C,HM13,1.0
CREB3,C,PRPF31,1.0
CREB3,C,ANO10,1.0
CREB3,C,BHLHE40,1.0
CREB3,C,CAP1,1.0
CREB3,C,CHCHD6,1.0
CREB3,C,DNAJB12,1.0
CREB3,C,DTNBP1,1.0
CREB3,C,ESYT2,1.0
CREB3,C,FAAP20,1.0
CREB3,C,GALNT2,1.0
CREB3,C,LAMTOR5,1.0
CREB3,C,MAD2L1BP,1.0
CREB3,C,MTHFR,1.0
CREB3,C,NEBL,1.0
CREB3,C,PCBP1,1.0
CREB3,C,PCNA,1.0
CREB3,C,PTTG1IP,1.0
CREB3,C,RUNX1,1.0
CREB3,C,SRGN,1.0
CREB3,C,ST3GAL2,1.0
CREB3,C,STAT3,1.0
CREB3,C,STON2,1.0
CREB3,C,SUB1,1.0
CREB3,C,UTP11,1.0
CREB3L1,C,SLC1A4,-1.0
CREB3L1,C,VEGFA,1.0
CREB3L1,C,ARHGEF1,1.0
CREB3L1,C,ARID1A,1.0
CREB3L1,C,ASPH,1.0
CREB3L1,C,BCAR1,1.0
CREB3L1,C,CERCAM,1.0
CREB3L1,C,FNDC3B,1.0
CREB3L1,C,HMGB1,1.0
CREB3L1,C,KCNK1,1.0
CREB3L1,C,MAD2L1BP,1.0
CREB3L1,C,MTDH,1.0
CREB3L1,C,NRSN2,1.0
CREB3L1,C,PARVB,1.0
CREB3L1,C,PLEC,1.0
CREB3L1,C,RUNX1,1.0
CREB3L1,C,SERPINH1,1.0
CREB3L1,C,STAR,1.0
CREB3L1,C,STARD10,1.0
CREB3L1,C,TXNDC5,1.0
CREB3L1,C,UBC,1.0
CREM,C,CCNA2,-1.0
CREM,C,CD247,-1.0
CREM,C,DUSP1,-1.0
CREM,C,FOS,-1.0
CREM,C,IL2,-1.0
CREM,C,CD86,1.0
CREM,C,GPCPD1,1.0
CREM,C,PDE4A,1.0
CREM,C,ARID1A,1.0
CREM,C,ARID5B,1.0
CREM,C,ATF3,1.0
CREM,C,CMIP,1.0
CREM,C,CREB3L2,1.0
CREM,C,CREB5,1.0
CREM,C,ERN1,1.0
CREM,C,ESYT2,1.0
CREM,C,FOXP1,1.0
CREM,C,FSCN1,1.0
CREM,C,GADD45A,1.0
CREM,C,GATA2,1.0
CREM,C,HDAC4,1.0
CREM,C,HIVEP2,1.0
CREM,C,KDM4C,1.0
CREM,C,LIMS1,1.0
CREM,C,LITAF,1.0
CREM,C,LPCAT1,1.0
CREM,C,MSI2,1.0
CREM,C,NAV2,1.0
CREM,C,NFATC1,1.0
CREM,C,NR4A2,1.0
CREM,C,PDE4B,1.0
CREM,C,PLCL2,1.0
CREM,C,PRKCE,1.0
CREM,C,PRKCZ,1.0
CREM,C,PTMA,1.0
CREM,C,PTP4A2,1.0
CREM,C,PTPRS,1.0
CREM,C,PTPRU,1.0
CREM,C,RARA,1.0
CREM,C,RREB1,1.0
CREM,C,SH2B3,1.0
CREM,C,SH3BP5,1.0
CREM,C,SLC25A25,1.0
CREM,C,SND1,1.0
CREM,C,ST7,1.0
CREM,C,SUB1,1.0
CREM,C,TGIF1,1.0
CREM,C,THADA,1.0
CREM,C,TRIM69,1.0
CREM,C,UBE2H,1.0
CREM,C,USP9X,1.0
CREM,C,ZDHHC14,1.0
CTCF,A,ABCA2,1.0
CTCF,A,ACKR3,1.0
CTCF,A,ACTR3,-1.0
CTCF,A,ACVR1C,1.0
CTCF,A,AHCYL1,1.0
CTCF,A,AKT1,-1.0
CTCF,A,ALDH1A3,-1.0
CTCF,A,ANG,1.0
CTCF,A,ANKRD46,1.0
CTCF,A,APP,1.0
CTCF,A,ARL2,-1.0
CTCF,A,ASAP2,1.0
CTCF,A,ATN1,1.0
CTCF,A,ATXN7,1.0
CTCF,A,B4GALNT1,1.0
CTCF,A,BATF2,1.0
CTCF,A,BBC3,1.0
CTCF,A,BCL2L14,-1.0
CTCF,A,BCL6,-1.0
CTCF,A,BICD2,1.0
CTCF,A,C1R,1.0
CTCF,A,CCL16,1.0
CTCF,A,CCND1,1.0
CTCF,A,CD80,1.0
CTCF,A,CDKN2A,1.0
CTCF,A,CELSR3,1.0
CTCF,A,CEP135,1.0
CTCF,A,CFTR,1.0
CTCF,A,CHRNA6,1.0
CTCF,A,CIDEB,1.0
CTCF,A,CNIH1,1.0
CTCF,A,COL27A1,1.0
CTCF,A,COMMD2,-1.0
CTCF,A,CSF2,1.0
CTCF,A,CT45A5,1.0
CTCF,A,DEFB123,1.0
CTCF,A,DIP2B,1.0
CTCF,A,DMKN,1.0
CTCF,A,DMPK,1.0
CTCF,A,ELP5,1.0
CTCF,A,EPHB1,1.0
CTCF,A,EPX,1.0
CTCF,A,ESRP2,-1.0
CTCF,A,ETNK2,1.0
CTCF,A,FBXO7,1.0
CTCF,A,GALNT6,1.0
CTCF,A,GALT,1.0
CTCF,A,GAS7,1.0
CTCF,A,GPR156,-1.0
CTCF,A,GRIN3A,1.0
CTCF,A,H19,1.0
CTCF,A,HAUS7,-1.0
CTCF,A,HEBP2,1.0
CTCF,A,HMCN1,1.0
CTCF,A,HS1BP3,1.0
CTCF,A,HSPA5,1.0
CTCF,A,IGF2,1.0
CTCF,A,IL19,1.0
CTCF,A,IPO13,1.0
CTCF,A,IRAK2,1.0
CTCF,A,KSR1,1.0
CTCF,A,LPIN3,1.0
CTCF,A,LRRC59,1.0
CTCF,A,MB,1.0
CTCF,A,MCM10,1.0
CTCF,A,MEG3,1.0
CTCF,A,MMP10,-1.0
CTCF,A,MRPL17,1.0
CTCF,A,MYC,-1.0
CTCF,A,MYD88,1.0
CTCF,A,NBN,1.0
CTCF,A,NCBP3,1.0
CTCF,A,NES,1.0
CTCF,A,NF1,1.0
CTCF,A,NFE2L2,1.0
CTCF,A,NPC1,-1.0
CTCF,A,NT5C3A,-1.0
CTCF,A,PAGE4,-1.0
CTCF,A,PBXIP1,1.0
CTCF,A,PLXNB3,1.0
CTCF,A,PMPCB,1.0
CTCF,A,POMT2,1.0
CTCF,A,POU1F1,1.0
CTCF,A,PPARD,1.0
CTCF,A,PPRC1,1.0
CTCF,A,PRNT,-1.0
CTCF,A,PRSS35,1.0
CTCF,A,PTPA,1.0
CTCF,A,PTPRG,1.0
CTCF,A,RAD21,1.0
CTCF,A,RARRES1,1.0
CTCF,A,RBL2,1.0
CTCF,A,RBM39,-1.0
CTCF,A,RBMS3,-1.0
CTCF,A,RPL39L,1.0
CTCF,A,RPP30,1.0
CTCF,A,S100Z,-1.0
CTCF,A,SIX5,1.0
CTCF,A,SLC6A4,1.0
CTCF,A,SMIM7,1.0
CTCF,A,STAB2,-1.0
CTCF,A,TBC1D14,1.0
CTCF,A,TERT,-1.0
CTCF,A,TMBIM6,1.0
CTCF,A,TNFRSF18,-1.0
CTCF,A,TRAPPC6A,1.0
CTCF,A,TRO,-1.0
CTCF,A,TSFM,1.0
CTCF,A,TSPAN16,1.0
CTCF,A,TYSND1,1.0
CTCF,A,WT1,1.0
CTCF,A,ZNF20,1.0
CTCF,A,ZNF462,-1.0
CTCF,A,ZNF613,1.0
CTCF,A,ZNF763,-1.0
CTCF,A,ZNF804B,1.0
CTCF,A,ZNHIT2,-1.0
CTCFL,C,ACTB,1.0
CTCFL,C,ADGRB2,1.0
CTCFL,C,ADSS1,1.0
CTCFL,C,ANKS6,1.0
CTCFL,C,ATG16L2,1.0
CTCFL,C,CABIN1,1.0
CTCFL,C,CACNA1H,1.0
CTCFL,C,CBX4,1.0
CTCFL,C,CBX8,1.0
CTCFL,C,CDH24,1.0
CTCFL,C,CHD5,1.0
CTCFL,C,COL13A1,1.0
CTCFL,C,COL27A1,1.0
CTCFL,C,CRIP2,1.0
CTCFL,C,CSK,1.0
CTCFL,C,CTBP1,1.0
CTCFL,C,DGKZ,1.0
CTCFL,C,DIAPH1,1.0
CTCFL,C,EXD3,1.0
CTCFL,C,FIBCD1,1.0
CTCFL,C,FLT3LG,1.0
CTCFL,C,GAD1,1.0
CTCFL,C,GBX1,1.0
CTCFL,C,GNAI2,1.0
CTCFL,C,IGDCC4,1.0
CTCFL,C,INKA2,1.0
CTCFL,C,JAG2,1.0
CTCFL,C,KCNIP3,1.0
CTCFL,C,KCNT1,1.0
CTCFL,C,KIAA1522,1.0
CTCFL,C,LZTS2,1.0
CTCFL,C,MAPK8IP3,1.0
CTCFL,C,MAST1,1.0
CTCFL,C,MIB1,1.0
CTCFL,C,NDUFA4L2,1.0
CTCFL,C,NELFA,1.0
CTCFL,C,NFE2L2,1.0
CTCFL,C,NRARP,1.0
CTCFL,C,NRXN2,1.0
CTCFL,C,PIEZO1,1.0
CTCFL,C,PIM1,1.0
CTCFL,C,PLEKHG5,1.0
CTCFL,C,PPM1F,1.0
CTCFL,C,PURA,1.0
CTCFL,C,PXN,1.0
CTCFL,C,RADIL,1.0
CTCFL,C,ROR2,1.0
CTCFL,C,SPEG,1.0
CTCFL,C,SVIL,1.0
CTCFL,C,TBC1D14,1.0
CTCFL,C,ZBTB7A,1.0
CTCFL,C,ZMIZ1,1.0
CTCFL,C,ZNF398,1.0
CTCFL,C,ZNF423,1.0
CUX1,C,ECT2,-1.0
CUX1,C,RACGAP1,-1.0
CUX1,C,EEF2,1.0
CUX1,C,FTO,1.0
CUX1,C,AHCY,1.0
CUX1,C,AHI1,1.0
CUX1,C,ALOXE3,1.0
CUX1,C,APOB,1.0
CUX1,C,ARID5B,1.0
CUX1,C,AXIN2,1.0
CUX1,C,CLEC16A,1.0
CUX1,C,CR2,1.0
CUX1,C,DAAM1,1.0
CUX1,C,DEPDC1B,1.0
CUX1,C,ETV4,1.0
CUX1,C,GMDS,1.0
CUX1,C,HSPD1,1.0
CUX1,C,ITGB4,1.0
CUX1,C,ITGB5,1.0
CUX1,C,JADE1,1.0
CUX1,C,KIAA1217,1.0
CUX1,C,KIFC3,1.0
CUX1,C,MACF1,1.0
CUX1,C,MED15,1.0
CUX1,C,MYADM,1.0
CUX1,C,NFIC,1.0
CUX1,C,PIM1,1.0
CUX1,C,PREX1,1.0
CUX1,C,PUF60,1.0
CUX1,C,RBCK1,1.0
CUX1,C,SEPTIN9,1.0
CUX1,C,SLC16A3,1.0
CUX1,C,SLC30A10,1.0
CUX1,C,SPTBN1,1.0
CUX1,C,SQSTM1,1.0
CUX1,C,SRCIN1,1.0
CUX1,C,TBC1D1,1.0
CUX1,C,TBC1D5,1.0
CUX1,C,TEX2,1.0
CUX1,C,UBAC1,1.0
CUX1,C,ZFAND3,1.0
DUX4,C,ADAMTS9,1.0
DUX4,C,ANO4,1.0
DUX4,C,ATF7IP,1.0
DUX4,C,AUTS2,1.0
DUX4,C,CCDC171,1.0
DUX4,C,CD200R1,1.0
DUX4,C,CEP290,1.0
DUX4,C,CPEB3,1.0
DUX4,C,CXCL13,1.0
DUX4,C,DMD,1.0
DUX4,C,EML5,1.0
DUX4,C,ESRRG,1.0
DUX4,C,EXOC4,1.0
DUX4,C,FBXL5,1.0
DUX4,C,FILIP1L,1.0
DUX4,C,GTF2F1,1.0
DUX4,C,IFT81,1.0
DUX4,C,NNT,1.0
DUX4,C,NRDE2,1.0
DUX4,C,NUP54,1.0
DUX4,C,PALMD,1.0
DUX4,C,PMS1,1.0
DUX4,C,PRKCH,1.0
DUX4,C,PSEN1,1.0
DUX4,C,RAI14,1.0
DUX4,C,RBBP6,1.0
DUX4,C,RHOBTB3,1.0
DUX4,C,SLC14A2,1.0
DUX4,C,SLC2A2,1.0
DUX4,C,STIM2,1.0
DUX4,C,SYBU,1.0
DUX4,C,TAPT1,1.0
DUX4,C,TMEM131L,1.0
DUX4,C,TMTC1,1.0
DUX4,C,USP3,1.0
DUX4,C,XIRP2,1.0
DUX4,C,ZEB2,1.0
E2F1,A,AARS1,1.0
E2F1,A,ABCA1,1.0
E2F1,A,ACSL1,1.0
E2F1,A,ACTR2,1.0
E2F1,A,ADH6,1.0
E2F1,A,AK3,1.0
E2F1,A,ALOX5AP,1.0
E2F1,A,AMPD3,1.0
E2F1,A,ANKRD16,1.0
E2F1,A,APAF1,1.0
E2F1,A,AR,-1.0
E2F1,A,ARHGEF17,1.0
E2F1,A,ARL10,1.0
E2F1,A,ARMC8,1.0
E2F1,A,ASCC2,1.0
E2F1,A,ASF1B,1.0
E2F1,A,ATAD2,1.0
E2F1,A,ATG10,1.0
E2F1,A,ATM,1.0
E2F1,A,AURKA,1.0
E2F1,A,AXIN2,1.0
E2F1,A,B4GALT1,1.0
E2F1,A,BBC3,1.0
E2F1,A,BCL2,1.0
E2F1,A,BDH1,1.0
E2F1,A,BHLHE40,1.0
E2F1,A,BIN1,1.0
E2F1,A,BIRC5,1.0
E2F1,A,BLVRA,1.0
E2F1,A,BMI1,1.0
E2F1,A,BMP4,1.0
E2F1,A,BNIP3,1.0
E2F1,A,BRCA1,1.0
E2F1,A,BRD2,1.0
E2F1,A,CASP7,1.0
E2F1,A,CASR,1.0
E2F1,A,CBS,1.0
E2F1,A,CBX5,1.0
E2F1,A,CCDC7,1.0
E2F1,A,CCNA2,1.0
E2F1,A,CCND1,1.0
E2F1,A,CCND3,1.0
E2F1,A,CCNE1,1.0
E2F1,A,CCNE2,1.0
E2F1,A,CD2AP,1.0
E2F1,A,CD72,1.0
E2F1,A,CDAN1,1.0
E2F1,A,CDC25A,1.0
E2F1,A,CDC45,1.0
E2F1,A,CDC6,1.0
E2F1,A,CDCA4,1.0
E2F1,A,CDCA7,1.0
E2F1,A,CDH20,1.0
E2F1,A,CDH5,1.0
E2F1,A,CDK1,1.0
E2F1,A,CDKN1A,1.0
E2F1,A,CDKN1C,1.0
E2F1,A,CDKN2A,1.0
E2F1,A,CDKN2C,1.0
E2F1,A,CDT1,1.0
E2F1,A,CELF1,1.0
E2F1,A,CHKA,1.0
E2F1,A,CLASP2,1.0
E2F1,A,CLDN23,1.0
E2F1,A,CLDN5,1.0
E2F1,A,CNIH4,1.0
E2F1,A,COQ2,1.0
E2F1,A,COX15,1.0
E2F1,A,CSRNP3,1.0
E2F1,A,CTNNBIP1,1.0
E2F1,A,CTNND2,1.0
E2F1,A,CTSV,1.0
E2F1,A,CUL5,1.0
E2F1,A,CUX1,1.0
E2F1,A,DAPK2,1.0
E2F1,A,DBF4,1.0
E2F1,A,DCC,1.0
E2F1,A,DCLRE1C,1.0
E2F1,A,DDIT4,1.0
E2F1,A,DGKI,1.0
E2F1,A,DHFR,1.0
E2F1,A,DIRAS2,1.0
E2F1,A,DIRAS3,-1.0
E2F1,A,DNMT1,1.0
E2F1,A,DPF2,1.0
E2F1,A,DRAM1,1.0
E2F1,A,DTL,1.0
E2F1,A,DUSP1,1.0
E2F1,A,DUSP4,1.0
E2F1,A,DYNC1I2,1.0
E2F1,A,E2F3,1.0
E2F1,A,E2F6,1.0
E2F1,A,ECT2,1.0
E2F1,A,EGF,1.0
E2F1,A,EGFR,1.0
E2F1,A,EIF3A,1.0
E2F1,A,ENPEP,1.0
E2F1,A,ERCC1,1.0
E2F1,A,ERCC8,1.0
E2F1,A,ETV4,1.0
E2F1,A,EYA2,1.0
E2F1,A,FAM184A,1.0
E2F1,A,FANCA,1.0
E2F1,A,FANCD2,1.0
E2F1,A,FBXO43,1.0
E2F1,A,FBXO5,1.0
E2F1,A,FGFR1,1.0
E2F1,A,FH,1.0
E2F1,A,FHIT,-1.0
E2F1,A,FLT1,1.0
E2F1,A,FOXA2,1.0
E2F1,A,FOXM1,1.0
E2F1,A,GALC,1.0
E2F1,A,GATA3,1.0
E2F1,A,GINS3,1.0
E2F1,A,GMNN,1.0
E2F1,A,GNL3,1.0
E2F1,A,GPR158,1.0
E2F1,A,GRIK5,1.0
E2F1,A,H19,1.0
E2F1,A,H2AC17,1.0
E2F1,A,H2BC11,1.0
E2F1,A,H4C8,1.0
E2F1,A,HAT1,1.0
E2F1,A,HBA2,1.0
E2F1,A,HELLS,1.0
E2F1,A,HERPUD1,1.0
E2F1,A,HFE,1.0
E2F1,A,HIC1,1.0
E2F1,A,HIVEP1,1.0
E2F1,A,HMGA1,1.0
E2F1,A,HOXB9,1.0
E2F1,A,HSPA5,-1.0
E2F1,A,HSPD1,1.0
E2F1,A,IER3,1.0
E2F1,A,IFT80,1.0
E2F1,A,IL12RB1,1.0
E2F1,A,IL1B,1.0
E2F1,A,IQCK,1.0
E2F1,A,IRF3,-1.0
E2F1,A,IRF4,1.0
E2F1,A,ISYNA1,1.0
E2F1,A,ITGAL,1.0
E2F1,A,JPH2,1.0
E2F1,A,JUN,1.0
E2F1,A,KCNG4,1.0
E2F1,A,KCNJ16,1.0
E2F1,A,KCNJ2,1.0
E2F1,A,KCNK10,1.0
E2F1,A,KDM4C,1.0
E2F1,A,KDR,1.0
E2F1,A,KIF23,1.0
E2F1,A,KIF24,1.0
E2F1,A,KIF2C,1.0
E2F1,A,KIR3DL1,1.0
E2F1,A,KLF10,1.0
E2F1,A,KRT75,1.0
E2F1,A,LINGO1,1.0
E2F1,A,LMO1,1.0
E2F1,A,LYPLAL1,1.0
E2F1,A,MAP1LC3A,1.0
E2F1,A,MAP1LC3B,1.0
E2F1,A,MAP2K6,1.0
E2F1,A,MAP3K14,1.0
E2F1,A,MAP3K5,1.0
E2F1,A,MAPK1,1.0
E2F1,A,MAPK8,1.0
E2F1,A,MCM10,1.0
E2F1,A,MCM5,1.0
E2F1,A,MCM6,1.0
E2F1,A,MCM7,1.0
E2F1,A,MCM8,1.0
E2F1,A,MCM9,1.0
E2F1,A,MCMDC2,1.0
E2F1,A,MCPH1,1.0
E2F1,A,MDM2,-1.0
E2F1,A,MEFV,1.0
E2F1,A,MEIS1,1.0
E2F1,A,MEMO1,1.0
E2F1,A,MIPEP,1.0
E2F1,A,MIR202,1.0
E2F1,A,MPPED2,1.0
E2F1,A,MPST,1.0
E2F1,A,MRAS,1.0
E2F1,A,MT1G,1.0
E2F1,A,MT1X,1.0
E2F1,A,MUC4,1.0
E2F1,A,MXI1,1.0
E2F1,A,MYB,1.0
E2F1,A,MYBL2,1.0
E2F1,A,MYC,1.0
E2F1,A,MYCN,1.0
E2F1,A,MYH10,1.0
E2F1,A,NCOA3,1.0
E2F1,A,NDC1,1.0
E2F1,A,NDUFAB1,1.0
E2F1,A,NDUFAF6,1.0
E2F1,A,NEK4,1.0
E2F1,A,NELL2,1.0
E2F1,A,NLRP5,1.0
E2F1,A,NOL9,1.0
E2F1,A,NPAT,1.0
E2F1,A,NTNG2,1.0
E2F1,A,OCA2,1.0
E2F1,A,OSR1,1.0
E2F1,A,PALD1,1.0
E2F1,A,PAX2,1.0
E2F1,A,PCBD2,1.0
E2F1,A,PCNA,1.0
E2F1,A,PCSK6,1.0
E2F1,A,PDK4,1.0
E2F1,A,PDPN,1.0
E2F1,A,PDXK,1.0
E2F1,A,PEG3,1.0
E2F1,A,PHLDB1,1.0
E2F1,A,PIGU,1.0
E2F1,A,PIK3R5,1.0
E2F1,A,PLAUR,1.0
E2F1,A,PLEKHB1,1.0
E2F1,A,PLEKHF2,1.0
E2F1,A,PLK1,1.0
E2F1,A,PLK4,1.0
E2F1,A,PNRC2,-1.0
E2F1,A,POLA1,1.0
E2F1,A,POLA2,1.0
E2F1,A,POLD1,1.0
E2F1,A,POLE2,1.0
E2F1,A,POLR3A,1.0
E2F1,A,POU2AF1,1.0
E2F1,A,PPARG,1.0
E2F1,A,PPP1R13B,1.0
E2F1,A,PPP2R2D,1.0
E2F1,A,PRDM1,1.0
E2F1,A,PRIM2,1.0
E2F1,A,PRKDC,1.0
E2F1,A,PTPRO,1.0
E2F1,A,RAB40C,1.0
E2F1,A,RACGAP1,1.0
E2F1,A,RAD18,1.0
E2F1,A,RAD51,1.0
E2F1,A,RALGDS,1.0
E2F1,A,RASGEF1B,1.0
E2F1,A,RASGRP1,1.0
E2F1,A,RASSF8,1.0
E2F1,A,RB1,1.0
E2F1,A,RBM38,1.0
E2F1,A,RELA,1.0
E2F1,A,RFC2,1.0
E2F1,A,RNF128,1.0
E2F1,A,RRM1,1.0
E2F1,A,RRM2,1.0
E2F1,A,RRP1B,1.0
E2F1,A,RTN4,1.0
E2F1,A,RXRG,1.0
E2F1,A,SAFB,1.0
E2F1,A,SCARF1,1.0
E2F1,A,SCN8A,1.0
E2F1,A,SEPHS1,1.0
E2F1,A,SERPINE1,-1.0
E2F1,A,SEZ6L2,1.0
E2F1,A,SIAH1,1.0
E2F1,A,SKP2,1.0
E2F1,A,SLC14A2,1.0
E2F1,A,SLC35F3,1.0
E2F1,A,SLC35G1,1.0
E2F1,A,SLC6A19,1.0
E2F1,A,SLX4,1.0
E2F1,A,SMARCA5,1.0
E2F1,A,SNTB2,1.0
E2F1,A,SOCS2,1.0
E2F1,A,SP110,1.0
E2F1,A,SP3,-1.0
E2F1,A,SPOCK1,1.0
E2F1,A,SSTR1,1.0
E2F1,A,ST13,1.0
E2F1,A,STAM,1.0
E2F1,A,STX11,1.0
E2F1,A,SUCLG1,1.0
E2F1,A,SYNE2,1.0
E2F1,A,TAF5L,1.0
E2F1,A,TBC1D16,1.0
E2F1,A,TERT,-1.0
E2F1,A,TGFB2,1.0
E2F1,A,THBS1,1.0
E2F1,A,THOC5,1.0
E2F1,A,TK1,1.0
E2F1,A,TMBIM1,1.0
E2F1,A,TMCO5A,1.0
E2F1,A,TMEM132A,1.0
E2F1,A,TMEM47,1.0
E2F1,A,TNFSF11,1.0
E2F1,A,TOP1,1.0
E2F1,A,TOP2A,1.0
E2F1,A,TOR1B,1.0
E2F1,A,TP53,1.0
E2F1,A,TP53BP2,1.0
E2F1,A,TP73,1.0
E2F1,A,TRERF1,1.0
E2F1,A,TRIT1,1.0
E2F1,A,TRPM2,1.0
E2F1,A,TSNARE1,1.0
E2F1,A,TXNDC15,1.0
E2F1,A,TYMS,1.0
E2F1,A,UBN1,1.0
E2F1,A,UBP1,1.0
E2F1,A,UHRF1,1.0
E2F1,A,ULK1,1.0
E2F1,A,UTRN,1.0
E2F1,A,VCP,1.0
E2F1,A,VEGFA,-1.0
E2F1,A,VMP1,1.0
E2F1,A,VPS35L,1.0
E2F1,A,WDR25,1.0
E2F1,A,WRAP73,1.0
E2F1,A,WWOX,-1.0
E2F1,A,XRCC1,1.0
E2F1,A,YBX3,1.0
E2F1,A,YME1L1,1.0
E2F1,A,ZEB1,1.0
E2F1,A,ZMYM2,1.0
E2F1,A,ZNF292,1.0
E2F1,A,ZNF350,-1.0
E2F1,A,ZNF616,1.0
E2F1,A,ZNF654,1.0
E2F2,A,ASF1B,1.0
E2F2,A,CDC6,1.0
E2F2,A,CDCA4,1.0
E2F2,A,CDCA7,1.0
E2F2,A,CDT1,1.0
E2F2,A,E2F1,1.0
E2F2,A,MAP3K5,1.0
E2F2,A,MCM10,1.0
E2F2,A,MCM5,1.0
E2F2,A,MCM6,1.0
E2F2,A,MCM7,1.0
E2F2,A,MYCN,1.0
E2F2,A,PLK1,1.0
E2F2,A,PLK4,1.0
E2F3,A,AURKA,1.0
E2F3,A,CDC6,1.0
E2F3,A,CDKN1A,1.0
E2F3,A,CDKN2A,1.0
E2F3,A,E2F1,1.0
E2F3,A,MAP3K5,1.0
E2F3,A,MCM5,1.0
E2F3,A,MCM6,1.0
E2F3,A,MCM7,1.0
E2F3,A,MYCN,1.0
E2F3,A,PLK1,1.0
E2F3,A,TP53BP2,1.0
E2F3,A,TP73,1.0
E2F4,A,ACTG1,1.0
E2F4,A,ACTR5,1.0
E2F4,A,ADARB1,1.0
E2F4,A,AKR7A2,1.0
E2F4,A,ALDH5A1,1.0
E2F4,A,ANAPC15,1.0
E2F4,A,ANLN,1.0
E2F4,A,ANTKMT,1.0
E2F4,A,APRT,1.0
E2F4,A,ASF1B,1.0
E2F4,A,AURKB,1.0
E2F4,A,BACH1,1.0
E2F4,A,BARD1,1.0
E2F4,A,BCL11A,1.0
E2F4,A,BIRC5,1.0
E2F4,A,BORA,1.0
E2F4,A,BRCA1,-1.0
E2F4,A,BUB3,1.0
E2F4,A,CALM1,1.0
E2F4,A,CALR,1.0
E2F4,A,CAV1,1.0
E2F4,A,CBX5,1.0
E2F4,A,CCNA2,1.0
E2F4,A,CCNB1,1.0
E2F4,A,CCND1,1.0
E2F4,A,CDC25A,1.0
E2F4,A,CDC25C,1.0
E2F4,A,CDC37L1,1.0
E2F4,A,CDC45,1.0
E2F4,A,CDC6,1.0
E2F4,A,CDCA4,1.0
E2F4,A,CDCA7,1.0
E2F4,A,CDK1,1.0
E2F4,A,CDK2,1.0
E2F4,A,CDKN2C,1.0
E2F4,A,CDT1,1.0
E2F4,A,CENPE,1.0
E2F4,A,CENPO,1.0
E2F4,A,CFAP20,1.0
E2F4,A,CHEK1,1.0
E2F4,A,CIB2,1.0
E2F4,A,CKS2,1.0
E2F4,A,CREG1,1.0
E2F4,A,CSE1L,1.0
E2F4,A,CTH,1.0
E2F4,A,CUTC,1.0
E2F4,A,CUX1,1.0
E2F4,A,CYP27B1,1.0
E2F4,A,DBF4,1.0
E2F4,A,DDX11,1.0
E2F4,A,DERL2,1.0
E2F4,A,DHFR,1.0
E2F4,A,DHPS,1.0
E2F4,A,DIRAS3,-1.0
E2F4,A,DLEU1,1.0
E2F4,A,DROSHA,1.0
E2F4,A,DUT,1.0
E2F4,A,E2F1,-1.0
E2F4,A,E2F2,1.0
E2F4,A,E2F3,1.0
E2F4,A,E2F8,1.0
E2F4,A,EIF2B2,1.0
E2F4,A,EIF4H,1.0
E2F4,A,EPAS1,1.0
E2F4,A,EXOSC9,1.0
E2F4,A,FAM210B,1.0
E2F4,A,FANCC,1.0
E2F4,A,FBXO5,1.0
E2F4,A,FDFT1,1.0
E2F4,A,FEN1,1.0
E2F4,A,FOXM1,1.0
E2F4,A,FST,1.0
E2F4,A,GABPA,1.0
E2F4,A,GADD45A,1.0
E2F4,A,GINS1,1.0
E2F4,A,GMNN,1.0
E2F4,A,GNAS,1.0
E2F4,A,GNPTG,1.0
E2F4,A,GPANK1,1.0
E2F4,A,H2AZ1,1.0
E2F4,A,H2BC11,1.0
E2F4,A,H2BC21,1.0
E2F4,A,H3C2,1.0
E2F4,A,HAGHL,1.0
E2F4,A,HCFC1,1.0
E2F4,A,HLTF,1.0
E2F4,A,HMGB1,1.0
E2F4,A,HMGB3,1.0
E2F4,A,HMGN2,1.0
E2F4,A,HMMR,1.0
E2F4,A,HNRNPD,1.0
E2F4,A,ID3,1.0
E2F4,A,IFNAR2,1.0
E2F4,A,IKBKG,-1.0
E2F4,A,INSIG1,1.0
E2F4,A,ITGB3BP,1.0
E2F4,A,JUN,1.0
E2F4,A,KATNAL1,-1.0
E2F4,A,KDM6A,1.0
E2F4,A,KHDRBS1,1.0
E2F4,A,KLF10,1.0
E2F4,A,KLHL21,1.0
E2F4,A,LGALS1,1.0
E2F4,A,LIN54,1.0
E2F4,A,LUC7L,-1.0
E2F4,A,MAD2L1,1.0
E2F4,A,MAP3K5,1.0
E2F4,A,MAP3K7,1.0
E2F4,A,MAPRE1,1.0
E2F4,A,MBP,1.0
E2F4,A,MCM10,-1.0
E2F4,A,MCM3,1.0
E2F4,A,MCM5,1.0
E2F4,A,MCM6,1.0
E2F4,A,MCM7,1.0
E2F4,A,MCM8,1.0
E2F4,A,METTL3,1.0
E2F4,A,MFAP1,1.0
E2F4,A,MKI67,1.0
E2F4,A,MLH1,1.0
E2F4,A,MSH2,1.0
E2F4,A,MTHFD1,1.0
E2F4,A,MYBL2,1.0
E2F4,A,MYC,1.0
E2F4,A,MYCL,1.0
E2F4,A,NAP1L4,1.0
E2F4,A,NASP,1.0
E2F4,A,NCL,1.0
E2F4,A,NDC80,1.0
E2F4,A,NEK2,1.0
E2F4,A,NFE2L1,1.0
E2F4,A,NFKB2,1.0
E2F4,A,NPAT,1.0
E2F4,A,NUSAP1,1.0
E2F4,A,NXT1,1.0
E2F4,A,OGFR,1.0
E2F4,A,ORC1,1.0
E2F4,A,P4HA2,-1.0
E2F4,A,PARK7,1.0
E2F4,A,PCLAF,-1.0
E2F4,A,PCNA,1.0
E2F4,A,PCNT,1.0
E2F4,A,PDXK,1.0
E2F4,A,PDXP,1.0
E2F4,A,PGRMC1,1.0
E2F4,A,PIGQ,1.0
E2F4,A,PIM2,1.0
E2F4,A,PKN2,1.0
E2F4,A,PLCG1,1.0
E2F4,A,PLK1,-1.0
E2F4,A,PLK4,1.0
E2F4,A,PLSCR1,1.0
E2F4,A,POLA2,1.0
E2F4,A,POLD1,1.0
E2F4,A,POLD2,1.0
E2F4,A,POLE2,1.0
E2F4,A,POLR2D,1.0
E2F4,A,PPARG,-1.0
E2F4,A,PPIA,1.0
E2F4,A,PRC1,1.0
E2F4,A,PRIM2,1.0
E2F4,A,PRKCSH,1.0
E2F4,A,PRPSAP1,1.0
E2F4,A,PRR11,1.0
E2F4,A,PTGS2,1.0
E2F4,A,RABIF,1.0
E2F4,A,RAD51,-1.0
E2F4,A,RAD54L,1.0
E2F4,A,RB1,1.0
E2F4,A,RBBP5,1.0
E2F4,A,RBL1,1.0
E2F4,A,RECQL,1.0
E2F4,A,REL,1.0
E2F4,A,RFC2,1.0
E2F4,A,RFC3,1.0
E2F4,A,RFC4,1.0
E2F4,A,RIPK2,1.0
E2F4,A,RPA3,1.0
E2F4,A,RPL23A,1.0
E2F4,A,RPS15,1.0
E2F4,A,RPS4X,1.0
E2F4,A,RPS6,1.0
E2F4,A,RPS8,1.0
E2F4,A,RRM1,1.0
E2F4,A,SAYSD1,1.0
E2F4,A,SFPQ,1.0
E2F4,A,SH3BGR,1.0
E2F4,A,SIRPA,1.0
E2F4,A,SKP1,1.0
E2F4,A,SLC25A14,1.0
E2F4,A,SLC25A4,1.0
E2F4,A,SLC2A13,1.0
E2F4,A,SLC35F6,1.0
E2F4,A,SLC44A4,1.0
E2F4,A,SLCO4A1,1.0
E2F4,A,SMARCA4,1.0
E2F4,A,SMARCA5,1.0
E2F4,A,SMC2,1.0
E2F4,A,SMC4,1.0
E2F4,A,SP1,1.0
E2F4,A,SRPRA,1.0
E2F4,A,SRRM2,1.0
E2F4,A,SRSF8,1.0
E2F4,A,SS18L1,1.0
E2F4,A,STAM,1.0
E2F4,A,STMN1,1.0
E2F4,A,SUV39H1,1.0
E2F4,A,SUZ12,1.0
E2F4,A,TERT,1.0
E2F4,A,TFAM,1.0
E2F4,A,TFRC,1.0
E2F4,A,THOP1,1.0
E2F4,A,TK1,1.0
E2F4,A,TMPO,1.0
E2F4,A,TOP1,1.0
E2F4,A,TOP2A,1.0
E2F4,A,TOPBP1,-1.0
E2F4,A,TRAF2,1.0
E2F4,A,TSNAX,1.0
E2F4,A,TTK,-1.0
E2F4,A,TYMS,1.0
E2F4,A,UBE2C,1.0
E2F4,A,UMPS,1.0
E2F4,A,UNG,1.0
E2F4,A,USP25,1.0
E2F4,A,UXT,1.0
E2F4,A,VARS2,1.0
E2F4,A,VCP,1.0
E2F4,A,VHL,1.0
E2F4,A,VPS4A,1.0
E2F4,A,WDR76,1.0
E2F4,A,WEE1,1.0
E2F4,A,XRCC2,1.0
E2F4,A,YBX3,1.0
E2F4,A,YWHAH,1.0
E2F4,A,ZFP36L1,1.0
E2F4,A,ZNF267,1.0
E2F5,C,MYC,1.0
E2F5,C,CBX3,1.0
E2F5,C,CHEK2,1.0
E2F5,C,DPYSL2,1.0
E2F5,C,FANCC,1.0
E2F5,C,JADE1,1.0
E2F5,C,JSRP1,1.0
E2F5,C,MAP3K7,1.0
E2F5,C,MCM3,1.0
E2F5,C,PIM1,1.0
E2F5,C,PTMA,1.0
E2F5,C,SLC22A23,1.0
E2F5,C,SLC25A37,1.0
E2F6,C,APAF1,-1.0
E2F6,C,BRCA1,-1.0
E2F6,C,DEPDC5,-1.0
E2F6,C,E2F1,-1.0
E2F6,C,RBBP4,-1.0
E2F6,C,RBBP8,-1.0
E2F6,C,ZNF131,-1.0
E2F6,C,ABR,-1.0
E2F6,C,AGRN,-1.0
E2F6,C,ARHGAP21,-1.0
E2F6,C,BAHCC1,-1.0
E2F6,C,BAHD1,-1.0
E2F6,C,CCDC57,-1.0
E2F6,C,CTDSP1,-1.0
E2F6,C,EFNA3,-1.0
E2F6,C,FAM178B,-1.0
E2F6,C,FANCC,-1.0
E2F6,C,FZD5,-1.0
E2F6,C,GNAS,-1.0
E2F6,C,HIRA,-1.0
E2F6,C,ICAM5,-1.0
E2F6,C,KAZALD1,-1.0
E2F6,C,KCTD15,-1.0
E2F6,C,LTBP3,-1.0
E2F6,C,MACF1,-1.0
E2F6,C,MEIS2,-1.0
E2F6,C,MEX3B,-1.0
E2F6,C,MROH1,-1.0
E2F6,C,MXI1,-1.0
E2F6,C,MYH9,-1.0
E2F6,C,NACC2,-1.0
E2F6,C,NFATC1,-1.0
E2F6,C,NFATC2,-1.0
E2F6,C,NFE2L2,-1.0
E2F6,C,NFIB,-1.0
E2F6,C,NOL4L,-1.0
E2F6,C,OSBPL3,-1.0
E2F6,C,PCBP1,-1.0
E2F6,C,PDE4A,-1.0
E2F6,C,PFKFB3,-1.0
E2F6,C,PIEZO1,-1.0
E2F6,C,PIP4K2A,-1.0
E2F6,C,PTMA,-1.0
E2F6,C,PTP4A2,-1.0
E2F6,C,PTPRF,-1.0
E2F6,C,PTPRU,-1.0
E2F6,C,RAP1GAP,-1.0
E2F6,C,RNH1,-1.0
E2F6,C,RXRA,-1.0
E2F6,C,RYR1,-1.0
E2F6,C,SLC16A3,-1.0
E2F6,C,SLC9A3,-1.0
E2F6,C,SMAD3,-1.0
E2F6,C,SRCIN1,-1.0
E2F6,C,SRXN1,-1.0
E2F6,C,ST3GAL1,-1.0
E2F6,C,ST6GAL1,-1.0
E2F6,C,TACC3,-1.0
E2F6,C,TANGO2,-1.0
E2F6,C,TCF3,-1.0
E2F6,C,TFAP4,-1.0
E2F6,C,TGIF1,-1.0
E2F6,C,TNK2,-1.0
E2F6,C,TRIB3,-1.0
E2F6,C,TXNRD1,-1.0
E2F6,C,ZCCHC2,-1.0
E2F6,C,ZNF195,-1.0
E2F6,C,ZNF395,-1.0
E2F6,C,ZNF451,-1.0
E2F7,C,E2F1,-1.0
E2F7,C,SP1,-1.0
E2F7,C,E2F8,1.0
E2F7,C,UHRF1,1.0
E2F7,C,AGRN,1.0
E2F7,C,ALDOA,1.0
E2F7,C,ARID1A,1.0
E2F7,C,CD44,1.0
E2F7,C,DNMT1,1.0
E2F7,C,DST,1.0
E2F7,C,EEF1A1,1.0
E2F7,C,ETS1,1.0
E2F7,C,FOS,1.0
E2F7,C,HNRNPD,1.0
E2F7,C,HNRNPK,1.0
E2F7,C,LGALS1,1.0
E2F7,C,MYEOV,1.0
E2F7,C,PDGFRA,1.0
E2F7,C,PFKM,1.0
E2F7,C,PLK2,1.0
E2F7,C,RCC1,1.0
E2F7,C,RFC4,1.0
E2F7,C,RMI1,1.0
E2F7,C,SLC1A5,1.0
E2F7,C,SMG6,1.0
E2F7,C,STAG2,1.0
E2F7,C,VGLL4,1.0
E2F7,C,WEE1,1.0
E2F7,C,ZFP36L1,1.0
E2F7,C,ZNF367,1.0
EBF1,C,DENND3,1.0
EBF1,C,FLI1,1.0
EBF1,C,LPP,1.0
EBF1,C,ACKR3,1.0
EBF1,C,ADAP1,1.0
EBF1,C,ANK1,1.0
EBF1,C,ANKRD44,1.0
EBF1,C,ARHGEF17,1.0
EBF1,C,ARHGEF2,1.0
EBF1,C,ARID5B,1.0
EBF1,C,BCL2,1.0
EBF1,C,BRF1,1.0
EBF1,C,CCDC33,1.0
EBF1,C,CDH23,1.0
EBF1,C,CLMN,1.0
EBF1,C,CMIP,1.0
EBF1,C,CORO2B,1.0
EBF1,C,CUX1,1.0
EBF1,C,DENND2B,1.0
EBF1,C,DPYSL2,1.0
EBF1,C,EEPD1,1.0
EBF1,C,EHD1,1.0
EBF1,C,ELMO1,1.0
EBF1,C,FAM102A,1.0
EBF1,C,FCHSD2,1.0
EBF1,C,FLNB,1.0
EBF1,C,FYN,1.0
EBF1,C,GRK5,1.0
EBF1,C,IL16,1.0
EBF1,C,INPP4A,1.0
EBF1,C,INSR,1.0
EBF1,C,IQSEC1,1.0
EBF1,C,ITPR1,1.0
EBF1,C,KSR1,1.0
EBF1,C,LAMC1,1.0
EBF1,C,LRCH1,1.0
EBF1,C,NAV2,1.0
EBF1,C,NCALD,1.0
EBF1,C,NOL4L,1.0
EBF1,C,PACSIN2,1.0
EBF1,C,PAG1,1.0
EBF1,C,PALM2AKAP2,1.0
EBF1,C,PIP4K2A,1.0
EBF1,C,PKIG,1.0
EBF1,C,PLCL2,1.0
EBF1,C,PLD1,1.0
EBF1,C,PMEPA1,1.0
EBF1,C,PPFIBP2,1.0
EBF1,C,PREX1,1.0
EBF1,C,PRKAG2,1.0
EBF1,C,PRKCD,1.0
EBF1,C,PTPRS,1.0
EBF1,C,RALGDS,1.0
EBF1,C,RASA3,1.0
EBF1,C,RBM20,1.0
EBF1,C,RBM47,1.0
EBF1,C,RFTN1,1.0
EBF1,C,RGS6,1.0
EBF1,C,RIN3,1.0
EBF1,C,SEMA4B,1.0
EBF1,C,SLC8A1,1.0
EBF1,C,SMAD7,1.0
EBF1,C,SPOCK1,1.0
EBF1,C,SPTBN1,1.0
EBF1,C,ST3GAL5,1.0
EBF1,C,STARD13,1.0
EBF1,C,TACC1,1.0
EBF1,C,TBC1D2B,1.0
EBF1,C,TCF3,1.0
EBF1,C,TCF4,1.0
EBF1,C,THEMIS2,1.0
EBF1,C,TNFRSF8,1.0
EBF1,C,UST,1.0
EBF1,C,UTRN,1.0
EBF1,C,WNT5B,1.0
EGR1,A,ABCA2,1.0
EGR1,A,ABCB1,1.0
EGR1,A,ACE,1.0
EGR1,A,ACHE,1.0
EGR1,A,AKR1B1,1.0
EGR1,A,ALOX5,1.0
EGR1,A,ANGPTL4,1.0
EGR1,A,APEX1,1.0
EGR1,A,APOA1,1.0
EGR1,A,AR,-1.0
EGR1,A,AREG,1.0
EGR1,A,ATF3,1.0
EGR1,A,ATP2A2,1.0
EGR1,A,BAX,1.0
EGR1,A,BCAR1,1.0
EGR1,A,BCL2,1.0
EGR1,A,CACNA1H,1.0
EGR1,A,CAT,1.0
EGR1,A,CCND1,1.0
EGR1,A,CD19,1.0
EGR1,A,CD28,1.0
EGR1,A,CD44,1.0
EGR1,A,CD9,1.0
EGR1,A,CDH13,1.0
EGR1,A,CDK5,1.0
EGR1,A,CDK5R1,1.0
EGR1,A,CDKN1A,1.0
EGR1,A,CEBPB,1.0
EGR1,A,CHGA,1.0
EGR1,A,CHRNA7,1.0
EGR1,A,COL2A1,-1.0
EGR1,A,CRABP2,1.0
EGR1,A,CTNNB1,1.0
EGR1,A,CYP2B6,1.0
EGR1,A,DMRT1,1.0
EGR1,A,EAPP,1.0
EGR1,A,EGFR,1.0
EGR1,A,ELK1,1.0
EGR1,A,EP300,1.0
EGR1,A,EPX,1.0
EGR1,A,F3,1.0
EGR1,A,FAS,-1.0
EGR1,A,FASLG,1.0
EGR1,A,FASN,1.0
EGR1,A,FCER2,-1.0
EGR1,A,FGF13,1.0
EGR1,A,FGF2,1.0
EGR1,A,FGFR3,1.0
EGR1,A,FLT1,1.0
EGR1,A,FN1,1.0
EGR1,A,FOSL1,1.0
EGR1,A,GDF15,1.0
EGR1,A,GDNF,1.0
EGR1,A,GGPS1,1.0
EGR1,A,HIF1A,1.0
EGR1,A,HSD11B2,-1.0
EGR1,A,HYAL1,1.0
EGR1,A,IFNG,1.0
EGR1,A,IGF2,1.0
EGR1,A,IL2,1.0
EGR1,A,IL2RB,1.0
EGR1,A,IL3,1.0
EGR1,A,IL6,-1.0
EGR1,A,IMPDH2,1.0
EGR1,A,JUN,1.0
EGR1,A,KCNH8,1.0
EGR1,A,LDLR,1.0
EGR1,A,LHB,1.0
EGR1,A,LMTK2,1.0
EGR1,A,LTB,1.0
EGR1,A,MMP14,1.0
EGR1,A,MYB,-1.0
EGR1,A,MYC,1.0
EGR1,A,NAB2,1.0
EGR1,A,NFKB1,1.0
EGR1,A,PCSK2,1.0
EGR1,A,PDGFA,1.0
EGR1,A,PDGFB,1.0
EGR1,A,PDGFC,1.0
EGR1,A,PLAU,1.0
EGR1,A,PLAUR,1.0
EGR1,A,POR,1.0
EGR1,A,PPARG,1.0
EGR1,A,PSEN2,1.0
EGR1,A,PTEN,1.0
EGR1,A,PTGES,1.0
EGR1,A,PTGS2,-1.0
EGR1,A,PTP4A1,1.0
EGR1,A,RBL2,1.0
EGR1,A,RELA,-1.0
EGR1,A,RET,1.0
EGR1,A,SERPINE1,1.0
EGR1,A,SLC1A4,1.0
EGR1,A,SLC4A2,1.0
EGR1,A,SLC5A5,1.0
EGR1,A,SLC9A3,1.0
EGR1,A,SOD1,1.0
EGR1,A,SOS1,1.0
EGR1,A,SPP1,1.0
EGR1,A,SPRY1,1.0
EGR1,A,STIM1,1.0
EGR1,A,STMN1,1.0
EGR1,A,SYN1,1.0
EGR1,A,SYN2,1.0
EGR1,A,TBXA2R,1.0
EGR1,A,TCF4,1.0
EGR1,A,TFPI2,1.0
EGR1,A,TGFB1,1.0
EGR1,A,TGFBR2,1.0
EGR1,A,TH,1.0
EGR1,A,THBS1,1.0
EGR1,A,TIMP2,1.0
EGR1,A,TIMP3,1.0
EGR1,A,TMPO,1.0
EGR1,A,TNF,1.0
EGR1,A,TOE1,1.0
EGR1,A,TP53,1.0
EGR1,A,TP73,1.0
EGR1,A,TPO,1.0
EGR1,A,UBE2S,1.0
EGR1,A,VAMP2,1.0
EGR1,A,VEGFA,1.0
EGR1,A,WNT4,-1.0
EGR1,A,WT1,1.0
EHF,C,SPRR1B,1.0
EHF,C,KRT15,1.0
EHF,C,FAM3D,1.0
EHF,C,FBXO32,1.0
EHF,C,GRB7,1.0
EHF,C,KTI12,1.0
EHF,C,LIMD1,1.0
EHF,C,LIPH,1.0
EHF,C,MAP3K13,1.0
EHF,C,MYH14,1.0
EHF,C,MYO5B,1.0
EHF,C,PMM2,1.0
EHF,C,SPTBN2,1.0
EHF,C,TMC5,1.0
EHF,C,TTC14,1.0
EHF,C,USP8,1.0
EHF,C,WDR55,1.0
EHF,C,WIPF2,1.0
EHF,C,WWC1,1.0
EHF,C,ZFP62,1.0
ELF1,C,BRCA2,1.0
ELF1,C,MEIS1,1.0
ELF1,C,ADCY7,1.0
ELF1,C,AFF1,1.0
ELF1,C,ANKMY1,1.0
ELF1,C,ARHGAP12,1.0
ELF1,C,ARHGDIA,1.0
ELF1,C,ASAP1,1.0
ELF1,C,ASPSCR1,1.0
ELF1,C,CAST,1.0
ELF1,C,CDC42SE2,1.0
ELF1,C,CHD9,1.0
ELF1,C,CYRIB,1.0
ELF1,C,DDX3X,1.0
ELF1,C,DPP9,1.0
ELF1,C,DYRK1A,1.0
ELF1,C,FAAP20,1.0
ELF1,C,FNDC3B,1.0
ELF1,C,FOXN3,1.0
ELF1,C,FOXO3,1.0
ELF1,C,GATAD2A,1.0
ELF1,C,IGF2R,1.0
ELF1,C,KLF9,1.0
ELF1,C,LARP4B,1.0
ELF1,C,LSM4,1.0
ELF1,C,MAFK,1.0
ELF1,C,MAP1LC3B,1.0
ELF1,C,MBNL1,1.0
ELF1,C,MED15,1.0
ELF1,C,MYO9B,1.0
ELF1,C,NEDD4L,1.0
ELF1,C,NFE2L2,1.0
ELF1,C,PCBP1,1.0
ELF1,C,PRKCH,1.0
ELF1,C,PTPA,1.0
ELF1,C,PTTG1IP,1.0
ELF1,C,RNF213,1.0
ELF1,C,RNF38,1.0
ELF1,C,SBNO2,1.0
ELF1,C,SEC14L1,1.0
ELF1,C,SGMS1,1.0
ELF1,C,SIN3A,1.0
ELF1,C,SREBF1,1.0
ELF1,C,STK24,1.0
ELF1,C,TACC1,1.0
ELF1,C,TRIB1,1.0
ELF1,C,TSNARE1,1.0
ELF1,C,TSPAN14,1.0
ELF1,C,UBE2H,1.0
ELF1,C,ZFYVE28,1.0
ELF1,C,ZNF217,1.0
ELF3,C,SPRR2A,1.0
ELF3,C,ITGB6,1.0
ELF3,C,ADGRF1,1.0
ELF3,C,ADGRV1,1.0
ELF3,C,ALCAM,1.0
ELF3,C,ARHGAP12,1.0
ELF3,C,ARHGAP32,1.0
ELF3,C,ARHGAP42,1.0
ELF3,C,ARSG,1.0
ELF3,C,ATP2A2,1.0
ELF3,C,BARX2,1.0
ELF3,C,CDCP1,1.0
ELF3,C,CFTR,1.0
ELF3,C,CTNNBIP1,1.0
ELF3,C,CYP24A1,1.0
ELF3,C,DOCK4,1.0
ELF3,C,F2RL1,1.0
ELF3,C,FAT1,1.0
ELF3,C,GMDS,1.0
ELF3,C,GRHL2,1.0
ELF3,C,HABP2,1.0
ELF3,C,HK2,1.0
ELF3,C,KRT8,1.0
ELF3,C,LPP,1.0
ELF3,C,MAL2,1.0
ELF3,C,MCC,1.0
ELF3,C,MEIS1,1.0
ELF3,C,MYEOV,1.0
ELF3,C,NEDD4L,1.0
ELF3,C,NFIA,1.0
ELF3,C,PLA2G4A,1.0
ELF3,C,PLA2G6,1.0
ELF3,C,PLD1,1.0
ELF3,C,PLEKHG3,1.0
ELF3,C,PTK2B,1.0
ELF3,C,PTPRE,1.0
ELF3,C,RABGAP1L,1.0
ELF3,C,RBM47,1.0
ELF3,C,RNF43,1.0
ELF3,C,RUNX1,1.0
ELF3,C,SEMA4B,1.0
ELF3,C,SEPTIN9,1.0
ELF3,C,SH3TC2,1.0
ELF3,C,SLC37A1,1.0
ELF3,C,SLC39A11,1.0
ELF3,C,SLC44A3,1.0
ELF3,C,SLX4IP,1.0
ELF3,C,SPRED2,1.0
ELF3,C,ST14,1.0
ELF3,C,TACC2,1.0
ELF3,C,TNIP1,1.0
ELF3,C,TSPAN15,1.0
ELF3,C,WWC1,1.0
ELF5,C,CCDC77,1.0
ELF5,C,CHCHD2,1.0
ELF5,C,ELOVL6,1.0
ELF5,C,FFAR4,1.0
ELF5,C,KDM5A,1.0
ELF5,C,KRT8,1.0
ELF5,C,LIMD1,1.0
ELF5,C,MRPL52,1.0
ELF5,C,NCBP2,1.0
ELF5,C,PTK2B,1.0
ELF5,C,PTPN6,1.0
ELF5,C,PYROXD2,1.0
ELF5,C,RAD50,1.0
ELF5,C,RBM34,1.0
ELF5,C,SLX4IP,1.0
ELF5,C,SMG7,1.0
ELF5,C,SNRPB2,1.0
ELF5,C,SUDS3,1.0
ELF5,C,TTC14,1.0
ELF5,C,VTCN1,1.0
ELK1,A,ACTA2,1.0
ELK1,A,CDKN1B,1.0
ELK1,A,CITED2,1.0
ELK1,A,DDIT4,1.0
ELK1,A,EGR1,1.0
ELK1,A,ERBB2,1.0
ELK1,A,F2,1.0
ELK1,A,FOS,1.0
ELK1,A,FOSL1,1.0
ELK1,A,FUT4,1.0
ELK1,A,IER2,1.0
ELK1,A,JUNB,1.0
ELK1,A,LY96,1.0
ELK1,A,MCL1,1.0
ELK1,A,MDM4,1.0
ELK1,A,MMP13,1.0
ELK1,A,MYLK,1.0
ELK1,A,NR1H2,1.0
ELK1,A,NR4A1,1.0
ELK1,A,PDGFB,1.0
ELK1,A,PRKCA,1.0
ELK1,A,PSEN1,1.0
ELK1,A,PTPRZ1,1.0
ELK1,A,SLU7,1.0
ELK1,A,SOD1,1.0
ELK1,A,SRF,1.0
ELK1,A,TAGLN,1.0
ELK1,A,TBP,1.0
ELK1,A,TLR9,1.0
ELK1,A,TNF,1.0
ELK1,A,VIL1,1.0
ELK4,C,FOS,1.0
ELK4,C,ACTB,1.0
ELK4,C,ARPC5L,1.0
ELK4,C,ASB1,1.0
ELK4,C,EGR1,1.0
ELK4,C,ERCC1,1.0
ELK4,C,KDM5A,1.0
ELK4,C,KRT8,1.0
ELK4,C,NCOA7,1.0
ELK4,C,SCAF11,1.0
ELK4,C,SEC14L1,1.0
ELK4,C,SEPTIN10,1.0
ELK4,C,SLC4A7,1.0
ELK4,C,ZFAND6,1.0
EOMES,C,AFF1,1.0
EOMES,C,ANK3,1.0
EOMES,C,ARHGAP15,1.0
EOMES,C,ASTN2,1.0
EOMES,C,CSMD3,1.0
EOMES,C,DCDC1,1.0
EOMES,C,DENND2B,1.0
EOMES,C,DOCK10,1.0
EOMES,C,DOCK2,1.0
EOMES,C,EXOC4,1.0
EOMES,C,FYN,1.0
EOMES,C,GALNT10,1.0
EOMES,C,GRIA1,1.0
EOMES,C,KSR1,1.0
EOMES,C,LINGO2,1.0
EOMES,C,LRIG1,1.0
EOMES,C,NLGN1,1.0
EOMES,C,NRXN3,1.0
EOMES,C,PPP2R2B,1.0
EOMES,C,SORBS2,1.0
EOMES,C,THSD7A,1.0
EOMES,C,TIAM1,1.0
EPAS1,A,ADORA2A,1.0
EPAS1,A,BHLHE40,1.0
EPAS1,A,CA9,1.0
EPAS1,A,EGLN3,1.0
EPAS1,A,EPO,1.0
EPAS1,A,FLT1,1.0
EPAS1,A,PDGFB,1.0
EPAS1,A,POU5F1,1.0
EPAS1,A,SERPINE1,1.0
EPAS1,A,SLC11A2,1.0
EPAS1,A,SPHK1,1.0
EPAS1,A,TERT,1.0
EPAS1,A,VEGFA,1.0
ERG,A,CDH5,1.0
ERG,A,ENG,1.0
ERG,A,FGF2,-1.0
ERG,A,HMOX1,1.0
ERG,A,ICAM1,-1.0
ERG,A,ICAM2,1.0
ERG,A,MMP3,1.0
ERG,A,MMP9,1.0
ERG,A,NOS3,1.0
ERG,A,TMPRSS2,1.0
ERG,A,VIM,1.0
ERG,A,VWF,1.0
ESR1,A,ABCG2,1.0
ESR1,A,ADORA1,1.0
ESR1,A,AKT1,1.0
ESR1,A,AKT2,1.0
ESR1,A,ANGPTL4,1.0
ESR1,A,APOA1,1.0
ESR1,A,AR,1.0
ESR1,A,ARID5B,1.0
ESR1,A,ATP2B1,1.0
ESR1,A,ATP2B2,1.0
ESR1,A,ATP2B4,1.0
ESR1,A,AVP,1.0
ESR1,A,AXIN2,1.0
ESR1,A,B4GALNT2,1.0
ESR1,A,BCL2,1.0
ESR1,A,BCL9,1.0
ESR1,A,BLM,1.0
ESR1,A,BMP6,1.0
ESR1,A,BTG2,-1.0
ESR1,A,C3,1.0
ESR1,A,CAD,1.0
ESR1,A,CAPN2,1.0
ESR1,A,CAV1,1.0
ESR1,A,CAV2,1.0
ESR1,A,CCN5,1.0
ESR1,A,CCND1,1.0
ESR1,A,CCT6B,1.0
ESR1,A,CD24,-1.0
ESR1,A,CD86,1.0
ESR1,A,CDH1,1.0
ESR1,A,CDKN1A,1.0
ESR1,A,CDKN1B,-1.0
ESR1,A,CEACAM3,1.0
ESR1,A,CEBPB,1.0
ESR1,A,CHAT,1.0
ESR1,A,CLDN4,1.0
ESR1,A,CRH,-1.0
ESR1,A,CRHBP,1.0
ESR1,A,CRYZ,1.0
ESR1,A,CTNNB1,-1.0
ESR1,A,CTSD,1.0
ESR1,A,CXCL12,1.0
ESR1,A,CXCL8,1.0
ESR1,A,CYP19A1,1.0
ESR1,A,CYP1A1,-1.0
ESR1,A,CYP1B1,1.0
ESR1,A,CYP2C19,-1.0
ESR1,A,E2F1,1.0
ESR1,A,EBAG9,1.0
ESR1,A,EDN3,1.0
ESR1,A,EGF,1.0
ESR1,A,EGFR,1.0
ESR1,A,ERG,1.0
ESR1,A,ESRRA,1.0
ESR1,A,F12,1.0
ESR1,A,FBLN1,1.0
ESR1,A,FBLN2,1.0
ESR1,A,FOS,1.0
ESR1,A,FOSL1,1.0
ESR1,A,FOXC1,1.0
ESR1,A,FOXO1,1.0
ESR1,A,FOXP1,1.0
ESR1,A,GADD45G,1.0
ESR1,A,GREB1,1.0
ESR1,A,GRIN2D,1.0
ESR1,A,GSN,1.0
ESR1,A,HOXA10,1.0
ESR1,A,HSPB1,1.0
ESR1,A,IGF1,1.0
ESR1,A,IGFBP4,1.0
ESR1,A,ITGA2,1.0
ESR1,A,ITGB1,1.0
ESR1,A,JUN,1.0
ESR1,A,JUNB,1.0
ESR1,A,KAT2B,1.0
ESR1,A,KDR,1.0
ESR1,A,KRT13,1.0
ESR1,A,KRT15,1.0
ESR1,A,KRT18,1.0
ESR1,A,KRT19,1.0
ESR1,A,KRT37,1.0
ESR1,A,LGALS8,1.0
ESR1,A,LTF,1.0
ESR1,A,MACROD1,1.0
ESR1,A,MB,1.0
ESR1,A,MDM2,1.0
ESR1,A,MICB,1.0
ESR1,A,MMP13,1.0
ESR1,A,MTA3,1.0
ESR1,A,MYB,1.0
ESR1,A,MYC,1.0
ESR1,A,NBPF1,1.0
ESR1,A,NBPF15,1.0
ESR1,A,NBPF4,1.0
ESR1,A,NCOA1,1.0
ESR1,A,NCOA3,1.0
ESR1,A,NEK6,1.0
ESR1,A,NFIB,1.0
ESR1,A,NID2,1.0
ESR1,A,NOL3,1.0
ESR1,A,NOS3,1.0
ESR1,A,NOTCH2,1.0
ESR1,A,NOTCH2NLA,1.0
ESR1,A,NQO1,-1.0
ESR1,A,NR5A2,1.0
ESR1,A,NRF1,1.0
ESR1,A,OXT,-1.0
ESR1,A,PBX1,1.0
ESR1,A,PELP1,1.0
ESR1,A,PGR,1.0
ESR1,A,PLAC1,1.0
ESR1,A,PMAIP1,1.0
ESR1,A,POFUT1,1.0
ESR1,A,POR,1.0
ESR1,A,PPARD,1.0
ESR1,A,PPARG,1.0
ESR1,A,PRL,1.0
ESR1,A,PSG1,1.0
ESR1,A,PTMA,-1.0
ESR1,A,PTPRG,1.0
ESR1,A,RARA,1.0
ESR1,A,REN,1.0
ESR1,A,RET,1.0
ESR1,A,RUNX2,1.0
ESR1,A,SEC61B,1.0
ESR1,A,SERPINB9,1.0
ESR1,A,SERPINE1,1.0
ESR1,A,SLC8A1,1.0
ESR1,A,SLC8A2,1.0
ESR1,A,SLC8A3,1.0
ESR1,A,SMARCA2,1.0
ESR1,A,SOCS3,1.0
ESR1,A,SP1,1.0
ESR1,A,SP3,1.0
ESR1,A,SPARC,1.0
ESR1,A,SPATA2,1.0
ESR1,A,SRC,1.0
ESR1,A,STAT5A,1.0
ESR1,A,TAC3,1.0
ESR1,A,TERT,1.0
ESR1,A,TFAP2C,1.0
ESR1,A,TFF1,1.0
ESR1,A,TGFA,1.0
ESR1,A,TNFRSF11B,1.0
ESR1,A,TNIP1,1.0
ESR1,A,TP53,-1.0
ESR1,A,TRH,1.0
ESR1,A,TRIM16,1.0
ESR1,A,TSC22D3,1.0
ESR1,A,TYMS,1.0
ESR1,A,UGT2B15,1.0
ESR1,A,VEGFA,1.0
ESR1,A,WNT7A,1.0
ESR1,A,YWHAQ,1.0
ESR1,A,ZFHX3,1.0
ESR1,A,ZMYND8,1.0
ESR2,A,CD68,1.0
ESR2,A,COLEC12,1.0
ESR2,A,CTSD,1.0
ESR2,A,EBAG9,1.0
ESR2,A,FOS,1.0
ESR2,A,IL1RAP,1.0
ESR2,A,JUN,1.0
ESR2,A,MKNK2,1.0
ESR2,A,OXT,1.0
ESR2,A,PGR,1.0
ESR2,A,PTPRC,1.0
ESR2,A,RARA,1.0
ESR2,A,SERPINE1,-1.0
ESR2,A,TERT,1.0
ESR2,A,TFF1,1.0
ESR2,A,TGFA,1.0
ESR2,A,TMSB4X,1.0
ESRRA,C,CYP19A1,1.0
ESRRA,C,NR2F6,-1.0
ESRRA,C,ACSS2,1.0
ESRRA,C,RAP1GAP,1.0
ESRRA,C,RBM47,1.0
ESRRA,C,SLC22A23,1.0
ESRRA,C,SLC9A1,1.0
ESRRA,C,ACSS1,1.0
ESRRA,C,ADGRG1,1.0
ESRRA,C,ASCC2,1.0
ESRRA,C,ATP1B1,1.0
ESRRA,C,BAIAP2L1,1.0
ESRRA,C,BCL3,1.0
ESRRA,C,BHLHE40,1.0
ESRRA,C,CAPN2,1.0
ESRRA,C,CAPN8,1.0
ESRRA,C,CUEDC1,1.0
ESRRA,C,DENND1A,1.0
ESRRA,C,DLG2,1.0
ESRRA,C,DMD,1.0
ESRRA,C,DNAJB12,1.0
ESRRA,C,DNAJC5B,1.0
ESRRA,C,EPHB4,1.0
ESRRA,C,ERBB2,1.0
ESRRA,C,GREB1,1.0
ESRRA,C,GSN,1.0
ESRRA,C,GTF2IRD1,1.0
ESRRA,C,HDAC11,1.0
ESRRA,C,HK1,1.0
ESRRA,C,KIAA1522,1.0
ESRRA,C,LLGL2,1.0
ESRRA,C,MAPKAP1,1.0
ESRRA,C,MARK2,1.0
ESRRA,C,MGLL,1.0
ESRRA,C,MSI2,1.0
ESRRA,C,MYO18A,1.0
ESRRA,C,NAALADL2,1.0
ESRRA,C,NDUFAF6,1.0
ESRRA,C,NFATC2,1.0
ESRRA,C,NFIA,1.0
ESRRA,C,NIBAN2,1.0
ESRRA,C,NRXN1,1.0
ESRRA,C,OGDH,1.0
ESRRA,C,P3H2,1.0
ESRRA,C,PAK4,1.0
ESRRA,C,PIK3C2B,1.0
ESRRA,C,PNKD,1.0
ESRRA,C,POR,1.0
ESRRA,C,PPFIBP2,1.0
ESRRA,C,PPP5C,1.0
ESRRA,C,RARA,1.0
ESRRA,C,RGS6,1.0
ESRRA,C,SLC35F6,1.0
ESRRA,C,SOX6,1.0
ESRRA,C,STARD10,1.0
ESRRA,C,STN1,1.0
ESRRA,C,STRBP,1.0
ESRRA,C,SYNPO,1.0
ESRRA,C,SYT12,1.0
ESRRA,C,TENM4,1.0
ESRRA,C,TGM2,1.0
ESRRA,C,TMCO4,1.0
ESRRA,C,TMEM164,1.0
ESRRA,C,TRIB3,1.0
ESRRA,C,TXNRD1,1.0
ESRRA,C,UBE2V1,1.0
ESRRA,C,VDR,1.0
ESRRA,C,WNK2,1.0
ESRRA,C,XYLT1,1.0
ETS1,A,ABCB1,1.0
ETS1,A,ABCC1,1.0
ETS1,A,ANGPT2,1.0
ETS1,A,ANPEP,1.0
ETS1,A,ASAP1,1.0
ETS1,A,ATP2A3,1.0
ETS1,A,ATP5F1B,1.0
ETS1,A,ATXN2,1.0
ETS1,A,B3GAT3,1.0
ETS1,A,BAX,-1.0
ETS1,A,BCL2,1.0
ETS1,A,BID,1.0
ETS1,A,BIRC2,1.0
ETS1,A,BMP4,1.0
ETS1,A,CASP8,1.0
ETS1,A,CCND1,1.0
ETS1,A,CD3D,1.0
ETS1,A,CD4,1.0
ETS1,A,CD5,1.0
ETS1,A,CD53,1.0
ETS1,A,CD6,1.0
ETS1,A,CD8A,1.0
ETS1,A,CDC37,1.0
ETS1,A,CDH13,1.0
ETS1,A,CDK11A,1.0
ETS1,A,CDK4,1.0
ETS1,A,CDKN1A,1.0
ETS1,A,CDKN1B,1.0
ETS1,A,CDKN2A,1.0
ETS1,A,CHUK,1.0
ETS1,A,CIP2A,1.0
ETS1,A,COL1A1,1.0
ETS1,A,COPS2,1.0
ETS1,A,COX4I1,1.0
ETS1,A,CSF2,1.0
ETS1,A,CSF3R,1.0
ETS1,A,CSNK2A1,1.0
ETS1,A,CSNK2A2,1.0
ETS1,A,CSNK2B,1.0
ETS1,A,CTSB,1.0
ETS1,A,CXCR4,1.0
ETS1,A,DAD1,1.0
ETS1,A,DNTT,1.0
ETS1,A,DUSP6,1.0
ETS1,A,ECE1,1.0
ETS1,A,EGR1,1.0
ETS1,A,EGR2,1.0
ETS1,A,EMSY,1.0
ETS1,A,ERG,1.0
ETS1,A,ETS2,1.0
ETS1,A,ETV4,1.0
ETS1,A,F13A1,1.0
ETS1,A,FAS,1.0
ETS1,A,FASLG,1.0
ETS1,A,FGFBP1,1.0
ETS1,A,FLI1,1.0
ETS1,A,FLT1,1.0
ETS1,A,FOS,1.0
ETS1,A,FOSL1,1.0
ETS1,A,FOXD1,1.0
ETS1,A,GABPA,1.0
ETS1,A,GP5,1.0
ETS1,A,GP6,1.0
ETS1,A,GP9,1.0
ETS1,A,GRPR,1.0
ETS1,A,GZMB,1.0
ETS1,A,HMOX1,1.0
ETS1,A,HPGD,1.0
ETS1,A,IER5,1.0
ETS1,A,IL10,1.0
ETS1,A,IL12B,1.0
ETS1,A,IL2,-1.0
ETS1,A,IL2RB,1.0
ETS1,A,IL3,1.0
ETS1,A,IL5,1.0
ETS1,A,ITGA4,1.0
ETS1,A,ITGA5,1.0
ETS1,A,ITGB3,1.0
ETS1,A,JAK3,1.0
ETS1,A,LCK,1.0
ETS1,A,LCP1,1.0
ETS1,A,LTB,1.0
ETS1,A,LTF,1.0
ETS1,A,MCL1,1.0
ETS1,A,MDM2,-1.0
ETS1,A,MET,1.0
ETS1,A,MGAT5,1.0
ETS1,A,MGAT5B,1.0
ETS1,A,MMP1,1.0
ETS1,A,MMP13,1.0
ETS1,A,MMP2,1.0
ETS1,A,MMP3,1.0
ETS1,A,MMP9,1.0
ETS1,A,MPL,1.0
ETS1,A,MYB,1.0
ETS1,A,NDRG1,-1.0
ETS1,A,NFKB1,1.0
ETS1,A,NOS3,1.0
ETS1,A,NRP1,1.0
ETS1,A,OAS2,1.0
ETS1,A,PARP1,1.0
ETS1,A,PCSK6,1.0
ETS1,A,PF4,1.0
ETS1,A,PLAU,1.0
ETS1,A,POLD1,1.0
ETS1,A,POR,1.0
ETS1,A,PRL,1.0
ETS1,A,PSEN1,1.0
ETS1,A,PTGS2,1.0
ETS1,A,PTHLH,1.0
ETS1,A,PTPA,1.0
ETS1,A,RAD51,1.0
ETS1,A,RUNX1,1.0
ETS1,A,SLC19A1,1.0
ETS1,A,SLC26A3,1.0
ETS1,A,SMAD4,1.0
ETS1,A,SOCS1,1.0
ETS1,A,SPRY2,1.0
ETS1,A,SURF1,1.0
ETS1,A,TAF12,1.0
ETS1,A,TBXA2R,1.0
ETS1,A,TBXAS1,-1.0
ETS1,A,TCEAL1,1.0
ETS1,A,TERT,-1.0
ETS1,A,TFAP2A,1.0
ETS1,A,TFRC,1.0
ETS1,A,TGFBR2,1.0
ETS1,A,THBS1,1.0
ETS1,A,TIMP1,-1.0
ETS1,A,TNC,1.0
ETS1,A,TNF,1.0
ETS1,A,TNFRSF10A,1.0
ETS1,A,TNFRSF10B,1.0
ETS1,A,TNFRSF8,1.0
ETS1,A,TNFSF14,1.0
ETS1,A,TOM1,1.0
ETS1,A,TP53,1.0
ETS1,A,TRA,1.0
ETS1,A,TRB,-1.0
ETS1,A,TTYH3,1.0
ETS1,A,VEGFA,1.0
ETS1,A,VWF,1.0
ETS1,A,WAS,1.0
ETS1,A,WT1,1.0
ETS1,A,ZNF175,1.0
ETS2,A,ANGPT2,1.0
ETS2,A,ANPEP,1.0
ETS2,A,BRCA1,1.0
ETS2,A,CD163,1.0
ETS2,A,CDK1,1.0
ETS2,A,CDKN2A,1.0
ETS2,A,CGA,1.0
ETS2,A,CHRNE,1.0
ETS2,A,CSF2,1.0
ETS2,A,CSF3R,1.0
ETS2,A,EGR1,1.0
ETS2,A,ERG,1.0
ETS2,A,FLI1,1.0
ETS2,A,FOS,1.0
ETS2,A,FOSL1,1.0
ETS2,A,ICAM1,1.0
ETS2,A,IL12B,1.0
ETS2,A,IL5,1.0
ETS2,A,JAK3,1.0
ETS2,A,MDM2,1.0
ETS2,A,MMP3,1.0
ETS2,A,MMP9,1.0
ETS2,A,MSR1,1.0
ETS2,A,MYC,1.0
ETS2,A,PDE7A,1.0
ETS2,A,PSEN1,1.0
ETS2,A,PTHLH,1.0
ETS2,A,TERT,1.0
ETS2,A,TP53,1.0
ETS2,A,VWF,1.0
ETV1,C,ADAMTSL3,1.0
ETV1,C,ANKRD44,1.0
ETV1,C,BIRC6,1.0
ETV1,C,CDK18,1.0
ETV1,C,CGGBP1,1.0
ETV1,C,COQ8A,1.0
ETV1,C,CTTN,1.0
ETV1,C,DUSP6,1.0
ETV1,C,ERCC1,1.0
ETV1,C,FMR1,1.0
ETV1,C,IQGAP2,1.0
ETV1,C,ISG20L2,1.0
ETV1,C,JMJD6,1.0
ETV1,C,KCNN3,1.0
ETV1,C,KDM5A,1.0
ETV1,C,LIMCH1,1.0
ETV1,C,MATN2,1.0
ETV1,C,MZF1,1.0
ETV1,C,NAV1,1.0
ETV1,C,NFIA,1.0
ETV1,C,NSMCE1,1.0
ETV1,C,PDE9A,1.0
ETV1,C,RAP1GAP,1.0
ETV1,C,SEC14L1,1.0
ETV1,C,TANK,1.0
ETV1,C,TCF4,1.0
ETV1,C,TNIK,1.0
ETV1,C,UTRN,1.0
ETV1,C,WDR37,1.0
ETV4,A,AGTR1,1.0
ETV4,A,BDKRB1,1.0
ETV4,A,ERBB2,-1.0
ETV4,A,ETS1,1.0
ETV4,A,MMP2,1.0
ETV4,A,MMP7,1.0
ETV4,A,MUC4,1.0
ETV4,A,PLAUR,1.0
ETV4,A,PTGS2,1.0
ETV4,A,SYN2,1.0
ETV4,A,TGFBR2,1.0
ETV4,A,TIMP2,1.0
ETV4,A,TNF,1.0
ETV4,A,VIM,1.0
ETV4,A,WT1,1.0
FLI1,A,ERG,1.0
FLI1,A,EYA3,1.0
FLI1,A,FOS,1.0
FLI1,A,GATA1,1.0
FLI1,A,GP6,1.0
FLI1,A,GP9,1.0
FLI1,A,HMOX1,1.0
FLI1,A,ID2,1.0
FLI1,A,IGFBP3,-1.0
FLI1,A,ITGA2B,1.0
FLI1,A,MPL,1.0
FLI1,A,TERT,1.0
FLI1,A,TGFBR2,1.0
FOS,A,ACP5,1.0
FOS,A,ACTA1,1.0
FOS,A,ARNT,1.0
FOS,A,BATF3,1.0
FOS,A,BCL2L1,1.0
FOS,A,BCL2L11,1.0
FOS,A,CCL2,1.0
FOS,A,CCL5,1.0
FOS,A,CCND1,-1.0
FOS,A,CD40LG,1.0
FOS,A,CD69,1.0
FOS,A,CDH1,1.0
FOS,A,CDK4,1.0
FOS,A,CDKN1A,1.0
FOS,A,CLU,-1.0
FOS,A,CREM,1.0
FOS,A,CSF2,1.0
FOS,A,CSTA,1.0
FOS,A,CTSL,1.0
FOS,A,CXCL8,1.0
FOS,A,DDIT3,1.0
FOS,A,ERCC1,1.0
FOS,A,ERCC4,1.0
FOS,A,EZR,1.0
FOS,A,FAS,1.0
FOS,A,FASLG,1.0
FOS,A,FASN,1.0
FOS,A,FGF2,1.0
FOS,A,FOSL1,1.0
FOS,A,FOXA1,1.0
FOS,A,GATA3,1.0
FOS,A,GREB1,1.0
FOS,A,GSTP1,1.0
FOS,A,HLA-DRA,1.0
FOS,A,HSPA1A,1.0
FOS,A,HSPH1,1.0
FOS,A,IL12A,1.0
FOS,A,IL12B,1.0
FOS,A,IL1A,1.0
FOS,A,IL1B,1.0
FOS,A,IL2,1.0
FOS,A,IL2RA,1.0
FOS,A,IL4R,1.0
FOS,A,IL6,1.0
FOS,A,ITGA5,1.0
FOS,A,LOXL4,1.0
FOS,A,LRIG2,1.0
FOS,A,MAF,1.0
FOS,A,MELTF,1.0
FOS,A,MMP1,1.0
FOS,A,MMP2,1.0
FOS,A,MMP3,1.0
FOS,A,MMP7,1.0
FOS,A,MMP9,1.0
FOS,A,MYC,-1.0
FOS,A,NAT1,1.0
FOS,A,NEFL,1.0
FOS,A,NFATC1,1.0
FOS,A,NFKB1,-1.0
FOS,A,NGF,1.0
FOS,A,NOS1,1.0
FOS,A,NOS2,1.0
FOS,A,NPPA,1.0
FOS,A,NQO1,1.0
FOS,A,NR3C1,1.0
FOS,A,NTF3,1.0
FOS,A,NTS,1.0
FOS,A,PDGFB,1.0
FOS,A,PDHA1,1.0
FOS,A,PENK,1.0
FOS,A,PGR,1.0
FOS,A,PLA2G4A,1.0
FOS,A,PLAU,1.0
FOS,A,PLAUR,1.0
FOS,A,PPARD,1.0
FOS,A,PTGS2,1.0
FOS,A,RUNX2,1.0
FOS,A,SMAD4,1.0
FOS,A,SMAD7,1.0
FOS,A,SP3,1.0
FOS,A,SPRR3,1.0
FOS,A,SRR,1.0
FOS,A,STAR,1.0
FOS,A,STIM1,1.0
FOS,A,TNFAIP6,1.0
FOS,A,TP53,1.0
FOS,A,UBP1,1.0
FOS,A,VDR,1.0
FOS,A,VEGFA,1.0
FOS,A,VEGFD,1.0
FOSL1,A,CDKN2A,1.0
FOSL1,A,CLU,1.0
FOSL1,A,ELN,1.0
FOSL1,A,GCLC,1.0
FOSL1,A,IL6,1.0
FOSL1,A,ITGB3,-1.0
FOSL1,A,IVL,1.0
FOSL1,A,MMP1,1.0
FOSL1,A,MMP9,1.0
FOSL1,A,NQO1,1.0
FOSL1,A,PLAUR,1.0
FOSL2,A,BCL6,1.0
FOSL2,A,BRCA1,1.0
FOSL2,A,CCR4,1.0
FOSL2,A,CLU,1.0
FOSL2,A,FOSL1,1.0
FOSL2,A,IVL,1.0
FOSL2,A,MMP13,1.0
FOSL2,A,NOS2,1.0
FOSL2,A,PLAUR,1.0
FOSL2,A,UGT2B15,1.0
FOXA1,A,ABCA1,-1.0
FOXA1,A,AGR2,1.0
FOXA1,A,APOA1,1.0
FOXA1,A,APOB,1.0
FOXA1,A,BCL2,-1.0
FOXA1,A,BRCA1,1.0
FOXA1,A,CCNG2,1.0
FOXA1,A,CEBPA,1.0
FOXA1,A,CFTR,-1.0
FOXA1,A,CYP7A1,1.0
FOXA1,A,ERBB3,1.0
FOXA1,A,ESR1,1.0
FOXA1,A,FOXC1,1.0
FOXA1,A,G6PC,1.0
FOXA1,A,GREB1,1.0
FOXA1,A,HSPA1A,1.0
FOXA1,A,IFI27,1.0
FOXA1,A,KLK3,1.0
FOXA1,A,KRT7,1.0
FOXA1,A,MUC4,1.0
FOXA1,A,MYC,1.0
FOXA1,A,NF1,1.0
FOXA1,A,PDX1,1.0
FOXA1,A,RET,1.0
FOXA1,A,RPRM,-1.0
FOXA1,A,SCGB1A1,1.0
FOXA1,A,SFTPB,1.0
FOXA1,A,TFF1,1.0
FOXA1,A,TTR,1.0
FOXA1,A,UGT2B15,1.0
FOXA1,A,UGT2B17,1.0
FOXA2,B,APOA1,1.0
FOXA2,B,CDH1,1.0
FOXA2,B,CFTR,-1.0
FOXA2,B,CYP7A1,1.0
FOXA2,B,G6PC,1.0
FOXA2,B,HHEX,1.0
FOXA2,B,MUC4,1.0
FOXA2,B,PDX1,1.0
FOXA2,B,TTR,1.0
FOXA2,B,TCF7L2,1.0
FOXA2,B,WWC1,1.0
FOXJ2,C,SUN1,1.0
FOXJ2,C,ANTXR2,1.0
FOXJ2,C,ARID4A,1.0
FOXJ2,C,AZI2,1.0
FOXJ2,C,BFSP1,1.0
FOXJ2,C,CC2D2A,1.0
FOXJ2,C,CFAP69,1.0
FOXJ2,C,CFAP94,1.0
FOXJ2,C,CRB1,1.0
FOXJ2,C,CWC27,1.0
FOXJ2,C,DNAJC16,1.0
FOXJ2,C,ERMN,1.0
FOXJ2,C,FAM13A,1.0
FOXJ2,C,FAM81B,1.0
FOXJ2,C,FHL1,1.0
FOXJ2,C,FOXP1,1.0
FOXJ2,C,HBP1,1.0
FOXJ2,C,HIBADH,1.0
FOXJ2,C,JAK1,1.0
FOXJ2,C,LRBA,1.0
FOXJ2,C,MAK,1.0
FOXJ2,C,OSR2,1.0
FOXJ2,C,OTUD5,1.0
FOXJ2,C,PCGF5,1.0
FOXJ2,C,PER1,1.0
FOXJ2,C,PIK3CA,1.0
FOXJ2,C,PRPF8,1.0
FOXJ2,C,QTRT2,1.0
FOXJ2,C,RHOBTB1,1.0
FOXJ2,C,SAMSN1,1.0
FOXJ2,C,SELENOP,1.0
FOXJ2,C,STAG2,1.0
FOXJ2,C,TNRC18,1.0
FOXJ2,C,TNXB,1.0
FOXJ2,C,TRA2A,1.0
FOXJ2,C,WEE1,1.0
FOXJ2,C,ZBTB20,1.0
FOXK2,C,AKT2,1.0
FOXK2,C,ANKRD11,1.0
FOXK2,C,ARID5B,1.0
FOXK2,C,ATF7IP2,1.0
FOXK2,C,CLEC16A,1.0
FOXK2,C,CMBL,1.0
FOXK2,C,CTTN,1.0
FOXK2,C,DIXDC1,1.0
FOXK2,C,DNAJB6,1.0
FOXK2,C,DPP9,1.0
FOXK2,C,FDFT1,1.0
FOXK2,C,FOXK1,1.0
FOXK2,C,GATAD2A,1.0
FOXK2,C,HNRNPF,1.0
FOXK2,C,ITPR1,1.0
FOXK2,C,KDM6B,1.0
FOXK2,C,LDLR,1.0
FOXK2,C,MARCHF3,1.0
FOXK2,C,MARK2,1.0
FOXK2,C,MED15,1.0
FOXK2,C,MGRN1,1.0
FOXK2,C,MNT,1.0
FOXK2,C,MTHFR,1.0
FOXK2,C,NEDD4L,1.0
FOXK2,C,NSUN4,1.0
FOXK2,C,OSBPL9,1.0
FOXK2,C,PCBP1,1.0
FOXK2,C,PHF12,1.0
FOXK2,C,PI4KA,1.0
FOXK2,C,PICALM,1.0
FOXK2,C,POR,1.0
FOXK2,C,PTP4A2,1.0
FOXK2,C,SEMA4B,1.0
FOXK2,C,SMURF1,1.0
FOXK2,C,SNAP23,1.0
FOXK2,C,ST7,1.0
FOXK2,C,STAT3,1.0
FOXK2,C,TLE3,1.0
FOXK2,C,TLK1,1.0
FOXK2,C,TPM3,1.0
FOXK2,C,TRAPPC10,1.0
FOXK2,C,TSC22D2,1.0
FOXK2,C,TXNIP,1.0
FOXK2,C,UBE2D3,1.0
FOXK2,C,USP42,1.0
FOXK2,C,VPS13D,1.0
FOXK2,C,WEE1,1.0
FOXK2,C,XPO7,1.0
FOXK2,C,XXYLT1,1.0
FOXK2,C,ZNF131,1.0
FOXK2,C,ZSCAN31,1.0
FOXL2,A,AMH,1.0
FOXL2,A,ATF3,1.0
FOXL2,A,BCL2A1,1.0
FOXL2,A,CCL20,1.0
FOXL2,A,CCL3,1.0
FOXL2,A,CCL3L1,1.0
FOXL2,A,CCL3L3,1.0
FOXL2,A,CH25H,1.0
FOXL2,A,CXCL2,1.0
FOXL2,A,CXCL3,1.0
FOXL2,A,CYP17A1,1.0
FOXL2,A,CYP19A1,-1.0
FOXL2,A,FOS,1.0
FOXL2,A,FSHB,1.0
FOXL2,A,IER3,1.0
FOXL2,A,IFNL1,1.0
FOXL2,A,IL11,1.0
FOXL2,A,NR5A2,1.0
FOXL2,A,PPARGC1A,1.0
FOXL2,A,PTGS2,1.0
FOXL2,A,SIRT1,1.0
FOXL2,A,SOD2,1.0
FOXL2,A,TNFAIP3,1.0
FOXM1,A,AURKB,1.0
FOXM1,A,BIRC5,1.0
FOXM1,A,BMI1,1.0
FOXM1,A,BRCA2,1.0
FOXM1,A,CCNB1,1.0
FOXM1,A,CCND1,1.0
FOXM1,A,CCND2,1.0
FOXM1,A,CDC25A,1.0
FOXM1,A,CDC25B,1.0
FOXM1,A,CDC25C,1.0
FOXM1,A,CDC6,1.0
FOXM1,A,CDK1,1.0
FOXM1,A,CDKN1A,1.0
FOXM1,A,CDKN1B,1.0
FOXM1,A,CDX2,1.0
FOXM1,A,CENPA,1.0
FOXM1,A,CENPB,1.0
FOXM1,A,CENPF,1.0
FOXM1,A,CKS1B,1.0
FOXM1,A,CYP7A1,1.0
FOXM1,A,ESR1,1.0
FOXM1,A,FOS,1.0
FOXM1,A,FOXF1,1.0
FOXM1,A,ITGB1,1.0
FOXM1,A,LAMA2,1.0
FOXM1,A,LAMA4,1.0
FOXM1,A,MMP2,1.0
FOXM1,A,MYC,1.0
FOXM1,A,ONECUT1,1.0
FOXM1,A,PECAM1,1.0
FOXM1,A,PLK1,1.0
FOXM1,A,SKP2,1.0
FOXM1,A,VEGFA,1.0
FOXM1,A,XRCC1,1.0
FOXO1,A,ABCB1,1.0
FOXO1,A,AGRP,1.0
FOXO1,A,ALPI,1.0
FOXO1,A,ANGPT2,1.0
FOXO1,A,BCL2L11,1.0
FOXO1,A,CAV1,1.0
FOXO1,A,CCNB1,-1.0
FOXO1,A,CCNB2,-1.0
FOXO1,A,CCND1,-1.0
FOXO1,A,CCND2,-1.0
FOXO1,A,CCNG2,1.0
FOXO1,A,CDKN1A,1.0
FOXO1,A,CDKN1B,1.0
FOXO1,A,CDKN1C,1.0
FOXO1,A,CDKN2B,1.0
FOXO1,A,CDKN2D,1.0
FOXO1,A,CNOT8,1.0
FOXO1,A,CNR1,-1.0
FOXO1,A,DAAM1,1.0
FOXO1,A,DAPK1,1.0
FOXO1,A,DUSP4,-1.0
FOXO1,A,EIF4EBP1,1.0
FOXO1,A,G6PC,1.0
FOXO1,A,IGFBP1,1.0
FOXO1,A,IL1B,1.0
FOXO1,A,KLF2,1.0
FOXO1,A,MCM5,-1.0
FOXO1,A,NOS3,1.0
FOXO1,A,PCK1,1.0
FOXO1,A,PCK2,1.0
FOXO1,A,PDK4,1.0
FOXO1,A,PPARG,1.0
FOXO1,A,PRL,1.0
FOXO1,A,RAG1,1.0
FOXO1,A,RPS6KA3,1.0
FOXO1,A,SCP2,1.0
FOXO1,A,SELENOP,1.0
FOXO1,A,SELL,1.0
FOXO1,A,TIMP3,-1.0
FOXO1,A,TMEM47,1.0
FOXO1,A,TNFSF10,1.0
FOXO1,A,TRIM63,1.0
FOXO1,A,TXNIP,-1.0
FOXO3,A,ABCB1,1.0
FOXO3,A,AR,1.0
FOXO3,A,BCL2L11,1.0
FOXO3,A,BCL6,1.0
FOXO3,A,BNIP3L,1.0
FOXO3,A,CAT,1.0
FOXO3,A,CBLB,1.0
FOXO3,A,CCND1,-1.0
FOXO3,A,CCND2,-1.0
FOXO3,A,CCNG2,1.0
FOXO3,A,CDKN1A,1.0
FOXO3,A,CDKN2B,1.0
FOXO3,A,CDKN2D,1.0
FOXO3,A,CITED2,1.0
FOXO3,A,DUSP5,1.0
FOXO3,A,DUSP6,1.0
FOXO3,A,ESR1,1.0
FOXO3,A,FASLG,1.0
FOXO3,A,FBXO32,1.0
FOXO3,A,FOXO1,1.0
FOXO3,A,G6PC,1.0
FOXO3,A,GADD45A,1.0
FOXO3,A,GALT,1.0
FOXO3,A,HBP1,1.0
FOXO3,A,ID1,1.0
FOXO3,A,JAK1,1.0
FOXO3,A,KLF4,1.0
FOXO3,A,NOS3,1.0
FOXO3,A,PIK3CA,1.0
FOXO3,A,PINK1,1.0
FOXO3,A,PLAU,-1.0
FOXO3,A,PRDX3,1.0
FOXO3,A,RBL2,1.0
FOXO3,A,SIRT1,1.0
FOXO3,A,SOD2,1.0
FOXO3,A,STK11,1.0
FOXO3,A,TNFSF10,1.0
FOXO3,A,TXNIP,1.0
FOXO4,A,BCL2L11,1.0
FOXO4,A,BCL6,1.0
FOXO4,A,CDKN1A,1.0
FOXO4,A,CDKN1B,1.0
FOXO4,A,G6PC,1.0
FOXO4,A,GADD45A,1.0
FOXO4,A,IGFBP1,1.0
FOXO4,A,PCK2,1.0
FOXO4,A,PPARGC1A,1.0
FOXO4,A,RBL2,1.0
FOXO4,A,SCP2,1.0
FOXO4,A,SOD2,1.0
FOXO4,A,SPRY2,1.0
FOXO4,A,TNFSF10,1.0
FOXP1,B,CDKN1A,-1.0
FOXP1,B,CSF1R,-1.0
FOXP1,B,IL2,-1.0
FOXP1,B,KLK3,-1.0
FOXP1,B,RAG1,-1.0
FOXP1,B,SFTPC,-1.0
FOXP1,B,TCF4,-1.0
FOXP1,B,ACSL3,-1.0
FOXP1,B,ACTR3,-1.0
FOXP1,B,ADGRL2,-1.0
FOXP1,B,AFF1,-1.0
FOXP1,B,AFF3,-1.0
FOXP1,B,AGAP1,-1.0
FOXP1,B,AMPD3,-1.0
FOXP1,B,ANGPT1,-1.0
FOXP1,B,ANKRD28,-1.0
FOXP1,B,AP3B1,-1.0
FOXP1,B,ARHGAP32,-1.0
FOXP1,B,ARID1A,-1.0
FOXP1,B,ARID5B,-1.0
FOXP1,B,AUTS2,-1.0
FOXP1,B,AZIN1,-1.0
FOXP1,B,BACH1,-1.0
FOXP1,B,BACH2,-1.0
FOXP1,B,BBC3,-1.0
FOXP1,B,BCAS3,-1.0
FOXP1,B,BCL11A,-1.0
FOXP1,B,BIRC6,-1.0
FOXP1,B,BNC2,-1.0
FOXP1,B,CAB39,-1.0
FOXP1,B,CACNA2D3,-1.0
FOXP1,B,CADM1,-1.0
FOXP1,B,CAMK2D,-1.0
FOXP1,B,CASZ1,-1.0
FOXP1,B,CDK6,-1.0
FOXP1,B,CEP112,-1.0
FOXP1,B,CHD2,-1.0
FOXP1,B,CHD9,-1.0
FOXP1,B,CHN1,-1.0
FOXP1,B,CHN2,-1.0
FOXP1,B,CLASP2,-1.0
FOXP1,B,CREB5,-1.0
FOXP1,B,CRYBG1,-1.0
FOXP1,B,CUL3,-1.0
FOXP1,B,DIP2B,-1.0
FOXP1,B,DLGAP1,-1.0
FOXP1,B,DOCK4,-1.0
FOXP1,B,DST,-1.0
FOXP1,B,EFNA5,-1.0
FOXP1,B,EGLN3,-1.0
FOXP1,B,EIF3H,-1.0
FOXP1,B,EIF4G3,-1.0
FOXP1,B,ELF2,-1.0
FOXP1,B,EPB41L2,-1.0
FOXP1,B,EPRS1,-1.0
FOXP1,B,ERC2,-1.0
FOXP1,B,FAM13A,-1.0
FOXP1,B,FAT1,-1.0
FOXP1,B,FCHSD2,-1.0
FOXP1,B,FNDC3B,-1.0
FOXP1,B,FOCAD,-1.0
FOXP1,B,FOXN3,-1.0
FOXP1,B,GBE1,-1.0
FOXP1,B,GLIS3,-1.0
FOXP1,B,GPBP1L1,-1.0
FOXP1,B,GSE1,-1.0
FOXP1,B,GTDC1,-1.0
FOXP1,B,HECTD1,-1.0
FOXP1,B,HIVEP2,-1.0
FOXP1,B,IGF1R,-1.0
FOXP1,B,ITGA4,-1.0
FOXP1,B,ITPR1,-1.0
FOXP1,B,JADE2,-1.0
FOXP1,B,KDM4C,-1.0
FOXP1,B,KIAA1217,-1.0
FOXP1,B,LAMC1,-1.0
FOXP1,B,LARGE1,-1.0
FOXP1,B,LIMCH1,-1.0
FOXP1,B,LIMS1,-1.0
FOXP1,B,LNX1,-1.0
FOXP1,B,LRIG1,-1.0
FOXP1,B,LSAMP,-1.0
FOXP1,B,LTBP1,-1.0
FOXP1,B,MAD1L1,-1.0
FOXP1,B,MAGI1,-1.0
FOXP1,B,MALAT1,-1.0
FOXP1,B,MAML3,-1.0
FOXP1,B,MAP2,-1.0
FOXP1,B,MCTP1,-1.0
FOXP1,B,MCTP2,-1.0
FOXP1,B,MECOM,-1.0
FOXP1,B,MIPOL1,-1.0
FOXP1,B,MIR99AHG,-1.0
FOXP1,B,MPZL1,-1.0
FOXP1,B,MSI2,-1.0
FOXP1,B,MTA3,-1.0
FOXP1,B,NAV2,-1.0
FOXP1,B,NCOR2,-1.0
FOXP1,B,NPAS3,-1.0
FOXP1,B,NRP2,-1.0
FOXP1,B,NRXN3,-1.0
FOXP1,B,NUP98,-1.0
FOXP1,B,PACS1,-1.0
FOXP1,B,PARP1,-1.0
FOXP1,B,PDE4B,-1.0
FOXP1,B,PDS5B,-1.0
FOXP1,B,PHLPP1,-1.0
FOXP1,B,PHTF2,-1.0
FOXP1,B,PIK3R1,-1.0
FOXP1,B,PIP4K2A,-1.0
FOXP1,B,PLCB1,-1.0
FOXP1,B,PMAIP1,-1.0
FOXP1,B,POU2F1,-1.0
FOXP1,B,PPP1R12A,-1.0
FOXP1,B,PREX1,-1.0
FOXP1,B,PRKCB,-1.0
FOXP1,B,PRPF31,-1.0
FOXP1,B,PTCH1,-1.0
FOXP1,B,PVT1,-1.0
FOXP1,B,RABGAP1L,-1.0
FOXP1,B,RAD51B,-1.0
FOXP1,B,RAPGEF1,-1.0
FOXP1,B,RAPGEF4,-1.0
FOXP1,B,RAPGEF5,-1.0
FOXP1,B,RBPJ,-1.0
FOXP1,B,RBPMS,-1.0
FOXP1,B,RERE,-1.0
FOXP1,B,RFTN1,-1.0
FOXP1,B,RIN2,-1.0
FOXP1,B,ROCK1,-1.0
FOXP1,B,ROR2,-1.0
FOXP1,B,RPTOR,-1.0
FOXP1,B,RUNX1,-1.0
FOXP1,B,SDK2,-1.0
FOXP1,B,SEPTIN9,-1.0
FOXP1,B,SHANK2,-1.0
FOXP1,B,SLC22A23,-1.0
FOXP1,B,SMARCC1,-1.0
FOXP1,B,SND1,-1.0
FOXP1,B,SNX25,-1.0
FOXP1,B,SORL1,-1.0
FOXP1,B,SPAG9,-1.0
FOXP1,B,SPIDR,-1.0
FOXP1,B,SSBP2,-1.0
FOXP1,B,STAG1,-1.0
FOXP1,B,STAG2,-1.0
FOXP1,B,STAT3,-1.0
FOXP1,B,STIM2,-1.0
FOXP1,B,SVIL,-1.0
FOXP1,B,TBC1D2B,-1.0
FOXP1,B,TBXAS1,-1.0
FOXP1,B,TCF12,-1.0
FOXP1,B,TENM4,-1.0
FOXP1,B,THADA,-1.0
FOXP1,B,TPD52,-1.0
FOXP1,B,TPP2,-1.0
FOXP1,B,TRAPPC9,-1.0
FOXP1,B,TXNRD1,-1.0
FOXP1,B,U2SURP,-1.0
FOXP1,B,UBE3C,-1.0
FOXP1,B,UST,-1.0
FOXP1,B,UTRN,-1.0
FOXP1,B,VGLL4,-1.0
FOXP1,B,VPS13A,-1.0
FOXP1,B,VPS13C,-1.0
FOXP1,B,VPS41,-1.0
FOXP1,B,WNK1,-1.0
FOXP1,B,XXYLT1,-1.0
FOXP1,B,YPEL3,-1.0
FOXP1,B,ZBTB16,-1.0
FOXP1,B,ZFAT,-1.0
FOXP1,B,ZFP36L1,-1.0
FOXP1,B,ZMYM2,-1.0
FOXP1,B,ZNF608,-1.0
FOXP2,C,CNTNAP2,-1.0
FOXP2,C,MET,-1.0
FOXP2,C,PLAUR,1.0
FOXP2,C,ACOT7,-1.0
FOXP2,C,ARHGEF4,-1.0
FOXP2,C,CDKN1A,-1.0
FOXP2,C,DIP2C,-1.0
FOXP2,C,FOXO3,-1.0
FOXP2,C,FOXP1,-1.0
FOXP2,C,FYN,-1.0
FOXP2,C,GNAS,-1.0
FOXP2,C,HIVEP3,-1.0
FOXP2,C,IGF1R,-1.0
FOXP2,C,KLHL23,-1.0
FOXP2,C,MEIS2,-1.0
FOXP2,C,MGAT1,-1.0
FOXP2,C,MXI1,-1.0
FOXP2,C,NECTIN2,-1.0
FOXP2,C,NETO1,-1.0
FOXP2,C,NR3C1,-1.0
FOXP2,C,PBX1,-1.0
FOXP2,C,PLEKHA5,-1.0
FOXP2,C,PTCH1,-1.0
FOXP2,C,RBFOX2,-1.0
FOXP2,C,RIPOR1,-1.0
FOXP2,C,RORA,-1.0
FOXP2,C,RUNX1,-1.0
FOXP2,C,SLC1A5,-1.0
FOXP2,C,SLC8A2,-1.0
FOXP2,C,STAT1,-1.0
FOXP2,C,TCF4,-1.0
FOXP2,C,TFAP4,-1.0
FOXP2,C,TGIF1,-1.0
FOXP2,C,TRIO,-1.0
FOXP2,C,ZBTB4,-1.0
FOXP2,C,ZNF395,-1.0
GABPA,C,BRCA1,1.0
GABPA,C,TOMM70,1.0
GABPA,C,CDK13,1.0
GABPA,C,AAK1,1.0
GABPA,C,ACTB,1.0
GABPA,C,ARHGEF4,1.0
GABPA,C,ARHGEF7,1.0
GABPA,C,ARPC5L,1.0
GABPA,C,ASPSCR1,1.0
GABPA,C,BICRAL,1.0
GABPA,C,CAP1,1.0
GABPA,C,CBX8,1.0
GABPA,C,CCDC171,1.0
GABPA,C,DLG1,1.0
GABPA,C,DOCK4,1.0
GABPA,C,EFR3A,1.0
GABPA,C,ELOVL6,1.0
GABPA,C,ERBB2,1.0
GABPA,C,ERCC1,1.0
GABPA,C,EXOC6,1.0
GABPA,C,FRYL,1.0
GABPA,C,IPO11,1.0
GABPA,C,LARP4B,1.0
GABPA,C,LIG4,1.0
GABPA,C,LSM4,1.0
GABPA,C,MAD2L1BP,1.0
GABPA,C,MARK2,1.0
GABPA,C,MBNL1,1.0
GABPA,C,MED15,1.0
GABPA,C,NCOA2,1.0
GABPA,C,NEK7,1.0
GABPA,C,NFIB,1.0
GABPA,C,NIPBL,1.0
GABPA,C,NSD3,1.0
GABPA,C,OXR1,1.0
GABPA,C,PNKP,1.0
GABPA,C,PTK2B,1.0
GABPA,C,PTPN12,1.0
GABPA,C,PTTG1IP,1.0
GABPA,C,RABGEF1,1.0
GABPA,C,RNF38,1.0
GABPA,C,SEC31A,1.0
GABPA,C,STIM2,1.0
GABPA,C,TBC1D5,1.0
GABPA,C,TCF12,1.0
GABPA,C,TM9SF3,1.0
GABPA,C,TRAPPC10,1.0
GABPA,C,TSNARE1,1.0
GABPA,C,UBR4,1.0
GABPA,C,UTRN,1.0
GABPA,C,VPS13B,1.0
GABPA,C,VPS53,1.0
GABPA,C,WDR37,1.0
GABPA,C,ZNF280D,1.0
GATA1,A,AGGF1,1.0
GATA1,A,ALAS2,1.0
GATA1,A,CCR3,1.0
GATA1,A,COPS5,1.0
GATA1,A,CYBB,1.0
GATA1,A,EPO,1.0
GATA1,A,GFI1B,1.0
GATA1,A,GP6,1.0
GATA1,A,HBB,1.0
GATA1,A,HBG1,1.0
GATA1,A,HEMGN,-1.0
GATA1,A,NFE2,1.0
GATA1,A,PF4,1.0
GATA1,A,TBXA2R,1.0
GATA1,A,WT1,1.0
GATA2,A,ACKR1,1.0
GATA2,A,ADH1A,1.0
GATA2,A,AMOTL1,1.0
GATA2,A,ANGPT2,1.0
GATA2,A,APEX1,-1.0
GATA2,A,AR,1.0
GATA2,A,ARRDC4,1.0
GATA2,A,CCM2,-1.0
GATA2,A,CCRL2,1.0
GATA2,A,CTSH,1.0
GATA2,A,CYBB,-1.0
GATA2,A,DPYSL2,1.0
GATA2,A,EFCAB2,-1.0
GATA2,A,ELMO1,1.0
GATA2,A,EPO,-1.0
GATA2,A,FCER1A,1.0
GATA2,A,FDPS,1.0
GATA2,A,FOXO3,1.0
GATA2,A,GATA1,1.0
GATA2,A,GPR146,1.0
GATA2,A,GULP1,-1.0
GATA2,A,HMGB1,1.0
GATA2,A,HTR5A,1.0
GATA2,A,ICAM4,1.0
GATA2,A,IL1RL1,1.0
GATA2,A,LYL1,1.0
GATA2,A,MS4A2,1.0
GATA2,A,MYC,1.0
GATA2,A,NOS3,1.0
GATA2,A,PECAM1,1.0
GATA2,A,PLSCR2,1.0
GATA2,A,PNPLA8,-1.0
GATA2,A,PPARG,-1.0
GATA2,A,PPP1R15A,1.0
GATA2,A,PSD4,1.0
GATA2,A,SGK1,-1.0
GATA2,A,TGFB2,-1.0
GATA2,A,TNFAIP8L1,1.0
GATA2,A,VWA5A,1.0
GATA2,A,WT1,1.0
GATA3,A,ABCC2,1.0
GATA3,A,ANXA2P3,1.0
GATA3,A,APBA1,1.0
GATA3,A,ARNT2,1.0
GATA3,A,ATP2B1,1.0
GATA3,A,ATXN10,1.0
GATA3,A,BCAS3,1.0
GATA3,A,BLCAP,1.0
GATA3,A,BPIFB1,1.0
GATA3,A,CD40LG,1.0
GATA3,A,CD8A,1.0
GATA3,A,CD8B,1.0
GATA3,A,CDH1,1.0
GATA3,A,CDX2,1.0
GATA3,A,EDN1,1.0
GATA3,A,EGFR,1.0
GATA3,A,EPHA7,1.0
GATA3,A,EPO,-1.0
GATA3,A,EPOR,1.0
GATA3,A,ERG,1.0
GATA3,A,ESR1,1.0
GATA3,A,FBXO11,1.0
GATA3,A,FN1,1.0
GATA3,A,FNDC3B,1.0
GATA3,A,FOXC1,-1.0
GATA3,A,GALNT10,1.0
GATA3,A,GCNT4,1.0
GATA3,A,GREB1,1.0
GATA3,A,GRM7,1.0
GATA3,A,IFNG,1.0
GATA3,A,IL12RB2,-1.0
GATA3,A,IL13,1.0
GATA3,A,IL2RA,1.0
GATA3,A,IL4,1.0
GATA3,A,IL4R,1.0
GATA3,A,IL5,1.0
GATA3,A,ITPK1,1.0
GATA3,A,KMT2E,1.0
GATA3,A,MAF,1.0
GATA3,A,MDM2,1.0
GATA3,A,MYC,1.0
GATA3,A,MYRIP,1.0
GATA3,A,NCOA3,1.0
GATA3,A,NETO1,1.0
GATA3,A,NFKB1,1.0
GATA3,A,NRCAM,1.0
GATA3,A,PDE3A,1.0
GATA3,A,PDE7B,1.0
GATA3,A,PPARG,1.0
GATA3,A,RBMS1,1.0
GATA3,A,RHOH,1.0
GATA3,A,RPL29P19,1.0
GATA3,A,SEPTIN7,1.0
GATA3,A,SH3KBP1,1.0
GATA3,A,SLC24A3,1.0
GATA3,A,SLCO4C1,1.0
GATA3,A,SLIT2,1.0
GATA3,A,SPEF2,1.0
GATA3,A,SST,1.0
GATA3,A,ST8SIA6,1.0
GATA3,A,SVIL,1.0
GATA3,A,TCF7L2,1.0
GATA3,A,TEK,1.0
GATA3,A,TET2,1.0
GATA3,A,TFF1,1.0
GATA3,A,TGFBR3,1.0
GATA3,A,TLR5,1.0
GATA3,A,UST,1.0
GATA3,A,VAPB,1.0
GATA3,A,ZEB1,1.0
GATA3,A,ZNF217,1.0
GATA3,A,ZNF507,1.0
GATA3,A,ZXDC,1.0
GATA4,C,ADA,1.0
GATA4,C,CYP17A1,1.0
GATA4,C,ERBB2,-1.0
GATA4,C,IL5,1.0
GATA4,C,NOS3,1.0
GATA4,C,NPPA,1.0
GATA4,C,CLDN14,1.0
GATA4,C,CLDN6,1.0
GATA4,C,FLNB,1.0
GATA4,C,KIAA1217,1.0
GATA6,C,APOA1,1.0
GATA6,C,CYP17A1,1.0
GATA6,C,SEMA6A,1.0
GATA6,C,SVIL,1.0
GATA6,C,ABCC5,1.0
GATA6,C,ARHGAP42,1.0
GATA6,C,ATE1,1.0
GATA6,C,ATP2B1,1.0
GATA6,C,BARX2,1.0
GATA6,C,BCAR3,1.0
GATA6,C,BCAS3,1.0
GATA6,C,BHLHE40,1.0
GATA6,C,BMPR1B,1.0
GATA6,C,CEP128,1.0
GATA6,C,CLIC5,1.0
GATA6,C,CUX1,1.0
GATA6,C,DLC1,1.0
GATA6,C,DPYSL2,1.0
GATA6,C,FILIP1L,1.0
GATA6,C,FLNB,1.0
GATA6,C,GALNT2,1.0
GATA6,C,KRT18,1.0
GATA6,C,KRT8,1.0
GATA6,C,LMCD1,1.0
GATA6,C,MEF2C,1.0
GATA6,C,MICAL2,1.0
GATA6,C,MID1,1.0
GATA6,C,MYLK,1.0
GATA6,C,NR5A2,1.0
GATA6,C,PCSK5,1.0
GATA6,C,PDE4D,1.0
GATA6,C,PHLDB2,1.0
GATA6,C,PKDCC,1.0
GATA6,C,PKIB,1.0
GATA6,C,PLCB4,1.0
GATA6,C,PLEKHA7,1.0
GATA6,C,PRDM16,1.0
GATA6,C,PTK2B,1.0
GATA6,C,RBM47,1.0
GATA6,C,RGS3,1.0
GATA6,C,SEPTIN9,1.0
GATA6,C,SH3KBP1,1.0
GATA6,C,SH3RF2,1.0
GATA6,C,SIPA1L2,1.0
GATA6,C,SLC15A2,1.0
GATA6,C,SOX6,1.0
GATA6,C,SPTB,1.0
GATA6,C,STARD13,1.0
GATA6,C,SYNE1,1.0
GATA6,C,SYNE2,1.0
GATA6,C,TBC1D1,1.0
GATA6,C,TMSB4X,1.0
GATA6,C,ZFP36L1,1.0
GFI1B,C,MEF2C,-1.0
GFI1B,C,AHCYL2,1.0
GFI1B,C,AMBRA1,1.0
GFI1B,C,APLP2,1.0
GFI1B,C,BRD2,1.0
GFI1B,C,CPNE5,1.0
GFI1B,C,FOXP1,1.0
GFI1B,C,FRYL,1.0
GFI1B,C,HK1,1.0
GFI1B,C,HNRNPF,1.0
GFI1B,C,KCNN3,1.0
GFI1B,C,KSR1,1.0
GFI1B,C,LTBP4,1.0
GFI1B,C,MACF1,1.0
GFI1B,C,MGAT1,1.0
GFI1B,C,MYH9,1.0
GFI1B,C,NAV2,1.0
GFI1B,C,NEDD4L,1.0
GFI1B,C,PLB1,1.0
GFI1B,C,RERE,1.0
GFI1B,C,SGMS1,1.0
GFI1B,C,SMYD3,1.0
GFI1B,C,SND1,1.0
GFI1B,C,SSH1,1.0
GFI1B,C,STAT6,1.0
GFI1B,C,TMCC2,1.0
GFI1B,C,TRIM2,1.0
GFI1B,C,USP10,1.0
GFI1B,C,VPS13D,1.0
GLI2,A,BCL2,1.0
GLI2,A,CCND1,1.0
GLI2,A,COL5A2,1.0
GLI2,A,EFEMP1,-1.0
GLI2,A,FAS,-1.0
GLI2,A,FGF13,1.0
GLI2,A,FOXA2,1.0
GLI2,A,FOXE1,1.0
GLI2,A,FST,1.0
GLI2,A,GLI1,1.0
GLI2,A,IFNGR1,-1.0
GLI2,A,LUM,-1.0
GLI2,A,PCNA,1.0
GLI2,A,PTCH1,1.0
GLI2,A,UGCG,-1.0
GLI2,A,WNT2B,1.0
GRHL2,C,KIAA1522,1.0
GRHL2,C,LAD1,1.0
GRHL2,C,LIPH,1.0
GRHL2,C,ABCA4,1.0
GRHL2,C,ABLIM1,1.0
GRHL2,C,ADGRF1,1.0
GRHL2,C,AFAP1,1.0
GRHL2,C,ALCAM,1.0
GRHL2,C,ALK,1.0
GRHL2,C,ARHGAP32,1.0
GRHL2,C,ARHGEF4,1.0
GRHL2,C,ATP8B1,1.0
GRHL2,C,CALML3,1.0
GRHL2,C,CAST,1.0
GRHL2,C,CCDC12,1.0
GRHL2,C,CDCP1,1.0
GRHL2,C,CDH1,1.0
GRHL2,C,CLDN4,1.0
GRHL2,C,CTNNBIP1,1.0
GRHL2,C,CUEDC1,1.0
GRHL2,C,DENND2B,1.0
GRHL2,C,EHF,1.0
GRHL2,C,EPB41L1,1.0
GRHL2,C,ESYT2,1.0
GRHL2,C,ETV6,1.0
GRHL2,C,EVL,1.0
GRHL2,C,EXPH5,1.0
GRHL2,C,FAT2,1.0
GRHL2,C,FBLN2,1.0
GRHL2,C,GDPD5,1.0
GRHL2,C,GRAMD2B,1.0
GRHL2,C,GSN,1.0
GRHL2,C,HSPB1,1.0
GRHL2,C,IQSEC1,1.0
GRHL2,C,ITGB6,1.0
GRHL2,C,KIAA1217,1.0
GRHL2,C,LIMCH1,1.0
GRHL2,C,LIMK2,1.0
GRHL2,C,LPP,1.0
GRHL2,C,MACF1,1.0
GRHL2,C,MAL2,1.0
GRHL2,C,MAP4K4,1.0
GRHL2,C,MARK2,1.0
GRHL2,C,MECOM,1.0
GRHL2,C,MID1,1.0
GRHL2,C,MIDEAS,1.0
GRHL2,C,MYO5B,1.0
GRHL2,C,NCEH1,1.0
GRHL2,C,OSBPL3,1.0
GRHL2,C,PACSIN2,1.0
GRHL2,C,PCNX2,1.0
GRHL2,C,PKP1,1.0
GRHL2,C,PLB1,1.0
GRHL2,C,PLEKHA7,1.0
GRHL2,C,RBM47,1.0
GRHL2,C,RP1,1.0
GRHL2,C,SCEL,1.0
GRHL2,C,SCNN1A,1.0
GRHL2,C,SGMS1,1.0
GRHL2,C,SHANK2,1.0
GRHL2,C,SIPA1L3,1.0
GRHL2,C,SLC12A8,1.0
GRHL2,C,SLC22A23,1.0
GRHL2,C,SLC35F2,1.0
GRHL2,C,SLC3A2,1.0
GRHL2,C,SLC44A3,1.0
GRHL2,C,SLCO3A1,1.0
GRHL2,C,SPIDR,1.0
GRHL2,C,SPINT2,1.0
GRHL2,C,ST14,1.0
GRHL2,C,SULT2B1,1.0
GRHL2,C,TAF1B,1.0
GRHL2,C,TGFA,1.0
GRHL2,C,TIAM2,1.0
GRHL2,C,TMC1,1.0
GRHL2,C,TNS3,1.0
GRHL2,C,UMODL1,1.0
GRHL2,C,WWC1,1.0
GRHL2,C,ZNF608,1.0
HBP1,C,MIF,-1.0
HBP1,C,NCF1,-1.0
HBP1,C,RUNX1,1.0
HBP1,C,AFF1,-1.0
HBP1,C,ARID1B,-1.0
HBP1,C,ARID5B,-1.0
HBP1,C,ATAD2,-1.0
HBP1,C,CDK19,-1.0
HBP1,C,CITED2,-1.0
HBP1,C,CLN6,-1.0
HBP1,C,EHD1,-1.0
HBP1,C,ELF2,-1.0
HBP1,C,ERCC1,-1.0
HBP1,C,FOXO3,-1.0
HBP1,C,GABARAPL2,-1.0
HBP1,C,GNA13,-1.0
HBP1,C,GTF2I,-1.0
HBP1,C,HECTD1,-1.0
HBP1,C,HERC3,-1.0
HBP1,C,JMJD1C,-1.0
HBP1,C,KANK1,-1.0
HBP1,C,KLHDC2,-1.0
HBP1,C,LRCH1,-1.0
HBP1,C,MAP1LC3B,-1.0
HBP1,C,MXI1,-1.0
HBP1,C,NIPBL,-1.0
HBP1,C,P3H4,-1.0
HBP1,C,PHPT1,-1.0
HBP1,C,PJA2,-1.0
HBP1,C,PPM1A,-1.0
HBP1,C,PPM1D,-1.0
HBP1,C,RNF13,-1.0
HBP1,C,RNF38,-1.0
HBP1,C,SIN3A,-1.0
HBP1,C,SMARCA2,-1.0
HBP1,C,SQSTM1,-1.0
HBP1,C,TLK1,-1.0
HBP1,C,TOPORS,-1.0
HBP1,C,VPS26A,-1.0
HHEX,C,HNF4A,1.0
HHEX,C,TLE1,-1.0
HHEX,C,A2M,-1.0
HHEX,C,ACSS3,-1.0
HHEX,C,ADAP2,-1.0
HHEX,C,ELMO1,-1.0
HHEX,C,NINJ2,-1.0
HHEX,C,NR2F2,-1.0
HHEX,C,PLCG2,-1.0
HHEX,C,SLC23A2,-1.0
HHEX,C,WSCD1,-1.0
HIF1A,A,ABCA1,1.0
HIF1A,A,ABCB1,1.0
HIF1A,A,ABCG2,1.0
HIF1A,A,ADAM17,1.0
HIF1A,A,ADIPOQ,1.0
HIF1A,A,ADM,1.0
HIF1A,A,ADORA2B,1.0
HIF1A,A,AGT,1.0
HIF1A,A,ALAS2,1.0
HIF1A,A,ALDOA,1.0
HIF1A,A,ANGPT2,1.0
HIF1A,A,ANKRD37,1.0
HIF1A,A,APH1A,1.0
HIF1A,A,APLN,1.0
HIF1A,A,AQP1,1.0
HIF1A,A,AURKA,1.0
HIF1A,A,BAX,1.0
HIF1A,A,BCL2L1,1.0
HIF1A,A,BHLHE40,1.0
HIF1A,A,BHLHE41,1.0
HIF1A,A,BIRC5,1.0
HIF1A,A,BNIP3,1.0
HIF1A,A,BNIP3L,1.0
HIF1A,A,CA9,1.0
HIF1A,A,CCL2,1.0
HIF1A,A,CCN2,1.0
HIF1A,A,CCND1,-1.0
HIF1A,A,CD36,1.0
HIF1A,A,CDH13,1.0
HIF1A,A,CDKN1A,1.0
HIF1A,A,CDKN1B,1.0
HIF1A,A,CEACAM5,1.0
HIF1A,A,CITED2,1.0
HIF1A,A,COX4I1,1.0
HIF1A,A,COX4I2,1.0
HIF1A,A,CP,1.0
HIF1A,A,CXCL12,1.0
HIF1A,A,CXCR4,1.0
HIF1A,A,CYGB,1.0
HIF1A,A,DDIT4,1.0
HIF1A,A,E2F3,1.0
HIF1A,A,EDN1,1.0
HIF1A,A,EDNRB,1.0
HIF1A,A,EGLN1,1.0
HIF1A,A,EGLN3,1.0
HIF1A,A,ENG,1.0
HIF1A,A,ENO1,1.0
HIF1A,A,ENO2,1.0
HIF1A,A,EPO,1.0
HIF1A,A,ERCC6,1.0
HIF1A,A,ERRFI1,1.0
HIF1A,A,ETS1,1.0
HIF1A,A,FAM162A,1.0
HIF1A,A,FECH,1.0
HIF1A,A,FGF2,1.0
HIF1A,A,FHL1,1.0
HIF1A,A,FLT1,1.0
HIF1A,A,FOXM1,1.0
HIF1A,A,FURIN,1.0
HIF1A,A,GAPDH,1.0
HIF1A,A,GBE1,1.0
HIF1A,A,GCK,1.0
HIF1A,A,GFPT1,1.0
HIF1A,A,GPX3,1.0
HIF1A,A,GRIN1,1.0
HIF1A,A,GYS1,1.0
HIF1A,A,HEY1,1.0
HIF1A,A,HK1,1.0
HIF1A,A,HK2,1.0
HIF1A,A,HMGCR,1.0
HIF1A,A,HMOX1,1.0
HIF1A,A,HSP90B1,1.0
HIF1A,A,HSPA1B,1.0
HIF1A,A,ID2,1.0
HIF1A,A,IGFBP1,1.0
HIF1A,A,IL1B,1.0
HIF1A,A,IL20,1.0
HIF1A,A,ILK,1.0
HIF1A,A,ITGB1,1.0
HIF1A,A,ITGB2,1.0
HIF1A,A,KDM3A,1.0
HIF1A,A,KDM4B,1.0
HIF1A,A,KITLG,1.0
HIF1A,A,KLK3,1.0
HIF1A,A,LDHA,1.0
HIF1A,A,LEP,1.0
HIF1A,A,LGALS1,1.0
HIF1A,A,LOX,1.0
HIF1A,A,MCL1,1.0
HIF1A,A,MET,1.0
HIF1A,A,MIF,1.0
HIF1A,A,MMP14,1.0
HIF1A,A,MUC1,1.0
HIF1A,A,MUC5AC,1.0
HIF1A,A,NAMPT,1.0
HIF1A,A,NOS2,1.0
HIF1A,A,NOS3,1.0
HIF1A,A,NPM1,1.0
HIF1A,A,NPPB,1.0
HIF1A,A,NR3C1,1.0
HIF1A,A,NR4A1,1.0
HIF1A,A,NR4A3,1.0
HIF1A,A,NT5E,1.0
HIF1A,A,NTN1,1.0
HIF1A,A,NTRK1,1.0
HIF1A,A,PDK3,1.0
HIF1A,A,PFKFB3,1.0
HIF1A,A,PFKFB4,1.0
HIF1A,A,PFKL,1.0
HIF1A,A,PFKP,1.0
HIF1A,A,PGAM1,1.0
HIF1A,A,PGK1,1.0
HIF1A,A,PKM,1.0
HIF1A,A,PLA2G4A,1.0
HIF1A,A,PLAUR,1.0
HIF1A,A,PMAIP1,1.0
HIF1A,A,POLI,1.0
HIF1A,A,PPIA,1.0
HIF1A,A,PPP1R10,1.0
HIF1A,A,PPP1R3C,1.0
HIF1A,A,PPP5C,1.0
HIF1A,A,PTGS2,1.0
HIF1A,A,RNF7,1.0
HIF1A,A,RORA,1.0
HIF1A,A,SERPINE1,1.0
HIF1A,A,SLC11A1,1.0
HIF1A,A,SLC16A4,1.0
HIF1A,A,SLC2A1,1.0
HIF1A,A,SOCS1,1.0
HIF1A,A,SPHK1,1.0
HIF1A,A,STC2,1.0
HIF1A,A,TERT,1.0
HIF1A,A,TF,1.0
HIF1A,A,TFF3,1.0
HIF1A,A,TFRC,1.0
HIF1A,A,TGFB3,1.0
HIF1A,A,TIMP1,1.0
HIF1A,A,TLR2,1.0
HIF1A,A,TLR4,1.0
HIF1A,A,TLR6,1.0
HIF1A,A,TP53,1.0
HIF1A,A,TUBB3,1.0
HIF1A,A,TWIST1,1.0
HIF1A,A,VEGFA,1.0
HIF1A,A,VEGFB,1.0
HIF1A,A,VEGFD,1.0
HIF1A,A,VHL,1.0
HIF1A,A,ZNF217,1.0
HINFP,C,ABT1,1.0
HINFP,C,ACBD5,1.0
HINFP,C,ATF7IP2,1.0
HINFP,C,C2CD2L,1.0
HINFP,C,CCDC9,1.0
HINFP,C,CYB5R4,1.0
HINFP,C,GPN1,1.0
HINFP,C,IRAG1,1.0
HINFP,C,MPZL1,1.0
HINFP,C,PPP1R9B,1.0
HINFP,C,REEP5,1.0
HINFP,C,RUNX1,1.0
HINFP,C,SEPTIN9,1.0
HINFP,C,SUN2,1.0
HINFP,C,TBXAS1,1.0
HINFP,C,USP48,1.0
HMBOX1,C,NCOA4,-1.0
HMBOX1,C,PDE8A,-1.0
HMBOX1,C,ADCY10,-1.0
HMBOX1,C,AMBRA1,-1.0
HMBOX1,C,ASPH,-1.0
HMBOX1,C,CDKAL1,-1.0
HMBOX1,C,CHD2,-1.0
HMBOX1,C,CTBS,-1.0
HMBOX1,C,CYTH1,-1.0
HMBOX1,C,FOXP1,-1.0
HMBOX1,C,INTS6L,-1.0
HMBOX1,C,KDM4C,-1.0
HMBOX1,C,KSR1,-1.0
HMBOX1,C,PDE7A,-1.0
HMBOX1,C,PEAK1,-1.0
HMBOX1,C,PHF21A,-1.0
HMBOX1,C,RBM39,-1.0
HMBOX1,C,RBPJ,-1.0
HMBOX1,C,REV3L,-1.0
HMBOX1,C,RICTOR,-1.0
HMBOX1,C,SMAD3,-1.0
HMBOX1,C,SPIDR,-1.0
HMBOX1,C,STK17B,-1.0
HMBOX1,C,TNRC6B,-1.0
HMBOX1,C,TXNRD1,-1.0
HMBOX1,C,VPS13D,-1.0
HMBOX1,C,ZNRF1,-1.0
HNF1A,A,AKR1C4,1.0
HNF1A,A,ALB,1.0
HNF1A,A,APOH,1.0
HNF1A,A,CDH17,1.0
HNF1A,A,CRP,1.0
HNF1A,A,CYP3A4,1.0
HNF1A,A,CYP7A1,1.0
HNF1A,A,FGL1,1.0
HNF1A,A,G6PC,1.0
HNF1A,A,HNF4A,1.0
HNF1A,A,IGF1,1.0
HNF1A,A,IGFBP1,1.0
HNF1A,A,INS,1.0
HNF1A,A,MIA2,1.0
HNF1A,A,MTTP,1.0
HNF1A,A,PDX1,1.0
HNF1A,A,PROC,-1.0
HNF1A,A,SLC22A10,1.0
HNF1A,A,SLC22A9,1.0
HNF1A,A,SLC2A2,1.0
HNF1A,A,UGT1A1,1.0
HNF1A,A,UGT1A10,1.0
HNF1A,A,UGT1A6,1.0
HNF1A,A,UGT1A8,1.0
HNF1A,A,UGT1A9,1.0
HNF1A,A,UGT2B17,1.0
HNF1A,A,UGT2B7,1.0
HNF1B,C,WDR72,1.0
HNF1B,C,ACSL5,1.0
HNF1B,C,ADGRL2,1.0
HNF1B,C,ADGRV1,1.0
HNF1B,C,AFDN,1.0
HNF1B,C,AKR1C3,1.0
HNF1B,C,ANXA10,1.0
HNF1B,C,ARHGAP24,1.0
HNF1B,C,ARHGEF28,1.0
HNF1B,C,ATP6AP1L,1.0
HNF1B,C,B3GALT5,1.0
HNF1B,C,BMPR1B,1.0
HNF1B,C,CEMIP2,1.0
HNF1B,C,CNKSR3,1.0
HNF1B,C,EHF,1.0
HNF1B,C,EPS8,1.0
HNF1B,C,FXYD2,1.0
HNF1B,C,GLIS3,1.0
HNF1B,C,GPR160,1.0
HNF1B,C,GPR39,1.0
HNF1B,C,GRAMD2B,1.0
HNF1B,C,HAVCR1,1.0
HNF1B,C,HDAC4,1.0
HNF1B,C,KCNIP4,1.0
HNF1B,C,LPP,1.0
HNF1B,C,LYRM1,1.0
HNF1B,C,MAL2,1.0
HNF1B,C,MYO16,1.0
HNF1B,C,NRXN1,1.0
HNF1B,C,PARD3,1.0
HNF1B,C,PHEX,1.0
HNF1B,C,PLEKHG3,1.0
HNF1B,C,PTP4A1,1.0
HNF1B,C,SH3KBP1,1.0
HNF1B,C,SPINK1,1.0
HNF1B,C,TINAG,1.0
HNF1B,C,TM4SF4,1.0
HNF1B,C,TMCO5A,1.0
HNF1B,C,VEPH1,1.0
HNF1B,C,ZNF438,1.0
HNF4A,A,ABCC2,1.0
HNF4A,A,ABCC6,1.0
HNF4A,A,ABCG5,-1.0
HNF4A,A,ABCG8,-1.0
HNF4A,A,ACAT2,1.0
HNF4A,A,ACOT13,1.0
HNF4A,A,ADAMTS1,1.0
HNF4A,A,AFP,1.0
HNF4A,A,AKR1C4,1.0
HNF4A,A,ALDH6A1,1.0
HNF4A,A,ALDOB,1.0
HNF4A,A,ANK3,1.0
HNF4A,A,APOA1,1.0
HNF4A,A,APOA2,1.0
HNF4A,A,APOA4,1.0
HNF4A,A,APOB,1.0
HNF4A,A,APOC3,1.0
HNF4A,A,BPHL,1.0
HNF4A,A,C1QTNF5,1.0
HNF4A,A,C3,1.0
HNF4A,A,CDKN1A,1.0
HNF4A,A,CEACAM1,1.0
HNF4A,A,CEBPA,1.0
HNF4A,A,CLDN4,1.0
HNF4A,A,CYP26A1,1.0
HNF4A,A,CYP27A1,1.0
HNF4A,A,CYP2B6,1.0
HNF4A,A,CYP2C8,1.0
HNF4A,A,CYP2C9,1.0
HNF4A,A,CYP2D6,1.0
HNF4A,A,CYP3A4,1.0
HNF4A,A,CYP7A1,-1.0
HNF4A,A,CYP8B1,1.0
HNF4A,A,DSC2,1.0
HNF4A,A,EBP,1.0
HNF4A,A,EFHD1,1.0
HNF4A,A,EPHX1,1.0
HNF4A,A,EPHX2,1.0
HNF4A,A,EPO,1.0
HNF4A,A,EPS15L1,1.0
HNF4A,A,F10,1.0
HNF4A,A,F2,1.0
HNF4A,A,FABP2,1.0
HNF4A,A,G6PC,1.0
HNF4A,A,G6PC3,1.0
HNF4A,A,GFER,-1.0
HNF4A,A,GH1,-1.0
HNF4A,A,GHR,1.0
HNF4A,A,GPR39,1.0
HNF4A,A,GUCY2C,1.0
HNF4A,A,HNF1A,1.0
HNF4A,A,LDLR,1.0
HNF4A,A,LIPC,1.0
HNF4A,A,MME,1.0
HNF4A,A,MYC,1.0
HNF4A,A,NELL2,1.0
HNF4A,A,NPC1L1,1.0
HNF4A,A,NR1I2,1.0
HNF4A,A,PCK1,1.0
HNF4A,A,PCK2,1.0
HNF4A,A,PCSK9,1.0
HNF4A,A,PKLR,1.0
HNF4A,A,PPARA,1.0
HNF4A,A,PROS1,1.0
HNF4A,A,PROZ,1.0
HNF4A,A,PRPF3,1.0
HNF4A,A,RNASE2,1.0
HNF4A,A,SELENOP,1.0
HNF4A,A,SERPINA1,1.0
HNF4A,A,SERPINC1,1.0
HNF4A,A,SHBG,1.0
HNF4A,A,SLC22A6,1.0
HNF4A,A,SLC26A3,1.0
HNF4A,A,SLC2A2,1.0
HNF4A,A,SOAT2,1.0
HNF4A,A,SULT2A1,1.0
HNF4A,A,TASP1,1.0
HNF4A,A,TBP,1.0
HNF4A,A,TCF7L2,1.0
HNF4A,A,TGFA,1.0
HNF4A,A,UGT1A6,1.0
HNF4A,A,UGT1A9,1.0
HNF4A,A,UGT2B7,1.0
HNF4A,A,VEGFD,1.0
HNF4G,C,AKR1C4,1.0
HNF4G,C,APOA4,1.0
HNF4G,C,CYP2D6,1.0
HNF4G,C,SERPINA1,1.0
HNF4G,C,SHBG,1.0
HNF4G,C,DOK4,1.0
HNF4G,C,WWC1,1.0
HNF4G,C,ABAT,1.0
HNF4G,C,ABLIM1,1.0
HNF4G,C,ACOT7,1.0
HNF4G,C,AGXT,1.0
HNF4G,C,ALDH1A1,1.0
HNF4G,C,ALDH2,1.0
HNF4G,C,ALDH3B1,1.0
HNF4G,C,ATP11A,1.0
HNF4G,C,ATP2B2,1.0
HNF4G,C,ATP8B1,1.0
HNF4G,C,BCAS3,1.0
HNF4G,C,BCOR,1.0
HNF4G,C,CD99,1.0
HNF4G,C,CPQ,1.0
HNF4G,C,CREB3L3,1.0
HNF4G,C,DUSP9,1.0
HNF4G,C,EHF,1.0
HNF4G,C,ERBB3,1.0
HNF4G,C,FLNB,1.0
HNF4G,C,GRAMD4,1.0
HNF4G,C,HNF1A,1.0
HNF4G,C,HNF1B,1.0
HNF4G,C,HPCAL1,1.0
HNF4G,C,HSD17B2,1.0
HNF4G,C,IQGAP2,1.0
HNF4G,C,KCNAB2,1.0
HNF4G,C,KDM6B,1.0
HNF4G,C,MYLK,1.0
HNF4G,C,MYO18A,1.0
HNF4G,C,NCOA4,1.0
HNF4G,C,NEDD4L,1.0
HNF4G,C,PLEC,1.0
HNF4G,C,RAB11FIP4,1.0
HNF4G,C,RBM47,1.0
HNF4G,C,RGS3,1.0
HNF4G,C,RNF43,1.0
HNF4G,C,RREB1,1.0
HNF4G,C,SEC14L1,1.0
HNF4G,C,SELENOP,1.0
HNF4G,C,SLCO2B1,1.0
HNF4G,C,SORBS1,1.0
HNF4G,C,SPATS2L,1.0
HNF4G,C,SPHK1,1.0
HNF4G,C,STK24,1.0
HNF4G,C,TACC2,1.0
HNF4G,C,TMEM37,1.0
HNF4G,C,TMPRSS2,1.0
HNF4G,C,VAMP5,1.0
HNF4G,C,WNK2,1.0
HOXA9,C,AGTPBP1,1.0
HOXA9,C,ARHGAP15,1.0
HOXA9,C,CRYZL1,1.0
HOXA9,C,DYRK1A,1.0
HOXA9,C,GHR,1.0
HOXA9,C,GSAP,1.0
HOXA9,C,HECW2,1.0
HOXA9,C,IPCEF1,1.0
HOXA9,C,MAST2,1.0
HOXA9,C,NAV2,1.0
HOXA9,C,NEMP1,1.0
HOXA9,C,NF1,1.0
HOXA9,C,PPARG,1.0
HOXA9,C,RALGAPA2,1.0
HOXA9,C,RERE,1.0
HOXA9,C,RGS13,1.0
HOXA9,C,RNF111,1.0
HOXA9,C,SPAG17,1.0
HOXA9,C,SPOCK1,1.0
HOXA9,C,TLE4,1.0
HOXA9,C,VIM,1.0
HOXA9,C,ZNF503,1.0
HOXB13,C,TCF4,-1.0
HOXB13,C,ADAM7,1.0
HOXB13,C,AKAP13,1.0
HOXB13,C,ANK3,1.0
HOXB13,C,ARHGAP32,1.0
HOXB13,C,BNC2,1.0
HOXB13,C,CNTN4,1.0
HOXB13,C,CNTNAP5,1.0
HOXB13,C,COL14A1,1.0
HOXB13,C,COP1,1.0
HOXB13,C,CTNNAL1,1.0
HOXB13,C,DLG2,1.0
HOXB13,C,DNAH11,1.0
HOXB13,C,DOCK4,1.0
HOXB13,C,DOCK9,1.0
HOXB13,C,EPB41L2,1.0
HOXB13,C,ERG,1.0
HOXB13,C,ESR1,1.0
HOXB13,C,ESRRG,1.0
HOXB13,C,EXOC4,1.0
HOXB13,C,FRYL,1.0
HOXB13,C,GHR,1.0
HOXB13,C,LNX1,1.0
HOXB13,C,MAP1B,1.0
HOXB13,C,MID1,1.0
HOXB13,C,MRTFB,1.0
HOXB13,C,NFIA,1.0
HOXB13,C,NRXN1,1.0
HOXB13,C,NUMB,1.0
HOXB13,C,PCNX1,1.0
HOXB13,C,PDE4D,1.0
HOXB13,C,PSD3,1.0
HOXB13,C,RALGAPA1,1.0
HOXB13,C,RFX3,1.0
HOXB13,C,RIT2,1.0
HOXB13,C,RYR2,1.0
HOXB13,C,SEMA3C,1.0
HOXB13,C,SGIP1,1.0
HOXB13,C,SND1,1.0
HOXB13,C,STARD13,1.0
HOXB13,C,SVIL,1.0
HOXB13,C,TAFA1,1.0
HOXB13,C,TDRD3,1.0
HOXB13,C,THRB,1.0
HOXB13,C,THSD7A,1.0
HOXB13,C,TRIO,1.0
HSF1,B,BAG3,-1.0
HSF1,B,HSPA1A,1.0
HSF1,B,HSPA1B,1.0
HSF1,B,HSPA4,1.0
HSF1,B,NAT1,1.0
HSF1,B,DNAH17,1.0
HSF1,B,HPCAL1,1.0
HSF1,B,HSPA6,1.0
HSF1,B,MKNK2,1.0
HSF1,B,NADK,1.0
HSF1,B,STIP1,1.0
HSF1,B,UBB,1.0
IKZF1,C,ARHGAP18,1.0
IKZF1,C,ARID1A,1.0
IKZF1,C,ATP8B4,1.0
IKZF1,C,CDYL,1.0
IKZF1,C,CHST11,1.0
IKZF1,C,CYRIB,1.0
IKZF1,C,DOCK11,1.0
IKZF1,C,ELF4,1.0
IKZF1,C,ERC1,1.0
IKZF1,C,FYB1,1.0
IKZF1,C,GRAP2,1.0
IKZF1,C,IL10RA,1.0
IKZF1,C,IQGAP2,1.0
IKZF1,C,ITPR1,1.0
IKZF1,C,KCNAB2,1.0
IKZF1,C,KDM2B,1.0
IKZF1,C,LYN,1.0
IKZF1,C,MAD1L1,1.0
IKZF1,C,NABP1,1.0
IKZF1,C,NEK6,1.0
IKZF1,C,OSBPL3,1.0
IKZF1,C,PIK3AP1,1.0
IKZF1,C,PIP4K2A,1.0
IKZF1,C,PLB1,1.0
IKZF1,C,PREX1,1.0
IKZF1,C,PRKCB,1.0
IKZF1,C,PTK2B,1.0
IKZF1,C,PTPRJ,1.0
IKZF1,C,SAMSN1,1.0
IKZF1,C,SMAP2,1.0
IKZF1,C,SMOX,1.0
IKZF1,C,ST6GAL1,1.0
IKZF1,C,STK10,1.0
IKZF1,C,SUSD1,1.0
IKZF1,C,TET3,1.0
IKZF1,C,TNFAIP8,1.0
IKZF1,C,TRIB3,1.0
IKZF1,C,WNT5B,1.0
IKZF1,C,ZEB2,1.0
IKZF1,C,ZFYVE28,1.0
IRF1,A,CASP7,1.0
IRF1,A,CCL5,1.0
IRF1,A,CD40,1.0
IRF1,A,CDK2,-1.0
IRF1,A,CEACAM1,1.0
IRF1,A,CIITA,1.0
IRF1,A,CXCL10,1.0
IRF1,A,CYBB,1.0
IRF1,A,DDX58,1.0
IRF1,A,DST,-1.0
IRF1,A,EIF2AK2,1.0
IRF1,A,FOXP3,-1.0
IRF1,A,HLA-A,1.0
IRF1,A,HLA-G,1.0
IRF1,A,IFIT3,1.0
IRF1,A,IFNA1,1.0
IRF1,A,IFNB1,1.0
IRF1,A,IL10,1.0
IRF1,A,IL12A,1.0
IRF1,A,IL12B,1.0
IRF1,A,IL15,1.0
IRF1,A,IL27,1.0
IRF1,A,IL4,1.0
IRF1,A,IL5,1.0
IRF1,A,IRF2,1.0
IRF1,A,OGN,1.0
IRF1,A,PSMB9,1.0
IRF1,A,SOCS1,1.0
IRF1,A,TAP1,1.0
IRF1,A,TAP2,1.0
IRF1,A,TNFSF10,1.0
IRF1,A,TP53,1.0
IRF2,C,CIITA,1.0
IRF2,C,TAP1,1.0
IRF2,C,ADAR,1.0
IRF2,C,APOL3,1.0
IRF2,C,CASP7,1.0
IRF2,C,CASP8,1.0
IRF2,C,NMI,1.0
IRF2,C,NR3C1,1.0
IRF2,C,AFF1,1.0
IRF2,C,APOL2,1.0
IRF2,C,ARID1B,1.0
IRF2,C,ATF1,1.0
IRF2,C,BBC3,1.0
IRF2,C,BTN3A1,1.0
IRF2,C,BTN3A3,1.0
IRF2,C,CEACAM1,1.0
IRF2,C,CEP128,1.0
IRF2,C,DDX3X,1.0
IRF2,C,DPYSL2,1.0
IRF2,C,FAM111A,1.0
IRF2,C,FAM13A,1.0
IRF2,C,FANCA,1.0
IRF2,C,FLT3LG,1.0
IRF2,C,FMR1,1.0
IRF2,C,FOXP1,1.0
IRF2,C,GAB1,1.0
IRF2,C,GALK2,1.0
IRF2,C,GPBP1L1,1.0
IRF2,C,HNRNPF,1.0
IRF2,C,HOXB3,1.0
IRF2,C,IFIT3,1.0
IRF2,C,IKZF4,1.0
IRF2,C,IL15RA,1.0
IRF2,C,IL1R1,1.0
IRF2,C,IL4,1.0
IRF2,C,ING1,1.0
IRF2,C,ISG15,1.0
IRF2,C,KLHL8,1.0
IRF2,C,MAX,1.0
IRF2,C,MDK,1.0
IRF2,C,MICB,1.0
IRF2,C,NFE2L2,1.0
IRF2,C,NFIC,1.0
IRF2,C,NFIX,1.0
IRF2,C,NOD1,1.0
IRF2,C,NUB1,1.0
IRF2,C,PARP14,1.0
IRF2,C,PATL1,1.0
IRF2,C,PER1,1.0
IRF2,C,PLAAT4,1.0
IRF2,C,PNRC2,1.0
IRF2,C,PRKD2,1.0
IRF2,C,PRPSAP1,1.0
IRF2,C,PTMA,1.0
IRF2,C,PTPN12,1.0
IRF2,C,RNF111,1.0
IRF2,C,SEMA4B,1.0
IRF2,C,SEMA4C,1.0
IRF2,C,SLC25A22,1.0
IRF2,C,SOCS1,1.0
IRF2,C,SP140L,1.0
IRF2,C,SRBD1,1.0
IRF2,C,ST6GAL1,1.0
IRF2,C,TAL1,1.0
IRF2,C,TASOR2,1.0
IRF2,C,TGIF1,1.0
IRF2,C,UBE2D3,1.0
IRF2,C,UBE2L6,1.0
IRF2,C,UBR2,1.0
IRF2,C,WDR74,1.0
IRF2,C,ZC3HAV1,1.0
IRF2,C,ZEB2,1.0
IRF2,C,ZFP36,1.0
IRF2,C,ZNF250,1.0
IRF2,C,ZNF566,1.0
IRF2,C,ZNF93,1.0
IRF3,C,CXCL10,1.0
IRF3,C,IFNA1,1.0
IRF3,C,IFNB1,1.0
IRF3,C,IRF7,1.0
IRF3,C,PURA,-1.0
IRF3,C,ABCA7,1.0
IRF3,C,APOBEC3D,1.0
IRF3,C,APOBEC3F,1.0
IRF3,C,ABCB9,1.0
IRF3,C,ABHD2,1.0
IRF3,C,AKAP8L,1.0
IRF3,C,ANKRD23,1.0
IRF3,C,APOBEC3C,1.0
IRF3,C,APOBEC3G,1.0
IRF3,C,ARL16,1.0
IRF3,C,BABAM1,1.0
IRF3,C,BCAS3,1.0
IRF3,C,BST2,1.0
IRF3,C,CCDC61,1.0
IRF3,C,CCL5,1.0
IRF3,C,CDCA3,1.0
IRF3,C,CEP131,1.0
IRF3,C,CLK3,1.0
IRF3,C,CNOT3,1.0
IRF3,C,CNPY3,1.0
IRF3,C,CRAMP1,1.0
IRF3,C,CREB3L4,1.0
IRF3,C,CYTH2,1.0
IRF3,C,DCAF15,1.0
IRF3,C,DDX39A,1.0
IRF3,C,ERCC2,1.0
IRF3,C,FBXO24,1.0
IRF3,C,FOXK2,1.0
IRF3,C,GLCCI1,1.0
IRF3,C,GPR108,1.0
IRF3,C,GTF3C5,1.0
IRF3,C,GTPBP6,1.0
IRF3,C,H2BC5,1.0
IRF3,C,HGS,1.0
IRF3,C,IFNL1,1.0
IRF3,C,KCNAB2,1.0
IRF3,C,KIAA0895L,1.0
IRF3,C,KMT5A,1.0
IRF3,C,KMT5C,1.0
IRF3,C,LMBR1L,1.0
IRF3,C,LRRC45,1.0
IRF3,C,MED24,1.0
IRF3,C,MVD,1.0
IRF3,C,NARF,1.0
IRF3,C,NUBP2,1.0
IRF3,C,PABPN1,1.0
IRF3,C,PHPT1,1.0
IRF3,C,PRPF31,1.0
IRF3,C,RAB11B,1.0
IRF3,C,RAB4B,1.0
IRF3,C,RFX1,1.0
IRF3,C,RHPN1,1.0
IRF3,C,RPL18A,1.0
IRF3,C,SHARPIN,1.0
IRF3,C,SLC25A28,1.0
IRF3,C,TCF3,1.0
IRF3,C,TEPSIN,1.0
IRF3,C,TMEM160,1.0
IRF3,C,TMEM161A,1.0
IRF3,C,TMEM94,1.0
IRF3,C,TPCN1,1.0
IRF3,C,TRAF2,1.0
IRF3,C,TYK2,1.0
IRF3,C,WBP1,1.0
IRF3,C,XRCC3,1.0
IRF3,C,ZNF574,1.0
IRF3,C,ZNF691,1.0
IRF3,C,ZNF775,1.0
IRF3,C,ZNF875,1.0
IRF4,C,CD68,-1.0
IRF4,C,FCER2,1.0
IRF4,C,BLK,1.0
IRF4,C,CFLAR,1.0
IRF4,C,CIITA,1.0
IRF4,C,ELF4,1.0
IRF4,C,FCRL5,1.0
IRF4,C,ITGB7,1.0
IRF4,C,AFF1,1.0
IRF4,C,AHCYL2,1.0
IRF4,C,ARHGAP24,1.0
IRF4,C,CAST,1.0
IRF4,C,CCDC88C,1.0
IRF4,C,CDYL,1.0
IRF4,C,CTNND2,1.0
IRF4,C,CTSC,1.0
IRF4,C,CYTH1,1.0
IRF4,C,CYTIP,1.0
IRF4,C,DGKG,1.0
IRF4,C,DIS3L2,1.0
IRF4,C,DOCK10,1.0
IRF4,C,DTNB,1.0
IRF4,C,ELMO1,1.0
IRF4,C,ERN1,1.0
IRF4,C,GDI2,1.0
IRF4,C,GRAMD2B,1.0
IRF4,C,IGF1R,1.0
IRF4,C,IKZF1,1.0
IRF4,C,IKZF3,1.0
IRF4,C,IL16,1.0
IRF4,C,JAK1,1.0
IRF4,C,JARID2,1.0
IRF4,C,KALRN,1.0
IRF4,C,KBTBD8,1.0
IRF4,C,KLHL6,1.0
IRF4,C,KSR1,1.0
IRF4,C,LPP,1.0
IRF4,C,MGLL,1.0
IRF4,C,NFKBIZ,1.0
IRF4,C,NIBAN1,1.0
IRF4,C,NLRC5,1.0
IRF4,C,OSBPL3,1.0
IRF4,C,PBX1,1.0
IRF4,C,PEAK1,1.0
IRF4,C,PIEZO2,1.0
IRF4,C,PIK3AP1,1.0
IRF4,C,PLXNC1,1.0
IRF4,C,POU2AF1,1.0
IRF4,C,PPP2R5C,1.0
IRF4,C,PTK2B,1.0
IRF4,C,RABGAP1L,1.0
IRF4,C,RAPGEF6,1.0
IRF4,C,RHOH,1.0
IRF4,C,RTN4,1.0
IRF4,C,SAMD4A,1.0
IRF4,C,SLAMF7,1.0
IRF4,C,SMARCA2,1.0
IRF4,C,SMG6,1.0
IRF4,C,SORBS1,1.0
IRF4,C,SORL1,1.0
IRF4,C,SP100,1.0
IRF4,C,SP140,1.0
IRF4,C,TCF4,1.0
IRF4,C,TENM2,1.0
IRF4,C,TENM4,1.0
IRF4,C,TXNDC11,1.0
IRF4,C,ZEB1,1.0
IRF4,C,ZNF365,1.0
IRF9,B,IFIT3,1.0
IRF9,B,IL27,-1.0
IRF9,B,IRF7,1.0
IRF9,B,PML,1.0
IRF9,B,ADAR,1.0
IRF9,B,ISG15,1.0
IRF9,B,KSR1,1.0
IRF9,B,MX1,1.0
IRF9,B,OAS2,1.0
IRF9,B,OAS3,1.0
IRF9,B,RSAD2,1.0
IRF9,B,SAMD9L,1.0
JUN,A,ABCB1,1.0
JUN,A,ACTA1,1.0
JUN,A,APP,1.0
JUN,A,ATF3,1.0
JUN,A,BATF3,1.0
JUN,A,BDKRB1,1.0
JUN,A,BRCA1,1.0
JUN,A,CCL2,1.0
JUN,A,CCL4,1.0
JUN,A,CCL5,1.0
JUN,A,CCND1,1.0
JUN,A,CCND2,1.0
JUN,A,CD44,1.0
JUN,A,CD82,1.0
JUN,A,CDKN1A,-1.0
JUN,A,CHGA,1.0
JUN,A,CREM,1.0
JUN,A,CSF2,1.0
JUN,A,CSTA,1.0
JUN,A,CTSL,1.0
JUN,A,CXCL8,1.0
JUN,A,CYP11A1,1.0
JUN,A,CYP19A1,-1.0
JUN,A,CYP2J2,1.0
JUN,A,DDIT3,1.0
JUN,A,EDN1,1.0
JUN,A,EGFR,1.0
JUN,A,ELN,1.0
JUN,A,ETS1,1.0
JUN,A,ETS2,1.0
JUN,A,EZR,1.0
JUN,A,F3,1.0
JUN,A,FAS,1.0
JUN,A,FASLG,1.0
JUN,A,FOS,1.0
JUN,A,FOSL1,1.0
JUN,A,GCLC,1.0
JUN,A,GJA1,1.0
JUN,A,GNRHR,1.0
JUN,A,HEY1,1.0
JUN,A,ICAM1,1.0
JUN,A,IER5,1.0
JUN,A,IFNB1,1.0
JUN,A,IFNG,1.0
JUN,A,IGF1,1.0
JUN,A,IL12A,1.0
JUN,A,IL12B,1.0
JUN,A,IL1A,1.0
JUN,A,IL1B,1.0
JUN,A,IL2,-1.0
JUN,A,IL24,1.0
JUN,A,IL5,1.0
JUN,A,IL5RA,1.0
JUN,A,IL6,1.0
JUN,A,ITGAX,1.0
JUN,A,IVL,1.0
JUN,A,KRT16,1.0
JUN,A,LBP,-1.0
JUN,A,MAT2A,1.0
JUN,A,MGP,1.0
JUN,A,MMP1,1.0
JUN,A,MMP12,1.0
JUN,A,MMP13,1.0
JUN,A,MMP2,1.0
JUN,A,MMP3,1.0
JUN,A,MMP7,1.0
JUN,A,MMP9,1.0
JUN,A,MYB,1.0
JUN,A,MYC,-1.0
JUN,A,NAT1,1.0
JUN,A,NFKB2,1.0
JUN,A,NGF,1.0
JUN,A,NOS2,1.0
JUN,A,NOX5,1.0
JUN,A,NPY,1.0
JUN,A,NQO1,-1.0
JUN,A,NR3C1,1.0
JUN,A,NTRK1,1.0
JUN,A,NTS,1.0
JUN,A,OXTR,1.0
JUN,A,PDHA1,1.0
JUN,A,PENK,1.0
JUN,A,PGR,-1.0
JUN,A,PLA2G4A,1.0
JUN,A,PLAT,1.0
JUN,A,PLAUR,1.0
JUN,A,POLD2,1.0
JUN,A,PPARA,1.0
JUN,A,PPARD,1.0
JUN,A,PTGS2,1.0
JUN,A,PTN,1.0
JUN,A,PTX3,1.0
JUN,A,RARB,1.0
JUN,A,RELB,1.0
JUN,A,REN,1.0
JUN,A,RHOB,1.0
JUN,A,RUNX2,1.0
JUN,A,SELE,1.0
JUN,A,SERPINE1,1.0
JUN,A,SMAD7,1.0
JUN,A,SPI1,1.0
JUN,A,SPP1,1.0
JUN,A,SPRR1A,1.0
JUN,A,SPRR1B,1.0
JUN,A,SPRR3,1.0
JUN,A,STMN1,1.0
JUN,A,TFF1,1.0
JUN,A,TFPI2,1.0
JUN,A,TGFB1,1.0
JUN,A,TIMP2,1.0
JUN,A,TNC,1.0
JUN,A,TNF,1.0
JUN,A,TNFRSF10A,1.0
JUN,A,TP53,-1.0
JUN,A,TXN,1.0
JUN,A,UGT2B15,1.0
JUN,A,VCAM1,1.0
JUN,A,VDR,1.0
JUN,A,VEGFA,-1.0
JUN,A,VEGFD,1.0
JUN,A,VIM,1.0
JUNB,C,CDKN2A,1.0
JUNB,C,CLU,1.0
JUNB,C,EGFR,1.0
JUNB,C,IVL,1.0
JUNB,C,PTGS2,1.0
JUNB,C,PIM1,1.0
JUNB,C,ABCC1,1.0
JUNB,C,AKAP13,1.0
JUNB,C,AMPD3,1.0
JUNB,C,AUTS2,1.0
JUNB,C,BACH1,1.0
JUNB,C,BHLHE40,1.0
JUNB,C,CCDC12,1.0
JUNB,C,CMIP,1.0
JUNB,C,CUEDC1,1.0
JUNB,C,DMD,1.0
JUNB,C,EGR2,1.0
JUNB,C,EHD1,1.0
JUNB,C,EHF,1.0
JUNB,C,FHAD1,1.0
JUNB,C,FOSL1,1.0
JUNB,C,FOXK1,1.0
JUNB,C,GMDS,1.0
JUNB,C,GNA12,1.0
JUNB,C,IER5,1.0
JUNB,C,KALRN,1.0
JUNB,C,KAZN,1.0
JUNB,C,KCNMA1,1.0
JUNB,C,KLF6,1.0
JUNB,C,LIMS1,1.0
JUNB,C,LMNA,1.0
JUNB,C,MICAL2,1.0
JUNB,C,NACA2,1.0
JUNB,C,ROCK2,1.0
JUNB,C,RTN4,1.0
JUNB,C,SEC14L1,1.0
JUNB,C,SH3BP5,1.0
JUNB,C,SLC12A8,1.0
JUNB,C,SMARCA2,1.0
JUNB,C,SPRED2,1.0
JUNB,C,TBC1D14,1.0
JUNB,C,TGIF1,1.0
JUNB,C,TIAM2,1.0
JUNB,C,TMSB4X,1.0
JUNB,C,TNRC6B,1.0
JUNB,C,UBC,1.0
JUNB,C,VOPP1,1.0
JUNB,C,WWTR1,1.0
JUNB,C,ZBTB20,1.0
JUNB,C,ZFP36L1,1.0
JUNB,C,ZFP36L2,1.0
JUNB,C,ZNF217,1.0
JUND,A,CCL5,1.0
JUND,A,CCR4,1.0
JUND,A,CD40LG,1.0
JUND,A,CLU,1.0
JUND,A,CSTA,1.0
JUND,A,FOSL1,1.0
JUND,A,GADD45A,1.0
JUND,A,IL3,1.0
JUND,A,IL6,1.0
JUND,A,ITGAV,-1.0
JUND,A,ITGB3,-1.0
JUND,A,IVL,1.0
JUND,A,MMP13,1.0
JUND,A,MYB,1.0
JUND,A,NOS2,1.0
JUND,A,NQO2,1.0
JUND,A,PLAUR,1.0
JUND,A,SOX4,1.0
JUND,A,TGFB1,1.0
KDM5B,C,DNAJB12,1.0
KDM5B,C,CMIP,1.0
KDM5B,C,CTNNA1,1.0
KDM5B,C,DAAM1,1.0
KDM5B,C,FOXP1,1.0
KDM5B,C,JARID2,1.0
KDM5B,C,JUP,1.0
KDM5B,C,LHFPL2,1.0
KDM5B,C,MIDEAS,1.0
KDM5B,C,MYH9,1.0
KDM5B,C,PPFIBP2,1.0
KDM5B,C,PRRC2B,1.0
KDM5B,C,RAB11FIP4,1.0
KDM5B,C,RREB1,1.0
KDM5B,C,SMAD3,1.0
KDM5B,C,SYNJ2,1.0
KDM5B,C,TGIF1,1.0
KDM5B,C,VGLL4,1.0
KLF1,C,HBB,1.0
KLF1,C,OSBP2,1.0
KLF1,C,ACTB,1.0
KLF1,C,ADAP1,1.0
KLF1,C,AGRN,1.0
KLF1,C,AHNAK,1.0
KLF1,C,ANK1,1.0
KLF1,C,ARHGAP45,1.0
KLF1,C,CHID1,1.0
KLF1,C,CNPPD1,1.0
KLF1,C,CPAMD8,1.0
KLF1,C,CTSB,1.0
KLF1,C,EGFL7,1.0
KLF1,C,EVL,1.0
KLF1,C,FBRSL1,1.0
KLF1,C,GPR137,1.0
KLF1,C,JADE2,1.0
KLF1,C,KCNN4,1.0
KLF1,C,KCTD2,1.0
KLF1,C,KLHL21,1.0
KLF1,C,LTBP4,1.0
KLF1,C,LYL1,1.0
KLF1,C,MAST1,1.0
KLF1,C,MICALL2,1.0
KLF1,C,NADK,1.0
KLF1,C,NOL4L,1.0
KLF1,C,NQO2,1.0
KLF1,C,PIM1,1.0
KLF1,C,PKM,1.0
KLF1,C,PLEC,1.0
KLF1,C,PTPA,1.0
KLF1,C,RAB3IL1,1.0
KLF1,C,RALGDS,1.0
KLF1,C,RERE,1.0
KLF1,C,RNF38,1.0
KLF1,C,SEPTIN9,1.0
KLF1,C,SGMS1,1.0
KLF1,C,SH3BP2,1.0
KLF1,C,SLC4A1,1.0
KLF1,C,SLC6A6,1.0
KLF1,C,SNAP47,1.0
KLF1,C,SORBS1,1.0
KLF1,C,SPTB,1.0
KLF1,C,STON2,1.0
KLF1,C,TBC1D14,1.0
KLF1,C,TCEA2,1.0
KLF1,C,UXS1,1.0
KLF1,C,XXYLT1,1.0
KLF1,C,YWHAZ,1.0
KLF1,C,ZFP36,1.0
KLF1,C,ZNF276,1.0
KLF13,C,AP3D1,-1.0
KLF13,C,ARID1A,-1.0
KLF13,C,ARRDC2,-1.0
KLF13,C,ATP6V0D1,-1.0
KLF13,C,BCL9L,-1.0
KLF13,C,DNAJB1,-1.0
KLF13,C,EML2,-1.0
KLF13,C,ERCC1,-1.0
KLF13,C,FASN,-1.0
KLF13,C,FCHO1,-1.0
KLF13,C,FKBP5,-1.0
KLF13,C,FSCN1,-1.0
KLF13,C,JADE1,-1.0
KLF13,C,KLHL21,-1.0
KLF13,C,LTBP4,-1.0
KLF13,C,NDST1,-1.0
KLF13,C,NFIC,-1.0
KLF13,C,OAZ1,-1.0
KLF13,C,PISD,-1.0
KLF13,C,PKNOX1,-1.0
KLF13,C,PLEC,-1.0
KLF13,C,PTOV1,-1.0
KLF13,C,RAPGEF3,-1.0
KLF13,C,RCSD1,-1.0
KLF13,C,REST,-1.0
KLF13,C,SAMD11,-1.0
KLF13,C,SEPTIN9,-1.0
KLF13,C,SLC1A5,-1.0
KLF13,C,SNX8,-1.0
KLF13,C,TBC1D14,-1.0
KLF13,C,TYRO3,-1.0
KLF3,C,ADD3,1.0
KLF3,C,ARHGAP5,1.0
KLF3,C,BTBD3,1.0
KLF3,C,CACHD1,1.0
KLF3,C,CAST,1.0
KLF3,C,GNG12,1.0
KLF3,C,KCNK1,1.0
KLF3,C,MECOM,1.0
KLF3,C,MYO5A,1.0
KLF3,C,STRBP,1.0
KLF3,C,STXBP6,1.0
KLF3,C,TRIO,1.0
KLF3,C,TSPAN12,1.0
KLF4,A,ATF3,1.0
KLF4,A,BIRC5,-1.0
KLF4,A,CCND1,1.0
KLF4,A,CDH1,1.0
KLF4,A,CDKN1A,1.0
KLF4,A,GPA33,1.0
KLF4,A,LAMA3,1.0
KLF4,A,NANOG,1.0
KLF4,A,PFKP,1.0
KLF4,A,RARA,-1.0
KLF4,A,THBD,1.0
KLF4,A,VDR,-1.0
KLF5,C,BIRC5,1.0
KLF5,C,FASN,1.0
KLF5,C,FGFBP1,1.0
KLF5,C,NOTCH1,1.0
KLF5,C,FOXQ1,1.0
KLF5,C,JUP,1.0
KLF5,C,LAMB3,1.0
KLF5,C,PTK6,1.0
KLF5,C,ACTN1,1.0
KLF5,C,ADAP1,1.0
KLF5,C,AGRN,1.0
KLF5,C,AHNAK2,1.0
KLF5,C,ALDH3A2,1.0
KLF5,C,AMN,1.0
KLF5,C,ANXA2,1.0
KLF5,C,B3GNT3,1.0
KLF5,C,BAIAP2L1,1.0
KLF5,C,CANT1,1.0
KLF5,C,CD9,1.0
KLF5,C,CIRBP,1.0
KLF5,C,CLDN4,1.0
KLF5,C,COL4A2,1.0
KLF5,C,COQ8B,1.0
KLF5,C,CRYBG2,1.0
KLF5,C,DGKQ,1.0
KLF5,C,DIAPH1,1.0
KLF5,C,DVL1,1.0
KLF5,C,ECE1,1.0
KLF5,C,ELF3,1.0
KLF5,C,EPHA2,1.0
KLF5,C,ERBB2,1.0
KLF5,C,ESRP2,1.0
KLF5,C,FA2H,1.0
KLF5,C,GPR137,1.0
KLF5,C,GPRC5A,1.0
KLF5,C,GPX4,1.0
KLF5,C,KCNN4,1.0
KLF5,C,KIAA1522,1.0
KLF5,C,KRT8,1.0
KLF5,C,LGALS3,1.0
KLF5,C,LLGL2,1.0
KLF5,C,LNX2,1.0
KLF5,C,LSR,1.0
KLF5,C,LTBP3,1.0
KLF5,C,LTBP4,1.0
KLF5,C,MCRIP2,1.0
KLF5,C,MIB2,1.0
KLF5,C,MIDN,1.0
KLF5,C,MISP,1.0
KLF5,C,MKNK2,1.0
KLF5,C,MYH14,1.0
KLF5,C,MYO1C,1.0
KLF5,C,MYO5B,1.0
KLF5,C,NFE2L2,1.0
KLF5,C,NOL4L,1.0
KLF5,C,PLEC,1.0
KLF5,C,PPL,1.0
KLF5,C,PPP1R13L,1.0
KLF5,C,PRKCZ,1.0
KLF5,C,PTCH1,1.0
KLF5,C,RAB11A,1.0
KLF5,C,RAB11FIP1,1.0
KLF5,C,RALGDS,1.0
KLF5,C,RBM47,1.0
KLF5,C,RXRA,1.0
KLF5,C,S100A16,1.0
KLF5,C,SCNN1A,1.0
KLF5,C,SDC1,1.0
KLF5,C,SH2D3A,1.0
KLF5,C,SLC2A1,1.0
KLF5,C,SLC48A1,1.0
KLF5,C,SPIRE2,1.0
KLF5,C,SREBF1,1.0
KLF5,C,STX1A,1.0
KLF5,C,TCF3,1.0
KLF5,C,TECR,1.0
KLF5,C,TJP3,1.0
KLF5,C,TRIM29,1.0
KLF5,C,WWC1,1.0
KLF5,C,YWHAZ,1.0
KLF5,C,ZBTB7C,1.0
KLF5,C,ZNF217,1.0
KLF6,C,ATF3,1.0
KLF6,C,DAPK2,1.0
KLF6,C,LTC4S,1.0
KLF6,C,MMP9,-1.0
KLF6,C,NOS2,1.0
KLF6,C,CDH1,1.0
KLF6,C,IGF1R,1.0
KLF6,C,ACTN1,1.0
KLF6,C,ANXA2,1.0
KLF6,C,AREG,1.0
KLF6,C,ARID5B,1.0
KLF6,C,ASAP1,1.0
KLF6,C,CLIP2,1.0
KLF6,C,CTNNBIP1,1.0
KLF6,C,DUSP10,1.0
KLF6,C,EHD1,1.0
KLF6,C,EPS8,1.0
KLF6,C,ERRFI1,1.0
KLF6,C,ETS1,1.0
KLF6,C,ETS2,1.0
KLF6,C,FAAP20,1.0
KLF6,C,IER5,1.0
KLF6,C,IRF1,1.0
KLF6,C,ITGB1,1.0
KLF6,C,LDLR,1.0
KLF6,C,LHFPL2,1.0
KLF6,C,LMNA,1.0
KLF6,C,LRRFIP1,1.0
KLF6,C,LTBP4,1.0
KLF6,C,MACF1,1.0
KLF6,C,MSI2,1.0
KLF6,C,MYH9,1.0
KLF6,C,NEDD9,1.0
KLF6,C,PLEC,1.0
KLF6,C,PTP4A1,1.0
KLF6,C,RBCK1,1.0
KLF6,C,RND3,1.0
KLF6,C,SEPTIN9,1.0
KLF6,C,SH3BP2,1.0
KLF6,C,SH3BP4,1.0
KLF6,C,SH3RF1,1.0
KLF6,C,SREBF1,1.0
KLF6,C,TACC1,1.0
KLF6,C,TECR,1.0
KLF6,C,TSPAN14,1.0
KLF6,C,VMP1,1.0
KLF6,C,WFS1,1.0
KLF6,C,WWTR1,1.0
KLF6,C,XXYLT1,1.0
KLF6,C,ZFP36L1,1.0
KLF6,C,ZFP36L2,1.0
KLF9,C,ACTN1,1.0
KLF9,C,AFAP1,1.0
KLF9,C,AGRN,1.0
KLF9,C,AMPD2,1.0
KLF9,C,APBB2,1.0
KLF9,C,ARHGEF2,1.0
KLF9,C,ARID5B,1.0
KLF9,C,ASPSCR1,1.0
KLF9,C,BCAR1,1.0
KLF9,C,CACHD1,1.0
KLF9,C,CCDC33,1.0
KLF9,C,CMIP,1.0
KLF9,C,DGKZ,1.0
KLF9,C,ECE1,1.0
KLF9,C,EGFR,1.0
KLF9,C,EPHB3,1.0
KLF9,C,EPHB4,1.0
KLF9,C,FCHO1,1.0
KLF9,C,FGFR3,1.0
KLF9,C,FOXO3,1.0
KLF9,C,FYN,1.0
KLF9,C,GPRC5B,1.0
KLF9,C,GSN,1.0
KLF9,C,HIVEP3,1.0
KLF9,C,HPCAL1,1.0
KLF9,C,IFFO2,1.0
KLF9,C,IQSEC1,1.0
KLF9,C,JADE2,1.0
KLF9,C,KIAA1522,1.0
KLF9,C,LFNG,1.0
KLF9,C,MACF1,1.0
KLF9,C,MAFK,1.0
KLF9,C,MED15,1.0
KLF9,C,MEF2D,1.0
KLF9,C,NADK,1.0
KLF9,C,NCOR2,1.0
KLF9,C,NCS1,1.0
KLF9,C,NFATC2,1.0
KLF9,C,NFIC,1.0
KLF9,C,PCBP3,1.0
KLF9,C,PER1,1.0
KLF9,C,PHC2,1.0
KLF9,C,PHLDB1,1.0
KLF9,C,PKM,1.0
KLF9,C,PLEC,1.0
KLF9,C,POR,1.0
KLF9,C,POU3F2,1.0
KLF9,C,RAB11FIP4,1.0
KLF9,C,RAP1GAP,1.0
KLF9,C,RGS12,1.0
KLF9,C,RXRA,1.0
KLF9,C,SAMD11,1.0
KLF9,C,SASH1,1.0
KLF9,C,SEC14L1,1.0
KLF9,C,SH3BP2,1.0
KLF9,C,SH3KBP1,1.0
KLF9,C,SH3TC1,1.0
KLF9,C,SHROOM2,1.0
KLF9,C,SLC4A2,1.0
KLF9,C,SYNJ2,1.0
KLF9,C,TACC1,1.0
KLF9,C,TBC1D24,1.0
KLF9,C,TNK2,1.0
KLF9,C,TNS1,1.0
KLF9,C,TNS2,1.0
KLF9,C,TRIOBP,1.0
KLF9,C,TSC22D3,1.0
KLF9,C,VAV2,1.0
KMT2A,A,CDKN1B,1.0
KMT2A,A,FOXC1,1.0
KMT2A,A,FOXC2,1.0
KMT2A,A,HOXA1,1.0
KMT2A,A,HOXA10,1.0
KMT2A,A,HOXA11,1.0
KMT2A,A,HOXA13,1.0
KMT2A,A,HOXA7,1.0
KMT2A,A,HOXA9,1.0
KMT2A,A,HOXC8,1.0
KMT2A,A,MEIS1,1.0
LEF1,A,AR,1.0
LEF1,A,BIRC5,1.0
LEF1,A,CCL7,1.0
LEF1,A,CCND1,1.0
LEF1,A,CD1D,-1.0
LEF1,A,CDX1,1.0
LEF1,A,CLDN2,1.0
LEF1,A,CTNNB1,1.0
LEF1,A,DCT,1.0
LEF1,A,DSP,-1.0
LEF1,A,EDA,1.0
LEF1,A,ELANE,1.0
LEF1,A,MITF,1.0
LEF1,A,MMP7,1.0
LEF1,A,MYC,1.0
LEF1,A,MYCBP,1.0
LEF1,A,NRCAM,1.0
LEF1,A,NT5E,1.0
LEF1,A,RAG2,1.0
LEF1,A,SNAI2,1.0
LEF1,A,TBXT,1.0
LEF1,A,TCF3,1.0
LHX2,C,ADGRL3,1.0
LHX2,C,CCND1,1.0
LHX2,C,CDK14,1.0
LHX2,C,FMN2,1.0
LHX2,C,GLIS3,1.0
LHX2,C,MID1,1.0
LHX2,C,MITF,1.0
LHX2,C,SOX6,1.0
LHX2,C,ZBTB20,1.0
LHX2,C,ZNF608,1.0
LYL1,C,ERG,1.0
LYL1,C,CBFA2T3,1.0
LYL1,C,EGFL7,1.0
LYL1,C,PTK2B,1.0
LYL1,C,ARHGAP22,1.0
LYL1,C,ARHGAP25,1.0
LYL1,C,ARHGEF2,1.0
LYL1,C,ARL5C,1.0
LYL1,C,BIN1,1.0
LYL1,C,CACNA1C,1.0
LYL1,C,CACNA2D4,1.0
LYL1,C,CCDC88C,1.0
LYL1,C,CCM2,1.0
LYL1,C,CCND3,1.0
LYL1,C,CD34,1.0
LYL1,C,CD53,1.0
LYL1,C,CHST12,1.0
LYL1,C,CLIP2,1.0
LYL1,C,CMKLR1,1.0
LYL1,C,CMTM7,1.0
LYL1,C,CSF1R,1.0
LYL1,C,CSK,1.0
LYL1,C,CUEDC1,1.0
LYL1,C,CYBB,1.0
LYL1,C,CYTH4,1.0
LYL1,C,DGKZ,1.0
LYL1,C,DUS2,1.0
LYL1,C,DYSF,1.0
LYL1,C,ELMO1,1.0
LYL1,C,FAM78A,1.0
LYL1,C,FAR2,1.0
LYL1,C,FMNL3,1.0
LYL1,C,GNG2,1.0
LYL1,C,GRK2,1.0
LYL1,C,GYPC,1.0
LYL1,C,HDAC4,1.0
LYL1,C,HHEX,1.0
LYL1,C,HIVEP3,1.0
LYL1,C,HLX,1.0
LYL1,C,HPCAL1,1.0
LYL1,C,IKZF1,1.0
LYL1,C,INPP5D,1.0
LYL1,C,IQGAP2,1.0
LYL1,C,ITGB2,1.0
LYL1,C,KCNAB2,1.0
LYL1,C,KCNN4,1.0
LYL1,C,KCTD12,1.0
LYL1,C,LAPTM5,1.0
LYL1,C,LMO2,1.0
LYL1,C,MAD1L1,1.0
LYL1,C,NSMCE1,1.0
LYL1,C,PCED1B,1.0
LYL1,C,PIK3CG,1.0
LYL1,C,PLCG2,1.0
LYL1,C,PLD3,1.0
LYL1,C,PLEC,1.0
LYL1,C,PLEKHO1,1.0
LYL1,C,PLXNA2,1.0
LYL1,C,PPP1R9B,1.0
LYL1,C,PRAM1,1.0
LYL1,C,PREX1,1.0
LYL1,C,PRR5,1.0
LYL1,C,PRR5L,1.0
LYL1,C,RAB37,1.0
LYL1,C,RAC2,1.0
LYL1,C,RIN3,1.0
LYL1,C,SASH3,1.0
LYL1,C,SH2B3,1.0
LYL1,C,SH3BGRL3,1.0
LYL1,C,SH3KBP1,1.0
LYL1,C,SIPA1,1.0
LYL1,C,ST3GAL2,1.0
LYL1,C,ST6GAL1,1.0
LYL1,C,STAB1,1.0
LYL1,C,STK10,1.0
LYL1,C,STXBP5,1.0
LYL1,C,TAL1,1.0
LYL1,C,TMC6,1.0
LYL1,C,TNFAIP8,1.0
LYL1,C,TRPM2,1.0
LYL1,C,UNC13D,1.0
LYL1,C,VAV1,1.0
LYL1,C,VPS13D,1.0
LYL1,C,VSIR,1.0
MAF,C,IL4,1.0
MAF,C,ITGB7,1.0
MAF,C,LALBA,1.0
MAF,C,MMP13,1.0
MAF,C,FRMD4B,1.0
MAF,C,IL2RA,1.0
MAF,C,IL4R,1.0
MAF,C,ARHGAP25,1.0
MAF,C,ARHGEF3,1.0
MAF,C,ARL4C,1.0
MAF,C,BRD4,1.0
MAF,C,CYTH1,1.0
MAF,C,CYTH4,1.0
MAF,C,DOCK10,1.0
MAF,C,FAM78A,1.0
MAF,C,FGD3,1.0
MAF,C,FOXK1,1.0
MAF,C,GALM,1.0
MAF,C,GRAMD4,1.0
MAF,C,LEF1,1.0
MAF,C,LTBP3,1.0
MAF,C,MAP3K12,1.0
MAF,C,MAP3K14,1.0
MAF,C,NOL4L,1.0
MAF,C,OSBPL3,1.0
MAF,C,PDE4D,1.0
MAF,C,PSTPIP1,1.0
MAF,C,RGS10,1.0
MAF,C,RIPOR1,1.0
MAF,C,SFXN1,1.0
MAF,C,SH3BP5,1.0
MAF,C,SH3KBP1,1.0
MAF,C,SH3TC1,1.0
MAF,C,SMAD3,1.0
MAF,C,SPON2,1.0
MAF,C,STAB1,1.0
MAF,C,TBC1D14,1.0
MAF,C,TECR,1.0
MAF,C,TMSB4X,1.0
MAFB,C,DSE,1.0
MAFB,C,TBC1D14,1.0
MAFB,C,ADAMTS2,1.0
MAFB,C,AKAP13,1.0
MAFB,C,ANKRD17,1.0
MAFB,C,APBB2,1.0
MAFB,C,APPL2,1.0
MAFB,C,ARHGAP24,1.0
MAFB,C,CACNA1D,1.0
MAFB,C,CACNA2D3,1.0
MAFB,C,CLIP4,1.0
MAFB,C,CPEB4,1.0
MAFB,C,DAAM1,1.0
MAFB,C,DIP2C,1.0
MAFB,C,DOCK4,1.0
MAFB,C,DST,1.0
MAFB,C,DTNA,1.0
MAFB,C,ELMO1,1.0
MAFB,C,FLNB,1.0
MAFB,C,FMN1,1.0
MAFB,C,HDAC4,1.0
MAFB,C,JMJD1C,1.0
MAFB,C,KCNMB2,1.0
MAFB,C,KLF9,1.0
MAFB,C,MMP9,1.0
MAFB,C,MTSS1,1.0
MAFB,C,NAV2,1.0
MAFB,C,NBAS,1.0
MAFB,C,PCSK2,1.0
MAFB,C,PHLDB2,1.0
MAFB,C,PRDM1,1.0
MAFB,C,PREX1,1.0
MAFB,C,RTN1,1.0
MAFB,C,SEC14L1,1.0
MAFB,C,SLC39A11,1.0
MAFB,C,SMYD3,1.0
MAFB,C,SNX29,1.0
MAFB,C,SOX9,1.0
MAFB,C,SPAG9,1.0
MAFB,C,SRPK2,1.0
MAFB,C,ST18,1.0
MAFB,C,SYNE1,1.0
MAFB,C,TACC2,1.0
MAFB,C,TBXAS1,1.0
MAFB,C,TENM2,1.0
MAFB,C,TENT5B,1.0
MAFB,C,TJP2,1.0
MAFB,C,TNS3,1.0
MAFB,C,TRIO,1.0
MAFB,C,WDFY3,1.0
MAFB,C,ZBTB20,1.0
MAFB,C,ZMIZ1,1.0
MAFB,C,ZNF407,1.0
MAFF,C,OXTR,1.0
MAFF,C,RAPGEF5,1.0
MAFF,C,ARHGEF3,1.0
MAFF,C,ARID5B,1.0
MAFF,C,BCAS3,1.0
MAFF,C,BHLHE40,1.0
MAFF,C,CCDC150,1.0
MAFF,C,CCSER1,1.0
MAFF,C,CD55,1.0
MAFF,C,CDK14,1.0
MAFF,C,CHN2,1.0
MAFF,C,CPEB4,1.0
MAFF,C,CTNND2,1.0
MAFF,C,CYTH1,1.0
MAFF,C,DAAM1,1.0
MAFF,C,DLG2,1.0
MAFF,C,DST,1.0
MAFF,C,FLNB,1.0
MAFF,C,FMN1,1.0
MAFF,C,JMJD1C,1.0
MAFF,C,LRP1B,1.0
MAFF,C,PALLD,1.0
MAFF,C,PDE4B,1.0
MAFF,C,PDE4D,1.0
MAFF,C,PDLIM5,1.0
MAFF,C,PHLDB2,1.0
MAFF,C,PLXNA2,1.0
MAFF,C,PRKAG2,1.0
MAFF,C,PRKCH,1.0
MAFF,C,RABGAP1L,1.0
MAFF,C,RAPGEF1,1.0
MAFF,C,RGS3,1.0
MAFF,C,SEC14L1,1.0
MAFF,C,SLC8A1,1.0
MAFF,C,SMOX,1.0
MAFF,C,TBC1D14,1.0
MAFF,C,TEC,1.0
MAFF,C,TIAM2,1.0
MAFF,C,TJP2,1.0
MAFF,C,TLN2,1.0
MAFF,C,VGLL4,1.0
MAFF,C,WWP2,1.0
MAFG,C,NQO1,1.0
MAFG,C,EIF4G3,1.0
MAFG,C,ABCC1,1.0
MAFG,C,ABL1,1.0
MAFG,C,ABLIM3,1.0
MAFG,C,ARHGEF3,1.0
MAFG,C,CEP112,1.0
MAFG,C,CTIF,1.0
MAFG,C,DCHS2,1.0
MAFG,C,EGLN3,1.0
MAFG,C,FGF13,1.0
MAFG,C,FMN1,1.0
MAFG,C,HDAC4,1.0
MAFG,C,KAZN,1.0
MAFG,C,KSR1,1.0
MAFG,C,LYPLAL1,1.0
MAFG,C,MED15,1.0
MAFG,C,NABP1,1.0
MAFG,C,PDE4D,1.0
MAFG,C,PLXNA2,1.0
MAFG,C,RAPGEF1,1.0
MAFG,C,RERE,1.0
MAFG,C,RGS3,1.0
MAFG,C,SAMD4A,1.0
MAFG,C,SCIN,1.0
MAFG,C,SLC40A1,1.0
MAFG,C,SLC44A1,1.0
MAFG,C,SMAD3,1.0
MAFG,C,STAU2,1.0
MAFG,C,TAFA2,1.0
MAFG,C,TBC1D14,1.0
MAFG,C,TCF4,1.0
MAFG,C,TEC,1.0
MAFG,C,TIAM2,1.0
MAFG,C,TJP2,1.0
MAFG,C,TSC22D2,1.0
MAFG,C,ZBTB20,1.0
MAFK,C,NQO1,1.0
MAFK,C,ABLIM3,1.0
MAFK,C,ADGRL2,1.0
MAFK,C,ARHGEF3,1.0
MAFK,C,BACH2,1.0
MAFK,C,CACNA1D,1.0
MAFK,C,CCDC150,1.0
MAFK,C,CDK14,1.0
MAFK,C,CEP112,1.0
MAFK,C,CHD2,1.0
MAFK,C,CLIP4,1.0
MAFK,C,CPNE4,1.0
MAFK,C,CREB5,1.0
MAFK,C,CTIF,1.0
MAFK,C,DAAM1,1.0
MAFK,C,DAB2IP,1.0
MAFK,C,DCLK2,1.0
MAFK,C,DLG2,1.0
MAFK,C,DPP10,1.0
MAFK,C,DST,1.0
MAFK,C,EGLN3,1.0
MAFK,C,EIF4G3,1.0
MAFK,C,ERGIC1,1.0
MAFK,C,FLNB,1.0
MAFK,C,FMN1,1.0
MAFK,C,FOXK1,1.0
MAFK,C,GNA12,1.0
MAFK,C,IGF1R,1.0
MAFK,C,LRP1B,1.0
MAFK,C,MTCL1,1.0
MAFK,C,MYCBP2,1.0
MAFK,C,PDE4D,1.0
MAFK,C,PHLDB2,1.0
MAFK,C,PPP2R2B,1.0
MAFK,C,RABGAP1L,1.0
MAFK,C,RAPGEF1,1.0
MAFK,C,RGS3,1.0
MAFK,C,SAMD4A,1.0
MAFK,C,SCN8A,1.0
MAFK,C,SEC14L1,1.0
MAFK,C,SIK3,1.0
MAFK,C,SIPA1L2,1.0
MAFK,C,SLC8A1,1.0
MAFK,C,SMAD3,1.0
MAFK,C,SYNE1,1.0
MAFK,C,TBC1D14,1.0
MAFK,C,TIAM2,1.0
MAFK,C,TJP2,1.0
MAFK,C,TNS3,1.0
MAFK,C,ZBTB20,1.0
MAX,C,NPRL3,-1.0
MAX,C,ODC1,1.0
MAX,C,SERF2,1.0
MAX,C,CCND1,1.0
MAX,C,CDK6,1.0
MAX,C,ABLIM2,1.0
MAX,C,ACOT7,1.0
MAX,C,AGAP3,1.0
MAX,C,AGPAT3,1.0
MAX,C,ANKRD13B,1.0
MAX,C,AP3D1,1.0
MAX,C,ARHGEF3,1.0
MAX,C,AUTS2,1.0
MAX,C,CAST,1.0
MAX,C,CCDC88C,1.0
MAX,C,CREB5,1.0
MAX,C,CTBP2,1.0
MAX,C,CUEDC1,1.0
MAX,C,CYTH1,1.0
MAX,C,DNM2,1.0
MAX,C,EVL,1.0
MAX,C,FAAP20,1.0
MAX,C,FHL2,1.0
MAX,C,GRAMD4,1.0
MAX,C,GSN,1.0
MAX,C,HMGN4,1.0
MAX,C,INSR,1.0
MAX,C,JADE2,1.0
MAX,C,KDM4B,1.0
MAX,C,KIAA0232,1.0
MAX,C,KLC1,1.0
MAX,C,KSR1,1.0
MAX,C,LMNA,1.0
MAX,C,NFATC2,1.0
MAX,C,NOL4L,1.0
MAX,C,NRXN2,1.0
MAX,C,PCBP1,1.0
MAX,C,PFKFB3,1.0
MAX,C,PHC2,1.0
MAX,C,PLA2G6,1.0
MAX,C,PLEC,1.0
MAX,C,PPP2R2C,1.0
MAX,C,PRKCZ,1.0
MAX,C,RAP1GAP2,1.0
MAX,C,RGS3,1.0
MAX,C,RPS6KA2,1.0
MAX,C,SH3KBP1,1.0
MAX,C,SH3TC1,1.0
MAX,C,SMAD3,1.0
MAX,C,SMG6,1.0
MAX,C,STAT3,1.0
MAX,C,STXBP1,1.0
MAX,C,TBCD,1.0
MAX,C,TSPAN18,1.0
MAX,C,VGLL4,1.0
MAZ,C,MMP1,1.0
MAZ,C,MYC,1.0
MAZ,C,CTDSP1,1.0
MAZ,C,KCTD15,1.0
MAZ,C,MARK2,1.0
MAZ,C,PPP1R9B,1.0
MAZ,C,PRR12,1.0
MAZ,C,RNF220,1.0
MAZ,C,ACAP3,1.0
MAZ,C,ACTN1,1.0
MAZ,C,AGPAT3,1.0
MAZ,C,AGRN,1.0
MAZ,C,AHDC1,1.0
MAZ,C,AP3D1,1.0
MAZ,C,ARAP1,1.0
MAZ,C,ARID1A,1.0
MAZ,C,BCAR1,1.0
MAZ,C,CABIN1,1.0
MAZ,C,CACNA1A,1.0
MAZ,C,CCDC97,1.0
MAZ,C,CELF5,1.0
MAZ,C,CLIP2,1.0
MAZ,C,COL1A1,1.0
MAZ,C,CRTC1,1.0
MAZ,C,CSK,1.0
MAZ,C,DGKZ,1.0
MAZ,C,DVL1,1.0
MAZ,C,EPB41L1,1.0
MAZ,C,FAAP20,1.0
MAZ,C,FBXL19,1.0
MAZ,C,FOXP1,1.0
MAZ,C,GIT1,1.0
MAZ,C,GPR137,1.0
MAZ,C,GSE1,1.0
MAZ,C,HNRNPF,1.0
MAZ,C,IRF2BP1,1.0
MAZ,C,KCTD2,1.0
MAZ,C,KDM2B,1.0
MAZ,C,KLF16,1.0
MAZ,C,LASP1,1.0
MAZ,C,MAPKAPK3,1.0
MAZ,C,MED16,1.0
MAZ,C,MFSD12,1.0
MAZ,C,MLLT1,1.0
MAZ,C,MNT,1.0
MAZ,C,MSI2,1.0
MAZ,C,MYLK,1.0
MAZ,C,NCOR2,1.0
MAZ,C,NFIA,1.0
MAZ,C,NOSIP,1.0
MAZ,C,PALM,1.0
MAZ,C,PDXK,1.0
MAZ,C,PLXNB2,1.0
MAZ,C,PPFIA3,1.0
MAZ,C,PRPF31,1.0
MAZ,C,PTPA,1.0
MAZ,C,SERPINH1,1.0
MAZ,C,SLC4A2,1.0
MAZ,C,SOX12,1.0
MAZ,C,SRCIN1,1.0
MAZ,C,SSBP4,1.0
MAZ,C,ST3GAL2,1.0
MAZ,C,STAT6,1.0
MAZ,C,STK10,1.0
MAZ,C,STK11,1.0
MAZ,C,STK32C,1.0
MAZ,C,SYNGAP1,1.0
MAZ,C,TACC3,1.0
MAZ,C,TCF3,1.0
MAZ,C,TRIM47,1.0
MAZ,C,UBTF,1.0
MAZ,C,ZBTB7A,1.0
MBD1,C,SETDB1,-1.0
MBD1,C,ANKRD11,-1.0
MBD1,C,BANP,-1.0
MBD1,C,CELSR3,-1.0
MBD1,C,DAZAP1,-1.0
MBD1,C,DIDO1,-1.0
MBD1,C,DPP9,-1.0
MBD1,C,E4F1,-1.0
MBD1,C,EXOC7,-1.0
MBD1,C,FOXK2,-1.0
MBD1,C,HOOK2,-1.0
MBD1,C,IFT140,-1.0
MBD1,C,ITGAE,-1.0
MBD1,C,KDM4B,-1.0
MBD1,C,KMT2B,-1.0
MBD1,C,LTO1,-1.0
MBD1,C,MAFK,-1.0
MBD1,C,MC1R,-1.0
MBD1,C,NELFA,-1.0
MBD1,C,NELFCD,-1.0
MBD1,C,NLRC5,-1.0
MBD1,C,PGS1,-1.0
MBD1,C,PNPLA6,-1.0
MBD1,C,PPP1R37,-1.0
MBD1,C,PRPF31,-1.0
MBD1,C,PSMG4,-1.0
MBD1,C,RBM14,-1.0
MBD1,C,RGS12,-1.0
MBD1,C,RSAD1,-1.0
MBD1,C,SECISBP2,-1.0
MBD1,C,SF3A2,-1.0
MBD1,C,SRCAP,-1.0
MBD1,C,SRSF7,-1.0
MBD1,C,TCF25,-1.0
MBD1,C,THADA,-1.0
MBD1,C,THOP1,-1.0
MBD1,C,TRIM41,-1.0
MBD1,C,TTLL4,-1.0
MBD1,C,UQCC1,-1.0
MBD1,C,USP4,-1.0
MBD1,C,WRNIP1,-1.0
MBD1,C,ZDHHC7,-1.0
MBD1,C,ZNF263,-1.0
MBD1,C,ZZEF1,-1.0
MBD2,C,ADGRB1,1.0
MBD2,C,ADRB1,1.0
MBD2,C,AGAP3,1.0
MBD2,C,AJAP1,1.0
MBD2,C,CBFA2T3,1.0
MBD2,C,CELSR1,1.0
MBD2,C,CHD4,1.0
MBD2,C,ELAVL3,1.0
MBD2,C,ESPN,1.0
MBD2,C,EVA1B,1.0
MBD2,C,FLT4,1.0
MBD2,C,GBX1,1.0
MBD2,C,HUS1B,1.0
MBD2,C,INSYN2A,1.0
MBD2,C,IRX1,1.0
MBD2,C,KIAA1614,1.0
MBD2,C,LDLRAD4,1.0
MBD2,C,OPLAH,1.0
MBD2,C,PAQR9,1.0
MBD2,C,PKP3,1.0
MBD2,C,PLEKHG5,1.0
MBD2,C,PPP1R3G,1.0
MBD2,C,PRKCZ,1.0
MBD2,C,RADIL,1.0
MBD2,C,SHISA6,1.0
MBD2,C,SLC16A3,1.0
MBD2,C,SNCB,1.0
MBD2,C,SPPL2B,1.0
MBD2,C,TBX1,1.0
MBD2,C,TENM4,1.0
MBD2,C,TUB,1.0
MBD2,C,TYK2,1.0
MEF2A,C,JUN,1.0
MEF2A,C,KLF2,1.0
MEF2A,C,SLC2A4,1.0
MEF2A,C,SOST,-1.0
MEF2A,C,GTDC1,1.0
MEF2A,C,MEF2D,1.0
MEF2A,C,SCHIP1,1.0
MEF2A,C,SYNE1,1.0
MEF2A,C,AFAP1,1.0
MEF2A,C,AKAP6,1.0
MEF2A,C,ARHGAP10,1.0
MEF2A,C,ARHGAP24,1.0
MEF2A,C,ARHGAP42,1.0
MEF2A,C,ARHGEF12,1.0
MEF2A,C,ARHGEF3,1.0
MEF2A,C,ASAP1,1.0
MEF2A,C,ATF3,1.0
MEF2A,C,BCAS3,1.0
MEF2A,C,BLK,1.0
MEF2A,C,CAB39,1.0
MEF2A,C,CDC42EP3,1.0
MEF2A,C,CDYL,1.0
MEF2A,C,CHD9,1.0
MEF2A,C,CRIM1,1.0
MEF2A,C,DAAM1,1.0
MEF2A,C,DMD,1.0
MEF2A,C,DST,1.0
MEF2A,C,EEA1,1.0
MEF2A,C,EFR3A,1.0
MEF2A,C,ERC1,1.0
MEF2A,C,ERCC1,1.0
MEF2A,C,FBXW11,1.0
MEF2A,C,FCHSD2,1.0
MEF2A,C,GOLIM4,1.0
MEF2A,C,HDAC9,1.0
MEF2A,C,HIVEP2,1.0
MEF2A,C,HMGB1,1.0
MEF2A,C,IPCEF1,1.0
MEF2A,C,ITGB1,1.0
MEF2A,C,ITPR1,1.0
MEF2A,C,JMJD1C,1.0
MEF2A,C,KDM4C,1.0
MEF2A,C,KIAA1217,1.0
MEF2A,C,KLF6,1.0
MEF2A,C,KLF9,1.0
MEF2A,C,LHFPL2,1.0
MEF2A,C,LMNA,1.0
MEF2A,C,LRCH1,1.0
MEF2A,C,LTBP1,1.0
MEF2A,C,MACF1,1.0
MEF2A,C,MB,1.0
MEF2A,C,MBNL1,1.0
MEF2A,C,MEF2C,1.0
MEF2A,C,METTL8,1.0
MEF2A,C,MSN,1.0
MEF2A,C,MYH9,1.0
MEF2A,C,MYLK,1.0
MEF2A,C,NCOA3,1.0
MEF2A,C,NCOA7,1.0
MEF2A,C,NEDD9,1.0
MEF2A,C,NEK6,1.0
MEF2A,C,NEK7,1.0
MEF2A,C,NFATC2,1.0
MEF2A,C,NIBAN1,1.0
MEF2A,C,NIN,1.0
MEF2A,C,NUMB,1.0
MEF2A,C,PALLD,1.0
MEF2A,C,PAM,1.0
MEF2A,C,PEAK1,1.0
MEF2A,C,PHTF2,1.0
MEF2A,C,PICALM,1.0
MEF2A,C,PIK3AP1,1.0
MEF2A,C,PLB1,1.0
MEF2A,C,PLCL2,1.0
MEF2A,C,PRDM2,1.0
MEF2A,C,PRKCE,1.0
MEF2A,C,PTK2,1.0
MEF2A,C,RAB11FIP1,1.0
MEF2A,C,RABGAP1L,1.0
MEF2A,C,RBPJ,1.0
MEF2A,C,RGS3,1.0
MEF2A,C,RIN2,1.0
MEF2A,C,RIPOR2,1.0
MEF2A,C,SAMD4A,1.0
MEF2A,C,SASH1,1.0
MEF2A,C,SIPA1L1,1.0
MEF2A,C,SLC12A8,1.0
MEF2A,C,ST6GAL1,1.0
MEF2A,C,STARD13,1.0
MEF2A,C,SVIL,1.0
MEF2A,C,TBL1XR1,1.0
MEF2A,C,TCF4,1.0
MEF2A,C,TJP2,1.0
MEF2A,C,TNRC6B,1.0
MEF2A,C,TRIO,1.0
MEF2A,C,UST,1.0
MEF2A,C,UTRN,1.0
MEF2A,C,UVRAG,1.0
MEF2A,C,WWTR1,1.0
MEF2A,C,XYLT1,1.0
MEF2A,C,ZEB1,1.0
MEF2A,C,ZNF385B,1.0
MEF2B,C,KLF2,1.0
MEF2B,C,ARHGEF7,1.0
MEF2B,C,BLK,1.0
MEF2B,C,CRMP1,1.0
MEF2B,C,DGKD,1.0
MEF2B,C,E2F5,1.0
MEF2B,C,EVI2B,1.0
MEF2B,C,GNAS,1.0
MEF2B,C,GPATCH2L,1.0
MEF2B,C,HDAC5,1.0
MEF2B,C,HDAC9,1.0
MEF2B,C,KCNH8,1.0
MEF2B,C,KLF6,1.0
MEF2B,C,LTBP1,1.0
MEF2B,C,MACF1,1.0
MEF2B,C,MEF2A,1.0
MEF2B,C,NELL2,1.0
MEF2B,C,NFX1,1.0
MEF2B,C,NR4A1,1.0
MEF2B,C,NUP210,1.0
MEF2B,C,PIK3AP1,1.0
MEF2B,C,RAPGEF5,1.0
MEF2B,C,RASGRP3,1.0
MEF2B,C,RIPOR2,1.0
MEF2B,C,RP1,1.0
MEF2B,C,SLC2A5,1.0
MEF2B,C,ST6GAL1,1.0
MEF2B,C,SYNE1,1.0
MEF2B,C,TADA3,1.0
MEF2B,C,TBL1XR1,1.0
MEF2B,C,TCF3,1.0
MEF2B,C,TNKS,1.0
MEF2B,C,TOX2,1.0
MEF2B,C,USP2,1.0
MEF2B,C,ZNF395,1.0
MEF2B,C,ZNF608,1.0
MEF2C,C,CPT1B,1.0
MEF2C,C,JUN,1.0
MEF2C,C,KLF2,1.0
MEF2C,C,NR4A1,-1.0
MEF2C,C,SOST,-1.0
MEF2C,C,CLIC5,1.0
MEF2C,C,HDAC9,1.0
MEF2C,C,PLCL2,1.0
MEF2C,C,TCF4,1.0
MEF2C,C,ANK3,1.0
MEF2C,C,ARHGAP10,1.0
MEF2C,C,ARHGAP24,1.0
MEF2C,C,ARHGAP25,1.0
MEF2C,C,ARHGEF3,1.0
MEF2C,C,ARHGEF7,1.0
MEF2C,C,ARID1A,1.0
MEF2C,C,ASB2,1.0
MEF2C,C,BCL2,1.0
MEF2C,C,CDK14,1.0
MEF2C,C,CDKL5,1.0
MEF2C,C,DNAJB2,1.0
MEF2C,C,DPYSL3,1.0
MEF2C,C,EBF1,1.0
MEF2C,C,ENTPD1,1.0
MEF2C,C,EPS15,1.0
MEF2C,C,ERC1,1.0
MEF2C,C,ETS1,1.0
MEF2C,C,FCHSD2,1.0
MEF2C,C,FLI1,1.0
MEF2C,C,FMNL3,1.0
MEF2C,C,FOXP1,1.0
MEF2C,C,GPR55,1.0
MEF2C,C,GTDC1,1.0
MEF2C,C,HBS1L,1.0
MEF2C,C,HDAC5,1.0
MEF2C,C,IL15,1.0
MEF2C,C,INPP4A,1.0
MEF2C,C,IRAG2,1.0
MEF2C,C,KCNN3,1.0
MEF2C,C,LCA5,1.0
MEF2C,C,LIMS1,1.0
MEF2C,C,LMNA,1.0
MEF2C,C,MACF1,1.0
MEF2C,C,MIDEAS,1.0
MEF2C,C,MYH9,1.0
MEF2C,C,MYLK3,1.0
MEF2C,C,NCALD,1.0
MEF2C,C,NDUFV2,1.0
MEF2C,C,NEDD9,1.0
MEF2C,C,NEK6,1.0
MEF2C,C,NFATC1,1.0
MEF2C,C,NIBAN1,1.0
MEF2C,C,NR3C1,1.0
MEF2C,C,NREP,1.0
MEF2C,C,NUCB2,1.0
MEF2C,C,OXR1,1.0
MEF2C,C,PDE4B,1.0
MEF2C,C,PIP4K2A,1.0
MEF2C,C,PRKCH,1.0
MEF2C,C,RASGRP3,1.0
MEF2C,C,REEP1,1.0
MEF2C,C,RFTN1,1.0
MEF2C,C,RGS3,1.0
MEF2C,C,RGS6,1.0
MEF2C,C,RIPOR2,1.0
MEF2C,C,SIPA1L1,1.0
MEF2C,C,SP100,1.0
MEF2C,C,ST6GAL1,1.0
MEF2C,C,TBL1XR1,1.0
MEF2C,C,TMEM131L,1.0
MEF2C,C,TMSB4X,1.0
MEF2C,C,TSPAN12,1.0
MEF2C,C,TTC39C,1.0
MEIS1,C,ARHGAP10,1.0
MEIS1,C,BBS9,1.0
MEIS1,C,BCAR3,1.0
MEIS1,C,CACHD1,1.0
MEIS1,C,CACNA1A,1.0
MEIS1,C,CCDC171,1.0
MEIS1,C,CFAP61,1.0
MEIS1,C,DAAM1,1.0
MEIS1,C,DOCK5,1.0
MEIS1,C,DPYSL3,1.0
MEIS1,C,DSE,1.0
MEIS1,C,DST,1.0
MEIS1,C,DTNB,1.0
MEIS1,C,DYRK1A,1.0
MEIS1,C,ETS1,1.0
MEIS1,C,FBN1,1.0
MEIS1,C,FOXP2,1.0
MEIS1,C,FRYL,1.0
MEIS1,C,GAS7,1.0
MEIS1,C,GHR,1.0
MEIS1,C,GLIS3,1.0
MEIS1,C,GNA12,1.0
MEIS1,C,HDAC9,1.0
MEIS1,C,HECW2,1.0
MEIS1,C,JCAD,1.0
MEIS1,C,KIAA1217,1.0
MEIS1,C,KSR1,1.0
MEIS1,C,LSAMP,1.0
MEIS1,C,MID1,1.0
MEIS1,C,NFIA,1.0
MEIS1,C,NFIB,1.0
MEIS1,C,PALLD,1.0
MEIS1,C,PARD3,1.0
MEIS1,C,PDE11A,1.0
MEIS1,C,PHACTR3,1.0
MEIS1,C,PLCL2,1.0
MEIS1,C,PLD1,1.0
MEIS1,C,PPARG,1.0
MEIS1,C,RAPGEF5,1.0
MEIS1,C,RERE,1.0
MEIS1,C,RIPOR2,1.0
MEIS1,C,RYR3,1.0
MEIS1,C,SLC8A1,1.0
MEIS1,C,SPTBN1,1.0
MEIS1,C,TCF4,1.0
MEIS1,C,TLE4,1.0
MEIS1,C,TNIK,1.0
MEIS1,C,UBE2E1,1.0
MEIS1,C,UBR3,1.0
MEIS1,C,USP6NL,1.0
MEIS1,C,VGLL4,1.0
MEIS1,C,XXYLT1,1.0
MEIS1,C,ZFPM2,1.0
MEIS2,C,MCC,1.0
MEIS2,C,NCALD,1.0
MEIS2,C,TGFBR3,1.0
MEIS2,C,ADD3,1.0
MEIS2,C,ADGRB3,1.0
MEIS2,C,ANKRD11,1.0
MEIS2,C,ARHGAP24,1.0
MEIS2,C,ATAD2B,1.0
MEIS2,C,ATP2B4,1.0
MEIS2,C,CCNY,1.0
MEIS2,C,CNOT10,1.0
MEIS2,C,COLGALT2,1.0
MEIS2,C,CORO1C,1.0
MEIS2,C,DMD,1.0
MEIS2,C,DNM2,1.0
MEIS2,C,DOCK9,1.0
MEIS2,C,DST,1.0
MEIS2,C,ETV1,1.0
MEIS2,C,FAM13A,1.0
MEIS2,C,FAM184A,1.0
MEIS2,C,FOXP1,1.0
MEIS2,C,FRYL,1.0
MEIS2,C,GFOD1,1.0
MEIS2,C,HDAC4,1.0
MEIS2,C,HK1,1.0
MEIS2,C,HNRNPLL,1.0
MEIS2,C,ITSN1,1.0
MEIS2,C,KCNH2,1.0
MEIS2,C,MAN1C1,1.0
MEIS2,C,MAPRE2,1.0
MEIS2,C,MARCHF8,1.0
MEIS2,C,MATN2,1.0
MEIS2,C,MBD5,1.0
MEIS2,C,MCF2L2,1.0
MEIS2,C,MEF2C,1.0
MEIS2,C,MITF,1.0
MEIS2,C,MRTFA,1.0
MEIS2,C,NAV2,1.0
MEIS2,C,NCOA7,1.0
MEIS2,C,NFIA,1.0
MEIS2,C,NPAS3,1.0
MEIS2,C,NR2F2,1.0
MEIS2,C,PTK2,1.0
MEIS2,C,RABGAP1L,1.0
MEIS2,C,ROR2,1.0
MEIS2,C,SBF2,1.0
MEIS2,C,SDCCAG8,1.0
MEIS2,C,SORBS1,1.0
MEIS2,C,SPAG6,1.0
MEIS2,C,SPIDR,1.0
MEIS2,C,SPRED2,1.0
MEIS2,C,SPTBN1,1.0
MEIS2,C,SSBP2,1.0
MEIS2,C,SSBP3,1.0
MEIS2,C,SSH1,1.0
MEIS2,C,STXBP5,1.0
MEIS2,C,TIAM2,1.0
MEIS2,C,TNIK,1.0
MEIS2,C,WDR64,1.0
MEIS2,C,ZFPM2,1.0
MEIS2,C,ZNF521,1.0
MEIS2,C,ZNF608,1.0
MITF,A,ACP5,1.0
MITF,A,APEX1,1.0
MITF,A,BCL2,1.0
MITF,A,BCL2A1,-1.0
MITF,A,BEST1,1.0
MITF,A,BIRC7,1.0
MITF,A,CDK2,1.0
MITF,A,CDKN2A,-1.0
MITF,A,CLCN7,1.0
MITF,A,CTSK,1.0
MITF,A,DCT,1.0
MITF,A,DIAPH1,1.0
MITF,A,FOS,1.0
MITF,A,GPNMB,1.0
MITF,A,GPR143,1.0
MITF,A,HERC2,1.0
MITF,A,HIF1A,1.0
MITF,A,HOXB4,1.0
MITF,A,ITPR1,1.0
MITF,A,KIT,1.0
MITF,A,MAPRE2,1.0
MITF,A,MET,1.0
MITF,A,MLANA,1.0
MITF,A,OCA2,1.0
MITF,A,PMEL,1.0
MITF,A,PPARGC1A,1.0
MITF,A,PRKCB,1.0
MITF,A,RAB27A,1.0
MITF,A,SERPINF1,1.0
MITF,A,SNAI2,1.0
MITF,A,STARD13,1.0
MITF,A,TBC1D1,1.0
MITF,A,TRPM1,1.0
MITF,A,TYR,1.0
MITF,A,TYRP1,1.0
MNT,C,GATAD2A,-1.0
MNT,C,PLEC,-1.0
MNT,C,SH3BP2,-1.0
MNT,C,ACIN1,-1.0
MNT,C,ADGRV1,-1.0
MNT,C,AGAP3,-1.0
MNT,C,ANKRD11,-1.0
MNT,C,AP3D1,-1.0
MNT,C,BCL9L,-1.0
MNT,C,BCR,-1.0
MNT,C,CABLES1,-1.0
MNT,C,CAST,-1.0
MNT,C,CMIP,-1.0
MNT,C,COBL,-1.0
MNT,C,CSNK1D,-1.0
MNT,C,ECE1,-1.0
MNT,C,ELL,-1.0
MNT,C,EPN2,-1.0
MNT,C,EVL,-1.0
MNT,C,FAM131A,-1.0
MNT,C,FOXK2,-1.0
MNT,C,GREB1,-1.0
MNT,C,GSN,-1.0
MNT,C,KDM4B,-1.0
MNT,C,KDM6B,-1.0
MNT,C,LRRFIP1,-1.0
MNT,C,MAFK,-1.0
MNT,C,MARK2,-1.0
MNT,C,MED15,-1.0
MNT,C,MGRN1,-1.0
MNT,C,MIDEAS,-1.0
MNT,C,MYH9,-1.0
MNT,C,NCOR2,-1.0
MNT,C,NET1,-1.0
MNT,C,NGLY1,-1.0
MNT,C,PDXK,-1.0
MNT,C,PDZRN3,-1.0
MNT,C,PFKFB3,-1.0
MNT,C,POR,-1.0
MNT,C,PPP2R2C,-1.0
MNT,C,PRKAG2,-1.0
MNT,C,PRRC2B,-1.0
MNT,C,RAB40C,-1.0
MNT,C,RAI1,-1.0
MNT,C,RAPGEF1,-1.0
MNT,C,RARA,-1.0
MNT,C,RFX2,-1.0
MNT,C,RGS3,-1.0
MNT,C,SKI,-1.0
MNT,C,SLC16A3,-1.0
MNT,C,SYMPK,-1.0
MNT,C,TLE3,-1.0
MNT,C,TMEM127,-1.0
MNT,C,TPRG1,-1.0
MNT,C,VGLL4,-1.0
MNT,C,ZNF395,-1.0
MXI1,C,CAST,-1.0
MXI1,C,CTBP2,-1.0
MXI1,C,DST,-1.0
MXI1,C,FAM13A,-1.0
MXI1,C,SSBP3,-1.0
MXI1,C,ACAP3,-1.0
MXI1,C,ACLY,-1.0
MXI1,C,AHNAK,-1.0
MXI1,C,AK2,-1.0
MXI1,C,AMPD2,-1.0
MXI1,C,AP3D1,-1.0
MXI1,C,ARAP1,-1.0
MXI1,C,ARHGAP45,-1.0
MXI1,C,ARHGEF3,-1.0
MXI1,C,ARID1B,-1.0
MXI1,C,ARID3A,-1.0
MXI1,C,ATAD2,-1.0
MXI1,C,AUTS2,-1.0
MXI1,C,BCAR1,-1.0
MXI1,C,CDK6,-1.0
MXI1,C,CDKN2C,-1.0
MXI1,C,CTIF,-1.0
MXI1,C,CUX1,-1.0
MXI1,C,CYTH1,-1.0
MXI1,C,EML2,-1.0
MXI1,C,EPB41,-1.0
MXI1,C,FAAP20,-1.0
MXI1,C,FAM214B,-1.0
MXI1,C,FGGY,-1.0
MXI1,C,FOXK1,-1.0
MXI1,C,FOXN3,-1.0
MXI1,C,FOXO3,-1.0
MXI1,C,GLRX5,-1.0
MXI1,C,GORASP2,-1.0
MXI1,C,HDAC5,-1.0
MXI1,C,HMGB1,-1.0
MXI1,C,HMOX2,-1.0
MXI1,C,IGF1R,-1.0
MXI1,C,ING1,-1.0
MXI1,C,KDM4B,-1.0
MXI1,C,KLF10,-1.0
MXI1,C,KLF16,-1.0
MXI1,C,KSR1,-1.0
MXI1,C,LMNA,-1.0
MXI1,C,MACF1,-1.0
MXI1,C,MAP1LC3B,-1.0
MXI1,C,MCRIP2,-1.0
MXI1,C,MSI2,-1.0
MXI1,C,NFE2L1,-1.0
MXI1,C,NFE2L2,-1.0
MXI1,C,NOL4L,-1.0
MXI1,C,PCBP1,-1.0
MXI1,C,PDXK,-1.0
MXI1,C,PFKFB3,-1.0
MXI1,C,PKM,-1.0
MXI1,C,PTPA,-1.0
MXI1,C,RBFOX2,-1.0
MXI1,C,RUSC1,-1.0
MXI1,C,RUVBL1,-1.0
MXI1,C,SEPTIN9,-1.0
MXI1,C,SGMS1,-1.0
MXI1,C,SMAD3,-1.0
MXI1,C,STK32C,-1.0
MXI1,C,TLE3,-1.0
MXI1,C,TLE4,-1.0
MXI1,C,TNS1,-1.0
MXI1,C,TRAPPC9,-1.0
MXI1,C,TSPAN4,-1.0
MXI1,C,TTYH3,-1.0
MXI1,C,UBE2D3,-1.0
MXI1,C,UCKL1,-1.0
MXI1,C,VAV2,-1.0
MXI1,C,VGLL4,-1.0
MXI1,C,WDR81,-1.0
MXI1,C,WEE1,-1.0
MXI1,C,YY1,-1.0
MXI1,C,ZNF395,-1.0
MYB,A,ANPEP,1.0
MYB,A,BCL2,1.0
MYB,A,CCNA1,1.0
MYB,A,CD34,1.0
MYB,A,CD4,-1.0
MYB,A,CEBPA,1.0
MYB,A,COL1A1,1.0
MYB,A,CTSG,1.0
MYB,A,DHRS2,1.0
MYB,A,ELANE,1.0
MYB,A,ERBB2,1.0
MYB,A,GSTM1,1.0
MYB,A,KLF1,1.0
MYB,A,LCK,1.0
MYB,A,LMO2,1.0
MYB,A,MAT2A,1.0
MYB,A,MYC,1.0
MYB,A,NMU,1.0
MYB,A,NR3C1,1.0
MYB,A,RAG2,1.0
MYB,A,SIM2,1.0
MYB,A,SP3,1.0
MYB,A,TK1,1.0
MYB,A,WAS,1.0
MYB,A,WT1,1.0
MYBL2,C,MYB,1.0
MYBL2,C,MYC,1.0
MYBL2,C,PSG1,1.0
MYBL2,C,ANXA2,1.0
MYBL2,C,ARID1A,1.0
MYBL2,C,BCAR3,1.0
MYBL2,C,CALD1,1.0
MYBL2,C,CDKN3,1.0
MYBL2,C,CENPF,1.0
MYBL2,C,CHD2,1.0
MYBL2,C,DEPDC1B,1.0
MYBL2,C,DST,1.0
MYBL2,C,FAM169A,1.0
MYBL2,C,FOXP1,1.0
MYBL2,C,IGFBP1,1.0
MYBL2,C,INSIG2,1.0
MYBL2,C,LMNB1,1.0
MYBL2,C,MAP4K4,1.0
MYBL2,C,MAT2A,1.0
MYBL2,C,NAV2,1.0
MYBL2,C,SLX4IP,1.0
MYBL2,C,SYNE1,1.0
MYBL2,C,SYNJ2,1.0
MYBL2,C,TNIK,1.0
MYBL2,C,TOP2A,1.0
MYBL2,C,YAP1,1.0
MYBL2,C,ZNF608,1.0
MYC,A,ACADM,1.0
MYC,A,ACE,1.0
MYC,A,ACO2,1.0
MYC,A,ACOX1,1.0
MYC,A,ACP3,1.0
MYC,A,ACP5,1.0
MYC,A,ACTG1,1.0
MYC,A,ACYP2,1.0
MYC,A,ADCY9,1.0
MYC,A,AHSG,1.0
MYC,A,AIMP2,1.0
MYC,A,AKAP1,1.0
MYC,A,AKR1A1,1.0
MYC,A,ALDH9A1,-1.0
MYC,A,ALG5,1.0
MYC,A,AMD1,1.0
MYC,A,AMPD2,1.0
MYC,A,AMPD3,1.0
MYC,A,APC,1.0
MYC,A,APEX1,1.0
MYC,A,APP,1.0
MYC,A,AQR,1.0
MYC,A,ARF1,1.0
MYC,A,ARF4,1.0
MYC,A,ARFGAP2,1.0
MYC,A,ARSB,1.0
MYC,A,ASCL2,1.0
MYC,A,ASS1,1.0
MYC,A,ATAD3B,1.0
MYC,A,ATF4,1.0
MYC,A,ATF7,1.0
MYC,A,ATP1A2,1.0
MYC,A,ATP6V1G2,1.0
MYC,A,AVP,1.0
MYC,A,BAX,1.0
MYC,A,BBC3,1.0
MYC,A,BCL2,1.0
MYC,A,BCL2L12,1.0
MYC,A,BCL3,1.0
MYC,A,BLK,1.0
MYC,A,BMP4,1.0
MYC,A,BRCA1,1.0
MYC,A,BRCA2,1.0
MYC,A,BRD7,-1.0
MYC,A,BSG,1.0
MYC,A,C9orf43,1.0
MYC,A,CAD,1.0
MYC,A,CASP8,1.0
MYC,A,CASP8AP2,1.0
MYC,A,CASP9,1.0
MYC,A,CBS,1.0
MYC,A,CBX3,1.0
MYC,A,CBX5,1.0
MYC,A,CCKBR,1.0
MYC,A,CCNA2,1.0
MYC,A,CCNB1,1.0
MYC,A,CCND1,-1.0
MYC,A,CCND2,1.0
MYC,A,CCNE1,1.0
MYC,A,CCT5,1.0
MYC,A,CD63,1.0
MYC,A,CD79B,1.0
MYC,A,CDC25A,1.0
MYC,A,CDC25C,1.0
MYC,A,CDK4,1.0
MYC,A,CDK6,1.0
MYC,A,CDKN1A,-1.0
MYC,A,CDKN2B,-1.0
MYC,A,CEACAM5,1.0
MYC,A,CEBPA,-1.0
MYC,A,CFLAR,-1.0
MYC,A,CHRNB1,1.0
MYC,A,CKS2,1.0
MYC,A,CLCN6,1.0
MYC,A,CLINT1,1.0
MYC,A,CLP1,1.0
MYC,A,CLUH,1.0
MYC,A,CLUL1,1.0
MYC,A,CMAS,1.0
MYC,A,COL4A1,1.0
MYC,A,COX7A2L,1.0
MYC,A,CRAT,1.0
MYC,A,CRIPT,1.0
MYC,A,CSDE1,-1.0
MYC,A,CST5,1.0
MYC,A,CSTB,1.0
MYC,A,CTSF,1.0
MYC,A,CXCL2,1.0
MYC,A,CXCR4,1.0
MYC,A,CXXC1,1.0
MYC,A,DCK,1.0
MYC,A,DDX11,1.0
MYC,A,DDX18,1.0
MYC,A,DDX5,1.0
MYC,A,DFFA,1.0
MYC,A,DKC1,1.0
MYC,A,DLEU1,-1.0
MYC,A,DLEU2,-1.0
MYC,A,DMAC2L,1.0
MYC,A,DNPH1,1.0
MYC,A,DPY30,1.0
MYC,A,DUSP1,-1.0
MYC,A,E2F1,1.0
MYC,A,EGR3,1.0
MYC,A,EIF3C,1.0
MYC,A,EIF4A1,1.0
MYC,A,EIF4B,1.0
MYC,A,EIF4E,1.0
MYC,A,EIF4EBP2,1.0
MYC,A,EIF5A2,1.0
MYC,A,ELK1,1.0
MYC,A,ENO1,1.0
MYC,A,ENTPD7,1.0
MYC,A,EPB42,1.0
MYC,A,EPHX1,1.0
MYC,A,ESD,1.0
MYC,A,ETS2,1.0
MYC,A,EXOSC8,1.0
MYC,A,FAH,1.0
MYC,A,FASLG,1.0
MYC,A,FASN,1.0
MYC,A,FECH,1.0
MYC,A,FGF9,1.0
MYC,A,FGFR4,1.0
MYC,A,FOSL1,1.0
MYC,A,FOXM1,1.0
MYC,A,FPGS,1.0
MYC,A,FUT1,1.0
MYC,A,FXN,1.0
MYC,A,FXR1,1.0
MYC,A,GADD45A,-1.0
MYC,A,GALT,1.0
MYC,A,GAPDH,1.0
MYC,A,GAS8,1.0
MYC,A,GLA,1.0
MYC,A,GNL3,1.0
MYC,A,GOLPH3,1.0
MYC,A,GPR4,1.0
MYC,A,GSK3B,1.0
MYC,A,GSTP1,1.0
MYC,A,GTF2H2,-1.0
MYC,A,H2AZ1,1.0
MYC,A,H4C14,1.0
MYC,A,HBA2,1.0
MYC,A,HBP1,1.0
MYC,A,HDAC2,1.0
MYC,A,HDAC3,1.0
MYC,A,HERC5,1.0
MYC,A,HERPUD1,1.0
MYC,A,HES1,1.0
MYC,A,HIF1A,1.0
MYC,A,HINT1,1.0
MYC,A,HLA-F,1.0
MYC,A,HMBS,1.0
MYC,A,HMGN2,1.0
MYC,A,HMOX1,1.0
MYC,A,HNRNPA1,1.0
MYC,A,HNRNPA2B1,1.0
MYC,A,HNRNPDL,1.0
MYC,A,HOXD13,1.0
MYC,A,HOXD3,1.0
MYC,A,HSD11B2,1.0
MYC,A,HSP90AA2P,1.0
MYC,A,HSPA4,1.0
MYC,A,HSPA8,1.0
MYC,A,HSPA9,1.0
MYC,A,HSPD1,1.0
MYC,A,HSPE1,1.0
MYC,A,ICAM1,1.0
MYC,A,ID2,1.0
MYC,A,ID3,1.0
MYC,A,IER3,1.0
MYC,A,IL11RA,1.0
MYC,A,IL13,1.0
MYC,A,IL2,1.0
MYC,A,IMPA2,1.0
MYC,A,INSM1,1.0
MYC,A,INSR,1.0
MYC,A,IRF2,1.0
MYC,A,IRF3,1.0
MYC,A,ISG20,1.0
MYC,A,ITGA6,1.0
MYC,A,ITGB1,1.0
MYC,A,JUN,1.0
MYC,A,JUNB,-1.0
MYC,A,KIAA1586,1.0
MYC,A,KLF1,1.0
MYC,A,KLK10,1.0
MYC,A,LAIR1,1.0
MYC,A,LAIR2,1.0
MYC,A,LAMB2,1.0
MYC,A,LAMP1,-1.0
MYC,A,LBR,1.0
MYC,A,LDHA,1.0
MYC,A,LDHB,1.0
MYC,A,LMNA,1.0
MYC,A,LMX1B,1.0
MYC,A,LTA4H,1.0
MYC,A,LTB,1.0
MYC,A,MAGEA3,1.0
MYC,A,MAN2A2,1.0
MYC,A,MBD1,1.0
MYC,A,MCM7,1.0
MYC,A,MDM2,1.0
MYC,A,MEIS1,1.0
MYC,A,MEIS2,1.0
MYC,A,MELTF,1.0
MYC,A,MEN1,1.0
MYC,A,MET,1.0
MYC,A,METTL1,1.0
MYC,A,MFAP1,1.0
MYC,A,MGST1,1.0
MYC,A,MNT,1.0
MYC,A,MNX1,1.0
MYC,A,MPO,1.0
MYC,A,MSH2,1.0
MYC,A,MSN,-1.0
MYC,A,MST1,-1.0
MYC,A,MTERF1,1.0
MYC,A,MTHFD1,1.0
MYC,A,MTHFR,1.0
MYC,A,MUC1,1.0
MYC,A,MYBL2,1.0
MYC,A,MYCL,1.0
MYC,A,NAP1L1,1.0
MYC,A,NAT10,1.0
MYC,A,NCL,1.0
MYC,A,NDRG1,-1.0
MYC,A,NEFM,1.0
MYC,A,NFIL3,1.0
MYC,A,NFKBIL1,1.0
MYC,A,NID1,1.0
MYC,A,NIT1,1.0
MYC,A,NME1,1.0
MYC,A,NME2,1.0
MYC,A,NOD1,1.0
MYC,A,NOL7,1.0
MYC,A,NOP56,1.0
MYC,A,NOTCH4,1.0
MYC,A,NPM1,1.0
MYC,A,NR1D1,1.0
MYC,A,NRAS,1.0
MYC,A,NTHL1,1.0
MYC,A,NTN3,1.0
MYC,A,NUP155,1.0
MYC,A,NXT1,1.0
MYC,A,OCA2,1.0
MYC,A,ODC1,1.0
MYC,A,PAICS,1.0
MYC,A,PARP1,1.0
MYC,A,PCBD2,1.0
MYC,A,PCNA,1.0
MYC,A,PDHA1,1.0
MYC,A,PER1,1.0
MYC,A,PEX14,1.0
MYC,A,PEX3,1.0
MYC,A,PFDN6,1.0
MYC,A,PHB,1.0
MYC,A,PIGF,1.0
MYC,A,PIK3C3,1.0
MYC,A,PKM,1.0
MYC,A,PKP1,1.0
MYC,A,PLA2G4A,1.0
MYC,A,PMAIP1,1.0
MYC,A,POLB,1.0
MYC,A,POLD2,1.0
MYC,A,POLE3,1.0
MYC,A,PPAT,1.0
MYC,A,PPID,1.0
MYC,A,PPIF,1.0
MYC,A,PPP1R7,1.0
MYC,A,PQBP1,1.0
MYC,A,PRDM8,1.0
MYC,A,PRDX3,1.0
MYC,A,PRKDC,1.0
MYC,A,PRTN3,1.0
MYC,A,PSEN2,1.0
MYC,A,PSMB1,1.0
MYC,A,PSMG1,1.0
MYC,A,PTEN,1.0
MYC,A,PTGER2,1.0
MYC,A,PTMA,1.0
MYC,A,PTPA,-1.0
MYC,A,QDPR,1.0
MYC,A,RAD51,1.0
MYC,A,RARA,1.0
MYC,A,RARB,-1.0
MYC,A,RBBP4,1.0
MYC,A,RBM39,1.0
MYC,A,RBM8A,1.0
MYC,A,RCC1,1.0
MYC,A,RFC2,1.0
MYC,A,RGS2,1.0
MYC,A,RHOG,1.0
MYC,A,RIDA,1.0
MYC,A,RPL10,1.0
MYC,A,RPL13,1.0
MYC,A,RPL19,1.0
MYC,A,RPL22,1.0
MYC,A,RPL23,1.0
MYC,A,RPL26,1.0
MYC,A,RPL27,1.0
MYC,A,RPL27A,1.0
MYC,A,RPL3,1.0
MYC,A,RPL32,1.0
MYC,A,RPL6,1.0
MYC,A,RPS15,1.0
MYC,A,RPS15A,1.0
MYC,A,RPS16,1.0
MYC,A,RPS19,1.0
MYC,A,RPS20,1.0
MYC,A,RPS6,1.0
MYC,A,SCARB1,1.0
MYC,A,SEC23B,1.0
MYC,A,SFMBT1,1.0
MYC,A,SFXN3,1.0
MYC,A,SHMT1,1.0
MYC,A,SIM2,1.0
MYC,A,SIRT1,1.0
MYC,A,SLA,1.0
MYC,A,SLBP,1.0
MYC,A,SLC19A1,1.0
MYC,A,SLC25A28,1.0
MYC,A,SLC25A3,1.0
MYC,A,SLC28A2,1.0
MYC,A,SLC2A4,1.0
MYC,A,SLC4A2,1.0
MYC,A,SLC9A3R2,1.0
MYC,A,SLIT1,1.0
MYC,A,SMARCAD1,1.0
MYC,A,SMN1,1.0
MYC,A,SNRPB,1.0
MYC,A,SNRPB2,1.0
MYC,A,SNRPD3,1.0
MYC,A,SPAST,1.0
MYC,A,SQSTM1,1.0
MYC,A,SRD5A1,1.0
MYC,A,SRM,1.0
MYC,A,SRSF1,1.0
MYC,A,ST3GAL1,1.0
MYC,A,STAT6,1.0
MYC,A,STMN1,1.0
MYC,A,SURF6,1.0
MYC,A,SYNGR2,1.0
MYC,A,TCF12,1.0
MYC,A,TCIRG1,1.0
MYC,A,TERT,1.0
MYC,A,TFAP4,1.0
MYC,A,TFRC,1.0
MYC,A,TGFB1,1.0
MYC,A,TGFB2,1.0
MYC,A,TGFB3,1.0
MYC,A,THBS1,-1.0
MYC,A,THBS4,1.0
MYC,A,THRAP3,1.0
MYC,A,TNFRSF8,1.0
MYC,A,TOMM20,1.0
MYC,A,TOP1,1.0
MYC,A,TP53,1.0
MYC,A,TPM2,1.0
MYC,A,TRAP1,1.0
MYC,A,TSC2,1.0
MYC,A,TUBG2,1.0
MYC,A,TXN,1.0
MYC,A,TYMS,1.0
MYC,A,UBA52,1.0
MYC,A,UBE2C,1.0
MYC,A,UCP1,1.0
MYC,A,UCP3,1.0
MYC,A,UROD,1.0
MYC,A,UXT,1.0
MYC,A,VAMP2,1.0
MYC,A,VEGFA,1.0
MYC,A,VHL,1.0
MYC,A,WDR36,1.0
MYC,A,WNT10B,1.0
MYC,A,WRN,1.0
MYC,A,WT1,1.0
MYC,A,YBX3,1.0
MYC,A,ZFP36L1,-1.0
MYC,A,ZNF146,1.0
MYC,A,ZNF234,1.0
MYC,A,ZNF271P,1.0
MYC,A,ZNF304,1.0
MYC,A,ZNF451,1.0
MYC,A,ZSCAN9,1.0
MYCN,A,CTSD,1.0
MYCN,A,MCM2,1.0
MYCN,A,MCM3,1.0
MYCN,A,MCM4,1.0
MYCN,A,MCM5,1.0
MYCN,A,MCM6,1.0
MYCN,A,MCM7,1.0
MYCN,A,MCM8,1.0
MYCN,A,MDM2,1.0
MYCN,A,MXI1,-1.0
MYCN,A,NDRG1,1.0
MYCN,A,NES,1.0
MYCN,A,TP53,1.0
MYOD1,C,ACACB,1.0
MYOD1,C,ACTC1,1.0
MYOD1,C,ADCY9,1.0
MYOD1,C,ARHGAP10,1.0
MYOD1,C,BOC,1.0
MYOD1,C,BRD4,1.0
MYOD1,C,CUEDC1,1.0
MYOD1,C,DES,1.0
MYOD1,C,DIP2C,1.0
MYOD1,C,ECE1,1.0
MYOD1,C,EXOC4,1.0
MYOD1,C,FMN1,1.0
MYOD1,C,FRMD3,1.0
MYOD1,C,FYN,1.0
MYOD1,C,HDAC4,1.0
MYOD1,C,IGF2R,1.0
MYOD1,C,ITGB5,1.0
MYOD1,C,KALRN,1.0
MYOD1,C,KCNJ15,1.0
MYOD1,C,KCNMA1,1.0
MYOD1,C,KIF1A,1.0
MYOD1,C,LIMCH1,1.0
MYOD1,C,MDGA1,1.0
MYOD1,C,MDS2,1.0
MYOD1,C,MED15,1.0
MYOD1,C,MEGF10,1.0
MYOD1,C,MTHFD1L,1.0
MYOD1,C,NIBAN2,1.0
MYOD1,C,PEPD,1.0
MYOD1,C,PLEKHA6,1.0
MYOD1,C,PPM1H,1.0
MYOD1,C,PRKCH,1.0
MYOD1,C,PRR5,1.0
MYOD1,C,PRRC2B,1.0
MYOD1,C,RALGDS,1.0
MYOD1,C,RARA,1.0
MYOD1,C,RBFOX1,1.0
MYOD1,C,SEPTIN9,1.0
MYOD1,C,SH3PXD2A,1.0
MYOD1,C,SLC22A23,1.0
MYOD1,C,SVIL,1.0
MYOD1,C,SYNJ2,1.0
MYOD1,C,TACC2,1.0
MYOD1,C,TBC1D1,1.0
MYOD1,C,TMCC3,1.0
MYOD1,C,ZDHHC14,1.0
MYOD1,C,ZFAT,1.0
NANOG,C,CDC25A,-1.0
NANOG,C,CDK6,-1.0
NANOG,C,CDX2,-1.0
NANOG,C,GATA4,-1.0
NANOG,C,KDR,1.0
NANOG,C,L1TD1,1.0
NANOG,C,LAMB1,-1.0
NANOG,C,POU5F1,1.0
NANOG,C,ADGRL2,1.0
NANOG,C,ADGRV1,1.0
NANOG,C,ATXN7L1,1.0
NANOG,C,BCAR3,1.0
NANOG,C,CACHD1,1.0
NANOG,C,CADPS,1.0
NANOG,C,CCND1,1.0
NANOG,C,CDH18,1.0
NANOG,C,CDKAL1,1.0
NANOG,C,CNTNAP2,1.0
NANOG,C,CPNE4,1.0
NANOG,C,DENND2B,1.0
NANOG,C,DLG2,1.0
NANOG,C,EPB41L3,1.0
NANOG,C,FAT1,1.0
NANOG,C,GCNT2,1.0
NANOG,C,GPC6,1.0
NANOG,C,HDAC9,1.0
NANOG,C,IGF2BP3,1.0
NANOG,C,JMJD1C,1.0
NANOG,C,LDB2,1.0
NANOG,C,LIMCH1,1.0
NANOG,C,MAGI2,1.0
NANOG,C,MED12L,1.0
NANOG,C,MPPED2,1.0
NANOG,C,NBEA,1.0
NANOG,C,NRXN3,1.0
NANOG,C,PALM2AKAP2,1.0
NANOG,C,PATJ,1.0
NANOG,C,PRR16,1.0
NANOG,C,RABGAP1L,1.0
NANOG,C,RNF38,1.0
NANOG,C,RUNX1T1,1.0
NANOG,C,SHROOM3,1.0
NANOG,C,SNRPN,1.0
NANOG,C,SORCS1,1.0
NANOG,C,SYNE2,1.0
NANOG,C,TACC2,1.0
NANOG,C,TCF4,1.0
NANOG,C,TIAM2,1.0
NANOG,C,VPS13A,1.0
NCOA1,C,APPBP2,1.0
NCOA1,C,ARFGEF2,1.0
NCOA1,C,ASAP1,1.0
NCOA1,C,BPTF,1.0
NCOA1,C,CHD6,1.0
NCOA1,C,ESYT2,1.0
NCOA1,C,HIPK1,1.0
NCOA1,C,LMBR1,1.0
NCOA1,C,MAN1A2,1.0
NCOA1,C,MAPKAP1,1.0
NCOA1,C,PPP1R12A,1.0
NCOA1,C,PTK2,1.0
NCOA1,C,STK3,1.0
NCOA1,C,TERF2,1.0
NCOA1,C,TMCC1,1.0
NCOA1,C,TRIM33,1.0
NCOA1,C,UBR5,1.0
NCOA1,C,VPS13B,1.0
NCOA1,C,VPS13D,1.0
NCOA1,C,ZMIZ1,1.0
NCOA2,C,ANK3,1.0
NCOA2,C,ARFGEF2,1.0
NCOA2,C,BPTF,1.0
NCOA2,C,CHD6,1.0
NCOA2,C,DAAM1,1.0
NCOA2,C,GSE1,1.0
NCOA2,C,HIPK1,1.0
NCOA2,C,KIAA1217,1.0
NCOA2,C,MED13L,1.0
NCOA2,C,MSI2,1.0
NCOA2,C,NCOA3,1.0
NCOA2,C,OXR1,1.0
NCOA2,C,PTK2,1.0
NCOA2,C,RABGAP1L,1.0
NCOA2,C,SRPK2,1.0
NCOA2,C,TRIM33,1.0
NCOA2,C,UTRN,1.0
NCOA2,C,VPS13B,1.0
NCOA3,C,BCL2,1.0
NCOA3,C,ANKRD28,1.0
NCOA3,C,ARFGEF2,1.0
NCOA3,C,ARHGAP10,1.0
NCOA3,C,ASAP1,1.0
NCOA3,C,BPTF,1.0
NCOA3,C,CDYL2,1.0
NCOA3,C,FAM214A,1.0
NCOA3,C,HELZ,1.0
NCOA3,C,HIPK1,1.0
NCOA3,C,LPP,1.0
NCOA3,C,MED13,1.0
NCOA3,C,MED13L,1.0
NCOA3,C,NEDD4,1.0
NCOA3,C,OXR1,1.0
NCOA3,C,PIP4K2A,1.0
NCOA3,C,SLC44A1,1.0
NCOA3,C,SYNE2,1.0
NCOA3,C,TLK2,1.0
NCOA3,C,UBR5,1.0
NCOA3,C,USP6NL,1.0
NCOA3,C,VPS13B,1.0
NCOA3,C,ZMYND8,1.0
NEUROD1,C,INS,1.0
NEUROD1,C,GRM4,1.0
NEUROD1,C,ACAP3,1.0
NEUROD1,C,ARHGEF1,1.0
NEUROD1,C,ARHGEF19,1.0
NEUROD1,C,ARHGEF2,1.0
NEUROD1,C,ASIC4,1.0
NEUROD1,C,CDH23,1.0
NEUROD1,C,CELF5,1.0
NEUROD1,C,CTSB,1.0
NEUROD1,C,CYTH1,1.0
NEUROD1,C,GABBR2,1.0
NEUROD1,C,LASP1,1.0
NEUROD1,C,LITAF,1.0
NEUROD1,C,MED15,1.0
NEUROD1,C,MEF2D,1.0
NEUROD1,C,MICAL2,1.0
NEUROD1,C,MRPL34,1.0
NEUROD1,C,NCOR2,1.0
NEUROD1,C,PEAR1,1.0
NEUROD1,C,PTTG1IP,1.0
NEUROD1,C,RGS10,1.0
NEUROD1,C,RIPOR3,1.0
NEUROD1,C,RTN4,1.0
NEUROD1,C,SCRT1,1.0
NEUROD1,C,SH2D6,1.0
NEUROD1,C,SH3BP2,1.0
NEUROD1,C,SLC8A2,1.0
NEUROD1,C,TAL1,1.0
NEUROD1,C,TANGO2,1.0
NEUROD1,C,TBX1,1.0
NEUROD1,C,TLE5,1.0
NEUROD1,C,TTC7A,1.0
NEUROD1,C,UCKL1,1.0
NEUROD1,C,VASP,1.0
NFATC1,C,EGR3,1.0
NFATC1,C,ICAM1,1.0
NFATC1,C,IFNG,1.0
NFATC1,C,IL2,1.0
NFATC1,C,IL5,1.0
NFATC1,C,CREB5,1.0
NFATC1,C,FYN,1.0
NFATC1,C,MEF2C,1.0
NFATC1,C,NEDD9,1.0
NFATC1,C,ACTB,1.0
NFATC1,C,CARS2,1.0
NFATC1,C,CFLAR,1.0
NFATC1,C,CHD2,1.0
NFATC1,C,CPNE1,1.0
NFATC1,C,DST,1.0
NFATC1,C,GPR183,1.0
NFATC1,C,HIVEP2,1.0
NFATC1,C,IKZF2,1.0
NFATC1,C,IL17A,1.0
NFATC1,C,MACF1,1.0
NFATC1,C,NAALADL2,1.0
NFATC1,C,NCOR2,1.0
NFATC1,C,NFKB1,1.0
NFATC1,C,PHF19,1.0
NFATC1,C,PIAS1,1.0
NFATC1,C,PIP4K2A,1.0
NFATC1,C,PTK2B,1.0
NFATC1,C,RGS3,1.0
NFATC1,C,SMARCA2,1.0
NFATC1,C,SP100,1.0
NFATC1,C,STK38L,1.0
NFATC1,C,TCF4,1.0
NFATC1,C,TMEM131L,1.0
NFATC1,C,TNFAIP3,1.0
NFATC1,C,UBR5,1.0
NFATC2,A,CD40LG,1.0
NFATC2,A,CDK4,1.0
NFATC2,A,CSF2,1.0
NFATC2,A,EGR3,1.0
NFATC2,A,FOXP3,1.0
NFATC2,A,IFNG,1.0
NFATC2,A,IL2,1.0
NFATC2,A,IL4,1.0
NFATC2,A,IL5,1.0
NFATC2,A,TERT,1.0
NFE2,C,TBXA2R,1.0
NFE2,C,GCLC,1.0
NFE2,C,TBXAS1,1.0
NFE2,C,ADCK1,1.0
NFE2,C,ADGRV1,1.0
NFE2,C,ARID1A,1.0
NFE2,C,CAMK2G,1.0
NFE2,C,DAB2IP,1.0
NFE2,C,DENND3,1.0
NFE2,C,DST,1.0
NFE2,C,DYSF,1.0
NFE2,C,EFHB,1.0
NFE2,C,EGLN3,1.0
NFE2,C,ERGIC1,1.0
NFE2,C,FHAD1,1.0
NFE2,C,FOXK1,1.0
NFE2,C,FYB1,1.0
NFE2,C,GNA12,1.0
NFE2,C,INPP5D,1.0
NFE2,C,KCNMA1,1.0
NFE2,C,MAP2K3,1.0
NFE2,C,MAP4,1.0
NFE2,C,MICAL2,1.0
NFE2,C,NABP1,1.0
NFE2,C,PIK3AP1,1.0
NFE2,C,PISD,1.0
NFE2,C,PLB1,1.0
NFE2,C,PRDM10,1.0
NFE2,C,PRKCB,1.0
NFE2,C,PRR5,1.0
NFE2,C,PTK2,1.0
NFE2,C,PTPRE,1.0
NFE2,C,RERE,1.0
NFE2,C,RGS3,1.0
NFE2,C,RREB1,1.0
NFE2,C,SCARB1,1.0
NFE2,C,SEMA4D,1.0
NFE2,C,SH2D6,1.0
NFE2,C,SH3BP5,1.0
NFE2,C,SH3TC1,1.0
NFE2,C,SLC25A37,1.0
NFE2,C,SNX29,1.0
NFE2,C,STK10,1.0
NFE2,C,STK40,1.0
NFE2,C,TNS1,1.0
NFE2,C,UBC,1.0
NFE2,C,ZBTB20,1.0
NFE2,C,ZSCAN31,1.0
NFE2L1,C,PARVA,1.0
NFE2L1,C,ADCY9,1.0
NFE2L1,C,AKR1C3,1.0
NFE2L1,C,ANO10,1.0
NFE2L1,C,ARHGAP6,1.0
NFE2L1,C,ARNTL,1.0
NFE2L1,C,BCAS3,1.0
NFE2L1,C,CALD1,1.0
NFE2L1,C,CPQ,1.0
NFE2L1,C,DENND1A,1.0
NFE2L1,C,DLGAP1,1.0
NFE2L1,C,EXOC6B,1.0
NFE2L1,C,FOXK1,1.0
NFE2L1,C,GNAL,1.0
NFE2L1,C,IRAG1,1.0
NFE2L1,C,KIF13A,1.0
NFE2L1,C,PARN,1.0
NFE2L1,C,POPDC3,1.0
NFE2L1,C,RTN4,1.0
NFE2L1,C,SETD5,1.0
NFE2L1,C,SETMAR,1.0
NFE2L1,C,SORBS1,1.0
NFE2L1,C,SORT1,1.0
NFE2L1,C,SQSTM1,1.0
NFE2L1,C,TBC1D5,1.0
NFE2L1,C,TEAD1,1.0
NFE2L1,C,TMEM245,1.0
NFE2L1,C,TNS1,1.0
NFE2L1,C,TXNRD1,1.0
NFE2L1,C,UBE2H,1.0
NFE2L1,C,ZFAT,1.0
NFE2L2,B,GCLC,1.0
NFE2L2,B,GSTA1,1.0
NFE2L2,B,HMOX1,1.0
NFE2L2,B,MTHFR,1.0
NFE2L2,B,NQO1,1.0
NFE2L2,B,SQSTM1,1.0
NFE2L2,B,TXN,1.0
NFE2L2,B,TXNRD1,1.0
NFE2L2,B,ABCC1,1.0
NFE2L2,B,NQO2,1.0
NFE2L2,B,TGIF1,1.0
NFIC,A,ALAS1,1.0
NFIC,A,C4BPB,1.0
NFIC,A,COL18A1,1.0
NFIC,A,COL1A1,1.0
NFIC,A,CSH1,1.0
NFIC,A,CYP17A1,1.0
NFIC,A,CYP1A1,-1.0
NFIC,A,FABP7,1.0
NFIC,A,GFAP,1.0
NFIC,A,GTF3C1,1.0
NFIC,A,GTF3C2,1.0
NFIC,A,GUCY1B1,1.0
NFIC,A,HMGB1,1.0
NFIC,A,HSD11B2,1.0
NFIC,A,ITGA5,-1.0
NFIC,A,JUN,1.0
NFIC,A,MATN1,-1.0
NFIC,A,MYC,1.0
NFIC,A,POLD2,1.0
NFIC,A,POLE2,1.0
NFIC,A,PROC,1.0
NFIC,A,SLC2A4,1.0
NFIC,A,SLC34A2,1.0
NFIC,A,SMUG1,1.0
NFIC,A,TFAP2A,1.0
NFIC,A,TFPI2,1.0
NFIC,A,TP53,1.0
NFIC,A,VWF,1.0
NFKB1,A,A2M,1.0
NFKB1,A,ABCB1,1.0
NFKB1,A,ADORA1,1.0
NFKB1,A,AGER,1.0
NFKB1,A,AGT,1.0
NFKB1,A,AKT1,-1.0
NFKB1,A,ALOX5AP,1.0
NFKB1,A,AMH,1.0
NFKB1,A,AR,-1.0
NFKB1,A,ATF3,1.0
NFKB1,A,B2M,1.0
NFKB1,A,BCL2,1.0
NFKB1,A,BCL2A1,1.0
NFKB1,A,BCL2L1,1.0
NFKB1,A,BCL3,1.0
NFKB1,A,BIRC2,1.0
NFKB1,A,BIRC3,1.0
NFKB1,A,BIRC5,1.0
NFKB1,A,BRCA1,1.0
NFKB1,A,BRCA2,1.0
NFKB1,A,BST1,1.0
NFKB1,A,CCL11,1.0
NFKB1,A,CCL2,1.0
NFKB1,A,CCL22,1.0
NFKB1,A,CCL3,1.0
NFKB1,A,CCL4,1.0
NFKB1,A,CCL5,1.0
NFKB1,A,CCND1,1.0
NFKB1,A,CCND2,1.0
NFKB1,A,CCR7,1.0
NFKB1,A,CD40,1.0
NFKB1,A,CD40LG,1.0
NFKB1,A,CD58,1.0
NFKB1,A,CD69,1.0
NFKB1,A,CD74,1.0
NFKB1,A,CD80,1.0
NFKB1,A,CD83,1.0
NFKB1,A,CD86,1.0
NFKB1,A,CDK4,1.0
NFKB1,A,CFLAR,1.0
NFKB1,A,CFTR,1.0
NFKB1,A,COL1A1,-1.0
NFKB1,A,COL1A2,-1.0
NFKB1,A,CR2,1.0
NFKB1,A,CRMP1,1.0
NFKB1,A,CRP,1.0
NFKB1,A,CSF1,1.0
NFKB1,A,CSF2,1.0
NFKB1,A,CSNK2A1,1.0
NFKB1,A,CTCF,-1.0
NFKB1,A,CTSB,1.0
NFKB1,A,CXCL1,1.0
NFKB1,A,CXCL10,1.0
NFKB1,A,CXCL2,1.0
NFKB1,A,CXCL3,1.0
NFKB1,A,CXCL5,1.0
NFKB1,A,CXCL8,1.0
NFKB1,A,CYP19A1,-1.0
NFKB1,A,CYP27B1,1.0
NFKB1,A,DEFB4A,1.0
NFKB1,A,EBI3,1.0
NFKB1,A,EDN1,1.0
NFKB1,A,EGFR,1.0
NFKB1,A,ELF3,1.0
NFKB1,A,F3,1.0
NFKB1,A,F8,1.0
NFKB1,A,FAS,1.0
NFKB1,A,FASLG,1.0
NFKB1,A,FBP1,1.0
NFKB1,A,FCGRT,1.0
NFKB1,A,FN1,-1.0
NFKB1,A,GADD45A,1.0
NFKB1,A,GADD45G,1.0
NFKB1,A,GATA3,1.0
NFKB1,A,GDNF,1.0
NFKB1,A,GSTP1,1.0
NFKB1,A,HIF1A,1.0
NFKB1,A,HLA-F,1.0
NFKB1,A,HMOX1,1.0
NFKB1,A,HSD11B2,1.0
NFKB1,A,ICAM1,1.0
NFKB1,A,IER3,1.0
NFKB1,A,IFNA1,1.0
NFKB1,A,IFNB1,1.0
NFKB1,A,IFNG,1.0
NFKB1,A,IL10,1.0
NFKB1,A,IL12A,1.0
NFKB1,A,IL12B,1.0
NFKB1,A,IL17C,1.0
NFKB1,A,IL18,1.0
NFKB1,A,IL1A,-1.0
NFKB1,A,IL1B,1.0
NFKB1,A,IL1RN,1.0
NFKB1,A,IL2,1.0
NFKB1,A,IL23A,1.0
NFKB1,A,IL2RA,1.0
NFKB1,A,IL4,1.0
NFKB1,A,IL5,1.0
NFKB1,A,IL6,1.0
NFKB1,A,IRF1,1.0
NFKB1,A,IRF4,1.0
NFKB1,A,IRF7,1.0
NFKB1,A,JUNB,1.0
NFKB1,A,KLK3,1.0
NFKB1,A,LPL,1.0
NFKB1,A,LTA,1.0
NFKB1,A,MADCAM1,1.0
NFKB1,A,MAT2A,1.0
NFKB1,A,MICA,1.0
NFKB1,A,MMP13,1.0
NFKB1,A,MMP14,1.0
NFKB1,A,MMP2,1.0
NFKB1,A,MMP3,1.0
NFKB1,A,MMP9,1.0
NFKB1,A,MYB,1.0
NFKB1,A,MYC,1.0
NFKB1,A,NFKBIA,1.0
NFKB1,A,NOD2,1.0
NFKB1,A,NOLC1,1.0
NFKB1,A,NOS1,1.0
NFKB1,A,NOS2,1.0
NFKB1,A,NOS3,1.0
NFKB1,A,NQO1,1.0
NFKB1,A,PDE7A,1.0
NFKB1,A,PDGFB,1.0
NFKB1,A,PIGR,1.0
NFKB1,A,PLAU,1.0
NFKB1,A,PLAUR,1.0
NFKB1,A,PTAFR,1.0
NFKB1,A,PTGS2,1.0
NFKB1,A,PTHLH,1.0
NFKB1,A,PTPN13,1.0
NFKB1,A,RIPK2,1.0
NFKB1,A,RRM2B,1.0
NFKB1,A,SAA2,1.0
NFKB1,A,SELE,1.0
NFKB1,A,SERPINA3,-1.0
NFKB1,A,SERPINB1,1.0
NFKB1,A,SERPINE1,1.0
NFKB1,A,SOCS3,1.0
NFKB1,A,SOD2,1.0
NFKB1,A,TBX21,1.0
NFKB1,A,TFF3,1.0
NFKB1,A,TFPI2,1.0
NFKB1,A,THBD,-1.0
NFKB1,A,TIMP1,-1.0
NFKB1,A,TLR2,1.0
NFKB1,A,TNC,1.0
NFKB1,A,TNF,1.0
NFKB1,A,TNFAIP3,1.0
NFKB1,A,TNFRSF10A,1.0
NFKB1,A,TNFRSF10B,1.0
NFKB1,A,TNFSF10,1.0
NFKB1,A,TP53,1.0
NFKB1,A,TRAF1,1.0
NFKB1,A,TRAF2,1.0
NFKB1,A,VCAM1,1.0
NFKB1,A,VEGFA,1.0
NFKB1,A,VEGFC,1.0
NFKB1,A,VEGFD,1.0
NFKB1,A,VIM,1.0
NFKB1,A,VWF,1.0
NFKB1,A,WT1,1.0
NFKB1,A,XIAP,1.0
NFKB2,B,BCL2,-1.0
NFKB2,B,BCL2L1,-1.0
NFKB2,B,CCL21,1.0
NFKB2,B,CCND2,1.0
NFKB2,B,CDK6,1.0
NFKB2,B,CXCL8,1.0
NFKB2,B,SELP,1.0
NFKB2,B,SND1,1.0
NFKB2,B,BCL3,-1.0
NFKB2,B,CD44,-1.0
NFKB2,B,CD58,-1.0
NFKB2,B,IL2RA,-1.0
NFKB2,B,IL6,-1.0
NFKB2,B,NEURL3,-1.0
NFKB2,B,RARA,-1.0
NFKB2,B,TNFAIP3,-1.0
NFKB2,B,TNIP1,-1.0
NFKB2,B,TRAF1,-1.0
NFYA,B,ABCB1,1.0
NFYA,B,ACTB,1.0
NFYA,B,DDIT3,1.0
NFYA,B,FDPS,1.0
NFYA,B,FXR2,1.0
NFYA,B,SP3,1.0
NFYA,B,AP3M2,1.0
NFYA,B,CD74,1.0
NFYA,B,PNRC2,1.0
NFYA,B,ZNF608,1.0
NFYB,C,ACTB,1.0
NFYB,C,FXR2,1.0
NFYB,C,CCNB1,1.0
NFYB,C,CD74,1.0
NFYB,C,CREBRF,1.0
NFYB,C,CRYZL1,1.0
NFYB,C,PCNA,1.0
NFYB,C,AMN1,1.0
NFYB,C,AP2A1,1.0
NFYB,C,ATRIP,1.0
NFYB,C,BAZ1B,1.0
NFYB,C,BFSP1,1.0
NFYB,C,BRSK2,1.0
NFYB,C,CCNB2,1.0
NFYB,C,CDK1,1.0
NFYB,C,CKS2,1.0
NFYB,C,COQ10B,1.0
NFYB,C,COQ8A,1.0
NFYB,C,DLG3,1.0
NFYB,C,DNAJB1,1.0
NFYB,C,DPF1,1.0
NFYB,C,EIF2AK3,1.0
NFYB,C,ELMO1,1.0
NFYB,C,EPB41,1.0
NFYB,C,FADS1,1.0
NFYB,C,FAM117A,1.0
NFYB,C,FCHO1,1.0
NFYB,C,FDFT1,1.0
NFYB,C,FZD2,1.0
NFYB,C,GCNT2,1.0
NFYB,C,GNA12,1.0
NFYB,C,HNRNPDL,1.0
NFYB,C,IER5,1.0
NFYB,C,KCNAB2,1.0
NFYB,C,KCNB1,1.0
NFYB,C,KLHL25,1.0
NFYB,C,LBR,1.0
NFYB,C,LINS1,1.0
NFYB,C,LIPA,1.0
NFYB,C,LYPLA1,1.0
NFYB,C,MAT2B,1.0
NFYB,C,MBNL1,1.0
NFYB,C,MKNK2,1.0
NFYB,C,MKRN1,1.0
NFYB,C,MLEC,1.0
NFYB,C,MPHOSPH9,1.0
NFYB,C,MRTFA,1.0
NFYB,C,NCEH1,1.0
NFYB,C,NEK7,1.0
NFYB,C,NUCB2,1.0
NFYB,C,OSBPL9,1.0
NFYB,C,OTULINL,1.0
NFYB,C,PAK4,1.0
NFYB,C,PASK,1.0
NFYB,C,PDIA4,1.0
NFYB,C,PEX16,1.0
NFYB,C,PRDM11,1.0
NFYB,C,RGS3,1.0
NFYB,C,RHOF,1.0
NFYB,C,RHOQ,1.0
NFYB,C,SEC22C,1.0
NFYB,C,SLC27A1,1.0
NFYB,C,SOD2,1.0
NFYB,C,SRRM1,1.0
NFYB,C,SSBP3,1.0
NFYB,C,TBC1D31,1.0
NFYB,C,TMEM14C,1.0
NFYB,C,TMEM245,1.0
NFYB,C,TXNIP,1.0
NFYB,C,TXNRD1,1.0
NFYB,C,UBP1,1.0
NFYB,C,UHRF1,1.0
NFYB,C,UVRAG,1.0
NFYB,C,VCP,1.0
NFYB,C,VIPR1,1.0
NFYB,C,ZNF608,1.0
NR1H2,C,ABCA1,1.0
NR1H2,C,ABCG1,1.0
NR1H2,C,BHLHE40,1.0
NR1H2,C,SREBF1,1.0
NR1H2,C,FASN,1.0
NR1H2,C,PPARG,1.0
NR1H2,C,CDC42EP4,1.0
NR1H2,C,DNAJB12,1.0
NR1H2,C,EIF1,1.0
NR1H2,C,MNT,1.0
NR1H2,C,NCOR2,1.0
NR1H2,C,SQSTM1,1.0
NR1H2,C,TBC1D1,1.0
NR1H3,C,ABCA1,1.0
NR1H3,C,ABCG1,1.0
NR1H3,C,APOE,1.0
NR1H3,C,BHLHE40,1.0
NR1H3,C,SREBF1,1.0
NR1H3,C,FASN,1.0
NR1H3,C,ABCD1,1.0
NR1H3,C,AKR1C4,1.0
NR1H3,C,KIAA1217,1.0
NR1H3,C,PPARG,1.0
NR1H3,C,RNF145,1.0
NR1H3,C,TMEM135,1.0
NR2C2,C,ASXL1,1.0
NR2C2,C,GCC2,1.0
NR2C2,C,NR2C1,1.0
NR2C2,C,SNRNP200,1.0
NR2C2,C,TAF2,1.0
NR2C2,C,ACBD3,1.0
NR2C2,C,ADGRF3,1.0
NR2C2,C,AGPS,1.0
NR2C2,C,ANAPC15,1.0
NR2C2,C,ANKIB1,1.0
NR2C2,C,ANXA11,1.0
NR2C2,C,ASB8,1.0
NR2C2,C,ATP11A,1.0
NR2C2,C,BAZ1B,1.0
NR2C2,C,BRD9,1.0
NR2C2,C,CCDC146,1.0
NR2C2,C,CCDC51,1.0
NR2C2,C,CCDC71,1.0
NR2C2,C,CFAP61,1.0
NR2C2,C,CHMP4B,1.0
NR2C2,C,CLUH,1.0
NR2C2,C,CNOT9,1.0
NR2C2,C,CWC15,1.0
NR2C2,C,DDX42,1.0
NR2C2,C,DICER1,1.0
NR2C2,C,DUS1L,1.0
NR2C2,C,EBAG9,1.0
NR2C2,C,EHMT1,1.0
NR2C2,C,EIF3M,1.0
NR2C2,C,FAM193B,1.0
NR2C2,C,GCN1,1.0
NR2C2,C,GOLGB1,1.0
NR2C2,C,GPATCH8,1.0
NR2C2,C,IMPACT,1.0
NR2C2,C,KDM4D,1.0
NR2C2,C,KDM5A,1.0
NR2C2,C,KMT5A,1.0
NR2C2,C,KRIT1,1.0
NR2C2,C,LSM7,1.0
NR2C2,C,MAP3K11,1.0
NR2C2,C,MAPKAP1,1.0
NR2C2,C,MRPL20,1.0
NR2C2,C,MRPL33,1.0
NR2C2,C,MRPS28,1.0
NR2C2,C,NAA50,1.0
NR2C2,C,NDUFAF6,1.0
NR2C2,C,NDUFB7,1.0
NR2C2,C,NDUFS6,1.0
NR2C2,C,NFE2L2,1.0
NR2C2,C,NFXL1,1.0
NR2C2,C,NOL7,1.0
NR2C2,C,NUP107,1.0
NR2C2,C,NUP37,1.0
NR2C2,C,PAK4,1.0
NR2C2,C,PARPBP,1.0
NR2C2,C,PCBP1,1.0
NR2C2,C,PHF12,1.0
NR2C2,C,PPIH,1.0
NR2C2,C,PRPF40A,1.0
NR2C2,C,PTAR1,1.0
NR2C2,C,RAB11FIP2,1.0
NR2C2,C,RPRD1B,1.0
NR2C2,C,RPS21,1.0
NR2C2,C,RPS3A,1.0
NR2C2,C,RPS6KC1,1.0
NR2C2,C,SAP18,1.0
NR2C2,C,SCNM1,1.0
NR2C2,C,SELENOI,1.0
NR2C2,C,SKIDA1,1.0
NR2C2,C,SMARCD2,1.0
NR2C2,C,SNRPF,1.0
NR2C2,C,SPPL2B,1.0
NR2C2,C,SRCAP,1.0
NR2C2,C,TBC1D22A,1.0
NR2C2,C,TMA7,1.0
NR2C2,C,TMCO1,1.0
NR2C2,C,TMEM248,1.0
NR2C2,C,TNRC6A,1.0
NR2C2,C,TOMM40,1.0
NR2C2,C,TRIP13,1.0
NR2C2,C,TTC31,1.0
NR2C2,C,TTI1,1.0
NR2C2,C,TXNL1,1.0
NR2C2,C,USP37,1.0
NR2C2,C,VPS13D,1.0
NR2C2,C,WTAP,1.0
NR2C2,C,ZNF3,1.0
NR2C2,C,ZNF513,1.0
NR2F1,C,AGT,-1.0
NR2F1,C,APOA2,-1.0
NR2F1,C,APOC3,-1.0
NR2F1,C,CYP19A1,-1.0
NR2F1,C,EPO,-1.0
NR2F1,C,LHCGR,-1.0
NR2F1,C,ABCA2,1.0
NR2F1,C,ADAP1,1.0
NR2F1,C,ADGRG1,1.0
NR2F1,C,AGPAT3,1.0
NR2F1,C,AHDC1,1.0
NR2F1,C,ARHGEF1,1.0
NR2F1,C,ARHGEF2,1.0
NR2F1,C,ARHGEF4,1.0
NR2F1,C,ATP11A,1.0
NR2F1,C,ATP2B3,1.0
NR2F1,C,BEGAIN,1.0
NR2F1,C,BRSK2,1.0
NR2F1,C,COL27A1,1.0
NR2F1,C,COL5A1,1.0
NR2F1,C,CPNE7,1.0
NR2F1,C,CRB2,1.0
NR2F1,C,CTBP2,1.0
NR2F1,C,CTIF,1.0
NR2F1,C,EHMT1,1.0
NR2F1,C,FBLN1,1.0
NR2F1,C,FGD5,1.0
NR2F1,C,FLT4,1.0
NR2F1,C,FSCN1,1.0
NR2F1,C,GDPD5,1.0
NR2F1,C,GPSM1,1.0
NR2F1,C,GRAMD4,1.0
NR2F1,C,HDAC7,1.0
NR2F1,C,IQSEC1,1.0
NR2F1,C,KAZN,1.0
NR2F1,C,KCNAB2,1.0
NR2F1,C,KIF21B,1.0
NR2F1,C,LINGO1,1.0
NR2F1,C,LRP1,1.0
NR2F1,C,MAD1L1,1.0
NR2F1,C,MIDEAS,1.0
NR2F1,C,MYO18A,1.0
NR2F1,C,NEK6,1.0
NR2F1,C,NRXN2,1.0
NR2F1,C,OSBPL5,1.0
NR2F1,C,PAK4,1.0
NR2F1,C,PALM,1.0
NR2F1,C,PDXK,1.0
NR2F1,C,PEPD,1.0
NR2F1,C,PHACTR3,1.0
NR2F1,C,PLXNA2,1.0
NR2F1,C,PLXND1,1.0
NR2F1,C,PRKAR1B,1.0
NR2F1,C,RHBDF2,1.0
NR2F1,C,RIPOR3,1.0
NR2F1,C,ROR2,1.0
NR2F1,C,SDK2,1.0
NR2F1,C,SULF2,1.0
NR2F1,C,SULT2B1,1.0
NR2F1,C,SYNJ2,1.0
NR2F1,C,TACC2,1.0
NR2F1,C,TNK2,1.0
NR2F1,C,TOP1MT,1.0
NR2F1,C,TPCN1,1.0
NR2F1,C,UBAC1,1.0
NR2F1,C,UNKL,1.0
NR2F1,C,ZFYVE28,1.0
NR2F1,C,ZNF469,1.0
NR2F2,A,ACTA1,1.0
NR2F2,A,APOA1,-1.0
NR2F2,A,APOA2,-1.0
NR2F2,A,APOB,1.0
NR2F2,A,APOC2,1.0
NR2F2,A,APOC3,1.0
NR2F2,A,BGLAP,1.0
NR2F2,A,CETP,1.0
NR2F2,A,F9,1.0
NR2F2,A,HNF4A,-1.0
NR2F2,A,MYH6,1.0
NR2F2,A,MYOD1,1.0
NR2F2,A,MYOG,1.0
NR2F2,A,OXT,1.0
NR2F2,A,PENK,1.0
NR2F2,A,POU5F1,-1.0
NR2F2,A,PPARA,1.0
NR2F2,A,TF,1.0
NR2F6,C,LHCGR,-1.0
NR2F6,C,AGPAT3,-1.0
NR2F6,C,APOB,-1.0
NR2F6,C,RAB11FIP4,-1.0
NR2F6,C,AFF1,-1.0
NR2F6,C,ARHGEF16,-1.0
NR2F6,C,ARID5B,-1.0
NR2F6,C,ASPSCR1,-1.0
NR2F6,C,ATP2B2,-1.0
NR2F6,C,CCDC12,-1.0
NR2F6,C,GPT2,-1.0
NR2F6,C,GRAMD4,-1.0
NR2F6,C,HIVEP2,-1.0
NR2F6,C,IMPA2,-1.0
NR2F6,C,KSR1,-1.0
NR2F6,C,LSM4,-1.0
NR2F6,C,MVK,-1.0
NR2F6,C,MYO18A,-1.0
NR2F6,C,OSBPL10,-1.0
NR2F6,C,PHACTR2,-1.0
NR2F6,C,PLCB1,-1.0
NR2F6,C,PLCD3,-1.0
NR2F6,C,PTPRF,-1.0
NR2F6,C,RAB31,-1.0
NR2F6,C,RBPJ,-1.0
NR2F6,C,RXRA,-1.0
NR2F6,C,SFXN5,-1.0
NR2F6,C,SLC1A7,-1.0
NR2F6,C,SPAG9,-1.0
NR2F6,C,TRNP1,-1.0
NR2F6,C,TTC7A,-1.0
NR2F6,C,VPS54,-1.0
NR3C1,A,ATF2,-1.0
NR3C1,A,ATP1B1,-1.0
NR3C1,A,BGLAP,-1.0
NR3C1,A,CALD1,1.0
NR3C1,A,CDK6,-1.0
NR3C1,A,ETS1,-1.0
NR3C1,A,NR1I3,1.0
NR3C1,A,RLN1,1.0
NR3C1,A,RLN2,1.0
NR3C1,A,SCNN1A,1.0
NR4A1,C,CYP17A1,1.0
NR4A1,C,E2F1,1.0
NR4A1,C,HSD3B2,1.0
NR4A1,C,MDM2,-1.0
NR4A1,C,STAR,1.0
NR4A1,C,ADD3,1.0
NR4A1,C,AKAP13,1.0
NR4A1,C,ALAS1,1.0
NR4A1,C,AMPD3,1.0
NR4A1,C,ANXA11,1.0
NR4A1,C,BCOR,1.0
NR4A1,C,BHLHE40,1.0
NR4A1,C,CACNA1C,1.0
NR4A1,C,CCDC6,1.0
NR4A1,C,CDKAL1,1.0
NR4A1,C,CHD9,1.0
NR4A1,C,CREB3L2,1.0
NR4A1,C,CTIF,1.0
NR4A1,C,CUEDC1,1.0
NR4A1,C,DUSP5,1.0
NR4A1,C,FHAD1,1.0
NR4A1,C,FHIT,1.0
NR4A1,C,FOXP1,1.0
NR4A1,C,GAS7,1.0
NR4A1,C,LMBR1,1.0
NR4A1,C,LPAR1,1.0
NR4A1,C,LPP,1.0
NR4A1,C,PARVB,1.0
NR4A1,C,RERE,1.0
NR4A1,C,RNF220,1.0
NR4A1,C,SERPINE1,1.0
NR4A1,C,SH3KBP1,1.0
NR4A1,C,SIK3,1.0
NR4A1,C,SMAD7,1.0
NR4A1,C,SMAP2,1.0
NR4A1,C,STK40,1.0
NR4A1,C,TBC1D14,1.0
NR4A1,C,TG,1.0
NR4A1,C,WBP1L,1.0
NR4A1,C,ZBTB20,1.0
NR4A1,C,ZHX3,1.0
NR4A1,C,ZMYND8,1.0
NR5A1,A,AMH,1.0
NR5A1,A,AMHR2,1.0
NR5A1,A,CYP11A1,1.0
NR5A1,A,CYP11B1,1.0
NR5A1,A,CYP11B2,-1.0
NR5A1,A,CYP17A1,1.0
NR5A1,A,CYP19A1,1.0
NR5A1,A,CYP21A2,1.0
NR5A1,A,HSD3B2,1.0
NR5A1,A,LHB,-1.0
NR5A1,A,MC2R,1.0
NR5A1,A,NR0B1,1.0
NR5A1,A,POU5F1,1.0
NR5A1,A,SRY,1.0
NR5A1,A,STAR,1.0
NR5A2,C,CYP11B1,1.0
NR5A2,C,ABCG2,1.0
NR5A2,C,BAHCC1,1.0
NR5A2,C,BMPER,1.0
NR5A2,C,C1QTNF6,1.0
NR5A2,C,CD276,1.0
NR5A2,C,CYP11A1,1.0
NR5A2,C,CYP7A1,1.0
NR5A2,C,DNM2,1.0
NR5A2,C,F11R,1.0
NR5A2,C,FAM160A1,1.0
NR5A2,C,FCN2,1.0
NR5A2,C,FGD5,1.0
NR5A2,C,KCNB1,1.0
NR5A2,C,KRT18,1.0
NR5A2,C,MAP3K14,1.0
NR5A2,C,MYO10,1.0
NR5A2,C,MYO1B,1.0
NR5A2,C,MYO5C,1.0
NR5A2,C,PKP4,1.0
NR5A2,C,PLEKHF1,1.0
NR5A2,C,PPM1D,1.0
NR5A2,C,PRKCH,1.0
NR5A2,C,RARA,1.0
NR5A2,C,RPGR,1.0
NR5A2,C,SCNN1B,1.0
NR5A2,C,SYTL2,1.0
NR5A2,C,TBC1D30,1.0
NR5A2,C,TXNRD1,1.0
NR5A2,C,VDR,1.0
NR5A2,C,XPNPEP1,1.0
NR5A2,C,ZMYND8,1.0
NRF1,C,CAPNS1,1.0
NRF1,C,FMR1,1.0
NRF1,C,FXR2,1.0
NRF1,C,PRDX5,1.0
NRF1,C,CRTC1,1.0
NRF1,C,KDM2A,1.0
NRF1,C,OTUD5,1.0
NRF1,C,ACIN1,1.0
NRF1,C,ARMC6,1.0
NRF1,C,ARRDC3,1.0
NRF1,C,B9D1,1.0
NRF1,C,BRF1,1.0
NRF1,C,CBX5,1.0
NRF1,C,CIC,1.0
NRF1,C,CLASP1,1.0
NRF1,C,DEDD2,1.0
NRF1,C,DGKQ,1.0
NRF1,C,DIDO1,1.0
NRF1,C,EHMT1,1.0
NRF1,C,EIF4ENIF1,1.0
NRF1,C,FADS1,1.0
NRF1,C,FADS2,1.0
NRF1,C,FAM182B,1.0
NRF1,C,FAM222B,1.0
NRF1,C,FBXL15,1.0
NRF1,C,GET1,1.0
NRF1,C,GRK5,1.0
NRF1,C,GTF2I,1.0
NRF1,C,HIRA,1.0
NRF1,C,ING1,1.0
NRF1,C,ITGAE,1.0
NRF1,C,KCTD2,1.0
NRF1,C,KIAA2026,1.0
NRF1,C,LIG4,1.0
NRF1,C,LUC7L2,1.0
NRF1,C,MAFG,1.0
NRF1,C,MEPCE,1.0
NRF1,C,MIB1,1.0
NRF1,C,MIB2,1.0
NRF1,C,MRPL34,1.0
NRF1,C,MRPL36,1.0
NRF1,C,MYL5,1.0
NRF1,C,NADK,1.0
NRF1,C,NARF,1.0
NRF1,C,NELFA,1.0
NRF1,C,PACS2,1.0
NRF1,C,PAICS,1.0
NRF1,C,PCIF1,1.0
NRF1,C,PER1,1.0
NRF1,C,PKIB,1.0
NRF1,C,PKMYT1,1.0
NRF1,C,POLR2B,1.0
NRF1,C,PPAT,1.0
NRF1,C,PSD,1.0
NRF1,C,PTTG1IP,1.0
NRF1,C,PUDP,1.0
NRF1,C,RSPH14,1.0
NRF1,C,RSRP1,1.0
NRF1,C,RUBCN,1.0
NRF1,C,SERP1,1.0
NRF1,C,SF1,1.0
NRF1,C,SIN3A,1.0
NRF1,C,SIX5,1.0
NRF1,C,SOS1,1.0
NRF1,C,SSH2,1.0
NRF1,C,SUGP2,1.0
NRF1,C,TBCB,1.0
NRF1,C,TCAIM,1.0
NRF1,C,TEF,1.0
NRF1,C,TMEM104,1.0
NRF1,C,TOB2,1.0
NRF1,C,TRAPPC3,1.0
NRF1,C,U2AF2,1.0
NRF1,C,UIMC1,1.0
NRF1,C,WDR12,1.0
NRF1,C,ZBTB17,1.0
NRF1,C,ZBTB4,1.0
NRF1,C,ZCWPW1,1.0
NRF1,C,ZNF263,1.0
ONECUT1,C,MITF,1.0
ONECUT1,C,ACSS3,1.0
ONECUT1,C,AK4,1.0
ONECUT1,C,AKAP7,1.0
ONECUT1,C,ALDH1A1,1.0
ONECUT1,C,ANK3,1.0
ONECUT1,C,ARAP2,1.0
ONECUT1,C,ARID5B,1.0
ONECUT1,C,ARPP21,1.0
ONECUT1,C,BBX,1.0
ONECUT1,C,BNC2,1.0
ONECUT1,C,CACNA2D1,1.0
ONECUT1,C,CADM1,1.0
ONECUT1,C,CCDC178,1.0
ONECUT1,C,CHST9,1.0
ONECUT1,C,CPED1,1.0
ONECUT1,C,CSMD3,1.0
ONECUT1,C,DCDC1,1.0
ONECUT1,C,DIAPH3,1.0
ONECUT1,C,DNAH14,1.0
ONECUT1,C,DYRK1A,1.0
ONECUT1,C,EIF3E,1.0
ONECUT1,C,EIF4G3,1.0
ONECUT1,C,ESR1,1.0
ONECUT1,C,EXOC4,1.0
ONECUT1,C,EYS,1.0
ONECUT1,C,GRIP1,1.0
ONECUT1,C,HMCN1,1.0
ONECUT1,C,HNF4G,1.0
ONECUT1,C,IKZF2,1.0
ONECUT1,C,IQGAP2,1.0
ONECUT1,C,ITSN1,1.0
ONECUT1,C,KIAA1109,1.0
ONECUT1,C,KIAA1217,1.0
ONECUT1,C,MACF1,1.0
ONECUT1,C,MLIP,1.0
ONECUT1,C,MYLK,1.0
ONECUT1,C,NRXN1,1.0
ONECUT1,C,OLFM3,1.0
ONECUT1,C,PDE4B,1.0
ONECUT1,C,PLEKHA5,1.0
ONECUT1,C,RAPGEF4,1.0
ONECUT1,C,RAPGEF5,1.0
ONECUT1,C,RAPGEF6,1.0
ONECUT1,C,ROBO1,1.0
ONECUT1,C,SOX2,1.0
ONECUT1,C,SOX5,1.0
ONECUT1,C,SPIDR,1.0
ONECUT1,C,SYNE2,1.0
ONECUT1,C,TENM4,1.0
ONECUT1,C,TMCO5A,1.0
ONECUT1,C,UBR3,1.0
ONECUT1,C,UNC13C,1.0
ONECUT1,C,UNC5D,1.0
ONECUT1,C,WWC2,1.0
OTX2,C,RBP3,1.0
OTX2,C,ADAMTS18,1.0
OTX2,C,ARHGAP15,1.0
OTX2,C,CREB5,1.0
OTX2,C,DCLK1,1.0
OTX2,C,DDX60L,1.0
OTX2,C,DENND1A,1.0
OTX2,C,DIAPH3,1.0
OTX2,C,ENPP2,1.0
OTX2,C,EXPH5,1.0
OTX2,C,FRYL,1.0
OTX2,C,ITGA1,1.0
OTX2,C,MACF1,1.0
OTX2,C,MBNL2,1.0
OTX2,C,MEF2C,1.0
OTX2,C,MYO1E,1.0
OTX2,C,NBEA,1.0
OTX2,C,PDE1A,1.0
OTX2,C,SYNE1,1.0
OTX2,C,TBC1D5,1.0
OTX2,C,TMCO5A,1.0
OTX2,C,TRPC4,1.0
OTX2,C,TULP4,1.0
OTX2,C,XIRP2,1.0
PAX5,C,BCL2,-1.0
PAX5,C,BLK,-1.0
PAX5,C,CD19,1.0
PAX5,C,CD79A,1.0
PAX5,C,PRDM1,-1.0
PAX5,C,TP53,1.0
PAX5,C,XBP1,-1.0
PAX5,C,FCER2,1.0
PAX5,C,PRKCE,1.0
PAX5,C,ABR,1.0
PAX5,C,AKNA,1.0
PAX5,C,APBB2,1.0
PAX5,C,ARHGAP45,1.0
PAX5,C,BCL11A,1.0
PAX5,C,CD22,1.0
PAX5,C,CD70,1.0
PAX5,C,CIRBP,1.0
PAX5,C,CORO1A,1.0
PAX5,C,DUSP10,1.0
PAX5,C,FCHO1,1.0
PAX5,C,GPER1,1.0
PAX5,C,GRAMD4,1.0
PAX5,C,IRF4,1.0
PAX5,C,IRF8,1.0
PAX5,C,KLF13,1.0
PAX5,C,KLHDC4,1.0
PAX5,C,LONP1,1.0
PAX5,C,MACF1,1.0
PAX5,C,MAD1L1,1.0
PAX5,C,MED15,1.0
PAX5,C,MGAT1,1.0
PAX5,C,MICAL3,1.0
PAX5,C,MX2,1.0
PAX5,C,NCOR2,1.0
PAX5,C,NR4A1,1.0
PAX5,C,PER1,1.0
PAX5,C,PIK3R5,1.0
PAX5,C,POU2AF1,1.0
PAX5,C,RAC2,1.0
PAX5,C,RAD51B,1.0
PAX5,C,RGS12,1.0
PAX5,C,RHOH,1.0
PAX5,C,RIPOR1,1.0
PAX5,C,RUNX3,1.0
PAX5,C,RYR1,1.0
PAX5,C,SMAD3,1.0
PAX5,C,SMAD7,1.0
PAX5,C,SMARCA4,1.0
PAX5,C,SNX8,1.0
PAX5,C,SP140,1.0
PAX5,C,TBC1D14,1.0
PAX5,C,TCF7,1.0
PAX5,C,WNT10A,1.0
PAX5,C,ZC3H12D,1.0
PAX5,C,ZMIZ1,1.0
PAX6,A,CTNND2,1.0
PAX6,A,GCK,1.0
PAX6,A,ITGA5,1.0
PAX6,A,ITGB1,1.0
PAX6,A,KRT12,1.0
PAX6,A,MET,1.0
PAX6,A,MMP2,1.0
PAX6,A,NANOG,1.0
PAX6,A,NECAB2,1.0
PAX6,A,OLFM3,1.0
PAX6,A,PCSK1,1.0
PAX6,A,PDHX,-1.0
PAX6,A,POU5F1,1.0
PAX8,A,BCL2,1.0
PAX8,A,E2F1,1.0
PAX8,A,GATA3,1.0
PAX8,A,NCAM1,1.0
PAX8,A,SLC5A5,1.0
PAX8,A,TERT,1.0
PAX8,A,TG,-1.0
PAX8,A,TP53,-1.0
PAX8,A,TPO,1.0
PAX8,A,TSHR,-1.0
PAX8,A,WT1,1.0
PBX2,C,UGT2B17,1.0
PBX2,C,PHF21A,1.0
PBX2,C,ANKRD11,1.0
PBX2,C,ARHGAP6,1.0
PBX2,C,ARHGEF1,1.0
PBX2,C,ARHGEF2,1.0
PBX2,C,BCOR,1.0
PBX2,C,CDYL,1.0
PBX2,C,CREBBP,1.0
PBX2,C,DENND2B,1.0
PBX2,C,DLG1,1.0
PBX2,C,DNM2,1.0
PBX2,C,DYRK1A,1.0
PBX2,C,DYSF,1.0
PBX2,C,FOXP1,1.0
PBX2,C,FYN,1.0
PBX2,C,GALNT2,1.0
PBX2,C,GARNL3,1.0
PBX2,C,GTDC1,1.0
PBX2,C,HIP1,1.0
PBX2,C,HOXB3,1.0
PBX2,C,JARID2,1.0
PBX2,C,KDM2B,1.0
PBX2,C,KIAA0513,1.0
PBX2,C,KSR1,1.0
PBX2,C,MAPKAP1,1.0
PBX2,C,MBNL2,1.0
PBX2,C,MEIS1,1.0
PBX2,C,MITF,1.0
PBX2,C,MSI2,1.0
PBX2,C,NAV2,1.0
PBX2,C,NBAS,1.0
PBX2,C,NFASC,1.0
PBX2,C,PACSIN2,1.0
PBX2,C,PIK3C2B,1.0
PBX2,C,PIK3R1,1.0
PBX2,C,PLCG2,1.0
PBX2,C,PRKCB,1.0
PBX2,C,RARA,1.0
PBX2,C,SEPTIN9,1.0
PBX2,C,SLC25A25,1.0
PBX2,C,SOX6,1.0
PBX2,C,TACC1,1.0
PBX2,C,TIAM2,1.0
PBX2,C,TLE3,1.0
PBX2,C,ZFPM2,1.0
PBX3,C,MEIS2,1.0
PBX3,C,PBX1,1.0
PBX3,C,AKAP6,1.0
PBX3,C,APBB2,1.0
PBX3,C,ATXN1,1.0
PBX3,C,BBX,1.0
PBX3,C,CACNA2D1,1.0
PBX3,C,CCDC97,1.0
PBX3,C,CD226,1.0
PBX3,C,CHN1,1.0
PBX3,C,COL21A1,1.0
PBX3,C,CSNK1D,1.0
PBX3,C,DAAM1,1.0
PBX3,C,DMD,1.0
PBX3,C,ERGIC1,1.0
PBX3,C,FAM110B,1.0
PBX3,C,FLNA,1.0
PBX3,C,FNDC3B,1.0
PBX3,C,FRMD4B,1.0
PBX3,C,FTO,1.0
PBX3,C,FYN,1.0
PBX3,C,GALNT2,1.0
PBX3,C,HMCN1,1.0
PBX3,C,IGF1R,1.0
PBX3,C,INPP5A,1.0
PBX3,C,JARID2,1.0
PBX3,C,KCNMA1,1.0
PBX3,C,MACF1,1.0
PBX3,C,MACROD2,1.0
PBX3,C,MAP4,1.0
PBX3,C,MYLK,1.0
PBX3,C,NBEA,1.0
PBX3,C,PACSIN2,1.0
PBX3,C,PARD3,1.0
PBX3,C,PDE4D,1.0
PBX3,C,PLCB1,1.0
PBX3,C,PRICKLE2,1.0
PBX3,C,RARB,1.0
PBX3,C,RNF150,1.0
PBX3,C,RPS6KA2,1.0
PBX3,C,RUNX1T1,1.0
PBX3,C,SEC14L1,1.0
PBX3,C,SEPTIN9,1.0
PBX3,C,SLIT2,1.0
PBX3,C,SPATS2L,1.0
PBX3,C,ST7,1.0
PBX3,C,TIAM2,1.0
PBX3,C,TLE4,1.0
PBX3,C,TNS1,1.0
PBX3,C,WWC1,1.0
PBX3,C,ZNF385B,1.0
PBX3,C,ZNF407,1.0
PDX1,C,ADA,1.0
PDX1,C,GCK,1.0
PDX1,C,INS,1.0
PDX1,C,ARHGAP42,1.0
PDX1,C,ARHGEF28,1.0
PDX1,C,ARHGEF3,1.0
PDX1,C,BACH2,1.0
PDX1,C,BCR,1.0
PDX1,C,CARMIL1,1.0
PDX1,C,CHN2,1.0
PDX1,C,CMIP,1.0
PDX1,C,DAAM1,1.0
PDX1,C,DCDC1,1.0
PDX1,C,DMD,1.0
PDX1,C,DST,1.0
PDX1,C,DYM,1.0
PDX1,C,DYNC1I1,1.0
PDX1,C,DYRK1A,1.0
PDX1,C,FAM107B,1.0
PDX1,C,FRYL,1.0
PDX1,C,FTO,1.0
PDX1,C,GABRB3,1.0
PDX1,C,GLIS3,1.0
PDX1,C,GTDC1,1.0
PDX1,C,HNF4A,1.0
PDX1,C,ITPR2,1.0
PDX1,C,LHFPL2,1.0
PDX1,C,LMO1,1.0
PDX1,C,MACROD2,1.0
PDX1,C,MBNL2,1.0
PDX1,C,MTUS2,1.0
PDX1,C,MYT1L,1.0
PDX1,C,NAV2,1.0
PDX1,C,NBAS,1.0
PDX1,C,NEDD4L,1.0
PDX1,C,PCNX2,1.0
PDX1,C,PLD1,1.0
PDX1,C,PRKCH,1.0
PDX1,C,RALGAPA2,1.0
PDX1,C,RBFOX3,1.0
PDX1,C,RTN1,1.0
PDX1,C,RUNX1,1.0
PDX1,C,SLC8A1,1.0
PDX1,C,SORBS1,1.0
PDX1,C,SYNE1,1.0
PDX1,C,SYNE2,1.0
PDX1,C,TCF4,1.0
PDX1,C,TENM4,1.0
PDX1,C,USP6NL,1.0
PDX1,C,XXYLT1,1.0
PDX1,C,ZNF385D,1.0
PDX1,C,ZPLD1,1.0
PGR,A,BCL2,1.0
PGR,A,CCND1,1.0
PGR,A,CYP19A1,-1.0
PGR,A,ESR1,1.0
PGR,A,HLTF,1.0
PGR,A,IGFBP1,1.0
PGR,A,KLK3,1.0
PGR,A,MYC,1.0
PGR,A,RLN1,1.0
PGR,A,RLN2,1.0
PGR,A,VEGFA,1.0
PKNOX1,C,PTPN6,1.0
PKNOX1,C,AP4S1,1.0
PKNOX1,C,ARHGAP6,1.0
PKNOX1,C,ASTN2,1.0
PKNOX1,C,DNM2,1.0
PKNOX1,C,FAM13A,1.0
PKNOX1,C,FGD6,1.0
PKNOX1,C,GALNT2,1.0
PKNOX1,C,GATAD2A,1.0
PKNOX1,C,HDAC4,1.0
PKNOX1,C,HIP1,1.0
PKNOX1,C,JARID2,1.0
PKNOX1,C,KIAA0513,1.0
PKNOX1,C,LIMS1,1.0
PKNOX1,C,LYRM9,1.0
PKNOX1,C,MARCHF8,1.0
PKNOX1,C,MCC,1.0
PKNOX1,C,MCF2L2,1.0
PKNOX1,C,MEIS1,1.0
PKNOX1,C,MICAL3,1.0
PKNOX1,C,PRKCB,1.0
PKNOX1,C,RNF220,1.0
PKNOX1,C,RPS6KC1,1.0
PKNOX1,C,SEPTIN9,1.0
PKNOX1,C,SIL1,1.0
PKNOX1,C,SLC25A25,1.0
PKNOX1,C,SPRED2,1.0
PKNOX1,C,SPTB,1.0
PKNOX1,C,TBPL1,1.0
PKNOX1,C,TCF4,1.0
PKNOX1,C,TECR,1.0
PKNOX1,C,THADA,1.0
PKNOX1,C,TNS1,1.0
PKNOX1,C,TUSC3,1.0
PKNOX1,C,WNT3,1.0
PKNOX1,C,WSCD2,1.0
POU2F1,A,BDKRB1,1.0
POU2F1,A,CCND1,1.0
POU2F1,A,CDX2,1.0
POU2F1,A,CXCR5,1.0
POU2F1,A,GADD45A,1.0
POU2F1,A,GCM1,1.0
POU2F1,A,GNRH1,1.0
POU2F1,A,H2BC21,1.0
POU2F1,A,HBG1,-1.0
POU2F1,A,HLA-DRA,1.0
POU2F1,A,HPGDS,1.0
POU2F1,A,IL2,1.0
POU2F1,A,IL3,1.0
POU2F1,A,IL4,-1.0
POU2F1,A,IL5,1.0
POU2F1,A,LCT,1.0
POU2F1,A,MS4A2,1.0
POU2F1,A,MYC,1.0
POU2F1,A,PLAU,1.0
POU2F1,A,POU2AF1,1.0
POU2F1,A,PTGIR,1.0
POU2F1,A,RPTOR,1.0
POU2F1,A,RRM2B,1.0
POU2F1,A,SNAPC1,1.0
POU2F1,A,SPI1,1.0
POU2F1,A,SPP1,1.0
POU2F1,A,ST6GAL1,1.0
POU2F1,A,TFAP2A,1.0
POU2F1,A,TRA,1.0
POU2F1,A,TSC22D3,1.0
POU2F1,A,TXNRD1,1.0
POU2F1,A,UGT2B7,1.0
POU2F1,A,VCAM1,-1.0
POU2F1,A,VWF,1.0
POU2F2,B,HLA-DOB,1.0
POU2F2,B,HLA-DRA,1.0
POU2F2,B,IL5,1.0
POU2F2,B,SPI1,1.0
POU2F2,B,SPP1,1.0
POU2F2,B,TRA,1.0
POU2F2,B,LRRK1,1.0
POU2F2,B,LYN,1.0
POU2F2,B,POU2AF1,1.0
POU2F2,B,STK10,1.0
POU4F2,C,CCND1,1.0
POU4F2,C,ARHGAP15,1.0
POU4F2,C,BBX,1.0
POU4F2,C,CHN2,1.0
POU4F2,C,CNTN5,1.0
POU4F2,C,CTNND2,1.0
POU4F2,C,CUBN,1.0
POU4F2,C,DOCK10,1.0
POU4F2,C,DST,1.0
POU4F2,C,FAM13A,1.0
POU4F2,C,FOXP2,1.0
POU4F2,C,INPP4B,1.0
POU4F2,C,ITSN1,1.0
POU4F2,C,KCNIP4,1.0
POU4F2,C,MYT1L,1.0
POU4F2,C,NCOA1,1.0
POU4F2,C,NEB,1.0
POU4F2,C,NLGN1,1.0
POU4F2,C,PDE4B,1.0
POU4F2,C,RABGAP1L,1.0
POU4F2,C,ROBO1,1.0
POU4F2,C,SORBS2,1.0
POU4F2,C,SPIDR,1.0
POU4F2,C,STARD13,1.0
POU4F2,C,SYNE1,1.0
POU4F2,C,ZBTB20,1.0
POU4F2,C,ZMIZ1,1.0
POU4F2,C,ZNF385B,1.0
POU5F1,C,CDX2,-1.0
POU5F1,C,ID2,-1.0
POU5F1,C,LEFTY1,1.0
POU5F1,C,NANOG,1.0
POU5F1,C,SOX2,1.0
POU5F1,C,TDGF1,1.0
POU5F1,C,ADGRL2,1.0
POU5F1,C,ADGRV1,1.0
POU5F1,C,ANGPT1,1.0
POU5F1,C,ANK1,1.0
POU5F1,C,ANK2,1.0
POU5F1,C,ANK3,1.0
POU5F1,C,ANKS1B,1.0
POU5F1,C,BCAR3,1.0
POU5F1,C,BCR,1.0
POU5F1,C,CACNA1C,1.0
POU5F1,C,CADPS,1.0
POU5F1,C,CLASP2,1.0
POU5F1,C,CNTNAP2,1.0
POU5F1,C,COBL,1.0
POU5F1,C,CPNE4,1.0
POU5F1,C,DENND2B,1.0
POU5F1,C,DNMBP,1.0
POU5F1,C,DPYSL2,1.0
POU5F1,C,EBF1,1.0
POU5F1,C,EPB41L2,1.0
POU5F1,C,EPHA4,1.0
POU5F1,C,FAT1,1.0
POU5F1,C,GALNT10,1.0
POU5F1,C,GAS7,1.0
POU5F1,C,GCNT2,1.0
POU5F1,C,GPC6,1.0
POU5F1,C,GRIP1,1.0
POU5F1,C,IGF2BP3,1.0
POU5F1,C,INPP5D,1.0
POU5F1,C,JMJD1C,1.0
POU5F1,C,KIAA1217,1.0
POU5F1,C,KIFC3,1.0
POU5F1,C,LDLRAD3,1.0
POU5F1,C,LIMCH1,1.0
POU5F1,C,LRRK1,1.0
POU5F1,C,MACF1,1.0
POU5F1,C,MAGI2,1.0
POU5F1,C,MAP2K5,1.0
POU5F1,C,NAV1,1.0
POU5F1,C,NEDD4L,1.0
POU5F1,C,NRXN3,1.0
POU5F1,C,OSBPL10,1.0
POU5F1,C,PATJ,1.0
POU5F1,C,RABGAP1L,1.0
POU5F1,C,RUNX1T1,1.0
POU5F1,C,SASH1,1.0
POU5F1,C,SBF2,1.0
POU5F1,C,SHROOM3,1.0
POU5F1,C,SMAD3,1.0
POU5F1,C,SNRPN,1.0
POU5F1,C,SORBS2,1.0
POU5F1,C,SPATS2L,1.0
POU5F1,C,SPTBN1,1.0
POU5F1,C,STK10,1.0
POU5F1,C,SYNE1,1.0
POU5F1,C,SYNE2,1.0
POU5F1,C,TACC2,1.0
POU5F1,C,TCF4,1.0
POU5F1,C,TIAM2,1.0
POU5F1,C,TJP2,1.0
POU5F1,C,TMEM131L,1.0
POU5F1,C,TNRC6B,1.0
POU5F1,C,TRIM2,1.0
POU5F1,C,WNT5B,1.0
POU5F1,C,ZEB2,1.0
POU5F1,C,ZNF532,1.0
PPARA,A,ACOX1,1.0
PPARA,A,ACOX2,1.0
PPARA,A,ACSL1,-1.0
PPARA,A,ANGPTL4,1.0
PPARA,A,APOA1,1.0
PPARA,A,APOA4,1.0
PPARA,A,APOA5,1.0
PPARA,A,APOB,1.0
PPARA,A,APOBR,-1.0
PPARA,A,APOC3,-1.0
PPARA,A,CCND1,1.0
PPARA,A,CD36,1.0
PPARA,A,CPT1A,-1.0
PPARA,A,CYP1A1,1.0
PPARA,A,CYP4A11,1.0
PPARA,A,CYP7A1,1.0
PPARA,A,FABP1,1.0
PPARA,A,FABP3,1.0
PPARA,A,FADS2,1.0
PPARA,A,HMGCS1,1.0
PPARA,A,HMGCS2,1.0
PPARA,A,LPL,1.0
PPARA,A,MMP12,1.0
PPARA,A,MMP9,-1.0
PPARA,A,MYC,1.0
PPARA,A,NFKBIA,1.0
PPARA,A,PANK1,1.0
PPARA,A,PCK1,1.0
PPARA,A,PTGS2,1.0
PPARA,A,SERPINE1,1.0
PPARA,A,TUBA1B,-1.0
PPARA,A,UCP1,-1.0
PPARG,A,ABCG2,1.0
PPARG,A,ADIPOQ,1.0
PPARG,A,ANGPTL4,1.0
PPARG,A,APOB,-1.0
PPARG,A,APOBR,-1.0
PPARG,A,ATP2A2,1.0
PPARG,A,BCL2,1.0
PPARG,A,CCND1,-1.0
PPARG,A,CD36,1.0
PPARG,A,CD83,1.0
PPARG,A,CDKN1A,1.0
PPARG,A,CPT1B,1.0
PPARG,A,CYP27A1,1.0
PPARG,A,DBI,1.0
PPARG,A,EGFR,-1.0
PPARG,A,FABP4,1.0
PPARG,A,GK,1.0
PPARG,A,GSTA2,1.0
PPARG,A,LIPE,1.0
PPARG,A,LPL,1.0
PPARG,A,MMP1,1.0
PPARG,A,MMP9,-1.0
PPARG,A,MYC,-1.0
PPARG,A,NR1D1,1.0
PPARG,A,NR1H3,1.0
PPARG,A,PCK1,1.0
PPARG,A,PLIN2,1.0
PPARG,A,POU2F1,1.0
PPARG,A,PTEN,1.0
PPARG,A,PTGS2,-1.0
PPARG,A,RARB,1.0
PPARG,A,RETN,1.0
PPARG,A,SAT1,1.0
PPARG,A,SCARB1,1.0
PPARG,A,SERPINE1,1.0
PPARG,A,SLC2A4,-1.0
PPARG,A,TNFRSF11B,1.0
PPARG,A,TP53,1.0
PPARG,A,TSHR,-1.0
PPARG,A,UCP1,1.0
PPARG,A,VLDLR,1.0
PRDM1,C,CIITA,-1.0
PRDM1,C,MYC,-1.0
PRDM1,C,ACSS2,1.0
PRDM1,C,ANO10,1.0
PRDM1,C,AOAH,1.0
PRDM1,C,APOL2,1.0
PRDM1,C,ARAP2,1.0
PRDM1,C,ARHGAP26,1.0
PRDM1,C,CREB1,1.0
PRDM1,C,CRISPLD1,1.0
PRDM1,C,CRYBG1,1.0
PRDM1,C,DLG2,1.0
PRDM1,C,DMD,1.0
PRDM1,C,ERG,1.0
PRDM1,C,EVI5L,1.0
PRDM1,C,FSTL5,1.0
PRDM1,C,FXR2,1.0
PRDM1,C,IFIT2,1.0
PRDM1,C,IL18,1.0
PRDM1,C,IL24,1.0
PRDM1,C,KCNK1,1.0
PRDM1,C,LGR4,1.0
PRDM1,C,LMO7,1.0
PRDM1,C,MBNL3,1.0
PRDM1,C,MECOM,1.0
PRDM1,C,MID1,1.0
PRDM1,C,MYO1E,1.0
PRDM1,C,NFIX,1.0
PRDM1,C,NR3C1,1.0
PRDM1,C,OLR1,1.0
PRDM1,C,PAQR5,1.0
PRDM1,C,PCNA,1.0
PRDM1,C,PLXNA2,1.0
PRDM1,C,PRKCH,1.0
PRDM1,C,S100A16,1.0
PRDM1,C,SLC37A1,1.0
PRDM1,C,TEAD1,1.0
PRDM1,C,TNFSF8,1.0
PRDM1,C,TNIK,1.0
PRDM1,C,ZFP36L1,1.0
PRDM1,C,ZHX1,1.0
PRDM1,C,ZSCAN31,1.0
PRDM14,B,POU5F1,1.0
PRDM14,B,ABCA4,1.0
PRDM14,B,ADAMTS2,1.0
PRDM14,B,AGAP1,1.0
PRDM14,B,AGAP3,1.0
PRDM14,B,AGPAT3,1.0
PRDM14,B,AHDC1,1.0
PRDM14,B,AHNAK,1.0
PRDM14,B,AJAP1,1.0
PRDM14,B,ALK,1.0
PRDM14,B,AMPD3,1.0
PRDM14,B,ANO1,1.0
PRDM14,B,ARHGEF10L,1.0
PRDM14,B,ARHGEF17,1.0
PRDM14,B,ARHGEF2,1.0
PRDM14,B,ARID1A,1.0
PRDM14,B,ARID1B,1.0
PRDM14,B,ARID5A,1.0
PRDM14,B,ASS1,1.0
PRDM14,B,ATP13A2,1.0
PRDM14,B,AUTS2,1.0
PRDM14,B,AXIN2,1.0
PRDM14,B,BCAR3,1.0
PRDM14,B,BCL11A,1.0
PRDM14,B,BCOR,1.0
PRDM14,B,BMP7,1.0
PRDM14,B,CA4,1.0
PRDM14,B,CACNA1C,1.0
PRDM14,B,CACNA1G,1.0
PRDM14,B,CCDC33,1.0
PRDM14,B,CCDC57,1.0
PRDM14,B,CCND2,1.0
PRDM14,B,CD6,1.0
PRDM14,B,CD9,1.0
PRDM14,B,CDC42BPG,1.0
PRDM14,B,CDC42EP4,1.0
PRDM14,B,CDH23,1.0
PRDM14,B,CDYL,1.0
PRDM14,B,COBL,1.0
PRDM14,B,COL2A1,1.0
PRDM14,B,CORO2B,1.0
PRDM14,B,CPAMD8,1.0
PRDM14,B,CPLX2,1.0
PRDM14,B,CROCC,1.0
PRDM14,B,CSMD2,1.0
PRDM14,B,CXCL12,1.0
PRDM14,B,CYP26B1,1.0
PRDM14,B,DAB2IP,1.0
PRDM14,B,DGKG,1.0
PRDM14,B,DGKZ,1.0
PRDM14,B,DLGAP4,1.0
PRDM14,B,DLL4,1.0
PRDM14,B,DNMT3A,1.0
PRDM14,B,DPYSL5,1.0
PRDM14,B,DYSF,1.0
PRDM14,B,ECE1,1.0
PRDM14,B,EFNB1,1.0
PRDM14,B,EPB41L1,1.0
PRDM14,B,EPHB3,1.0
PRDM14,B,EVA1B,1.0
PRDM14,B,FAM131C,1.0
PRDM14,B,FAM174B,1.0
PRDM14,B,FHAD1,1.0
PRDM14,B,FOSL2,1.0
PRDM14,B,FOXO6,1.0
PRDM14,B,GATA2,1.0
PRDM14,B,GATAD2A,1.0
PRDM14,B,GLI2,1.0
PRDM14,B,GMDS,1.0
PRDM14,B,GPC1,1.0
PRDM14,B,GPRC5C,1.0
PRDM14,B,GRAMD1B,1.0
PRDM14,B,GRB10,1.0
PRDM14,B,GRHL3,1.0
PRDM14,B,GRIK4,1.0
PRDM14,B,GRK2,1.0
PRDM14,B,GSE1,1.0
PRDM14,B,HDAC5,1.0
PRDM14,B,HES2,1.0
PRDM14,B,IGDCC4,1.0
PRDM14,B,IGF1R,1.0
PRDM14,B,IGF2R,1.0
PRDM14,B,INHBB,1.0
PRDM14,B,ISLR2,1.0
PRDM14,B,ITGA11,1.0
PRDM14,B,ITPKB,1.0
PRDM14,B,KAZN,1.0
PRDM14,B,KCNAB2,1.0
PRDM14,B,KDM4B,1.0
PRDM14,B,KDM6B,1.0
PRDM14,B,KIRREL1,1.0
PRDM14,B,KIRREL3,1.0
PRDM14,B,KLHDC7A,1.0
PRDM14,B,LHX2,1.0
PRDM14,B,LINC00261,1.0
PRDM14,B,LINGO1,1.0
PRDM14,B,LRRK1,1.0
PRDM14,B,MACF1,1.0
PRDM14,B,MAD1L1,1.0
PRDM14,B,MAP7D1,1.0
PRDM14,B,MATN1,1.0
PRDM14,B,MCF2L,1.0
PRDM14,B,MEF2D,1.0
PRDM14,B,MEGF6,1.0
PRDM14,B,MEIS1,1.0
PRDM14,B,MGAT5B,1.0
PRDM14,B,MNT,1.0
PRDM14,B,NADK,1.0
PRDM14,B,NECTIN1,1.0
PRDM14,B,NFATC2,1.0
PRDM14,B,NFIA,1.0
PRDM14,B,NFIC,1.0
PRDM14,B,NGEF,1.0
PRDM14,B,NOL4L,1.0
PRDM14,B,NR4A1,1.0
PRDM14,B,NRP2,1.0
PRDM14,B,NTF3,1.0
PRDM14,B,NTN1,1.0
PRDM14,B,NTRK1,1.0
PRDM14,B,NXN,1.0
PRDM14,B,OTX1,1.0
PRDM14,B,PADI2,1.0
PRDM14,B,PAX7,1.0
PRDM14,B,PDGFRB,1.0
PRDM14,B,PEAR1,1.0
PRDM14,B,PHC2,1.0
PRDM14,B,PHLDB1,1.0
PRDM14,B,PKDCC,1.0
PRDM14,B,PKNOX2,1.0
PRDM14,B,PLEKHG5,1.0
PRDM14,B,PLXNA2,1.0
PRDM14,B,PREX1,1.0
PRDM14,B,PRMT8,1.0
PRDM14,B,PTCH1,1.0
PRDM14,B,PTH1R,1.0
PRDM14,B,PTMA,1.0
PRDM14,B,PTPRU,1.0
PRDM14,B,RAB25,1.0
PRDM14,B,RAI1,1.0
PRDM14,B,RASGRF1,1.0
PRDM14,B,RCOR2,1.0
PRDM14,B,RFX4,1.0
PRDM14,B,RGMA,1.0
PRDM14,B,RNA5SP43,1.0
PRDM14,B,RNF220,1.0
PRDM14,B,RPS6KA2,1.0
PRDM14,B,RPTOR,1.0
PRDM14,B,RSPO1,1.0
PRDM14,B,RUNX1,1.0
PRDM14,B,RUNX3,1.0
PRDM14,B,SDK2,1.0
PRDM14,B,SEMA4A,1.0
PRDM14,B,SEPTIN9,1.0
PRDM14,B,SFXN5,1.0
PRDM14,B,SH3BP4,1.0
PRDM14,B,SHANK2,1.0
PRDM14,B,SIM2,1.0
PRDM14,B,SLC12A5,1.0
PRDM14,B,SLC22A23,1.0
PRDM14,B,SLIT3,1.0
PRDM14,B,SMAD6,1.0
PRDM14,B,SOX13,1.0
PRDM14,B,SOX9,1.0
PRDM14,B,SREBF1,1.0
PRDM14,B,STUM,1.0
PRDM14,B,SYNDIG1,1.0
PRDM14,B,TACC2,1.0
PRDM14,B,TAL1,1.0
PRDM14,B,TBC1D16,1.0
PRDM14,B,TBCD,1.0
PRDM14,B,TCF7L1,1.0
PRDM14,B,TENM4,1.0
PRDM14,B,TENT5B,1.0
PRDM14,B,TFAP2A,1.0
PRDM14,B,TMCO4,1.0
PRDM14,B,TMEM59L,1.0
PRDM14,B,TNS1,1.0
PRDM14,B,TNS3,1.0
PRDM14,B,TP53I11,1.0
PRDM14,B,TRIM2,1.0
PRDM14,B,TRIO,1.0
PRDM14,B,TSPAN18,1.0
PRDM14,B,TSPAN9,1.0
PRDM14,B,TTC7A,1.0
PRDM14,B,UNC5A,1.0
PRDM14,B,WNT3A,1.0
PRDM14,B,WNT4,1.0
PRDM14,B,WNT5B,1.0
PRDM14,B,WWC1,1.0
PRDM14,B,XXYLT1,1.0
PRDM14,B,ZBTB17,1.0
PRDM14,B,ZBTB7B,1.0
PRDM14,B,ZDHHC14,1.0
PRDM14,B,ZMIZ1,1.0
PRDM14,B,ZMYND8,1.0
PRDM14,B,ZNF423,1.0
PROX1,C,CYP7A1,-1.0
PROX1,C,NR5A2,-1.0
PROX1,C,ABCB1,1.0
PROX1,C,ADD3,1.0
PROX1,C,AFAP1L2,1.0
PROX1,C,ARHGAP42,1.0
PROX1,C,ARHGEF2,1.0
PROX1,C,ATP1A1,1.0
PROX1,C,DNM2,1.0
PROX1,C,FZD10,1.0
PROX1,C,GRIN2B,1.0
PROX1,C,IGF1R,1.0
PROX1,C,MAPKAPK3,1.0
PROX1,C,NEDD4L,1.0
PROX1,C,NRP2,1.0
PROX1,C,OSBPL10,1.0
PROX1,C,PCYT1A,1.0
PROX1,C,PLCB4,1.0
PROX1,C,PLEKHA7,1.0
PROX1,C,SAP30BP,1.0
PROX1,C,SEMA3A,1.0
PROX1,C,SEPTIN9,1.0
PROX1,C,SOX13,1.0
PROX1,C,SPRED2,1.0
PROX1,C,TNS3,1.0
PROX1,C,ZNF608,1.0
RARA,A,BTG2,1.0
RARA,A,CASP9,1.0
RARA,A,CCNA1,-1.0
RARA,A,CDKN1A,1.0
RARA,A,CEBPE,1.0
RARA,A,CRABP2,1.0
RARA,A,CXCR5,1.0
RARA,A,CYP26A1,1.0
RARA,A,ETS1,1.0
RARA,A,GPRC5A,1.0
RARA,A,HNF4A,1.0
RARA,A,HOXA1,1.0
RARA,A,HOXA4,1.0
RARA,A,HOXA7,1.0
RARA,A,HOXB4,1.0
RARA,A,HOXD4,1.0
RARA,A,HSD17B2,1.0
RARA,A,ICAM1,1.0
RARA,A,IER3,1.0
RARA,A,MACROD1,-1.0
RARA,A,MAOB,1.0
RARA,A,MUC5AC,-1.0
RARA,A,MYC,1.0
RARA,A,NR1I3,1.0
RARA,A,NRIP1,1.0
RARA,A,PCK1,1.0
RARA,A,PLAAT4,1.0
RARA,A,PLAT,1.0
RARA,A,PLAU,1.0
RARA,A,PRKCA,1.0
RARA,A,RARB,1.0
RARA,A,RARG,1.0
RARA,A,RPTOR,1.0
RARA,A,SCD,1.0
RARA,A,SFTPB,1.0
RARA,A,THBD,1.0
RARA,A,TNFAIP2,1.0
RARA,A,TPO,1.0
RBPJ,C,CR2,1.0
RBPJ,C,FCER2,1.0
RBPJ,C,HES1,1.0
RBPJ,C,HEY1,1.0
RBPJ,C,HEY2,1.0
RBPJ,C,NFKB1,1.0
RBPJ,C,PTEN,-1.0
RBPJ,C,FNDC3B,1.0
RBPJ,C,WIPF1,1.0
RBPJ,C,AMPD3,1.0
RBPJ,C,ANKRD44,1.0
RBPJ,C,ARHGEF3,1.0
RBPJ,C,ASAP1,1.0
RBPJ,C,BCAT1,1.0
RBPJ,C,CASP8,1.0
RBPJ,C,CBLB,1.0
RBPJ,C,CDK17,1.0
RBPJ,C,CEP85L,1.0
RBPJ,C,CXCR4,1.0
RBPJ,C,DPYSL2,1.0
RBPJ,C,FAM167A,1.0
RBPJ,C,FCHSD2,1.0
RBPJ,C,FMNL2,1.0
RBPJ,C,FOXP1,1.0
RBPJ,C,GAS7,1.0
RBPJ,C,GNA12,1.0
RBPJ,C,GPATCH2L,1.0
RBPJ,C,GPCPD1,1.0
RBPJ,C,GSN,1.0
RBPJ,C,HES5,1.0
RBPJ,C,HEYL,1.0
RBPJ,C,IFNGR1,1.0
RBPJ,C,IL16,1.0
RBPJ,C,INPP4A,1.0
RBPJ,C,IRF8,1.0
RBPJ,C,LIMS1,1.0
RBPJ,C,LPP,1.0
RBPJ,C,LYST,1.0
RBPJ,C,MARCHF1,1.0
RBPJ,C,MKNK2,1.0
RBPJ,C,NIN,1.0
RBPJ,C,NSMCE2,1.0
RBPJ,C,NUMB,1.0
RBPJ,C,PAG1,1.0
RBPJ,C,PEX5L,1.0
RBPJ,C,PIK3AP1,1.0
RBPJ,C,PIP4K2A,1.0
RBPJ,C,PLEC,1.0
RBPJ,C,PMAIP1,1.0
RBPJ,C,RFX3,1.0
RBPJ,C,RUNX1,1.0
RBPJ,C,SEMA4D,1.0
RBPJ,C,SH3KBP1,1.0
RBPJ,C,SIPA1L1,1.0
RBPJ,C,SLC12A8,1.0
RBPJ,C,SNX25,1.0
RBPJ,C,TCF4,1.0
RBPJ,C,THADA,1.0
RBPJ,C,TNIP1,1.0
RBPJ,C,WWTR1,1.0
RBPJ,C,ZBTB38,1.0
REL,A,BIRC3,1.0
REL,A,CCL2,1.0
REL,A,CCL5,1.0
REL,A,CD40LG,1.0
REL,A,CRP,1.0
REL,A,CSF2,1.0
REL,A,CSRP1,1.0
REL,A,EPHB2,-1.0
REL,A,F3,1.0
REL,A,ICAM1,1.0
REL,A,IER3,1.0
REL,A,IFNG,1.0
REL,A,IL12B,1.0
REL,A,IL1B,1.0
REL,A,IL2,1.0
REL,A,IL2RA,1.0
REL,A,IL6,-1.0
REL,A,NFKBIA,1.0
REL,A,SELE,1.0
REL,A,TNFAIP3,1.0
RELA,A,ABCB1,1.0
RELA,A,AGER,1.0
RELA,A,AGT,1.0
RELA,A,AKT1,-1.0
RELA,A,AMH,1.0
RELA,A,AR,-1.0
RELA,A,BAX,-1.0
RELA,A,BCL2,1.0
RELA,A,BCL2A1,1.0
RELA,A,BCL2L1,1.0
RELA,A,BCL3,1.0
RELA,A,BIRC2,1.0
RELA,A,BIRC3,1.0
RELA,A,BIRC5,1.0
RELA,A,BNIP3,-1.0
RELA,A,BRCA2,1.0
RELA,A,CCL11,1.0
RELA,A,CCL2,1.0
RELA,A,CCL20,1.0
RELA,A,CCL3,1.0
RELA,A,CCL4,1.0
RELA,A,CCL5,1.0
RELA,A,CCND1,1.0
RELA,A,CCR5,1.0
RELA,A,CD40,1.0
RELA,A,CD40LG,1.0
RELA,A,CD58,1.0
RELA,A,CD69,1.0
RELA,A,CD74,1.0
RELA,A,CD83,1.0
RELA,A,CD86,1.0
RELA,A,CDK4,1.0
RELA,A,CDK6,1.0
RELA,A,CDKN1A,1.0
RELA,A,CFLAR,1.0
RELA,A,CFTR,1.0
RELA,A,COL1A1,-1.0
RELA,A,COL1A2,-1.0
RELA,A,COL2A1,-1.0
RELA,A,CR2,1.0
RELA,A,CRHR1,1.0
RELA,A,CSF1,1.0
RELA,A,CSF2,1.0
RELA,A,CTSB,1.0
RELA,A,CXCL1,1.0
RELA,A,CXCL10,1.0
RELA,A,CXCL2,1.0
RELA,A,CXCL3,1.0
RELA,A,CXCL5,1.0
RELA,A,CXCL8,1.0
RELA,A,CXCR4,1.0
RELA,A,CYP3A4,1.0
RELA,A,DEFB4A,1.0
RELA,A,EBI3,1.0
RELA,A,EDN1,1.0
RELA,A,EGFR,1.0
RELA,A,EGR1,-1.0
RELA,A,ELF3,1.0
RELA,A,EPAS1,1.0
RELA,A,F3,1.0
RELA,A,FCGRT,1.0
RELA,A,FGF8,1.0
RELA,A,FN1,-1.0
RELA,A,GADD45G,1.0
RELA,A,GATA3,1.0
RELA,A,GSTP1,1.0
RELA,A,HDAC1,1.0
RELA,A,HIF1A,1.0
RELA,A,ICAM1,1.0
RELA,A,IER3,1.0
RELA,A,IFNA1,1.0
RELA,A,IFNB1,1.0
RELA,A,IFNG,1.0
RELA,A,IL10,1.0
RELA,A,IL12A,1.0
RELA,A,IL12B,1.0
RELA,A,IL17C,1.0
RELA,A,IL18,1.0
RELA,A,IL1A,-1.0
RELA,A,IL1B,1.0
RELA,A,IL2,1.0
RELA,A,IL23A,1.0
RELA,A,IL2RA,1.0
RELA,A,IL4,1.0
RELA,A,IL6,1.0
RELA,A,IRF1,1.0
RELA,A,IRF4,1.0
RELA,A,IRF7,1.0
RELA,A,KLK3,1.0
RELA,A,MAT2A,1.0
RELA,A,MCL1,1.0
RELA,A,MICA,1.0
RELA,A,MMP14,1.0
RELA,A,MMP2,1.0
RELA,A,MMP3,1.0
RELA,A,MMP9,1.0
RELA,A,MYC,1.0
RELA,A,NCAM1,1.0
RELA,A,NFKB1,1.0
RELA,A,NFKB2,1.0
RELA,A,NFKBIA,1.0
RELA,A,NOLC1,1.0
RELA,A,NOS2,1.0
RELA,A,NOS3,1.0
RELA,A,NR4A1,1.0
RELA,A,OPTN,1.0
RELA,A,PCK2,-1.0
RELA,A,PGR,-1.0
RELA,A,PIGR,1.0
RELA,A,PLAU,1.0
RELA,A,PLAUR,1.0
RELA,A,PPARA,1.0
RELA,A,PPARD,-1.0
RELA,A,PTGS2,1.0
RELA,A,PTHLH,1.0
RELA,A,PTPN13,1.0
RELA,A,PTX3,1.0
RELA,A,RIPK2,1.0
RELA,A,S100A6,1.0
RELA,A,SAA2,1.0
RELA,A,SELE,1.0
RELA,A,SERPINE1,1.0
RELA,A,SIRT1,1.0
RELA,A,SLC25A27,1.0
RELA,A,SNAI1,1.0
RELA,A,SOCS3,1.0
RELA,A,SOD2,1.0
RELA,A,TBX21,1.0
RELA,A,THBD,-1.0
RELA,A,TIMP1,-1.0
RELA,A,TNC,1.0
RELA,A,TNF,1.0
RELA,A,TNFAIP3,1.0
RELA,A,TNFRSF10A,1.0
RELA,A,TNFRSF10B,1.0
RELA,A,TP53,1.0
RELA,A,TRAF1,1.0
RELA,A,TRAF2,1.0
RELA,A,TRIB3,-1.0
RELA,A,VCAM1,1.0
RELA,A,VEGFA,1.0
RELA,A,VEGFD,1.0
RELA,A,WT1,1.0
RELA,A,XIAP,1.0
RELB,B,ABCB1,1.0
RELB,B,CCL19,1.0
RELB,B,CCL21,1.0
RELB,B,CD40,1.0
RELB,B,PIGR,1.0
RELB,B,TNFAIP3,1.0
RELB,B,BCL2,1.0
RELB,B,CD44,1.0
RELB,B,IL15,1.0
RELB,B,IL6,1.0
RELB,B,IRF1,1.0
RELB,B,TNIP1,1.0
RELB,B,TRAF3,1.0
REST,B,BDNF,-1.0
REST,B,CARTPT,-1.0
REST,B,GLRA1,1.0
REST,B,GRIN1,-1.0
REST,B,KCNQ2,-1.0
REST,B,LIN28A,-1.0
REST,B,OPRM1,-1.0
REST,B,TUBB3,-1.0
REST,B,CACNA1H,-1.0
REST,B,CHGA,-1.0
REST,B,PCSK1,-1.0
REST,B,VGF,-1.0
RFX1,C,COL1A2,1.0
RFX1,C,MYC,-1.0
RFX1,C,PCNA,-1.0
RFX1,C,FBRS,1.0
RFX1,C,MZF1,1.0
RFX1,C,STK32C,1.0
RFX1,C,VRK3,1.0
RFX1,C,ADGRG1,1.0
RFX1,C,ARMC9,1.0
RFX1,C,BAIAP3,1.0
RFX1,C,BTBD3,1.0
RFX1,C,CAMK2A,1.0
RFX1,C,CBX8,1.0
RFX1,C,CEP112,1.0
RFX1,C,CFAP20,1.0
RFX1,C,CRIP2,1.0
RFX1,C,DIS3L2,1.0
RFX1,C,DSE,1.0
RFX1,C,EHD1,1.0
RFX1,C,FGF1,1.0
RFX1,C,FHAD1,1.0
RFX1,C,GPR137,1.0
RFX1,C,IP6K2,1.0
RFX1,C,IQCH,1.0
RFX1,C,ITFG2,1.0
RFX1,C,KATNIP,1.0
RFX1,C,LY6G5C,1.0
RFX1,C,MAPRE2,1.0
RFX1,C,PDE4A,1.0
RFX1,C,PSMB7,1.0
RFX1,C,RFX2,1.0
RFX1,C,RIIAD1,1.0
RFX1,C,SPATA2,1.0
RFX1,C,SREK1,1.0
RFX1,C,SWSAP1,1.0
RFX1,C,SYNGAP1,1.0
RFX1,C,TP53BP1,1.0
RFX1,C,TRIT1,1.0
RFX1,C,ZDHHC1,1.0
RFX1,C,ZNF398,1.0
RFX2,C,BAIAP3,1.0
RFX2,C,CFAP61,1.0
RFX2,C,DPCD,1.0
RFX2,C,ENDOV,1.0
RFX2,C,ENKUR,1.0
RFX2,C,KIAA0753,1.0
RFX2,C,MAPK10,1.0
RFX2,C,MAPRE2,1.0
RFX2,C,MAPRE3,1.0
RFX2,C,PACRGL,1.0
RFX2,C,PDE4A,1.0
RFX2,C,PICK1,1.0
RFX2,C,POLL,1.0
RFX2,C,POLRMT,1.0
RFX2,C,PRKCG,1.0
RFX2,C,STRN4,1.0
RFX2,C,TBCEL,1.0
RFX2,C,THAP10,1.0
RFX2,C,TTC23L,1.0
RFX2,C,TTC30B,1.0
RFX2,C,TXNDC17,1.0
RFX5,A,CD74,1.0
RFX5,A,COL1A2,-1.0
RFX5,A,HLA-DMA,1.0
RFX5,A,HLA-DMB,1.0
RFX5,A,HLA-DOA,1.0
RFX5,A,HLA-DOB,1.0
RFX5,A,HLA-DPA1,1.0
RFX5,A,HLA-DPB1,1.0
RFX5,A,HLA-DQA1,1.0
RFX5,A,HLA-DQA2,1.0
RFX5,A,HLA-DQB1,1.0
RFX5,A,HLA-DRA,1.0
RFX5,A,HLA-DRB1,1.0
RFX5,A,HLA-DRB3,1.0
RFX5,A,HLA-DRB4,1.0
RFX5,A,HLA-DRB5,1.0
RUNX1,A,ARHGAP10,1.0
RUNX1,A,CSF1R,1.0
RUNX1,A,FYB1,1.0
RUNX1,A,HIVEP3,1.0
RUNX1,A,IL2,1.0
RUNX1,A,IL3,-1.0
RUNX1,A,ITGAX,1.0
RUNX1,A,ITGB2,1.0
RUNX1,A,KLK3,1.0
RUNX1,A,LCP2,1.0
RUNX1,A,LGALS3,1.0
RUNX1,A,MAD2L1,-1.0
RUNX1,A,MECOM,1.0
RUNX1,A,NFKB1,1.0
RUNX1,A,PIK3CD,1.0
RUNX1,A,PRKCB,1.0
RUNX1,A,PRKCQ,1.0
RUNX1,A,PRR5L,1.0
RUNX1,A,RORC,1.0
RUNX1,A,SMAD3,1.0
RUNX1,A,SPI1,1.0
RUNX2,C,ESR1,-1.0
RUNX2,C,IBSP,1.0
RUNX2,C,LGALS3,1.0
RUNX2,C,MMP13,1.0
RUNX2,C,ITGBL1,1.0
RUNX2,C,PSD3,1.0
RUNX2,C,RUNX1,1.0
RUNX2,C,AFF3,1.0
RUNX2,C,ALCAM,1.0
RUNX2,C,AMPD3,1.0
RUNX2,C,ANKRD44,1.0
RUNX2,C,APP,1.0
RUNX2,C,ATP8B4,1.0
RUNX2,C,CACNA1C,1.0
RUNX2,C,CBLB,1.0
RUNX2,C,CDH11,1.0
RUNX2,C,CHN2,1.0
RUNX2,C,COL14A1,1.0
RUNX2,C,CSGALNACT1,1.0
RUNX2,C,CUEDC1,1.0
RUNX2,C,DOCK10,1.0
RUNX2,C,DOCK2,1.0
RUNX2,C,DPYD,1.0
RUNX2,C,ETS1,1.0
RUNX2,C,FARP1,1.0
RUNX2,C,FAT1,1.0
RUNX2,C,GLI3,1.0
RUNX2,C,GRAMD2B,1.0
RUNX2,C,GULP1,1.0
RUNX2,C,HMCN1,1.0
RUNX2,C,ITPR1,1.0
RUNX2,C,KIAA1217,1.0
RUNX2,C,LRIG1,1.0
RUNX2,C,MAPKAP1,1.0
RUNX2,C,MET,1.0
RUNX2,C,MICAL2,1.0
RUNX2,C,MID1,1.0
RUNX2,C,MRPS27,1.0
RUNX2,C,MYOF,1.0
RUNX2,C,NABP1,1.0
RUNX2,C,NEDD4L,1.0
RUNX2,C,NRG1,1.0
RUNX2,C,OSBPL3,1.0
RUNX2,C,PACSIN2,1.0
RUNX2,C,PAPPA,1.0
RUNX2,C,PBX1,1.0
RUNX2,C,PIP4K2A,1.0
RUNX2,C,PLCB1,1.0
RUNX2,C,PPARG,1.0
RUNX2,C,PTK2,1.0
RUNX2,C,PTPRM,1.0
RUNX2,C,RBMS3,1.0
RUNX2,C,RFTN1,1.0
RUNX2,C,SEMA5A,1.0
RUNX2,C,SVIL,1.0
RUNX2,C,TBXAS1,1.0
RUNX2,C,TCF4,1.0
RUNX2,C,TENM2,1.0
RUNX2,C,TIAM2,1.0
RUNX2,C,TLE4,1.0
RUNX2,C,TNS1,1.0
RUNX2,C,TPRG1,1.0
RUNX2,C,TSPAN5,1.0
RUNX2,C,WIPF1,1.0
RUNX2,C,WNT5B,1.0
RUNX3,B,CASP8,1.0
RUNX3,B,CFLAR,-1.0
RUNX3,B,ICAM3,-1.0
RUNX3,B,MMP9,-1.0
RUNX3,B,RUNX1,-1.0
RUNX3,B,TCF4,1.0
RUNX3,B,CIITA,1.0
RUNX3,B,CYTIP,1.0
RUNX3,B,DOCK2,1.0
RUNX3,B,FYN,1.0
RUNX3,B,PAX5,1.0
RUNX3,B,TCF7,1.0
RXRA,A,ABCB11,1.0
RXRA,A,ABCC3,-1.0
RXRA,A,CPT1B,1.0
RXRA,A,CXCR5,1.0
RXRA,A,CYP3A4,1.0
RXRA,A,CYP7A1,1.0
RXRA,A,HNF1A,1.0
RXRA,A,HSD17B2,1.0
RXRA,A,NOL7,1.0
RXRA,A,NR1H3,1.0
RXRA,A,PLD1,1.0
RXRA,A,SREBF1,1.0
SIX2,C,ZNF423,1.0
SIX2,C,CABLES1,1.0
SIX2,C,CCDC80,1.0
SIX2,C,CLDN14,1.0
SIX2,C,CLVS1,1.0
SIX2,C,CNTN5,1.0
SIX2,C,COL13A1,1.0
SIX2,C,CPNE4,1.0
SIX2,C,CTNNA2,1.0
SIX2,C,DCLK1,1.0
SIX2,C,DOCK9,1.0
SIX2,C,DPP6,1.0
SIX2,C,ETV1,1.0
SIX2,C,ETV6,1.0
SIX2,C,FBLN1,1.0
SIX2,C,FGFR2,1.0
SIX2,C,FRMD4B,1.0
SIX2,C,GALNT10,1.0
SIX2,C,GSE1,1.0
SIX2,C,ITPR1,1.0
SIX2,C,KANK1,1.0
SIX2,C,KAZN,1.0
SIX2,C,KIAA1217,1.0
SIX2,C,LTBP1,1.0
SIX2,C,MTSS1,1.0
SIX2,C,MYCBP2,1.0
SIX2,C,NEDD4L,1.0
SIX2,C,NRG1,1.0
SIX2,C,NRXN1,1.0
SIX2,C,PRKCH,1.0
SIX2,C,RIMS2,1.0
SIX2,C,SIX1,1.0
SIX2,C,SYNE1,1.0
SIX2,C,TBC1D1,1.0
SIX2,C,THSD4,1.0
SIX2,C,TRAPPC9,1.0
SIX2,C,TTC39B,1.0
SIX2,C,ZBTB7C,1.0
SIX2,C,ZMIZ1,1.0
SIX5,C,APBA3,1.0
SIX5,C,BAHCC1,1.0
SIX5,C,BCAT2,1.0
SIX5,C,BOLA1,1.0
SIX5,C,FAM168A,1.0
SIX5,C,FUZ,1.0
SIX5,C,IRF2BP1,1.0
SIX5,C,MAF1,1.0
SIX5,C,MAMSTR,1.0
SIX5,C,MED25,1.0
SIX5,C,MGRN1,1.0
SIX5,C,NME4,1.0
SIX5,C,RFX1,1.0
SIX5,C,SCRIB,1.0
SIX5,C,SH2B1,1.0
SIX5,C,SLC4A2,1.0
SIX5,C,SPHK2,1.0
SIX5,C,TBC1D17,1.0
SIX5,C,TCEA2,1.0
SIX5,C,THAP11,1.0
SIX5,C,TSPAN4,1.0
SIX5,C,ZNF219,1.0
SIX5,C,ZNF500,1.0
SIX5,C,ZNF524,1.0
SIX5,C,ZNF837,1.0
SMAD1,C,CDKN1A,1.0
SMAD1,C,ID2,1.0
SMAD1,C,ID3,1.0
SMAD1,C,SPP1,1.0
SMAD1,C,TNFRSF11B,1.0
SMAD1,C,GDF15,1.0
SMAD1,C,ZEB2,1.0
SMAD1,C,ARHGEF3,1.0
SMAD1,C,ARID1A,1.0
SMAD1,C,CTNNB1,1.0
SMAD1,C,IGF2R,1.0
SMAD1,C,LYN,1.0
SMAD1,C,MRPS27,1.0
SMAD1,C,STK32B,1.0
SMAD1,C,TANC1,1.0
SMAD1,C,XPO7,1.0
SMAD1,C,ZNF521,1.0
SMAD3,A,AHR,1.0
SMAD3,A,ANKRD1,1.0
SMAD3,A,APOC3,1.0
SMAD3,A,BAMBI,1.0
SMAD3,A,BGLAP,1.0
SMAD3,A,CCND2,1.0
SMAD3,A,CDKN1A,1.0
SMAD3,A,COL1A1,1.0
SMAD3,A,COL3A1,1.0
SMAD3,A,COL6A1,1.0
SMAD3,A,COL6A3,1.0
SMAD3,A,COL7A1,1.0
SMAD3,A,CYP17A1,-1.0
SMAD3,A,EDN1,1.0
SMAD3,A,EPO,1.0
SMAD3,A,FOXP3,1.0
SMAD3,A,FSTL3,1.0
SMAD3,A,GLI2,1.0
SMAD3,A,ITGA11,1.0
SMAD3,A,JUN,1.0
SMAD3,A,MET,1.0
SMAD3,A,MMP9,1.0
SMAD3,A,MYC,1.0
SMAD3,A,POR,1.0
SMAD3,A,PTHLH,1.0
SMAD3,A,SERPINE1,1.0
SMAD3,A,SMAD7,1.0
SMAD3,A,TERT,-1.0
SMAD3,A,TGFB1,-1.0
SMAD3,A,TIMP1,1.0
SMAD3,A,TNC,1.0
SMAD3,A,VEGFA,1.0
SMAD3,A,ZFP36,1.0
SMAD4,A,AHR,1.0
SMAD4,A,APOC3,1.0
SMAD4,A,BAMBI,1.0
SMAD4,A,BGLAP,1.0
SMAD4,A,BTRC,-1.0
SMAD4,A,CCN1,1.0
SMAD4,A,CDKN1A,1.0
SMAD4,A,CDKN2B,1.0
SMAD4,A,COL7A1,1.0
SMAD4,A,DACH1,-1.0
SMAD4,A,EPO,1.0
SMAD4,A,FSHB,1.0
SMAD4,A,FSTL3,1.0
SMAD4,A,IHH,1.0
SMAD4,A,JUN,1.0
SMAD4,A,MET,1.0
SMAD4,A,MYC,1.0
SMAD4,A,NKX2-5,1.0
SMAD4,A,POR,1.0
SMAD4,A,PTHLH,1.0
SMAD4,A,RUNX1T1,1.0
SMAD4,A,SERPINE1,1.0
SMAD4,A,SMAD7,1.0
SMAD4,A,TGFB1,1.0
SMAD4,A,TNC,1.0
SMAD4,A,TNFRSF11B,1.0
SMAD4,A,ZFP36,1.0
SMAD5,C,ID3,1.0
SMAD5,C,ARID1B,1.0
SMAD5,C,ATXN2,1.0
SMAD5,C,DMTF1,1.0
SMAD5,C,HMGB1,1.0
SMAD5,C,HNRNPA3,1.0
SMAD5,C,NR3C1,1.0
SMAD5,C,REV1,1.0
SMAD5,C,RHOBTB3,1.0
SMAD5,C,SMC4,1.0
SMAD5,C,SP3,1.0
SNAI2,C,CDH1,-1.0
SNAI2,C,CXCR4,1.0
SNAI2,C,JAG1,1.0
SNAI2,C,VDR,-1.0
SNAI2,C,ACOT7,-1.0
SNAI2,C,ADAM8,-1.0
SNAI2,C,ADAP1,-1.0
SNAI2,C,ADGRB2,-1.0
SNAI2,C,AGPAT3,-1.0
SNAI2,C,ANK1,-1.0
SNAI2,C,ARHGEF16,-1.0
SNAI2,C,ARHGEF3,-1.0
SNAI2,C,BRI3,-1.0
SNAI2,C,C1QTNF1,-1.0
SNAI2,C,CCDC187,-1.0
SNAI2,C,CCDC57,-1.0
SNAI2,C,CCDC88C,-1.0
SNAI2,C,CLSTN1,-1.0
SNAI2,C,CRISPLD2,-1.0
SNAI2,C,CROCC,-1.0
SNAI2,C,DAB2IP,-1.0
SNAI2,C,DLGAP4,-1.0
SNAI2,C,DOCK9,-1.0
SNAI2,C,EGFR,-1.0
SNAI2,C,EPS8L2,-1.0
SNAI2,C,FAM110C,-1.0
SNAI2,C,FAM160A1,-1.0
SNAI2,C,FARP1,-1.0
SNAI2,C,FGD2,-1.0
SNAI2,C,FKBP5,-1.0
SNAI2,C,HPCAL1,-1.0
SNAI2,C,JAG2,-1.0
SNAI2,C,KDM4B,-1.0
SNAI2,C,KIFC3,-1.0
SNAI2,C,LAMA3,-1.0
SNAI2,C,LONP1,-1.0
SNAI2,C,LRP1,-1.0
SNAI2,C,LRRFIP1,-1.0
SNAI2,C,MAFK,-1.0
SNAI2,C,MBP,-1.0
SNAI2,C,MED15,-1.0
SNAI2,C,MKNK2,-1.0
SNAI2,C,MPRIP,-1.0
SNAI2,C,NADSYN1,-1.0
SNAI2,C,NEDD4L,-1.0
SNAI2,C,NOTCH1,-1.0
SNAI2,C,NSD2,-1.0
SNAI2,C,NTMT1,-1.0
SNAI2,C,NUDT14,-1.0
SNAI2,C,PARVB,-1.0
SNAI2,C,PIEZO1,-1.0
SNAI2,C,PRKAG2,-1.0
SNAI2,C,RBCK1,-1.0
SNAI2,C,SEMA4B,-1.0
SNAI2,C,SERINC2,-1.0
SNAI2,C,SH3PXD2B,-1.0
SNAI2,C,SKI,-1.0
SNAI2,C,SLC25A10,-1.0
SNAI2,C,SPIDR,-1.0
SNAI2,C,SULT2B1,-1.0
SNAI2,C,SUN1,-1.0
SNAI2,C,TACC2,-1.0
SNAI2,C,TTYH3,-1.0
SNAI2,C,VASP,-1.0
SNAI2,C,VGLL4,-1.0
SNAI2,C,WSCD1,-1.0
SNAPC4,C,ANAPC7,1.0
SNAPC4,C,BRF1,1.0
SNAPC4,C,CACTIN,1.0
SNAPC4,C,DLK2,1.0
SNAPC4,C,DNMT1,1.0
SNAPC4,C,ELAC2,1.0
SNAPC4,C,FBXL19,1.0
SNAPC4,C,LRSAM1,1.0
SNAPC4,C,MBD3,1.0
SNAPC4,C,MYO9B,1.0
SNAPC4,C,NUP85,1.0
SNAPC4,C,PARP2,1.0
SNAPC4,C,PASK,1.0
SNAPC4,C,PELP1,1.0
SNAPC4,C,PRPF31,1.0
SNAPC4,C,PRR19,1.0
SNAPC4,C,QTRT1,1.0
SNAPC4,C,RAB40C,1.0
SNAPC4,C,RINT1,1.0
SNAPC4,C,SCAP,1.0
SNAPC4,C,SH2D3A,1.0
SNAPC4,C,SPG7,1.0
SNAPC4,C,TAB1,1.0
SNAPC4,C,TBCD,1.0
SNAPC4,C,TECPR1,1.0
SNAPC4,C,TMEM259,1.0
SNAPC4,C,WDR59,1.0
SNAPC4,C,WDR74,1.0
SNAPC4,C,ZBTB48,1.0
SNAPC4,C,ZNF335,1.0
SOX10,A,ASCL1,1.0
SOX10,A,COL11A2,1.0
SOX10,A,DCT,-1.0
SOX10,A,EDNRB,1.0
SOX10,A,EGR2,1.0
SOX10,A,GJB1,-1.0
SOX10,A,GJC2,1.0
SOX10,A,MAG,1.0
SOX10,A,MBP,1.0
SOX10,A,MITF,1.0
SOX10,A,MPZ,1.0
SOX10,A,PDGFRA,1.0
SOX10,A,PLP1,1.0
SOX10,A,RET,1.0
SOX10,A,SOX6,1.0
SOX10,A,TYR,1.0
SOX11,C,AFF3,1.0
SOX11,C,ANK2,1.0
SOX11,C,ATP10B,1.0
SOX11,C,CACHD1,1.0
SOX11,C,CDH11,1.0
SOX11,C,CHODL,1.0
SOX11,C,COL28A1,1.0
SOX11,C,DMD,1.0
SOX11,C,DOCK4,1.0
SOX11,C,DST,1.0
SOX11,C,EPHA7,1.0
SOX11,C,ERC1,1.0
SOX11,C,GRIA2,1.0
SOX11,C,MAP4K4,1.0
SOX11,C,MECOM,1.0
SOX11,C,MID1,1.0
SOX11,C,NEDD4L,1.0
SOX11,C,PCLO,1.0
SOX11,C,PTK2,1.0
SOX11,C,RAPGEF4,1.0
SOX11,C,RAPGEF5,1.0
SOX11,C,RIMS1,1.0
SOX11,C,RIMS2,1.0
SOX11,C,RP1,1.0
SOX11,C,RUNX1,1.0
SOX11,C,SOX5,1.0
SOX11,C,TANC1,1.0
SOX11,C,TEAD1,1.0
SOX11,C,ZBTB20,1.0
SOX13,C,GSN,1.0
SOX13,C,LRP5,1.0
SOX13,C,AFF1,1.0
SOX13,C,AXIN2,1.0
SOX13,C,BMF,1.0
SOX13,C,CARD10,1.0
SOX13,C,CBX2,1.0
SOX13,C,CFLAR,1.0
SOX13,C,CLMN,1.0
SOX13,C,CTDSP1,1.0
SOX13,C,DAB2IP,1.0
SOX13,C,DUSP6,1.0
SOX13,C,EPS8,1.0
SOX13,C,FOXP1,1.0
SOX13,C,FRY,1.0
SOX13,C,GPRC5C,1.0
SOX13,C,HLF,1.0
SOX13,C,JAG1,1.0
SOX13,C,KIAA1217,1.0
SOX13,C,KYAT1,1.0
SOX13,C,LIMD1,1.0
SOX13,C,MAP4K4,1.0
SOX13,C,MTSS1,1.0
SOX13,C,MYOM1,1.0
SOX13,C,NID1,1.0
SOX13,C,NKD1,1.0
SOX13,C,NR2F2,1.0
SOX13,C,PIK3R1,1.0
SOX13,C,PIM1,1.0
SOX13,C,PTP4A1,1.0
SOX13,C,RCAN1,1.0
SOX13,C,RERE,1.0
SOX13,C,RGS12,1.0
SOX13,C,SCARB1,1.0
SOX13,C,SERPINA1,1.0
SOX13,C,SMOC1,1.0
SOX13,C,SORBS3,1.0
SOX13,C,SOX5,1.0
SOX13,C,SOX6,1.0
SOX13,C,SYN3,1.0
SOX13,C,TGIF1,1.0
SOX13,C,TTLL4,1.0
SOX2,A,ABCC6,1.0
SOX2,A,CCND1,1.0
SOX2,A,DLGAP1,1.0
SOX2,A,GLI2,1.0
SOX2,A,GLI3,1.0
SOX2,A,HHAT,1.0
SOX2,A,ISL1,-1.0
SOX2,A,NANOG,1.0
SOX2,A,NTRK3,1.0
SOX2,A,RHO,-1.0
SOX6,C,TP53,1.0
SOX6,C,CPED1,1.0
SOX6,C,ANK3,1.0
SOX6,C,APLF,1.0
SOX6,C,ATP2B4,1.0
SOX6,C,BCOR,1.0
SOX6,C,CYRIB,1.0
SOX6,C,DNAJC6,1.0
SOX6,C,DUSP10,1.0
SOX6,C,ELAPOR2,1.0
SOX6,C,EPB41L2,1.0
SOX6,C,GTDC1,1.0
SOX6,C,LDLR,1.0
SOX6,C,LYN,1.0
SOX6,C,MAGI1,1.0
SOX6,C,NEK5,1.0
SOX6,C,NFASC,1.0
SOX6,C,PARD3B,1.0
SOX6,C,PDE11A,1.0
SOX6,C,PIP5K1B,1.0
SOX6,C,PLLP,1.0
SOX6,C,PPFIBP2,1.0
SOX6,C,SCARB1,1.0
SOX6,C,SEPTIN9,1.0
SOX6,C,SMAD3,1.0
SOX6,C,SOX5,1.0
SOX6,C,STXBP5,1.0
SOX6,C,TBC1D14,1.0
SOX6,C,TGIF1,1.0
SOX6,C,UTRN,1.0
SOX6,C,ZEB2,1.0
SOX6,C,ZFPM2,1.0
SOX9,A,AMH,1.0
SOX9,A,CDKN1A,1.0
SOX9,A,CEACAM1,1.0
SOX9,A,CLDN7,1.0
SOX9,A,COL9A1,1.0
SOX9,A,COMP,1.0
SOX9,A,HAPLN1,1.0
SOX9,A,HES1,1.0
SOX9,A,MATN1,1.0
SOX9,A,MIA,1.0
SOX9,A,NKX3-2,1.0
SOX9,A,PRAME,-1.0
SOX9,A,RGR,1.0
SP1,A,ABCB1,1.0
SP1,A,ABCC1,-1.0
SP1,A,ABCC3,1.0
SP1,A,ACAN,1.0
SP1,A,ACTA1,1.0
SP1,A,ACTC1,1.0
SP1,A,ADA,1.0
SP1,A,ADAM10,1.0
SP1,A,ADAM17,1.0
SP1,A,ADGRE5,1.0
SP1,A,ADH6,1.0
SP1,A,ADIPOQ,1.0
SP1,A,ADRA1A,1.0
SP1,A,ADRA2B,1.0
SP1,A,ADRB3,1.0
SP1,A,AGT,1.0
SP1,A,AGTR1,1.0
SP1,A,AHR,-1.0
SP1,A,ALDOA,1.0
SP1,A,ALOX12,1.0
SP1,A,ALOX15B,1.0
SP1,A,ALOX5,1.0
SP1,A,APEX1,-1.0
SP1,A,APOA1,1.0
SP1,A,APOE,1.0
SP1,A,APP,1.0
SP1,A,AR,1.0
SP1,A,AREG,1.0
SP1,A,ATF2,1.0
SP1,A,ATM,1.0
SP1,A,ATP1A3,1.0
SP1,A,ATP2A2,1.0
SP1,A,B4GALT1,1.0
SP1,A,BAX,1.0
SP1,A,BCL2,1.0
SP1,A,BIRC5,1.0
SP1,A,BLMH,1.0
SP1,A,BRCA1,1.0
SP1,A,BRD7,1.0
SP1,A,BSG,1.0
SP1,A,BTK,1.0
SP1,A,C1QBP,1.0
SP1,A,CA9,1.0
SP1,A,CAT,1.0
SP1,A,CAV1,1.0
SP1,A,CCK,1.0
SP1,A,CCL2,1.0
SP1,A,CCN2,1.0
SP1,A,CCNA1,1.0
SP1,A,CCND1,1.0
SP1,A,CCND2,1.0
SP1,A,CD14,1.0
SP1,A,CD151,1.0
SP1,A,CD163,1.0
SP1,A,CD19,1.0
SP1,A,CD28,1.0
SP1,A,CD44,1.0
SP1,A,CD83,1.0
SP1,A,CD9,1.0
SP1,A,CD99,1.0
SP1,A,CDC25C,1.0
SP1,A,CDH3,1.0
SP1,A,CDK1,1.0
SP1,A,CDK6,-1.0
SP1,A,CDKN1A,1.0
SP1,A,CDKN1B,1.0
SP1,A,CDKN2A,1.0
SP1,A,CDKN2B,1.0
SP1,A,CDKN2C,1.0
SP1,A,CDKN2D,1.0
SP1,A,CENPW,1.0
SP1,A,CERS2,1.0
SP1,A,CES1,1.0
SP1,A,CETP,-1.0
SP1,A,CHRNB4,1.0
SP1,A,COL18A1,1.0
SP1,A,COL1A1,-1.0
SP1,A,COL1A2,1.0
SP1,A,COL2A1,1.0
SP1,A,COL7A1,1.0
SP1,A,CREM,1.0
SP1,A,CRMP1,-1.0
SP1,A,CSNK2A1,1.0
SP1,A,CTSD,1.0
SP1,A,CTSL,1.0
SP1,A,CXCL1,1.0
SP1,A,CXCL5,1.0
SP1,A,CYP11A1,1.0
SP1,A,CYP17A1,1.0
SP1,A,CYP19A1,1.0
SP1,A,CYP1B1,1.0
SP1,A,CYP27A1,1.0
SP1,A,CYP2F1,1.0
SP1,A,CYP3A4,1.0
SP1,A,CYP3A5,1.0
SP1,A,CYP3A7,1.0
SP1,A,CYP7A1,1.0
SP1,A,CYP7B1,1.0
SP1,A,DBH,1.0
SP1,A,DCK,1.0
SP1,A,DRG2,1.0
SP1,A,E2F1,1.0
SP1,A,EAPP,1.0
SP1,A,EDNRB,1.0
SP1,A,EGFR,-1.0
SP1,A,EGR1,1.0
SP1,A,EPO,1.0
SP1,A,EPOR,-1.0
SP1,A,ESR1,1.0
SP1,A,ETS2,1.0
SP1,A,EZR,1.0
SP1,A,F10,1.0
SP1,A,F2R,1.0
SP1,A,F3,1.0
SP1,A,F7,1.0
SP1,A,FAS,1.0
SP1,A,FASLG,1.0
SP1,A,FES,1.0
SP1,A,FGL2,1.0
SP1,A,FMR1,1.0
SP1,A,FN1,1.0
SP1,A,FOS,1.0
SP1,A,FOSL1,1.0
SP1,A,FURIN,1.0
SP1,A,FXR2,1.0
SP1,A,GAST,1.0
SP1,A,GCLC,1.0
SP1,A,GFER,1.0
SP1,A,GH2,1.0
SP1,A,GJA1,1.0
SP1,A,GSTP1,1.0
SP1,A,H4C14,1.0
SP1,A,HBZ,1.0
SP1,A,HCN2,1.0
SP1,A,HDAC4,1.0
SP1,A,HLA-G,1.0
SP1,A,HMGA2,1.0
SP1,A,HNF4A,1.0
SP1,A,HOXB7,1.0
SP1,A,HPR,1.0
SP1,A,HRAS,1.0
SP1,A,HSD17B1,1.0
SP1,A,HSD17B2,1.0
SP1,A,HSD3B1,1.0
SP1,A,HSPA1A,1.0
SP1,A,HSPB1,1.0
SP1,A,HTR1A,1.0
SP1,A,HTT,1.0
SP1,A,IER3,1.0
SP1,A,IFNGR1,1.0
SP1,A,IGF1R,1.0
SP1,A,IGF2,1.0
SP1,A,IGFBP1,1.0
SP1,A,IGFBP3,1.0
SP1,A,IGFBP4,1.0
SP1,A,IL10,1.0
SP1,A,IL12B,1.0
SP1,A,IL1A,1.0
SP1,A,IL2,1.0
SP1,A,IL2RB,1.0
SP1,A,IL3,1.0
SP1,A,IMPDH2,1.0
SP1,A,INSR,1.0
SP1,A,IRS2,1.0
SP1,A,ITGA2,1.0
SP1,A,ITGA5,1.0
SP1,A,ITGAD,1.0
SP1,A,ITGAV,-1.0
SP1,A,ITGAX,1.0
SP1,A,IVL,1.0
SP1,A,JUN,1.0
SP1,A,KDR,-1.0
SP1,A,KIF2C,1.0
SP1,A,KIT,1.0
SP1,A,KLF8,1.0
SP1,A,KLK3,1.0
SP1,A,KRT16,1.0
SP1,A,KRT18,1.0
SP1,A,KRT19,1.0
SP1,A,KRT5,1.0
SP1,A,LCAT,1.0
SP1,A,LDHA,1.0
SP1,A,LDLR,1.0
SP1,A,LEP,1.0
SP1,A,LHCGR,1.0
SP1,A,LRP5,1.0
SP1,A,LTC4S,1.0
SP1,A,LTF,1.0
SP1,A,MACROD1,1.0
SP1,A,MAOB,1.0
SP1,A,MAT2A,1.0
SP1,A,MAT2B,1.0
SP1,A,MCL1,1.0
SP1,A,MCTS1,1.0
SP1,A,MET,1.0
SP1,A,MIF,1.0
SP1,A,MIP,1.0
SP1,A,MME,1.0
SP1,A,MMP11,1.0
SP1,A,MMP14,1.0
SP1,A,MMP2,1.0
SP1,A,MMP28,1.0
SP1,A,MMP9,1.0
SP1,A,MNDA,1.0
SP1,A,MPG,1.0
SP1,A,MPO,1.0
SP1,A,MUC2,1.0
SP1,A,MUC4,1.0
SP1,A,MUC5AC,1.0
SP1,A,MYBL1,1.0
SP1,A,MYBL2,1.0
SP1,A,MYC,1.0
SP1,A,NFKB1,1.0
SP1,A,NFKB2,1.0
SP1,A,NKX2-1,1.0
SP1,A,NOL7,1.0
SP1,A,NOS3,1.0
SP1,A,NPY,1.0
SP1,A,NQO2,1.0
SP1,A,NR3C1,1.0
SP1,A,ODC1,1.0
SP1,A,OPRM1,1.0
SP1,A,OXTR,1.0
SP1,A,PADI1,1.0
SP1,A,PADI3,1.0
SP1,A,PAX6,1.0
SP1,A,PCK1,1.0
SP1,A,PCNA,1.0
SP1,A,PDE6A,1.0
SP1,A,PDGFB,1.0
SP1,A,PDGFC,1.0
SP1,A,PDHA1,1.0
SP1,A,PGR,1.0
SP1,A,PIM1,1.0
SP1,A,PLAT,1.0
SP1,A,PLAU,1.0
SP1,A,PLAUR,1.0
SP1,A,PNOC,1.0
SP1,A,POLB,-1.0
SP1,A,PPL,1.0
SP1,A,PRKCE,-1.0
SP1,A,PROC,1.0
SP1,A,PRSS50,1.0
SP1,A,PSEN1,1.0
SP1,A,PTGIR,1.0
SP1,A,PTGS2,1.0
SP1,A,PTH,1.0
SP1,A,PTHLH,1.0
SP1,A,PTK6,1.0
SP1,A,PTN,1.0
SP1,A,PTTG1,1.0
SP1,A,RARA,1.0
SP1,A,RB1,1.0
SP1,A,REL,1.0
SP1,A,RELA,1.0
SP1,A,RNLS,1.0
SP1,A,RORA,1.0
SP1,A,RPS3A,1.0
SP1,A,SCNN1G,1.0
SP1,A,SCT,1.0
SP1,A,SCTR,1.0
SP1,A,SERPINE1,1.0
SP1,A,SIGIRR,1.0
SP1,A,SKP2,1.0
SP1,A,SLC19A1,1.0
SP1,A,SLC19A3,1.0
SP1,A,SLC25A5,1.0
SP1,A,SLC9A2,1.0
SP1,A,SMAD4,1.0
SP1,A,SMPD1,1.0
SP1,A,SOCS1,1.0
SP1,A,SOD1,1.0
SP1,A,SOD2,-1.0
SP1,A,SP3,1.0
SP1,A,SPI1,1.0
SP1,A,SPN,1.0
SP1,A,SPP1,1.0
SP1,A,SPRY2,1.0
SP1,A,SRC,1.0
SP1,A,SREBF1,1.0
SP1,A,STAR,1.0
SP1,A,STARD3,1.0
SP1,A,STK11,1.0
SP1,A,TAF7,1.0
SP1,A,TAL1,1.0
SP1,A,TBXA2R,1.0
SP1,A,TCN2,1.0
SP1,A,TERT,1.0
SP1,A,TFPI2,1.0
SP1,A,TGFA,1.0
SP1,A,TGFB1,1.0
SP1,A,TGFBR2,1.0
SP1,A,TGM4,1.0
SP1,A,THBD,1.0
SP1,A,TIMP1,1.0
SP1,A,TIMP2,1.0
SP1,A,TINF2,1.0
SP1,A,TMPO,1.0
SP1,A,TNF,1.0
SP1,A,TNFRSF10B,1.0
SP1,A,TNFRSF8,1.0
SP1,A,TNFSF10,-1.0
SP1,A,TNFSF14,1.0
SP1,A,TNNC1,1.0
SP1,A,TP53,1.0
SP1,A,TPI1,1.0
SP1,A,TPMT,1.0
SP1,A,TYMS,1.0
SP1,A,UBC,1.0
SP1,A,UGDH,1.0
SP1,A,UGT1A4,1.0
SP1,A,UGT1A6,1.0
SP1,A,UNG,1.0
SP1,A,UTRN,1.0
SP1,A,VAMP2,1.0
SP1,A,VDR,1.0
SP1,A,VEGFA,1.0
SP1,A,VIM,1.0
SP1,A,WT1,1.0
SP1,A,XIAP,1.0
SP1,A,YY1,1.0
SP2,C,DNMT3B,1.0
SP2,C,MMP9,-1.0
SP2,C,RFX1,1.0
SP2,C,ZNF213,1.0
SP2,C,ARHGEF1,1.0
SP2,C,BCAS3,1.0
SP2,C,CHD8,1.0
SP2,C,HNRNPUL1,1.0
SP2,C,JUP,1.0
SP2,C,MIA3,1.0
SP2,C,MON1B,1.0
SP2,C,NFYC,1.0
SP2,C,NRL,1.0
SP2,C,NUP214,1.0
SP2,C,RERE,1.0
SP2,C,RFWD3,1.0
SP2,C,SAP130,1.0
SP2,C,SCAF8,1.0
SP2,C,SOD2,1.0
SP2,C,USP16,1.0
SP2,C,ZNF768,1.0
SP2,C,ZSCAN25,1.0
SP3,A,ABCA1,-1.0
SP3,A,ADGRE5,1.0
SP3,A,AGTR1,1.0
SP3,A,ALPL,1.0
SP3,A,BPI,1.0
SP3,A,BTK,1.0
SP3,A,CA9,1.0
SP3,A,CCND1,1.0
SP3,A,CD14,1.0
SP3,A,CD2AP,1.0
SP3,A,CD83,1.0
SP3,A,CDKN1A,1.0
SP3,A,CDKN2A,1.0
SP3,A,CDKN2B,1.0
SP3,A,CDKN2D,1.0
SP3,A,CHRNB4,1.0
SP3,A,CNMD,1.0
SP3,A,COL1A1,1.0
SP3,A,COL2A1,1.0
SP3,A,CTSB,1.0
SP3,A,CTSL,1.0
SP3,A,CYP17A1,1.0
SP3,A,CYP27A1,1.0
SP3,A,CYP2F1,1.0
SP3,A,CYP3A5,1.0
SP3,A,CYP3A7,1.0
SP3,A,DNASE2,1.0
SP3,A,EAPP,-1.0
SP3,A,ETF1,-1.0
SP3,A,F2,1.0
SP3,A,F2R,1.0
SP3,A,HMGA2,1.0
SP3,A,HOXB7,1.0
SP3,A,HSD17B1,1.0
SP3,A,HSD17B2,1.0
SP3,A,IGFBP1,1.0
SP3,A,IGFBP3,1.0
SP3,A,ITGA2,1.0
SP3,A,ITGAD,1.0
SP3,A,ITGAV,1.0
SP3,A,KDR,1.0
SP3,A,KLK3,1.0
SP3,A,LCAT,1.0
SP3,A,LORICRIN,-1.0
SP3,A,LTC4S,1.0
SP3,A,MAOB,1.0
SP3,A,MMP2,1.0
SP3,A,MSH6,1.0
SP3,A,MUC2,1.0
SP3,A,MYC,1.0
SP3,A,MYCN,1.0
SP3,A,NKX2-1,1.0
SP3,A,NOS3,1.0
SP3,A,NOX4,1.0
SP3,A,OPRM1,1.0
SP3,A,PADI1,1.0
SP3,A,PADI3,1.0
SP3,A,PLAT,1.0
SP3,A,PLAUR,1.0
SP3,A,RORA,1.0
SP3,A,SCGB2A1,1.0
SP3,A,SCT,1.0
SP3,A,SCTR,1.0
SP3,A,SLC19A3,1.0
SP3,A,SLC1A3,1.0
SP3,A,SLC9A2,1.0
SP3,A,SLC9A3,1.0
SP3,A,TCN2,1.0
SP3,A,TFF1,1.0
SP3,A,TGM4,1.0
SP3,A,TIMP1,1.0
SP3,A,TIMP2,1.0
SP3,A,TNF,1.0
SP3,A,TPMT,1.0
SP3,A,UBC,1.0
SP3,A,UTRN,1.0
SP3,A,VEGFA,1.0
SP4,C,CCND1,1.0
SP4,C,ERBB2,1.0
SP4,C,KDR,1.0
SP4,C,PDE6B,1.0
SP4,C,YY1,1.0
SP4,C,RNF38,1.0
SP4,C,ZNF131,1.0
SP4,C,APOE,1.0
SP4,C,ASAH1,1.0
SP4,C,ATP8B3,1.0
SP4,C,BAZ2B,1.0
SP4,C,BICRAL,1.0
SP4,C,CCDC114,1.0
SP4,C,CDC42EP4,1.0
SP4,C,CFL1,1.0
SP4,C,DDX54,1.0
SP4,C,DLC1,1.0
SP4,C,FCHO1,1.0
SP4,C,GPR137,1.0
SP4,C,GTF2A1,1.0
SP4,C,HNRNPA3,1.0
SP4,C,HYOU1,1.0
SP4,C,ILF3,1.0
SP4,C,JADE1,1.0
SP4,C,KANSL1,1.0
SP4,C,KCNC3,1.0
SP4,C,KCNIP2,1.0
SP4,C,LTBP4,1.0
SP4,C,MAD2L2,1.0
SP4,C,MAN2A1,1.0
SP4,C,MAT2B,1.0
SP4,C,MGA,1.0
SP4,C,MUS81,1.0
SP4,C,MXI1,1.0
SP4,C,MYADM,1.0
SP4,C,NECTIN2,1.0
SP4,C,NFYC,1.0
SP4,C,NMT2,1.0
SP4,C,NR1H2,1.0
SP4,C,NUDT8,1.0
SP4,C,PCM1,1.0
SP4,C,PPFIA3,1.0
SP4,C,PSIP1,1.0
SP4,C,PTPN4,1.0
SP4,C,RABEP2,1.0
SP4,C,RERE,1.0
SP4,C,RTBDN,1.0
SP4,C,SAP130,1.0
SP4,C,SEPTIN9,1.0
SP4,C,SLC12A5,1.0
SP4,C,SLC1A5,1.0
SP4,C,SNX8,1.0
SP4,C,SP3,1.0
SP4,C,SPTBN4,1.0
SP4,C,STAG2,1.0
SP4,C,SYDE2,1.0
SP4,C,THRA,1.0
SP4,C,TMEM18,1.0
SP4,C,TRPM7,1.0
SP4,C,TSPAN9,1.0
SPI1,A,ACP5,1.0
SPI1,A,APBB1IP,1.0
SPI1,A,B2M,1.0
SPI1,A,BCL6,-1.0
SPI1,A,BPI,1.0
SPI1,A,BTK,1.0
SPI1,A,CCL5,1.0
SPI1,A,CD14,1.0
SPI1,A,CD163,1.0
SPI1,A,CD22,1.0
SPI1,A,CD33,1.0
SPI1,A,CD40,1.0
SPI1,A,CD47,1.0
SPI1,A,CD53,1.0
SPI1,A,CD58,1.0
SPI1,A,CD68,-1.0
SPI1,A,CD86,1.0
SPI1,A,CDKN2A,1.0
SPI1,A,CIITA,1.0
SPI1,A,CLEC4G,1.0
SPI1,A,CREBBP,1.0
SPI1,A,CSF1,1.0
SPI1,A,CSF1R,1.0
SPI1,A,CSF2,1.0
SPI1,A,CSF2RA,1.0
SPI1,A,CSF3R,1.0
SPI1,A,CTSE,1.0
SPI1,A,CTSG,1.0
SPI1,A,CTSK,1.0
SPI1,A,CTSS,1.0
SPI1,A,CXCR1,1.0
SPI1,A,CXCR2,1.0
SPI1,A,CYBB,1.0
SPI1,A,DAB2,1.0
SPI1,A,DAPK2,1.0
SPI1,A,EGR2,1.0
SPI1,A,ELANE,1.0
SPI1,A,ERAP2,1.0
SPI1,A,ERG,1.0
SPI1,A,FCER1A,1.0
SPI1,A,FCGR1A,1.0
SPI1,A,FES,1.0
SPI1,A,FLI1,1.0
SPI1,A,FLII,1.0
SPI1,A,FOS,1.0
SPI1,A,FPR1,-1.0
SPI1,A,GATA1,1.0
SPI1,A,HCK,1.0
SPI1,A,ICAM1,1.0
SPI1,A,IFIT3,1.0
SPI1,A,IL12B,1.0
SPI1,A,IL1B,1.0
SPI1,A,IL5,1.0
SPI1,A,IL5RA,1.0
SPI1,A,ITGA2B,1.0
SPI1,A,ITGAM,1.0
SPI1,A,ITGAX,-1.0
SPI1,A,ITGB1,1.0
SPI1,A,ITGB2,1.0
SPI1,A,JCHAIN,1.0
SPI1,A,KCNMA1,1.0
SPI1,A,LCP2,1.0
SPI1,A,LSP1,1.0
SPI1,A,LY96,1.0
SPI1,A,MACROD1,-1.0
SPI1,A,MCM3AP,1.0
SPI1,A,MME,1.0
SPI1,A,MMP2,1.0
SPI1,A,MNDA,1.0
SPI1,A,MPO,1.0
SPI1,A,MSR1,1.0
SPI1,A,MYB,1.0
SPI1,A,NCF1,1.0
SPI1,A,NCF2,1.0
SPI1,A,NCF4,1.0
SPI1,A,NR3C1,1.0
SPI1,A,P2RY10,1.0
SPI1,A,PARG,-1.0
SPI1,A,PDGFRB,1.0
SPI1,A,PPBP,1.0
SPI1,A,PRTN3,1.0
SPI1,A,PTGIR,1.0
SPI1,A,PTPRC,1.0
SPI1,A,PTPRE,1.0
SPI1,A,REL,1.0
SPI1,A,RNASE2,1.0
SPI1,A,RUNX1,1.0
SPI1,A,SCARB1,1.0
SPI1,A,SCARB2,1.0
SPI1,A,SERPINB1,1.0
SPI1,A,STAT3,1.0
SPI1,A,TAL1,1.0
SPI1,A,TBXAS1,1.0
SPI1,A,TFEC,1.0
SPI1,A,TGFBR2,1.0
SPI1,A,TLR4,1.0
SPI1,A,TNF,1.0
SPI1,A,TYROBP,1.0
SPI1,A,VAV1,1.0
SPI1,A,VIP,1.0
SPI1,A,WAS,1.0
SPI1,A,ZNF300,1.0
SPIB,C,CD40,1.0
SPIB,C,IRF7,-1.0
SPIB,C,PRDM1,1.0
SPIB,C,XBP1,1.0
SPIB,C,KLHL6,1.0
SPIB,C,ARHGAP24,1.0
SPIB,C,BANK1,1.0
SPIB,C,BBS9,1.0
SPIB,C,BCL11A,1.0
SPIB,C,BHLHE40,1.0
SPIB,C,CAMK4,1.0
SPIB,C,CCDC88C,1.0
SPIB,C,CD86,1.0
SPIB,C,CDYL,1.0
SPIB,C,CHL1,1.0
SPIB,C,CIITA,1.0
SPIB,C,CNTN4,1.0
SPIB,C,DLGAP1,1.0
SPIB,C,DOCK10,1.0
SPIB,C,DTNB,1.0
SPIB,C,ECE1,1.0
SPIB,C,ELMO1,1.0
SPIB,C,GMDS,1.0
SPIB,C,GRAMD2B,1.0
SPIB,C,GRM7,1.0
SPIB,C,GSDME,1.0
SPIB,C,IKZF1,1.0
SPIB,C,IL16,1.0
SPIB,C,IL21R,1.0
SPIB,C,IRAG2,1.0
SPIB,C,ITGAX,1.0
SPIB,C,ITPR1,1.0
SPIB,C,KDM4C,1.0
SPIB,C,NDRG1,1.0
SPIB,C,NUP210,1.0
SPIB,C,PARP15,1.0
SPIB,C,PAX5,1.0
SPIB,C,PDCD1LG2,1.0
SPIB,C,PIK3AP1,1.0
SPIB,C,PPFIBP2,1.0
SPIB,C,RAPGEF1,1.0
SPIB,C,RASSF2,1.0
SPIB,C,RASSF5,1.0
SPIB,C,RFX3,1.0
SPIB,C,RUBCNL,1.0
SPIB,C,SLC12A3,1.0
SPIB,C,SP110,1.0
SPIB,C,SP140,1.0
SPIB,C,ST14,1.0
SPIB,C,SYNE2,1.0
SPIB,C,TBC1D4,1.0
SPIB,C,TENM4,1.0
SPIB,C,TNFAIP8,1.0
SPIB,C,TRABD2A,1.0
SPIB,C,UCP2,1.0
SPIB,C,VOPP1,1.0
SPIB,C,WNK1,1.0
SPIB,C,WNT5B,1.0
SPIB,C,WSCD2,1.0
SPIB,C,ZC3H12D,1.0
SPIB,C,ZNF608,1.0
SREBF1,A,ACACA,1.0
SREBF1,A,ACACB,1.0
SREBF1,A,ACLY,1.0
SREBF1,A,CETP,1.0
SREBF1,A,FASN,1.0
SREBF1,A,FDFT1,1.0
SREBF1,A,FDPS,1.0
SREBF1,A,HK2,1.0
SREBF1,A,HMGCR,1.0
SREBF1,A,HMGCS1,1.0
SREBF1,A,HMOX1,1.0
SREBF1,A,INSIG1,1.0
SREBF1,A,IRS2,-1.0
SREBF1,A,LDLR,1.0
SREBF1,A,LRP1,-1.0
SREBF1,A,NPC1,1.0
SREBF1,A,NR0B2,1.0
SREBF1,A,PCYT2,1.0
SREBF1,A,PIK3R3,1.0
SREBF1,A,SCD,1.0
SREBF1,A,SCD5,1.0
SREBF1,A,SLC2A4,1.0
SREBF1,A,SQLE,1.0
SREBF2,A,ABCA1,-1.0
SREBF2,A,ACLY,1.0
SREBF2,A,ACOT7,1.0
SREBF2,A,EBP,1.0
SREBF2,A,FDFT1,1.0
SREBF2,A,HMGCR,1.0
SREBF2,A,INSIG1,1.0
SREBF2,A,LDLR,1.0
SREBF2,A,LRP1,-1.0
SREBF2,A,MTTP,-1.0
SREBF2,A,NPC1L1,1.0
SREBF2,A,PCSK9,1.0
SREBF2,A,PCYT2,1.0
SREBF2,A,PON1,1.0
SREBF2,A,SQLE,1.0
SREBF2,A,STARD4,1.0
SRF,A,ACTA1,1.0
SRF,A,ACTB,1.0
SRF,A,ACTC1,1.0
SRF,A,DMD,1.0
SRF,A,EGR1,1.0
SRF,A,FOS,1.0
SRF,A,FOSL1,1.0
SRF,A,MMP2,1.0
SRF,A,SAMD4A,1.0
SRF,A,TAGLN,1.0
STAT1,A,A2M,1.0
STAT1,A,ADAR,1.0
STAT1,A,AGFG2,-1.0
STAT1,A,AIM2,1.0
STAT1,A,AOX1,1.0
STAT1,A,APOE,1.0
STAT1,A,APOL4,1.0
STAT1,A,APP,1.0
STAT1,A,ATG4C,1.0
STAT1,A,B3GAT3,1.0
STAT1,A,BAX,1.0
STAT1,A,BCL2,1.0
STAT1,A,BCL6,1.0
STAT1,A,BRD8,1.0
STAT1,A,BST2,1.0
STAT1,A,CASP4,1.0
STAT1,A,CCL2,1.0
STAT1,A,CCL3,1.0
STAT1,A,CCND1,1.0
STAT1,A,CCND2,1.0
STAT1,A,CCND3,1.0
STAT1,A,CCR1,1.0
STAT1,A,CCR5,1.0
STAT1,A,CD274,1.0
STAT1,A,CD40,1.0
STAT1,A,CD86,1.0
STAT1,A,CDC7,-1.0
STAT1,A,CDKN1A,1.0
STAT1,A,CEBPE,1.0
STAT1,A,CFTR,1.0
STAT1,A,CIITA,1.0
STAT1,A,CISH,1.0
STAT1,A,CLC,1.0
STAT1,A,CLIC2,1.0
STAT1,A,COL1A1,1.0
STAT1,A,COL1A2,1.0
STAT1,A,CREM,1.0
STAT1,A,CSF1,1.0
STAT1,A,CTSB,1.0
STAT1,A,CTSL,1.0
STAT1,A,CX3CL1,1.0
STAT1,A,CXCL10,1.0
STAT1,A,CXCL8,-1.0
STAT1,A,CXCL9,1.0
STAT1,A,CYP19A1,1.0
STAT1,A,DCLRE1C,1.0
STAT1,A,DDX50,1.0
STAT1,A,DIMT1,1.0
STAT1,A,DUOX2,1.0
STAT1,A,EARS2,1.0
STAT1,A,EDEM2,1.0
STAT1,A,EDN1,1.0
STAT1,A,EGFR,1.0
STAT1,A,EGLN3,1.0
STAT1,A,EIF2AK1,1.0
STAT1,A,EIF2AK2,1.0
STAT1,A,EIF2AK3,1.0
STAT1,A,ELF5,1.0
STAT1,A,ELP3,1.0
STAT1,A,ESR1,1.0
STAT1,A,ESR2,1.0
STAT1,A,ETV7,1.0
STAT1,A,FAS,1.0
STAT1,A,FBXO5,1.0
STAT1,A,FCGR1A,1.0
STAT1,A,FCGR3A,1.0
STAT1,A,FCGRT,-1.0
STAT1,A,FGF2,1.0
STAT1,A,FGFR3,-1.0
STAT1,A,FOS,1.0
STAT1,A,FOXP3,1.0
STAT1,A,GATA3,1.0
STAT1,A,GBP1,1.0
STAT1,A,GCK,1.0
STAT1,A,GLS,1.0
STAT1,A,GREB1,1.0
STAT1,A,GSTK1,1.0
STAT1,A,HCFC1,-1.0
STAT1,A,HDAC7,1.0
STAT1,A,HLA-DMA,1.0
STAT1,A,HLA-DMB,1.0
STAT1,A,HLA-DQA2,1.0
STAT1,A,HLA-DRB1,1.0
STAT1,A,HLA-E,1.0
STAT1,A,HMOX1,1.0
STAT1,A,HSP90AA1,-1.0
STAT1,A,HSPB1,1.0
STAT1,A,ICAM1,1.0
STAT1,A,IDO1,1.0
STAT1,A,IFI35,1.0
STAT1,A,IFI6,1.0
STAT1,A,IFIT1,1.0
STAT1,A,IFIT3,1.0
STAT1,A,IFITM1,1.0
STAT1,A,IFITM3,1.0
STAT1,A,IFNA1,-1.0
STAT1,A,IFNB1,-1.0
STAT1,A,IFNG,-1.0
STAT1,A,IFNLR1,1.0
STAT1,A,IGF1,1.0
STAT1,A,IGFBP3,1.0
STAT1,A,IGFLR1,1.0
STAT1,A,IL10,1.0
STAT1,A,IL12A,1.0
STAT1,A,IL12B,1.0
STAT1,A,IL12RB1,1.0
STAT1,A,IL12RB2,1.0
STAT1,A,IL17D,1.0
STAT1,A,IL18BP,1.0
STAT1,A,IL1B,1.0
STAT1,A,IL1R1,1.0
STAT1,A,IL2RA,1.0
STAT1,A,IL6,-1.0
STAT1,A,IL6ST,1.0
STAT1,A,INO80,1.0
STAT1,A,IRF1,1.0
STAT1,A,IRF2,1.0
STAT1,A,IRF7,1.0
STAT1,A,IRF8,1.0
STAT1,A,IRF9,1.0
STAT1,A,ISG15,1.0
STAT1,A,ISG20,1.0
STAT1,A,JAK2,1.0
STAT1,A,JUN,1.0
STAT1,A,JUNB,1.0
STAT1,A,KIF2A,1.0
STAT1,A,KRT17,1.0
STAT1,A,LAP3,1.0
STAT1,A,LY96,1.0
STAT1,A,MAN1A1,1.0
STAT1,A,MAT2A,1.0
STAT1,A,MCL1,1.0
STAT1,A,MED16,1.0
STAT1,A,MET,1.0
STAT1,A,MMP13,-1.0
STAT1,A,MMP9,-1.0
STAT1,A,MTMR9,1.0
STAT1,A,MUC1,1.0
STAT1,A,MUC4,1.0
STAT1,A,MVP,1.0
STAT1,A,MX1,1.0
STAT1,A,MYC,1.0
STAT1,A,MYD88,1.0
STAT1,A,NAA35,-1.0
STAT1,A,NMI,1.0
STAT1,A,NOS2,1.0
STAT1,A,NOX5,1.0
STAT1,A,NR1H4,-1.0
STAT1,A,OAS1,1.0
STAT1,A,OAS2,1.0
STAT1,A,OAS3,1.0
STAT1,A,OASL,1.0
STAT1,A,OPRM1,1.0
STAT1,A,PARP14,1.0
STAT1,A,PIM1,1.0
STAT1,A,PLAU,1.0
STAT1,A,PLSCR1,1.0
STAT1,A,PML,1.0
STAT1,A,PPARA,1.0
STAT1,A,PPIP5K2,1.0
STAT1,A,PRF1,1.0
STAT1,A,PRKCE,-1.0
STAT1,A,PROS1,1.0
STAT1,A,PSMB9,1.0
STAT1,A,PTGFR,1.0
STAT1,A,PTGS2,1.0
STAT1,A,PTTG1IP,1.0
STAT1,A,PWP2,1.0
STAT1,A,RBAK,1.0
STAT1,A,REV3L,1.0
STAT1,A,RIPK1,1.0
STAT1,A,RNF213,1.0
STAT1,A,RPS24,-1.0
STAT1,A,S100A10,1.0
STAT1,A,SBNO2,1.0
STAT1,A,SCARB1,1.0
STAT1,A,SEMA4B,1.0
STAT1,A,SLC2A2,1.0
STAT1,A,SMARCA4,1.0
STAT1,A,SNRNP27,1.0
STAT1,A,SOCS1,1.0
STAT1,A,SOCS2,1.0
STAT1,A,SOCS3,1.0
STAT1,A,SOCS4,1.0
STAT1,A,SOCS5,1.0
STAT1,A,SOCS6,1.0
STAT1,A,SOCS7,1.0
STAT1,A,STAT2,1.0
STAT1,A,STAT3,1.0
STAT1,A,TAP1,1.0
STAT1,A,TBX21,1.0
STAT1,A,TFF1,1.0
STAT1,A,TH,1.0
STAT1,A,TIMP1,1.0
STAT1,A,TLR3,1.0
STAT1,A,TNFRSF8,1.0
STAT1,A,TNFSF11,1.0
STAT1,A,TNFSF13B,1.0
STAT1,A,TP53,1.0
STAT1,A,TRIM25,1.0
STAT1,A,UBR1,1.0
STAT1,A,UPP1,1.0
STAT1,A,VEGFA,1.0
STAT1,A,VEGFC,1.0
STAT1,A,VEGFD,1.0
STAT1,A,VIP,1.0
STAT1,A,VPS33B,1.0
STAT1,A,WARS1,1.0
STAT1,A,ZC3HAV1,1.0
STAT1,A,ZFP1,1.0
STAT1,A,ZFP30,1.0
STAT1,A,ZNF107,1.0
STAT1,A,ZNF112,1.0
STAT1,A,ZNF114,1.0
STAT1,A,ZNF12,1.0
STAT1,A,ZNF124,1.0
STAT1,A,ZNF140,1.0
STAT1,A,ZNF155,1.0
STAT1,A,ZNF157,1.0
STAT1,A,ZNF169,1.0
STAT1,A,ZNF175,1.0
STAT1,A,ZNF181,1.0
STAT1,A,ZNF184,1.0
STAT1,A,ZNF19,1.0
STAT1,A,ZNF200,1.0
STAT1,A,ZNF205,1.0
STAT1,A,ZNF222,1.0
STAT1,A,ZNF226,1.0
STAT1,A,ZNF227,1.0
STAT1,A,ZNF23,1.0
STAT1,A,ZNF230,1.0
STAT1,A,ZNF235,1.0
STAT1,A,ZNF25,1.0
STAT1,A,ZNF251,1.0
STAT1,A,ZNF254,1.0
STAT1,A,ZNF267,1.0
STAT1,A,ZNF268,1.0
STAT1,A,ZNF273,1.0
STAT1,A,ZNF282,1.0
STAT1,A,ZNF302,1.0
STAT1,A,ZNF311,1.0
STAT1,A,ZNF331,1.0
STAT1,A,ZNF333,1.0
STAT1,A,ZNF337,1.0
STAT1,A,ZNF33B,1.0
STAT1,A,ZNF343,1.0
STAT1,A,ZNF354A,1.0
STAT1,A,ZNF367,-1.0
STAT1,A,ZNF398,1.0
STAT1,A,ZNF41,1.0
STAT1,A,ZNF417,1.0
STAT1,A,ZNF418,1.0
STAT1,A,ZNF419,1.0
STAT1,A,ZNF425,1.0
STAT1,A,ZNF460,1.0
STAT1,A,ZNF490,1.0
STAT1,A,ZNF510,1.0
STAT1,A,ZNF519,1.0
STAT1,A,ZNF529,1.0
STAT1,A,ZNF546,1.0
STAT1,A,ZNF550,1.0
STAT1,A,ZNF567,1.0
STAT1,A,ZNF585A,1.0
STAT1,A,ZNF589,1.0
STAT1,A,ZNF596,1.0
STAT1,A,ZNF599,1.0
STAT1,A,ZNF613,1.0
STAT1,A,ZNF619,1.0
STAT1,A,ZNF630,1.0
STAT1,A,ZNF655,1.0
STAT1,A,ZNF669,1.0
STAT1,A,ZNF670,1.0
STAT1,A,ZNF680,1.0
STAT1,A,ZNF689,1.0
STAT1,A,ZNF713,1.0
STAT1,A,ZNF721,1.0
STAT1,A,ZNF746,1.0
STAT1,A,ZNF764,1.0
STAT1,A,ZNF777,1.0
STAT1,A,ZNF778,1.0
STAT1,A,ZNF782,1.0
STAT1,A,ZNF786,1.0
STAT1,A,ZNF79,1.0
STAT1,A,ZNF8,1.0
STAT1,A,ZNF81,1.0
STAT1,A,ZNF84,1.0
STAT1,A,ZNF860,1.0
STAT1,A,ZNF875,1.0
STAT1,A,ZNF878,1.0
STAT1,A,ZNF879,1.0
STAT2,B,BST2,1.0
STAT2,B,CFB,1.0
STAT2,B,IFIT3,1.0
STAT2,B,IRF1,1.0
STAT2,B,IRF7,1.0
STAT2,B,MX1,1.0
STAT2,B,OAS1,1.0
STAT2,B,OAS2,1.0
STAT2,B,PML,1.0
STAT2,B,ADAR,1.0
STAT2,B,ATP13A1,1.0
STAT2,B,CMTR1,1.0
STAT2,B,DDX60L,1.0
STAT2,B,DHX58,1.0
STAT2,B,DTX3L,1.0
STAT2,B,EIF2AK2,1.0
STAT2,B,EPSTI1,1.0
STAT2,B,FAM111A,1.0
STAT2,B,IFI35,1.0
STAT2,B,ISG15,1.0
STAT2,B,MOV10,1.0
STAT2,B,MYD88,1.0
STAT2,B,OAS3,1.0
STAT2,B,OASL,1.0
STAT2,B,PARP10,1.0
STAT2,B,PARP14,1.0
STAT2,B,PARP9,1.0
STAT2,B,PIM1,1.0
STAT2,B,PSMB8,1.0
STAT2,B,SAMD9,1.0
STAT2,B,SOCS1,1.0
STAT2,B,SP110,1.0
STAT2,B,SP140L,1.0
STAT2,B,STAT1,1.0
STAT2,B,TAP2,1.0
STAT2,B,TRIM21,1.0
STAT2,B,TRIM56,1.0
STAT2,B,USF1,1.0
STAT2,B,XAF1,1.0
STAT3,A,A2M,1.0
STAT3,A,BCL2,1.0
STAT3,A,BCL2L1,1.0
STAT3,A,BCL6,1.0
STAT3,A,BIRC3,1.0
STAT3,A,BIRC5,1.0
STAT3,A,CCL2,1.0
STAT3,A,CCND1,1.0
STAT3,A,CCND2,1.0
STAT3,A,CCND3,1.0
STAT3,A,CD274,1.0
STAT3,A,CDK4,1.0
STAT3,A,CDKN1A,1.0
STAT3,A,CFB,1.0
STAT3,A,CHI3L1,1.0
STAT3,A,CISH,1.0
STAT3,A,COPS5,1.0
STAT3,A,CRP,1.0
STAT3,A,CSRP1,1.0
STAT3,A,CYP19A1,1.0
STAT3,A,EGFR,1.0
STAT3,A,ESR1,1.0
STAT3,A,ESR2,1.0
STAT3,A,ETV6,1.0
STAT3,A,FAS,-1.0
STAT3,A,FOS,1.0
STAT3,A,GFAP,1.0
STAT3,A,HAMP,1.0
STAT3,A,HIF1A,1.0
STAT3,A,HMOX1,1.0
STAT3,A,HSPB1,1.0
STAT3,A,IFNAR1,1.0
STAT3,A,IGF1,1.0
STAT3,A,IL10,1.0
STAT3,A,IL21,1.0
STAT3,A,IL2RA,1.0
STAT3,A,IL6,1.0
STAT3,A,IL6ST,1.0
STAT3,A,IRF1,1.0
STAT3,A,JUNB,1.0
STAT3,A,KLF11,1.0
STAT3,A,LBP,1.0
STAT3,A,LTBP1,-1.0
STAT3,A,MCL1,1.0
STAT3,A,MMP3,1.0
STAT3,A,MUC1,1.0
STAT3,A,MUC4,1.0
STAT3,A,MYC,1.0
STAT3,A,MYD88,1.0
STAT3,A,NNMT,1.0
STAT3,A,NOX5,1.0
STAT3,A,OSM,1.0
STAT3,A,PGF,-1.0
STAT3,A,PIM1,1.0
STAT3,A,PRF1,1.0
STAT3,A,PTGS2,1.0
STAT3,A,PTPN13,1.0
STAT3,A,REG1A,1.0
STAT3,A,RNLS,1.0
STAT3,A,ROR1,1.0
STAT3,A,RORA,1.0
STAT3,A,S100A11,1.0
STAT3,A,SAA1,1.0
STAT3,A,SOCS1,1.0
STAT3,A,SOCS3,1.0
STAT3,A,STAT1,1.0
STAT3,A,TIMP1,1.0
STAT3,A,TP53,1.0
STAT3,A,TRH,1.0
STAT3,A,TWIST1,1.0
STAT3,A,USP7,-1.0
STAT3,A,VEGFA,1.0
STAT3,A,VEGFB,1.0
STAT3,A,VIP,1.0
STAT3,A,ZFP36,1.0
STAT4,B,IFNG,1.0
STAT4,B,IL2RA,1.0
STAT4,B,IRF1,1.0
STAT4,B,MYC,1.0
STAT4,B,PIM1,1.0
STAT4,B,PRF1,1.0
STAT4,B,S100A4,1.0
STAT4,B,SOCS3,-1.0
STAT4,B,TBX21,1.0
STAT4,B,CCND2,1.0
STAT5A,A,BCL2,1.0
STAT5A,A,BCL2L1,1.0
STAT5A,A,BCL6,1.0
STAT5A,A,CCND1,1.0
STAT5A,A,CCND2,-1.0
STAT5A,A,CCND3,1.0
STAT5A,A,CEL,1.0
STAT5A,A,CSN2,1.0
STAT5A,A,ESR1,1.0
STAT5A,A,ESR2,1.0
STAT5A,A,IFNG,1.0
STAT5A,A,IGF1,1.0
STAT5A,A,IL2RA,1.0
STAT5A,A,IL6ST,1.0
STAT5A,A,IRF1,1.0
STAT5A,A,LONP1,1.0
STAT5A,A,MUC1,1.0
STAT5A,A,MYD88,1.0
STAT5A,A,OSM,1.0
STAT5A,A,PIM1,1.0
STAT5A,A,PRF1,1.0
STAT5B,A,BCL2L1,1.0
STAT5B,A,BCL6,1.0
STAT5B,A,CCND1,1.0
STAT5B,A,CCND3,1.0
STAT5B,A,CEL,1.0
STAT5B,A,ESR1,1.0
STAT5B,A,ESR2,1.0
STAT5B,A,FCGR1A,1.0
STAT5B,A,IFNG,1.0
STAT5B,A,IGF1,1.0
STAT5B,A,IL2RA,1.0
STAT5B,A,IL6ST,1.0
STAT5B,A,MUC1,1.0
STAT5B,A,OSM,1.0
STAT5B,A,PIM1,1.0
STAT5B,A,PRF1,1.0
STAT6,A,ALOX15,1.0
STAT6,A,BCL2L1,1.0
STAT6,A,CCL17,1.0
STAT6,A,CISH,1.0
STAT6,A,FOS,1.0
STAT6,A,IL4,1.0
STAT6,A,IRF1,1.0
STAT6,A,RHOA,1.0
STAT6,A,SLC26A4,1.0
STAT6,A,SOCS1,1.0
TAL1,A,ALDH1A2,1.0
TAL1,A,BRF1,1.0
TAL1,A,C3AR1,1.0
TAL1,A,CD34,-1.0
TAL1,A,CDH13,1.0
TAL1,A,CDH23,1.0
TAL1,A,CHST11,1.0
TAL1,A,DOCK9,1.0
TAL1,A,ELMO1,1.0
TAL1,A,ERG,1.0
TAL1,A,MYB,1.0
TAL1,A,NBAS,1.0
TAL1,A,NFKB1,-1.0
TAL1,A,PLEKHO1,1.0
TAL1,A,PPP3CA,1.0
TAL1,A,SSH2,1.0
TAL1,A,UBE2H,1.0
TAL1,A,USP34,1.0
TBP,C,APP,1.0
TBP,C,CDKN1A,1.0
TBP,C,FN1,1.0
TBP,C,FUS,-1.0
TBP,C,LIN28B,1.0
TBP,C,MYC,1.0
TBP,C,PMF1,1.0
TBP,C,ACTB,1.0
TBP,C,ABT1,1.0
TBP,C,ANXA2,1.0
TBP,C,BSG,1.0
TBP,C,CFLAR,1.0
TBP,C,CYRIB,1.0
TBP,C,DES,1.0
TBP,C,DIO2,1.0
TBP,C,DNAJB12,1.0
TBP,C,FBXL5,1.0
TBP,C,HBP1,1.0
TBP,C,HIVEP1,1.0
TBP,C,IER5,1.0
TBP,C,IL10,1.0
TBP,C,IL13,1.0
TBP,C,ITPR1,1.0
TBP,C,KDM2A,1.0
TBP,C,KIAA1522,1.0
TBP,C,KLF6,1.0
TBP,C,LIMA1,1.0
TBP,C,LUC7L2,1.0
TBP,C,MB,1.0
TBP,C,NCOR2,1.0
TBP,C,PICALM,1.0
TBP,C,PNKP,1.0
TBP,C,PRPF31,1.0
TBP,C,PRRC2B,1.0
TBP,C,RABGAP1L,1.0
TBP,C,RUNX1,1.0
TBP,C,SAMD4A,1.0
TBP,C,SEC22C,1.0
TBP,C,SERPINE1,1.0
TBP,C,SMTN,1.0
TBP,C,ST6GAL1,1.0
TBP,C,TGIF1,1.0
TBP,C,THUMPD3,1.0
TBP,C,USP3,1.0
TBP,C,USP45,1.0
TBP,C,ZMYND8,1.0
TBX21,C,CXCR3,1.0
TBX21,C,GATA3,1.0
TBX21,C,IFNG,1.0
TBX21,C,IL4,-1.0
TBX21,C,AKNA,1.0
TBX21,C,IL12RB2,1.0
TBX21,C,IL21R,1.0
TBX21,C,SEMA4D,1.0
TBX21,C,SLAMF7,1.0
TBX21,C,ADD3,1.0
TBX21,C,ANK3,1.0
TBX21,C,ARHGAP25,1.0
TBX21,C,AUTS2,1.0
TBX21,C,CCDC88C,1.0
TBX21,C,CD226,1.0
TBX21,C,CHN2,1.0
TBX21,C,CIITA,1.0
TBX21,C,CLMN,1.0
TBX21,C,CRTAM,1.0
TBX21,C,CXCR4,1.0
TBX21,C,CYTH1,1.0
TBX21,C,CYTIP,1.0
TBX21,C,DENND3,1.0
TBX21,C,DOCK10,1.0
TBX21,C,DOCK2,1.0
TBX21,C,EBF1,1.0
TBX21,C,EGR2,1.0
TBX21,C,ERN1,1.0
TBX21,C,EVL,1.0
TBX21,C,FYN,1.0
TBX21,C,GALNT10,1.0
TBX21,C,GAS7,1.0
TBX21,C,GFI1,1.0
TBX21,C,GRAMD1B,1.0
TBX21,C,GRAP2,1.0
TBX21,C,HIVEP1,1.0
TBX21,C,IKZF1,1.0
TBX21,C,IKZF3,1.0
TBX21,C,IL10RA,1.0
TBX21,C,IL1R1,1.0
TBX21,C,INPP5D,1.0
TBX21,C,IRF4,1.0
TBX21,C,ITK,1.0
TBX21,C,KDM2B,1.0
TBX21,C,KIAA2026,1.0
TBX21,C,KLHL6,1.0
TBX21,C,KSR1,1.0
TBX21,C,LRIG1,1.0
TBX21,C,MTSS1,1.0
TBX21,C,NLRC5,1.0
TBX21,C,PAH,1.0
TBX21,C,PARP15,1.0
TBX21,C,PDE4D,1.0
TBX21,C,PLAC8,1.0
TBX21,C,PLEC,1.0
TBX21,C,PRKCQ,1.0
TBX21,C,PRLR,1.0
TBX21,C,PSTPIP1,1.0
TBX21,C,RAB27A,1.0
TBX21,C,RAC2,1.0
TBX21,C,RASGRP1,1.0
TBX21,C,RASSF5,1.0
TBX21,C,RGS3,1.0
TBX21,C,RHOH,1.0
TBX21,C,RREB1,1.0
TBX21,C,SEPTIN9,1.0
TBX21,C,SH3BP5,1.0
TBX21,C,SMYD3,1.0
TBX21,C,STK17B,1.0
TBX21,C,SYNE2,1.0
TBX21,C,TBC1D14,1.0
TBX21,C,TCF7,1.0
TBX21,C,TIAM1,1.0
TBX21,C,TMC6,1.0
TBX21,C,TMEM131,1.0
TBX21,C,TNFRSF8,1.0
TBX21,C,TOX2,1.0
TCF12,C,ERC1,1.0
TCF12,C,PPP3CA,1.0
TCF12,C,WWTR1,1.0
TCF12,C,ABLIM1,1.0
TCF12,C,ABR,1.0
TCF12,C,ADGRL2,1.0
TCF12,C,ANTXR2,1.0
TCF12,C,ARHGAP23,1.0
TCF12,C,ARHGEF3,1.0
TCF12,C,ARID1B,1.0
TCF12,C,BNC2,1.0
TCF12,C,CAST,1.0
TCF12,C,CCDC12,1.0
TCF12,C,CEMIP2,1.0
TCF12,C,CHD9,1.0
TCF12,C,CLIP2,1.0
TCF12,C,CNIH3,1.0
TCF12,C,CRIM1,1.0
TCF12,C,CTNNA1,1.0
TCF12,C,CUEDC1,1.0
TCF12,C,DAAM1,1.0
TCF12,C,DIP2C,1.0
TCF12,C,DPYSL2,1.0
TCF12,C,FNDC3B,1.0
TCF12,C,FOXP1,1.0
TCF12,C,FTO,1.0
TCF12,C,GAS7,1.0
TCF12,C,HIVEP3,1.0
TCF12,C,IQGAP2,1.0
TCF12,C,ITPR2,1.0
TCF12,C,JARID2,1.0
TCF12,C,JAZF1,1.0
TCF12,C,KDM2B,1.0
TCF12,C,KLF13,1.0
TCF12,C,LIMCH1,1.0
TCF12,C,LIMS1,1.0
TCF12,C,LPP,1.0
TCF12,C,LRCH1,1.0
TCF12,C,LTBP1,1.0
TCF12,C,MACF1,1.0
TCF12,C,MBNL1,1.0
TCF12,C,MED15,1.0
TCF12,C,NFIB,1.0
TCF12,C,NRP2,1.0
TCF12,C,PALLD,1.0
TCF12,C,PARD3B,1.0
TCF12,C,PC,1.0
TCF12,C,PDE4D,1.0
TCF12,C,PLCB1,1.0
TCF12,C,PLXNA2,1.0
TCF12,C,PRICKLE2,1.0
TCF12,C,PRKCE,1.0
TCF12,C,PRRC2B,1.0
TCF12,C,PTK2,1.0
TCF12,C,PTPRK,1.0
TCF12,C,RAPGEF4,1.0
TCF12,C,RBMS3,1.0
TCF12,C,RBPJ,1.0
TCF12,C,SBNO2,1.0
TCF12,C,SERTAD2,1.0
TCF12,C,SH3RF1,1.0
TCF12,C,SLC37A1,1.0
TCF12,C,SPATS2L,1.0
TCF12,C,SVIL,1.0
TCF12,C,TBC1D1,1.0
TCF12,C,TCF4,1.0
TCF12,C,TEAD1,1.0
TCF12,C,THADA,1.0
TCF12,C,TIAM2,1.0
TCF12,C,TNRC6B,1.0
TCF12,C,VGLL4,1.0
TCF12,C,WIPF1,1.0
TCF12,C,WWC1,1.0
TCF12,C,ZBTB38,1.0
TCF12,C,ZDHHC14,1.0
TCF12,C,ZFHX3,1.0
TCF12,C,ZNF608,1.0
TCF3,B,BBC3,-1.0
TCF3,B,CDK6,-1.0
TCF3,B,CR2,1.0
TCF3,B,ANP32A,1.0
TCF3,B,AXIN1,1.0
TCF3,B,CIITA,1.0
TCF3,B,KDM2B,1.0
TCF3,B,MAD1L1,1.0
TCF3,B,MED15,1.0
TCF3,B,NUP210,1.0
TCF3,B,PIEZO1,1.0
TCF3,B,PSTPIP1,1.0
TCF3,B,RALGDS,1.0
TCF3,B,SLC37A1,1.0
TCF3,B,VAV2,1.0
TCF4,C,ABCB1,1.0
TCF4,C,CCND1,1.0
TCF4,C,NRXN1,1.0
TCF4,C,VIM,1.0
TCF4,C,CD44,1.0
TCF4,C,HDAC7,1.0
TCF4,C,NOL4L,1.0
TCF4,C,SPTBN1,1.0
TCF4,C,ADD3,1.0
TCF4,C,AREG,1.0
TCF4,C,ARID5B,1.0
TCF4,C,ASAP2,1.0
TCF4,C,ATP8B1,1.0
TCF4,C,CD9,1.0
TCF4,C,CDK6,1.0
TCF4,C,CEP112,1.0
TCF4,C,CHN2,1.0
TCF4,C,DAAM1,1.0
TCF4,C,EHBP1,1.0
TCF4,C,EPB41L1,1.0
TCF4,C,EPB41L2,1.0
TCF4,C,EPHA6,1.0
TCF4,C,ERI3,1.0
TCF4,C,FGD5,1.0
TCF4,C,FOXP1,1.0
TCF4,C,FRMD3,1.0
TCF4,C,GLS,1.0
TCF4,C,GOLIM4,1.0
TCF4,C,IL33,1.0
TCF4,C,KIAA1522,1.0
TCF4,C,LIMA1,1.0
TCF4,C,LIMCH1,1.0
TCF4,C,LNX1,1.0
TCF4,C,MAML2,1.0
TCF4,C,MEF2C,1.0
TCF4,C,NAALADL2,1.0
TCF4,C,NR3C2,1.0
TCF4,C,OXR1,1.0
TCF4,C,PCDH1,1.0
TCF4,C,PHACTR2,1.0
TCF4,C,PLCB1,1.0
TCF4,C,PLEKHG1,1.0
TCF4,C,PPARG,1.0
TCF4,C,PRKCH,1.0
TCF4,C,PRR5L,1.0
TCF4,C,SLC25A28,1.0
TCF4,C,SPRED2,1.0
TCF4,C,ST14,1.0
TCF4,C,SULT1C4,1.0
TCF4,C,TBL1XR1,1.0
TCF4,C,TEAD1,1.0
TCF4,C,TGIF1,1.0
TCF4,C,TMEM131,1.0
TCF4,C,TRIO,1.0
TCF4,C,TRPC6,1.0
TCF4,C,TRPS1,1.0
TCF4,C,USP3,1.0
TCF4,C,UTRN,1.0
TCF4,C,WNT4,1.0
TCF4,C,YAP1,1.0
TCF4,C,ZBTB7B,1.0
TCF4,C,ZNF608,1.0
TCF7,C,AXIN2,1.0
TCF7,C,BCL2,1.0
TCF7,C,BIRC5,1.0
TCF7,C,LEF1,1.0
TCF7,C,SNAI2,1.0
TCF7,C,CCND2,1.0
TCF7,C,KIAA1217,1.0
TCF7,C,TCF3,1.0
TCF7,C,ANKRD28,1.0
TCF7,C,ANTXR2,1.0
TCF7,C,ARHGAP15,1.0
TCF7,C,BIRC3,1.0
TCF7,C,CAMK4,1.0
TCF7,C,CCND1,1.0
TCF7,C,CD86,1.0
TCF7,C,CDK17,1.0
TCF7,C,CDYL,1.0
TCF7,C,CORO1C,1.0
TCF7,C,CPPED1,1.0
TCF7,C,CREM,1.0
TCF7,C,DMD,1.0
TCF7,C,DOCK10,1.0
TCF7,C,DST,1.0
TCF7,C,DTNB,1.0
TCF7,C,ERAP2,1.0
TCF7,C,FYB1,1.0
TCF7,C,GPR15,1.0
TCF7,C,GRM7,1.0
TCF7,C,GTF2F2,1.0
TCF7,C,HBS1L,1.0
TCF7,C,IKZF1,1.0
TCF7,C,IKZF3,1.0
TCF7,C,KCNK1,1.0
TCF7,C,MAP3K1,1.0
TCF7,C,MARCHF8,1.0
TCF7,C,MMP20,1.0
TCF7,C,NKD1,1.0
TCF7,C,NUMB,1.0
TCF7,C,PDE7A,1.0
TCF7,C,PHACTR1,1.0
TCF7,C,PLEC,1.0
TCF7,C,PRR5L,1.0
TCF7,C,PTPRC,1.0
TCF7,C,QPCT,1.0
TCF7,C,RBPJ,1.0
TCF7,C,RGS6,1.0
TCF7,C,RHOH,1.0
TCF7,C,RIN3,1.0
TCF7,C,RTN4,1.0
TCF7,C,SKAP1,1.0
TCF7,C,SOX6,1.0
TCF7,C,SP100,1.0
TCF7,C,SP140,1.0
TCF7,C,TGFBR3,1.0
TCF7,C,TNFRSF11B,1.0
TCF7,C,TNFRSF19,1.0
TCF7,C,TRIO,1.0
TCF7,C,USP48,1.0
TCF7,C,WNK1,1.0
TCF7,C,ZBTB20,1.0
TCF7,C,ZFPM2,1.0
TCF7L2,A,ABCB1,1.0
TCF7L2,A,AXIN2,1.0
TCF7L2,A,BIRC5,1.0
TCF7L2,A,CCND1,1.0
TCF7L2,A,CD44,1.0
TCF7L2,A,CTNNB1,1.0
TCF7L2,A,CXCL8,1.0
TCF7L2,A,DKK1,1.0
TCF7L2,A,FGF18,1.0
TCF7L2,A,GLCE,1.0
TCF7L2,A,GLI2,1.0
TCF7L2,A,LEF1,1.0
TCF7L2,A,MMP7,1.0
TCF7L2,A,MYC,1.0
TCF7L2,A,SNAI2,1.0
TCF7L2,A,SP5,1.0
TCF7L2,A,STAT3,1.0
TCF7L2,A,TCF7,1.0
TCF7L2,A,TNFRSF11B,1.0
TCF7L2,A,VIM,-1.0
TEAD1,C,MSLN,1.0
TEAD1,C,ADGRL2,1.0
TEAD1,C,AMOTL2,1.0
TEAD1,C,GTDC1,1.0
TEAD1,C,ITGA1,1.0
TEAD1,C,OSBPL9,1.0
TEAD1,C,SORBS2,1.0
TEAD1,C,TACC1,1.0
TEAD1,C,AFAP1,1.0
TEAD1,C,AHNAK,1.0
TEAD1,C,ANK3,1.0
TEAD1,C,ANO6,1.0
TEAD1,C,APBB2,1.0
TEAD1,C,ARHGAP24,1.0
TEAD1,C,ARHGAP29,1.0
TEAD1,C,ARHGAP35,1.0
TEAD1,C,ARNT2,1.0
TEAD1,C,ASAP1,1.0
TEAD1,C,ASAP2,1.0
TEAD1,C,BCAR3,1.0
TEAD1,C,CACNA2D1,1.0
TEAD1,C,CALD1,1.0
TEAD1,C,CAMK2D,1.0
TEAD1,C,CAPN2,1.0
TEAD1,C,CAST,1.0
TEAD1,C,CLIC5,1.0
TEAD1,C,CLIP4,1.0
TEAD1,C,CNOT1,1.0
TEAD1,C,CRIM1,1.0
TEAD1,C,CTNNA1,1.0
TEAD1,C,DAAM1,1.0
TEAD1,C,DENND2B,1.0
TEAD1,C,DGKB,1.0
TEAD1,C,DLC1,1.0
TEAD1,C,DLGAP1,1.0
TEAD1,C,DNMBP,1.0
TEAD1,C,DST,1.0
TEAD1,C,EGFR,1.0
TEAD1,C,EML1,1.0
TEAD1,C,EPS8,1.0
TEAD1,C,EXT1,1.0
TEAD1,C,FAM160A1,1.0
TEAD1,C,FAT1,1.0
TEAD1,C,FEZ2,1.0
TEAD1,C,FHL2,1.0
TEAD1,C,FLNB,1.0
TEAD1,C,FMN2,1.0
TEAD1,C,FRMD6,1.0
TEAD1,C,FTO,1.0
TEAD1,C,GMDS,1.0
TEAD1,C,GULP1,1.0
TEAD1,C,HDAC9,1.0
TEAD1,C,INPP4B,1.0
TEAD1,C,ITGB1,1.0
TEAD1,C,ITSN1,1.0
TEAD1,C,JCAD,1.0
TEAD1,C,KCNMA1,1.0
TEAD1,C,KDM4C,1.0
TEAD1,C,KIF13A,1.0
TEAD1,C,KTN1,1.0
TEAD1,C,LAMC1,1.0
TEAD1,C,LAMC2,1.0
TEAD1,C,LIMCH1,1.0
TEAD1,C,LPP,1.0
TEAD1,C,MACF1,1.0
TEAD1,C,MAML2,1.0
TEAD1,C,MBNL1,1.0
TEAD1,C,MBNL2,1.0
TEAD1,C,MICAL2,1.0
TEAD1,C,MYLK,1.0
TEAD1,C,NAIP,1.0
TEAD1,C,NAV2,1.0
TEAD1,C,NDST1,1.0
TEAD1,C,NEK7,1.0
TEAD1,C,NRP2,1.0
TEAD1,C,NRXN3,1.0
TEAD1,C,PALLD,1.0
TEAD1,C,PAM,1.0
TEAD1,C,PARD3B,1.0
TEAD1,C,PBX1,1.0
TEAD1,C,PCYT1A,1.0
TEAD1,C,PDE4B,1.0
TEAD1,C,PDE4D,1.0
TEAD1,C,PDGFC,1.0
TEAD1,C,PDLIM5,1.0
TEAD1,C,PRICKLE2,1.0
TEAD1,C,PRKAG2,1.0
TEAD1,C,PRKCH,1.0
TEAD1,C,PRUNE2,1.0
TEAD1,C,PTPN14,1.0
TEAD1,C,PTPRM,1.0
TEAD1,C,RAPGEF2,1.0
TEAD1,C,RARB,1.0
TEAD1,C,RASAL2,1.0
TEAD1,C,RB1CC1,1.0
TEAD1,C,RBMS1,1.0
TEAD1,C,RBMS3,1.0
TEAD1,C,RERE,1.0
TEAD1,C,RTN4,1.0
TEAD1,C,SAMD4A,1.0
TEAD1,C,SASH1,1.0
TEAD1,C,SCHIP1,1.0
TEAD1,C,SEMA3C,1.0
TEAD1,C,SEMA3D,1.0
TEAD1,C,SH3BP4,1.0
TEAD1,C,SHROOM3,1.0
TEAD1,C,SMYD3,1.0
TEAD1,C,SORBS1,1.0
TEAD1,C,SORCS2,1.0
TEAD1,C,SPIDR,1.0
TEAD1,C,SPTBN1,1.0
TEAD1,C,STARD13,1.0
TEAD1,C,SVIL,1.0
TEAD1,C,TANC1,1.0
TEAD1,C,TCF4,1.0
TEAD1,C,TENM3,1.0
TEAD1,C,TGFB2,1.0
TEAD1,C,TGFBR3,1.0
TEAD1,C,TIAM2,1.0
TEAD1,C,TLN2,1.0
TEAD1,C,TMEM245,1.0
TEAD1,C,TRIO,1.0
TEAD1,C,UACA,1.0
TEAD1,C,UBE2H,1.0
TEAD1,C,VPS13D,1.0
TEAD1,C,WWC2,1.0
TEAD1,C,WWTR1,1.0
TEAD1,C,YAP1,1.0
TEAD2,C,CCND2,1.0
TEAD2,C,RIN3,1.0
TEAD2,C,AJUBA,1.0
TEAD2,C,ASAP3,1.0
TEAD2,C,ATP6V1A,1.0
TEAD2,C,ATP8B2,1.0
TEAD2,C,CFI,1.0
TEAD2,C,CTDSP2,1.0
TEAD2,C,CYBRD1,1.0
TEAD2,C,DHRSX,1.0
TEAD2,C,DLGAP4,1.0
TEAD2,C,DNAJB5,1.0
TEAD2,C,DTNBP1,1.0
TEAD2,C,FAM89A,1.0
TEAD2,C,GALNT2,1.0
TEAD2,C,JMJD1C,1.0
TEAD2,C,LAMB2,1.0
TEAD2,C,LSM10,1.0
TEAD2,C,MAP1S,1.0
TEAD2,C,MPZ,1.0
TEAD2,C,MYL12A,1.0
TEAD2,C,PLEKHA4,1.0
TEAD2,C,RHBDF1,1.0
TEAD2,C,SNRPC,1.0
TEAD2,C,SPEG,1.0
TEAD2,C,ST3GAL2,1.0
TEAD2,C,TBC1D25,1.0
TEAD2,C,TRAF4,1.0
TEAD2,C,TRIP6,1.0
TEAD2,C,VPS37B,1.0
TEAD4,C,ABLIM2,1.0
TEAD4,C,ADAMTSL1,1.0
TEAD4,C,ADGRL2,1.0
TEAD4,C,ALK,1.0
TEAD4,C,ANXA2,1.0
TEAD4,C,BCAR3,1.0
TEAD4,C,BCR,1.0
TEAD4,C,CCN2,1.0
TEAD4,C,CEMIP2,1.0
TEAD4,C,CMIP,1.0
TEAD4,C,DAB2IP,1.0
TEAD4,C,DENND1A,1.0
TEAD4,C,DENND2B,1.0
TEAD4,C,DGKB,1.0
TEAD4,C,DLGAP1,1.0
TEAD4,C,ETV6,1.0
TEAD4,C,EXT1,1.0
TEAD4,C,FGFR2,1.0
TEAD4,C,FNDC3B,1.0
TEAD4,C,FOXO3,1.0
TEAD4,C,GALNT2,1.0
TEAD4,C,GLIS3,1.0
TEAD4,C,GMDS,1.0
TEAD4,C,GTDC1,1.0
TEAD4,C,HDAC9,1.0
TEAD4,C,HIVEP3,1.0
TEAD4,C,HSPG2,1.0
TEAD4,C,IL1R1,1.0
TEAD4,C,IQSEC1,1.0
TEAD4,C,ITPR1,1.0
TEAD4,C,KAZN,1.0
TEAD4,C,KDM4C,1.0
TEAD4,C,KRT18,1.0
TEAD4,C,LITAF,1.0
TEAD4,C,MACF1,1.0
TEAD4,C,MAML2,1.0
TEAD4,C,MAP4K4,1.0
TEAD4,C,MID1,1.0
TEAD4,C,MPZL1,1.0
TEAD4,C,MYH9,1.0
TEAD4,C,NEK6,1.0
TEAD4,C,NIBAN2,1.0
TEAD4,C,PDE4B,1.0
TEAD4,C,PDGFC,1.0
TEAD4,C,PDLIM1,1.0
TEAD4,C,PHLDB2,1.0
TEAD4,C,PHLPP1,1.0
TEAD4,C,PICALM,1.0
TEAD4,C,PLCL1,1.0
TEAD4,C,PLXNA2,1.0
TEAD4,C,PRKCH,1.0
TEAD4,C,PTPRJ,1.0
TEAD4,C,RABGAP1L,1.0
TEAD4,C,RAI14,1.0
TEAD4,C,RBPMS,1.0
TEAD4,C,RIN3,1.0
TEAD4,C,RIPOR3,1.0
TEAD4,C,RND3,1.0
TEAD4,C,SIK3,1.0
TEAD4,C,SORBS2,1.0
TEAD4,C,SPIDR,1.0
TEAD4,C,SPTB,1.0
TEAD4,C,STK10,1.0
TEAD4,C,TACC2,1.0
TEAD4,C,TCF4,1.0
TEAD4,C,TGFBI,1.0
TEAD4,C,TGM2,1.0
TEAD4,C,TIAM2,1.0
TEAD4,C,TJP2,1.0
TEAD4,C,TLE4,1.0
TEAD4,C,TRIM2,1.0
TEAD4,C,VMP1,1.0
TEAD4,C,ZMYND8,1.0
TFAP2A,A,ACHE,-1.0
TFAP2A,A,ADM,1.0
TFAP2A,A,ADRA1A,1.0
TFAP2A,A,ADRA2B,1.0
TFAP2A,A,APP,1.0
TFAP2A,A,BACE1,1.0
TFAP2A,A,BCL2,-1.0
TFAP2A,A,CCNB1,1.0
TFAP2A,A,CDH1,1.0
TFAP2A,A,CDKN1A,1.0
TFAP2A,A,CFTR,1.0
TFAP2A,A,CGA,1.0
TFAP2A,A,CRABP2,1.0
TFAP2A,A,CRX,1.0
TFAP2A,A,CSH1,1.0
TFAP2A,A,CYP11A1,1.0
TFAP2A,A,DBH,1.0
TFAP2A,A,EGFR,1.0
TFAP2A,A,ERBB2,1.0
TFAP2A,A,ETS1,1.0
TFAP2A,A,F2R,1.0
TFAP2A,A,FAS,1.0
TFAP2A,A,FMR1,1.0
TFAP2A,A,FOXA1,1.0
TFAP2A,A,GALNT3,1.0
TFAP2A,A,GAST,1.0
TFAP2A,A,GPX4,1.0
TFAP2A,A,GUSB,1.0
TFAP2A,A,HGF,-1.0
TFAP2A,A,HIP1,1.0
TFAP2A,A,HMOX1,1.0
TFAP2A,A,HOXA4,-1.0
TFAP2A,A,HSD17B1,-1.0
TFAP2A,A,HTT,1.0
TFAP2A,A,IGFBP5,1.0
TFAP2A,A,KIT,1.0
TFAP2A,A,KRT5,1.0
TFAP2A,A,L1CAM,1.0
TFAP2A,A,MIP,1.0
TFAP2A,A,MMP2,1.0
TFAP2A,A,MPG,1.0
TFAP2A,A,MYC,1.0
TFAP2A,A,NME3,1.0
TFAP2A,A,NR3C1,1.0
TFAP2A,A,OAT,1.0
TFAP2A,A,PENK,1.0
TFAP2A,A,PLAUR,1.0
TFAP2A,A,POLD2,1.0
TFAP2A,A,PRKCA,1.0
TFAP2A,A,PTGS2,1.0
TFAP2A,A,PVR,1.0
TFAP2A,A,S100B,1.0
TFAP2A,A,SERPINE1,1.0
TFAP2A,A,SLC19A1,1.0
TFAP2A,A,SMPD1,1.0
TFAP2A,A,SNAP91,1.0
TFAP2A,A,SP1,1.0
TFAP2A,A,SPRY2,1.0
TFAP2A,A,TAF7,1.0
TFAP2A,A,TH,1.0
TFAP2A,A,TIMP2,1.0
TFAP2A,A,VEGFA,1.0
TFAP2C,A,CDKN1A,-1.0
TFAP2C,A,CRABP2,1.0
TFAP2C,A,CSTA,1.0
TFAP2C,A,ECM1,1.0
TFAP2C,A,ERBB2,1.0
TFAP2C,A,ESR1,1.0
TFAP2C,A,FOXA1,1.0
TFAP2C,A,FOXC1,1.0
TFAP2C,A,FREM2,1.0
TFAP2C,A,GREB1,1.0
TFAP2C,A,MMP2,1.0
TFAP2C,A,MYC,1.0
TFAP2C,A,RET,1.0
TFAP2C,A,SULT1E1,1.0
TFAP2C,A,TFF1,1.0
TFAP4,C,MDM2,-1.0
TFAP4,C,PENK,1.0
TFAP4,C,ZNF395,1.0
TFAP4,C,ABTB2,1.0
TFAP4,C,AGPAT3,1.0
TFAP4,C,ARHGEF10L,1.0
TFAP4,C,ATP2B2,1.0
TFAP4,C,BCAR1,1.0
TFAP4,C,CRTC1,1.0
TFAP4,C,CSNK1D,1.0
TFAP4,C,CYTH1,1.0
TFAP4,C,DENND1A,1.0
TFAP4,C,DENND3,1.0
TFAP4,C,EGFR,1.0
TFAP4,C,ELAPOR1,1.0
TFAP4,C,ELL,1.0
TFAP4,C,FGFR3,1.0
TFAP4,C,GNA12,1.0
TFAP4,C,GREB1,1.0
TFAP4,C,HDAC5,1.0
TFAP4,C,JADE2,1.0
TFAP4,C,JUP,1.0
TFAP4,C,KIAA1217,1.0
TFAP4,C,KRT8,1.0
TFAP4,C,MED15,1.0
TFAP4,C,MICAL2,1.0
TFAP4,C,MYOM1,1.0
TFAP4,C,PEMT,1.0
TFAP4,C,PLEKHA7,1.0
TFAP4,C,PLEKHG5,1.0
TFAP4,C,PLXNA2,1.0
TFAP4,C,PRKCZ,1.0
TFAP4,C,RGS3,1.0
TFAP4,C,SRGAP3,1.0
TFAP4,C,SVIL,1.0
TFAP4,C,SYNJ2,1.0
TFAP4,C,TBC1D2B,1.0
TFAP4,C,TIAM2,1.0
TFAP4,C,TPM4,1.0
TFAP4,C,TRIO,1.0
TFDP1,B,CAV1,1.0
TFDP1,B,CCNE1,1.0
TFDP1,B,CDK1,1.0
TFDP1,B,DHFR,1.0
TFDP1,B,MYBL2,1.0
TFDP1,B,PCNA,1.0
TFDP1,B,RRM1,1.0
TFDP1,B,TYMS,1.0
TFDP1,B,CCNE2,1.0
TFDP1,B,CKAP2L,1.0
TFDP1,B,HNRNPUL1,1.0
TFDP1,B,PTMA,1.0
TGIF2,C,AHCY,-1.0
TGIF2,C,AKAP1,-1.0
TGIF2,C,ASXL1,-1.0
TGIF2,C,COQ8A,-1.0
TGIF2,C,DPAGT1,-1.0
TGIF2,C,FAM102A,-1.0
TGIF2,C,HMGXB3,-1.0
TGIF2,C,IST1,-1.0
TGIF2,C,MSH6,-1.0
TGIF2,C,NELFA,-1.0
TGIF2,C,NFKB2,-1.0
TGIF2,C,OGFR,-1.0
TGIF2,C,PRR3,-1.0
TGIF2,C,RPL3,-1.0
TGIF2,C,SEPTIN9,-1.0
TGIF2,C,SMOX,-1.0
TGIF2,C,TCIRG1,-1.0
TGIF2,C,ZBTB2,-1.0
TGIF2,C,ZSCAN2,-1.0
THAP1,C,FAM20B,1.0
THAP1,C,ACAP3,1.0
THAP1,C,ARHGDIA,1.0
THAP1,C,BCOR,1.0
THAP1,C,CELF5,1.0
THAP1,C,COL18A1,1.0
THAP1,C,CORO2A,1.0
THAP1,C,CSNK1D,1.0
THAP1,C,CYFIP1,1.0
THAP1,C,DOCK6,1.0
THAP1,C,EPS8L2,1.0
THAP1,C,FAAP100,1.0
THAP1,C,FAM78A,1.0
THAP1,C,FGFR3,1.0
THAP1,C,FGFRL1,1.0
THAP1,C,FNDC10,1.0
THAP1,C,GAK,1.0
THAP1,C,GALE,1.0
THAP1,C,GNB1,1.0
THAP1,C,GPT2,1.0
THAP1,C,GRAMD1A,1.0
THAP1,C,HDAC11,1.0
THAP1,C,HOOK2,1.0
THAP1,C,HSP90AA1,1.0
THAP1,C,IER2,1.0
THAP1,C,IQSEC1,1.0
THAP1,C,LTBP3,1.0
THAP1,C,LYSMD2,1.0
THAP1,C,MAST3,1.0
THAP1,C,METRNL,1.0
THAP1,C,MTCL1,1.0
THAP1,C,MYO1C,1.0
THAP1,C,NCOR2,1.0
THAP1,C,NKD2,1.0
THAP1,C,PIDD1,1.0
THAP1,C,PIEZO1,1.0
THAP1,C,PLEC,1.0
THAP1,C,PPM1F,1.0
THAP1,C,PPP6R1,1.0
THAP1,C,RASGEF1A,1.0
THAP1,C,RREB1,1.0
THAP1,C,RXRA,1.0
THAP1,C,SGMS1,1.0
THAP1,C,SKI,1.0
THAP1,C,SRCIN1,1.0
THAP1,C,STIP1,1.0
THAP1,C,SYMPK,1.0
THAP1,C,TCF25,1.0
THAP1,C,TLE5,1.0
THAP1,C,TRABD,1.0
THAP1,C,UBTF,1.0
THAP1,C,UNKL,1.0
THAP1,C,USF2,1.0
THAP1,C,YWHAZ,1.0
THAP1,C,ZNF276,1.0
THAP11,C,CNIH4,-1.0
THAP11,C,LSM10,-1.0
THAP11,C,PRPF31,-1.0
THAP11,C,SLC4A2,-1.0
THAP11,C,SNX17,-1.0
THAP11,C,TMEM115,-1.0
THAP11,C,AFG1L,-1.0
THAP11,C,AP2S1,-1.0
THAP11,C,ARPP19,-1.0
THAP11,C,ATL3,-1.0
THAP11,C,BABAM1,-1.0
THAP11,C,BANP,-1.0
THAP11,C,BOLA1,-1.0
THAP11,C,BUB1B,-1.0
THAP11,C,BUB3,-1.0
THAP11,C,CALCOCO1,-1.0
THAP11,C,CCDC191,-1.0
THAP11,C,CCDC90B,-1.0
THAP11,C,CEP128,-1.0
THAP11,C,CHCHD3,-1.0
THAP11,C,CHCHD4,-1.0
THAP11,C,CHRNB1,-1.0
THAP11,C,CLDN12,-1.0
THAP11,C,CLP1,-1.0
THAP11,C,CNPY2,-1.0
THAP11,C,COPS7B,-1.0
THAP11,C,DCAKD,-1.0
THAP11,C,DESI2,-1.0
THAP11,C,DFFA,-1.0
THAP11,C,DNAJC17,-1.0
THAP11,C,DNAJC18,-1.0
THAP11,C,DNM1L,-1.0
THAP11,C,DPM3,-1.0
THAP11,C,EIF1B,-1.0
THAP11,C,EIF2B4,-1.0
THAP11,C,EIF2S2,-1.0
THAP11,C,ENY2,-1.0
THAP11,C,ERP44,-1.0
THAP11,C,FAM168A,-1.0
THAP11,C,FBXL19,-1.0
THAP11,C,FTO,-1.0
THAP11,C,FYCO1,-1.0
THAP11,C,GPKOW,-1.0
THAP11,C,HCFC1R1,-1.0
THAP11,C,HEXIM2,-1.0
THAP11,C,HSD11B1L,-1.0
THAP11,C,HSP90B1,-1.0
THAP11,C,HSPH1,-1.0
THAP11,C,INVS,-1.0
THAP11,C,ITCH,-1.0
THAP11,C,ITPR1,-1.0
THAP11,C,IZUMO1,-1.0
THAP11,C,LMBRD2,-1.0
THAP11,C,LMNA,-1.0
THAP11,C,LRRC29,-1.0
THAP11,C,LYSMD1,-1.0
THAP11,C,MAD2L1BP,-1.0
THAP11,C,MED11,-1.0
THAP11,C,MITF,-1.0
THAP11,C,MRPL24,-1.0
THAP11,C,MRPL42,-1.0
THAP11,C,MRPL50,-1.0
THAP11,C,MTR,-1.0
THAP11,C,NDC1,-1.0
THAP11,C,NMT1,-1.0
THAP11,C,NOP14,-1.0
THAP11,C,NUDCD1,-1.0
THAP11,C,NUP153,-1.0
THAP11,C,NUTF2,-1.0
THAP11,C,PCM1,-1.0
THAP11,C,PDCD10,-1.0
THAP11,C,PEMT,-1.0
THAP11,C,PHB,-1.0
THAP11,C,PHF23,-1.0
THAP11,C,PNKD,-1.0
THAP11,C,PNPLA6,-1.0
THAP11,C,POP1,-1.0
THAP11,C,PPCDC,-1.0
THAP11,C,PPP1R12B,-1.0
THAP11,C,PPP2R5B,-1.0
THAP11,C,PRCC,-1.0
THAP11,C,RANGAP1,-1.0
THAP11,C,RIDA,-1.0
THAP11,C,RPGRIP1L,-1.0
THAP11,C,SEL1L,-1.0
THAP11,C,SH2D6,-1.0
THAP11,C,SIRT2,-1.0
THAP11,C,SKP2,-1.0
THAP11,C,SLC25A19,-1.0
THAP11,C,SLC35B4,-1.0
THAP11,C,SMARCAL1,-1.0
THAP11,C,SMIM13,-1.0
THAP11,C,SNAP47,-1.0
THAP11,C,SNX16,-1.0
THAP11,C,SNX27,-1.0
THAP11,C,SOX6,-1.0
THAP11,C,SWT1,-1.0
THAP11,C,SYMPK,-1.0
THAP11,C,TBC1D31,-1.0
THAP11,C,THRAP3,-1.0
THAP11,C,TMEM109,-1.0
THAP11,C,TMEM208,-1.0
THAP11,C,TRAPPC3,-1.0
THAP11,C,TRMT1L,-1.0
THAP11,C,TTC30B,-1.0
THAP11,C,UBA1,-1.0
THAP11,C,UBR2,-1.0
THAP11,C,USP48,-1.0
THAP11,C,VPS41,-1.0
THAP11,C,VPS50,-1.0
THAP11,C,WBP2,-1.0
THAP11,C,WNK1,-1.0
THAP11,C,ZCCHC8,-1.0
THAP11,C,ZNF444,-1.0
THAP11,C,ZNF605,-1.0
THAP11,C,ZSCAN22,-1.0
TP53,A,ABCB1,-1.0
TP53,A,ABCC1,1.0
TP53,A,ACTA2,1.0
TP53,A,ADA,1.0
TP53,A,ADGRB1,1.0
TP53,A,ADGRB2,1.0
TP53,A,AFP,-1.0
TP53,A,AIFM2,1.0
TP53,A,AKT1,-1.0
TP53,A,ALDH1A3,1.0
TP53,A,ALOX5,1.0
TP53,A,ANTXR1,1.0
TP53,A,APAF1,1.0
TP53,A,APCS,1.0
TP53,A,ARID3A,1.0
TP53,A,ASCC3,1.0
TP53,A,ATF3,1.0
TP53,A,BAK1,1.0
TP53,A,BAX,1.0
TP53,A,BBC3,1.0
TP53,A,BCL2,-1.0
TP53,A,BCL2L1,1.0
TP53,A,BCL2L14,1.0
TP53,A,BCL3,-1.0
TP53,A,BCL6,1.0
TP53,A,BDKRB2,1.0
TP53,A,BID,1.0
TP53,A,BIRC5,-1.0
TP53,A,BIRC8,1.0
TP53,A,BNIP3L,1.0
TP53,A,BRCA1,-1.0
TP53,A,BRCA2,-1.0
TP53,A,BTG1,1.0
TP53,A,BTG2,1.0
TP53,A,BTG3,1.0
TP53,A,C12ORF5,1.0
TP53,A,C13ORF15,1.0
TP53,A,CABLES1,1.0
TP53,A,CASP1,1.0
TP53,A,CASP10,1.0
TP53,A,CASP3,1.0
TP53,A,CASP6,1.0
TP53,A,CAV1,1.0
TP53,A,CCNA1,1.0
TP53,A,CCNA2,1.0
TP53,A,CCNB1,-1.0
TP53,A,CCND1,-1.0
TP53,A,CCNG1,1.0
TP53,A,CCNG2,1.0
TP53,A,CCNK,1.0
TP53,A,CD82,1.0
TP53,A,CDC25C,1.0
TP53,A,CDH13,1.0
TP53,A,CDK1,-1.0
TP53,A,CDKN1A,1.0
TP53,A,CDKN1B,1.0
TP53,A,CHEK1,-1.0
TP53,A,CHEK2,-1.0
TP53,A,CHMP4C,1.0
TP53,A,CHUK,-1.0
TP53,A,CKM,1.0
TP53,A,COL18A1,1.0
TP53,A,COP1,1.0
TP53,A,CTNNB1,-1.0
TP53,A,CTSD,1.0
TP53,A,CX3CL1,1.0
TP53,A,CYP24A1,1.0
TP53,A,DCC,1.0
TP53,A,DDB1,1.0
TP53,A,DDB2,1.0
TP53,A,DDIT4,1.0
TP53,A,DDR1,1.0
TP53,A,DKK1,1.0
TP53,A,DNMT1,-1.0
TP53,A,DUSP1,1.0
TP53,A,DUSP11,1.0
TP53,A,DUSP5,1.0
TP53,A,E2F1,-1.0
TP53,A,E2F3,-1.0
TP53,A,E2F7,1.0
TP53,A,EDN2,1.0
TP53,A,EEF1A1,1.0
TP53,A,EGFR,1.0
TP53,A,EGR1,1.0
TP53,A,EI24,1.0
TP53,A,ELF4,-1.0
TP53,A,EPCAM,1.0
TP53,A,EPHA2,1.0
TP53,A,ESR1,1.0
TP53,A,EZH2,-1.0
TP53,A,FANCC,1.0
TP53,A,FAS,1.0
TP53,A,FBLN1,1.0
TP53,A,FBLN2,1.0
TP53,A,FDXR,1.0
TP53,A,FGF2,-1.0
TP53,A,FLT1,1.0
TP53,A,FOS,1.0
TP53,A,FRMD5,1.0
TP53,A,GADD45A,-1.0
TP53,A,GADD45G,1.0
TP53,A,GDF15,1.0
TP53,A,GHR,1.0
TP53,A,GML,1.0
TP53,A,GPNMB,1.0
TP53,A,GPX1,1.0
TP53,A,GSTP1,1.0
TP53,A,HGF,1.0
TP53,A,HIC1,1.0
TP53,A,HIPK2,1.0
TP53,A,HNF4A,-1.0
TP53,A,HNRNPUL1,1.0
TP53,A,HRAS,-1.0
TP53,A,HSP90AB1,-1.0
TP53,A,HTT,1.0
TP53,A,IER3,1.0
TP53,A,IFI16,1.0
TP53,A,IGF1R,-1.0
TP53,A,IGFBP3,1.0
TP53,A,IL1B,1.0
TP53,A,ING1,1.0
TP53,A,INTS7,-1.0
TP53,A,IRF5,1.0
TP53,A,JAK2,1.0
TP53,A,KAT2B,1.0
TP53,A,KLK3,-1.0
TP53,A,KRT8,1.0
TP53,A,LIF,1.0
TP53,A,LIG1,1.0
TP53,A,LITAF,1.0
TP53,A,MAD1L1,-1.0
TP53,A,MAP4,-1.0
TP53,A,MAPK8,1.0
TP53,A,MCM7,-1.0
TP53,A,MDM2,1.0
TP53,A,MDM4,1.0
TP53,A,MET,-1.0
TP53,A,MGMT,-1.0
TP53,A,MKI67,1.0
TP53,A,MLH1,1.0
TP53,A,MMP2,1.0
TP53,A,MRPL27,1.0
TP53,A,MSH2,1.0
TP53,A,MUC2,1.0
TP53,A,MYC,-1.0
TP53,A,NDRG1,1.0
TP53,A,NFATC4,-1.0
TP53,A,NHLH2,1.0
TP53,A,NINJ1,1.0
TP53,A,NLRC4,1.0
TP53,A,NME1,1.0
TP53,A,NOS2,-1.0
TP53,A,OGG1,1.0
TP53,A,P2RX6,1.0
TP53,A,PAX5,1.0
TP53,A,PCBP4,1.0
TP53,A,PCNA,1.0
TP53,A,PDGFRB,1.0
TP53,A,PEG3,1.0
TP53,A,PERP,-1.0
TP53,A,PIAS3,-1.0
TP53,A,PIDD1,1.0
TP53,A,PLAGL1,1.0
TP53,A,PLK1,-1.0
TP53,A,PLK2,1.0
TP53,A,PLK3,1.0
TP53,A,PMAIP1,1.0
TP53,A,PML,1.0
TP53,A,PMS2,1.0
TP53,A,POLD1,1.0
TP53,A,PPM1D,1.0
TP53,A,PPM1J,1.0
TP53,A,PRDM1,1.0
TP53,A,PRG3,1.0
TP53,A,PRKAB1,1.0
TP53,A,PRODH,1.0
TP53,A,PTEN,-1.0
TP53,A,PTPA,-1.0
TP53,A,PTPN13,1.0
TP53,A,PTTG1,1.0
TP53,A,PYCARD,1.0
TP53,A,RABGGTA,1.0
TP53,A,RAD51,1.0
TP53,A,RAD51B,1.0
TP53,A,RASSF1,-1.0
TP53,A,RB1,-1.0
TP53,A,RCHY1,1.0
TP53,A,RELA,1.0
TP53,A,RHOA,1.0
TP53,A,RNF144B,1.0
TP53,A,RPS27L,1.0
TP53,A,RRM1,1.0
TP53,A,RRM2B,1.0
TP53,A,S100A2,1.0
TP53,A,S100B,-1.0
TP53,A,SCN3B,1.0
TP53,A,SERPINB5,1.0
TP53,A,SERPINE1,1.0
TP53,A,SERTAD1,1.0
TP53,A,SESN1,1.0
TP53,A,SESN2,1.0
TP53,A,SFN,1.0
TP53,A,SH2D1A,1.0
TP53,A,SIAH1,1.0
TP53,A,SIVA1,1.0
TP53,A,SLC2A1,-1.0
TP53,A,SLC6A6,-1.0
TP53,A,SMPD3,1.0
TP53,A,SSTR2,-1.0
TP53,A,STAT1,1.0
TP53,A,STAT3,-1.0
TP53,A,STEAP3,1.0
TP53,A,SYK,1.0
TP53,A,TAP1,1.0
TP53,A,TBC1D31,1.0
TP53,A,TBXAS1,-1.0
TP53,A,TCEAL1,1.0
TP53,A,TCF7L2,-1.0
TP53,A,TENT4A,1.0
TP53,A,TERT,-1.0
TP53,A,TGFA,1.0
TP53,A,TGFB1,1.0
TP53,A,THBS1,1.0
TP53,A,TNFRSF10A,1.0
TP53,A,TNFRSF10B,1.0
TP53,A,TNFRSF10C,1.0
TP53,A,TNFRSF10D,1.0
TP53,A,TP53AIP1,1.0
TP53,A,TP53I3,1.0
TP53,A,TP53INP1,1.0
TP53,A,TP53TG1,1.0
TP53,A,TP53TG5,1.0
TP53,A,TP63,-1.0
TP53,A,TP73,1.0
TP53,A,TP73:DELTA,1.0
TP53,A,TRIAP1,1.0
TP53,A,TRIM22,1.0
TP53,A,TSC2,1.0
TP53,A,TYMS,-1.0
TP53,A,TYRP1,1.0
TP53,A,UBE2L3,1.0
TP53,A,UHRF1,-1.0
TP53,A,VCAN,1.0
TP53,A,VDR,1.0
TP53,A,VEGFA,-1.0
TP53,A,WRN,-1.0
TP53,A,XPC,1.0
TP53,A,ZMAT3,1.0
TP63,B,CDKN1A,1.0
TP63,B,KLF4,-1.0
TP63,B,PPARA,1.0
TP63,B,SFN,1.0
TP63,B,TCF4,1.0
TP63,B,VDR,1.0
TP63,B,ARNTL,1.0
TP63,B,BHLHE40,1.0
TP63,B,FOXN1,1.0
TP63,B,GRB10,1.0
TP63,B,KCTD1,1.0
TP63,B,KIAA1671,1.0
TP63,B,RGS20,1.0
TP63,B,SERPINB5,1.0
TP63,B,SYN3,1.0
TP63,B,THSD4,1.0
TP63,B,TP73,1.0
TP63,B,VAV3,1.0
TP63,B,ZNF750,1.0
TP73,C,BBC3,1.0
TP73,C,CABLES1,1.0
TP73,C,CDK1,1.0
TP73,C,CDKN1A,1.0
TP73,C,MDM2,1.0
TP73,C,PMAIP1,1.0
TP73,C,TERT,-1.0
TP73,C,ADGRV1,1.0
TP73,C,HIPK2,1.0
TP73,C,ABCA13,1.0
TP73,C,ADGRG1,1.0
TP73,C,CARMIL1,1.0
TP73,C,CCDC88C,1.0
TP73,C,CEP68,1.0
TP73,C,CLIP1,1.0
TP73,C,DGKZ,1.0
TP73,C,FHOD3,1.0
TP73,C,FOXK2,1.0
TP73,C,FRMD6,1.0
TP73,C,KCNJ15,1.0
TP73,C,LGR6,1.0
TP73,C,MDM4,1.0
TP73,C,MEGF6,1.0
TP73,C,MVB12B,1.0
TP73,C,MYO5A,1.0
TP73,C,NDST1,1.0
TP73,C,OSBPL9,1.0
TP73,C,PLAC8,1.0
TP73,C,POU2AF1,1.0
TP73,C,RAPGEF4,1.0
TP73,C,RBM47,1.0
TP73,C,RIN3,1.0
TP73,C,SASH1,1.0
TP73,C,SBF2,1.0
TP73,C,SPIDR,1.0
TP73,C,SYNE1,1.0
TP73,C,TCF4,1.0
TP73,C,TLE4,1.0
TP73,C,TP53,1.0
TP73,C,UBASH3B,1.0
TP73,C,VAC14,1.0
TP73,C,VAV3,1.0
TWIST1,A,AKT2,1.0
TWIST1,A,CD24,1.0
TWIST1,A,CDH1,-1.0
TWIST1,A,CDKN1A,1.0
TWIST1,A,CDKN2A,1.0
TWIST1,A,CLDN7,1.0
TWIST1,A,ESR1,-1.0
TWIST1,A,FOS,1.0
TWIST1,A,GLI1,1.0
TWIST1,A,MDM2,1.0
TWIST1,A,MMP2,1.0
TWIST1,A,NR2F1,1.0
TWIST1,A,SRPX,-1.0
TWIST1,A,TIMP1,-1.0
TWIST1,A,VEGFA,1.0
USF1,A,ABCA1,1.0
USF1,A,APC,1.0
USF1,A,APEX1,1.0
USF1,A,APOA2,1.0
USF1,A,APOA5,1.0
USF1,A,APOC3,1.0
USF1,A,B2M,1.0
USF1,A,BRCA2,1.0
USF1,A,CCNB1,1.0
USF1,A,CD2,1.0
USF1,A,CDK4,1.0
USF1,A,CEACAM1,1.0
USF1,A,CEACAM5,1.0
USF1,A,CEBPA,1.0
USF1,A,CIITA,1.0
USF1,A,CTSB,1.0
USF1,A,CTSD,1.0
USF1,A,CXCR4,1.0
USF1,A,CYP19A1,-1.0
USF1,A,CYP1A1,-1.0
USF1,A,CYP1A2,1.0
USF1,A,CYP3A4,1.0
USF1,A,FASN,1.0
USF1,A,FBP1,1.0
USF1,A,FCER1A,1.0
USF1,A,FMR1,1.0
USF1,A,GATA5,1.0
USF1,A,GCK,1.0
USF1,A,HMOX1,1.0
USF1,A,HOXB4,1.0
USF1,A,HOXB7,1.0
USF1,A,ID4,1.0
USF1,A,IFNG,1.0
USF1,A,ISG20,1.0
USF1,A,LIPC,1.0
USF1,A,MYH9,1.0
USF1,A,NUP188,1.0
USF1,A,OGN,1.0
USF1,A,P4HA1,1.0
USF1,A,PF4,1.0
USF1,A,PIGR,1.0
USF1,A,PKLR,1.0
USF1,A,PTGDS,1.0
USF1,A,PTGS2,-1.0
USF1,A,PTPN6,1.0
USF1,A,S100A6,1.0
USF1,A,SERBP1,1.0
USF1,A,SERPINE1,1.0
USF1,A,SF1,1.0
USF1,A,SLC19A1,1.0
USF1,A,SLC1A3,1.0
USF1,A,SLC22A2,1.0
USF1,A,TCN2,1.0
USF1,A,TERT,1.0
USF1,A,TGFB1,1.0
USF1,A,TGFB2,1.0
USF1,A,TOP3A,1.0
USF1,A,TRIM25,1.0
USF1,A,TYMS,1.0
USF2,A,ABCA1,1.0
USF2,A,APC,1.0
USF2,A,APOA2,1.0
USF2,A,ATP5F1A,1.0
USF2,A,B2M,1.0
USF2,A,BRCA1,1.0
USF2,A,BRCA2,1.0
USF2,A,CD2,1.0
USF2,A,CEACAM1,1.0
USF2,A,CEACAM5,1.0
USF2,A,CTSB,1.0
USF2,A,CTSD,1.0
USF2,A,CXCR4,1.0
USF2,A,CYP19A1,-1.0
USF2,A,CYP1A2,1.0
USF2,A,FBP1,1.0
USF2,A,FCER1A,1.0
USF2,A,FMR1,1.0
USF2,A,HMOX1,1.0
USF2,A,HOXB4,1.0
USF2,A,IGF2R,1.0
USF2,A,LIPC,1.0
USF2,A,MYH9,1.0
USF2,A,P4HA1,1.0
USF2,A,PDX1,1.0
USF2,A,PF4,1.0
USF2,A,PIGR,1.0
USF2,A,PKLR,1.0
USF2,A,PTGS2,1.0
USF2,A,PTPN6,1.0
USF2,A,SF1,1.0
USF2,A,SLC19A1,1.0
USF2,A,TCN2,1.0
USF2,A,TERT,1.0
USF2,A,TGFB1,1.0
USF2,A,TGFB2,1.0
USF2,A,THBS1,1.0
USF2,A,TOP3A,1.0
VDR,A,AMH,1.0
VDR,A,ASAP2,1.0
VDR,A,BGLAP,1.0
VDR,A,BHLHE40,1.0
VDR,A,CALB1,1.0
VDR,A,CAMP,1.0
VDR,A,CDH1,1.0
VDR,A,CDKN1A,1.0
VDR,A,CDKN1B,1.0
VDR,A,CYP24A1,1.0
VDR,A,CYP3A4,1.0
VDR,A,CYP7A1,-1.0
VDR,A,DDIT4,1.0
VDR,A,EGFR,-1.0
VDR,A,ELL,1.0
VDR,A,HOXA10,1.0
VDR,A,IGFBP3,-1.0
VDR,A,IL10,-1.0
VDR,A,IL12B,-1.0
VDR,A,PLD1,1.0
VDR,A,PODXL,1.0
VDR,A,PTH,-1.0
VDR,A,PTK2B,1.0
VDR,A,TRPV6,1.0
WT1,A,ABCB1,1.0
WT1,A,AMH,1.0
WT1,A,AR,-1.0
WT1,A,BCL2,1.0
WT1,A,CCN2,1.0
WT1,A,CCN3,1.0
WT1,A,CDH1,-1.0
WT1,A,CDKN1A,1.0
WT1,A,CIAO1,-1.0
WT1,A,EGFR,-1.0
WT1,A,ETS1,1.0
WT1,A,IGF1,-1.0
WT1,A,IGF1R,-1.0
WT1,A,IGF2,-1.0
WT1,A,IL2RB,1.0
WT1,A,MYB,-1.0
WT1,A,MYC,-1.0
WT1,A,MYCN,-1.0
WT1,A,NPHS1,1.0
WT1,A,NR5A1,1.0
WT1,A,ODC1,1.0
WT1,A,PAX2,-1.0
WT1,A,PDGFA,-1.0
WT1,A,PODXL,1.0
WT1,A,SMAD3,1.0
WT1,A,TBXA2R,-1.0
WT1,A,TERT,-1.0
WT1,A,THBS1,1.0
WT1,A,UBE2I,-1.0
WT1,A,VDR,1.0
WT1,A,WTAP,1.0
XBP1,C,AMOTL1,1.0
XBP1,C,CACNB2,1.0
XBP1,C,CTNNA1,1.0
XBP1,C,DOCK1,1.0
XBP1,C,DTNA,1.0
XBP1,C,FANCC,1.0
XBP1,C,FRMD4B,1.0
XBP1,C,JCAD,1.0
XBP1,C,MYT1L,1.0
XBP1,C,PRNP,1.0
XBP1,C,PRPF31,1.0
XBP1,C,RAPGEF4,1.0
XBP1,C,RUNX1,1.0
XBP1,C,SND1,1.0
XBP1,C,SPEF2,1.0
XBP1,C,ZZEF1,1.0
YY1,A,ACTR5,1.0
YY1,A,ADA,1.0
YY1,A,AFG1L,-1.0
YY1,A,APH1A,1.0
YY1,A,ATP13A1,-1.0
YY1,A,ATXN10,1.0
YY1,A,CCDC43,1.0
YY1,A,CDK5RAP2,1.0
YY1,A,CEP43,-1.0
YY1,A,CETP,1.0
YY1,A,COQ5,1.0
YY1,A,COQ9,1.0
YY1,A,CPSF2,1.0
YY1,A,CREBBP,-1.0
YY1,A,CTCF,1.0
YY1,A,CXCR4,-1.0
YY1,A,DEK,1.0
YY1,A,DLG1,1.0
YY1,A,DNAJA3,-1.0
YY1,A,DNAJB4,1.0
YY1,A,EGFR,1.0
YY1,A,EP300,1.0
YY1,A,EPAS1,-1.0
YY1,A,ERBB2,1.0
YY1,A,FAS,-1.0
YY1,A,FDPS,-1.0
YY1,A,HACD2,1.0
YY1,A,HCFC1,1.0
YY1,A,HNRNPL,-1.0
YY1,A,HSD3B2,1.0
YY1,A,HSF1,1.0
YY1,A,HSPA5,1.0
YY1,A,IFNB1,-1.0
YY1,A,IL5,1.0
YY1,A,IRAK1,-1.0
YY1,A,KAT6A,-1.0
YY1,A,LDLR,-1.0
YY1,A,LSS,1.0
YY1,A,MANF,1.0
YY1,A,MICU2,-1.0
YY1,A,MKLN1,-1.0
YY1,A,MRPL46,1.0
YY1,A,MRPS10,-1.0
YY1,A,MRPS18B,-1.0
YY1,A,MRPS24,1.0
YY1,A,MYC,1.0
YY1,A,NARS1,1.0
YY1,A,NOS2,1.0
YY1,A,NR3C1,1.0
YY1,A,OPRM1,1.0
YY1,A,PAK4,1.0
YY1,A,PBDC1,-1.0
YY1,A,PPP2R1A,-1.0
YY1,A,PRDM2,1.0
YY1,A,PSMD8,-1.0
YY1,A,PTPA,1.0
YY1,A,RAB3GAP1,1.0
YY1,A,RANBP10,-1.0
YY1,A,RAVER1,-1.0
YY1,A,RNF26,1.0
YY1,A,RNF40,1.0
YY1,A,RPRD2,-1.0
YY1,A,SNX27,-1.0
YY1,A,SPNS1,-1.0
YY1,A,SRP68,-1.0
YY1,A,TNFRSF10B,-1.0
YY1,A,TOP3A,1.0
YY1,A,TP53,1.0
YY1,A,TP73,1.0
YY1,A,TTC17,-1.0
YY1,A,WDR82,1.0
YY1,A,ZNF175,1.0
YY1,A,ZNF615,1.0
ZBED1,C,CIRBP,1.0
ZBED1,C,ECE1,1.0
ZBED1,C,ETV6,1.0
ZBED1,C,GATAD2B,1.0
ZBED1,C,MAD1L1,1.0
ZBED1,C,MSH6,1.0
ZBED1,C,MTFR2,1.0
ZBED1,C,NAA25,1.0
ZBED1,C,PARN,1.0
ZBED1,C,PTMA,1.0
ZBED1,C,RBM15,1.0
ZBED1,C,RFFL,1.0
ZBED1,C,RPL6,1.0
ZBED1,C,SLC1A4,1.0
ZBED1,C,SQSTM1,1.0
ZBED1,C,SRSF7,1.0
ZBED1,C,TANGO2,1.0
ZBED1,C,TCF3,1.0
ZBED1,C,TGIF1,1.0
ZBED1,C,USP48,1.0
ZBED1,C,ZC3H4,1.0
ZBED1,C,ZNF276,1.0
ZBTB11,C,ADAM17,1.0
ZBTB11,C,AP1AR,1.0
ZBTB11,C,AZIN1,1.0
ZBTB11,C,CEPT1,1.0
ZBTB11,C,CGGBP1,1.0
ZBTB11,C,ELK4,1.0
ZBTB11,C,ERBIN,1.0
ZBTB11,C,FBXO28,1.0
ZBTB11,C,GABPA,1.0
ZBTB11,C,GNA13,1.0
ZBTB11,C,GTF3C3,1.0
ZBTB11,C,KDM5A,1.0
ZBTB11,C,PPP1R15B,1.0
ZBTB11,C,PPP4R2,1.0
ZBTB11,C,RO60,1.0
ZBTB11,C,SEC22B,1.0
ZBTB11,C,UBE2D3,1.0
ZBTB11,C,UCHL5,1.0
ZBTB11,C,USPL1,1.0
ZBTB11,C,VCPIP1,1.0
ZBTB11,C,YY1,1.0
ZBTB11,C,ZNF131,1.0
ZBTB33,B,CUL3,1.0
ZBTB33,B,GTF2A1,1.0
ZBTB33,B,IREB2,1.0
ZBTB33,B,LSM14A,1.0
ZBTB33,B,NANP,1.0
ZBTB33,B,PURA,1.0
ZBTB33,B,RBM15,1.0
ZBTB33,B,RMI1,1.0
ZBTB33,B,SLC39A9,1.0
ZBTB33,B,UBE2D3,1.0
ZBTB33,B,YOD1,1.0
ZBTB33,B,ZZZ3,1.0
ZBTB7A,C,PFKP,-1.0
ZBTB7A,C,PNPLA6,-1.0
ZBTB7A,C,SEPTIN9,-1.0
ZBTB7A,C,ABR,-1.0
ZBTB7A,C,ACAP3,-1.0
ZBTB7A,C,ACTB,-1.0
ZBTB7A,C,ADAM8,-1.0
ZBTB7A,C,AGRN,-1.0
ZBTB7A,C,AHDC1,-1.0
ZBTB7A,C,AHRR,-1.0
ZBTB7A,C,AKT1,-1.0
ZBTB7A,C,AP3D1,-1.0
ZBTB7A,C,ARHGAP23,-1.0
ZBTB7A,C,ARHGAP45,-1.0
ZBTB7A,C,ASPSCR1,-1.0
ZBTB7A,C,ATP2B2,-1.0
ZBTB7A,C,BAIAP3,-1.0
ZBTB7A,C,BCAR1,-1.0
ZBTB7A,C,BCL9L,-1.0
ZBTB7A,C,BCR,-1.0
ZBTB7A,C,BHLHE40,-1.0
ZBTB7A,C,CDC42BPG,-1.0
ZBTB7A,C,CDC42EP4,-1.0
ZBTB7A,C,CIC,-1.0
ZBTB7A,C,COMT,-1.0
ZBTB7A,C,CUX1,-1.0
ZBTB7A,C,DAB2IP,-1.0
ZBTB7A,C,DNMT3A,-1.0
ZBTB7A,C,ECE1,-1.0
ZBTB7A,C,EFNA2,-1.0
ZBTB7A,C,EHD1,-1.0
ZBTB7A,C,EML2,-1.0
ZBTB7A,C,EPS8L2,-1.0
ZBTB7A,C,FBXL16,-1.0
ZBTB7A,C,FMNL1,-1.0
ZBTB7A,C,GATAD2A,-1.0
ZBTB7A,C,HS6ST1,-1.0
ZBTB7A,C,IGF2BP1,-1.0
ZBTB7A,C,KAZN,-1.0
ZBTB7A,C,KHSRP,-1.0
ZBTB7A,C,KIAA1522,-1.0
ZBTB7A,C,KRT8,-1.0
ZBTB7A,C,LAMA5,-1.0
ZBTB7A,C,LMNA,-1.0
ZBTB7A,C,LTBP3,-1.0
ZBTB7A,C,MARK4,-1.0
ZBTB7A,C,METRNL,-1.0
ZBTB7A,C,MGRN1,-1.0
ZBTB7A,C,MKNK2,-1.0
ZBTB7A,C,MNT,-1.0
ZBTB7A,C,MSLN,-1.0
ZBTB7A,C,MXRA8,-1.0
ZBTB7A,C,NACC2,-1.0
ZBTB7A,C,NCOR2,-1.0
ZBTB7A,C,NDRG2,-1.0
ZBTB7A,C,NFIC,-1.0
ZBTB7A,C,NIBAN2,-1.0
ZBTB7A,C,NOTCH1,-1.0
ZBTB7A,C,NPAS1,-1.0
ZBTB7A,C,NR2F6,-1.0
ZBTB7A,C,OBSL1,-1.0
ZBTB7A,C,PALM,-1.0
ZBTB7A,C,PCBP1,-1.0
ZBTB7A,C,PCDH1,-1.0
ZBTB7A,C,PDGFB,-1.0
ZBTB7A,C,PIAS4,-1.0
ZBTB7A,C,PIEZO1,-1.0
ZBTB7A,C,PLEC,-1.0
ZBTB7A,C,PLXNB2,-1.0
ZBTB7A,C,PPP1R9B,-1.0
ZBTB7A,C,PTBP1,-1.0
ZBTB7A,C,PTCH1,-1.0
ZBTB7A,C,PWWP2B,-1.0
ZBTB7A,C,RAI1,-1.0
ZBTB7A,C,RNF220,-1.0
ZBTB7A,C,RXRA,-1.0
ZBTB7A,C,SIGIRR,-1.0
ZBTB7A,C,SKI,-1.0
ZBTB7A,C,SLC19A1,-1.0
ZBTB7A,C,SLC22A23,-1.0
ZBTB7A,C,SRC,-1.0
ZBTB7A,C,SRCIN1,-1.0
ZBTB7A,C,STAT6,-1.0
ZBTB7A,C,SYNPO,-1.0
ZBTB7A,C,THRA,-1.0
ZBTB7A,C,TLE5,-1.0
ZBTB7A,C,TRIM8,-1.0
ZBTB7A,C,ZBTB7B,-1.0
ZBTB7A,C,ZFPM1,-1.0
ZBTB7A,C,ZNF710,-1.0
ZEB1,B,AR,-1.0
ZEB1,B,CDH1,-1.0
ZEB1,B,GRHL2,-1.0
ZEB1,B,ITGB4,-1.0
ZEB1,B,LAMC2,-1.0
ZEB1,B,PKP3,-1.0
ZEB1,B,SPRR1B,1.0
ZEB1,B,CSRP1,-1.0
ZEB1,B,FLNA,-1.0
ZEB1,B,ITGB1,-1.0
ZEB1,B,LAD1,-1.0
ZEB1,B,PHLDB1,-1.0
ZEB1,B,PXN,-1.0
ZEB1,B,SLC25A10,-1.0
ZEB1,B,TECR,-1.0
ZEB2,C,CDH1,-1.0
ZEB2,C,MEOX2,-1.0
ZEB2,C,VIM,1.0
ZEB2,C,ACVR1,-1.0
ZEB2,C,ADGRB3,-1.0
ZEB2,C,ANXA4,-1.0
ZEB2,C,ARHGEF2,-1.0
ZEB2,C,ASAP1,-1.0
ZEB2,C,ATP2B4,-1.0
ZEB2,C,CPED1,-1.0
ZEB2,C,CREB3L2,-1.0
ZEB2,C,CREG1,-1.0
ZEB2,C,DENND1A,-1.0
ZEB2,C,DMXL2,-1.0
ZEB2,C,DOCK11,-1.0
ZEB2,C,EPB41L2,-1.0
ZEB2,C,FNDC3B,-1.0
ZEB2,C,FYN,-1.0
ZEB2,C,GAB2,-1.0
ZEB2,C,GTDC1,-1.0
ZEB2,C,HIP1,-1.0
ZEB2,C,IKZF1,-1.0
ZEB2,C,ITPR1,-1.0
ZEB2,C,LHFPL2,-1.0
ZEB2,C,LIMS1,-1.0
ZEB2,C,LTBP1,-1.0
ZEB2,C,LTBP4,-1.0
ZEB2,C,MAP4,-1.0
ZEB2,C,MBNL1,-1.0
ZEB2,C,MEF2C,-1.0
ZEB2,C,NFIA,-1.0
ZEB2,C,NSMAF,-1.0
ZEB2,C,PICALM,-1.0
ZEB2,C,PIK3CG,-1.0
ZEB2,C,PIP4K2A,-1.0
ZEB2,C,PRKAR2B,-1.0
ZEB2,C,PRKCB,-1.0
ZEB2,C,QKI,-1.0
ZEB2,C,RAB31,-1.0
ZEB2,C,RAB8B,-1.0
ZEB2,C,RELN,-1.0
ZEB2,C,SCN9A,-1.0
ZEB2,C,SERTAD2,-1.0
ZEB2,C,SGMS1,-1.0
ZEB2,C,SOX6,-1.0
ZEB2,C,SPTBN1,-1.0
ZEB2,C,ST3GAL2,-1.0
ZEB2,C,SUSD1,-1.0
ZEB2,C,TBC1D5,-1.0
ZEB2,C,TBL1XR1,-1.0
ZEB2,C,TCF4,-1.0
ZEB2,C,UTRN,-1.0
ZEB2,C,ZFPM2,-1.0
ZFX,C,ADD1,1.0
ZFX,C,ANP32B,1.0
ZFX,C,ARID1B,1.0
ZFX,C,ASH2L,1.0
ZFX,C,ATG16L2,1.0
ZFX,C,CARS2,1.0
ZFX,C,CDK13,1.0
ZFX,C,CELF1,1.0
ZFX,C,CGGBP1,1.0
ZFX,C,CREB1,1.0
ZFX,C,DDX6,1.0
ZFX,C,DERL2,1.0
ZFX,C,DGCR8,1.0
ZFX,C,ERBIN,1.0
ZFX,C,FBXL5,1.0
ZFX,C,FCHSD2,1.0
ZFX,C,GABPA,1.0
ZFX,C,HHEX,1.0
ZFX,C,HNRNPF,1.0
ZFX,C,IFRD1,1.0
ZFX,C,KLHL21,1.0
ZFX,C,MAN2A2,1.0
ZFX,C,MCM7,1.0
ZFX,C,MRPL36,1.0
ZFX,C,MSH6,1.0
ZFX,C,MYADM,1.0
ZFX,C,MYO1C,1.0
ZFX,C,NAA38,1.0
ZFX,C,NELFA,1.0
ZFX,C,NIPBL,1.0
ZFX,C,NSD2,1.0
ZFX,C,NUP210,1.0
ZFX,C,PCGF5,1.0
ZFX,C,PHF12,1.0
ZFX,C,POGK,1.0
ZFX,C,PUM2,1.0
ZFX,C,QRICH1,1.0
ZFX,C,RBM33,1.0
ZFX,C,RNF4,1.0
ZFX,C,RPL22,1.0
ZFX,C,SEC22C,1.0
ZFX,C,SETD5,1.0
ZFX,C,SMAD2,1.0
ZFX,C,SMCHD1,1.0
ZFX,C,TEAD3,1.0
ZFX,C,TENT4A,1.0
ZFX,C,UBE2D3,1.0
ZFX,C,UBXN2A,1.0
ZFX,C,USF2,1.0
ZFX,C,USP37,1.0
ZFX,C,ZBTB7A,1.0
ZFX,C,ZMYND8,1.0
ZFX,C,ZNF143,1.0
ZFX,C,ZNF398,1.0
ZKSCAN1,C,ABLIM2,1.0
ZKSCAN1,C,ACTB,1.0
ZKSCAN1,C,ADGRG1,1.0
ZKSCAN1,C,ALDH3B1,1.0
ZKSCAN1,C,ARHGAP22,1.0
ZKSCAN1,C,ARHGEF19,1.0
ZKSCAN1,C,BAZ2A,1.0
ZKSCAN1,C,BICRA,1.0
ZKSCAN1,C,CAPZB,1.0
ZKSCAN1,C,CHD9,1.0
ZKSCAN1,C,CRB2,1.0
ZKSCAN1,C,CYRIB,1.0
ZKSCAN1,C,CYTH1,1.0
ZKSCAN1,C,DAB2IP,1.0
ZKSCAN1,C,EGLN3,1.0
ZKSCAN1,C,ELAVL1,1.0
ZKSCAN1,C,EPHB4,1.0
ZKSCAN1,C,EPOP,1.0
ZKSCAN1,C,FHAD1,1.0
ZKSCAN1,C,GABBR2,1.0
ZKSCAN1,C,GAS2L1,1.0
ZKSCAN1,C,HOOK2,1.0
ZKSCAN1,C,IQCG,1.0
ZKSCAN1,C,LTBP3,1.0
ZKSCAN1,C,MED15,1.0
ZKSCAN1,C,MSI2,1.0
ZKSCAN1,C,MYEOV,1.0
ZKSCAN1,C,NFASC,1.0
ZKSCAN1,C,PEDS1,1.0
ZKSCAN1,C,PIP5KL1,1.0
ZKSCAN1,C,PRR5,1.0
ZKSCAN1,C,PTPRF,1.0
ZKSCAN1,C,RAB11FIP5,1.0
ZKSCAN1,C,RAI1,1.0
ZKSCAN1,C,RALGDS,1.0
ZKSCAN1,C,RAPGEF3,1.0
ZKSCAN1,C,RHOD,1.0
ZKSCAN1,C,RIPOR1,1.0
ZKSCAN1,C,SEPTIN9,1.0
ZKSCAN1,C,SMOX,1.0
ZKSCAN1,C,SPAG9,1.0
ZKSCAN1,C,SULT2B1,1.0
ZKSCAN1,C,TICAM1,1.0
ZKSCAN1,C,TTC7B,1.0
ZKSCAN1,C,UBE2L3,1.0
ZKSCAN1,C,UBE2V1,1.0
ZKSCAN1,C,WHRN,1.0
ZNF143,C,ESCO2,1.0
ZNF143,C,CDYL,1.0
ZNF143,C,CEP162,1.0
ZNF143,C,CTIF,1.0
ZNF143,C,DENND1A,1.0
ZNF143,C,DGKI,1.0
ZNF143,C,DIP2C,1.0
ZNF143,C,DLG4,1.0
ZNF143,C,DNAJB6,1.0
ZNF143,C,DOCK4,1.0
ZNF143,C,DPYSL5,1.0
ZNF143,C,FBXL19,1.0
ZNF143,C,FNDC3B,1.0
ZNF143,C,FRMD4A,1.0
ZNF143,C,FTO,1.0
ZNF143,C,GATAD2A,1.0
ZNF143,C,ITPR1,1.0
ZNF143,C,KCNN3,1.0
ZNF143,C,LMNA,1.0
ZNF143,C,MAP4K4,1.0
ZNF143,C,MED13L,1.0
ZNF143,C,MGRN1,1.0
ZNF143,C,MIDEAS,1.0
ZNF143,C,MRPS22,1.0
ZNF143,C,MSI2,1.0
ZNF143,C,NCOA1,1.0
ZNF143,C,NUCB1,1.0
ZNF143,C,OSBP2,1.0
ZNF143,C,PACRG,1.0
ZNF143,C,PARD3,1.0
ZNF143,C,PCBP1,1.0
ZNF143,C,PDE4A,1.0
ZNF143,C,PLEC,1.0
ZNF143,C,PNPLA6,1.0
ZNF143,C,PRDM11,1.0
ZNF143,C,PRKCE,1.0
ZNF143,C,PRKN,1.0
ZNF143,C,PRPF31,1.0
ZNF143,C,RABGAP1L,1.0
ZNF143,C,RPTOR,1.0
ZNF143,C,SLC38A1,1.0
ZNF143,C,SPTBN1,1.0
ZNF143,C,SYN3,1.0
ZNF143,C,TALDO1,1.0
ZNF143,C,TARBP1,1.0
ZNF143,C,TPD52L1,1.0
ZNF143,C,USP7,1.0
ZNF143,C,VAMP7,1.0
ZNF143,C,VASP,1.0
ZNF143,C,WWC1,1.0
ZNF143,C,ZMIZ1,1.0
ZNF217,C,ARID5B,1.0
ZNF217,C,CEMIP2,1.0
ZNF217,C,FMN1,1.0
ZNF217,C,FNDC3B,1.0
ZNF217,C,IL1R1,1.0
ZNF217,C,IQGAP1,1.0
ZNF217,C,OSBPL8,1.0
ZNF217,C,SERINC5,1.0
ZNF217,C,TET3,1.0
ZNF217,C,USP32,1.0
ZNF217,C,VAV3,1.0
ZNF24,C,ADCK1,-1.0
ZNF24,C,AKAP9,-1.0
ZNF24,C,CLEC16A,-1.0
ZNF24,C,CRTC1,-1.0
ZNF24,C,CSMD2,-1.0
ZNF24,C,DNAJC6,-1.0
ZNF24,C,FCHO1,-1.0
ZNF24,C,KCNB1,-1.0
ZNF24,C,MUC4,-1.0
ZNF24,C,MYEOV,-1.0
ZNF24,C,NCS1,-1.0
ZNF24,C,OTUD3,-1.0
ZNF24,C,RB1CC1,-1.0
ZNF24,C,SGK1,-1.0
ZNF24,C,SNX8,-1.0
ZNF24,C,SULT2B1,-1.0
ZNF24,C,TBXAS1,-1.0
ZNF24,C,TRPV4,-1.0
ZNF24,C,USP31,-1.0
ZNF24,C,ZNF131,-1.0
ZNF263,B,AATK,-1.0
ZNF263,B,ABCA7,-1.0
ZNF263,B,ABR,-1.0
ZNF263,B,ACOT7,-1.0
ZNF263,B,ACSF3,-1.0
ZNF263,B,ACTRT2,-1.0
ZNF263,B,ADCY3,-1.0
ZNF263,B,ADGRB1,-1.0
ZNF263,B,ADGRD1,-1.0
ZNF263,B,ADGRG1,-1.0
ZNF263,B,AGAP1,-1.0
ZNF263,B,AGAP3,-1.0
ZNF263,B,AGPAT2,-1.0
ZNF263,B,AGPAT3,-1.0
ZNF263,B,AGRN,-1.0
ZNF263,B,AHDC1,-1.0
ZNF263,B,AHRR,-1.0
ZNF263,B,AKT2,-1.0
ZNF263,B,ANK1,-1.0
ZNF263,B,ANKRD11,-1.0
ZNF263,B,ANO7,-1.0
ZNF263,B,AP2A2,-1.0
ZNF263,B,APBA2,-1.0
ZNF263,B,ARAP1,-1.0
ZNF263,B,ARHGAP22,-1.0
ZNF263,B,ARHGAP23,-1.0
ZNF263,B,ARHGEF1,-1.0
ZNF263,B,ARHGEF16,-1.0
ZNF263,B,ARHGEF17,-1.0
ZNF263,B,ARID1B,-1.0
ZNF263,B,ASAP1,-1.0
ZNF263,B,ASAP2,-1.0
ZNF263,B,ASS1,-1.0
ZNF263,B,ATP11A,-1.0
ZNF263,B,ATP2B2,-1.0
ZNF263,B,BAHCC1,-1.0
ZNF263,B,BAIAP2,-1.0
ZNF263,B,BCOR,-1.0
ZNF263,B,BCR,-1.0
ZNF263,B,BIN1,-1.0
ZNF263,B,BLACE,-1.0
ZNF263,B,C2CD2,-1.0
ZNF263,B,CACNA1A,-1.0
ZNF263,B,CACNA1I,-1.0
ZNF263,B,CAMK2B,-1.0
ZNF263,B,CASZ1,-1.0
ZNF263,B,CBFA2T3,-1.0
ZNF263,B,CBX8,-1.0
ZNF263,B,CCNY,-1.0
ZNF263,B,CDC42EP4,-1.0
ZNF263,B,CDH22,-1.0
ZNF263,B,CDH23,-1.0
ZNF263,B,CFAP46,-1.0
ZNF263,B,CHD5,-1.0
ZNF263,B,CHST8,-1.0
ZNF263,B,CLIP2,-1.0
ZNF263,B,CLTCL1,-1.0
ZNF263,B,COL13A1,-1.0
ZNF263,B,COL16A1,-1.0
ZNF263,B,COL18A1,-1.0
ZNF263,B,COL26A1,-1.0
ZNF263,B,COL27A1,-1.0
ZNF263,B,CPNE5,-1.0
ZNF263,B,CRTC1,-1.0
ZNF263,B,CSNK1D,-1.0
ZNF263,B,CTNNA1,-1.0
ZNF263,B,CUX1,-1.0
ZNF263,B,CUX2,-1.0
ZNF263,B,CXXC5,-1.0
ZNF263,B,DCAKD,-1.0
ZNF263,B,DENND1A,-1.0
ZNF263,B,DGCR8,-1.0
ZNF263,B,DGKZ,-1.0
ZNF263,B,DIP2C,-1.0
ZNF263,B,DISP3,-1.0
ZNF263,B,DLG5,-1.0
ZNF263,B,DLGAP4,-1.0
ZNF263,B,DNAH17,-1.0
ZNF263,B,DNAJB12,-1.0
ZNF263,B,DNAJB6,-1.0
ZNF263,B,DNM1,-1.0
ZNF263,B,DPP6,-1.0
ZNF263,B,DYSF,-1.0
ZNF263,B,EHD1,-1.0
ZNF263,B,ELL,-1.0
ZNF263,B,EPB41L1,-1.0
ZNF263,B,EPHA2,-1.0
ZNF263,B,EPHB2,-1.0
ZNF263,B,EPHB4,-1.0
ZNF263,B,ERGIC1,-1.0
ZNF263,B,FADS2,-1.0
ZNF263,B,FAM102A,-1.0
ZNF263,B,FAM178B,-1.0
ZNF263,B,FAM78A,-1.0
ZNF263,B,FBLN2,-1.0
ZNF263,B,FBRS,-1.0
ZNF263,B,FBRSL1,-1.0
ZNF263,B,FGFR3,-1.0
ZNF263,B,FIBCD1,-1.0
ZNF263,B,FLNC,-1.0
ZNF263,B,FRMD1,-1.0
ZNF263,B,FTCD,-1.0
ZNF263,B,GABBR2,-1.0
ZNF263,B,GAK,-1.0
ZNF263,B,GLI2,-1.0
ZNF263,B,GNAO1,-1.0
ZNF263,B,GNAZ,-1.0
ZNF263,B,GRIN1,-1.0
ZNF263,B,GRIP2,-1.0
ZNF263,B,GRM4,-1.0
ZNF263,B,GSE1,-1.0
ZNF263,B,GSN,-1.0
ZNF263,B,HDAC4,-1.0
ZNF263,B,HDAC5,-1.0
ZNF263,B,HK1,-1.0
ZNF263,B,HPCAL1,-1.0
ZNF263,B,HSPG2,-1.0
ZNF263,B,IGF1R,-1.0
ZNF263,B,IGSF21,-1.0
ZNF263,B,IQSEC1,-1.0
ZNF263,B,IQSEC2,-1.0
ZNF263,B,ITGB2,-1.0
ZNF263,B,ITPK1,-1.0
ZNF263,B,ITPKB,-1.0
ZNF263,B,ITPR1,-1.0
ZNF263,B,KCNAB2,-1.0
ZNF263,B,KCNH2,-1.0
ZNF263,B,KCNN3,-1.0
ZNF263,B,KCNQ1,-1.0
ZNF263,B,KCNQ2,-1.0
ZNF263,B,KCP,-1.0
ZNF263,B,KDM2B,-1.0
ZNF263,B,KIAA0513,-1.0
ZNF263,B,KIAA1522,-1.0
ZNF263,B,KIF1A,-1.0
ZNF263,B,KLHL29,-1.0
ZNF263,B,KSR1,-1.0
ZNF263,B,LAMA5,-1.0
ZNF263,B,LAMC3,-1.0
ZNF263,B,LDLRAP1,-1.0
ZNF263,B,LGR6,-1.0
ZNF263,B,LHFPL2,-1.0
ZNF263,B,LHX3,-1.0
ZNF263,B,LINC00322,-1.0
ZNF263,B,LINGO1,-1.0
ZNF263,B,LMNA,-1.0
ZNF263,B,LPCAT1,-1.0
ZNF263,B,LTBP3,-1.0
ZNF263,B,LTBP4,-1.0
ZNF263,B,MACF1,-1.0
ZNF263,B,MAD1L1,-1.0
ZNF263,B,MAP2K2,-1.0
ZNF263,B,MCF2L,-1.0
ZNF263,B,MDGA1,-1.0
ZNF263,B,MED15,-1.0
ZNF263,B,MEGF11,-1.0
ZNF263,B,MEGF6,-1.0
ZNF263,B,MGAT3,-1.0
ZNF263,B,MICAL3,-1.0
ZNF263,B,MICALL2,-1.0
ZNF263,B,MKNK2,-1.0
ZNF263,B,MLXIPL,-1.0
ZNF263,B,MSI2,-1.0
ZNF263,B,MTCL1,-1.0
ZNF263,B,MYO15B,-1.0
ZNF263,B,MYO18A,-1.0
ZNF263,B,MYO7A,-1.0
ZNF263,B,MYOM3,-1.0
ZNF263,B,MYT1L,-1.0
ZNF263,B,NACC2,-1.0
ZNF263,B,NADK,-1.0
ZNF263,B,NCOR2,-1.0
ZNF263,B,NCS1,-1.0
ZNF263,B,NDST1,-1.0
ZNF263,B,NEDD4L,-1.0
ZNF263,B,NFASC,-1.0
ZNF263,B,NFIC,-1.0
ZNF263,B,NFIX,-1.0
ZNF263,B,NOL4L,-1.0
ZNF263,B,NOTCH1,-1.0
ZNF263,B,NRXN2,-1.0
ZNF263,B,NTNG2,-1.0
ZNF263,B,NTRK1,-1.0
ZNF263,B,NUP210,-1.0
ZNF263,B,OBSCN,-1.0
ZNF263,B,OSBPL5,-1.0
ZNF263,B,PACSIN1,-1.0
ZNF263,B,PCBP3,-1.0
ZNF263,B,PCSK6,-1.0
ZNF263,B,PDE2A,-1.0
ZNF263,B,PDGFRB,-1.0
ZNF263,B,PDXK,-1.0
ZNF263,B,PFKL,-1.0
ZNF263,B,PFKP,-1.0
ZNF263,B,PGBD5,-1.0
ZNF263,B,PI4KA,-1.0
ZNF263,B,PIEZO1,-1.0
ZNF263,B,PIP5K1C,-1.0
ZNF263,B,PITPNM2,-1.0
ZNF263,B,PITPNM3,-1.0
ZNF263,B,PLA2G6,-1.0
ZNF263,B,PLCG2,-1.0
ZNF263,B,PLCH2,-1.0
ZNF263,B,PLEC,-1.0
ZNF263,B,PLEKHG5,-1.0
ZNF263,B,PLXNA2,-1.0
ZNF263,B,PLXND1,-1.0
ZNF263,B,PNPLA7,-1.0
ZNF263,B,POLE,-1.0
ZNF263,B,POR,-1.0
ZNF263,B,PPARGC1B,-1.0
ZNF263,B,PPIL2,-1.0
ZNF263,B,PPM1F,-1.0
ZNF263,B,PRDM16,-1.0
ZNF263,B,PRKAG2,-1.0
ZNF263,B,PRKAR1B,-1.0
ZNF263,B,PRKCE,-1.0
ZNF263,B,PRKCZ,-1.0
ZNF263,B,PRR5,-1.0
ZNF263,B,PSD4,-1.0
ZNF263,B,PTK7,-1.0
ZNF263,B,PTPRF,-1.0
ZNF263,B,PTPRU,-1.0
ZNF263,B,PVT1,-1.0
ZNF263,B,PXN,-1.0
ZNF263,B,RAB11FIP3,-1.0
ZNF263,B,RADIL,-1.0
ZNF263,B,RALGDS,-1.0
ZNF263,B,RALGPS1,-1.0
ZNF263,B,RAP1GAP,-1.0
ZNF263,B,RASGEF1A,-1.0
ZNF263,B,RBFOX3,-1.0
ZNF263,B,RBM19,-1.0
ZNF263,B,RET,-1.0
ZNF263,B,RGS12,-1.0
ZNF263,B,RGS3,-1.0
ZNF263,B,RNF220,-1.0
ZNF263,B,ROR2,-1.0
ZNF263,B,RPH3AL,-1.0
ZNF263,B,RPS6KA1,-1.0
ZNF263,B,RPS6KA2,-1.0
ZNF263,B,RPTOR,-1.0
ZNF263,B,RTN4R,-1.0
ZNF263,B,RUNX1,-1.0
ZNF263,B,RXRA,-1.0
ZNF263,B,RYR1,-1.0
ZNF263,B,SARDH,-1.0
ZNF263,B,SBNO2,-1.0
ZNF263,B,SCARB1,-1.0
ZNF263,B,SDC3,-1.0
ZNF263,B,SDK2,-1.0
ZNF263,B,SEC14L1,-1.0
ZNF263,B,SEPTIN9,-1.0
ZNF263,B,SH3TC1,-1.0
ZNF263,B,SKI,-1.0
ZNF263,B,SLC12A7,-1.0
ZNF263,B,SLC22A23,-1.0
ZNF263,B,SLC25A10,-1.0
ZNF263,B,SLC38A10,-1.0
ZNF263,B,SLC66A1,-1.0
ZNF263,B,SLC6A18,-1.0
ZNF263,B,SLC6A6,-1.0
ZNF263,B,SLC9A1,-1.0
ZNF263,B,SMAD3,-1.0
ZNF263,B,SMAD7,-1.0
ZNF263,B,SMARCD3,-1.0
ZNF263,B,SMOC2,-1.0
ZNF263,B,SND1,-1.0
ZNF263,B,SOGA1,-1.0
ZNF263,B,SORCS2,-1.0
ZNF263,B,SPEG,-1.0
ZNF263,B,SPSB1,-1.0
ZNF263,B,SRC,-1.0
ZNF263,B,SSBP3,-1.0
ZNF263,B,SSPOP,-1.0
ZNF263,B,STK32C,-1.0
ZNF263,B,STX1A,-1.0
ZNF263,B,SYNJ2,-1.0
ZNF263,B,SYNPO,-1.0
ZNF263,B,TACC2,-1.0
ZNF263,B,TACC3,-1.0
ZNF263,B,TANGO2,-1.0
ZNF263,B,TBCD,-1.0
ZNF263,B,TBX1,-1.0
ZNF263,B,TCERG1L,-1.0
ZNF263,B,TCF3,-1.0
ZNF263,B,TESC,-1.0
ZNF263,B,TFEB,-1.0
ZNF263,B,TLE3,-1.0
ZNF263,B,TMEM132B,-1.0
ZNF263,B,TMEM201,-1.0
ZNF263,B,TNS1,-1.0
ZNF263,B,TNS3,-1.0
ZNF263,B,TOP3B,-1.0
ZNF263,B,TP73,-1.0
ZNF263,B,TRAPPC9,-1.0
ZNF263,B,TRIO,-1.0
ZNF263,B,TSNARE1,-1.0
ZNF263,B,TTC7A,-1.0
ZNF263,B,TTYH3,-1.0
ZNF263,B,TXNRD2,-1.0
ZNF263,B,UBAC1,-1.0
ZNF263,B,UNC5A,-1.0
ZNF263,B,VAV2,-1.0
ZNF263,B,WDR86,-1.0
ZNF263,B,WNK2,-1.0
ZNF263,B,WNT4,-1.0
ZNF263,B,WNT7A,-1.0
ZNF263,B,XXYLT1,-1.0
ZNF263,B,YEATS2,-1.0
ZNF263,B,ZBTB16,-1.0
ZNF263,B,ZBTB7C,-1.0
ZNF263,B,ZC3H18,-1.0
ZNF263,B,ZFYVE28,-1.0
ZNF263,B,ZMIZ1,-1.0
ZNF263,B,ZNF469,-1.0
ZNF263,B,ZNF608,-1.0
ZNF274,C,TNFRSF10B,-1.0
ZNF274,C,ZNF577,-1.0
ZNF274,C,CACNA1D,-1.0
ZNF274,C,NAT1,-1.0
ZNF274,C,SLC25A37,-1.0
ZNF274,C,TJP2,-1.0
ZNF274,C,TNFAIP8,-1.0
ZNF274,C,ZNF12,-1.0
ZNF274,C,ZNF121,-1.0
ZNF274,C,ZNF26,-1.0
ZNF274,C,ZNF263,-1.0
ZNF274,C,ZNF317,-1.0
ZNF274,C,ZNF397,-1.0
ZNF274,C,ZNF529,-1.0
ZNF274,C,ZNF567,-1.0
ZNF274,C,ZNF84,-1.0
ZNF274,C,ZNF841,-1.0
ZNF274,C,ZSCAN18,-1.0
ZNF384,C,PANK2,1.0
ZNF384,C,ANKRD11,1.0
ZNF384,C,AP3D1,1.0
ZNF384,C,ARID1A,1.0
ZNF384,C,ATXN2,1.0
ZNF384,C,BRD4,1.0
ZNF384,C,CACNA1A,1.0
ZNF384,C,CDKAL1,1.0
ZNF384,C,CNOT1,1.0
ZNF384,C,CREBBP,1.0
ZNF384,C,CTSB,1.0
ZNF384,C,DENND5A,1.0
ZNF384,C,DYRK1A,1.0
ZNF384,C,EGLN3,1.0
ZNF384,C,EHBP1,1.0
ZNF384,C,EIF4G3,1.0
ZNF384,C,ELF1,1.0
ZNF384,C,ETFBKMT,1.0
ZNF384,C,FDFT1,1.0
ZNF384,C,FLNB,1.0
ZNF384,C,FOXP1,1.0
ZNF384,C,GON4L,1.0
ZNF384,C,GTF2I,1.0
ZNF384,C,HERPUD1,1.0
ZNF384,C,HM13,1.0
ZNF384,C,IGF2BP3,1.0
ZNF384,C,IGF2R,1.0
ZNF384,C,JMJD1C,1.0
ZNF384,C,KANSL1,1.0
ZNF384,C,KDM4C,1.0
ZNF384,C,KEAP1,1.0
ZNF384,C,KPNA6,1.0
ZNF384,C,MAP4K4,1.0
ZNF384,C,MARF1,1.0
ZNF384,C,MED15,1.0
ZNF384,C,MEIS2,1.0
ZNF384,C,NDE1,1.0
ZNF384,C,NFAT5,1.0
ZNF384,C,NFIX,1.0
ZNF384,C,PHACTR4,1.0
ZNF384,C,PHF21A,1.0
ZNF384,C,PI4KA,1.0
ZNF384,C,PRPF31,1.0
ZNF384,C,PRRC2B,1.0
ZNF384,C,PTK2,1.0
ZNF384,C,RACGAP1,1.0
ZNF384,C,SAMD4A,1.0
ZNF384,C,SEPTIN9,1.0
ZNF384,C,SMAD7,1.0
ZNF384,C,SORBS1,1.0
ZNF384,C,SOX6,1.0
ZNF384,C,SPEN,1.0
ZNF384,C,SRPK2,1.0
ZNF384,C,TAOK3,1.0
ZNF384,C,TBC1D14,1.0
ZNF384,C,TCF4,1.0
ZNF384,C,TGIF1,1.0
ZNF384,C,THRAP3,1.0
ZNF384,C,TLE2,1.0
ZNF384,C,TNRC18,1.0
ZNF384,C,TRAPPC9,1.0
ZNF384,C,UBE2V1,1.0
ZNF384,C,USP34,1.0
ZNF384,C,USP7,1.0
ZNF384,C,VEGFA,1.0
ZNF384,C,ZMYND8,1.0
ZNF592,C,AHDC1,1.0
ZNF592,C,BCL9L,1.0
ZNF592,C,FBXL18,1.0
ZNF592,C,FTSJ3,1.0
ZNF592,C,LRRC41,1.0
ZNF592,C,PCIF1,1.0
ZNF592,C,PHF8,1.0
ZNF592,C,PREX1,1.0
ZNF592,C,PRPF8,1.0
ZNF592,C,SART3,1.0
ZNF592,C,STRIP1,1.0
ZNF592,C,VPS26C,1.0
ZNF592,C,WIPF2,1.0
ZNF592,C,ZNF646,1.0
ZNF639,C,AHCTF1,-1.0
ZNF639,C,CSDE1,-1.0
ZNF639,C,CTBS,-1.0
ZNF639,C,DNM1L,-1.0
ZNF639,C,EPM2A,-1.0
ZNF639,C,HIPK3,-1.0
ZNF639,C,HMGB1,-1.0
ZNF639,C,MAPK9,-1.0
ZNF639,C,MEF2A,-1.0
ZNF639,C,MTDH,-1.0
ZNF639,C,PDS5B,-1.0
ZNF639,C,PHF10,-1.0
ZNF639,C,PPP2R5C,-1.0
ZNF639,C,PPP4R3A,-1.0
ZNF639,C,PTP4A2,-1.0
ZNF639,C,PTPN11,-1.0
ZNF639,C,RHEB,-1.0
ZNF639,C,RNF38,-1.0
ZNF639,C,RO60,-1.0
ZNF639,C,SAMD8,-1.0
ZNF639,C,SEC22C,-1.0
ZNF639,C,SEPTIN2,-1.0
ZNF639,C,SIN3A,-1.0
ZNF639,C,SLC30A5,-1.0
ZNF639,C,UBE3A,-1.0
ZNF639,C,URI1,-1.0
ZNF639,C,ZC3H7A,-1.0
ZNF639,C,ZNF143,-1.0
ZNF639,C,ZZZ3,-1.0
ZNF740,C,MBD6,1.0
ZNF740,C,SETD1B,1.0
ZNF740,C,ADNP,1.0
ZNF740,C,ANKRD11,1.0
ZNF740,C,BRD2,1.0
ZNF740,C,CASZ1,1.0
ZNF740,C,CIRBP,1.0
ZNF740,C,CREBBP,1.0
ZNF740,C,CUX1,1.0
ZNF740,C,DNMT1,1.0
ZNF740,C,FBXL19,1.0
ZNF740,C,FOXP1,1.0
ZNF740,C,HMGA1,1.0
ZNF740,C,HMX3,1.0
ZNF740,C,HNRNPL,1.0
ZNF740,C,JUP,1.0
ZNF740,C,KDM2B,1.0
ZNF740,C,LARP1,1.0
ZNF740,C,MAP1A,1.0
ZNF740,C,MECP2,1.0
ZNF740,C,MEPCE,1.0
ZNF740,C,NFIA,1.0
ZNF740,C,NOL4L,1.0
ZNF740,C,PCBP4,1.0
ZNF740,C,PDGFA,1.0
ZNF740,C,PPFIA3,1.0
ZNF740,C,PPP2R1A,1.0
ZNF740,C,PRAME,1.0
ZNF740,C,PRR12,1.0
ZNF740,C,RHOF,1.0
ZNF740,C,TAOK1,1.0
ZNF740,C,VAPB,1.0
ZNF740,C,WNK1,1.0
ZNF740,C,ZBTB7A,1.0
ZNF740,C,ZFP91,1.0
ZNF740,C,ZNF385A,1.0
ZNF740,C,ZNF512B,1.0
ZNF740,C,ZNF687,1.0
